timestamp,open,high,low,close,volume
2026-07-15 17:10:00,0.1641,0.1643,0.1639,0.1639,142089.9
2026-07-15 17:15:00,0.164,0.1642,0.1636,0.1638,354258.0
2026-07-15 17:20:00,0.1638,0.1643,0.1637,0.1642,195349.2
2026-07-15 17:25:00,0.1643,0.1645,0.1642,0.1645,215918.6
2026-07-15 17:30:00,0.1644,0.1649,0.1644,0.1648,227250.9
2026-07-15 17:35:00,0.1648,0.1649,0.1646,0.1649,121217.1
2026-07-15 17:40:00,0.1649,0.1651,0.1647,0.1649,250353.9
2026-07-15 17:45:00,0.1649,0.1654,0.1646,0.1648,1123999.9
2026-07-15 17:50:00,0.1649,0.1651,0.1648,0.1649,343293.6
2026-07-15 17:55:00,0.1649,0.165,0.1648,0.1649,124271.6
2026-07-15 18:00:00,0.1649,0.1651,0.1648,0.1648,255802.8
2026-07-15 18:05:00,0.1647,0.1647,0.1644,0.1647,194866.5
2026-07-15 18:10:00,0.1646,0.1654,0.1646,0.1653,309037.5
2026-07-15 18:15:00,0.1653,0.1654,0.1649,0.1652,197622.2
2026-07-15 18:20:00,0.1653,0.1655,0.1653,0.1654,82334.6
2026-07-15 18:25:00,0.1653,0.1654,0.1648,0.1649,213594.3
2026-07-15 18:30:00,0.165,0.1652,0.1649,0.1649,156676.0
2026-07-15 18:35:00,0.1649,0.165,0.1643,0.1643,389638.0
2026-07-15 18:40:00,0.1643,0.1644,0.1642,0.1642,73992.7
2026-07-15 18:45:00,0.1641,0.1645,0.1639,0.1642,964289.8
2026-07-15 18:50:00,0.1642,0.1642,0.1636,0.1637,178740.4
2026-07-15 18:55:00,0.1637,0.1639,0.1635,0.1637,116301.7
2026-07-15 19:00:00,0.1638,0.1645,0.1637,0.1645,177052.0
2026-07-15 19:05:00,0.1645,0.1645,0.1641,0.1642,141035.7
2026-07-15 19:10:00,0.1643,0.1644,0.1641,0.1642,822782.8
2026-07-15 19:15:00,0.1642,0.1642,0.1639,0.1639,92317.0
2026-07-15 19:20:00,0.1639,0.1639,0.1634,0.1637,244044.4
2026-07-15 19:25:00,0.1637,0.1637,0.1636,0.1636,31014.2
2026-07-15 19:30:00,0.1635,0.1639,0.1635,0.1637,248112.2
2026-07-15 19:35:00,0.1637,0.1639,0.1637,0.1637,91786.2
2026-07-15 19:40:00,0.1637,0.1639,0.1637,0.1639,561948.8
2026-07-15 19:45:00,0.1638,0.1638,0.1635,0.1636,152685.8
2026-07-15 19:50:00,0.1636,0.1639,0.1631,0.1636,1068908.6
2026-07-15 19:55:00,0.1637,0.1638,0.1636,0.1637,115036.3
2026-07-15 20:00:00,0.1637,0.1638,0.1635,0.1637,179095.3
2026-07-15 20:05:00,0.1636,0.1641,0.1635,0.1637,877165.7
2026-07-15 20:10:00,0.1637,0.1642,0.1637,0.1642,395711.3
2026-07-15 20:15:00,0.1643,0.165,0.1643,0.1649,1206840.1
2026-07-15 20:20:00,0.1649,0.1653,0.1649,0.165,581772.8
2026-07-15 20:25:00,0.1651,0.1653,0.1649,0.1649,636875.6
2026-07-15 20:30:00,0.165,0.165,0.1646,0.1648,536058.5
2026-07-15 20:35:00,0.1647,0.1651,0.1647,0.1651,120821.1
2026-07-15 20:40:00,0.1651,0.1651,0.1648,0.1649,152629.9
2026-07-15 20:45:00,0.1649,0.1649,0.1647,0.1648,45343.3
2026-07-15 20:50:00,0.1648,0.1649,0.1646,0.1647,89485.7
2026-07-15 20:55:00,0.1647,0.1647,0.1646,0.1646,26384.8
2026-07-15 21:00:00,0.1645,0.1648,0.1645,0.1646,204309.6
2026-07-15 21:05:00,0.1646,0.1647,0.1644,0.1644,195412.3
2026-07-15 21:10:00,0.1644,0.1647,0.1641,0.1646,592261.5
2026-07-15 21:15:00,0.1646,0.1647,0.1645,0.1645,65427.0
2026-07-15 21:20:00,0.1646,0.1648,0.1645,0.1648,62472.6
2026-07-15 21:25:00,0.1647,0.1651,0.1647,0.1649,196571.5
2026-07-15 21:30:00,0.1649,0.165,0.1646,0.1646,16125.7
2026-07-15 21:35:00,0.1647,0.1647,0.1646,0.1647,101603.2
2026-07-15 21:40:00,0.1647,0.1647,0.1646,0.1646,50051.6
2026-07-15 21:45:00,0.1647,0.1647,0.1645,0.1646,32919.6
2026-07-15 21:50:00,0.1646,0.1647,0.1645,0.1647,54606.7
2026-07-15 21:55:00,0.1646,0.1646,0.1644,0.1646,67023.8
2026-07-15 22:00:00,0.1646,0.1649,0.1644,0.1647,196619.8
2026-07-15 22:05:00,0.1646,0.1647,0.1645,0.1647,125106.6
2026-07-15 22:10:00,0.1646,0.165,0.1646,0.1648,185797.0
2026-07-15 22:15:00,0.1647,0.1649,0.1647,0.1649,41073.9
2026-07-15 22:20:00,0.1649,0.1651,0.1648,0.165,106545.2
2026-07-15 22:25:00,0.165,0.1654,0.165,0.1654,111164.7
2026-07-15 22:30:00,0.1654,0.1655,0.1653,0.1654,76001.5
2026-07-15 22:35:00,0.1654,0.1655,0.1652,0.1654,215391.8
2026-07-15 22:40:00,0.1654,0.1654,0.165,0.1651,107672.5
2026-07-15 22:45:00,0.1651,0.1653,0.165,0.1651,219475.9
2026-07-15 22:50:00,0.1651,0.1656,0.1649,0.1649,1352516.4
2026-07-15 22:55:00,0.165,0.1655,0.165,0.1654,304164.7
2026-07-15 23:00:00,0.1655,0.1656,0.1654,0.1655,134353.0
2026-07-15 23:05:00,0.1655,0.1657,0.1654,0.1657,112903.9
2026-07-15 23:10:00,0.1657,0.1663,0.1657,0.166,413415.6
2026-07-15 23:15:00,0.1661,0.1662,0.166,0.1661,84111.3
2026-07-15 23:20:00,0.1661,0.1662,0.1658,0.1659,301305.3
2026-07-15 23:25:00,0.1659,0.1659,0.1656,0.1657,324991.7
2026-07-15 23:30:00,0.1657,0.1658,0.1655,0.1657,531752.2
2026-07-15 23:35:00,0.1657,0.1657,0.1652,0.1652,134062.9
2026-07-15 23:40:00,0.1652,0.1653,0.165,0.1653,354255.4
2026-07-15 23:45:00,0.1652,0.1653,0.1651,0.1651,355751.7
2026-07-15 23:50:00,0.1651,0.1654,0.165,0.1653,181575.4
2026-07-15 23:55:00,0.1653,0.1653,0.1651,0.1651,264231.3
2026-07-16 00:00:00,0.1651,0.1652,0.165,0.1652,704553.5
2026-07-16 00:05:00,0.1652,0.1652,0.1649,0.1652,338719.6
2026-07-16 00:10:00,0.1651,0.1656,0.1651,0.1655,66821.3
2026-07-16 00:15:00,0.1654,0.1655,0.165,0.1651,140619.9
2026-07-16 00:20:00,0.165,0.165,0.1646,0.1647,305660.3
2026-07-16 00:25:00,0.1648,0.1649,0.1646,0.1647,150559.9
2026-07-16 00:30:00,0.1647,0.1649,0.1646,0.1648,248576.0
2026-07-16 00:35:00,0.1648,0.1649,0.1643,0.1644,762653.1
2026-07-16 00:40:00,0.1644,0.1644,0.164,0.1643,302753.0
2026-07-16 00:45:00,0.1642,0.1645,0.1641,0.1645,340224.0
2026-07-16 00:50:00,0.1646,0.165,0.1644,0.1649,121581.5
2026-07-16 00:55:00,0.1649,0.1649,0.1646,0.1647,50024.9
2026-07-16 01:00:00,0.1647,0.1649,0.1646,0.1649,141037.8
2026-07-16 01:05:00,0.1649,0.165,0.1647,0.1649,73196.8
2026-07-16 01:10:00,0.1648,0.1648,0.1644,0.1645,71734.4
2026-07-16 01:15:00,0.1645,0.1646,0.1639,0.1639,494602.1
2026-07-16 01:20:00,0.1639,0.1642,0.1639,0.1642,413941.0
2026-07-16 01:25:00,0.1643,0.1645,0.1643,0.1644,137906.0
2026-07-16 01:30:00,0.1644,0.1647,0.1643,0.1647,299900.4
2026-07-16 01:35:00,0.1648,0.165,0.1647,0.1649,173163.1
2026-07-16 01:40:00,0.1649,0.165,0.1645,0.1646,130856.3
2026-07-16 01:45:00,0.1646,0.1652,0.1646,0.1652,406851.9
2026-07-16 01:50:00,0.1652,0.1654,0.1651,0.1654,225571.5
2026-07-16 01:55:00,0.1653,0.1655,0.1653,0.1654,65318.3
2026-07-16 02:00:00,0.1655,0.1655,0.1652,0.1653,203548.0
2026-07-16 02:05:00,0.1652,0.1653,0.1651,0.1651,42913.0
2026-07-16 02:10:00,0.1652,0.1653,0.165,0.1651,115756.2
2026-07-16 02:15:00,0.1652,0.1653,0.1649,0.1653,104503.6
2026-07-16 02:20:00,0.1653,0.1656,0.1651,0.1656,103841.6
2026-07-16 02:25:00,0.1656,0.1659,0.1655,0.1658,305984.8
2026-07-16 02:30:00,0.1658,0.1659,0.1656,0.1656,262038.8
2026-07-16 02:35:00,0.1657,0.166,0.1657,0.1658,185250.6
2026-07-16 02:40:00,0.1658,0.1658,0.1657,0.1657,21595.7
2026-07-16 02:45:00,0.1658,0.1662,0.1658,0.1662,329138.3
2026-07-16 02:50:00,0.1661,0.1664,0.1661,0.1664,104599.7
2026-07-16 02:55:00,0.1664,0.1664,0.1662,0.1663,176520.4
2026-07-16 03:00:00,0.1663,0.1663,0.1661,0.1661,186829.0
2026-07-16 03:05:00,0.166,0.1662,0.1658,0.166,326951.9
2026-07-16 03:10:00,0.166,0.1661,0.1658,0.1661,54977.3
2026-07-16 03:15:00,0.1661,0.1661,0.1652,0.1653,123777.7
2026-07-16 03:20:00,0.1653,0.1656,0.1653,0.1654,58683.7
2026-07-16 03:25:00,0.1655,0.1655,0.1653,0.1654,75666.6
2026-07-16 03:30:00,0.1654,0.1656,0.1653,0.1655,87679.6
2026-07-16 03:35:00,0.1655,0.1655,0.165,0.1652,1102693.9
2026-07-16 03:40:00,0.1651,0.1653,0.1651,0.1651,149469.5
2026-07-16 03:45:00,0.1651,0.1651,0.1646,0.1646,169650.4
2026-07-16 03:50:00,0.1647,0.1649,0.1646,0.1649,121379.6
2026-07-16 03:55:00,0.1648,0.165,0.1648,0.165,27829.8
2026-07-16 04:00:00,0.1649,0.1652,0.1647,0.1648,773327.6
2026-07-16 04:05:00,0.1648,0.1649,0.1648,0.1648,75079.3
2026-07-16 04:10:00,0.1648,0.1652,0.1648,0.1652,60187.7
2026-07-16 04:15:00,0.1652,0.1652,0.1648,0.1649,174518.5
2026-07-16 04:20:00,0.1649,0.165,0.1647,0.165,115854.6
2026-07-16 04:25:00,0.1649,0.1652,0.1648,0.1649,1585344.9
2026-07-16 04:30:00,0.1649,0.165,0.1649,0.1649,25131.3
2026-07-16 04:35:00,0.1649,0.1649,0.1647,0.1649,116328.0
2026-07-16 04:40:00,0.1648,0.1649,0.1647,0.1648,87197.3
2026-07-16 04:45:00,0.1647,0.1647,0.1644,0.1647,135592.5
2026-07-16 04:50:00,0.1647,0.1647,0.1644,0.1646,202682.8
2026-07-16 04:55:00,0.1647,0.1647,0.1644,0.1647,671250.5
2026-07-16 05:00:00,0.1648,0.1649,0.1644,0.1649,646049.2
2026-07-16 05:05:00,0.1648,0.1649,0.1647,0.1648,173994.4
2026-07-16 05:10:00,0.1647,0.1649,0.1646,0.1648,99769.5
2026-07-16 05:15:00,0.1648,0.1651,0.1647,0.1648,168146.2
2026-07-16 05:20:00,0.1647,0.1651,0.1647,0.1649,490232.2
2026-07-16 05:25:00,0.1649,0.1651,0.1648,0.1648,138842.2
2026-07-16 05:30:00,0.1648,0.1651,0.1647,0.1648,1144009.2
2026-07-16 05:35:00,0.1648,0.1649,0.1645,0.1647,726603.0
2026-07-16 05:40:00,0.1647,0.165,0.1647,0.1648,327302.3
2026-07-16 05:45:00,0.1647,0.1648,0.1646,0.1647,70390.6
2026-07-16 05:50:00,0.1646,0.1647,0.1644,0.1645,208713.6
2026-07-16 05:55:00,0.1645,0.1647,0.1643,0.1645,95680.2
2026-07-16 06:00:00,0.1645,0.1646,0.1644,0.1645,101029.0
2026-07-16 06:05:00,0.1646,0.1651,0.1643,0.1645,1796701.7
2026-07-16 06:10:00,0.1644,0.1645,0.1642,0.1644,1001740.0
2026-07-16 06:15:00,0.1643,0.1643,0.1641,0.1642,203742.1
2026-07-16 06:20:00,0.1642,0.1642,0.164,0.1642,276690.7
2026-07-16 06:25:00,0.1641,0.1642,0.164,0.164,168260.3
2026-07-16 06:30:00,0.1641,0.1641,0.1635,0.1635,987653.8
2026-07-16 06:35:00,0.1636,0.1637,0.1634,0.1637,90681.7
2026-07-16 06:40:00,0.1636,0.164,0.1636,0.1639,183122.2
2026-07-16 06:45:00,0.1638,0.1642,0.1638,0.1642,35817.0
2026-07-16 06:50:00,0.1642,0.1643,0.164,0.1642,187913.6
2026-07-16 06:55:00,0.1641,0.1643,0.164,0.1641,113654.5
2026-07-16 07:00:00,0.1641,0.1642,0.1639,0.1642,238202.9
2026-07-16 07:05:00,0.1642,0.1642,0.164,0.1641,141770.0
2026-07-16 07:10:00,0.1641,0.1641,0.1639,0.1639,228089.7
2026-07-16 07:15:00,0.1639,0.1641,0.1638,0.164,155226.8
2026-07-16 07:20:00,0.164,0.1641,0.164,0.1641,137281.8
2026-07-16 07:25:00,0.1641,0.1641,0.1638,0.1639,88925.7
2026-07-16 07:30:00,0.164,0.164,0.1637,0.1637,781545.6
2026-07-16 07:35:00,0.1637,0.1638,0.1628,0.163,1154273.0
2026-07-16 07:40:00,0.163,0.163,0.1627,0.1629,492164.7
2026-07-16 07:45:00,0.1629,0.163,0.1628,0.1628,131520.6
2026-07-16 07:50:00,0.1628,0.1628,0.1624,0.1627,651219.3
2026-07-16 07:55:00,0.1626,0.1631,0.1626,0.163,228593.4
2026-07-16 08:00:00,0.163,0.163,0.1625,0.1628,1177949.4
2026-07-16 08:05:00,0.1628,0.163,0.1625,0.1627,572884.8
2026-07-16 08:10:00,0.1626,0.1626,0.1611,0.1612,3131988.1
2026-07-16 08:15:00,0.1612,0.1618,0.1611,0.1614,769941.2
2026-07-16 08:20:00,0.1614,0.1619,0.1612,0.1617,1435593.6
2026-07-16 08:25:00,0.1618,0.1623,0.1618,0.1622,331250.5
2026-07-16 08:30:00,0.1622,0.1625,0.1621,0.1623,164171.0
2026-07-16 08:35:00,0.1624,0.1626,0.1623,0.1626,219241.9
2026-07-16 08:40:00,0.1626,0.1626,0.1621,0.1621,297636.2
2026-07-16 08:45:00,0.1621,0.1625,0.162,0.1625,56717.6
2026-07-16 08:50:00,0.1625,0.1625,0.1619,0.1619,406892.5
2026-07-16 08:55:00,0.162,0.1622,0.1619,0.1622,178477.0
2026-07-16 09:00:00,0.1621,0.1624,0.162,0.1621,97377.1
2026-07-16 09:05:00,0.1622,0.1622,0.162,0.1621,20201.8
2026-07-16 09:10:00,0.1621,0.1624,0.1621,0.1621,266885.6
2026-07-16 09:15:00,0.1621,0.1622,0.162,0.1621,99524.3
2026-07-16 09:20:00,0.1621,0.1622,0.162,0.1622,34179.2
2026-07-16 09:25:00,0.1621,0.1622,0.1619,0.162,209590.1
2026-07-16 09:30:00,0.162,0.1623,0.162,0.1621,180135.1
2026-07-16 09:35:00,0.1622,0.1622,0.162,0.1621,71100.8
2026-07-16 09:40:00,0.162,0.1621,0.162,0.1621,66797.1
2026-07-16 09:45:00,0.162,0.1621,0.1619,0.162,109485.7
2026-07-16 09:50:00,0.162,0.1621,0.1618,0.162,348461.2
2026-07-16 09:55:00,0.162,0.1621,0.1617,0.1617,658971.1
2026-07-16 10:00:00,0.1617,0.162,0.1616,0.162,388500.5
2026-07-16 10:05:00,0.162,0.1623,0.162,0.1622,59061.2
2026-07-16 10:10:00,0.1622,0.1623,0.162,0.162,115262.6
2026-07-16 10:15:00,0.1621,0.1624,0.162,0.1624,37454.5
2026-07-16 10:20:00,0.1624,0.1624,0.1622,0.1622,57645.2
2026-07-16 10:25:00,0.1623,0.1624,0.1622,0.1623,72545.0
2026-07-16 10:30:00,0.1623,0.1625,0.1623,0.1625,120330.5
2026-07-16 10:35:00,0.1624,0.1625,0.1622,0.1622,167884.4
2026-07-16 10:40:00,0.1623,0.1624,0.1623,0.1624,16645.0
2026-07-16 10:45:00,0.1624,0.1624,0.1622,0.1622,36187.0
2026-07-16 10:50:00,0.1622,0.1624,0.1622,0.1624,137545.7
2026-07-16 10:55:00,0.1624,0.1626,0.1623,0.1625,90779.6
2026-07-16 11:00:00,0.1626,0.1626,0.1622,0.1624,133211.7
2026-07-16 11:05:00,0.1623,0.1624,0.1622,0.1624,39690.3
2026-07-16 11:10:00,0.1624,0.1625,0.1622,0.1624,100322.3
2026-07-16 11:15:00,0.1625,0.1625,0.1622,0.1624,117880.9
2026-07-16 11:20:00,0.1623,0.1627,0.1623,0.1626,43112.0
2026-07-16 11:25:00,0.1627,0.1628,0.1622,0.1623,192000.3
2026-07-16 11:30:00,0.1623,0.1624,0.1622,0.1624,38653.7
2026-07-16 11:35:00,0.1624,0.1625,0.1623,0.1624,58197.4
2026-07-16 11:40:00,0.1624,0.1627,0.1624,0.1627,660615.8
2026-07-16 11:45:00,0.1626,0.1628,0.1621,0.1623,1233364.2
2026-07-16 11:50:00,0.1623,0.1627,0.1623,0.1626,352935.9
2026-07-16 11:55:00,0.1627,0.163,0.1626,0.1629,403958.5
2026-07-16 12:00:00,0.163,0.1631,0.1629,0.1629,72248.1
2026-07-16 12:05:00,0.1629,0.1637,0.1628,0.1629,1725419.9
2026-07-16 12:10:00,0.1628,0.1628,0.1626,0.1626,289978.5
2026-07-16 12:15:00,0.1627,0.1627,0.1625,0.1626,134527.0
2026-07-16 12:20:00,0.1625,0.1627,0.1621,0.1626,1149665.3
2026-07-16 12:25:00,0.1626,0.1628,0.1625,0.1627,147340.6
2026-07-16 12:30:00,0.1628,0.1629,0.1626,0.1629,199264.3
2026-07-16 12:35:00,0.1628,0.1628,0.162,0.1622,405778.2
2026-07-16 12:40:00,0.1621,0.1621,0.1616,0.1618,592195.2
2026-07-16 12:45:00,0.1618,0.1621,0.1616,0.1619,320575.1
2026-07-16 12:50:00,0.1619,0.1621,0.1618,0.1621,243475.1
2026-07-16 12:55:00,0.162,0.1621,0.162,0.1621,34062.8
2026-07-16 13:00:00,0.162,0.1622,0.162,0.1621,217658.3
2026-07-16 13:05:00,0.162,0.1623,0.162,0.162,281301.5
2026-07-16 13:10:00,0.1621,0.1626,0.1621,0.1625,528300.2
2026-07-16 13:15:00,0.1625,0.1628,0.1623,0.1628,193238.8
2026-07-16 13:20:00,0.1628,0.1633,0.1628,0.1633,478343.0
2026-07-16 13:25:00,0.1632,0.1633,0.1631,0.1633,227018.3
2026-07-16 13:30:00,0.1633,0.1639,0.1632,0.1635,971805.2
2026-07-16 13:35:00,0.1635,0.1639,0.1632,0.1635,379363.1
2026-07-16 13:40:00,0.1635,0.1638,0.1632,0.1633,298299.1
2026-07-16 13:45:00,0.1634,0.1637,0.1633,0.1636,271276.1
2026-07-16 13:50:00,0.1635,0.1642,0.1635,0.164,384177.4
2026-07-16 13:55:00,0.1639,0.1642,0.1637,0.164,576307.9
2026-07-16 14:00:00,0.164,0.1646,0.164,0.1642,700549.7
2026-07-16 14:05:00,0.1643,0.1649,0.1643,0.1649,225055.0
2026-07-16 14:10:00,0.1649,0.1653,0.1649,0.165,201939.9
2026-07-16 14:15:00,0.165,0.1651,0.1646,0.1648,428848.5
2026-07-16 14:20:00,0.1648,0.1648,0.1644,0.1645,112999.5
2026-07-16 14:25:00,0.1644,0.1649,0.1643,0.1645,172459.1
2026-07-16 14:30:00,0.1646,0.1647,0.1644,0.1644,204314.9
2026-07-16 14:35:00,0.1645,0.1646,0.1643,0.1643,133877.7
2026-07-16 14:40:00,0.1642,0.1644,0.1641,0.1644,119021.6
2026-07-16 14:45:00,0.1644,0.1646,0.1643,0.1644,211717.0
2026-07-16 14:50:00,0.1643,0.1644,0.164,0.164,136850.0
2026-07-16 14:55:00,0.164,0.164,0.1634,0.1639,238452.7
2026-07-16 15:00:00,0.164,0.1643,0.1634,0.1634,660907.9
2026-07-16 15:05:00,0.1634,0.1634,0.163,0.1631,335487.8
2026-07-16 15:10:00,0.1631,0.1632,0.1626,0.1629,200122.3
2026-07-16 15:15:00,0.1629,0.1632,0.1628,0.1631,209431.2
2026-07-16 15:20:00,0.1631,0.1635,0.163,0.1634,92234.9
2026-07-16 15:25:00,0.1635,0.1645,0.1635,0.1642,767271.8
2026-07-16 15:30:00,0.1642,0.1642,0.164,0.1641,124071.1
2026-07-16 15:35:00,0.1641,0.1645,0.1641,0.1644,182052.7
2026-07-16 15:40:00,0.1645,0.1645,0.1638,0.1638,194184.0
2026-07-16 15:45:00,0.1639,0.1639,0.1635,0.1638,182892.7
2026-07-16 15:50:00,0.1638,0.1641,0.1638,0.1638,140735.2
2026-07-16 15:55:00,0.1638,0.1638,0.1634,0.1637,462310.4
2026-07-16 16:00:00,0.1636,0.1637,0.1631,0.1632,137014.4
2026-07-16 16:05:00,0.1631,0.1633,0.163,0.1633,114804.7
2026-07-16 16:10:00,0.1632,0.1632,0.1629,0.1631,75376.7
2026-07-16 16:15:00,0.163,0.1633,0.1629,0.1632,178093.4
2026-07-16 16:20:00,0.1631,0.1631,0.1628,0.1629,312941.2
2026-07-16 16:25:00,0.1629,0.1634,0.1629,0.1632,118504.8
2026-07-16 16:30:00,0.1633,0.1638,0.1633,0.1635,110752.5
2026-07-16 16:35:00,0.1635,0.1635,0.163,0.163,189291.4
2026-07-16 16:40:00,0.1631,0.1632,0.1629,0.1629,74734.9
2026-07-16 16:45:00,0.163,0.1631,0.1629,0.1629,367979.7
2026-07-16 16:50:00,0.163,0.1633,0.1629,0.1632,128275.8
2026-07-16 16:55:00,0.1633,0.1636,0.1633,0.1635,85330.0
2026-07-16 17:00:00,0.1636,0.1636,0.1632,0.1635,125415.9
2026-07-16 17:05:00,0.1635,0.1635,0.1631,0.1632,78406.8
2026-07-16 17:10:00,0.1631,0.1632,0.1624,0.1625,182515.1
2026-07-16 17:15:00,0.1625,0.1629,0.1622,0.1629,621896.9
2026-07-16 17:20:00,0.1629,0.1629,0.1626,0.1627,70021.4
2026-07-16 17:25:00,0.1627,0.1629,0.1625,0.1627,198919.7
2026-07-16 17:30:00,0.1628,0.1631,0.1627,0.163,108769.0
2026-07-16 17:35:00,0.1631,0.1635,0.1631,0.1634,634112.0
2026-07-16 17:40:00,0.1634,0.1634,0.1629,0.1631,364982.3
2026-07-16 17:45:00,0.1631,0.1631,0.1628,0.163,166328.3
2026-07-16 17:50:00,0.163,0.163,0.1624,0.1626,116918.9
2026-07-16 17:55:00,0.1625,0.1625,0.1619,0.1624,241475.3
2026-07-16 18:00:00,0.1625,0.1627,0.1622,0.1622,129447.4
2026-07-16 18:05:00,0.1622,0.1625,0.1622,0.1624,215701.6
2026-07-16 18:10:00,0.1625,0.1626,0.1623,0.1625,204943.0
2026-07-16 18:15:00,0.1624,0.1627,0.1624,0.1627,97034.6
2026-07-16 18:20:00,0.1627,0.163,0.1626,0.163,92082.2
2026-07-16 18:25:00,0.1631,0.1631,0.1625,0.1627,147752.0
2026-07-16 18:30:00,0.1627,0.1627,0.1622,0.1622,128766.1
2026-07-16 18:35:00,0.1622,0.1622,0.1619,0.1621,128639.2
2026-07-16 18:40:00,0.162,0.1621,0.1618,0.162,123803.6
2026-07-16 18:45:00,0.1621,0.1623,0.162,0.1623,97206.3
2026-07-16 18:50:00,0.1622,0.1625,0.1622,0.1623,152797.1
2026-07-16 18:55:00,0.1622,0.1624,0.1621,0.1624,28042.6
2026-07-16 19:00:00,0.1623,0.1625,0.1623,0.1625,125398.0
2026-07-16 19:05:00,0.1624,0.1624,0.1621,0.1622,97880.4
2026-07-16 19:10:00,0.1621,0.1622,0.162,0.162,160534.6
2026-07-16 19:15:00,0.162,0.1623,0.1619,0.1622,83910.6
2026-07-16 19:20:00,0.1622,0.1624,0.1621,0.1621,98580.6
2026-07-16 19:25:00,0.1622,0.1624,0.1619,0.1624,187909.4
2026-07-16 19:30:00,0.1623,0.1626,0.1622,0.1626,104222.5
2026-07-16 19:35:00,0.1626,0.1628,0.1624,0.1628,116422.1
2026-07-16 19:40:00,0.1627,0.1628,0.1625,0.1625,114669.9
2026-07-16 19:45:00,0.1625,0.1625,0.1622,0.1623,48415.9
2026-07-16 19:50:00,0.1624,0.1629,0.1623,0.1629,545817.5
2026-07-16 19:55:00,0.1629,0.163,0.1627,0.1629,123657.3
2026-07-16 20:00:00,0.1629,0.163,0.1626,0.1626,296788.8
2026-07-16 20:05:00,0.1626,0.1628,0.1625,0.1626,82105.3
2026-07-16 20:10:00,0.1626,0.1627,0.1625,0.1626,138151.9
2026-07-16 20:15:00,0.1626,0.1627,0.1623,0.1626,44691.7
2026-07-16 20:20:00,0.1627,0.1627,0.1625,0.1626,48769.5
2026-07-16 20:25:00,0.1626,0.1626,0.1625,0.1625,34955.0
2026-07-16 20:30:00,0.1625,0.1626,0.1623,0.1625,112712.3
2026-07-16 20:35:00,0.1626,0.1627,0.1625,0.1627,20773.1
2026-07-16 20:40:00,0.1627,0.1627,0.1626,0.1627,17145.9
2026-07-16 20:45:00,0.1626,0.1627,0.1626,0.1626,43904.3
2026-07-16 20:50:00,0.1626,0.1626,0.1624,0.1625,39340.6
2026-07-16 20:55:00,0.1625,0.1628,0.1625,0.1627,53915.9
2026-07-16 21:00:00,0.1627,0.1628,0.1625,0.1628,44844.3
2026-07-16 21:05:00,0.1629,0.1631,0.1628,0.1629,152816.8
2026-07-16 21:10:00,0.1629,0.163,0.1627,0.1628,70646.8
2026-07-16 21:15:00,0.1628,0.163,0.1627,0.163,27198.0
2026-07-16 21:20:00,0.1629,0.1632,0.1629,0.1631,226678.5
2026-07-16 21:25:00,0.1631,0.1633,0.1631,0.1633,206787.9
2026-07-16 21:30:00,0.1633,0.1634,0.1632,0.1633,39675.5
2026-07-16 21:35:00,0.1634,0.1636,0.1634,0.1635,188400.5
2026-07-16 21:40:00,0.1634,0.1636,0.1632,0.1634,84012.9
2026-07-16 21:45:00,0.1634,0.1635,0.1633,0.1634,42943.8
2026-07-16 21:50:00,0.1633,0.1634,0.1631,0.1631,37729.8
2026-07-16 21:55:00,0.1631,0.1632,0.1629,0.1631,371865.7
2026-07-16 22:00:00,0.1631,0.1635,0.1631,0.1634,193283.9
2026-07-16 22:05:00,0.1634,0.1636,0.1634,0.1636,24384.0
2026-07-16 22:10:00,0.1635,0.1635,0.1632,0.1634,72061.6
2026-07-16 22:15:00,0.1634,0.1634,0.163,0.163,158957.1
2026-07-16 22:20:00,0.1629,0.1629,0.1625,0.1626,85938.2
2026-07-16 22:25:00,0.1625,0.1625,0.162,0.162,1484896.1
2026-07-16 22:30:00,0.162,0.1623,0.162,0.1622,281718.3
2026-07-16 22:35:00,0.1621,0.1623,0.1621,0.1621,51490.2
2026-07-16 22:40:00,0.1621,0.1621,0.1616,0.1617,433050.6
2026-07-16 22:45:00,0.1618,0.1619,0.1612,0.1613,720613.5
2026-07-16 22:50:00,0.1612,0.1613,0.1605,0.1607,1315332.9
2026-07-16 22:55:00,0.1608,0.1609,0.1606,0.1609,128737.4
2026-07-16 23:00:00,0.1609,0.1611,0.1607,0.1608,258509.7
2026-07-16 23:05:00,0.1608,0.161,0.1604,0.1605,509226.9
2026-07-16 23:10:00,0.1605,0.1612,0.1605,0.161,581187.6
2026-07-16 23:15:00,0.161,0.161,0.1605,0.1606,314685.8
2026-07-16 23:20:00,0.1606,0.1607,0.1599,0.1603,2241862.0
2026-07-16 23:25:00,0.1604,0.1608,0.1604,0.1606,228876.7
2026-07-16 23:30:00,0.1605,0.1606,0.1602,0.1604,286825.8
2026-07-16 23:35:00,0.1605,0.1606,0.1603,0.1605,117130.1
2026-07-16 23:40:00,0.1606,0.1607,0.1605,0.1605,146583.7
2026-07-16 23:45:00,0.1605,0.1609,0.1603,0.1607,163162.7
2026-07-16 23:50:00,0.1607,0.161,0.1607,0.161,32465.1
2026-07-16 23:55:00,0.161,0.1611,0.1607,0.1609,367982.9
2026-07-17 00:00:00,0.1609,0.1609,0.1605,0.1607,210660.6
2026-07-17 00:05:00,0.1607,0.161,0.1606,0.1607,188657.8
2026-07-17 00:10:00,0.1607,0.1611,0.1607,0.161,128830.2
2026-07-17 00:15:00,0.1611,0.1613,0.161,0.1611,155241.1
2026-07-17 00:20:00,0.161,0.1613,0.161,0.161,66156.5
2026-07-17 00:25:00,0.1611,0.1612,0.161,0.1611,94318.7
2026-07-17 00:30:00,0.1611,0.1611,0.1607,0.1608,153407.1
2026-07-17 00:35:00,0.1608,0.161,0.1601,0.1607,726394.6
2026-07-17 00:40:00,0.1606,0.1609,0.1606,0.1609,544186.5
2026-07-17 00:45:00,0.161,0.1612,0.161,0.1612,58651.4
2026-07-17 00:50:00,0.1612,0.1615,0.1612,0.1613,185973.7
2026-07-17 00:55:00,0.1613,0.1617,0.1611,0.1616,268640.2
2026-07-17 01:00:00,0.1616,0.1619,0.1615,0.1617,314172.8
2026-07-17 01:05:00,0.1617,0.162,0.1616,0.1617,104695.2
2026-07-17 01:10:00,0.1617,0.1619,0.1616,0.1617,227691.9
2026-07-17 01:15:00,0.1617,0.1618,0.1611,0.1613,236366.3
2026-07-17 01:20:00,0.1612,0.1612,0.161,0.1611,56911.4
2026-07-17 01:25:00,0.1612,0.1615,0.1611,0.1615,34036.3
2026-07-17 01:30:00,0.1614,0.1615,0.1609,0.1609,253211.9
2026-07-17 01:35:00,0.1608,0.1614,0.1608,0.1612,70499.6
2026-07-17 01:40:00,0.1612,0.1612,0.1608,0.1608,37246.3
2026-07-17 01:45:00,0.1607,0.1609,0.1605,0.1606,263430.1
2026-07-17 01:50:00,0.1606,0.1607,0.1602,0.1603,338844.4
2026-07-17 01:55:00,0.1603,0.1604,0.16,0.1602,126859.4
2026-07-17 02:00:00,0.1602,0.1604,0.1601,0.1604,319540.2
2026-07-17 02:05:00,0.1603,0.1604,0.1593,0.1593,537369.5
2026-07-17 02:10:00,0.1593,0.1601,0.1592,0.1601,405198.2
2026-07-17 02:15:00,0.1601,0.1602,0.16,0.16,217273.7
2026-07-17 02:20:00,0.1599,0.1599,0.1596,0.1599,157750.9
2026-07-17 02:25:00,0.1599,0.1602,0.1598,0.16,450755.6
2026-07-17 02:30:00,0.1599,0.1599,0.1595,0.1596,497849.0
2026-07-17 02:35:00,0.1596,0.1598,0.1595,0.1595,62205.4
2026-07-17 02:40:00,0.1595,0.1597,0.1594,0.1596,311682.4
2026-07-17 02:45:00,0.1597,0.1597,0.1595,0.1596,128584.0
2026-07-17 02:50:00,0.1596,0.1597,0.1594,0.1594,147096.2
2026-07-17 02:55:00,0.1594,0.1599,0.1594,0.1598,405695.3
2026-07-17 03:00:00,0.1598,0.1602,0.1597,0.1601,154753.0
2026-07-17 03:05:00,0.1601,0.1605,0.1601,0.1604,251050.7
2026-07-17 03:10:00,0.1603,0.1606,0.1603,0.1605,69136.3
2026-07-17 03:15:00,0.1605,0.1612,0.1605,0.1611,182059.0
2026-07-17 03:20:00,0.1611,0.1613,0.1611,0.1612,307073.3
2026-07-17 03:25:00,0.1612,0.1614,0.1608,0.1608,438419.9
2026-07-17 03:30:00,0.1609,0.1612,0.1607,0.1609,488493.0
2026-07-17 03:35:00,0.1609,0.161,0.1608,0.1608,161960.9
2026-07-17 03:40:00,0.1609,0.1609,0.1606,0.1608,100262.7
2026-07-17 03:45:00,0.1607,0.1607,0.1605,0.1606,139193.1
2026-07-17 03:50:00,0.1605,0.1605,0.1603,0.1603,115777.0
2026-07-17 03:55:00,0.1603,0.1605,0.1603,0.1604,116090.4
2026-07-17 04:00:00,0.1604,0.1604,0.1599,0.16,270377.4
2026-07-17 04:05:00,0.16,0.1601,0.16,0.16,180426.3
2026-07-17 04:10:00,0.1599,0.1601,0.1599,0.16,200499.4
2026-07-17 04:15:00,0.1601,0.1603,0.1595,0.1597,356918.7
2026-07-17 04:20:00,0.1596,0.1599,0.1595,0.1599,345661.3
2026-07-17 04:25:00,0.1599,0.1599,0.1597,0.1599,86633.1
2026-07-17 04:30:00,0.1598,0.16,0.1597,0.1598,524337.5
2026-07-17 04:35:00,0.1598,0.16,0.1596,0.1599,156544.8
2026-07-17 04:40:00,0.1599,0.1603,0.1598,0.1603,156625.4
2026-07-17 04:45:00,0.1603,0.1607,0.1603,0.1606,231859.0
2026-07-17 04:50:00,0.1606,0.1606,0.1604,0.1605,53096.3
2026-07-17 04:55:00,0.1604,0.1605,0.1602,0.1603,136533.7
2026-07-17 05:00:00,0.1602,0.1602,0.1598,0.1601,63790.2
2026-07-17 05:05:00,0.1601,0.1601,0.1599,0.1601,73574.8
2026-07-17 05:10:00,0.1601,0.1602,0.1599,0.1601,86125.4
2026-07-17 05:15:00,0.1601,0.1602,0.16,0.16,105540.5
2026-07-17 05:20:00,0.16,0.1601,0.1599,0.1599,53292.0
2026-07-17 05:25:00,0.1598,0.1598,0.1594,0.1594,211620.5
2026-07-17 05:30:00,0.1595,0.1596,0.1592,0.1592,308430.8
2026-07-17 05:35:00,0.1593,0.1593,0.1589,0.1589,424620.8
2026-07-17 05:40:00,0.159,0.1591,0.1587,0.159,687095.5
2026-07-17 05:45:00,0.159,0.159,0.1578,0.1585,2160163.2
2026-07-17 05:50:00,0.1585,0.1586,0.1582,0.1584,561862.3
2026-07-17 05:55:00,0.1585,0.1586,0.1581,0.1582,226028.4
2026-07-17 06:00:00,0.1582,0.1585,0.158,0.1585,621068.2
2026-07-17 06:05:00,0.1585,0.1588,0.1583,0.1584,349935.5
2026-07-17 06:10:00,0.1584,0.1587,0.1583,0.1586,67790.2
2026-07-17 06:15:00,0.1587,0.1587,0.1584,0.1587,120341.8
2026-07-17 06:20:00,0.1586,0.1591,0.1585,0.1589,395836.9
2026-07-17 06:25:00,0.159,0.1592,0.159,0.1591,104333.2
2026-07-17 06:30:00,0.1591,0.1594,0.159,0.1594,86613.2
2026-07-17 06:35:00,0.1594,0.1594,0.1591,0.1593,362400.4
2026-07-17 06:40:00,0.1592,0.1594,0.159,0.1591,193777.6
2026-07-17 06:45:00,0.1591,0.1591,0.1588,0.1589,239586.1
2026-07-17 06:50:00,0.159,0.159,0.1588,0.1588,238693.5
2026-07-17 06:55:00,0.1588,0.1592,0.1587,0.1592,609228.7
2026-07-17 07:00:00,0.1591,0.1592,0.1591,0.1592,169889.3
2026-07-17 07:05:00,0.1591,0.1592,0.159,0.1592,130059.4
2026-07-17 07:10:00,0.1591,0.1592,0.159,0.1591,182096.5
2026-07-17 07:15:00,0.1591,0.1592,0.159,0.1591,95077.2
2026-07-17 07:20:00,0.1591,0.1591,0.1588,0.159,372491.3
2026-07-17 07:25:00,0.159,0.1592,0.159,0.1591,215955.2
2026-07-17 07:30:00,0.1591,0.1593,0.1588,0.159,310238.8
2026-07-17 07:35:00,0.159,0.159,0.1588,0.159,57628.1
2026-07-17 07:40:00,0.159,0.1592,0.1589,0.1591,372223.4
2026-07-17 07:45:00,0.1591,0.1591,0.1588,0.159,176535.4
2026-07-17 07:50:00,0.159,0.1591,0.1589,0.159,109395.2
2026-07-17 07:55:00,0.159,0.1591,0.1589,0.159,63257.9
2026-07-17 08:00:00,0.1589,0.1591,0.1587,0.159,493843.9
2026-07-17 08:05:00,0.159,0.1591,0.1589,0.159,71270.3
2026-07-17 08:10:00,0.159,0.159,0.1589,0.1589,81036.8
2026-07-17 08:15:00,0.1589,0.159,0.1586,0.1588,936227.8
2026-07-17 08:20:00,0.1588,0.1591,0.1587,0.159,469823.4
2026-07-17 08:25:00,0.159,0.1593,0.159,0.1591,673965.9
2026-07-17 08:30:00,0.1591,0.1591,0.1585,0.1586,630580.3
2026-07-17 08:35:00,0.1585,0.1586,0.1583,0.1585,205053.5
2026-07-17 08:40:00,0.1586,0.1591,0.1586,0.1591,66387.7
2026-07-17 08:45:00,0.1592,0.1597,0.1592,0.1596,225349.1
2026-07-17 08:50:00,0.1596,0.1599,0.1596,0.1599,240636.3
2026-07-17 08:55:00,0.1599,0.1602,0.1599,0.16,370094.9
2026-07-17 09:00:00,0.1601,0.1602,0.1598,0.1599,104362.5
2026-07-17 09:05:00,0.1599,0.1602,0.1599,0.1602,215225.7
2026-07-17 09:10:00,0.1601,0.1604,0.16,0.1603,160044.4
2026-07-17 09:15:00,0.1604,0.1604,0.1602,0.1603,127572.5
2026-07-17 09:20:00,0.1604,0.1607,0.1604,0.1607,267839.2
2026-07-17 09:25:00,0.1606,0.161,0.1606,0.1608,453603.9
2026-07-17 09:30:00,0.1609,0.161,0.1603,0.1603,510085.0
2026-07-17 09:35:00,0.1603,0.1606,0.1601,0.1606,936678.7
2026-07-17 09:40:00,0.1605,0.1607,0.1605,0.1607,182838.1
2026-07-17 09:45:00,0.1608,0.1608,0.1605,0.1605,261081.6
2026-07-17 09:50:00,0.1606,0.1609,0.1606,0.1609,350989.8
2026-07-17 09:55:00,0.1608,0.161,0.1608,0.1609,125449.2
2026-07-17 10:00:00,0.1608,0.1622,0.1608,0.1613,3319245.7
2026-07-17 10:05:00,0.1614,0.1614,0.1611,0.1612,246811.9
2026-07-17 10:10:00,0.1613,0.1613,0.161,0.1612,112744.4
2026-07-17 10:15:00,0.1613,0.1613,0.1611,0.1613,167417.5
2026-07-17 10:20:00,0.1612,0.1613,0.1611,0.1612,142802.2
2026-07-17 10:25:00,0.1611,0.1613,0.161,0.1612,70632.2
2026-07-17 10:30:00,0.1613,0.1614,0.1612,0.1614,68868.9
2026-07-17 10:35:00,0.1613,0.1616,0.1613,0.1615,198590.5
2026-07-17 10:40:00,0.1616,0.1625,0.1614,0.1615,1790701.2
2026-07-17 10:45:00,0.1615,0.1616,0.1612,0.1613,214035.8
2026-07-17 10:50:00,0.1613,0.1613,0.1611,0.1611,107614.5
2026-07-17 10:55:00,0.1612,0.1612,0.1608,0.1609,292622.4
2026-07-17 11:00:00,0.1608,0.161,0.1607,0.1608,39355.4
2026-07-17 11:05:00,0.1608,0.1608,0.1606,0.1606,116635.0
2026-07-17 11:10:00,0.1606,0.1608,0.1605,0.1606,65464.0
2026-07-17 11:15:00,0.1606,0.1606,0.1604,0.1604,75731.9
2026-07-17 11:20:00,0.1604,0.1606,0.1604,0.1605,44669.6
2026-07-17 11:25:00,0.1604,0.1607,0.1604,0.1607,143912.6
2026-07-17 11:30:00,0.1607,0.1607,0.1606,0.1607,87183.3
2026-07-17 11:35:00,0.1607,0.1609,0.1607,0.1609,134938.6
2026-07-17 11:40:00,0.161,0.1612,0.1609,0.161,26029.2
2026-07-17 11:45:00,0.161,0.1611,0.1609,0.1609,35946.8
2026-07-17 11:50:00,0.1609,0.1611,0.1608,0.1611,141860.0
2026-07-17 11:55:00,0.161,0.1612,0.1609,0.161,335267.6
2026-07-17 12:00:00,0.1609,0.161,0.1607,0.1607,65557.6
2026-07-17 12:05:00,0.1607,0.1608,0.1606,0.1606,211671.2
2026-07-17 12:10:00,0.1607,0.1607,0.1606,0.1607,32389.0
2026-07-17 12:15:00,0.1606,0.1607,0.1603,0.1603,196371.7
2026-07-17 12:20:00,0.1604,0.1606,0.1603,0.1605,95615.0
2026-07-17 12:25:00,0.1605,0.1605,0.1602,0.1603,49261.9
2026-07-17 12:30:00,0.1603,0.1603,0.1602,0.1603,43108.9
2026-07-17 12:35:00,0.1603,0.1603,0.1601,0.1601,39109.6
2026-07-17 12:40:00,0.16,0.1601,0.1597,0.1599,758437.9
2026-07-17 12:45:00,0.16,0.1601,0.1596,0.1597,291883.7
2026-07-17 12:50:00,0.1597,0.1599,0.1596,0.1598,182529.1
2026-07-17 12:55:00,0.1598,0.16,0.1597,0.1597,109201.4
2026-07-17 13:00:00,0.1598,0.1598,0.1595,0.1596,214003.6
2026-07-17 13:05:00,0.1597,0.1597,0.1582,0.1587,891801.5
2026-07-17 13:10:00,0.1587,0.1588,0.1581,0.1586,623432.4
2026-07-17 13:15:00,0.1585,0.1588,0.1584,0.1585,211056.7
2026-07-17 13:20:00,0.1586,0.159,0.1586,0.1587,184663.4
2026-07-17 13:25:00,0.1587,0.1588,0.1582,0.1586,1015987.2
2026-07-17 13:30:00,0.1587,0.159,0.1584,0.1584,889953.0
2026-07-17 13:35:00,0.1584,0.1586,0.1578,0.1581,1101832.2
2026-07-17 13:40:00,0.1581,0.1586,0.1579,0.158,518409.2
2026-07-17 13:45:00,0.158,0.1589,0.1579,0.1589,438012.7
2026-07-17 13:50:00,0.1589,0.1594,0.1589,0.1593,226465.2
2026-07-17 13:55:00,0.1592,0.16,0.1592,0.16,431292.5
2026-07-17 14:00:00,0.16,0.1607,0.16,0.1606,1089851.8
2026-07-17 14:05:00,0.1606,0.1616,0.1606,0.1613,1791169.1
2026-07-17 14:10:00,0.1613,0.1617,0.1613,0.1615,527614.0
2026-07-17 14:15:00,0.1616,0.162,0.1613,0.1614,1078437.3
2026-07-17 14:20:00,0.1614,0.1616,0.1612,0.1616,1364612.1
2026-07-17 14:25:00,0.1617,0.1626,0.1614,0.1614,3259133.8
2026-07-17 14:30:00,0.1615,0.1615,0.161,0.1613,452232.1
2026-07-17 14:35:00,0.1613,0.1622,0.1613,0.1619,1056309.8
2026-07-17 14:40:00,0.1619,0.1619,0.1617,0.1618,89698.6
2026-07-17 14:45:00,0.1618,0.1619,0.1612,0.1616,1129502.1
2026-07-17 14:50:00,0.1615,0.1622,0.1615,0.1621,575001.6
2026-07-17 14:55:00,0.162,0.1631,0.162,0.1628,2245164.5
2026-07-17 15:00:00,0.1629,0.1629,0.1617,0.1618,1154552.8
2026-07-17 15:05:00,0.1618,0.1619,0.1612,0.1616,380537.1
2026-07-17 15:10:00,0.1617,0.1619,0.1612,0.1614,396684.7
2026-07-17 15:15:00,0.1615,0.1622,0.1615,0.162,360438.9
2026-07-17 15:20:00,0.1621,0.1624,0.1619,0.1621,824678.3
2026-07-17 15:25:00,0.1621,0.1626,0.162,0.1625,386920.1
2026-07-17 15:30:00,0.1625,0.1628,0.162,0.1622,3569368.9
2026-07-17 15:35:00,0.1623,0.164,0.1622,0.1638,2268645.5
2026-07-17 15:40:00,0.1637,0.1639,0.1626,0.1627,1546058.8
2026-07-17 15:45:00,0.1628,0.163,0.1625,0.163,1023164.5
2026-07-17 15:50:00,0.1631,0.1636,0.163,0.1636,736157.6
2026-07-17 15:55:00,0.1637,0.1642,0.1636,0.164,765313.8
2026-07-17 16:00:00,0.1641,0.165,0.1637,0.1646,6003343.7
2026-07-17 16:05:00,0.1647,0.1648,0.1638,0.1644,2634348.4
2026-07-17 16:10:00,0.1645,0.1649,0.1642,0.1648,1226409.3
2026-07-17 16:15:00,0.1648,0.1648,0.1636,0.1642,1157833.3
2026-07-17 16:20:00,0.1642,0.1646,0.1638,0.1639,896786.4
2026-07-17 16:25:00,0.1638,0.165,0.1637,0.165,1125479.3
2026-07-17 16:30:00,0.165,0.1651,0.1643,0.1647,2899285.0
2026-07-17 16:35:00,0.1647,0.165,0.1647,0.1647,513977.5
2026-07-17 16:40:00,0.1647,0.1662,0.1646,0.1656,4087924.9
2026-07-17 16:45:00,0.1656,0.1662,0.1653,0.166,2103192.8
2026-07-17 16:50:00,0.1661,0.1669,0.166,0.1664,1496933.5
2026-07-17 16:55:00,0.1664,0.1665,0.166,0.166,1440270.3
2026-07-17 17:00:00,0.1661,0.1671,0.1661,0.1664,2338191.7
2026-07-17 17:05:00,0.1665,0.167,0.1661,0.1667,1035359.2
2026-07-17 17:10:00,0.1668,0.1668,0.1658,0.166,1426788.8
2026-07-17 17:15:00,0.1659,0.1665,0.1656,0.1658,723801.0
2026-07-17 17:20:00,0.1657,0.1661,0.1655,0.1659,626012.3
2026-07-17 17:25:00,0.1658,0.1662,0.1658,0.166,562325.0
2026-07-17 17:30:00,0.1659,0.1659,0.1655,0.1655,444708.9
2026-07-17 17:35:00,0.1655,0.1656,0.1651,0.1655,850007.0
2026-07-17 17:40:00,0.1655,0.1655,0.165,0.1653,717805.5
2026-07-17 17:45:00,0.1652,0.1655,0.1651,0.1655,139874.1
2026-07-17 17:50:00,0.1655,0.1655,0.165,0.1654,582340.3
2026-07-17 17:55:00,0.1653,0.1655,0.1651,0.1651,228337.4
2026-07-17 18:00:00,0.1652,0.1655,0.165,0.1652,193831.3
2026-07-17 18:05:00,0.1653,0.1654,0.165,0.1653,216257.1
2026-07-17 18:10:00,0.1654,0.1659,0.1654,0.1658,352094.7
2026-07-17 18:15:00,0.1657,0.1658,0.1654,0.1655,269056.7
2026-07-17 18:20:00,0.1655,0.1656,0.1652,0.1652,345551.2
2026-07-17 18:25:00,0.1653,0.1655,0.1651,0.1655,194058.1
2026-07-17 18:30:00,0.1655,0.1665,0.1653,0.1659,3482782.3
2026-07-17 18:35:00,0.166,0.166,0.1657,0.1657,439535.7
2026-07-17 18:40:00,0.1657,0.1657,0.1653,0.1656,160706.0
2026-07-17 18:45:00,0.1656,0.1664,0.1655,0.1662,573026.0
2026-07-17 18:50:00,0.1661,0.1663,0.166,0.1663,154195.5
2026-07-17 18:55:00,0.1663,0.1663,0.166,0.166,130357.7
2026-07-17 19:00:00,0.1659,0.1662,0.1659,0.1662,148528.0
2026-07-17 19:05:00,0.1663,0.1664,0.1659,0.1659,249322.4
2026-07-17 19:10:00,0.166,0.1661,0.1657,0.1657,181537.2
2026-07-17 19:15:00,0.1658,0.1658,0.1655,0.1655,260205.7
2026-07-17 19:20:00,0.1656,0.1656,0.1649,0.1651,2151752.3
2026-07-17 19:25:00,0.165,0.1654,0.1649,0.1653,339020.6
2026-07-17 19:30:00,0.1654,0.1657,0.1652,0.1652,425289.2
2026-07-17 19:35:00,0.1652,0.1656,0.165,0.1655,243524.9
2026-07-17 19:40:00,0.1654,0.1668,0.1654,0.1666,1423461.5
2026-07-17 19:45:00,0.1665,0.1666,0.1658,0.1659,2059346.5
2026-07-17 19:50:00,0.166,0.166,0.1657,0.1659,307290.7
2026-07-17 19:55:00,0.1659,0.1661,0.1659,0.166,331642.5
2026-07-17 20:00:00,0.1661,0.1661,0.1656,0.1657,438872.9
2026-07-17 20:05:00,0.1657,0.1659,0.1657,0.1659,256445.7
2026-07-17 20:10:00,0.1658,0.166,0.1658,0.166,73591.2
2026-07-17 20:15:00,0.1661,0.1661,0.1658,0.1659,414865.4
2026-07-17 20:20:00,0.1659,0.166,0.1653,0.1654,1515241.7
2026-07-17 20:25:00,0.1655,0.1656,0.1652,0.1654,155960.2
2026-07-17 20:30:00,0.1653,0.1655,0.1652,0.1654,319308.8
2026-07-17 20:35:00,0.1654,0.1655,0.1652,0.1652,67693.6
2026-07-17 20:40:00,0.1652,0.1656,0.1649,0.1656,490101.3
2026-07-17 20:45:00,0.1656,0.1656,0.1651,0.1653,556325.3
2026-07-17 20:50:00,0.1653,0.1657,0.1653,0.1657,287797.7
2026-07-17 20:55:00,0.1656,0.1658,0.1656,0.1658,269928.1
2026-07-17 21:00:00,0.1657,0.1662,0.1657,0.1661,459268.5
2026-07-17 21:05:00,0.166,0.1661,0.1659,0.1659,89715.4
2026-07-17 21:10:00,0.1659,0.1667,0.1659,0.1663,580862.9
2026-07-17 21:15:00,0.1664,0.1665,0.1664,0.1664,37399.9
2026-07-17 21:20:00,0.1665,0.1667,0.1665,0.1665,330772.5
2026-07-17 21:25:00,0.1665,0.1668,0.1664,0.1667,75869.2
2026-07-17 21:30:00,0.1667,0.1668,0.1666,0.1667,137125.7
2026-07-17 21:35:00,0.1666,0.1668,0.1665,0.1666,113862.4
2026-07-17 21:40:00,0.1666,0.1669,0.1665,0.1666,332336.3
2026-07-17 21:45:00,0.1665,0.1666,0.1663,0.1663,196080.4
2026-07-17 21:50:00,0.1664,0.1664,0.166,0.1661,194999.4
2026-07-17 21:55:00,0.1661,0.1661,0.166,0.166,148819.6
2026-07-17 22:00:00,0.166,0.1665,0.166,0.166,329309.0
2026-07-17 22:05:00,0.1661,0.1661,0.1659,0.166,144319.6
2026-07-17 22:10:00,0.166,0.1663,0.166,0.1663,629714.5
2026-07-17 22:15:00,0.1662,0.1663,0.1658,0.1658,210944.7
2026-07-17 22:20:00,0.1659,0.1659,0.1657,0.1657,75373.1
2026-07-17 22:25:00,0.1658,0.166,0.1655,0.1655,393732.7
2026-07-17 22:30:00,0.1656,0.1658,0.1655,0.1657,124349.8
2026-07-17 22:35:00,0.1657,0.1657,0.1656,0.1656,13866.4
2026-07-17 22:40:00,0.1657,0.166,0.1657,0.1658,297716.7
2026-07-17 22:45:00,0.1659,0.1659,0.1658,0.1658,146670.5
2026-07-17 22:50:00,0.1658,0.1659,0.1658,0.1658,112988.0
2026-07-17 22:55:00,0.1658,0.1659,0.1658,0.1658,22901.1
2026-07-17 23:00:00,0.1659,0.1659,0.1656,0.1657,444779.4
2026-07-17 23:05:00,0.1656,0.1657,0.1654,0.1654,92587.2
2026-07-17 23:10:00,0.1655,0.1655,0.1654,0.1655,287227.0
2026-07-17 23:15:00,0.1655,0.166,0.1655,0.1659,643191.0
2026-07-17 23:20:00,0.1659,0.1669,0.1659,0.1665,2983124.9
2026-07-17 23:25:00,0.1664,0.1666,0.1661,0.1662,619057.7
2026-07-17 23:30:00,0.1663,0.1669,0.1662,0.1668,215065.7
2026-07-17 23:35:00,0.1668,0.1676,0.1667,0.1669,4074988.4
2026-07-17 23:40:00,0.167,0.1671,0.1667,0.1669,670987.0
2026-07-17 23:45:00,0.1668,0.1669,0.1666,0.1667,271448.9
2026-07-17 23:50:00,0.1667,0.167,0.1667,0.1668,674069.3
2026-07-17 23:55:00,0.1668,0.1668,0.1666,0.1667,92322.1
2026-07-18 00:00:00,0.1667,0.1675,0.1665,0.1666,2434910.8
2026-07-18 00:05:00,0.1667,0.1671,0.1666,0.1671,220545.8
2026-07-18 00:10:00,0.1672,0.1683,0.167,0.1679,1828290.9
2026-07-18 00:15:00,0.168,0.168,0.1671,0.1672,1798842.8
2026-07-18 00:20:00,0.1672,0.1673,0.1671,0.1672,229404.5
2026-07-18 00:25:00,0.1672,0.1673,0.167,0.1673,178485.3
2026-07-18 00:30:00,0.1673,0.1673,0.1671,0.1672,205766.0
2026-07-18 00:35:00,0.1671,0.1673,0.167,0.1672,144593.2
2026-07-18 00:40:00,0.1673,0.1676,0.1671,0.1674,848014.4
2026-07-18 00:45:00,0.1674,0.1684,0.1674,0.168,1012823.1
2026-07-18 00:50:00,0.1681,0.1681,0.1674,0.1674,671695.7
2026-07-18 00:55:00,0.1675,0.168,0.1674,0.1675,1195321.1
2026-07-18 01:00:00,0.1676,0.1676,0.1674,0.1675,205004.2
2026-07-18 01:05:00,0.1675,0.168,0.1675,0.1679,525342.0
2026-07-18 01:10:00,0.1679,0.1682,0.1678,0.1681,601817.0
2026-07-18 01:15:00,0.168,0.1683,0.168,0.1681,260449.4
2026-07-18 01:20:00,0.1681,0.1683,0.1678,0.1679,636749.8
2026-07-18 01:25:00,0.1678,0.1681,0.1678,0.168,241554.3
2026-07-18 01:30:00,0.168,0.168,0.1674,0.1675,193494.7
2026-07-18 01:35:00,0.1674,0.1676,0.1674,0.1676,217790.6
2026-07-18 01:40:00,0.1676,0.1677,0.1675,0.1675,54705.0
2026-07-18 01:45:00,0.1675,0.1676,0.1675,0.1676,106305.3
2026-07-18 01:50:00,0.1675,0.1678,0.1675,0.1678,443103.8
2026-07-18 01:55:00,0.1678,0.1679,0.1674,0.1674,217162.6
2026-07-18 02:00:00,0.1675,0.1684,0.1675,0.1682,1271777.2
2026-07-18 02:05:00,0.1683,0.1683,0.1677,0.1679,692410.8
2026-07-18 02:10:00,0.168,0.168,0.1677,0.1679,449409.8
2026-07-18 02:15:00,0.1679,0.1684,0.1679,0.1683,196860.8
2026-07-18 02:20:00,0.1682,0.1687,0.1682,0.1683,716773.0
2026-07-18 02:25:00,0.1684,0.1686,0.1683,0.1683,424115.6
2026-07-18 02:30:00,0.1683,0.1693,0.1682,0.1691,3108111.0
2026-07-18 02:35:00,0.1692,0.1693,0.1688,0.1689,735718.6
2026-07-18 02:40:00,0.1689,0.1689,0.1686,0.1687,94614.4
2026-07-18 02:45:00,0.1688,0.169,0.1687,0.1688,330956.9
2026-07-18 02:50:00,0.1689,0.1689,0.1685,0.1687,280187.1
2026-07-18 02:55:00,0.1688,0.1688,0.1684,0.1684,123899.8
2026-07-18 03:00:00,0.1684,0.1686,0.1684,0.1686,139959.0
2026-07-18 03:05:00,0.1687,0.1687,0.1685,0.1686,256785.6
2026-07-18 03:10:00,0.1686,0.1686,0.1682,0.1683,1046115.5
2026-07-18 03:15:00,0.1684,0.1685,0.1681,0.1685,472578.9
2026-07-18 03:20:00,0.1684,0.1684,0.1677,0.1677,251322.9
2026-07-18 03:25:00,0.1677,0.1679,0.1672,0.1672,762383.4
2026-07-18 03:30:00,0.1672,0.1675,0.1672,0.1675,419506.9
2026-07-18 03:35:00,0.1675,0.1675,0.1673,0.1673,219510.4
2026-07-18 03:40:00,0.1673,0.1674,0.1671,0.1673,712737.3
2026-07-18 03:45:00,0.1672,0.1675,0.1672,0.1674,109299.1
2026-07-18 03:50:00,0.1674,0.1675,0.1674,0.1674,228733.6
2026-07-18 03:55:00,0.1675,0.1679,0.1675,0.1679,190355.3
2026-07-18 04:00:00,0.1679,0.1681,0.1678,0.168,842603.5
2026-07-18 04:05:00,0.1679,0.1679,0.1674,0.1674,302480.8
2026-07-18 04:10:00,0.1674,0.1676,0.1674,0.1675,192610.9
2026-07-18 04:15:00,0.1675,0.1676,0.1672,0.1674,152230.7
2026-07-18 04:20:00,0.1673,0.1673,0.1671,0.1671,301894.3
2026-07-18 04:25:00,0.167,0.1671,0.1669,0.1671,300244.2
2026-07-18 04:30:00,0.1671,0.1672,0.1663,0.1667,1350481.9
2026-07-18 04:35:00,0.1667,0.1668,0.1663,0.1665,1279242.0
2026-07-18 04:40:00,0.1665,0.1667,0.1665,0.1666,145454.5
2026-07-18 04:45:00,0.1666,0.1667,0.1666,0.1667,51742.6
2026-07-18 04:50:00,0.1668,0.167,0.1667,0.167,123208.6
2026-07-18 04:55:00,0.1669,0.167,0.1669,0.1669,89622.6
2026-07-18 05:00:00,0.1669,0.1669,0.1666,0.1667,275692.9
2026-07-18 05:05:00,0.1667,0.1668,0.1665,0.1665,116769.4
2026-07-18 05:10:00,0.1664,0.1665,0.1662,0.1662,99109.8
2026-07-18 05:15:00,0.1663,0.1665,0.1661,0.1664,96875.0
2026-07-18 05:20:00,0.1665,0.1667,0.1665,0.1667,250927.2
2026-07-18 05:25:00,0.1668,0.1669,0.1667,0.1669,154234.3
2026-07-18 05:30:00,0.1669,0.1672,0.1669,0.1672,211444.2
2026-07-18 05:35:00,0.1672,0.1673,0.1671,0.1671,119178.3
2026-07-18 05:40:00,0.1671,0.1671,0.167,0.1671,32987.1
2026-07-18 05:45:00,0.1671,0.1674,0.1669,0.1671,699867.7
2026-07-18 05:50:00,0.167,0.1671,0.1666,0.1666,194610.7
2026-07-18 05:55:00,0.1666,0.1667,0.1664,0.1667,175520.5
2026-07-18 06:00:00,0.1666,0.1667,0.1665,0.1666,79764.7
2026-07-18 06:05:00,0.1666,0.1668,0.1666,0.1667,175543.9
2026-07-18 06:10:00,0.1667,0.1669,0.1663,0.1663,1207346.0
2026-07-18 06:15:00,0.1663,0.1667,0.1663,0.1667,533571.9
2026-07-18 06:20:00,0.1667,0.167,0.1666,0.1669,213972.5
2026-07-18 06:25:00,0.1669,0.167,0.1668,0.1668,96617.8
2026-07-18 06:30:00,0.1668,0.1668,0.1664,0.1665,168395.3
2026-07-18 06:35:00,0.1665,0.1666,0.1661,0.1664,1041931.0
2026-07-18 06:40:00,0.1663,0.1664,0.1663,0.1664,143030.7
2026-07-18 06:45:00,0.1663,0.1664,0.1662,0.1662,184160.5
2026-07-18 06:50:00,0.1662,0.1663,0.166,0.166,78570.3
2026-07-18 06:55:00,0.166,0.1661,0.1659,0.166,155564.7
2026-07-18 07:00:00,0.1659,0.1667,0.1659,0.1662,1638924.8
2026-07-18 07:05:00,0.1662,0.1662,0.1658,0.166,146165.1
2026-07-18 07:10:00,0.1661,0.1662,0.166,0.1661,157509.2
2026-07-18 07:15:00,0.1661,0.1663,0.166,0.1661,371874.9
2026-07-18 07:20:00,0.1661,0.1664,0.1661,0.1663,156102.2
2026-07-18 07:25:00,0.1664,0.1664,0.1662,0.1662,144860.5
2026-07-18 07:30:00,0.1663,0.1663,0.1662,0.1663,47545.9
2026-07-18 07:35:00,0.1664,0.1664,0.1662,0.1664,111794.3
2026-07-18 07:40:00,0.1664,0.1666,0.1663,0.1665,297361.1
2026-07-18 07:45:00,0.1666,0.1667,0.1665,0.1666,177656.9
2026-07-18 07:50:00,0.1665,0.1665,0.1662,0.1662,140215.8
2026-07-18 07:55:00,0.1662,0.1663,0.1661,0.1662,51133.1
2026-07-18 08:00:00,0.1661,0.1662,0.1659,0.1661,980033.7
2026-07-18 08:05:00,0.1662,0.1664,0.1661,0.1664,100152.7
2026-07-18 08:10:00,0.1663,0.1666,0.1663,0.1664,80282.6
2026-07-18 08:15:00,0.1664,0.1666,0.1663,0.1666,149065.2
2026-07-18 08:20:00,0.1667,0.1668,0.1664,0.1665,915116.9
2026-07-18 08:25:00,0.1666,0.1666,0.1665,0.1666,110695.5
2026-07-18 08:30:00,0.1665,0.1669,0.1665,0.1668,311993.6
2026-07-18 08:35:00,0.1668,0.1669,0.1667,0.1669,78910.9
2026-07-18 08:40:00,0.1668,0.1668,0.1663,0.1665,123579.7
2026-07-18 08:45:00,0.1665,0.1666,0.1664,0.1665,121709.1
2026-07-18 08:50:00,0.1665,0.1666,0.1664,0.1665,48137.2
2026-07-18 08:55:00,0.1664,0.1666,0.1662,0.1663,150814.3
2026-07-18 09:00:00,0.1664,0.1665,0.1661,0.1662,252035.0
2026-07-18 09:05:00,0.1661,0.1662,0.166,0.166,47949.2
2026-07-18 09:10:00,0.166,0.1663,0.166,0.1661,155504.8
2026-07-18 09:15:00,0.1661,0.1662,0.1658,0.1658,151695.1
2026-07-18 09:20:00,0.1659,0.1659,0.1655,0.1656,246092.4
2026-07-18 09:25:00,0.1656,0.1656,0.165,0.165,945196.0
2026-07-18 09:30:00,0.1651,0.1653,0.165,0.1652,466945.9
2026-07-18 09:35:00,0.1652,0.1654,0.1652,0.1653,295218.2
2026-07-18 09:40:00,0.1653,0.1654,0.1652,0.1653,157171.4
2026-07-18 09:45:00,0.1653,0.1654,0.1652,0.1653,66048.0
2026-07-18 09:50:00,0.1652,0.1658,0.1652,0.1657,233250.9
2026-07-18 09:55:00,0.1657,0.1659,0.1656,0.1658,180085.0
2026-07-18 10:00:00,0.1659,0.166,0.1658,0.1659,280108.5
2026-07-18 10:05:00,0.1658,0.1663,0.1658,0.1661,361586.4
2026-07-18 10:10:00,0.1661,0.1662,0.1658,0.1659,573099.3
2026-07-18 10:15:00,0.1659,0.1662,0.1658,0.1661,112367.2
2026-07-18 10:20:00,0.166,0.1663,0.166,0.1662,177455.4
2026-07-18 10:25:00,0.1663,0.1664,0.1662,0.1662,263130.8
2026-07-18 10:30:00,0.1662,0.1663,0.1661,0.1662,69010.9
2026-07-18 10:35:00,0.1662,0.1663,0.1659,0.1659,92579.5
2026-07-18 10:40:00,0.1658,0.1659,0.1657,0.1657,109910.2
2026-07-18 10:45:00,0.1658,0.1659,0.1657,0.1659,81016.4
2026-07-18 10:50:00,0.1659,0.166,0.1658,0.1659,53533.5
2026-07-18 10:55:00,0.1659,0.1659,0.1658,0.1659,15361.8
2026-07-18 11:00:00,0.1658,0.1659,0.1658,0.1658,63766.6
2026-07-18 11:05:00,0.1659,0.1661,0.1659,0.1661,115719.8
2026-07-18 11:10:00,0.1661,0.1661,0.166,0.166,67054.7
2026-07-18 11:15:00,0.1661,0.1661,0.166,0.1661,41292.1
2026-07-18 11:20:00,0.1661,0.1662,0.166,0.1662,140204.4
2026-07-18 11:25:00,0.1662,0.1662,0.1661,0.1662,58551.2
2026-07-18 11:30:00,0.1662,0.1662,0.1658,0.1658,539870.2
2026-07-18 11:35:00,0.1659,0.1659,0.1658,0.1659,86250.2
2026-07-18 11:40:00,0.1659,0.166,0.1658,0.166,38623.9
2026-07-18 11:45:00,0.1659,0.1661,0.1658,0.1661,76407.1
2026-07-18 11:50:00,0.1661,0.1661,0.1659,0.1659,59487.3
2026-07-18 11:55:00,0.166,0.1661,0.1659,0.1659,105689.3
2026-07-18 12:00:00,0.1659,0.1664,0.1659,0.1663,182624.9
2026-07-18 12:05:00,0.1664,0.1666,0.1661,0.1661,432816.8
2026-07-18 12:10:00,0.166,0.1662,0.1659,0.1661,1138361.3
2026-07-18 12:15:00,0.166,0.1661,0.1656,0.1659,328067.3
2026-07-18 12:20:00,0.166,0.166,0.1655,0.1657,367674.9
2026-07-18 12:25:00,0.1656,0.1657,0.1654,0.1655,74191.2
2026-07-18 12:30:00,0.1655,0.166,0.1654,0.166,149650.2
2026-07-18 12:35:00,0.166,0.166,0.1657,0.1658,163261.8
2026-07-18 12:40:00,0.1658,0.1658,0.1655,0.1657,104030.4
2026-07-18 12:45:00,0.1656,0.1661,0.1656,0.166,192859.9
2026-07-18 12:50:00,0.1659,0.1661,0.1658,0.1661,125034.8
2026-07-18 12:55:00,0.1661,0.1662,0.1659,0.1659,198027.6
2026-07-18 13:00:00,0.1659,0.1659,0.1656,0.1657,116534.3
2026-07-18 13:05:00,0.1658,0.1658,0.1653,0.1654,242582.5
2026-07-18 13:10:00,0.1655,0.1655,0.1648,0.1649,426388.7
2026-07-18 13:15:00,0.165,0.165,0.1642,0.1644,1414567.7
2026-07-18 13:20:00,0.1645,0.1646,0.1643,0.1645,262485.9
2026-07-18 13:25:00,0.1644,0.1647,0.1644,0.1647,174214.7
2026-07-18 13:30:00,0.1647,0.1647,0.1645,0.1647,98380.2
2026-07-18 13:35:00,0.1647,0.1647,0.1644,0.1644,330209.6
2026-07-18 13:40:00,0.1645,0.1648,0.1645,0.1646,245395.0
2026-07-18 13:45:00,0.1647,0.1647,0.1645,0.1645,82615.0
2026-07-18 13:50:00,0.1646,0.1647,0.1645,0.1646,65000.0
2026-07-18 13:55:00,0.1646,0.1647,0.1645,0.1647,101035.3
2026-07-18 14:00:00,0.1647,0.1647,0.1644,0.1644,222984.2
2026-07-18 14:05:00,0.1644,0.1644,0.1641,0.1644,518414.9
2026-07-18 14:10:00,0.1644,0.1647,0.1643,0.1647,116555.5
2026-07-18 14:15:00,0.1646,0.1646,0.1644,0.1644,199669.4
2026-07-18 14:20:00,0.1644,0.1647,0.1644,0.1647,315952.5
2026-07-18 14:25:00,0.1646,0.1647,0.1645,0.1646,247461.7
2026-07-18 14:30:00,0.1646,0.1649,0.1645,0.1648,359886.3
2026-07-18 14:35:00,0.1648,0.165,0.1646,0.1647,251650.7
2026-07-18 14:40:00,0.1647,0.1647,0.1646,0.1647,58507.9
2026-07-18 14:45:00,0.1648,0.165,0.1648,0.1649,94348.0
2026-07-18 14:50:00,0.1649,0.165,0.1648,0.165,122257.5
2026-07-18 14:55:00,0.165,0.1651,0.1649,0.1651,515096.3
2026-07-18 15:00:00,0.1651,0.1652,0.1647,0.165,341781.0
2026-07-18 15:05:00,0.1649,0.165,0.1648,0.1649,50286.5
2026-07-18 15:10:00,0.1648,0.165,0.1647,0.1649,254378.0
2026-07-18 15:15:00,0.1649,0.1653,0.1649,0.1649,698617.7
2026-07-18 15:20:00,0.1649,0.165,0.1648,0.1649,77014.7
2026-07-18 15:25:00,0.1649,0.1649,0.1645,0.1645,18293.3
2026-07-18 15:30:00,0.1645,0.1647,0.1644,0.1645,412874.5
2026-07-18 15:35:00,0.1645,0.1646,0.1643,0.1644,117198.3
2026-07-18 15:40:00,0.1645,0.1645,0.1643,0.1644,94641.2
2026-07-18 15:45:00,0.1644,0.1646,0.1643,0.1645,128551.5
2026-07-18 15:50:00,0.1645,0.1647,0.1644,0.1644,98284.4
2026-07-18 15:55:00,0.1645,0.1646,0.1644,0.1645,79766.8
2026-07-18 16:00:00,0.1646,0.1646,0.1642,0.1642,270922.3
2026-07-18 16:05:00,0.1643,0.1645,0.1641,0.1644,147717.6
2026-07-18 16:10:00,0.1644,0.1646,0.1644,0.1644,60410.7
2026-07-18 16:15:00,0.1645,0.1645,0.1643,0.1643,204370.1
2026-07-18 16:20:00,0.1642,0.1643,0.1641,0.1641,408799.4
2026-07-18 16:25:00,0.1641,0.1644,0.1641,0.1642,310919.8
2026-07-18 16:30:00,0.1642,0.1644,0.1642,0.1643,186299.7
2026-07-18 16:35:00,0.1643,0.1643,0.164,0.164,237285.7
2026-07-18 16:40:00,0.164,0.164,0.1635,0.1637,1228576.9
2026-07-18 16:45:00,0.1637,0.1638,0.1636,0.1637,221159.5
2026-07-18 16:50:00,0.1637,0.1643,0.1637,0.1642,961870.1
2026-07-18 16:55:00,0.1641,0.1645,0.1641,0.1643,1029144.5
2026-07-18 17:00:00,0.1643,0.1644,0.1641,0.1642,190648.8
2026-07-18 17:05:00,0.1642,0.1642,0.1641,0.1642,14479.2
2026-07-18 17:10:00,0.1642,0.1644,0.1642,0.1642,158029.1
2026-07-18 17:15:00,0.1643,0.1646,0.1642,0.1646,136452.2
2026-07-18 17:20:00,0.1646,0.1649,0.1642,0.1645,269990.8
2026-07-18 17:25:00,0.1645,0.1646,0.1644,0.1644,118770.1
2026-07-18 17:30:00,0.1645,0.1648,0.1644,0.1648,120999.3
2026-07-18 17:35:00,0.1647,0.1651,0.1647,0.1651,227637.3
2026-07-18 17:40:00,0.1651,0.1652,0.165,0.165,97252.4
2026-07-18 17:45:00,0.1651,0.1653,0.165,0.1653,177160.9
2026-07-18 17:50:00,0.1653,0.1654,0.1652,0.1652,151732.4
2026-07-18 17:55:00,0.1653,0.1654,0.1651,0.1654,299608.8
2026-07-18 18:00:00,0.1654,0.1654,0.1651,0.1654,138881.7
2026-07-18 18:05:00,0.1654,0.1654,0.165,0.1651,231297.8
2026-07-18 18:10:00,0.1651,0.1651,0.1649,0.165,83832.1
2026-07-18 18:15:00,0.165,0.1653,0.165,0.1653,70116.2
2026-07-18 18:20:00,0.1653,0.1657,0.1652,0.1656,247609.4
2026-07-18 18:25:00,0.1657,0.1662,0.1656,0.1658,1026770.7
2026-07-18 18:30:00,0.1657,0.1658,0.1654,0.1656,98669.5
2026-07-18 18:35:00,0.1655,0.1655,0.1654,0.1655,125900.2
2026-07-18 18:40:00,0.1654,0.1654,0.1652,0.1653,100460.1
2026-07-18 18:45:00,0.1653,0.1654,0.1651,0.1652,33649.8
2026-07-18 18:50:00,0.1653,0.1654,0.1653,0.1653,54076.9
2026-07-18 18:55:00,0.1652,0.1654,0.1651,0.1653,110501.0
2026-07-18 19:00:00,0.1653,0.1654,0.165,0.1653,173612.5
2026-07-18 19:05:00,0.1652,0.1655,0.1652,0.1654,139101.4
2026-07-18 19:10:00,0.1654,0.1655,0.1653,0.1655,105843.2
2026-07-18 19:15:00,0.1655,0.166,0.1655,0.1658,216444.8
2026-07-18 19:20:00,0.1659,0.166,0.1656,0.1656,86595.9
2026-07-18 19:25:00,0.1657,0.1659,0.1657,0.1657,48442.0
2026-07-18 19:30:00,0.1658,0.166,0.1657,0.1658,130848.1
2026-07-18 19:35:00,0.1658,0.1659,0.1657,0.1658,111970.2
2026-07-18 19:40:00,0.1657,0.1659,0.1657,0.1659,40028.7
2026-07-18 19:45:00,0.1659,0.1659,0.1658,0.1659,134380.9
2026-07-18 19:50:00,0.1659,0.1661,0.1658,0.1658,683353.3
2026-07-18 19:55:00,0.1659,0.1661,0.1659,0.166,221037.8
2026-07-18 20:00:00,0.1659,0.166,0.1658,0.1658,249267.2
2026-07-18 20:05:00,0.1658,0.1659,0.1657,0.1658,73563.5
2026-07-18 20:10:00,0.1658,0.1663,0.1658,0.1661,201483.1
2026-07-18 20:15:00,0.1662,0.1665,0.1661,0.1664,454478.9
2026-07-18 20:20:00,0.1665,0.1668,0.1664,0.1666,162964.8
2026-07-18 20:25:00,0.1667,0.1668,0.1666,0.1667,108276.1
2026-07-18 20:30:00,0.1666,0.1667,0.1665,0.1666,42572.9
2026-07-18 20:35:00,0.1665,0.1665,0.1661,0.1662,372090.8
2026-07-18 20:40:00,0.1662,0.1663,0.1661,0.1662,250477.3
2026-07-18 20:45:00,0.1663,0.1664,0.1662,0.1663,124971.2
2026-07-18 20:50:00,0.1663,0.1665,0.1662,0.1664,289335.5
2026-07-18 20:55:00,0.1664,0.1664,0.1663,0.1663,215995.3
2026-07-18 21:00:00,0.1662,0.1666,0.1662,0.1666,121537.7
2026-07-18 21:05:00,0.1666,0.1666,0.1663,0.1664,253640.8
2026-07-18 21:10:00,0.1665,0.1669,0.1664,0.1669,457936.0
2026-07-18 21:15:00,0.167,0.1672,0.1668,0.167,243164.2
2026-07-18 21:20:00,0.167,0.1671,0.1666,0.1667,121535.8
2026-07-18 21:25:00,0.1666,0.1667,0.1665,0.1665,45976.4
2026-07-18 21:30:00,0.1665,0.1665,0.1662,0.1662,88572.4
2026-07-18 21:35:00,0.1663,0.1663,0.1661,0.1662,9571.9
2026-07-18 21:40:00,0.1661,0.1662,0.166,0.166,155923.1
2026-07-18 21:45:00,0.1659,0.166,0.1659,0.166,62029.6
2026-07-18 21:50:00,0.1659,0.1665,0.1659,0.1665,122119.2
2026-07-18 21:55:00,0.1665,0.1665,0.1663,0.1664,56145.7
2026-07-18 22:00:00,0.1663,0.1666,0.1661,0.1666,112880.5
2026-07-18 22:05:00,0.1666,0.1669,0.1666,0.1667,56224.9
2026-07-18 22:10:00,0.1667,0.1671,0.1667,0.1668,84767.8
2026-07-18 22:15:00,0.1669,0.1669,0.1667,0.1668,16901.6
2026-07-18 22:20:00,0.1668,0.1669,0.1667,0.1667,174652.7
2026-07-18 22:25:00,0.1667,0.1667,0.1666,0.1666,40434.5
2026-07-18 22:30:00,0.1667,0.1667,0.1666,0.1667,61626.8
2026-07-18 22:35:00,0.1667,0.1667,0.1665,0.1667,78680.6
2026-07-18 22:40:00,0.1666,0.1669,0.1666,0.1668,90997.9
2026-07-18 22:45:00,0.1668,0.1669,0.1667,0.1668,19056.8
2026-07-18 22:50:00,0.1668,0.1671,0.1668,0.1668,275300.1
2026-07-18 22:55:00,0.1668,0.1672,0.1668,0.1671,238770.4
2026-07-18 23:00:00,0.1671,0.1673,0.167,0.1672,69745.3
2026-07-18 23:05:00,0.1672,0.1672,0.1669,0.1669,77777.6
2026-07-18 23:10:00,0.167,0.167,0.1668,0.1668,67747.3
2026-07-18 23:15:00,0.1668,0.167,0.1668,0.1668,148739.2
2026-07-18 23:20:00,0.1669,0.1671,0.1668,0.1671,50632.9
2026-07-18 23:25:00,0.1672,0.1672,0.1669,0.167,264148.5
2026-07-18 23:30:00,0.1671,0.1671,0.1667,0.1668,73839.4
2026-07-18 23:35:00,0.1668,0.1669,0.1667,0.1667,234868.0
2026-07-18 23:40:00,0.1667,0.1668,0.1667,0.1667,30543.0
2026-07-18 23:45:00,0.1667,0.167,0.1667,0.1668,361526.7
2026-07-18 23:50:00,0.1669,0.1669,0.1666,0.1667,10760.3
2026-07-18 23:55:00,0.1667,0.1668,0.1666,0.1667,64068.1
2026-07-19 00:00:00,0.1667,0.1671,0.1667,0.167,540575.5
2026-07-19 00:05:00,0.1671,0.1672,0.1668,0.1668,227013.8
2026-07-19 00:10:00,0.1669,0.167,0.1668,0.1668,114262.0
2026-07-19 00:15:00,0.1668,0.1669,0.1667,0.1668,50542.6
2026-07-19 00:20:00,0.1667,0.1669,0.1666,0.1668,313753.4
2026-07-19 00:25:00,0.1669,0.1671,0.1666,0.1666,142383.9
2026-07-19 00:30:00,0.1667,0.1667,0.1664,0.1664,98916.5
2026-07-19 00:35:00,0.1663,0.1665,0.1663,0.1665,136225.4
2026-07-19 00:40:00,0.1665,0.1665,0.1664,0.1664,4294.3
2026-07-19 00:45:00,0.1664,0.167,0.1664,0.1668,362796.3
2026-07-19 00:50:00,0.1669,0.1671,0.1668,0.1669,79586.7
2026-07-19 00:55:00,0.1669,0.1672,0.1668,0.1671,174989.9
2026-07-19 01:00:00,0.1672,0.1672,0.1668,0.1668,126311.0
2026-07-19 01:05:00,0.1668,0.1669,0.1668,0.1669,28878.9
2026-07-19 01:10:00,0.1668,0.1669,0.1668,0.1669,19688.4
2026-07-19 01:15:00,0.167,0.1671,0.1669,0.1671,54537.9
2026-07-19 01:20:00,0.1671,0.1672,0.167,0.1671,80269.2
2026-07-19 01:25:00,0.1671,0.1672,0.167,0.1671,147571.3
2026-07-19 01:30:00,0.167,0.167,0.1668,0.1668,91308.0
2026-07-19 01:35:00,0.1669,0.1669,0.1666,0.1668,82889.3
2026-07-19 01:40:00,0.1667,0.1669,0.1667,0.1667,232893.6
2026-07-19 01:45:00,0.1667,0.1668,0.1667,0.1667,13001.4
2026-07-19 01:50:00,0.1668,0.167,0.1668,0.1669,66710.0
2026-07-19 01:55:00,0.167,0.167,0.1669,0.1669,13083.2
2026-07-19 02:00:00,0.167,0.1677,0.1669,0.1675,465724.4
2026-07-19 02:05:00,0.1676,0.1683,0.1676,0.1679,404239.6
2026-07-19 02:10:00,0.168,0.1683,0.168,0.1682,149648.5
2026-07-19 02:15:00,0.1682,0.1684,0.1679,0.1679,207903.7
2026-07-19 02:20:00,0.1679,0.1679,0.1678,0.1679,89738.7
2026-07-19 02:25:00,0.1679,0.1679,0.1678,0.1678,17962.0
2026-07-19 02:30:00,0.1677,0.1684,0.1677,0.1683,325602.3
2026-07-19 02:35:00,0.1684,0.1688,0.1683,0.1685,351999.5
2026-07-19 02:40:00,0.1685,0.1685,0.1682,0.1683,93179.9
2026-07-19 02:45:00,0.1683,0.1684,0.1681,0.1681,345772.2
2026-07-19 02:50:00,0.1681,0.1682,0.1679,0.1682,310066.7
2026-07-19 02:55:00,0.1682,0.1682,0.168,0.168,308956.2
2026-07-19 03:00:00,0.1681,0.1682,0.1677,0.1679,353140.2
2026-07-19 03:05:00,0.1678,0.1679,0.1675,0.1675,332445.7
2026-07-19 03:10:00,0.1674,0.1675,0.1672,0.1673,669393.7
2026-07-19 03:15:00,0.1673,0.1673,0.1668,0.1669,138627.0
2026-07-19 03:20:00,0.1669,0.1669,0.1666,0.1667,83316.8
2026-07-19 03:25:00,0.1668,0.1669,0.1667,0.1668,90997.8
2026-07-19 03:30:00,0.1668,0.167,0.1668,0.1669,175520.7
2026-07-19 03:35:00,0.1669,0.1671,0.1667,0.1667,120728.4
2026-07-19 03:40:00,0.1667,0.1669,0.1667,0.1668,92160.3
2026-07-19 03:45:00,0.1668,0.1669,0.1666,0.1668,37431.4
2026-07-19 03:50:00,0.1668,0.1669,0.1668,0.1669,61701.2
2026-07-19 03:55:00,0.1668,0.1668,0.1667,0.1668,25056.9
2026-07-19 04:00:00,0.1668,0.1669,0.1667,0.1667,103760.5
2026-07-19 04:05:00,0.1667,0.1668,0.1666,0.1666,46933.7
2026-07-19 04:10:00,0.1666,0.1667,0.1665,0.1666,74463.5
2026-07-19 04:15:00,0.1666,0.1667,0.1666,0.1666,60187.6
2026-07-19 04:20:00,0.1667,0.1668,0.1665,0.1665,94770.2
2026-07-19 04:25:00,0.1666,0.1667,0.1665,0.1666,67868.5
2026-07-19 04:30:00,0.1666,0.1667,0.1665,0.1666,18200.9
2026-07-19 04:35:00,0.1666,0.1668,0.1666,0.1668,47760.1
2026-07-19 04:40:00,0.1668,0.1668,0.1664,0.1665,54763.3
2026-07-19 04:45:00,0.1664,0.1665,0.1662,0.1663,157995.5
2026-07-19 04:50:00,0.1664,0.1665,0.1661,0.1661,155472.4
2026-07-19 04:55:00,0.1661,0.1662,0.166,0.1662,93472.2
2026-07-19 05:00:00,0.1663,0.1665,0.1663,0.1664,194499.8
2026-07-19 05:05:00,0.1665,0.1665,0.1664,0.1664,10413.5
2026-07-19 05:10:00,0.1665,0.1667,0.1665,0.1666,42566.1
2026-07-19 05:15:00,0.1667,0.1667,0.1664,0.1665,130531.7
2026-07-19 05:20:00,0.1665,0.1665,0.1662,0.1663,125283.8
2026-07-19 05:25:00,0.1664,0.1664,0.1662,0.1662,40010.0
2026-07-19 05:30:00,0.1662,0.1662,0.166,0.166,459257.3
2026-07-19 05:35:00,0.166,0.166,0.1659,0.1659,477779.3
2026-07-19 05:40:00,0.166,0.1661,0.166,0.1661,31225.9
2026-07-19 05:45:00,0.166,0.1662,0.166,0.1661,33400.4
2026-07-19 05:50:00,0.1661,0.1663,0.1657,0.1661,737348.7
2026-07-19 05:55:00,0.1661,0.1662,0.166,0.1661,67992.5
2026-07-19 06:00:00,0.166,0.1661,0.1657,0.166,280707.5
2026-07-19 06:05:00,0.1661,0.1662,0.166,0.1662,127143.9
2026-07-19 06:10:00,0.1662,0.1666,0.1662,0.1664,65609.5
2026-07-19 06:15:00,0.1664,0.1666,0.1664,0.1666,77094.5
2026-07-19 06:20:00,0.1666,0.1668,0.1666,0.1668,81761.7
2026-07-19 06:25:00,0.1668,0.1668,0.1663,0.1665,199889.8
2026-07-19 06:30:00,0.1665,0.1665,0.1662,0.1664,54384.4
2026-07-19 06:35:00,0.1663,0.1664,0.1663,0.1663,51846.8
2026-07-19 06:40:00,0.1664,0.1664,0.1662,0.1663,29095.3
2026-07-19 06:45:00,0.1663,0.1664,0.1661,0.1661,92302.6
2026-07-19 06:50:00,0.1661,0.1663,0.166,0.1662,139454.5
2026-07-19 06:55:00,0.1661,0.1663,0.1661,0.1663,9471.6
2026-07-19 07:00:00,0.1663,0.1663,0.166,0.166,42060.8
2026-07-19 07:05:00,0.166,0.1662,0.166,0.1661,71183.8
2026-07-19 07:10:00,0.1661,0.1661,0.1658,0.1659,64380.9
2026-07-19 07:15:00,0.1659,0.166,0.1658,0.1659,85397.8
2026-07-19 07:20:00,0.1658,0.1661,0.1658,0.1661,379544.2
2026-07-19 07:25:00,0.1662,0.1662,0.166,0.166,91012.3
2026-07-19 07:30:00,0.166,0.1661,0.1659,0.166,216286.4
2026-07-19 07:35:00,0.1659,0.1662,0.1659,0.1661,151331.9
2026-07-19 07:40:00,0.1661,0.1662,0.166,0.1661,128457.3
2026-07-19 07:45:00,0.166,0.166,0.1658,0.1658,30162.7
2026-07-19 07:50:00,0.1658,0.1659,0.1656,0.1656,45803.3
2026-07-19 07:55:00,0.1656,0.1659,0.1655,0.1657,1163267.2
2026-07-19 08:00:00,0.1658,0.1658,0.1655,0.1658,112860.3
2026-07-19 08:05:00,0.1657,0.1658,0.1657,0.1658,18269.5
2026-07-19 08:10:00,0.1657,0.166,0.1657,0.1659,337613.6
2026-07-19 08:15:00,0.1658,0.1658,0.1656,0.1656,201883.7
2026-07-19 08:20:00,0.1656,0.1657,0.1653,0.1656,655152.2
2026-07-19 08:25:00,0.1656,0.1658,0.1656,0.1657,93558.3
2026-07-19 08:30:00,0.1657,0.1659,0.1657,0.1658,89595.1
2026-07-19 08:35:00,0.1658,0.1659,0.1656,0.1659,192534.9
2026-07-19 08:40:00,0.166,0.166,0.1659,0.166,146376.3
2026-07-19 08:45:00,0.1661,0.1662,0.166,0.166,56233.6
2026-07-19 08:50:00,0.1661,0.1662,0.166,0.166,124801.8
2026-07-19 08:55:00,0.166,0.166,0.1658,0.1658,16426.1
2026-07-19 09:00:00,0.1659,0.166,0.1657,0.166,198529.7
2026-07-19 09:05:00,0.1659,0.166,0.1656,0.1657,146772.7
2026-07-19 09:10:00,0.1656,0.1656,0.1653,0.1654,288418.8
2026-07-19 09:15:00,0.1654,0.1654,0.1647,0.1648,538400.4
2026-07-19 09:20:00,0.1648,0.1649,0.1647,0.1649,178381.2
2026-07-19 09:25:00,0.1648,0.1649,0.1648,0.1648,93373.6
2026-07-19 09:30:00,0.1649,0.1651,0.1648,0.165,257794.0
2026-07-19 09:35:00,0.165,0.165,0.1649,0.165,60702.3
2026-07-19 09:40:00,0.1649,0.165,0.1648,0.1648,88855.6
2026-07-19 09:45:00,0.1649,0.1652,0.1648,0.1649,257479.6
2026-07-19 09:50:00,0.165,0.165,0.1648,0.165,30253.4
2026-07-19 09:55:00,0.1649,0.1649,0.1648,0.1649,65251.9
2026-07-19 10:00:00,0.1649,0.1651,0.1646,0.1651,217171.0
2026-07-19 10:05:00,0.165,0.165,0.1648,0.1649,155928.3
2026-07-19 10:10:00,0.1649,0.165,0.1648,0.1649,499230.5
2026-07-19 10:15:00,0.1649,0.1651,0.1649,0.1651,140024.2
2026-07-19 10:20:00,0.1652,0.1654,0.1651,0.1654,177100.2
2026-07-19 10:25:00,0.1654,0.1654,0.1651,0.1653,126472.8
2026-07-19 10:30:00,0.1654,0.1654,0.1652,0.1652,60793.1
2026-07-19 10:35:00,0.1652,0.1654,0.1652,0.1652,126330.0
2026-07-19 10:40:00,0.1652,0.1655,0.1652,0.1655,77281.6
2026-07-19 10:45:00,0.1655,0.1659,0.1655,0.1656,276051.4
2026-07-19 10:50:00,0.1655,0.1658,0.1655,0.1656,69909.5
2026-07-19 10:55:00,0.1656,0.1657,0.1655,0.1656,14334.4
2026-07-19 11:00:00,0.1656,0.1656,0.1652,0.1655,123190.0
2026-07-19 11:05:00,0.1654,0.1656,0.1653,0.1655,198725.7
2026-07-19 11:10:00,0.1654,0.1655,0.1653,0.1653,61793.3
2026-07-19 11:15:00,0.1653,0.1657,0.1653,0.1656,138497.0
2026-07-19 11:20:00,0.1657,0.1659,0.1655,0.1656,100591.7
2026-07-19 11:25:00,0.1656,0.1656,0.1653,0.1655,70157.5
2026-07-19 11:30:00,0.1654,0.1655,0.1653,0.1654,185918.2
2026-07-19 11:35:00,0.1654,0.1656,0.1652,0.1652,357076.4
2026-07-19 11:40:00,0.1652,0.1654,0.1651,0.1654,195825.6
2026-07-19 11:45:00,0.1654,0.1654,0.165,0.1651,89560.3
2026-07-19 11:50:00,0.1651,0.1651,0.1648,0.1649,191639.7
2026-07-19 11:55:00,0.1649,0.165,0.1648,0.165,124362.1
2026-07-19 12:00:00,0.1651,0.1651,0.1647,0.1648,122766.3
2026-07-19 12:05:00,0.1648,0.165,0.1645,0.1645,231276.4
2026-07-19 12:10:00,0.1646,0.1647,0.1645,0.1646,86813.7
2026-07-19 12:15:00,0.1646,0.1651,0.1646,0.1651,391856.4
2026-07-19 12:20:00,0.1651,0.1654,0.1651,0.1652,212076.2
2026-07-19 12:25:00,0.1653,0.1655,0.1649,0.1649,171874.7
2026-07-19 12:30:00,0.1649,0.1651,0.1648,0.1651,282331.4
2026-07-19 12:35:00,0.1651,0.1654,0.1651,0.1653,102795.7
2026-07-19 12:40:00,0.1654,0.1654,0.165,0.165,74987.2
2026-07-19 12:45:00,0.1651,0.1651,0.1649,0.1649,98397.2
2026-07-19 12:50:00,0.165,0.1653,0.1649,0.1652,104728.6
2026-07-19 12:55:00,0.1652,0.1652,0.165,0.165,20382.5
2026-07-19 13:00:00,0.1651,0.1651,0.1648,0.1651,74572.5
2026-07-19 13:05:00,0.1651,0.1651,0.1649,0.165,66882.1
2026-07-19 13:10:00,0.165,0.1651,0.1649,0.165,40878.8
2026-07-19 13:15:00,0.165,0.1651,0.1648,0.1649,57832.0
2026-07-19 13:20:00,0.1649,0.165,0.1647,0.1648,63667.8
2026-07-19 13:25:00,0.1648,0.165,0.1647,0.165,67293.6
2026-07-19 13:30:00,0.165,0.1652,0.165,0.165,33852.7
2026-07-19 13:35:00,0.1651,0.1652,0.1649,0.1651,137063.4
2026-07-19 13:40:00,0.1651,0.1654,0.165,0.1652,86354.7
2026-07-19 13:45:00,0.1653,0.1653,0.1652,0.1652,126596.4
2026-07-19 13:50:00,0.1652,0.1656,0.1652,0.1654,124606.4
2026-07-19 13:55:00,0.1654,0.1657,0.1654,0.1656,63520.0
2026-07-19 14:00:00,0.1656,0.1656,0.1653,0.1656,76308.3
2026-07-19 14:05:00,0.1657,0.1657,0.1654,0.1656,74948.1
2026-07-19 14:10:00,0.1656,0.1658,0.1655,0.1656,103376.9
2026-07-19 14:15:00,0.1657,0.1657,0.1652,0.1655,135364.4
2026-07-19 14:20:00,0.1655,0.1655,0.1652,0.1653,59600.5
2026-07-19 14:25:00,0.1653,0.1654,0.1651,0.1654,97252.6
2026-07-19 14:30:00,0.1653,0.1657,0.1653,0.1656,27023.4
2026-07-19 14:35:00,0.1657,0.1658,0.1654,0.1656,155658.8
2026-07-19 14:40:00,0.1657,0.166,0.1656,0.166,201394.7
2026-07-19 14:45:00,0.166,0.1666,0.166,0.1665,182189.6
2026-07-19 14:50:00,0.1666,0.167,0.1665,0.167,318537.8
2026-07-19 14:55:00,0.1669,0.1671,0.1667,0.1667,251089.7
2026-07-19 15:00:00,0.1667,0.1669,0.1666,0.1667,75481.6
2026-07-19 15:05:00,0.1666,0.1666,0.1664,0.1664,89674.5
2026-07-19 15:10:00,0.1663,0.1667,0.1663,0.1665,65366.7
2026-07-19 15:15:00,0.1666,0.1666,0.1663,0.1664,72481.0
2026-07-19 15:20:00,0.1664,0.1664,0.1662,0.1662,88588.5
2026-07-19 15:25:00,0.1662,0.1663,0.1659,0.166,186116.0
2026-07-19 15:30:00,0.1661,0.1663,0.166,0.1663,70622.2
2026-07-19 15:35:00,0.1663,0.1665,0.1663,0.1664,72099.2
2026-07-19 15:40:00,0.1664,0.1666,0.1664,0.1665,40241.7
2026-07-19 15:45:00,0.1665,0.1666,0.1664,0.1665,79743.0
2026-07-19 15:50:00,0.1665,0.1666,0.1662,0.1664,94707.3
2026-07-19 15:55:00,0.1664,0.1664,0.1662,0.1663,23060.6
2026-07-19 16:00:00,0.1663,0.1664,0.1659,0.1663,140222.0
2026-07-19 16:05:00,0.1664,0.1665,0.1658,0.1659,149512.5
2026-07-19 16:10:00,0.166,0.1661,0.1659,0.1659,55646.3
2026-07-19 16:15:00,0.1659,0.166,0.1658,0.1659,100872.0
2026-07-19 16:20:00,0.1659,0.1662,0.1658,0.1662,176544.1
2026-07-19 16:25:00,0.1661,0.1661,0.1658,0.166,69687.7
2026-07-19 16:30:00,0.1661,0.1661,0.1658,0.166,67902.4
2026-07-19 16:35:00,0.166,0.166,0.1657,0.1658,43867.5
2026-07-19 16:40:00,0.1658,0.1658,0.1657,0.1657,106743.9
2026-07-19 16:45:00,0.1658,0.1658,0.1656,0.1657,70996.3
2026-07-19 16:50:00,0.1657,0.1657,0.1654,0.1654,152106.9
2026-07-19 16:55:00,0.1653,0.1654,0.1652,0.1653,140707.2
2026-07-19 17:00:00,0.1652,0.1652,0.1639,0.165,1576307.1
2026-07-19 17:05:00,0.1649,0.1653,0.1649,0.1651,264063.3
2026-07-19 17:10:00,0.1651,0.1656,0.165,0.1656,341312.5
2026-07-19 17:15:00,0.1656,0.1656,0.1651,0.1652,91320.9
2026-07-19 17:20:00,0.1652,0.1654,0.165,0.1653,157344.6
2026-07-19 17:25:00,0.1653,0.1653,0.1651,0.1651,97856.7
2026-07-19 17:30:00,0.1652,0.1653,0.1652,0.1652,21411.0
2026-07-19 17:35:00,0.1652,0.1657,0.1652,0.1656,80966.1
2026-07-19 17:40:00,0.1655,0.1656,0.1653,0.1653,51400.0
2026-07-19 17:45:00,0.1654,0.1655,0.1652,0.1654,223822.9
2026-07-19 17:50:00,0.1654,0.1654,0.1652,0.1652,26086.0
2026-07-19 17:55:00,0.1652,0.1653,0.1651,0.1652,60059.6
2026-07-19 18:00:00,0.1652,0.1653,0.1647,0.1649,107647.6
2026-07-19 18:05:00,0.1648,0.1648,0.1639,0.1647,432586.3
2026-07-19 18:10:00,0.1648,0.165,0.1647,0.1648,37835.9
2026-07-19 18:15:00,0.1647,0.1648,0.1646,0.1647,20984.7
2026-07-19 18:20:00,0.1648,0.1649,0.1645,0.1647,368077.3
2026-07-19 18:25:00,0.1648,0.1648,0.1645,0.1645,121206.1
2026-07-19 18:30:00,0.1646,0.165,0.1642,0.1648,285950.8
2026-07-19 18:35:00,0.1649,0.1651,0.1649,0.1651,34949.9
2026-07-19 18:40:00,0.1651,0.1652,0.1649,0.165,77654.3
2026-07-19 18:45:00,0.165,0.1651,0.1648,0.1651,196374.0
2026-07-19 18:50:00,0.1651,0.1651,0.1649,0.165,29860.7
2026-07-19 18:55:00,0.1649,0.1651,0.1648,0.1651,75671.6
2026-07-19 19:00:00,0.1652,0.1652,0.1648,0.1652,171164.4
2026-07-19 19:05:00,0.1652,0.1655,0.1652,0.1655,213832.9
2026-07-19 19:10:00,0.1655,0.1656,0.1654,0.1655,37514.9
2026-07-19 19:15:00,0.1655,0.1655,0.1654,0.1655,57836.9
2026-07-19 19:20:00,0.1655,0.1658,0.1655,0.1656,186988.1
2026-07-19 19:25:00,0.1656,0.1656,0.1653,0.1654,58058.1
2026-07-19 19:30:00,0.1655,0.1655,0.1654,0.1655,53542.4
2026-07-19 19:35:00,0.1654,0.1658,0.1654,0.1655,74770.2
2026-07-19 19:40:00,0.1656,0.1657,0.1656,0.1657,31208.2
2026-07-19 19:45:00,0.1657,0.1657,0.1655,0.1656,6457.4
2026-07-19 19:50:00,0.1656,0.1658,0.1656,0.1658,58371.1
2026-07-19 19:55:00,0.1658,0.1661,0.1658,0.1661,200291.8
2026-07-19 20:00:00,0.1661,0.1663,0.1661,0.1661,81911.1
2026-07-19 20:05:00,0.1661,0.1664,0.166,0.1663,735187.0
2026-07-19 20:10:00,0.1663,0.1664,0.1663,0.1664,43463.7
2026-07-19 20:15:00,0.1663,0.1664,0.1659,0.166,426976.7
2026-07-19 20:20:00,0.166,0.1662,0.166,0.1662,87148.8
2026-07-19 20:25:00,0.1662,0.1662,0.166,0.1661,80828.7
2026-07-19 20:30:00,0.1661,0.1662,0.1661,0.1662,104970.6
2026-07-19 20:35:00,0.1662,0.1663,0.1661,0.1662,39829.5
2026-07-19 20:40:00,0.1662,0.1662,0.1661,0.1662,19477.7
2026-07-19 20:45:00,0.1662,0.1665,0.1662,0.1664,183147.6
2026-07-19 20:50:00,0.1665,0.1665,0.1664,0.1665,58657.6
2026-07-19 20:55:00,0.1665,0.1666,0.1664,0.1665,90866.3
2026-07-19 21:00:00,0.1666,0.1667,0.1662,0.1662,225779.8
2026-07-19 21:05:00,0.1662,0.1663,0.1661,0.1661,72816.8
2026-07-19 21:10:00,0.1661,0.1663,0.166,0.1663,56136.5
2026-07-19 21:15:00,0.1662,0.1662,0.166,0.166,61454.5
2026-07-19 21:20:00,0.166,0.166,0.1659,0.1659,18719.3
2026-07-19 21:25:00,0.1659,0.1659,0.1658,0.1658,17276.4
2026-07-19 21:30:00,0.1659,0.1659,0.1656,0.1656,31198.4
2026-07-19 21:35:00,0.1656,0.1656,0.1653,0.1655,146496.8
2026-07-19 21:40:00,0.1654,0.1654,0.1651,0.1652,69285.2
2026-07-19 21:45:00,0.1651,0.1653,0.1651,0.1652,66623.8
2026-07-19 21:50:00,0.1652,0.1652,0.1651,0.1652,5606.1
2026-07-19 21:55:00,0.1651,0.1651,0.1647,0.1651,392191.9
2026-07-19 22:00:00,0.1651,0.1664,0.1648,0.1656,352980.4
2026-07-19 22:05:00,0.1656,0.1658,0.1652,0.1658,122488.3
2026-07-19 22:10:00,0.1659,0.1665,0.1658,0.1664,126212.2
2026-07-19 22:15:00,0.1665,0.167,0.1665,0.1667,274807.5
2026-07-19 22:20:00,0.1667,0.1669,0.1662,0.1663,508164.6
2026-07-19 22:25:00,0.1662,0.1662,0.166,0.166,94275.2
2026-07-19 22:30:00,0.1661,0.1663,0.1658,0.1662,196083.6
2026-07-19 22:35:00,0.1662,0.1662,0.166,0.1662,35709.3
2026-07-19 22:40:00,0.1662,0.1664,0.1661,0.1663,109722.0
2026-07-19 22:45:00,0.1663,0.1663,0.1661,0.1663,99271.7
2026-07-19 22:50:00,0.1663,0.1663,0.166,0.1661,171441.3
2026-07-19 22:55:00,0.1661,0.1662,0.166,0.166,41923.1
2026-07-19 23:00:00,0.1659,0.1659,0.1654,0.1656,92330.9
2026-07-19 23:05:00,0.1656,0.1656,0.1653,0.1655,63763.6
2026-07-19 23:10:00,0.1657,0.1659,0.1655,0.1657,35703.7
2026-07-19 23:15:00,0.1657,0.1659,0.1657,0.1659,103781.0
2026-07-19 23:20:00,0.166,0.1663,0.1658,0.1663,131802.8
2026-07-19 23:25:00,0.1663,0.1665,0.1661,0.1661,115971.0
2026-07-19 23:30:00,0.1662,0.1663,0.1661,0.1663,35873.0
2026-07-19 23:35:00,0.1663,0.1666,0.166,0.166,117992.1
2026-07-19 23:40:00,0.166,0.1662,0.1658,0.1661,90030.9
2026-07-19 23:45:00,0.1662,0.1662,0.1658,0.166,129562.7
2026-07-19 23:50:00,0.1659,0.1661,0.1658,0.166,35631.9
2026-07-19 23:55:00,0.1659,0.1663,0.1659,0.1663,34531.1
2026-07-20 00:00:00,0.1662,0.1662,0.1657,0.1659,444066.2
2026-07-20 00:05:00,0.166,0.167,0.1659,0.1669,434646.8
2026-07-20 00:10:00,0.1668,0.168,0.1668,0.1678,1059652.7
2026-07-20 00:15:00,0.1678,0.1684,0.1678,0.1681,1114944.4
2026-07-20 00:20:00,0.1681,0.1681,0.1671,0.1674,537276.3
2026-07-20 00:25:00,0.1674,0.1675,0.1669,0.1671,189899.1
2026-07-20 00:30:00,0.1671,0.1672,0.1666,0.1667,99342.8
2026-07-20 00:35:00,0.1667,0.1673,0.1667,0.1672,365335.8
2026-07-20 00:40:00,0.1672,0.1675,0.167,0.167,250156.4
2026-07-20 00:45:00,0.1669,0.1669,0.1661,0.1663,147857.0
2026-07-20 00:50:00,0.1663,0.1663,0.1652,0.1658,350289.8
2026-07-20 00:55:00,0.1658,0.166,0.1656,0.1656,48995.2
2026-07-20 01:00:00,0.1657,0.1658,0.1654,0.1658,122769.0
2026-07-20 01:05:00,0.1659,0.1672,0.1659,0.1671,97315.9
2026-07-20 01:10:00,0.1671,0.1674,0.1666,0.1667,167118.9
2026-07-20 01:15:00,0.1666,0.1669,0.1661,0.1661,188612.0
2026-07-20 01:20:00,0.1661,0.1667,0.1659,0.1666,193610.9
2026-07-20 01:25:00,0.1666,0.167,0.1665,0.1666,205243.0
2026-07-20 01:30:00,0.1665,0.1665,0.166,0.1661,120070.4
2026-07-20 01:35:00,0.1661,0.1665,0.166,0.1662,249803.3
2026-07-20 01:40:00,0.1662,0.1663,0.1653,0.1654,307829.9
2026-07-20 01:45:00,0.1655,0.1656,0.1652,0.1656,100611.9
2026-07-20 01:50:00,0.1655,0.1656,0.1643,0.1644,964519.5
2026-07-20 01:55:00,0.1645,0.1649,0.1643,0.1649,185623.3
2026-07-20 02:00:00,0.1649,0.1663,0.1648,0.1663,154346.0
2026-07-20 02:05:00,0.1663,0.1664,0.1661,0.1664,150875.7
2026-07-20 02:10:00,0.1664,0.1665,0.166,0.166,268469.1
2026-07-20 02:15:00,0.166,0.166,0.1655,0.1655,205864.5
2026-07-20 02:20:00,0.1654,0.1655,0.1652,0.1653,234671.3
2026-07-20 02:25:00,0.1654,0.1655,0.1652,0.1654,159833.9
2026-07-20 02:30:00,0.1653,0.1662,0.1653,0.1657,166543.9
2026-07-20 02:35:00,0.1657,0.1659,0.1655,0.1656,76583.7
2026-07-20 02:40:00,0.1656,0.1663,0.1656,0.1658,155497.0
2026-07-20 02:45:00,0.1658,0.1666,0.1658,0.1664,270619.5
2026-07-20 02:50:00,0.1664,0.1665,0.1661,0.1661,138783.2
2026-07-20 02:55:00,0.1661,0.1662,0.1658,0.1659,129479.8
2026-07-20 03:00:00,0.1659,0.1664,0.1659,0.1663,107361.0
2026-07-20 03:05:00,0.1663,0.1663,0.1657,0.1658,183150.1
2026-07-20 03:10:00,0.1658,0.1659,0.1657,0.1658,67017.4
2026-07-20 03:15:00,0.1658,0.1661,0.1656,0.1656,21245.7
2026-07-20 03:20:00,0.1656,0.1657,0.1652,0.1655,127928.1
2026-07-20 03:25:00,0.1654,0.1654,0.1649,0.165,100163.2
2026-07-20 03:30:00,0.165,0.1656,0.1649,0.1655,563895.8
2026-07-20 03:35:00,0.1654,0.1656,0.1653,0.1655,519574.8
2026-07-20 03:40:00,0.1655,0.1658,0.1654,0.1658,81243.8
2026-07-20 03:45:00,0.1659,0.1659,0.1654,0.1655,61855.7
2026-07-20 03:50:00,0.1655,0.1657,0.1654,0.1655,17799.4
2026-07-20 03:55:00,0.1655,0.1655,0.1651,0.1655,243643.8
2026-07-20 04:00:00,0.1656,0.1656,0.1653,0.1654,154758.5
2026-07-20 04:05:00,0.1653,0.1653,0.165,0.1651,95981.8
2026-07-20 04:10:00,0.1651,0.1652,0.1645,0.1646,358257.1
2026-07-20 04:15:00,0.1647,0.1647,0.1644,0.1645,306606.3
2026-07-20 04:20:00,0.1645,0.1646,0.1643,0.1646,242929.6
2026-07-20 04:25:00,0.1646,0.1648,0.1645,0.1648,107042.2
2026-07-20 04:30:00,0.1648,0.1649,0.1645,0.1646,149299.3
2026-07-20 04:35:00,0.1646,0.165,0.1646,0.165,70703.9
2026-07-20 04:40:00,0.1649,0.1651,0.1648,0.165,110634.6
2026-07-20 04:45:00,0.1649,0.1651,0.1647,0.1648,255613.4
2026-07-20 04:50:00,0.1648,0.1648,0.1643,0.1643,89600.0
2026-07-20 04:55:00,0.1644,0.1646,0.1643,0.1644,65708.8
2026-07-20 05:00:00,0.1644,0.1644,0.1635,0.1635,1832584.1
2026-07-20 05:05:00,0.1635,0.164,0.1632,0.1635,1594853.0
2026-07-20 05:10:00,0.1634,0.1635,0.1622,0.1632,1647445.1
2026-07-20 05:15:00,0.1632,0.1634,0.1628,0.1633,170744.4
2026-07-20 05:20:00,0.1634,0.1634,0.1626,0.163,459832.8
2026-07-20 05:25:00,0.1629,0.1632,0.1628,0.1631,144761.4
2026-07-20 05:30:00,0.1632,0.1632,0.1628,0.1629,394567.2
2026-07-20 05:35:00,0.163,0.163,0.1625,0.1628,655245.6
2026-07-20 05:40:00,0.1628,0.1631,0.1627,0.1627,246887.4
2026-07-20 05:45:00,0.1627,0.1627,0.1624,0.1626,923393.3
2026-07-20 05:50:00,0.1626,0.1626,0.1621,0.1622,352608.2
2026-07-20 05:55:00,0.1622,0.1626,0.1621,0.1623,1049207.2
2026-07-20 06:00:00,0.1623,0.1626,0.1622,0.1626,289237.4
2026-07-20 06:05:00,0.1626,0.1626,0.1622,0.1624,127774.2
2026-07-20 06:10:00,0.1623,0.1625,0.1621,0.1623,103295.6
2026-07-20 06:15:00,0.1623,0.1625,0.1621,0.1623,311375.0
2026-07-20 06:20:00,0.1624,0.1626,0.1621,0.1621,116802.9
2026-07-20 06:25:00,0.1622,0.1624,0.1617,0.1619,1116761.5
2026-07-20 06:30:00,0.1619,0.1619,0.1608,0.1613,1247153.2
2026-07-20 06:35:00,0.1614,0.1614,0.1607,0.1613,738381.2
2026-07-20 06:40:00,0.1613,0.1616,0.1611,0.1614,735820.7
2026-07-20 06:45:00,0.1614,0.1615,0.1609,0.1612,476946.3
2026-07-20 06:50:00,0.1612,0.1618,0.1612,0.1616,270508.5
2026-07-20 06:55:00,0.1616,0.1617,0.1613,0.1614,272908.4
2026-07-20 07:00:00,0.1615,0.1617,0.1613,0.1616,830993.2
2026-07-20 07:05:00,0.1616,0.1619,0.1616,0.1617,413269.0
2026-07-20 07:10:00,0.1617,0.1618,0.1615,0.1616,260850.4
2026-07-20 07:15:00,0.1617,0.1618,0.1612,0.1617,682943.4
2026-07-20 07:20:00,0.1618,0.162,0.1615,0.162,210628.1
2026-07-20 07:25:00,0.162,0.1625,0.162,0.1625,441262.9
2026-07-20 07:30:00,0.1625,0.1627,0.1623,0.1624,198644.2
2026-07-20 07:35:00,0.1623,0.1623,0.162,0.1621,123899.8
2026-07-20 07:40:00,0.1621,0.1624,0.1621,0.1624,87021.9
2026-07-20 07:45:00,0.1624,0.1624,0.1622,0.1623,61240.3
2026-07-20 07:50:00,0.1623,0.1627,0.1623,0.1627,50361.3
2026-07-20 07:55:00,0.1628,0.1628,0.1625,0.1625,45844.4
2026-07-20 08:00:00,0.1626,0.1629,0.1624,0.1626,282647.8
2026-07-20 08:05:00,0.1627,0.1627,0.1623,0.1623,400478.0
2026-07-20 08:10:00,0.1624,0.163,0.1623,0.163,429126.2
2026-07-20 08:15:00,0.1629,0.1632,0.1626,0.1626,483014.7
2026-07-20 08:20:00,0.1626,0.1626,0.1624,0.1626,89788.3
2026-07-20 08:25:00,0.1625,0.1627,0.1623,0.1624,760364.1
2026-07-20 08:30:00,0.1624,0.1625,0.1621,0.1625,347565.5
2026-07-20 08:35:00,0.1625,0.1627,0.1615,0.1619,2293475.1
2026-07-20 08:40:00,0.1619,0.162,0.1617,0.1617,187613.9
2026-07-20 08:45:00,0.1617,0.1621,0.1616,0.1621,109025.8
2026-07-20 08:50:00,0.1622,0.1623,0.1615,0.1617,120579.2
2026-07-20 08:55:00,0.1616,0.1621,0.1615,0.162,2212983.7
2026-07-20 09:00:00,0.1619,0.1621,0.1618,0.1619,183725.8
2026-07-20 09:05:00,0.1619,0.1621,0.1617,0.162,331515.1
2026-07-20 09:10:00,0.1621,0.1622,0.1621,0.1622,138521.1
2026-07-20 09:15:00,0.1622,0.1626,0.1622,0.1623,53105.6
2026-07-20 09:20:00,0.1622,0.1628,0.1622,0.1627,210799.8
2026-07-20 09:25:00,0.1627,0.1628,0.1627,0.1628,46531.7
2026-07-20 09:30:00,0.1629,0.1631,0.1628,0.1629,132400.0
2026-07-20 09:35:00,0.163,0.1631,0.1627,0.1627,179868.7
2026-07-20 09:40:00,0.1628,0.1629,0.1627,0.1629,93890.0
2026-07-20 09:45:00,0.1629,0.163,0.1628,0.163,125976.5
2026-07-20 09:50:00,0.1629,0.1631,0.1629,0.163,216067.5
2026-07-20 09:55:00,0.163,0.163,0.1628,0.1629,155700.7
2026-07-20 10:00:00,0.1628,0.1629,0.1626,0.1627,55272.9
2026-07-20 10:05:00,0.1627,0.1629,0.1626,0.1628,50795.0
2026-07-20 10:10:00,0.1628,0.163,0.1628,0.1629,179226.0
2026-07-20 10:15:00,0.1629,0.1631,0.1628,0.1631,80030.7
2026-07-20 10:20:00,0.1631,0.1634,0.163,0.1634,245103.5
2026-07-20 10:25:00,0.1634,0.1635,0.1631,0.1634,204850.5
2026-07-20 10:30:00,0.1635,0.1635,0.163,0.1631,48143.7
2026-07-20 10:35:00,0.1632,0.1634,0.163,0.1631,78460.0
2026-07-20 10:40:00,0.1632,0.1633,0.163,0.1633,56819.0
2026-07-20 10:45:00,0.1632,0.1633,0.1631,0.1632,34695.5
2026-07-20 10:50:00,0.1632,0.1633,0.1631,0.1632,60765.8
2026-07-20 10:55:00,0.1633,0.1634,0.1632,0.1632,101855.7
2026-07-20 11:00:00,0.1632,0.1633,0.1629,0.1631,141317.5
2026-07-20 11:05:00,0.1631,0.1635,0.1631,0.1633,130318.0
2026-07-20 11:10:00,0.1632,0.1633,0.1632,0.1633,33619.3
2026-07-20 11:15:00,0.1633,0.1634,0.1631,0.1631,75203.5
2026-07-20 11:20:00,0.1632,0.1632,0.1631,0.1631,17889.3
2026-07-20 11:25:00,0.1632,0.1633,0.1631,0.1632,105791.9
2026-07-20 11:30:00,0.1632,0.1648,0.1632,0.1647,1398720.2
2026-07-20 11:35:00,0.1648,0.1652,0.1647,0.1649,1259489.3
2026-07-20 11:40:00,0.1649,0.1651,0.1646,0.1646,594392.6
2026-07-20 11:45:00,0.1647,0.1662,0.1647,0.1656,1593802.9
2026-07-20 11:50:00,0.1656,0.1656,0.1652,0.1653,598117.9
2026-07-20 11:55:00,0.1654,0.1657,0.1652,0.1655,678495.4
2026-07-20 12:00:00,0.1656,0.1656,0.1644,0.1648,1016734.1
2026-07-20 12:05:00,0.1648,0.1649,0.1646,0.1647,505179.8
2026-07-20 12:10:00,0.1647,0.1648,0.1644,0.1646,430409.8
2026-07-20 12:15:00,0.1647,0.1647,0.1642,0.1642,164253.5
2026-07-20 12:20:00,0.1643,0.1643,0.1641,0.1641,79507.8
2026-07-20 12:25:00,0.1641,0.1644,0.164,0.1642,355325.0
2026-07-20 12:30:00,0.1643,0.1644,0.1639,0.1643,312932.7
2026-07-20 12:35:00,0.1642,0.1644,0.1641,0.1641,39974.8
2026-07-20 12:40:00,0.1641,0.1642,0.1639,0.1639,73665.6
2026-07-20 12:45:00,0.1639,0.1644,0.1639,0.1644,62598.8
2026-07-20 12:50:00,0.1644,0.1645,0.1642,0.1642,66201.8
2026-07-20 12:55:00,0.1643,0.1643,0.1639,0.1643,91215.4
2026-07-20 13:00:00,0.1644,0.1645,0.1642,0.1642,281308.1
2026-07-20 13:05:00,0.1642,0.1643,0.1642,0.1643,19261.0
2026-07-20 13:10:00,0.1642,0.1643,0.164,0.164,94353.4
2026-07-20 13:15:00,0.164,0.1642,0.164,0.1641,90485.3
2026-07-20 13:20:00,0.1641,0.1642,0.164,0.1641,31926.1
2026-07-20 13:25:00,0.164,0.164,0.1635,0.1637,345454.8
2026-07-20 13:30:00,0.1638,0.1644,0.1634,0.1643,649741.3
2026-07-20 13:35:00,0.1643,0.1645,0.164,0.1642,255665.5
2026-07-20 13:40:00,0.1642,0.1643,0.1639,0.1639,95082.7
2026-07-20 13:45:00,0.1639,0.1639,0.163,0.1635,371846.1
2026-07-20 13:50:00,0.1636,0.1638,0.1628,0.163,1294659.2
2026-07-20 13:55:00,0.1629,0.1631,0.1624,0.1629,479608.3
2026-07-20 14:00:00,0.1628,0.1631,0.1624,0.1629,170335.8
2026-07-20 14:05:00,0.1628,0.1631,0.1628,0.163,161244.4
2026-07-20 14:10:00,0.1629,0.1629,0.1624,0.1624,195408.5
2026-07-20 14:15:00,0.1626,0.1626,0.162,0.162,913412.9
2026-07-20 14:20:00,0.162,0.1626,0.1617,0.1626,459293.4
2026-07-20 14:25:00,0.1626,0.1629,0.1625,0.1629,133899.3
2026-07-20 14:30:00,0.1629,0.163,0.1628,0.1629,141715.7
2026-07-20 14:35:00,0.1629,0.163,0.1626,0.1628,155119.9
2026-07-20 14:40:00,0.1627,0.1629,0.1627,0.1629,48851.8
2026-07-20 14:45:00,0.1628,0.1632,0.1624,0.1626,421592.6
2026-07-20 14:50:00,0.1625,0.1627,0.1623,0.1624,161558.9
2026-07-20 14:55:00,0.1623,0.1625,0.1622,0.1624,113734.1
2026-07-20 15:00:00,0.1625,0.1635,0.1624,0.1634,768670.9
2026-07-20 15:05:00,0.1635,0.1642,0.1632,0.164,448101.4
2026-07-20 15:10:00,0.1641,0.1647,0.1639,0.1645,278399.6
2026-07-20 15:15:00,0.1645,0.1647,0.1642,0.1646,560426.3
2026-07-20 15:20:00,0.1645,0.1646,0.1643,0.1645,734099.5
2026-07-20 15:25:00,0.1646,0.1647,0.1644,0.1646,270129.4
2026-07-20 15:30:00,0.1647,0.1649,0.1643,0.1645,214169.5
2026-07-20 15:35:00,0.1645,0.1647,0.1644,0.1644,145521.6
2026-07-20 15:40:00,0.1644,0.1655,0.1644,0.1654,745338.4
2026-07-20 15:45:00,0.1654,0.1661,0.1654,0.1658,667938.2
2026-07-20 15:50:00,0.1658,0.1667,0.1656,0.1663,678291.3
2026-07-20 15:55:00,0.1663,0.1671,0.1663,0.1669,1403219.1
2026-07-20 16:00:00,0.167,0.1675,0.1668,0.1671,1321998.8
2026-07-20 16:05:00,0.1671,0.1672,0.1664,0.1669,1527078.2
2026-07-20 16:10:00,0.1669,0.1671,0.1665,0.1666,1159773.2
2026-07-20 16:15:00,0.1667,0.1675,0.1664,0.1665,2127051.4
2026-07-20 16:20:00,0.1664,0.1666,0.1661,0.1663,1043001.1
2026-07-20 16:25:00,0.1664,0.1665,0.1659,0.1664,1439406.1
2026-07-20 16:30:00,0.1664,0.1668,0.1659,0.1663,428398.8
2026-07-20 16:35:00,0.1663,0.1663,0.1658,0.1661,342343.2
2026-07-20 16:40:00,0.1662,0.1663,0.1653,0.1659,2105559.8
2026-07-20 16:45:00,0.1658,0.1665,0.1658,0.1664,198680.1
2026-07-20 16:50:00,0.1663,0.1665,0.1661,0.1661,918366.3
2026-07-20 16:55:00,0.1661,0.1663,0.1659,0.1663,176901.1
2026-07-20 17:00:00,0.1662,0.1665,0.1659,0.1663,174914.0
2026-07-20 17:05:00,0.1663,0.1668,0.1662,0.1668,1070310.9
2026-07-20 17:10:00,0.1668,0.1669,0.1662,0.1664,400636.5
2026-07-20 17:15:00,0.1663,0.1663,0.166,0.1662,353765.2
2026-07-20 17:20:00,0.1661,0.1666,0.166,0.1665,876330.9
2026-07-20 17:25:00,0.1665,0.167,0.1664,0.167,889759.1
2026-07-20 17:30:00,0.1671,0.1671,0.1665,0.1665,428011.6
2026-07-20 17:35:00,0.1666,0.1666,0.1663,0.1665,205196.8
2026-07-20 17:40:00,0.1664,0.1665,0.1663,0.1665,514013.2
2026-07-20 17:45:00,0.1665,0.1671,0.1665,0.167,1028963.0
2026-07-20 17:50:00,0.167,0.1678,0.167,0.1674,689797.4
2026-07-20 17:55:00,0.1674,0.1675,0.1672,0.1674,337829.5
2026-07-20 18:00:00,0.1675,0.169,0.1675,0.1685,2080567.2
2026-07-20 18:05:00,0.1685,0.1686,0.1683,0.1685,727697.0
2026-07-20 18:10:00,0.1685,0.1699,0.1682,0.1698,2354580.2
2026-07-20 18:15:00,0.1699,0.1707,0.1693,0.1694,1697998.0
2026-07-20 18:20:00,0.1694,0.1695,0.1687,0.1689,1408440.1
2026-07-20 18:25:00,0.169,0.1692,0.1687,0.1688,540038.1
2026-07-20 18:30:00,0.1688,0.17,0.1687,0.1691,2786197.8
2026-07-20 18:35:00,0.1691,0.1691,0.1683,0.1683,751720.1
2026-07-20 18:40:00,0.1684,0.1686,0.1682,0.1685,590039.9
2026-07-20 18:45:00,0.1684,0.1686,0.1681,0.1684,1357492.8
2026-07-20 18:50:00,0.1683,0.1688,0.1682,0.1684,387661.6
2026-07-20 18:55:00,0.1684,0.1687,0.1682,0.1684,352261.6
2026-07-20 19:00:00,0.1683,0.169,0.168,0.1686,1797358.5
2026-07-20 19:05:00,0.1686,0.169,0.1684,0.1687,542750.3
2026-07-20 19:10:00,0.1687,0.1691,0.1681,0.1682,498185.4
2026-07-20 19:15:00,0.1681,0.1685,0.168,0.1682,691884.1
2026-07-20 19:20:00,0.1682,0.1686,0.168,0.1686,1714093.2
2026-07-20 19:25:00,0.1686,0.1691,0.1681,0.1686,2302408.3
2026-07-20 19:30:00,0.1686,0.1687,0.1683,0.1685,664872.2
2026-07-20 19:35:00,0.1684,0.1685,0.1679,0.1682,500582.1
2026-07-20 19:40:00,0.1681,0.1685,0.1681,0.1685,1052175.6
2026-07-20 19:45:00,0.1684,0.1684,0.1676,0.1679,483813.8
2026-07-20 19:50:00,0.1679,0.1682,0.1677,0.1679,1097997.0
2026-07-20 19:55:00,0.1678,0.1679,0.1677,0.1678,326779.4
2026-07-20 20:00:00,0.1678,0.168,0.1672,0.1674,663456.6
2026-07-20 20:05:00,0.1673,0.1676,0.1672,0.1673,325657.2
2026-07-20 20:10:00,0.1673,0.168,0.1673,0.1679,395822.3
2026-07-20 20:15:00,0.1679,0.1681,0.1677,0.168,492857.8
2026-07-20 20:20:00,0.168,0.1686,0.1679,0.1685,1341690.0
2026-07-20 20:25:00,0.1685,0.1688,0.1683,0.1686,634314.6
2026-07-20 20:30:00,0.1687,0.1696,0.1687,0.1694,845727.9
2026-07-20 20:35:00,0.1693,0.1697,0.1693,0.1693,305882.6
2026-07-20 20:40:00,0.1692,0.1692,0.1687,0.169,245025.6
2026-07-20 20:45:00,0.1691,0.1692,0.1687,0.169,893310.5
2026-07-20 20:50:00,0.169,0.1696,0.1689,0.1696,550504.6
2026-07-20 20:55:00,0.1697,0.1699,0.1695,0.1699,474051.4
2026-07-20 21:00:00,0.1699,0.1707,0.1698,0.1705,1190276.9
2026-07-20 21:05:00,0.1705,0.1705,0.1699,0.17,591693.2
2026-07-20 21:10:00,0.17,0.1702,0.1699,0.17,575009.1
2026-07-20 21:15:00,0.1699,0.1704,0.1699,0.1702,348880.1
2026-07-20 21:20:00,0.1702,0.1706,0.1702,0.1703,477513.2
2026-07-20 21:25:00,0.1703,0.1704,0.1696,0.1698,555511.1
2026-07-20 21:30:00,0.1698,0.172,0.1697,0.1716,3507902.8
2026-07-20 21:35:00,0.1716,0.1718,0.1712,0.1714,1128437.0
2026-07-20 21:40:00,0.1714,0.1717,0.1707,0.1708,440055.7
2026-07-20 21:45:00,0.1708,0.1709,0.1701,0.1702,313143.8
2026-07-20 21:50:00,0.1702,0.1702,0.17,0.1702,220079.6
2026-07-20 21:55:00,0.1703,0.1703,0.1697,0.1699,246522.3
2026-07-20 22:00:00,0.1699,0.17,0.1693,0.1697,875298.8
2026-07-20 22:05:00,0.1697,0.1697,0.1695,0.1697,284746.6
2026-07-20 22:10:00,0.1698,0.1703,0.1697,0.1699,352681.8
2026-07-20 22:15:00,0.1699,0.17,0.1694,0.1696,168174.3
2026-07-20 22:20:00,0.1696,0.1698,0.1694,0.1694,331872.4
2026-07-20 22:25:00,0.1694,0.1694,0.1691,0.1692,181326.1
2026-07-20 22:30:00,0.1692,0.1694,0.1689,0.169,551385.9
2026-07-20 22:35:00,0.1691,0.1693,0.169,0.169,505395.9
2026-07-20 22:40:00,0.169,0.1692,0.1689,0.1692,307481.9
2026-07-20 22:45:00,0.1692,0.1693,0.169,0.169,69301.1
2026-07-20 22:50:00,0.1691,0.1692,0.1689,0.1692,697894.0
2026-07-20 22:55:00,0.1691,0.1692,0.169,0.1692,228161.0
2026-07-20 23:00:00,0.1691,0.1697,0.1691,0.1695,459519.4
2026-07-20 23:05:00,0.1695,0.1702,0.1695,0.1702,457296.2
2026-07-20 23:10:00,0.1702,0.1703,0.1696,0.1697,276440.2
2026-07-20 23:15:00,0.1698,0.1702,0.1698,0.1702,284391.7
2026-07-20 23:20:00,0.1701,0.1704,0.17,0.1704,152038.2
2026-07-20 23:25:00,0.1704,0.1711,0.1703,0.1711,328850.8
2026-07-20 23:30:00,0.171,0.1712,0.1705,0.1705,307685.8
2026-07-20 23:35:00,0.1706,0.1707,0.1705,0.1705,203621.1
2026-07-20 23:40:00,0.1705,0.1708,0.1704,0.1708,150305.3
2026-07-20 23:45:00,0.1708,0.1709,0.1702,0.1704,485033.2
2026-07-20 23:50:00,0.1703,0.1703,0.1697,0.1698,193082.6
2026-07-20 23:55:00,0.1699,0.17,0.1696,0.1698,131548.8
2026-07-21 00:00:00,0.1697,0.1701,0.1694,0.1701,556426.0
2026-07-21 00:05:00,0.1702,0.1702,0.1698,0.1701,307427.9
2026-07-21 00:10:00,0.17,0.1705,0.17,0.1701,486438.9
2026-07-21 00:15:00,0.1701,0.1705,0.1699,0.1705,640125.9
2026-07-21 00:20:00,0.1705,0.1708,0.1703,0.1707,477437.6
2026-07-21 00:25:00,0.1707,0.171,0.1705,0.1707,608150.0
2026-07-21 00:30:00,0.1707,0.1709,0.1706,0.1708,378440.5
2026-07-21 00:35:00,0.1708,0.1713,0.1706,0.1713,219293.7
2026-07-21 00:40:00,0.1712,0.1727,0.1711,0.1716,2849606.3
2026-07-21 00:45:00,0.1717,0.1717,0.1712,0.1715,893725.4
2026-07-21 00:50:00,0.1715,0.1715,0.1708,0.1709,670166.7
2026-07-21 00:55:00,0.1709,0.1711,0.1708,0.1709,120271.6
2026-07-21 01:00:00,0.1708,0.1711,0.1707,0.1711,137692.8
2026-07-21 01:05:00,0.1711,0.1713,0.1708,0.1712,479450.2
2026-07-21 01:10:00,0.1712,0.1715,0.1711,0.1712,282559.1
2026-07-21 01:15:00,0.1713,0.1713,0.1706,0.1707,420331.1
2026-07-21 01:20:00,0.1708,0.171,0.1706,0.1708,422414.4
2026-07-21 01:25:00,0.1708,0.1711,0.1707,0.1709,572674.7
2026-07-21 01:30:00,0.1709,0.1709,0.1705,0.1707,151770.1
2026-07-21 01:35:00,0.1707,0.1708,0.1701,0.1701,447868.3
2026-07-21 01:40:00,0.1702,0.1702,0.17,0.1701,247153.1
2026-07-21 01:45:00,0.1701,0.1705,0.1701,0.1704,200514.4
2026-07-21 01:50:00,0.1703,0.1705,0.1701,0.1703,205941.6
2026-07-21 01:55:00,0.1703,0.1704,0.1701,0.1702,131567.7
2026-07-21 02:00:00,0.1702,0.1705,0.1702,0.1705,150242.2
2026-07-21 02:05:00,0.1704,0.1708,0.1704,0.1704,396992.2
2026-07-21 02:10:00,0.1703,0.1704,0.17,0.1702,130042.6
2026-07-21 02:15:00,0.1703,0.1703,0.1694,0.1696,692188.7
2026-07-21 02:20:00,0.1696,0.1699,0.1695,0.1698,105081.6
2026-07-21 02:25:00,0.1699,0.1699,0.1695,0.1696,33326.0
2026-07-21 02:30:00,0.1696,0.1701,0.1694,0.1701,102102.4
2026-07-21 02:35:00,0.1701,0.1703,0.17,0.1703,131320.0
2026-07-21 02:40:00,0.1702,0.1703,0.17,0.1701,186396.0
2026-07-21 02:45:00,0.1701,0.1703,0.17,0.1703,81904.0
2026-07-21 02:50:00,0.1702,0.1704,0.17,0.1702,280920.5
2026-07-21 02:55:00,0.1703,0.1708,0.1703,0.1705,240070.3
2026-07-21 03:00:00,0.1705,0.1709,0.1705,0.1708,333188.6
2026-07-21 03:05:00,0.1709,0.1715,0.1708,0.171,337656.9
2026-07-21 03:10:00,0.171,0.1713,0.171,0.1711,166727.6
2026-07-21 03:15:00,0.1712,0.1713,0.1708,0.171,306099.3
2026-07-21 03:20:00,0.171,0.1713,0.1709,0.1711,134973.5
2026-07-21 03:25:00,0.1711,0.1711,0.1707,0.171,274428.1
2026-07-21 03:30:00,0.171,0.171,0.1708,0.1709,246453.2
2026-07-21 03:35:00,0.171,0.1715,0.1709,0.1715,551075.4
2026-07-21 03:40:00,0.1715,0.1716,0.1713,0.1715,351889.8
2026-07-21 03:45:00,0.1715,0.1722,0.1714,0.1721,485792.0
2026-07-21 03:50:00,0.1721,0.1731,0.172,0.173,1409426.2
2026-07-21 03:55:00,0.173,0.1731,0.1723,0.1725,1047164.2
2026-07-21 04:00:00,0.1725,0.1734,0.1723,0.1724,2455330.9
2026-07-21 04:05:00,0.1724,0.1725,0.1719,0.1719,760329.5
2026-07-21 04:10:00,0.1719,0.1719,0.1714,0.1716,208752.8
2026-07-21 04:15:00,0.1716,0.1716,0.1712,0.1714,684965.2
2026-07-21 04:20:00,0.1713,0.1724,0.1712,0.1717,1783045.2
2026-07-21 04:25:00,0.1717,0.1718,0.1714,0.1717,911380.5
2026-07-21 04:30:00,0.1716,0.1726,0.1715,0.1721,2168507.4
2026-07-21 04:35:00,0.1722,0.1725,0.1721,0.1723,303618.8
2026-07-21 04:40:00,0.1723,0.1724,0.172,0.1723,195728.6
2026-07-21 04:45:00,0.1722,0.1725,0.1721,0.1724,114947.4
2026-07-21 04:50:00,0.1723,0.1726,0.1722,0.1724,328660.4
2026-07-21 04:55:00,0.1724,0.1724,0.1722,0.1723,81863.6
2026-07-21 05:00:00,0.1722,0.1745,0.1722,0.1741,3409850.7
2026-07-21 05:05:00,0.1741,0.1744,0.1735,0.1743,1027091.4
2026-07-21 05:10:00,0.1743,0.176,0.1738,0.1752,4546510.2
2026-07-21 05:15:00,0.1751,0.1753,0.174,0.1743,1119226.3
2026-07-21 05:20:00,0.1743,0.1757,0.1741,0.1756,1305014.0
2026-07-21 05:25:00,0.1756,0.1768,0.1754,0.1765,1353443.8
2026-07-21 05:30:00,0.1766,0.1772,0.1762,0.177,1909497.7
2026-07-21 05:35:00,0.177,0.1777,0.1762,0.1763,3096218.6
2026-07-21 05:40:00,0.1764,0.1769,0.1762,0.1765,718316.6
2026-07-21 05:45:00,0.1764,0.1768,0.1761,0.1767,963067.8
2026-07-21 05:50:00,0.1767,0.1768,0.1764,0.1765,495461.4
2026-07-21 05:55:00,0.1765,0.1765,0.1755,0.1757,1244804.5
2026-07-21 06:00:00,0.1757,0.1765,0.1757,0.1765,932190.1
2026-07-21 06:05:00,0.1765,0.1765,0.1756,0.1758,356051.7
2026-07-21 06:10:00,0.1758,0.176,0.1756,0.1758,450580.8
2026-07-21 06:15:00,0.1758,0.1763,0.1756,0.1757,712802.2
2026-07-21 06:20:00,0.1757,0.1766,0.1755,0.1766,543121.5
2026-07-21 06:25:00,0.1765,0.1767,0.176,0.1764,614016.1
2026-07-21 06:30:00,0.1764,0.1774,0.1761,0.1769,2025760.8
2026-07-21 06:35:00,0.1769,0.1776,0.1766,0.1767,1759317.1
2026-07-21 06:40:00,0.1767,0.1767,0.1761,0.1764,860833.2
2026-07-21 06:45:00,0.1764,0.1766,0.1758,0.1764,1019492.1
2026-07-21 06:50:00,0.1763,0.1766,0.1762,0.1765,255281.6
2026-07-21 06:55:00,0.1765,0.1766,0.1761,0.1763,529210.6
2026-07-21 07:00:00,0.1762,0.1768,0.1762,0.1765,686734.3
2026-07-21 07:05:00,0.1765,0.1765,0.1759,0.1761,338965.8
2026-07-21 07:10:00,0.1761,0.1762,0.1758,0.1761,247939.2
2026-07-21 07:15:00,0.1761,0.1761,0.1754,0.1755,716994.4
2026-07-21 07:20:00,0.1756,0.1756,0.1751,0.1752,820111.7
2026-07-21 07:25:00,0.1752,0.1753,0.1749,0.175,385583.6
2026-07-21 07:30:00,0.1751,0.1753,0.175,0.1752,215673.8
2026-07-21 07:35:00,0.1752,0.1754,0.1751,0.1752,720240.5
2026-07-21 07:40:00,0.1752,0.176,0.1751,0.1753,699616.1
2026-07-21 07:45:00,0.1753,0.176,0.1752,0.176,477770.6
2026-07-21 07:50:00,0.1759,0.1761,0.1756,0.1759,733172.9
2026-07-21 07:55:00,0.1759,0.1765,0.1758,0.1764,730488.4
2026-07-21 08:00:00,0.1765,0.1765,0.1758,0.1761,997565.7
2026-07-21 08:05:00,0.1761,0.1763,0.1755,0.1755,389382.0
2026-07-21 08:10:00,0.1755,0.1758,0.1754,0.1757,378420.2
2026-07-21 08:15:00,0.1757,0.1757,0.1752,0.1754,216741.6
2026-07-21 08:20:00,0.1755,0.1758,0.1752,0.1753,522120.0
2026-07-21 08:25:00,0.1752,0.1753,0.1748,0.1752,333245.3
2026-07-21 08:30:00,0.1752,0.1753,0.175,0.1752,114487.0
2026-07-21 08:35:00,0.1751,0.1753,0.1751,0.1752,125043.2
2026-07-21 08:40:00,0.1752,0.1753,0.175,0.1751,379151.9
2026-07-21 08:45:00,0.1752,0.1753,0.1749,0.175,316785.4
2026-07-21 08:50:00,0.175,0.1751,0.1746,0.1748,262080.3
2026-07-21 08:55:00,0.1747,0.1749,0.1745,0.1745,229382.1
2026-07-21 09:00:00,0.1746,0.1746,0.1743,0.1744,749777.4
2026-07-21 09:05:00,0.1744,0.1747,0.1743,0.1747,308102.0
2026-07-21 09:10:00,0.1746,0.1749,0.1745,0.1746,233996.7
2026-07-21 09:15:00,0.1747,0.175,0.1745,0.1748,419834.1
2026-07-21 09:20:00,0.1747,0.175,0.1746,0.175,241684.5
2026-07-21 09:25:00,0.175,0.1751,0.1747,0.1747,162249.8
2026-07-21 09:30:00,0.1748,0.1752,0.1747,0.1751,186190.0
2026-07-21 09:35:00,0.1752,0.1752,0.1747,0.1748,676064.2
2026-07-21 09:40:00,0.1749,0.1751,0.1748,0.1751,59501.7
2026-07-21 09:45:00,0.175,0.1755,0.175,0.1755,320386.9
2026-07-21 09:50:00,0.1754,0.1755,0.1752,0.1755,146285.7
2026-07-21 09:55:00,0.1756,0.1757,0.1748,0.1748,1135509.4
2026-07-21 10:00:00,0.1748,0.175,0.1745,0.1746,194277.9
2026-07-21 10:05:00,0.1747,0.1748,0.1744,0.1747,390176.5
2026-07-21 10:10:00,0.1747,0.1748,0.1746,0.1747,617487.1
2026-07-21 10:15:00,0.1747,0.1748,0.1745,0.1746,486963.5
2026-07-21 10:20:00,0.1747,0.175,0.1746,0.175,266818.7
2026-07-21 10:25:00,0.175,0.1752,0.1749,0.1751,571074.1
2026-07-21 10:30:00,0.1751,0.1758,0.1751,0.1756,1547901.5
2026-07-21 10:35:00,0.1757,0.1758,0.175,0.1754,484961.1
2026-07-21 10:40:00,0.1754,0.1754,0.175,0.175,233956.9
2026-07-21 10:45:00,0.175,0.1754,0.1749,0.1751,711051.7
2026-07-21 10:50:00,0.175,0.175,0.1745,0.1746,371083.7
2026-07-21 10:55:00,0.1745,0.1748,0.1745,0.1747,188103.1
2026-07-21 11:00:00,0.1747,0.1748,0.1746,0.1747,199308.5
2026-07-21 11:05:00,0.1747,0.1748,0.1744,0.1745,179373.7
2026-07-21 11:10:00,0.1745,0.1747,0.1743,0.1746,700558.8
2026-07-21 11:15:00,0.1746,0.1746,0.1744,0.1744,156138.9
2026-07-21 11:20:00,0.1744,0.1747,0.1744,0.1744,140256.2
2026-07-21 11:25:00,0.1745,0.1745,0.1742,0.1743,734835.4
2026-07-21 11:30:00,0.1743,0.1744,0.1742,0.1742,324215.6
2026-07-21 11:35:00,0.1742,0.1746,0.1741,0.1746,241368.5
2026-07-21 11:40:00,0.1745,0.1747,0.1744,0.1745,267190.5
2026-07-21 11:45:00,0.1745,0.175,0.1745,0.1749,190213.4
2026-07-21 11:50:00,0.1748,0.175,0.1747,0.1747,150017.5
2026-07-21 11:55:00,0.1746,0.1747,0.1745,0.1747,186627.3
2026-07-21 12:00:00,0.1748,0.175,0.1744,0.1748,438273.6
2026-07-21 12:05:00,0.1747,0.1757,0.1747,0.1752,713153.7
2026-07-21 12:10:00,0.1751,0.1755,0.175,0.1753,622010.3
2026-07-21 12:15:00,0.1754,0.1755,0.175,0.1755,1037566.5
2026-07-21 12:20:00,0.1755,0.1756,0.1751,0.1751,296455.2
2026-07-21 12:25:00,0.1751,0.1752,0.1748,0.175,342797.4
2026-07-21 12:30:00,0.1751,0.1751,0.1749,0.175,89494.3
2026-07-21 12:35:00,0.175,0.1757,0.1749,0.1756,624397.3
2026-07-21 12:40:00,0.1755,0.1765,0.1754,0.1758,1816861.9
2026-07-21 12:45:00,0.1759,0.176,0.1754,0.1754,508036.2
2026-07-21 12:50:00,0.1754,0.1754,0.1751,0.1752,259635.0
2026-07-21 12:55:00,0.1752,0.1754,0.175,0.1753,271688.1
2026-07-21 13:00:00,0.1753,0.1754,0.175,0.1751,254149.5
2026-07-21 13:05:00,0.1752,0.1754,0.1751,0.1753,433680.4
2026-07-21 13:10:00,0.1754,0.1757,0.1753,0.1756,633086.4
2026-07-21 13:15:00,0.1755,0.1757,0.1753,0.1755,143939.9
2026-07-21 13:20:00,0.1755,0.1758,0.1754,0.1756,458097.6
2026-07-21 13:25:00,0.1757,0.1759,0.1755,0.1758,472272.5
2026-07-21 13:30:00,0.1758,0.1761,0.1754,0.1756,491499.0
2026-07-21 13:35:00,0.1755,0.176,0.1754,0.1756,426508.0
2026-07-21 13:40:00,0.1757,0.1757,0.1753,0.1753,138389.0
2026-07-21 13:45:00,0.1753,0.1759,0.175,0.1759,1030401.9
2026-07-21 13:50:00,0.1758,0.1759,0.1756,0.1759,138214.0
2026-07-21 13:55:00,0.1759,0.1759,0.1755,0.1758,258506.9
2026-07-21 14:00:00,0.1757,0.1757,0.1751,0.1752,591553.5
2026-07-21 14:05:00,0.1753,0.1757,0.1752,0.1755,456374.8
2026-07-21 14:10:00,0.1756,0.1762,0.1755,0.176,468474.8
2026-07-21 14:15:00,0.176,0.1762,0.1756,0.1759,662418.5
2026-07-21 14:20:00,0.1759,0.176,0.175,0.1752,749697.0
2026-07-21 14:25:00,0.1751,0.1754,0.1749,0.1749,108210.4
2026-07-21 14:30:00,0.1749,0.1759,0.1748,0.1755,1315641.0
2026-07-21 14:35:00,0.1754,0.1761,0.1754,0.1759,250418.6
2026-07-21 14:40:00,0.1758,0.1766,0.1757,0.1766,808625.5
2026-07-21 14:45:00,0.1766,0.1769,0.1763,0.1763,1184673.7
2026-07-21 14:50:00,0.1762,0.1765,0.1758,0.176,1580394.8
2026-07-21 14:55:00,0.176,0.1761,0.1754,0.1757,574866.8
2026-07-21 15:00:00,0.1758,0.1758,0.1752,0.1753,428651.6
2026-07-21 15:05:00,0.1753,0.176,0.1753,0.1757,382444.7
2026-07-21 15:10:00,0.1757,0.1758,0.1755,0.1756,190156.9
2026-07-21 15:15:00,0.1756,0.176,0.1755,0.176,170328.1
2026-07-21 15:20:00,0.1759,0.1762,0.1756,0.1759,716404.9
2026-07-21 15:25:00,0.176,0.176,0.1754,0.1754,781941.6
2026-07-21 15:30:00,0.1754,0.1754,0.1748,0.1752,262347.8
2026-07-21 15:35:00,0.1752,0.1755,0.1752,0.1755,491296.9
2026-07-21 15:40:00,0.1754,0.1754,0.1746,0.1747,386147.4
2026-07-21 15:45:00,0.1747,0.1747,0.1745,0.1747,726207.0
2026-07-21 15:50:00,0.1748,0.175,0.1748,0.1749,153931.7
2026-07-21 15:55:00,0.175,0.1752,0.1748,0.1751,126228.9
2026-07-21 16:00:00,0.1751,0.1752,0.1749,0.1752,359935.7
2026-07-21 16:05:00,0.1752,0.1753,0.1745,0.1745,516794.0
2026-07-21 16:10:00,0.1745,0.1749,0.1744,0.1748,772608.7
2026-07-21 16:15:00,0.1747,0.1747,0.1744,0.1744,213990.9
2026-07-21 16:20:00,0.1745,0.1749,0.1744,0.1744,112647.7
2026-07-21 16:25:00,0.1745,0.1747,0.1739,0.1739,1024034.3
2026-07-21 16:30:00,0.174,0.174,0.172,0.1732,1963352.1
2026-07-21 16:35:00,0.1732,0.1735,0.1731,0.1733,644615.3
2026-07-21 16:40:00,0.1733,0.1735,0.1732,0.1735,193959.4
2026-07-21 16:45:00,0.1735,0.1735,0.1731,0.1733,396133.3
2026-07-21 16:50:00,0.1733,0.1738,0.1733,0.1736,135817.8
2026-07-21 16:55:00,0.1737,0.1739,0.1735,0.1735,183918.2
2026-07-21 17:00:00,0.1736,0.1739,0.1735,0.1739,230407.5
2026-07-21 17:05:00,0.1739,0.1742,0.1735,0.1738,830682.5
2026-07-21 17:10:00,0.1737,0.1737,0.1734,0.1734,390287.9
2026-07-21 17:15:00,0.1735,0.1736,0.1732,0.1732,102910.2
2026-07-21 17:20:00,0.1733,0.1735,0.1731,0.1734,124280.3
2026-07-21 17:25:00,0.1735,0.1735,0.1731,0.1732,55361.5
2026-07-21 17:30:00,0.1733,0.1736,0.1733,0.1736,164913.1
2026-07-21 17:35:00,0.1735,0.1739,0.1734,0.1737,104373.9
2026-07-21 17:40:00,0.1736,0.1736,0.1734,0.1735,199929.0
2026-07-21 17:45:00,0.1734,0.1735,0.172,0.1732,1382677.8
2026-07-21 17:50:00,0.1732,0.1735,0.1731,0.1731,158814.1
2026-07-21 17:55:00,0.1731,0.1734,0.173,0.1734,249033.0
2026-07-21 18:00:00,0.1735,0.1735,0.1731,0.1735,230509.3
2026-07-21 18:05:00,0.1736,0.1737,0.1735,0.1736,136548.9
2026-07-21 18:10:00,0.1736,0.1736,0.1734,0.1735,116901.7
2026-07-21 18:15:00,0.1734,0.1734,0.1732,0.1732,119070.0
2026-07-21 18:20:00,0.1732,0.1736,0.1732,0.1732,171721.7
2026-07-21 18:25:00,0.1731,0.1731,0.1729,0.1729,171890.3
2026-07-21 18:30:00,0.173,0.173,0.1724,0.1727,342062.8
2026-07-21 18:35:00,0.1727,0.1733,0.1726,0.1732,826430.5
2026-07-21 18:40:00,0.1731,0.1734,0.173,0.1734,166135.1
2026-07-21 18:45:00,0.1734,0.1735,0.1732,0.1734,243969.5
2026-07-21 18:50:00,0.1733,0.1736,0.1732,0.1733,159659.7
2026-07-21 18:55:00,0.1733,0.1735,0.1732,0.1734,146421.6
2026-07-21 19:00:00,0.1734,0.1734,0.173,0.1733,177898.9
2026-07-21 19:05:00,0.1732,0.1733,0.1731,0.1732,104359.6
2026-07-21 19:10:00,0.1732,0.1732,0.1729,0.1731,104382.2
2026-07-21 19:15:00,0.173,0.1734,0.173,0.1733,99282.6
2026-07-21 19:20:00,0.1733,0.1733,0.1731,0.1732,89572.8
2026-07-21 19:25:00,0.1732,0.1733,0.1731,0.1731,164890.0
2026-07-21 19:30:00,0.1731,0.1743,0.173,0.1733,2099346.2
2026-07-21 19:35:00,0.1733,0.174,0.1733,0.1739,593647.8
2026-07-21 19:40:00,0.1738,0.1741,0.1738,0.1739,51467.0
2026-07-21 19:45:00,0.1739,0.1739,0.1734,0.1738,263401.2
2026-07-21 19:50:00,0.1737,0.1739,0.1735,0.1736,197477.4
2026-07-21 19:55:00,0.1737,0.1739,0.1736,0.1738,191233.1
2026-07-21 20:00:00,0.1738,0.174,0.1738,0.1739,133474.3
2026-07-21 20:05:00,0.174,0.1743,0.174,0.174,419057.4
2026-07-21 20:10:00,0.174,0.1741,0.174,0.1741,59850.4
2026-07-21 20:15:00,0.1742,0.1742,0.1739,0.1739,117110.9
2026-07-21 20:20:00,0.1739,0.1739,0.1737,0.1737,198138.6
2026-07-21 20:25:00,0.1738,0.1739,0.1736,0.1736,241913.7
2026-07-21 20:30:00,0.1737,0.1738,0.1736,0.1738,81650.9
2026-07-21 20:35:00,0.1737,0.174,0.1737,0.1739,61799.4
2026-07-21 20:40:00,0.1738,0.1739,0.1737,0.1737,149137.8
2026-07-21 20:45:00,0.1738,0.1739,0.1736,0.1737,213993.1
2026-07-21 20:50:00,0.1736,0.1737,0.1735,0.1736,26333.3
2026-07-21 20:55:00,0.1736,0.1736,0.1733,0.1735,202455.9
2026-07-21 21:00:00,0.1735,0.1735,0.1733,0.1734,157157.3
2026-07-21 21:05:00,0.1733,0.1736,0.1733,0.1734,35068.4
2026-07-21 21:10:00,0.1734,0.1735,0.1733,0.1735,206234.7
2026-07-21 21:15:00,0.1735,0.1735,0.1734,0.1735,77113.2
2026-07-21 21:20:00,0.1734,0.1737,0.1734,0.1737,70916.5
2026-07-21 21:25:00,0.1737,0.1737,0.1736,0.1736,19069.5
2026-07-21 21:30:00,0.1736,0.1736,0.1734,0.1735,30918.0
2026-07-21 21:35:00,0.1734,0.1736,0.1734,0.1735,76557.9
2026-07-21 21:40:00,0.1734,0.1734,0.173,0.173,262693.4
2026-07-21 21:45:00,0.173,0.1731,0.1729,0.1729,222454.3
2026-07-21 21:50:00,0.1729,0.173,0.1728,0.1728,55874.9
2026-07-21 21:55:00,0.1728,0.173,0.1727,0.173,221810.3
2026-07-21 22:00:00,0.1729,0.173,0.1724,0.1729,144939.5
2026-07-21 22:05:00,0.1729,0.1731,0.1728,0.173,97649.5
2026-07-21 22:10:00,0.173,0.173,0.1728,0.1729,31866.2
2026-07-21 22:15:00,0.1729,0.1729,0.1727,0.1727,41604.4
2026-07-21 22:20:00,0.1727,0.1728,0.1726,0.1727,76042.6
2026-07-21 22:25:00,0.1726,0.1728,0.1725,0.1727,84330.4
2026-07-21 22:30:00,0.1728,0.173,0.1727,0.173,122014.3
2026-07-21 22:35:00,0.1729,0.173,0.1729,0.1729,18773.6
2026-07-21 22:40:00,0.173,0.1731,0.1729,0.1731,60132.4
2026-07-21 22:45:00,0.1731,0.1731,0.1729,0.173,159492.5
2026-07-21 22:50:00,0.1729,0.1731,0.1729,0.173,122076.9
2026-07-21 22:55:00,0.1731,0.1731,0.1729,0.1731,107630.5
2026-07-21 23:00:00,0.1731,0.1731,0.1725,0.1727,225830.9
2026-07-21 23:05:00,0.1726,0.1728,0.1725,0.1727,123555.5
2026-07-21 23:10:00,0.1726,0.1726,0.1725,0.1725,58531.6
2026-07-21 23:15:00,0.1724,0.1727,0.1724,0.1727,67189.8
2026-07-21 23:20:00,0.1727,0.1727,0.1724,0.1726,62027.6
2026-07-21 23:25:00,0.1726,0.1727,0.1725,0.1727,56821.6
2026-07-21 23:30:00,0.1727,0.173,0.1726,0.1729,215856.8
2026-07-21 23:35:00,0.1729,0.1732,0.1729,0.1732,82367.1
2026-07-21 23:40:00,0.1732,0.1734,0.1732,0.1734,86914.3
2026-07-21 23:45:00,0.1735,0.1735,0.1732,0.1732,54158.3
2026-07-21 23:50:00,0.1733,0.1736,0.1733,0.1736,28708.1
2026-07-21 23:55:00,0.1736,0.1739,0.1735,0.1737,464502.9
2026-07-22 00:00:00,0.1737,0.1738,0.1735,0.1738,174657.0
2026-07-22 00:05:00,0.1738,0.174,0.1737,0.1738,260230.0
2026-07-22 00:10:00,0.1739,0.1741,0.1737,0.174,91314.9
2026-07-22 00:15:00,0.1739,0.1739,0.1736,0.1738,286032.5
2026-07-22 00:20:00,0.1738,0.174,0.1737,0.1738,179918.1
2026-07-22 00:25:00,0.1738,0.1739,0.1737,0.1738,166475.2
2026-07-22 00:30:00,0.1738,0.174,0.1734,0.1738,285559.1
2026-07-22 00:35:00,0.1738,0.1739,0.1735,0.1739,276453.6
2026-07-22 00:40:00,0.1738,0.1739,0.1736,0.1737,558348.3
2026-07-22 00:45:00,0.1737,0.1741,0.1735,0.1741,171954.2
2026-07-22 00:50:00,0.1741,0.1741,0.1736,0.1737,256621.2
2026-07-22 00:55:00,0.1737,0.1739,0.1735,0.1739,100768.4
2026-07-22 01:00:00,0.1739,0.1739,0.1735,0.1738,209199.6
2026-07-22 01:05:00,0.1738,0.1738,0.1736,0.1737,132113.0
2026-07-22 01:10:00,0.1737,0.1737,0.1732,0.1732,190145.3
2026-07-22 01:15:00,0.1733,0.1736,0.1731,0.1735,132302.9
2026-07-22 01:20:00,0.1735,0.1736,0.1733,0.1734,61109.3
2026-07-22 01:25:00,0.1733,0.1738,0.1733,0.1735,71774.7
2026-07-22 01:30:00,0.1736,0.174,0.1736,0.1739,118492.1
2026-07-22 01:35:00,0.174,0.1742,0.174,0.1742,246626.1
2026-07-22 01:40:00,0.1742,0.1742,0.174,0.1742,175376.6
2026-07-22 01:45:00,0.1743,0.1747,0.1743,0.1743,365499.9
2026-07-22 01:50:00,0.1744,0.1744,0.1742,0.1743,399802.1
2026-07-22 01:55:00,0.1743,0.1744,0.1741,0.1742,98745.4
2026-07-22 02:00:00,0.1743,0.1743,0.174,0.1742,52403.9
2026-07-22 02:05:00,0.1741,0.1743,0.1738,0.1739,277619.9
2026-07-22 02:10:00,0.174,0.1743,0.174,0.1743,55242.2
2026-07-22 02:15:00,0.1743,0.1748,0.1743,0.1745,428264.8
2026-07-22 02:20:00,0.1745,0.1746,0.1744,0.1745,77829.7
2026-07-22 02:25:00,0.1746,0.1747,0.1745,0.1746,88893.1
2026-07-22 02:30:00,0.1746,0.1747,0.1744,0.1745,104897.5
2026-07-22 02:35:00,0.1745,0.1745,0.1743,0.1744,23188.4
2026-07-22 02:40:00,0.1744,0.1747,0.1744,0.1746,100787.2
2026-07-22 02:45:00,0.1746,0.1754,0.1746,0.1752,481072.5
2026-07-22 02:50:00,0.1752,0.1753,0.1746,0.1747,208410.0
2026-07-22 02:55:00,0.1748,0.1748,0.1742,0.1743,140755.7
2026-07-22 03:00:00,0.1743,0.1745,0.1741,0.1743,325697.3
2026-07-22 03:05:00,0.1742,0.1743,0.1739,0.1739,95101.6
2026-07-22 03:10:00,0.1739,0.1739,0.1736,0.1737,190212.9
2026-07-22 03:15:00,0.1737,0.1739,0.1737,0.1739,272840.9
2026-07-22 03:20:00,0.1739,0.1742,0.1739,0.1741,26163.1
2026-07-22 03:25:00,0.174,0.1741,0.1739,0.174,86837.0
2026-07-22 03:30:00,0.174,0.1741,0.1737,0.1737,57220.5
2026-07-22 03:35:00,0.1736,0.1738,0.1735,0.1737,56125.4
2026-07-22 03:40:00,0.1737,0.174,0.1737,0.174,97225.4
2026-07-22 03:45:00,0.174,0.1744,0.174,0.1744,101735.3
2026-07-22 03:50:00,0.1743,0.1744,0.1738,0.1738,199694.5
2026-07-22 03:55:00,0.1737,0.1738,0.1733,0.1734,598469.2
2026-07-22 04:00:00,0.1734,0.1737,0.1732,0.1737,156807.9
2026-07-22 04:05:00,0.1737,0.1739,0.1737,0.1738,166043.8
2026-07-22 04:10:00,0.1738,0.1739,0.1736,0.1736,29453.1
2026-07-22 04:15:00,0.1736,0.1737,0.1735,0.1735,125388.0
2026-07-22 04:20:00,0.1735,0.1738,0.1734,0.1737,137628.3
2026-07-22 04:25:00,0.1737,0.1737,0.1734,0.1737,49696.2
2026-07-22 04:30:00,0.1736,0.1737,0.1735,0.1737,57163.7
2026-07-22 04:35:00,0.1737,0.1738,0.1736,0.1737,38487.1
2026-07-22 04:40:00,0.1737,0.1743,0.1736,0.1742,741332.2
2026-07-22 04:45:00,0.1743,0.1743,0.1739,0.1739,43862.4
2026-07-22 04:50:00,0.1739,0.1743,0.1739,0.174,403018.8
2026-07-22 04:55:00,0.1741,0.1743,0.174,0.1743,103982.4
2026-07-22 05:00:00,0.1743,0.1744,0.1741,0.1742,219944.0
2026-07-22 05:05:00,0.1742,0.1743,0.174,0.174,73029.7
2026-07-22 05:10:00,0.1739,0.1741,0.1737,0.1739,74429.0
2026-07-22 05:15:00,0.1739,0.1739,0.1734,0.1736,148884.7
2026-07-22 05:20:00,0.1735,0.1735,0.1723,0.1724,1385597.2
2026-07-22 05:25:00,0.1725,0.1727,0.1724,0.1724,84840.6
2026-07-22 05:30:00,0.1724,0.1728,0.1724,0.1728,212559.6
2026-07-22 05:35:00,0.1727,0.1727,0.1713,0.1715,1178205.5
2026-07-22 05:40:00,0.1715,0.1718,0.1714,0.1718,905019.8
2026-07-22 05:45:00,0.1717,0.1718,0.1714,0.1715,922032.8
2026-07-22 05:50:00,0.1715,0.1718,0.1714,0.1715,619079.7
2026-07-22 05:55:00,0.1715,0.1716,0.1713,0.1715,95232.8
2026-07-22 06:00:00,0.1714,0.1716,0.1712,0.1716,119232.7
2026-07-22 06:05:00,0.1716,0.1716,0.1711,0.1712,175670.2
2026-07-22 06:10:00,0.1712,0.1715,0.1711,0.1715,51379.4
2026-07-22 06:15:00,0.1715,0.1715,0.1709,0.171,476300.3
2026-07-22 06:20:00,0.1711,0.1711,0.1706,0.171,248274.5
2026-07-22 06:25:00,0.1709,0.171,0.1707,0.1709,307008.0
2026-07-22 06:30:00,0.1709,0.1712,0.1707,0.1711,87045.9
2026-07-22 06:35:00,0.1711,0.1713,0.1708,0.1709,443146.7
2026-07-22 06:40:00,0.171,0.1711,0.1708,0.171,99188.1
2026-07-22 06:45:00,0.1709,0.1709,0.1706,0.1708,144414.6
2026-07-22 06:50:00,0.1708,0.171,0.1707,0.1708,232424.7
2026-07-22 06:55:00,0.1708,0.1708,0.1706,0.1708,195864.2
2026-07-22 07:00:00,0.1708,0.1709,0.1706,0.1708,51806.2
2026-07-22 07:05:00,0.1707,0.1708,0.1705,0.1707,271181.5
2026-07-22 07:10:00,0.1707,0.171,0.1706,0.1708,78852.5
2026-07-22 07:15:00,0.1709,0.1711,0.1707,0.171,160627.9
2026-07-22 07:20:00,0.1709,0.1713,0.1709,0.1709,149998.0
2026-07-22 07:25:00,0.1709,0.171,0.1707,0.1709,71694.6
2026-07-22 07:30:00,0.171,0.171,0.1706,0.1707,101345.3
2026-07-22 07:35:00,0.1706,0.1707,0.1704,0.1705,713694.9
2026-07-22 07:40:00,0.1705,0.1709,0.1705,0.1708,212926.0
2026-07-22 07:45:00,0.1709,0.1711,0.1706,0.1706,265464.8
2026-07-22 07:50:00,0.1706,0.1712,0.1706,0.1711,125162.2
2026-07-22 07:55:00,0.171,0.1712,0.171,0.1711,44394.0
2026-07-22 08:00:00,0.1711,0.1714,0.171,0.1714,240399.2
2026-07-22 08:05:00,0.1715,0.1719,0.1714,0.1718,245533.9
2026-07-22 08:10:00,0.1719,0.1719,0.1716,0.1718,171477.3
2026-07-22 08:15:00,0.1718,0.1719,0.1717,0.1718,169245.6
2026-07-22 08:20:00,0.1718,0.1721,0.1718,0.1719,277087.9
2026-07-22 08:25:00,0.172,0.1721,0.1718,0.172,296386.8
2026-07-22 08:30:00,0.1719,0.1722,0.1719,0.172,138381.0
2026-07-22 08:35:00,0.1721,0.1723,0.172,0.172,70638.2
2026-07-22 08:40:00,0.1721,0.1722,0.172,0.172,134125.4
2026-07-22 08:45:00,0.172,0.1723,0.172,0.172,229431.3
2026-07-22 08:50:00,0.1721,0.1723,0.1719,0.1722,76863.3
2026-07-22 08:55:00,0.1723,0.1726,0.1723,0.1725,108259.3
2026-07-22 09:00:00,0.1726,0.1727,0.1725,0.1727,100732.5
2026-07-22 09:05:00,0.1726,0.1731,0.1726,0.1729,545192.2
2026-07-22 09:10:00,0.1728,0.1728,0.1724,0.1724,230271.7
2026-07-22 09:15:00,0.1725,0.1726,0.1723,0.1724,144038.9
2026-07-22 09:20:00,0.1724,0.1729,0.1724,0.1728,56409.9
2026-07-22 09:25:00,0.1727,0.1728,0.1727,0.1727,131518.8
2026-07-22 09:30:00,0.1728,0.1733,0.1727,0.1728,714844.6
2026-07-22 09:35:00,0.1727,0.173,0.1726,0.1726,80180.9
2026-07-22 09:40:00,0.1727,0.1729,0.1726,0.1729,220847.9
2026-07-22 09:45:00,0.1729,0.1729,0.1728,0.1729,50876.6
2026-07-22 09:50:00,0.1729,0.1734,0.1728,0.173,664864.3
2026-07-22 09:55:00,0.1731,0.1734,0.1731,0.1733,94385.9
2026-07-22 10:00:00,0.1733,0.1735,0.1732,0.1733,187857.7
2026-07-22 10:05:00,0.1732,0.1734,0.1732,0.1732,59035.5
2026-07-22 10:10:00,0.1732,0.1734,0.173,0.173,271509.1
2026-07-22 10:15:00,0.1731,0.1734,0.173,0.1733,95873.7
2026-07-22 10:20:00,0.1734,0.1736,0.1734,0.1735,125305.7
2026-07-22 10:25:00,0.1736,0.1738,0.1734,0.1738,64290.2
2026-07-22 10:30:00,0.1738,0.1739,0.1737,0.1737,142128.5
2026-07-22 10:35:00,0.1738,0.1738,0.1734,0.1734,243645.6
2026-07-22 10:40:00,0.1734,0.1736,0.1734,0.1735,125515.1
2026-07-22 10:45:00,0.1736,0.1737,0.1733,0.1737,159811.0
2026-07-22 10:50:00,0.1737,0.1737,0.1735,0.1735,204170.9
2026-07-22 10:55:00,0.1735,0.1737,0.1734,0.1736,142748.9
2026-07-22 11:00:00,0.1735,0.1736,0.1734,0.1736,28946.2
2026-07-22 11:05:00,0.1736,0.1736,0.1734,0.1735,170566.1
2026-07-22 11:10:00,0.1735,0.1736,0.1734,0.1734,130735.8
2026-07-22 11:15:00,0.1735,0.1735,0.173,0.1731,392786.5
2026-07-22 11:20:00,0.1732,0.1735,0.1731,0.1734,82049.7
2026-07-22 11:25:00,0.1733,0.1733,0.173,0.1731,22487.2
2026-07-22 11:30:00,0.173,0.1731,0.173,0.1731,138170.2
2026-07-22 11:35:00,0.1731,0.1731,0.1727,0.1729,135961.6
2026-07-22 11:40:00,0.1728,0.1728,0.1724,0.1726,701742.0
2026-07-22 11:45:00,0.1726,0.173,0.1725,0.1728,76848.4
2026-07-22 11:50:00,0.1728,0.173,0.1727,0.1727,81277.3
2026-07-22 11:55:00,0.1728,0.173,0.1727,0.173,72698.2
2026-07-22 12:00:00,0.173,0.1732,0.1727,0.1727,71772.8
2026-07-22 12:05:00,0.1728,0.1728,0.1725,0.1726,132241.7
2026-07-22 12:10:00,0.1726,0.1728,0.1726,0.1727,34817.8
2026-07-22 12:15:00,0.1728,0.1728,0.1724,0.1725,183920.3
2026-07-22 12:20:00,0.1725,0.1726,0.1723,0.1723,203086.2
2026-07-22 12:25:00,0.1723,0.1724,0.1721,0.1721,90040.3
2026-07-22 12:30:00,0.1722,0.1723,0.172,0.1721,161810.3
2026-07-22 12:35:00,0.1722,0.1726,0.1722,0.1724,372941.8
2026-07-22 12:40:00,0.1725,0.1726,0.1724,0.1725,81082.4
2026-07-22 12:45:00,0.1724,0.1725,0.172,0.1722,322200.7
2026-07-22 12:50:00,0.1722,0.1727,0.1722,0.1727,87661.7
2026-07-22 12:55:00,0.1726,0.1726,0.1716,0.1723,821598.1
2026-07-22 13:00:00,0.1724,0.1726,0.1723,0.1726,37477.9
2026-07-22 13:05:00,0.1727,0.1729,0.1726,0.1729,115575.8
2026-07-22 13:10:00,0.1728,0.1729,0.1726,0.1728,101364.7
2026-07-22 13:15:00,0.1729,0.1729,0.1727,0.1729,212003.1
2026-07-22 13:20:00,0.1729,0.1729,0.1725,0.1725,65245.4
2026-07-22 13:25:00,0.1725,0.1728,0.1725,0.1726,186814.0
2026-07-22 13:30:00,0.1726,0.1731,0.1725,0.1731,105534.2
2026-07-22 13:35:00,0.1731,0.1737,0.1731,0.1737,480695.3
2026-07-22 13:40:00,0.1736,0.174,0.1735,0.1739,191013.4
2026-07-22 13:45:00,0.174,0.1755,0.174,0.1744,1196558.1
2026-07-22 13:50:00,0.1745,0.175,0.1743,0.1746,1206733.1
2026-07-22 13:55:00,0.1746,0.1759,0.1744,0.1755,1545018.7
2026-07-22 14:00:00,0.1755,0.176,0.1753,0.1758,1445307.3
2026-07-22 14:05:00,0.1759,0.178,0.1759,0.1766,3449707.9
2026-07-22 14:10:00,0.1766,0.1766,0.176,0.176,1001230.5
2026-07-22 14:15:00,0.1761,0.1761,0.1749,0.1751,720126.9
2026-07-22 14:20:00,0.1751,0.1751,0.174,0.1741,610820.9
2026-07-22 14:25:00,0.1742,0.1744,0.1739,0.1742,154168.3
2026-07-22 14:30:00,0.1741,0.1749,0.1741,0.1745,278103.8
2026-07-22 14:35:00,0.1746,0.1751,0.1745,0.1746,448378.3
2026-07-22 14:40:00,0.1747,0.1747,0.1744,0.1745,158365.1
2026-07-22 14:45:00,0.1745,0.1751,0.1744,0.1748,365750.5
2026-07-22 14:50:00,0.1748,0.1751,0.1746,0.175,42219.4
2026-07-22 14:55:00,0.1749,0.1754,0.1748,0.1754,179751.6
2026-07-22 15:00:00,0.1755,0.1767,0.1755,0.1764,2340228.6
2026-07-22 15:05:00,0.1764,0.1767,0.176,0.176,306190.1
2026-07-22 15:10:00,0.176,0.1769,0.1759,0.1768,491935.1
2026-07-22 15:15:00,0.1768,0.1775,0.1768,0.1775,335128.5
2026-07-22 15:20:00,0.1774,0.1778,0.1773,0.1775,451085.2
2026-07-22 15:25:00,0.1774,0.1778,0.1773,0.1776,378053.2
2026-07-22 15:30:00,0.1777,0.1779,0.1771,0.1773,261735.1
2026-07-22 15:35:00,0.1773,0.1777,0.1772,0.1775,188140.0
2026-07-22 15:40:00,0.1774,0.1779,0.1773,0.1777,578914.9
2026-07-22 15:45:00,0.1777,0.1797,0.1777,0.1795,3607191.3
2026-07-22 15:50:00,0.1796,0.1796,0.1778,0.178,1087659.5
2026-07-22 15:55:00,0.178,0.1785,0.1777,0.1779,143520.7
2026-07-22 16:00:00,0.1779,0.1781,0.1771,0.1773,406428.2
2026-07-22 16:05:00,0.1773,0.1778,0.1771,0.1778,287545.7
2026-07-22 16:10:00,0.1778,0.1783,0.1775,0.1782,410248.1
2026-07-22 16:15:00,0.1782,0.1785,0.1774,0.1784,529904.6
2026-07-22 16:20:00,0.1784,0.1793,0.1782,0.1785,2147344.1
2026-07-22 16:25:00,0.1785,0.1787,0.1779,0.1786,456127.4
2026-07-22 16:30:00,0.1785,0.1797,0.1785,0.1796,904807.5
2026-07-22 16:35:00,0.1796,0.1808,0.1793,0.1803,1131387.3
2026-07-22 16:40:00,0.1804,0.1804,0.1795,0.18,398097.2
2026-07-22 16:45:00,0.18,0.1802,0.1793,0.1794,432550.0
2026-07-22 16:50:00,0.1793,0.18,0.1793,0.1796,229493.9
2026-07-22 16:55:00,0.1796,0.1803,0.1795,0.18,288007.7
2026-07-22 17:00:00,0.1799,0.1801,0.1792,0.1792,325611.9
2026-07-22 17:05:00,0.1792,0.1798,0.1789,0.1793,226096.5
2026-07-22 17:10:00,0.1794,0.1797,0.179,0.1792,365414.4
2026-07-22 17:15:00,0.1793,0.1793,0.1785,0.1785,340858.7
2026-07-22 17:20:00,0.1785,0.1788,0.1783,0.1785,163544.1
2026-07-22 17:25:00,0.1784,0.1784,0.1778,0.178,353384.7
2026-07-22 17:30:00,0.178,0.1786,0.178,0.1785,99154.2
2026-07-22 17:35:00,0.1784,0.1789,0.1783,0.1789,106951.3
2026-07-22 17:40:00,0.179,0.1791,0.1787,0.179,570643.5
2026-07-22 17:45:00,0.1789,0.1792,0.1785,0.1785,96098.3
2026-07-22 17:50:00,0.1785,0.1787,0.1781,0.1783,145719.0
2026-07-22 17:55:00,0.1783,0.1783,0.1777,0.1779,170814.2
2026-07-22 18:00:00,0.178,0.1781,0.1777,0.1781,159111.8
2026-07-22 18:05:00,0.1781,0.1784,0.1777,0.1777,194787.0
2026-07-22 18:10:00,0.1778,0.178,0.1769,0.1772,494279.5
2026-07-22 18:15:00,0.1772,0.1774,0.1769,0.1773,295922.8
2026-07-22 18:20:00,0.1774,0.1778,0.1767,0.1768,667422.1
2026-07-22 18:25:00,0.1767,0.1768,0.1763,0.1764,834348.9
2026-07-22 18:30:00,0.1764,0.1764,0.1756,0.1757,343629.9
2026-07-22 18:35:00,0.1758,0.1761,0.1755,0.1756,465549.2
2026-07-22 18:40:00,0.1755,0.1758,0.1755,0.1757,118570.4
2026-07-22 18:45:00,0.1756,0.176,0.1755,0.1758,164785.8
2026-07-22 18:50:00,0.1757,0.176,0.1756,0.1758,229817.8
2026-07-22 18:55:00,0.1759,0.176,0.1757,0.1758,47467.0
2026-07-22 19:00:00,0.1758,0.176,0.1752,0.1758,1014357.6
2026-07-22 19:05:00,0.1758,0.1758,0.1752,0.1753,268874.4
2026-07-22 19:10:00,0.1752,0.1754,0.1738,0.1743,886083.6
2026-07-22 19:15:00,0.1743,0.1748,0.1742,0.1748,268386.1
2026-07-22 19:20:00,0.1749,0.1749,0.1747,0.1747,595419.7
2026-07-22 19:25:00,0.1747,0.1754,0.1746,0.1749,1652107.0
2026-07-22 19:30:00,0.175,0.1753,0.1749,0.175,423531.7
2026-07-22 19:35:00,0.175,0.1752,0.1747,0.1748,325824.1
2026-07-22 19:40:00,0.1748,0.175,0.1746,0.1747,486987.5
2026-07-22 19:45:00,0.1746,0.1749,0.1744,0.1746,157756.6
2026-07-22 19:50:00,0.1746,0.1747,0.1742,0.1745,1164148.4
2026-07-22 19:55:00,0.1745,0.1747,0.1743,0.1746,194870.7
2026-07-22 20:00:00,0.1745,0.1748,0.1741,0.1744,1027299.5
2026-07-22 20:05:00,0.1743,0.1745,0.1738,0.1742,1036179.8
2026-07-22 20:10:00,0.1741,0.1746,0.174,0.1745,226365.7
2026-07-22 20:15:00,0.1745,0.1746,0.1741,0.1745,96308.1
2026-07-22 20:20:00,0.1744,0.1745,0.1741,0.1743,87435.7
2026-07-22 20:25:00,0.1742,0.1746,0.1742,0.1745,148915.9
2026-07-22 20:30:00,0.1746,0.1749,0.1744,0.1745,285562.5
2026-07-22 20:35:00,0.1745,0.1748,0.1745,0.1747,21974.0
2026-07-22 20:40:00,0.1747,0.1749,0.1746,0.1748,80384.1
2026-07-22 20:45:00,0.1747,0.1747,0.1745,0.1746,10983.3
2026-07-22 20:50:00,0.1746,0.1748,0.1746,0.1747,85822.7
2026-07-22 20:55:00,0.1747,0.1747,0.1745,0.1746,103463.7
2026-07-22 21:00:00,0.1745,0.1745,0.1739,0.1741,412641.4
2026-07-22 21:05:00,0.1741,0.1747,0.1741,0.1746,82613.3
2026-07-22 21:10:00,0.1746,0.1747,0.1745,0.1746,60108.8
2026-07-22 21:15:00,0.1745,0.1747,0.1741,0.1742,26580.7
2026-07-22 21:20:00,0.1742,0.1743,0.1741,0.1742,21395.0
2026-07-22 21:25:00,0.1741,0.1745,0.174,0.1743,362916.3
2026-07-22 21:30:00,0.1742,0.1748,0.1742,0.1748,161810.5
2026-07-22 21:35:00,0.1747,0.1753,0.1747,0.1752,148374.2
2026-07-22 21:40:00,0.1751,0.1754,0.1751,0.1752,182948.0
2026-07-22 21:45:00,0.1751,0.1753,0.175,0.1753,78968.0
2026-07-22 21:50:00,0.1753,0.1755,0.175,0.1751,77243.2
2026-07-22 21:55:00,0.1751,0.1753,0.175,0.1751,79984.6
2026-07-22 22:00:00,0.1752,0.1753,0.1745,0.1752,218521.8
2026-07-22 22:05:00,0.1752,0.1754,0.1752,0.1753,84214.8
2026-07-22 22:10:00,0.1753,0.1759,0.1752,0.1759,184832.3
2026-07-22 22:15:00,0.1758,0.1759,0.1753,0.1753,537717.8
2026-07-22 22:20:00,0.1752,0.1753,0.1751,0.1752,55911.9
2026-07-22 22:25:00,0.1752,0.1755,0.1752,0.1755,40507.4
2026-07-22 22:30:00,0.1756,0.1756,0.1753,0.1753,57640.7
2026-07-22 22:35:00,0.1752,0.1752,0.1748,0.1749,152580.6
2026-07-22 22:40:00,0.1748,0.175,0.1747,0.1747,49534.8
2026-07-22 22:45:00,0.1746,0.1751,0.1746,0.1751,75467.1
2026-07-22 22:50:00,0.1752,0.1754,0.1751,0.1754,118791.5
2026-07-22 22:55:00,0.1753,0.1755,0.1753,0.1753,70066.3
2026-07-22 23:00:00,0.1754,0.1755,0.1742,0.1743,328404.9
2026-07-22 23:05:00,0.1743,0.1746,0.1742,0.1745,465425.2
2026-07-22 23:10:00,0.1745,0.1748,0.1732,0.1734,824772.6
2026-07-22 23:15:00,0.1735,0.1738,0.1732,0.1734,109879.1
2026-07-22 23:20:00,0.1734,0.1738,0.1734,0.1736,161443.1
2026-07-22 23:25:00,0.1737,0.174,0.1737,0.1737,158474.0
2026-07-22 23:30:00,0.1738,0.1739,0.1735,0.1736,111617.8
2026-07-22 23:35:00,0.1735,0.174,0.1735,0.174,205468.9
2026-07-22 23:40:00,0.174,0.174,0.1738,0.174,48336.2
2026-07-22 23:45:00,0.174,0.1741,0.1739,0.174,56719.3
2026-07-22 23:50:00,0.174,0.1742,0.174,0.1742,53286.3
2026-07-22 23:55:00,0.1742,0.1746,0.1741,0.1745,322578.2
2026-07-23 00:00:00,0.1745,0.1746,0.1742,0.1745,175279.7
2026-07-23 00:05:00,0.1746,0.1748,0.1745,0.1747,89998.9
2026-07-23 00:10:00,0.1748,0.1751,0.1747,0.175,230503.0
2026-07-23 00:15:00,0.1751,0.1751,0.1745,0.1747,461926.1
2026-07-23 00:20:00,0.1748,0.1758,0.1748,0.1758,425137.8
2026-07-23 00:25:00,0.1758,0.1766,0.1757,0.1761,427636.8
2026-07-23 00:30:00,0.1761,0.1762,0.1758,0.1762,231623.9
2026-07-23 00:35:00,0.1763,0.1763,0.1757,0.1758,47079.1
2026-07-23 00:40:00,0.1757,0.1758,0.1754,0.1756,69254.0
2026-07-23 00:45:00,0.1756,0.1759,0.1756,0.1756,114638.8
2026-07-23 00:50:00,0.1755,0.176,0.1755,0.1757,41414.4
2026-07-23 00:55:00,0.1757,0.1767,0.1755,0.1758,745675.2
2026-07-23 01:00:00,0.1758,0.176,0.1755,0.1759,222264.8
2026-07-23 01:05:00,0.1758,0.1761,0.1753,0.1753,236995.6
2026-07-23 01:10:00,0.1753,0.1754,0.1751,0.1753,57871.7
2026-07-23 01:15:00,0.1754,0.1754,0.1745,0.1746,272421.0
2026-07-23 01:20:00,0.1746,0.175,0.1745,0.1749,112827.8
2026-07-23 01:25:00,0.1748,0.1751,0.1748,0.1749,66975.8
2026-07-23 01:30:00,0.1749,0.175,0.1743,0.1746,230675.3
2026-07-23 01:35:00,0.1746,0.1747,0.1744,0.1744,150318.0
2026-07-23 01:40:00,0.1745,0.1746,0.1745,0.1746,51839.8
2026-07-23 01:45:00,0.1746,0.1747,0.1744,0.1746,39848.8
2026-07-23 01:50:00,0.1746,0.1751,0.1746,0.175,90324.4
2026-07-23 01:55:00,0.175,0.1751,0.1746,0.1747,28806.9
2026-07-23 02:00:00,0.1747,0.1749,0.1743,0.1747,136544.7
2026-07-23 02:05:00,0.1747,0.1747,0.1745,0.1745,21604.6
2026-07-23 02:10:00,0.1745,0.1746,0.1742,0.1743,87156.7
2026-07-23 02:15:00,0.1743,0.1745,0.1742,0.1744,160090.6
2026-07-23 02:20:00,0.1743,0.1743,0.1738,0.174,133517.9
2026-07-23 02:25:00,0.174,0.174,0.1736,0.174,201015.8
2026-07-23 02:30:00,0.174,0.1744,0.1739,0.1743,148021.3
2026-07-23 02:35:00,0.1744,0.1744,0.174,0.1741,105981.0
2026-07-23 02:40:00,0.174,0.1742,0.1738,0.1741,40258.7
2026-07-23 02:45:00,0.1741,0.1743,0.174,0.1742,43583.7
2026-07-23 02:50:00,0.1741,0.1744,0.1741,0.1744,39014.1
2026-07-23 02:55:00,0.1744,0.1747,0.1744,0.1746,99008.2
2026-07-23 03:00:00,0.1746,0.1748,0.1744,0.1745,67579.7
2026-07-23 03:05:00,0.1745,0.1745,0.1742,0.1744,95626.5
2026-07-23 03:10:00,0.1744,0.1745,0.174,0.1744,217127.8
2026-07-23 03:15:00,0.1745,0.1746,0.1739,0.1742,389500.5
2026-07-23 03:20:00,0.1742,0.1746,0.1742,0.1744,41910.2
2026-07-23 03:25:00,0.1744,0.1747,0.1743,0.1744,62799.6
2026-07-23 03:30:00,0.1745,0.1748,0.1745,0.1746,51128.7
2026-07-23 03:35:00,0.1745,0.1747,0.1742,0.1747,191330.0
2026-07-23 03:40:00,0.1748,0.1748,0.1745,0.1747,29637.9
2026-07-23 03:45:00,0.1747,0.1748,0.1745,0.1745,100638.7
2026-07-23 03:50:00,0.1744,0.1744,0.1741,0.1743,175188.9
2026-07-23 03:55:00,0.1742,0.1742,0.174,0.1741,14400.2
2026-07-23 04:00:00,0.174,0.1741,0.1737,0.1739,252597.3
2026-07-23 04:05:00,0.174,0.1742,0.1739,0.174,122824.1
2026-07-23 04:10:00,0.174,0.1745,0.174,0.1745,34462.5
2026-07-23 04:15:00,0.1745,0.1747,0.1744,0.1745,218006.2
2026-07-23 04:20:00,0.1746,0.1752,0.1746,0.1751,234397.5
2026-07-23 04:25:00,0.1752,0.1755,0.1751,0.1755,119502.1
2026-07-23 04:30:00,0.1754,0.1755,0.175,0.1751,463371.8
2026-07-23 04:35:00,0.1752,0.1752,0.1747,0.1747,62758.2
2026-07-23 04:40:00,0.1748,0.1748,0.1744,0.1745,294458.5
2026-07-23 04:45:00,0.1746,0.1749,0.1745,0.1745,74161.2
2026-07-23 04:50:00,0.1745,0.1745,0.1742,0.1743,191307.0
2026-07-23 04:55:00,0.1742,0.1744,0.1742,0.1744,445155.9
2026-07-23 05:00:00,0.1744,0.1746,0.1743,0.1746,107707.4
2026-07-23 05:05:00,0.1746,0.1746,0.1743,0.1745,184543.2
2026-07-23 05:10:00,0.1744,0.1745,0.174,0.1741,170528.2
2026-07-23 05:15:00,0.174,0.1742,0.1739,0.1742,101834.8
2026-07-23 05:20:00,0.1741,0.1743,0.174,0.1742,88080.2
2026-07-23 05:25:00,0.1743,0.1747,0.1743,0.1746,191023.8
2026-07-23 05:30:00,0.1747,0.175,0.1747,0.1749,148563.0
2026-07-23 05:35:00,0.1749,0.1749,0.1746,0.1747,36169.4
2026-07-23 05:40:00,0.1746,0.1748,0.1746,0.1746,24670.9
2026-07-23 05:45:00,0.1747,0.1747,0.1743,0.1743,98771.5
2026-07-23 05:50:00,0.1742,0.1742,0.1741,0.1741,62691.1
2026-07-23 05:55:00,0.1741,0.1743,0.174,0.1743,135447.1
2026-07-23 06:00:00,0.1743,0.1745,0.1743,0.1744,72185.2
2026-07-23 06:05:00,0.1744,0.1745,0.1741,0.1741,84172.9
2026-07-23 06:10:00,0.1742,0.1743,0.174,0.1742,279016.5
2026-07-23 06:15:00,0.1742,0.1743,0.1742,0.1743,94842.2
2026-07-23 06:20:00,0.1744,0.1746,0.1739,0.174,126230.9
2026-07-23 06:25:00,0.174,0.1742,0.1738,0.1742,169241.0
2026-07-23 06:30:00,0.1743,0.1743,0.174,0.174,100682.4
2026-07-23 06:35:00,0.1739,0.174,0.1738,0.1739,72063.5
2026-07-23 06:40:00,0.1739,0.1742,0.1739,0.1742,64612.9
2026-07-23 06:45:00,0.1741,0.1743,0.1741,0.1743,17462.0
2026-07-23 06:50:00,0.1742,0.1743,0.174,0.1743,62437.0
2026-07-23 06:55:00,0.1743,0.1744,0.1741,0.1743,77226.4
2026-07-23 07:00:00,0.1742,0.1742,0.1738,0.1738,343582.4
2026-07-23 07:05:00,0.1739,0.174,0.1738,0.1738,33445.4
2026-07-23 07:10:00,0.1738,0.1739,0.1723,0.1731,1030591.7
2026-07-23 07:15:00,0.173,0.1732,0.173,0.173,298593.8
2026-07-23 07:20:00,0.173,0.1732,0.1728,0.173,179804.2
2026-07-23 07:25:00,0.173,0.1731,0.1729,0.1731,67217.2
2026-07-23 07:30:00,0.1732,0.1732,0.1728,0.173,142457.0
2026-07-23 07:35:00,0.1731,0.1732,0.1729,0.1731,170729.1
2026-07-23 07:40:00,0.173,0.173,0.1725,0.1726,157008.0
2026-07-23 07:45:00,0.1726,0.1728,0.1725,0.1726,276028.5
2026-07-23 07:50:00,0.1727,0.1729,0.1726,0.1728,120067.4
2026-07-23 07:55:00,0.1728,0.1732,0.1728,0.173,100753.4
2026-07-23 08:00:00,0.1731,0.1732,0.1726,0.173,255474.6
2026-07-23 08:05:00,0.173,0.1733,0.1729,0.1732,127625.5
2026-07-23 08:10:00,0.1731,0.1733,0.1731,0.1733,60973.1
2026-07-23 08:15:00,0.1732,0.1735,0.1731,0.1734,44231.2
2026-07-23 08:20:00,0.1734,0.1734,0.173,0.1731,132387.2
2026-07-23 08:25:00,0.173,0.1736,0.173,0.1736,586233.8
2026-07-23 08:30:00,0.1737,0.1739,0.1736,0.1739,206078.8
2026-07-23 08:35:00,0.1738,0.174,0.1738,0.1739,101668.9
2026-07-23 08:40:00,0.1739,0.1742,0.1739,0.1741,22939.7
2026-07-23 08:45:00,0.1741,0.1741,0.174,0.1741,33655.9
2026-07-23 08:50:00,0.174,0.1742,0.1738,0.1739,56159.8
2026-07-23 08:55:00,0.174,0.1741,0.1738,0.1739,124350.7
2026-07-23 09:00:00,0.174,0.1745,0.1738,0.1744,268565.5
2026-07-23 09:05:00,0.1745,0.1745,0.1741,0.1742,96062.4
2026-07-23 09:10:00,0.1742,0.1742,0.1741,0.1741,37181.1
2026-07-23 09:15:00,0.1742,0.1745,0.1741,0.1744,12740.9
2026-07-23 09:20:00,0.1744,0.1746,0.1741,0.1741,215874.7
2026-07-23 09:25:00,0.1741,0.1741,0.174,0.174,29058.3
2026-07-23 09:30:00,0.1741,0.1742,0.1739,0.174,146966.5
2026-07-23 09:35:00,0.174,0.1741,0.174,0.1741,40383.4
2026-07-23 09:40:00,0.1741,0.1741,0.174,0.1741,10593.8
2026-07-23 09:45:00,0.1741,0.1742,0.1738,0.1739,161189.1
2026-07-23 09:50:00,0.1739,0.1739,0.1736,0.1736,93747.8
2026-07-23 09:55:00,0.1736,0.1736,0.1734,0.1734,20615.0
2026-07-23 10:00:00,0.1735,0.1738,0.1733,0.1738,93936.4
2026-07-23 10:05:00,0.1738,0.174,0.1738,0.1739,67158.6
2026-07-23 10:10:00,0.1739,0.1742,0.1739,0.1741,66286.2
2026-07-23 10:15:00,0.1742,0.1743,0.1742,0.1742,145082.4
2026-07-23 10:20:00,0.1742,0.1743,0.1741,0.1743,27361.8
2026-07-23 10:25:00,0.1743,0.1746,0.1743,0.1744,257021.6
2026-07-23 10:30:00,0.1745,0.1746,0.1743,0.1746,120935.5
2026-07-23 10:35:00,0.1745,0.1748,0.1745,0.1746,41292.9
2026-07-23 10:40:00,0.1747,0.1747,0.1746,0.1746,86837.6
2026-07-23 10:45:00,0.1747,0.1747,0.1745,0.1746,92367.8
2026-07-23 10:50:00,0.1747,0.1747,0.1744,0.1745,65657.3
2026-07-23 10:55:00,0.1744,0.1747,0.1744,0.1747,142644.5
2026-07-23 11:00:00,0.1747,0.1748,0.1745,0.1747,353095.5
2026-07-23 11:05:00,0.1746,0.1747,0.1745,0.1745,259295.4
2026-07-23 11:10:00,0.1746,0.175,0.1746,0.175,219470.8
2026-07-23 11:15:00,0.175,0.1754,0.1747,0.1753,906454.4
2026-07-23 11:20:00,0.1753,0.1759,0.175,0.175,528503.3
2026-07-23 11:25:00,0.1749,0.175,0.1743,0.1746,203587.4
2026-07-23 11:30:00,0.1746,0.1746,0.1743,0.1745,35121.5
2026-07-23 11:35:00,0.1744,0.1745,0.1742,0.1742,121168.0
2026-07-23 11:40:00,0.1743,0.1743,0.1741,0.1741,70098.1
2026-07-23 11:45:00,0.1741,0.1742,0.174,0.174,45882.4
2026-07-23 11:50:00,0.1741,0.1745,0.1739,0.1743,308383.2
2026-07-23 11:55:00,0.1742,0.1744,0.1741,0.1744,14499.7
2026-07-23 12:00:00,0.1744,0.1747,0.1741,0.1746,117903.3
2026-07-23 12:05:00,0.1745,0.1747,0.1743,0.1747,133079.3
2026-07-23 12:10:00,0.1747,0.175,0.1746,0.175,93007.7
2026-07-23 12:15:00,0.1749,0.1752,0.1745,0.1749,869113.0
2026-07-23 12:20:00,0.1748,0.175,0.1745,0.1746,83928.9
2026-07-23 12:25:00,0.1747,0.1747,0.1743,0.1746,69530.0
2026-07-23 12:30:00,0.1745,0.1746,0.1738,0.1741,200158.7
2026-07-23 12:35:00,0.174,0.174,0.1731,0.1733,402332.9
2026-07-23 12:40:00,0.1733,0.1734,0.173,0.1731,417933.7
2026-07-23 12:45:00,0.1731,0.1731,0.1721,0.1728,857418.0
2026-07-23 12:50:00,0.1729,0.1735,0.1729,0.1732,363901.4
2026-07-23 12:55:00,0.1732,0.1734,0.173,0.173,154909.9
2026-07-23 13:00:00,0.173,0.1732,0.1728,0.1728,189186.6
2026-07-23 13:05:00,0.1727,0.1728,0.1724,0.1725,128556.6
2026-07-23 13:10:00,0.1724,0.1726,0.1723,0.1725,300510.0
2026-07-23 13:15:00,0.1724,0.1725,0.1715,0.1717,384364.9
2026-07-23 13:20:00,0.1717,0.1722,0.1715,0.1719,275970.5
2026-07-23 13:25:00,0.1719,0.1719,0.1709,0.1712,639831.7
2026-07-23 13:30:00,0.1711,0.1722,0.1708,0.1721,829624.1
2026-07-23 13:35:00,0.1722,0.1725,0.172,0.1722,248636.4
2026-07-23 13:40:00,0.1723,0.1726,0.1722,0.1722,179441.7
2026-07-23 13:45:00,0.1722,0.1723,0.1718,0.172,1100847.4
2026-07-23 13:50:00,0.1721,0.1726,0.1719,0.1725,300970.0
2026-07-23 13:55:00,0.1724,0.1725,0.1715,0.1715,516441.7
2026-07-23 14:00:00,0.1715,0.1718,0.171,0.1718,865892.9
2026-07-23 14:05:00,0.1718,0.1719,0.1712,0.1715,364974.9
2026-07-23 14:10:00,0.1716,0.1717,0.1712,0.1714,583264.4
2026-07-23 14:15:00,0.1714,0.1717,0.1711,0.1716,326897.8
2026-07-23 14:20:00,0.1716,0.1716,0.1706,0.1709,739141.4
2026-07-23 14:25:00,0.1709,0.1714,0.1709,0.1714,302221.8
2026-07-23 14:30:00,0.1715,0.1716,0.1709,0.1713,344350.0
2026-07-23 14:35:00,0.1712,0.1715,0.1711,0.1715,295833.5
2026-07-23 14:40:00,0.1715,0.1717,0.1712,0.1714,246826.7
2026-07-23 14:45:00,0.1713,0.1714,0.171,0.171,123576.7
2026-07-23 14:50:00,0.1711,0.1712,0.1698,0.1701,1750983.4
2026-07-23 14:55:00,0.1701,0.1701,0.1688,0.1695,1911522.5
2026-07-23 15:00:00,0.1695,0.1695,0.1683,0.1692,2904673.1
2026-07-23 15:05:00,0.1693,0.1693,0.1683,0.1684,600580.1
2026-07-23 15:10:00,0.1685,0.1688,0.1681,0.1686,1281338.2
2026-07-23 15:15:00,0.1686,0.1693,0.1682,0.1692,574648.5
2026-07-23 15:20:00,0.1692,0.1701,0.1691,0.1701,646609.1
2026-07-23 15:25:00,0.17,0.1702,0.1698,0.17,619014.2
2026-07-23 15:30:00,0.1699,0.1699,0.1695,0.1697,527003.0
2026-07-23 15:35:00,0.1697,0.17,0.1696,0.1699,496354.5
2026-07-23 15:40:00,0.17,0.1701,0.1698,0.1699,145579.0
2026-07-23 15:45:00,0.1699,0.1705,0.1697,0.1705,204524.3
2026-07-23 15:50:00,0.1704,0.1708,0.1703,0.1704,412657.0
2026-07-23 15:55:00,0.1703,0.1707,0.1703,0.1705,247717.1
2026-07-23 16:00:00,0.1705,0.1708,0.1698,0.1698,1010298.2
2026-07-23 16:05:00,0.1698,0.1699,0.1696,0.1698,307776.3
2026-07-23 16:10:00,0.1699,0.17,0.1696,0.17,127013.5
2026-07-23 16:15:00,0.1699,0.1701,0.1695,0.1697,621507.1
2026-07-23 16:20:00,0.1697,0.1701,0.1697,0.17,144826.8
2026-07-23 16:25:00,0.17,0.1701,0.1696,0.1701,98916.9
2026-07-23 16:30:00,0.17,0.17,0.1696,0.1696,92608.6
2026-07-23 16:35:00,0.1696,0.1696,0.1691,0.1696,942058.9
2026-07-23 16:40:00,0.1696,0.1697,0.1692,0.1695,810270.8
2026-07-23 16:45:00,0.1695,0.1696,0.1694,0.1694,133423.6
2026-07-23 16:50:00,0.1694,0.1696,0.1692,0.1694,149606.3
2026-07-23 16:55:00,0.1694,0.1696,0.1693,0.1695,99278.8
2026-07-23 17:00:00,0.1694,0.1697,0.1693,0.1694,246776.0
2026-07-23 17:05:00,0.1693,0.1695,0.1692,0.1693,142410.9
2026-07-23 17:10:00,0.1694,0.1696,0.1693,0.1695,256170.4
2026-07-23 17:15:00,0.1696,0.1698,0.1695,0.1696,278485.7
2026-07-23 17:20:00,0.1697,0.1699,0.1697,0.1699,102986.1
2026-07-23 17:25:00,0.1699,0.1701,0.1698,0.17,84438.2
2026-07-23 17:30:00,0.17,0.17,0.1697,0.17,105357.8
2026-07-23 17:35:00,0.1699,0.17,0.1695,0.1696,69249.1
2026-07-23 17:40:00,0.1695,0.1698,0.1694,0.1697,76953.6
2026-07-23 17:45:00,0.1697,0.1697,0.1695,0.1695,93274.8
2026-07-23 17:50:00,0.1696,0.1696,0.1692,0.1692,106712.0
2026-07-23 17:55:00,0.1691,0.1692,0.1682,0.1686,877349.6
2026-07-23 18:00:00,0.1686,0.169,0.1685,0.1689,156074.2
2026-07-23 18:05:00,0.1688,0.169,0.1686,0.169,74362.8
2026-07-23 18:10:00,0.1689,0.169,0.1686,0.1689,60434.7
2026-07-23 18:15:00,0.1688,0.169,0.1686,0.1689,177525.0
2026-07-23 18:20:00,0.169,0.1693,0.1688,0.1693,141925.4
2026-07-23 18:25:00,0.1694,0.1697,0.1693,0.1697,94779.2
2026-07-23 18:30:00,0.1697,0.1698,0.1695,0.1698,190681.6
2026-07-23 18:35:00,0.1698,0.1698,0.1693,0.1694,484362.9
2026-07-23 18:40:00,0.1693,0.1694,0.169,0.1692,157514.0
2026-07-23 18:45:00,0.1692,0.1697,0.1692,0.1696,111716.4
2026-07-23 18:50:00,0.1696,0.1698,0.1694,0.1695,195223.6
2026-07-23 18:55:00,0.1695,0.1697,0.1692,0.1694,204595.2
2026-07-23 19:00:00,0.1694,0.1695,0.1693,0.1693,22917.6
2026-07-23 19:05:00,0.1694,0.1695,0.1693,0.1694,96953.2
2026-07-23 19:10:00,0.1693,0.1693,0.1688,0.1689,625227.2
2026-07-23 19:15:00,0.169,0.1693,0.1689,0.1689,237647.3
2026-07-23 19:20:00,0.169,0.1694,0.169,0.1694,203504.1
2026-07-23 19:25:00,0.1695,0.1698,0.1695,0.1697,158757.1
2026-07-23 19:30:00,0.1697,0.1699,0.1696,0.1698,90261.8
2026-07-23 19:35:00,0.1697,0.1698,0.1695,0.1696,19735.1
2026-07-23 19:40:00,0.1696,0.1696,0.1692,0.1692,257489.8
2026-07-23 19:45:00,0.1692,0.1692,0.1689,0.1689,48301.2
2026-07-23 19:50:00,0.169,0.1692,0.1689,0.169,259258.4
2026-07-23 19:55:00,0.169,0.1697,0.169,0.1697,38391.1
2026-07-23 20:00:00,0.1696,0.1702,0.1696,0.1702,145866.7
2026-07-23 20:05:00,0.1701,0.1703,0.17,0.1703,112485.6
2026-07-23 20:10:00,0.1703,0.1704,0.1702,0.1704,125423.1
2026-07-23 20:15:00,0.1703,0.1705,0.1702,0.1704,102090.3
2026-07-23 20:20:00,0.1704,0.1705,0.1702,0.1702,63898.1
2026-07-23 20:25:00,0.1703,0.1704,0.1702,0.1703,92548.5
2026-07-23 20:30:00,0.1703,0.1704,0.1702,0.1703,184025.7
2026-07-23 20:35:00,0.1704,0.1704,0.1701,0.1701,81044.4
2026-07-23 20:40:00,0.17,0.17,0.1695,0.1697,152301.7
2026-07-23 20:45:00,0.1698,0.1699,0.1697,0.1699,28373.4
2026-07-23 20:50:00,0.1699,0.1699,0.1697,0.1698,30337.2
2026-07-23 20:55:00,0.1698,0.1699,0.1697,0.1697,221595.4
2026-07-23 21:00:00,0.1698,0.17,0.1697,0.1699,161210.9
2026-07-23 21:05:00,0.1699,0.1699,0.1694,0.1694,80841.8
2026-07-23 21:10:00,0.1693,0.1694,0.1691,0.1692,97702.3
2026-07-23 21:15:00,0.1693,0.1693,0.169,0.169,112146.2
2026-07-23 21:20:00,0.169,0.1691,0.1688,0.1691,155488.9
2026-07-23 21:25:00,0.1691,0.1693,0.1691,0.1692,36913.4
2026-07-23 21:30:00,0.1692,0.1692,0.1691,0.1691,31156.1
2026-07-23 21:35:00,0.1691,0.1692,0.169,0.1691,19883.9
2026-07-23 21:40:00,0.1691,0.1692,0.1687,0.1689,370906.6
2026-07-23 21:45:00,0.1688,0.1691,0.1687,0.169,101539.7
2026-07-23 21:50:00,0.169,0.1691,0.1687,0.1688,55059.6
2026-07-23 21:55:00,0.1687,0.169,0.1687,0.169,41169.2
2026-07-23 22:00:00,0.169,0.1691,0.1687,0.1689,86929.5
2026-07-23 22:05:00,0.1689,0.1692,0.1689,0.1692,182695.8
2026-07-23 22:10:00,0.169,0.169,0.1684,0.1686,446706.1
2026-07-23 22:15:00,0.1686,0.1686,0.1681,0.1684,368528.6
2026-07-23 22:20:00,0.1685,0.1687,0.1682,0.1686,274889.9
2026-07-23 22:25:00,0.1686,0.1689,0.1686,0.1688,96373.0
2026-07-23 22:30:00,0.1689,0.1691,0.1689,0.1691,58940.2
2026-07-23 22:35:00,0.1691,0.1693,0.1691,0.1693,72004.8
2026-07-23 22:40:00,0.1692,0.1694,0.1691,0.1693,93740.5
2026-07-23 22:45:00,0.1693,0.1693,0.169,0.169,92133.3
2026-07-23 22:50:00,0.1691,0.1691,0.169,0.1691,29994.5
2026-07-23 22:55:00,0.169,0.1693,0.169,0.1693,37656.9
2026-07-23 23:00:00,0.1693,0.1694,0.1689,0.169,112343.9
2026-07-23 23:05:00,0.169,0.1691,0.1689,0.1689,194686.5
2026-07-23 23:10:00,0.1689,0.169,0.1688,0.169,33028.9
2026-07-23 23:15:00,0.169,0.169,0.1689,0.169,197694.9
2026-07-23 23:20:00,0.169,0.1692,0.169,0.1691,16136.0
2026-07-23 23:25:00,0.1692,0.1693,0.169,0.1691,113948.4
2026-07-23 23:30:00,0.1691,0.1691,0.1687,0.1688,43716.1
2026-07-23 23:35:00,0.1689,0.169,0.1688,0.1688,31458.6
2026-07-23 23:40:00,0.1687,0.1687,0.1685,0.1686,48762.2
2026-07-23 23:45:00,0.1686,0.1687,0.1685,0.1685,154521.1
2026-07-23 23:50:00,0.1685,0.1686,0.1684,0.1685,53031.9
2026-07-23 23:55:00,0.1684,0.1686,0.1683,0.1685,142446.3
2026-07-24 00:00:00,0.1685,0.1685,0.1678,0.1679,606525.3
2026-07-24 00:05:00,0.1678,0.1681,0.1674,0.1677,716737.2
2026-07-24 00:10:00,0.1677,0.1679,0.1676,0.1679,159515.4
2026-07-24 00:15:00,0.1679,0.1681,0.1677,0.1677,165716.7
2026-07-24 00:20:00,0.1676,0.168,0.1676,0.1679,133440.4
2026-07-24 00:25:00,0.1679,0.1681,0.1677,0.1677,170654.3
2026-07-24 00:30:00,0.1678,0.1678,0.1669,0.1675,928476.1
2026-07-24 00:35:00,0.1675,0.1678,0.1674,0.1675,139486.8
2026-07-24 00:40:00,0.1675,0.1676,0.1671,0.1673,746579.0
2026-07-24 00:45:00,0.1673,0.1675,0.1672,0.1672,184672.5
2026-07-24 00:50:00,0.1672,0.1673,0.1668,0.1668,242394.3
2026-07-24 00:55:00,0.1669,0.1674,0.1669,0.1673,312719.0
2026-07-24 01:00:00,0.1672,0.1674,0.1668,0.1674,538522.6
2026-07-24 01:05:00,0.1675,0.1676,0.1672,0.1672,115544.1
2026-07-24 01:10:00,0.1671,0.1673,0.1669,0.1671,556757.5
2026-07-24 01:15:00,0.167,0.167,0.1665,0.1668,717562.4
2026-07-24 01:20:00,0.1668,0.1668,0.1664,0.1668,300471.0
2026-07-24 01:25:00,0.1669,0.1674,0.1669,0.167,469356.3
2026-07-24 01:30:00,0.1669,0.1674,0.1668,0.1674,48792.8
2026-07-24 01:35:00,0.1674,0.1674,0.1671,0.1672,190764.6
2026-07-24 01:40:00,0.1672,0.1675,0.1671,0.1674,202421.3
2026-07-24 01:45:00,0.1675,0.1675,0.1671,0.1671,105203.1
2026-07-24 01:50:00,0.1671,0.1672,0.167,0.167,184337.6
2026-07-24 01:55:00,0.167,0.1671,0.1669,0.167,279082.3
2026-07-24 02:00:00,0.1671,0.1674,0.167,0.1671,751218.4
2026-07-24 02:05:00,0.1671,0.1673,0.1669,0.1673,783045.5
2026-07-24 02:10:00,0.1674,0.1676,0.1673,0.1675,100625.4
2026-07-24 02:15:00,0.1675,0.1676,0.1674,0.1675,55302.1
2026-07-24 02:20:00,0.1676,0.1678,0.1673,0.1677,510923.6
2026-07-24 02:25:00,0.1676,0.1678,0.1675,0.1676,150200.8
2026-07-24 02:30:00,0.1676,0.1677,0.1665,0.1666,214838.3
2026-07-24 02:35:00,0.1666,0.1668,0.1664,0.1667,82272.5
2026-07-24 02:40:00,0.1667,0.167,0.1666,0.167,142273.6
2026-07-24 02:45:00,0.167,0.167,0.1664,0.1667,210091.2
2026-07-24 02:50:00,0.1666,0.1668,0.1664,0.1666,288978.4
2026-07-24 02:55:00,0.1666,0.167,0.1665,0.1668,321980.3
2026-07-24 03:00:00,0.1668,0.1673,0.1667,0.1672,81718.4
2026-07-24 03:05:00,0.1672,0.1676,0.1672,0.1674,70324.4
2026-07-24 03:10:00,0.1673,0.1676,0.1672,0.1675,63421.2
2026-07-24 03:15:00,0.1676,0.1678,0.1676,0.1676,111029.2
2026-07-24 03:20:00,0.1677,0.1678,0.1675,0.1677,88660.3
2026-07-24 03:25:00,0.1676,0.1679,0.1676,0.1678,52441.8
2026-07-24 03:30:00,0.1678,0.1678,0.1673,0.1674,214605.6
2026-07-24 03:35:00,0.1674,0.1675,0.1672,0.1673,99920.8
2026-07-24 03:40:00,0.1673,0.1674,0.1672,0.1674,210469.3
2026-07-24 03:45:00,0.1674,0.1676,0.1673,0.1676,64473.5
2026-07-24 03:50:00,0.1676,0.1677,0.1673,0.1674,60070.8
2026-07-24 03:55:00,0.1673,0.1676,0.1673,0.1674,52910.6
2026-07-24 04:00:00,0.1675,0.1675,0.1672,0.1673,172918.7
2026-07-24 04:05:00,0.1672,0.1675,0.1672,0.1675,72895.7
2026-07-24 04:10:00,0.1674,0.1675,0.167,0.1671,243230.4
2026-07-24 04:15:00,0.167,0.1673,0.167,0.1672,107729.3
2026-07-24 04:20:00,0.1672,0.1673,0.1669,0.1673,78820.6
2026-07-24 04:25:00,0.1672,0.1675,0.1671,0.1674,183953.5
2026-07-24 04:30:00,0.1674,0.1674,0.1673,0.1674,139580.1
2026-07-24 04:35:00,0.1673,0.1675,0.1673,0.1673,193218.4
2026-07-24 04:40:00,0.1672,0.1673,0.167,0.1673,111156.1
2026-07-24 04:45:00,0.1673,0.1673,0.1672,0.1673,48945.3
2026-07-24 04:50:00,0.1673,0.1674,0.1673,0.1674,140496.4
2026-07-24 04:55:00,0.1674,0.1674,0.1672,0.1673,164761.8
2026-07-24 05:00:00,0.1674,0.1675,0.1672,0.1673,42224.8
2026-07-24 05:05:00,0.1673,0.1677,0.1672,0.1673,251037.0
2026-07-24 05:10:00,0.1674,0.1674,0.1673,0.1674,55607.3
2026-07-24 05:15:00,0.1673,0.1674,0.1671,0.1674,144923.1
2026-07-24 05:20:00,0.1674,0.1674,0.1672,0.1673,60091.9
2026-07-24 05:25:00,0.1672,0.1673,0.1671,0.1672,114616.8
2026-07-24 05:30:00,0.1672,0.1673,0.167,0.1671,98444.8
2026-07-24 05:35:00,0.1672,0.1672,0.1669,0.1669,217810.0
2026-07-24 05:40:00,0.1668,0.1671,0.1667,0.167,69735.9
2026-07-24 05:45:00,0.1671,0.1672,0.1669,0.1669,225462.7
2026-07-24 05:50:00,0.167,0.167,0.1667,0.1668,140502.6
2026-07-24 05:55:00,0.1668,0.1669,0.1667,0.1668,172463.1
2026-07-24 06:00:00,0.1668,0.1668,0.1665,0.1668,502304.6
2026-07-24 06:05:00,0.1667,0.1669,0.1666,0.1668,292652.3
2026-07-24 06:10:00,0.1668,0.1669,0.1665,0.1667,110843.4
2026-07-24 06:15:00,0.1667,0.1672,0.1666,0.1672,102171.8
2026-07-24 06:20:00,0.1672,0.1672,0.1669,0.1669,156605.3
2026-07-24 06:25:00,0.1669,0.1671,0.1666,0.1668,108497.3
2026-07-24 06:30:00,0.1667,0.167,0.1667,0.1669,71012.1
2026-07-24 06:35:00,0.1669,0.1673,0.1669,0.1672,223955.4
2026-07-24 06:40:00,0.1672,0.1672,0.167,0.1671,34436.9
2026-07-24 06:45:00,0.1671,0.1672,0.1669,0.1669,69827.5
2026-07-24 06:50:00,0.1668,0.1671,0.1668,0.167,73563.7
2026-07-24 06:55:00,0.167,0.1673,0.167,0.1672,70260.3
2026-07-24 07:00:00,0.1673,0.1678,0.1673,0.1676,139489.0
2026-07-24 07:05:00,0.1675,0.1676,0.1673,0.1676,277336.4
2026-07-24 07:10:00,0.1677,0.1685,0.1677,0.1685,552877.7
2026-07-24 07:15:00,0.1685,0.1686,0.1681,0.1683,334856.2
2026-07-24 07:20:00,0.1683,0.1684,0.1679,0.168,265440.3
2026-07-24 07:25:00,0.1679,0.1681,0.1679,0.168,209698.4
2026-07-24 07:30:00,0.168,0.1681,0.1676,0.1677,463149.9
2026-07-24 07:35:00,0.1677,0.1678,0.1675,0.1677,253964.5
2026-07-24 07:40:00,0.1677,0.1677,0.167,0.1672,186722.9
2026-07-24 07:45:00,0.1672,0.1676,0.1672,0.1675,411205.0
2026-07-24 07:50:00,0.1676,0.168,0.1675,0.168,116289.3
2026-07-24 07:55:00,0.168,0.1683,0.168,0.1683,95837.4
2026-07-24 08:00:00,0.1682,0.1683,0.1679,0.1679,217544.1
2026-07-24 08:05:00,0.1679,0.168,0.1677,0.168,54166.6
2026-07-24 08:10:00,0.168,0.168,0.1677,0.1679,28060.0
2026-07-24 08:15:00,0.1679,0.168,0.1678,0.1678,41589.5
2026-07-24 08:20:00,0.1678,0.1679,0.1675,0.1676,164273.8
2026-07-24 08:25:00,0.1675,0.1678,0.1674,0.1678,68118.1
2026-07-24 08:30:00,0.1679,0.168,0.1678,0.168,46980.3
2026-07-24 08:35:00,0.1681,0.1682,0.1679,0.1682,34085.1
2026-07-24 08:40:00,0.1682,0.1682,0.1679,0.1681,517568.3
2026-07-24 08:45:00,0.1681,0.1681,0.1679,0.168,40873.3
2026-07-24 08:50:00,0.1681,0.1681,0.1678,0.1678,79864.2
2026-07-24 08:55:00,0.1679,0.168,0.1679,0.1679,35373.3
2026-07-24 09:00:00,0.1679,0.168,0.1678,0.1678,123272.1
2026-07-24 09:05:00,0.1677,0.1677,0.1672,0.1675,242046.3
2026-07-24 09:10:00,0.1675,0.1675,0.1668,0.1669,765113.7
2026-07-24 09:15:00,0.1668,0.167,0.1661,0.1667,1128955.4
2026-07-24 09:20:00,0.1667,0.1668,0.1665,0.1667,173668.0
2026-07-24 09:25:00,0.1667,0.1669,0.1667,0.1669,65695.0
2026-07-24 09:30:00,0.1669,0.167,0.1667,0.1668,114244.9
2026-07-24 09:35:00,0.1668,0.1671,0.1668,0.1671,81531.3
2026-07-24 09:40:00,0.1671,0.1673,0.167,0.1673,29460.4
2026-07-24 09:45:00,0.1672,0.1674,0.1671,0.1672,265596.3
2026-07-24 09:50:00,0.1672,0.1675,0.1671,0.1674,100899.3
2026-07-24 09:55:00,0.1674,0.1674,0.1672,0.1674,46904.7
2026-07-24 10:00:00,0.1674,0.1675,0.1672,0.1672,73829.2
2026-07-24 10:05:00,0.1673,0.1673,0.1669,0.167,67379.2
2026-07-24 10:10:00,0.1669,0.167,0.1666,0.1667,122536.9
2026-07-24 10:15:00,0.1667,0.1669,0.1665,0.1665,130068.5
2026-07-24 10:20:00,0.1665,0.167,0.1664,0.1669,272864.6
2026-07-24 10:25:00,0.167,0.1671,0.1668,0.1669,255102.2
2026-07-24 10:30:00,0.167,0.167,0.1667,0.1667,129587.4
2026-07-24 10:35:00,0.1667,0.1668,0.1666,0.1666,109894.2
2026-07-24 10:40:00,0.1666,0.1667,0.1665,0.1666,65160.8
2026-07-24 10:45:00,0.1665,0.1668,0.1665,0.1668,751931.2
2026-07-24 10:50:00,0.1668,0.1668,0.1663,0.1664,88859.6
2026-07-24 10:55:00,0.1663,0.1665,0.1662,0.1665,36109.2
2026-07-24 11:00:00,0.1665,0.1667,0.1663,0.1666,77123.0
2026-07-24 11:05:00,0.1667,0.1667,0.1664,0.1664,157215.7
2026-07-24 11:10:00,0.1664,0.1665,0.1662,0.1662,90350.3
2026-07-24 11:15:00,0.1662,0.1665,0.1662,0.1665,63374.8
2026-07-24 11:20:00,0.1665,0.1665,0.1663,0.1663,65659.7
2026-07-24 11:25:00,0.1663,0.1663,0.1662,0.1663,59986.5
2026-07-24 11:30:00,0.1663,0.1663,0.1657,0.1662,734293.8
2026-07-24 11:35:00,0.1662,0.1663,0.1659,0.1662,155063.0
2026-07-24 11:40:00,0.1661,0.1661,0.1658,0.1659,77785.1
2026-07-24 11:45:00,0.1658,0.166,0.1655,0.1659,343309.1
2026-07-24 11:50:00,0.166,0.1663,0.166,0.1663,193377.1
2026-07-24 11:55:00,0.1662,0.1665,0.1661,0.1664,165196.4
2026-07-24 12:00:00,0.1664,0.1664,0.1659,0.1659,387817.5
2026-07-24 12:05:00,0.1659,0.1665,0.1659,0.1664,112739.4
2026-07-24 12:10:00,0.1664,0.1665,0.1663,0.1664,85548.9
2026-07-24 12:15:00,0.1664,0.1665,0.1663,0.1665,29572.9
2026-07-24 12:20:00,0.1665,0.1666,0.1664,0.1666,158532.5
2026-07-24 12:25:00,0.1665,0.1667,0.1663,0.1663,240157.7
2026-07-24 12:30:00,0.1663,0.1664,0.1659,0.1659,98002.7
2026-07-24 12:35:00,0.166,0.1661,0.1659,0.166,88073.7
2026-07-24 12:40:00,0.166,0.1661,0.1657,0.1658,231962.2
2026-07-24 12:45:00,0.1658,0.1659,0.1654,0.1655,303465.8
2026-07-24 12:50:00,0.1656,0.1658,0.1656,0.1657,158010.2
2026-07-24 12:55:00,0.1657,0.1658,0.1654,0.1654,126474.4
2026-07-24 13:00:00,0.1655,0.1656,0.1652,0.1654,292113.8
2026-07-24 13:05:00,0.1654,0.1655,0.1642,0.1648,1024423.9
2026-07-24 13:10:00,0.1647,0.165,0.1645,0.1648,133865.1
2026-07-24 13:15:00,0.1648,0.1654,0.1647,0.1652,458797.9
2026-07-24 13:20:00,0.1652,0.1653,0.165,0.1651,151953.4
2026-07-24 13:25:00,0.1651,0.1652,0.1648,0.1649,473188.6
2026-07-24 13:30:00,0.165,0.1652,0.1648,0.1651,134940.5
2026-07-24 13:35:00,0.1651,0.1651,0.1646,0.1647,128170.1
2026-07-24 13:40:00,0.1646,0.1653,0.1645,0.1652,1317412.1
2026-07-24 13:45:00,0.1653,0.1657,0.1653,0.1654,523238.3
2026-07-24 13:50:00,0.1654,0.1654,0.1642,0.1645,1612236.0
2026-07-24 13:55:00,0.1644,0.1646,0.1639,0.1646,1484066.8
2026-07-24 14:00:00,0.1647,0.1649,0.1641,0.1641,302477.8
2026-07-24 14:05:00,0.1641,0.1646,0.1641,0.1645,300674.0
2026-07-24 14:10:00,0.1645,0.1647,0.1643,0.1644,177850.2
2026-07-24 14:15:00,0.1644,0.1645,0.1637,0.1641,336693.6
2026-07-24 14:20:00,0.164,0.1643,0.1637,0.1641,267013.2
2026-07-24 14:25:00,0.1641,0.1642,0.1638,0.1642,502311.1
2026-07-24 14:30:00,0.1642,0.1642,0.1639,0.164,63978.0
2026-07-24 14:35:00,0.1641,0.1643,0.164,0.164,262363.7
2026-07-24 14:40:00,0.1641,0.1643,0.1637,0.1637,155293.6
2026-07-24 14:45:00,0.1637,0.1641,0.1634,0.164,388931.0
2026-07-24 14:50:00,0.1641,0.1647,0.164,0.1645,198492.9
2026-07-24 14:55:00,0.1645,0.1649,0.1645,0.1649,147384.1
2026-07-24 15:00:00,0.1649,0.1649,0.164,0.1641,231499.5
2026-07-24 15:05:00,0.1641,0.1642,0.1638,0.164,76184.1
2026-07-24 15:10:00,0.164,0.1649,0.164,0.1649,169875.9
2026-07-24 15:15:00,0.1648,0.1652,0.1644,0.1644,499420.8
2026-07-24 15:20:00,0.1644,0.1646,0.1644,0.1645,113038.8
2026-07-24 15:25:00,0.1644,0.1649,0.1644,0.1646,169544.0
2026-07-24 15:30:00,0.1647,0.1649,0.1646,0.1648,254421.6
2026-07-24 15:35:00,0.1647,0.165,0.1647,0.1649,211333.6
2026-07-24 15:40:00,0.165,0.1652,0.1646,0.1647,83508.0
2026-07-24 15:45:00,0.1647,0.1648,0.1644,0.1647,116909.6
2026-07-24 15:50:00,0.1647,0.1649,0.1644,0.1646,579189.5
2026-07-24 15:55:00,0.1646,0.1649,0.1646,0.1648,98606.3
2026-07-24 16:00:00,0.1648,0.1648,0.164,0.1645,354482.5
2026-07-24 16:05:00,0.1644,0.1645,0.1643,0.1645,351427.3
2026-07-24 16:10:00,0.1645,0.1646,0.164,0.1641,165724.8
2026-07-24 16:15:00,0.1641,0.1643,0.164,0.1643,597445.3
2026-07-24 16:20:00,0.1643,0.1645,0.1643,0.1645,250970.1
2026-07-24 16:25:00,0.1644,0.1645,0.1641,0.1641,60898.9
2026-07-24 16:30:00,0.1641,0.1641,0.1638,0.164,470038.3
2026-07-24 16:35:00,0.1639,0.1639,0.1637,0.1638,176882.4
2026-07-24 16:40:00,0.1638,0.1638,0.1636,0.1637,209496.6
2026-07-24 16:45:00,0.1636,0.1636,0.1629,0.1632,808927.8
2026-07-24 16:50:00,0.1632,0.1632,0.1629,0.1632,585329.1
2026-07-24 16:55:00,0.1631,0.1634,0.163,0.1631,493729.1
2026-07-24 17:00:00,0.1631,0.1632,0.163,0.1631,325120.0
2026-07-24 17:05:00,0.1631,0.1632,0.1627,0.1629,1109941.7
2026-07-24 17:10:00,0.1629,0.1631,0.1629,0.1631,199910.4
2026-07-24 17:15:00,0.1631,0.1635,0.1631,0.1634,95946.0
2026-07-24 17:20:00,0.1635,0.1638,0.1635,0.1636,193575.3
2026-07-24 17:25:00,0.1636,0.1638,0.1636,0.1637,227643.7
2026-07-24 17:30:00,0.1638,0.1641,0.1637,0.1641,45034.9
2026-07-24 17:35:00,0.164,0.164,0.1637,0.1638,111377.2
2026-07-24 17:40:00,0.1639,0.1639,0.1637,0.1637,56237.7
2026-07-24 17:45:00,0.1637,0.1637,0.1635,0.1637,58436.8
2026-07-24 17:50:00,0.1636,0.1638,0.1635,0.1637,237950.7
2026-07-24 17:55:00,0.1638,0.1638,0.1637,0.1638,16045.3
2026-07-24 18:00:00,0.1637,0.1637,0.1635,0.1636,197187.5
2026-07-24 18:05:00,0.1635,0.1636,0.1634,0.1635,91435.4
2026-07-24 18:10:00,0.1634,0.1636,0.1634,0.1636,69461.4
2026-07-24 18:15:00,0.1636,0.1636,0.1632,0.1634,147689.9
2026-07-24 18:20:00,0.1634,0.1634,0.163,0.1631,797145.9
2026-07-24 18:25:00,0.1632,0.1633,0.1631,0.1633,193284.1
2026-07-24 18:30:00,0.1633,0.1634,0.1632,0.1633,81200.4
2026-07-24 18:35:00,0.1633,0.1637,0.1633,0.1635,530853.2
2026-07-24 18:40:00,0.1635,0.1635,0.1633,0.1635,194763.1
2026-07-24 18:45:00,0.1635,0.164,0.1634,0.1639,114043.8
2026-07-24 18:50:00,0.1639,0.1641,0.1638,0.1641,123869.5
2026-07-24 18:55:00,0.164,0.164,0.1639,0.1639,9214.5
2026-07-24 19:00:00,0.164,0.164,0.1635,0.1636,278845.2
2026-07-24 19:05:00,0.1636,0.1637,0.1633,0.1634,90732.1
2026-07-24 19:10:00,0.1634,0.1635,0.1633,0.1634,47209.9
2026-07-24 19:15:00,0.1635,0.1637,0.1635,0.1636,43990.9
2026-07-24 19:20:00,0.1636,0.1639,0.1636,0.1638,108540.2
2026-07-24 19:25:00,0.1637,0.1638,0.1637,0.1638,51271.9
2026-07-24 19:30:00,0.1638,0.164,0.1638,0.164,58684.2
2026-07-24 19:35:00,0.164,0.164,0.1637,0.1639,173264.5
2026-07-24 19:40:00,0.1638,0.1638,0.1637,0.1637,80337.1
2026-07-24 19:45:00,0.1637,0.1638,0.1635,0.1636,45207.7
2026-07-24 19:50:00,0.1637,0.1638,0.1635,0.1636,205649.1
2026-07-24 19:55:00,0.1636,0.1638,0.1636,0.1637,51405.9
2026-07-24 20:00:00,0.1638,0.1639,0.1636,0.1638,71919.5
2026-07-24 20:05:00,0.1638,0.1638,0.1635,0.1635,94207.1
2026-07-24 20:10:00,0.1636,0.1639,0.1636,0.1636,234089.2
2026-07-24 20:15:00,0.1636,0.1638,0.1636,0.1637,50346.0
2026-07-24 20:20:00,0.1636,0.1639,0.1636,0.1639,60861.4
2026-07-24 20:25:00,0.1639,0.1639,0.1637,0.1637,40012.1
2026-07-24 20:30:00,0.1637,0.1637,0.1636,0.1636,10945.4
2026-07-24 20:35:00,0.1637,0.1638,0.1636,0.1637,88087.6
2026-07-24 20:40:00,0.1637,0.1638,0.1636,0.1636,20357.9
2026-07-24 20:45:00,0.1636,0.1637,0.1633,0.1634,229546.2
2026-07-24 20:50:00,0.1634,0.1636,0.1633,0.1635,48341.9
2026-07-24 20:55:00,0.1636,0.1636,0.1635,0.1636,9415.2
2026-07-24 21:00:00,0.1636,0.1637,0.1635,0.1637,33601.3
2026-07-24 21:05:00,0.1637,0.1638,0.1636,0.1637,129727.5
2026-07-24 21:10:00,0.1637,0.1637,0.1633,0.1634,143123.0
2026-07-24 21:15:00,0.1634,0.1636,0.1634,0.1635,132808.7
2026-07-24 21:20:00,0.1635,0.1636,0.1634,0.1636,68595.5
2026-07-24 21:25:00,0.1636,0.1637,0.1635,0.1635,100820.6
2026-07-24 21:30:00,0.1636,0.1638,0.1636,0.1637,19797.5
2026-07-24 21:35:00,0.1637,0.1638,0.1635,0.1635,82274.7
2026-07-24 21:40:00,0.1636,0.1636,0.1633,0.1635,132716.5
2026-07-24 21:45:00,0.1634,0.1637,0.1634,0.1637,58540.9
2026-07-24 21:50:00,0.1636,0.1636,0.1635,0.1636,35695.0
2026-07-24 21:55:00,0.1635,0.1635,0.1632,0.1632,125810.8
2026-07-24 22:00:00,0.1633,0.1635,0.1632,0.1635,29200.7
2026-07-24 22:05:00,0.1634,0.1637,0.1634,0.1635,44721.7
2026-07-24 22:10:00,0.1636,0.1638,0.1636,0.1637,148932.3
2026-07-24 22:15:00,0.1636,0.1638,0.1635,0.1635,35574.1
2026-07-24 22:20:00,0.1636,0.1637,0.1635,0.1637,42155.2
2026-07-24 22:25:00,0.1637,0.1638,0.1636,0.1637,21325.2
2026-07-24 22:30:00,0.1638,0.1639,0.1637,0.1639,109986.5
2026-07-24 22:35:00,0.1639,0.164,0.1639,0.1639,11259.4
2026-07-24 22:40:00,0.1639,0.164,0.1639,0.164,40015.5
2026-07-24 22:45:00,0.164,0.164,0.1639,0.164,42335.7
2026-07-24 22:50:00,0.164,0.1642,0.164,0.1642,25799.5
2026-07-24 22:55:00,0.1641,0.1641,0.1639,0.164,63655.6
2026-07-24 23:00:00,0.164,0.1641,0.1639,0.164,47736.2
2026-07-24 23:05:00,0.1639,0.164,0.1638,0.1639,18226.4
2026-07-24 23:10:00,0.1639,0.164,0.1638,0.164,45813.1
2026-07-24 23:15:00,0.1641,0.1641,0.164,0.164,38666.6
2026-07-24 23:20:00,0.164,0.1642,0.164,0.1641,23224.9
2026-07-24 23:25:00,0.1641,0.1642,0.1641,0.1642,17580.5
2026-07-24 23:30:00,0.1642,0.1643,0.1639,0.1639,55857.1
2026-07-24 23:35:00,0.1639,0.1639,0.1636,0.1639,115002.5
2026-07-24 23:40:00,0.1639,0.164,0.1638,0.1638,85633.7
2026-07-24 23:45:00,0.1638,0.1639,0.1637,0.1638,32805.9
2026-07-24 23:50:00,0.1639,0.164,0.1638,0.164,54163.1
2026-07-24 23:55:00,0.1639,0.164,0.1639,0.164,25720.2
2026-07-25 00:00:00,0.164,0.1641,0.1638,0.164,158188.9
2026-07-25 00:05:00,0.1641,0.1644,0.164,0.1642,83970.2
2026-07-25 00:10:00,0.1642,0.1643,0.1639,0.1642,78000.9
2026-07-25 00:15:00,0.1643,0.1645,0.1641,0.1643,262534.5
2026-07-25 00:20:00,0.1644,0.1645,0.1643,0.1644,155486.2
2026-07-25 00:25:00,0.1644,0.1646,0.1644,0.1646,56098.0
2026-07-25 00:30:00,0.1646,0.1648,0.1646,0.1648,87312.1
2026-07-25 00:35:00,0.1648,0.1648,0.1645,0.1646,108075.4
2026-07-25 00:40:00,0.1645,0.1645,0.1642,0.1642,112207.7
2026-07-25 00:45:00,0.1643,0.1643,0.164,0.1641,128668.3
2026-07-25 00:50:00,0.1641,0.1641,0.164,0.164,63151.3
2026-07-25 00:55:00,0.164,0.1644,0.164,0.1644,202698.0
2026-07-25 01:00:00,0.1644,0.1646,0.1644,0.1646,93946.3
2026-07-25 01:05:00,0.1645,0.1646,0.1644,0.1644,66005.9
2026-07-25 01:10:00,0.1643,0.1644,0.1642,0.1643,115930.6
2026-07-25 01:15:00,0.1643,0.1644,0.164,0.164,154012.4
2026-07-25 01:20:00,0.164,0.164,0.1639,0.164,43682.3
2026-07-25 01:25:00,0.1639,0.164,0.1639,0.1639,45544.0
2026-07-25 01:30:00,0.164,0.164,0.1639,0.1639,52933.1
2026-07-25 01:35:00,0.164,0.1642,0.164,0.164,105822.3
2026-07-25 01:40:00,0.1639,0.164,0.1638,0.164,67097.9
2026-07-25 01:45:00,0.1639,0.164,0.1639,0.164,29146.7
2026-07-25 01:50:00,0.164,0.164,0.1638,0.1638,83130.7
2026-07-25 01:55:00,0.1638,0.1639,0.1637,0.1638,70735.4
2026-07-25 02:00:00,0.1638,0.164,0.1637,0.164,126615.1
2026-07-25 02:05:00,0.164,0.1641,0.1639,0.164,28344.7
2026-07-25 02:10:00,0.164,0.164,0.1637,0.1638,54122.2
2026-07-25 02:15:00,0.1638,0.1638,0.1636,0.1637,93190.7
2026-07-25 02:20:00,0.1638,0.1639,0.1636,0.1639,99376.6
2026-07-25 02:25:00,0.1638,0.1641,0.1637,0.1641,191903.6
2026-07-25 02:30:00,0.1641,0.1642,0.1641,0.1642,46363.5
2026-07-25 02:35:00,0.1642,0.1643,0.1641,0.1642,44905.0
2026-07-25 02:40:00,0.1643,0.1643,0.164,0.164,63895.6
2026-07-25 02:45:00,0.1641,0.1641,0.164,0.164,75463.5
2026-07-25 02:50:00,0.164,0.164,0.1639,0.164,31334.7
2026-07-25 02:55:00,0.164,0.1641,0.164,0.1641,15970.0
2026-07-25 03:00:00,0.1641,0.1642,0.164,0.1642,58654.9
2026-07-25 03:05:00,0.1642,0.1643,0.1641,0.1643,51836.9
2026-07-25 03:10:00,0.1643,0.1644,0.1642,0.1642,48831.9
2026-07-25 03:15:00,0.1643,0.1643,0.1642,0.1642,8001.3
2026-07-25 03:20:00,0.1642,0.1643,0.1642,0.1642,18523.1
2026-07-25 03:25:00,0.1643,0.1644,0.1642,0.1642,49254.4
2026-07-25 03:30:00,0.1642,0.1643,0.1641,0.1643,79468.9
2026-07-25 03:35:00,0.1642,0.1642,0.164,0.1641,40478.4
2026-07-25 03:40:00,0.1641,0.1641,0.1639,0.164,60560.9
2026-07-25 03:45:00,0.1641,0.1641,0.1638,0.1639,87446.3
2026-07-25 03:50:00,0.1638,0.164,0.1638,0.164,61243.5
2026-07-25 03:55:00,0.1639,0.1641,0.1639,0.164,58338.2
2026-07-25 04:00:00,0.164,0.1641,0.1639,0.164,73847.2
2026-07-25 04:05:00,0.164,0.1641,0.164,0.1641,126044.6
2026-07-25 04:10:00,0.1641,0.1642,0.164,0.1642,18869.6
2026-07-25 04:15:00,0.1642,0.1642,0.1641,0.1642,8032.8
2026-07-25 04:20:00,0.1641,0.1641,0.164,0.164,24165.6
2026-07-25 04:25:00,0.164,0.1641,0.1639,0.164,12277.7
2026-07-25 04:30:00,0.164,0.1642,0.1638,0.1638,395015.8
2026-07-25 04:35:00,0.1638,0.164,0.1638,0.1639,8073.7
2026-07-25 04:40:00,0.1639,0.1641,0.1638,0.1639,143936.2
2026-07-25 04:45:00,0.1639,0.164,0.1638,0.164,265006.4
2026-07-25 04:50:00,0.164,0.164,0.1638,0.1638,70971.5
2026-07-25 04:55:00,0.1637,0.1638,0.1637,0.1638,9117.9
2026-07-25 05:00:00,0.1638,0.164,0.1638,0.164,104074.0
2026-07-25 05:05:00,0.1639,0.164,0.1637,0.1638,89493.5
2026-07-25 05:10:00,0.1639,0.1639,0.1637,0.1638,45603.5
2026-07-25 05:15:00,0.1637,0.1637,0.1633,0.1633,603889.1
2026-07-25 05:20:00,0.1633,0.1634,0.1633,0.1633,64734.5
2026-07-25 05:25:00,0.1634,0.1634,0.1632,0.1633,61061.8
2026-07-25 05:30:00,0.1633,0.1633,0.1631,0.1632,162836.1
2026-07-25 05:35:00,0.1631,0.1631,0.1628,0.1628,116964.9
2026-07-25 05:40:00,0.1628,0.1631,0.1628,0.163,83223.1
2026-07-25 05:45:00,0.1631,0.1631,0.1629,0.1629,84467.5
2026-07-25 05:50:00,0.163,0.1631,0.1628,0.1631,25323.4
2026-07-25 05:55:00,0.1631,0.1632,0.163,0.1631,3618.2
2026-07-25 06:00:00,0.1632,0.1632,0.1631,0.1632,6250.1
2026-07-25 06:05:00,0.1631,0.1632,0.1631,0.1631,44363.7
2026-07-25 06:10:00,0.1631,0.1633,0.1631,0.1632,67303.9
2026-07-25 06:15:00,0.1633,0.1634,0.1631,0.1633,54360.5
2026-07-25 06:20:00,0.1633,0.1633,0.162,0.1622,1066093.3
2026-07-25 06:25:00,0.1623,0.1624,0.1621,0.1622,208458.1
2026-07-25 06:30:00,0.1622,0.1622,0.1618,0.162,326625.1
2026-07-25 06:35:00,0.162,0.1621,0.1618,0.162,283350.9
2026-07-25 06:40:00,0.1619,0.162,0.1617,0.1619,150664.9
2026-07-25 06:45:00,0.1619,0.1619,0.1615,0.1617,170537.7
2026-07-25 06:50:00,0.1617,0.162,0.1616,0.162,148129.7
2026-07-25 06:55:00,0.1619,0.1623,0.1619,0.1623,216952.3
2026-07-25 07:00:00,0.1622,0.1622,0.162,0.1621,24376.8
2026-07-25 07:05:00,0.1621,0.1621,0.162,0.162,87814.7
2026-07-25 07:10:00,0.162,0.162,0.1618,0.1619,110520.0
2026-07-25 07:15:00,0.1619,0.162,0.1617,0.1618,268376.8
2026-07-25 07:20:00,0.1618,0.1621,0.1618,0.162,167455.6
2026-07-25 07:25:00,0.1619,0.162,0.1618,0.1619,21575.8
2026-07-25 07:30:00,0.1618,0.1618,0.1616,0.1617,81664.5
2026-07-25 07:35:00,0.1617,0.162,0.1616,0.1619,259392.4
2026-07-25 07:40:00,0.1619,0.1619,0.1616,0.1617,174782.9
2026-07-25 07:45:00,0.1617,0.162,0.1616,0.1619,222490.9
2026-07-25 07:50:00,0.1619,0.1619,0.1617,0.1617,143439.3
2026-07-25 07:55:00,0.1617,0.1618,0.1616,0.1616,88500.4
2026-07-25 08:00:00,0.1617,0.1619,0.1616,0.1616,325754.7
2026-07-25 08:05:00,0.1616,0.1618,0.1615,0.1618,132436.0
2026-07-25 08:10:00,0.1618,0.1618,0.1617,0.1617,114947.7
2026-07-25 08:15:00,0.1617,0.1619,0.1617,0.1619,134129.2
2026-07-25 08:20:00,0.1619,0.1621,0.1617,0.1619,629797.2
2026-07-25 08:25:00,0.1618,0.1621,0.1618,0.1621,28777.7
2026-07-25 08:30:00,0.1621,0.1622,0.162,0.1622,217284.9
2026-07-25 08:35:00,0.1622,0.1622,0.1618,0.1619,60761.2
2026-07-25 08:40:00,0.1619,0.162,0.1618,0.1619,90950.4
2026-07-25 08:45:00,0.1619,0.1621,0.1618,0.1618,79677.7
2026-07-25 08:50:00,0.1618,0.1618,0.1615,0.1616,144212.9
2026-07-25 08:55:00,0.1616,0.1618,0.1616,0.1618,164878.2
2026-07-25 09:00:00,0.1619,0.1621,0.1617,0.1617,115247.4
2026-07-25 09:05:00,0.1618,0.162,0.1617,0.1619,98716.5
2026-07-25 09:10:00,0.162,0.1621,0.1619,0.162,50523.7
2026-07-25 09:15:00,0.1621,0.1622,0.162,0.1622,89067.8
2026-07-25 09:20:00,0.1621,0.1623,0.162,0.1622,78314.8
2026-07-25 09:25:00,0.1622,0.1625,0.1622,0.1625,143873.7
2026-07-25 09:30:00,0.1625,0.1625,0.1622,0.1623,68998.4
2026-07-25 09:35:00,0.1622,0.1624,0.1622,0.1623,69023.4
2026-07-25 09:40:00,0.1623,0.1625,0.1622,0.1623,338453.3
2026-07-25 09:45:00,0.1623,0.1626,0.1623,0.1625,32194.6
2026-07-25 09:50:00,0.1626,0.1628,0.1625,0.1626,191568.5
2026-07-25 09:55:00,0.1626,0.1626,0.1623,0.1624,148838.4
2026-07-25 10:00:00,0.1625,0.1626,0.1624,0.1625,124488.6
2026-07-25 10:05:00,0.1625,0.1625,0.1621,0.1624,363175.7
2026-07-25 10:10:00,0.1624,0.1627,0.1623,0.1626,267826.7
2026-07-25 10:15:00,0.1626,0.1627,0.1626,0.1627,9520.5
2026-07-25 10:20:00,0.1627,0.1627,0.1624,0.1625,86722.0
2026-07-25 10:25:00,0.1624,0.1626,0.1623,0.1623,281112.4
2026-07-25 10:30:00,0.1624,0.1624,0.1622,0.1622,23316.7
2026-07-25 10:35:00,0.1623,0.1623,0.1621,0.1621,32626.7
2026-07-25 10:40:00,0.1621,0.1622,0.162,0.1621,69081.4
2026-07-25 10:45:00,0.162,0.1622,0.162,0.162,37305.4
2026-07-25 10:50:00,0.162,0.1622,0.162,0.1622,41427.8
2026-07-25 10:55:00,0.1622,0.1623,0.1621,0.1623,194408.5
2026-07-25 11:00:00,0.1622,0.1623,0.162,0.1622,78552.1
2026-07-25 11:05:00,0.1622,0.1624,0.1622,0.1623,195040.8
2026-07-25 11:10:00,0.1623,0.1623,0.1621,0.1621,46359.1
2026-07-25 11:15:00,0.1621,0.1624,0.1621,0.1623,69279.8
2026-07-25 11:20:00,0.1623,0.1623,0.1621,0.1623,79028.5
2026-07-25 11:25:00,0.1622,0.1623,0.1622,0.1622,29813.4
2026-07-25 11:30:00,0.1623,0.1623,0.162,0.162,33232.7
2026-07-25 11:35:00,0.1621,0.1621,0.162,0.1621,20058.2
2026-07-25 11:40:00,0.1621,0.1623,0.162,0.1622,42423.9
2026-07-25 11:45:00,0.1623,0.1624,0.1622,0.1624,62369.4
2026-07-25 11:50:00,0.1624,0.1626,0.1623,0.1626,72927.5
2026-07-25 11:55:00,0.1626,0.1627,0.1626,0.1627,62702.7
2026-07-25 12:00:00,0.1627,0.1627,0.1626,0.1626,17283.0
2026-07-25 12:05:00,0.1627,0.1627,0.1626,0.1627,13388.3
2026-07-25 12:10:00,0.1627,0.1628,0.1626,0.1628,99324.4
2026-07-25 12:15:00,0.1629,0.1629,0.1627,0.1628,100389.6
2026-07-25 12:20:00,0.1629,0.163,0.1628,0.1629,38563.8
2026-07-25 12:25:00,0.163,0.1632,0.163,0.163,61155.8
2026-07-25 12:30:00,0.1629,0.163,0.1628,0.1629,52721.6
2026-07-25 12:35:00,0.1629,0.163,0.1628,0.1629,65289.4
2026-07-25 12:40:00,0.163,0.1632,0.1629,0.1631,16389.4
2026-07-25 12:45:00,0.1632,0.1633,0.1631,0.1633,238918.0
2026-07-25 12:50:00,0.1632,0.1633,0.1631,0.1632,29471.2
2026-07-25 12:55:00,0.1632,0.1634,0.1631,0.1633,69685.0
2026-07-25 13:00:00,0.1633,0.1636,0.1632,0.1635,56968.0
2026-07-25 13:05:00,0.1635,0.1637,0.1635,0.1637,46019.8
2026-07-25 13:10:00,0.1636,0.1637,0.1635,0.1636,37572.3
2026-07-25 13:15:00,0.1637,0.1638,0.1636,0.1638,182041.5
2026-07-25 13:20:00,0.1638,0.1638,0.1635,0.1636,73170.1
2026-07-25 13:25:00,0.1635,0.1637,0.1635,0.1636,155890.3
2026-07-25 13:30:00,0.1637,0.1638,0.1637,0.1637,43446.9
2026-07-25 13:35:00,0.1637,0.1638,0.1636,0.1636,212386.7
2026-07-25 13:40:00,0.1636,0.1641,0.1636,0.164,361954.8
2026-07-25 13:45:00,0.1641,0.1643,0.1639,0.1641,312970.3
2026-07-25 13:50:00,0.1642,0.1642,0.1638,0.1639,193209.9
2026-07-25 13:55:00,0.1639,0.1639,0.1636,0.1636,82871.6
2026-07-25 14:00:00,0.1637,0.1637,0.1633,0.1634,166401.9
2026-07-25 14:05:00,0.1633,0.1635,0.1632,0.1633,347313.6
2026-07-25 14:10:00,0.1634,0.1635,0.1633,0.1634,96813.3
2026-07-25 14:15:00,0.1634,0.1636,0.1633,0.1634,98532.7
2026-07-25 14:20:00,0.1634,0.1634,0.1631,0.1633,67087.9
2026-07-25 14:25:00,0.1632,0.1634,0.1632,0.1633,69681.4
2026-07-25 14:30:00,0.1634,0.1638,0.1633,0.1637,161090.7
2026-07-25 14:35:00,0.1637,0.164,0.1636,0.1639,166213.1
2026-07-25 14:40:00,0.1639,0.164,0.1638,0.164,68775.6
2026-07-25 14:45:00,0.164,0.1641,0.1639,0.1641,145017.2
2026-07-25 14:50:00,0.164,0.1644,0.164,0.1643,121904.0
2026-07-25 14:55:00,0.1643,0.1644,0.1643,0.1644,700373.9
2026-07-25 15:00:00,0.1644,0.1646,0.1643,0.1646,245010.9
2026-07-25 15:05:00,0.1646,0.1647,0.1645,0.1646,398352.0
2026-07-25 15:10:00,0.1647,0.1647,0.1645,0.1647,90324.0
2026-07-25 15:15:00,0.1646,0.1647,0.1645,0.1647,179061.8
2026-07-25 15:20:00,0.1647,0.165,0.1646,0.1647,112626.5
2026-07-25 15:25:00,0.1647,0.1647,0.1645,0.1646,64518.9
2026-07-25 15:30:00,0.1646,0.1647,0.1644,0.1647,126217.1
2026-07-25 15:35:00,0.1647,0.165,0.1647,0.1648,122359.4
2026-07-25 15:40:00,0.1648,0.165,0.1648,0.1649,51153.2
2026-07-25 15:45:00,0.1649,0.165,0.1647,0.1647,83107.5
2026-07-25 15:50:00,0.1648,0.165,0.1647,0.165,52527.7
2026-07-25 15:55:00,0.1649,0.165,0.1647,0.1648,118024.6
2026-07-25 16:00:00,0.1648,0.165,0.1647,0.1649,106694.2
2026-07-25 16:05:00,0.165,0.1658,0.1649,0.1651,645597.2
2026-07-25 16:10:00,0.1651,0.1652,0.1648,0.1651,446341.4
2026-07-25 16:15:00,0.1651,0.1652,0.1645,0.1645,188739.8
2026-07-25 16:20:00,0.1645,0.1649,0.1641,0.1649,281614.7
2026-07-25 16:25:00,0.1648,0.1649,0.1646,0.1649,217822.5
2026-07-25 16:30:00,0.1649,0.165,0.1647,0.1647,164196.0
2026-07-25 16:35:00,0.1648,0.1652,0.1647,0.1652,159223.5
2026-07-25 16:40:00,0.1651,0.1654,0.1651,0.1654,113168.6
2026-07-25 16:45:00,0.1654,0.1654,0.1651,0.1652,132302.0
2026-07-25 16:50:00,0.1652,0.1652,0.165,0.1651,46132.8
2026-07-25 16:55:00,0.165,0.1654,0.1649,0.1652,135057.4
2026-07-25 17:00:00,0.1652,0.1655,0.165,0.1651,110243.5
2026-07-25 17:05:00,0.165,0.1651,0.1648,0.1648,249812.8
2026-07-25 17:10:00,0.1648,0.1651,0.1647,0.1649,224412.6
2026-07-25 17:15:00,0.1649,0.1653,0.1649,0.1652,193054.4
2026-07-25 17:20:00,0.1652,0.1657,0.1651,0.1655,169335.5
2026-07-25 17:25:00,0.1655,0.1655,0.1653,0.1653,121551.1
2026-07-25 17:30:00,0.1653,0.1653,0.1651,0.1653,98545.3
2026-07-25 17:35:00,0.1654,0.1654,0.1651,0.1652,99629.0
2026-07-25 17:40:00,0.1652,0.1664,0.1652,0.1659,461107.7
2026-07-25 17:45:00,0.1659,0.167,0.1657,0.1663,1491312.3
2026-07-25 17:50:00,0.1662,0.1663,0.1657,0.1657,270551.3
2026-07-25 17:55:00,0.1657,0.1657,0.1655,0.1656,115343.5
2026-07-25 18:00:00,0.1657,0.1664,0.1656,0.1662,508068.9
2026-07-25 18:05:00,0.1661,0.1661,0.1657,0.1657,126657.7
2026-07-25 18:10:00,0.1656,0.1659,0.1655,0.1658,108676.2
2026-07-25 18:15:00,0.1658,0.1659,0.1655,0.1657,106213.7
2026-07-25 18:20:00,0.1657,0.1659,0.1657,0.1658,32143.7
2026-07-25 18:25:00,0.1658,0.1661,0.1656,0.166,247180.0
2026-07-25 18:30:00,0.1661,0.1662,0.1658,0.1662,113242.5
2026-07-25 18:35:00,0.1661,0.1662,0.1658,0.1659,233753.7
2026-07-25 18:40:00,0.1658,0.1659,0.1657,0.1657,56722.5
2026-07-25 18:45:00,0.1657,0.1659,0.1657,0.1659,47315.3
2026-07-25 18:50:00,0.1658,0.1659,0.1658,0.1658,28949.7
2026-07-25 18:55:00,0.1657,0.166,0.1657,0.166,106455.9
2026-07-25 19:00:00,0.1659,0.166,0.1658,0.1658,115127.6
2026-07-25 19:05:00,0.1658,0.166,0.1657,0.1657,216013.5
2026-07-25 19:10:00,0.1656,0.1657,0.1654,0.1657,107533.2
2026-07-25 19:15:00,0.1656,0.1656,0.1653,0.1655,72767.2
2026-07-25 19:20:00,0.1655,0.1656,0.1655,0.1655,78682.6
2026-07-25 19:25:00,0.1654,0.1655,0.1653,0.1654,35507.7
2026-07-25 19:30:00,0.1653,0.1655,0.1653,0.1654,42249.6
2026-07-25 19:35:00,0.1654,0.1655,0.1653,0.1654,148842.3
2026-07-25 19:40:00,0.1653,0.1656,0.1653,0.1656,74641.5
2026-07-25 19:45:00,0.1655,0.1656,0.1654,0.1655,249017.3
2026-07-25 19:50:00,0.1655,0.1657,0.1654,0.1657,60124.2
2026-07-25 19:55:00,0.1656,0.1657,0.1655,0.1656,39898.2
2026-07-25 20:00:00,0.1656,0.1657,0.1652,0.1653,63628.1
2026-07-25 20:05:00,0.1653,0.1654,0.1649,0.1651,76304.0
2026-07-25 20:10:00,0.1651,0.1652,0.165,0.165,52957.5
2026-07-25 20:15:00,0.165,0.1651,0.1648,0.1649,86512.6
2026-07-25 20:20:00,0.1649,0.165,0.1648,0.165,8678.5
2026-07-25 20:25:00,0.165,0.1651,0.1649,0.165,12904.8
2026-07-25 20:30:00,0.1651,0.1651,0.1649,0.1649,7305.8
2026-07-25 20:35:00,0.1648,0.1649,0.1647,0.1647,24768.9
2026-07-25 20:40:00,0.1648,0.1648,0.1647,0.1648,30877.3
2026-07-25 20:45:00,0.1647,0.1649,0.1646,0.1648,59628.2
2026-07-25 20:50:00,0.1648,0.1649,0.1646,0.1646,116341.4
2026-07-25 20:55:00,0.1646,0.1647,0.1645,0.1647,60941.9
2026-07-25 21:00:00,0.1647,0.1647,0.1645,0.1646,21512.3
2026-07-25 21:05:00,0.1646,0.1647,0.1643,0.1643,247354.7
2026-07-25 21:10:00,0.1644,0.1645,0.1643,0.1645,290051.7
2026-07-25 21:15:00,0.1644,0.1647,0.1643,0.1643,46657.5
2026-07-25 21:20:00,0.1642,0.1643,0.164,0.1641,249024.8
2026-07-25 21:25:00,0.164,0.1644,0.1638,0.1644,394809.3
2026-07-25 21:30:00,0.1643,0.1648,0.1643,0.1647,76070.5
2026-07-25 21:35:00,0.1648,0.1649,0.1647,0.1648,20540.9
2026-07-25 21:40:00,0.1647,0.1648,0.1646,0.1648,58328.9
2026-07-25 21:45:00,0.1648,0.1648,0.1646,0.1647,154522.8
2026-07-25 21:50:00,0.1648,0.165,0.1646,0.165,40184.1
2026-07-25 21:55:00,0.1649,0.165,0.1647,0.1647,58053.0
2026-07-25 22:00:00,0.1648,0.1649,0.1647,0.1648,121506.3
2026-07-25 22:05:00,0.1648,0.1648,0.1647,0.1647,15738.0
2026-07-25 22:10:00,0.1647,0.1649,0.1645,0.1649,315217.3
2026-07-25 22:15:00,0.1649,0.165,0.1648,0.1649,118787.5
2026-07-25 22:20:00,0.1649,0.1649,0.1648,0.1648,11514.0
2026-07-25 22:25:00,0.1649,0.165,0.1648,0.1649,113036.5
2026-07-25 22:30:00,0.1649,0.165,0.1647,0.165,86612.4
2026-07-25 22:35:00,0.1649,0.1652,0.1649,0.1652,36907.1
2026-07-25 22:40:00,0.1652,0.1652,0.165,0.1651,101269.8
2026-07-25 22:45:00,0.1652,0.1652,0.165,0.1652,165912.2
2026-07-25 22:50:00,0.1652,0.1653,0.1651,0.1653,112041.0
2026-07-25 22:55:00,0.1653,0.1653,0.1651,0.1651,46505.1
2026-07-25 23:00:00,0.1651,0.1651,0.165,0.1651,29530.5
2026-07-25 23:05:00,0.1651,0.1651,0.165,0.165,760.8
2026-07-25 23:10:00,0.1651,0.1651,0.165,0.165,2076.2
2026-07-25 23:15:00,0.1651,0.1651,0.165,0.1651,83975.3
2026-07-25 23:20:00,0.1651,0.1651,0.165,0.1651,8830.5
2026-07-25 23:25:00,0.1651,0.1651,0.1648,0.1648,51713.1
2026-07-25 23:30:00,0.1648,0.1648,0.1647,0.1647,110658.2
2026-07-25 23:35:00,0.1647,0.1649,0.1647,0.1647,129389.9
2026-07-25 23:40:00,0.1647,0.1647,0.1646,0.1647,11262.3
2026-07-25 23:45:00,0.1647,0.1648,0.1646,0.1647,23600.5
2026-07-25 23:50:00,0.1647,0.1647,0.1646,0.1647,38111.5
2026-07-25 23:55:00,0.1647,0.1649,0.1647,0.1648,35082.8
2026-07-26 00:00:00,0.1649,0.165,0.1648,0.1649,43955.4
2026-07-26 00:05:00,0.1649,0.1652,0.1649,0.1651,85654.3
2026-07-26 00:10:00,0.165,0.1652,0.165,0.1651,40992.5
2026-07-26 00:15:00,0.1652,0.1654,0.1651,0.1654,590626.2
2026-07-26 00:20:00,0.1654,0.1656,0.1653,0.1654,126435.9
2026-07-26 00:25:00,0.1654,0.1656,0.1654,0.1654,102807.9
2026-07-26 00:30:00,0.1655,0.1656,0.1652,0.1652,81955.5
2026-07-26 00:35:00,0.1652,0.1652,0.165,0.1651,55373.6
2026-07-26 00:40:00,0.1651,0.1653,0.1651,0.1653,21074.6
2026-07-26 00:45:00,0.1653,0.1653,0.165,0.1651,90102.6
2026-07-26 00:50:00,0.1651,0.1655,0.1651,0.1655,33201.1
2026-07-26 00:55:00,0.1654,0.1654,0.1653,0.1653,65062.7
2026-07-26 01:00:00,0.1654,0.1655,0.1652,0.1653,48186.4
2026-07-26 01:05:00,0.1652,0.1653,0.1651,0.1653,30149.4
2026-07-26 01:10:00,0.1652,0.1653,0.1651,0.1653,40698.2
2026-07-26 01:15:00,0.1653,0.1653,0.1652,0.1652,14835.3
2026-07-26 01:20:00,0.1652,0.1653,0.1651,0.1653,47326.5
2026-07-26 01:25:00,0.1652,0.1654,0.1652,0.1654,5342.1
2026-07-26 01:30:00,0.1654,0.1654,0.1652,0.1652,72216.1
2026-07-26 01:35:00,0.1653,0.1654,0.1652,0.1652,47985.3
2026-07-26 01:40:00,0.1653,0.1653,0.1651,0.1651,41279.9
2026-07-26 01:45:00,0.1651,0.1653,0.165,0.1653,37750.2
2026-07-26 01:50:00,0.1653,0.1654,0.1653,0.1653,24842.7
2026-07-26 01:55:00,0.1654,0.1654,0.1651,0.1651,183588.9
2026-07-26 02:00:00,0.1652,0.1652,0.1649,0.165,63249.6
2026-07-26 02:05:00,0.1649,0.1649,0.1646,0.1648,37441.4
2026-07-26 02:10:00,0.1647,0.165,0.1647,0.165,27921.2
2026-07-26 02:15:00,0.1649,0.1651,0.1649,0.165,67578.0
2026-07-26 02:20:00,0.1649,0.1651,0.1648,0.165,65304.1
2026-07-26 02:25:00,0.165,0.1653,0.1649,0.1653,42696.8
2026-07-26 02:30:00,0.1652,0.1653,0.1649,0.1651,24339.7
2026-07-26 02:35:00,0.1651,0.1651,0.1649,0.165,218947.7
2026-07-26 02:40:00,0.1649,0.1651,0.1649,0.165,48425.0
2026-07-26 02:45:00,0.1651,0.1654,0.1651,0.1653,54553.0
2026-07-26 02:50:00,0.1653,0.1654,0.1653,0.1654,73155.7
2026-07-26 02:55:00,0.1653,0.1655,0.1653,0.1655,66153.0
2026-07-26 03:00:00,0.1655,0.1655,0.1652,0.1654,90711.8
2026-07-26 03:05:00,0.1654,0.1654,0.1651,0.1651,50214.5
2026-07-26 03:10:00,0.1651,0.1656,0.1651,0.1656,56594.7
2026-07-26 03:15:00,0.1656,0.1656,0.1654,0.1655,48951.9
2026-07-26 03:20:00,0.1655,0.1657,0.1654,0.1657,59408.2
2026-07-26 03:25:00,0.1656,0.1657,0.1655,0.1655,17817.8
2026-07-26 03:30:00,0.1655,0.1656,0.1654,0.1656,186263.3
2026-07-26 03:35:00,0.1656,0.1659,0.1655,0.1658,81528.3
2026-07-26 03:40:00,0.1658,0.1658,0.1655,0.1655,120508.4
2026-07-26 03:45:00,0.1655,0.1655,0.1653,0.1653,82366.6
2026-07-26 03:50:00,0.1654,0.1655,0.1653,0.1655,29346.9
2026-07-26 03:55:00,0.1654,0.1655,0.1652,0.1654,64275.4
2026-07-26 04:00:00,0.1655,0.1657,0.1653,0.1657,100006.4
2026-07-26 04:05:00,0.1656,0.1656,0.1654,0.1654,45921.2
2026-07-26 04:10:00,0.1654,0.1654,0.1651,0.1651,61490.0
2026-07-26 04:15:00,0.1652,0.1653,0.1651,0.1653,47333.2
2026-07-26 04:20:00,0.1652,0.1657,0.1652,0.1656,48162.4
2026-07-26 04:25:00,0.1656,0.1659,0.1655,0.1659,166743.0
2026-07-26 04:30:00,0.1659,0.166,0.1658,0.1659,120143.3
2026-07-26 04:35:00,0.1659,0.1659,0.1658,0.1659,24349.0
2026-07-26 04:40:00,0.1659,0.1659,0.1657,0.1658,13112.4
2026-07-26 04:45:00,0.1659,0.166,0.1658,0.1658,32791.6
2026-07-26 04:50:00,0.1658,0.166,0.1658,0.1658,31501.3
2026-07-26 04:55:00,0.1658,0.1658,0.1656,0.1658,76133.5
2026-07-26 05:00:00,0.1658,0.1659,0.1657,0.1659,61101.2
2026-07-26 05:05:00,0.1658,0.1659,0.1656,0.1657,115784.8
2026-07-26 05:10:00,0.1657,0.166,0.1657,0.1659,117031.9
2026-07-26 05:15:00,0.166,0.166,0.1658,0.166,67394.5
2026-07-26 05:20:00,0.1659,0.166,0.1657,0.1658,39128.2
2026-07-26 05:25:00,0.1657,0.1657,0.1655,0.1656,55329.7
2026-07-26 05:30:00,0.1656,0.1657,0.1652,0.1655,311765.9
2026-07-26 05:35:00,0.1655,0.1657,0.1655,0.1656,33253.7
2026-07-26 05:40:00,0.1657,0.1659,0.1656,0.1659,22938.7
2026-07-26 05:45:00,0.1658,0.1659,0.1657,0.1657,88519.6
2026-07-26 05:50:00,0.1657,0.1658,0.1655,0.1656,44676.7
2026-07-26 05:55:00,0.1655,0.1655,0.1654,0.1654,28688.6
2026-07-26 06:00:00,0.1655,0.1656,0.1654,0.1655,28699.8
2026-07-26 06:05:00,0.1654,0.1655,0.1652,0.1652,116117.0
2026-07-26 06:10:00,0.1652,0.1653,0.165,0.1652,244726.3
2026-07-26 06:15:00,0.1652,0.1655,0.1652,0.1653,61186.8
2026-07-26 06:20:00,0.1652,0.1652,0.165,0.165,76123.0
2026-07-26 06:25:00,0.165,0.1652,0.165,0.1652,40733.0
2026-07-26 06:30:00,0.1652,0.1654,0.1651,0.1654,118577.1
2026-07-26 06:35:00,0.1653,0.1657,0.1653,0.1656,178116.2
2026-07-26 06:40:00,0.1657,0.1657,0.1655,0.1656,64420.6
2026-07-26 06:45:00,0.1656,0.1658,0.1655,0.1658,37854.4
2026-07-26 06:50:00,0.1657,0.166,0.1657,0.1659,66087.3
2026-07-26 06:55:00,0.1659,0.1664,0.1659,0.1662,154645.9
2026-07-26 07:00:00,0.1663,0.1664,0.1662,0.1663,78494.8
2026-07-26 07:05:00,0.1662,0.1666,0.1662,0.1663,175846.3
2026-07-26 07:10:00,0.1663,0.1665,0.1663,0.1665,57089.1
2026-07-26 07:15:00,0.1665,0.1667,0.1664,0.1665,403887.6
2026-07-26 07:20:00,0.1665,0.1665,0.1657,0.1658,396871.1
2026-07-26 07:25:00,0.1658,0.1659,0.1658,0.1659,37479.6
2026-07-26 07:30:00,0.1659,0.1659,0.1656,0.1658,44150.3
2026-07-26 07:35:00,0.1658,0.1658,0.1651,0.1652,999659.6
2026-07-26 07:40:00,0.1651,0.1654,0.1651,0.1652,109245.0
2026-07-26 07:45:00,0.1652,0.1655,0.1651,0.1653,158791.8
2026-07-26 07:50:00,0.1653,0.1653,0.1651,0.1651,44285.9
2026-07-26 07:55:00,0.1651,0.1652,0.1651,0.1651,92860.8
2026-07-26 08:00:00,0.1651,0.1652,0.1649,0.165,182018.6
2026-07-26 08:05:00,0.1651,0.1651,0.1649,0.165,43547.6
2026-07-26 08:10:00,0.165,0.1651,0.1649,0.165,76681.5
2026-07-26 08:15:00,0.1649,0.165,0.1646,0.1649,621995.9
2026-07-26 08:20:00,0.1649,0.1653,0.1648,0.1652,160747.7
2026-07-26 08:25:00,0.1651,0.1652,0.165,0.1652,54030.5
2026-07-26 08:30:00,0.1652,0.1652,0.1649,0.165,63290.2
2026-07-26 08:35:00,0.1651,0.1651,0.1649,0.165,42435.8
2026-07-26 08:40:00,0.1649,0.165,0.1649,0.1649,8970.3
2026-07-26 08:45:00,0.1649,0.1651,0.1649,0.165,18147.7
2026-07-26 08:50:00,0.165,0.1652,0.165,0.1651,207094.1
2026-07-26 08:55:00,0.1652,0.1653,0.1652,0.1652,105452.6
2026-07-26 09:00:00,0.1652,0.1654,0.1651,0.1653,35238.3
2026-07-26 09:05:00,0.1653,0.1654,0.1652,0.1653,74317.8
2026-07-26 09:10:00,0.1653,0.1654,0.1652,0.1653,56532.6
2026-07-26 09:15:00,0.1652,0.1654,0.1652,0.1654,49350.4
2026-07-26 09:20:00,0.1653,0.1654,0.1652,0.1652,43215.4
2026-07-26 09:25:00,0.1652,0.1653,0.1651,0.1653,10221.5
2026-07-26 09:30:00,0.1653,0.1653,0.1651,0.1652,66152.2
2026-07-26 09:35:00,0.1652,0.1654,0.1651,0.1653,27557.7
2026-07-26 09:40:00,0.1653,0.1654,0.1652,0.1653,145350.6
2026-07-26 09:45:00,0.1652,0.1653,0.1651,0.1651,85241.8
2026-07-26 09:50:00,0.1651,0.1651,0.165,0.1651,32122.0
2026-07-26 09:55:00,0.1651,0.1651,0.1649,0.165,26491.2
2026-07-26 10:00:00,0.1649,0.165,0.1648,0.165,107929.0
2026-07-26 10:05:00,0.165,0.165,0.1649,0.165,16675.2
2026-07-26 10:10:00,0.165,0.1651,0.1649,0.165,239504.8
2026-07-26 10:15:00,0.1649,0.165,0.1649,0.1649,39186.5
2026-07-26 10:20:00,0.165,0.165,0.1648,0.165,399128.3
2026-07-26 10:25:00,0.165,0.165,0.1649,0.165,14948.7
2026-07-26 10:30:00,0.165,0.1652,0.1649,0.1652,124469.0
2026-07-26 10:35:00,0.1652,0.1653,0.1651,0.1652,253477.6
2026-07-26 10:40:00,0.1651,0.1653,0.1651,0.1652,132380.7
2026-07-26 10:45:00,0.1652,0.1653,0.1651,0.1652,97630.1
2026-07-26 10:50:00,0.1651,0.1653,0.1651,0.1653,58042.7
2026-07-26 10:55:00,0.1652,0.1654,0.1652,0.1654,181521.9
2026-07-26 11:00:00,0.1655,0.1655,0.1651,0.1651,155879.5
2026-07-26 11:05:00,0.1651,0.1653,0.1651,0.1651,62313.0
2026-07-26 11:10:00,0.165,0.1652,0.165,0.1651,55150.1
2026-07-26 11:15:00,0.165,0.1651,0.165,0.1651,36418.5
2026-07-26 11:20:00,0.165,0.1654,0.165,0.1654,49606.2
2026-07-26 11:25:00,0.1653,0.1654,0.1652,0.1653,48225.3
2026-07-26 11:30:00,0.1654,0.1655,0.1653,0.1654,194032.0
2026-07-26 11:35:00,0.1654,0.1655,0.1654,0.1654,7014.6
2026-07-26 11:40:00,0.1654,0.1654,0.1653,0.1653,213451.1
2026-07-26 11:45:00,0.1654,0.1654,0.165,0.165,134299.0
2026-07-26 11:50:00,0.165,0.1651,0.1649,0.165,58614.5
2026-07-26 11:55:00,0.1649,0.1651,0.1649,0.1651,52866.6
2026-07-26 12:00:00,0.1651,0.1652,0.165,0.1652,39252.6
2026-07-26 12:05:00,0.1652,0.1655,0.1651,0.1651,159832.1
2026-07-26 12:10:00,0.1651,0.1651,0.1649,0.165,27531.1
2026-07-26 12:15:00,0.165,0.1653,0.1649,0.1649,46897.4
2026-07-26 12:20:00,0.1649,0.1651,0.1648,0.1651,62087.6
2026-07-26 12:25:00,0.1651,0.1654,0.1651,0.1653,51432.6
2026-07-26 12:30:00,0.1654,0.1655,0.1652,0.1652,149038.8
2026-07-26 12:35:00,0.1652,0.1654,0.1652,0.1652,46223.5
2026-07-26 12:40:00,0.1651,0.1652,0.165,0.1651,90425.1
2026-07-26 12:45:00,0.1651,0.1652,0.1649,0.165,165665.9
2026-07-26 12:50:00,0.165,0.1651,0.1649,0.165,59831.3
2026-07-26 12:55:00,0.1651,0.1651,0.1648,0.1649,116619.1
2026-07-26 13:00:00,0.1649,0.1649,0.1643,0.1644,294036.3
2026-07-26 13:05:00,0.1643,0.1645,0.1643,0.1644,185912.1
2026-07-26 13:10:00,0.1645,0.1646,0.1644,0.1645,48326.9
2026-07-26 13:15:00,0.1644,0.1647,0.1644,0.1647,28415.9
2026-07-26 13:20:00,0.1646,0.1648,0.1646,0.1647,67818.0
2026-07-26 13:25:00,0.1646,0.1647,0.1644,0.1644,141668.7
2026-07-26 13:30:00,0.1645,0.1646,0.1643,0.1646,61747.4
2026-07-26 13:35:00,0.1646,0.1646,0.1645,0.1645,21377.1
2026-07-26 13:40:00,0.1646,0.1647,0.1646,0.1647,91563.6
2026-07-26 13:45:00,0.1646,0.1649,0.1646,0.1648,257270.9
2026-07-26 13:50:00,0.1648,0.1649,0.1645,0.1645,61691.6
2026-07-26 13:55:00,0.1645,0.1646,0.1644,0.1646,39668.1
2026-07-26 14:00:00,0.1646,0.1646,0.1643,0.1644,166695.3
2026-07-26 14:05:00,0.1645,0.1649,0.1644,0.1648,263031.3
2026-07-26 14:10:00,0.1648,0.1649,0.1645,0.1648,895429.8
2026-07-26 14:15:00,0.1648,0.1648,0.1646,0.1648,39841.0
2026-07-26 14:20:00,0.1648,0.1648,0.1646,0.1646,108433.3
2026-07-26 14:25:00,0.1646,0.1647,0.1643,0.1644,143089.7
2026-07-26 14:30:00,0.1644,0.1646,0.1641,0.1644,123860.5
2026-07-26 14:35:00,0.1644,0.1644,0.1643,0.1643,35210.7
2026-07-26 14:40:00,0.1644,0.1646,0.1643,0.1645,36474.5
2026-07-26 14:45:00,0.1645,0.1649,0.1645,0.1647,129711.0
2026-07-26 14:50:00,0.1647,0.1649,0.1647,0.1649,58106.6
2026-07-26 14:55:00,0.1648,0.1649,0.1647,0.1649,98522.7
2026-07-26 15:00:00,0.1649,0.1649,0.1647,0.1649,105583.3
2026-07-26 15:05:00,0.1649,0.1649,0.1646,0.1648,68751.7
2026-07-26 15:10:00,0.1647,0.1648,0.1645,0.1646,173057.3
2026-07-26 15:15:00,0.1647,0.1654,0.1647,0.1653,427823.8
2026-07-26 15:20:00,0.1653,0.1655,0.1652,0.1652,91434.3
2026-07-26 15:25:00,0.1652,0.1653,0.165,0.1651,79583.3
2026-07-26 15:30:00,0.1651,0.1653,0.165,0.1652,69657.7
2026-07-26 15:35:00,0.1652,0.1656,0.1652,0.1654,598138.5
2026-07-26 15:40:00,0.1654,0.1655,0.1652,0.1654,175269.7
2026-07-26 15:45:00,0.1653,0.1656,0.1653,0.1653,100458.6
2026-07-26 15:50:00,0.1653,0.1654,0.1651,0.1652,162331.7
2026-07-26 15:55:00,0.1653,0.1656,0.1653,0.1655,152706.6
2026-07-26 16:00:00,0.1655,0.1656,0.1652,0.1653,105953.5
2026-07-26 16:05:00,0.1652,0.1654,0.1651,0.1652,81388.3
2026-07-26 16:10:00,0.1652,0.1655,0.1652,0.1655,54565.3
2026-07-26 16:15:00,0.1656,0.1659,0.1656,0.1656,126123.3
2026-07-26 16:20:00,0.1657,0.1657,0.1655,0.1656,50727.2
2026-07-26 16:25:00,0.1655,0.1659,0.1655,0.1659,207927.8
2026-07-26 16:30:00,0.1659,0.1663,0.1657,0.1658,190223.3
2026-07-26 16:35:00,0.1658,0.1658,0.1655,0.1657,193673.5
2026-07-26 16:40:00,0.1657,0.1658,0.1653,0.1655,160084.5
2026-07-26 16:45:00,0.1655,0.1656,0.1654,0.1655,26546.1
2026-07-26 16:50:00,0.1655,0.1655,0.1653,0.1653,70207.1
2026-07-26 16:55:00,0.1653,0.1654,0.1652,0.1654,110416.6
2026-07-26 17:00:00,0.1654,0.1654,0.1649,0.1652,236613.2
2026-07-26 17:05:00,0.1652,0.1655,0.1651,0.1652,90145.1
2026-07-26 17:10:00,0.1652,0.1654,0.1652,0.1654,45655.0
2026-07-26 17:15:00,0.1654,0.1655,0.1654,0.1654,19774.8
2026-07-26 17:20:00,0.1654,0.1654,0.1651,0.1651,89695.0
2026-07-26 17:25:00,0.1651,0.1652,0.1649,0.165,39118.8
2026-07-26 17:30:00,0.1649,0.1652,0.1649,0.1651,64946.7
2026-07-26 17:35:00,0.165,0.1651,0.1646,0.1647,99066.8
2026-07-26 17:40:00,0.1647,0.165,0.1647,0.165,124888.3
2026-07-26 17:45:00,0.165,0.165,0.1647,0.1647,67483.5
2026-07-26 17:50:00,0.1647,0.1648,0.1646,0.1647,95734.9
2026-07-26 17:55:00,0.1648,0.1648,0.1645,0.1647,133317.5
2026-07-26 18:00:00,0.1647,0.1647,0.1644,0.1646,163155.0
2026-07-26 18:05:00,0.1646,0.1647,0.1644,0.1644,202155.7
2026-07-26 18:10:00,0.1645,0.1647,0.1645,0.1646,21134.6
2026-07-26 18:15:00,0.1645,0.1646,0.1644,0.1646,88669.8
2026-07-26 18:20:00,0.1646,0.1648,0.1645,0.1648,156487.6
2026-07-26 18:25:00,0.1648,0.1648,0.1645,0.1646,86638.9
2026-07-26 18:30:00,0.1647,0.1648,0.1646,0.1648,76270.5
2026-07-26 18:35:00,0.1648,0.1648,0.1646,0.1648,27752.5
2026-07-26 18:40:00,0.1647,0.1647,0.1645,0.1646,38713.1
2026-07-26 18:45:00,0.1645,0.1646,0.1645,0.1645,45814.4
2026-07-26 18:50:00,0.1646,0.1649,0.1646,0.1648,234808.9
2026-07-26 18:55:00,0.1648,0.1649,0.1647,0.1648,24807.6
2026-07-26 19:00:00,0.1647,0.1648,0.1646,0.1648,30657.8
2026-07-26 19:05:00,0.1647,0.1648,0.1645,0.1645,55099.4
2026-07-26 19:10:00,0.1645,0.1646,0.1643,0.1645,170626.9
2026-07-26 19:15:00,0.1644,0.1646,0.1644,0.1645,3776.5
2026-07-26 19:20:00,0.1645,0.1647,0.1645,0.1647,45294.0
2026-07-26 19:25:00,0.1646,0.1647,0.1645,0.1646,74604.1
2026-07-26 19:30:00,0.1646,0.1647,0.1645,0.1645,353000.9
2026-07-26 19:35:00,0.1645,0.1645,0.1644,0.1644,59516.1
2026-07-26 19:40:00,0.1644,0.1646,0.1643,0.1645,584122.5
2026-07-26 19:45:00,0.1646,0.1648,0.1646,0.1646,172868.5
2026-07-26 19:50:00,0.1646,0.1647,0.1645,0.1646,83098.1
2026-07-26 19:55:00,0.1645,0.1645,0.1643,0.1645,73406.6
2026-07-26 20:00:00,0.1645,0.1646,0.1644,0.1646,97932.4
2026-07-26 20:05:00,0.1646,0.1646,0.1645,0.1645,11645.1
2026-07-26 20:10:00,0.1646,0.1646,0.1644,0.1645,163866.9
2026-07-26 20:15:00,0.1646,0.1646,0.1644,0.1645,61635.1
2026-07-26 20:20:00,0.1645,0.1646,0.1644,0.1644,193096.0
2026-07-26 20:25:00,0.1644,0.1645,0.1644,0.1645,73820.7
2026-07-26 20:30:00,0.1644,0.1646,0.1643,0.1644,134164.8
2026-07-26 20:35:00,0.1644,0.1645,0.1644,0.1645,124554.8
2026-07-26 20:40:00,0.1645,0.1645,0.1644,0.1644,91339.7
2026-07-26 20:45:00,0.1645,0.1645,0.1643,0.1643,63990.6
2026-07-26 20:50:00,0.1643,0.1644,0.1642,0.1643,119220.7
2026-07-26 20:55:00,0.1643,0.1643,0.1642,0.1642,49919.5
2026-07-26 21:00:00,0.1643,0.1644,0.1642,0.1643,52519.8
2026-07-26 21:05:00,0.1643,0.1644,0.1642,0.1643,40194.8
2026-07-26 21:10:00,0.1644,0.1646,0.1643,0.1644,112969.7
2026-07-26 21:15:00,0.1643,0.1646,0.1643,0.1645,47821.8
2026-07-26 21:20:00,0.1645,0.1649,0.1645,0.1649,51980.8
2026-07-26 21:25:00,0.1649,0.1651,0.1648,0.1649,296305.1
2026-07-26 21:30:00,0.1649,0.1652,0.1649,0.1651,209770.8
2026-07-26 21:35:00,0.165,0.1651,0.1649,0.165,74926.5
2026-07-26 21:40:00,0.165,0.1652,0.1649,0.165,188292.9
2026-07-26 21:45:00,0.165,0.1652,0.1649,0.1652,91718.2
2026-07-26 21:50:00,0.1651,0.1652,0.165,0.1651,6764.5
2026-07-26 21:55:00,0.1651,0.1651,0.1648,0.165,155906.6
2026-07-26 22:00:00,0.165,0.1663,0.165,0.1659,703745.7
2026-07-26 22:05:00,0.166,0.166,0.1657,0.1657,808433.1
2026-07-26 22:10:00,0.1657,0.1657,0.1654,0.1656,303916.1
2026-07-26 22:15:00,0.1657,0.1659,0.1657,0.1657,351715.0
2026-07-26 22:20:00,0.1657,0.1658,0.1656,0.1657,209841.8
2026-07-26 22:25:00,0.1656,0.1658,0.1655,0.1657,169135.3
2026-07-26 22:30:00,0.1658,0.1662,0.1657,0.166,520591.7
2026-07-26 22:35:00,0.166,0.1661,0.1659,0.166,212116.4
2026-07-26 22:40:00,0.1661,0.1663,0.166,0.1662,251693.5
2026-07-26 22:45:00,0.1662,0.1662,0.1658,0.166,188348.8
2026-07-26 22:50:00,0.1659,0.1659,0.1658,0.1659,122668.9
2026-07-26 22:55:00,0.1658,0.1658,0.1657,0.1658,102156.3
2026-07-26 23:00:00,0.1657,0.166,0.1655,0.1657,243362.4
2026-07-26 23:05:00,0.1658,0.1666,0.1658,0.1665,239651.3
2026-07-26 23:10:00,0.1665,0.1665,0.1658,0.1658,307962.9
2026-07-26 23:15:00,0.1658,0.1661,0.1656,0.1656,289006.5
2026-07-26 23:20:00,0.1657,0.1658,0.1655,0.1655,235925.0
2026-07-26 23:25:00,0.1656,0.1656,0.1653,0.1655,44275.4
2026-07-26 23:30:00,0.1654,0.1657,0.1651,0.1656,99328.7
2026-07-26 23:35:00,0.1657,0.1658,0.1656,0.1657,23943.8
2026-07-26 23:40:00,0.1657,0.166,0.1657,0.1659,66402.7
2026-07-26 23:45:00,0.1658,0.1661,0.1657,0.1659,165494.5
2026-07-26 23:50:00,0.1659,0.166,0.1658,0.1658,126859.6
2026-07-26 23:55:00,0.1658,0.1661,0.1658,0.166,32384.3
2026-07-27 00:00:00,0.1661,0.1661,0.1656,0.1657,130508.1
2026-07-27 00:05:00,0.1658,0.1658,0.1654,0.1655,126457.9
2026-07-27 00:10:00,0.1656,0.1658,0.1655,0.1657,187415.3
2026-07-27 00:15:00,0.1657,0.1657,0.1654,0.1654,116525.4
2026-07-27 00:20:00,0.1654,0.1656,0.1654,0.1656,201205.9
2026-07-27 00:25:00,0.1656,0.1658,0.1654,0.1656,234170.5
2026-07-27 00:30:00,0.1656,0.1656,0.1653,0.1654,28416.5
2026-07-27 00:35:00,0.1654,0.1654,0.1652,0.1654,50694.8
2026-07-27 00:40:00,0.1653,0.1655,0.1653,0.1653,156719.2
2026-07-27 00:45:00,0.1654,0.1657,0.1654,0.1656,53533.5
2026-07-27 00:50:00,0.1656,0.1657,0.1654,0.1654,29743.1
2026-07-27 00:55:00,0.1654,0.1655,0.1652,0.1654,263527.7
2026-07-27 01:00:00,0.1653,0.1656,0.1653,0.1654,57096.0
2026-07-27 01:05:00,0.1654,0.1655,0.1652,0.1653,65085.6
2026-07-27 01:10:00,0.1653,0.1654,0.165,0.1652,138143.0
2026-07-27 01:15:00,0.1652,0.1654,0.165,0.1653,189944.5
2026-07-27 01:20:00,0.1653,0.1653,0.1652,0.1652,17024.2
2026-07-27 01:25:00,0.1651,0.1651,0.1647,0.1648,209117.2
2026-07-27 01:30:00,0.1649,0.1653,0.1649,0.1651,132017.1
2026-07-27 01:35:00,0.165,0.1652,0.1646,0.1652,81504.7
2026-07-27 01:40:00,0.1652,0.1653,0.1647,0.1648,225887.0
2026-07-27 01:45:00,0.1648,0.1649,0.1647,0.1648,129269.7
2026-07-27 01:50:00,0.1648,0.165,0.1648,0.1649,126184.3
2026-07-27 01:55:00,0.1649,0.1651,0.1649,0.165,26345.9
2026-07-27 02:00:00,0.165,0.165,0.1648,0.1648,231572.9
2026-07-27 02:05:00,0.1647,0.1651,0.1647,0.1651,149124.7
2026-07-27 02:10:00,0.165,0.1652,0.165,0.165,61407.2
2026-07-27 02:15:00,0.165,0.1651,0.1649,0.165,35640.2
2026-07-27 02:20:00,0.1651,0.1651,0.1648,0.1649,89694.9
2026-07-27 02:25:00,0.1648,0.165,0.1648,0.165,61880.8
2026-07-27 02:30:00,0.1649,0.1649,0.1647,0.1648,87483.2
2026-07-27 02:35:00,0.1648,0.1651,0.1647,0.165,98840.0
2026-07-27 02:40:00,0.165,0.1652,0.165,0.165,164214.2
2026-07-27 02:45:00,0.165,0.1651,0.1649,0.1649,226734.2
2026-07-27 02:50:00,0.1649,0.165,0.1646,0.1647,131363.1
2026-07-27 02:55:00,0.1647,0.1649,0.1647,0.1649,52358.7
2026-07-27 03:00:00,0.165,0.1651,0.1649,0.1649,94524.2
2026-07-27 03:05:00,0.1649,0.165,0.1648,0.1648,58169.7
2026-07-27 03:10:00,0.1648,0.165,0.1647,0.1649,57621.3
2026-07-27 03:15:00,0.165,0.1651,0.165,0.165,14450.4
2026-07-27 03:20:00,0.165,0.1651,0.1649,0.1651,59956.2
2026-07-27 03:25:00,0.1651,0.1654,0.1651,0.1654,340523.9
2026-07-27 03:30:00,0.1654,0.1654,0.1651,0.1651,483949.9
2026-07-27 03:35:00,0.1651,0.1653,0.1651,0.1652,68514.6
2026-07-27 03:40:00,0.1652,0.1653,0.1651,0.1653,62653.0
2026-07-27 03:45:00,0.1654,0.1655,0.1654,0.1654,28665.2
2026-07-27 03:50:00,0.1654,0.1654,0.1652,0.1652,45414.5
2026-07-27 03:55:00,0.1652,0.1655,0.1651,0.1654,65101.4
2026-07-27 04:00:00,0.1655,0.1659,0.1654,0.1658,202086.7
2026-07-27 04:05:00,0.1658,0.1658,0.1656,0.1656,240801.2
2026-07-27 04:10:00,0.1655,0.1658,0.1654,0.1657,175136.2
2026-07-27 04:15:00,0.1658,0.1661,0.1658,0.1661,171342.7
2026-07-27 04:20:00,0.1661,0.1665,0.1661,0.1662,225855.2
2026-07-27 04:25:00,0.1662,0.1662,0.1658,0.166,118512.5
2026-07-27 04:30:00,0.166,0.1661,0.1658,0.166,121680.2
2026-07-27 04:35:00,0.166,0.1662,0.1658,0.1659,163921.9
2026-07-27 04:40:00,0.1658,0.166,0.1658,0.166,57517.8
2026-07-27 04:45:00,0.166,0.166,0.1656,0.1656,70270.3
2026-07-27 04:50:00,0.1656,0.1657,0.1651,0.1654,129624.8
2026-07-27 04:55:00,0.1654,0.1655,0.1653,0.1654,210833.4
2026-07-27 05:00:00,0.1654,0.1655,0.1652,0.1652,92356.4
2026-07-27 05:05:00,0.1651,0.1653,0.1651,0.1651,33218.1
2026-07-27 05:10:00,0.1651,0.1655,0.1651,0.1655,70574.3
2026-07-27 05:15:00,0.1654,0.1657,0.1652,0.1657,135584.0
2026-07-27 05:20:00,0.1657,0.1659,0.1656,0.1657,102983.7
2026-07-27 05:25:00,0.1657,0.1657,0.1656,0.1656,75860.5
2026-07-27 05:30:00,0.1656,0.1658,0.1656,0.1656,65243.7
2026-07-27 05:35:00,0.1657,0.1658,0.1655,0.1657,254690.1
2026-07-27 05:40:00,0.1656,0.1657,0.1655,0.1656,60383.2
2026-07-27 05:45:00,0.1657,0.1657,0.1656,0.1657,247898.5
2026-07-27 05:50:00,0.1658,0.1659,0.1657,0.1658,40388.2
2026-07-27 05:55:00,0.1658,0.1661,0.1657,0.1657,415399.3
2026-07-27 06:00:00,0.1657,0.1663,0.1657,0.1663,307133.4
2026-07-27 06:05:00,0.1663,0.1673,0.1662,0.1666,1346910.7
2026-07-27 06:10:00,0.1666,0.1668,0.1666,0.1667,167967.8
2026-07-27 06:15:00,0.1668,0.167,0.1666,0.1667,110037.8
2026-07-27 06:20:00,0.1666,0.1667,0.1663,0.1664,182563.6
2026-07-27 06:25:00,0.1663,0.1664,0.1661,0.1662,66835.0
2026-07-27 06:30:00,0.1661,0.1664,0.1661,0.1664,28740.3
2026-07-27 06:35:00,0.1664,0.1666,0.1664,0.1664,42948.7
2026-07-27 06:40:00,0.1664,0.1669,0.1664,0.1668,59188.7
2026-07-27 06:45:00,0.1669,0.167,0.1665,0.1666,140569.9
2026-07-27 06:50:00,0.1665,0.1665,0.1659,0.1661,258268.0
2026-07-27 06:55:00,0.1661,0.1662,0.1661,0.1662,48448.8
2026-07-27 07:00:00,0.1661,0.1662,0.1659,0.1662,140983.3
2026-07-27 07:05:00,0.1662,0.1663,0.1657,0.166,222394.7
2026-07-27 07:10:00,0.1661,0.1664,0.166,0.1664,142310.1
2026-07-27 07:15:00,0.1664,0.1664,0.1661,0.1662,179857.5
2026-07-27 07:20:00,0.1662,0.1664,0.1662,0.1662,93598.3
2026-07-27 07:25:00,0.1662,0.1662,0.1658,0.1658,200644.7
2026-07-27 07:30:00,0.1658,0.1659,0.1656,0.1659,408953.0
2026-07-27 07:35:00,0.1658,0.1659,0.1654,0.1654,97988.3
2026-07-27 07:40:00,0.1653,0.1653,0.1649,0.1652,372066.4
2026-07-27 07:45:00,0.1652,0.1655,0.1652,0.1653,137445.1
2026-07-27 07:50:00,0.1653,0.1653,0.165,0.1652,182476.0
2026-07-27 07:55:00,0.1652,0.1654,0.165,0.165,63716.4
2026-07-27 08:00:00,0.165,0.1653,0.1649,0.1649,843144.6
2026-07-27 08:05:00,0.1649,0.1651,0.1649,0.1649,196868.5
2026-07-27 08:10:00,0.165,0.1651,0.1647,0.165,194364.3
2026-07-27 08:15:00,0.1651,0.1652,0.1649,0.165,270017.7
2026-07-27 08:20:00,0.165,0.1652,0.165,0.1652,101970.5
2026-07-27 08:25:00,0.1652,0.1655,0.1652,0.1654,72051.0
2026-07-27 08:30:00,0.1654,0.1654,0.165,0.1651,98504.3
2026-07-27 08:35:00,0.1651,0.1653,0.165,0.165,75173.5
2026-07-27 08:40:00,0.1651,0.1652,0.1649,0.165,111277.0
2026-07-27 08:45:00,0.165,0.1652,0.1649,0.1651,241461.0
2026-07-27 08:50:00,0.1651,0.1651,0.1647,0.165,126243.7
2026-07-27 08:55:00,0.165,0.1652,0.165,0.165,35365.4
2026-07-27 09:00:00,0.1649,0.1649,0.1646,0.1649,179565.1
2026-07-27 09:05:00,0.1648,0.1649,0.1648,0.1648,34279.9
2026-07-27 09:10:00,0.1649,0.165,0.1646,0.1649,1111466.7
2026-07-27 09:15:00,0.165,0.1651,0.1649,0.1651,46929.6
2026-07-27 09:20:00,0.165,0.1653,0.165,0.1651,291467.9
2026-07-27 09:25:00,0.1652,0.1653,0.1651,0.1652,53829.8
2026-07-27 09:30:00,0.1652,0.1656,0.1649,0.1654,934305.7
2026-07-27 09:35:00,0.1654,0.1657,0.1654,0.1655,141151.3
2026-07-27 09:40:00,0.1655,0.1656,0.1654,0.1655,44184.6
2026-07-27 09:45:00,0.1654,0.1656,0.1653,0.1655,95321.1
2026-07-27 09:50:00,0.1656,0.1656,0.1654,0.1654,76177.9
2026-07-27 09:55:00,0.1654,0.1655,0.1654,0.1654,41688.0
2026-07-27 10:00:00,0.1654,0.1654,0.1652,0.1653,71188.0
2026-07-27 10:05:00,0.1652,0.1653,0.1651,0.1652,88818.1
2026-07-27 10:10:00,0.1652,0.1653,0.1651,0.1653,17760.7
2026-07-27 10:15:00,0.1653,0.1656,0.1652,0.1654,76425.6
2026-07-27 10:20:00,0.1654,0.1657,0.1654,0.1657,47908.5
2026-07-27 10:25:00,0.1656,0.1657,0.1655,0.1655,88579.1
2026-07-27 10:30:00,0.1655,0.1656,0.1654,0.1654,85772.6
2026-07-27 10:35:00,0.1655,0.1656,0.1654,0.1656,58568.6
2026-07-27 10:40:00,0.1657,0.1659,0.1656,0.1658,61924.8
2026-07-27 10:45:00,0.1659,0.1659,0.1656,0.1657,21856.1
2026-07-27 10:50:00,0.1657,0.1657,0.1655,0.1656,91323.8
2026-07-27 10:55:00,0.1655,0.1657,0.1654,0.1656,84372.5
2026-07-27 11:00:00,0.1656,0.1656,0.1652,0.1653,30214.2
2026-07-27 11:05:00,0.1653,0.1654,0.1652,0.1653,69604.7
2026-07-27 11:10:00,0.1653,0.1653,0.1651,0.1652,107934.4
2026-07-27 11:15:00,0.1651,0.1652,0.1649,0.1649,137384.2
2026-07-27 11:20:00,0.165,0.1651,0.1648,0.1648,109173.1
2026-07-27 11:25:00,0.1649,0.165,0.1645,0.1645,98451.7
2026-07-27 11:30:00,0.1645,0.1648,0.1645,0.1647,66245.9
2026-07-27 11:35:00,0.1647,0.1649,0.1647,0.1647,70001.2
2026-07-27 11:40:00,0.1648,0.1649,0.1647,0.1649,70085.4
2026-07-27 11:45:00,0.1649,0.1649,0.1647,0.1648,39801.1
2026-07-27 11:50:00,0.1647,0.1648,0.1645,0.1645,76649.1
2026-07-27 11:55:00,0.1645,0.1646,0.1645,0.1646,31510.3
2026-07-27 12:00:00,0.1646,0.1649,0.1646,0.1649,89125.0
2026-07-27 12:05:00,0.1648,0.1649,0.1648,0.1648,59224.2
2026-07-27 12:10:00,0.1649,0.1649,0.1645,0.1645,587567.5
2026-07-27 12:15:00,0.1646,0.1649,0.1635,0.1636,3962686.0
2026-07-27 12:20:00,0.1637,0.1637,0.1633,0.1634,436528.3
2026-07-27 12:25:00,0.1635,0.1635,0.1631,0.1634,264648.9
2026-07-27 12:30:00,0.1633,0.1635,0.1626,0.1629,493065.8
2026-07-27 12:35:00,0.1629,0.1636,0.1628,0.1635,819500.9
2026-07-27 12:40:00,0.1636,0.1638,0.1635,0.1638,225227.2
2026-07-27 12:45:00,0.1638,0.1642,0.1638,0.164,552828.2
2026-07-27 12:50:00,0.164,0.1641,0.1637,0.1639,178644.8
2026-07-27 12:55:00,0.1639,0.164,0.1639,0.164,55172.6
2026-07-27 13:00:00,0.164,0.1642,0.1638,0.1639,212584.9
2026-07-27 13:05:00,0.1638,0.164,0.1636,0.1639,463773.6
2026-07-27 13:10:00,0.1639,0.1639,0.1635,0.1635,68412.5
2026-07-27 13:15:00,0.1635,0.1638,0.1635,0.1636,79910.8
2026-07-27 13:20:00,0.1637,0.1637,0.1634,0.1635,120090.5
2026-07-27 13:25:00,0.1634,0.1634,0.1632,0.1633,398077.5
2026-07-27 13:30:00,0.1633,0.1636,0.163,0.1636,477577.4
2026-07-27 13:35:00,0.1636,0.1648,0.1636,0.1646,530572.5
2026-07-27 13:40:00,0.1646,0.1654,0.1645,0.1653,383269.2
2026-07-27 13:45:00,0.1653,0.1657,0.165,0.1655,1032408.9
2026-07-27 13:50:00,0.1654,0.1655,0.1648,0.165,304701.0
2026-07-27 13:55:00,0.1649,0.1649,0.1641,0.1645,260903.8
2026-07-27 14:00:00,0.1645,0.1647,0.164,0.1646,1319340.0
2026-07-27 14:05:00,0.1646,0.1647,0.164,0.1646,207422.6
2026-07-27 14:10:00,0.1645,0.1645,0.1639,0.1645,172438.7
2026-07-27 14:15:00,0.1645,0.1645,0.1638,0.164,128809.7
2026-07-27 14:20:00,0.1639,0.164,0.1628,0.1631,555568.1
2026-07-27 14:25:00,0.1631,0.1631,0.1622,0.1624,869137.7
2026-07-27 14:30:00,0.1623,0.1624,0.1598,0.1602,5399338.7
2026-07-27 14:35:00,0.1602,0.1606,0.158,0.1593,5053301.7
2026-07-27 14:40:00,0.1593,0.1594,0.1583,0.1585,1121966.8
2026-07-27 14:45:00,0.1586,0.1592,0.1585,0.1591,1437581.9
2026-07-27 14:50:00,0.1592,0.1595,0.1586,0.1586,1045976.6
2026-07-27 14:55:00,0.1587,0.1592,0.1585,0.159,592387.3
2026-07-27 15:00:00,0.1589,0.1594,0.1586,0.1593,1190210.7
2026-07-27 15:05:00,0.1592,0.1596,0.1588,0.1588,593548.9
2026-07-27 15:10:00,0.1588,0.1593,0.1587,0.1592,657746.5
2026-07-27 15:15:00,0.1592,0.1593,0.1588,0.1592,541722.8
2026-07-27 15:20:00,0.1593,0.1597,0.1592,0.1593,954371.6
2026-07-27 15:25:00,0.1592,0.1594,0.159,0.1593,406013.8
2026-07-27 15:30:00,0.1593,0.1595,0.1589,0.159,478551.7
2026-07-27 15:35:00,0.159,0.159,0.1581,0.1586,1051336.3
2026-07-27 15:40:00,0.1587,0.1589,0.1585,0.1586,225503.2
2026-07-27 15:45:00,0.1587,0.1587,0.1582,0.1584,188504.2
2026-07-27 15:50:00,0.1584,0.1587,0.1583,0.1584,244069.8
2026-07-27 15:55:00,0.1584,0.1585,0.1579,0.158,854947.7
2026-07-27 16:00:00,0.1579,0.1585,0.1571,0.1584,2977220.2
2026-07-27 16:05:00,0.1584,0.1585,0.1582,0.1583,351843.8
2026-07-27 16:10:00,0.1583,0.1585,0.1582,0.1583,458578.3
2026-07-27 16:15:00,0.1582,0.1585,0.1577,0.1584,816579.6
2026-07-27 16:20:00,0.1584,0.1586,0.1582,0.1586,310349.6
2026-07-27 16:25:00,0.1585,0.1595,0.1585,0.1592,1564961.8
2026-07-27 16:30:00,0.1593,0.1595,0.159,0.1593,673012.1
2026-07-27 16:35:00,0.1592,0.1594,0.1591,0.1592,653508.9
2026-07-27 16:40:00,0.1593,0.1593,0.1588,0.1589,119917.0
2026-07-27 16:45:00,0.159,0.1592,0.1588,0.1591,867611.5
2026-07-27 16:50:00,0.159,0.159,0.1588,0.1588,354844.0
2026-07-27 16:55:00,0.1588,0.159,0.1586,0.159,254050.2
2026-07-27 17:00:00,0.159,0.1591,0.1586,0.1588,266123.7
2026-07-27 17:05:00,0.1588,0.1591,0.1587,0.1591,57362.3
2026-07-27 17:10:00,0.1591,0.1592,0.1589,0.1592,139347.8
2026-07-27 17:15:00,0.1591,0.1592,0.159,0.1591,184519.0
2026-07-27 17:20:00,0.1591,0.1596,0.1591,0.1595,223208.4
2026-07-27 17:25:00,0.1595,0.1596,0.1592,0.1593,450177.6
2026-07-27 17:30:00,0.1593,0.1596,0.1592,0.1595,156663.5
2026-07-27 17:35:00,0.1595,0.1596,0.1593,0.1595,317400.5
2026-07-27 17:40:00,0.1594,0.1595,0.1593,0.1593,155408.4
2026-07-27 17:45:00,0.1594,0.1594,0.1591,0.1592,115875.9
2026-07-27 17:50:00,0.1592,0.1592,0.1591,0.1591,50454.5
2026-07-27 17:55:00,0.1592,0.1594,0.1592,0.1593,161428.8
2026-07-27 18:00:00,0.1592,0.1595,0.1592,0.1595,255446.2
2026-07-27 18:05:00,0.1594,0.1595,0.1593,0.1594,662211.1
2026-07-27 18:10:00,0.1594,0.1595,0.1593,0.1594,203309.3
2026-07-27 18:15:00,0.1594,0.1594,0.1589,0.159,396102.3
2026-07-27 18:20:00,0.1589,0.1589,0.1586,0.1588,514463.8
2026-07-27 18:25:00,0.1588,0.159,0.1587,0.159,115316.4
2026-07-27 18:30:00,0.1589,0.1589,0.1586,0.1587,181929.7
2026-07-27 18:35:00,0.1586,0.1588,0.1584,0.1585,137242.1
2026-07-27 18:40:00,0.1585,0.1589,0.1582,0.1585,1374376.0
2026-07-27 18:45:00,0.1586,0.1586,0.158,0.1582,433928.7
2026-07-27 18:50:00,0.1581,0.1586,0.1581,0.1586,166654.9
2026-07-27 18:55:00,0.1585,0.1587,0.1583,0.1585,621795.2
2026-07-27 19:00:00,0.1586,0.1587,0.1584,0.1586,290733.5
2026-07-27 19:05:00,0.1586,0.1591,0.1585,0.1589,108264.3
2026-07-27 19:10:00,0.159,0.1593,0.159,0.1591,259485.5
2026-07-27 19:15:00,0.1591,0.1595,0.1591,0.1594,303317.4
2026-07-27 19:20:00,0.1594,0.1595,0.1591,0.1591,141143.3
2026-07-27 19:25:00,0.1592,0.1592,0.1589,0.159,39023.9
2026-07-27 19:30:00,0.1591,0.1594,0.159,0.1593,216448.8
2026-07-27 19:35:00,0.1593,0.1595,0.1591,0.1592,123952.4
2026-07-27 19:40:00,0.1592,0.1592,0.1588,0.1589,370968.5
2026-07-27 19:45:00,0.1589,0.1589,0.1587,0.1587,102597.4
2026-07-27 19:50:00,0.1588,0.159,0.1586,0.1588,199169.2
2026-07-27 19:55:00,0.1589,0.159,0.1588,0.159,90587.6
2026-07-27 20:00:00,0.159,0.1591,0.1589,0.1591,123843.6
2026-07-27 20:05:00,0.159,0.1591,0.1588,0.1588,93724.4
2026-07-27 20:10:00,0.1589,0.1592,0.1589,0.1592,124147.6
2026-07-27 20:15:00,0.1592,0.1592,0.1589,0.159,200832.0
2026-07-27 20:20:00,0.159,0.1591,0.1588,0.1589,162118.9
2026-07-27 20:25:00,0.159,0.1591,0.159,0.1591,41999.5
2026-07-27 20:30:00,0.1591,0.1591,0.1589,0.159,59994.5
2026-07-27 20:35:00,0.1591,0.1591,0.1588,0.1589,39610.9
2026-07-27 20:40:00,0.1588,0.1589,0.1587,0.1587,129563.1
2026-07-27 20:45:00,0.1587,0.1588,0.1586,0.1588,136165.0
2026-07-27 20:50:00,0.1589,0.159,0.1587,0.159,49474.0
2026-07-27 20:55:00,0.1589,0.1592,0.1589,0.1592,71089.1
2026-07-27 21:00:00,0.1592,0.1592,0.1588,0.159,113632.0
2026-07-27 21:05:00,0.159,0.1591,0.1589,0.1591,12847.7
2026-07-27 21:10:00,0.1591,0.1592,0.159,0.1591,126427.4
2026-07-27 21:15:00,0.1591,0.1591,0.1587,0.1589,257131.9
2026-07-27 21:20:00,0.1588,0.1589,0.1588,0.1588,6209.5
2026-07-27 21:25:00,0.1588,0.1588,0.1585,0.1586,168790.8
2026-07-27 21:30:00,0.1586,0.1587,0.1585,0.1586,351367.6
2026-07-27 21:35:00,0.1586,0.1588,0.1585,0.1586,72318.7
2026-07-27 21:40:00,0.1586,0.1589,0.1585,0.1589,164103.3
2026-07-27 21:45:00,0.1589,0.1589,0.1588,0.1589,25595.2
2026-07-27 21:50:00,0.1589,0.1591,0.1585,0.1586,416255.2
2026-07-27 21:55:00,0.1586,0.1588,0.1586,0.1588,291674.3
2026-07-27 22:00:00,0.1588,0.1588,0.1569,0.1579,2100026.5
2026-07-27 22:05:00,0.158,0.1585,0.158,0.1584,333401.3
2026-07-27 22:10:00,0.1585,0.1586,0.1583,0.1584,71825.5
2026-07-27 22:15:00,0.1585,0.1587,0.1583,0.1584,253087.7
2026-07-27 22:20:00,0.1584,0.1585,0.1582,0.1582,96937.1
2026-07-27 22:25:00,0.1582,0.1583,0.1579,0.1583,159759.9
2026-07-27 22:30:00,0.1583,0.1585,0.1581,0.1582,143392.5
2026-07-27 22:35:00,0.1582,0.1584,0.1581,0.1582,63861.0
2026-07-27 22:40:00,0.1581,0.1581,0.1557,0.1569,2865327.7
2026-07-27 22:45:00,0.1569,0.157,0.1555,0.1559,2623729.2
2026-07-27 22:50:00,0.156,0.156,0.1548,0.1552,3371998.1
2026-07-27 22:55:00,0.1553,0.1557,0.1545,0.1547,1254186.5
2026-07-27 23:00:00,0.1547,0.1551,0.1537,0.1545,2400329.9
2026-07-27 23:05:00,0.1545,0.1554,0.1544,0.1546,906572.3
2026-07-27 23:10:00,0.1546,0.1554,0.1544,0.1553,735401.3
2026-07-27 23:15:00,0.1552,0.1559,0.1551,0.1559,200025.7
2026-07-27 23:20:00,0.1559,0.1562,0.1556,0.1557,342305.3
2026-07-27 23:25:00,0.1557,0.156,0.1556,0.1557,538455.9
2026-07-27 23:30:00,0.1557,0.156,0.1556,0.1558,231299.7
2026-07-27 23:35:00,0.1558,0.156,0.1554,0.1555,401274.4
2026-07-27 23:40:00,0.1554,0.1555,0.1549,0.1551,481319.4
2026-07-27 23:45:00,0.1551,0.1554,0.155,0.1553,84909.9
2026-07-27 23:50:00,0.1553,0.1555,0.1552,0.1554,135096.7
2026-07-27 23:55:00,0.1555,0.1557,0.1554,0.1556,39985.7
2026-07-28 00:00:00,0.1556,0.1561,0.1556,0.156,254850.8
2026-07-28 00:05:00,0.156,0.1561,0.1558,0.1558,179634.7
2026-07-28 00:10:00,0.1557,0.1559,0.1555,0.1559,489006.4
2026-07-28 00:15:00,0.1559,0.1562,0.1559,0.1562,168244.4
2026-07-28 00:20:00,0.1562,0.1564,0.1559,0.1561,106715.0
2026-07-28 00:25:00,0.156,0.1561,0.1556,0.156,169027.1
2026-07-28 00:30:00,0.156,0.1563,0.1557,0.1563,291393.8
2026-07-28 00:35:00,0.1563,0.1563,0.156,0.1562,161221.1
2026-07-28 00:40:00,0.1561,0.1563,0.1559,0.1559,93076.2
2026-07-28 00:45:00,0.156,0.1561,0.1557,0.1559,101497.5
2026-07-28 00:50:00,0.1559,0.1559,0.1554,0.1554,389625.8
2026-07-28 00:55:00,0.1554,0.1554,0.1548,0.1549,2876845.0
2026-07-28 01:00:00,0.155,0.1551,0.1547,0.1547,259551.3
2026-07-28 01:05:00,0.1548,0.1548,0.1533,0.1545,2229343.5
2026-07-28 01:10:00,0.1544,0.1549,0.1544,0.1549,559027.4
2026-07-28 01:15:00,0.1549,0.1549,0.1541,0.1545,562245.5
2026-07-28 01:20:00,0.1545,0.1548,0.1543,0.1547,180919.4
2026-07-28 01:25:00,0.1547,0.1554,0.1547,0.1553,510506.1
2026-07-28 01:30:00,0.1553,0.1557,0.1553,0.1555,338094.9
2026-07-28 01:35:00,0.1556,0.1556,0.1552,0.1553,106240.4
2026-07-28 01:40:00,0.1552,0.1552,0.155,0.1551,165939.7
2026-07-28 01:45:00,0.1552,0.1553,0.1545,0.1547,571046.2
2026-07-28 01:50:00,0.1546,0.1546,0.1542,0.1542,408132.8
2026-07-28 01:55:00,0.1541,0.1544,0.154,0.1543,277527.3
2026-07-28 02:00:00,0.1543,0.1545,0.154,0.1545,276728.4
2026-07-28 02:05:00,0.1545,0.1549,0.1543,0.1549,2594218.0
2026-07-28 02:10:00,0.1548,0.1551,0.1547,0.155,287978.3
2026-07-28 02:15:00,0.155,0.1551,0.1548,0.155,565629.2
2026-07-28 02:20:00,0.1551,0.1553,0.1549,0.1551,270411.1
2026-07-28 02:25:00,0.155,0.1551,0.1549,0.1549,258102.2
2026-07-28 02:30:00,0.155,0.1551,0.1549,0.155,129242.6
2026-07-28 02:35:00,0.1551,0.1551,0.1547,0.1548,122298.5
2026-07-28 02:40:00,0.1548,0.1548,0.1544,0.1545,253870.9
2026-07-28 02:45:00,0.1545,0.1546,0.1544,0.1546,120955.2
2026-07-28 02:50:00,0.1545,0.155,0.1545,0.1548,66235.5
2026-07-28 02:55:00,0.1549,0.1551,0.1548,0.1551,65795.0
2026-07-28 03:00:00,0.1551,0.1551,0.1546,0.1549,711484.9
2026-07-28 03:05:00,0.1549,0.1549,0.1548,0.1549,106350.2
2026-07-28 03:10:00,0.1548,0.155,0.1548,0.155,131313.3
2026-07-28 03:15:00,0.1549,0.1552,0.1547,0.155,440845.6
2026-07-28 03:20:00,0.1551,0.1552,0.1549,0.1551,136966.9
2026-07-28 03:25:00,0.1552,0.1552,0.1549,0.1549,196413.8
2026-07-28 03:30:00,0.155,0.1551,0.1548,0.1549,166475.7
2026-07-28 03:35:00,0.1549,0.155,0.1548,0.155,35080.5
2026-07-28 03:40:00,0.155,0.1551,0.155,0.1551,17315.7
2026-07-28 03:45:00,0.1551,0.1552,0.1549,0.1552,200019.6
2026-07-28 03:50:00,0.1552,0.1552,0.1547,0.1549,78774.3
2026-07-28 03:55:00,0.1549,0.1549,0.1546,0.1549,91317.1
2026-07-28 04:00:00,0.1548,0.155,0.1548,0.155,294382.7
2026-07-28 04:05:00,0.155,0.1552,0.1549,0.1551,154865.6
2026-07-28 04:10:00,0.1551,0.1552,0.1549,0.1551,209803.3
2026-07-28 04:15:00,0.1551,0.1552,0.155,0.1552,130312.5
2026-07-28 04:20:00,0.1552,0.1553,0.155,0.1552,120449.4
2026-07-28 04:25:00,0.1552,0.1552,0.155,0.1551,115808.8
2026-07-28 04:30:00,0.1551,0.1551,0.1549,0.155,256387.8
2026-07-28 04:35:00,0.155,0.1551,0.1549,0.1549,158177.7
2026-07-28 04:40:00,0.1549,0.155,0.1547,0.155,207769.4
2026-07-28 04:45:00,0.1549,0.1553,0.1549,0.1551,131931.8
2026-07-28 04:50:00,0.1552,0.1554,0.1551,0.1554,241457.5
2026-07-28 04:55:00,0.1555,0.1556,0.1552,0.1553,380902.8
2026-07-28 05:00:00,0.1553,0.1557,0.1552,0.1556,153201.7
2026-07-28 05:05:00,0.1557,0.1557,0.1555,0.1555,82100.0
2026-07-28 05:10:00,0.1555,0.1555,0.1554,0.1555,22012.8
2026-07-28 05:15:00,0.1555,0.1558,0.1554,0.1558,198570.9
2026-07-28 05:20:00,0.1557,0.1557,0.1554,0.1557,296799.6
2026-07-28 05:25:00,0.1556,0.1557,0.1555,0.1556,512349.5
2026-07-28 05:30:00,0.1557,0.1557,0.1554,0.1556,134587.8
2026-07-28 05:35:00,0.1555,0.1556,0.1552,0.1555,489578.6
2026-07-28 05:40:00,0.1556,0.1561,0.1556,0.156,1034883.5
2026-07-28 05:45:00,0.156,0.1561,0.1557,0.156,938429.4
2026-07-28 05:50:00,0.156,0.156,0.1558,0.1558,162732.8
2026-07-28 05:55:00,0.1558,0.1561,0.1557,0.156,1185872.8
2026-07-28 06:00:00,0.1561,0.1561,0.1558,0.156,894453.3
2026-07-28 06:05:00,0.1559,0.1562,0.1557,0.1561,1280910.5
2026-07-28 06:10:00,0.1561,0.1562,0.1557,0.1559,924687.0
2026-07-28 06:15:00,0.156,0.1562,0.1558,0.156,759564.1
2026-07-28 06:20:00,0.156,0.1579,0.1559,0.1564,3642566.7
2026-07-28 06:25:00,0.1564,0.1566,0.1562,0.1565,595614.7
2026-07-28 06:30:00,0.1565,0.1569,0.1562,0.1563,2515904.8
2026-07-28 06:35:00,0.1563,0.1564,0.1561,0.1564,2501166.9
2026-07-28 06:40:00,0.1564,0.1564,0.1562,0.1564,94312.6
2026-07-28 06:45:00,0.1564,0.1567,0.1563,0.1567,258543.4
2026-07-28 06:50:00,0.1567,0.157,0.1567,0.1569,365095.9
2026-07-28 06:55:00,0.1569,0.157,0.1568,0.1569,354494.3
2026-07-28 07:00:00,0.1569,0.157,0.1569,0.157,29378.2
2026-07-28 07:05:00,0.157,0.1571,0.1569,0.157,210325.9
2026-07-28 07:10:00,0.157,0.1571,0.1569,0.1571,204881.8
2026-07-28 07:15:00,0.1571,0.1575,0.1571,0.1572,1279152.2
2026-07-28 07:20:00,0.1572,0.1573,0.1569,0.1571,1455989.5
2026-07-28 07:25:00,0.1571,0.1571,0.1568,0.157,201441.1
2026-07-28 07:30:00,0.157,0.157,0.1565,0.1565,338897.7
2026-07-28 07:35:00,0.1566,0.1569,0.1564,0.1569,251551.5
2026-07-28 07:40:00,0.1569,0.1569,0.1565,0.1566,463812.2
2026-07-28 07:45:00,0.1566,0.1567,0.1565,0.1567,468745.0
2026-07-28 07:50:00,0.1566,0.157,0.1566,0.157,361988.8
2026-07-28 07:55:00,0.157,0.1572,0.157,0.1572,675587.3
2026-07-28 08:00:00,0.1571,0.1572,0.157,0.157,220391.6
2026-07-28 08:05:00,0.1571,0.1572,0.157,0.1571,109647.5
2026-07-28 08:10:00,0.1571,0.1571,0.157,0.1571,17211.1
2026-07-28 08:15:00,0.1571,0.1571,0.1567,0.1568,223774.0
2026-07-28 08:20:00,0.1567,0.157,0.1566,0.1569,337820.0
2026-07-28 08:25:00,0.1569,0.157,0.1568,0.157,58192.7
2026-07-28 08:30:00,0.1569,0.157,0.1568,0.157,77943.0
2026-07-28 08:35:00,0.1569,0.1572,0.1568,0.1571,401044.6
2026-07-28 08:40:00,0.1571,0.1574,0.1571,0.1573,1535396.4
2026-07-28 08:45:00,0.1574,0.1576,0.157,0.1575,1392743.9
2026-07-28 08:50:00,0.1575,0.1577,0.1573,0.1573,254254.8
2026-07-28 08:55:00,0.1573,0.1573,0.1572,0.1573,35972.6
2026-07-28 09:00:00,0.1573,0.1575,0.1572,0.1572,186598.1
2026-07-28 09:05:00,0.1572,0.1574,0.1569,0.1574,534488.7
2026-07-28 09:10:00,0.1574,0.1575,0.1574,0.1575,101384.2
2026-07-28 09:15:00,0.1575,0.1575,0.1571,0.1572,192694.5
2026-07-28 09:20:00,0.1571,0.1572,0.1571,0.1572,139414.5
2026-07-28 09:25:00,0.1571,0.1574,0.157,0.1574,219644.9
2026-07-28 09:30:00,0.1574,0.1577,0.1574,0.1577,87722.1
2026-07-28 09:35:00,0.1577,0.158,0.1576,0.1579,535417.3
2026-07-28 09:40:00,0.1579,0.1582,0.1579,0.158,327570.4
2026-07-28 09:45:00,0.1579,0.1579,0.1576,0.1577,376562.9
2026-07-28 09:50:00,0.1577,0.1578,0.1573,0.1573,229634.9
2026-07-28 09:55:00,0.1573,0.1573,0.1571,0.1573,234774.9
2026-07-28 10:00:00,0.1572,0.1575,0.1571,0.1574,126151.2
2026-07-28 10:05:00,0.1574,0.1574,0.1569,0.1569,141421.1
2026-07-28 10:10:00,0.157,0.1574,0.157,0.1571,211004.4
2026-07-28 10:15:00,0.1571,0.1575,0.1571,0.1574,193602.5
2026-07-28 10:20:00,0.1573,0.1573,0.157,0.1571,90402.6
2026-07-28 10:25:00,0.1571,0.1572,0.1569,0.1571,92890.3
2026-07-28 10:30:00,0.1572,0.1574,0.157,0.1571,311712.9
2026-07-28 10:35:00,0.1571,0.1572,0.157,0.1571,211393.6
2026-07-28 10:40:00,0.157,0.157,0.1569,0.157,60457.5
2026-07-28 10:45:00,0.157,0.1571,0.157,0.157,79777.4
2026-07-28 10:50:00,0.157,0.1571,0.157,0.157,41606.0
2026-07-28 10:55:00,0.157,0.157,0.1569,0.157,33192.2
2026-07-28 11:00:00,0.157,0.1571,0.1567,0.1568,463799.5
2026-07-28 11:05:00,0.1568,0.1569,0.1565,0.1566,955638.9
2026-07-28 11:10:00,0.1565,0.1567,0.1565,0.1565,330070.9
2026-07-28 11:15:00,0.1565,0.1571,0.1564,0.157,1296646.6
2026-07-28 11:20:00,0.1571,0.1573,0.1569,0.1569,165149.8
2026-07-28 11:25:00,0.1569,0.157,0.1568,0.1569,147872.8
2026-07-28 11:30:00,0.1569,0.1573,0.1569,0.1573,109137.0
2026-07-28 11:35:00,0.1572,0.1576,0.1572,0.1572,508977.4
2026-07-28 11:40:00,0.1572,0.1573,0.157,0.1571,806976.9
2026-07-28 11:45:00,0.1572,0.1574,0.157,0.1571,154351.9
2026-07-28 11:50:00,0.157,0.1571,0.1569,0.157,84062.0
2026-07-28 11:55:00,0.157,0.1573,0.157,0.1571,177392.8
2026-07-28 12:00:00,0.1572,0.1574,0.157,0.1574,104569.7
2026-07-28 12:05:00,0.1574,0.1575,0.1573,0.1574,113640.6
2026-07-28 12:10:00,0.1573,0.1575,0.1573,0.1574,256693.1
2026-07-28 12:15:00,0.1574,0.1575,0.1572,0.1574,155496.9
2026-07-28 12:20:00,0.1575,0.1577,0.1574,0.1577,415102.3
2026-07-28 12:25:00,0.1577,0.1578,0.1576,0.1576,316215.9
2026-07-28 12:30:00,0.1576,0.1579,0.1573,0.1578,1240291.0
2026-07-28 12:35:00,0.1578,0.1581,0.1577,0.1579,329784.1
2026-07-28 12:40:00,0.1578,0.1581,0.1577,0.158,765509.5
2026-07-28 12:45:00,0.158,0.1586,0.1579,0.1585,1120831.8
2026-07-28 12:50:00,0.1584,0.1584,0.1582,0.1582,518944.6
2026-07-28 12:55:00,0.1583,0.1583,0.1581,0.1583,157564.6
2026-07-28 13:00:00,0.1584,0.1587,0.1581,0.1581,306534.1
2026-07-28 13:05:00,0.1581,0.1585,0.1581,0.1581,278725.8
2026-07-28 13:10:00,0.158,0.1581,0.1578,0.1581,258642.8
2026-07-28 13:15:00,0.158,0.1581,0.1579,0.158,66776.5
2026-07-28 13:20:00,0.1581,0.1581,0.1574,0.1574,823870.5
2026-07-28 13:25:00,0.1574,0.1575,0.1569,0.1571,1989401.3
2026-07-28 13:30:00,0.1571,0.1573,0.1562,0.1566,1519099.2
2026-07-28 13:35:00,0.1567,0.157,0.1553,0.1557,1069969.3
2026-07-28 13:40:00,0.1557,0.1562,0.1556,0.1559,524837.2
2026-07-28 13:45:00,0.156,0.1563,0.1554,0.1563,1254641.6
2026-07-28 13:50:00,0.1564,0.1567,0.1563,0.1563,343592.8
2026-07-28 13:55:00,0.1563,0.1564,0.1561,0.1563,396603.6
2026-07-28 14:00:00,0.1565,0.1569,0.1564,0.1567,257364.9
2026-07-28 14:05:00,0.1567,0.157,0.1567,0.1567,743622.7
2026-07-28 14:10:00,0.1567,0.1568,0.1565,0.1565,249111.0
2026-07-28 14:15:00,0.1565,0.1567,0.156,0.1561,285200.4
2026-07-28 14:20:00,0.1561,0.1567,0.1561,0.1565,363198.9
2026-07-28 14:25:00,0.1565,0.1566,0.1563,0.1564,189366.6
2026-07-28 14:30:00,0.1563,0.1567,0.1563,0.1564,115681.1
2026-07-28 14:35:00,0.1563,0.157,0.1563,0.1563,283025.9
2026-07-28 14:40:00,0.1564,0.1567,0.1564,0.1565,111582.6
2026-07-28 14:45:00,0.1565,0.157,0.1564,0.1569,148702.6
2026-07-28 14:50:00,0.1569,0.1571,0.1569,0.1569,216425.0
2026-07-28 14:55:00,0.1569,0.1571,0.1568,0.1569,132746.1
2026-07-28 15:00:00,0.1569,0.157,0.1565,0.1566,273717.1
2026-07-28 15:05:00,0.1565,0.1567,0.1563,0.1567,267724.8
2026-07-28 15:10:00,0.1567,0.1572,0.1563,0.1566,1990602.4
2026-07-28 15:15:00,0.1565,0.1565,0.1563,0.1563,445317.5
2026-07-28 15:20:00,0.1564,0.1583,0.1564,0.1582,689305.8
2026-07-28 15:25:00,0.1581,0.1583,0.1576,0.1576,740788.3
2026-07-28 15:30:00,0.1576,0.1579,0.1575,0.1579,283554.0
2026-07-28 15:35:00,0.1578,0.1588,0.1577,0.1585,1874672.3
2026-07-28 15:40:00,0.1585,0.1594,0.1584,0.1584,1749400.0
2026-07-28 15:45:00,0.1585,0.159,0.1584,0.1585,609722.5
2026-07-28 15:50:00,0.1585,0.1587,0.1583,0.1586,155167.8
2026-07-28 15:55:00,0.1585,0.1591,0.1583,0.1591,437626.0
2026-07-28 16:00:00,0.1591,0.1593,0.1587,0.1588,496270.0
2026-07-28 16:05:00,0.1588,0.1588,0.1585,0.1586,314119.9
2026-07-28 16:10:00,0.1585,0.1586,0.1583,0.1585,163593.9
2026-07-28 16:15:00,0.1586,0.1594,0.1585,0.1592,355960.9
2026-07-28 16:20:00,0.1592,0.1593,0.1586,0.1587,136046.9
2026-07-28 16:25:00,0.1587,0.1588,0.1585,0.1585,352405.9
2026-07-28 16:30:00,0.1584,0.1587,0.1583,0.1584,493561.5
2026-07-28 16:35:00,0.1584,0.1589,0.1584,0.1589,287932.1
2026-07-28 16:40:00,0.1589,0.1592,0.1588,0.1591,348424.7
2026-07-28 16:45:00,0.1591,0.1591,0.1588,0.1589,278287.2
2026-07-28 16:50:00,0.1588,0.16,0.1588,0.1595,1623524.2
2026-07-28 16:55:00,0.1596,0.1596,0.1593,0.1593,117693.5
2026-07-28 17:00:00,0.1593,0.1594,0.1591,0.1592,160939.2
2026-07-28 17:05:00,0.1593,0.1594,0.159,0.159,186107.8
2026-07-28 17:10:00,0.1589,0.159,0.1587,0.159,57904.1
2026-07-28 17:15:00,0.159,0.159,0.1587,0.1589,177686.5
2026-07-28 17:20:00,0.1588,0.1591,0.1587,0.1589,271641.1
2026-07-28 17:25:00,0.1589,0.1591,0.1589,0.159,24630.6
2026-07-28 17:30:00,0.159,0.159,0.1586,0.1589,61051.1
2026-07-28 17:35:00,0.1589,0.159,0.1584,0.1587,192749.5
2026-07-28 17:40:00,0.1587,0.1588,0.1585,0.1586,280088.0
2026-07-28 17:45:00,0.1585,0.1591,0.1585,0.1589,656279.0
2026-07-28 17:50:00,0.1588,0.1589,0.1586,0.1589,215405.5
2026-07-28 17:55:00,0.1589,0.1591,0.1588,0.1591,239167.8
2026-07-28 18:00:00,0.1592,0.1597,0.1591,0.1595,441840.5
2026-07-28 18:05:00,0.1594,0.1594,0.1589,0.159,78622.1
2026-07-28 18:10:00,0.1589,0.1589,0.1586,0.1587,277532.6
2026-07-28 18:15:00,0.1587,0.1588,0.1586,0.1586,57220.7
2026-07-28 18:20:00,0.1585,0.1587,0.1584,0.1587,289685.4
2026-07-28 18:25:00,0.1586,0.1587,0.1584,0.1584,170796.8
2026-07-28 18:30:00,0.1585,0.1587,0.1583,0.1586,175047.2
2026-07-28 18:35:00,0.1585,0.1586,0.1584,0.1585,106122.0
2026-07-28 18:40:00,0.1585,0.1587,0.1584,0.1586,21721.9
2026-07-28 18:45:00,0.1586,0.1589,0.1585,0.1587,66429.0
2026-07-28 18:50:00,0.1587,0.1588,0.1584,0.1584,217770.7
2026-07-28 18:55:00,0.1585,0.1587,0.1583,0.1586,505298.8
2026-07-28 19:00:00,0.1587,0.1589,0.1586,0.1587,335093.1
2026-07-28 19:05:00,0.1587,0.1587,0.1584,0.1585,162325.7
2026-07-28 19:10:00,0.1584,0.1584,0.1583,0.1584,25932.3
2026-07-28 19:15:00,0.1583,0.1584,0.1582,0.1584,111170.5
2026-07-28 19:20:00,0.1584,0.1587,0.1583,0.1585,87272.2
2026-07-28 19:25:00,0.1586,0.1587,0.1584,0.1586,168012.5
2026-07-28 19:30:00,0.1587,0.1591,0.1586,0.1589,196157.9
2026-07-28 19:35:00,0.1588,0.159,0.1586,0.1586,146046.5
2026-07-28 19:40:00,0.1587,0.1587,0.1584,0.1585,45963.7
2026-07-28 19:45:00,0.1585,0.1588,0.1584,0.1588,76524.3
2026-07-28 19:50:00,0.1588,0.159,0.1587,0.159,296857.4
2026-07-28 19:55:00,0.1589,0.159,0.1588,0.159,287901.8
2026-07-28 20:00:00,0.1591,0.1593,0.1588,0.1592,415634.4
2026-07-28 20:05:00,0.1592,0.1594,0.1588,0.1592,1355084.2
2026-07-28 20:10:00,0.1591,0.1596,0.159,0.1594,487303.3
2026-07-28 20:15:00,0.1594,0.1599,0.1594,0.1598,177642.4
2026-07-28 20:20:00,0.1597,0.1601,0.1596,0.1597,606364.9
2026-07-28 20:25:00,0.1597,0.1599,0.1594,0.1594,577068.9
2026-07-28 20:30:00,0.1594,0.1595,0.1593,0.1594,103513.8
2026-07-28 20:35:00,0.1595,0.1597,0.1592,0.1593,858917.0
2026-07-28 20:40:00,0.1593,0.1599,0.1593,0.1597,325100.6
2026-07-28 20:45:00,0.1597,0.1601,0.1597,0.16,294795.8
2026-07-28 20:50:00,0.1599,0.1601,0.1599,0.16,293389.3
2026-07-28 20:55:00,0.16,0.1601,0.1599,0.1601,180571.1
2026-07-28 21:00:00,0.1601,0.1608,0.1601,0.1601,589917.2
2026-07-28 21:05:00,0.1601,0.1603,0.1597,0.1598,292013.7
2026-07-28 21:10:00,0.1598,0.1599,0.1597,0.1598,175476.3
2026-07-28 21:15:00,0.1598,0.1601,0.1598,0.1598,232220.3
2026-07-28 21:20:00,0.1599,0.1601,0.1598,0.16,51173.4
2026-07-28 21:25:00,0.16,0.1602,0.16,0.1601,181484.3
2026-07-28 21:30:00,0.1601,0.1601,0.1599,0.1601,234761.8
2026-07-28 21:35:00,0.1601,0.1604,0.1601,0.1604,160885.6
2026-07-28 21:40:00,0.1604,0.1609,0.1603,0.1607,501007.0
2026-07-28 21:45:00,0.1607,0.1607,0.1604,0.1605,440599.9
2026-07-28 21:50:00,0.1605,0.1608,0.1604,0.1606,94423.6
2026-07-28 21:55:00,0.1607,0.1608,0.1606,0.1607,149500.9
2026-07-28 22:00:00,0.1607,0.1611,0.1606,0.1611,659899.5
2026-07-28 22:05:00,0.1611,0.1625,0.161,0.1618,1484542.3
2026-07-28 22:10:00,0.1618,0.1624,0.1618,0.1622,496825.3
2026-07-28 22:15:00,0.1621,0.1635,0.1618,0.1631,1661035.0
2026-07-28 22:20:00,0.1632,0.1633,0.1626,0.1632,484550.1
2026-07-28 22:25:00,0.1633,0.1633,0.1623,0.1624,765738.9
2026-07-28 22:30:00,0.1623,0.1626,0.162,0.1622,909714.3
2026-07-28 22:35:00,0.1622,0.1625,0.1621,0.1623,346768.4
2026-07-28 22:40:00,0.1623,0.1626,0.1621,0.1623,325875.9
2026-07-28 22:45:00,0.1622,0.1623,0.1614,0.1616,976046.4
2026-07-28 22:50:00,0.1615,0.1616,0.1613,0.1615,227077.3
2026-07-28 22:55:00,0.1614,0.1615,0.1612,0.1612,299711.2
2026-07-28 23:00:00,0.1611,0.1614,0.1608,0.1609,480541.9
2026-07-28 23:05:00,0.1609,0.161,0.1607,0.1608,335771.1
2026-07-28 23:10:00,0.1608,0.1611,0.1608,0.161,693768.4
2026-07-28 23:15:00,0.1609,0.1609,0.1607,0.1609,98512.8
2026-07-28 23:20:00,0.1608,0.1609,0.1605,0.1605,260044.9
2026-07-28 23:25:00,0.1605,0.1613,0.1605,0.1611,522041.4
2026-07-28 23:30:00,0.1611,0.1616,0.1611,0.1614,132628.3
2026-07-28 23:35:00,0.1614,0.1615,0.1613,0.1615,275737.0
2026-07-28 23:40:00,0.1615,0.1617,0.1613,0.1615,280499.2
2026-07-28 23:45:00,0.1616,0.1619,0.1615,0.1618,289339.8
2026-07-28 23:50:00,0.1618,0.1619,0.1616,0.1619,175196.2
2026-07-28 23:55:00,0.1619,0.162,0.1617,0.162,211070.0
2026-07-29 00:00:00,0.162,0.1625,0.162,0.1625,464933.2
2026-07-29 00:05:00,0.1626,0.1637,0.1625,0.1634,880124.3
2026-07-29 00:10:00,0.1634,0.1635,0.1625,0.1629,959724.9
2026-07-29 00:15:00,0.1629,0.1632,0.1627,0.163,515288.7
2026-07-29 00:20:00,0.163,0.1635,0.1628,0.1629,1353217.8
2026-07-29 00:25:00,0.1629,0.1629,0.1626,0.1628,216526.2
2026-07-29 00:30:00,0.1628,0.1628,0.1624,0.1626,452070.2
2026-07-29 00:35:00,0.1627,0.1634,0.1624,0.1633,548961.6
2026-07-29 00:40:00,0.1632,0.1632,0.1627,0.1629,1834401.5
2026-07-29 00:45:00,0.1629,0.1632,0.1626,0.1627,712549.3
2026-07-29 00:50:00,0.1627,0.1631,0.1626,0.163,312345.7
2026-07-29 00:55:00,0.163,0.163,0.1626,0.1628,223890.5
2026-07-29 01:00:00,0.1627,0.1631,0.1627,0.1628,256976.7
2026-07-29 01:05:00,0.1628,0.163,0.1625,0.1626,250766.5
2026-07-29 01:10:00,0.1625,0.1626,0.1619,0.1622,516206.2
2026-07-29 01:15:00,0.1623,0.1623,0.162,0.1622,100683.0
2026-07-29 01:20:00,0.1622,0.1626,0.1622,0.1624,331107.1
2026-07-29 01:25:00,0.1624,0.1626,0.1623,0.1624,177188.7
2026-07-29 01:30:00,0.1624,0.1626,0.1622,0.1625,204887.6
2026-07-29 01:35:00,0.1625,0.1626,0.1624,0.1625,147408.9
2026-07-29 01:40:00,0.1625,0.1625,0.1623,0.1624,259971.5
2026-07-29 01:45:00,0.1623,0.1624,0.1621,0.1624,273916.3
2026-07-29 01:50:00,0.1624,0.1624,0.1622,0.1622,169640.6
2026-07-29 01:55:00,0.1623,0.1624,0.1618,0.1619,441789.8
2026-07-29 02:00:00,0.1619,0.1621,0.1616,0.1618,469142.3
2026-07-29 02:05:00,0.1618,0.1622,0.1618,0.162,116369.6
2026-07-29 02:10:00,0.162,0.1626,0.162,0.1625,241291.4
2026-07-29 02:15:00,0.1625,0.1626,0.1622,0.1624,195238.0
2026-07-29 02:20:00,0.1624,0.1631,0.1624,0.163,771891.8
2026-07-29 02:25:00,0.163,0.1648,0.1629,0.1642,2300171.9
2026-07-29 02:30:00,0.1643,0.1648,0.1642,0.1647,421656.3
2026-07-29 02:35:00,0.1647,0.1665,0.1647,0.1657,2535061.9
2026-07-29 02:40:00,0.1658,0.1668,0.1657,0.1666,1914019.8
2026-07-29 02:45:00,0.1667,0.1669,0.1649,0.165,1892697.9
2026-07-29 02:50:00,0.165,0.1656,0.165,0.1655,1250298.7
2026-07-29 02:55:00,0.1656,0.166,0.1654,0.1659,589534.3
2026-07-29 03:00:00,0.1659,0.166,0.1648,0.1649,1726067.5
2026-07-29 03:05:00,0.165,0.1655,0.1649,0.1653,780507.5
2026-07-29 03:10:00,0.1654,0.1659,0.1651,0.1655,1058733.8
2026-07-29 03:15:00,0.1655,0.1656,0.1647,0.1647,686711.4
2026-07-29 03:20:00,0.1647,0.1662,0.1647,0.165,2334790.1
2026-07-29 03:25:00,0.165,0.1652,0.1639,0.164,865044.0
2026-07-29 03:30:00,0.1639,0.1639,0.1631,0.1635,1104684.7
2026-07-29 03:35:00,0.1634,0.164,0.1634,0.1638,1260239.0
2026-07-29 03:40:00,0.1639,0.1639,0.1635,0.1637,563078.6
2026-07-29 03:45:00,0.1637,0.1638,0.1634,0.1634,507766.3
2026-07-29 03:50:00,0.1635,0.1637,0.1631,0.1636,975529.0
2026-07-29 03:55:00,0.1637,0.1637,0.1633,0.1635,157322.0
2026-07-29 04:00:00,0.1636,0.1637,0.1631,0.1635,409589.3
2026-07-29 04:05:00,0.1635,0.1636,0.1627,0.1635,589803.5
2026-07-29 04:10:00,0.1634,0.1635,0.163,0.1633,178190.0
2026-07-29 04:15:00,0.1632,0.1633,0.1622,0.1625,589208.7
2026-07-29 04:20:00,0.1624,0.1626,0.1619,0.1626,502355.1
2026-07-29 04:25:00,0.1625,0.1633,0.1625,0.163,500158.7
2026-07-29 04:30:00,0.163,0.163,0.1622,0.1623,370749.5
2026-07-29 04:35:00,0.1624,0.1631,0.1624,0.1627,299585.5
2026-07-29 04:40:00,0.1627,0.1628,0.1623,0.1623,190465.9
2026-07-29 04:45:00,0.1623,0.1625,0.1622,0.1625,296388.1
2026-07-29 04:50:00,0.1625,0.1627,0.1622,0.1627,552382.1
2026-07-29 04:55:00,0.1627,0.1632,0.1625,0.1631,315623.6
2026-07-29 05:00:00,0.1631,0.1636,0.1628,0.1633,436230.4
2026-07-29 05:05:00,0.1633,0.1636,0.1631,0.1633,547941.1
2026-07-29 05:10:00,0.1633,0.1638,0.1632,0.1637,243914.4
2026-07-29 05:15:00,0.1637,0.1637,0.1628,0.1628,201500.0
2026-07-29 05:20:00,0.1628,0.1629,0.1624,0.1627,250778.5
2026-07-29 05:25:00,0.1628,0.1636,0.1628,0.1632,540258.6
2026-07-29 05:30:00,0.1632,0.1635,0.1628,0.1635,289081.2
2026-07-29 05:35:00,0.1636,0.164,0.1636,0.1639,260985.2
2026-07-29 05:40:00,0.1639,0.1641,0.1637,0.1639,246260.8
2026-07-29 05:45:00,0.1639,0.164,0.1638,0.1639,284143.7
2026-07-29 05:50:00,0.1638,0.1641,0.1636,0.1641,259470.9
2026-07-29 05:55:00,0.1641,0.1642,0.1639,0.164,139992.1
2026-07-29 06:00:00,0.1641,0.1643,0.1635,0.1635,490019.7
2026-07-29 06:05:00,0.1635,0.1636,0.1631,0.1631,386202.9
2026-07-29 06:10:00,0.163,0.1637,0.163,0.1637,195718.5
2026-07-29 06:15:00,0.1636,0.1639,0.1634,0.1638,255716.5
2026-07-29 06:20:00,0.1638,0.1643,0.1637,0.1643,565385.2
2026-07-29 06:25:00,0.1642,0.1649,0.1642,0.1647,549234.0
2026-07-29 06:30:00,0.1648,0.1651,0.1646,0.1647,630934.2
2026-07-29 06:35:00,0.1647,0.1648,0.1645,0.1646,212084.9
2026-07-29 06:40:00,0.1646,0.1647,0.1645,0.1647,143967.3
2026-07-29 06:45:00,0.1646,0.1646,0.1643,0.1644,141960.6
2026-07-29 06:50:00,0.1643,0.1645,0.1642,0.1643,123688.5
2026-07-29 06:55:00,0.1643,0.1644,0.1641,0.1642,262688.2
2026-07-29 07:00:00,0.1643,0.1644,0.1639,0.164,326146.7
2026-07-29 07:05:00,0.164,0.1643,0.164,0.1642,187281.2
2026-07-29 07:10:00,0.1642,0.1643,0.164,0.164,187717.6
2026-07-29 07:15:00,0.1639,0.1641,0.1637,0.1637,169445.1
2026-07-29 07:20:00,0.1637,0.1638,0.1636,0.1637,177372.7
2026-07-29 07:25:00,0.1637,0.1642,0.1636,0.1641,230801.8
2026-07-29 07:30:00,0.1642,0.1643,0.1639,0.164,203510.7
2026-07-29 07:35:00,0.164,0.1644,0.1636,0.1641,377894.8
2026-07-29 07:40:00,0.1641,0.1643,0.1639,0.1641,475995.0
2026-07-29 07:45:00,0.1641,0.1642,0.1639,0.164,171980.4
2026-07-29 07:50:00,0.164,0.164,0.1637,0.1638,95257.1
2026-07-29 07:55:00,0.1638,0.1646,0.1638,0.1646,193381.7
2026-07-29 08:00:00,0.1646,0.165,0.1643,0.1645,748588.8
2026-07-29 08:05:00,0.1644,0.1644,0.1639,0.1639,214417.8
2026-07-29 08:10:00,0.1639,0.1639,0.1633,0.1634,233491.8
2026-07-29 08:15:00,0.1633,0.1638,0.1633,0.1636,196388.8
2026-07-29 08:20:00,0.1637,0.1639,0.1634,0.1634,258930.3
2026-07-29 08:25:00,0.1634,0.1635,0.1632,0.1633,126751.2
2026-07-29 08:30:00,0.1633,0.1638,0.1631,0.1636,207591.5
2026-07-29 08:35:00,0.1636,0.1642,0.1636,0.1641,673217.6
2026-07-29 08:40:00,0.1641,0.1648,0.1641,0.1646,387185.4
2026-07-29 08:45:00,0.1645,0.1648,0.1645,0.1648,139220.5
2026-07-29 08:50:00,0.1648,0.1648,0.1644,0.1644,137985.8
2026-07-29 08:55:00,0.1645,0.1645,0.1643,0.1644,233225.8
2026-07-29 09:00:00,0.1644,0.1647,0.1642,0.1646,302160.3
2026-07-29 09:05:00,0.1646,0.1647,0.1645,0.1646,159520.2
2026-07-29 09:10:00,0.1646,0.1648,0.1645,0.1648,216499.4
2026-07-29 09:15:00,0.1647,0.1648,0.1645,0.1647,196083.0
2026-07-29 09:20:00,0.1648,0.1648,0.1645,0.1646,181730.4
2026-07-29 09:25:00,0.1645,0.1646,0.1641,0.1644,853532.1
2026-07-29 09:30:00,0.1644,0.1648,0.1644,0.1645,266353.3
2026-07-29 09:35:00,0.1645,0.1647,0.1644,0.1645,318700.5
2026-07-29 09:40:00,0.1646,0.1649,0.1646,0.1646,226640.8
2026-07-29 09:45:00,0.1646,0.1646,0.1641,0.1641,197108.5
2026-07-29 09:50:00,0.1641,0.1645,0.1641,0.1644,156588.8
2026-07-29 09:55:00,0.1645,0.1646,0.1642,0.1642,182371.3
2026-07-29 10:00:00,0.1642,0.1644,0.1642,0.1643,153751.6
2026-07-29 10:05:00,0.1642,0.1643,0.1641,0.1642,147307.7
2026-07-29 10:10:00,0.1642,0.1642,0.1641,0.1642,326333.5
2026-07-29 10:15:00,0.1642,0.1643,0.164,0.1641,286025.7
2026-07-29 10:20:00,0.1642,0.1642,0.1639,0.1639,42694.1
2026-07-29 10:25:00,0.1639,0.1639,0.1637,0.1639,229860.9
2026-07-29 10:30:00,0.1638,0.1639,0.1637,0.1638,444438.4
2026-07-29 10:35:00,0.1638,0.1639,0.1637,0.1637,32226.4
2026-07-29 10:40:00,0.1637,0.1641,0.1637,0.164,121007.3
2026-07-29 10:45:00,0.164,0.164,0.1638,0.1638,227144.5
2026-07-29 10:50:00,0.1639,0.1639,0.1634,0.1634,301273.8
2026-07-29 10:55:00,0.1635,0.1639,0.1634,0.1637,310673.0
2026-07-29 11:00:00,0.1638,0.164,0.1637,0.164,203220.3
2026-07-29 11:05:00,0.1639,0.1647,0.1639,0.1646,599897.3
2026-07-29 11:10:00,0.1646,0.1647,0.1644,0.1645,512814.3
2026-07-29 11:15:00,0.1645,0.1646,0.1641,0.1641,147564.5
2026-07-29 11:20:00,0.1641,0.1643,0.1639,0.164,110373.1
2026-07-29 11:25:00,0.1641,0.1642,0.164,0.164,156042.6
2026-07-29 11:30:00,0.164,0.1641,0.1636,0.1636,295175.9
2026-07-29 11:35:00,0.1636,0.1638,0.1636,0.1637,73794.7
2026-07-29 11:40:00,0.1638,0.1639,0.1636,0.1637,42698.4
2026-07-29 11:45:00,0.1638,0.164,0.1637,0.1639,185284.8
2026-07-29 11:50:00,0.1639,0.164,0.1637,0.1637,111249.4
2026-07-29 11:55:00,0.1638,0.164,0.1637,0.1639,149916.3
2026-07-29 12:00:00,0.164,0.164,0.1635,0.1635,312642.1
2026-07-29 12:05:00,0.1636,0.1638,0.1635,0.1635,90037.0
2026-07-29 12:10:00,0.1635,0.1641,0.1635,0.164,430063.2
2026-07-29 12:15:00,0.1639,0.1639,0.1633,0.1636,579604.6
2026-07-29 12:20:00,0.1635,0.1638,0.1633,0.1636,252799.5
2026-07-29 12:25:00,0.1636,0.1638,0.1636,0.1636,109929.0
2026-07-29 12:30:00,0.1635,0.1641,0.1633,0.1638,824441.8
2026-07-29 12:35:00,0.1639,0.1639,0.1637,0.1638,71967.6
2026-07-29 12:40:00,0.1639,0.1642,0.1639,0.1641,126180.4
2026-07-29 12:45:00,0.1641,0.1643,0.164,0.1641,263915.6
2026-07-29 12:50:00,0.1641,0.1643,0.164,0.164,156145.6
2026-07-29 12:55:00,0.164,0.1642,0.1639,0.164,295589.0
2026-07-29 13:00:00,0.1641,0.1641,0.1637,0.1639,94266.5
2026-07-29 13:05:00,0.1638,0.1639,0.1637,0.1639,83352.3
2026-07-29 13:10:00,0.1639,0.164,0.1638,0.1638,186879.2
2026-07-29 13:15:00,0.1638,0.1638,0.1635,0.1635,262779.8
2026-07-29 13:20:00,0.1635,0.1639,0.1635,0.1638,193379.6
2026-07-29 13:25:00,0.1638,0.1641,0.1638,0.164,103851.8
2026-07-29 13:30:00,0.1639,0.1651,0.1637,0.1649,1553556.0
2026-07-29 13:35:00,0.1649,0.1652,0.1646,0.165,618839.7
2026-07-29 13:40:00,0.1649,0.1654,0.1647,0.1652,290337.0
2026-07-29 13:45:00,0.1652,0.1653,0.1647,0.1651,491971.9
2026-07-29 13:50:00,0.165,0.165,0.1643,0.1644,276419.2
2026-07-29 13:55:00,0.1644,0.165,0.1639,0.1649,504554.8
2026-07-29 14:00:00,0.165,0.1653,0.1645,0.1647,185477.1
2026-07-29 14:05:00,0.1646,0.1647,0.1641,0.1641,661127.0
2026-07-29 14:10:00,0.1641,0.1642,0.1633,0.1635,481431.6
2026-07-29 14:15:00,0.1636,0.1642,0.1635,0.1637,382764.9
2026-07-29 14:20:00,0.1637,0.1642,0.1634,0.1634,161423.0
2026-07-29 14:25:00,0.1635,0.1635,0.1629,0.1634,741303.2
2026-07-29 14:30:00,0.1635,0.1636,0.1632,0.1632,1166088.2
2026-07-29 14:35:00,0.1632,0.1635,0.163,0.1632,372228.7
2026-07-29 14:40:00,0.1631,0.1633,0.1626,0.1629,639605.4
2026-07-29 14:45:00,0.1628,0.1632,0.1625,0.163,412324.7
2026-07-29 14:50:00,0.163,0.1633,0.163,0.1632,437450.5
2026-07-29 14:55:00,0.1632,0.1633,0.1628,0.163,148797.2
2026-07-29 15:00:00,0.1629,0.1632,0.1626,0.1631,263447.5
2026-07-29 15:05:00,0.1631,0.1632,0.1626,0.1631,231702.0
2026-07-29 15:10:00,0.1631,0.1631,0.1625,0.1627,204592.7
2026-07-29 15:15:00,0.1627,0.163,0.1623,0.1623,239969.6
2026-07-29 15:20:00,0.1623,0.1629,0.1623,0.1627,410680.8
2026-07-29 15:25:00,0.1626,0.1628,0.1623,0.1628,255195.4
2026-07-29 15:30:00,0.1627,0.1629,0.1625,0.1627,383297.0
2026-07-29 15:35:00,0.1627,0.1633,0.1626,0.1627,464136.7
2026-07-29 15:40:00,0.1626,0.1629,0.1625,0.1627,279991.6
2026-07-29 15:45:00,0.1627,0.1631,0.1625,0.1631,317861.9
2026-07-29 15:50:00,0.1631,0.1632,0.1628,0.1628,271379.1
2026-07-29 15:55:00,0.1628,0.1631,0.1625,0.1631,279980.2
2026-07-29 16:00:00,0.163,0.1631,0.1625,0.1629,369145.0
2026-07-29 16:05:00,0.1629,0.1631,0.1628,0.163,300139.7
2026-07-29 16:10:00,0.163,0.1636,0.1629,0.1635,884087.8
2026-07-29 16:15:00,0.1634,0.1636,0.1631,0.1632,221561.4
2026-07-29 16:20:00,0.1633,0.164,0.1632,0.1636,443344.9
2026-07-29 16:25:00,0.1636,0.1638,0.1635,0.1638,118837.6
2026-07-29 16:30:00,0.1638,0.1638,0.1632,0.1633,221327.0
2026-07-29 16:35:00,0.1633,0.1633,0.1628,0.1631,48406.5
2026-07-29 16:40:00,0.1631,0.1631,0.1623,0.1626,244942.3
2026-07-29 16:45:00,0.1626,0.1632,0.1625,0.163,225126.5
2026-07-29 16:50:00,0.1631,0.1633,0.1631,0.1631,139180.9
2026-07-29 16:55:00,0.1632,0.1635,0.1631,0.1633,304486.2
2026-07-29 17:00:00,0.1633,0.1636,0.1633,0.1635,159651.5
2026-07-29 17:05:00,0.1636,0.1636,0.1632,0.1635,91562.4
2026-07-29 17:10:00,0.1636,0.1643,0.1636,0.1643,207146.5
2026-07-29 17:15:00,0.1643,0.1643,0.164,0.1641,137926.9
2026-07-29 17:20:00,0.1642,0.1642,0.1638,0.1639,144774.2
2026-07-29 17:25:00,0.1639,0.1641,0.1638,0.1639,121192.0
2026-07-29 17:30:00,0.164,0.1646,0.164,0.1645,361855.7
2026-07-29 17:35:00,0.1646,0.1646,0.1641,0.1642,86156.8
2026-07-29 17:40:00,0.1642,0.1646,0.1641,0.1645,355198.0
2026-07-29 17:45:00,0.1645,0.1645,0.1641,0.1643,156042.5
2026-07-29 17:50:00,0.1643,0.1652,0.1643,0.1651,682654.0
2026-07-29 17:55:00,0.1651,0.1653,0.1646,0.1653,482847.0
2026-07-29 18:00:00,0.1653,0.167,0.1652,0.1663,3812781.6
2026-07-29 18:05:00,0.1664,0.1667,0.1661,0.1664,611645.3
2026-07-29 18:10:00,0.1665,0.1667,0.1663,0.1663,763117.4
2026-07-29 18:15:00,0.1664,0.1668,0.166,0.1662,1052173.5
2026-07-29 18:20:00,0.1662,0.1664,0.1659,0.1659,439107.1
2026-07-29 18:25:00,0.1659,0.1659,0.1654,0.1657,526504.6
2026-07-29 18:30:00,0.1658,0.1662,0.1648,0.1651,1275962.2
2026-07-29 18:35:00,0.1651,0.1662,0.1646,0.1659,534002.4
2026-07-29 18:40:00,0.1659,0.1669,0.1658,0.1667,900207.0
2026-07-29 18:45:00,0.1668,0.168,0.1664,0.1678,2819919.8
2026-07-29 18:50:00,0.1677,0.1683,0.1671,0.1682,1320326.4
2026-07-29 18:55:00,0.1683,0.1691,0.1677,0.1679,1007943.6
2026-07-29 19:00:00,0.168,0.1686,0.1678,0.1679,890274.1
2026-07-29 19:05:00,0.168,0.168,0.1673,0.1674,1114543.8
2026-07-29 19:10:00,0.1674,0.1676,0.1671,0.1672,580183.1
2026-07-29 19:15:00,0.1673,0.1676,0.167,0.1671,321049.2
2026-07-29 19:20:00,0.1671,0.1671,0.1662,0.1664,732212.2
2026-07-29 19:25:00,0.1663,0.1663,0.1652,0.1653,488123.1
2026-07-29 19:30:00,0.1654,0.1657,0.1645,0.1649,1372081.8
2026-07-29 19:35:00,0.165,0.1652,0.1639,0.164,936938.2
2026-07-29 19:40:00,0.1641,0.1644,0.1637,0.1638,251817.2
2026-07-29 19:45:00,0.1639,0.1639,0.1628,0.1634,427287.5
2026-07-29 19:50:00,0.1634,0.1637,0.1628,0.1633,1219182.7
2026-07-29 19:55:00,0.1633,0.1636,0.1631,0.1632,435674.9
2026-07-29 20:00:00,0.1632,0.1638,0.1625,0.1629,1960660.1
2026-07-29 20:05:00,0.163,0.1634,0.1628,0.1628,505215.6
2026-07-29 20:10:00,0.1628,0.1637,0.1626,0.1637,565029.9
2026-07-29 20:15:00,0.1636,0.164,0.1635,0.1637,220930.9
2026-07-29 20:20:00,0.1638,0.1639,0.1632,0.1632,305737.4
2026-07-29 20:25:00,0.1632,0.1633,0.1619,0.1623,694807.2
2026-07-29 20:30:00,0.1623,0.1626,0.1621,0.1626,193667.2
2026-07-29 20:35:00,0.1625,0.1631,0.1625,0.163,111349.7
2026-07-29 20:40:00,0.163,0.163,0.1626,0.1626,309603.5
2026-07-29 20:45:00,0.1627,0.1628,0.1621,0.1621,166628.3
2026-07-29 20:50:00,0.1621,0.1623,0.1619,0.1622,412158.6
2026-07-29 20:55:00,0.1622,0.1624,0.1606,0.1611,1108457.8
2026-07-29 21:00:00,0.161,0.1614,0.1608,0.1609,586607.7
2026-07-29 21:05:00,0.1609,0.1611,0.1604,0.161,2694977.2
2026-07-29 21:10:00,0.1611,0.1619,0.1611,0.1618,845452.3
2026-07-29 21:15:00,0.1619,0.162,0.1615,0.1619,239495.5
2026-07-29 21:20:00,0.1619,0.1622,0.1618,0.1622,311105.0
2026-07-29 21:25:00,0.1622,0.1625,0.162,0.1624,193532.5
2026-07-29 21:30:00,0.1625,0.1626,0.1623,0.1626,82740.5
2026-07-29 21:35:00,0.1626,0.1628,0.1623,0.1627,748592.7
2026-07-29 21:40:00,0.1626,0.1628,0.1626,0.1627,184360.9
2026-07-29 21:45:00,0.1627,0.1628,0.1626,0.1626,221609.6
2026-07-29 21:50:00,0.1626,0.163,0.1625,0.1628,381040.2
2026-07-29 21:55:00,0.1627,0.1629,0.1624,0.1629,188244.7
2026-07-29 22:00:00,0.1629,0.1634,0.1628,0.1634,492054.6
2026-07-29 22:05:00,0.1634,0.1637,0.1633,0.1636,546710.7
2026-07-29 22:10:00,0.1635,0.1637,0.163,0.1633,275647.2
2026-07-29 22:15:00,0.1632,0.1634,0.1631,0.1632,109380.5
2026-07-29 22:20:00,0.1632,0.1632,0.1629,0.1629,105536.4
2026-07-29 22:25:00,0.1629,0.1631,0.1627,0.163,228009.0
2026-07-29 22:30:00,0.163,0.163,0.1625,0.1625,251449.4
2026-07-29 22:35:00,0.1625,0.1626,0.1623,0.1624,192929.6
2026-07-29 22:40:00,0.1625,0.1626,0.1622,0.1623,276204.9
2026-07-29 22:45:00,0.1624,0.1624,0.1622,0.1623,78155.2
2026-07-29 22:50:00,0.1623,0.1629,0.1622,0.1624,1348589.7
2026-07-29 22:55:00,0.1624,0.1624,0.1624,0.1624,52941.1
2026-07-29 23:00:00,0.1624,0.1625,0.1619,0.162,220968.9
2026-07-29 23:05:00,0.1621,0.1621,0.1618,0.1619,119594.5
2026-07-29 23:10:00,0.1618,0.1619,0.1616,0.1618,80136.8
2026-07-29 23:15:00,0.1617,0.1622,0.1617,0.1622,75653.3
2026-07-29 23:20:00,0.1623,0.1625,0.1623,0.1624,246826.7
2026-07-29 23:25:00,0.1624,0.1624,0.1622,0.1624,104731.4
2026-07-29 23:30:00,0.1623,0.1627,0.1622,0.1625,441330.2
2026-07-29 23:35:00,0.1625,0.1625,0.1622,0.1622,104339.3
2026-07-29 23:40:00,0.1621,0.1624,0.1619,0.1624,162816.6
2026-07-29 23:45:00,0.1624,0.1625,0.1622,0.1622,171158.0
2026-07-29 23:50:00,0.1622,0.1624,0.1622,0.1624,422567.0
2026-07-29 23:55:00,0.1623,0.1623,0.1621,0.1621,41172.4
2026-07-30 00:00:00,0.1621,0.1624,0.1619,0.1622,742676.6
2026-07-30 00:05:00,0.1622,0.1625,0.1621,0.1623,97891.0
2026-07-30 00:10:00,0.1624,0.1627,0.1624,0.1626,177584.2
2026-07-30 00:15:00,0.1626,0.1627,0.1624,0.1626,108174.3
2026-07-30 00:20:00,0.1625,0.1626,0.1624,0.1625,55131.8
2026-07-30 00:25:00,0.1624,0.1625,0.1623,0.1624,68251.9
2026-07-30 00:30:00,0.1625,0.1625,0.1618,0.162,158892.5
2026-07-30 00:35:00,0.162,0.1621,0.1619,0.1619,214842.6
2026-07-30 00:40:00,0.1618,0.162,0.1616,0.1616,301073.7
2026-07-30 00:45:00,0.1616,0.1621,0.1616,0.162,209308.9
2026-07-30 00:50:00,0.162,0.162,0.1617,0.1617,102844.4
2026-07-30 00:55:00,0.1618,0.1621,0.1617,0.1621,82660.3
2026-07-30 01:00:00,0.1622,0.1628,0.1621,0.1628,166844.6
2026-07-30 01:05:00,0.1628,0.1634,0.1627,0.163,341519.1
2026-07-30 01:10:00,0.163,0.1631,0.1626,0.1626,187078.9
2026-07-30 01:15:00,0.1627,0.1628,0.1625,0.1627,199771.7
2026-07-30 01:20:00,0.1626,0.163,0.1626,0.163,29172.8
2026-07-30 01:25:00,0.163,0.1634,0.163,0.1634,125487.1
2026-07-30 01:30:00,0.1635,0.1641,0.1634,0.164,519151.4
2026-07-30 01:35:00,0.1641,0.1644,0.1639,0.1639,348486.8
2026-07-30 01:40:00,0.1638,0.1643,0.1638,0.1642,240464.9
2026-07-30 01:45:00,0.1642,0.1648,0.1642,0.1646,653211.3
2026-07-30 01:50:00,0.1645,0.1646,0.1644,0.1646,155528.3
2026-07-30 01:55:00,0.1646,0.1646,0.164,0.1641,102816.4
2026-07-30 02:00:00,0.1641,0.1643,0.1639,0.164,101689.5
2026-07-30 02:05:00,0.164,0.1642,0.164,0.1641,158981.4
2026-07-30 02:10:00,0.164,0.1643,0.1639,0.164,227900.5
2026-07-30 02:15:00,0.164,0.1641,0.1637,0.1639,203371.3
2026-07-30 02:20:00,0.1639,0.1643,0.1639,0.1641,163118.4
2026-07-30 02:25:00,0.1641,0.1641,0.1634,0.1635,243081.5
2026-07-30 02:30:00,0.1635,0.1635,0.163,0.163,257603.2
2026-07-30 02:35:00,0.1629,0.1632,0.1627,0.1632,186289.2
2026-07-30 02:40:00,0.1632,0.1635,0.1631,0.1635,91800.4
2026-07-30 02:45:00,0.1635,0.1636,0.1631,0.1632,222249.9
2026-07-30 02:50:00,0.1633,0.1635,0.1632,0.1632,103471.5
2026-07-30 02:55:00,0.1631,0.1631,0.1627,0.1628,46438.9
2026-07-30 03:00:00,0.1628,0.163,0.1627,0.163,82091.8
2026-07-30 03:05:00,0.163,0.1633,0.163,0.1632,534672.1
2026-07-30 03:10:00,0.1632,0.1633,0.1628,0.1631,257250.0
2026-07-30 03:15:00,0.163,0.1632,0.1627,0.1627,741890.3
2026-07-30 03:20:00,0.1627,0.1629,0.1626,0.1627,164992.3
2026-07-30 03:25:00,0.1628,0.163,0.1628,0.1629,46286.2
2026-07-30 03:30:00,0.1629,0.163,0.1626,0.1627,264293.7
2026-07-30 03:35:00,0.1627,0.1628,0.1624,0.1625,148709.2
2026-07-30 03:40:00,0.1625,0.1627,0.1625,0.1626,30715.6
2026-07-30 03:45:00,0.1627,0.1627,0.1626,0.1627,109001.5
2026-07-30 03:50:00,0.1626,0.1628,0.1626,0.1626,57974.2
2026-07-30 03:55:00,0.1626,0.1627,0.1624,0.1624,121092.7
2026-07-30 04:00:00,0.1625,0.1627,0.1624,0.1625,322617.8
2026-07-30 04:05:00,0.1624,0.1625,0.1621,0.1622,185998.0
2026-07-30 04:10:00,0.1623,0.1623,0.1622,0.1622,85070.5
2026-07-30 04:15:00,0.1623,0.1623,0.1619,0.1619,345140.3
2026-07-30 04:20:00,0.1619,0.1623,0.1619,0.1621,401911.5
2026-07-30 04:25:00,0.1622,0.1624,0.1622,0.1623,130685.6
2026-07-30 04:30:00,0.1622,0.1625,0.1622,0.1625,101511.8
2026-07-30 04:35:00,0.1625,0.1625,0.1622,0.1622,48592.9
2026-07-30 04:40:00,0.1622,0.1623,0.1621,0.1623,285692.4
2026-07-30 04:45:00,0.1624,0.1624,0.1621,0.1622,63096.1
2026-07-30 04:50:00,0.1623,0.1623,0.1621,0.1622,211984.5
2026-07-30 04:55:00,0.1623,0.1623,0.1619,0.1621,341729.4
2026-07-30 05:00:00,0.162,0.162,0.1616,0.1618,63337.8
2026-07-30 05:05:00,0.1619,0.1619,0.1618,0.1618,59138.0
2026-07-30 05:10:00,0.1618,0.1618,0.1615,0.1616,42708.6
2026-07-30 05:15:00,0.1616,0.1618,0.1616,0.1617,123378.2
2026-07-30 05:20:00,0.1618,0.1618,0.1616,0.1617,43350.7
2026-07-30 05:25:00,0.1618,0.162,0.1616,0.1619,66521.2
2026-07-30 05:30:00,0.162,0.1626,0.162,0.1622,123777.1
2026-07-30 05:35:00,0.1623,0.1625,0.1622,0.1624,117516.7
2026-07-30 05:40:00,0.1623,0.1626,0.1623,0.1626,71022.9
2026-07-30 05:45:00,0.1625,0.1628,0.1625,0.1625,454331.4
2026-07-30 05:50:00,0.1626,0.1627,0.1625,0.1625,62531.5
2026-07-30 05:55:00,0.1625,0.1628,0.1623,0.1627,189531.4
2026-07-30 06:00:00,0.1628,0.1628,0.1625,0.1627,96935.8
2026-07-30 06:05:00,0.1627,0.1629,0.1627,0.1627,88532.6
2026-07-30 06:10:00,0.1627,0.1633,0.1625,0.1627,606434.8
2026-07-30 06:15:00,0.1628,0.1628,0.1624,0.1624,23765.2
2026-07-30 06:20:00,0.1625,0.1626,0.1624,0.1625,244265.5
2026-07-30 06:25:00,0.1625,0.1628,0.1625,0.1628,128141.5
2026-07-30 06:30:00,0.1629,0.163,0.1627,0.1628,226222.9
2026-07-30 06:35:00,0.1628,0.163,0.1628,0.1629,29343.4
2026-07-30 06:40:00,0.1629,0.1631,0.1627,0.1627,377709.0
2026-07-30 06:45:00,0.1627,0.1629,0.1624,0.1626,490418.8
2026-07-30 06:50:00,0.1626,0.1629,0.1626,0.1627,584152.3
2026-07-30 06:55:00,0.1627,0.1629,0.1625,0.1629,166713.1
2026-07-30 07:00:00,0.1628,0.1634,0.1626,0.1631,1267097.5
2026-07-30 07:05:00,0.1631,0.1632,0.1629,0.163,203929.2
2026-07-30 07:10:00,0.163,0.163,0.1628,0.163,144368.9
2026-07-30 07:15:00,0.163,0.1633,0.1629,0.1633,116023.6
2026-07-30 07:20:00,0.1633,0.1635,0.1632,0.1635,70586.2
2026-07-30 07:25:00,0.1635,0.1636,0.1632,0.1634,235562.8
2026-07-30 07:30:00,0.1634,0.1635,0.1631,0.1635,782590.0
2026-07-30 07:35:00,0.1634,0.1635,0.1631,0.1635,199931.9
2026-07-30 07:40:00,0.1636,0.1636,0.1633,0.1635,159285.3
2026-07-30 07:45:00,0.1634,0.1635,0.1633,0.1634,97350.1
2026-07-30 07:50:00,0.1634,0.1635,0.1632,0.1633,82060.6
2026-07-30 07:55:00,0.1632,0.1633,0.1631,0.1633,38215.7
2026-07-30 08:00:00,0.1632,0.1636,0.1632,0.1634,211390.5
2026-07-30 08:05:00,0.1633,0.1636,0.1631,0.1635,122658.2
2026-07-30 08:10:00,0.1635,0.1637,0.1634,0.1635,173147.6
2026-07-30 08:15:00,0.1635,0.1638,0.1634,0.1636,220028.5
2026-07-30 08:20:00,0.1636,0.1641,0.1635,0.1641,277015.9
2026-07-30 08:25:00,0.1641,0.1645,0.164,0.1643,584915.9
2026-07-30 08:30:00,0.1643,0.1652,0.1643,0.1646,829765.8
2026-07-30 08:35:00,0.1646,0.1647,0.1644,0.1644,113737.9
2026-07-30 08:40:00,0.1643,0.1647,0.1643,0.1647,98046.4
2026-07-30 08:45:00,0.1646,0.1647,0.1645,0.1645,104880.3
2026-07-30 08:50:00,0.1645,0.1645,0.1643,0.1643,66512.0
2026-07-30 08:55:00,0.1643,0.1644,0.1642,0.1643,132328.5
2026-07-30 09:00:00,0.1642,0.1647,0.1642,0.1647,256095.0
2026-07-30 09:05:00,0.1648,0.1648,0.1646,0.1648,68912.6
2026-07-30 09:10:00,0.1647,0.1655,0.1647,0.1653,1917866.0
2026-07-30 09:15:00,0.1652,0.1652,0.1648,0.1648,164312.8
2026-07-30 09:20:00,0.1649,0.1651,0.1648,0.1649,129258.0
2026-07-30 09:25:00,0.165,0.165,0.1645,0.1646,1196757.9
2026-07-30 09:30:00,0.1646,0.1646,0.1643,0.1646,1448854.6
2026-07-30 09:35:00,0.1646,0.1646,0.1642,0.1642,132354.6
2026-07-30 09:40:00,0.1642,0.1643,0.164,0.164,68781.8
2026-07-30 09:45:00,0.164,0.1642,0.1639,0.1642,121206.8
2026-07-30 09:50:00,0.1643,0.1643,0.164,0.1641,75829.2
2026-07-30 09:55:00,0.1641,0.1642,0.164,0.1642,74236.4
2026-07-30 10:00:00,0.1642,0.1647,0.1641,0.1645,278433.0
2026-07-30 10:05:00,0.1645,0.1648,0.1645,0.1647,227263.9
2026-07-30 10:10:00,0.1647,0.1647,0.1643,0.1646,257827.7
2026-07-30 10:15:00,0.1645,0.1646,0.1643,0.1646,115107.8
2026-07-30 10:20:00,0.1646,0.1646,0.1643,0.1644,51924.2
2026-07-30 10:25:00,0.1644,0.1646,0.1644,0.1644,73374.0
2026-07-30 10:30:00,0.1645,0.1647,0.1643,0.1646,135282.1
2026-07-30 10:35:00,0.1646,0.1646,0.1644,0.1644,123490.7
2026-07-30 10:40:00,0.1645,0.1647,0.1644,0.1644,70095.8
2026-07-30 10:45:00,0.1645,0.1646,0.1639,0.1639,102988.1
2026-07-30 10:50:00,0.164,0.164,0.1636,0.1638,170325.3
2026-07-30 10:55:00,0.1638,0.164,0.1638,0.1639,300520.1
2026-07-30 11:00:00,0.164,0.1641,0.1639,0.164,246029.9
2026-07-30 11:05:00,0.164,0.1642,0.1639,0.1641,138716.0
2026-07-30 11:10:00,0.1641,0.1642,0.164,0.1641,90819.5
2026-07-30 11:15:00,0.1642,0.1644,0.1642,0.1642,63878.2
2026-07-30 11:20:00,0.1641,0.1641,0.1638,0.164,60221.4
2026-07-30 11:25:00,0.164,0.1641,0.1639,0.164,26217.9
2026-07-30 11:30:00,0.164,0.1641,0.1639,0.1639,364880.3
2026-07-30 11:35:00,0.1639,0.1644,0.1639,0.1642,253177.6
2026-07-30 11:40:00,0.1641,0.1643,0.164,0.164,51394.4
2026-07-30 11:45:00,0.1641,0.1641,0.1639,0.1639,72424.9
2026-07-30 11:50:00,0.164,0.1645,0.164,0.1644,555591.0
2026-07-30 11:55:00,0.1644,0.1645,0.1643,0.1643,471082.4
2026-07-30 12:00:00,0.1643,0.1654,0.1643,0.165,2906483.0
2026-07-30 12:05:00,0.165,0.1661,0.1649,0.1658,1223177.3
2026-07-30 12:10:00,0.1658,0.1667,0.1655,0.1663,1390729.7
2026-07-30 12:15:00,0.1662,0.1662,0.1657,0.1657,633360.4
2026-07-30 12:20:00,0.1657,0.1658,0.1653,0.1657,1571151.5
2026-07-30 12:25:00,0.1657,0.1659,0.1652,0.1654,558751.4
2026-07-30 12:30:00,0.1654,0.1659,0.1651,0.1657,1367180.7
2026-07-30 12:35:00,0.1657,0.1661,0.1657,0.1659,769144.2
2026-07-30 12:40:00,0.1658,0.1658,0.1656,0.1656,89394.7
2026-07-30 12:45:00,0.1656,0.1658,0.1655,0.1657,144545.8
2026-07-30 12:50:00,0.1657,0.1662,0.1657,0.1661,82442.3
2026-07-30 12:55:00,0.1662,0.1662,0.1659,0.166,115760.3
2026-07-30 13:00:00,0.166,0.1662,0.1659,0.1661,380070.6
2026-07-30 13:05:00,0.1661,0.1662,0.1657,0.1658,373797.7
2026-07-30 13:10:00,0.1657,0.1661,0.1657,0.166,423617.8
2026-07-30 13:15:00,0.1661,0.1661,0.1658,0.1659,277092.0
2026-07-30 13:20:00,0.1659,0.1663,0.1656,0.1663,696436.8
2026-07-30 13:25:00,0.1662,0.1662,0.1658,0.1659,232300.2
2026-07-30 13:30:00,0.166,0.1662,0.1659,0.1659,749123.3
2026-07-30 13:35:00,0.1659,0.1666,0.1659,0.1666,400765.0
2026-07-30 13:40:00,0.1665,0.168,0.1663,0.1674,1325483.1
2026-07-30 13:45:00,0.1675,0.1684,0.1675,0.1681,734749.5
2026-07-30 13:50:00,0.1682,0.169,0.168,0.1687,3150585.0
2026-07-30 13:55:00,0.1686,0.1688,0.168,0.1682,978011.1
2026-07-30 14:00:00,0.1682,0.1688,0.1681,0.1685,1451787.5
2026-07-30 14:05:00,0.1684,0.169,0.1681,0.1689,1039654.8
2026-07-30 14:10:00,0.1689,0.169,0.1685,0.1687,431855.2
2026-07-30 14:15:00,0.1687,0.169,0.1675,0.1679,1248498.3
2026-07-30 14:20:00,0.1679,0.1686,0.1675,0.1686,584826.3
2026-07-30 14:25:00,0.1687,0.169,0.1683,0.1687,728785.0
2026-07-30 14:30:00,0.1687,0.1714,0.1684,0.1707,5721912.3
2026-07-30 14:35:00,0.1707,0.1709,0.1697,0.1698,1254738.3
2026-07-30 14:40:00,0.1699,0.1706,0.1699,0.1705,1078666.5
2026-07-30 14:45:00,0.1705,0.1723,0.1704,0.172,2362218.2
2026-07-30 14:50:00,0.172,0.1745,0.1718,0.1731,5599764.9
2026-07-30 14:55:00,0.1731,0.1733,0.1721,0.1722,2558206.6
2026-07-30 15:00:00,0.1723,0.1743,0.1723,0.1738,3459742.1
2026-07-30 15:05:00,0.1738,0.176,0.1737,0.1758,5624697.3
2026-07-30 15:10:00,0.1757,0.1757,0.1746,0.1754,2570060.4
2026-07-30 15:15:00,0.1755,0.1755,0.1745,0.1752,2292640.4
2026-07-30 15:20:00,0.1753,0.1763,0.1748,0.1748,3335113.2
2026-07-30 15:25:00,0.1748,0.1757,0.1747,0.1752,1200718.4
2026-07-30 15:30:00,0.1752,0.1753,0.1731,0.1731,2718788.1
2026-07-30 15:35:00,0.1732,0.1746,0.1731,0.1735,2686518.5
2026-07-30 15:40:00,0.1735,0.1738,0.1725,0.1729,1259124.2
2026-07-30 15:45:00,0.1729,0.1734,0.1724,0.1725,508873.9
2026-07-30 15:50:00,0.1725,0.1726,0.1712,0.1721,2321614.8
2026-07-30 15:55:00,0.1722,0.1722,0.171,0.172,3117896.8
2026-07-30 16:00:00,0.1719,0.1724,0.1716,0.1723,2677460.4
2026-07-30 16:05:00,0.1723,0.1724,0.1716,0.1719,1222611.0
2026-07-30 16:10:00,0.172,0.1721,0.1716,0.1719,680841.0
2026-07-30 16:15:00,0.1719,0.1725,0.1718,0.1722,1285168.8
2026-07-30 16:20:00,0.1721,0.1728,0.1715,0.1716,1378733.8
2026-07-30 16:25:00,0.1716,0.1716,0.1712,0.1712,471039.8
2026-07-30 16:30:00,0.1712,0.1719,0.1712,0.1718,625454.8
2026-07-30 16:35:00,0.1717,0.172,0.1711,0.1717,415008.2
2026-07-30 16:40:00,0.1716,0.1716,0.1703,0.1704,2225187.1
2026-07-30 16:45:00,0.1704,0.1706,0.1699,0.1702,901984.5
2026-07-30 16:50:00,0.1701,0.1707,0.1699,0.1705,1014857.7
2026-07-30 16:55:00,0.1705,0.171,0.1705,0.1707,116539.4
2026-07-30 17:00:00,0.1708,0.171,0.1705,0.1705,360722.6
2026-07-30 17:05:00,0.1706,0.1709,0.1703,0.1705,546339.7
2026-07-30 17:10:00,0.1706,0.1713,0.1706,0.1712,763096.2
2026-07-30 17:15:00,0.1713,0.1715,0.1708,0.1711,820130.5
2026-07-30 17:20:00,0.1711,0.1715,0.1711,0.1711,440486.9
2026-07-30 17:25:00,0.171,0.1715,0.1709,0.1711,242226.2
2026-07-30 17:30:00,0.1712,0.1713,0.1708,0.1709,339462.2
2026-07-30 17:35:00,0.171,0.1715,0.1709,0.1715,480447.7
2026-07-30 17:40:00,0.1714,0.1718,0.1712,0.1715,249980.5
2026-07-30 17:45:00,0.1716,0.1718,0.1714,0.1715,250045.0
2026-07-30 17:50:00,0.1715,0.1716,0.1714,0.1716,118241.2
2026-07-30 17:55:00,0.1716,0.1723,0.1716,0.1719,324883.8
2026-07-30 18:00:00,0.1719,0.1723,0.1717,0.1723,438524.4
2026-07-30 18:05:00,0.1722,0.1728,0.1722,0.1726,489300.1
2026-07-30 18:10:00,0.1725,0.1727,0.1716,0.1716,459954.6
2026-07-30 18:15:00,0.1716,0.1717,0.1713,0.1717,312362.9
2026-07-30 18:20:00,0.1716,0.1722,0.1716,0.1722,250557.7
2026-07-30 18:25:00,0.1721,0.1721,0.1716,0.1716,598279.8
2026-07-30 18:30:00,0.1717,0.1717,0.1711,0.1713,253016.1
2026-07-30 18:35:00,0.1714,0.172,0.1713,0.1717,766249.8
2026-07-30 18:40:00,0.1718,0.1723,0.1717,0.1721,512069.5
2026-07-30 18:45:00,0.1721,0.1722,0.172,0.1721,47153.1
2026-07-30 18:50:00,0.172,0.1722,0.1717,0.1717,238450.4
2026-07-30 18:55:00,0.1718,0.1724,0.1717,0.1723,324495.3
2026-07-30 19:00:00,0.1724,0.1727,0.1722,0.1725,553187.4
2026-07-30 19:05:00,0.1725,0.1726,0.1719,0.1726,740567.1
2026-07-30 19:10:00,0.1726,0.1726,0.1724,0.1724,149828.6
2026-07-30 19:15:00,0.1724,0.1726,0.1722,0.1726,139714.8
2026-07-30 19:20:00,0.1726,0.1728,0.1725,0.1725,439391.6
2026-07-30 19:25:00,0.1726,0.1732,0.1726,0.1731,373828.0
2026-07-30 19:30:00,0.173,0.1731,0.1728,0.1729,387004.0
2026-07-30 19:35:00,0.173,0.1732,0.1729,0.173,489446.0
2026-07-30 19:40:00,0.1731,0.1731,0.1728,0.1731,151149.2
2026-07-30 19:45:00,0.1731,0.1732,0.1728,0.173,313589.3
2026-07-30 19:50:00,0.1729,0.1731,0.1728,0.1729,136949.3
2026-07-30 19:55:00,0.1729,0.173,0.1727,0.1728,339543.0
2026-07-30 20:00:00,0.1728,0.1733,0.1726,0.1727,1489620.5
2026-07-30 20:05:00,0.1726,0.1727,0.172,0.1721,797414.4
2026-07-30 20:10:00,0.1721,0.1722,0.172,0.1721,98195.3
2026-07-30 20:15:00,0.172,0.1721,0.1716,0.1721,446086.4
2026-07-30 20:20:00,0.172,0.1721,0.1717,0.1719,235011.4
2026-07-30 20:25:00,0.1719,0.172,0.1714,0.1714,81136.0
2026-07-30 20:30:00,0.1714,0.1715,0.1708,0.1708,512658.7
2026-07-30 20:35:00,0.1708,0.1708,0.1704,0.1706,450908.2
2026-07-30 20:40:00,0.1706,0.1709,0.1706,0.1707,195551.9
2026-07-30 20:45:00,0.1708,0.1711,0.1706,0.1709,171253.9
2026-07-30 20:50:00,0.1709,0.1712,0.1707,0.1709,342997.0
2026-07-30 20:55:00,0.171,0.171,0.1707,0.1708,70099.9
2026-07-30 21:00:00,0.1708,0.171,0.1707,0.1707,92040.6
2026-07-30 21:05:00,0.1706,0.1706,0.1701,0.1703,194984.7
2026-07-30 21:10:00,0.1703,0.1707,0.1703,0.1707,376753.7
2026-07-30 21:15:00,0.1707,0.1707,0.1705,0.1706,27676.2
2026-07-30 21:20:00,0.1706,0.1707,0.1705,0.1706,91360.2
2026-07-30 21:25:00,0.1706,0.1706,0.1704,0.1704,30947.9
2026-07-30 21:30:00,0.1705,0.1707,0.1703,0.1704,94194.1
2026-07-30 21:35:00,0.1704,0.1706,0.1703,0.1705,78521.0
2026-07-30 21:40:00,0.1706,0.1707,0.1702,0.1703,96559.7
2026-07-30 21:45:00,0.1703,0.1705,0.1703,0.1703,97599.6
2026-07-30 21:50:00,0.1703,0.1704,0.1702,0.1703,124854.4
2026-07-30 21:55:00,0.1704,0.1705,0.1702,0.1702,79969.2
2026-07-30 22:00:00,0.1702,0.1702,0.1697,0.1701,493364.6
2026-07-30 22:05:00,0.1701,0.1706,0.17,0.1706,96172.2
2026-07-30 22:10:00,0.1707,0.1709,0.1699,0.1701,417255.3
2026-07-30 22:15:00,0.1702,0.1702,0.1698,0.1699,98875.3
2026-07-30 22:20:00,0.1699,0.1703,0.1698,0.1702,200328.5
2026-07-30 22:25:00,0.1703,0.1708,0.1703,0.1707,291141.0
2026-07-30 22:30:00,0.1707,0.171,0.1704,0.1706,358817.3
2026-07-30 22:35:00,0.1706,0.1707,0.1705,0.1705,167952.4
2026-07-30 22:40:00,0.1704,0.1705,0.1703,0.1704,87271.9
2026-07-30 22:45:00,0.1703,0.1704,0.17,0.1701,42181.0
2026-07-30 22:50:00,0.1701,0.1701,0.1695,0.1695,274175.1
2026-07-30 22:55:00,0.1695,0.1699,0.1695,0.1699,106801.8
2026-07-30 23:00:00,0.1699,0.1699,0.1697,0.1698,103550.5
2026-07-30 23:05:00,0.1698,0.17,0.1698,0.1698,179677.2
2026-07-30 23:10:00,0.1699,0.1704,0.1697,0.1703,420899.6
2026-07-30 23:15:00,0.1704,0.1705,0.1702,0.1703,224125.1
2026-07-30 23:20:00,0.1702,0.1703,0.1698,0.1701,273776.7
2026-07-30 23:25:00,0.1701,0.1703,0.17,0.1702,216527.6
2026-07-30 23:30:00,0.1702,0.1704,0.1701,0.1704,173289.3
2026-07-30 23:35:00,0.1705,0.1708,0.1705,0.1708,104073.2
2026-07-30 23:40:00,0.1708,0.1708,0.1699,0.1701,414509.3
2026-07-30 23:45:00,0.17,0.1704,0.1699,0.1704,283966.1
2026-07-30 23:50:00,0.1703,0.1703,0.1696,0.1698,509954.0
2026-07-30 23:55:00,0.1697,0.1699,0.1696,0.1697,63772.2
2026-07-31 00:00:00,0.1697,0.1706,0.1697,0.1703,548948.4
2026-07-31 00:05:00,0.1703,0.1706,0.1696,0.17,604642.8
2026-07-31 00:10:00,0.1699,0.1702,0.1696,0.17,949762.9
2026-07-31 00:15:00,0.17,0.17,0.1693,0.1694,494624.6
2026-07-31 00:20:00,0.1694,0.1697,0.1693,0.1695,266046.4
2026-07-31 00:25:00,0.1695,0.1696,0.1693,0.1695,122747.0
2026-07-31 00:30:00,0.1694,0.1698,0.1694,0.1697,141126.5
2026-07-31 00:35:00,0.1696,0.1699,0.1695,0.1699,295796.8
2026-07-31 00:40:00,0.1698,0.1699,0.1695,0.1696,111582.1
2026-07-31 00:45:00,0.1696,0.1697,0.1694,0.1696,106364.7
2026-07-31 00:50:00,0.1696,0.1696,0.1693,0.1695,172966.3
2026-07-31 00:55:00,0.1695,0.1698,0.1695,0.1696,31153.1
2026-07-31 01:00:00,0.1697,0.1702,0.1697,0.17,208831.5
2026-07-31 01:05:00,0.1701,0.1709,0.1701,0.1708,374466.3
2026-07-31 01:10:00,0.1708,0.171,0.1702,0.1703,898338.3
2026-07-31 01:15:00,0.1702,0.1705,0.1701,0.1702,655639.4
2026-07-31 01:20:00,0.1701,0.1706,0.1701,0.1706,121493.3
2026-07-31 01:25:00,0.1707,0.171,0.1707,0.1709,406592.5
2026-07-31 01:30:00,0.1708,0.1709,0.1705,0.1707,215961.0
2026-07-31 01:35:00,0.1707,0.1707,0.1701,0.1704,318619.6
2026-07-31 01:40:00,0.1704,0.1705,0.1702,0.1703,94055.9
2026-07-31 01:45:00,0.1703,0.1705,0.1695,0.1696,306438.5
2026-07-31 01:50:00,0.1696,0.1699,0.1694,0.1696,245276.9
2026-07-31 01:55:00,0.1697,0.1698,0.1696,0.1698,202485.6
2026-07-31 02:00:00,0.1698,0.1698,0.1694,0.1696,142836.0
2026-07-31 02:05:00,0.1696,0.1702,0.1696,0.1702,96644.6
2026-07-31 02:10:00,0.1702,0.1702,0.1699,0.1699,87152.4
2026-07-31 02:15:00,0.1698,0.1701,0.1697,0.1701,241214.4
2026-07-31 02:20:00,0.1702,0.1707,0.1702,0.1703,407906.1
2026-07-31 02:25:00,0.1704,0.1707,0.1703,0.1704,83185.2
2026-07-31 02:30:00,0.1704,0.1709,0.1703,0.1708,163978.5
2026-07-31 02:35:00,0.1708,0.1709,0.1703,0.1705,98793.2
2026-07-31 02:40:00,0.1705,0.1706,0.17,0.17,207580.3
2026-07-31 02:45:00,0.1699,0.1704,0.1698,0.1703,695889.1
2026-07-31 02:50:00,0.1703,0.1707,0.1703,0.1706,121771.2
2026-07-31 02:55:00,0.1706,0.1706,0.1702,0.1705,170594.4
2026-07-31 03:00:00,0.1705,0.1705,0.1699,0.1705,357686.4
2026-07-31 03:05:00,0.1704,0.1704,0.1699,0.17,326131.3
2026-07-31 03:10:00,0.17,0.1702,0.1697,0.1702,150345.8
2026-07-31 03:15:00,0.1702,0.1707,0.1701,0.1707,177949.9
2026-07-31 03:20:00,0.1707,0.171,0.1707,0.171,334262.2
2026-07-31 03:25:00,0.171,0.1711,0.1702,0.1703,288117.5
2026-07-31 03:30:00,0.1704,0.1706,0.1704,0.1704,124923.5
2026-07-31 03:35:00,0.1704,0.1707,0.1704,0.1706,114473.1
2026-07-31 03:40:00,0.1707,0.1708,0.1706,0.1708,86944.9
2026-07-31 03:45:00,0.1708,0.1709,0.1703,0.1703,156366.6
2026-07-31 03:50:00,0.1703,0.1706,0.1703,0.1706,238658.0
2026-07-31 03:55:00,0.1706,0.1706,0.1701,0.1701,65709.2
2026-07-31 04:00:00,0.17,0.1701,0.1698,0.17,102390.4
2026-07-31 04:05:00,0.17,0.1701,0.1697,0.1698,101541.8
2026-07-31 04:10:00,0.1698,0.1698,0.1696,0.1697,89780.0
2026-07-31 04:15:00,0.1697,0.1697,0.1692,0.1694,117348.0
2026-07-31 04:20:00,0.1694,0.1694,0.1686,0.1687,2448643.2
2026-07-31 04:25:00,0.1687,0.169,0.1687,0.1689,133372.5
2026-07-31 04:30:00,0.1688,0.169,0.1688,0.169,60513.0
2026-07-31 04:35:00,0.1691,0.1691,0.1689,0.169,388894.7
2026-07-31 04:40:00,0.169,0.169,0.1687,0.1689,96228.8
2026-07-31 04:45:00,0.1689,0.1689,0.1687,0.1688,514937.0
2026-07-31 04:50:00,0.1688,0.1689,0.1688,0.1689,83295.3
2026-07-31 04:55:00,0.1689,0.1689,0.1686,0.1687,132932.4
2026-07-31 05:00:00,0.1687,0.169,0.1687,0.1689,256754.4
2026-07-31 05:05:00,0.1689,0.1691,0.1688,0.1689,193532.8
2026-07-31 05:10:00,0.1689,0.1689,0.1685,0.1687,118599.1
2026-07-31 05:15:00,0.1687,0.1688,0.1685,0.1686,173896.5
2026-07-31 05:20:00,0.1687,0.1689,0.1686,0.1687,139270.9
2026-07-31 05:25:00,0.1686,0.1686,0.1682,0.1684,713007.3
2026-07-31 05:30:00,0.1684,0.1687,0.1683,0.1683,294716.4
2026-07-31 05:35:00,0.1683,0.1684,0.168,0.1683,362286.6
2026-07-31 05:40:00,0.1682,0.1683,0.1681,0.1682,328740.1
2026-07-31 05:45:00,0.1682,0.1686,0.1681,0.1684,306499.4
2026-07-31 05:50:00,0.1684,0.1687,0.1683,0.1687,31251.9
2026-07-31 05:55:00,0.1686,0.169,0.1686,0.169,108885.7
2026-07-31 06:00:00,0.1689,0.169,0.1686,0.1687,147716.8
2026-07-31 06:05:00,0.1687,0.1688,0.1685,0.1687,457038.2
2026-07-31 06:10:00,0.1687,0.1687,0.1685,0.1686,83260.5
2026-07-31 06:15:00,0.1685,0.1687,0.1683,0.1687,453964.5
2026-07-31 06:20:00,0.1686,0.1691,0.1686,0.169,228889.5
2026-07-31 06:25:00,0.1691,0.1697,0.1691,0.1697,172854.3
2026-07-31 06:30:00,0.1696,0.1696,0.1691,0.1692,521081.8
2026-07-31 06:35:00,0.1692,0.1694,0.169,0.1692,374423.8
2026-07-31 06:40:00,0.1693,0.1693,0.1688,0.1689,41306.0
2026-07-31 06:45:00,0.1688,0.1689,0.1686,0.1689,189725.9
2026-07-31 06:50:00,0.169,0.169,0.1687,0.1689,124362.6
2026-07-31 06:55:00,0.1689,0.1691,0.1688,0.1689,294397.0
2026-07-31 07:00:00,0.1688,0.1688,0.1682,0.1682,263060.2
2026-07-31 07:05:00,0.1682,0.1684,0.1676,0.1682,422623.3
2026-07-31 07:10:00,0.1683,0.1683,0.168,0.1681,80614.3
2026-07-31 07:15:00,0.1681,0.1684,0.1678,0.1684,170187.2
2026-07-31 07:20:00,0.1685,0.1686,0.168,0.1683,663214.4
2026-07-31 07:25:00,0.1682,0.1685,0.1682,0.1682,132233.4
2026-07-31 07:30:00,0.1681,0.169,0.1681,0.1688,914267.0
2026-07-31 07:35:00,0.1688,0.1691,0.1688,0.169,145101.3
2026-07-31 07:40:00,0.169,0.1691,0.1689,0.169,189152.4
2026-07-31 07:45:00,0.1691,0.1699,0.1691,0.1698,664394.3
2026-07-31 07:50:00,0.1698,0.1704,0.1698,0.17,659845.0
2026-07-31 07:55:00,0.17,0.17,0.1697,0.1699,193863.3
2026-07-31 08:00:00,0.1699,0.1705,0.1698,0.1704,206138.4
2026-07-31 08:05:00,0.1704,0.1705,0.1701,0.1703,279764.3
2026-07-31 08:10:00,0.1704,0.1709,0.1702,0.1703,1315379.6
2026-07-31 08:15:00,0.1704,0.1705,0.1701,0.1701,227677.9
2026-07-31 08:20:00,0.1702,0.1703,0.1702,0.1702,84472.1
2026-07-31 08:25:00,0.1702,0.1714,0.1702,0.1708,1236542.5
2026-07-31 08:30:00,0.1707,0.1714,0.1705,0.1714,432471.9
2026-07-31 08:35:00,0.1714,0.1715,0.1711,0.1712,431291.2
2026-07-31 08:40:00,0.1711,0.1715,0.1709,0.1714,568058.3
2026-07-31 08:45:00,0.1714,0.1719,0.1712,0.1712,552343.8
2026-07-31 08:50:00,0.1713,0.1713,0.1705,0.1706,317374.6
2026-07-31 08:55:00,0.1705,0.1709,0.1705,0.1709,252462.6
2026-07-31 09:00:00,0.1709,0.171,0.1705,0.1707,690969.4
2026-07-31 09:05:00,0.1708,0.1709,0.1705,0.1707,438952.8
2026-07-31 09:10:00,0.1707,0.1714,0.1707,0.1713,619627.9
2026-07-31 09:15:00,0.1713,0.1714,0.1705,0.1705,409711.1
2026-07-31 09:20:00,0.1705,0.1706,0.1694,0.17,637371.7
2026-07-31 09:25:00,0.17,0.1703,0.1697,0.1698,200667.3
2026-07-31 09:30:00,0.1698,0.1701,0.1697,0.1698,349166.7
2026-07-31 09:35:00,0.1698,0.1701,0.1695,0.1699,270698.9
2026-07-31 09:40:00,0.1698,0.17,0.1696,0.1696,107150.1
2026-07-31 09:45:00,0.1696,0.1696,0.1692,0.1692,801471.2
2026-07-31 09:50:00,0.1692,0.1694,0.169,0.169,181997.3
2026-07-31 09:55:00,0.1691,0.1691,0.1688,0.169,155548.6
2026-07-31 10:00:00,0.169,0.1692,0.1687,0.1687,101095.1
2026-07-31 10:05:00,0.1688,0.1691,0.1684,0.1691,329015.9
2026-07-31 10:10:00,0.1691,0.1693,0.169,0.1692,144126.1
2026-07-31 10:15:00,0.1691,0.1696,0.169,0.1695,529460.7
2026-07-31 10:20:00,0.1695,0.1697,0.1693,0.1693,66187.4
2026-07-31 10:25:00,0.1693,0.1696,0.1692,0.1696,209921.2
2026-07-31 10:30:00,0.1697,0.1702,0.1696,0.1702,280534.0
2026-07-31 10:35:00,0.1702,0.1703,0.17,0.1702,121436.9
2026-07-31 10:40:00,0.1702,0.1703,0.1702,0.1702,65679.6
2026-07-31 10:45:00,0.1702,0.1702,0.1696,0.1698,175702.3
2026-07-31 10:50:00,0.1698,0.1699,0.1696,0.1698,116829.0
2026-07-31 10:55:00,0.1699,0.1699,0.1697,0.1698,103522.0
2026-07-31 11:00:00,0.1698,0.1703,0.1698,0.1703,571324.7
2026-07-31 11:05:00,0.1703,0.1708,0.1701,0.1706,272658.4
2026-07-31 11:10:00,0.1706,0.1708,0.1703,0.1705,325040.6
2026-07-31 11:15:00,0.1704,0.1704,0.1699,0.1702,246920.4
2026-07-31 11:20:00,0.1702,0.1707,0.1702,0.1705,220106.2
2026-07-31 11:25:00,0.1706,0.1706,0.1702,0.1702,46746.1
2026-07-31 11:30:00,0.1702,0.1703,0.1699,0.1699,502747.6
2026-07-31 11:35:00,0.17,0.17,0.1695,0.1695,67580.6
2026-07-31 11:40:00,0.1696,0.1698,0.1696,0.1696,418066.4
2026-07-31 11:45:00,0.1696,0.17,0.1696,0.1698,559424.0
2026-07-31 11:50:00,0.1698,0.1708,0.1696,0.1704,469348.1
2026-07-31 11:55:00,0.1704,0.1705,0.1699,0.1699,183322.4
2026-07-31 12:00:00,0.17,0.17,0.1697,0.1697,49548.4
2026-07-31 12:05:00,0.1697,0.1697,0.1692,0.1694,178496.8
2026-07-31 12:10:00,0.1693,0.1693,0.169,0.1691,785566.2
2026-07-31 12:15:00,0.1691,0.1691,0.1689,0.1689,228263.7
2026-07-31 12:20:00,0.169,0.1692,0.1689,0.1692,201443.2
2026-07-31 12:25:00,0.1693,0.1694,0.169,0.169,351254.1
2026-07-31 12:30:00,0.1689,0.1691,0.1687,0.1687,723001.3
2026-07-31 12:35:00,0.1688,0.1691,0.1687,0.1691,311132.6
2026-07-31 12:40:00,0.169,0.1692,0.1689,0.169,82244.0
2026-07-31 12:45:00,0.1691,0.1693,0.169,0.1691,173580.1
2026-07-31 12:50:00,0.1691,0.1696,0.169,0.1695,69680.3
2026-07-31 12:55:00,0.1696,0.1696,0.1693,0.1695,184896.1
2026-07-31 13:00:00,0.1695,0.1698,0.1695,0.1697,171633.6
2026-07-31 13:05:00,0.1697,0.17,0.1697,0.1698,87992.3
2026-07-31 13:10:00,0.1698,0.1699,0.1697,0.1697,70021.7
2026-07-31 13:15:00,0.1697,0.1701,0.1697,0.1701,121406.5
2026-07-31 13:20:00,0.17,0.171,0.1699,0.1707,1952851.2
2026-07-31 13:25:00,0.1708,0.1714,0.1708,0.1712,599321.0
2026-07-31 13:30:00,0.1711,0.1714,0.1707,0.1711,776544.8
2026-07-31 13:35:00,0.1711,0.1712,0.1704,0.1706,582317.3
2026-07-31 13:40:00,0.1706,0.1706,0.1702,0.1702,226464.2
2026-07-31 13:45:00,0.1702,0.1705,0.1696,0.1704,1060136.2
2026-07-31 13:50:00,0.1703,0.1703,0.169,0.1691,825851.7
2026-07-31 13:55:00,0.1691,0.1692,0.1685,0.1686,481266.4
2026-07-31 14:00:00,0.1686,0.1688,0.1682,0.1684,1235311.2
2026-07-31 14:05:00,0.1683,0.1684,0.1669,0.1674,2558132.9
2026-07-31 14:10:00,0.1675,0.1686,0.1665,0.1682,1825705.1
2026-07-31 14:15:00,0.1681,0.1684,0.1679,0.1682,397160.1
2026-07-31 14:20:00,0.1682,0.1687,0.1677,0.1683,1085253.4
2026-07-31 14:25:00,0.1683,0.1684,0.1677,0.1679,483355.8
2026-07-31 14:30:00,0.168,0.1685,0.168,0.1683,287322.0
2026-07-31 14:35:00,0.1682,0.1686,0.168,0.168,376565.8
2026-07-31 14:40:00,0.168,0.1681,0.1677,0.1678,204223.6
2026-07-31 14:45:00,0.1678,0.169,0.1678,0.1688,286917.0
2026-07-31 14:50:00,0.1689,0.169,0.1678,0.1678,548235.1
2026-07-31 14:55:00,0.1678,0.1681,0.1676,0.1679,390557.6
2026-07-31 15:00:00,0.1678,0.1683,0.1673,0.1681,498757.9
2026-07-31 15:05:00,0.1682,0.1682,0.1678,0.1679,247934.5
2026-07-31 15:10:00,0.1679,0.1679,0.1676,0.1676,491223.0
2026-07-31 15:15:00,0.1676,0.1681,0.1675,0.1679,1212973.1
2026-07-31 15:20:00,0.1679,0.1683,0.1674,0.1675,806624.1
2026-07-31 15:25:00,0.1675,0.168,0.1675,0.168,188094.0
2026-07-31 15:30:00,0.168,0.1685,0.1679,0.1685,579927.9
2026-07-31 15:35:00,0.1685,0.1693,0.1685,0.1689,279553.6
2026-07-31 15:40:00,0.1689,0.1689,0.1684,0.1685,33288.9
2026-07-31 15:45:00,0.1685,0.1687,0.1679,0.1681,190250.6
2026-07-31 15:50:00,0.1681,0.1685,0.1681,0.1685,92011.0
2026-07-31 15:55:00,0.1685,0.1688,0.1684,0.1688,325093.3
2026-07-31 16:00:00,0.1688,0.169,0.1685,0.1688,531927.7
2026-07-31 16:05:00,0.1687,0.1696,0.1686,0.1695,618379.9
2026-07-31 16:10:00,0.1695,0.1704,0.1695,0.1699,658779.6
2026-07-31 16:15:00,0.17,0.1701,0.1694,0.1699,963947.2
2026-07-31 16:20:00,0.1698,0.17,0.1694,0.1697,399548.3
2026-07-31 16:25:00,0.1696,0.1697,0.1692,0.1696,702235.9
2026-07-31 16:30:00,0.1697,0.1701,0.1696,0.1697,213468.9
2026-07-31 16:35:00,0.1697,0.1698,0.1694,0.1697,110531.1
2026-07-31 16:40:00,0.1697,0.1699,0.1696,0.1699,383003.8
2026-07-31 16:45:00,0.1698,0.1701,0.1698,0.1699,329384.9
2026-07-31 16:50:00,0.1699,0.1706,0.1699,0.1704,237299.8
2026-07-31 16:55:00,0.1703,0.171,0.1703,0.1709,550907.1
2026-07-31 17:00:00,0.1708,0.171,0.1703,0.1706,358240.0
2026-07-31 17:05:00,0.1705,0.171,0.1704,0.1706,285561.9
2026-07-31 17:10:00,0.1706,0.1715,0.1706,0.1709,751195.0
2026-07-31 17:15:00,0.1708,0.1708,0.1703,0.1706,316108.8
2026-07-31 17:20:00,0.1705,0.1705,0.1696,0.1701,375525.7
2026-07-31 17:25:00,0.17,0.1703,0.17,0.1703,322390.5
2026-07-31 17:30:00,0.1702,0.1704,0.17,0.1704,120569.4
2026-07-31 17:35:00,0.1704,0.1706,0.1703,0.1705,264271.1
2026-07-31 17:40:00,0.1705,0.1707,0.1705,0.1705,467894.5
2026-07-31 17:45:00,0.1706,0.1711,0.1705,0.1709,729685.5
2026-07-31 17:50:00,0.171,0.1714,0.171,0.1714,189925.4
2026-07-31 17:55:00,0.1714,0.1715,0.1712,0.1713,195147.1
2026-07-31 18:00:00,0.1712,0.1726,0.1712,0.1722,2017577.6
2026-07-31 18:05:00,0.1721,0.1721,0.1713,0.1716,296710.7
2026-07-31 18:10:00,0.1716,0.1719,0.171,0.1712,492678.8
2026-07-31 18:15:00,0.1712,0.1718,0.1712,0.1717,376470.7
2026-07-31 18:20:00,0.1717,0.1722,0.1715,0.1721,357144.7
2026-07-31 18:25:00,0.1721,0.1721,0.1712,0.1712,383244.4
2026-07-31 18:30:00,0.1712,0.1719,0.1712,0.1715,280744.9
2026-07-31 18:35:00,0.1715,0.1718,0.171,0.171,237140.0
2026-07-31 18:40:00,0.1709,0.1717,0.1709,0.1717,162199.5
2026-07-31 18:45:00,0.1717,0.1722,0.1717,0.172,528990.5
2026-07-31 18:50:00,0.172,0.1727,0.172,0.1725,577999.9
2026-07-31 18:55:00,0.1725,0.1726,0.1721,0.1722,462862.1
2026-07-31 19:00:00,0.1722,0.1727,0.1718,0.1719,313060.2
2026-07-31 19:05:00,0.172,0.172,0.1713,0.1713,257951.2
2026-07-31 19:10:00,0.1713,0.1715,0.1711,0.1711,367751.6
2026-07-31 19:15:00,0.1711,0.1713,0.1706,0.1706,295453.3
2026-07-31 19:20:00,0.1707,0.1708,0.1704,0.1705,597639.9
2026-07-31 19:25:00,0.1705,0.1706,0.1701,0.1706,956050.4
2026-07-31 19:30:00,0.1706,0.1706,0.1702,0.1704,457443.6
2026-07-31 19:35:00,0.1703,0.1705,0.1703,0.1704,240303.8
2026-07-31 19:40:00,0.1705,0.1709,0.1701,0.1709,406517.5
2026-07-31 19:45:00,0.1709,0.171,0.1703,0.1709,369909.3
2026-07-31 19:50:00,0.1708,0.1709,0.1706,0.1709,110509.5
2026-07-31 19:55:00,0.1708,0.1709,0.1705,0.1705,136767.6
2026-07-31 20:00:00,0.1705,0.1707,0.1703,0.1704,122876.2
2026-07-31 20:05:00,0.1703,0.1705,0.1701,0.1701,204988.2
2026-07-31 20:10:00,0.1701,0.1703,0.17,0.1703,96733.9
2026-07-31 20:15:00,0.1703,0.1705,0.1699,0.1703,197527.9
2026-07-31 20:20:00,0.1703,0.1703,0.1698,0.1699,168028.1
2026-07-31 20:25:00,0.1699,0.1701,0.1695,0.1699,278611.7
2026-07-31 20:30:00,0.1699,0.17,0.1697,0.1699,150592.5
2026-07-31 20:35:00,0.1698,0.1698,0.1693,0.1693,453274.1
2026-07-31 20:40:00,0.1692,0.1695,0.169,0.1692,304686.1
2026-07-31 20:45:00,0.1692,0.1693,0.1689,0.169,113020.4
2026-07-31 20:50:00,0.169,0.1691,0.1686,0.1691,675475.2
2026-07-31 20:55:00,0.1691,0.1691,0.1687,0.1688,131614.8
2026-07-31 21:00:00,0.1687,0.169,0.1686,0.169,233796.1
2026-07-31 21:05:00,0.169,0.1693,0.169,0.1693,107855.4
2026-07-31 21:10:00,0.1692,0.1693,0.169,0.169,78665.8
2026-07-31 21:15:00,0.1689,0.1694,0.1688,0.1692,103519.6
2026-07-31 21:20:00,0.1692,0.1693,0.1689,0.1689,166329.3
2026-07-31 21:25:00,0.1689,0.1689,0.1687,0.1688,139227.0
2026-07-31 21:30:00,0.1688,0.1689,0.1682,0.1682,102453.1
2026-07-31 21:35:00,0.1682,0.1684,0.1681,0.1683,227716.3
2026-07-31 21:40:00,0.1683,0.1684,0.1681,0.1682,96628.6
2026-07-31 21:45:00,0.1682,0.1685,0.1682,0.1683,52909.1
2026-07-31 21:50:00,0.1684,0.1684,0.1681,0.1683,78594.3
2026-07-31 21:55:00,0.1682,0.1683,0.1679,0.1682,226807.2
2026-07-31 22:00:00,0.1682,0.1682,0.1679,0.168,250205.7
2026-07-31 22:05:00,0.1681,0.1685,0.168,0.1681,174050.4
2026-07-31 22:10:00,0.1681,0.1682,0.1678,0.168,185604.0
2026-07-31 22:15:00,0.1679,0.1681,0.1679,0.1681,75198.0
2026-07-31 22:20:00,0.1681,0.1685,0.1681,0.1684,140443.4
2026-07-31 22:25:00,0.1683,0.1685,0.1682,0.1684,513774.6
2026-07-31 22:30:00,0.1684,0.1687,0.1684,0.1686,198017.9
2026-07-31 22:35:00,0.1686,0.1686,0.1682,0.1683,89049.3
2026-07-31 22:40:00,0.1684,0.1687,0.1683,0.1683,202745.5
2026-07-31 22:45:00,0.1683,0.1683,0.168,0.1681,198833.6
2026-07-31 22:50:00,0.168,0.1682,0.1679,0.168,95992.5
2026-07-31 22:55:00,0.1679,0.1681,0.1679,0.168,48408.6
2026-07-31 23:00:00,0.168,0.1681,0.1679,0.1681,48385.2
2026-07-31 23:05:00,0.168,0.1682,0.1679,0.1682,238850.2
2026-07-31 23:10:00,0.1681,0.1684,0.1679,0.1679,244531.7
2026-07-31 23:15:00,0.168,0.1681,0.1678,0.1681,57118.6
2026-07-31 23:20:00,0.1681,0.1683,0.1681,0.1683,47371.9
2026-07-31 23:25:00,0.1683,0.1684,0.1682,0.1683,111303.0
2026-07-31 23:30:00,0.1683,0.1687,0.1682,0.1687,490469.3
2026-07-31 23:35:00,0.1687,0.1687,0.1685,0.1687,81911.9
2026-07-31 23:40:00,0.1687,0.1687,0.168,0.168,272444.8
2026-07-31 23:45:00,0.168,0.1681,0.1678,0.1679,281684.3
2026-07-31 23:50:00,0.1679,0.1683,0.1678,0.1679,181229.6
2026-07-31 23:55:00,0.1679,0.1683,0.1679,0.1682,413537.5
2026-08-01 00:00:00,0.1683,0.1688,0.1682,0.1686,231485.2
2026-08-01 00:05:00,0.1686,0.1687,0.1684,0.1685,104166.5
2026-08-01 00:10:00,0.1686,0.1689,0.1686,0.1689,118755.9
2026-08-01 00:15:00,0.1689,0.1694,0.1688,0.1693,192836.7
2026-08-01 00:20:00,0.1694,0.1694,0.1688,0.169,93869.4
2026-08-01 00:25:00,0.1689,0.1691,0.1689,0.1689,168499.7
2026-08-01 00:30:00,0.169,0.1692,0.1689,0.1692,197559.3
2026-08-01 00:35:00,0.1692,0.1692,0.1689,0.169,174646.5
2026-08-01 00:40:00,0.169,0.1692,0.169,0.1692,30866.0
2026-08-01 00:45:00,0.1693,0.1694,0.1692,0.1694,144344.2
2026-08-01 00:50:00,0.1695,0.1696,0.169,0.169,94678.4
2026-08-01 00:55:00,0.1691,0.1691,0.1688,0.169,129370.1
2026-08-01 01:00:00,0.1691,0.1694,0.1691,0.1694,32984.4
2026-08-01 01:05:00,0.1693,0.1695,0.1692,0.1694,124421.7
2026-08-01 01:10:00,0.1693,0.1697,0.1692,0.1695,163562.4
2026-08-01 01:15:00,0.1695,0.1696,0.1691,0.1691,144456.4
2026-08-01 01:20:00,0.1691,0.1694,0.1691,0.1692,72463.3
2026-08-01 01:25:00,0.1692,0.1693,0.169,0.1692,221445.8
2026-08-01 01:30:00,0.1692,0.1695,0.1692,0.1692,101087.6
2026-08-01 01:35:00,0.1692,0.1692,0.1691,0.1691,44472.8
2026-08-01 01:40:00,0.1691,0.1692,0.1688,0.1689,136286.5
2026-08-01 01:45:00,0.1689,0.1689,0.1688,0.1689,69038.5
2026-08-01 01:50:00,0.1688,0.1692,0.1687,0.1692,153678.8
2026-08-01 01:55:00,0.1692,0.1695,0.1691,0.1695,512455.2
2026-08-01 02:00:00,0.1696,0.17,0.1696,0.1699,228058.0
2026-08-01 02:05:00,0.1699,0.1702,0.1698,0.1701,333200.5
2026-08-01 02:10:00,0.1702,0.1705,0.1699,0.1705,95510.6
2026-08-01 02:15:00,0.1705,0.1705,0.1701,0.1703,306702.9
2026-08-01 02:20:00,0.1702,0.1704,0.1701,0.1703,347448.4
2026-08-01 02:25:00,0.1703,0.1703,0.1701,0.1701,73980.7
2026-08-01 02:30:00,0.1701,0.1701,0.17,0.17,75005.9
2026-08-01 02:35:00,0.17,0.1702,0.17,0.1701,58854.5
2026-08-01 02:40:00,0.1701,0.1703,0.17,0.17,621012.4
2026-08-01 02:45:00,0.17,0.1703,0.1699,0.1702,209098.3
2026-08-01 02:50:00,0.1702,0.1703,0.1701,0.1701,63320.6
2026-08-01 02:55:00,0.1701,0.1703,0.1699,0.17,287493.4
2026-08-01 03:00:00,0.1701,0.1702,0.17,0.1701,48327.5
2026-08-01 03:05:00,0.1702,0.1703,0.1701,0.1702,96528.9
2026-08-01 03:10:00,0.1702,0.1703,0.1701,0.1701,42836.7
2026-08-01 03:15:00,0.1701,0.1705,0.1701,0.1705,182809.3
2026-08-01 03:20:00,0.1705,0.1707,0.1703,0.1706,93858.8
2026-08-01 03:25:00,0.1706,0.1706,0.1702,0.1703,104223.3
2026-08-01 03:30:00,0.1703,0.1703,0.1699,0.17,67532.6
2026-08-01 03:35:00,0.1701,0.1704,0.17,0.1702,102324.4
2026-08-01 03:40:00,0.1702,0.1703,0.17,0.1703,123423.4
2026-08-01 03:45:00,0.1702,0.1709,0.1702,0.1706,245015.6
2026-08-01 03:50:00,0.1706,0.1709,0.1705,0.1708,105963.2
2026-08-01 03:55:00,0.1709,0.1711,0.1708,0.1711,200126.1
2026-08-01 04:00:00,0.1711,0.1714,0.171,0.1713,264868.6
2026-08-01 04:05:00,0.1713,0.1714,0.1711,0.1712,56846.5
2026-08-01 04:10:00,0.1712,0.1712,0.1709,0.1709,67355.8
2026-08-01 04:15:00,0.1708,0.1709,0.1706,0.1707,96714.7
2026-08-01 04:20:00,0.1707,0.1708,0.1704,0.1706,143827.9
2026-08-01 04:25:00,0.1706,0.1706,0.1704,0.1704,51617.4
2026-08-01 04:30:00,0.1704,0.1706,0.1703,0.1705,92313.5
2026-08-01 04:35:00,0.1705,0.1708,0.1705,0.1707,75767.0
2026-08-01 04:40:00,0.1708,0.1711,0.1708,0.171,82566.5
2026-08-01 04:45:00,0.171,0.1712,0.1708,0.1708,165323.2
2026-08-01 04:50:00,0.1708,0.1711,0.1708,0.1711,55920.8
2026-08-01 04:55:00,0.171,0.1712,0.1708,0.1711,202130.1
2026-08-01 05:00:00,0.171,0.1712,0.1709,0.1712,231404.4
2026-08-01 05:05:00,0.1712,0.1713,0.1711,0.1713,152864.8
2026-08-01 05:10:00,0.1712,0.1714,0.1711,0.1712,122239.0
2026-08-01 05:15:00,0.1712,0.1712,0.1707,0.1707,96811.5
2026-08-01 05:20:00,0.1708,0.1708,0.1702,0.1704,173471.0
2026-08-01 05:25:00,0.1703,0.1704,0.1701,0.1704,268736.4
2026-08-01 05:30:00,0.1704,0.1709,0.1702,0.1707,149776.5
2026-08-01 05:35:00,0.1706,0.1708,0.1705,0.1705,97273.3
2026-08-01 05:40:00,0.1705,0.1705,0.1702,0.1702,42265.8
2026-08-01 05:45:00,0.1703,0.1703,0.1698,0.17,322761.6
2026-08-01 05:50:00,0.1699,0.1703,0.1699,0.1702,51670.1
2026-08-01 05:55:00,0.1703,0.1705,0.1701,0.1705,221672.2
2026-08-01 06:00:00,0.1705,0.1706,0.1702,0.1702,113398.5
2026-08-01 06:05:00,0.1702,0.1702,0.1698,0.17,140959.1
2026-08-01 06:10:00,0.1701,0.1703,0.1699,0.1702,85334.4
2026-08-01 06:15:00,0.1701,0.1701,0.1695,0.1697,243539.5
2026-08-01 06:20:00,0.1697,0.17,0.1697,0.1698,76992.2
2026-08-01 06:25:00,0.1698,0.1702,0.1698,0.1699,95028.9
2026-08-01 06:30:00,0.17,0.17,0.1697,0.1698,68444.3
2026-08-01 06:35:00,0.1698,0.1701,0.1698,0.1698,37266.6
2026-08-01 06:40:00,0.1699,0.1701,0.1699,0.17,145029.6
2026-08-01 06:45:00,0.17,0.1702,0.17,0.1702,72548.4
2026-08-01 06:50:00,0.1702,0.1707,0.1701,0.1701,255422.1
2026-08-01 06:55:00,0.1701,0.1702,0.1698,0.1698,37606.4
2026-08-01 07:00:00,0.1699,0.1704,0.1698,0.1704,380396.5
2026-08-01 07:05:00,0.1703,0.1708,0.1703,0.1707,148827.8
2026-08-01 07:10:00,0.1707,0.1718,0.1707,0.1716,857002.5
2026-08-01 07:15:00,0.1716,0.1717,0.1713,0.1715,348132.3
2026-08-01 07:20:00,0.1715,0.1723,0.1714,0.1719,693108.2
2026-08-01 07:25:00,0.1718,0.172,0.1712,0.1712,188144.9
2026-08-01 07:30:00,0.1713,0.1715,0.1712,0.1713,295010.6
2026-08-01 07:35:00,0.1713,0.1716,0.1712,0.1713,153027.3
2026-08-01 07:40:00,0.1713,0.1716,0.1712,0.1712,76022.9
2026-08-01 07:45:00,0.1713,0.1714,0.171,0.1711,291033.0
2026-08-01 07:50:00,0.1712,0.1714,0.1708,0.1713,513373.9
2026-08-01 07:55:00,0.1712,0.1715,0.1712,0.1712,72030.2
2026-08-01 08:00:00,0.1712,0.1714,0.1712,0.1714,61499.5
2026-08-01 08:05:00,0.1714,0.172,0.1714,0.172,254496.9
2026-08-01 08:10:00,0.172,0.1721,0.1714,0.1717,419248.2
2026-08-01 08:15:00,0.1716,0.1722,0.1716,0.1717,541869.2
2026-08-01 08:20:00,0.1717,0.1721,0.1715,0.1721,242262.1
2026-08-01 08:25:00,0.1721,0.1726,0.172,0.1723,695601.5
2026-08-01 08:30:00,0.1723,0.1735,0.1723,0.1732,988760.2
2026-08-01 08:35:00,0.1732,0.1732,0.1728,0.1729,664272.2
2026-08-01 08:40:00,0.1728,0.173,0.1726,0.1729,184321.1
2026-08-01 08:45:00,0.1728,0.173,0.1726,0.1727,292477.6
2026-08-01 08:50:00,0.1727,0.173,0.1726,0.1728,43460.2
2026-08-01 08:55:00,0.1728,0.1729,0.1725,0.1726,108084.9
2026-08-01 09:00:00,0.1726,0.173,0.1724,0.1727,133632.2
2026-08-01 09:05:00,0.1727,0.1731,0.1723,0.1725,1098499.2
2026-08-01 09:10:00,0.1726,0.1732,0.1726,0.1729,552492.0
2026-08-01 09:15:00,0.173,0.1741,0.173,0.1736,818872.3
2026-08-01 09:20:00,0.1736,0.1738,0.1731,0.1732,391348.7
2026-08-01 09:25:00,0.1731,0.1732,0.1725,0.1726,692767.1
2026-08-01 09:30:00,0.1725,0.1726,0.1721,0.1722,1739970.2
2026-08-01 09:35:00,0.1722,0.1722,0.1716,0.1719,971315.4
2026-08-01 09:40:00,0.1719,0.1722,0.1718,0.1722,83148.7
2026-08-01 09:45:00,0.1722,0.1725,0.1719,0.1721,178382.3
2026-08-01 09:50:00,0.1721,0.1722,0.172,0.1721,93469.4
2026-08-01 09:55:00,0.172,0.1724,0.1718,0.1721,261763.4
2026-08-01 10:00:00,0.1721,0.1723,0.1718,0.1721,385013.1
2026-08-01 10:05:00,0.1721,0.1726,0.1721,0.1725,185950.6
2026-08-01 10:10:00,0.1724,0.1727,0.1723,0.1724,238310.6
2026-08-01 10:15:00,0.1724,0.1728,0.172,0.1727,660421.6
2026-08-01 10:20:00,0.1728,0.1728,0.1721,0.1722,120820.7
2026-08-01 10:25:00,0.1722,0.1724,0.1721,0.1722,246360.4
2026-08-01 10:30:00,0.1722,0.1723,0.172,0.1722,90711.3
2026-08-01 10:35:00,0.1722,0.1722,0.1713,0.1715,305814.5
2026-08-01 10:40:00,0.1715,0.1718,0.1715,0.1718,73081.9
2026-08-01 10:45:00,0.1718,0.172,0.1717,0.172,229854.6
2026-08-01 10:50:00,0.1719,0.1721,0.1718,0.1721,155619.3
2026-08-01 10:55:00,0.1721,0.1725,0.172,0.1725,367606.0
2026-08-01 11:00:00,0.1725,0.1732,0.1724,0.1731,2365016.8
2026-08-01 11:05:00,0.1731,0.1734,0.1731,0.1733,1036539.3
2026-08-01 11:10:00,0.1733,0.1734,0.1728,0.1731,301930.3
2026-08-01 11:15:00,0.1731,0.1733,0.1728,0.173,279029.2
2026-08-01 11:20:00,0.173,0.173,0.1723,0.1724,283745.8
2026-08-01 11:25:00,0.1724,0.1727,0.1724,0.1726,96603.0
2026-08-01 11:30:00,0.1726,0.1727,0.1725,0.1726,365936.3
2026-08-01 11:35:00,0.1725,0.1727,0.1724,0.1727,111220.7
2026-08-01 11:40:00,0.1726,0.173,0.1725,0.173,466347.5
2026-08-01 11:45:00,0.173,0.1734,0.1727,0.1734,768607.8
2026-08-01 11:50:00,0.1734,0.1734,0.1731,0.1734,245680.4
2026-08-01 11:55:00,0.1733,0.1734,0.1732,0.1733,161600.3
2026-08-01 12:00:00,0.1733,0.1733,0.1727,0.1729,558506.8
2026-08-01 12:05:00,0.173,0.1733,0.1726,0.1726,397280.6
2026-08-01 12:10:00,0.1727,0.173,0.1724,0.1729,463500.6
2026-08-01 12:15:00,0.1729,0.1731,0.1728,0.173,220515.6
2026-08-01 12:20:00,0.1729,0.1729,0.1725,0.1725,151939.5
2026-08-01 12:25:00,0.1726,0.1732,0.1726,0.1729,310644.4
2026-08-01 12:30:00,0.173,0.1734,0.1728,0.1732,191357.4
2026-08-01 12:35:00,0.1732,0.1734,0.1731,0.1733,288856.1
2026-08-01 12:40:00,0.1734,0.1737,0.1732,0.1734,789961.0
2026-08-01 12:45:00,0.1735,0.1738,0.1733,0.1736,235070.3
2026-08-01 12:50:00,0.1736,0.175,0.1735,0.1745,1855365.3
2026-08-01 12:55:00,0.1745,0.1746,0.1744,0.1745,134295.2
2026-08-01 13:00:00,0.1745,0.1745,0.1741,0.1744,432715.8
2026-08-01 13:05:00,0.1745,0.1756,0.1744,0.1752,737901.5
2026-08-01 13:10:00,0.1751,0.1754,0.1751,0.1752,412623.8
2026-08-01 13:15:00,0.1753,0.1753,0.1744,0.1746,497941.0
2026-08-01 13:20:00,0.1747,0.1749,0.1746,0.1747,133875.5
2026-08-01 13:25:00,0.1747,0.1747,0.1744,0.1745,72922.0
2026-08-01 13:30:00,0.1746,0.1753,0.1745,0.1752,521296.8
2026-08-01 13:35:00,0.1752,0.1769,0.1752,0.1761,2490298.6
2026-08-01 13:40:00,0.1762,0.1764,0.1759,0.1763,1033127.1
2026-08-01 13:45:00,0.1762,0.1764,0.1758,0.176,754762.7
2026-08-01 13:50:00,0.1759,0.1761,0.1757,0.1757,460961.9
2026-08-01 13:55:00,0.1756,0.1758,0.1747,0.1749,1075481.9
2026-08-01 14:00:00,0.1749,0.1754,0.1749,0.1753,350715.7
2026-08-01 14:05:00,0.1753,0.1753,0.1747,0.1747,235054.7
2026-08-01 14:10:00,0.1748,0.1749,0.1746,0.1747,160548.9
2026-08-01 14:15:00,0.1747,0.1751,0.1739,0.1742,1876211.8
2026-08-01 14:20:00,0.1741,0.1741,0.1736,0.1741,583070.3
2026-08-01 14:25:00,0.1741,0.1741,0.1736,0.1736,108861.5
2026-08-01 14:30:00,0.1737,0.1737,0.173,0.1731,381756.2
2026-08-01 14:35:00,0.1731,0.1733,0.173,0.1732,520971.5
2026-08-01 14:40:00,0.1731,0.1733,0.173,0.1733,203733.5
2026-08-01 14:45:00,0.1733,0.1734,0.1729,0.173,205613.8
2026-08-01 14:50:00,0.173,0.1731,0.1728,0.1731,206579.0
2026-08-01 14:55:00,0.173,0.1733,0.173,0.1732,136881.1
2026-08-01 15:00:00,0.1732,0.1733,0.1728,0.1729,229295.4
2026-08-01 15:05:00,0.1729,0.1733,0.1728,0.1732,264520.8
2026-08-01 15:10:00,0.1732,0.1733,0.1731,0.1732,182031.9
2026-08-01 15:15:00,0.1731,0.1732,0.1728,0.173,327152.6
2026-08-01 15:20:00,0.173,0.1732,0.1727,0.1727,319863.9
2026-08-01 15:25:00,0.1727,0.173,0.1727,0.1729,268471.9
2026-08-01 15:30:00,0.173,0.1731,0.1728,0.173,104402.6
2026-08-01 15:35:00,0.173,0.173,0.1729,0.1729,61345.7
2026-08-01 15:40:00,0.173,0.173,0.1727,0.1727,92285.1
2026-08-01 15:45:00,0.1727,0.1727,0.1725,0.1726,131464.5
2026-08-01 15:50:00,0.1726,0.1726,0.1724,0.1726,405253.1
2026-08-01 15:55:00,0.1726,0.1729,0.1726,0.1727,712768.1
2026-08-01 16:00:00,0.1727,0.1727,0.1718,0.1725,709931.1
2026-08-01 16:05:00,0.1725,0.1729,0.1725,0.1727,204785.3
2026-08-01 16:10:00,0.1728,0.1733,0.1726,0.1732,586068.2
2026-08-01 16:15:00,0.1732,0.174,0.1731,0.1731,804536.3
2026-08-01 16:20:00,0.1732,0.1736,0.173,0.1736,353727.5
2026-08-01 16:25:00,0.1736,0.1736,0.1732,0.1735,157538.2
2026-08-01 16:30:00,0.1734,0.1736,0.1731,0.1735,305498.5
2026-08-01 16:35:00,0.1736,0.1741,0.1735,0.1738,177780.9
2026-08-01 16:40:00,0.1738,0.1743,0.1738,0.1742,867938.2
2026-08-01 16:45:00,0.1742,0.1746,0.1738,0.1746,516300.8
2026-08-01 16:50:00,0.1746,0.1747,0.174,0.174,226725.9
2026-08-01 16:55:00,0.1741,0.1742,0.1737,0.1742,118889.0
2026-08-01 17:00:00,0.1742,0.175,0.174,0.1748,398981.3
2026-08-01 17:05:00,0.1748,0.175,0.1745,0.1745,520515.4
2026-08-01 17:10:00,0.1745,0.1745,0.1731,0.1733,305303.0
2026-08-01 17:15:00,0.1733,0.1739,0.1733,0.1738,140270.2
2026-08-01 17:20:00,0.1738,0.1739,0.1732,0.1734,1786103.6
2026-08-01 17:25:00,0.1734,0.1734,0.1727,0.1727,1558220.3
2026-08-01 17:30:00,0.1728,0.1734,0.1727,0.1732,546413.2
2026-08-01 17:35:00,0.1733,0.1736,0.1732,0.1735,270676.3
2026-08-01 17:40:00,0.1735,0.1739,0.1735,0.1737,159447.6
2026-08-01 17:45:00,0.1737,0.1737,0.1729,0.1731,308288.3
2026-08-01 17:50:00,0.173,0.1732,0.1726,0.1731,607416.7
2026-08-01 17:55:00,0.1732,0.1734,0.1731,0.1732,155570.8
2026-08-01 18:00:00,0.1732,0.1736,0.173,0.1731,736130.6
2026-08-01 18:05:00,0.1732,0.1736,0.1731,0.1732,181674.3
2026-08-01 18:10:00,0.1732,0.1738,0.1731,0.1735,400766.6
2026-08-01 18:15:00,0.1734,0.1734,0.1726,0.1729,214869.3
2026-08-01 18:20:00,0.1729,0.173,0.1726,0.1728,243254.2
2026-08-01 18:25:00,0.1728,0.1731,0.1727,0.1729,158770.9
2026-08-01 18:30:00,0.1728,0.1728,0.171,0.1718,2360216.3
2026-08-01 18:35:00,0.1717,0.1723,0.1717,0.172,591634.6
2026-08-01 18:40:00,0.172,0.1726,0.1715,0.1716,667953.8
2026-08-01 18:45:00,0.1716,0.1716,0.1702,0.1704,2152147.3
2026-08-01 18:50:00,0.1704,0.1709,0.1697,0.1708,848051.7
2026-08-01 18:55:00,0.1708,0.1715,0.1708,0.1714,712270.2
2026-08-01 19:00:00,0.1714,0.173,0.1714,0.1725,2711124.3
2026-08-01 19:05:00,0.1725,0.1728,0.1724,0.1725,571128.3
2026-08-01 19:10:00,0.1726,0.1726,0.1724,0.1724,191582.4
2026-08-01 19:15:00,0.1724,0.1725,0.1722,0.1722,67650.5
2026-08-01 19:20:00,0.1722,0.1722,0.1717,0.172,145552.5
2026-08-01 19:25:00,0.172,0.1723,0.1719,0.1722,105386.8
2026-08-01 19:30:00,0.1723,0.1725,0.1719,0.1723,261184.9
2026-08-01 19:35:00,0.1723,0.173,0.1722,0.1728,341490.0
2026-08-01 19:40:00,0.1728,0.173,0.1723,0.1725,161818.9
2026-08-01 19:45:00,0.1725,0.1729,0.1724,0.1727,356031.0
2026-08-01 19:50:00,0.1727,0.1729,0.1726,0.1727,57977.0
2026-08-01 19:55:00,0.1726,0.1729,0.1725,0.1726,99751.8
2026-08-01 20:00:00,0.1726,0.1729,0.1723,0.1728,145484.4
2026-08-01 20:05:00,0.1729,0.173,0.1726,0.1727,89556.5
2026-08-01 20:10:00,0.1727,0.173,0.1726,0.1728,175987.7
2026-08-01 20:15:00,0.1729,0.1731,0.1728,0.1729,91559.5
2026-08-01 20:20:00,0.173,0.1732,0.1726,0.1727,227954.7
2026-08-01 20:25:00,0.1727,0.1729,0.1723,0.1724,371568.0
2026-08-01 20:30:00,0.1724,0.1729,0.1722,0.1729,279621.3
2026-08-01 20:35:00,0.1729,0.173,0.1723,0.1723,181209.9
2026-08-01 20:40:00,0.1723,0.1726,0.1722,0.1726,95904.0
2026-08-01 20:45:00,0.1726,0.1728,0.1724,0.1728,151211.7
2026-08-01 20:50:00,0.1728,0.173,0.1727,0.173,611906.7
2026-08-01 20:55:00,0.173,0.1736,0.173,0.1732,224051.6
2026-08-01 21:00:00,0.1732,0.1744,0.1732,0.1738,680963.2
2026-08-01 21:05:00,0.1738,0.174,0.1735,0.174,129375.0
2026-08-01 21:10:00,0.174,0.1741,0.1737,0.1738,149455.4
2026-08-01 21:15:00,0.1738,0.1741,0.1735,0.174,279935.8
2026-08-01 21:20:00,0.174,0.174,0.1734,0.1735,130816.0
2026-08-01 21:25:00,0.1734,0.1735,0.1732,0.1734,80576.0
2026-08-01 21:30:00,0.1735,0.1743,0.1734,0.1743,138391.0
2026-08-01 21:35:00,0.1742,0.1743,0.174,0.1742,176831.5
2026-08-01 21:40:00,0.1741,0.1742,0.1737,0.1737,97548.9
2026-08-01 21:45:00,0.1738,0.1741,0.1737,0.1741,256806.1
2026-08-01 21:50:00,0.1741,0.1742,0.1733,0.1735,236820.6
2026-08-01 21:55:00,0.1736,0.1744,0.1736,0.1743,132488.4
2026-08-01 22:00:00,0.1744,0.1746,0.1742,0.1745,291614.6
2026-08-01 22:05:00,0.1745,0.1747,0.1744,0.1747,55104.4
2026-08-01 22:10:00,0.1747,0.1749,0.1747,0.1749,400938.2
2026-08-01 22:15:00,0.1749,0.1753,0.1746,0.1748,1024248.5
2026-08-01 22:20:00,0.1749,0.1749,0.1745,0.1747,90354.8
2026-08-01 22:25:00,0.1747,0.1751,0.1747,0.1747,461809.2
2026-08-01 22:30:00,0.1746,0.1751,0.1746,0.1749,651078.7
2026-08-01 22:35:00,0.1748,0.1749,0.1746,0.1748,267493.9
2026-08-01 22:40:00,0.1747,0.1748,0.1743,0.1743,93576.3
2026-08-01 22:45:00,0.1743,0.1744,0.1737,0.1737,299014.3
2026-08-01 22:50:00,0.1736,0.1738,0.1735,0.1736,82734.0
2026-08-01 22:55:00,0.1736,0.1736,0.1734,0.1734,169637.6
2026-08-01 23:00:00,0.1734,0.1736,0.1734,0.1734,127613.0
2026-08-01 23:05:00,0.1735,0.1743,0.1735,0.1743,1043891.8
2026-08-01 23:10:00,0.1742,0.1744,0.1739,0.174,553896.0
2026-08-01 23:15:00,0.174,0.1744,0.1739,0.1742,495099.5
2026-08-01 23:20:00,0.1741,0.1742,0.1738,0.174,354208.0
2026-08-01 23:25:00,0.174,0.174,0.1736,0.174,321222.3
2026-08-01 23:30:00,0.174,0.1742,0.1738,0.1742,122583.3
2026-08-01 23:35:00,0.1741,0.1743,0.174,0.1741,610696.6
2026-08-01 23:40:00,0.1742,0.1743,0.1739,0.1742,154010.2
2026-08-01 23:45:00,0.1741,0.1745,0.1741,0.1744,93456.4
2026-08-01 23:50:00,0.1745,0.1746,0.1743,0.1744,221171.1
2026-08-01 23:55:00,0.1744,0.1745,0.1742,0.1744,135664.5
2026-08-02 00:00:00,0.1744,0.1747,0.1742,0.1744,498201.7
2026-08-02 00:05:00,0.1744,0.1747,0.174,0.1742,397401.9
2026-08-02 00:10:00,0.1742,0.1744,0.1739,0.174,577038.0
2026-08-02 00:15:00,0.174,0.1743,0.1739,0.1743,353400.3
2026-08-02 00:20:00,0.1743,0.175,0.1741,0.1741,728214.2
2026-08-02 00:25:00,0.1741,0.1743,0.1736,0.1736,208606.7
2026-08-02 00:30:00,0.1736,0.1736,0.1731,0.1734,170836.8
2026-08-02 00:35:00,0.1733,0.1733,0.1728,0.1731,231785.5
2026-08-02 00:40:00,0.1731,0.1733,0.1729,0.1733,81186.0
2026-08-02 00:45:00,0.1733,0.1739,0.1733,0.1734,463417.5
2026-08-02 00:50:00,0.1733,0.1736,0.1733,0.1734,73963.5
2026-08-02 00:55:00,0.1734,0.1737,0.1733,0.1735,72973.7
2026-08-02 01:00:00,0.1735,0.1756,0.1735,0.1747,3025509.9
2026-08-02 01:05:00,0.1748,0.1752,0.1747,0.175,346315.6
2026-08-02 01:10:00,0.1749,0.1749,0.1744,0.1747,206579.6
2026-08-02 01:15:00,0.1748,0.1749,0.1745,0.1746,151474.8
2026-08-02 01:20:00,0.1746,0.1747,0.1743,0.1747,989849.1
2026-08-02 01:25:00,0.1747,0.1762,0.1747,0.1762,2152739.0
2026-08-02 01:30:00,0.1762,0.1774,0.1758,0.1765,3562411.3
2026-08-02 01:35:00,0.1766,0.1767,0.1758,0.1758,641741.3
2026-08-02 01:40:00,0.1758,0.1758,0.1752,0.1753,322440.9
2026-08-02 01:45:00,0.1753,0.1756,0.1752,0.1752,233154.6
2026-08-02 01:50:00,0.1752,0.1758,0.1752,0.1757,387396.2
2026-08-02 01:55:00,0.1756,0.1767,0.1756,0.1764,497183.3
2026-08-02 02:00:00,0.1764,0.1767,0.1761,0.1761,377212.0
2026-08-02 02:05:00,0.1761,0.1781,0.176,0.1771,3437097.7
2026-08-02 02:10:00,0.1772,0.1775,0.1768,0.1772,452252.1
2026-08-02 02:15:00,0.1772,0.1787,0.1772,0.1785,3612816.0
2026-08-02 02:20:00,0.1785,0.1795,0.1783,0.1793,1251466.7
2026-08-02 02:25:00,0.1793,0.1793,0.1787,0.1789,900739.7
2026-08-02 02:30:00,0.179,0.1798,0.1788,0.1796,976254.2
2026-08-02 02:35:00,0.1797,0.1802,0.1788,0.1789,3553452.9
2026-08-02 02:40:00,0.1789,0.1795,0.1786,0.1795,770490.5
2026-08-02 02:45:00,0.1795,0.1807,0.1795,0.18,1914328.6
2026-08-02 02:50:00,0.18,0.1806,0.1796,0.1804,906378.9
2026-08-02 02:55:00,0.1803,0.1808,0.18,0.1801,862080.4
2026-08-02 03:00:00,0.1801,0.1808,0.1799,0.1801,1390443.5
2026-08-02 03:05:00,0.1801,0.1805,0.1796,0.1798,1219832.9
2026-08-02 03:10:00,0.1798,0.1802,0.1792,0.1795,956175.5
2026-08-02 03:15:00,0.1794,0.1799,0.1792,0.1797,647895.7
2026-08-02 03:20:00,0.1797,0.1804,0.1796,0.1797,1206873.2
2026-08-02 03:25:00,0.1797,0.18,0.1796,0.1796,386290.8
2026-08-02 03:30:00,0.1796,0.1803,0.1796,0.1802,589694.6
2026-08-02 03:35:00,0.1803,0.1808,0.1799,0.1803,904356.1
2026-08-02 03:40:00,0.1804,0.1806,0.1799,0.18,426844.4
2026-08-02 03:45:00,0.1801,0.1802,0.1796,0.1796,72988.0
2026-08-02 03:50:00,0.1795,0.18,0.1794,0.1794,435556.7
2026-08-02 03:55:00,0.1795,0.1802,0.1794,0.1802,757133.2
2026-08-02 04:00:00,0.1802,0.1805,0.1799,0.1799,776922.2
2026-08-02 04:05:00,0.1799,0.1805,0.1799,0.1802,745402.4
2026-08-02 04:10:00,0.1803,0.1817,0.1802,0.1816,1752588.5
2026-08-02 04:15:00,0.1816,0.1834,0.1816,0.1831,2160697.6
2026-08-02 04:20:00,0.1832,0.1836,0.1828,0.1833,1639536.7
2026-08-02 04:25:00,0.1833,0.1839,0.1832,0.1835,802966.7
2026-08-02 04:30:00,0.1835,0.184,0.1831,0.1838,812954.4
2026-08-02 04:35:00,0.1837,0.1843,0.1832,0.184,1962090.0
2026-08-02 04:40:00,0.1839,0.184,0.1834,0.1836,1086453.9
2026-08-02 04:45:00,0.1836,0.184,0.1833,0.1839,536440.7
2026-08-02 04:50:00,0.1839,0.1847,0.1834,0.1835,795921.2
2026-08-02 04:55:00,0.1835,0.1835,0.183,0.1831,978715.6
2026-08-02 05:00:00,0.1831,0.1834,0.1817,0.1818,1730737.4
2026-08-02 05:05:00,0.1818,0.1831,0.1818,0.1824,806114.5
2026-08-02 05:10:00,0.1823,0.1834,0.1823,0.1832,994894.0
2026-08-02 05:15:00,0.1833,0.1839,0.183,0.1837,1093872.3
2026-08-02 05:20:00,0.1837,0.1846,0.1835,0.1844,819659.2
2026-08-02 05:25:00,0.1844,0.1845,0.1838,0.1844,1227856.0
2026-08-02 05:30:00,0.1845,0.1853,0.1838,0.1851,1657279.3
2026-08-02 05:35:00,0.1852,0.1857,0.1848,0.1853,1235995.5
2026-08-02 05:40:00,0.1854,0.1858,0.1849,0.1849,1897363.8
2026-08-02 05:45:00,0.1849,0.1858,0.1847,0.1855,787148.6
2026-08-02 05:50:00,0.1855,0.1859,0.1854,0.1858,606473.4
2026-08-02 05:55:00,0.1859,0.1859,0.1852,0.1852,524047.7
2026-08-02 06:00:00,0.1852,0.1866,0.1851,0.1864,1612849.8
2026-08-02 06:05:00,0.1864,0.1865,0.1851,0.1851,835232.1
2026-08-02 06:10:00,0.1851,0.1854,0.1844,0.185,1158195.4
2026-08-02 06:15:00,0.185,0.1856,0.1848,0.1852,850127.3
2026-08-02 06:20:00,0.1852,0.1856,0.1848,0.1852,694518.2
2026-08-02 06:25:00,0.1852,0.1859,0.1852,0.1855,978153.4
2026-08-02 06:30:00,0.1854,0.1862,0.1851,0.1862,959067.4
2026-08-02 06:35:00,0.1862,0.187,0.1859,0.1867,1162819.0
2026-08-02 06:40:00,0.1866,0.1874,0.1866,0.1872,985351.1
2026-08-02 06:45:00,0.1873,0.1877,0.187,0.187,973026.4
2026-08-02 06:50:00,0.1871,0.1875,0.187,0.1871,623944.4
2026-08-02 06:55:00,0.1871,0.1872,0.1866,0.1868,1158694.0
2026-08-02 07:00:00,0.1868,0.1868,0.1862,0.1863,983597.8
2026-08-02 07:05:00,0.1864,0.1864,0.1853,0.1856,981867.1
2026-08-02 07:10:00,0.1856,0.1856,0.1851,0.1852,413731.3
2026-08-02 07:15:00,0.1852,0.1862,0.1846,0.1862,3470268.5
2026-08-02 07:20:00,0.1861,0.1869,0.186,0.186,1264193.9
2026-08-02 07:25:00,0.1861,0.1871,0.1861,0.1868,848981.7
2026-08-02 07:30:00,0.1868,0.1873,0.1865,0.187,1211252.8
2026-08-02 07:35:00,0.1869,0.1869,0.1861,0.1864,1275304.9
2026-08-02 07:40:00,0.1863,0.1875,0.1863,0.1875,781465.6
2026-08-02 07:45:00,0.1875,0.1876,0.1863,0.1867,4025796.5
2026-08-02 07:50:00,0.1867,0.1872,0.1865,0.1865,714149.9
2026-08-02 07:55:00,0.1865,0.1865,0.1858,0.1861,779578.4
2026-08-02 08:00:00,0.1861,0.1867,0.186,0.1865,730490.0
2026-08-02 08:05:00,0.1865,0.1869,0.1864,0.1866,512012.1
2026-08-02 08:10:00,0.1866,0.1871,0.1863,0.1866,512155.3
2026-08-02 08:15:00,0.1865,0.1869,0.1865,0.1867,362587.3
2026-08-02 08:20:00,0.1867,0.1869,0.1863,0.1863,221717.8
2026-08-02 08:25:00,0.1863,0.1863,0.1856,0.1857,302325.4
2026-08-02 08:30:00,0.1857,0.1859,0.1854,0.1857,773890.4
2026-08-02 08:35:00,0.1857,0.186,0.1854,0.1856,491533.8
2026-08-02 08:40:00,0.1855,0.1857,0.1854,0.1855,784191.4
2026-08-02 08:45:00,0.1855,0.1859,0.1852,0.1853,878386.6
2026-08-02 08:50:00,0.1853,0.1858,0.1851,0.1853,770848.6
2026-08-02 08:55:00,0.1852,0.186,0.1852,0.1858,551316.1
2026-08-02 09:00:00,0.1858,0.1863,0.1854,0.1854,767795.4
2026-08-02 09:05:00,0.1853,0.1871,0.1853,0.187,531826.9
2026-08-02 09:10:00,0.1871,0.1878,0.187,0.1871,678707.0
2026-08-02 09:15:00,0.1871,0.1875,0.187,0.1871,425131.7
2026-08-02 09:20:00,0.1872,0.1872,0.1868,0.187,683625.4
2026-08-02 09:25:00,0.1871,0.1871,0.1867,0.1868,485442.2
2026-08-02 09:30:00,0.1868,0.1887,0.1868,0.1885,2355621.3
2026-08-02 09:35:00,0.1885,0.1886,0.1872,0.1873,1215377.6
2026-08-02 09:40:00,0.1872,0.1877,0.1871,0.1876,300290.0
2026-08-02 09:45:00,0.1877,0.1882,0.1875,0.1878,1295543.2
2026-08-02 09:50:00,0.1878,0.1882,0.1878,0.188,771589.8
2026-08-02 09:55:00,0.188,0.1886,0.188,0.1883,1550645.0
2026-08-02 10:00:00,0.1883,0.1885,0.188,0.1883,971553.0
2026-08-02 10:05:00,0.1883,0.189,0.1879,0.1881,1268270.9
2026-08-02 10:10:00,0.1882,0.1882,0.1873,0.1873,341802.9
2026-08-02 10:15:00,0.1874,0.1878,0.1872,0.1878,327512.9
2026-08-02 10:20:00,0.1878,0.1879,0.187,0.1876,1153577.8
2026-08-02 10:25:00,0.1877,0.1884,0.1876,0.1876,758181.4
2026-08-02 10:30:00,0.1876,0.1877,0.1874,0.1874,325206.4
2026-08-02 10:35:00,0.1873,0.1879,0.1873,0.1879,480238.5
2026-08-02 10:40:00,0.1878,0.1884,0.1878,0.1883,514890.7
2026-08-02 10:45:00,0.1883,0.1884,0.1879,0.1883,479850.4
2026-08-02 10:50:00,0.1882,0.1882,0.1872,0.1873,440500.8
2026-08-02 10:55:00,0.1873,0.1874,0.1865,0.1867,542218.7
2026-08-02 11:00:00,0.1867,0.1867,0.1861,0.1862,420671.0
2026-08-02 11:05:00,0.1863,0.1868,0.1862,0.1863,392636.0
2026-08-02 11:10:00,0.1863,0.1867,0.1863,0.1865,376986.2
2026-08-02 11:15:00,0.1865,0.1872,0.1864,0.1871,459305.3
2026-08-02 11:20:00,0.1872,0.1879,0.187,0.1878,746849.1
2026-08-02 11:25:00,0.1878,0.1882,0.1877,0.1877,641001.5
2026-08-02 11:30:00,0.1878,0.188,0.1877,0.1878,261406.0
2026-08-02 11:35:00,0.1878,0.1882,0.1877,0.1878,245969.6
2026-08-02 11:40:00,0.1878,0.1879,0.187,0.1871,1024350.2
2026-08-02 11:45:00,0.1871,0.1886,0.1871,0.1883,873158.3
2026-08-02 11:50:00,0.1883,0.1896,0.1883,0.1888,2580551.9
2026-08-02 11:55:00,0.1889,0.1891,0.1884,0.1889,1071897.4
2026-08-02 12:00:00,0.1889,0.1891,0.1888,0.1889,540481.5
2026-08-02 12:05:00,0.189,0.1903,0.1889,0.1894,3370170.6
2026-08-02 12:10:00,0.1894,0.1897,0.1892,0.1895,469762.3
2026-08-02 12:15:00,0.1896,0.1898,0.189,0.1891,2805313.9
2026-08-02 12:20:00,0.1891,0.1897,0.1885,0.1895,1279544.4
2026-08-02 12:25:00,0.1895,0.1896,0.1888,0.1888,480218.4
2026-08-02 12:30:00,0.1887,0.1896,0.1882,0.1886,3275248.0
2026-08-02 12:35:00,0.1887,0.1891,0.1886,0.1891,381044.5
2026-08-02 12:40:00,0.189,0.1897,0.1889,0.1897,603430.6
2026-08-02 12:45:00,0.1897,0.1903,0.1893,0.1902,1522786.7
2026-08-02 12:50:00,0.1901,0.1903,0.1899,0.1902,990571.7
2026-08-02 12:55:00,0.1902,0.1907,0.189,0.1893,2131482.5
2026-08-02 13:00:00,0.1894,0.1902,0.1889,0.1897,2278315.2
2026-08-02 13:05:00,0.1898,0.1904,0.1898,0.1902,479511.3
2026-08-02 13:10:00,0.1903,0.1912,0.1899,0.1908,1832011.7
2026-08-02 13:15:00,0.1909,0.1914,0.1905,0.1912,1779660.1
2026-08-02 13:20:00,0.1912,0.1917,0.1907,0.1908,1490958.9
2026-08-02 13:25:00,0.1908,0.1913,0.1906,0.1907,1662827.5
2026-08-02 13:30:00,0.1907,0.1922,0.1907,0.1917,4174106.9
2026-08-02 13:35:00,0.1918,0.1918,0.1894,0.1895,3673348.7
2026-08-02 13:40:00,0.1896,0.1897,0.1882,0.189,2906696.6
2026-08-02 13:45:00,0.1889,0.189,0.1872,0.1875,3020250.2
2026-08-02 13:50:00,0.1875,0.1882,0.1872,0.1875,3268789.2
2026-08-02 13:55:00,0.1875,0.1876,0.1865,0.1875,4920271.8
2026-08-02 14:00:00,0.1874,0.1888,0.1873,0.1887,3251083.3
2026-08-02 14:05:00,0.1887,0.1887,0.1876,0.1878,1459609.7
2026-08-02 14:10:00,0.1878,0.1887,0.1878,0.1885,547617.8
2026-08-02 14:15:00,0.1885,0.1899,0.1885,0.1897,1969616.3
2026-08-02 14:20:00,0.1897,0.1901,0.1895,0.1896,944742.4
2026-08-02 14:25:00,0.1896,0.1896,0.1889,0.1895,1010914.3
2026-08-02 14:30:00,0.1895,0.1901,0.1894,0.1896,1080184.6
2026-08-02 14:35:00,0.1896,0.1905,0.1896,0.1904,880635.0
2026-08-02 14:40:00,0.1904,0.1906,0.1898,0.1901,1122714.0
2026-08-02 14:45:00,0.1901,0.1902,0.1893,0.1895,431937.2
2026-08-02 14:50:00,0.1895,0.19,0.1895,0.1896,477007.1
2026-08-02 14:55:00,0.1896,0.1902,0.1896,0.1899,588402.0
2026-08-02 15:00:00,0.1899,0.1902,0.1896,0.1901,1125274.9
2026-08-02 15:05:00,0.1901,0.1907,0.1897,0.1897,690123.8
2026-08-02 15:10:00,0.1897,0.1899,0.1893,0.1897,304893.9
2026-08-02 15:15:00,0.1896,0.1896,0.1888,0.1891,479187.5
2026-08-02 15:20:00,0.189,0.1898,0.1889,0.1897,524480.2
2026-08-02 15:25:00,0.1898,0.1903,0.1897,0.1897,488114.0
2026-08-02 15:30:00,0.1898,0.1905,0.1894,0.1905,763584.4
2026-08-02 15:35:00,0.1905,0.1907,0.1901,0.1902,303443.4
2026-08-02 15:40:00,0.1902,0.1905,0.1898,0.1901,952236.5
2026-08-02 15:45:00,0.1902,0.1904,0.1898,0.1898,189010.7
2026-08-02 15:50:00,0.1899,0.1901,0.1896,0.1898,347978.6
2026-08-02 15:55:00,0.1898,0.1902,0.1897,0.1901,746208.8
2026-08-02 16:00:00,0.1902,0.1909,0.1901,0.1906,2985056.5
2026-08-02 16:05:00,0.1907,0.1913,0.1904,0.1909,1012333.3
2026-08-02 16:10:00,0.1909,0.191,0.1901,0.1901,317609.4
2026-08-02 16:15:00,0.1902,0.1904,0.1899,0.1899,471257.5
2026-08-02 16:20:00,0.1898,0.1903,0.1898,0.1902,450862.1
2026-08-02 16:25:00,0.1901,0.1901,0.1893,0.1897,462171.9
2026-08-02 16:30:00,0.1897,0.1901,0.1895,0.1899,309364.7
2026-08-02 16:35:00,0.19,0.1902,0.1898,0.1898,408925.7
2026-08-02 16:40:00,0.1899,0.1903,0.1897,0.1898,320218.7
2026-08-02 16:45:00,0.1899,0.1902,0.1897,0.1899,620903.9
2026-08-02 16:50:00,0.1898,0.1898,0.1891,0.1896,440869.1
2026-08-02 16:55:00,0.1896,0.19,0.1893,0.1895,475750.1
2026-08-02 17:00:00,0.1895,0.1895,0.1891,0.1895,400038.5
2026-08-02 17:05:00,0.1895,0.1896,0.1888,0.189,327673.9
2026-08-02 17:10:00,0.1891,0.1896,0.1891,0.1896,262045.5
2026-08-02 17:15:00,0.1895,0.1895,0.1889,0.1889,284417.9
2026-08-02 17:20:00,0.1889,0.1894,0.1887,0.1893,175267.4
2026-08-02 17:25:00,0.1893,0.1894,0.1888,0.1889,179062.7
2026-08-02 17:30:00,0.1889,0.1895,0.1888,0.1895,270175.7
2026-08-02 17:35:00,0.1895,0.1899,0.1894,0.1899,230947.5
2026-08-02 17:40:00,0.1899,0.1899,0.1895,0.1897,156127.1
2026-08-02 17:45:00,0.1897,0.1897,0.1891,0.1891,222302.3
2026-08-02 17:50:00,0.1892,0.1894,0.1891,0.1893,187703.7
2026-08-02 17:55:00,0.1892,0.1892,0.1887,0.1888,431741.2
2026-08-02 18:00:00,0.1888,0.1892,0.1886,0.1887,482687.3
2026-08-02 18:05:00,0.1888,0.1892,0.1885,0.1889,355238.9
2026-08-02 18:10:00,0.1888,0.1898,0.1888,0.1895,479301.2
2026-08-02 18:15:00,0.1895,0.1899,0.1895,0.1898,250672.7
2026-08-02 18:20:00,0.1898,0.1901,0.1895,0.1898,641183.7
2026-08-02 18:25:00,0.1897,0.1898,0.1894,0.1894,83548.7
2026-08-02 18:30:00,0.1894,0.1898,0.1893,0.1896,171432.6
2026-08-02 18:35:00,0.1897,0.19,0.1895,0.1898,284234.8
2026-08-02 18:40:00,0.1898,0.1902,0.1896,0.1897,278508.9
2026-08-02 18:45:00,0.1897,0.1898,0.1893,0.1895,305204.2
2026-08-02 18:50:00,0.1894,0.1895,0.1892,0.1893,445643.2
2026-08-02 18:55:00,0.1893,0.1894,0.189,0.1891,125792.8
2026-08-02 19:00:00,0.1891,0.1898,0.1891,0.1895,350531.9
2026-08-02 19:05:00,0.1896,0.1898,0.189,0.1891,377061.7
2026-08-02 19:10:00,0.1891,0.1892,0.1888,0.1888,105759.0
2026-08-02 19:15:00,0.1889,0.1893,0.1886,0.1891,217782.6
2026-08-02 19:20:00,0.189,0.189,0.1887,0.1888,287661.0
2026-08-02 19:25:00,0.1887,0.1888,0.1886,0.1886,68484.1
2026-08-02 19:30:00,0.1887,0.189,0.1887,0.189,212840.1
2026-08-02 19:35:00,0.189,0.1892,0.1888,0.1888,137582.3
2026-08-02 19:40:00,0.1888,0.1889,0.1887,0.1888,19823.8
2026-08-02 19:45:00,0.1888,0.1891,0.1888,0.1889,100058.4
2026-08-02 19:50:00,0.1889,0.189,0.1886,0.1886,139526.9
2026-08-02 19:55:00,0.1887,0.1887,0.1885,0.1886,222110.2
2026-08-02 20:00:00,0.1885,0.189,0.1883,0.1884,1344307.0
2026-08-02 20:05:00,0.1884,0.1891,0.1884,0.1889,969902.1
2026-08-02 20:10:00,0.1889,0.1889,0.1886,0.1886,113227.3
2026-08-02 20:15:00,0.1887,0.1892,0.1886,0.189,169760.3
2026-08-02 20:20:00,0.1891,0.1891,0.1888,0.189,56028.8
2026-08-02 20:25:00,0.189,0.189,0.1888,0.189,139457.7
2026-08-02 20:30:00,0.1889,0.1889,0.1876,0.1877,584848.8
2026-08-02 20:35:00,0.1878,0.1878,0.1872,0.1878,597517.1
2026-08-02 20:40:00,0.1877,0.1878,0.1867,0.1872,1639794.7
2026-08-02 20:45:00,0.1872,0.1876,0.1869,0.1873,487292.6
2026-08-02 20:50:00,0.1874,0.1876,0.1873,0.1876,286213.0
2026-08-02 20:55:00,0.1875,0.1878,0.1874,0.1874,168007.7
2026-08-02 21:00:00,0.1875,0.1879,0.1874,0.1879,355213.1
2026-08-02 21:05:00,0.1878,0.1879,0.1875,0.1879,315322.3
2026-08-02 21:10:00,0.1879,0.1887,0.1879,0.1883,347531.7
2026-08-02 21:15:00,0.1884,0.1887,0.188,0.1887,173657.7
2026-08-02 21:20:00,0.1887,0.1889,0.1886,0.1888,155221.2
2026-08-02 21:25:00,0.1889,0.1892,0.1888,0.1891,163185.1
2026-08-02 21:30:00,0.1891,0.1898,0.189,0.1897,344517.5
2026-08-02 21:35:00,0.1897,0.1901,0.1896,0.1898,425896.0
2026-08-02 21:40:00,0.1899,0.19,0.189,0.1898,768431.1
2026-08-02 21:45:00,0.1898,0.1902,0.1892,0.1892,280277.5
2026-08-02 21:50:00,0.1893,0.1897,0.1891,0.1894,391199.8
2026-08-02 21:55:00,0.1895,0.1897,0.1892,0.1892,68233.2
2026-08-02 22:00:00,0.1892,0.1899,0.1891,0.1899,388695.9
2026-08-02 22:05:00,0.1899,0.1899,0.1896,0.1899,165656.8
2026-08-02 22:10:00,0.19,0.1901,0.1894,0.1894,1028763.9
2026-08-02 22:15:00,0.1895,0.1904,0.1895,0.1897,1045796.0
2026-08-02 22:20:00,0.1897,0.1898,0.1894,0.1896,274843.8
2026-08-02 22:25:00,0.1897,0.1897,0.1893,0.1895,202791.4
2026-08-02 22:30:00,0.1895,0.1895,0.1893,0.1894,131286.8
2026-08-02 22:35:00,0.1894,0.1905,0.1894,0.1898,1040348.3
2026-08-02 22:40:00,0.1898,0.1908,0.1897,0.1907,528770.4
2026-08-02 22:45:00,0.1906,0.191,0.1906,0.1909,726484.9
2026-08-02 22:50:00,0.1908,0.1909,0.19,0.1901,284866.1
2026-08-02 22:55:00,0.19,0.1901,0.1896,0.1898,441391.5
2026-08-02 23:00:00,0.1897,0.19,0.1895,0.1895,262171.5
2026-08-02 23:05:00,0.1896,0.1897,0.1891,0.1894,315890.4
2026-08-02 23:10:00,0.1894,0.1897,0.1887,0.1887,439473.5
2026-08-02 23:15:00,0.1886,0.1896,0.1886,0.1894,272716.4
2026-08-02 23:20:00,0.1894,0.1895,0.1888,0.1893,529744.5
2026-08-02 23:25:00,0.1893,0.1893,0.1889,0.189,154500.1
2026-08-02 23:30:00,0.189,0.1891,0.1883,0.189,1178055.2
2026-08-02 23:35:00,0.189,0.1898,0.189,0.1891,555058.4
2026-08-02 23:40:00,0.1891,0.1893,0.1889,0.189,368914.1
2026-08-02 23:45:00,0.1889,0.1895,0.1889,0.1893,590028.0
2026-08-02 23:50:00,0.1893,0.1897,0.1893,0.1895,263224.5
2026-08-02 23:55:00,0.1896,0.1898,0.1895,0.1895,99414.4
2026-08-03 00:00:00,0.1895,0.1898,0.1892,0.1892,325679.5
2026-08-03 00:05:00,0.1892,0.1894,0.1889,0.1889,394501.6
2026-08-03 00:10:00,0.1889,0.1891,0.1887,0.189,362486.7
2026-08-03 00:15:00,0.189,0.1891,0.1887,0.1889,145264.6
2026-08-03 00:20:00,0.1888,0.1893,0.1888,0.189,85179.6
2026-08-03 00:25:00,0.189,0.1891,0.1885,0.189,248236.3
2026-08-03 00:30:00,0.189,0.1895,0.1887,0.1891,425854.3
2026-08-03 00:35:00,0.1891,0.1897,0.1891,0.1893,325532.3
2026-08-03 00:40:00,0.1894,0.1897,0.1888,0.189,181053.0
2026-08-03 00:45:00,0.1889,0.1889,0.1886,0.1888,153574.9
2026-08-03 00:50:00,0.1888,0.1888,0.1885,0.1887,105593.8
2026-08-03 00:55:00,0.1887,0.1887,0.1882,0.1884,185148.1
2026-08-03 01:00:00,0.1883,0.1883,0.1879,0.1882,235278.9
2026-08-03 01:05:00,0.1882,0.1883,0.1876,0.1879,354036.9
2026-08-03 01:10:00,0.1879,0.1881,0.1875,0.1877,208770.0
2026-08-03 01:15:00,0.1877,0.1877,0.1873,0.1874,588574.8
2026-08-03 01:20:00,0.1873,0.1873,0.185,0.1853,3681528.6
2026-08-03 01:25:00,0.1853,0.1857,0.1848,0.1852,916285.1
2026-08-03 01:30:00,0.1852,0.1857,0.185,0.1857,966671.2
2026-08-03 01:35:00,0.1856,0.1859,0.1855,0.1855,516513.6
2026-08-03 01:40:00,0.1855,0.1859,0.1853,0.1857,504982.3
2026-08-03 01:45:00,0.1858,0.1858,0.1855,0.1856,152426.3
2026-08-03 01:50:00,0.1855,0.1858,0.1853,0.1855,204700.0
2026-08-03 01:55:00,0.1856,0.1858,0.1854,0.1858,201096.6
2026-08-03 02:00:00,0.1857,0.1858,0.1854,0.1855,476533.4
2026-08-03 02:05:00,0.1855,0.1856,0.185,0.1853,500787.1
2026-08-03 02:10:00,0.1853,0.186,0.1851,0.1856,721392.7
2026-08-03 02:15:00,0.1856,0.1865,0.1855,0.1865,1236527.1
2026-08-03 02:20:00,0.1864,0.1872,0.1863,0.187,738854.1
2026-08-03 02:25:00,0.187,0.1875,0.1861,0.1864,1130726.7
2026-08-03 02:30:00,0.1864,0.1867,0.1862,0.1867,328159.8
2026-08-03 02:35:00,0.1866,0.1868,0.1865,0.1865,436980.5
2026-08-03 02:40:00,0.1864,0.1864,0.186,0.1861,152554.8
2026-08-03 02:45:00,0.186,0.1867,0.186,0.1867,129675.9
2026-08-03 02:50:00,0.1866,0.1869,0.1864,0.1865,396831.1
2026-08-03 02:55:00,0.1866,0.1872,0.1866,0.1871,341888.4
2026-08-03 03:00:00,0.1871,0.1872,0.1866,0.1869,483983.6
2026-08-03 03:05:00,0.1868,0.187,0.1863,0.1864,527463.9
2026-08-03 03:10:00,0.1865,0.1865,0.1861,0.1861,128512.2
2026-08-03 03:15:00,0.1862,0.1867,0.1861,0.1864,233649.8
2026-08-03 03:20:00,0.1864,0.1866,0.1861,0.1864,252261.3
2026-08-03 03:25:00,0.1865,0.1865,0.1857,0.1861,856146.9
2026-08-03 03:30:00,0.186,0.1862,0.1855,0.186,232007.2
2026-08-03 03:35:00,0.186,0.1861,0.1853,0.1853,2152349.0
2026-08-03 03:40:00,0.1854,0.1857,0.1853,0.1855,641423.1
2026-08-03 03:45:00,0.1856,0.1857,0.1848,0.1857,772482.3
2026-08-03 03:50:00,0.1857,0.1859,0.1856,0.1857,160923.8
2026-08-03 03:55:00,0.1857,0.1857,0.1854,0.1855,241780.2
2026-08-03 04:00:00,0.1855,0.1857,0.1853,0.1857,637096.1
2026-08-03 04:05:00,0.1856,0.1861,0.1856,0.1857,823368.0
2026-08-03 04:10:00,0.1856,0.1857,0.1854,0.1856,349155.4
2026-08-03 04:15:00,0.1856,0.1863,0.1856,0.1862,257767.0
2026-08-03 04:20:00,0.1861,0.187,0.186,0.1868,358255.3
2026-08-03 04:25:00,0.1869,0.187,0.186,0.186,468861.0
2026-08-03 04:30:00,0.186,0.1864,0.186,0.1863,74412.1
2026-08-03 04:35:00,0.1864,0.1864,0.1861,0.1861,177335.9
2026-08-03 04:40:00,0.1861,0.1861,0.1857,0.1857,85190.9
2026-08-03 04:45:00,0.1858,0.1859,0.1855,0.1856,301523.5
2026-08-03 04:50:00,0.1857,0.1857,0.1851,0.1851,241033.8
2026-08-03 04:55:00,0.1852,0.1852,0.184,0.184,1520584.0
2026-08-03 05:00:00,0.1841,0.1847,0.1839,0.1845,622101.0
2026-08-03 05:05:00,0.1845,0.1847,0.1843,0.1846,141852.6
2026-08-03 05:10:00,0.1846,0.1848,0.1844,0.1845,746906.3
2026-08-03 05:15:00,0.1845,0.1849,0.1844,0.1848,286402.0
2026-08-03 05:20:00,0.1848,0.1848,0.1844,0.1845,219457.3
2026-08-03 05:25:00,0.1844,0.1851,0.1843,0.1849,1013175.0
2026-08-03 05:30:00,0.1848,0.185,0.1846,0.1847,92869.0
2026-08-03 05:35:00,0.1846,0.185,0.1845,0.1846,170290.7
2026-08-03 05:40:00,0.1846,0.185,0.1845,0.1847,249522.2
2026-08-03 05:45:00,0.1847,0.1851,0.1846,0.185,319167.5
2026-08-03 05:50:00,0.185,0.1854,0.1848,0.185,338663.9
2026-08-03 05:55:00,0.1851,0.1853,0.1849,0.1851,129083.5
2026-08-03 06:00:00,0.185,0.1851,0.1847,0.1847,247495.7
2026-08-03 06:05:00,0.1847,0.1847,0.1844,0.1844,59587.6
2026-08-03 06:10:00,0.1845,0.1846,0.184,0.184,854601.4
2026-08-03 06:15:00,0.184,0.184,0.1835,0.1838,739730.4
2026-08-03 06:20:00,0.1838,0.1839,0.1835,0.1839,437283.2
2026-08-03 06:25:00,0.1838,0.1841,0.1836,0.1839,412326.2
2026-08-03 06:30:00,0.1839,0.1845,0.1838,0.1844,173610.1
2026-08-03 06:35:00,0.1843,0.1847,0.1841,0.1842,322709.4
2026-08-03 06:40:00,0.1841,0.1843,0.1839,0.1841,178103.8
2026-08-03 06:45:00,0.1842,0.1845,0.1841,0.1844,292232.3
2026-08-03 06:50:00,0.1845,0.1847,0.1842,0.1842,236491.8
2026-08-03 06:55:00,0.1842,0.1843,0.1838,0.1838,177730.4
2026-08-03 07:00:00,0.1839,0.184,0.1836,0.1839,276433.7
2026-08-03 07:05:00,0.184,0.1843,0.1839,0.184,154335.3
2026-08-03 07:10:00,0.1841,0.1843,0.1834,0.1836,816298.2
2026-08-03 07:15:00,0.1836,0.1839,0.1834,0.1835,678810.5
2026-08-03 07:20:00,0.1834,0.1839,0.1832,0.1837,369055.2
2026-08-03 07:25:00,0.1837,0.1842,0.1837,0.1841,284440.3
2026-08-03 07:30:00,0.1842,0.1842,0.1838,0.1842,458461.6
2026-08-03 07:35:00,0.1841,0.1841,0.1834,0.1835,125816.5
2026-08-03 07:40:00,0.1835,0.1837,0.1832,0.1833,572030.0
2026-08-03 07:45:00,0.1832,0.1835,0.1831,0.1834,373570.6
2026-08-03 07:50:00,0.1833,0.1834,0.1826,0.1826,860748.4
2026-08-03 07:55:00,0.1826,0.1832,0.1826,0.1827,542051.7
2026-08-03 08:00:00,0.1827,0.183,0.1827,0.183,317223.9
2026-08-03 08:05:00,0.183,0.1831,0.1827,0.1828,329291.6
2026-08-03 08:10:00,0.1828,0.1829,0.1825,0.1827,206023.0
2026-08-03 08:15:00,0.1827,0.1828,0.1821,0.1822,935836.7
2026-08-03 08:20:00,0.1822,0.1823,0.1817,0.1821,1603118.9
2026-08-03 08:25:00,0.182,0.1821,0.1815,0.182,444946.2
2026-08-03 08:30:00,0.182,0.1822,0.1817,0.1821,558053.1
2026-08-03 08:35:00,0.1822,0.1825,0.1821,0.1822,372548.3
2026-08-03 08:40:00,0.1823,0.1841,0.1823,0.1837,1278731.7
2026-08-03 08:45:00,0.1838,0.1846,0.1837,0.1843,785005.6
2026-08-03 08:50:00,0.1843,0.1843,0.184,0.1842,795933.4
2026-08-03 08:55:00,0.1842,0.1842,0.1838,0.1839,293840.3
2026-08-03 09:00:00,0.184,0.1841,0.1837,0.1839,349366.9
2026-08-03 09:05:00,0.1838,0.1841,0.1837,0.1841,105790.7
2026-08-03 09:10:00,0.184,0.1843,0.1838,0.1841,251412.0
2026-08-03 09:15:00,0.1842,0.1844,0.184,0.1842,218493.3
2026-08-03 09:20:00,0.1842,0.1847,0.1842,0.1847,463241.7
2026-08-03 09:25:00,0.1846,0.1847,0.1845,0.1846,162044.0
2026-08-03 09:30:00,0.1845,0.1855,0.1845,0.1853,782136.4
2026-08-03 09:35:00,0.1853,0.1868,0.1853,0.1859,1988059.5
2026-08-03 09:40:00,0.1859,0.1872,0.1859,0.1869,2523458.9
2026-08-03 09:45:00,0.1868,0.1869,0.1864,0.1864,433513.1
2026-08-03 09:50:00,0.1863,0.1871,0.1863,0.1869,555864.3
2026-08-03 09:55:00,0.1868,0.1873,0.1866,0.187,349166.2
2026-08-03 10:00:00,0.187,0.1878,0.1869,0.187,581124.7
2026-08-03 10:05:00,0.187,0.1871,0.1866,0.1866,523414.1
2026-08-03 10:10:00,0.1867,0.1868,0.1861,0.1863,196920.3
2026-08-03 10:15:00,0.1862,0.1866,0.1862,0.1866,643688.0
2026-08-03 10:20:00,0.1866,0.1871,0.1866,0.1867,721258.4
2026-08-03 10:25:00,0.1867,0.1869,0.1863,0.1865,184904.8
2026-08-03 10:30:00,0.1864,0.1878,0.1863,0.1874,1533176.9
2026-08-03 10:35:00,0.1874,0.1883,0.1871,0.1882,814422.5
2026-08-03 10:40:00,0.1881,0.1884,0.1872,0.1872,724973.9
2026-08-03 10:45:00,0.1872,0.1874,0.1867,0.1868,297492.0
2026-08-03 10:50:00,0.1867,0.1871,0.1867,0.1871,236575.5
2026-08-03 10:55:00,0.1871,0.1876,0.1871,0.1874,375594.7
2026-08-03 11:00:00,0.1873,0.1876,0.1869,0.187,1182678.5
2026-08-03 11:05:00,0.1871,0.1871,0.1861,0.1863,395854.9
2026-08-03 11:10:00,0.1863,0.1866,0.1859,0.1866,526418.0
2026-08-03 11:15:00,0.1865,0.187,0.1863,0.187,313996.3
2026-08-03 11:20:00,0.1869,0.1875,0.1868,0.1873,305479.8
2026-08-03 11:25:00,0.1872,0.1874,0.1869,0.1869,54118.1
2026-08-03 11:30:00,0.187,0.1873,0.1869,0.1872,288399.8
2026-08-03 11:35:00,0.1872,0.188,0.1872,0.188,426529.9
2026-08-03 11:40:00,0.1879,0.188,0.1873,0.1876,628157.5
2026-08-03 11:45:00,0.1877,0.1881,0.1873,0.1874,1658854.1
2026-08-03 11:50:00,0.1875,0.1875,0.187,0.187,1006608.1
2026-08-03 11:55:00,0.1871,0.1872,0.1864,0.1865,326192.6
2026-08-03 12:00:00,0.1865,0.1867,0.1859,0.1863,843194.4
2026-08-03 12:05:00,0.1863,0.1869,0.1863,0.1869,312366.1
2026-08-03 12:10:00,0.187,0.1879,0.1868,0.1876,1110148.1
2026-08-03 12:15:00,0.1876,0.1885,0.1875,0.1883,703630.6
2026-08-03 12:20:00,0.1884,0.1891,0.1879,0.1879,2206782.5
2026-08-03 12:25:00,0.188,0.188,0.1874,0.1878,434091.1
2026-08-03 12:30:00,0.1877,0.1885,0.1877,0.1878,393973.5
2026-08-03 12:35:00,0.1877,0.1878,0.1876,0.1877,367897.2
2026-08-03 12:40:00,0.1877,0.1889,0.1877,0.1889,1222811.2
2026-08-03 12:45:00,0.1889,0.1894,0.1887,0.1891,1147084.7
2026-08-03 12:50:00,0.1891,0.1899,0.1891,0.1897,1671028.1
2026-08-03 12:55:00,0.1897,0.1897,0.1889,0.1891,607871.9
2026-08-03 13:00:00,0.1891,0.1894,0.189,0.1893,841331.9
2026-08-03 13:05:00,0.1893,0.1897,0.1888,0.1896,1092465.2
2026-08-03 13:10:00,0.1897,0.1907,0.1897,0.1902,2990316.9
2026-08-03 13:15:00,0.1903,0.1909,0.1902,0.1909,754487.0
2026-08-03 13:20:00,0.1909,0.1913,0.1899,0.1907,1948634.2
2026-08-03 13:25:00,0.1906,0.1908,0.1898,0.19,795078.5
2026-08-03 13:30:00,0.19,0.1903,0.1895,0.19,821067.6
2026-08-03 13:35:00,0.1899,0.1913,0.1898,0.1911,1593141.3
2026-08-03 13:40:00,0.1911,0.1918,0.1908,0.1914,1123684.9
2026-08-03 13:45:00,0.1915,0.1918,0.1908,0.1914,1623545.7
2026-08-03 13:50:00,0.1913,0.1941,0.1913,0.1934,4839466.7
2026-08-03 13:55:00,0.1935,0.1947,0.193,0.1946,2783557.9
2026-08-03 14:00:00,0.1946,0.1955,0.1939,0.1944,3460280.4
2026-08-03 14:05:00,0.1944,0.1959,0.1943,0.1948,2147142.9
2026-08-03 14:10:00,0.1947,0.1952,0.1925,0.1926,2909916.4
2026-08-03 14:15:00,0.1926,0.1927,0.191,0.1914,2949133.1
2026-08-03 14:20:00,0.1914,0.1914,0.1901,0.1909,1960554.6
2026-08-03 14:25:00,0.1909,0.1923,0.1906,0.1915,3072890.9
2026-08-03 14:30:00,0.1915,0.1916,0.1906,0.1908,1597488.9
2026-08-03 14:35:00,0.1908,0.1909,0.19,0.1903,1598931.4
2026-08-03 14:40:00,0.1903,0.1905,0.1894,0.1895,2219075.6
2026-08-03 14:45:00,0.1894,0.1901,0.1894,0.1896,891343.8
2026-08-03 14:50:00,0.1897,0.1905,0.1897,0.1904,959844.5
2026-08-03 14:55:00,0.1904,0.1905,0.1898,0.19,482013.9
2026-08-03 15:00:00,0.19,0.1909,0.1896,0.1907,1301039.6
2026-08-03 15:05:00,0.1907,0.1911,0.19,0.191,1622781.6
2026-08-03 15:10:00,0.191,0.1922,0.191,0.1919,1442012.6
2026-08-03 15:15:00,0.1919,0.193,0.1915,0.1929,867098.3
2026-08-03 15:20:00,0.1929,0.1936,0.1929,0.1934,1877273.9
2026-08-03 15:25:00,0.1933,0.1944,0.1926,0.1929,1520998.9
2026-08-03 15:30:00,0.1929,0.194,0.1929,0.1931,1133649.4
2026-08-03 15:35:00,0.1931,0.1944,0.1927,0.1943,1378358.5
2026-08-03 15:40:00,0.1943,0.1945,0.1936,0.1943,689914.7
2026-08-03 15:45:00,0.1944,0.1949,0.1939,0.1945,1562826.1
2026-08-03 15:50:00,0.1945,0.1955,0.1944,0.1952,2161020.3
2026-08-03 15:55:00,0.1951,0.1963,0.1948,0.1961,2869818.2
2026-08-03 16:00:00,0.196,0.1962,0.1944,0.1956,1728346.0
2026-08-03 16:05:00,0.1957,0.1957,0.1936,0.1946,3239801.2
2026-08-03 16:10:00,0.1945,0.1949,0.1937,0.1942,1935660.9
2026-08-03 16:15:00,0.1942,0.1942,0.1929,0.1933,3404202.8
2026-08-03 16:20:00,0.1932,0.1934,0.1927,0.1934,1214985.5
2026-08-03 16:25:00,0.1934,0.1937,0.1921,0.1924,843119.1
2026-08-03 16:30:00,0.1925,0.1929,0.1923,0.1927,574690.3
2026-08-03 16:35:00,0.1927,0.1933,0.1927,0.1931,1089023.9
2026-08-03 16:40:00,0.1931,0.1932,0.1923,0.1928,417645.3
2026-08-03 16:45:00,0.1928,0.1934,0.1925,0.1926,519363.2
2026-08-03 16:50:00,0.1927,0.1931,0.1923,0.1926,804495.7
2026-08-03 16:55:00,0.1926,0.1927,0.1922,0.1923,905467.8
2026-08-03 17:00:00,0.1923,0.1926,0.1919,0.1923,458887.5
2026-08-03 17:05:00,0.1923,0.1926,0.1921,0.1925,678960.3
2026-08-03 17:10:00,0.1925,0.1925,0.192,0.1923,240989.7
2026-08-03 17:15:00,0.1922,0.1926,0.1919,0.192,1064845.6
2026-08-03 17:20:00,0.1919,0.1924,0.1915,0.1923,827869.2
2026-08-03 17:25:00,0.1922,0.1927,0.1917,0.1922,685912.4
2026-08-03 17:30:00,0.1921,0.1922,0.1914,0.1917,252974.1
2026-08-03 17:35:00,0.1916,0.1918,0.1908,0.1914,1153523.2
2026-08-03 17:40:00,0.1914,0.1918,0.1913,0.1917,280286.9
2026-08-03 17:45:00,0.1916,0.192,0.1914,0.1919,602236.7
2026-08-03 17:50:00,0.1918,0.1921,0.1915,0.1915,399482.6
2026-08-03 17:55:00,0.1916,0.1918,0.1914,0.1915,168517.7
2026-08-03 18:00:00,0.1916,0.1921,0.1916,0.192,359117.4
2026-08-03 18:05:00,0.192,0.1928,0.1919,0.1927,436793.5
2026-08-03 18:10:00,0.1927,0.1932,0.1922,0.1931,418982.6
2026-08-03 18:15:00,0.193,0.1932,0.1929,0.1929,263169.1
2026-08-03 18:20:00,0.1929,0.1936,0.1925,0.1932,1522601.3
2026-08-03 18:25:00,0.1932,0.1935,0.1928,0.1932,1148823.6
2026-08-03 18:30:00,0.1933,0.1942,0.1933,0.1942,726655.1
2026-08-03 18:35:00,0.1942,0.1948,0.194,0.1941,326659.3
2026-08-03 18:40:00,0.194,0.1951,0.194,0.1948,1073132.4
2026-08-03 18:45:00,0.1948,0.195,0.194,0.1941,549075.8
2026-08-03 18:50:00,0.1942,0.1943,0.1937,0.1939,743845.7
2026-08-03 18:55:00,0.1939,0.1943,0.1938,0.1942,416141.3
2026-08-03 19:00:00,0.1942,0.1943,0.1937,0.1943,354224.6
2026-08-03 19:05:00,0.1942,0.1949,0.1942,0.1942,434561.8
2026-08-03 19:10:00,0.1942,0.1945,0.1939,0.1941,409562.6
2026-08-03 19:15:00,0.1942,0.1953,0.1942,0.1946,1053714.6
2026-08-03 19:20:00,0.1945,0.195,0.1943,0.1946,443388.9
2026-08-03 19:25:00,0.1946,0.195,0.1944,0.1949,562597.3
2026-08-03 19:30:00,0.1948,0.1949,0.1945,0.1946,122360.3
2026-08-03 19:35:00,0.1946,0.1946,0.1936,0.1937,421354.0
2026-08-03 19:40:00,0.1936,0.1943,0.1936,0.1941,546744.0
2026-08-03 19:45:00,0.1942,0.1947,0.1941,0.1944,768124.0
2026-08-03 19:50:00,0.1943,0.1947,0.1942,0.1944,170585.7
2026-08-03 19:55:00,0.1944,0.1944,0.1936,0.1937,170124.5
2026-08-03 20:00:00,0.1938,0.194,0.1933,0.1939,344603.9
2026-08-03 20:05:00,0.194,0.1949,0.1939,0.1947,783987.0
2026-08-03 20:10:00,0.1947,0.1948,0.1942,0.1942,232765.0
2026-08-03 20:15:00,0.1943,0.1949,0.1943,0.1947,97652.3
2026-08-03 20:20:00,0.1948,0.1948,0.1941,0.1942,171027.2
2026-08-03 20:25:00,0.1942,0.1946,0.1938,0.1943,1131864.6
2026-08-03 20:30:00,0.1944,0.1949,0.1944,0.1947,213717.3
2026-08-03 20:35:00,0.1947,0.1948,0.1943,0.1943,304148.4
2026-08-03 20:40:00,0.1943,0.195,0.1942,0.1948,270423.5
2026-08-03 20:45:00,0.1948,0.1948,0.1941,0.1942,638652.6
2026-08-03 20:50:00,0.1942,0.1947,0.1942,0.1945,387848.0
2026-08-03 20:55:00,0.1945,0.1947,0.1944,0.1945,144032.6
2026-08-03 21:00:00,0.1945,0.1949,0.1945,0.1948,182559.8
2026-08-03 21:05:00,0.1947,0.1947,0.1934,0.1934,521192.5
2026-08-03 21:10:00,0.1933,0.1938,0.1931,0.1938,686604.8
2026-08-03 21:15:00,0.1938,0.1942,0.1937,0.1941,291013.1
2026-08-03 21:20:00,0.1941,0.1941,0.1936,0.194,124453.6
2026-08-03 21:25:00,0.1939,0.1943,0.1937,0.1942,209513.4
2026-08-03 21:30:00,0.1942,0.1943,0.1937,0.1937,319295.4
2026-08-03 21:35:00,0.1938,0.1939,0.1933,0.1933,332306.9
2026-08-03 21:40:00,0.1933,0.1934,0.1931,0.1933,260135.3
2026-08-03 21:45:00,0.1932,0.1938,0.1932,0.1938,57308.2
2026-08-03 21:50:00,0.1937,0.194,0.1937,0.1938,122825.8
2026-08-03 21:55:00,0.1939,0.1941,0.1937,0.194,206977.2
2026-08-03 22:00:00,0.1939,0.194,0.1932,0.1936,336266.9
2026-08-03 22:05:00,0.1936,0.1938,0.1932,0.1938,228400.7
2026-08-03 22:10:00,0.1938,0.1947,0.1938,0.194,560652.5
2026-08-03 22:15:00,0.194,0.1942,0.1937,0.1938,174865.5
2026-08-03 22:20:00,0.1938,0.1941,0.1938,0.1938,220257.6
2026-08-03 22:25:00,0.1939,0.1939,0.1935,0.1936,328610.0
2026-08-03 22:30:00,0.1935,0.1936,0.1932,0.1932,232494.0
2026-08-03 22:35:00,0.1932,0.1937,0.193,0.1933,1454162.5
2026-08-03 22:40:00,0.1933,0.1934,0.1926,0.193,2934989.5
2026-08-03 22:45:00,0.1929,0.1944,0.1929,0.194,1920563.1
2026-08-03 22:50:00,0.1941,0.1956,0.1941,0.1948,2408001.7
2026-08-03 22:55:00,0.1948,0.1953,0.1947,0.195,261037.4
2026-08-03 23:00:00,0.1951,0.1961,0.195,0.1953,3227851.2
2026-08-03 23:05:00,0.1954,0.1956,0.1937,0.1941,5831282.8
2026-08-03 23:10:00,0.1941,0.1949,0.1935,0.194,852045.9
2026-08-03 23:15:00,0.194,0.1945,0.1938,0.1938,805209.1
2026-08-03 23:20:00,0.1938,0.1942,0.1938,0.194,290809.8
2026-08-03 23:25:00,0.1939,0.1944,0.1938,0.1944,483366.4
2026-08-03 23:30:00,0.1945,0.1949,0.194,0.1941,265945.7
2026-08-03 23:35:00,0.1942,0.1944,0.1937,0.1937,518217.5
2026-08-03 23:40:00,0.1937,0.1942,0.1936,0.194,503455.7
2026-08-03 23:45:00,0.1939,0.1941,0.1935,0.1935,586449.9
2026-08-03 23:50:00,0.1935,0.1941,0.1933,0.1938,960256.2
2026-08-03 23:55:00,0.1937,0.1942,0.1935,0.1937,295604.2
2026-08-04 00:00:00,0.1936,0.194,0.1934,0.1938,724661.2
2026-08-04 00:05:00,0.1937,0.1942,0.1936,0.194,262841.4
2026-08-04 00:10:00,0.1941,0.1943,0.1928,0.1929,1582666.2
2026-08-04 00:15:00,0.1929,0.1941,0.1929,0.1933,802981.0
2026-08-04 00:20:00,0.1933,0.1933,0.193,0.1932,338058.9
2026-08-04 00:25:00,0.1931,0.1933,0.1926,0.1929,193151.7
2026-08-04 00:30:00,0.1929,0.193,0.1925,0.1926,285324.2
2026-08-04 00:35:00,0.1926,0.1929,0.1922,0.1924,233075.8
2026-08-04 00:40:00,0.1923,0.1926,0.1921,0.1923,225349.6
2026-08-04 00:45:00,0.1922,0.1923,0.1921,0.1923,65347.1
2026-08-04 00:50:00,0.1923,0.1926,0.192,0.192,203357.8
2026-08-04 00:55:00,0.1921,0.1923,0.1919,0.1921,368848.9
2026-08-04 01:00:00,0.1921,0.1926,0.1916,0.192,374502.2
2026-08-04 01:05:00,0.192,0.1922,0.1916,0.1917,148455.9
2026-08-04 01:10:00,0.1916,0.1916,0.1914,0.1915,64181.5
2026-08-04 01:15:00,0.1916,0.192,0.1911,0.1919,320809.6
2026-08-04 01:20:00,0.1919,0.1922,0.1918,0.192,160282.4
2026-08-04 01:25:00,0.192,0.192,0.1916,0.1916,32761.5
2026-08-04 01:30:00,0.1917,0.1925,0.1917,0.1924,184314.8
2026-08-04 01:35:00,0.1925,0.1926,0.1922,0.1922,64425.8
2026-08-04 01:40:00,0.1922,0.1929,0.1922,0.1924,1143342.8
2026-08-04 01:45:00,0.1925,0.1925,0.192,0.1925,185962.4
2026-08-04 01:50:00,0.1925,0.193,0.1923,0.1928,835529.5
2026-08-04 01:55:00,0.1929,0.193,0.1925,0.1929,748525.5
2026-08-04 02:00:00,0.193,0.193,0.1927,0.1927,288202.3
2026-08-04 02:05:00,0.1926,0.1931,0.1926,0.1927,1268110.3
2026-08-04 02:10:00,0.1926,0.1926,0.1921,0.1922,326802.0
2026-08-04 02:15:00,0.1921,0.1921,0.1916,0.1916,254179.6
2026-08-04 02:20:00,0.1916,0.1917,0.1913,0.1916,311768.1
2026-08-04 02:25:00,0.1916,0.193,0.1916,0.1925,3708481.4
2026-08-04 02:30:00,0.1926,0.1928,0.1924,0.1926,346362.7
2026-08-04 02:35:00,0.1926,0.1931,0.1926,0.1929,1492733.4
2026-08-04 02:40:00,0.1928,0.1931,0.1927,0.1931,646234.2
2026-08-04 02:45:00,0.1931,0.1938,0.1927,0.1937,4020223.0
2026-08-04 02:50:00,0.1936,0.1959,0.1933,0.1949,4577259.4
2026-08-04 02:55:00,0.1949,0.1957,0.1949,0.1953,1621057.0
2026-08-04 03:00:00,0.1954,0.1969,0.1953,0.1954,3695706.3
2026-08-04 03:05:00,0.1954,0.1955,0.1944,0.1945,826096.7
2026-08-04 03:10:00,0.1945,0.1945,0.1938,0.1942,623128.9
2026-08-04 03:15:00,0.1942,0.1948,0.194,0.1945,516902.5
2026-08-04 03:20:00,0.1945,0.1947,0.1942,0.1942,424768.6
2026-08-04 03:25:00,0.1943,0.1956,0.1935,0.195,3569114.7
2026-08-04 03:30:00,0.195,0.1956,0.195,0.195,827698.9
2026-08-04 03:35:00,0.195,0.1956,0.1948,0.1955,833783.4
2026-08-04 03:40:00,0.1955,0.1973,0.1955,0.1971,2231745.9
2026-08-04 03:45:00,0.197,0.1973,0.1964,0.1965,897364.9
2026-08-04 03:50:00,0.1966,0.1973,0.1964,0.1966,732867.4
2026-08-04 03:55:00,0.1965,0.1971,0.1962,0.1969,348348.1
2026-08-04 04:00:00,0.1969,0.197,0.1964,0.1967,294989.2
2026-08-04 04:05:00,0.1967,0.1973,0.1963,0.1972,879120.6
2026-08-04 04:10:00,0.1972,0.1982,0.1972,0.1979,1289845.4
2026-08-04 04:15:00,0.1979,0.1994,0.1979,0.1984,2873436.2
2026-08-04 04:20:00,0.1984,0.1985,0.1972,0.1972,765461.6
2026-08-04 04:25:00,0.1972,0.1972,0.1951,0.1951,2170202.3
2026-08-04 04:30:00,0.1952,0.1958,0.1947,0.1956,987448.0
2026-08-04 04:35:00,0.1956,0.1963,0.1954,0.1961,529936.2
2026-08-04 04:40:00,0.1961,0.1962,0.1956,0.1958,363191.4
2026-08-04 04:45:00,0.1959,0.1963,0.1957,0.1958,813173.0
2026-08-04 04:50:00,0.1958,0.1959,0.1953,0.1957,187461.8
2026-08-04 04:55:00,0.1957,0.196,0.1954,0.1956,760327.0
2026-08-04 05:00:00,0.1955,0.1962,0.1954,0.1959,392169.4
2026-08-04 05:05:00,0.196,0.196,0.1955,0.1957,451747.8
2026-08-04 05:10:00,0.1957,0.196,0.1956,0.1957,57079.7
2026-08-04 05:15:00,0.1957,0.196,0.1951,0.1953,267819.4
2026-08-04 05:20:00,0.1953,0.1953,0.1946,0.1947,209083.3
2026-08-04 05:25:00,0.1946,0.1957,0.1945,0.1957,811866.5
2026-08-04 05:30:00,0.1956,0.196,0.1953,0.1953,327093.3
2026-08-04 05:35:00,0.1952,0.1955,0.1951,0.1954,229482.9
2026-08-04 05:40:00,0.1953,0.1956,0.1952,0.1955,131400.2
2026-08-04 05:45:00,0.1955,0.1958,0.1953,0.1954,607719.3
2026-08-04 05:50:00,0.1954,0.1958,0.1951,0.1956,189340.8
2026-08-04 05:55:00,0.1956,0.1962,0.1955,0.1957,325681.2
2026-08-04 06:00:00,0.1956,0.1957,0.1953,0.1956,195445.2
2026-08-04 06:05:00,0.1955,0.197,0.1954,0.1963,568588.8
2026-08-04 06:10:00,0.1964,0.1974,0.1964,0.1966,758351.1
2026-08-04 06:15:00,0.1966,0.1966,0.1958,0.196,592605.4
2026-08-04 06:20:00,0.196,0.1967,0.1956,0.1958,1053815.1
2026-08-04 06:25:00,0.1958,0.1965,0.1958,0.1958,675439.4
2026-08-04 06:30:00,0.1959,0.1969,0.1957,0.1969,903720.0
2026-08-04 06:35:00,0.1969,0.1969,0.1956,0.1956,312760.1
2026-08-04 06:40:00,0.1957,0.1958,0.1951,0.1951,266395.5
2026-08-04 06:45:00,0.1952,0.1956,0.1946,0.1952,815069.1
2026-08-04 06:50:00,0.1952,0.1954,0.1948,0.1948,430860.3
2026-08-04 06:55:00,0.1947,0.1955,0.1942,0.1955,632161.0
2026-08-04 07:00:00,0.1954,0.1954,0.1943,0.1948,1152214.6
2026-08-04 07:05:00,0.1949,0.1955,0.1945,0.1951,584050.1
2026-08-04 07:10:00,0.195,0.1951,0.1947,0.1949,234469.7
2026-08-04 07:15:00,0.1949,0.1949,0.1942,0.1942,511705.4
2026-08-04 07:20:00,0.1941,0.1942,0.1936,0.1942,952749.8
2026-08-04 07:25:00,0.1941,0.1955,0.1941,0.1953,760557.0
2026-08-04 07:30:00,0.1953,0.1963,0.1952,0.1955,740355.8
2026-08-04 07:35:00,0.1956,0.196,0.1953,0.1959,410458.6
2026-08-04 07:40:00,0.196,0.196,0.1958,0.1958,197708.8
2026-08-04 07:45:00,0.1959,0.1959,0.1955,0.1958,409840.4
2026-08-04 07:50:00,0.1957,0.1959,0.195,0.195,237709.8
2026-08-04 07:55:00,0.1951,0.1953,0.1947,0.1947,229901.6
2026-08-04 08:00:00,0.1947,0.1954,0.1946,0.195,1107127.5
2026-08-04 08:05:00,0.195,0.195,0.1946,0.1946,1065356.2
2026-08-04 08:10:00,0.1946,0.1947,0.1943,0.1944,188504.1
2026-08-04 08:15:00,0.1944,0.1945,0.1942,0.1942,362615.6
2026-08-04 08:20:00,0.1942,0.1944,0.1938,0.1941,586270.0
2026-08-04 08:25:00,0.1941,0.1944,0.194,0.194,126670.3
2026-08-04 08:30:00,0.194,0.194,0.1936,0.1939,329723.8
2026-08-04 08:35:00,0.1939,0.1943,0.1936,0.1943,282662.8
2026-08-04 08:40:00,0.1943,0.1944,0.1939,0.1944,158068.1
2026-08-04 08:45:00,0.1944,0.1948,0.194,0.1948,225755.1
2026-08-04 08:50:00,0.1948,0.1952,0.1946,0.1947,273863.7
2026-08-04 08:55:00,0.1948,0.195,0.1948,0.1948,135016.1
2026-08-04 09:00:00,0.1949,0.1959,0.1948,0.1958,807585.6
2026-08-04 09:05:00,0.1957,0.1959,0.1952,0.1958,465599.5
2026-08-04 09:10:00,0.1959,0.196,0.1954,0.1956,738194.6
2026-08-04 09:15:00,0.1956,0.196,0.1955,0.1956,305787.5
2026-08-04 09:20:00,0.1956,0.1973,0.1956,0.1967,1103832.1
2026-08-04 09:25:00,0.1966,0.1969,0.1963,0.1965,609965.5
2026-08-04 09:30:00,0.1966,0.1969,0.1963,0.1964,502651.9
2026-08-04 09:35:00,0.1964,0.1965,0.1962,0.1962,89797.2
2026-08-04 09:40:00,0.1962,0.1963,0.1958,0.196,747283.5
2026-08-04 09:45:00,0.196,0.196,0.1957,0.1957,408637.7
2026-08-04 09:50:00,0.1958,0.1964,0.1958,0.1963,516179.2
2026-08-04 09:55:00,0.1964,0.1966,0.1961,0.1965,521668.9
2026-08-04 10:00:00,0.1965,0.1965,0.1953,0.1955,1189740.8
2026-08-04 10:05:00,0.1955,0.1956,0.1948,0.1949,3792594.3
2026-08-04 10:10:00,0.1948,0.1949,0.194,0.1941,3073727.4
2026-08-04 10:15:00,0.194,0.1946,0.1937,0.1945,1485963.4
2026-08-04 10:20:00,0.1944,0.1949,0.1944,0.1948,551872.2
2026-08-04 10:25:00,0.1947,0.1951,0.1947,0.1948,551482.6
2026-08-04 10:30:00,0.1948,0.1951,0.1946,0.195,165805.1
2026-08-04 10:35:00,0.1951,0.1952,0.1948,0.1951,224846.2
2026-08-04 10:40:00,0.1951,0.1958,0.1951,0.1958,375830.5
2026-08-04 10:45:00,0.1958,0.1967,0.1954,0.1955,1910801.4
2026-08-04 10:50:00,0.1954,0.1955,0.195,0.1953,348944.7
2026-08-04 10:55:00,0.1953,0.1955,0.1951,0.1951,86222.0
2026-08-04 11:00:00,0.1952,0.1952,0.1947,0.1948,179559.3
2026-08-04 11:05:00,0.1949,0.195,0.1944,0.1948,1066665.7
2026-08-04 11:10:00,0.1948,0.1951,0.1948,0.1949,492416.6
2026-08-04 11:15:00,0.1948,0.1951,0.1948,0.1949,245603.9
2026-08-04 11:20:00,0.1949,0.1953,0.1947,0.1948,233251.2
2026-08-04 11:25:00,0.1948,0.1949,0.1943,0.1949,316518.9
2026-08-04 11:30:00,0.1948,0.195,0.1945,0.1947,212315.7
2026-08-04 11:35:00,0.1947,0.1952,0.1945,0.195,416335.9
2026-08-04 11:40:00,0.1951,0.1953,0.1948,0.1951,280787.1
2026-08-04 11:45:00,0.1951,0.1951,0.1946,0.1947,186265.3
2026-08-04 11:50:00,0.1946,0.1947,0.1943,0.1944,285599.3
2026-08-04 11:55:00,0.1945,0.1948,0.1944,0.1945,227295.8
2026-08-04 12:00:00,0.1944,0.1945,0.1937,0.1944,928097.0
2026-08-04 12:05:00,0.1944,0.1946,0.1942,0.1943,140301.4
2026-08-04 12:10:00,0.1942,0.1945,0.194,0.1943,192157.8
2026-08-04 12:15:00,0.1943,0.1943,0.1938,0.1939,191423.6
2026-08-04 12:20:00,0.194,0.1943,0.1939,0.1943,119023.9
2026-08-04 12:25:00,0.1942,0.1947,0.1942,0.1943,485002.7
2026-08-04 12:30:00,0.1944,0.1951,0.1941,0.1949,952845.7
2026-08-04 12:35:00,0.1948,0.1953,0.1947,0.195,381266.2
2026-08-04 12:40:00,0.1949,0.1951,0.1948,0.1951,182561.1
2026-08-04 12:45:00,0.1951,0.1951,0.1947,0.1947,121050.3
2026-08-04 12:50:00,0.1947,0.195,0.1947,0.1949,164106.0
2026-08-04 12:55:00,0.1949,0.195,0.1946,0.1949,131111.4
2026-08-04 13:00:00,0.195,0.195,0.1945,0.1945,270443.3
2026-08-04 13:05:00,0.1946,0.195,0.1944,0.1948,320360.2
2026-08-04 13:10:00,0.1949,0.1953,0.1946,0.1951,422641.9
2026-08-04 13:15:00,0.1951,0.1952,0.1947,0.1947,399075.8
2026-08-04 13:20:00,0.1947,0.195,0.1923,0.1927,3372767.6
2026-08-04 13:25:00,0.1928,0.1934,0.1926,0.1932,792196.2
2026-08-04 13:30:00,0.1931,0.1934,0.1928,0.1933,574018.2
2026-08-04 13:35:00,0.1933,0.1933,0.1929,0.1932,407097.5
2026-08-04 13:40:00,0.1933,0.1935,0.1928,0.1928,239516.5
2026-08-04 13:45:00,0.1929,0.1929,0.1919,0.1923,861128.0
2026-08-04 13:50:00,0.1922,0.1927,0.192,0.1921,1100542.1
2026-08-04 13:55:00,0.1921,0.1921,0.1915,0.1919,1087676.3
2026-08-04 14:00:00,0.1919,0.1924,0.1916,0.1922,1114074.6
2026-08-04 14:05:00,0.1922,0.1924,0.1918,0.1922,471769.4
2026-08-04 14:10:00,0.1921,0.1923,0.1918,0.192,174949.1
2026-08-04 14:15:00,0.1921,0.1922,0.1914,0.1915,781722.7
2026-08-04 14:20:00,0.1915,0.192,0.1913,0.1917,310460.6
2026-08-04 14:25:00,0.1917,0.1926,0.1915,0.1923,931342.4
2026-08-04 14:30:00,0.1924,0.1925,0.192,0.1921,544273.8
2026-08-04 14:35:00,0.1921,0.1925,0.192,0.1924,1120034.0
2026-08-04 14:40:00,0.1925,0.1933,0.1925,0.1932,992522.8
2026-08-04 14:45:00,0.1932,0.1932,0.1926,0.1926,134138.0
2026-08-04 14:50:00,0.1926,0.1927,0.1925,0.1927,281613.6
2026-08-04 14:55:00,0.1928,0.193,0.1927,0.1928,112382.5
2026-08-04 15:00:00,0.1928,0.1931,0.1926,0.1928,187146.8
2026-08-04 15:05:00,0.1928,0.1931,0.1925,0.1926,485754.1
2026-08-04 15:10:00,0.1927,0.193,0.1926,0.1929,253894.5
2026-08-04 15:15:00,0.1929,0.1931,0.1926,0.1927,319471.2
2026-08-04 15:20:00,0.1927,0.1928,0.1926,0.1926,311742.2
2026-08-04 15:25:00,0.1925,0.1928,0.1919,0.1927,970309.7
2026-08-04 15:30:00,0.1928,0.1936,0.1927,0.1931,547737.3
2026-08-04 15:35:00,0.193,0.193,0.1924,0.1928,211990.3
2026-08-04 15:40:00,0.1928,0.1938,0.1928,0.1937,365783.6
2026-08-04 15:45:00,0.1937,0.1937,0.1933,0.1934,428395.8
2026-08-04 15:50:00,0.1934,0.1937,0.193,0.193,390576.6
2026-08-04 15:55:00,0.193,0.1934,0.1929,0.1931,273701.4
2026-08-04 16:00:00,0.1932,0.1934,0.1931,0.1931,210356.5
2026-08-04 16:05:00,0.193,0.1932,0.1929,0.1929,173107.5
2026-08-04 16:10:00,0.193,0.1932,0.1929,0.1931,154021.3
2026-08-04 16:15:00,0.1931,0.1933,0.1928,0.1929,388622.1
2026-08-04 16:20:00,0.193,0.1933,0.1929,0.1932,528428.2
2026-08-04 16:25:00,0.1931,0.1932,0.1928,0.193,177517.2
2026-08-04 16:30:00,0.193,0.1933,0.1929,0.1931,176520.5
2026-08-04 16:35:00,0.193,0.1931,0.1926,0.1928,73697.2
2026-08-04 16:40:00,0.1929,0.193,0.1926,0.1929,235355.8
2026-08-04 16:45:00,0.1928,0.1928,0.1922,0.1925,159127.0
2026-08-04 16:50:00,0.1925,0.1925,0.1918,0.1918,209669.4
2026-08-04 16:55:00,0.1919,0.1922,0.1918,0.1921,191360.7
2026-08-04 17:00:00,0.1922,0.1927,0.1921,0.1927,152017.0
2026-08-04 17:05:00,0.1927,0.1927,0.1924,0.1927,92092.7
2026-08-04 17:10:00,0.1926,0.1926,0.1923,0.1925,109113.8
2026-08-04 17:15:00,0.1925,0.1927,0.192,0.1922,122352.2
2026-08-04 17:20:00,0.1923,0.1928,0.1922,0.1922,537485.1
2026-08-04 17:25:00,0.1922,0.1924,0.192,0.1924,230189.7
2026-08-04 17:30:00,0.1924,0.1924,0.1919,0.1921,301703.3
2026-08-04 17:35:00,0.1922,0.1923,0.1919,0.192,105275.9
2026-08-04 17:40:00,0.192,0.1922,0.1919,0.1921,68625.6
2026-08-04 17:45:00,0.192,0.192,0.1914,0.1915,173405.9
2026-08-04 17:50:00,0.1915,0.1918,0.1914,0.1917,120115.7
2026-08-04 17:55:00,0.1917,0.1917,0.1911,0.1912,207060.5
2026-08-04 18:00:00,0.1912,0.1915,0.1911,0.1915,188847.5
2026-08-04 18:05:00,0.1915,0.1917,0.1914,0.1916,159651.0
2026-08-04 18:10:00,0.1916,0.1916,0.1913,0.1916,47625.1
2026-08-04 18:15:00,0.1917,0.1921,0.1917,0.192,407340.7
2026-08-04 18:20:00,0.1921,0.1922,0.1918,0.1921,485212.9
2026-08-04 18:25:00,0.192,0.1926,0.1917,0.1924,1008525.2
2026-08-04 18:30:00,0.1924,0.1924,0.1918,0.1918,88438.2
2026-08-04 18:35:00,0.1919,0.192,0.1916,0.1916,111114.0
2026-08-04 18:40:00,0.1917,0.1918,0.1916,0.1917,190691.9
2026-08-04 18:45:00,0.1917,0.192,0.1915,0.1916,195018.6
2026-08-04 18:50:00,0.1916,0.1917,0.1915,0.1915,41293.2
2026-08-04 18:55:00,0.1915,0.1916,0.1914,0.1914,65290.3
2026-08-04 19:00:00,0.1915,0.1917,0.1914,0.1915,150005.5
2026-08-04 19:05:00,0.1915,0.1919,0.1914,0.1918,289680.2
2026-08-04 19:10:00,0.1918,0.1925,0.1918,0.1924,1294556.1
2026-08-04 19:15:00,0.1925,0.1937,0.1924,0.1931,1096498.1
2026-08-04 19:20:00,0.1931,0.1933,0.1928,0.1928,260098.9
2026-08-04 19:25:00,0.1928,0.193,0.1925,0.1928,270135.4
2026-08-04 19:30:00,0.1928,0.1928,0.1924,0.1924,195439.4
2026-08-04 19:35:00,0.1924,0.193,0.1923,0.1925,528048.1
2026-08-04 19:40:00,0.1925,0.1928,0.1924,0.1926,153666.1
2026-08-04 19:45:00,0.1926,0.1928,0.1924,0.1924,92412.0
2026-08-04 19:50:00,0.1924,0.1925,0.1923,0.1925,47664.9
2026-08-04 19:55:00,0.1926,0.1928,0.1923,0.1924,117789.6
2026-08-04 20:00:00,0.1924,0.1925,0.192,0.1925,446239.8
2026-08-04 20:05:00,0.1925,0.1931,0.1924,0.193,390296.5
2026-08-04 20:10:00,0.193,0.1934,0.193,0.1931,246020.8
2026-08-04 20:15:00,0.193,0.193,0.1923,0.1924,1127370.8
2026-08-04 20:20:00,0.1925,0.1932,0.1925,0.1931,196324.4
2026-08-04 20:25:00,0.1931,0.194,0.1931,0.1939,673530.9
2026-08-04 20:30:00,0.1939,0.1939,0.193,0.193,456739.2
2026-08-04 20:35:00,0.193,0.1933,0.1928,0.1933,258479.5
2026-08-04 20:40:00,0.1932,0.1937,0.1932,0.1935,232383.5
2026-08-04 20:45:00,0.1934,0.1935,0.1931,0.1932,58304.3
2026-08-04 20:50:00,0.1932,0.1933,0.1932,0.1933,21940.3
2026-08-04 20:55:00,0.1932,0.1933,0.1931,0.1931,80319.5
2026-08-04 21:00:00,0.1932,0.1935,0.193,0.1935,341153.7
2026-08-04 21:05:00,0.1934,0.1934,0.1926,0.1927,128675.4
2026-08-04 21:10:00,0.1927,0.1929,0.1924,0.1926,387092.8
2026-08-04 21:15:00,0.1926,0.1928,0.1924,0.1928,112952.5
2026-08-04 21:20:00,0.1927,0.1931,0.1927,0.193,177127.5
2026-08-04 21:25:00,0.193,0.193,0.1928,0.1928,94022.0
2026-08-04 21:30:00,0.1928,0.1937,0.1928,0.1937,679202.6
2026-08-04 21:35:00,0.1938,0.1949,0.1938,0.1944,564212.0
2026-08-04 21:40:00,0.1945,0.1945,0.1938,0.1943,149816.4
2026-08-04 21:45:00,0.1944,0.1944,0.1939,0.1944,347300.1
2026-08-04 21:50:00,0.1943,0.1944,0.1936,0.1939,357153.2
2026-08-04 21:55:00,0.1938,0.1942,0.1937,0.1938,907751.6
2026-08-04 22:00:00,0.1938,0.1938,0.1932,0.1938,736019.7
2026-08-04 22:05:00,0.1938,0.1939,0.1938,0.1939,58424.2
2026-08-04 22:10:00,0.1939,0.1943,0.1938,0.1941,400015.2
2026-08-04 22:15:00,0.1942,0.1942,0.1938,0.1941,281907.7
2026-08-04 22:20:00,0.1941,0.1942,0.1938,0.1941,150579.7
2026-08-04 22:25:00,0.1941,0.1941,0.1931,0.1933,862792.8
2026-08-04 22:30:00,0.1933,0.1936,0.1931,0.1934,786155.9
2026-08-04 22:35:00,0.1934,0.1935,0.1934,0.1934,26333.8
2026-08-04 22:40:00,0.1935,0.1935,0.1932,0.1933,74620.0
2026-08-04 22:45:00,0.1932,0.1932,0.193,0.193,46028.9
2026-08-04 22:50:00,0.193,0.193,0.1926,0.1927,132016.3
2026-08-04 22:55:00,0.1928,0.193,0.1928,0.193,81931.3
2026-08-04 23:00:00,0.193,0.193,0.1926,0.1927,92457.5
2026-08-04 23:05:00,0.1927,0.1932,0.1927,0.193,311906.5
2026-08-04 23:10:00,0.193,0.1931,0.1929,0.1929,73370.9
2026-08-04 23:15:00,0.1929,0.1933,0.1929,0.1931,84823.0
2026-08-04 23:20:00,0.1932,0.1932,0.1924,0.1924,108373.9
2026-08-04 23:25:00,0.1925,0.1925,0.1918,0.1919,169757.0
2026-08-04 23:30:00,0.1919,0.1922,0.1919,0.192,158690.5
2026-08-04 23:35:00,0.192,0.1923,0.192,0.1923,83877.2
2026-08-04 23:40:00,0.1924,0.193,0.1924,0.1926,533146.7
2026-08-04 23:45:00,0.1927,0.1927,0.1925,0.1927,676026.7
2026-08-04 23:50:00,0.1927,0.1932,0.1927,0.193,161791.3
2026-08-04 23:55:00,0.1929,0.1931,0.1929,0.193,146748.3
2026-08-05 00:00:00,0.1929,0.1933,0.1928,0.1932,319423.0
2026-08-05 00:05:00,0.1933,0.1933,0.1926,0.1928,805951.4
2026-08-05 00:10:00,0.1929,0.193,0.1924,0.1926,351526.2
2026-08-05 00:15:00,0.1925,0.1928,0.1923,0.1927,349748.9
2026-08-05 00:20:00,0.1928,0.1928,0.1922,0.1924,246827.1
2026-08-05 00:25:00,0.1924,0.1927,0.192,0.1926,428883.8
2026-08-05 00:30:00,0.1926,0.1927,0.1921,0.1921,108172.7
2026-08-05 00:35:00,0.1921,0.1924,0.1918,0.1919,250988.2
2026-08-05 00:40:00,0.1918,0.1918,0.1912,0.1916,449784.5
2026-08-05 00:45:00,0.1917,0.1919,0.1916,0.1916,280504.3
2026-08-05 00:50:00,0.1916,0.1916,0.1912,0.1912,554009.6
2026-08-05 00:55:00,0.1913,0.1914,0.1911,0.1914,210084.6
2026-08-05 01:00:00,0.1914,0.1918,0.1912,0.1918,195617.0
2026-08-05 01:05:00,0.1918,0.1919,0.1916,0.1919,174813.5
2026-08-05 01:10:00,0.1919,0.1919,0.1914,0.1916,309178.6
2026-08-05 01:15:00,0.1917,0.192,0.1916,0.192,315528.6
2026-08-05 01:20:00,0.1919,0.1924,0.1919,0.1921,463432.3
2026-08-05 01:25:00,0.1921,0.1921,0.1918,0.192,128663.5
2026-08-05 01:30:00,0.192,0.1922,0.1919,0.192,219258.1
2026-08-05 01:35:00,0.192,0.1925,0.192,0.1925,61112.9
2026-08-05 01:40:00,0.1925,0.1927,0.1921,0.1921,228321.3
2026-08-05 01:45:00,0.1922,0.1924,0.192,0.1924,112114.6
2026-08-05 01:50:00,0.1925,0.1926,0.1923,0.1926,92055.6
2026-08-05 01:55:00,0.1927,0.1928,0.1924,0.1925,105909.1
2026-08-05 02:00:00,0.1926,0.1929,0.1924,0.1926,446845.2
2026-08-05 02:05:00,0.1926,0.1927,0.1924,0.1926,65371.6
2026-08-05 02:10:00,0.1927,0.1929,0.1925,0.1926,226967.6
2026-08-05 02:15:00,0.1927,0.1927,0.1915,0.1915,892967.6
2026-08-05 02:20:00,0.1915,0.1922,0.1914,0.1921,482041.3
2026-08-05 02:25:00,0.1922,0.193,0.1921,0.193,1232828.1
2026-08-05 02:30:00,0.193,0.193,0.1926,0.1928,235973.5
2026-08-05 02:35:00,0.1929,0.1929,0.1926,0.1927,163412.4
2026-08-05 02:40:00,0.1927,0.1929,0.1926,0.1927,74158.7
2026-08-05 02:45:00,0.1927,0.1928,0.1921,0.1924,139759.5
2026-08-05 02:50:00,0.1925,0.1925,0.1923,0.1925,33248.3
2026-08-05 02:55:00,0.1924,0.1926,0.1922,0.1926,61131.9
2026-08-05 03:00:00,0.1925,0.1928,0.192,0.192,228461.9
2026-08-05 03:05:00,0.1921,0.1922,0.1919,0.192,246258.8
2026-08-05 03:10:00,0.1919,0.1922,0.1905,0.1911,2511415.0
2026-08-05 03:15:00,0.1911,0.1913,0.1904,0.1906,1298782.0
2026-08-05 03:20:00,0.1905,0.1909,0.1905,0.1907,340476.7
2026-08-05 03:25:00,0.1908,0.1908,0.1903,0.1907,365801.7
2026-08-05 03:30:00,0.1907,0.1909,0.1906,0.1909,440482.3
2026-08-05 03:35:00,0.1909,0.1909,0.1906,0.1907,130212.2
2026-08-05 03:40:00,0.1907,0.1908,0.1901,0.1902,282141.7
2026-08-05 03:45:00,0.1903,0.1903,0.1899,0.1902,393963.3
2026-08-05 03:50:00,0.1902,0.1905,0.1899,0.1903,166823.1
2026-08-05 03:55:00,0.1903,0.1908,0.1903,0.1907,458532.6
2026-08-05 04:00:00,0.1906,0.1906,0.1902,0.1906,251858.9
2026-08-05 04:05:00,0.1905,0.1908,0.1904,0.1905,203391.2
2026-08-05 04:10:00,0.1906,0.1906,0.1902,0.1903,164776.5
2026-08-05 04:15:00,0.1902,0.1905,0.19,0.1905,507099.4
2026-08-05 04:20:00,0.1905,0.1907,0.1902,0.1902,136579.4
2026-08-05 04:25:00,0.1903,0.1907,0.19,0.1905,700374.6
2026-08-05 04:30:00,0.1905,0.1908,0.1904,0.1904,495832.6
2026-08-05 04:35:00,0.1905,0.1905,0.1902,0.1904,134429.5
2026-08-05 04:40:00,0.1904,0.1907,0.1903,0.1904,172828.1
2026-08-05 04:45:00,0.1903,0.1903,0.1901,0.1903,53445.3
2026-08-05 04:50:00,0.1903,0.1903,0.19,0.1902,233403.6
2026-08-05 04:55:00,0.1902,0.1904,0.1901,0.1903,250920.5
2026-08-05 05:00:00,0.1903,0.1907,0.1902,0.1906,204281.8
2026-08-05 05:05:00,0.1906,0.1911,0.1906,0.1909,632266.2
2026-08-05 05:10:00,0.1908,0.191,0.1906,0.1907,164809.2
2026-08-05 05:15:00,0.1907,0.1908,0.1905,0.1908,146612.3
2026-08-05 05:20:00,0.1908,0.1912,0.1908,0.1911,202760.4
2026-08-05 05:25:00,0.1911,0.1917,0.1911,0.1916,217055.5
2026-08-05 05:30:00,0.1916,0.1916,0.1912,0.1912,97009.1
2026-08-05 05:35:00,0.1912,0.1913,0.1907,0.1909,113996.9
2026-08-05 05:40:00,0.1909,0.1909,0.1904,0.1908,143825.5
2026-08-05 05:45:00,0.1908,0.1908,0.1906,0.1906,193105.2
2026-08-05 05:50:00,0.1906,0.1906,0.1903,0.1903,747940.3
2026-08-05 05:55:00,0.1904,0.1905,0.1903,0.1903,108466.2
2026-08-05 06:00:00,0.1904,0.1908,0.1903,0.1906,271334.7
2026-08-05 06:05:00,0.1906,0.1908,0.1906,0.1906,233359.8
2026-08-05 06:10:00,0.1906,0.1908,0.1903,0.1904,123190.7
2026-08-05 06:15:00,0.1903,0.1905,0.1902,0.1904,132225.4
2026-08-05 06:20:00,0.1904,0.1906,0.1903,0.1905,270205.8
2026-08-05 06:25:00,0.1904,0.1909,0.1904,0.1907,161656.5
2026-08-05 06:30:00,0.1907,0.1908,0.1903,0.1904,159958.0
2026-08-05 06:35:00,0.1904,0.1909,0.1904,0.1909,154678.9
2026-08-05 06:40:00,0.1909,0.1909,0.1906,0.1906,188469.4
2026-08-05 06:45:00,0.1907,0.1911,0.1906,0.191,152575.2
2026-08-05 06:50:00,0.191,0.1911,0.1909,0.191,293655.5
2026-08-05 06:55:00,0.191,0.1911,0.1907,0.191,346856.8
2026-08-05 07:00:00,0.191,0.192,0.191,0.1918,590564.7
2026-08-05 07:05:00,0.1918,0.1928,0.1917,0.1923,1263020.7
2026-08-05 07:10:00,0.1923,0.1928,0.1923,0.1927,647295.9
2026-08-05 07:15:00,0.1926,0.1927,0.192,0.192,268457.1
2026-08-05 07:20:00,0.1919,0.1927,0.1917,0.1924,435672.4
2026-08-05 07:25:00,0.1924,0.1924,0.1918,0.1919,358034.1
2026-08-05 07:30:00,0.192,0.1928,0.1919,0.1926,678144.2
2026-08-05 07:35:00,0.1926,0.194,0.1926,0.1933,1179272.1
2026-08-05 07:40:00,0.1934,0.1939,0.1932,0.1933,308775.9
2026-08-05 07:45:00,0.1933,0.1935,0.193,0.193,361977.0
2026-08-05 07:50:00,0.193,0.1931,0.1927,0.193,135852.6
2026-08-05 07:55:00,0.193,0.1939,0.1928,0.1939,580133.7
2026-08-05 08:00:00,0.1938,0.1949,0.1938,0.194,1520733.6
2026-08-05 08:05:00,0.194,0.194,0.1934,0.1935,248988.8
2026-08-05 08:10:00,0.1934,0.1937,0.1932,0.1933,110481.3
2026-08-05 08:15:00,0.1934,0.1936,0.1932,0.1936,208291.6
2026-08-05 08:20:00,0.1936,0.1937,0.1934,0.1936,296926.0
2026-08-05 08:25:00,0.1936,0.1945,0.1935,0.194,996091.1
2026-08-05 08:30:00,0.194,0.194,0.1934,0.1935,360528.7
2026-08-05 08:35:00,0.1936,0.1941,0.1935,0.194,365049.1
2026-08-05 08:40:00,0.194,0.1941,0.1936,0.1939,177729.4
2026-08-05 08:45:00,0.1939,0.1941,0.1934,0.1934,318969.7
2026-08-05 08:50:00,0.1933,0.1941,0.1933,0.194,324236.6
2026-08-05 08:55:00,0.194,0.1941,0.1938,0.1939,189576.7
2026-08-05 09:00:00,0.1939,0.1943,0.1938,0.1943,493725.0
2026-08-05 09:05:00,0.1943,0.1949,0.1942,0.1949,293657.4
2026-08-05 09:10:00,0.1949,0.1949,0.1946,0.1949,394861.9
2026-08-05 09:15:00,0.1949,0.1958,0.1949,0.1954,1326708.7
2026-08-05 09:20:00,0.1954,0.1956,0.1949,0.1952,514717.4
2026-08-05 09:25:00,0.1952,0.1964,0.1946,0.196,3649361.5
2026-08-05 09:30:00,0.1959,0.1969,0.1958,0.1959,2514337.4
2026-08-05 09:35:00,0.196,0.1965,0.1954,0.1955,835693.8
2026-08-05 09:40:00,0.1954,0.1961,0.195,0.1958,970106.6
2026-08-05 09:45:00,0.1958,0.1964,0.1958,0.1963,130360.2
2026-08-05 09:50:00,0.1963,0.199,0.1963,0.1978,3405476.3
2026-08-05 09:55:00,0.1977,0.198,0.1967,0.1969,1015156.9
2026-08-05 10:00:00,0.197,0.1971,0.1961,0.1968,1144749.0
2026-08-05 10:05:00,0.1968,0.1969,0.196,0.1961,696499.6
2026-08-05 10:10:00,0.1961,0.1961,0.1951,0.1952,1336541.0
2026-08-05 10:15:00,0.1951,0.1951,0.1942,0.1943,1076709.5
2026-08-05 10:20:00,0.1944,0.1947,0.1941,0.1944,1421572.2
2026-08-05 10:25:00,0.1944,0.195,0.1944,0.1946,245863.9
2026-08-05 10:30:00,0.1946,0.1954,0.1945,0.1953,735809.5
2026-08-05 10:35:00,0.1954,0.1965,0.1951,0.1965,812233.5
2026-08-05 10:40:00,0.1965,0.1965,0.1957,0.1965,682921.0
2026-08-05 10:45:00,0.1964,0.1965,0.1947,0.1949,854282.5
2026-08-05 10:50:00,0.1949,0.1951,0.1944,0.1945,220656.9
2026-08-05 10:55:00,0.1945,0.1948,0.1945,0.1947,234083.7
2026-08-05 11:00:00,0.1946,0.1954,0.1946,0.195,656383.3
2026-08-05 11:05:00,0.195,0.1957,0.195,0.1956,324011.0
2026-08-05 11:10:00,0.1956,0.1957,0.1952,0.1953,303272.5
2026-08-05 11:15:00,0.1954,0.1965,0.1953,0.1959,637282.6
2026-08-05 11:20:00,0.1959,0.1962,0.1952,0.1954,185921.3
2026-08-05 11:25:00,0.1954,0.1954,0.1947,0.195,412902.0
2026-08-05 11:30:00,0.1949,0.1957,0.1949,0.1954,328666.8
2026-08-05 11:35:00,0.1953,0.1954,0.1951,0.1952,229042.9
2026-08-05 11:40:00,0.1953,0.1956,0.1951,0.1954,184451.4
2026-08-05 11:45:00,0.1954,0.1961,0.1953,0.196,416245.0
2026-08-05 11:50:00,0.196,0.1961,0.1951,0.1952,465761.0
2026-08-05 11:55:00,0.1953,0.1954,0.195,0.1951,465891.6
2026-08-05 12:00:00,0.1952,0.1953,0.1948,0.1949,431790.9
2026-08-05 12:05:00,0.1948,0.1951,0.1946,0.195,290574.4
2026-08-05 12:10:00,0.1949,0.1952,0.1948,0.195,429877.2
2026-08-05 12:15:00,0.195,0.196,0.1949,0.1956,668881.6
2026-08-05 12:20:00,0.1955,0.1956,0.1943,0.1943,645750.0
2026-08-05 12:25:00,0.1944,0.1945,0.1936,0.194,1117759.3
2026-08-05 12:30:00,0.1941,0.1942,0.1937,0.1937,221009.4
2026-08-05 12:35:00,0.1937,0.1937,0.1932,0.1934,435947.4
2026-08-05 12:40:00,0.1935,0.1946,0.1934,0.1937,1131488.4
2026-08-05 12:45:00,0.1937,0.194,0.1937,0.1939,183520.1
2026-08-05 12:50:00,0.194,0.1941,0.1938,0.1939,73129.6
2026-08-05 12:55:00,0.1938,0.1939,0.1936,0.1938,273962.3
2026-08-05 13:00:00,0.1937,0.1943,0.1933,0.1935,407994.5
2026-08-05 13:05:00,0.1935,0.1938,0.1933,0.1936,178349.3
2026-08-05 13:10:00,0.1935,0.1936,0.1931,0.1934,378938.7
2026-08-05 13:15:00,0.1934,0.1934,0.1923,0.1931,883538.5
2026-08-05 13:20:00,0.193,0.1932,0.1929,0.193,188158.0
2026-08-05 13:25:00,0.193,0.193,0.1919,0.1922,1220511.3
2026-08-05 13:30:00,0.1921,0.1921,0.1903,0.1904,1330178.3
2026-08-05 13:35:00,0.1904,0.1919,0.1903,0.1915,1786620.0
2026-08-05 13:40:00,0.1914,0.192,0.1914,0.1916,1259803.9
2026-08-05 13:45:00,0.1916,0.1917,0.1911,0.1917,386716.3
2026-08-05 13:50:00,0.1917,0.1921,0.1913,0.1917,984688.3
2026-08-05 13:55:00,0.1917,0.1922,0.1916,0.1921,553933.7
2026-08-05 14:00:00,0.1921,0.1922,0.1916,0.1918,497657.2
2026-08-05 14:05:00,0.1918,0.1924,0.1918,0.1919,277466.6
2026-08-05 14:10:00,0.192,0.1922,0.1918,0.192,129724.0
2026-08-05 14:15:00,0.1921,0.1925,0.192,0.1923,613142.8
2026-08-05 14:20:00,0.1923,0.1923,0.1912,0.1913,664833.7
2026-08-05 14:25:00,0.1914,0.1918,0.1914,0.1915,136331.1
2026-08-05 14:30:00,0.1914,0.1917,0.1911,0.1912,175670.3
2026-08-05 14:35:00,0.1912,0.1915,0.1909,0.1911,433876.0
2026-08-05 14:40:00,0.191,0.1913,0.1907,0.191,1278714.5
2026-08-05 14:45:00,0.191,0.1916,0.1909,0.1915,208291.3
2026-08-05 14:50:00,0.1916,0.1918,0.1904,0.1909,2474727.1
2026-08-05 14:55:00,0.1909,0.1917,0.1908,0.1914,333946.2
2026-08-05 15:00:00,0.1914,0.1921,0.1912,0.1919,282884.5
2026-08-05 15:05:00,0.1919,0.192,0.1913,0.1916,398272.7
2026-08-05 15:10:00,0.1916,0.192,0.1915,0.1916,662036.1
2026-08-05 15:15:00,0.1916,0.1918,0.191,0.1917,1028428.2
2026-08-05 15:20:00,0.1917,0.1917,0.1911,0.1913,213587.2
2026-08-05 15:25:00,0.1913,0.1914,0.1911,0.1912,283153.1
2026-08-05 15:30:00,0.1913,0.1917,0.1912,0.1915,189050.7
2026-08-05 15:35:00,0.1916,0.1917,0.1912,0.1914,189588.1
2026-08-05 15:40:00,0.1914,0.1914,0.1905,0.1908,329560.3
2026-08-05 15:45:00,0.1908,0.1908,0.1906,0.1908,386277.1
2026-08-05 15:50:00,0.1908,0.1909,0.1904,0.1905,506860.2
2026-08-05 15:55:00,0.1904,0.1904,0.1886,0.1891,3645844.7
2026-08-05 16:00:00,0.1892,0.1901,0.1892,0.1899,476770.2
2026-08-05 16:05:00,0.1899,0.1902,0.1899,0.19,243593.6
2026-08-05 16:10:00,0.1899,0.1902,0.1899,0.1902,134114.9
2026-08-05 16:15:00,0.1902,0.1905,0.1899,0.1899,187304.6
2026-08-05 16:20:00,0.19,0.1908,0.1899,0.1906,408429.5
2026-08-05 16:25:00,0.1907,0.1913,0.1907,0.1911,652251.1
2026-08-05 16:30:00,0.1911,0.1915,0.191,0.1911,520032.6
2026-08-05 16:35:00,0.1911,0.1913,0.1909,0.1911,185017.1
2026-08-05 16:40:00,0.191,0.1911,0.1906,0.191,156241.9
2026-08-05 16:45:00,0.191,0.1912,0.1908,0.1908,239325.6
2026-08-05 16:50:00,0.1908,0.1912,0.1907,0.1909,186127.7
2026-08-05 16:55:00,0.1908,0.1913,0.1908,0.1912,130805.7
2026-08-05 17:00:00,0.1912,0.1913,0.1908,0.1909,187559.7
2026-08-05 17:05:00,0.1909,0.191,0.1907,0.1909,270800.4
2026-08-05 17:10:00,0.1908,0.1913,0.1908,0.191,267482.3
2026-08-05 17:15:00,0.191,0.1912,0.1908,0.1912,105565.5
2026-08-05 17:20:00,0.1911,0.1911,0.1904,0.1908,181726.2
2026-08-05 17:25:00,0.1908,0.191,0.1908,0.1909,99015.8
2026-08-05 17:30:00,0.1909,0.191,0.1907,0.1907,174735.0
2026-08-05 17:35:00,0.1907,0.1917,0.1907,0.1914,273317.9
2026-08-05 17:40:00,0.1915,0.1916,0.1911,0.1913,421111.2
2026-08-05 17:45:00,0.1913,0.1914,0.1911,0.1911,52662.3
2026-08-05 17:50:00,0.1911,0.1915,0.191,0.191,520584.5
2026-08-05 17:55:00,0.191,0.1913,0.1905,0.191,1074208.1
2026-08-05 18:00:00,0.191,0.191,0.1907,0.1909,511677.9
2026-08-05 18:05:00,0.1909,0.191,0.1903,0.1905,257704.7
2026-08-05 18:10:00,0.1906,0.1911,0.1906,0.1909,112265.2
2026-08-05 18:15:00,0.1908,0.191,0.1903,0.1904,560875.9
2026-08-05 18:20:00,0.1904,0.1909,0.1899,0.19,1008126.5
2026-08-05 18:25:00,0.1901,0.1901,0.1897,0.1901,348616.7
2026-08-05 18:30:00,0.1901,0.1901,0.1896,0.1897,133084.1
2026-08-05 18:35:00,0.1897,0.1904,0.1897,0.1904,342522.9
2026-08-05 18:40:00,0.1903,0.1905,0.1901,0.1904,399582.9
2026-08-05 18:45:00,0.1904,0.1905,0.1902,0.1905,365135.5
2026-08-05 18:50:00,0.1906,0.1907,0.1903,0.1903,503566.9
2026-08-05 18:55:00,0.1903,0.1905,0.1903,0.1904,121887.3
2026-08-05 19:00:00,0.1905,0.1907,0.1902,0.1906,142077.8
2026-08-05 19:05:00,0.1907,0.1908,0.1905,0.1906,110698.8
2026-08-05 19:10:00,0.1905,0.1905,0.1902,0.1904,103094.7
2026-08-05 19:15:00,0.1904,0.1906,0.1901,0.1901,130171.1
2026-08-05 19:20:00,0.1902,0.1904,0.1902,0.1902,50713.5
2026-08-05 19:25:00,0.1903,0.1903,0.19,0.19,205871.9
2026-08-05 19:30:00,0.19,0.1902,0.1898,0.19,323134.8
2026-08-05 19:35:00,0.19,0.1901,0.1898,0.19,141887.8
2026-08-05 19:40:00,0.19,0.19,0.1891,0.1896,1046057.4
2026-08-05 19:45:00,0.1897,0.1898,0.1895,0.1897,238086.2
2026-08-05 19:50:00,0.1897,0.1898,0.1895,0.1897,51718.9
2026-08-05 19:55:00,0.1896,0.1899,0.1895,0.1895,764163.2
2026-08-05 20:00:00,0.1896,0.1896,0.1892,0.1893,316837.6
2026-08-05 20:05:00,0.1892,0.1894,0.1888,0.1893,669420.4
2026-08-05 20:10:00,0.1893,0.1899,0.1893,0.1898,1154635.3
2026-08-05 20:15:00,0.1898,0.1904,0.1897,0.19,321384.7
2026-08-05 20:20:00,0.1899,0.1904,0.1896,0.1898,597499.7
2026-08-05 20:25:00,0.1898,0.1906,0.1898,0.1904,360440.4
2026-08-05 20:30:00,0.1905,0.1906,0.1902,0.1902,121351.0
2026-08-05 20:35:00,0.1902,0.1905,0.1901,0.1905,214386.4
2026-08-05 20:40:00,0.1904,0.1907,0.1903,0.1907,362950.2
2026-08-05 20:45:00,0.1907,0.1907,0.1903,0.1905,153614.0
2026-08-05 20:50:00,0.1904,0.1906,0.1904,0.1906,67383.3
2026-08-05 20:55:00,0.1906,0.1906,0.1903,0.1905,68489.6
2026-08-05 21:00:00,0.1905,0.1911,0.1903,0.1911,253007.9
2026-08-05 21:05:00,0.1911,0.1918,0.1909,0.1909,300887.4
2026-08-05 21:10:00,0.1909,0.1915,0.1909,0.1914,296448.8
2026-08-05 21:15:00,0.1913,0.1914,0.191,0.191,206023.4
2026-08-05 21:20:00,0.191,0.191,0.1904,0.1906,1306922.2
2026-08-05 21:25:00,0.1905,0.1905,0.1901,0.1901,47133.2
2026-08-05 21:30:00,0.1901,0.1907,0.1901,0.1904,134191.8
2026-08-05 21:35:00,0.1905,0.1907,0.1903,0.1907,66827.2
2026-08-05 21:40:00,0.1906,0.1908,0.1906,0.1907,98891.5
2026-08-05 21:45:00,0.1906,0.1917,0.1906,0.1917,2271217.8
2026-08-05 21:50:00,0.1916,0.192,0.1912,0.1913,501541.0
2026-08-05 21:55:00,0.1913,0.1916,0.1909,0.1914,295535.0
2026-08-05 22:00:00,0.1914,0.1914,0.1903,0.1907,902769.7
2026-08-05 22:05:00,0.1907,0.1911,0.1907,0.1909,97523.6
2026-08-05 22:10:00,0.1909,0.1913,0.1909,0.191,110798.7
2026-08-05 22:15:00,0.1909,0.1915,0.1909,0.1914,114438.8
2026-08-05 22:20:00,0.1915,0.1917,0.1914,0.1917,103624.4
2026-08-05 22:25:00,0.1916,0.1922,0.1915,0.1921,338975.4
2026-08-05 22:30:00,0.1921,0.1923,0.1918,0.1921,437254.0
2026-08-05 22:35:00,0.1922,0.1922,0.1917,0.1919,178238.9
2026-08-05 22:40:00,0.1919,0.192,0.1917,0.1918,69944.1
2026-08-05 22:45:00,0.1918,0.1919,0.1915,0.1917,127569.6
2026-08-05 22:50:00,0.1917,0.1918,0.1915,0.1915,159662.9
2026-08-05 22:55:00,0.1916,0.1916,0.1913,0.1914,57436.0
2026-08-05 23:00:00,0.1914,0.1916,0.1911,0.1913,145764.2
2026-08-05 23:05:00,0.1913,0.1915,0.1912,0.1915,49761.1
2026-08-05 23:10:00,0.1915,0.1923,0.1915,0.192,532702.7
2026-08-05 23:15:00,0.1921,0.1923,0.1918,0.1919,192967.8
2026-08-05 23:20:00,0.1919,0.1922,0.1918,0.1921,119079.2
2026-08-05 23:25:00,0.1921,0.1925,0.1921,0.1921,146039.3
2026-08-05 23:30:00,0.1922,0.1927,0.1921,0.1926,297056.3
2026-08-05 23:35:00,0.1926,0.1928,0.1917,0.1917,252923.4
2026-08-05 23:40:00,0.1917,0.1917,0.1915,0.1915,120302.8
2026-08-05 23:45:00,0.1916,0.1918,0.1913,0.1916,138148.9
2026-08-05 23:50:00,0.1915,0.1916,0.1914,0.1915,13499.4
2026-08-05 23:55:00,0.1915,0.1915,0.1911,0.1911,242973.4
2026-08-06 00:00:00,0.1912,0.1916,0.1912,0.1914,300741.4
2026-08-06 00:05:00,0.1915,0.1917,0.1915,0.1915,40196.8
2026-08-06 00:10:00,0.1915,0.1919,0.1913,0.1914,257020.5
2026-08-06 00:15:00,0.1914,0.1917,0.1913,0.1916,197083.5
2026-08-06 00:20:00,0.1915,0.1917,0.1913,0.1917,147181.4
2026-08-06 00:25:00,0.1917,0.1917,0.1911,0.1912,123767.9
2026-08-06 00:30:00,0.1911,0.1914,0.1908,0.1908,172174.6
2026-08-06 00:35:00,0.1908,0.191,0.1906,0.191,88974.0
2026-08-06 00:40:00,0.191,0.1912,0.1908,0.1908,96838.2
2026-08-06 00:45:00,0.1909,0.1912,0.1907,0.1911,119066.8
2026-08-06 00:50:00,0.1912,0.1915,0.191,0.1914,117480.0
2026-08-06 00:55:00,0.1915,0.1918,0.1914,0.1916,124335.6
2026-08-06 01:00:00,0.1915,0.1921,0.1915,0.1919,307543.4
2026-08-06 01:05:00,0.1918,0.1921,0.1917,0.1921,102159.9
2026-08-06 01:10:00,0.1921,0.1925,0.1921,0.1923,183990.5
2026-08-06 01:15:00,0.1923,0.1925,0.1922,0.1923,78467.3
2026-08-06 01:20:00,0.1923,0.1923,0.1917,0.1918,157172.0
2026-08-06 01:25:00,0.1918,0.1918,0.1912,0.1912,203805.3
2026-08-06 01:30:00,0.1913,0.1917,0.1909,0.1915,187451.4
2026-08-06 01:35:00,0.1915,0.1916,0.1912,0.1912,58875.5
2026-08-06 01:40:00,0.1912,0.1912,0.1906,0.1907,220267.8
2026-08-06 01:45:00,0.1906,0.1912,0.1905,0.1909,175612.5
2026-08-06 01:50:00,0.191,0.1913,0.1908,0.1908,259244.0
2026-08-06 01:55:00,0.1908,0.191,0.1906,0.1907,83768.1
2026-08-06 02:00:00,0.1907,0.1909,0.1905,0.1906,260530.8
2026-08-06 02:05:00,0.1907,0.1912,0.1907,0.1911,110996.7
2026-08-06 02:10:00,0.1911,0.1913,0.1907,0.1907,166848.6
2026-08-06 02:15:00,0.1907,0.1908,0.1899,0.1901,341485.9
2026-08-06 02:20:00,0.1902,0.1904,0.1899,0.1902,315982.1
2026-08-06 02:25:00,0.1903,0.1903,0.1901,0.1901,79270.5
2026-08-06 02:30:00,0.1902,0.191,0.1902,0.191,122730.8
2026-08-06 02:35:00,0.191,0.191,0.1906,0.1909,159267.2
2026-08-06 02:40:00,0.191,0.1916,0.1909,0.1914,351907.6
2026-08-06 02:45:00,0.1914,0.1916,0.1908,0.1908,303775.6
2026-08-06 02:50:00,0.1909,0.1911,0.1908,0.191,125640.2
2026-08-06 02:55:00,0.1909,0.1909,0.1907,0.1908,36320.3
2026-08-06 03:00:00,0.1908,0.1908,0.19,0.1903,183646.0
2026-08-06 03:05:00,0.1903,0.1904,0.19,0.1902,317095.9
2026-08-06 03:10:00,0.1903,0.1906,0.1903,0.1906,26463.8
2026-08-06 03:15:00,0.1905,0.1906,0.1903,0.1905,127874.5
2026-08-06 03:20:00,0.1904,0.1906,0.1902,0.1902,100206.1
2026-08-06 03:25:00,0.1902,0.1905,0.1899,0.1902,256804.8
2026-08-06 03:30:00,0.1901,0.1901,0.189,0.1892,861691.1
2026-08-06 03:35:00,0.1891,0.1894,0.1888,0.1893,253030.8
2026-08-06 03:40:00,0.1893,0.1893,0.1867,0.1869,3791727.0
2026-08-06 03:45:00,0.187,0.1878,0.187,0.1877,854146.5
2026-08-06 03:50:00,0.1877,0.1877,0.1867,0.1868,1936987.6
2026-08-06 03:55:00,0.1867,0.187,0.1867,0.1869,690400.7
2026-08-06 04:00:00,0.1869,0.1872,0.1859,0.1871,2429891.6
2026-08-06 04:05:00,0.1872,0.1876,0.1872,0.1874,383946.4
2026-08-06 04:10:00,0.1875,0.1878,0.1874,0.1876,249289.1
2026-08-06 04:15:00,0.1876,0.1881,0.1875,0.188,252580.4
2026-08-06 04:20:00,0.188,0.1886,0.1879,0.1883,349919.0
2026-08-06 04:25:00,0.1883,0.1884,0.1877,0.188,309067.5
2026-08-06 04:30:00,0.188,0.1883,0.1877,0.188,303883.2
2026-08-06 04:35:00,0.1881,0.1882,0.1878,0.1878,148108.6
2026-08-06 04:40:00,0.1879,0.188,0.1876,0.1877,269249.4
2026-08-06 04:45:00,0.1877,0.1878,0.1872,0.1874,331402.8
2026-08-06 04:50:00,0.1874,0.1877,0.1873,0.1876,134793.2
2026-08-06 04:55:00,0.1876,0.188,0.1875,0.1878,206412.3
2026-08-06 05:00:00,0.1878,0.1881,0.1878,0.188,94809.6
2026-08-06 05:05:00,0.188,0.1889,0.188,0.1886,293950.0
2026-08-06 05:10:00,0.1886,0.1888,0.1885,0.1888,215364.3
2026-08-06 05:15:00,0.1888,0.1889,0.1882,0.1883,220174.9
2026-08-06 05:20:00,0.1883,0.1886,0.1882,0.1886,142722.9
2026-08-06 05:25:00,0.1886,0.1886,0.1881,0.1882,77842.0
2026-08-06 05:30:00,0.1881,0.1883,0.188,0.1883,229912.1
2026-08-06 05:35:00,0.1883,0.1884,0.1881,0.1882,42251.2
2026-08-06 05:40:00,0.1882,0.1884,0.1881,0.1882,71501.1
2026-08-06 05:45:00,0.1883,0.1883,0.188,0.1881,106519.0
2026-08-06 05:50:00,0.1881,0.1884,0.1881,0.1882,116628.8
2026-08-06 05:55:00,0.1882,0.1884,0.1879,0.1884,176414.0
2026-08-06 06:00:00,0.1883,0.1883,0.188,0.1883,108592.1
2026-08-06 06:05:00,0.1883,0.1884,0.1882,0.1882,46481.1
2026-08-06 06:10:00,0.1882,0.1885,0.1878,0.1883,550382.9
2026-08-06 06:15:00,0.1883,0.1886,0.1883,0.1885,128655.8
2026-08-06 06:20:00,0.1885,0.1888,0.1884,0.1888,227290.1
2026-08-06 06:25:00,0.1887,0.1891,0.1886,0.189,277545.5
2026-08-06 06:30:00,0.189,0.189,0.1886,0.1888,320645.1
2026-08-06 06:35:00,0.1888,0.1888,0.1884,0.1886,91988.9
2026-08-06 06:40:00,0.1886,0.1887,0.1882,0.1884,473695.8
2026-08-06 06:45:00,0.1884,0.1884,0.1881,0.1882,70221.4
2026-08-06 06:50:00,0.1883,0.1885,0.1882,0.1883,50982.5
2026-08-06 06:55:00,0.1882,0.1884,0.1882,0.1883,33592.5
2026-08-06 07:00:00,0.1884,0.189,0.188,0.1886,1029293.6
2026-08-06 07:05:00,0.1885,0.1892,0.1884,0.1885,559833.2
2026-08-06 07:10:00,0.1885,0.1886,0.1882,0.1885,524961.7
2026-08-06 07:15:00,0.1884,0.1884,0.1882,0.1884,166992.9
2026-08-06 07:20:00,0.1884,0.189,0.1883,0.1889,315684.2
2026-08-06 07:25:00,0.1888,0.189,0.1887,0.1889,323962.9
2026-08-06 07:30:00,0.1889,0.1889,0.1886,0.1888,84561.1
2026-08-06 07:35:00,0.1887,0.1891,0.1886,0.1888,409850.6
2026-08-06 07:40:00,0.1888,0.1889,0.1887,0.1888,46205.9
2026-08-06 07:45:00,0.1888,0.1892,0.1888,0.1889,185079.2
2026-08-06 07:50:00,0.1888,0.189,0.1886,0.1889,283653.5
2026-08-06 07:55:00,0.1888,0.1891,0.1888,0.1888,254512.6
2026-08-06 08:00:00,0.1889,0.1892,0.1887,0.1891,482666.8
2026-08-06 08:05:00,0.1891,0.1892,0.1889,0.1889,98474.8
2026-08-06 08:10:00,0.1889,0.1892,0.1889,0.189,109432.0
2026-08-06 08:15:00,0.1891,0.1893,0.1889,0.1891,192347.2
2026-08-06 08:20:00,0.1892,0.1895,0.1888,0.1891,549389.0
2026-08-06 08:25:00,0.1891,0.1896,0.1891,0.1895,141440.9
2026-08-06 08:30:00,0.1895,0.1896,0.189,0.1891,242598.6
2026-08-06 08:35:00,0.1891,0.1891,0.1887,0.1888,147516.1
2026-08-06 08:40:00,0.1888,0.1893,0.1888,0.189,161720.8
2026-08-06 08:45:00,0.189,0.189,0.1887,0.189,395308.3
2026-08-06 08:50:00,0.189,0.1895,0.189,0.1893,167368.6
2026-08-06 08:55:00,0.1893,0.1895,0.1893,0.1895,59196.8
2026-08-06 09:00:00,0.1894,0.1896,0.189,0.189,416676.3
2026-08-06 09:05:00,0.1891,0.1892,0.1884,0.1887,393528.3
2026-08-06 09:10:00,0.1887,0.1887,0.1884,0.1887,415262.1
2026-08-06 09:15:00,0.1888,0.1889,0.1886,0.1888,393861.2
2026-08-06 09:20:00,0.1888,0.189,0.1886,0.189,328180.5
2026-08-06 09:25:00,0.189,0.1891,0.1888,0.1889,216434.7
2026-08-06 09:30:00,0.1889,0.1891,0.1887,0.1891,293481.7
2026-08-06 09:35:00,0.1891,0.1893,0.1891,0.1893,141044.1
2026-08-06 09:40:00,0.1892,0.1894,0.1888,0.1888,258188.0
2026-08-06 09:45:00,0.1888,0.1892,0.1886,0.1891,225059.4
2026-08-06 09:50:00,0.1891,0.1893,0.1891,0.1893,116827.8
2026-08-06 09:55:00,0.1892,0.1893,0.1891,0.1893,75817.7
2026-08-06 10:00:00,0.1893,0.1893,0.1878,0.1886,3506368.6
2026-08-06 10:05:00,0.1885,0.1889,0.1882,0.1888,495587.4
2026-08-06 10:10:00,0.1889,0.1889,0.1886,0.1887,176493.1
2026-08-06 10:15:00,0.1887,0.1893,0.1887,0.1893,259969.5
2026-08-06 10:20:00,0.1894,0.1898,0.1893,0.1896,518680.0
2026-08-06 10:25:00,0.1896,0.1899,0.1895,0.1897,294032.8
2026-08-06 10:30:00,0.1897,0.1908,0.1896,0.1902,1261425.8
2026-08-06 10:35:00,0.1903,0.1903,0.1897,0.1898,165445.3
2026-08-06 10:40:00,0.1898,0.1898,0.1887,0.1888,286548.9
2026-08-06 10:45:00,0.1887,0.1889,0.1886,0.1888,102905.9
2026-08-06 10:50:00,0.1887,0.1889,0.1885,0.1888,324898.0
2026-08-06 10:55:00,0.1889,0.1891,0.1888,0.1891,60034.6
2026-08-06 11:00:00,0.1891,0.1891,0.1887,0.1887,157245.6
2026-08-06 11:05:00,0.1887,0.1896,0.1887,0.1896,144404.7
2026-08-06 11:10:00,0.1896,0.19,0.1896,0.1899,676775.0
2026-08-06 11:15:00,0.1899,0.1907,0.1899,0.1904,651418.0
2026-08-06 11:20:00,0.1904,0.1909,0.1904,0.1907,290543.3
2026-08-06 11:25:00,0.1906,0.191,0.1904,0.1904,953057.9
2026-08-06 11:30:00,0.1904,0.1913,0.1904,0.191,732601.3
2026-08-06 11:35:00,0.191,0.1918,0.191,0.1912,893858.8
2026-08-06 11:40:00,0.1911,0.1916,0.191,0.1912,745536.1
2026-08-06 11:45:00,0.1912,0.1915,0.191,0.1915,297682.6
2026-08-06 11:50:00,0.1916,0.1927,0.1915,0.1919,1541555.4
2026-08-06 11:55:00,0.192,0.1927,0.1915,0.1923,537722.1
2026-08-06 12:00:00,0.1923,0.1926,0.1922,0.1925,502021.1
2026-08-06 12:05:00,0.1925,0.1925,0.1916,0.1917,577400.0
2026-08-06 12:10:00,0.1918,0.1918,0.1913,0.1914,221148.3
2026-08-06 12:15:00,0.1915,0.1921,0.1913,0.1921,384157.4
2026-08-06 12:20:00,0.192,0.1925,0.1918,0.1919,344862.5
2026-08-06 12:25:00,0.1919,0.1923,0.1919,0.192,190076.1
2026-08-06 12:30:00,0.192,0.1923,0.1916,0.1917,229474.8
2026-08-06 12:35:00,0.1917,0.192,0.1917,0.1919,157179.3
2026-08-06 12:40:00,0.1918,0.1918,0.1915,0.1916,454681.5
2026-08-06 12:45:00,0.1916,0.1919,0.1915,0.1918,219673.2
2026-08-06 12:50:00,0.1917,0.1919,0.1914,0.1914,555149.5
2026-08-06 12:55:00,0.1914,0.1915,0.1905,0.1906,631469.2
2026-08-06 13:00:00,0.1906,0.1911,0.1906,0.1909,351858.9
2026-08-06 13:05:00,0.191,0.1911,0.1903,0.1905,432958.2
2026-08-06 13:10:00,0.1906,0.1909,0.1903,0.1909,407823.8
2026-08-06 13:15:00,0.1909,0.1915,0.1908,0.1912,635440.2
2026-08-06 13:20:00,0.1912,0.1916,0.1911,0.1914,193136.0
2026-08-06 13:25:00,0.1913,0.192,0.1911,0.192,538244.1
2026-08-06 13:30:00,0.1919,0.192,0.1913,0.1919,691651.7
2026-08-06 13:35:00,0.1918,0.1921,0.1915,0.192,529817.7
2026-08-06 13:40:00,0.1921,0.1923,0.1915,0.1918,334985.9
2026-08-06 13:45:00,0.1918,0.1935,0.1918,0.1928,2118748.3
2026-08-06 13:50:00,0.1928,0.194,0.1926,0.1939,1476542.5
2026-08-06 13:55:00,0.1939,0.1947,0.1939,0.1939,1466150.7
2026-08-06 14:00:00,0.194,0.1946,0.1939,0.1946,717109.1
2026-08-06 14:05:00,0.1946,0.1949,0.1939,0.1942,861093.3
2026-08-06 14:10:00,0.1942,0.1949,0.1941,0.1944,1012572.4
2026-08-06 14:15:00,0.1943,0.1954,0.194,0.195,1605183.6
2026-08-06 14:20:00,0.1951,0.1965,0.1951,0.1957,1902596.7
2026-08-06 14:25:00,0.1958,0.1969,0.1954,0.1967,2764976.8
2026-08-06 14:30:00,0.1967,0.197,0.1963,0.1964,2106559.7
2026-08-06 14:35:00,0.1964,0.1988,0.1961,0.1969,3293091.2
2026-08-06 14:40:00,0.1969,0.2036,0.1969,0.202,16575731.5
2026-08-06 14:45:00,0.2021,0.2027,0.2014,0.2021,4717209.5
2026-08-06 14:50:00,0.2022,0.2027,0.2001,0.2002,2280703.5
2026-08-06 14:55:00,0.2002,0.2009,0.1999,0.2002,1771327.6
2026-08-06 15:00:00,0.2003,0.2026,0.2003,0.2014,5884785.6
2026-08-06 15:05:00,0.2014,0.2022,0.2003,0.2021,3518196.4
2026-08-06 15:10:00,0.2021,0.203,0.2019,0.2026,1981875.6
2026-08-06 15:15:00,0.2026,0.2041,0.202,0.2021,2328118.1
2026-08-06 15:20:00,0.202,0.2033,0.202,0.2028,1206089.6
2026-08-06 15:25:00,0.2028,0.204,0.2026,0.2037,1793791.4
2026-08-06 15:30:00,0.2037,0.2084,0.2037,0.2084,7385706.5
2026-08-06 15:35:00,0.2085,0.2085,0.2058,0.2081,2668074.3
2026-08-06 15:40:00,0.2082,0.2094,0.2076,0.2076,4245999.2
2026-08-06 15:45:00,0.2076,0.2113,0.2076,0.2108,7932405.7
2026-08-06 15:50:00,0.2108,0.2111,0.2093,0.2095,4120884.8
2026-08-06 15:55:00,0.2095,0.2099,0.2083,0.2088,3844431.3
2026-08-06 16:00:00,0.2089,0.2094,0.2064,0.2065,3746598.0
2026-08-06 16:05:00,0.2066,0.2072,0.2056,0.2058,2263213.1
2026-08-06 16:10:00,0.2057,0.2063,0.2044,0.2051,2669533.6
2026-08-06 16:15:00,0.2051,0.206,0.2039,0.206,3751491.1
2026-08-06 16:20:00,0.2059,0.2075,0.2051,0.207,2595508.3
2026-08-06 16:25:00,0.207,0.2078,0.2064,0.2078,1766714.0
2026-08-06 16:30:00,0.2077,0.2091,0.2072,0.2087,3659210.1
2026-08-06 16:35:00,0.2087,0.21,0.2084,0.2098,2416886.1
2026-08-06 16:40:00,0.2099,0.2117,0.2099,0.211,4875359.8
2026-08-06 16:45:00,0.211,0.211,0.2082,0.2087,2826067.8
2026-08-06 16:50:00,0.2087,0.2091,0.2068,0.2068,1394010.5
2026-08-06 16:55:00,0.2068,0.2076,0.2065,0.2068,1329664.3
2026-08-06 17:00:00,0.2069,0.2075,0.2066,0.2068,982331.0
2026-08-06 17:05:00,0.2068,0.2073,0.2063,0.2071,1258322.4
2026-08-06 17:10:00,0.2071,0.2074,0.2064,0.2064,1107725.9
2026-08-06 17:15:00,0.2064,0.2067,0.2055,0.2057,1208750.8
2026-08-06 17:20:00,0.2056,0.2064,0.2056,0.2064,642337.9
2026-08-06 17:25:00,0.2064,0.2073,0.2061,0.2061,1632307.3
2026-08-06 17:30:00,0.2061,0.2063,0.2048,0.2051,1472027.0
2026-08-06 17:35:00,0.205,0.2056,0.2043,0.2044,930795.9
2026-08-06 17:40:00,0.2044,0.2048,0.2039,0.2041,988672.7
2026-08-06 17:45:00,0.204,0.2042,0.2033,0.2034,965970.2
2026-08-06 17:50:00,0.2034,0.2045,0.2034,0.2036,3101653.5
2026-08-06 17:55:00,0.2037,0.2049,0.2036,0.2046,590109.6
2026-08-06 18:00:00,0.2045,0.2049,0.2039,0.2043,1415269.8
2026-08-06 18:05:00,0.2044,0.2048,0.2042,0.2046,595991.3
2026-08-06 18:10:00,0.2046,0.206,0.2043,0.206,1285509.2
2026-08-06 18:15:00,0.206,0.2076,0.2055,0.2074,2010478.6
2026-08-06 18:20:00,0.2075,0.2077,0.206,0.2067,3247260.0
2026-08-06 18:25:00,0.2067,0.2071,0.2057,0.206,1465145.7
2026-08-06 18:30:00,0.206,0.206,0.2052,0.2057,659565.3
2026-08-06 18:35:00,0.2056,0.2061,0.2054,0.2058,614339.9
2026-08-06 18:40:00,0.2058,0.2064,0.2055,0.2055,553752.3
2026-08-06 18:45:00,0.2056,0.2059,0.205,0.205,607957.9
2026-08-06 18:50:00,0.2051,0.2054,0.2047,0.2052,939566.2
2026-08-06 18:55:00,0.2052,0.2058,0.2048,0.2052,643496.9
2026-08-06 19:00:00,0.2053,0.2053,0.2044,0.2046,1103694.8
2026-08-06 19:05:00,0.2047,0.2047,0.204,0.2043,379920.7
2026-08-06 19:10:00,0.2044,0.2044,0.2039,0.204,441026.3
2026-08-06 19:15:00,0.204,0.2041,0.2027,0.2027,1189681.2
2026-08-06 19:20:00,0.2027,0.2042,0.2026,0.2036,1234094.4
2026-08-06 19:25:00,0.2035,0.2037,0.203,0.203,390624.4
2026-08-06 19:30:00,0.2031,0.2039,0.203,0.2039,2347366.6
2026-08-06 19:35:00,0.2039,0.2044,0.2037,0.2037,1238166.5
2026-08-06 19:40:00,0.2037,0.204,0.2031,0.2037,1032282.6
2026-08-06 19:45:00,0.2037,0.2041,0.2026,0.2028,4440027.1
2026-08-06 19:50:00,0.2028,0.203,0.2008,0.2024,4102430.9
2026-08-06 19:55:00,0.2025,0.2028,0.2017,0.2024,961004.6
2026-08-06 20:00:00,0.2024,0.2028,0.2018,0.2018,1790210.8
2026-08-06 20:05:00,0.2019,0.2023,0.2017,0.2021,431507.6
2026-08-06 20:10:00,0.2021,0.2028,0.2018,0.2027,574262.5
2026-08-06 20:15:00,0.2027,0.203,0.202,0.2023,608853.9
2026-08-06 20:20:00,0.2023,0.2028,0.2021,0.2026,377484.4
2026-08-06 20:25:00,0.2027,0.2029,0.202,0.2026,2320038.0
2026-08-06 20:30:00,0.2026,0.2026,0.2015,0.2024,1538670.6
2026-08-06 20:35:00,0.2024,0.203,0.2023,0.2024,1437126.8
2026-08-06 20:40:00,0.2025,0.2029,0.2024,0.2027,305379.3
2026-08-06 20:45:00,0.2027,0.2027,0.2019,0.2023,824248.4
2026-08-06 20:50:00,0.2022,0.2026,0.202,0.202,1465440.0
2026-08-06 20:55:00,0.202,0.2025,0.202,0.2022,197236.5
2026-08-06 21:00:00,0.2022,0.2033,0.2019,0.2027,6817537.1
2026-08-06 21:05:00,0.2027,0.2032,0.2022,0.203,2286872.2
2026-08-06 21:10:00,0.203,0.2038,0.203,0.2038,2077437.4
2026-08-06 21:15:00,0.2038,0.204,0.2032,0.2034,369573.9
2026-08-06 21:20:00,0.2035,0.2038,0.2034,0.2037,250859.4
2026-08-06 21:25:00,0.2038,0.2039,0.2033,0.2035,133451.6
2026-08-06 21:30:00,0.2035,0.2046,0.2035,0.2044,301219.5
2026-08-06 21:35:00,0.2043,0.2043,0.2039,0.2039,234251.0
2026-08-06 21:40:00,0.2039,0.2045,0.2036,0.2044,339364.5
2026-08-06 21:45:00,0.2044,0.2048,0.2041,0.2042,290373.9
2026-08-06 21:50:00,0.2041,0.2049,0.204,0.2044,211024.5
2026-08-06 21:55:00,0.2044,0.2049,0.2044,0.2047,391807.9
2026-08-06 22:00:00,0.2048,0.2049,0.2046,0.2048,181995.9
2026-08-06 22:05:00,0.2047,0.2056,0.2047,0.2052,436328.8
2026-08-06 22:10:00,0.2052,0.2053,0.2043,0.2047,321094.6
2026-08-06 22:15:00,0.2047,0.2051,0.2044,0.2048,236617.0
2026-08-06 22:20:00,0.2048,0.2048,0.204,0.2044,247624.6
2026-08-06 22:25:00,0.2044,0.2044,0.2035,0.2038,398463.0
2026-08-06 22:30:00,0.2038,0.2044,0.203,0.2033,413030.1
2026-08-06 22:35:00,0.2032,0.2032,0.2028,0.2031,268234.6
2026-08-06 22:40:00,0.2031,0.2033,0.2023,0.2025,339069.1
2026-08-06 22:45:00,0.2024,0.2025,0.2016,0.2017,760888.0
2026-08-06 22:50:00,0.2018,0.202,0.2018,0.202,222419.7
2026-08-06 22:55:00,0.202,0.2021,0.2011,0.2014,763521.1
2026-08-06 23:00:00,0.2013,0.2015,0.2005,0.2008,1416300.8
2026-08-06 23:05:00,0.2009,0.2013,0.2008,0.2012,309913.9
2026-08-06 23:10:00,0.2012,0.2014,0.2011,0.2014,251351.9
2026-08-06 23:15:00,0.2013,0.2014,0.2003,0.2006,292448.0
2026-08-06 23:20:00,0.2006,0.2007,0.1995,0.2,1767616.0
2026-08-06 23:25:00,0.1999,0.2004,0.1998,0.2002,346629.6
2026-08-06 23:30:00,0.2001,0.2003,0.1999,0.2,192739.5
2026-08-06 23:35:00,0.2001,0.2005,0.2,0.2003,260772.8
2026-08-06 23:40:00,0.2003,0.2008,0.2003,0.2005,203347.4
2026-08-06 23:45:00,0.2005,0.2007,0.2003,0.2003,100741.6
2026-08-06 23:50:00,0.2003,0.2011,0.2003,0.2009,369369.1
2026-08-06 23:55:00,0.2009,0.2013,0.2009,0.2012,481801.6
2026-08-07 00:00:00,0.2012,0.2014,0.2005,0.201,836557.9
2026-08-07 00:05:00,0.201,0.2014,0.201,0.2013,311198.3
2026-08-07 00:10:00,0.2012,0.2016,0.201,0.2015,492716.8
2026-08-07 00:15:00,0.2015,0.202,0.2013,0.2017,493737.7
2026-08-07 00:20:00,0.2017,0.2022,0.2013,0.2021,787823.8
2026-08-07 00:25:00,0.202,0.2028,0.2016,0.2028,1771892.2
2026-08-07 00:30:00,0.2028,0.2029,0.2015,0.2024,540828.9
2026-08-07 00:35:00,0.2025,0.2025,0.2018,0.202,360516.0
2026-08-07 00:40:00,0.202,0.2022,0.2016,0.2022,158002.9
2026-08-07 00:45:00,0.2023,0.2023,0.2018,0.2021,294794.8
2026-08-07 00:50:00,0.2022,0.2024,0.2019,0.202,263790.5
2026-08-07 00:55:00,0.202,0.2023,0.2015,0.2021,422359.6
2026-08-07 01:00:00,0.2022,0.2029,0.2021,0.2028,374444.9
2026-08-07 01:05:00,0.2028,0.2028,0.2022,0.2023,181193.5
2026-08-07 01:10:00,0.2022,0.2023,0.2016,0.2019,428822.0
2026-08-07 01:15:00,0.202,0.2026,0.2019,0.2024,421690.9
2026-08-07 01:20:00,0.2024,0.2024,0.2016,0.2017,791560.6
2026-08-07 01:25:00,0.2017,0.2021,0.2011,0.2013,679347.5
2026-08-07 01:30:00,0.2014,0.2015,0.2011,0.2014,381765.2
2026-08-07 01:35:00,0.2014,0.2015,0.2003,0.2003,332472.0
2026-08-07 01:40:00,0.2004,0.2006,0.2,0.2006,388618.4
2026-08-07 01:45:00,0.2005,0.2009,0.2002,0.2002,290259.4
2026-08-07 01:50:00,0.2002,0.2003,0.1996,0.2001,476485.3
2026-08-07 01:55:00,0.2001,0.2004,0.2,0.2003,130051.1
2026-08-07 02:00:00,0.2003,0.2005,0.1999,0.2003,350551.2
2026-08-07 02:05:00,0.2003,0.2004,0.1997,0.1997,296281.6
2026-08-07 02:10:00,0.1997,0.2009,0.1997,0.2007,588611.2
2026-08-07 02:15:00,0.2007,0.2011,0.2006,0.2007,300002.2
2026-08-07 02:20:00,0.2007,0.2009,0.1998,0.1999,787232.4
2026-08-07 02:25:00,0.1999,0.2001,0.1991,0.1992,541213.6
2026-08-07 02:30:00,0.1991,0.1995,0.199,0.199,1423320.2
2026-08-07 02:35:00,0.199,0.1992,0.1988,0.1992,511245.7
2026-08-07 02:40:00,0.1991,0.1994,0.199,0.1994,926202.7
2026-08-07 02:45:00,0.1993,0.2001,0.1993,0.2001,286473.6
2026-08-07 02:50:00,0.2001,0.2004,0.2001,0.2002,202427.5
2026-08-07 02:55:00,0.2001,0.2004,0.2,0.2004,138793.4
2026-08-07 03:00:00,0.2003,0.2004,0.1996,0.1996,347709.5
2026-08-07 03:05:00,0.1996,0.2001,0.1994,0.1999,455992.6
2026-08-07 03:10:00,0.1999,0.2004,0.1995,0.1995,1049810.6
2026-08-07 03:15:00,0.1995,0.1999,0.1995,0.1999,310871.9
2026-08-07 03:20:00,0.1999,0.2003,0.1998,0.2002,59258.5
2026-08-07 03:25:00,0.2002,0.2006,0.2002,0.2006,212396.2
2026-08-07 03:30:00,0.2006,0.2011,0.2002,0.2002,401502.8
2026-08-07 03:35:00,0.2002,0.2003,0.1999,0.2,271094.2
2026-08-07 03:40:00,0.2,0.2002,0.1999,0.2001,126382.0
2026-08-07 03:45:00,0.2001,0.2001,0.1997,0.1999,291145.3
2026-08-07 03:50:00,0.1999,0.2001,0.1995,0.1997,240595.8
2026-08-07 03:55:00,0.1998,0.2,0.1993,0.1994,549450.3
2026-08-07 04:00:00,0.1994,0.1995,0.1988,0.1995,429509.2
2026-08-07 04:05:00,0.1995,0.1996,0.1989,0.1992,587673.7
2026-08-07 04:10:00,0.1992,0.1993,0.1987,0.1989,232401.7
2026-08-07 04:15:00,0.199,0.1992,0.1988,0.1992,230717.2
2026-08-07 04:20:00,0.1992,0.1995,0.1991,0.1993,260564.5
2026-08-07 04:25:00,0.1994,0.1996,0.1991,0.1995,148420.2
2026-08-07 04:30:00,0.1995,0.2003,0.1995,0.1999,505632.7
2026-08-07 04:35:00,0.1999,0.2004,0.1998,0.2,290124.4
2026-08-07 04:40:00,0.1999,0.2002,0.1999,0.2,98494.4
2026-08-07 04:45:00,0.2,0.2001,0.1997,0.1997,228160.0
2026-08-07 04:50:00,0.1997,0.1999,0.1995,0.1996,199851.7
2026-08-07 04:55:00,0.1997,0.1999,0.1996,0.1999,145709.4
2026-08-07 05:00:00,0.1999,0.2003,0.1999,0.2003,68410.9
2026-08-07 05:05:00,0.2002,0.2007,0.2001,0.2005,164625.3
2026-08-07 05:10:00,0.2005,0.2005,0.2,0.2004,200402.6
2026-08-07 05:15:00,0.2005,0.2005,0.1999,0.1999,608954.2
2026-08-07 05:20:00,0.1999,0.2002,0.1996,0.1998,586581.0
2026-08-07 05:25:00,0.1998,0.2005,0.1997,0.2002,310835.9
2026-08-07 05:30:00,0.2002,0.2003,0.1995,0.1996,232096.5
2026-08-07 05:35:00,0.1996,0.2003,0.1996,0.2002,333052.8
2026-08-07 05:40:00,0.2002,0.2005,0.1998,0.2004,430456.8
2026-08-07 05:45:00,0.2004,0.2006,0.2002,0.2005,106626.7
2026-08-07 05:50:00,0.2006,0.2014,0.2006,0.2013,596162.6
2026-08-07 05:55:00,0.2014,0.202,0.201,0.2019,1146726.8
2026-08-07 06:00:00,0.2018,0.2021,0.2014,0.2019,739242.4
2026-08-07 06:05:00,0.2019,0.202,0.2016,0.2018,268751.9
2026-08-07 06:10:00,0.2019,0.203,0.2019,0.2028,661712.0
2026-08-07 06:15:00,0.2029,0.204,0.2029,0.2036,2160538.5
2026-08-07 06:20:00,0.2036,0.2036,0.2031,0.2034,237422.5
2026-08-07 06:25:00,0.2034,0.2035,0.2025,0.2026,854329.7
2026-08-07 06:30:00,0.2026,0.2029,0.2024,0.2024,536904.7
2026-08-07 06:35:00,0.2023,0.2034,0.2023,0.2033,479872.0
2026-08-07 06:40:00,0.2033,0.2035,0.2027,0.2028,1359843.9
2026-08-07 06:45:00,0.2028,0.2029,0.2025,0.2026,409657.0
2026-08-07 06:50:00,0.2026,0.2029,0.2004,0.2012,3400285.8
2026-08-07 06:55:00,0.2013,0.2019,0.2012,0.2018,930379.8
2026-08-07 07:00:00,0.2018,0.2018,0.2012,0.2015,242359.2
2026-08-07 07:05:00,0.2016,0.2024,0.2015,0.2024,202444.5
2026-08-07 07:10:00,0.2025,0.2025,0.202,0.2021,184393.4
2026-08-07 07:15:00,0.2022,0.2022,0.2019,0.202,211539.7
2026-08-07 07:20:00,0.202,0.2023,0.2019,0.2022,394278.1
2026-08-07 07:25:00,0.2022,0.2023,0.2015,0.2017,435536.8
2026-08-07 07:30:00,0.2016,0.2017,0.2012,0.2014,267785.9
2026-08-07 07:35:00,0.2013,0.2014,0.2012,0.2013,74803.7
2026-08-07 07:40:00,0.2012,0.2021,0.2012,0.2018,444392.4
2026-08-07 07:45:00,0.2018,0.2019,0.2014,0.2017,622549.5
2026-08-07 07:50:00,0.2017,0.2019,0.2015,0.2016,156319.4
2026-08-07 07:55:00,0.2016,0.2018,0.2011,0.2017,917798.3
2026-08-07 08:00:00,0.2017,0.2019,0.2016,0.2017,172691.3
2026-08-07 08:05:00,0.2017,0.2027,0.2017,0.2024,378225.8
2026-08-07 08:10:00,0.2024,0.2029,0.2023,0.2027,879095.2
2026-08-07 08:15:00,0.2027,0.2028,0.2024,0.2026,363600.0
2026-08-07 08:20:00,0.2025,0.2026,0.2022,0.2024,193824.3
2026-08-07 08:25:00,0.2025,0.2027,0.2023,0.2026,572027.0
2026-08-07 08:30:00,0.2027,0.2027,0.202,0.2022,1059168.4
2026-08-07 08:35:00,0.2023,0.2023,0.2017,0.2021,543938.3
2026-08-07 08:40:00,0.202,0.2022,0.2012,0.2018,1114296.2
2026-08-07 08:45:00,0.2018,0.2018,0.2014,0.2017,104979.7
2026-08-07 08:50:00,0.2018,0.2018,0.2013,0.2013,155282.1
2026-08-07 08:55:00,0.2013,0.2013,0.2007,0.2011,227915.9
2026-08-07 09:00:00,0.201,0.201,0.2003,0.2003,952947.9
2026-08-07 09:05:00,0.2003,0.2009,0.2003,0.2008,332435.7
2026-08-07 09:10:00,0.2008,0.2009,0.2003,0.2006,193817.8
2026-08-07 09:15:00,0.2005,0.2006,0.1999,0.2004,436856.6
2026-08-07 09:20:00,0.2004,0.2008,0.2002,0.2007,520022.3
2026-08-07 09:25:00,0.2008,0.2009,0.2002,0.2003,307532.1
2026-08-07 09:30:00,0.2004,0.2008,0.2004,0.2007,244812.6
2026-08-07 09:35:00,0.2007,0.2008,0.2004,0.2005,101398.2
2026-08-07 09:40:00,0.2005,0.2006,0.2003,0.2005,518676.1
2026-08-07 09:45:00,0.2005,0.201,0.2003,0.201,861000.3
2026-08-07 09:50:00,0.2011,0.2015,0.2008,0.201,401576.5
2026-08-07 09:55:00,0.2011,0.2019,0.2011,0.2019,371469.9
2026-08-07 10:00:00,0.2019,0.202,0.2017,0.202,242179.1
2026-08-07 10:05:00,0.202,0.2022,0.2017,0.2018,250091.8
2026-08-07 10:10:00,0.2018,0.202,0.2015,0.2016,106492.1
2026-08-07 10:15:00,0.2016,0.2016,0.2012,0.2015,548735.6
2026-08-07 10:20:00,0.2016,0.202,0.2012,0.202,664439.1
2026-08-07 10:25:00,0.202,0.2026,0.202,0.2024,397922.0
2026-08-07 10:30:00,0.2024,0.2025,0.202,0.202,930109.7
2026-08-07 10:35:00,0.202,0.2022,0.2018,0.2022,421635.2
2026-08-07 10:40:00,0.2021,0.2024,0.2021,0.2024,308988.6
2026-08-07 10:45:00,0.2024,0.2027,0.2023,0.2024,287855.1
2026-08-07 10:50:00,0.2024,0.2025,0.2022,0.2025,260660.4
2026-08-07 10:55:00,0.2025,0.2026,0.2024,0.2025,251881.1
2026-08-07 11:00:00,0.2026,0.2026,0.2022,0.2023,395284.0
2026-08-07 11:05:00,0.2023,0.2025,0.2022,0.2023,226449.3
2026-08-07 11:10:00,0.2023,0.2023,0.2016,0.2019,508514.8
2026-08-07 11:15:00,0.202,0.202,0.2014,0.2018,889296.4
2026-08-07 11:20:00,0.2018,0.2028,0.2018,0.2028,878212.0
2026-08-07 11:25:00,0.2028,0.2034,0.2028,0.2029,1013613.3
2026-08-07 11:30:00,0.203,0.203,0.2024,0.2025,938284.0
2026-08-07 11:35:00,0.2025,0.2026,0.202,0.2023,319583.5
2026-08-07 11:40:00,0.2023,0.2024,0.202,0.2022,188287.3
2026-08-07 11:45:00,0.2022,0.2022,0.2016,0.2017,190874.4
2026-08-07 11:50:00,0.2017,0.2021,0.2017,0.2021,347666.2
2026-08-07 11:55:00,0.2021,0.2022,0.2013,0.2015,449609.9
2026-08-07 12:00:00,0.2015,0.2018,0.2009,0.201,996677.8
2026-08-07 12:05:00,0.2011,0.2018,0.2009,0.2018,204104.4
2026-08-07 12:10:00,0.2018,0.202,0.2014,0.2015,275261.1
2026-08-07 12:15:00,0.2016,0.2019,0.2015,0.2015,154983.6
2026-08-07 12:20:00,0.2015,0.2017,0.2011,0.2015,155861.0
2026-08-07 12:25:00,0.2015,0.2016,0.201,0.2015,1207634.4
2026-08-07 12:30:00,0.2016,0.2031,0.2005,0.2005,2902850.3
2026-08-07 12:35:00,0.2004,0.201,0.2003,0.2004,683321.4
2026-08-07 12:40:00,0.2004,0.2007,0.1998,0.2006,565639.9
2026-08-07 12:45:00,0.2007,0.2013,0.2007,0.201,243215.9
2026-08-07 12:50:00,0.2009,0.2015,0.2009,0.2014,217515.9
2026-08-07 12:55:00,0.2014,0.2016,0.201,0.2013,366697.1
2026-08-07 13:00:00,0.2013,0.2015,0.2003,0.2007,966204.9
2026-08-07 13:05:00,0.2007,0.2008,0.2004,0.2008,130133.5
2026-08-07 13:10:00,0.2007,0.201,0.2004,0.2005,169232.5
2026-08-07 13:15:00,0.2004,0.2012,0.2003,0.2012,266019.6
2026-08-07 13:20:00,0.2012,0.2013,0.2007,0.2007,194523.1
2026-08-07 13:25:00,0.2006,0.2012,0.2004,0.2012,146072.3
2026-08-07 13:30:00,0.2012,0.2012,0.2004,0.2005,258071.7
2026-08-07 13:35:00,0.2006,0.2007,0.2001,0.2003,406456.4
2026-08-07 13:40:00,0.2003,0.2005,0.2001,0.2005,212750.0
2026-08-07 13:45:00,0.2004,0.2006,0.1993,0.1999,1166679.0
2026-08-07 13:50:00,0.1999,0.1999,0.1993,0.1994,535839.0
2026-08-07 13:55:00,0.1994,0.1996,0.1989,0.1993,1185489.0
2026-08-07 14:00:00,0.1993,0.1995,0.1983,0.1985,723102.2
2026-08-07 14:05:00,0.1985,0.1994,0.1985,0.1992,293027.4
2026-08-07 14:10:00,0.1991,0.1997,0.1991,0.1995,406946.9
2026-08-07 14:15:00,0.1994,0.1999,0.1993,0.1999,153115.0
2026-08-07 14:20:00,0.1999,0.2002,0.1995,0.1997,363280.6
2026-08-07 14:25:00,0.1997,0.2,0.1996,0.1997,126619.9
2026-08-07 14:30:00,0.1997,0.1997,0.1974,0.1982,2293428.5
2026-08-07 14:35:00,0.1981,0.1982,0.1971,0.1973,519672.6
2026-08-07 14:40:00,0.1973,0.1981,0.197,0.1977,983463.6
2026-08-07 14:45:00,0.1976,0.1981,0.1975,0.1976,738131.9
2026-08-07 14:50:00,0.1975,0.1977,0.1968,0.1973,657542.2
2026-08-07 14:55:00,0.1974,0.1974,0.1966,0.1971,974546.8
2026-08-07 15:00:00,0.1971,0.1977,0.197,0.1976,309267.3
2026-08-07 15:05:00,0.1975,0.1984,0.1975,0.1983,359681.3
2026-08-07 15:10:00,0.1984,0.1985,0.1982,0.1984,219533.2
2026-08-07 15:15:00,0.1983,0.1986,0.1979,0.198,363012.1
2026-08-07 15:20:00,0.198,0.1989,0.198,0.1985,373596.5
2026-08-07 15:25:00,0.1986,0.1988,0.1982,0.1983,194969.4
2026-08-07 15:30:00,0.1983,0.1992,0.1983,0.1987,479141.3
2026-08-07 15:35:00,0.1986,0.1992,0.1985,0.1985,402812.9
2026-08-07 15:40:00,0.1986,0.1997,0.1985,0.1994,732668.1
2026-08-07 15:45:00,0.1994,0.1997,0.1992,0.1996,312691.8
2026-08-07 15:50:00,0.1996,0.2,0.1991,0.1996,473826.5
2026-08-07 15:55:00,0.1995,0.2009,0.1994,0.2009,777275.3
2026-08-07 16:00:00,0.201,0.2014,0.2005,0.2006,749573.9
2026-08-07 16:05:00,0.2006,0.2009,0.2002,0.2004,312030.7
2026-08-07 16:10:00,0.2005,0.2012,0.2001,0.2011,474588.2
2026-08-07 16:15:00,0.2012,0.2018,0.2005,0.2007,820982.7
2026-08-07 16:20:00,0.2008,0.2009,0.2005,0.2006,162740.8
2026-08-07 16:25:00,0.2005,0.201,0.2003,0.2007,533113.3
2026-08-07 16:30:00,0.2008,0.2009,0.2004,0.2005,172463.6
2026-08-07 16:35:00,0.2006,0.201,0.2005,0.2006,244616.6
2026-08-07 16:40:00,0.2006,0.2008,0.2002,0.2004,333398.4
2026-08-07 16:45:00,0.2004,0.2004,0.1998,0.2002,401944.9
2026-08-07 16:50:00,0.2002,0.2004,0.1998,0.1999,281314.2
2026-08-07 16:55:00,0.1999,0.2002,0.1993,0.1993,491024.3
2026-08-07 17:00:00,0.1992,0.1996,0.1991,0.1995,494527.5
2026-08-07 17:05:00,0.1995,0.1998,0.1994,0.1996,604785.9
2026-08-07 17:10:00,0.1996,0.1999,0.1992,0.1993,249614.0
2026-08-07 17:15:00,0.1993,0.1993,0.1985,0.1986,295298.8
2026-08-07 17:20:00,0.1987,0.1988,0.1983,0.1984,321624.4
2026-08-07 17:25:00,0.1983,0.1986,0.1981,0.1986,609461.5
2026-08-07 17:30:00,0.1986,0.1986,0.1982,0.1985,309207.6
2026-08-07 17:35:00,0.1985,0.1988,0.1982,0.1986,256530.8
2026-08-07 17:40:00,0.1986,0.1986,0.1981,0.1983,716029.4
2026-08-07 17:45:00,0.1983,0.1985,0.1977,0.1978,603523.1
2026-08-07 17:50:00,0.1978,0.198,0.1976,0.1979,203640.8
2026-08-07 17:55:00,0.1978,0.1982,0.1978,0.198,129341.7
2026-08-07 18:00:00,0.198,0.1984,0.1979,0.1981,383787.0
2026-08-07 18:05:00,0.1982,0.1986,0.198,0.1984,105859.4
2026-08-07 18:10:00,0.1985,0.1994,0.1982,0.1983,1052834.2
2026-08-07 18:15:00,0.1984,0.199,0.1983,0.1988,549175.7
2026-08-07 18:20:00,0.1988,0.1992,0.1988,0.199,186482.1
2026-08-07 18:25:00,0.199,0.1997,0.1989,0.1995,424567.7
2026-08-07 18:30:00,0.1995,0.2001,0.1994,0.1998,817652.1
2026-08-07 18:35:00,0.1997,0.2004,0.1993,0.2002,484700.2
2026-08-07 18:40:00,0.2002,0.2002,0.1997,0.2001,295715.6
2026-08-07 18:45:00,0.2001,0.2004,0.1998,0.2004,276683.0
2026-08-07 18:50:00,0.2004,0.2005,0.1997,0.2005,889947.2
2026-08-07 18:55:00,0.2004,0.2008,0.2002,0.2006,266123.1
2026-08-07 19:00:00,0.2006,0.2008,0.2003,0.2006,394743.5
2026-08-07 19:05:00,0.2006,0.201,0.2004,0.2009,397803.1
2026-08-07 19:10:00,0.2009,0.2012,0.2008,0.201,996965.5
2026-08-07 19:15:00,0.201,0.2021,0.2009,0.2017,635419.8
2026-08-07 19:20:00,0.2018,0.2025,0.2014,0.2014,1593176.4
2026-08-07 19:25:00,0.2014,0.2016,0.201,0.201,425255.2
2026-08-07 19:30:00,0.2011,0.202,0.2011,0.2018,752203.5
2026-08-07 19:35:00,0.2018,0.2018,0.2012,0.2016,358144.5
2026-08-07 19:40:00,0.2016,0.2017,0.2014,0.2015,265914.5
2026-08-07 19:45:00,0.2015,0.202,0.2014,0.2015,205234.5
2026-08-07 19:50:00,0.2015,0.2016,0.2013,0.2016,112531.2
2026-08-07 19:55:00,0.2015,0.2016,0.2009,0.201,172763.8
2026-08-07 20:00:00,0.201,0.2015,0.2008,0.2014,336698.5
2026-08-07 20:05:00,0.2014,0.2016,0.2013,0.2015,154771.6
2026-08-07 20:10:00,0.2015,0.2016,0.2012,0.2013,241220.5
2026-08-07 20:15:00,0.2013,0.2015,0.2011,0.2012,273332.5
2026-08-07 20:20:00,0.2012,0.2015,0.2011,0.2014,25554.5
2026-08-07 20:25:00,0.2015,0.2021,0.2014,0.2015,857593.7
2026-08-07 20:30:00,0.2015,0.2017,0.2012,0.2013,154670.9
2026-08-07 20:35:00,0.2013,0.2015,0.201,0.2015,117840.6
2026-08-07 20:40:00,0.2015,0.2025,0.2014,0.2022,880414.2
2026-08-07 20:45:00,0.2021,0.2033,0.202,0.2028,561291.2
2026-08-07 20:50:00,0.2028,0.2029,0.2024,0.2025,413952.8
2026-08-07 20:55:00,0.2025,0.2025,0.2021,0.2024,181584.5
2026-08-07 21:00:00,0.2023,0.2025,0.2022,0.2023,66003.5
2026-08-07 21:05:00,0.2023,0.2024,0.202,0.2023,167505.4
2026-08-07 21:10:00,0.2024,0.2029,0.2023,0.2028,161585.4
2026-08-07 21:15:00,0.2028,0.2029,0.2015,0.2015,698643.9
2026-08-07 21:20:00,0.2015,0.2018,0.2013,0.2016,242551.5
2026-08-07 21:25:00,0.2016,0.2016,0.2015,0.2016,32677.6
2026-08-07 21:30:00,0.2017,0.2018,0.2013,0.2014,175421.5
2026-08-07 21:35:00,0.2014,0.2017,0.2014,0.2016,72994.0
2026-08-07 21:40:00,0.2016,0.2019,0.2014,0.2014,219827.5
2026-08-07 21:45:00,0.2013,0.2014,0.2011,0.2013,155430.5
2026-08-07 21:50:00,0.2013,0.2014,0.2009,0.2009,82498.0
2026-08-07 21:55:00,0.201,0.2013,0.2007,0.201,308593.2
2026-08-07 22:00:00,0.2011,0.2011,0.2008,0.201,115234.9
2026-08-07 22:05:00,0.2009,0.2017,0.2009,0.2016,80510.4
2026-08-07 22:10:00,0.2016,0.2021,0.2016,0.2018,211926.4
2026-08-07 22:15:00,0.2017,0.202,0.2015,0.2017,89715.6
2026-08-07 22:20:00,0.2017,0.2019,0.2017,0.2019,144497.2
2026-08-07 22:25:00,0.2019,0.2019,0.2015,0.2016,46415.8
2026-08-07 22:30:00,0.2016,0.2016,0.2008,0.2008,71568.8
2026-08-07 22:35:00,0.2008,0.2008,0.2005,0.2005,84681.2
2026-08-07 22:40:00,0.2006,0.2007,0.2003,0.2007,111480.6
2026-08-07 22:45:00,0.2008,0.2009,0.2006,0.2008,98293.0
2026-08-07 22:50:00,0.2008,0.2008,0.2006,0.2006,43965.6
2026-08-07 22:55:00,0.2005,0.2008,0.2003,0.2007,196099.0
2026-08-07 23:00:00,0.2007,0.2014,0.2007,0.2013,147105.5
2026-08-07 23:05:00,0.2014,0.2016,0.2014,0.2016,157016.3
2026-08-07 23:10:00,0.2015,0.2019,0.2015,0.2019,40948.6
2026-08-07 23:15:00,0.2019,0.2019,0.2015,0.2016,53469.6
2026-08-07 23:20:00,0.2016,0.2017,0.2014,0.2014,87772.6
2026-08-07 23:25:00,0.2013,0.2013,0.2009,0.201,64681.6
2026-08-07 23:30:00,0.2009,0.2009,0.2003,0.2005,207973.0
2026-08-07 23:35:00,0.2004,0.201,0.2003,0.201,115216.7
2026-08-07 23:40:00,0.201,0.2011,0.2009,0.201,39210.2
2026-08-07 23:45:00,0.2011,0.2012,0.2009,0.2009,70309.1
2026-08-07 23:50:00,0.2009,0.2015,0.2008,0.2014,203434.0
2026-08-07 23:55:00,0.2014,0.2014,0.2008,0.2008,123696.5
2026-08-08 00:00:00,0.2009,0.201,0.2006,0.2008,154696.7
2026-08-08 00:05:00,0.2007,0.2008,0.2004,0.2005,71535.3
2026-08-08 00:10:00,0.2004,0.2005,0.2001,0.2002,165455.9
2026-08-08 00:15:00,0.2003,0.2003,0.2001,0.2001,40819.9
2026-08-08 00:20:00,0.2001,0.2002,0.2,0.2,336034.0
2026-08-08 00:25:00,0.2,0.2002,0.2,0.2002,66428.7
2026-08-08 00:30:00,0.2002,0.2002,0.1997,0.1999,142723.9
2026-08-08 00:35:00,0.1999,0.1999,0.1996,0.1998,156407.9
2026-08-08 00:40:00,0.1998,0.2004,0.1998,0.2004,348709.9
2026-08-08 00:45:00,0.2004,0.2005,0.2002,0.2003,91859.8
2026-08-08 00:50:00,0.2003,0.2006,0.2002,0.2005,44936.7
2026-08-08 00:55:00,0.2005,0.2006,0.2004,0.2004,70651.3
2026-08-08 01:00:00,0.2004,0.2005,0.2002,0.2004,61588.2
2026-08-08 01:05:00,0.2003,0.2004,0.1998,0.2002,352705.7
2026-08-08 01:10:00,0.2002,0.2003,0.2001,0.2002,121167.3
2026-08-08 01:15:00,0.2001,0.2001,0.1998,0.1998,230892.1
2026-08-08 01:20:00,0.1998,0.2,0.1997,0.2,78762.3
2026-08-08 01:25:00,0.2,0.2002,0.2,0.2001,34793.1
2026-08-08 01:30:00,0.2,0.2001,0.1995,0.2001,168564.6
2026-08-08 01:35:00,0.2002,0.2005,0.1999,0.1999,109118.3
2026-08-08 01:40:00,0.1999,0.2002,0.1999,0.2001,59907.5
2026-08-08 01:45:00,0.2001,0.2001,0.1998,0.1998,92600.2
2026-08-08 01:50:00,0.1998,0.2004,0.1998,0.2003,365737.2
2026-08-08 01:55:00,0.2003,0.2013,0.2003,0.2007,738402.4
2026-08-08 02:00:00,0.2007,0.2013,0.2006,0.201,136313.6
2026-08-08 02:05:00,0.201,0.2015,0.2009,0.2011,183507.1
2026-08-08 02:10:00,0.2012,0.2012,0.2007,0.201,127575.2
2026-08-08 02:15:00,0.2011,0.2013,0.2009,0.2009,116247.7
2026-08-08 02:20:00,0.2009,0.201,0.2007,0.2008,54175.3
2026-08-08 02:25:00,0.2008,0.2011,0.2008,0.2011,65369.6
2026-08-08 02:30:00,0.2011,0.2011,0.2001,0.2003,618754.9
2026-08-08 02:35:00,0.2002,0.2004,0.2,0.2,53741.5
2026-08-08 02:40:00,0.1999,0.2005,0.1999,0.2002,161610.6
2026-08-08 02:45:00,0.2003,0.2006,0.2002,0.2005,31367.7
2026-08-08 02:50:00,0.2005,0.2008,0.2004,0.2006,157196.7
2026-08-08 02:55:00,0.2007,0.2007,0.2005,0.2005,34231.9
2026-08-08 03:00:00,0.2005,0.2009,0.2005,0.2009,27711.0
2026-08-08 03:05:00,0.2008,0.2011,0.2008,0.2011,111294.3
2026-08-08 03:10:00,0.2011,0.2014,0.2009,0.2009,175293.4
2026-08-08 03:15:00,0.2008,0.201,0.2008,0.2009,18741.3
2026-08-08 03:20:00,0.2009,0.201,0.2006,0.2007,125923.4
2026-08-08 03:25:00,0.2007,0.2008,0.2006,0.2007,104562.3
2026-08-08 03:30:00,0.2007,0.2023,0.2007,0.202,839132.6
2026-08-08 03:35:00,0.2021,0.2024,0.2016,0.2017,314643.2
2026-08-08 03:40:00,0.2018,0.2019,0.2014,0.2014,634802.8
2026-08-08 03:45:00,0.2014,0.2018,0.2013,0.2017,149300.4
2026-08-08 03:50:00,0.2018,0.2018,0.2013,0.2015,110218.0
2026-08-08 03:55:00,0.2015,0.2018,0.201,0.201,379189.1
2026-08-08 04:00:00,0.2011,0.2014,0.201,0.2012,344112.9
2026-08-08 04:05:00,0.2011,0.2011,0.2009,0.201,168511.0
2026-08-08 04:10:00,0.201,0.2011,0.2007,0.2011,51561.0
2026-08-08 04:15:00,0.2011,0.2012,0.201,0.2011,52147.3
2026-08-08 04:20:00,0.2011,0.2012,0.2008,0.2008,90547.2
2026-08-08 04:25:00,0.2007,0.2007,0.2005,0.2006,61058.4
2026-08-08 04:30:00,0.2007,0.2013,0.2006,0.201,214441.6
2026-08-08 04:35:00,0.201,0.2016,0.201,0.2014,173725.9
2026-08-08 04:40:00,0.2013,0.2015,0.2013,0.2013,33185.7
2026-08-08 04:45:00,0.2012,0.2013,0.201,0.201,45745.0
2026-08-08 04:50:00,0.201,0.2011,0.2009,0.2011,30469.7
2026-08-08 04:55:00,0.2011,0.2011,0.2007,0.2007,27821.5
2026-08-08 05:00:00,0.2008,0.201,0.2008,0.2009,121722.9
2026-08-08 05:05:00,0.2009,0.2009,0.2004,0.2005,84369.5
2026-08-08 05:10:00,0.2006,0.2009,0.2005,0.2009,55593.5
2026-08-08 05:15:00,0.2009,0.2009,0.2006,0.2007,73625.9
2026-08-08 05:20:00,0.2008,0.201,0.2007,0.201,197578.3
2026-08-08 05:25:00,0.2011,0.2012,0.2009,0.201,140631.8
2026-08-08 05:30:00,0.201,0.2013,0.2009,0.2013,45132.7
2026-08-08 05:35:00,0.2013,0.2013,0.2009,0.2011,80745.3
2026-08-08 05:40:00,0.201,0.2013,0.201,0.2011,76991.4
2026-08-08 05:45:00,0.2011,0.2013,0.201,0.2012,57731.3
2026-08-08 05:50:00,0.2012,0.2013,0.2011,0.2011,156902.2
2026-08-08 05:55:00,0.201,0.2014,0.2007,0.2007,136599.1
2026-08-08 06:00:00,0.2008,0.2008,0.2004,0.2004,76603.3
2026-08-08 06:05:00,0.2005,0.2005,0.2001,0.2002,128570.4
2026-08-08 06:10:00,0.2002,0.2002,0.1999,0.2,377190.2
2026-08-08 06:15:00,0.2,0.2002,0.1998,0.2,223238.5
2026-08-08 06:20:00,0.1999,0.2001,0.1998,0.2,82026.4
2026-08-08 06:25:00,0.2,0.2,0.1998,0.1998,88650.0
2026-08-08 06:30:00,0.1999,0.2002,0.1997,0.2,64448.2
2026-08-08 06:35:00,0.2001,0.2002,0.2,0.2002,186281.2
2026-08-08 06:40:00,0.2001,0.2002,0.1998,0.1999,132693.7
2026-08-08 06:45:00,0.1999,0.1999,0.1997,0.1999,89164.2
2026-08-08 06:50:00,0.1999,0.2001,0.1998,0.1998,369381.8
2026-08-08 06:55:00,0.1999,0.2001,0.1999,0.1999,59803.6
2026-08-08 07:00:00,0.1999,0.2,0.1999,0.1999,3618.6
2026-08-08 07:05:00,0.2,0.2001,0.1996,0.1999,548006.0
2026-08-08 07:10:00,0.1998,0.1999,0.1996,0.1997,52428.9
2026-08-08 07:15:00,0.1997,0.1997,0.1995,0.1995,287779.5
2026-08-08 07:20:00,0.1996,0.1996,0.1991,0.1993,165315.8
2026-08-08 07:25:00,0.1992,0.1995,0.1991,0.1992,329162.5
2026-08-08 07:30:00,0.1993,0.1994,0.1991,0.1992,82108.0
2026-08-08 07:35:00,0.1993,0.1995,0.1992,0.1992,146669.1
2026-08-08 07:40:00,0.1993,0.1994,0.1991,0.1991,137852.4
2026-08-08 07:45:00,0.1992,0.1993,0.1991,0.1991,114213.7
2026-08-08 07:50:00,0.1992,0.1995,0.1991,0.1995,236862.1
2026-08-08 07:55:00,0.1996,0.2003,0.1996,0.2003,211432.1
2026-08-08 08:00:00,0.2003,0.2004,0.1999,0.2,285974.5
2026-08-08 08:05:00,0.2,0.2001,0.1998,0.1999,59484.9
2026-08-08 08:10:00,0.1999,0.2001,0.1998,0.2001,84207.9
2026-08-08 08:15:00,0.2001,0.2003,0.1996,0.1996,218208.5
2026-08-08 08:20:00,0.1996,0.1997,0.1993,0.1996,91737.9
2026-08-08 08:25:00,0.1997,0.1998,0.1995,0.1995,70632.6
2026-08-08 08:30:00,0.1995,0.2004,0.1995,0.2003,215803.5
2026-08-08 08:35:00,0.2003,0.2004,0.2001,0.2001,74072.7
2026-08-08 08:40:00,0.2,0.2001,0.1994,0.1997,169233.2
2026-08-08 08:45:00,0.1996,0.1999,0.1994,0.1998,276131.1
2026-08-08 08:50:00,0.1998,0.2,0.1997,0.1999,141521.4
2026-08-08 08:55:00,0.1998,0.2002,0.1998,0.2,205641.5
2026-08-08 09:00:00,0.2001,0.2001,0.1997,0.1998,125846.3
2026-08-08 09:05:00,0.1999,0.2,0.1997,0.1998,129952.7
2026-08-08 09:10:00,0.1998,0.1998,0.1992,0.1992,476310.9
2026-08-08 09:15:00,0.1992,0.1994,0.1991,0.1991,153506.0
2026-08-08 09:20:00,0.1992,0.1994,0.1991,0.1994,44805.3
2026-08-08 09:25:00,0.1993,0.1996,0.1993,0.1995,97196.6
2026-08-08 09:30:00,0.1994,0.2,0.1994,0.1997,201760.6
2026-08-08 09:35:00,0.1996,0.1996,0.199,0.1992,111398.8
2026-08-08 09:40:00,0.1991,0.1992,0.1986,0.1988,536220.2
2026-08-08 09:45:00,0.1988,0.1988,0.1986,0.1987,67042.5
2026-08-08 09:50:00,0.1988,0.1991,0.1985,0.1988,303733.9
2026-08-08 09:55:00,0.1989,0.1993,0.1986,0.1991,958170.7
2026-08-08 10:00:00,0.1991,0.1992,0.1989,0.199,191239.3
2026-08-08 10:05:00,0.1989,0.1993,0.1989,0.1992,48939.3
2026-08-08 10:10:00,0.1992,0.1993,0.1991,0.1993,125528.9
2026-08-08 10:15:00,0.1993,0.1995,0.1993,0.1994,75572.5
2026-08-08 10:20:00,0.1994,0.1996,0.1994,0.1996,53476.1
2026-08-08 10:25:00,0.1996,0.2001,0.1996,0.1997,201218.2
2026-08-08 10:30:00,0.1997,0.2002,0.1996,0.1999,261262.1
2026-08-08 10:35:00,0.1998,0.1998,0.1996,0.1996,135639.2
2026-08-08 10:40:00,0.1996,0.1997,0.1994,0.1994,187818.2
2026-08-08 10:45:00,0.1995,0.1999,0.1994,0.1998,207907.6
2026-08-08 10:50:00,0.1998,0.1999,0.1998,0.1999,40001.3
2026-08-08 10:55:00,0.2,0.2001,0.1999,0.2,35430.7
2026-08-08 11:00:00,0.1999,0.2,0.1997,0.1999,97232.7
2026-08-08 11:05:00,0.2,0.2002,0.1998,0.2001,44664.4
2026-08-08 11:10:00,0.2001,0.2005,0.1999,0.2,293317.6
2026-08-08 11:15:00,0.1999,0.2,0.1995,0.1999,446653.2
2026-08-08 11:20:00,0.1998,0.2001,0.1997,0.1999,110975.8
2026-08-08 11:25:00,0.1999,0.2002,0.1999,0.2002,79995.7
2026-08-08 11:30:00,0.2002,0.2002,0.1997,0.1997,119197.7
2026-08-08 11:35:00,0.1996,0.1998,0.1994,0.1996,105427.3
2026-08-08 11:40:00,0.1996,0.1997,0.1994,0.1996,212243.8
2026-08-08 11:45:00,0.1996,0.1998,0.1995,0.1997,108833.9
2026-08-08 11:50:00,0.1997,0.1997,0.1995,0.1996,65378.9
2026-08-08 11:55:00,0.1997,0.1997,0.1993,0.1994,46592.7
2026-08-08 12:00:00,0.1994,0.1998,0.1994,0.1995,83485.9
2026-08-08 12:05:00,0.1996,0.2002,0.1996,0.1999,113811.2
2026-08-08 12:10:00,0.1999,0.2003,0.1998,0.2001,179931.5
2026-08-08 12:15:00,0.2001,0.2004,0.1998,0.2003,84609.9
2026-08-08 12:20:00,0.2004,0.2004,0.2001,0.2002,44547.6
2026-08-08 12:25:00,0.2002,0.2003,0.1993,0.1993,169751.1
2026-08-08 12:30:00,0.1994,0.1994,0.1988,0.1994,421408.1
2026-08-08 12:35:00,0.1994,0.1998,0.1994,0.1994,114091.2
2026-08-08 12:40:00,0.1995,0.1995,0.1991,0.1993,212865.7
2026-08-08 12:45:00,0.1992,0.1993,0.1988,0.199,78445.5
2026-08-08 12:50:00,0.1989,0.1993,0.1989,0.1992,178462.4
2026-08-08 12:55:00,0.1992,0.1993,0.199,0.1992,202858.0
2026-08-08 13:00:00,0.1992,0.1993,0.199,0.1993,53041.4
2026-08-08 13:05:00,0.1993,0.1997,0.1993,0.1996,102746.9
2026-08-08 13:10:00,0.1995,0.1996,0.1991,0.1991,157933.8
2026-08-08 13:15:00,0.1992,0.1996,0.1992,0.1993,439807.4
2026-08-08 13:20:00,0.1993,0.1994,0.1991,0.1992,109228.1
2026-08-08 13:25:00,0.1992,0.1994,0.1991,0.1992,83255.1
2026-08-08 13:30:00,0.1992,0.1997,0.1991,0.1997,65825.1
2026-08-08 13:35:00,0.1996,0.1999,0.1996,0.1998,73349.0
2026-08-08 13:40:00,0.1998,0.1999,0.1994,0.1994,81418.7
2026-08-08 13:45:00,0.1994,0.1996,0.1992,0.1996,128737.4
2026-08-08 13:50:00,0.1995,0.1995,0.1993,0.1993,134837.9
2026-08-08 13:55:00,0.1994,0.2002,0.1994,0.2002,230991.3
2026-08-08 14:00:00,0.2002,0.2003,0.2,0.2003,153863.1
2026-08-08 14:05:00,0.2004,0.2004,0.2001,0.2001,216560.5
2026-08-08 14:10:00,0.2,0.2009,0.2,0.2007,322204.7
2026-08-08 14:15:00,0.2007,0.2007,0.2002,0.2003,175615.5
2026-08-08 14:20:00,0.2002,0.2006,0.2002,0.2004,362870.2
2026-08-08 14:25:00,0.2004,0.2007,0.2002,0.2004,262037.6
2026-08-08 14:30:00,0.2004,0.2005,0.2002,0.2004,172936.4
2026-08-08 14:35:00,0.2004,0.2006,0.1997,0.1997,380736.0
2026-08-08 14:40:00,0.1997,0.1997,0.1994,0.1996,240337.9
2026-08-08 14:45:00,0.1996,0.2,0.1994,0.1999,107066.1
2026-08-08 14:50:00,0.1999,0.2006,0.1998,0.2005,427073.1
2026-08-08 14:55:00,0.2005,0.2008,0.2002,0.2004,365500.4
2026-08-08 15:00:00,0.2004,0.2007,0.2002,0.2002,140359.7
2026-08-08 15:05:00,0.2003,0.2004,0.2,0.2001,130693.6
2026-08-08 15:10:00,0.2001,0.2003,0.2001,0.2002,82562.7
2026-08-08 15:15:00,0.2003,0.2003,0.2,0.2,67712.6
2026-08-08 15:20:00,0.2,0.2002,0.1998,0.2001,509481.5
2026-08-08 15:25:00,0.2001,0.2004,0.2,0.2004,184306.8
2026-08-08 15:30:00,0.2004,0.2004,0.1999,0.2001,117185.8
2026-08-08 15:35:00,0.2001,0.2001,0.1999,0.1999,85826.0
2026-08-08 15:40:00,0.1999,0.2002,0.1998,0.2001,36201.4
2026-08-08 15:45:00,0.2001,0.2001,0.1996,0.1998,540883.1
2026-08-08 15:50:00,0.1999,0.2,0.1997,0.1999,100879.9
2026-08-08 15:55:00,0.1999,0.1999,0.1995,0.1995,60277.2
2026-08-08 16:00:00,0.1996,0.2,0.1996,0.1998,483001.3
2026-08-08 16:05:00,0.1998,0.2002,0.1998,0.2,282584.1
2026-08-08 16:10:00,0.2001,0.2006,0.2,0.2003,158506.5
2026-08-08 16:15:00,0.2003,0.2003,0.2,0.2002,363533.4
2026-08-08 16:20:00,0.2002,0.2003,0.2,0.2001,32043.5
2026-08-08 16:25:00,0.2002,0.2005,0.2001,0.2002,201617.8
2026-08-08 16:30:00,0.2002,0.2005,0.2001,0.2005,351134.8
2026-08-08 16:35:00,0.2005,0.2011,0.2004,0.2006,261128.5
2026-08-08 16:40:00,0.2006,0.2007,0.2005,0.2006,42157.9
2026-08-08 16:45:00,0.2006,0.2007,0.2001,0.2001,181465.9
2026-08-08 16:50:00,0.2,0.2003,0.2,0.2003,39566.3
2026-08-08 16:55:00,0.2004,0.2004,0.2002,0.2004,62830.2
2026-08-08 17:00:00,0.2003,0.2004,0.2,0.2,246613.4
2026-08-08 17:05:00,0.2001,0.2003,0.1999,0.2003,110075.4
2026-08-08 17:10:00,0.2004,0.2005,0.2002,0.2003,196556.1
2026-08-08 17:15:00,0.2004,0.2004,0.1998,0.2,123494.7
2026-08-08 17:20:00,0.2,0.2001,0.1998,0.1999,61854.3
2026-08-08 17:25:00,0.1998,0.2002,0.1998,0.2001,169601.1
2026-08-08 17:30:00,0.2001,0.2004,0.1999,0.2003,65564.0
2026-08-08 17:35:00,0.2003,0.2004,0.2001,0.2002,185462.3
2026-08-08 17:40:00,0.2002,0.2003,0.2,0.2001,65913.8
2026-08-08 17:45:00,0.2001,0.2001,0.1997,0.1999,102530.2
2026-08-08 17:50:00,0.1999,0.1999,0.1996,0.1997,201169.2
2026-08-08 17:55:00,0.1997,0.1999,0.1996,0.1997,83195.3
2026-08-08 18:00:00,0.1997,0.2,0.1996,0.1999,253920.4
2026-08-08 18:05:00,0.1998,0.1998,0.1996,0.1998,88635.2
2026-08-08 18:10:00,0.1997,0.2,0.1997,0.2,80089.8
2026-08-08 18:15:00,0.2,0.2002,0.1998,0.2,928123.9
2026-08-08 18:20:00,0.2001,0.2005,0.2,0.2,327016.5
2026-08-08 18:25:00,0.2,0.2001,0.2,0.2001,17511.8
2026-08-08 18:30:00,0.2001,0.2002,0.1999,0.1999,166085.8
2026-08-08 18:35:00,0.1999,0.2002,0.1999,0.2,62649.0
2026-08-08 18:40:00,0.2001,0.2006,0.2001,0.2006,21557.1
2026-08-08 18:45:00,0.2007,0.2009,0.2004,0.2005,155274.2
2026-08-08 18:50:00,0.2006,0.2006,0.2004,0.2006,18517.7
2026-08-08 18:55:00,0.2005,0.2007,0.2005,0.2007,122842.8
2026-08-08 19:00:00,0.2008,0.2008,0.2002,0.2003,80108.6
2026-08-08 19:05:00,0.2003,0.2005,0.2002,0.2002,57605.5
2026-08-08 19:10:00,0.2002,0.2003,0.2001,0.2002,20605.2
2026-08-08 19:15:00,0.2002,0.2002,0.1999,0.2,61074.0
2026-08-08 19:20:00,0.2,0.2001,0.2,0.2001,418126.3
2026-08-08 19:25:00,0.2001,0.2006,0.2001,0.2005,137856.6
2026-08-08 19:30:00,0.2006,0.2008,0.2003,0.2007,529200.1
2026-08-08 19:35:00,0.2008,0.2008,0.2007,0.2007,83207.9
2026-08-08 19:40:00,0.2008,0.2009,0.2006,0.2009,197943.6
2026-08-08 19:45:00,0.2009,0.2009,0.2005,0.2008,483107.0
2026-08-08 19:50:00,0.2008,0.2009,0.2007,0.2008,77467.1
2026-08-08 19:55:00,0.2008,0.2008,0.2004,0.2005,301263.4
2026-08-08 20:00:00,0.2006,0.2006,0.2,0.2002,258046.9
2026-08-08 20:05:00,0.2002,0.2003,0.2001,0.2002,130855.1
2026-08-08 20:10:00,0.2003,0.2003,0.2001,0.2003,54276.4
2026-08-08 20:15:00,0.2002,0.2004,0.2001,0.2002,74741.0
2026-08-08 20:20:00,0.2001,0.2003,0.2001,0.2002,26404.4
2026-08-08 20:25:00,0.2001,0.2006,0.2001,0.2003,77655.3
2026-08-08 20:30:00,0.2003,0.201,0.2002,0.2007,577193.7
2026-08-08 20:35:00,0.2007,0.2008,0.2005,0.2006,48582.7
2026-08-08 20:40:00,0.2005,0.2006,0.2004,0.2004,20690.6
2026-08-08 20:45:00,0.2004,0.2006,0.2002,0.2004,190760.2
2026-08-08 20:50:00,0.2004,0.2005,0.2003,0.2005,112578.7
2026-08-08 20:55:00,0.2006,0.2006,0.2005,0.2005,54352.8
2026-08-08 21:00:00,0.2006,0.2007,0.2004,0.2005,67295.5
2026-08-08 21:05:00,0.2005,0.2007,0.2004,0.2004,100375.7
2026-08-08 21:10:00,0.2005,0.2005,0.2001,0.2001,75251.9
2026-08-08 21:15:00,0.2001,0.2002,0.2001,0.2002,11273.2
2026-08-08 21:20:00,0.2001,0.2003,0.2001,0.2001,116359.4
2026-08-08 21:25:00,0.2002,0.2002,0.2001,0.2001,15889.7
2026-08-08 21:30:00,0.2,0.2001,0.1999,0.2001,26672.1
2026-08-08 21:35:00,0.2,0.2002,0.1999,0.2001,24412.8
2026-08-08 21:40:00,0.2001,0.2001,0.1997,0.1997,99110.5
2026-08-08 21:45:00,0.1998,0.1999,0.1997,0.1998,73688.2
2026-08-08 21:50:00,0.1997,0.1998,0.1992,0.1994,380937.2
2026-08-08 21:55:00,0.1995,0.1996,0.1992,0.1995,108405.4
2026-08-08 22:00:00,0.1996,0.2,0.1996,0.1997,162930.3
2026-08-08 22:05:00,0.1997,0.1998,0.1996,0.1998,27025.6
2026-08-08 22:10:00,0.1999,0.1999,0.1996,0.1997,47540.3
2026-08-08 22:15:00,0.1997,0.1999,0.1995,0.1998,57838.6
2026-08-08 22:20:00,0.1999,0.2001,0.1998,0.2,30473.8
2026-08-08 22:25:00,0.2001,0.2002,0.1998,0.2001,242248.3
2026-08-08 22:30:00,0.2002,0.2002,0.199,0.199,481131.2
2026-08-08 22:35:00,0.1991,0.1991,0.198,0.1984,1268037.4
2026-08-08 22:40:00,0.1983,0.1984,0.1976,0.1981,1028030.4
2026-08-08 22:45:00,0.1982,0.1984,0.1979,0.1983,328836.6
2026-08-08 22:50:00,0.1983,0.1989,0.1982,0.1987,266193.9
2026-08-08 22:55:00,0.1988,0.199,0.1987,0.1989,68479.8
2026-08-08 23:00:00,0.1989,0.1989,0.1986,0.1989,77534.7
2026-08-08 23:05:00,0.199,0.1992,0.1989,0.1992,156469.5
2026-08-08 23:10:00,0.1992,0.1992,0.199,0.199,20745.9
2026-08-08 23:15:00,0.199,0.1991,0.1989,0.1991,33550.3
2026-08-08 23:20:00,0.1991,0.1993,0.1991,0.1993,32787.8
2026-08-08 23:25:00,0.1993,0.1993,0.199,0.199,133812.8
2026-08-08 23:30:00,0.199,0.1997,0.1989,0.1996,302045.0
2026-08-08 23:35:00,0.1996,0.1998,0.1993,0.1994,157830.7
2026-08-08 23:40:00,0.1993,0.1997,0.1993,0.1996,61489.2
2026-08-08 23:45:00,0.1996,0.1996,0.1995,0.1995,18514.0
2026-08-08 23:50:00,0.1995,0.1997,0.1993,0.1994,82899.3
2026-08-08 23:55:00,0.1993,0.1995,0.1993,0.1995,73992.2
2026-08-09 00:00:00,0.1996,0.1996,0.1992,0.1994,299312.1
2026-08-09 00:05:00,0.1994,0.1995,0.199,0.1991,160874.2
2026-08-09 00:10:00,0.1991,0.1992,0.1988,0.1989,159391.2
2026-08-09 00:15:00,0.199,0.199,0.1985,0.1986,502479.3
2026-08-09 00:20:00,0.1986,0.1987,0.1983,0.1985,874707.0
2026-08-09 00:25:00,0.1984,0.1986,0.1982,0.1986,279486.1
2026-08-09 00:30:00,0.1985,0.1985,0.198,0.1981,541204.0
2026-08-09 00:35:00,0.1981,0.1986,0.198,0.1985,159678.0
2026-08-09 00:40:00,0.1984,0.1992,0.1984,0.1991,284958.2
2026-08-09 00:45:00,0.1991,0.1992,0.1988,0.1989,394907.0
2026-08-09 00:50:00,0.1989,0.1989,0.1985,0.1985,212219.0
2026-08-09 00:55:00,0.1986,0.1989,0.1986,0.1988,220868.4
2026-08-09 01:00:00,0.1988,0.1992,0.1987,0.1991,226961.1
2026-08-09 01:05:00,0.1991,0.1994,0.199,0.1993,80498.7
2026-08-09 01:10:00,0.1993,0.1996,0.1993,0.1995,119804.6
2026-08-09 01:15:00,0.1996,0.1996,0.1992,0.1993,15201.5
2026-08-09 01:20:00,0.1993,0.1993,0.1989,0.1991,112617.2
2026-08-09 01:25:00,0.1992,0.1992,0.1986,0.1986,107309.1
2026-08-09 01:30:00,0.1986,0.1998,0.1985,0.1996,625277.1
2026-08-09 01:35:00,0.1996,0.1998,0.1993,0.1996,169999.7
2026-08-09 01:40:00,0.1996,0.1996,0.1992,0.1994,137061.6
2026-08-09 01:45:00,0.1993,0.1993,0.1991,0.1992,72157.8
2026-08-09 01:50:00,0.1991,0.1994,0.1989,0.1993,311136.4
2026-08-09 01:55:00,0.1993,0.1994,0.199,0.1991,38119.0
2026-08-09 02:00:00,0.1991,0.1992,0.1989,0.1992,247748.7
2026-08-09 02:05:00,0.1993,0.1996,0.1993,0.1994,89234.7
2026-08-09 02:10:00,0.1994,0.1996,0.1991,0.1996,151188.8
2026-08-09 02:15:00,0.1995,0.1996,0.1993,0.1994,57755.2
2026-08-09 02:20:00,0.1993,0.1996,0.1993,0.1996,135594.6
2026-08-09 02:25:00,0.1996,0.1996,0.1992,0.1992,343258.7
2026-08-09 02:30:00,0.1992,0.1993,0.1991,0.1991,56774.7
2026-08-09 02:35:00,0.1992,0.1992,0.1987,0.1987,311916.5
2026-08-09 02:40:00,0.1986,0.1989,0.1985,0.1985,261101.6
2026-08-09 02:45:00,0.1985,0.1989,0.1985,0.1988,264008.3
2026-08-09 02:50:00,0.1987,0.1989,0.1985,0.1985,427920.2
2026-08-09 02:55:00,0.1986,0.1987,0.1985,0.1986,29229.5
2026-08-09 03:00:00,0.1986,0.1986,0.1983,0.1986,190078.9
2026-08-09 03:05:00,0.1986,0.1986,0.1981,0.1984,484405.5
2026-08-09 03:10:00,0.1984,0.1984,0.1981,0.1983,186441.3
2026-08-09 03:15:00,0.1982,0.1986,0.1981,0.1986,305528.7
2026-08-09 03:20:00,0.1986,0.1989,0.1986,0.1989,101746.7
2026-08-09 03:25:00,0.1988,0.1991,0.1987,0.1991,184610.3
2026-08-09 03:30:00,0.199,0.199,0.1987,0.1988,90407.4
2026-08-09 03:35:00,0.1988,0.199,0.1987,0.1987,99162.2
2026-08-09 03:40:00,0.1988,0.1988,0.1986,0.1988,72083.2
2026-08-09 03:45:00,0.1987,0.1988,0.1986,0.1987,142510.3
2026-08-09 03:50:00,0.1986,0.1987,0.1985,0.1987,45178.7
2026-08-09 03:55:00,0.1987,0.1988,0.1981,0.1983,348720.1
2026-08-09 04:00:00,0.1983,0.1984,0.1981,0.1984,443037.0
2026-08-09 04:05:00,0.1984,0.1987,0.1983,0.1987,277234.1
2026-08-09 04:10:00,0.1986,0.199,0.1986,0.1989,129395.2
2026-08-09 04:15:00,0.1989,0.1989,0.1986,0.1987,58166.8
2026-08-09 04:20:00,0.1986,0.199,0.1986,0.1988,55100.2
2026-08-09 04:25:00,0.1988,0.1988,0.1984,0.1985,329346.9
2026-08-09 04:30:00,0.1985,0.1985,0.1983,0.1985,176754.4
2026-08-09 04:35:00,0.1984,0.1985,0.1981,0.1984,423200.6
2026-08-09 04:40:00,0.1984,0.1985,0.1981,0.1983,140540.2
2026-08-09 04:45:00,0.1982,0.1983,0.1978,0.1979,782924.3
2026-08-09 04:50:00,0.1979,0.1979,0.1976,0.1978,316566.7
2026-08-09 04:55:00,0.1978,0.198,0.1977,0.1978,249511.6
2026-08-09 05:00:00,0.1978,0.1981,0.1977,0.1979,484447.8
2026-08-09 05:05:00,0.1978,0.1982,0.1977,0.198,111623.2
2026-08-09 05:10:00,0.198,0.1981,0.1978,0.1978,74572.5
2026-08-09 05:15:00,0.1979,0.1979,0.1974,0.1974,337129.0
2026-08-09 05:20:00,0.1975,0.1977,0.1968,0.1976,1151351.7
2026-08-09 05:25:00,0.1976,0.1976,0.1974,0.1975,108485.0
2026-08-09 05:30:00,0.1974,0.1975,0.1972,0.1973,305363.6
2026-08-09 05:35:00,0.1974,0.1974,0.1971,0.1972,68110.0
2026-08-09 05:40:00,0.1973,0.1975,0.197,0.1975,265676.2
2026-08-09 05:45:00,0.1974,0.198,0.1974,0.1978,443149.4
2026-08-09 05:50:00,0.1978,0.198,0.1977,0.1979,20631.3
2026-08-09 05:55:00,0.1979,0.1983,0.1979,0.1982,103436.0
2026-08-09 06:00:00,0.1982,0.1987,0.1982,0.1985,248082.2
2026-08-09 06:05:00,0.1986,0.1991,0.1985,0.1989,377104.2
2026-08-09 06:10:00,0.1989,0.199,0.1987,0.1988,51934.2
2026-08-09 06:15:00,0.1988,0.199,0.1988,0.1989,74878.8
2026-08-09 06:20:00,0.199,0.1994,0.1988,0.199,482560.2
2026-08-09 06:25:00,0.199,0.1991,0.1987,0.1988,154046.7
2026-08-09 06:30:00,0.1987,0.1988,0.1986,0.1987,154789.4
2026-08-09 06:35:00,0.1986,0.1987,0.1984,0.1984,152883.4
2026-08-09 06:40:00,0.1984,0.1988,0.1984,0.1988,86145.8
2026-08-09 06:45:00,0.1987,0.1989,0.1985,0.1986,261828.0
2026-08-09 06:50:00,0.1985,0.1987,0.1985,0.1986,79886.4
2026-08-09 06:55:00,0.1986,0.1988,0.1984,0.1986,120755.8
2026-08-09 07:00:00,0.1986,0.1988,0.1985,0.1987,75411.1
2026-08-09 07:05:00,0.1987,0.1991,0.1987,0.1989,212036.2
2026-08-09 07:10:00,0.1989,0.1989,0.1986,0.1986,278655.7
2026-08-09 07:15:00,0.1986,0.1988,0.1985,0.1985,151442.8
2026-08-09 07:20:00,0.1985,0.199,0.1984,0.1989,65797.8
2026-08-09 07:25:00,0.199,0.2,0.1989,0.1994,1635822.1
2026-08-09 07:30:00,0.1995,0.1997,0.1994,0.1995,143775.3
2026-08-09 07:35:00,0.1995,0.1995,0.1993,0.1994,77245.2
2026-08-09 07:40:00,0.1993,0.1993,0.1991,0.1991,149591.7
2026-08-09 07:45:00,0.1991,0.1991,0.1988,0.1989,91436.7
2026-08-09 07:50:00,0.1988,0.1989,0.1987,0.1989,77339.4
2026-08-09 07:55:00,0.1989,0.1991,0.1987,0.1987,115347.5
2026-08-09 08:00:00,0.1986,0.1991,0.1985,0.199,151115.2
2026-08-09 08:05:00,0.199,0.199,0.1983,0.1983,43386.8
2026-08-09 08:10:00,0.1983,0.1983,0.198,0.1982,145157.1
2026-08-09 08:15:00,0.1981,0.1982,0.198,0.198,101511.6
2026-08-09 08:20:00,0.198,0.198,0.1977,0.1978,175028.9
2026-08-09 08:25:00,0.1979,0.1979,0.1975,0.1978,450802.4
2026-08-09 08:30:00,0.1978,0.198,0.1977,0.198,174624.7
2026-08-09 08:35:00,0.1979,0.1981,0.1978,0.1978,50059.7
2026-08-09 08:40:00,0.1978,0.1978,0.1974,0.1974,226831.6
2026-08-09 08:45:00,0.1974,0.1976,0.1973,0.1975,188864.1
2026-08-09 08:50:00,0.1976,0.1977,0.1975,0.1977,82481.4
2026-08-09 08:55:00,0.1977,0.1979,0.1977,0.1979,86651.0
2026-08-09 09:00:00,0.1978,0.198,0.1976,0.1978,88292.8
2026-08-09 09:05:00,0.1978,0.1978,0.1972,0.1973,293603.8
2026-08-09 09:10:00,0.1973,0.1973,0.197,0.1971,318757.1
2026-08-09 09:15:00,0.197,0.1971,0.1962,0.1968,1789436.5
2026-08-09 09:20:00,0.1968,0.1969,0.1966,0.1969,136161.0
2026-08-09 09:25:00,0.1968,0.1969,0.1966,0.1968,218729.1
2026-08-09 09:30:00,0.1967,0.197,0.1966,0.1969,62584.4
2026-08-09 09:35:00,0.1969,0.1969,0.1963,0.1965,360924.7
2026-08-09 09:40:00,0.1964,0.1965,0.1963,0.1965,375915.3
2026-08-09 09:45:00,0.1964,0.1966,0.1962,0.1965,334251.9
2026-08-09 09:50:00,0.1965,0.1966,0.1962,0.1965,109024.9
2026-08-09 09:55:00,0.1965,0.1966,0.1961,0.1963,330040.8
2026-08-09 10:00:00,0.1962,0.1966,0.1956,0.1965,671300.5
2026-08-09 10:05:00,0.1965,0.1967,0.1964,0.1965,166947.6
2026-08-09 10:10:00,0.1965,0.1968,0.1965,0.1968,104286.6
2026-08-09 10:15:00,0.1968,0.197,0.1967,0.1968,117284.1
2026-08-09 10:20:00,0.1967,0.1969,0.1963,0.1966,352778.9
2026-08-09 10:25:00,0.1966,0.1966,0.1964,0.1966,73010.5
2026-08-09 10:30:00,0.1965,0.1966,0.1963,0.1963,209258.2
2026-08-09 10:35:00,0.1963,0.1966,0.196,0.1962,358353.6
2026-08-09 10:40:00,0.1961,0.1962,0.1958,0.1961,333158.5
2026-08-09 10:45:00,0.1961,0.1961,0.1959,0.1961,122923.2
2026-08-09 10:50:00,0.1961,0.1963,0.196,0.1961,41799.4
2026-08-09 10:55:00,0.196,0.1963,0.196,0.1961,157102.7
2026-08-09 11:00:00,0.1961,0.1964,0.1961,0.1963,66976.2
2026-08-09 11:05:00,0.1962,0.1965,0.1962,0.1965,44120.2
2026-08-09 11:10:00,0.1964,0.1968,0.1963,0.1966,128360.8
2026-08-09 11:15:00,0.1966,0.1968,0.1965,0.1968,58861.8
2026-08-09 11:20:00,0.1968,0.1971,0.1967,0.1968,690828.8
2026-08-09 11:25:00,0.1967,0.197,0.1967,0.197,114035.7
2026-08-09 11:30:00,0.197,0.197,0.1966,0.1967,124273.6
2026-08-09 11:35:00,0.1966,0.1967,0.1965,0.1965,127328.7
2026-08-09 11:40:00,0.1966,0.197,0.1966,0.1969,325719.3
2026-08-09 11:45:00,0.1969,0.1971,0.1969,0.1969,84090.4
2026-08-09 11:50:00,0.1968,0.1969,0.1965,0.1966,48889.7
2026-08-09 11:55:00,0.1967,0.1968,0.1965,0.1965,110330.1
2026-08-09 12:00:00,0.1965,0.1966,0.1961,0.1963,99401.7
2026-08-09 12:05:00,0.1962,0.1962,0.196,0.196,206685.7
2026-08-09 12:10:00,0.196,0.1963,0.1958,0.1963,618008.7
2026-08-09 12:15:00,0.1963,0.1964,0.1961,0.1961,69071.3
2026-08-09 12:20:00,0.1962,0.1962,0.1959,0.1961,86531.8
2026-08-09 12:25:00,0.196,0.1964,0.196,0.1963,491522.5
2026-08-09 12:30:00,0.1963,0.1965,0.1962,0.1965,12802.8
2026-08-09 12:35:00,0.1964,0.1965,0.196,0.1964,123433.2
2026-08-09 12:40:00,0.1964,0.1965,0.1962,0.1962,96382.1
2026-08-09 12:45:00,0.1963,0.1964,0.1961,0.1963,71212.1
2026-08-09 12:50:00,0.1963,0.1963,0.1961,0.1961,190915.1
2026-08-09 12:55:00,0.1961,0.1964,0.1961,0.1963,89079.2
2026-08-09 13:00:00,0.1963,0.1966,0.1963,0.1964,387636.5
2026-08-09 13:05:00,0.1964,0.1967,0.1964,0.1966,89413.5
2026-08-09 13:10:00,0.1967,0.197,0.1966,0.1969,209665.2
2026-08-09 13:15:00,0.1969,0.1975,0.1969,0.1973,583269.9
2026-08-09 13:20:00,0.1973,0.1975,0.1972,0.1973,152272.5
2026-08-09 13:25:00,0.1973,0.1976,0.1973,0.1976,241957.5
2026-08-09 13:30:00,0.1976,0.1977,0.1974,0.1976,234107.1
2026-08-09 13:35:00,0.1976,0.1977,0.1975,0.1975,116131.8
2026-08-09 13:40:00,0.1976,0.1978,0.1973,0.1973,181039.8
2026-08-09 13:45:00,0.1974,0.1974,0.1972,0.1973,183465.1
2026-08-09 13:50:00,0.1973,0.1977,0.1973,0.1975,171699.1
2026-08-09 13:55:00,0.1976,0.1979,0.1973,0.1974,288260.8
2026-08-09 14:00:00,0.1975,0.1975,0.1974,0.1975,80628.3
2026-08-09 14:05:00,0.1974,0.1978,0.1972,0.1974,871544.5
2026-08-09 14:10:00,0.1974,0.1977,0.1972,0.1976,141830.2
2026-08-09 14:15:00,0.1976,0.1979,0.1973,0.1973,323638.3
2026-08-09 14:20:00,0.1974,0.1976,0.1972,0.1973,99887.9
2026-08-09 14:25:00,0.1973,0.1974,0.1972,0.1974,108857.0
2026-08-09 14:30:00,0.1974,0.1977,0.1973,0.1977,77104.5
2026-08-09 14:35:00,0.1978,0.198,0.1974,0.1974,143325.8
2026-08-09 14:40:00,0.1975,0.1975,0.1974,0.1975,42597.7
2026-08-09 14:45:00,0.1974,0.1977,0.1974,0.1977,174714.2
2026-08-09 14:50:00,0.1977,0.1979,0.1977,0.1978,28111.1
2026-08-09 14:55:00,0.1979,0.1982,0.1978,0.1979,358301.0
2026-08-09 15:00:00,0.198,0.1981,0.1978,0.1981,130399.6
2026-08-09 15:05:00,0.1981,0.1981,0.1977,0.1978,86364.7
2026-08-09 15:10:00,0.1977,0.1978,0.1975,0.1975,47743.8
2026-08-09 15:15:00,0.1975,0.1977,0.1975,0.1977,44982.6
2026-08-09 15:20:00,0.1977,0.1977,0.1973,0.1974,100026.7
2026-08-09 15:25:00,0.1974,0.1977,0.1973,0.1974,209610.8
2026-08-09 15:30:00,0.1974,0.1976,0.1973,0.1974,65618.1
2026-08-09 15:35:00,0.1975,0.1976,0.1974,0.1974,39183.3
2026-08-09 15:40:00,0.1975,0.1976,0.1974,0.1975,150038.5
2026-08-09 15:45:00,0.1975,0.1976,0.1972,0.1976,236219.9
2026-08-09 15:50:00,0.1975,0.1976,0.1974,0.1976,43863.6
2026-08-09 15:55:00,0.1976,0.1977,0.1975,0.1976,20391.3
2026-08-09 16:00:00,0.1977,0.1979,0.1973,0.1974,253851.3
2026-08-09 16:05:00,0.1974,0.1977,0.1973,0.1977,102864.4
2026-08-09 16:10:00,0.1977,0.1979,0.1976,0.1976,208282.2
2026-08-09 16:15:00,0.1977,0.198,0.1976,0.1976,107780.6
2026-08-09 16:20:00,0.1977,0.1977,0.1975,0.1975,19319.3
2026-08-09 16:25:00,0.1976,0.1976,0.1974,0.1975,9762.3
2026-08-09 16:30:00,0.1974,0.1979,0.1974,0.1978,122947.8
2026-08-09 16:35:00,0.1979,0.198,0.1978,0.198,77502.2
2026-08-09 16:40:00,0.1979,0.198,0.1978,0.1978,86637.6
2026-08-09 16:45:00,0.1979,0.198,0.1978,0.1978,150383.5
2026-08-09 16:50:00,0.1979,0.1982,0.1978,0.1981,240070.9
2026-08-09 16:55:00,0.1981,0.1981,0.1979,0.1979,222734.6
2026-08-09 17:00:00,0.198,0.198,0.1978,0.198,49770.9
2026-08-09 17:05:00,0.198,0.1985,0.198,0.1983,655573.9
2026-08-09 17:10:00,0.1983,0.1985,0.1981,0.1983,412047.4
2026-08-09 17:15:00,0.1984,0.1986,0.1983,0.1985,173327.1
2026-08-09 17:20:00,0.1985,0.1986,0.1982,0.1983,262287.2
2026-08-09 17:25:00,0.1982,0.1983,0.1981,0.1982,78936.4
2026-08-09 17:30:00,0.1981,0.1984,0.198,0.1981,72739.0
2026-08-09 17:35:00,0.1981,0.1988,0.1981,0.1982,578106.9
2026-08-09 17:40:00,0.1982,0.1983,0.1981,0.1982,75457.1
2026-08-09 17:45:00,0.1983,0.1983,0.1979,0.1979,71019.4
2026-08-09 17:50:00,0.1979,0.1982,0.1978,0.1982,249120.8
2026-08-09 17:55:00,0.1982,0.1983,0.1981,0.1981,94392.5
2026-08-09 18:00:00,0.1982,0.1985,0.1982,0.1983,65791.2
2026-08-09 18:05:00,0.1983,0.1984,0.1982,0.1983,16899.1
2026-08-09 18:10:00,0.1982,0.1983,0.198,0.198,133729.1
2026-08-09 18:15:00,0.198,0.198,0.1976,0.1977,109872.8
2026-08-09 18:20:00,0.1977,0.1978,0.1977,0.1978,90490.4
2026-08-09 18:25:00,0.1978,0.198,0.1976,0.198,228443.2
2026-08-09 18:30:00,0.198,0.1982,0.198,0.1982,17749.4
2026-08-09 18:35:00,0.1981,0.1982,0.1979,0.1979,49831.2
2026-08-09 18:40:00,0.1979,0.1981,0.1979,0.1981,49591.5
2026-08-09 18:45:00,0.1981,0.1984,0.1981,0.1981,93377.5
2026-08-09 18:50:00,0.198,0.1984,0.198,0.1981,300020.8
2026-08-09 18:55:00,0.198,0.1982,0.198,0.1981,90513.8
2026-08-09 19:00:00,0.1981,0.1984,0.1981,0.1981,92331.6
2026-08-09 19:05:00,0.1981,0.1981,0.1977,0.1977,220637.5
2026-08-09 19:10:00,0.1977,0.1977,0.1975,0.1976,255133.5
2026-08-09 19:15:00,0.1977,0.1978,0.1975,0.1978,24418.2
2026-08-09 19:20:00,0.1978,0.1978,0.1975,0.1977,26556.4
2026-08-09 19:25:00,0.1976,0.1977,0.1976,0.1976,25687.9
2026-08-09 19:30:00,0.1976,0.1977,0.1975,0.1975,9408.7
2026-08-09 19:35:00,0.1975,0.1977,0.1975,0.1977,29541.0
2026-08-09 19:40:00,0.1977,0.1978,0.1975,0.1976,50055.9
2026-08-09 19:45:00,0.1977,0.1978,0.1976,0.1977,13788.0
2026-08-09 19:50:00,0.1977,0.1978,0.1975,0.1975,18285.3
2026-08-09 19:55:00,0.1975,0.1978,0.1975,0.1977,32764.7
2026-08-09 20:00:00,0.1978,0.1978,0.1976,0.1977,43239.0
2026-08-09 20:05:00,0.1977,0.1977,0.1976,0.1976,25039.5
2026-08-09 20:10:00,0.1977,0.1977,0.1974,0.1976,53992.4
2026-08-09 20:15:00,0.1975,0.1979,0.1975,0.1978,35499.4
2026-08-09 20:20:00,0.1979,0.198,0.1979,0.198,112283.6
2026-08-09 20:25:00,0.198,0.1981,0.1979,0.1981,12553.6
2026-08-09 20:30:00,0.1982,0.1982,0.198,0.198,79016.2
2026-08-09 20:35:00,0.198,0.198,0.1979,0.198,3750.6
2026-08-09 20:40:00,0.198,0.1981,0.1979,0.198,32335.7
2026-08-09 20:45:00,0.1981,0.1982,0.1981,0.1981,66184.4
2026-08-09 20:50:00,0.1982,0.1982,0.1979,0.1979,52063.9
2026-08-09 20:55:00,0.1979,0.1983,0.1979,0.1982,55550.7
2026-08-09 21:00:00,0.1983,0.1983,0.1979,0.1979,87719.3
2026-08-09 21:05:00,0.198,0.198,0.1977,0.1978,153602.5
2026-08-09 21:10:00,0.1977,0.198,0.1977,0.1979,85793.0
2026-08-09 21:15:00,0.1979,0.198,0.1979,0.1979,20579.8
2026-08-09 21:20:00,0.198,0.1982,0.198,0.1982,66816.4
2026-08-09 21:25:00,0.1981,0.1991,0.1981,0.1989,211383.6
2026-08-09 21:30:00,0.1989,0.1992,0.1989,0.1991,158912.5
2026-08-09 21:35:00,0.1991,0.1994,0.199,0.199,134675.7
2026-08-09 21:40:00,0.199,0.1991,0.1984,0.1986,272073.2
2026-08-09 21:45:00,0.1986,0.1987,0.1984,0.1985,75936.1
2026-08-09 21:50:00,0.1985,0.1986,0.1981,0.1982,107678.6
2026-08-09 21:55:00,0.1983,0.1985,0.1982,0.1982,70738.9
2026-08-09 22:00:00,0.1983,0.1988,0.1983,0.1985,75538.3
2026-08-09 22:05:00,0.1984,0.1987,0.1984,0.1985,126796.3
2026-08-09 22:10:00,0.1986,0.1994,0.1985,0.1993,321313.5
2026-08-09 22:15:00,0.1993,0.1994,0.1989,0.199,77837.2
2026-08-09 22:20:00,0.199,0.199,0.1981,0.1982,111456.7
2026-08-09 22:25:00,0.1981,0.1984,0.198,0.1982,50034.9
2026-08-09 22:30:00,0.1983,0.1983,0.1974,0.1977,169139.6
2026-08-09 22:35:00,0.1976,0.1976,0.1969,0.1971,236467.4
2026-08-09 22:40:00,0.1971,0.1975,0.1971,0.1973,151518.3
2026-08-09 22:45:00,0.1973,0.1973,0.1971,0.1972,52929.7
2026-08-09 22:50:00,0.1972,0.1974,0.1969,0.1974,98978.9
2026-08-09 22:55:00,0.1975,0.1975,0.1973,0.1974,17968.5
2026-08-09 23:00:00,0.1973,0.1976,0.1971,0.1974,237738.2
2026-08-09 23:05:00,0.1974,0.1974,0.1967,0.1967,308055.2
2026-08-09 23:10:00,0.1967,0.1969,0.1967,0.1967,116816.5
2026-08-09 23:15:00,0.1966,0.1966,0.1962,0.1964,203916.9
2026-08-09 23:20:00,0.1964,0.1964,0.1957,0.1961,1035452.7
2026-08-09 23:25:00,0.1961,0.1961,0.1934,0.1942,3839060.4
2026-08-09 23:30:00,0.1943,0.195,0.1938,0.1943,677183.4
2026-08-09 23:35:00,0.1943,0.195,0.194,0.1947,539509.5
2026-08-09 23:40:00,0.1946,0.1949,0.1944,0.1948,215806.6
2026-08-09 23:45:00,0.1948,0.1949,0.1945,0.1949,248166.8
2026-08-09 23:50:00,0.1949,0.1949,0.1946,0.1948,308333.4
2026-08-09 23:55:00,0.1948,0.195,0.1945,0.1945,268418.9
2026-08-10 00:00:00,0.1944,0.1944,0.1936,0.1944,591877.9
2026-08-10 00:05:00,0.1944,0.1951,0.1944,0.1951,308092.9
2026-08-10 00:10:00,0.1951,0.196,0.195,0.1959,708868.3
2026-08-10 00:15:00,0.1958,0.196,0.1955,0.1955,314177.5
2026-08-10 00:20:00,0.1956,0.1957,0.1953,0.1953,88590.0
2026-08-10 00:25:00,0.1953,0.1957,0.1952,0.1956,249096.0
2026-08-10 00:30:00,0.1957,0.1959,0.1956,0.1959,249063.3
2026-08-10 00:35:00,0.1958,0.196,0.1955,0.1955,302918.0
2026-08-10 00:40:00,0.1954,0.1957,0.1953,0.1954,238323.5
2026-08-10 00:45:00,0.1954,0.1958,0.1952,0.1958,99663.9
2026-08-10 00:50:00,0.1958,0.1961,0.1956,0.1956,132037.9
2026-08-10 00:55:00,0.1957,0.1959,0.1952,0.1953,190789.5
2026-08-10 01:00:00,0.1953,0.1957,0.1952,0.1954,375814.3
2026-08-10 01:05:00,0.1955,0.1955,0.1952,0.1954,198990.0
2026-08-10 01:10:00,0.1954,0.1959,0.1954,0.1958,281625.3
2026-08-10 01:15:00,0.1958,0.1961,0.1958,0.196,206630.9
2026-08-10 01:20:00,0.1961,0.1962,0.196,0.1961,85733.9
2026-08-10 01:25:00,0.1961,0.1963,0.1957,0.1957,192510.7
2026-08-10 01:30:00,0.1957,0.1957,0.1953,0.1953,130423.8
2026-08-10 01:35:00,0.1953,0.1956,0.1952,0.1955,285245.8
2026-08-10 01:40:00,0.1955,0.1959,0.1953,0.1959,117150.9
2026-08-10 01:45:00,0.1959,0.197,0.1958,0.197,185575.5
2026-08-10 01:50:00,0.197,0.1978,0.197,0.1976,498110.6
2026-08-10 01:55:00,0.1977,0.198,0.1974,0.1979,266367.5
2026-08-10 02:00:00,0.198,0.1981,0.1974,0.1975,354883.6
2026-08-10 02:05:00,0.1976,0.1978,0.1972,0.1972,329209.5
2026-08-10 02:10:00,0.1972,0.1976,0.1971,0.1975,229835.4
2026-08-10 02:15:00,0.1976,0.1976,0.1963,0.1964,211984.4
2026-08-10 02:20:00,0.1964,0.1968,0.1964,0.1967,204357.3
2026-08-10 02:25:00,0.1966,0.1966,0.1963,0.1965,79311.0
2026-08-10 02:30:00,0.1964,0.1969,0.1964,0.1968,80511.0
2026-08-10 02:35:00,0.1968,0.1971,0.1967,0.1969,138353.1
2026-08-10 02:40:00,0.197,0.1979,0.197,0.1979,505287.4
2026-08-10 02:45:00,0.198,0.198,0.1974,0.1974,164628.9
2026-08-10 02:50:00,0.1973,0.1978,0.1973,0.1974,43267.9
2026-08-10 02:55:00,0.1974,0.1978,0.1973,0.1977,156181.0
2026-08-10 03:00:00,0.1977,0.1978,0.1974,0.1974,33658.4
2026-08-10 03:05:00,0.1974,0.1974,0.1971,0.1973,35187.8
2026-08-10 03:10:00,0.1973,0.1973,0.1965,0.1966,320762.4
2026-08-10 03:15:00,0.1966,0.1969,0.196,0.1969,220537.1
2026-08-10 03:20:00,0.1968,0.1973,0.1966,0.1971,361106.7
2026-08-10 03:25:00,0.197,0.1971,0.1963,0.1963,67018.8
2026-08-10 03:30:00,0.1964,0.1965,0.1961,0.1965,35757.6
2026-08-10 03:35:00,0.1965,0.1967,0.1963,0.1964,51267.8
2026-08-10 03:40:00,0.1964,0.1967,0.1963,0.1964,50334.2
2026-08-10 03:45:00,0.1964,0.1965,0.1962,0.1963,120233.1
2026-08-10 03:50:00,0.1962,0.1963,0.1959,0.1959,129181.7
2026-08-10 03:55:00,0.1959,0.196,0.1958,0.1959,54932.4
2026-08-10 04:00:00,0.1959,0.1962,0.1958,0.1962,299008.9
2026-08-10 04:05:00,0.1962,0.1964,0.1961,0.1963,25757.2
2026-08-10 04:10:00,0.1963,0.1965,0.1962,0.1965,39627.2
2026-08-10 04:15:00,0.1966,0.1972,0.1966,0.197,133795.5
2026-08-10 04:20:00,0.1969,0.1969,0.1966,0.1966,53386.6
2026-08-10 04:25:00,0.1966,0.1967,0.1966,0.1966,52262.9
2026-08-10 04:30:00,0.1966,0.1966,0.1963,0.1964,121083.7
2026-08-10 04:35:00,0.1963,0.1964,0.1961,0.1962,94147.9
2026-08-10 04:40:00,0.1962,0.1962,0.1957,0.196,173246.8
2026-08-10 04:45:00,0.1961,0.1967,0.1961,0.1966,89680.8
2026-08-10 04:50:00,0.1966,0.1967,0.1964,0.1964,41954.7
2026-08-10 04:55:00,0.1964,0.1965,0.1962,0.1965,126372.8
2026-08-10 05:00:00,0.1966,0.1971,0.1965,0.1971,132548.7
2026-08-10 05:05:00,0.197,0.1972,0.197,0.1972,57880.2
2026-08-10 05:10:00,0.1972,0.1972,0.1968,0.1968,49039.9
2026-08-10 05:15:00,0.1969,0.1972,0.1969,0.197,86825.0
2026-08-10 05:20:00,0.197,0.1975,0.197,0.1973,220851.1
2026-08-10 05:25:00,0.1973,0.1979,0.1973,0.1977,253157.7
2026-08-10 05:30:00,0.1977,0.1977,0.1974,0.1975,145816.4
2026-08-10 05:35:00,0.1976,0.1977,0.1974,0.1974,86088.4
2026-08-10 05:40:00,0.1974,0.1978,0.1973,0.1977,123919.3
2026-08-10 05:45:00,0.1977,0.1979,0.1977,0.1978,70829.0
2026-08-10 05:50:00,0.1978,0.1982,0.1975,0.198,606718.1
2026-08-10 05:55:00,0.1981,0.1981,0.1975,0.1975,134002.6
2026-08-10 06:00:00,0.1976,0.1981,0.1974,0.198,94379.3
2026-08-10 06:05:00,0.198,0.1989,0.1979,0.1979,505792.9
2026-08-10 06:10:00,0.198,0.1981,0.1978,0.1978,107100.4
2026-08-10 06:15:00,0.1978,0.1981,0.1977,0.198,129902.9
2026-08-10 06:20:00,0.198,0.1982,0.1977,0.1979,696459.8
2026-08-10 06:25:00,0.1979,0.1983,0.1979,0.1983,100978.9
2026-08-10 06:30:00,0.1982,0.1991,0.1982,0.1985,595176.4
2026-08-10 06:35:00,0.1984,0.1985,0.1981,0.1982,158586.3
2026-08-10 06:40:00,0.1982,0.1985,0.198,0.1984,382712.8
2026-08-10 06:45:00,0.1984,0.1984,0.1979,0.198,17789.7
2026-08-10 06:50:00,0.198,0.1983,0.1979,0.198,250912.1
2026-08-10 06:55:00,0.198,0.1983,0.198,0.1983,111049.0
2026-08-10 07:00:00,0.1984,0.1988,0.1979,0.1981,560707.0
2026-08-10 07:05:00,0.1982,0.1983,0.198,0.198,55216.0
2026-08-10 07:10:00,0.1981,0.199,0.1981,0.1985,300522.4
2026-08-10 07:15:00,0.1985,0.1993,0.1985,0.1992,296659.9
2026-08-10 07:20:00,0.1993,0.1993,0.1987,0.1988,568121.8
2026-08-10 07:25:00,0.1987,0.1988,0.1984,0.1986,119440.6
2026-08-10 07:30:00,0.1987,0.1989,0.1986,0.1988,201071.0
2026-08-10 07:35:00,0.1988,0.1988,0.1985,0.1985,155427.7
2026-08-10 07:40:00,0.1985,0.1987,0.1985,0.1986,261217.7
2026-08-10 07:45:00,0.1985,0.1985,0.1978,0.1979,562398.5
2026-08-10 07:50:00,0.1978,0.198,0.1976,0.1978,143638.4
2026-08-10 07:55:00,0.1977,0.1982,0.1977,0.1982,39397.1
2026-08-10 08:00:00,0.1981,0.1984,0.1979,0.1982,518884.0
2026-08-10 08:05:00,0.1982,0.1984,0.1978,0.198,401339.0
2026-08-10 08:10:00,0.198,0.1984,0.198,0.1981,386760.4
2026-08-10 08:15:00,0.198,0.1984,0.1978,0.1978,225292.7
2026-08-10 08:20:00,0.1978,0.1978,0.1971,0.1971,309687.4
2026-08-10 08:25:00,0.1972,0.1973,0.1968,0.197,485497.9
2026-08-10 08:30:00,0.197,0.1972,0.1969,0.197,111143.0
2026-08-10 08:35:00,0.1969,0.197,0.1969,0.1969,18200.1
2026-08-10 08:40:00,0.1968,0.1969,0.1963,0.1965,455860.5
2026-08-10 08:45:00,0.1965,0.1967,0.1964,0.1967,41416.9
2026-08-10 08:50:00,0.1966,0.1968,0.1964,0.1964,283472.9
2026-08-10 08:55:00,0.1965,0.1965,0.1963,0.1964,53886.1
2026-08-10 09:00:00,0.1964,0.1964,0.1961,0.1964,147847.1
2026-08-10 09:05:00,0.1964,0.1964,0.1962,0.1963,43712.8
2026-08-10 09:10:00,0.1962,0.1964,0.196,0.1964,346298.8
2026-08-10 09:15:00,0.1963,0.1963,0.196,0.196,207237.4
2026-08-10 09:20:00,0.1959,0.1962,0.1959,0.1962,20050.4
2026-08-10 09:25:00,0.1962,0.1963,0.196,0.1961,128299.8
2026-08-10 09:30:00,0.196,0.1961,0.1952,0.1955,398776.4
2026-08-10 09:35:00,0.1956,0.1959,0.1956,0.1957,215587.0
2026-08-10 09:40:00,0.1956,0.1956,0.1954,0.1956,163816.9
2026-08-10 09:45:00,0.1956,0.1956,0.1948,0.1951,746463.4
2026-08-10 09:50:00,0.1951,0.1952,0.195,0.1951,277025.8
2026-08-10 09:55:00,0.1951,0.1955,0.1949,0.195,376601.9
2026-08-10 10:00:00,0.195,0.1955,0.1949,0.1955,225931.3
2026-08-10 10:05:00,0.1954,0.1954,0.1951,0.1952,278358.9
2026-08-10 10:10:00,0.1952,0.1952,0.1949,0.1949,90283.7
2026-08-10 10:15:00,0.195,0.195,0.1946,0.1948,159556.4
2026-08-10 10:20:00,0.1948,0.1955,0.1948,0.1954,229344.1
2026-08-10 10:25:00,0.1953,0.1955,0.1951,0.1953,376114.1
2026-08-10 10:30:00,0.1953,0.1953,0.1951,0.1952,228491.8
2026-08-10 10:35:00,0.1952,0.1954,0.1951,0.1951,92417.8
2026-08-10 10:40:00,0.1951,0.1955,0.1951,0.1954,172398.8
2026-08-10 10:45:00,0.1954,0.1955,0.1952,0.1955,42103.7
2026-08-10 10:50:00,0.1955,0.1956,0.1952,0.1952,282913.9
2026-08-10 10:55:00,0.1952,0.1953,0.195,0.1951,144596.3
2026-08-10 11:00:00,0.1951,0.1952,0.1948,0.1948,106436.6
2026-08-10 11:05:00,0.1948,0.1951,0.1948,0.195,203237.0
2026-08-10 11:10:00,0.1949,0.1951,0.1947,0.1949,161585.4
2026-08-10 11:15:00,0.1949,0.1953,0.1949,0.1953,132621.2
2026-08-10 11:20:00,0.1952,0.1955,0.1952,0.1952,144802.0
2026-08-10 11:25:00,0.1952,0.1955,0.1952,0.1955,74628.7
2026-08-10 11:30:00,0.1955,0.196,0.1954,0.196,606475.1
2026-08-10 11:35:00,0.196,0.1962,0.1959,0.1961,90418.2
2026-08-10 11:40:00,0.1961,0.1961,0.1954,0.1954,136402.7
2026-08-10 11:45:00,0.1955,0.1958,0.1954,0.1958,337072.9
2026-08-10 11:50:00,0.1959,0.196,0.1957,0.1959,146744.6
2026-08-10 11:55:00,0.196,0.1965,0.196,0.1965,262434.3
2026-08-10 12:00:00,0.1966,0.197,0.1963,0.1968,679122.7
2026-08-10 12:05:00,0.1967,0.197,0.1964,0.1969,278607.6
2026-08-10 12:10:00,0.1969,0.1972,0.1969,0.1969,206216.2
2026-08-10 12:15:00,0.1969,0.197,0.1967,0.197,57079.7
2026-08-10 12:20:00,0.1969,0.1971,0.1968,0.1968,104188.5
2026-08-10 12:25:00,0.1968,0.1968,0.1964,0.1965,97839.7
2026-08-10 12:30:00,0.1964,0.1967,0.1962,0.1963,246025.7
2026-08-10 12:35:00,0.1964,0.197,0.1963,0.1964,191498.3
2026-08-10 12:40:00,0.1964,0.1965,0.196,0.1964,262446.7
2026-08-10 12:45:00,0.1964,0.1966,0.196,0.196,274130.5
2026-08-10 12:50:00,0.196,0.1963,0.1959,0.1961,254301.1
2026-08-10 12:55:00,0.1961,0.1962,0.1958,0.196,160453.5
2026-08-10 13:00:00,0.196,0.1965,0.1958,0.1964,163901.6
2026-08-10 13:05:00,0.1965,0.1967,0.1964,0.1967,90979.7
2026-08-10 13:10:00,0.1967,0.1969,0.1965,0.1967,115394.5
2026-08-10 13:15:00,0.1966,0.1966,0.196,0.1963,380714.3
2026-08-10 13:20:00,0.1962,0.1964,0.1957,0.1958,188290.6
2026-08-10 13:25:00,0.1958,0.1962,0.1954,0.1962,440545.4
2026-08-10 13:30:00,0.1962,0.1966,0.1958,0.1958,676461.2
2026-08-10 13:35:00,0.1958,0.1965,0.1957,0.196,300570.6
2026-08-10 13:40:00,0.1961,0.1962,0.1958,0.1961,216242.2
2026-08-10 13:45:00,0.1961,0.1962,0.1959,0.196,120745.5
2026-08-10 13:50:00,0.196,0.1963,0.1958,0.196,378981.0
2026-08-10 13:55:00,0.196,0.1967,0.1959,0.1967,113414.4
2026-08-10 14:00:00,0.1967,0.1971,0.1966,0.1971,330612.6
2026-08-10 14:05:00,0.1971,0.1971,0.1966,0.1968,147051.7
2026-08-10 14:10:00,0.1968,0.1971,0.1966,0.1971,139426.5
2026-08-10 14:15:00,0.1971,0.1972,0.1966,0.1968,376775.2
2026-08-10 14:20:00,0.1968,0.1969,0.196,0.1962,136618.3
2026-08-10 14:25:00,0.1962,0.1968,0.1962,0.1964,101349.4
2026-08-10 14:30:00,0.1964,0.1965,0.1962,0.1963,77906.8
2026-08-10 14:35:00,0.1964,0.1967,0.1961,0.1961,64719.6
2026-08-10 14:40:00,0.1962,0.1966,0.1962,0.1963,18110.7
2026-08-10 14:45:00,0.1963,0.1967,0.1961,0.1962,100220.0
2026-08-10 14:50:00,0.1961,0.1962,0.1958,0.196,73160.2
2026-08-10 14:55:00,0.196,0.1962,0.1957,0.1959,55850.3
2026-08-10 15:00:00,0.1959,0.1967,0.1958,0.1966,92826.5
2026-08-10 15:05:00,0.1967,0.1967,0.196,0.1962,261488.4
2026-08-10 15:10:00,0.1963,0.1963,0.1948,0.1951,720756.0
2026-08-10 15:15:00,0.1951,0.1955,0.195,0.1951,219256.5
2026-08-10 15:20:00,0.1952,0.1953,0.1948,0.1948,335871.4
2026-08-10 15:25:00,0.1948,0.195,0.1939,0.1949,3477115.0
2026-08-10 15:30:00,0.1949,0.195,0.1944,0.1946,383777.4
2026-08-10 15:35:00,0.1945,0.1945,0.1942,0.1943,295767.7
2026-08-10 15:40:00,0.1943,0.1951,0.1942,0.195,453038.8
2026-08-10 15:45:00,0.1949,0.1953,0.1948,0.1951,145620.6
2026-08-10 15:50:00,0.1951,0.1956,0.1949,0.195,327744.7
2026-08-10 15:55:00,0.1949,0.1953,0.1948,0.195,191373.1
2026-08-10 16:00:00,0.195,0.1955,0.1945,0.1954,519658.2
2026-08-10 16:05:00,0.1954,0.1957,0.1951,0.1952,251418.7
2026-08-10 16:10:00,0.1952,0.1952,0.1949,0.1951,612108.6
2026-08-10 16:15:00,0.1951,0.1954,0.1949,0.1952,280501.6
2026-08-10 16:20:00,0.1952,0.1956,0.1948,0.1956,287505.5
2026-08-10 16:25:00,0.1956,0.1956,0.195,0.195,212555.6
2026-08-10 16:30:00,0.195,0.1955,0.1949,0.195,1197079.2
2026-08-10 16:35:00,0.195,0.196,0.195,0.1959,328163.9
2026-08-10 16:40:00,0.196,0.1962,0.1958,0.1959,163339.1
2026-08-10 16:45:00,0.1958,0.1962,0.1957,0.1957,384579.7
2026-08-10 16:50:00,0.1957,0.1958,0.1953,0.1955,189007.3
2026-08-10 16:55:00,0.1956,0.196,0.1955,0.196,271461.1
2026-08-10 17:00:00,0.196,0.196,0.1953,0.1953,283841.0
2026-08-10 17:05:00,0.1953,0.1958,0.1952,0.1957,180474.5
2026-08-10 17:10:00,0.1958,0.1965,0.1958,0.1961,328198.9
2026-08-10 17:15:00,0.1961,0.1961,0.1954,0.1954,247532.9
2026-08-10 17:20:00,0.1954,0.1957,0.195,0.1957,541855.3
2026-08-10 17:25:00,0.1957,0.1961,0.1957,0.1958,93214.2
2026-08-10 17:30:00,0.1958,0.1962,0.1958,0.196,259828.1
2026-08-10 17:35:00,0.1961,0.1961,0.1954,0.1954,176243.7
2026-08-10 17:40:00,0.1955,0.1956,0.1951,0.1952,80699.8
2026-08-10 17:45:00,0.1952,0.1954,0.1946,0.1948,852612.6
2026-08-10 17:50:00,0.1948,0.1954,0.1948,0.1953,114003.0
2026-08-10 17:55:00,0.1953,0.1956,0.1953,0.1955,85744.8
2026-08-10 18:00:00,0.1955,0.1956,0.1953,0.1953,124643.4
2026-08-10 18:05:00,0.1954,0.1954,0.1952,0.1953,91753.6
2026-08-10 18:10:00,0.1952,0.1953,0.1948,0.1948,185743.8
2026-08-10 18:15:00,0.1948,0.1948,0.1942,0.1943,357394.9
2026-08-10 18:20:00,0.1943,0.1943,0.1931,0.1937,1126150.5
2026-08-10 18:25:00,0.1938,0.1939,0.1935,0.1938,376684.2
2026-08-10 18:30:00,0.1937,0.194,0.1934,0.1934,459086.1
2026-08-10 18:35:00,0.1934,0.1934,0.1925,0.1932,1174191.9
2026-08-10 18:40:00,0.1933,0.1936,0.1931,0.1935,109340.8
2026-08-10 18:45:00,0.1936,0.1936,0.1932,0.1936,155823.3
2026-08-10 18:50:00,0.1937,0.1938,0.1934,0.1935,234600.7
2026-08-10 18:55:00,0.1935,0.1939,0.1935,0.1937,133713.0
2026-08-10 19:00:00,0.1936,0.1939,0.1936,0.1936,128256.9
2026-08-10 19:05:00,0.1935,0.1936,0.1933,0.1933,72912.8
2026-08-10 19:10:00,0.1933,0.1936,0.1931,0.1934,73391.0
2026-08-10 19:15:00,0.1934,0.1935,0.1932,0.1934,88779.0
2026-08-10 19:20:00,0.1934,0.1936,0.1932,0.1934,205622.4
2026-08-10 19:25:00,0.1934,0.194,0.1934,0.1938,218619.3
2026-08-10 19:30:00,0.1939,0.195,0.1939,0.195,291110.8
2026-08-10 19:35:00,0.195,0.195,0.1946,0.1946,72916.7
2026-08-10 19:40:00,0.1947,0.1952,0.1947,0.1949,191328.0
2026-08-10 19:45:00,0.1948,0.1948,0.1942,0.1942,66649.0
2026-08-10 19:50:00,0.1943,0.1944,0.194,0.1941,193856.0
2026-08-10 19:55:00,0.194,0.1942,0.1938,0.1938,168346.8
2026-08-10 20:00:00,0.1939,0.1943,0.1937,0.1939,200788.7
2026-08-10 20:05:00,0.1938,0.1941,0.1938,0.1941,50197.2
2026-08-10 20:10:00,0.1941,0.1941,0.1937,0.1937,156099.6
2026-08-10 20:15:00,0.1937,0.1944,0.1937,0.1942,271819.9
2026-08-10 20:20:00,0.1942,0.1945,0.1941,0.1944,45009.6
2026-08-10 20:25:00,0.1944,0.1945,0.1942,0.1944,92017.6
2026-08-10 20:30:00,0.1945,0.1945,0.1943,0.1944,85624.5
2026-08-10 20:35:00,0.1944,0.1944,0.1937,0.1937,117345.5
2026-08-10 20:40:00,0.1937,0.1938,0.1936,0.1937,83651.4
2026-08-10 20:45:00,0.1937,0.1937,0.193,0.1932,563357.8
2026-08-10 20:50:00,0.1933,0.1935,0.1932,0.1934,47675.1
2026-08-10 20:55:00,0.1934,0.1935,0.1932,0.1934,210591.7
2026-08-10 21:00:00,0.1934,0.1934,0.1931,0.1932,62773.1
2026-08-10 21:05:00,0.1933,0.1939,0.1933,0.1937,112682.8
2026-08-10 21:10:00,0.1936,0.1936,0.193,0.1932,255695.8
2026-08-10 21:15:00,0.1932,0.1933,0.1931,0.1931,104207.2
2026-08-10 21:20:00,0.193,0.1933,0.1926,0.193,445043.3
2026-08-10 21:25:00,0.193,0.1934,0.1927,0.1933,137769.9
2026-08-10 21:30:00,0.1933,0.1936,0.1933,0.1934,122776.9
2026-08-10 21:35:00,0.1933,0.1933,0.1929,0.193,123484.9
2026-08-10 21:40:00,0.193,0.193,0.1926,0.1928,78132.0
2026-08-10 21:45:00,0.1927,0.1929,0.1916,0.1924,1114061.7
2026-08-10 21:50:00,0.1925,0.1925,0.192,0.192,279429.4
2026-08-10 21:55:00,0.1921,0.1924,0.192,0.1921,136891.7
2026-08-10 22:00:00,0.192,0.1924,0.1916,0.1918,279062.7
2026-08-10 22:05:00,0.1917,0.1924,0.1916,0.1923,169004.5
2026-08-10 22:10:00,0.1923,0.1927,0.1923,0.1925,284321.0
2026-08-10 22:15:00,0.1924,0.1925,0.1922,0.1923,55600.5
2026-08-10 22:20:00,0.1924,0.1924,0.1921,0.1922,120083.4
2026-08-10 22:25:00,0.1921,0.1923,0.1921,0.1922,9291.2
2026-08-10 22:30:00,0.1922,0.1924,0.1919,0.192,154610.1
2026-08-10 22:35:00,0.1919,0.1921,0.1919,0.1919,252791.8
2026-08-10 22:40:00,0.192,0.192,0.1918,0.1919,94194.5
2026-08-10 22:45:00,0.192,0.1923,0.192,0.1922,504467.8
2026-08-10 22:50:00,0.1922,0.1922,0.192,0.1921,55215.5
2026-08-10 22:55:00,0.1921,0.1923,0.1921,0.1922,37571.1
2026-08-10 23:00:00,0.1922,0.1922,0.1918,0.1919,120896.4
2026-08-10 23:05:00,0.192,0.1923,0.1918,0.192,145447.8
2026-08-10 23:10:00,0.192,0.1921,0.1919,0.1921,92547.3
2026-08-10 23:15:00,0.1921,0.1924,0.192,0.1921,153742.2
2026-08-10 23:20:00,0.1921,0.1922,0.192,0.192,132976.4
2026-08-10 23:25:00,0.1921,0.1922,0.1919,0.1922,89874.8
2026-08-10 23:30:00,0.1923,0.1924,0.192,0.192,76752.7
2026-08-10 23:35:00,0.192,0.192,0.1918,0.1918,121371.5
2026-08-10 23:40:00,0.1918,0.1921,0.1918,0.1921,48696.3
2026-08-10 23:45:00,0.192,0.192,0.1916,0.1917,114273.7
2026-08-10 23:50:00,0.1918,0.1918,0.1909,0.1913,660252.7
2026-08-10 23:55:00,0.1913,0.1913,0.1908,0.191,316344.8
2026-08-11 00:00:00,0.1909,0.1909,0.189,0.1901,4207019.3
2026-08-11 00:05:00,0.1901,0.1901,0.1894,0.1898,413876.1
2026-08-11 00:10:00,0.1898,0.1899,0.1896,0.1899,177158.7
2026-08-11 00:15:00,0.1899,0.1901,0.1897,0.19,174292.4
2026-08-11 00:20:00,0.1899,0.19,0.1897,0.1897,276875.8
2026-08-11 00:25:00,0.1898,0.1899,0.1897,0.1899,63639.3
2026-08-11 00:30:00,0.1899,0.1901,0.1897,0.1897,169200.7
2026-08-11 00:35:00,0.1898,0.1901,0.1898,0.19,152783.6
2026-08-11 00:40:00,0.1899,0.1902,0.1898,0.1902,273888.5
2026-08-11 00:45:00,0.1901,0.1902,0.1899,0.19,156322.4
2026-08-11 00:50:00,0.19,0.1902,0.1899,0.19,148599.1
2026-08-11 00:55:00,0.1901,0.1905,0.19,0.1903,202191.5
2026-08-11 01:00:00,0.1903,0.1905,0.1902,0.1905,103290.3
2026-08-11 01:05:00,0.1905,0.1907,0.1904,0.1905,127847.8
2026-08-11 01:10:00,0.1904,0.1911,0.1904,0.1909,151706.6
2026-08-11 01:15:00,0.1909,0.191,0.1904,0.1904,181190.6
2026-08-11 01:20:00,0.1904,0.1913,0.1904,0.1913,353605.5
2026-08-11 01:25:00,0.1912,0.1912,0.1904,0.1908,213073.9
2026-08-11 01:30:00,0.1908,0.1909,0.1906,0.1907,72529.8
2026-08-11 01:35:00,0.1908,0.1909,0.1906,0.1906,85979.9
2026-08-11 01:40:00,0.1906,0.1907,0.1903,0.1906,106042.2
2026-08-11 01:45:00,0.1906,0.1909,0.1905,0.1909,97623.9
2026-08-11 01:50:00,0.1909,0.1916,0.1909,0.1912,595365.4
2026-08-11 01:55:00,0.1911,0.1913,0.1911,0.1913,102348.6
2026-08-11 02:00:00,0.1913,0.1916,0.1912,0.1915,178438.0
2026-08-11 02:05:00,0.1916,0.1916,0.1912,0.1913,73682.7
2026-08-11 02:10:00,0.1913,0.1915,0.1911,0.1911,84801.5
2026-08-11 02:15:00,0.1912,0.1912,0.191,0.191,24169.5
2026-08-11 02:20:00,0.191,0.191,0.1908,0.1909,233324.3
2026-08-11 02:25:00,0.1908,0.1908,0.1901,0.1901,303968.2
2026-08-11 02:30:00,0.1901,0.1905,0.19,0.1905,152471.1
2026-08-11 02:35:00,0.1905,0.1906,0.1903,0.1905,153665.8
2026-08-11 02:40:00,0.1905,0.1908,0.1905,0.1907,42326.1
2026-08-11 02:45:00,0.1908,0.1908,0.1906,0.1906,54300.3
2026-08-11 02:50:00,0.1906,0.1908,0.1904,0.1907,114431.1
2026-08-11 02:55:00,0.1908,0.1908,0.1906,0.1906,41051.8
2026-08-11 03:00:00,0.1906,0.1908,0.1904,0.1904,251835.7
2026-08-11 03:05:00,0.1904,0.1907,0.1903,0.1906,144326.9
2026-08-11 03:10:00,0.1905,0.1906,0.1904,0.1905,77751.5
2026-08-11 03:15:00,0.1905,0.1907,0.1902,0.1903,547288.8
2026-08-11 03:20:00,0.1903,0.1905,0.1903,0.1905,167846.7
2026-08-11 03:25:00,0.1904,0.1906,0.1904,0.1905,160611.3
2026-08-11 03:30:00,0.1905,0.1905,0.1903,0.1904,22113.3
2026-08-11 03:35:00,0.1903,0.1905,0.1903,0.1904,48844.4
2026-08-11 03:40:00,0.1904,0.1905,0.1902,0.1902,172982.2
2026-08-11 03:45:00,0.1902,0.1902,0.19,0.19,140752.2
2026-08-11 03:50:00,0.19,0.1901,0.19,0.1901,82796.4
2026-08-11 03:55:00,0.1901,0.1905,0.19,0.1905,340560.0
2026-08-11 04:00:00,0.1906,0.1908,0.1905,0.1905,322534.5
2026-08-11 04:05:00,0.1904,0.1905,0.1903,0.1903,14442.8
2026-08-11 04:10:00,0.1904,0.1905,0.1903,0.1904,33116.2
2026-08-11 04:15:00,0.1905,0.1905,0.1903,0.1904,33741.5
2026-08-11 04:20:00,0.1904,0.1904,0.1902,0.1903,23125.0
2026-08-11 04:25:00,0.1903,0.1903,0.1902,0.1902,8403.4
2026-08-11 04:30:00,0.1902,0.1905,0.1902,0.1903,76759.7
2026-08-11 04:35:00,0.1903,0.1903,0.1902,0.1903,35742.8
2026-08-11 04:40:00,0.1902,0.1903,0.1902,0.1902,36817.0
2026-08-11 04:45:00,0.1902,0.1903,0.1901,0.1903,64599.2
2026-08-11 04:50:00,0.1903,0.1903,0.1899,0.19,331672.0
2026-08-11 04:55:00,0.19,0.19,0.1894,0.1898,463700.8
2026-08-11 05:00:00,0.1897,0.1897,0.1895,0.1896,79792.4
2026-08-11 05:05:00,0.1897,0.1897,0.1894,0.1895,130799.0
2026-08-11 05:10:00,0.1896,0.1896,0.1893,0.1894,90231.5
2026-08-11 05:15:00,0.1895,0.1896,0.1892,0.1892,108585.5
2026-08-11 05:20:00,0.1891,0.1891,0.1885,0.1888,1142560.5
2026-08-11 05:25:00,0.1888,0.1888,0.1878,0.1881,1793742.8
2026-08-11 05:30:00,0.1882,0.1885,0.1875,0.1879,1276741.1
2026-08-11 05:35:00,0.188,0.1881,0.1877,0.1878,398195.6
2026-08-11 05:40:00,0.1878,0.1881,0.1877,0.1879,429813.1
2026-08-11 05:45:00,0.188,0.1882,0.1877,0.1881,593552.0
2026-08-11 05:50:00,0.1881,0.1882,0.1871,0.1872,989099.9
2026-08-11 05:55:00,0.1872,0.1876,0.1871,0.1875,807047.8
2026-08-11 06:00:00,0.1874,0.1877,0.1873,0.1876,553992.5
2026-08-11 06:05:00,0.1876,0.1882,0.1875,0.1882,354235.6
2026-08-11 06:10:00,0.1882,0.1882,0.188,0.1882,632976.6
2026-08-11 06:15:00,0.1882,0.1885,0.1881,0.1883,212989.1
2026-08-11 06:20:00,0.1882,0.1884,0.1882,0.1882,92487.8
2026-08-11 06:25:00,0.1882,0.1882,0.1881,0.1882,35639.4
2026-08-11 06:30:00,0.1881,0.1883,0.1881,0.1881,110923.7
2026-08-11 06:35:00,0.1882,0.1883,0.1881,0.1883,115247.5
2026-08-11 06:40:00,0.1883,0.1885,0.1882,0.1882,227869.1
2026-08-11 06:45:00,0.1882,0.1882,0.1877,0.1877,322472.9
2026-08-11 06:50:00,0.1877,0.188,0.1876,0.1878,405574.9
2026-08-11 06:55:00,0.1878,0.1887,0.1878,0.1887,116152.2
2026-08-11 07:00:00,0.1888,0.1892,0.1887,0.1891,142626.3
2026-08-11 07:05:00,0.189,0.1892,0.1888,0.1888,267163.2
2026-08-11 07:10:00,0.1888,0.1889,0.1887,0.1887,171188.2
2026-08-11 07:15:00,0.1887,0.1891,0.1884,0.1889,880074.2
2026-08-11 07:20:00,0.1888,0.1888,0.1883,0.1884,136228.1
2026-08-11 07:25:00,0.1883,0.1885,0.1883,0.1884,43531.5
2026-08-11 07:30:00,0.1884,0.1888,0.1884,0.1888,88433.8
2026-08-11 07:35:00,0.1888,0.189,0.1887,0.189,410952.5
2026-08-11 07:40:00,0.189,0.1891,0.1887,0.189,197613.6
2026-08-11 07:45:00,0.1889,0.189,0.1888,0.1889,47696.7
2026-08-11 07:50:00,0.1888,0.1889,0.1885,0.1885,141666.2
2026-08-11 07:55:00,0.1885,0.1887,0.1885,0.1887,56018.9
2026-08-11 08:00:00,0.1887,0.1888,0.1884,0.1885,141983.2
2026-08-11 08:05:00,0.1885,0.1887,0.1884,0.1886,123861.8
2026-08-11 08:10:00,0.1886,0.1889,0.1886,0.1886,59438.7
2026-08-11 08:15:00,0.1887,0.1889,0.1886,0.1887,137256.4
2026-08-11 08:20:00,0.1886,0.1889,0.1886,0.1888,31270.5
2026-08-11 08:25:00,0.1888,0.189,0.1888,0.1888,20564.4
2026-08-11 08:30:00,0.1889,0.189,0.1886,0.1886,194840.2
2026-08-11 08:35:00,0.1887,0.1889,0.1887,0.1888,46051.1
2026-08-11 08:40:00,0.1889,0.189,0.1885,0.1885,181814.7
2026-08-11 08:45:00,0.1885,0.1887,0.1884,0.1886,177380.8
2026-08-11 08:50:00,0.1886,0.1889,0.1886,0.1888,100526.4
2026-08-11 08:55:00,0.1888,0.1889,0.1887,0.1888,32181.5
2026-08-11 09:00:00,0.1888,0.1889,0.1886,0.1887,258174.8
2026-08-11 09:05:00,0.1886,0.1888,0.1886,0.1888,185918.7
2026-08-11 09:10:00,0.1887,0.1889,0.1886,0.1888,256882.6
2026-08-11 09:15:00,0.1887,0.1889,0.1886,0.1889,73824.8
2026-08-11 09:20:00,0.1889,0.189,0.1888,0.189,90381.3
2026-08-11 09:25:00,0.189,0.189,0.1888,0.1889,204266.2
2026-08-11 09:30:00,0.1889,0.189,0.1885,0.1886,138634.1
2026-08-11 09:35:00,0.1886,0.1888,0.1885,0.1885,452494.5
2026-08-11 09:40:00,0.1885,0.1888,0.1885,0.1887,71481.1
2026-08-11 09:45:00,0.1887,0.189,0.1886,0.189,175753.9
2026-08-11 09:50:00,0.189,0.189,0.1888,0.1888,84861.1
2026-08-11 09:55:00,0.1889,0.1889,0.1888,0.1889,44827.4
2026-08-11 10:00:00,0.1889,0.1891,0.1888,0.1889,249928.5
2026-08-11 10:05:00,0.1888,0.1889,0.1886,0.1887,94465.1
2026-08-11 10:10:00,0.1887,0.1887,0.1883,0.1883,138305.5
2026-08-11 10:15:00,0.1883,0.1883,0.188,0.1881,244577.5
2026-08-11 10:20:00,0.188,0.1881,0.1877,0.1879,238911.4
2026-08-11 10:25:00,0.188,0.1882,0.188,0.1881,127548.4
2026-08-11 10:30:00,0.1882,0.1884,0.188,0.1883,278760.8
2026-08-11 10:35:00,0.1883,0.1883,0.1881,0.1882,170030.5
2026-08-11 10:40:00,0.1881,0.1881,0.1879,0.1879,290259.9
2026-08-11 10:45:00,0.1878,0.1882,0.1877,0.1881,386996.1
2026-08-11 10:50:00,0.1881,0.1884,0.1881,0.1882,97862.7
2026-08-11 10:55:00,0.1882,0.1882,0.188,0.1882,263592.9
2026-08-11 11:00:00,0.1882,0.1891,0.188,0.1887,470146.6
2026-08-11 11:05:00,0.1888,0.1889,0.1885,0.1886,253786.4
2026-08-11 11:10:00,0.1886,0.1889,0.1886,0.1887,271551.3
2026-08-11 11:15:00,0.1887,0.1888,0.1885,0.1886,293332.3
2026-08-11 11:20:00,0.1886,0.1886,0.1884,0.1885,143970.9
2026-08-11 11:25:00,0.1885,0.1887,0.1884,0.1886,141707.5
2026-08-11 11:30:00,0.1886,0.1886,0.1882,0.1883,108572.8
2026-08-11 11:35:00,0.1883,0.1884,0.1883,0.1884,129254.0
2026-08-11 11:40:00,0.1885,0.1886,0.1884,0.1886,220245.0
2026-08-11 11:45:00,0.1886,0.1887,0.1885,0.1886,97365.8
2026-08-11 11:50:00,0.1886,0.1887,0.1885,0.1887,148467.7
2026-08-11 11:55:00,0.1886,0.1888,0.1886,0.1887,111009.5
2026-08-11 12:00:00,0.1886,0.1886,0.1883,0.1883,310734.5
2026-08-11 12:05:00,0.1883,0.1884,0.1882,0.1883,165198.5
2026-08-11 12:10:00,0.1884,0.1884,0.1881,0.1884,287166.5
2026-08-11 12:15:00,0.1884,0.1884,0.1878,0.188,344643.2
2026-08-11 12:20:00,0.188,0.1881,0.1877,0.1878,539757.5
2026-08-11 12:25:00,0.1878,0.1878,0.187,0.1874,828365.6
2026-08-11 12:30:00,0.1875,0.188,0.1873,0.188,184962.2
2026-08-11 12:35:00,0.1879,0.1881,0.1877,0.1879,426286.4
2026-08-11 12:40:00,0.188,0.188,0.1873,0.1874,394932.6
2026-08-11 12:45:00,0.1873,0.1874,0.1867,0.1867,870308.5
2026-08-11 12:50:00,0.1867,0.1868,0.1865,0.1865,240041.1
2026-08-11 12:55:00,0.1866,0.1871,0.1865,0.187,455353.1
2026-08-11 13:00:00,0.187,0.1881,0.1869,0.1869,2255090.7
2026-08-11 13:05:00,0.1869,0.1873,0.1868,0.1873,745523.7
2026-08-11 13:10:00,0.1873,0.1874,0.1866,0.1868,349773.5
2026-08-11 13:15:00,0.1867,0.187,0.1865,0.187,504469.0
2026-08-11 13:20:00,0.187,0.1872,0.1869,0.187,140374.6
2026-08-11 13:25:00,0.1871,0.1875,0.1869,0.1875,145600.3
2026-08-11 13:30:00,0.1875,0.1877,0.1871,0.1872,291482.2
2026-08-11 13:35:00,0.1872,0.1874,0.187,0.1872,309256.4
2026-08-11 13:40:00,0.1872,0.1875,0.1872,0.1872,91002.1
2026-08-11 13:45:00,0.1872,0.1875,0.1866,0.1874,794382.7
2026-08-11 13:50:00,0.1874,0.1875,0.1869,0.1869,219094.3
2026-08-11 13:55:00,0.1869,0.1872,0.1863,0.1868,620956.2
2026-08-11 14:00:00,0.1868,0.187,0.1866,0.1869,157864.7
2026-08-11 14:05:00,0.187,0.1873,0.1869,0.187,250403.5
2026-08-11 14:10:00,0.1871,0.1871,0.1867,0.1868,584206.8
2026-08-11 14:15:00,0.1867,0.187,0.1864,0.1864,755102.8
2026-08-11 14:20:00,0.1864,0.1867,0.1848,0.1852,5065528.4
2026-08-11 14:25:00,0.1853,0.1857,0.1851,0.1856,474135.9
2026-08-11 14:30:00,0.1855,0.1857,0.1853,0.1854,345777.2
2026-08-11 14:35:00,0.1855,0.1858,0.1855,0.1857,208019.4
2026-08-11 14:40:00,0.1857,0.1857,0.1853,0.1853,289758.1
2026-08-11 14:45:00,0.1854,0.1856,0.1846,0.1849,895106.9
2026-08-11 14:50:00,0.1849,0.1851,0.1845,0.1847,849483.0
2026-08-11 14:55:00,0.1846,0.185,0.1843,0.1849,860729.0
2026-08-11 15:00:00,0.1849,0.1851,0.1847,0.1849,279294.6
2026-08-11 15:05:00,0.1848,0.185,0.1845,0.1845,354879.4
2026-08-11 15:10:00,0.1846,0.1846,0.184,0.1844,831959.2
2026-08-11 15:15:00,0.1844,0.1849,0.1842,0.1849,270159.1
2026-08-11 15:20:00,0.1848,0.1851,0.1845,0.1847,575707.2
2026-08-11 15:25:00,0.1846,0.1848,0.1846,0.1848,318666.0
2026-08-11 15:30:00,0.1847,0.1848,0.1843,0.1843,407602.8
2026-08-11 15:35:00,0.1842,0.1843,0.1837,0.1838,826248.6
2026-08-11 15:40:00,0.1839,0.1845,0.1838,0.1845,293876.8
2026-08-11 15:45:00,0.1845,0.1846,0.1841,0.1843,408931.1
2026-08-11 15:50:00,0.1842,0.1847,0.1842,0.1844,279249.9
2026-08-11 15:55:00,0.1844,0.1852,0.1844,0.185,131530.1
2026-08-11 16:00:00,0.1849,0.1855,0.1848,0.1853,321753.3
2026-08-11 16:05:00,0.1853,0.1855,0.185,0.1853,364014.3
2026-08-11 16:10:00,0.1854,0.1856,0.1851,0.1854,350916.6
2026-08-11 16:15:00,0.1855,0.1859,0.1852,0.1859,338343.0
2026-08-11 16:20:00,0.1859,0.1865,0.1859,0.1864,349108.5
2026-08-11 16:25:00,0.1864,0.1865,0.1862,0.1864,297598.6
2026-08-11 16:30:00,0.1864,0.1866,0.186,0.1863,188738.7
2026-08-11 16:35:00,0.1864,0.1864,0.1861,0.1862,259646.3
2026-08-11 16:40:00,0.1861,0.1862,0.1858,0.1858,123318.8
2026-08-11 16:45:00,0.1859,0.1862,0.1857,0.1858,117934.3
2026-08-11 16:50:00,0.1858,0.1861,0.1856,0.1857,387848.5
2026-08-11 16:55:00,0.1857,0.186,0.1854,0.1854,167377.2
2026-08-11 17:00:00,0.1855,0.1858,0.1855,0.1856,270729.0
2026-08-11 17:05:00,0.1856,0.1857,0.1855,0.1856,62590.3
2026-08-11 17:10:00,0.1856,0.1859,0.1853,0.1853,187729.7
2026-08-11 17:15:00,0.1852,0.1856,0.1851,0.1855,193509.5
2026-08-11 17:20:00,0.1854,0.1856,0.1852,0.1855,130106.5
2026-08-11 17:25:00,0.1855,0.1858,0.1854,0.1857,260563.2
2026-08-11 17:30:00,0.1857,0.1858,0.1854,0.1856,312053.9
2026-08-11 17:35:00,0.1856,0.1858,0.1855,0.1855,166505.9
2026-08-11 17:40:00,0.1855,0.186,0.1854,0.1858,357251.3
2026-08-11 17:45:00,0.1857,0.1857,0.1851,0.1851,161950.6
2026-08-11 17:50:00,0.1851,0.1853,0.1851,0.1852,120297.6
2026-08-11 17:55:00,0.1852,0.1854,0.1851,0.1853,43946.8
2026-08-11 18:00:00,0.1853,0.1857,0.1852,0.1856,56773.5
2026-08-11 18:05:00,0.1857,0.1858,0.1854,0.1856,137882.8
2026-08-11 18:10:00,0.1857,0.1859,0.1856,0.1858,104866.3
2026-08-11 18:15:00,0.1858,0.1858,0.1857,0.1858,64964.5
2026-08-11 18:20:00,0.1858,0.1859,0.1857,0.1857,119509.2
2026-08-11 18:25:00,0.1858,0.1859,0.1855,0.1855,47013.9
2026-08-11 18:30:00,0.1855,0.1858,0.1853,0.1857,149863.7
2026-08-11 18:35:00,0.1858,0.1859,0.1855,0.1855,46421.3
2026-08-11 18:40:00,0.1855,0.1855,0.1853,0.1855,258072.7
2026-08-11 18:45:00,0.1855,0.1855,0.1853,0.1855,20912.2
2026-08-11 18:50:00,0.1855,0.1857,0.1853,0.1853,130819.0
2026-08-11 18:55:00,0.1854,0.1857,0.1854,0.1855,325212.2
2026-08-11 19:00:00,0.1855,0.1855,0.1851,0.1853,273981.5
2026-08-11 19:05:00,0.1852,0.1854,0.1848,0.1849,349580.6
2026-08-11 19:10:00,0.1849,0.185,0.1843,0.1843,175177.8
2026-08-11 19:15:00,0.1844,0.1848,0.1844,0.1848,528287.2
2026-08-11 19:20:00,0.1848,0.1849,0.1846,0.1846,87835.4
2026-08-11 19:25:00,0.1847,0.1848,0.1846,0.1847,38722.8
2026-08-11 19:30:00,0.1847,0.1848,0.1844,0.1844,80869.0
2026-08-11 19:35:00,0.1845,0.1849,0.1845,0.1849,27544.5
2026-08-11 19:40:00,0.1848,0.1851,0.1845,0.1849,395092.7
2026-08-11 19:45:00,0.1849,0.1851,0.1846,0.1847,270458.7
2026-08-11 19:50:00,0.1846,0.1857,0.1846,0.1852,1034601.6
2026-08-11 19:55:00,0.1852,0.1858,0.1851,0.1858,157173.2
2026-08-11 20:00:00,0.1859,0.186,0.1857,0.186,246597.0
2026-08-11 20:05:00,0.1859,0.1864,0.1859,0.1862,170954.9
2026-08-11 20:10:00,0.1863,0.1865,0.1861,0.1861,194550.6
2026-08-11 20:15:00,0.1862,0.1862,0.186,0.1861,225094.4
2026-08-11 20:20:00,0.1861,0.1864,0.1861,0.1862,125224.9
2026-08-11 20:25:00,0.1862,0.1864,0.186,0.1863,112971.1
2026-08-11 20:30:00,0.1864,0.1866,0.1862,0.1862,47628.0
2026-08-11 20:35:00,0.1863,0.1863,0.186,0.1862,112969.6
2026-08-11 20:40:00,0.1861,0.1862,0.186,0.186,36821.5
2026-08-11 20:45:00,0.1861,0.1861,0.1859,0.186,139467.5
2026-08-11 20:50:00,0.186,0.1861,0.1859,0.186,16434.7
2026-08-11 20:55:00,0.1861,0.1862,0.1852,0.1852,570465.0
2026-08-11 21:00:00,0.1852,0.1854,0.1846,0.1854,846001.2
2026-08-11 21:05:00,0.1854,0.1856,0.1853,0.1855,232965.7
2026-08-11 21:10:00,0.1855,0.1863,0.1853,0.1862,1614370.7
2026-08-11 21:15:00,0.1863,0.1875,0.1862,0.1869,1258335.4
2026-08-11 21:20:00,0.1869,0.1876,0.1868,0.1872,655710.3
2026-08-11 21:25:00,0.1873,0.1873,0.1867,0.1868,182705.6
2026-08-11 21:30:00,0.1867,0.1868,0.1866,0.1867,45373.2
2026-08-11 21:35:00,0.1866,0.1866,0.1862,0.1865,369833.1
2026-08-11 21:40:00,0.1865,0.187,0.1865,0.1865,303615.0
2026-08-11 21:45:00,0.1866,0.1868,0.1865,0.1867,49120.8
2026-08-11 21:50:00,0.1867,0.1868,0.1863,0.1866,72237.5
2026-08-11 21:55:00,0.1865,0.1868,0.1865,0.1867,46377.1
2026-08-11 22:00:00,0.1867,0.1873,0.1866,0.1866,150139.4
2026-08-11 22:05:00,0.1866,0.1866,0.1864,0.1866,89702.4
2026-08-11 22:10:00,0.1866,0.1866,0.1864,0.1866,42554.7
2026-08-11 22:15:00,0.1866,0.187,0.1865,0.187,129144.2
2026-08-11 22:20:00,0.187,0.1871,0.1869,0.1869,90489.7
2026-08-11 22:25:00,0.1868,0.1872,0.1868,0.1872,75268.9
2026-08-11 22:30:00,0.1872,0.1874,0.1872,0.1873,125824.1
2026-08-11 22:35:00,0.1873,0.1874,0.1871,0.1873,63758.7
2026-08-11 22:40:00,0.1873,0.1873,0.1867,0.1867,55137.3
2026-08-11 22:45:00,0.1867,0.1868,0.1865,0.1865,44395.6
2026-08-11 22:50:00,0.1865,0.1868,0.1865,0.1868,101534.7
2026-08-11 22:55:00,0.1868,0.1869,0.1866,0.1868,62867.6
2026-08-11 23:00:00,0.1867,0.1867,0.1865,0.1866,40107.0
2026-08-11 23:05:00,0.1865,0.1866,0.1865,0.1866,7517.0
2026-08-11 23:10:00,0.1865,0.1866,0.186,0.186,101237.8
2026-08-11 23:15:00,0.186,0.1861,0.1859,0.186,145787.6
2026-08-11 23:20:00,0.1861,0.1862,0.186,0.1862,89982.7
2026-08-11 23:25:00,0.1862,0.1864,0.1862,0.1864,84877.9
2026-08-11 23:30:00,0.1864,0.1864,0.186,0.1861,124439.6
2026-08-11 23:35:00,0.1862,0.1869,0.1862,0.1867,1587741.8
2026-08-11 23:40:00,0.1868,0.1872,0.1868,0.1872,304925.3
2026-08-11 23:45:00,0.1872,0.1874,0.1868,0.1873,1389438.1
2026-08-11 23:50:00,0.1873,0.1873,0.187,0.1871,117412.0
2026-08-11 23:55:00,0.1871,0.1872,0.187,0.1871,56241.4
2026-08-12 00:00:00,0.1871,0.1871,0.1869,0.1871,263245.1
2026-08-12 00:05:00,0.187,0.1872,0.1869,0.1871,133417.4
2026-08-12 00:10:00,0.1871,0.1871,0.1868,0.1869,400530.6
2026-08-12 00:15:00,0.1868,0.1868,0.186,0.186,1262990.6
2026-08-12 00:20:00,0.1861,0.1862,0.186,0.186,72976.2
2026-08-12 00:25:00,0.1861,0.1863,0.1861,0.1862,33789.3
2026-08-12 00:30:00,0.1862,0.1863,0.1861,0.1862,79063.1
2026-08-12 00:35:00,0.1862,0.1862,0.186,0.186,90974.3
2026-08-12 00:40:00,0.186,0.186,0.1858,0.1859,78128.9
2026-08-12 00:45:00,0.186,0.1861,0.1859,0.186,59036.6
2026-08-12 00:50:00,0.186,0.186,0.1858,0.186,81262.2
2026-08-12 00:55:00,0.1859,0.1861,0.1859,0.186,91467.2
2026-08-12 01:00:00,0.186,0.1862,0.1859,0.186,62812.4
2026-08-12 01:05:00,0.186,0.1863,0.1859,0.1863,91153.0
2026-08-12 01:10:00,0.1862,0.1867,0.1862,0.1866,234418.3
2026-08-12 01:15:00,0.1865,0.1867,0.1863,0.1867,53106.1
2026-08-12 01:20:00,0.1867,0.1869,0.1865,0.1869,65345.2
2026-08-12 01:25:00,0.1868,0.1871,0.1868,0.1868,281160.3
2026-08-12 01:30:00,0.1867,0.1868,0.1865,0.1868,115237.8
2026-08-12 01:35:00,0.1868,0.1869,0.1867,0.1868,85012.0
2026-08-12 01:40:00,0.1869,0.1871,0.1868,0.1871,422262.0
2026-08-12 01:45:00,0.1871,0.1871,0.1869,0.1869,172063.9
2026-08-12 01:50:00,0.1869,0.1869,0.1867,0.1867,55029.2
2026-08-12 01:55:00,0.1867,0.187,0.1866,0.187,165325.2
2026-08-12 02:00:00,0.187,0.1871,0.1869,0.187,93660.6
2026-08-12 02:05:00,0.187,0.1875,0.187,0.1875,261729.7
2026-08-12 02:10:00,0.1875,0.1875,0.1872,0.1874,162952.4
2026-08-12 02:15:00,0.1874,0.1875,0.1872,0.1874,58903.3
2026-08-12 02:20:00,0.1873,0.1874,0.1871,0.1873,62714.7
2026-08-12 02:25:00,0.1874,0.1885,0.1873,0.1883,912334.5
2026-08-12 02:30:00,0.1883,0.1884,0.1877,0.1878,547170.2
2026-08-12 02:35:00,0.1877,0.1878,0.1877,0.1877,125062.5
2026-08-12 02:40:00,0.1878,0.1881,0.1877,0.1881,379684.3
2026-08-12 02:45:00,0.1881,0.1883,0.188,0.1881,222516.9
2026-08-12 02:50:00,0.1881,0.1884,0.188,0.1882,621011.5
2026-08-12 02:55:00,0.1882,0.1882,0.1877,0.188,302402.8
2026-08-12 03:00:00,0.188,0.1883,0.188,0.1881,629161.1
2026-08-12 03:05:00,0.1881,0.1882,0.1879,0.188,340297.3
2026-08-12 03:10:00,0.188,0.188,0.1876,0.1877,77949.3
2026-08-12 03:15:00,0.1877,0.188,0.1876,0.1879,166753.7
2026-08-12 03:20:00,0.1879,0.188,0.1878,0.1879,24706.0
2026-08-12 03:25:00,0.1879,0.1879,0.1876,0.1878,43820.7
2026-08-12 03:30:00,0.1877,0.188,0.1876,0.1879,53341.4
2026-08-12 03:35:00,0.1879,0.188,0.1879,0.1879,88087.2
2026-08-12 03:40:00,0.188,0.188,0.1878,0.1878,31811.9
2026-08-12 03:45:00,0.1878,0.1878,0.1876,0.1877,152420.3
2026-08-12 03:50:00,0.1877,0.1877,0.1874,0.1874,17757.9
2026-08-12 03:55:00,0.1875,0.1877,0.1875,0.1877,102530.8
2026-08-12 04:00:00,0.1876,0.1878,0.1876,0.1878,76786.7
2026-08-12 04:05:00,0.1879,0.188,0.1878,0.1878,87000.6
2026-08-12 04:10:00,0.1878,0.1879,0.1877,0.1879,166546.5
2026-08-12 04:15:00,0.1879,0.1879,0.1877,0.1878,59307.7
2026-08-12 04:20:00,0.1878,0.1878,0.1876,0.1876,71220.0
2026-08-12 04:25:00,0.1876,0.1876,0.1873,0.1874,67042.6
2026-08-12 04:30:00,0.1873,0.1874,0.1872,0.1874,92353.8
2026-08-12 04:35:00,0.1874,0.1874,0.1872,0.1873,152048.0
2026-08-12 04:40:00,0.1873,0.1874,0.1872,0.1873,125908.5
2026-08-12 04:45:00,0.1873,0.1876,0.1873,0.1876,227645.9
2026-08-12 04:50:00,0.1876,0.1877,0.1873,0.1874,20819.5
2026-08-12 04:55:00,0.1874,0.1874,0.187,0.1871,103503.9
2026-08-12 05:00:00,0.187,0.1871,0.1869,0.1869,232626.9
2026-08-12 05:05:00,0.1869,0.187,0.1866,0.187,194462.6
2026-08-12 05:10:00,0.1869,0.1874,0.1869,0.1873,172861.7
2026-08-12 05:15:00,0.1873,0.1876,0.1872,0.1875,81478.5
2026-08-12 05:20:00,0.1875,0.1877,0.1874,0.1874,41388.4
2026-08-12 05:25:00,0.1875,0.1875,0.1874,0.1874,38847.4
2026-08-12 05:30:00,0.1875,0.1875,0.1872,0.1874,129551.4
2026-08-12 05:35:00,0.1873,0.1874,0.1872,0.1873,17434.5
2026-08-12 05:40:00,0.1874,0.1874,0.1869,0.1871,696932.3
2026-08-12 05:45:00,0.1871,0.1871,0.1868,0.1869,53820.9
2026-08-12 05:50:00,0.1868,0.1868,0.1867,0.1867,28089.6
2026-08-12 05:55:00,0.1868,0.1868,0.1865,0.1866,52079.9
2026-08-12 06:00:00,0.1866,0.1866,0.1862,0.1864,214682.0
2026-08-12 06:05:00,0.1864,0.1865,0.1863,0.1864,119907.1
2026-08-12 06:10:00,0.1865,0.1866,0.1864,0.1865,59870.7
2026-08-12 06:15:00,0.1865,0.1868,0.1865,0.1865,299759.4
2026-08-12 06:20:00,0.1864,0.1864,0.1861,0.1862,77424.8
2026-08-12 06:25:00,0.1862,0.1864,0.1861,0.1863,50509.1
2026-08-12 06:30:00,0.1862,0.1864,0.1861,0.1862,364649.9
2026-08-12 06:35:00,0.1863,0.1863,0.1856,0.1859,308394.5
2026-08-12 06:40:00,0.1859,0.1859,0.1857,0.1858,54899.0
2026-08-12 06:45:00,0.1858,0.1859,0.1856,0.1858,246538.1
2026-08-12 06:50:00,0.1858,0.1858,0.1852,0.1854,786252.6
2026-08-12 06:55:00,0.1854,0.1855,0.1854,0.1855,38022.6
2026-08-12 07:00:00,0.1856,0.1859,0.1853,0.1859,520060.8
2026-08-12 07:05:00,0.1859,0.1859,0.1856,0.1856,75013.7
2026-08-12 07:10:00,0.1856,0.1859,0.1856,0.1858,112617.3
2026-08-12 07:15:00,0.1857,0.1858,0.1854,0.1855,371439.9
2026-08-12 07:20:00,0.1854,0.1856,0.1854,0.1856,19141.2
2026-08-12 07:25:00,0.1856,0.1856,0.1853,0.1854,66139.6
2026-08-12 07:30:00,0.1854,0.1856,0.1854,0.1856,135591.0
2026-08-12 07:35:00,0.1855,0.1856,0.185,0.1851,94713.5
2026-08-12 07:40:00,0.1852,0.1852,0.1849,0.1851,108788.8
2026-08-12 07:45:00,0.185,0.1853,0.1849,0.1853,161201.2
2026-08-12 07:50:00,0.1852,0.1855,0.1852,0.1855,21408.2
2026-08-12 07:55:00,0.1855,0.1855,0.1852,0.1853,110515.6
2026-08-12 08:00:00,0.1852,0.1855,0.1851,0.1854,300985.5
2026-08-12 08:05:00,0.1854,0.1855,0.1853,0.1853,81993.5
2026-08-12 08:10:00,0.1852,0.1853,0.1851,0.1852,74239.9
2026-08-12 08:15:00,0.1853,0.1855,0.1852,0.1855,47595.6
2026-08-12 08:20:00,0.1854,0.1856,0.1854,0.1856,89026.3
2026-08-12 08:25:00,0.1856,0.1858,0.1856,0.1857,95342.0
2026-08-12 08:30:00,0.1857,0.1858,0.1855,0.1856,136480.1
2026-08-12 08:35:00,0.1857,0.1857,0.1855,0.1855,65278.5
2026-08-12 08:40:00,0.1855,0.1856,0.1853,0.1854,199573.3
2026-08-12 08:45:00,0.1854,0.1857,0.1852,0.1857,603723.0
2026-08-12 08:50:00,0.1856,0.1857,0.1855,0.1855,70707.7
2026-08-12 08:55:00,0.1856,0.1856,0.1855,0.1856,79308.9
2026-08-12 09:00:00,0.1855,0.1858,0.1854,0.1857,168300.6
2026-08-12 09:05:00,0.1857,0.1858,0.1856,0.1857,211978.9
2026-08-12 09:10:00,0.1857,0.1857,0.1855,0.1855,135997.0
2026-08-12 09:15:00,0.1855,0.186,0.1855,0.186,544064.1
2026-08-12 09:20:00,0.1859,0.1863,0.1856,0.1861,155765.8
2026-08-12 09:25:00,0.1862,0.1868,0.1862,0.1867,349589.4
2026-08-12 09:30:00,0.1868,0.1871,0.1866,0.1869,222571.8
2026-08-12 09:35:00,0.1869,0.1869,0.1865,0.1865,183263.5
2026-08-12 09:40:00,0.1865,0.1867,0.1863,0.1863,144450.2
2026-08-12 09:45:00,0.1863,0.1872,0.1863,0.187,698758.2
2026-08-12 09:50:00,0.1871,0.1873,0.187,0.1872,361979.7
2026-08-12 09:55:00,0.1873,0.1875,0.1871,0.1873,209392.1
2026-08-12 10:00:00,0.1872,0.1876,0.1871,0.1873,235066.1
2026-08-12 10:05:00,0.1872,0.1872,0.187,0.187,105273.0
2026-08-12 10:10:00,0.1869,0.1872,0.1869,0.187,44053.5
2026-08-12 10:15:00,0.187,0.1872,0.1868,0.187,394697.4
2026-08-12 10:20:00,0.187,0.1873,0.1869,0.1869,86924.8
2026-08-12 10:25:00,0.1869,0.187,0.1868,0.1868,143475.4
2026-08-12 10:30:00,0.1868,0.187,0.1866,0.187,250337.1
2026-08-12 10:35:00,0.187,0.1871,0.1868,0.187,39412.7
2026-08-12 10:40:00,0.1869,0.1871,0.1869,0.1869,53468.3
2026-08-12 10:45:00,0.1869,0.1871,0.1868,0.187,528650.4
2026-08-12 10:50:00,0.187,0.1871,0.187,0.1871,57825.3
2026-08-12 10:55:00,0.1871,0.1871,0.1867,0.1868,71717.2
2026-08-12 11:00:00,0.1869,0.1871,0.1868,0.1869,24249.0
2026-08-12 11:05:00,0.1868,0.1869,0.1867,0.1867,75862.1
2026-08-12 11:10:00,0.1867,0.1868,0.1861,0.1862,226376.3
2026-08-12 11:15:00,0.1861,0.1863,0.1861,0.1863,37246.6
2026-08-12 11:20:00,0.1863,0.1864,0.1862,0.1862,327172.0
2026-08-12 11:25:00,0.1862,0.1864,0.1862,0.1863,105660.1
2026-08-12 11:30:00,0.1864,0.1864,0.1861,0.1861,97654.6
2026-08-12 11:35:00,0.1862,0.1862,0.1859,0.186,152762.5
2026-08-12 11:40:00,0.186,0.1861,0.1858,0.1859,60445.3
2026-08-12 11:45:00,0.1858,0.1859,0.1857,0.1858,40920.3
2026-08-12 11:50:00,0.1858,0.186,0.1857,0.1858,76199.8
2026-08-12 11:55:00,0.1858,0.1859,0.1858,0.1858,115541.8
2026-08-12 12:00:00,0.1858,0.1859,0.1856,0.1858,170958.0
2026-08-12 12:05:00,0.1857,0.1857,0.1855,0.1856,82509.8
2026-08-12 12:10:00,0.1856,0.1857,0.1854,0.1855,142631.9
2026-08-12 12:15:00,0.1855,0.1856,0.1849,0.1852,427858.8
2026-08-12 12:20:00,0.1852,0.1853,0.185,0.1852,195013.7
2026-08-12 12:25:00,0.1851,0.1863,0.1851,0.1859,1258424.0
2026-08-12 12:30:00,0.186,0.1864,0.1847,0.1858,2615053.3
2026-08-12 12:35:00,0.1858,0.1863,0.1851,0.1851,1213750.8
2026-08-12 12:40:00,0.1851,0.1852,0.1839,0.1844,1715742.4
2026-08-12 12:45:00,0.1843,0.1845,0.1833,0.1838,1977718.5
2026-08-12 12:50:00,0.1838,0.1847,0.1838,0.1845,814972.7
2026-08-12 12:55:00,0.1845,0.1847,0.1844,0.1845,250229.7
2026-08-12 13:00:00,0.1845,0.1847,0.1843,0.1845,231132.8
2026-08-12 13:05:00,0.1845,0.1846,0.1842,0.1845,286118.8
2026-08-12 13:10:00,0.1846,0.1847,0.1837,0.1838,69637.1
2026-08-12 13:15:00,0.1839,0.1841,0.1837,0.1837,119802.8
2026-08-12 13:20:00,0.1838,0.1839,0.1837,0.1838,114314.5
2026-08-12 13:25:00,0.1837,0.1838,0.1834,0.1836,163069.5
2026-08-12 13:30:00,0.1836,0.1839,0.1832,0.1833,225558.6
2026-08-12 13:35:00,0.1833,0.1835,0.1829,0.1833,510053.0
2026-08-12 13:40:00,0.1833,0.1838,0.1829,0.1837,429762.8
2026-08-12 13:45:00,0.1836,0.184,0.1834,0.1837,907666.0
2026-08-12 13:50:00,0.1837,0.1837,0.1833,0.1835,402586.0
2026-08-12 13:55:00,0.1836,0.1839,0.1834,0.1835,254775.8
2026-08-12 14:00:00,0.1834,0.1835,0.183,0.1831,709053.0
2026-08-12 14:05:00,0.1831,0.1833,0.1827,0.1832,533512.3
2026-08-12 14:10:00,0.1832,0.1838,0.1832,0.1835,297119.7
2026-08-12 14:15:00,0.1834,0.1834,0.1831,0.1832,268942.4
2026-08-12 14:20:00,0.1833,0.1833,0.1828,0.183,550930.3
2026-08-12 14:25:00,0.183,0.1831,0.1827,0.1829,385144.9
2026-08-12 14:30:00,0.1829,0.1834,0.1825,0.1829,1105286.6
2026-08-12 14:35:00,0.183,0.183,0.1827,0.1829,285471.0
2026-08-12 14:40:00,0.1829,0.183,0.1824,0.1826,446036.3
2026-08-12 14:45:00,0.1826,0.1829,0.1825,0.1827,97338.2
2026-08-12 14:50:00,0.1828,0.1828,0.1821,0.1825,337528.0
2026-08-12 14:55:00,0.1825,0.1825,0.1821,0.1822,330528.7
2026-08-12 15:00:00,0.1822,0.1831,0.1822,0.183,462822.6
2026-08-12 15:05:00,0.1831,0.1831,0.1827,0.1828,221576.7
2026-08-12 15:10:00,0.1829,0.1832,0.1828,0.1832,104495.3
2026-08-12 15:15:00,0.1831,0.1837,0.1831,0.1835,438094.3
2026-08-12 15:20:00,0.1835,0.1836,0.1831,0.1832,151885.2
2026-08-12 15:25:00,0.1832,0.1832,0.1825,0.1826,481311.6
2026-08-12 15:30:00,0.1826,0.1827,0.1823,0.1825,346611.3
2026-08-12 15:35:00,0.1824,0.1827,0.1823,0.1824,133690.6
2026-08-12 15:40:00,0.1825,0.1825,0.1822,0.1823,230873.2
2026-08-12 15:45:00,0.1823,0.1824,0.1822,0.1822,89246.1
2026-08-12 15:50:00,0.1822,0.1823,0.182,0.182,317994.5
2026-08-12 15:55:00,0.1821,0.1822,0.1818,0.182,135506.1
2026-08-12 16:00:00,0.1819,0.1822,0.1818,0.1822,246213.4
2026-08-12 16:05:00,0.1822,0.1823,0.182,0.1821,190427.7
2026-08-12 16:10:00,0.1822,0.1824,0.182,0.1823,623744.1
2026-08-12 16:15:00,0.1824,0.1825,0.1821,0.1822,210924.0
2026-08-12 16:20:00,0.1821,0.1822,0.182,0.1821,130437.7
2026-08-12 16:25:00,0.1821,0.1823,0.182,0.1823,104108.4
2026-08-12 16:30:00,0.1822,0.1823,0.182,0.182,332697.7
2026-08-12 16:35:00,0.1821,0.1821,0.182,0.182,193229.4
2026-08-12 16:40:00,0.1821,0.1823,0.182,0.182,328538.7
2026-08-12 16:45:00,0.1821,0.1821,0.1818,0.1818,750683.4
2026-08-12 16:50:00,0.1818,0.182,0.1816,0.1818,644084.7
2026-08-12 16:55:00,0.1818,0.1823,0.1818,0.1823,232451.7
2026-08-12 17:00:00,0.1823,0.1824,0.1821,0.1822,198299.9
2026-08-12 17:05:00,0.1822,0.1824,0.1821,0.1824,115150.0
2026-08-12 17:10:00,0.1823,0.1825,0.1822,0.1825,262979.5
2026-08-12 17:15:00,0.1825,0.1826,0.1823,0.1824,228944.5
2026-08-12 17:20:00,0.1824,0.1824,0.1822,0.1824,131661.2
2026-08-12 17:25:00,0.1824,0.1825,0.1823,0.1824,187692.0
2026-08-12 17:30:00,0.1824,0.1828,0.1822,0.1828,301941.3
2026-08-12 17:35:00,0.1828,0.1829,0.1827,0.1827,196028.5
2026-08-12 17:40:00,0.1827,0.1828,0.1827,0.1828,191973.5
2026-08-12 17:45:00,0.1827,0.1831,0.1826,0.183,708799.0
2026-08-12 17:50:00,0.183,0.1835,0.183,0.183,331928.2
2026-08-12 17:55:00,0.183,0.1833,0.183,0.1832,52673.6
2026-08-12 18:00:00,0.1833,0.1836,0.1833,0.1835,251527.8
2026-08-12 18:05:00,0.1835,0.1835,0.1832,0.1834,115641.3
2026-08-12 18:10:00,0.1834,0.1834,0.1833,0.1834,21187.5
2026-08-12 18:15:00,0.1833,0.1834,0.183,0.1834,210377.9
2026-08-12 18:20:00,0.1834,0.1835,0.1834,0.1834,48762.8
2026-08-12 18:25:00,0.1834,0.1838,0.1834,0.1837,88585.4
2026-08-12 18:30:00,0.1838,0.1839,0.1834,0.1836,195597.5
2026-08-12 18:35:00,0.1836,0.1837,0.1832,0.1834,167185.5
2026-08-12 18:40:00,0.1833,0.1835,0.1833,0.1835,53816.9
2026-08-12 18:45:00,0.1835,0.1835,0.1834,0.1834,35133.2
2026-08-12 18:50:00,0.1834,0.1834,0.1829,0.1831,395562.4
2026-08-12 18:55:00,0.1832,0.1834,0.183,0.1834,183092.4
2026-08-12 19:00:00,0.1834,0.1836,0.1832,0.1835,125387.8
2026-08-12 19:05:00,0.1835,0.1836,0.1834,0.1835,24178.0
2026-08-12 19:10:00,0.1835,0.1835,0.1831,0.1831,60045.3
2026-08-12 19:15:00,0.1831,0.1836,0.1831,0.1835,42966.8
2026-08-12 19:20:00,0.1835,0.1836,0.1833,0.1835,141680.1
2026-08-12 19:25:00,0.1835,0.1836,0.1833,0.1835,164103.4
2026-08-12 19:30:00,0.1835,0.1837,0.1834,0.1837,16087.9
2026-08-12 19:35:00,0.1837,0.1837,0.1832,0.1833,111340.7
2026-08-12 19:40:00,0.1833,0.1833,0.183,0.1831,35339.9
2026-08-12 19:45:00,0.1831,0.1833,0.183,0.1832,82678.0
2026-08-12 19:50:00,0.1831,0.1831,0.183,0.1831,72222.6
2026-08-12 19:55:00,0.1831,0.1833,0.183,0.1832,32729.5
2026-08-12 20:00:00,0.1832,0.1833,0.183,0.1832,51993.1
2026-08-12 20:05:00,0.1831,0.1832,0.183,0.1832,52666.2
2026-08-12 20:10:00,0.1831,0.1833,0.1831,0.1831,66851.3
2026-08-12 20:15:00,0.1831,0.1832,0.1828,0.1831,97633.3
2026-08-12 20:20:00,0.1831,0.1833,0.183,0.1833,75076.2
2026-08-12 20:25:00,0.1832,0.1833,0.183,0.1832,162858.0
2026-08-12 20:30:00,0.1833,0.1836,0.1833,0.1834,25869.6
2026-08-12 20:35:00,0.1835,0.1836,0.1833,0.1835,65987.3
2026-08-12 20:40:00,0.1835,0.1836,0.1834,0.1835,45764.5
2026-08-12 20:45:00,0.1834,0.1834,0.1832,0.1832,35790.5
2026-08-12 20:50:00,0.1832,0.1833,0.1826,0.1827,234302.0
2026-08-12 20:55:00,0.1827,0.1829,0.1826,0.1829,25027.5
2026-08-12 21:00:00,0.1828,0.183,0.1824,0.1826,59370.2
2026-08-12 21:05:00,0.1825,0.1826,0.1825,0.1825,9047.7
2026-08-12 21:10:00,0.1825,0.1827,0.1821,0.1822,258878.7
2026-08-12 21:15:00,0.1822,0.1825,0.1822,0.1822,229796.4
2026-08-12 21:20:00,0.1822,0.1822,0.1806,0.181,1818546.5
2026-08-12 21:25:00,0.1811,0.1815,0.1807,0.1812,330539.5
2026-08-12 21:30:00,0.1812,0.1816,0.1809,0.1814,485279.1
2026-08-12 21:35:00,0.1815,0.1815,0.1806,0.181,966441.4
2026-08-12 21:40:00,0.1809,0.1817,0.1809,0.1816,234237.5
2026-08-12 21:45:00,0.1815,0.1818,0.1813,0.1813,86133.6
2026-08-12 21:50:00,0.1813,0.1816,0.1812,0.1815,168369.6
2026-08-12 21:55:00,0.1814,0.1815,0.1808,0.1811,230966.4
2026-08-12 22:00:00,0.181,0.1819,0.1808,0.1817,278793.2
2026-08-12 22:05:00,0.1818,0.1822,0.1818,0.1819,101509.3
2026-08-12 22:10:00,0.1819,0.1821,0.1819,0.1819,58331.7
2026-08-12 22:15:00,0.182,0.1822,0.1819,0.182,37380.3
2026-08-12 22:20:00,0.1821,0.1822,0.1818,0.1821,99469.6
2026-08-12 22:25:00,0.182,0.1821,0.1819,0.182,66446.9
2026-08-12 22:30:00,0.182,0.1822,0.1818,0.1821,122356.0
2026-08-12 22:35:00,0.1821,0.1821,0.1819,0.182,57721.8
2026-08-12 22:40:00,0.182,0.182,0.1817,0.1818,50903.0
2026-08-12 22:45:00,0.1819,0.1821,0.1819,0.1819,139450.4
2026-08-12 22:50:00,0.1819,0.1821,0.1819,0.182,77535.8
2026-08-12 22:55:00,0.182,0.1822,0.1819,0.1821,78037.1
2026-08-12 23:00:00,0.182,0.1822,0.1819,0.1821,53137.7
2026-08-12 23:05:00,0.1821,0.1821,0.1817,0.1818,69043.5
2026-08-12 23:10:00,0.1818,0.1822,0.1818,0.1822,20375.3
2026-08-12 23:15:00,0.1823,0.1823,0.1819,0.1819,113939.2
2026-08-12 23:20:00,0.182,0.1824,0.1819,0.182,244547.1
2026-08-12 23:25:00,0.1819,0.1824,0.1819,0.1824,37964.0
2026-08-12 23:30:00,0.1823,0.1827,0.1823,0.1826,137756.3
2026-08-12 23:35:00,0.1826,0.1828,0.1823,0.1827,53958.7
2026-08-12 23:40:00,0.1827,0.1827,0.1825,0.1825,73222.7
2026-08-12 23:45:00,0.1825,0.1826,0.1824,0.1825,27411.8
2026-08-12 23:50:00,0.1825,0.1826,0.1824,0.1826,160727.7
2026-08-12 23:55:00,0.1826,0.1828,0.1825,0.1826,59380.9
2026-08-13 00:00:00,0.1826,0.1828,0.1824,0.1828,139280.9
2026-08-13 00:05:00,0.1828,0.183,0.1827,0.1829,276947.0
2026-08-13 00:10:00,0.1828,0.183,0.1827,0.1829,29995.7
2026-08-13 00:15:00,0.1829,0.1836,0.1828,0.1835,258147.8
2026-08-13 00:20:00,0.1834,0.1835,0.1831,0.1831,39306.1
2026-08-13 00:25:00,0.183,0.183,0.1828,0.183,53086.5
2026-08-13 00:30:00,0.183,0.1831,0.1825,0.1826,238953.2
2026-08-13 00:35:00,0.1825,0.1826,0.1823,0.1823,121813.4
2026-08-13 00:40:00,0.1824,0.1824,0.182,0.1821,131388.8
2026-08-13 00:45:00,0.1821,0.1824,0.1821,0.1823,86125.3
2026-08-13 00:50:00,0.1822,0.1822,0.182,0.182,16977.6
2026-08-13 00:55:00,0.182,0.1821,0.1818,0.1818,121408.7
2026-08-13 01:00:00,0.1818,0.1821,0.1817,0.182,41150.1
2026-08-13 01:05:00,0.182,0.1822,0.182,0.1821,40966.5
2026-08-13 01:10:00,0.1821,0.1823,0.1821,0.1823,61917.0
2026-08-13 01:15:00,0.1823,0.1824,0.1819,0.182,140924.6
2026-08-13 01:20:00,0.182,0.1821,0.1817,0.1818,87375.2
2026-08-13 01:25:00,0.1817,0.1818,0.1813,0.1817,185107.1
2026-08-13 01:30:00,0.1816,0.1821,0.1816,0.1821,33736.7
2026-08-13 01:35:00,0.182,0.1821,0.182,0.1821,36654.6
2026-08-13 01:40:00,0.182,0.1821,0.1816,0.1817,21771.7
2026-08-13 01:45:00,0.1816,0.1818,0.1816,0.1818,15338.3
2026-08-13 01:50:00,0.1817,0.182,0.1817,0.1818,11125.6
2026-08-13 01:55:00,0.1819,0.1819,0.1814,0.1815,295260.1
2026-08-13 02:00:00,0.1815,0.1816,0.1814,0.1814,52506.2
2026-08-13 02:05:00,0.1815,0.1815,0.1813,0.1814,86520.0
2026-08-13 02:10:00,0.1814,0.1815,0.1813,0.1813,136485.3
2026-08-13 02:15:00,0.1814,0.1815,0.1813,0.1815,48579.7
2026-08-13 02:20:00,0.1815,0.1818,0.1815,0.1817,86687.7
2026-08-13 02:25:00,0.1818,0.182,0.1818,0.182,87298.0
2026-08-13 02:30:00,0.1819,0.1821,0.1817,0.1821,156284.2
2026-08-13 02:35:00,0.1822,0.1822,0.1818,0.1819,69088.8
2026-08-13 02:40:00,0.1818,0.1821,0.1818,0.1821,32135.5
2026-08-13 02:45:00,0.1821,0.1826,0.1819,0.1825,145878.7
2026-08-13 02:50:00,0.1825,0.1831,0.1825,0.1831,95833.6
2026-08-13 02:55:00,0.183,0.1831,0.1829,0.1831,41539.7
2026-08-13 03:00:00,0.1831,0.1832,0.1829,0.183,400355.8
2026-08-13 03:05:00,0.1831,0.1835,0.1831,0.1833,267722.9
2026-08-13 03:10:00,0.1832,0.1833,0.1831,0.1833,129160.7
2026-08-13 03:15:00,0.1833,0.1834,0.1832,0.1833,67616.8
2026-08-13 03:20:00,0.1833,0.1836,0.1832,0.1832,135807.1
2026-08-13 03:25:00,0.1832,0.1833,0.183,0.183,37941.7
2026-08-13 03:30:00,0.183,0.1836,0.183,0.1834,153677.0
2026-08-13 03:35:00,0.1834,0.184,0.1834,0.1838,415923.6
2026-08-13 03:40:00,0.1839,0.1841,0.1838,0.184,136297.5
2026-08-13 03:45:00,0.184,0.1843,0.1839,0.184,161243.9
2026-08-13 03:50:00,0.1839,0.1841,0.1837,0.1838,113242.8
2026-08-13 03:55:00,0.1839,0.1841,0.1837,0.184,47988.8
2026-08-13 04:00:00,0.1839,0.1843,0.1838,0.1838,267893.8
2026-08-13 04:05:00,0.1839,0.184,0.1837,0.184,88659.8
2026-08-13 04:10:00,0.1839,0.1841,0.1838,0.1841,89504.6
2026-08-13 04:15:00,0.184,0.1841,0.1839,0.1839,142937.3
2026-08-13 04:20:00,0.184,0.184,0.1838,0.1839,32069.3
2026-08-13 04:25:00,0.1839,0.184,0.1837,0.1839,213434.6
2026-08-13 04:30:00,0.1839,0.184,0.1838,0.1839,155558.3
2026-08-13 04:35:00,0.184,0.1841,0.1839,0.184,40055.5
2026-08-13 04:40:00,0.184,0.1841,0.1839,0.1839,152174.0
2026-08-13 04:45:00,0.184,0.1841,0.1836,0.1837,83692.0
2026-08-13 04:50:00,0.1837,0.1838,0.1834,0.1834,45213.8
2026-08-13 04:55:00,0.1834,0.1834,0.1833,0.1834,27436.7
2026-08-13 05:00:00,0.1834,0.1834,0.1829,0.1832,226753.6
2026-08-13 05:05:00,0.1831,0.1835,0.183,0.1832,187097.1
2026-08-13 05:10:00,0.1833,0.1836,0.1832,0.1836,103127.7
2026-08-13 05:15:00,0.1836,0.184,0.1836,0.1839,168075.8
2026-08-13 05:20:00,0.184,0.1841,0.1838,0.184,84726.6
2026-08-13 05:25:00,0.184,0.1841,0.1839,0.1841,128569.8
2026-08-13 05:30:00,0.1841,0.1841,0.1839,0.184,81788.6
2026-08-13 05:35:00,0.184,0.1841,0.184,0.1841,98318.3
2026-08-13 05:40:00,0.1842,0.1843,0.1841,0.1842,75341.4
2026-08-13 05:45:00,0.1842,0.1844,0.1842,0.1843,116657.5
2026-08-13 05:50:00,0.1843,0.1852,0.1842,0.185,695669.2
2026-08-13 05:55:00,0.185,0.1851,0.1845,0.1845,194022.7
2026-08-13 06:00:00,0.1844,0.1846,0.1842,0.1842,169158.8
2026-08-13 06:05:00,0.1843,0.1852,0.1842,0.1847,803830.2
2026-08-13 06:10:00,0.1848,0.1849,0.1844,0.1845,108395.8
2026-08-13 06:15:00,0.1844,0.1847,0.1844,0.1845,24316.7
2026-08-13 06:20:00,0.1846,0.1848,0.1843,0.1844,311031.8
2026-08-13 06:25:00,0.1843,0.1843,0.184,0.1843,84418.7
2026-08-13 06:30:00,0.1843,0.1843,0.1841,0.1842,76998.5
2026-08-13 06:35:00,0.1842,0.1844,0.1842,0.1843,44607.0
2026-08-13 06:40:00,0.1842,0.1845,0.1842,0.1845,46794.4
2026-08-13 06:45:00,0.1845,0.1848,0.1843,0.1843,202179.4
2026-08-13 06:50:00,0.1842,0.1846,0.1842,0.1846,150626.6
2026-08-13 06:55:00,0.1845,0.1847,0.1843,0.1844,272677.7
2026-08-13 07:00:00,0.1844,0.1845,0.1842,0.1843,89956.5
2026-08-13 07:05:00,0.1843,0.1843,0.1841,0.1842,69200.0
2026-08-13 07:10:00,0.1842,0.1842,0.184,0.1842,57534.9
2026-08-13 07:15:00,0.1842,0.1843,0.1841,0.1841,41936.5
2026-08-13 07:20:00,0.1841,0.1843,0.1841,0.1843,75376.8
2026-08-13 07:25:00,0.1843,0.1844,0.184,0.1844,204104.8
2026-08-13 07:30:00,0.1845,0.1847,0.1844,0.1844,916948.4
2026-08-13 07:35:00,0.1844,0.185,0.1844,0.1849,438461.3
2026-08-13 07:40:00,0.185,0.1854,0.1849,0.1853,491117.4
2026-08-13 07:45:00,0.1853,0.1854,0.1851,0.1851,1291661.2
2026-08-13 07:50:00,0.1852,0.1857,0.1851,0.1856,426083.6
2026-08-13 07:55:00,0.1856,0.1858,0.1856,0.1856,462498.3
2026-08-13 08:00:00,0.1857,0.186,0.1856,0.1857,289504.1
2026-08-13 08:05:00,0.1857,0.1858,0.1855,0.1855,990510.3
2026-08-13 08:10:00,0.1855,0.1858,0.1853,0.1853,776443.2
2026-08-13 08:15:00,0.1854,0.1859,0.1854,0.1858,443342.0
2026-08-13 08:20:00,0.1858,0.1859,0.1854,0.1856,724172.1
2026-08-13 08:25:00,0.1856,0.1857,0.1851,0.1853,935104.1
2026-08-13 08:30:00,0.1854,0.1858,0.1853,0.1857,131362.6
2026-08-13 08:35:00,0.1858,0.186,0.1857,0.1859,277580.4
2026-08-13 08:40:00,0.186,0.1861,0.1858,0.1859,369899.0
2026-08-13 08:45:00,0.1858,0.1861,0.1858,0.186,333172.8
2026-08-13 08:50:00,0.186,0.1861,0.1858,0.1858,181790.9
2026-08-13 08:55:00,0.1859,0.1867,0.1859,0.1865,698706.3
2026-08-13 09:00:00,0.1865,0.1867,0.1857,0.1859,966003.8
2026-08-13 09:05:00,0.1859,0.1859,0.1855,0.1858,424451.0
2026-08-13 09:10:00,0.1857,0.1857,0.1854,0.1855,354097.6
2026-08-13 09:15:00,0.1855,0.1856,0.1854,0.1856,241242.7
2026-08-13 09:20:00,0.1856,0.1857,0.1852,0.1853,586188.6
2026-08-13 09:25:00,0.1853,0.1856,0.1853,0.1856,123450.4
2026-08-13 09:30:00,0.1855,0.1856,0.1853,0.1855,190806.7
2026-08-13 09:35:00,0.1855,0.1855,0.1852,0.1854,147322.2
2026-08-13 09:40:00,0.1854,0.1856,0.1854,0.1856,142029.6
2026-08-13 09:45:00,0.1856,0.1856,0.1854,0.1854,71228.6
2026-08-13 09:50:00,0.1854,0.1857,0.1853,0.1857,138236.7
2026-08-13 09:55:00,0.1857,0.1858,0.1854,0.1855,303834.3
2026-08-13 10:00:00,0.1855,0.1856,0.1851,0.1853,358395.7
2026-08-13 10:05:00,0.1853,0.1855,0.1852,0.1853,345900.5
2026-08-13 10:10:00,0.1854,0.1855,0.1851,0.1852,141927.1
2026-08-13 10:15:00,0.1851,0.1853,0.185,0.1852,184695.0
2026-08-13 10:20:00,0.1852,0.1852,0.1847,0.185,365223.9
2026-08-13 10:25:00,0.1851,0.1853,0.1851,0.1853,388191.9
2026-08-13 10:30:00,0.1853,0.1854,0.1848,0.1848,456733.1
2026-08-13 10:35:00,0.1848,0.185,0.1848,0.1849,143582.6
2026-08-13 10:40:00,0.1849,0.1852,0.1849,0.185,96845.8
2026-08-13 10:45:00,0.1849,0.1852,0.1848,0.1848,114482.3
2026-08-13 10:50:00,0.1848,0.1849,0.1845,0.1845,95722.0
2026-08-13 10:55:00,0.1846,0.1849,0.1845,0.1848,60130.9
2026-08-13 11:00:00,0.1849,0.1849,0.1848,0.1848,37929.9
2026-08-13 11:05:00,0.1847,0.1848,0.1844,0.1846,126312.0
2026-08-13 11:10:00,0.1846,0.1847,0.1845,0.1846,74578.2
2026-08-13 11:15:00,0.1845,0.1847,0.1843,0.1845,96100.6
2026-08-13 11:20:00,0.1846,0.1848,0.1845,0.1848,148893.9
2026-08-13 11:25:00,0.1848,0.1849,0.1845,0.1847,37305.4
2026-08-13 11:30:00,0.1847,0.1847,0.1834,0.1835,964232.6
2026-08-13 11:35:00,0.1836,0.1837,0.1833,0.1837,74015.0
2026-08-13 11:40:00,0.1836,0.1836,0.1833,0.1833,184087.0
2026-08-13 11:45:00,0.1834,0.1835,0.1833,0.1834,57809.0
2026-08-13 11:50:00,0.1835,0.1835,0.1833,0.1833,114976.3
2026-08-13 11:55:00,0.1834,0.1834,0.1831,0.1832,154049.3
2026-08-13 12:00:00,0.1832,0.1833,0.1829,0.1833,230639.7
2026-08-13 12:05:00,0.1832,0.1835,0.1832,0.1833,122779.6
2026-08-13 12:10:00,0.1834,0.1838,0.1834,0.1836,178199.0
2026-08-13 12:15:00,0.1836,0.1837,0.1834,0.1834,135471.7
2026-08-13 12:20:00,0.1834,0.1835,0.1832,0.1833,130684.1
2026-08-13 12:25:00,0.1833,0.1835,0.1833,0.1835,194698.0
2026-08-13 12:30:00,0.1835,0.1839,0.1832,0.1837,164572.3
2026-08-13 12:35:00,0.1836,0.1837,0.1834,0.1834,32459.3
2026-08-13 12:40:00,0.1833,0.1834,0.1832,0.1833,54455.3
2026-08-13 12:45:00,0.1832,0.1834,0.1831,0.1833,82188.9
2026-08-13 12:50:00,0.1833,0.1835,0.1831,0.1833,158252.8
2026-08-13 12:55:00,0.1833,0.1835,0.1832,0.1835,89196.6
2026-08-13 13:00:00,0.1834,0.1836,0.1833,0.1833,105600.5
2026-08-13 13:05:00,0.1833,0.1836,0.1833,0.1835,94244.7
2026-08-13 13:10:00,0.1835,0.1836,0.1831,0.1831,108983.3
2026-08-13 13:15:00,0.1832,0.1834,0.1831,0.1834,203014.4
2026-08-13 13:20:00,0.1834,0.1834,0.1831,0.1831,140793.3
2026-08-13 13:25:00,0.1831,0.1831,0.1829,0.183,172684.7
2026-08-13 13:30:00,0.183,0.1838,0.183,0.1838,110955.8
2026-08-13 13:35:00,0.1839,0.184,0.1838,0.1839,219527.9
2026-08-13 13:40:00,0.184,0.1846,0.184,0.1842,363766.5
2026-08-13 13:45:00,0.1843,0.1845,0.184,0.1844,240198.2
2026-08-13 13:50:00,0.1844,0.1847,0.1843,0.1843,96066.6
2026-08-13 13:55:00,0.1843,0.1846,0.1843,0.1845,266588.5
2026-08-13 14:00:00,0.1844,0.1848,0.1844,0.1846,207556.0
2026-08-13 14:05:00,0.1846,0.1847,0.1843,0.1845,106606.0
2026-08-13 14:10:00,0.1845,0.1853,0.1845,0.1847,753143.8
2026-08-13 14:15:00,0.1848,0.185,0.1845,0.1846,316299.0
2026-08-13 14:20:00,0.1846,0.1847,0.1843,0.1843,179845.7
2026-08-13 14:25:00,0.1842,0.1843,0.184,0.1842,223471.6
2026-08-13 14:30:00,0.1842,0.1849,0.1842,0.1848,85732.3
2026-08-13 14:35:00,0.1848,0.1853,0.1848,0.1852,388562.6
2026-08-13 14:40:00,0.1852,0.1854,0.1852,0.1852,170974.3
2026-08-13 14:45:00,0.1853,0.1853,0.1849,0.1849,360351.7
2026-08-13 14:50:00,0.1849,0.185,0.1849,0.1849,81936.9
2026-08-13 14:55:00,0.1849,0.185,0.1848,0.1849,56412.1
2026-08-13 15:00:00,0.1848,0.1851,0.1848,0.1849,209093.0
2026-08-13 15:05:00,0.1849,0.1849,0.1843,0.1843,252893.0
2026-08-13 15:10:00,0.1844,0.1847,0.1844,0.1844,82342.6
2026-08-13 15:15:00,0.1843,0.1847,0.1842,0.1847,131936.4
2026-08-13 15:20:00,0.1847,0.1848,0.1844,0.1844,60038.4
2026-08-13 15:25:00,0.1844,0.1844,0.1834,0.1835,692528.1
2026-08-13 15:30:00,0.1835,0.1835,0.183,0.1833,476290.6
2026-08-13 15:35:00,0.1832,0.1834,0.1832,0.1834,72432.2
2026-08-13 15:40:00,0.1835,0.1835,0.1833,0.1833,87445.1
2026-08-13 15:45:00,0.1834,0.1834,0.183,0.1831,143600.5
2026-08-13 15:50:00,0.1832,0.1833,0.1828,0.1828,521965.6
2026-08-13 15:55:00,0.1828,0.1831,0.1827,0.1827,221554.3
2026-08-13 16:00:00,0.1826,0.1829,0.1822,0.1825,397425.3
2026-08-13 16:05:00,0.1825,0.1826,0.1821,0.1821,613306.3
2026-08-13 16:10:00,0.1821,0.1822,0.1818,0.182,1062616.2
2026-08-13 16:15:00,0.182,0.182,0.1818,0.1819,95387.4
2026-08-13 16:20:00,0.1818,0.1823,0.1816,0.1819,609833.2
2026-08-13 16:25:00,0.1819,0.1819,0.1814,0.1815,930886.6
2026-08-13 16:30:00,0.1815,0.1817,0.1814,0.1814,698899.0
2026-08-13 16:35:00,0.1815,0.1816,0.1808,0.1812,896273.3
2026-08-13 16:40:00,0.1812,0.1813,0.1804,0.181,1017642.7
2026-08-13 16:45:00,0.181,0.1814,0.1807,0.1812,815719.2
2026-08-13 16:50:00,0.1812,0.1817,0.1812,0.1813,587135.5
2026-08-13 16:55:00,0.1813,0.1816,0.1812,0.1816,300147.6
2026-08-13 17:00:00,0.1815,0.1817,0.1814,0.1816,243843.0
2026-08-13 17:05:00,0.1816,0.1817,0.1813,0.1813,124350.7
2026-08-13 17:10:00,0.1813,0.1815,0.1813,0.1814,88717.3
2026-08-13 17:15:00,0.1814,0.1815,0.1812,0.1813,208707.7
2026-08-13 17:20:00,0.1812,0.182,0.1812,0.1819,123784.1
2026-08-13 17:25:00,0.182,0.182,0.1817,0.1817,131516.6
2026-08-13 17:30:00,0.1817,0.182,0.1817,0.182,75923.0
2026-08-13 17:35:00,0.1819,0.1819,0.1816,0.1817,118496.5
2026-08-13 17:40:00,0.1817,0.1819,0.1817,0.1819,147211.0
2026-08-13 17:45:00,0.1819,0.182,0.1817,0.1817,43134.9
2026-08-13 17:50:00,0.1817,0.1818,0.1817,0.1818,27201.9
2026-08-13 17:55:00,0.1817,0.1819,0.1817,0.1819,128922.7
2026-08-13 18:00:00,0.1819,0.1822,0.1817,0.182,160528.2
2026-08-13 18:05:00,0.182,0.182,0.1817,0.1818,117564.2
2026-08-13 18:10:00,0.1817,0.1818,0.1817,0.1818,19632.5
2026-08-13 18:15:00,0.1818,0.1819,0.1816,0.1816,170228.9
2026-08-13 18:20:00,0.1817,0.1817,0.1814,0.1815,174283.3
2026-08-13 18:25:00,0.1815,0.1816,0.1809,0.181,241663.2
2026-08-13 18:30:00,0.181,0.1812,0.1809,0.1809,192589.0
2026-08-13 18:35:00,0.1809,0.1812,0.1809,0.1811,61146.0
2026-08-13 18:40:00,0.1811,0.1819,0.181,0.1819,108289.1
2026-08-13 18:45:00,0.1819,0.1819,0.1813,0.1815,1433113.1
2026-08-13 18:50:00,0.1815,0.1818,0.1814,0.1817,141000.4
2026-08-13 18:55:00,0.1817,0.1818,0.1815,0.1815,74053.9
2026-08-13 19:00:00,0.1815,0.1818,0.1815,0.1816,189514.2
2026-08-13 19:05:00,0.1815,0.1822,0.1815,0.182,258063.9
2026-08-13 19:10:00,0.182,0.1821,0.1815,0.1816,97543.4
2026-08-13 19:15:00,0.1815,0.1817,0.1814,0.1816,70951.7
2026-08-13 19:20:00,0.1817,0.1817,0.1814,0.1815,62199.8
2026-08-13 19:25:00,0.1815,0.1816,0.1813,0.1815,474399.4
2026-08-13 19:30:00,0.1815,0.1816,0.1813,0.1813,67538.6
2026-08-13 19:35:00,0.1813,0.1817,0.1813,0.1814,250194.3
2026-08-13 19:40:00,0.1815,0.1815,0.1813,0.1813,141837.4
2026-08-13 19:45:00,0.1814,0.1817,0.1813,0.1817,107350.3
2026-08-13 19:50:00,0.1816,0.1818,0.1815,0.1816,160178.4
2026-08-13 19:55:00,0.1816,0.1817,0.1814,0.1815,97256.4
2026-08-13 20:00:00,0.1815,0.1816,0.1812,0.1816,531903.3
2026-08-13 20:05:00,0.1816,0.1818,0.1813,0.1817,221373.2
2026-08-13 20:10:00,0.1817,0.1819,0.1815,0.1818,216861.0
2026-08-13 20:15:00,0.1819,0.1824,0.1819,0.1823,142140.4
2026-08-13 20:20:00,0.1823,0.1823,0.182,0.182,90431.4
2026-08-13 20:25:00,0.1819,0.182,0.1818,0.1818,102463.4
2026-08-13 20:30:00,0.1819,0.182,0.1817,0.1819,77330.8
2026-08-13 20:35:00,0.182,0.182,0.1818,0.1818,30354.0
2026-08-13 20:40:00,0.1818,0.182,0.1818,0.182,166260.3
2026-08-13 20:45:00,0.1821,0.1821,0.1817,0.1817,240589.7
2026-08-13 20:50:00,0.1817,0.1821,0.1817,0.182,142983.1
2026-08-13 20:55:00,0.182,0.1822,0.182,0.1821,12198.0
2026-08-13 21:00:00,0.1821,0.1823,0.182,0.1822,33473.8
2026-08-13 21:05:00,0.1823,0.1823,0.182,0.1821,66747.9
2026-08-13 21:10:00,0.1821,0.1824,0.1821,0.1821,65073.1
2026-08-13 21:15:00,0.1821,0.1824,0.1821,0.1824,29269.2
2026-08-13 21:20:00,0.1823,0.1824,0.1822,0.1823,103185.9
2026-08-13 21:25:00,0.1823,0.1823,0.182,0.1821,37357.5
2026-08-13 21:30:00,0.1821,0.1821,0.1817,0.1817,115196.1
2026-08-13 21:35:00,0.1817,0.1819,0.1816,0.1819,258689.6
2026-08-13 21:40:00,0.1819,0.182,0.1817,0.1818,78792.4
2026-08-13 21:45:00,0.1818,0.1818,0.1817,0.1818,55555.8
2026-08-13 21:50:00,0.1818,0.1819,0.1817,0.1819,79438.3
2026-08-13 21:55:00,0.1817,0.1819,0.1817,0.1818,32987.7
2026-08-13 22:00:00,0.1818,0.1822,0.1818,0.182,224089.4
2026-08-13 22:05:00,0.182,0.1823,0.182,0.1822,161097.4
2026-08-13 22:10:00,0.1822,0.1822,0.1821,0.1821,53930.1
2026-08-13 22:15:00,0.1822,0.1824,0.1821,0.1824,233766.0
2026-08-13 22:20:00,0.1823,0.1832,0.1822,0.1827,977081.5
2026-08-13 22:25:00,0.1827,0.1827,0.1825,0.1827,85252.0
2026-08-13 22:30:00,0.1828,0.1829,0.1825,0.1829,81910.5
2026-08-13 22:35:00,0.1828,0.1828,0.1825,0.1825,85784.7
2026-08-13 22:40:00,0.1825,0.1826,0.1824,0.1824,109559.7
2026-08-13 22:45:00,0.1824,0.1825,0.1823,0.1824,124230.1
2026-08-13 22:50:00,0.1824,0.1825,0.1823,0.1824,29794.7
2026-08-13 22:55:00,0.1824,0.1824,0.1823,0.1823,8910.8
2026-08-13 23:00:00,0.1823,0.1824,0.1822,0.1823,72719.4
2026-08-13 23:05:00,0.1822,0.1823,0.1822,0.1823,16349.0
2026-08-13 23:10:00,0.1823,0.1825,0.1822,0.1822,111242.8
2026-08-13 23:15:00,0.1823,0.1823,0.1821,0.1823,35794.7
2026-08-13 23:20:00,0.1823,0.1825,0.1823,0.1824,29128.2
2026-08-13 23:25:00,0.1824,0.1824,0.1823,0.1823,7949.4
2026-08-13 23:30:00,0.1824,0.1825,0.1823,0.1823,31956.1
2026-08-13 23:35:00,0.1824,0.1825,0.1823,0.1824,22944.8
2026-08-13 23:40:00,0.1823,0.1824,0.1823,0.1824,11949.6
2026-08-13 23:45:00,0.1824,0.1825,0.1824,0.1825,79673.6
2026-08-13 23:50:00,0.1824,0.1825,0.1823,0.1823,32824.7
2026-08-13 23:55:00,0.1824,0.1825,0.1823,0.1825,8077.5
2026-08-14 00:00:00,0.1824,0.1827,0.1824,0.1826,152815.7
2026-08-14 00:05:00,0.1827,0.1829,0.1825,0.1829,186318.0
2026-08-14 00:10:00,0.1829,0.1829,0.1826,0.1827,87615.6
2026-08-14 00:15:00,0.1827,0.1829,0.1827,0.1828,47411.5
2026-08-14 00:20:00,0.1828,0.1831,0.1828,0.183,172589.8
2026-08-14 00:25:00,0.1831,0.1831,0.1825,0.1825,58810.4
2026-08-14 00:30:00,0.1825,0.1825,0.1822,0.1824,176942.9
2026-08-14 00:35:00,0.1825,0.1828,0.1823,0.1827,236590.5
2026-08-14 00:40:00,0.1827,0.1831,0.1825,0.1831,168932.8
2026-08-14 00:45:00,0.183,0.183,0.1827,0.1827,101843.9
2026-08-14 00:50:00,0.1827,0.1831,0.1827,0.1831,133364.2
2026-08-14 00:55:00,0.1831,0.1834,0.183,0.1832,249657.4
2026-08-14 01:00:00,0.1832,0.1835,0.1831,0.1833,123586.4
2026-08-14 01:05:00,0.1833,0.1834,0.1832,0.1832,50268.9
2026-08-14 01:10:00,0.1832,0.1833,0.1832,0.1832,38014.8
2026-08-14 01:15:00,0.1832,0.1833,0.183,0.183,9926.0
2026-08-14 01:20:00,0.183,0.1833,0.183,0.1833,116511.1
2026-08-14 01:25:00,0.1832,0.1832,0.1827,0.1828,74344.6
2026-08-14 01:30:00,0.1827,0.1829,0.1827,0.1829,85731.9
2026-08-14 01:35:00,0.1829,0.1832,0.1828,0.1831,737495.8
2026-08-14 01:40:00,0.1831,0.1832,0.183,0.1831,151369.2
2026-08-14 01:45:00,0.183,0.183,0.1828,0.1829,68287.8
2026-08-14 01:50:00,0.1829,0.183,0.1828,0.1828,140234.2
2026-08-14 01:55:00,0.1827,0.1828,0.1826,0.1828,63523.5
2026-08-14 02:00:00,0.1828,0.1829,0.1827,0.1828,109358.5
2026-08-14 02:05:00,0.1828,0.183,0.1827,0.1829,300636.6
2026-08-14 02:10:00,0.183,0.1831,0.183,0.183,122567.3
2026-08-14 02:15:00,0.1831,0.1832,0.1826,0.1827,124278.8
2026-08-14 02:20:00,0.1827,0.1828,0.1826,0.1827,31875.0
2026-08-14 02:25:00,0.1827,0.1827,0.1826,0.1827,24373.0
2026-08-14 02:30:00,0.1827,0.1829,0.1827,0.1828,77205.7
2026-08-14 02:35:00,0.1828,0.1828,0.1825,0.1825,107535.3
2026-08-14 02:40:00,0.1825,0.1826,0.1825,0.1825,18330.0
2026-08-14 02:45:00,0.1824,0.1825,0.1823,0.1825,104881.0
2026-08-14 02:50:00,0.1824,0.1825,0.1824,0.1824,27074.7
2026-08-14 02:55:00,0.1824,0.1825,0.1813,0.182,913141.0
2026-08-14 03:00:00,0.182,0.1821,0.1818,0.1818,96915.2
2026-08-14 03:05:00,0.1818,0.182,0.1818,0.182,200115.9
2026-08-14 03:10:00,0.1819,0.1821,0.1819,0.182,90141.0
2026-08-14 03:15:00,0.1821,0.1825,0.1821,0.1825,35262.3
2026-08-14 03:20:00,0.1824,0.1827,0.1824,0.1827,92258.8
2026-08-14 03:25:00,0.1827,0.183,0.1827,0.1828,103939.9
2026-08-14 03:30:00,0.1829,0.1829,0.1826,0.1827,25627.5
2026-08-14 03:35:00,0.1827,0.1827,0.1824,0.1824,27454.2
2026-08-14 03:40:00,0.1825,0.1827,0.1824,0.1827,53754.4
2026-08-14 03:45:00,0.1826,0.1827,0.1822,0.1823,87967.2
2026-08-14 03:50:00,0.1823,0.1824,0.1822,0.1824,30283.7
2026-08-14 03:55:00,0.1824,0.1825,0.1823,0.1823,26240.7
2026-08-14 04:00:00,0.1824,0.1828,0.1824,0.1828,332742.4
2026-08-14 04:05:00,0.1828,0.1832,0.1828,0.183,978829.2
2026-08-14 04:10:00,0.183,0.183,0.1828,0.1828,51972.8
2026-08-14 04:15:00,0.1829,0.1832,0.1829,0.1829,135324.9
2026-08-14 04:20:00,0.1829,0.183,0.1828,0.1828,31868.0
2026-08-14 04:25:00,0.1828,0.1828,0.1827,0.1827,57686.3
2026-08-14 04:30:00,0.1827,0.1828,0.1826,0.1828,8179.1
2026-08-14 04:35:00,0.1828,0.1828,0.1825,0.1826,338598.7
2026-08-14 04:40:00,0.1827,0.1829,0.1827,0.1829,123815.2
2026-08-14 04:45:00,0.1829,0.1829,0.1826,0.1826,95676.2
2026-08-14 04:50:00,0.1825,0.1826,0.1825,0.1826,2212.4
2026-08-14 04:55:00,0.1825,0.1825,0.1823,0.1823,165647.2
2026-08-14 05:00:00,0.1823,0.1823,0.1821,0.1823,101235.8
2026-08-14 05:05:00,0.1823,0.1823,0.1821,0.1822,55696.0
2026-08-14 05:10:00,0.1822,0.1822,0.1818,0.182,156992.9
2026-08-14 05:15:00,0.1819,0.182,0.1818,0.1819,97413.7
2026-08-14 05:20:00,0.1819,0.1819,0.1814,0.1815,125201.5
2026-08-14 05:25:00,0.1815,0.1818,0.1815,0.1818,63171.2
2026-08-14 05:30:00,0.1818,0.1819,0.1817,0.1819,47292.7
2026-08-14 05:35:00,0.1818,0.182,0.1817,0.182,52442.8
2026-08-14 05:40:00,0.1819,0.1822,0.1819,0.182,101982.3
2026-08-14 05:45:00,0.1821,0.1823,0.182,0.1821,90778.9
2026-08-14 05:50:00,0.1821,0.1824,0.1821,0.1824,45635.5
2026-08-14 05:55:00,0.1824,0.1828,0.1824,0.1828,56645.4
2026-08-14 06:00:00,0.1828,0.1829,0.1826,0.1828,232167.2
2026-08-14 06:05:00,0.1828,0.1829,0.1827,0.1828,51804.5
2026-08-14 06:10:00,0.1828,0.1828,0.1826,0.1826,94521.0
2026-08-14 06:15:00,0.1826,0.1826,0.1821,0.1823,121691.2
2026-08-14 06:20:00,0.1823,0.1824,0.1821,0.1823,141593.6
2026-08-14 06:25:00,0.1823,0.1823,0.1821,0.1821,125952.2
2026-08-14 06:30:00,0.1822,0.1826,0.1821,0.1825,327480.0
2026-08-14 06:35:00,0.1825,0.1826,0.1824,0.1825,152567.7
2026-08-14 06:40:00,0.1826,0.1827,0.1824,0.1825,31774.1
2026-08-14 06:45:00,0.1824,0.1826,0.1823,0.1823,116281.5
2026-08-14 06:50:00,0.1824,0.1825,0.1816,0.1817,509436.0
2026-08-14 06:55:00,0.1818,0.182,0.1816,0.1816,54169.8
2026-08-14 07:00:00,0.1816,0.1819,0.1815,0.1818,225834.7
2026-08-14 07:05:00,0.1818,0.1818,0.1817,0.1817,42399.8
2026-08-14 07:10:00,0.1818,0.1818,0.1814,0.1815,181973.6
2026-08-14 07:15:00,0.1815,0.1823,0.1815,0.1823,381144.1
2026-08-14 07:20:00,0.1822,0.1823,0.1821,0.1822,140599.7
2026-08-14 07:25:00,0.1822,0.1822,0.182,0.1821,72288.1
2026-08-14 07:30:00,0.1821,0.1821,0.1817,0.1817,59135.5
2026-08-14 07:35:00,0.1818,0.1818,0.1815,0.1816,138334.4
2026-08-14 07:40:00,0.1816,0.1819,0.1816,0.1819,36645.7
2026-08-14 07:45:00,0.1819,0.1819,0.1817,0.1819,61271.2
2026-08-14 07:50:00,0.1819,0.1819,0.1817,0.1817,112694.5
2026-08-14 07:55:00,0.1817,0.1819,0.1817,0.1818,82830.8
2026-08-14 08:00:00,0.1818,0.1819,0.1817,0.1818,84009.7
2026-08-14 08:05:00,0.1818,0.182,0.1818,0.182,125956.6
2026-08-14 08:10:00,0.182,0.182,0.1818,0.1819,47044.8
2026-08-14 08:15:00,0.1819,0.1821,0.1817,0.1817,134892.0
2026-08-14 08:20:00,0.1817,0.1819,0.1816,0.1817,136214.9
2026-08-14 08:25:00,0.1817,0.1818,0.1815,0.1818,54653.4
2026-08-14 08:30:00,0.1819,0.1821,0.1817,0.1821,308862.6
2026-08-14 08:35:00,0.1822,0.1826,0.1822,0.1824,121930.0
2026-08-14 08:40:00,0.1824,0.1825,0.1822,0.1823,53153.5
2026-08-14 08:45:00,0.1822,0.1825,0.1822,0.1825,31725.8
2026-08-14 08:50:00,0.1824,0.1826,0.1823,0.1823,31015.4
2026-08-14 08:55:00,0.1824,0.1825,0.1823,0.1825,13905.5
2026-08-14 09:00:00,0.1825,0.1825,0.1823,0.1825,161598.2
2026-08-14 09:05:00,0.1825,0.1826,0.1824,0.1825,46225.5
2026-08-14 09:10:00,0.1825,0.1833,0.1824,0.1832,585677.4
2026-08-14 09:15:00,0.1833,0.1836,0.1832,0.1833,193586.2
2026-08-14 09:20:00,0.1832,0.1832,0.1828,0.1829,338371.8
2026-08-14 09:25:00,0.1829,0.1831,0.1827,0.1827,140525.0
2026-08-14 09:30:00,0.1827,0.1827,0.182,0.1825,704110.5
2026-08-14 09:35:00,0.1825,0.1825,0.182,0.182,97548.9
2026-08-14 09:40:00,0.1819,0.1819,0.1817,0.1817,209190.7
2026-08-14 09:45:00,0.1818,0.1821,0.1818,0.1821,82660.8
2026-08-14 09:50:00,0.1821,0.1823,0.182,0.1822,130370.4
2026-08-14 09:55:00,0.1822,0.1822,0.1819,0.1819,132958.6
2026-08-14 10:00:00,0.1819,0.1824,0.1819,0.1824,169276.5
2026-08-14 10:05:00,0.1823,0.183,0.1823,0.1828,975235.5
2026-08-14 10:10:00,0.1828,0.1832,0.1828,0.1831,174669.5
2026-08-14 10:15:00,0.183,0.1831,0.1825,0.1826,55418.1
2026-08-14 10:20:00,0.1826,0.1826,0.182,0.1822,141343.0
2026-08-14 10:25:00,0.1823,0.1823,0.1814,0.1815,602690.5
2026-08-14 10:30:00,0.1814,0.1814,0.1809,0.1809,842100.4
2026-08-14 10:35:00,0.181,0.1811,0.1798,0.18,1481281.5
2026-08-14 10:40:00,0.1799,0.18,0.1791,0.1797,1954653.1
2026-08-14 10:45:00,0.1797,0.1801,0.1795,0.1799,558032.0
2026-08-14 10:50:00,0.1799,0.1799,0.1793,0.1794,462172.3
2026-08-14 10:55:00,0.1795,0.1796,0.1792,0.1794,423682.8
2026-08-14 11:00:00,0.1793,0.1799,0.1791,0.1798,306530.2
2026-08-14 11:05:00,0.1798,0.1798,0.1795,0.1796,400074.8
2026-08-14 11:10:00,0.1796,0.1798,0.1793,0.1795,219060.6
2026-08-14 11:15:00,0.1794,0.1801,0.1793,0.1801,266540.4
2026-08-14 11:20:00,0.1802,0.1803,0.18,0.1802,178771.0
2026-08-14 11:25:00,0.1801,0.1803,0.18,0.1802,227593.9
2026-08-14 11:30:00,0.1802,0.1804,0.1801,0.1803,144596.2
2026-08-14 11:35:00,0.1803,0.1804,0.1801,0.1801,206656.4
2026-08-14 11:40:00,0.1801,0.1804,0.18,0.1803,525243.2
2026-08-14 11:45:00,0.1803,0.1804,0.18,0.1801,129248.8
2026-08-14 11:50:00,0.1801,0.1803,0.1801,0.1802,244850.5
2026-08-14 11:55:00,0.1802,0.1803,0.1801,0.1801,40470.0
2026-08-14 12:00:00,0.1801,0.1805,0.18,0.1805,181120.5
2026-08-14 12:05:00,0.1804,0.1805,0.18,0.1801,186642.1
2026-08-14 12:10:00,0.1802,0.1802,0.1799,0.18,226681.1
2026-08-14 12:15:00,0.1801,0.1803,0.1798,0.1798,213512.7
2026-08-14 12:20:00,0.1799,0.1801,0.1798,0.1801,135950.9
2026-08-14 12:25:00,0.1802,0.1802,0.1798,0.1799,101156.1
2026-08-14 12:30:00,0.1799,0.1803,0.1798,0.1801,81603.3
2026-08-14 12:35:00,0.18,0.1801,0.1797,0.1797,207166.6
2026-08-14 12:40:00,0.1797,0.1797,0.1794,0.1794,115431.1
2026-08-14 12:45:00,0.1794,0.1796,0.1793,0.1796,331275.2
2026-08-14 12:50:00,0.1795,0.1797,0.1792,0.1795,122716.8
2026-08-14 12:55:00,0.1794,0.1795,0.1793,0.1794,80391.5
2026-08-14 13:00:00,0.1794,0.1798,0.1794,0.1798,220602.5
2026-08-14 13:05:00,0.1798,0.1798,0.1795,0.1797,96941.2
2026-08-14 13:10:00,0.1797,0.1797,0.1795,0.1797,22265.3
2026-08-14 13:15:00,0.1796,0.1797,0.1794,0.1794,122245.1
2026-08-14 13:20:00,0.1794,0.1794,0.1786,0.1791,777967.8
2026-08-14 13:25:00,0.179,0.1794,0.1789,0.1793,174621.9
2026-08-14 13:30:00,0.1793,0.1794,0.1792,0.1794,79402.3
2026-08-14 13:35:00,0.1794,0.1797,0.1792,0.1794,205893.6
2026-08-14 13:40:00,0.1793,0.1796,0.1793,0.1796,227393.7
2026-08-14 13:45:00,0.1796,0.1796,0.1793,0.1794,164857.6
2026-08-14 13:50:00,0.1794,0.1796,0.1794,0.1796,284726.6
2026-08-14 13:55:00,0.1796,0.1798,0.1794,0.1797,102726.2
2026-08-14 14:00:00,0.1797,0.1798,0.1794,0.1795,179234.5
2026-08-14 14:05:00,0.1795,0.1797,0.1792,0.1792,538575.3
2026-08-14 14:10:00,0.1792,0.1795,0.1792,0.1792,41528.9
2026-08-14 14:15:00,0.1792,0.1794,0.1786,0.1789,788577.2
2026-08-14 14:20:00,0.1789,0.179,0.1783,0.1785,1664368.9
2026-08-14 14:25:00,0.1785,0.1792,0.1785,0.1789,270391.5
2026-08-14 14:30:00,0.179,0.1791,0.1787,0.1791,506181.3
2026-08-14 14:35:00,0.179,0.1793,0.1789,0.1792,82772.4
2026-08-14 14:40:00,0.1791,0.1793,0.1787,0.1788,232330.4
2026-08-14 14:45:00,0.1788,0.1792,0.1785,0.1788,744730.5
2026-08-14 14:50:00,0.1787,0.1788,0.1785,0.1786,810906.2
2026-08-14 14:55:00,0.1786,0.1787,0.1781,0.1784,936949.9
2026-08-14 15:00:00,0.1784,0.1785,0.1781,0.1782,242098.4
2026-08-14 15:05:00,0.1783,0.1785,0.1781,0.1785,156990.8
2026-08-14 15:10:00,0.1785,0.1785,0.1783,0.1784,57650.5
2026-08-14 15:15:00,0.1785,0.1785,0.1782,0.1784,136229.4
2026-08-14 15:20:00,0.1784,0.1786,0.1784,0.1785,144599.2
2026-08-14 15:25:00,0.1785,0.179,0.1782,0.179,488408.8
2026-08-14 15:30:00,0.179,0.1791,0.1786,0.1788,154038.9
2026-08-14 15:35:00,0.1789,0.18,0.1789,0.18,553166.3
2026-08-14 15:40:00,0.1799,0.1799,0.1795,0.1796,440965.0
2026-08-14 15:45:00,0.1796,0.1802,0.1795,0.1798,1304072.8
2026-08-14 15:50:00,0.1797,0.18,0.1796,0.18,140242.6
2026-08-14 15:55:00,0.18,0.1802,0.1799,0.18,91756.6
2026-08-14 16:00:00,0.18,0.1804,0.1797,0.1803,462378.6
2026-08-14 16:05:00,0.1802,0.1802,0.18,0.18,161513.5
2026-08-14 16:10:00,0.1801,0.1805,0.1801,0.1801,71018.5
2026-08-14 16:15:00,0.1802,0.1802,0.18,0.1801,60207.0
2026-08-14 16:20:00,0.1801,0.1804,0.18,0.1803,39992.4
2026-08-14 16:25:00,0.1802,0.1802,0.18,0.18,168030.8
2026-08-14 16:30:00,0.1801,0.1802,0.1801,0.1801,53220.9
2026-08-14 16:35:00,0.1802,0.1806,0.1801,0.1804,138959.1
2026-08-14 16:40:00,0.1803,0.1804,0.1802,0.1802,119155.8
2026-08-14 16:45:00,0.1801,0.1802,0.1799,0.1799,110478.3
2026-08-14 16:50:00,0.1798,0.18,0.1798,0.1798,60850.2
2026-08-14 16:55:00,0.1798,0.1801,0.1798,0.18,75740.2
2026-08-14 17:00:00,0.18,0.1803,0.1799,0.1802,100580.8
2026-08-14 17:05:00,0.1802,0.1803,0.18,0.1801,31380.0
2026-08-14 17:10:00,0.1801,0.1805,0.18,0.1804,85015.1
2026-08-14 17:15:00,0.1805,0.1809,0.1805,0.1809,118488.3
2026-08-14 17:20:00,0.1808,0.181,0.1806,0.1809,49961.5
2026-08-14 17:25:00,0.1808,0.1808,0.1805,0.1805,51407.6
2026-08-14 17:30:00,0.1806,0.1807,0.1805,0.1806,79047.0
2026-08-14 17:35:00,0.1806,0.1807,0.1802,0.1804,78843.7
2026-08-14 17:40:00,0.1804,0.1804,0.18,0.18,49174.4
2026-08-14 17:45:00,0.1801,0.1803,0.1801,0.1803,100318.9
2026-08-14 17:50:00,0.1802,0.1803,0.1797,0.1798,156715.4
2026-08-14 17:55:00,0.1798,0.1799,0.1796,0.1799,210679.9
2026-08-14 18:00:00,0.1798,0.1799,0.1795,0.1798,218428.6
2026-08-14 18:05:00,0.1798,0.1799,0.1794,0.1794,280833.3
2026-08-14 18:10:00,0.1794,0.1794,0.1788,0.1788,409220.5
2026-08-14 18:15:00,0.1788,0.1791,0.1787,0.1788,116743.1
2026-08-14 18:20:00,0.1789,0.179,0.1787,0.1787,348260.6
2026-08-14 18:25:00,0.1788,0.1789,0.1785,0.1788,213831.5
2026-08-14 18:30:00,0.1787,0.1797,0.1787,0.1796,594302.4
2026-08-14 18:35:00,0.1795,0.1799,0.1793,0.1793,240488.0
2026-08-14 18:40:00,0.1793,0.1797,0.1793,0.1796,226729.7
2026-08-14 18:45:00,0.1797,0.1798,0.179,0.1792,269293.8
2026-08-14 18:50:00,0.1792,0.1795,0.1791,0.1794,340290.5
2026-08-14 18:55:00,0.1793,0.1796,0.1791,0.1792,143396.5
2026-08-14 19:00:00,0.1792,0.1793,0.1789,0.1793,198454.2
2026-08-14 19:05:00,0.1792,0.1792,0.1789,0.1791,68389.3
2026-08-14 19:10:00,0.1791,0.1791,0.1787,0.1788,321943.1
2026-08-14 19:15:00,0.1787,0.1791,0.1787,0.1789,553186.9
2026-08-14 19:20:00,0.179,0.1793,0.1789,0.179,561285.6
2026-08-14 19:25:00,0.179,0.1792,0.1789,0.1792,68556.0
2026-08-14 19:30:00,0.1791,0.1792,0.1789,0.1791,76994.2
2026-08-14 19:35:00,0.1792,0.1794,0.1791,0.1793,140102.0
2026-08-14 19:40:00,0.1792,0.1797,0.1792,0.1795,229657.2
2026-08-14 19:45:00,0.1796,0.1798,0.1796,0.1797,50917.0
2026-08-14 19:50:00,0.1797,0.1799,0.1796,0.1797,92641.2
2026-08-14 19:55:00,0.1797,0.1798,0.1796,0.1797,211926.5
2026-08-14 20:00:00,0.1798,0.1801,0.1797,0.1801,309361.6
2026-08-14 20:05:00,0.1801,0.1802,0.18,0.1802,102992.8
2026-08-14 20:10:00,0.1802,0.1802,0.1796,0.1797,205055.6
2026-08-14 20:15:00,0.1797,0.1797,0.1795,0.1796,101957.3
2026-08-14 20:20:00,0.1796,0.1796,0.1794,0.1796,173312.6
2026-08-14 20:25:00,0.1796,0.1796,0.1793,0.1795,299898.1
2026-08-14 20:30:00,0.1795,0.1796,0.1794,0.1794,204021.6
2026-08-14 20:35:00,0.1795,0.1796,0.1794,0.1794,79560.8
2026-08-14 20:40:00,0.1795,0.1796,0.1795,0.1795,16262.5
2026-08-14 20:45:00,0.1795,0.1795,0.1793,0.1794,92720.1
2026-08-14 20:50:00,0.1793,0.1794,0.1793,0.1794,56524.2
2026-08-14 20:55:00,0.1794,0.1795,0.1793,0.1794,22297.7
2026-08-14 21:00:00,0.1795,0.1796,0.1793,0.1796,40752.1
2026-08-14 21:05:00,0.1796,0.1796,0.1792,0.1793,73649.4
2026-08-14 21:10:00,0.1793,0.1794,0.1791,0.1792,194051.1
2026-08-14 21:15:00,0.1791,0.1793,0.1791,0.1792,139755.9
2026-08-14 21:20:00,0.1791,0.1792,0.179,0.1792,84420.2
2026-08-14 21:25:00,0.1792,0.1792,0.1791,0.1791,209787.7
2026-08-14 21:30:00,0.1792,0.1792,0.1791,0.1791,143858.2
2026-08-14 21:35:00,0.179,0.1791,0.1788,0.1789,290822.0
2026-08-14 21:40:00,0.1789,0.1789,0.1783,0.1785,559271.0
2026-08-14 21:45:00,0.1785,0.1786,0.1784,0.1785,43592.8
2026-08-14 21:50:00,0.1786,0.1787,0.1783,0.1785,575921.6
2026-08-14 21:55:00,0.1785,0.1789,0.1785,0.1788,66732.9
2026-08-14 22:00:00,0.1788,0.1791,0.1787,0.179,506750.5
2026-08-14 22:05:00,0.179,0.1792,0.1789,0.179,38559.1
2026-08-14 22:10:00,0.179,0.1791,0.1788,0.1788,64917.3
2026-08-14 22:15:00,0.1789,0.1789,0.1786,0.1788,63540.4
2026-08-14 22:20:00,0.1787,0.1788,0.1784,0.1786,234308.9
2026-08-14 22:25:00,0.1785,0.1788,0.1784,0.1786,327484.6
2026-08-14 22:30:00,0.1787,0.1789,0.1786,0.1788,73760.3
2026-08-14 22:35:00,0.1789,0.179,0.1788,0.179,15536.1
2026-08-14 22:40:00,0.179,0.1792,0.179,0.1791,112574.9
2026-08-14 22:45:00,0.1791,0.1792,0.1789,0.1791,42711.6
2026-08-14 22:50:00,0.179,0.1791,0.179,0.1791,25093.9
2026-08-14 22:55:00,0.179,0.179,0.1789,0.179,29729.7
2026-08-14 23:00:00,0.1789,0.1794,0.1789,0.1792,140255.8
2026-08-14 23:05:00,0.1792,0.1792,0.179,0.1792,87094.8
2026-08-14 23:10:00,0.1792,0.1797,0.1792,0.1796,68457.4
2026-08-14 23:15:00,0.1796,0.1796,0.1794,0.1794,441763.3
2026-08-14 23:20:00,0.1794,0.1796,0.1794,0.1796,42491.5
2026-08-14 23:25:00,0.1795,0.1797,0.1795,0.1797,85579.2
2026-08-14 23:30:00,0.1797,0.1798,0.1796,0.1796,44175.7
2026-08-14 23:35:00,0.1796,0.1799,0.1794,0.1798,121835.3
2026-08-14 23:40:00,0.1798,0.1801,0.1797,0.1799,212437.4
2026-08-14 23:45:00,0.18,0.1801,0.18,0.18,24617.1
2026-08-14 23:50:00,0.18,0.1802,0.18,0.18,65389.2
2026-08-14 23:55:00,0.18,0.1802,0.18,0.1802,12932.6
2026-08-15 00:00:00,0.1802,0.1803,0.18,0.1801,76768.8
2026-08-15 00:05:00,0.1802,0.1804,0.18,0.1803,224308.2
2026-08-15 00:10:00,0.1803,0.1805,0.1801,0.1801,118545.4
2026-08-15 00:15:00,0.1802,0.1803,0.1801,0.1801,61308.5
2026-08-15 00:20:00,0.1801,0.1801,0.1799,0.1799,28246.3
2026-08-15 00:25:00,0.18,0.18,0.1797,0.1799,29062.9
2026-08-15 00:30:00,0.1799,0.1801,0.1798,0.18,120276.6
2026-08-15 00:35:00,0.18,0.18,0.1799,0.1799,65798.1
2026-08-15 00:40:00,0.1799,0.1799,0.1798,0.1798,35282.3
2026-08-15 00:45:00,0.1798,0.1801,0.1798,0.1801,67159.0
2026-08-15 00:50:00,0.1801,0.1801,0.1798,0.1798,60682.6
2026-08-15 00:55:00,0.1798,0.1801,0.1798,0.18,43142.5
2026-08-15 01:00:00,0.18,0.1801,0.1797,0.1797,61629.8
2026-08-15 01:05:00,0.1797,0.1798,0.1797,0.1797,17968.0
2026-08-15 01:10:00,0.1797,0.1801,0.1797,0.1801,260841.7
2026-08-15 01:15:00,0.18,0.1801,0.1799,0.1799,30295.3
2026-08-15 01:20:00,0.1799,0.1801,0.1799,0.1801,14212.5
2026-08-15 01:25:00,0.1802,0.1802,0.18,0.18,106122.6
2026-08-15 01:30:00,0.1801,0.1801,0.18,0.1801,33996.4
2026-08-15 01:35:00,0.1801,0.1801,0.1796,0.1797,100423.6
2026-08-15 01:40:00,0.1797,0.1799,0.1796,0.1798,37852.6
2026-08-15 01:45:00,0.1798,0.1798,0.1797,0.1797,20674.1
2026-08-15 01:50:00,0.1797,0.1799,0.1797,0.1797,78354.3
2026-08-15 01:55:00,0.1797,0.1798,0.1796,0.1797,43109.8
2026-08-15 02:00:00,0.1798,0.1801,0.1798,0.1801,32102.4
2026-08-15 02:05:00,0.1801,0.1802,0.1798,0.1799,38047.5
2026-08-15 02:10:00,0.18,0.1804,0.1799,0.1804,34858.6
2026-08-15 02:15:00,0.1803,0.1807,0.1803,0.1806,187247.8
2026-08-15 02:20:00,0.1806,0.1808,0.1805,0.1808,188444.7
2026-08-15 02:25:00,0.1808,0.1809,0.1807,0.1808,81105.6
2026-08-15 02:30:00,0.1808,0.1809,0.1805,0.1807,98288.5
2026-08-15 02:35:00,0.1807,0.1812,0.1806,0.1811,171928.2
2026-08-15 02:40:00,0.181,0.1813,0.181,0.1813,139666.9
2026-08-15 02:45:00,0.1813,0.1814,0.1811,0.1811,96960.2
2026-08-15 02:50:00,0.1811,0.1814,0.181,0.1813,267482.4
2026-08-15 02:55:00,0.1813,0.1814,0.1812,0.1814,68130.9
2026-08-15 03:00:00,0.1815,0.1815,0.1811,0.1813,418307.5
2026-08-15 03:05:00,0.1813,0.1814,0.1812,0.1814,47332.2
2026-08-15 03:10:00,0.1813,0.1816,0.1812,0.1813,353539.6
2026-08-15 03:15:00,0.1814,0.1818,0.1812,0.1812,518096.5
2026-08-15 03:20:00,0.1811,0.1812,0.1806,0.1806,567730.0
2026-08-15 03:25:00,0.1806,0.1807,0.1804,0.1806,142372.4
2026-08-15 03:30:00,0.1805,0.1806,0.1803,0.1804,79739.9
2026-08-15 03:35:00,0.1804,0.1805,0.1802,0.1804,56970.1
2026-08-15 03:40:00,0.1804,0.1805,0.1801,0.1803,218021.7
2026-08-15 03:45:00,0.1803,0.1803,0.1802,0.1802,17158.9
2026-08-15 03:50:00,0.1803,0.1806,0.1803,0.1806,79239.1
2026-08-15 03:55:00,0.1805,0.1806,0.1804,0.1804,86525.3
2026-08-15 04:00:00,0.1805,0.181,0.1805,0.181,171313.8
2026-08-15 04:05:00,0.181,0.1811,0.1808,0.181,85372.1
2026-08-15 04:10:00,0.181,0.1814,0.1808,0.1812,333362.4
2026-08-15 04:15:00,0.1812,0.1813,0.1811,0.1812,146179.9
2026-08-15 04:20:00,0.1812,0.1816,0.1812,0.1815,187339.8
2026-08-15 04:25:00,0.1815,0.1816,0.1813,0.1813,129061.1
2026-08-15 04:30:00,0.1812,0.1812,0.181,0.181,104690.8
2026-08-15 04:35:00,0.181,0.1811,0.1809,0.1809,57956.5
2026-08-15 04:40:00,0.1809,0.1811,0.1809,0.1811,59439.3
2026-08-15 04:45:00,0.1811,0.1811,0.1808,0.1808,12171.4
2026-08-15 04:50:00,0.1809,0.1809,0.1804,0.1805,110198.0
2026-08-15 04:55:00,0.1806,0.1807,0.1805,0.1806,33339.5
2026-08-15 05:00:00,0.1806,0.1806,0.1803,0.1804,136425.0
2026-08-15 05:05:00,0.1804,0.1806,0.1803,0.1806,13573.7
2026-08-15 05:10:00,0.1805,0.1806,0.1804,0.1805,151889.3
2026-08-15 05:15:00,0.1804,0.1805,0.1803,0.1803,97654.5
2026-08-15 05:20:00,0.1803,0.1803,0.1801,0.1802,102591.9
2026-08-15 05:25:00,0.1802,0.1802,0.1799,0.18,160080.1
2026-08-15 05:30:00,0.18,0.1801,0.1799,0.18,31430.3
2026-08-15 05:35:00,0.1799,0.1799,0.1795,0.1796,146017.5
2026-08-15 05:40:00,0.1795,0.1797,0.1795,0.1797,68580.1
2026-08-15 05:45:00,0.1797,0.1799,0.1795,0.1796,166707.3
2026-08-15 05:50:00,0.1796,0.1798,0.1794,0.1798,61255.8
2026-08-15 05:55:00,0.1798,0.1798,0.1796,0.1797,73134.8
2026-08-15 06:00:00,0.1798,0.1798,0.1797,0.1797,38209.9
2026-08-15 06:05:00,0.1798,0.1798,0.1796,0.1798,29268.1
2026-08-15 06:10:00,0.1798,0.1802,0.1796,0.1797,264103.8
2026-08-15 06:15:00,0.1798,0.1801,0.1798,0.18,288222.9
2026-08-15 06:20:00,0.1799,0.1802,0.1799,0.1801,29343.4
2026-08-15 06:25:00,0.1801,0.1802,0.1798,0.1799,19715.3
2026-08-15 06:30:00,0.1799,0.1799,0.1797,0.1798,7698.3
2026-08-15 06:35:00,0.1797,0.1797,0.1795,0.1796,47184.8
2026-08-15 06:40:00,0.1796,0.1797,0.1795,0.1797,186655.3
2026-08-15 06:45:00,0.1796,0.1797,0.1795,0.1797,94392.2
2026-08-15 06:50:00,0.1798,0.1799,0.1797,0.1798,20959.6
2026-08-15 06:55:00,0.1799,0.18,0.1798,0.1798,38856.8
2026-08-15 07:00:00,0.1798,0.1798,0.1796,0.1797,40876.9
2026-08-15 07:05:00,0.1796,0.1797,0.1795,0.1795,110341.5
2026-08-15 07:10:00,0.1794,0.1798,0.1794,0.1796,155399.5
2026-08-15 07:15:00,0.1796,0.1797,0.1794,0.1794,33960.8
2026-08-15 07:20:00,0.1795,0.1795,0.1794,0.1795,60605.6
2026-08-15 07:25:00,0.1796,0.1797,0.1795,0.1796,13433.8
2026-08-15 07:30:00,0.1796,0.1797,0.1794,0.1795,89232.9
2026-08-15 07:35:00,0.1796,0.1796,0.1795,0.1795,55243.2
2026-08-15 07:40:00,0.1794,0.1794,0.1792,0.1792,83689.1
2026-08-15 07:45:00,0.1792,0.1792,0.1791,0.1791,86934.4
2026-08-15 07:50:00,0.1791,0.1793,0.1791,0.1791,28322.1
2026-08-15 07:55:00,0.1792,0.1792,0.179,0.179,112878.2
2026-08-15 08:00:00,0.1791,0.1792,0.179,0.179,58361.6
2026-08-15 08:05:00,0.1789,0.1791,0.1789,0.179,180713.8
2026-08-15 08:10:00,0.1789,0.179,0.1788,0.1789,158839.7
2026-08-15 08:15:00,0.179,0.1792,0.1789,0.1792,141258.3
2026-08-15 08:20:00,0.1791,0.1791,0.1789,0.1791,24162.8
2026-08-15 08:25:00,0.1792,0.1792,0.179,0.179,12194.1
2026-08-15 08:30:00,0.179,0.1792,0.1788,0.1788,49804.8
2026-08-15 08:35:00,0.1789,0.1791,0.1789,0.179,76785.5
2026-08-15 08:40:00,0.179,0.179,0.1788,0.1789,18627.9
2026-08-15 08:45:00,0.1789,0.1792,0.1789,0.179,156967.7
2026-08-15 08:50:00,0.1789,0.179,0.1785,0.1785,389968.0
2026-08-15 08:55:00,0.1786,0.1787,0.1786,0.1787,55412.7
2026-08-15 09:00:00,0.1786,0.1787,0.1786,0.1787,39220.5
2026-08-15 09:05:00,0.1786,0.1788,0.1786,0.1788,84416.6
2026-08-15 09:10:00,0.1788,0.1789,0.1787,0.1788,66435.2
2026-08-15 09:15:00,0.1788,0.179,0.1788,0.179,27663.8
2026-08-15 09:20:00,0.1789,0.179,0.1788,0.1789,148350.4
2026-08-15 09:25:00,0.1789,0.1791,0.1788,0.1791,49663.9
2026-08-15 09:30:00,0.1791,0.1792,0.1789,0.1792,40357.0
2026-08-15 09:35:00,0.1792,0.1792,0.1791,0.1792,59784.3
2026-08-15 09:40:00,0.1791,0.1794,0.179,0.1792,83863.7
2026-08-15 09:45:00,0.1792,0.1794,0.1792,0.1792,89273.9
2026-08-15 09:50:00,0.1792,0.1795,0.1792,0.1795,29987.6
2026-08-15 09:55:00,0.1795,0.1795,0.1793,0.1794,96084.6
2026-08-15 10:00:00,0.1795,0.1796,0.1791,0.1791,180994.7
2026-08-15 10:05:00,0.1791,0.1791,0.1789,0.1789,45174.6
2026-08-15 10:10:00,0.179,0.1791,0.1789,0.179,77373.8
2026-08-15 10:15:00,0.1791,0.1793,0.179,0.1792,64994.7
2026-08-15 10:20:00,0.1792,0.1794,0.1787,0.1788,306221.0
2026-08-15 10:25:00,0.1789,0.1791,0.1789,0.179,107507.8
2026-08-15 10:30:00,0.1789,0.179,0.1789,0.1789,62351.4
2026-08-15 10:35:00,0.179,0.179,0.1789,0.1789,88544.1
2026-08-15 10:40:00,0.1789,0.1791,0.1789,0.179,95279.2
2026-08-15 10:45:00,0.179,0.1793,0.179,0.1793,21019.6
2026-08-15 10:50:00,0.1793,0.1793,0.179,0.179,34465.9
2026-08-15 10:55:00,0.1791,0.1791,0.1789,0.179,15044.0
2026-08-15 11:00:00,0.1791,0.1791,0.1789,0.179,39167.0
2026-08-15 11:05:00,0.1789,0.1791,0.1785,0.1785,369939.7
2026-08-15 11:10:00,0.1785,0.1789,0.1784,0.1788,147304.6
2026-08-15 11:15:00,0.1787,0.1789,0.1787,0.1788,28579.9
2026-08-15 11:20:00,0.1788,0.1788,0.1787,0.1788,18710.7
2026-08-15 11:25:00,0.1788,0.1788,0.1786,0.1786,156632.9
2026-08-15 11:30:00,0.1787,0.1787,0.1786,0.1786,26534.3
2026-08-15 11:35:00,0.1787,0.1787,0.1785,0.1786,123465.3
2026-08-15 11:40:00,0.1787,0.1788,0.1786,0.1787,36928.4
2026-08-15 11:45:00,0.1788,0.1788,0.1786,0.1786,45287.1
2026-08-15 11:50:00,0.1787,0.1787,0.1786,0.1787,39489.3
2026-08-15 11:55:00,0.1787,0.1788,0.1786,0.1787,25481.8
2026-08-15 12:00:00,0.1786,0.1787,0.1786,0.1786,36658.0
2026-08-15 12:05:00,0.1786,0.1788,0.1786,0.1788,73480.6
2026-08-15 12:10:00,0.1787,0.1788,0.1786,0.1788,83456.5
2026-08-15 12:15:00,0.1787,0.179,0.1787,0.179,45258.8
2026-08-15 12:20:00,0.1789,0.1789,0.1785,0.1788,280053.5
2026-08-15 12:25:00,0.1787,0.1788,0.1783,0.1783,64077.4
2026-08-15 12:30:00,0.1783,0.1786,0.1783,0.1786,54281.2
2026-08-15 12:35:00,0.1785,0.1786,0.1783,0.1783,81572.1
2026-08-15 12:40:00,0.1783,0.1785,0.1783,0.1784,132369.5
2026-08-15 12:45:00,0.1784,0.1788,0.1783,0.1786,679213.0
2026-08-15 12:50:00,0.1786,0.1789,0.1786,0.1788,72805.7
2026-08-15 12:55:00,0.1788,0.1793,0.1787,0.1792,57795.8
2026-08-15 13:00:00,0.1792,0.1793,0.1789,0.1791,264651.0
2026-08-15 13:05:00,0.1791,0.1792,0.1789,0.1789,24639.6
2026-08-15 13:10:00,0.1789,0.1793,0.1789,0.1792,205158.9
2026-08-15 13:15:00,0.1792,0.1793,0.179,0.1791,38413.9
2026-08-15 13:20:00,0.1791,0.1791,0.179,0.1791,21149.8
2026-08-15 13:25:00,0.1791,0.1791,0.1789,0.1789,28204.5
2026-08-15 13:30:00,0.179,0.1791,0.1789,0.1791,25650.3
2026-08-15 13:35:00,0.179,0.1791,0.1786,0.1788,112161.5
2026-08-15 13:40:00,0.1787,0.179,0.1787,0.179,45478.5
2026-08-15 13:45:00,0.1789,0.179,0.1788,0.1788,49170.5
2026-08-15 13:50:00,0.1789,0.1791,0.1788,0.179,38564.9
2026-08-15 13:55:00,0.179,0.1791,0.1789,0.179,64525.0
2026-08-15 14:00:00,0.1791,0.1791,0.1789,0.1789,74359.9
2026-08-15 14:05:00,0.1789,0.1792,0.1789,0.1791,148605.6
2026-08-15 14:10:00,0.1791,0.1792,0.1789,0.1789,27670.0
2026-08-15 14:15:00,0.1789,0.179,0.1787,0.1787,161030.6
2026-08-15 14:20:00,0.1787,0.1788,0.1784,0.1785,235202.4
2026-08-15 14:25:00,0.1786,0.1786,0.1783,0.1785,196392.4
2026-08-15 14:30:00,0.1785,0.1788,0.1785,0.1788,50159.1
2026-08-15 14:35:00,0.1787,0.1788,0.1785,0.1785,34937.8
2026-08-15 14:40:00,0.1785,0.1787,0.1784,0.1784,506949.9
2026-08-15 14:45:00,0.1784,0.1786,0.1784,0.1786,39061.0
2026-08-15 14:50:00,0.1786,0.1787,0.1785,0.1787,115314.7
2026-08-15 14:55:00,0.1788,0.1789,0.1787,0.1788,318578.2
2026-08-15 15:00:00,0.1788,0.1788,0.1786,0.1786,38206.2
2026-08-15 15:05:00,0.1787,0.1787,0.1785,0.1785,119251.1
2026-08-15 15:10:00,0.1785,0.1787,0.1785,0.1786,73871.5
2026-08-15 15:15:00,0.1786,0.1786,0.1785,0.1786,56286.6
2026-08-15 15:20:00,0.1786,0.1786,0.1783,0.1786,321273.5
2026-08-15 15:25:00,0.1786,0.1788,0.1785,0.1787,83044.4
2026-08-15 15:30:00,0.1787,0.1788,0.1786,0.1787,67477.2
2026-08-15 15:35:00,0.1788,0.1792,0.1788,0.1792,97459.8
2026-08-15 15:40:00,0.1791,0.1791,0.1789,0.179,39305.5
2026-08-15 15:45:00,0.1791,0.1792,0.179,0.1792,15577.6
2026-08-15 15:50:00,0.1792,0.1792,0.179,0.1791,211026.9
2026-08-15 15:55:00,0.1791,0.1791,0.1789,0.1789,77214.5
2026-08-15 16:00:00,0.1789,0.179,0.1788,0.1789,117374.9
2026-08-15 16:05:00,0.179,0.179,0.1788,0.179,30778.6
2026-08-15 16:10:00,0.179,0.1791,0.1788,0.1788,59789.9
2026-08-15 16:15:00,0.1789,0.1789,0.1786,0.1787,92623.3
2026-08-15 16:20:00,0.1787,0.1789,0.1786,0.1789,36357.4
2026-08-15 16:25:00,0.1788,0.1789,0.1787,0.1788,64256.7
2026-08-15 16:30:00,0.1787,0.1788,0.1787,0.1787,11132.3
2026-08-15 16:35:00,0.1788,0.179,0.1787,0.1789,36829.8
2026-08-15 16:40:00,0.179,0.179,0.1787,0.1788,151683.0
2026-08-15 16:45:00,0.1788,0.1789,0.1786,0.1786,55988.9
2026-08-15 16:50:00,0.1786,0.1787,0.1785,0.1785,26818.5
2026-08-15 16:55:00,0.1785,0.1786,0.1783,0.1783,135976.9
2026-08-15 17:00:00,0.1784,0.1784,0.1778,0.1781,857233.8
2026-08-15 17:05:00,0.1781,0.1781,0.1775,0.1777,367529.1
2026-08-15 17:10:00,0.1778,0.178,0.1777,0.1779,254124.2
2026-08-15 17:15:00,0.1778,0.178,0.1777,0.1778,31435.3
2026-08-15 17:20:00,0.1778,0.1779,0.177,0.1773,980791.8
2026-08-15 17:25:00,0.1773,0.1774,0.1769,0.1774,451731.3
2026-08-15 17:30:00,0.1773,0.1775,0.1773,0.1774,115420.6
2026-08-15 17:35:00,0.1774,0.1776,0.1774,0.1774,48930.3
2026-08-15 17:40:00,0.1774,0.1776,0.1774,0.1775,112596.5
2026-08-15 17:45:00,0.1775,0.1776,0.1775,0.1775,75629.8
2026-08-15 17:50:00,0.1776,0.1776,0.1774,0.1775,18404.2
2026-08-15 17:55:00,0.1775,0.1776,0.1775,0.1776,188957.3
2026-08-15 18:00:00,0.1776,0.1776,0.1773,0.1773,104933.4
2026-08-15 18:05:00,0.1774,0.1774,0.1773,0.1774,58306.2
2026-08-15 18:10:00,0.1775,0.1778,0.1775,0.1775,64001.5
2026-08-15 18:15:00,0.1775,0.1775,0.1772,0.1773,318551.1
2026-08-15 18:20:00,0.1773,0.1774,0.1772,0.1774,135815.0
2026-08-15 18:25:00,0.1775,0.1776,0.1773,0.1774,223017.1
2026-08-15 18:30:00,0.1774,0.1776,0.1773,0.1776,48345.1
2026-08-15 18:35:00,0.1775,0.1776,0.1775,0.1775,46180.3
2026-08-15 18:40:00,0.1775,0.1776,0.1775,0.1775,8529.8
2026-08-15 18:45:00,0.1776,0.1777,0.1775,0.1775,48324.2
2026-08-15 18:50:00,0.1775,0.1776,0.1774,0.1775,79251.2
2026-08-15 18:55:00,0.1775,0.1776,0.1774,0.1774,48600.4
2026-08-15 19:00:00,0.1774,0.1775,0.1773,0.1774,34710.7
2026-08-15 19:05:00,0.1774,0.1778,0.1774,0.1777,63149.4
2026-08-15 19:10:00,0.1777,0.1779,0.1777,0.1778,32306.4
2026-08-15 19:15:00,0.1778,0.1779,0.1777,0.1779,18847.5
2026-08-15 19:20:00,0.1778,0.1779,0.1778,0.1778,10957.7
2026-08-15 19:25:00,0.1778,0.1778,0.1777,0.1778,17632.3
2026-08-15 19:30:00,0.1778,0.1778,0.1777,0.1778,11604.6
2026-08-15 19:35:00,0.1778,0.1779,0.1777,0.1778,42708.2
2026-08-15 19:40:00,0.1778,0.1779,0.1777,0.1779,36399.5
2026-08-15 19:45:00,0.1779,0.1779,0.1779,0.1779,43077.6
2026-08-15 19:50:00,0.1779,0.178,0.1779,0.1779,10802.4
2026-08-15 19:55:00,0.178,0.1781,0.178,0.178,110733.4
2026-08-15 20:00:00,0.1781,0.1782,0.178,0.1782,119369.8
2026-08-15 20:05:00,0.1782,0.1782,0.1779,0.1779,56439.7
2026-08-15 20:10:00,0.1779,0.1779,0.1778,0.1778,104029.6
2026-08-15 20:15:00,0.1778,0.1779,0.1777,0.1778,75966.3
2026-08-15 20:20:00,0.1778,0.1779,0.1777,0.1778,135008.1
2026-08-15 20:25:00,0.1779,0.178,0.1779,0.178,1597.7
2026-08-15 20:30:00,0.178,0.178,0.1779,0.1779,13476.5
2026-08-15 20:35:00,0.1779,0.1781,0.1778,0.178,64750.3
2026-08-15 20:40:00,0.1781,0.1782,0.178,0.1781,37179.5
2026-08-15 20:45:00,0.1781,0.1782,0.1781,0.1781,929.4
2026-08-15 20:50:00,0.1781,0.1782,0.1781,0.1782,8821.1
2026-08-15 20:55:00,0.1781,0.1783,0.1779,0.178,212438.5
2026-08-15 21:00:00,0.178,0.178,0.1778,0.1779,67013.2
2026-08-15 21:05:00,0.1778,0.1779,0.1777,0.1777,47260.0
2026-08-15 21:10:00,0.1777,0.178,0.1777,0.1778,90365.0
2026-08-15 21:15:00,0.1777,0.1778,0.1776,0.1778,83440.7
2026-08-15 21:20:00,0.1778,0.1779,0.1777,0.1779,34125.4
2026-08-15 21:25:00,0.1779,0.178,0.1779,0.178,4584.0
2026-08-15 21:30:00,0.178,0.178,0.1777,0.1779,88116.4
2026-08-15 21:35:00,0.1779,0.1779,0.1777,0.1779,15211.8
2026-08-15 21:40:00,0.1779,0.1781,0.1778,0.178,161375.1
2026-08-15 21:45:00,0.178,0.1781,0.1778,0.1779,42187.1
2026-08-15 21:50:00,0.1779,0.178,0.1777,0.1779,62904.5
2026-08-15 21:55:00,0.1779,0.178,0.1776,0.1779,138106.8
2026-08-15 22:00:00,0.1778,0.1779,0.1777,0.1777,109243.4
2026-08-15 22:05:00,0.1777,0.1778,0.1776,0.1777,27276.6
2026-08-15 22:10:00,0.1778,0.1779,0.1773,0.1775,192017.0
2026-08-15 22:15:00,0.1774,0.1775,0.1772,0.1775,180552.8
2026-08-15 22:20:00,0.1775,0.1777,0.1775,0.1777,35024.3
2026-08-15 22:25:00,0.1777,0.1778,0.1775,0.1776,102072.9
2026-08-15 22:30:00,0.1776,0.1778,0.1776,0.1777,71633.1
2026-08-15 22:35:00,0.1778,0.1778,0.1776,0.1777,73868.5
2026-08-15 22:40:00,0.1777,0.1778,0.1776,0.1777,118669.2
2026-08-15 22:45:00,0.1777,0.1778,0.1775,0.1776,56343.5
2026-08-15 22:50:00,0.1776,0.1777,0.1774,0.1775,46629.9
2026-08-15 22:55:00,0.1775,0.1775,0.1774,0.1775,15841.3
2026-08-15 23:00:00,0.1774,0.1774,0.1772,0.1772,313075.2
2026-08-15 23:05:00,0.1772,0.1773,0.1771,0.1772,80763.2
2026-08-15 23:10:00,0.1773,0.1773,0.1765,0.1768,1629414.0
2026-08-15 23:15:00,0.1768,0.1769,0.1767,0.1769,160503.7
2026-08-15 23:20:00,0.1769,0.1769,0.1767,0.1767,84748.9
2026-08-15 23:25:00,0.1767,0.1769,0.1766,0.1767,180502.6
2026-08-15 23:30:00,0.1766,0.1766,0.1758,0.1761,1477581.2
2026-08-15 23:35:00,0.1762,0.1762,0.1759,0.1761,85009.4
2026-08-15 23:40:00,0.1761,0.1762,0.176,0.1762,216121.0
2026-08-15 23:45:00,0.1762,0.1763,0.1761,0.1762,71917.9
2026-08-15 23:50:00,0.1761,0.1763,0.176,0.1763,51687.8
2026-08-15 23:55:00,0.1764,0.1765,0.1763,0.1765,12046.4
2026-08-16 00:00:00,0.1764,0.1765,0.1761,0.1763,172163.4
2026-08-16 00:05:00,0.1763,0.1766,0.1763,0.1765,67779.4
2026-08-16 00:10:00,0.1764,0.1766,0.1763,0.1765,141134.8
2026-08-16 00:15:00,0.1766,0.1768,0.1766,0.1768,116766.9
2026-08-16 00:20:00,0.1768,0.1769,0.1766,0.1768,39112.5
2026-08-16 00:25:00,0.1768,0.177,0.1768,0.1769,45547.9
2026-08-16 00:30:00,0.1769,0.1772,0.1768,0.177,80113.1
2026-08-16 00:35:00,0.177,0.1771,0.177,0.1771,61650.0
2026-08-16 00:40:00,0.177,0.1771,0.177,0.177,81683.9
2026-08-16 00:45:00,0.177,0.1771,0.1768,0.1769,100724.1
2026-08-16 00:50:00,0.1768,0.1769,0.1767,0.1768,32298.5
2026-08-16 00:55:00,0.1768,0.1771,0.1767,0.177,112607.0
2026-08-16 01:00:00,0.1769,0.1771,0.1768,0.1771,49348.8
2026-08-16 01:05:00,0.1771,0.1772,0.177,0.1771,122700.9
2026-08-16 01:10:00,0.177,0.177,0.1767,0.1769,157059.2
2026-08-16 01:15:00,0.177,0.1771,0.1769,0.1771,17110.8
2026-08-16 01:20:00,0.177,0.1771,0.1769,0.177,54687.3
2026-08-16 01:25:00,0.1769,0.177,0.1767,0.1767,33844.2
2026-08-16 01:30:00,0.1766,0.1768,0.1765,0.1767,103168.1
2026-08-16 01:35:00,0.1766,0.1767,0.1764,0.1765,126107.5
2026-08-16 01:40:00,0.1764,0.1767,0.1764,0.1767,20152.4
2026-08-16 01:45:00,0.1768,0.1768,0.1765,0.1765,158712.0
2026-08-16 01:50:00,0.1765,0.1766,0.1763,0.1763,42556.8
2026-08-16 01:55:00,0.1764,0.1764,0.1763,0.1764,72045.7
2026-08-16 02:00:00,0.1765,0.1766,0.1764,0.1764,78158.2
2026-08-16 02:05:00,0.1764,0.1765,0.1762,0.1762,37266.5
2026-08-16 02:10:00,0.1763,0.1764,0.1762,0.1763,67237.0
2026-08-16 02:15:00,0.1763,0.1765,0.1761,0.1763,56587.0
2026-08-16 02:20:00,0.1764,0.1769,0.1764,0.1768,48971.8
2026-08-16 02:25:00,0.1769,0.1771,0.1768,0.1771,139029.7
2026-08-16 02:30:00,0.177,0.177,0.1769,0.177,27350.8
2026-08-16 02:35:00,0.1769,0.1771,0.1768,0.1769,374556.8
2026-08-16 02:40:00,0.177,0.1771,0.1769,0.177,37927.8
2026-08-16 02:45:00,0.1771,0.1771,0.1767,0.1767,29424.2
2026-08-16 02:50:00,0.1767,0.1768,0.1766,0.1767,20213.2
2026-08-16 02:55:00,0.1767,0.1768,0.1766,0.1767,301716.0
2026-08-16 03:00:00,0.1767,0.1767,0.1765,0.1767,40019.8
2026-08-16 03:05:00,0.1766,0.177,0.1766,0.1768,148886.9
2026-08-16 03:10:00,0.1768,0.177,0.1768,0.177,16136.9
2026-08-16 03:15:00,0.1769,0.1772,0.1769,0.1771,205787.5
2026-08-16 03:20:00,0.1771,0.1771,0.177,0.1771,35806.7
2026-08-16 03:25:00,0.177,0.1771,0.1769,0.1769,22337.2
2026-08-16 03:30:00,0.177,0.1772,0.1769,0.1772,106690.3
2026-08-16 03:35:00,0.1772,0.1774,0.1771,0.1773,193331.8
2026-08-16 03:40:00,0.1773,0.1773,0.1772,0.1772,4800.4
2026-08-16 03:45:00,0.1773,0.1773,0.1771,0.1771,52960.4
2026-08-16 03:50:00,0.1772,0.1772,0.1771,0.1771,35726.5
2026-08-16 03:55:00,0.1771,0.1771,0.177,0.1771,9934.5
2026-08-16 04:00:00,0.1771,0.1773,0.1771,0.1772,157104.9
2026-08-16 04:05:00,0.1772,0.1773,0.177,0.1771,144052.2
2026-08-16 04:10:00,0.177,0.1771,0.1768,0.1769,65820.4
2026-08-16 04:15:00,0.1769,0.177,0.1768,0.177,31806.5
2026-08-16 04:20:00,0.1771,0.1771,0.1769,0.177,40269.5
2026-08-16 04:25:00,0.1771,0.1771,0.1768,0.1769,120888.2
2026-08-16 04:30:00,0.177,0.177,0.1768,0.1768,66134.9
2026-08-16 04:35:00,0.1767,0.1768,0.1767,0.1768,30228.2
2026-08-16 04:40:00,0.1769,0.177,0.1768,0.177,5832.1
2026-08-16 04:45:00,0.177,0.177,0.1769,0.1769,3570.1
2026-08-16 04:50:00,0.1769,0.1771,0.1769,0.177,51721.5
2026-08-16 04:55:00,0.177,0.1771,0.1768,0.1769,69424.3
2026-08-16 05:00:00,0.177,0.1771,0.177,0.1771,22784.6
2026-08-16 05:05:00,0.177,0.1771,0.177,0.1771,75566.2
2026-08-16 05:10:00,0.1771,0.1772,0.177,0.1771,32846.2
2026-08-16 05:15:00,0.177,0.177,0.1766,0.1767,170838.3
2026-08-16 05:20:00,0.1766,0.1767,0.1766,0.1767,12965.1
2026-08-16 05:25:00,0.1767,0.1768,0.1766,0.1767,46129.9
2026-08-16 05:30:00,0.1767,0.1769,0.1767,0.1769,70930.2
2026-08-16 05:35:00,0.1769,0.1771,0.1769,0.1771,75805.6
2026-08-16 05:40:00,0.1771,0.1771,0.177,0.1771,7802.2
2026-08-16 05:45:00,0.1771,0.1772,0.1769,0.177,180463.4
2026-08-16 05:50:00,0.177,0.177,0.1769,0.177,35150.4
2026-08-16 05:55:00,0.177,0.177,0.1769,0.177,11311.8
2026-08-16 06:00:00,0.1769,0.1772,0.1769,0.1772,45528.1
2026-08-16 06:05:00,0.1772,0.1772,0.1769,0.1769,66047.8
2026-08-16 06:10:00,0.1769,0.177,0.1769,0.1769,75073.8
2026-08-16 06:15:00,0.1768,0.1769,0.1767,0.1767,85265.5
2026-08-16 06:20:00,0.1766,0.1767,0.1765,0.1767,155970.3
2026-08-16 06:25:00,0.1767,0.1768,0.1766,0.1768,52326.9
2026-08-16 06:30:00,0.1768,0.1769,0.1766,0.1768,47971.5
2026-08-16 06:35:00,0.1767,0.1769,0.1767,0.1769,12395.1
2026-08-16 06:40:00,0.1769,0.177,0.1768,0.1769,142679.7
2026-08-16 06:45:00,0.1769,0.1771,0.1769,0.177,56730.9
2026-08-16 06:50:00,0.1771,0.1771,0.177,0.1771,22784.0
2026-08-16 06:55:00,0.177,0.1771,0.1769,0.1769,70411.3
2026-08-16 07:00:00,0.1768,0.1769,0.1766,0.1767,176283.7
2026-08-16 07:05:00,0.1767,0.1769,0.1767,0.1769,30219.4
2026-08-16 07:10:00,0.1768,0.1771,0.1768,0.1768,233863.9
2026-08-16 07:15:00,0.1769,0.177,0.1769,0.1769,100778.5
2026-08-16 07:20:00,0.1769,0.177,0.1769,0.1769,32113.6
2026-08-16 07:25:00,0.177,0.177,0.1769,0.177,55741.3
2026-08-16 07:30:00,0.1771,0.1771,0.177,0.1771,7005.2
2026-08-16 07:35:00,0.1771,0.1771,0.177,0.1771,9885.5
2026-08-16 07:40:00,0.1771,0.1771,0.177,0.1771,153173.6
2026-08-16 07:45:00,0.1771,0.1771,0.177,0.177,4077.5
2026-08-16 07:50:00,0.1771,0.1774,0.1771,0.1774,68538.7
2026-08-16 07:55:00,0.1774,0.1778,0.1773,0.1777,250927.4
2026-08-16 08:00:00,0.1778,0.1784,0.1777,0.1779,820234.6
2026-08-16 08:05:00,0.1779,0.1781,0.1779,0.1781,39354.3
2026-08-16 08:10:00,0.178,0.178,0.1777,0.1779,211022.2
2026-08-16 08:15:00,0.1779,0.1779,0.1778,0.1779,32807.4
2026-08-16 08:20:00,0.1779,0.178,0.1779,0.178,165139.7
2026-08-16 08:25:00,0.178,0.178,0.1778,0.1779,110400.3
2026-08-16 08:30:00,0.1778,0.178,0.1777,0.178,176767.4
2026-08-16 08:35:00,0.1779,0.178,0.1776,0.178,352763.6
2026-08-16 08:40:00,0.178,0.178,0.1776,0.1777,438764.4
2026-08-16 08:45:00,0.1776,0.1778,0.1775,0.1777,72900.8
2026-08-16 08:50:00,0.1777,0.1777,0.1776,0.1776,34722.3
2026-08-16 08:55:00,0.1776,0.178,0.1776,0.1779,113300.9
2026-08-16 09:00:00,0.1778,0.1779,0.1777,0.1778,214967.9
2026-08-16 09:05:00,0.1778,0.1778,0.1775,0.1776,64765.3
2026-08-16 09:10:00,0.1775,0.1776,0.1775,0.1776,5586.7
2026-08-16 09:15:00,0.1776,0.1776,0.1773,0.1774,30246.1
2026-08-16 09:20:00,0.1774,0.1776,0.1773,0.1776,55908.9
2026-08-16 09:25:00,0.1776,0.1776,0.1772,0.1773,122745.0
2026-08-16 09:30:00,0.1773,0.1773,0.1772,0.1772,81443.1
2026-08-16 09:35:00,0.1773,0.1773,0.1772,0.1772,7729.7
2026-08-16 09:40:00,0.1773,0.1773,0.1769,0.1771,158929.9
2026-08-16 09:45:00,0.1771,0.1773,0.1769,0.177,185232.0
2026-08-16 09:50:00,0.177,0.1771,0.177,0.1771,43432.3
2026-08-16 09:55:00,0.177,0.1771,0.177,0.177,12447.0
2026-08-16 10:00:00,0.177,0.1771,0.1768,0.1768,114018.9
2026-08-16 10:05:00,0.1769,0.177,0.1768,0.177,46748.8
2026-08-16 10:10:00,0.1771,0.1771,0.1762,0.1765,1027110.5
2026-08-16 10:15:00,0.1764,0.1765,0.1763,0.1763,41559.8
2026-08-16 10:20:00,0.1763,0.1764,0.1755,0.1759,747666.9
2026-08-16 10:25:00,0.1758,0.1761,0.1758,0.176,240484.2
2026-08-16 10:30:00,0.176,0.176,0.1757,0.1759,92147.3
2026-08-16 10:35:00,0.1759,0.1761,0.1759,0.176,50755.3
2026-08-16 10:40:00,0.1761,0.1762,0.176,0.1761,50251.9
2026-08-16 10:45:00,0.1761,0.1764,0.1761,0.1763,19302.9
2026-08-16 10:50:00,0.1764,0.1765,0.1763,0.1765,76214.9
2026-08-16 10:55:00,0.1765,0.1768,0.1764,0.1767,278434.5
2026-08-16 11:00:00,0.1768,0.1771,0.1767,0.177,164887.3
2026-08-16 11:05:00,0.177,0.177,0.1768,0.1769,66762.1
2026-08-16 11:10:00,0.1768,0.177,0.1768,0.177,22092.3
2026-08-16 11:15:00,0.177,0.1771,0.177,0.177,26224.8
2026-08-16 11:20:00,0.1771,0.1771,0.1766,0.1767,92647.3
2026-08-16 11:25:00,0.1767,0.1769,0.1767,0.1769,19787.0
2026-08-16 11:30:00,0.1769,0.177,0.1768,0.1769,47609.6
2026-08-16 11:35:00,0.177,0.1772,0.177,0.177,58553.4
2026-08-16 11:40:00,0.177,0.1771,0.177,0.1771,5014.8
2026-08-16 11:45:00,0.177,0.1771,0.177,0.177,118195.9
2026-08-16 11:50:00,0.177,0.177,0.1769,0.177,29551.3
2026-08-16 11:55:00,0.177,0.1771,0.1768,0.1771,126635.9
2026-08-16 12:00:00,0.1771,0.1771,0.177,0.177,10672.2
2026-08-16 12:05:00,0.177,0.1771,0.1769,0.1769,30748.7
2026-08-16 12:10:00,0.177,0.177,0.1768,0.1769,56164.2
2026-08-16 12:15:00,0.1769,0.1772,0.1769,0.1771,27579.0
2026-08-16 12:20:00,0.1772,0.1773,0.177,0.177,123750.5
2026-08-16 12:25:00,0.1771,0.1771,0.1767,0.1768,149117.0
2026-08-16 12:30:00,0.1768,0.1768,0.1765,0.1767,342207.0
2026-08-16 12:35:00,0.1767,0.1767,0.1765,0.1765,133433.3
2026-08-16 12:40:00,0.1765,0.1766,0.1762,0.1762,470816.2
2026-08-16 12:45:00,0.1763,0.1764,0.1763,0.1763,106427.6
2026-08-16 12:50:00,0.1764,0.1764,0.1762,0.1762,28581.4
2026-08-16 12:55:00,0.1763,0.1764,0.1762,0.1763,53962.1
2026-08-16 13:00:00,0.1763,0.1763,0.1762,0.1763,59427.7
2026-08-16 13:05:00,0.1763,0.1764,0.1762,0.1764,253251.9
2026-08-16 13:10:00,0.1764,0.1764,0.176,0.1761,179738.0
2026-08-16 13:15:00,0.176,0.1763,0.1759,0.1763,252554.9
2026-08-16 13:20:00,0.1763,0.1763,0.1761,0.1763,115293.7
2026-08-16 13:25:00,0.1763,0.1765,0.176,0.176,130392.6
2026-08-16 13:30:00,0.176,0.1761,0.176,0.1761,8093.1
2026-08-16 13:35:00,0.176,0.1761,0.1759,0.176,36014.7
2026-08-16 13:40:00,0.176,0.1762,0.176,0.1761,87997.7
2026-08-16 13:45:00,0.176,0.1763,0.176,0.1763,30099.1
2026-08-16 13:50:00,0.1763,0.1764,0.1763,0.1763,41552.2
2026-08-16 13:55:00,0.1764,0.1764,0.176,0.176,71184.8
2026-08-16 14:00:00,0.1761,0.1762,0.1761,0.1761,36396.9
2026-08-16 14:05:00,0.1761,0.1762,0.176,0.176,65100.9
2026-08-16 14:10:00,0.1761,0.1762,0.1761,0.1761,28098.2
2026-08-16 14:15:00,0.1761,0.1762,0.176,0.1762,22215.4
2026-08-16 14:20:00,0.1762,0.1767,0.1762,0.1765,220567.7
2026-08-16 14:25:00,0.1765,0.1766,0.1765,0.1765,63924.6
2026-08-16 14:30:00,0.1765,0.1767,0.1765,0.1766,66001.8
2026-08-16 14:35:00,0.1765,0.1766,0.1765,0.1765,32481.1
2026-08-16 14:40:00,0.1766,0.1766,0.1763,0.1763,152018.8
2026-08-16 14:45:00,0.1762,0.1763,0.1762,0.1763,173470.8
2026-08-16 14:50:00,0.1762,0.1763,0.1762,0.1763,23447.0
2026-08-16 14:55:00,0.1763,0.1763,0.1762,0.1762,11036.7
2026-08-16 15:00:00,0.1762,0.1763,0.176,0.1762,65817.5
2026-08-16 15:05:00,0.1761,0.1766,0.1761,0.1765,116739.3
2026-08-16 15:10:00,0.1766,0.1768,0.1764,0.1766,99020.3
2026-08-16 15:15:00,0.1765,0.1766,0.1763,0.1765,66248.1
2026-08-16 15:20:00,0.1764,0.1765,0.1763,0.1764,52328.2
2026-08-16 15:25:00,0.1765,0.177,0.1765,0.1769,50236.8
2026-08-16 15:30:00,0.1769,0.1771,0.1769,0.177,41575.9
2026-08-16 15:35:00,0.1771,0.1771,0.1769,0.1769,131706.1
2026-08-16 15:40:00,0.1769,0.1769,0.1766,0.1766,44635.4
2026-08-16 15:45:00,0.1766,0.177,0.1766,0.177,46543.9
2026-08-16 15:50:00,0.177,0.177,0.1768,0.1769,113829.5
2026-08-16 15:55:00,0.1768,0.1769,0.1767,0.1768,47508.4
2026-08-16 16:00:00,0.1768,0.177,0.1768,0.177,56859.0
2026-08-16 16:05:00,0.1769,0.177,0.1768,0.177,36710.1
2026-08-16 16:10:00,0.177,0.1771,0.1768,0.1769,158797.5
2026-08-16 16:15:00,0.1768,0.1772,0.1768,0.1771,67376.2
2026-08-16 16:20:00,0.1771,0.1772,0.1769,0.1772,54952.5
2026-08-16 16:25:00,0.1771,0.1772,0.1771,0.1771,19594.3
2026-08-16 16:30:00,0.1771,0.1773,0.1769,0.1772,358269.6
2026-08-16 16:35:00,0.1772,0.1773,0.177,0.1771,126546.8
2026-08-16 16:40:00,0.1772,0.1772,0.1768,0.1768,138773.0
2026-08-16 16:45:00,0.1769,0.1769,0.1768,0.1769,23467.4
2026-08-16 16:50:00,0.1768,0.1768,0.1762,0.1763,425526.4
2026-08-16 16:55:00,0.1763,0.1764,0.1763,0.1763,18162.4
2026-08-16 17:00:00,0.1764,0.1765,0.1762,0.1765,130111.2
2026-08-16 17:05:00,0.1765,0.1767,0.1765,0.1767,14821.2
2026-08-16 17:10:00,0.1766,0.1766,0.1765,0.1765,79983.7
2026-08-16 17:15:00,0.1765,0.1766,0.1765,0.1766,14059.4
2026-08-16 17:20:00,0.1765,0.1766,0.1765,0.1766,32557.5
2026-08-16 17:25:00,0.1766,0.1766,0.1765,0.1765,30530.8
2026-08-16 17:30:00,0.1766,0.1767,0.1764,0.1764,18590.4
2026-08-16 17:35:00,0.1765,0.1767,0.1765,0.1766,14139.3
2026-08-16 17:40:00,0.1766,0.1767,0.1764,0.1764,27922.7
2026-08-16 17:45:00,0.1764,0.1764,0.1763,0.1764,22383.5
2026-08-16 17:50:00,0.1765,0.1766,0.1763,0.1763,60454.9
2026-08-16 17:55:00,0.1764,0.1764,0.1762,0.1763,36848.4
2026-08-16 18:00:00,0.1764,0.1764,0.1763,0.1763,29235.6
2026-08-16 18:05:00,0.1763,0.1764,0.1762,0.1763,625630.2
2026-08-16 18:10:00,0.1763,0.1764,0.1762,0.1763,559401.1
2026-08-16 18:15:00,0.1763,0.1764,0.1762,0.1762,88654.7
2026-08-16 18:20:00,0.1762,0.1763,0.1757,0.1759,2450615.2
2026-08-16 18:25:00,0.1758,0.1759,0.175,0.1756,1652066.1
2026-08-16 18:30:00,0.1756,0.1758,0.1754,0.1755,82958.3
2026-08-16 18:35:00,0.1754,0.1756,0.1754,0.1755,54676.4
2026-08-16 18:40:00,0.1754,0.1755,0.1752,0.1754,197501.8
2026-08-16 18:45:00,0.1754,0.1756,0.1754,0.1756,43865.1
2026-08-16 18:50:00,0.1757,0.1757,0.1755,0.1755,32220.0
2026-08-16 18:55:00,0.1754,0.176,0.1752,0.1759,2754441.8
2026-08-16 19:00:00,0.1758,0.1774,0.1757,0.1772,6814383.0
2026-08-16 19:05:00,0.1772,0.1782,0.1768,0.1768,1378048.0
2026-08-16 19:10:00,0.1767,0.1771,0.1767,0.1769,116808.1
2026-08-16 19:15:00,0.1769,0.1773,0.1769,0.1773,196082.3
2026-08-16 19:20:00,0.1774,0.1787,0.1774,0.1785,734685.8
2026-08-16 19:25:00,0.1785,0.1787,0.1783,0.1787,616027.0
2026-08-16 19:30:00,0.1788,0.1793,0.1786,0.1791,602849.1
2026-08-16 19:35:00,0.1791,0.1791,0.1786,0.179,859482.0
2026-08-16 19:40:00,0.1791,0.1791,0.1786,0.1788,734377.4
2026-08-16 19:45:00,0.1788,0.179,0.1784,0.1785,240787.3
2026-08-16 19:50:00,0.1786,0.1789,0.1784,0.1784,279661.9
2026-08-16 19:55:00,0.1785,0.1785,0.1782,0.1783,138668.0
2026-08-16 20:00:00,0.1784,0.1788,0.1781,0.1782,521934.8
2026-08-16 20:05:00,0.1782,0.1788,0.1782,0.1785,158883.9
2026-08-16 20:10:00,0.1785,0.1787,0.1785,0.1786,319559.8
2026-08-16 20:15:00,0.1786,0.1787,0.1784,0.1784,99535.7
2026-08-16 20:20:00,0.1785,0.1792,0.1784,0.1788,821785.9
2026-08-16 20:25:00,0.1788,0.1788,0.1781,0.1781,319001.3
2026-08-16 20:30:00,0.1782,0.1782,0.1778,0.1781,221416.3
2026-08-16 20:35:00,0.1781,0.1782,0.1775,0.1776,204441.9
2026-08-16 20:40:00,0.1777,0.1778,0.1774,0.1778,217085.2
2026-08-16 20:45:00,0.1777,0.1777,0.1774,0.1774,65051.2
2026-08-16 20:50:00,0.1774,0.1774,0.177,0.1772,87837.9
2026-08-16 20:55:00,0.1773,0.1774,0.177,0.1771,210794.0
2026-08-16 21:00:00,0.177,0.1772,0.1767,0.177,146042.4
2026-08-16 21:05:00,0.1769,0.1769,0.1763,0.1763,237227.0
2026-08-16 21:10:00,0.1764,0.1765,0.176,0.1761,338517.8
2026-08-16 21:15:00,0.1761,0.1764,0.1761,0.1763,69279.0
2026-08-16 21:20:00,0.1763,0.1764,0.176,0.176,199294.8
2026-08-16 21:25:00,0.1761,0.1762,0.176,0.1762,98226.4
2026-08-16 21:30:00,0.1762,0.1765,0.1762,0.1765,233752.3
2026-08-16 21:35:00,0.1765,0.1765,0.1758,0.1759,1014083.8
2026-08-16 21:40:00,0.1758,0.176,0.175,0.1758,697274.4
2026-08-16 21:45:00,0.1757,0.1761,0.1753,0.1761,321140.1
2026-08-16 21:50:00,0.1762,0.1765,0.1761,0.1762,312922.2
2026-08-16 21:55:00,0.1763,0.1763,0.1759,0.1759,122773.8
2026-08-16 22:00:00,0.1759,0.1762,0.1755,0.1762,224565.0
2026-08-16 22:05:00,0.1762,0.1765,0.1762,0.1765,179530.1
2026-08-16 22:10:00,0.1764,0.1765,0.1762,0.1764,198731.9
2026-08-16 22:15:00,0.1764,0.1765,0.1763,0.1763,12308.2
2026-08-16 22:20:00,0.1763,0.1764,0.1762,0.1762,98095.1
2026-08-16 22:25:00,0.1761,0.1761,0.1759,0.1759,120807.8
2026-08-16 22:30:00,0.1758,0.1761,0.1757,0.176,134845.7
2026-08-16 22:35:00,0.176,0.176,0.1753,0.1753,241352.1
2026-08-16 22:40:00,0.1753,0.1755,0.1746,0.175,1180428.6
2026-08-16 22:45:00,0.1749,0.1751,0.1749,0.175,284130.2
2026-08-16 22:50:00,0.175,0.175,0.1749,0.175,41643.6
2026-08-16 22:55:00,0.175,0.1755,0.175,0.1755,281276.0
2026-08-16 23:00:00,0.1754,0.1757,0.1753,0.1756,203936.6
2026-08-16 23:05:00,0.1755,0.1757,0.1755,0.1757,27669.6
2026-08-16 23:10:00,0.1757,0.1758,0.1753,0.1754,709047.0
2026-08-16 23:15:00,0.1753,0.1757,0.1753,0.1753,376536.9
2026-08-16 23:20:00,0.1754,0.1755,0.1752,0.1753,111232.0
2026-08-16 23:25:00,0.1754,0.1755,0.1752,0.1753,43331.6
2026-08-16 23:30:00,0.1753,0.1753,0.1752,0.1752,24628.9
2026-08-16 23:35:00,0.1752,0.1752,0.1749,0.175,72112.3
2026-08-16 23:40:00,0.1749,0.1752,0.1749,0.1751,228686.5
2026-08-16 23:45:00,0.1751,0.1752,0.175,0.1752,25011.4
2026-08-16 23:50:00,0.1752,0.1752,0.175,0.175,122058.6
2026-08-16 23:55:00,0.175,0.1751,0.1748,0.1749,73708.7
2026-08-17 00:00:00,0.1749,0.1754,0.1748,0.1753,124115.5
2026-08-17 00:05:00,0.1753,0.1753,0.1749,0.175,101150.1
2026-08-17 00:10:00,0.1749,0.1749,0.1747,0.1747,384985.2
2026-08-17 00:15:00,0.1747,0.1748,0.1739,0.1741,1701772.4
2026-08-17 00:20:00,0.1742,0.1743,0.1738,0.1739,136654.8
2026-08-17 00:25:00,0.1738,0.1747,0.1738,0.1747,323835.9
2026-08-17 00:30:00,0.1747,0.1748,0.1743,0.1744,195431.8
2026-08-17 00:35:00,0.1745,0.1751,0.1743,0.1751,246484.9
2026-08-17 00:40:00,0.175,0.1756,0.1748,0.1755,213182.8
2026-08-17 00:45:00,0.1755,0.1757,0.1753,0.1755,163764.0
2026-08-17 00:50:00,0.1754,0.1756,0.1754,0.1756,137274.7
2026-08-17 00:55:00,0.1757,0.176,0.1757,0.1759,190842.8
2026-08-17 01:00:00,0.1758,0.1768,0.1757,0.1766,378949.2
2026-08-17 01:05:00,0.1765,0.1769,0.1765,0.1765,137622.4
2026-08-17 01:10:00,0.1765,0.1766,0.1762,0.1764,95699.2
2026-08-17 01:15:00,0.1763,0.1767,0.1761,0.1764,310196.2
2026-08-17 01:20:00,0.1763,0.1768,0.1763,0.1766,414477.1
2026-08-17 01:25:00,0.1767,0.1767,0.1764,0.1764,277775.2
2026-08-17 01:30:00,0.1765,0.1768,0.1764,0.1766,221687.2
2026-08-17 01:35:00,0.1766,0.1766,0.1764,0.1766,149417.5
2026-08-17 01:40:00,0.1766,0.1766,0.1764,0.1764,18931.3
2026-08-17 01:45:00,0.1764,0.1765,0.1761,0.1765,146044.6
2026-08-17 01:50:00,0.1765,0.1765,0.1761,0.1761,31266.7
2026-08-17 01:55:00,0.176,0.1761,0.1759,0.1759,25343.1
2026-08-17 02:00:00,0.1759,0.1762,0.1759,0.1759,119250.0
2026-08-17 02:05:00,0.1759,0.176,0.1758,0.176,11181.7
2026-08-17 02:10:00,0.1759,0.176,0.1757,0.1757,133115.8
2026-08-17 02:15:00,0.1758,0.1758,0.1755,0.1755,84089.0
2026-08-17 02:20:00,0.1754,0.1759,0.1754,0.1756,196239.6
2026-08-17 02:25:00,0.1757,0.1761,0.1751,0.1755,1515920.7
2026-08-17 02:30:00,0.1755,0.1762,0.1752,0.1762,620105.7
2026-08-17 02:35:00,0.1762,0.1765,0.1762,0.1763,187296.8
2026-08-17 02:40:00,0.1763,0.1765,0.1763,0.1763,107828.0
2026-08-17 02:45:00,0.1764,0.1765,0.1763,0.1765,83853.9
2026-08-17 02:50:00,0.1765,0.1771,0.1764,0.177,346390.6
2026-08-17 02:55:00,0.1771,0.1771,0.177,0.177,51405.1
2026-08-17 03:00:00,0.1769,0.1771,0.1769,0.1769,190790.2
2026-08-17 03:05:00,0.1769,0.177,0.1769,0.177,34098.8
2026-08-17 03:10:00,0.177,0.177,0.1768,0.1769,227823.4
2026-08-17 03:15:00,0.177,0.1772,0.1769,0.1772,212224.8
2026-08-17 03:20:00,0.1772,0.1773,0.1771,0.1772,134991.9
2026-08-17 03:25:00,0.1771,0.1771,0.1769,0.1769,69318.7
2026-08-17 03:30:00,0.177,0.1772,0.177,0.177,170430.6
2026-08-17 03:35:00,0.1771,0.1771,0.177,0.1771,29539.4
2026-08-17 03:40:00,0.1771,0.1772,0.1769,0.177,37032.9
2026-08-17 03:45:00,0.1769,0.177,0.1769,0.177,58900.3
2026-08-17 03:50:00,0.177,0.1772,0.1768,0.1771,185884.1
2026-08-17 03:55:00,0.1772,0.1773,0.1771,0.1771,153983.8
2026-08-17 04:00:00,0.1771,0.1773,0.1771,0.1772,102366.7
2026-08-17 04:05:00,0.1773,0.1775,0.1772,0.1774,330781.8
2026-08-17 04:10:00,0.1774,0.1774,0.1773,0.1774,90854.9
2026-08-17 04:15:00,0.1773,0.1776,0.1772,0.1773,725079.8
2026-08-17 04:20:00,0.1772,0.1773,0.1772,0.1772,83197.8
2026-08-17 04:25:00,0.1772,0.1772,0.1771,0.1771,107288.0
2026-08-17 04:30:00,0.1771,0.1772,0.177,0.1771,103221.0
2026-08-17 04:35:00,0.1772,0.1772,0.1771,0.1772,9520.3
2026-08-17 04:40:00,0.1772,0.1772,0.1771,0.1772,10559.4
2026-08-17 04:45:00,0.1772,0.1772,0.1771,0.1771,107639.9
2026-08-17 04:50:00,0.1772,0.1772,0.1771,0.1772,109268.8
2026-08-17 04:55:00,0.1772,0.1772,0.1771,0.1772,111421.4
2026-08-17 05:00:00,0.1772,0.1773,0.1772,0.1773,257098.9
2026-08-17 05:05:00,0.1773,0.1773,0.1771,0.1771,75024.8
2026-08-17 05:10:00,0.1772,0.1776,0.1772,0.1775,482777.1
2026-08-17 05:15:00,0.1775,0.1776,0.1775,0.1776,20275.2
2026-08-17 05:20:00,0.1776,0.1779,0.1776,0.1777,364367.4
2026-08-17 05:25:00,0.1777,0.1777,0.1772,0.1772,50566.6
2026-08-17 05:30:00,0.1773,0.1773,0.1771,0.1773,117067.2
2026-08-17 05:35:00,0.1773,0.1774,0.1771,0.1772,215547.0
2026-08-17 05:40:00,0.1772,0.1773,0.1771,0.1771,41075.0
2026-08-17 05:45:00,0.1771,0.1771,0.1768,0.1769,103748.6
2026-08-17 05:50:00,0.177,0.1771,0.1769,0.177,118542.1
2026-08-17 05:55:00,0.177,0.177,0.1765,0.1766,287022.8
2026-08-17 06:00:00,0.1766,0.1769,0.1765,0.1769,176500.5
2026-08-17 06:05:00,0.1769,0.1771,0.1769,0.1769,160850.2
2026-08-17 06:10:00,0.177,0.1771,0.1769,0.1771,121493.9
2026-08-17 06:15:00,0.1771,0.1773,0.177,0.1773,12629.6
2026-08-17 06:20:00,0.1773,0.1774,0.1771,0.1771,485198.6
2026-08-17 06:25:00,0.1771,0.1772,0.1767,0.1767,134589.2
2026-08-17 06:30:00,0.1767,0.1769,0.1767,0.1769,77350.4
2026-08-17 06:35:00,0.1769,0.1772,0.1768,0.177,395740.7
2026-08-17 06:40:00,0.1769,0.1772,0.1768,0.1772,116792.2
2026-08-17 06:45:00,0.1772,0.1778,0.1772,0.1776,414516.0
2026-08-17 06:50:00,0.1776,0.1776,0.1772,0.1772,98442.9
2026-08-17 06:55:00,0.1773,0.1775,0.1773,0.1774,36088.3
2026-08-17 07:00:00,0.1774,0.1775,0.1769,0.177,102631.5
2026-08-17 07:05:00,0.1771,0.1771,0.1768,0.1768,67711.2
2026-08-17 07:10:00,0.1768,0.1769,0.1766,0.1766,225354.1
2026-08-17 07:15:00,0.1766,0.1767,0.1762,0.1762,380094.9
2026-08-17 07:20:00,0.1763,0.1763,0.1761,0.1763,122888.7
2026-08-17 07:25:00,0.1763,0.1764,0.1762,0.1762,138097.7
2026-08-17 07:30:00,0.1763,0.1764,0.1763,0.1763,88559.1
2026-08-17 07:35:00,0.1763,0.1764,0.1759,0.176,524820.3
2026-08-17 07:40:00,0.1761,0.1761,0.1759,0.176,135939.4
2026-08-17 07:45:00,0.1759,0.1762,0.1758,0.1761,196460.0
2026-08-17 07:50:00,0.1761,0.1761,0.176,0.176,70788.4
2026-08-17 07:55:00,0.1761,0.1763,0.176,0.1762,109854.5
2026-08-17 08:00:00,0.1762,0.1763,0.176,0.176,45437.9
2026-08-17 08:05:00,0.1759,0.1759,0.1757,0.1757,95477.9
2026-08-17 08:10:00,0.1757,0.1758,0.1755,0.1755,194470.7
2026-08-17 08:15:00,0.1755,0.1757,0.1753,0.1755,383385.7
2026-08-17 08:20:00,0.1756,0.1756,0.1752,0.1753,131563.9
2026-08-17 08:25:00,0.1754,0.1757,0.1753,0.1753,258442.7
2026-08-17 08:30:00,0.1754,0.1755,0.1753,0.1755,295272.8
2026-08-17 08:35:00,0.1755,0.1755,0.1754,0.1754,34713.0
2026-08-17 08:40:00,0.1755,0.1755,0.1753,0.1754,39779.5
2026-08-17 08:45:00,0.1754,0.1755,0.1753,0.1753,54543.6
2026-08-17 08:50:00,0.1754,0.1754,0.1751,0.1752,177346.3
2026-08-17 08:55:00,0.1751,0.1754,0.1751,0.1752,148868.4
2026-08-17 09:00:00,0.1751,0.1753,0.1751,0.1752,141859.8
2026-08-17 09:05:00,0.1752,0.1753,0.1751,0.1752,159533.3
2026-08-17 09:10:00,0.1752,0.1753,0.175,0.1752,161078.9
2026-08-17 09:15:00,0.1752,0.1752,0.175,0.175,17712.2
2026-08-17 09:20:00,0.1751,0.1751,0.1747,0.1749,693310.8
2026-08-17 09:25:00,0.1748,0.1751,0.1748,0.1751,28154.1
2026-08-17 09:30:00,0.175,0.1751,0.1747,0.1748,43701.9
2026-08-17 09:35:00,0.1748,0.1748,0.1747,0.1747,148337.2
2026-08-17 09:40:00,0.1747,0.1749,0.1747,0.1748,223424.1
2026-08-17 09:45:00,0.1748,0.1748,0.1745,0.1746,143205.2
2026-08-17 09:50:00,0.1747,0.1748,0.1746,0.1747,61330.6
2026-08-17 09:55:00,0.1747,0.1747,0.1743,0.1745,427157.8
2026-08-17 10:00:00,0.1745,0.1745,0.1742,0.1744,421917.9
2026-08-17 10:05:00,0.1744,0.1745,0.1742,0.1743,48594.5
2026-08-17 10:10:00,0.1743,0.1743,0.1741,0.1742,614826.8
2026-08-17 10:15:00,0.1742,0.1743,0.1733,0.1736,1708855.6
2026-08-17 10:20:00,0.1735,0.1736,0.1725,0.1728,2555146.1
2026-08-17 10:25:00,0.1727,0.1736,0.1725,0.1736,419778.0
2026-08-17 10:30:00,0.1736,0.1738,0.1734,0.1736,533407.1
2026-08-17 10:35:00,0.1736,0.174,0.1736,0.174,217609.5
2026-08-17 10:40:00,0.1739,0.1742,0.1739,0.1742,178429.0
2026-08-17 10:45:00,0.1741,0.1745,0.1741,0.1743,392798.1
2026-08-17 10:50:00,0.1743,0.1744,0.1742,0.1743,88647.4
2026-08-17 10:55:00,0.1743,0.1748,0.1742,0.1748,107801.9
2026-08-17 11:00:00,0.1748,0.1752,0.1747,0.1751,363543.8
2026-08-17 11:05:00,0.1751,0.1752,0.1749,0.1749,187892.4
2026-08-17 11:10:00,0.1749,0.175,0.1747,0.1747,82812.9
2026-08-17 11:15:00,0.1747,0.1748,0.1746,0.1747,80359.5
2026-08-17 11:20:00,0.1747,0.1748,0.1746,0.1748,88594.7
2026-08-17 11:25:00,0.1748,0.1748,0.1746,0.1747,30320.4
2026-08-17 11:30:00,0.1746,0.1755,0.1746,0.1755,517554.0
2026-08-17 11:35:00,0.1754,0.1757,0.1753,0.1756,335801.7
2026-08-17 11:40:00,0.1756,0.1756,0.1754,0.1755,89872.2
2026-08-17 11:45:00,0.1755,0.1757,0.1754,0.1755,194453.0
2026-08-17 11:50:00,0.1756,0.1756,0.1753,0.1754,149089.7
2026-08-17 11:55:00,0.1753,0.1753,0.1748,0.1748,156908.3
2026-08-17 12:00:00,0.1749,0.1749,0.1746,0.1746,197550.8
2026-08-17 12:05:00,0.1746,0.1746,0.1743,0.1744,333452.0
2026-08-17 12:10:00,0.1744,0.1748,0.1743,0.1748,110410.5
2026-08-17 12:15:00,0.1748,0.1748,0.1747,0.1747,19547.7
2026-08-17 12:20:00,0.1747,0.1748,0.1744,0.1746,255287.2
2026-08-17 12:25:00,0.1745,0.1746,0.1741,0.1742,374930.0
2026-08-17 12:30:00,0.1742,0.1744,0.1742,0.1742,109833.3
2026-08-17 12:35:00,0.1743,0.1743,0.1739,0.1739,228183.5
2026-08-17 12:40:00,0.1739,0.174,0.1736,0.1739,237404.5
2026-08-17 12:45:00,0.174,0.1741,0.1738,0.1738,208410.6
2026-08-17 12:50:00,0.1738,0.1738,0.1733,0.1735,122041.5
2026-08-17 12:55:00,0.1735,0.1737,0.1735,0.1735,202166.8
2026-08-17 13:00:00,0.1735,0.1736,0.1731,0.1732,646561.4
2026-08-17 13:05:00,0.1731,0.1737,0.1731,0.1737,197961.4
2026-08-17 13:10:00,0.1736,0.1737,0.1734,0.1735,161810.3
2026-08-17 13:15:00,0.1735,0.1735,0.1731,0.1731,131858.4
2026-08-17 13:20:00,0.1731,0.1732,0.173,0.1732,114934.0
2026-08-17 13:25:00,0.1732,0.1735,0.1731,0.1734,190525.5
2026-08-17 13:30:00,0.1734,0.175,0.1734,0.1747,436241.3
2026-08-17 13:35:00,0.1747,0.1749,0.1742,0.1743,334845.5
2026-08-17 13:40:00,0.1743,0.1746,0.1742,0.1743,178004.4
2026-08-17 13:45:00,0.1742,0.1747,0.1742,0.1746,214806.3
2026-08-17 13:50:00,0.1746,0.1746,0.1742,0.1743,489972.3
2026-08-17 13:55:00,0.1743,0.1744,0.1742,0.1743,95365.9
2026-08-17 14:00:00,0.1743,0.1744,0.174,0.1741,193600.5
2026-08-17 14:05:00,0.174,0.1742,0.174,0.1741,54564.1
2026-08-17 14:10:00,0.1741,0.1743,0.174,0.174,222543.8
2026-08-17 14:15:00,0.1741,0.1742,0.1737,0.1738,160600.8
2026-08-17 14:20:00,0.1738,0.1738,0.1734,0.1736,167204.0
2026-08-17 14:25:00,0.1737,0.1737,0.1733,0.1734,151410.1
2026-08-17 14:30:00,0.1734,0.1736,0.1733,0.1736,118178.4
2026-08-17 14:35:00,0.1736,0.1736,0.1733,0.1734,131008.8
2026-08-17 14:40:00,0.1734,0.1739,0.1734,0.1738,691626.4
2026-08-17 14:45:00,0.1737,0.1741,0.1736,0.1741,142079.1
2026-08-17 14:50:00,0.1741,0.1745,0.1741,0.1741,171122.0
2026-08-17 14:55:00,0.1742,0.1747,0.1742,0.1747,926353.4
2026-08-17 15:00:00,0.1748,0.1748,0.1745,0.1745,204654.5
2026-08-17 15:05:00,0.1745,0.1749,0.1745,0.1748,284790.7
2026-08-17 15:10:00,0.1748,0.175,0.1744,0.1744,335493.5
2026-08-17 15:15:00,0.1743,0.1746,0.1738,0.1738,375564.1
2026-08-17 15:20:00,0.1739,0.174,0.1738,0.1739,78830.1
2026-08-17 15:25:00,0.174,0.1751,0.174,0.175,1177853.0
2026-08-17 15:30:00,0.1749,0.175,0.1744,0.1746,232936.5
2026-08-17 15:35:00,0.1746,0.1746,0.1744,0.1744,165235.8
2026-08-17 15:40:00,0.1744,0.175,0.1743,0.1749,695918.8
2026-08-17 15:45:00,0.175,0.1754,0.1749,0.1752,457736.4
2026-08-17 15:50:00,0.1751,0.1755,0.1749,0.1753,593561.1
2026-08-17 15:55:00,0.1752,0.1754,0.175,0.1753,482361.9
2026-08-17 16:00:00,0.1752,0.1756,0.1748,0.1752,879185.0
2026-08-17 16:05:00,0.1752,0.1758,0.1751,0.1752,519538.4
2026-08-17 16:10:00,0.1752,0.1753,0.175,0.1751,74835.1
2026-08-17 16:15:00,0.1752,0.1753,0.1749,0.1749,48257.9
2026-08-17 16:20:00,0.175,0.1752,0.1748,0.1748,177263.4
2026-08-17 16:25:00,0.1748,0.1748,0.1743,0.1746,850703.4
2026-08-17 16:30:00,0.1746,0.1748,0.1743,0.1748,309534.3
2026-08-17 16:35:00,0.1747,0.1748,0.1746,0.1748,172293.2
2026-08-17 16:40:00,0.1749,0.175,0.1745,0.1745,101244.0
2026-08-17 16:45:00,0.1745,0.1747,0.1743,0.1747,125312.2
2026-08-17 16:50:00,0.1747,0.1747,0.1743,0.1743,118663.8
2026-08-17 16:55:00,0.1743,0.1744,0.1742,0.1743,54741.2
2026-08-17 17:00:00,0.1743,0.1744,0.1742,0.1742,272133.2
2026-08-17 17:05:00,0.1741,0.1742,0.174,0.174,121370.7
2026-08-17 17:10:00,0.174,0.1741,0.1738,0.1738,195489.5
2026-08-17 17:15:00,0.1738,0.1747,0.1738,0.1746,206429.7
2026-08-17 17:20:00,0.1746,0.1753,0.1746,0.1751,253559.2
2026-08-17 17:25:00,0.175,0.175,0.1742,0.1743,243452.9
2026-08-17 17:30:00,0.1742,0.1743,0.1738,0.1739,168778.2
2026-08-17 17:35:00,0.1739,0.1742,0.1736,0.174,341230.4
2026-08-17 17:40:00,0.174,0.1742,0.1738,0.1739,693677.4
2026-08-17 17:45:00,0.1738,0.1742,0.1738,0.1742,205568.6
2026-08-17 17:50:00,0.1742,0.1743,0.1741,0.1742,42010.8
2026-08-17 17:55:00,0.1742,0.1745,0.1742,0.1745,47237.4
2026-08-17 18:00:00,0.1744,0.1744,0.1739,0.1741,192119.8
2026-08-17 18:05:00,0.1741,0.1743,0.1739,0.1742,664364.8
2026-08-17 18:10:00,0.1743,0.1747,0.1742,0.1747,175116.1
2026-08-17 18:15:00,0.1746,0.1751,0.1746,0.1747,116724.6
2026-08-17 18:20:00,0.1748,0.1753,0.1747,0.1749,338689.2
2026-08-17 18:25:00,0.175,0.1751,0.1748,0.1748,98202.8
2026-08-17 18:30:00,0.1748,0.1748,0.1744,0.1746,118735.9
2026-08-17 18:35:00,0.1745,0.1749,0.1744,0.1744,120970.3
2026-08-17 18:40:00,0.1743,0.1746,0.1743,0.1745,74210.6
2026-08-17 18:45:00,0.1744,0.1745,0.1742,0.1743,178420.6
2026-08-17 18:50:00,0.1743,0.1744,0.174,0.174,105163.3
2026-08-17 18:55:00,0.1741,0.1742,0.174,0.1741,34565.5
2026-08-17 19:00:00,0.1741,0.1741,0.174,0.1741,61930.0
2026-08-17 19:05:00,0.1741,0.1743,0.1741,0.1742,52154.2
2026-08-17 19:10:00,0.1743,0.1743,0.1738,0.1738,114181.2
2026-08-17 19:15:00,0.1739,0.1741,0.1739,0.174,416496.4
2026-08-17 19:20:00,0.1739,0.1741,0.1739,0.1741,233003.1
2026-08-17 19:25:00,0.1741,0.1745,0.174,0.1741,157851.4
2026-08-17 19:30:00,0.1741,0.1741,0.1737,0.1737,87467.4
2026-08-17 19:35:00,0.1737,0.174,0.1737,0.174,349969.6
2026-08-17 19:40:00,0.174,0.1743,0.174,0.1741,147144.0
2026-08-17 19:45:00,0.1741,0.1741,0.174,0.174,35760.6
2026-08-17 19:50:00,0.1739,0.1739,0.1736,0.1736,79245.1
2026-08-17 19:55:00,0.1736,0.1738,0.1736,0.1738,153453.7
2026-08-17 20:00:00,0.1738,0.1738,0.1734,0.1735,224513.4
2026-08-17 20:05:00,0.1735,0.1736,0.1735,0.1735,87706.3
2026-08-17 20:10:00,0.1735,0.1735,0.1733,0.1735,249407.7
2026-08-17 20:15:00,0.1735,0.1738,0.1734,0.1735,726957.6
2026-08-17 20:20:00,0.1735,0.1737,0.1733,0.1734,466151.0
2026-08-17 20:25:00,0.1735,0.1737,0.1735,0.1737,79034.3
2026-08-17 20:30:00,0.1736,0.1739,0.1735,0.1738,280842.6
2026-08-17 20:35:00,0.1739,0.1744,0.1738,0.1742,146736.2
2026-08-17 20:40:00,0.1742,0.1746,0.1742,0.1746,289780.9
2026-08-17 20:45:00,0.1746,0.1749,0.1742,0.1742,179470.8
2026-08-17 20:50:00,0.1742,0.1742,0.1741,0.1741,9948.5
2026-08-17 20:55:00,0.1741,0.1743,0.1741,0.1742,54581.6
2026-08-17 21:00:00,0.1742,0.1744,0.1742,0.1743,254535.3
2026-08-17 21:05:00,0.1743,0.1744,0.1742,0.1743,84668.2
2026-08-17 21:10:00,0.1743,0.1743,0.174,0.1741,161250.3
2026-08-17 21:15:00,0.1741,0.1742,0.1739,0.174,145673.8
2026-08-17 21:20:00,0.1739,0.1741,0.1739,0.174,46051.4
2026-08-17 21:25:00,0.174,0.174,0.1738,0.1738,38919.5
2026-08-17 21:30:00,0.1739,0.1739,0.1738,0.1738,5184.4
2026-08-17 21:35:00,0.1739,0.174,0.1739,0.174,179580.9
2026-08-17 21:40:00,0.174,0.1745,0.1739,0.1741,332344.2
2026-08-17 21:45:00,0.1742,0.1742,0.174,0.174,27111.2
2026-08-17 21:50:00,0.174,0.1741,0.1738,0.1739,56527.6
2026-08-17 21:55:00,0.1738,0.1739,0.1737,0.1739,72910.3
2026-08-17 22:00:00,0.1739,0.1741,0.1738,0.1739,333306.6
2026-08-17 22:05:00,0.1738,0.1739,0.1738,0.1738,14382.1
2026-08-17 22:10:00,0.1738,0.1738,0.1736,0.1737,128803.7
2026-08-17 22:15:00,0.1737,0.1739,0.1734,0.1735,342106.1
2026-08-17 22:20:00,0.1735,0.1737,0.1734,0.1737,143357.5
2026-08-17 22:25:00,0.1736,0.1737,0.1734,0.1735,104741.3
2026-08-17 22:30:00,0.1734,0.1735,0.1734,0.1735,169998.3
2026-08-17 22:35:00,0.1735,0.1737,0.1734,0.1735,78890.4
2026-08-17 22:40:00,0.1735,0.1736,0.1735,0.1736,30173.8
2026-08-17 22:45:00,0.1735,0.1738,0.1735,0.1735,109575.6
2026-08-17 22:50:00,0.1736,0.1736,0.1735,0.1735,70234.8
2026-08-17 22:55:00,0.1736,0.1736,0.1733,0.1735,233350.7
2026-08-17 23:00:00,0.1735,0.1736,0.1735,0.1735,8374.4
2026-08-17 23:05:00,0.1735,0.1738,0.1734,0.1738,135517.7
2026-08-17 23:10:00,0.1739,0.174,0.1738,0.174,41826.9
2026-08-17 23:15:00,0.1739,0.174,0.1738,0.174,32423.0
2026-08-17 23:20:00,0.1741,0.1741,0.174,0.1741,34903.6
2026-08-17 23:25:00,0.1742,0.1743,0.1741,0.1742,52440.6
2026-08-17 23:30:00,0.1742,0.1746,0.1741,0.1745,100025.9
2026-08-17 23:35:00,0.1745,0.1745,0.1742,0.1742,110700.7
2026-08-17 23:40:00,0.1742,0.1742,0.1738,0.1739,86806.5
2026-08-17 23:45:00,0.1738,0.1744,0.1738,0.1743,99633.2
2026-08-17 23:50:00,0.1743,0.1743,0.1741,0.1743,139589.9
2026-08-17 23:55:00,0.1742,0.1743,0.1741,0.1743,77552.0
2026-08-18 00:00:00,0.1743,0.1744,0.174,0.1743,166201.4
2026-08-18 00:05:00,0.1743,0.1743,0.1738,0.1739,321118.7
2026-08-18 00:10:00,0.174,0.1741,0.1739,0.174,666872.9
2026-08-18 00:15:00,0.1741,0.1742,0.174,0.1741,119859.5
2026-08-18 00:20:00,0.1741,0.1741,0.1739,0.174,57055.4
2026-08-18 00:25:00,0.174,0.1743,0.174,0.1743,69758.6
2026-08-18 00:30:00,0.1743,0.1745,0.1741,0.1744,271996.9
2026-08-18 00:35:00,0.1743,0.1744,0.1741,0.1741,169396.8
2026-08-18 00:40:00,0.1742,0.1744,0.174,0.1744,297982.3
2026-08-18 00:45:00,0.1745,0.1746,0.1744,0.1746,250056.6
2026-08-18 00:50:00,0.1745,0.1748,0.1745,0.1747,153337.4
2026-08-18 00:55:00,0.1747,0.1749,0.1744,0.1744,210215.1
2026-08-18 01:00:00,0.1744,0.1747,0.1744,0.1746,294622.2
2026-08-18 01:05:00,0.1746,0.1746,0.1744,0.1744,57659.6
2026-08-18 01:10:00,0.1744,0.1746,0.1743,0.1745,140932.1
2026-08-18 01:15:00,0.1744,0.1746,0.174,0.1741,105116.9
2026-08-18 01:20:00,0.1741,0.1742,0.1739,0.174,105349.0
2026-08-18 01:25:00,0.1739,0.1739,0.1738,0.1738,76775.2
2026-08-18 01:30:00,0.1738,0.1739,0.1737,0.1738,100338.3
2026-08-18 01:35:00,0.1739,0.1739,0.1738,0.1738,181706.9
2026-08-18 01:40:00,0.1738,0.174,0.1738,0.174,140569.3
2026-08-18 01:45:00,0.1739,0.1739,0.1735,0.1735,60718.6
2026-08-18 01:50:00,0.1735,0.1735,0.1731,0.1732,256782.3
2026-08-18 01:55:00,0.1732,0.1733,0.173,0.1732,123915.6
2026-08-18 02:00:00,0.1733,0.1733,0.173,0.173,142129.1
2026-08-18 02:05:00,0.173,0.1734,0.173,0.173,309363.2
2026-08-18 02:10:00,0.173,0.1731,0.1726,0.1727,292972.2
2026-08-18 02:15:00,0.1727,0.1728,0.1726,0.1728,221741.2
2026-08-18 02:20:00,0.1728,0.173,0.1728,0.1729,35324.9
2026-08-18 02:25:00,0.1728,0.1729,0.1725,0.1726,57791.0
2026-08-18 02:30:00,0.1725,0.1725,0.1718,0.1718,977806.0
2026-08-18 02:35:00,0.1719,0.1724,0.1715,0.1721,892059.8
2026-08-18 02:40:00,0.1721,0.1722,0.1715,0.1717,736248.0
2026-08-18 02:45:00,0.1716,0.172,0.1714,0.1719,423960.8
2026-08-18 02:50:00,0.1719,0.1721,0.1719,0.1721,80061.7
2026-08-18 02:55:00,0.1721,0.1721,0.1712,0.1719,434908.5
2026-08-18 03:00:00,0.1719,0.1722,0.1718,0.172,190658.2
2026-08-18 03:05:00,0.172,0.1724,0.172,0.1722,56583.5
2026-08-18 03:10:00,0.1722,0.1725,0.1722,0.1724,45745.5
2026-08-18 03:15:00,0.1724,0.1727,0.172,0.1725,485325.5
2026-08-18 03:20:00,0.1725,0.1725,0.1722,0.1724,114413.0
2026-08-18 03:25:00,0.1724,0.1724,0.1721,0.1722,189030.9
2026-08-18 03:30:00,0.1723,0.1723,0.1716,0.1719,115516.6
2026-08-18 03:35:00,0.1719,0.1723,0.1718,0.1723,310194.4
2026-08-18 03:40:00,0.1724,0.1725,0.1723,0.1724,75747.4
2026-08-18 03:45:00,0.1724,0.1724,0.1722,0.1723,195865.6
2026-08-18 03:50:00,0.1723,0.1723,0.1722,0.1722,42909.8
2026-08-18 03:55:00,0.1723,0.1725,0.1723,0.1725,176139.7
2026-08-18 04:00:00,0.1725,0.1725,0.1723,0.1724,77594.9
2026-08-18 04:05:00,0.1724,0.1729,0.1723,0.1727,253061.4
2026-08-18 04:10:00,0.1728,0.1732,0.1726,0.173,216608.6
2026-08-18 04:15:00,0.1731,0.1733,0.173,0.173,776514.6
2026-08-18 04:20:00,0.1731,0.1738,0.1731,0.1738,489422.7
2026-08-18 04:25:00,0.1737,0.1742,0.1735,0.1742,402385.7
2026-08-18 04:30:00,0.1742,0.1747,0.1741,0.1745,399948.7
2026-08-18 04:35:00,0.1745,0.1745,0.1738,0.1738,184784.3
2026-08-18 04:40:00,0.1737,0.1739,0.1736,0.1737,104296.1
2026-08-18 04:45:00,0.1738,0.1739,0.1737,0.1738,20805.5
2026-08-18 04:50:00,0.1738,0.1742,0.1738,0.1739,193474.1
2026-08-18 04:55:00,0.1739,0.1741,0.1738,0.1739,107026.4
2026-08-18 05:00:00,0.1739,0.174,0.1738,0.174,233598.4
2026-08-18 05:05:00,0.174,0.174,0.1738,0.174,151483.2
2026-08-18 05:10:00,0.1741,0.1743,0.174,0.1741,182745.3
2026-08-18 05:15:00,0.1741,0.1742,0.174,0.174,107659.8
2026-08-18 05:20:00,0.174,0.174,0.1734,0.1734,266134.1
2026-08-18 05:25:00,0.1734,0.1734,0.1732,0.1733,155078.9
2026-08-18 05:30:00,0.1733,0.1733,0.1728,0.1729,164458.4
2026-08-18 05:35:00,0.1729,0.1731,0.1727,0.173,188203.0
2026-08-18 05:40:00,0.173,0.1734,0.173,0.1734,28880.0
2026-08-18 05:45:00,0.1734,0.1734,0.173,0.1731,112935.5
2026-08-18 05:50:00,0.1732,0.1734,0.173,0.1733,374604.6
2026-08-18 05:55:00,0.1733,0.1733,0.173,0.1731,51723.2
2026-08-18 06:00:00,0.1731,0.1731,0.1728,0.1728,189845.3
2026-08-18 06:05:00,0.1729,0.1733,0.1729,0.1733,146316.0
2026-08-18 06:10:00,0.1733,0.1736,0.1732,0.1736,143066.1
2026-08-18 06:15:00,0.1736,0.1736,0.1735,0.1735,125176.2
2026-08-18 06:20:00,0.1736,0.1741,0.1736,0.174,212619.5
2026-08-18 06:25:00,0.174,0.1741,0.1738,0.1739,172222.4
2026-08-18 06:30:00,0.1739,0.174,0.1737,0.1737,124308.0
2026-08-18 06:35:00,0.1737,0.1738,0.1736,0.1736,54906.9
2026-08-18 06:40:00,0.1736,0.1736,0.1734,0.1735,38603.7
2026-08-18 06:45:00,0.1735,0.1735,0.1734,0.1735,27314.2
2026-08-18 06:50:00,0.1734,0.1737,0.1733,0.1734,316485.0
2026-08-18 06:55:00,0.1734,0.1734,0.1733,0.1734,106315.1
2026-08-18 07:00:00,0.1735,0.1737,0.1733,0.1735,45916.8
2026-08-18 07:05:00,0.1736,0.1737,0.1733,0.1735,133275.7
2026-08-18 07:10:00,0.1736,0.1738,0.1735,0.1738,68932.0
2026-08-18 07:15:00,0.1738,0.1738,0.1737,0.1737,37779.4
2026-08-18 07:20:00,0.1737,0.1737,0.1735,0.1735,20076.6
2026-08-18 07:25:00,0.1734,0.1735,0.1732,0.1732,23770.7
2026-08-18 07:30:00,0.1733,0.1734,0.1732,0.1732,43146.6
2026-08-18 07:35:00,0.1733,0.1733,0.1732,0.1733,103640.0
2026-08-18 07:40:00,0.1732,0.1733,0.1731,0.1732,98801.1
2026-08-18 07:45:00,0.1732,0.1734,0.1731,0.1731,15249.1
2026-08-18 07:50:00,0.1731,0.1733,0.1731,0.1732,125366.4
2026-08-18 07:55:00,0.1732,0.1735,0.1731,0.1735,59971.7
2026-08-18 08:00:00,0.1736,0.1736,0.1728,0.1729,846402.6
2026-08-18 08:05:00,0.1728,0.1728,0.1726,0.1727,183454.7
2026-08-18 08:10:00,0.1727,0.1729,0.1726,0.1726,68804.2
2026-08-18 08:15:00,0.1727,0.1728,0.1725,0.1727,102247.7
2026-08-18 08:20:00,0.1727,0.1728,0.1725,0.1725,157720.3
2026-08-18 08:25:00,0.1725,0.1727,0.1725,0.1727,42487.8
2026-08-18 08:30:00,0.1727,0.1728,0.1727,0.1727,25346.0
2026-08-18 08:35:00,0.1728,0.1732,0.1727,0.1731,133305.3
2026-08-18 08:40:00,0.1731,0.1732,0.1731,0.1732,17127.5
2026-08-18 08:45:00,0.1731,0.1733,0.173,0.1731,69209.7
2026-08-18 08:50:00,0.1731,0.1732,0.173,0.173,58901.9
2026-08-18 08:55:00,0.173,0.173,0.1729,0.173,41773.4
2026-08-18 09:00:00,0.1729,0.1731,0.1729,0.1731,54137.7
2026-08-18 09:05:00,0.1731,0.1733,0.1731,0.1733,84777.2
2026-08-18 09:10:00,0.1732,0.1734,0.1732,0.1732,46435.6
2026-08-18 09:15:00,0.1732,0.1733,0.173,0.1731,228459.9
2026-08-18 09:20:00,0.1731,0.1731,0.1729,0.173,39218.4
2026-08-18 09:25:00,0.1729,0.1729,0.1726,0.1727,131937.9
2026-08-18 09:30:00,0.1728,0.1731,0.1728,0.173,86198.2
2026-08-18 09:35:00,0.173,0.1731,0.1728,0.173,498154.6
2026-08-18 09:40:00,0.173,0.1731,0.1729,0.1731,43748.4
2026-08-18 09:45:00,0.1731,0.1732,0.173,0.1732,133237.4
2026-08-18 09:50:00,0.1731,0.1733,0.173,0.1733,51193.2
2026-08-18 09:55:00,0.1733,0.1734,0.1731,0.1732,161207.6
2026-08-18 10:00:00,0.1732,0.1735,0.1731,0.1735,286679.4
2026-08-18 10:05:00,0.1735,0.1735,0.1733,0.1734,158440.6
2026-08-18 10:10:00,0.1734,0.1734,0.1732,0.1733,104723.2
2026-08-18 10:15:00,0.1733,0.1738,0.1732,0.1737,148531.6
2026-08-18 10:20:00,0.1737,0.1738,0.1734,0.1734,115811.0
2026-08-18 10:25:00,0.1734,0.1735,0.1732,0.1733,32115.5
2026-08-18 10:30:00,0.1733,0.1737,0.1733,0.1737,96662.6
2026-08-18 10:35:00,0.1737,0.1737,0.1735,0.1735,38801.8
2026-08-18 10:40:00,0.1735,0.1735,0.1733,0.1734,25977.6
2026-08-18 10:45:00,0.1733,0.1734,0.1733,0.1733,43324.6
2026-08-18 10:50:00,0.1733,0.1735,0.1733,0.1734,47974.3
2026-08-18 10:55:00,0.1734,0.1735,0.1733,0.1733,97012.9
2026-08-18 11:00:00,0.1734,0.1739,0.1734,0.1737,370511.0
2026-08-18 11:05:00,0.1736,0.1737,0.1735,0.1736,163217.3
2026-08-18 11:10:00,0.1735,0.1736,0.1734,0.1735,130863.9
2026-08-18 11:15:00,0.1735,0.1735,0.173,0.1731,356028.4
2026-08-18 11:20:00,0.1731,0.1736,0.1731,0.1736,182882.3
2026-08-18 11:25:00,0.1736,0.1736,0.1733,0.1734,28483.9
2026-08-18 11:30:00,0.1733,0.1735,0.1733,0.1734,173610.2
2026-08-18 11:35:00,0.1734,0.1736,0.1734,0.1736,30390.6
2026-08-18 11:40:00,0.1737,0.1739,0.1737,0.1739,41965.7
2026-08-18 11:45:00,0.1739,0.1742,0.1738,0.1738,192090.8
2026-08-18 11:50:00,0.1739,0.174,0.1738,0.174,106920.8
2026-08-18 11:55:00,0.174,0.174,0.1737,0.1737,255466.8
2026-08-18 12:00:00,0.1738,0.1738,0.1736,0.1737,31066.6
2026-08-18 12:05:00,0.1737,0.1738,0.1736,0.1736,25786.8
2026-08-18 12:10:00,0.1736,0.1736,0.1733,0.1733,80729.1
2026-08-18 12:15:00,0.1733,0.1734,0.1732,0.1732,48174.9
2026-08-18 12:20:00,0.1733,0.1736,0.1733,0.1733,73175.7
2026-08-18 12:25:00,0.1733,0.1739,0.1733,0.1738,1124317.7
2026-08-18 12:30:00,0.1738,0.1742,0.1737,0.174,249159.5
2026-08-18 12:35:00,0.174,0.1742,0.174,0.1741,67783.6
2026-08-18 12:40:00,0.1742,0.1743,0.174,0.174,34527.6
2026-08-18 12:45:00,0.1741,0.1741,0.1738,0.1739,186017.6
2026-08-18 12:50:00,0.174,0.1741,0.1738,0.1739,58590.8
2026-08-18 12:55:00,0.174,0.1744,0.1739,0.174,699652.1
2026-08-18 13:00:00,0.174,0.1743,0.1738,0.1743,179163.7
2026-08-18 13:05:00,0.1743,0.1747,0.1743,0.1746,184332.7
2026-08-18 13:10:00,0.1746,0.1747,0.1743,0.1745,218506.4
2026-08-18 13:15:00,0.1745,0.1745,0.1742,0.1744,119433.1
2026-08-18 13:20:00,0.1743,0.1746,0.1743,0.1745,477900.1
2026-08-18 13:25:00,0.1745,0.1746,0.1743,0.1743,57332.3
2026-08-18 13:30:00,0.1744,0.1748,0.1743,0.1744,503183.1
2026-08-18 13:35:00,0.1744,0.1749,0.1743,0.1749,167554.4
2026-08-18 13:40:00,0.175,0.1752,0.1749,0.175,301835.7
2026-08-18 13:45:00,0.1751,0.1751,0.1748,0.175,214074.4
2026-08-18 13:50:00,0.1749,0.1751,0.1741,0.1741,152289.9
2026-08-18 13:55:00,0.1742,0.1746,0.174,0.1745,250589.3
2026-08-18 14:00:00,0.1746,0.1751,0.1745,0.1751,155007.2
2026-08-18 14:05:00,0.1752,0.1754,0.1748,0.1748,539113.4
2026-08-18 14:10:00,0.1747,0.1749,0.1737,0.174,783385.3
2026-08-18 14:15:00,0.174,0.1745,0.174,0.1744,405981.1
2026-08-18 14:20:00,0.1745,0.1751,0.1742,0.1751,720169.8
2026-08-18 14:25:00,0.175,0.1769,0.175,0.1764,1220693.1
2026-08-18 14:30:00,0.1764,0.177,0.1761,0.1769,654244.8
2026-08-18 14:35:00,0.1769,0.1769,0.1764,0.1764,639305.7
2026-08-18 14:40:00,0.1764,0.1765,0.1758,0.176,624765.3
2026-08-18 14:45:00,0.176,0.1766,0.1759,0.1765,652369.4
2026-08-18 14:50:00,0.1764,0.1764,0.1754,0.176,1702387.6
2026-08-18 14:55:00,0.1759,0.1761,0.1754,0.1756,251223.8
2026-08-18 15:00:00,0.1757,0.176,0.1756,0.1757,155142.7
2026-08-18 15:05:00,0.1756,0.1758,0.1752,0.1753,186318.9
2026-08-18 15:10:00,0.1753,0.1757,0.1751,0.1753,272458.4
2026-08-18 15:15:00,0.1753,0.1756,0.1751,0.1752,96289.5
2026-08-18 15:20:00,0.1752,0.1755,0.175,0.1751,182598.4
2026-08-18 15:25:00,0.1751,0.1758,0.1751,0.1756,72676.6
2026-08-18 15:30:00,0.1757,0.1758,0.1754,0.1756,193297.4
2026-08-18 15:35:00,0.1757,0.1758,0.1754,0.1756,209184.4
2026-08-18 15:40:00,0.1756,0.1758,0.1754,0.1756,179347.9
2026-08-18 15:45:00,0.1756,0.1759,0.1754,0.1757,188989.3
2026-08-18 15:50:00,0.1756,0.1758,0.1754,0.1758,208237.0
2026-08-18 15:55:00,0.1757,0.1757,0.1754,0.1757,112338.7
2026-08-18 16:00:00,0.1757,0.1758,0.1754,0.1754,408957.4
2026-08-18 16:05:00,0.1754,0.1756,0.1751,0.1751,84035.6
2026-08-18 16:10:00,0.1751,0.1756,0.175,0.1756,447076.7
2026-08-18 16:15:00,0.1756,0.1758,0.175,0.1754,344198.5
2026-08-18 16:20:00,0.1754,0.1756,0.1751,0.1756,456966.1
2026-08-18 16:25:00,0.1756,0.1757,0.1754,0.1756,101833.4
2026-08-18 16:30:00,0.1756,0.1757,0.1752,0.1753,92152.8
2026-08-18 16:35:00,0.1753,0.1755,0.1752,0.1754,157346.2
2026-08-18 16:40:00,0.1753,0.1754,0.175,0.1751,69114.6
2026-08-18 16:45:00,0.1751,0.1751,0.1748,0.1749,153762.6
2026-08-18 16:50:00,0.1748,0.1749,0.1746,0.1746,101351.6
2026-08-18 16:55:00,0.1746,0.1748,0.1746,0.1747,92436.7
2026-08-18 17:00:00,0.1747,0.1747,0.1743,0.1745,233468.0
2026-08-18 17:05:00,0.1745,0.1746,0.1742,0.1743,87924.7
2026-08-18 17:10:00,0.1742,0.1744,0.1741,0.1744,41483.2
2026-08-18 17:15:00,0.1744,0.1745,0.1741,0.1744,177488.0
2026-08-18 17:20:00,0.1745,0.1746,0.1742,0.1742,154946.6
2026-08-18 17:25:00,0.1743,0.1745,0.1742,0.1744,180101.9
2026-08-18 17:30:00,0.1744,0.1745,0.1742,0.1743,435335.1
2026-08-18 17:35:00,0.1743,0.1745,0.1742,0.1745,106829.2
2026-08-18 17:40:00,0.1744,0.1745,0.1743,0.1743,61950.8
2026-08-18 17:45:00,0.1744,0.1745,0.1742,0.1743,367268.5
2026-08-18 17:50:00,0.1744,0.1745,0.1743,0.1744,59585.3
2026-08-18 17:55:00,0.1743,0.1744,0.1742,0.1743,70173.5
2026-08-18 18:00:00,0.1743,0.1744,0.1742,0.1742,67234.6
2026-08-18 18:05:00,0.1743,0.1743,0.1742,0.1742,30440.5
2026-08-18 18:10:00,0.1742,0.1742,0.1741,0.1742,46098.7
2026-08-18 18:15:00,0.1743,0.1744,0.1742,0.1744,168887.6
2026-08-18 18:20:00,0.1744,0.1745,0.1743,0.1743,468216.1
2026-08-18 18:25:00,0.1742,0.1744,0.1742,0.1744,127872.2
2026-08-18 18:30:00,0.1743,0.1745,0.1743,0.1745,48489.8
2026-08-18 18:35:00,0.1744,0.1746,0.1742,0.1746,194794.1
2026-08-18 18:40:00,0.1745,0.1746,0.1742,0.1743,122578.2
2026-08-18 18:45:00,0.1742,0.1743,0.1741,0.1743,52986.9
2026-08-18 18:50:00,0.1742,0.1743,0.1741,0.1742,86052.6
2026-08-18 18:55:00,0.1743,0.1744,0.1743,0.1743,107056.0
2026-08-18 19:00:00,0.1744,0.1745,0.1744,0.1745,84676.8
2026-08-18 19:05:00,0.1745,0.1746,0.1741,0.1741,69861.2
2026-08-18 19:10:00,0.1742,0.1742,0.174,0.1741,134395.9
2026-08-18 19:15:00,0.1742,0.1745,0.1741,0.1743,214774.0
2026-08-18 19:20:00,0.1743,0.1745,0.1743,0.1744,26018.0
2026-08-18 19:25:00,0.1745,0.1746,0.1744,0.1746,107445.9
2026-08-18 19:30:00,0.1746,0.1747,0.1745,0.1745,35346.2
2026-08-18 19:35:00,0.1745,0.1746,0.1743,0.1744,120635.0
2026-08-18 19:40:00,0.1744,0.1744,0.1742,0.1743,164846.3
2026-08-18 19:45:00,0.1742,0.1742,0.1737,0.1737,140453.0
2026-08-18 19:50:00,0.1738,0.1738,0.1733,0.1735,687581.6
2026-08-18 19:55:00,0.1735,0.1735,0.1733,0.1734,123600.2
2026-08-18 20:00:00,0.1735,0.1736,0.1733,0.1734,276132.1
2026-08-18 20:05:00,0.1733,0.1736,0.1733,0.1736,62148.9
2026-08-18 20:10:00,0.1736,0.1738,0.1735,0.1737,65358.2
2026-08-18 20:15:00,0.1736,0.1737,0.1734,0.1734,33883.4
2026-08-18 20:20:00,0.1734,0.1734,0.1731,0.1733,195431.0
2026-08-18 20:25:00,0.1732,0.1733,0.1728,0.173,251958.9
2026-08-18 20:30:00,0.173,0.1731,0.1729,0.173,157468.0
2026-08-18 20:35:00,0.173,0.1732,0.173,0.1732,250521.8
2026-08-18 20:40:00,0.1731,0.1731,0.1728,0.173,130914.3
2026-08-18 20:45:00,0.1729,0.1732,0.1728,0.1728,162893.8
2026-08-18 20:50:00,0.1729,0.1732,0.1728,0.173,306564.7
2026-08-18 20:55:00,0.1731,0.1731,0.1729,0.1729,95830.2
2026-08-18 21:00:00,0.1728,0.1732,0.1728,0.1731,127499.2
2026-08-18 21:05:00,0.1732,0.1733,0.1731,0.1733,325531.9
2026-08-18 21:10:00,0.1733,0.1737,0.1733,0.1734,132329.0
2026-08-18 21:15:00,0.1735,0.1735,0.1732,0.1732,59263.9
2026-08-18 21:20:00,0.1732,0.1733,0.1731,0.1731,110092.8
2026-08-18 21:25:00,0.1731,0.1732,0.173,0.1731,19581.0
2026-08-18 21:30:00,0.173,0.1731,0.173,0.1731,9418.6
2026-08-18 21:35:00,0.1731,0.1731,0.1728,0.1729,222791.2
2026-08-18 21:40:00,0.173,0.1732,0.1728,0.1731,93773.5
2026-08-18 21:45:00,0.173,0.1731,0.173,0.173,15262.5
2026-08-18 21:50:00,0.173,0.1731,0.1729,0.1729,25889.1
2026-08-18 21:55:00,0.1729,0.173,0.1728,0.1729,23792.3
2026-08-18 22:00:00,0.1729,0.173,0.1727,0.173,179919.4
2026-08-18 22:05:00,0.1729,0.1731,0.1729,0.1731,57988.2
2026-08-18 22:10:00,0.1732,0.1734,0.1731,0.1731,128430.3
2026-08-18 22:15:00,0.1731,0.1731,0.173,0.1731,8332.8
2026-08-18 22:20:00,0.1731,0.1732,0.173,0.1731,65562.5
2026-08-18 22:25:00,0.173,0.1731,0.1729,0.1731,115916.6
2026-08-18 22:30:00,0.1731,0.1731,0.1729,0.1731,106608.1
2026-08-18 22:35:00,0.1732,0.1733,0.1729,0.1733,195369.6
2026-08-18 22:40:00,0.1732,0.1733,0.173,0.173,96588.4
2026-08-18 22:45:00,0.1731,0.1731,0.173,0.173,91860.0
2026-08-18 22:50:00,0.173,0.1731,0.1728,0.1729,459001.4
2026-08-18 22:55:00,0.1728,0.173,0.1728,0.1729,182387.9
2026-08-18 23:00:00,0.1729,0.1731,0.1728,0.1731,66198.3
2026-08-18 23:05:00,0.173,0.1732,0.1729,0.173,165052.1
2026-08-18 23:10:00,0.173,0.1739,0.173,0.1739,493052.1
2026-08-18 23:15:00,0.1738,0.1742,0.1737,0.1742,268103.3
2026-08-18 23:20:00,0.1742,0.1747,0.1741,0.1743,557815.1
2026-08-18 23:25:00,0.1743,0.1744,0.1739,0.174,68400.1
2026-08-18 23:30:00,0.174,0.1746,0.174,0.1745,141238.1
2026-08-18 23:35:00,0.1746,0.1747,0.1746,0.1746,77059.6
2026-08-18 23:40:00,0.1745,0.1746,0.1744,0.1746,177995.7
2026-08-18 23:45:00,0.1745,0.1747,0.1745,0.1746,94891.3
2026-08-18 23:50:00,0.1746,0.1748,0.1743,0.1743,347636.9
2026-08-18 23:55:00,0.1742,0.1746,0.1742,0.1746,97291.3
2026-08-19 00:00:00,0.1746,0.1747,0.1742,0.1743,464597.0
2026-08-19 00:05:00,0.1743,0.1745,0.1741,0.1745,295666.1
2026-08-19 00:10:00,0.1745,0.1745,0.1736,0.1736,229439.9
2026-08-19 00:15:00,0.1736,0.1739,0.1733,0.1739,152579.2
2026-08-19 00:20:00,0.1738,0.174,0.1736,0.1736,213881.0
2026-08-19 00:25:00,0.1735,0.1736,0.1733,0.1734,47988.3
2026-08-19 00:30:00,0.1735,0.1739,0.1735,0.1739,48460.0
2026-08-19 00:35:00,0.1739,0.1742,0.1738,0.1742,55344.3
2026-08-19 00:40:00,0.1742,0.1742,0.1739,0.1741,85616.9
2026-08-19 00:45:00,0.174,0.1742,0.1739,0.1742,23231.5
2026-08-19 00:50:00,0.1741,0.1742,0.174,0.1741,35004.5
2026-08-19 00:55:00,0.1741,0.1742,0.1738,0.1738,52352.0
2026-08-19 01:00:00,0.1738,0.1739,0.1736,0.1737,215328.5
2026-08-19 01:05:00,0.1738,0.1742,0.1736,0.1742,92723.4
2026-08-19 01:10:00,0.1742,0.1743,0.1739,0.1742,237206.1
2026-08-19 01:15:00,0.1741,0.1742,0.1737,0.1739,146348.3
2026-08-19 01:20:00,0.174,0.1741,0.1739,0.1739,72997.8
2026-08-19 01:25:00,0.1738,0.1742,0.1737,0.174,102170.4
2026-08-19 01:30:00,0.1741,0.1744,0.174,0.1743,218485.9
2026-08-19 01:35:00,0.1743,0.1743,0.174,0.1742,212238.4
2026-08-19 01:40:00,0.1743,0.1743,0.1741,0.1743,120985.1
2026-08-19 01:45:00,0.1743,0.1744,0.1742,0.1743,33076.1
2026-08-19 01:50:00,0.1742,0.1745,0.1742,0.1744,95802.2
2026-08-19 01:55:00,0.1743,0.1744,0.1737,0.1738,108028.6
2026-08-19 02:00:00,0.1738,0.1739,0.1735,0.1736,512436.2
2026-08-19 02:05:00,0.1736,0.1737,0.1735,0.1735,101132.2
2026-08-19 02:10:00,0.1736,0.1738,0.1736,0.1737,48630.3
2026-08-19 02:15:00,0.1738,0.174,0.1737,0.1737,103402.9
2026-08-19 02:20:00,0.1737,0.174,0.1737,0.174,139521.2
2026-08-19 02:25:00,0.174,0.1743,0.174,0.174,108952.2
2026-08-19 02:30:00,0.174,0.1741,0.1738,0.1739,43897.7
2026-08-19 02:35:00,0.1739,0.1742,0.1739,0.1741,94053.0
2026-08-19 02:40:00,0.1741,0.1742,0.1739,0.1739,42230.6
2026-08-19 02:45:00,0.1738,0.1743,0.1738,0.174,131252.5
2026-08-19 02:50:00,0.1741,0.1741,0.1737,0.1738,64759.0
2026-08-19 02:55:00,0.1738,0.1742,0.1738,0.1741,322429.9
2026-08-19 03:00:00,0.1741,0.1741,0.1739,0.1739,21625.3
2026-08-19 03:05:00,0.1739,0.1739,0.1737,0.1738,147700.4
2026-08-19 03:10:00,0.1739,0.1745,0.1738,0.1745,176764.3
2026-08-19 03:15:00,0.1745,0.1749,0.1744,0.1749,263979.0
2026-08-19 03:20:00,0.1749,0.1751,0.1746,0.1747,262046.6
2026-08-19 03:25:00,0.1747,0.1749,0.1747,0.1749,41138.0
2026-08-19 03:30:00,0.1748,0.1753,0.1748,0.1751,225534.4
2026-08-19 03:35:00,0.1751,0.1753,0.175,0.1753,138128.1
2026-08-19 03:40:00,0.1753,0.1754,0.1751,0.1751,62586.5
2026-08-19 03:45:00,0.1751,0.1752,0.1749,0.175,181713.7
2026-08-19 03:50:00,0.1751,0.1751,0.1748,0.1751,319222.2
2026-08-19 03:55:00,0.1751,0.1753,0.175,0.1753,177461.0
2026-08-19 04:00:00,0.1753,0.1754,0.1752,0.1753,145615.6
2026-08-19 04:05:00,0.1752,0.1752,0.175,0.175,134835.9
2026-08-19 04:10:00,0.175,0.1752,0.1748,0.1752,360726.4
2026-08-19 04:15:00,0.1751,0.1753,0.1751,0.1753,31728.5
2026-08-19 04:20:00,0.1753,0.1755,0.1751,0.1752,278460.4
2026-08-19 04:25:00,0.1753,0.1753,0.1747,0.1748,1098314.3
2026-08-19 04:30:00,0.1748,0.1749,0.1747,0.1749,110426.5
2026-08-19 04:35:00,0.1748,0.1748,0.1745,0.1746,288572.0
2026-08-19 04:40:00,0.1746,0.1748,0.1745,0.1746,146739.4
2026-08-19 04:45:00,0.1746,0.1747,0.1745,0.1746,51763.2
2026-08-19 04:50:00,0.1747,0.1747,0.1742,0.1744,213278.6
2026-08-19 04:55:00,0.1743,0.1743,0.1742,0.1742,49136.4
2026-08-19 05:00:00,0.1742,0.1746,0.1742,0.1746,82701.7
2026-08-19 05:05:00,0.1746,0.175,0.1746,0.175,290004.6
2026-08-19 05:10:00,0.1749,0.1754,0.1749,0.1752,743643.9
2026-08-19 05:15:00,0.1752,0.1752,0.1748,0.1748,144019.7
2026-08-19 05:20:00,0.1749,0.1751,0.1748,0.175,85341.8
2026-08-19 05:25:00,0.175,0.1751,0.1749,0.175,95719.4
2026-08-19 05:30:00,0.1751,0.1753,0.175,0.1753,68665.4
2026-08-19 05:35:00,0.1753,0.1756,0.1752,0.1755,288397.1
2026-08-19 05:40:00,0.1756,0.1756,0.1753,0.1753,44692.3
2026-08-19 05:45:00,0.1753,0.1755,0.1752,0.1754,321543.8
2026-08-19 05:50:00,0.1755,0.1756,0.1753,0.1753,140534.4
2026-08-19 05:55:00,0.1754,0.1756,0.1753,0.1755,227138.0
2026-08-19 06:00:00,0.1754,0.1757,0.1753,0.1753,182759.0
2026-08-19 06:05:00,0.1753,0.1754,0.1748,0.1749,117464.8
2026-08-19 06:10:00,0.1749,0.1752,0.1748,0.1752,85798.5
2026-08-19 06:15:00,0.1752,0.1757,0.1752,0.1757,90782.9
2026-08-19 06:20:00,0.1757,0.1758,0.1754,0.1758,327323.7
2026-08-19 06:25:00,0.1759,0.1759,0.1753,0.1755,367836.2
2026-08-19 06:30:00,0.1756,0.1757,0.1755,0.1756,207058.4
2026-08-19 06:35:00,0.1756,0.1761,0.1755,0.176,601275.2
2026-08-19 06:40:00,0.176,0.176,0.1754,0.1755,692919.8
2026-08-19 06:45:00,0.1755,0.176,0.1755,0.1758,305752.0
2026-08-19 06:50:00,0.1758,0.1762,0.1758,0.1761,341160.8
2026-08-19 06:55:00,0.1761,0.1761,0.1758,0.176,201756.1
2026-08-19 07:00:00,0.176,0.1763,0.1758,0.1758,307737.5
2026-08-19 07:05:00,0.1758,0.1758,0.1757,0.1758,174902.2
2026-08-19 07:10:00,0.1759,0.176,0.1758,0.1759,199634.3
2026-08-19 07:15:00,0.176,0.176,0.1755,0.1756,62857.8
2026-08-19 07:20:00,0.1755,0.1757,0.1753,0.1757,367997.0
2026-08-19 07:25:00,0.1756,0.1757,0.1754,0.1756,104379.2
2026-08-19 07:30:00,0.1756,0.176,0.1755,0.1758,229659.7
2026-08-19 07:35:00,0.1757,0.1758,0.1756,0.1757,196041.4
2026-08-19 07:40:00,0.1756,0.1757,0.1751,0.1752,344007.0
2026-08-19 07:45:00,0.1751,0.1756,0.1751,0.1756,183863.1
2026-08-19 07:50:00,0.1756,0.1756,0.1752,0.1752,137687.2
2026-08-19 07:55:00,0.1752,0.1754,0.1751,0.1754,246627.3
2026-08-19 08:00:00,0.1754,0.1754,0.1752,0.1753,162465.6
2026-08-19 08:05:00,0.1753,0.1755,0.1753,0.1755,224080.8
2026-08-19 08:10:00,0.1754,0.1754,0.1751,0.1752,55462.4
2026-08-19 08:15:00,0.1752,0.1753,0.175,0.1752,104912.0
2026-08-19 08:20:00,0.1753,0.1753,0.1752,0.1753,13447.9
2026-08-19 08:25:00,0.1753,0.1758,0.1753,0.1757,97330.6
2026-08-19 08:30:00,0.1757,0.1758,0.1754,0.1754,258973.5
2026-08-19 08:35:00,0.1754,0.1758,0.1753,0.1753,283289.9
2026-08-19 08:40:00,0.1753,0.1753,0.1751,0.1751,286699.2
2026-08-19 08:45:00,0.1751,0.1752,0.175,0.1752,106083.3
2026-08-19 08:50:00,0.1752,0.1752,0.1747,0.1748,341384.0
2026-08-19 08:55:00,0.1749,0.175,0.1748,0.1748,54684.3
2026-08-19 09:00:00,0.1748,0.1751,0.1748,0.175,174922.2
2026-08-19 09:05:00,0.1749,0.1749,0.1742,0.1743,987942.9
2026-08-19 09:10:00,0.1743,0.1744,0.1741,0.1742,204080.6
2026-08-19 09:15:00,0.1742,0.1745,0.1741,0.1743,90201.3
2026-08-19 09:20:00,0.1744,0.1745,0.1743,0.1743,174029.9
2026-08-19 09:25:00,0.1744,0.1744,0.1742,0.1743,48923.2
2026-08-19 09:30:00,0.1742,0.1743,0.174,0.1742,171289.2
2026-08-19 09:35:00,0.1741,0.1742,0.1739,0.1739,124892.3
2026-08-19 09:40:00,0.1739,0.1739,0.1737,0.1738,131676.0
2026-08-19 09:45:00,0.1738,0.174,0.1737,0.174,51719.3
2026-08-19 09:50:00,0.1741,0.1742,0.174,0.1742,134247.7
2026-08-19 09:55:00,0.1742,0.1743,0.1741,0.1742,105100.3
2026-08-19 10:00:00,0.1743,0.1743,0.174,0.1741,319919.1
2026-08-19 10:05:00,0.1741,0.1742,0.174,0.1741,132231.5
2026-08-19 10:10:00,0.1741,0.1742,0.1741,0.1742,176879.1
2026-08-19 10:15:00,0.1742,0.1742,0.1737,0.1738,372439.8
2026-08-19 10:20:00,0.1739,0.174,0.1738,0.1739,157259.6
2026-08-19 10:25:00,0.1739,0.1741,0.1737,0.1738,261363.7
2026-08-19 10:30:00,0.1737,0.174,0.1737,0.1739,106857.3
2026-08-19 10:35:00,0.174,0.1741,0.1739,0.1741,48210.2
2026-08-19 10:40:00,0.174,0.174,0.1737,0.1739,123164.4
2026-08-19 10:45:00,0.1739,0.1741,0.1739,0.174,101368.0
2026-08-19 10:50:00,0.174,0.1743,0.174,0.1742,85094.2
2026-08-19 10:55:00,0.1743,0.1743,0.1742,0.1743,14815.5
2026-08-19 11:00:00,0.1742,0.1747,0.1742,0.1746,332465.2
2026-08-19 11:05:00,0.1747,0.1749,0.1746,0.1748,95396.8
2026-08-19 11:10:00,0.1749,0.175,0.1748,0.1748,273289.7
2026-08-19 11:15:00,0.1748,0.1751,0.1746,0.1749,813193.4
2026-08-19 11:20:00,0.175,0.1751,0.1748,0.1751,112803.4
2026-08-19 11:25:00,0.1751,0.1752,0.175,0.1751,83642.6
2026-08-19 11:30:00,0.1752,0.1752,0.1751,0.1751,13176.1
2026-08-19 11:35:00,0.1752,0.1752,0.1748,0.1749,335260.2
2026-08-19 11:40:00,0.175,0.175,0.1747,0.1747,212454.6
2026-08-19 11:45:00,0.1748,0.175,0.1748,0.175,140202.3
2026-08-19 11:50:00,0.175,0.1752,0.1749,0.175,570963.2
2026-08-19 11:55:00,0.175,0.175,0.1749,0.1749,169175.1
2026-08-19 12:00:00,0.175,0.175,0.1748,0.1748,253993.8
2026-08-19 12:05:00,0.1748,0.1748,0.1746,0.1747,144955.2
2026-08-19 12:10:00,0.1747,0.1748,0.1746,0.1747,146277.0
2026-08-19 12:15:00,0.1747,0.1748,0.1746,0.1746,143948.4
2026-08-19 12:20:00,0.1747,0.1748,0.1746,0.1747,56738.0
2026-08-19 12:25:00,0.1747,0.175,0.1747,0.175,41430.4
2026-08-19 12:30:00,0.175,0.1751,0.1748,0.175,363212.4
2026-08-19 12:35:00,0.175,0.1754,0.1746,0.1753,900916.1
2026-08-19 12:40:00,0.1753,0.1758,0.1753,0.1758,187789.2
2026-08-19 12:45:00,0.1757,0.1759,0.1756,0.1758,705339.9
2026-08-19 12:50:00,0.1759,0.1759,0.1753,0.1754,199102.9
2026-08-19 12:55:00,0.1754,0.1755,0.1754,0.1755,89547.0
2026-08-19 13:00:00,0.1755,0.1756,0.1752,0.1752,433739.6
2026-08-19 13:05:00,0.1752,0.1752,0.175,0.1752,176615.2
2026-08-19 13:10:00,0.1752,0.1753,0.1749,0.1749,196327.8
2026-08-19 13:15:00,0.1749,0.1751,0.1748,0.1751,97574.4
2026-08-19 13:20:00,0.1751,0.1751,0.1748,0.175,449569.4
2026-08-19 13:25:00,0.175,0.1752,0.175,0.1752,301565.3
2026-08-19 13:30:00,0.1752,0.1757,0.175,0.1751,464024.5
2026-08-19 13:35:00,0.1751,0.1751,0.174,0.1742,950867.0
2026-08-19 13:40:00,0.1742,0.1747,0.1742,0.1745,159408.5
2026-08-19 13:45:00,0.1744,0.1744,0.1741,0.1741,314572.4
2026-08-19 13:50:00,0.1741,0.1743,0.1738,0.1739,457644.9
2026-08-19 13:55:00,0.1739,0.1743,0.1739,0.1741,218179.4
2026-08-19 14:00:00,0.1742,0.1743,0.1739,0.1742,242130.9
2026-08-19 14:05:00,0.1742,0.1748,0.1742,0.1747,175055.5
2026-08-19 14:10:00,0.1748,0.175,0.1747,0.1749,187252.0
2026-08-19 14:15:00,0.1749,0.1749,0.174,0.1743,1062173.8
2026-08-19 14:20:00,0.1743,0.1745,0.1742,0.1744,135397.6
2026-08-19 14:25:00,0.1744,0.1744,0.1739,0.174,286810.7
2026-08-19 14:30:00,0.174,0.1744,0.1739,0.1742,143760.9
2026-08-19 14:35:00,0.1742,0.1749,0.1742,0.1748,240131.4
2026-08-19 14:40:00,0.1748,0.1752,0.1747,0.1752,318674.5
2026-08-19 14:45:00,0.1751,0.1754,0.175,0.1751,481678.3
2026-08-19 14:50:00,0.1752,0.1762,0.1752,0.1761,1580372.6
2026-08-19 14:55:00,0.1762,0.1769,0.1761,0.1765,1652783.0
2026-08-19 15:00:00,0.1766,0.1769,0.176,0.1768,2417042.7
2026-08-19 15:05:00,0.1769,0.1788,0.1768,0.1783,7703790.3
2026-08-19 15:10:00,0.1782,0.1784,0.1772,0.1773,2546865.9
2026-08-19 15:15:00,0.1773,0.1777,0.1768,0.1775,2906323.1
2026-08-19 15:20:00,0.1775,0.1788,0.1775,0.1786,1553998.3
2026-08-19 15:25:00,0.1786,0.1834,0.1784,0.1827,12848618.2
2026-08-19 15:30:00,0.1828,0.1829,0.1812,0.1817,4254208.6
2026-08-19 15:35:00,0.1817,0.1825,0.1812,0.1823,2667344.1
2026-08-19 15:40:00,0.1824,0.1827,0.1815,0.1817,1263858.9
2026-08-19 15:45:00,0.1817,0.1817,0.1799,0.1799,1739561.6
2026-08-19 15:50:00,0.18,0.1803,0.179,0.1791,2632996.4
2026-08-19 15:55:00,0.1791,0.1799,0.1791,0.1795,806461.5
2026-08-19 16:00:00,0.1796,0.1802,0.1786,0.1802,2818450.3
2026-08-19 16:05:00,0.1801,0.1809,0.1798,0.1808,2636095.0
2026-08-19 16:10:00,0.1808,0.1808,0.1802,0.1803,2135870.5
2026-08-19 16:15:00,0.1803,0.1814,0.1802,0.1813,1034578.6
2026-08-19 16:20:00,0.1812,0.1812,0.1802,0.1805,1614384.9
2026-08-19 16:25:00,0.1805,0.181,0.1802,0.1809,417808.5
2026-08-19 16:30:00,0.1809,0.1809,0.1803,0.1803,906162.5
2026-08-19 16:35:00,0.1803,0.1805,0.1798,0.1799,1047260.9
2026-08-19 16:40:00,0.1799,0.1802,0.1795,0.1796,801481.0
2026-08-19 16:45:00,0.1796,0.1796,0.1791,0.1792,1032664.1
2026-08-19 16:50:00,0.1792,0.1794,0.1788,0.1793,611679.9
2026-08-19 16:55:00,0.1794,0.1799,0.1792,0.1794,450587.3
2026-08-19 17:00:00,0.1794,0.1796,0.1791,0.1795,572168.2
2026-08-19 17:05:00,0.1795,0.1797,0.1791,0.1793,263695.2
2026-08-19 17:10:00,0.1794,0.1798,0.1791,0.1792,144392.2
2026-08-19 17:15:00,0.1793,0.1795,0.1782,0.1783,701560.7
2026-08-19 17:20:00,0.1784,0.1786,0.1783,0.1784,374567.4
2026-08-19 17:25:00,0.1784,0.179,0.1783,0.179,224154.0
2026-08-19 17:30:00,0.1791,0.1791,0.1779,0.1784,650812.5
2026-08-19 17:35:00,0.1784,0.1791,0.1783,0.1789,406113.6
2026-08-19 17:40:00,0.179,0.1794,0.1788,0.1793,300669.8
2026-08-19 17:45:00,0.1793,0.1801,0.1792,0.1799,427575.3
2026-08-19 17:50:00,0.1799,0.1802,0.1796,0.1797,426485.3
2026-08-19 17:55:00,0.1798,0.1801,0.1797,0.1799,444388.2
2026-08-19 18:00:00,0.1798,0.18,0.1795,0.18,444967.8
2026-08-19 18:05:00,0.18,0.1802,0.1787,0.179,710877.3
2026-08-19 18:10:00,0.179,0.1798,0.1787,0.1798,441806.2
2026-08-19 18:15:00,0.1797,0.18,0.1797,0.18,330569.8
2026-08-19 18:20:00,0.18,0.1801,0.1796,0.1796,347995.1
2026-08-19 18:25:00,0.1796,0.1805,0.1796,0.1803,991551.2
2026-08-19 18:30:00,0.1802,0.1803,0.1799,0.1802,389456.2
2026-08-19 18:35:00,0.1801,0.1802,0.1799,0.1799,347182.6
2026-08-19 18:40:00,0.1799,0.1806,0.1799,0.1804,330428.6
2026-08-19 18:45:00,0.1804,0.1805,0.1801,0.1803,217788.0
2026-08-19 18:50:00,0.1804,0.1804,0.1801,0.1802,128843.5
2026-08-19 18:55:00,0.1802,0.1802,0.18,0.1802,434334.7
2026-08-19 19:00:00,0.1801,0.1802,0.18,0.1801,59952.6
2026-08-19 19:05:00,0.1801,0.1804,0.1801,0.1804,467307.2
2026-08-19 19:10:00,0.1804,0.1807,0.1795,0.1796,738682.0
2026-08-19 19:15:00,0.1797,0.1806,0.1796,0.1804,110175.3
2026-08-19 19:20:00,0.1805,0.1809,0.1805,0.1809,370289.5
2026-08-19 19:25:00,0.181,0.1811,0.1803,0.1803,523182.6
2026-08-19 19:30:00,0.1803,0.1807,0.18,0.1807,218269.5
2026-08-19 19:35:00,0.1806,0.1809,0.1804,0.1806,416580.6
2026-08-19 19:40:00,0.1805,0.1807,0.1805,0.1807,162417.1
2026-08-19 19:45:00,0.1807,0.181,0.1806,0.181,178051.3
2026-08-19 19:50:00,0.1809,0.1812,0.1808,0.181,1285980.9
2026-08-19 19:55:00,0.1809,0.1813,0.1809,0.1813,475002.2
2026-08-19 20:00:00,0.1813,0.1816,0.1811,0.1812,683223.5
2026-08-19 20:05:00,0.1813,0.182,0.1811,0.1819,566712.4
2026-08-19 20:10:00,0.182,0.182,0.1815,0.1817,839110.4
2026-08-19 20:15:00,0.1817,0.1817,0.1812,0.1815,706633.0
2026-08-19 20:20:00,0.1815,0.1821,0.1811,0.182,1355584.7
2026-08-19 20:25:00,0.182,0.1826,0.1817,0.182,1345430.2
2026-08-19 20:30:00,0.182,0.1821,0.1817,0.1821,414372.6
2026-08-19 20:35:00,0.1821,0.1823,0.1818,0.1822,597093.5
2026-08-19 20:40:00,0.1823,0.1826,0.1817,0.1818,564234.7
2026-08-19 20:45:00,0.1818,0.1825,0.1817,0.1824,1357124.4
2026-08-19 20:50:00,0.1824,0.1857,0.1824,0.185,6066092.6
2026-08-19 20:55:00,0.1851,0.1855,0.1846,0.1851,700942.0
2026-08-19 21:00:00,0.1851,0.1869,0.1849,0.1868,1973674.0
2026-08-19 21:05:00,0.1868,0.1891,0.1866,0.1888,4735172.1
2026-08-19 21:10:00,0.1889,0.1896,0.1882,0.1896,3460698.7
2026-08-19 21:15:00,0.1896,0.19,0.1873,0.1891,3970803.4
2026-08-19 21:20:00,0.1891,0.1915,0.1891,0.1909,2169770.9
2026-08-19 21:25:00,0.191,0.1918,0.1909,0.1914,1229703.6
2026-08-19 21:30:00,0.1914,0.1923,0.19,0.1918,3274007.1
2026-08-19 21:35:00,0.1919,0.1919,0.1892,0.1893,1680091.8
2026-08-19 21:40:00,0.1893,0.1899,0.1889,0.1898,1643448.3
2026-08-19 21:45:00,0.1899,0.1911,0.1898,0.1907,1405973.6
2026-08-19 21:50:00,0.1907,0.1909,0.1899,0.1899,863692.3
2026-08-19 21:55:00,0.1899,0.1902,0.1893,0.1901,526743.3
2026-08-19 22:00:00,0.1902,0.1907,0.189,0.1906,1174497.7
2026-08-19 22:05:00,0.1907,0.191,0.1896,0.1897,1065973.3
2026-08-19 22:10:00,0.1897,0.1902,0.1893,0.1897,841760.1
2026-08-19 22:15:00,0.1896,0.1907,0.1896,0.1903,709840.8
2026-08-19 22:20:00,0.1903,0.1907,0.1899,0.1902,437888.1
2026-08-19 22:25:00,0.1901,0.1901,0.1885,0.1894,1661233.9
2026-08-19 22:30:00,0.1894,0.19,0.1878,0.1884,1762746.9
2026-08-19 22:35:00,0.1885,0.1894,0.1879,0.1893,391529.5
2026-08-19 22:40:00,0.1893,0.1898,0.1892,0.1894,339631.9
2026-08-19 22:45:00,0.1894,0.1895,0.1889,0.189,611637.5
2026-08-19 22:50:00,0.1891,0.1892,0.1885,0.1886,259585.9
2026-08-19 22:55:00,0.1886,0.1889,0.1883,0.1884,563307.6
2026-08-19 23:00:00,0.1885,0.1886,0.187,0.1874,2778010.1
2026-08-19 23:05:00,0.1874,0.1874,0.1866,0.1867,1041330.5
2026-08-19 23:10:00,0.1867,0.1874,0.1858,0.1867,1676873.3
2026-08-19 23:15:00,0.1867,0.1872,0.1866,0.187,438483.8
2026-08-19 23:20:00,0.187,0.187,0.186,0.186,468010.7
2026-08-19 23:25:00,0.186,0.1869,0.1859,0.1867,194097.4
2026-08-19 23:30:00,0.1868,0.1868,0.1859,0.1859,346589.1
2026-08-19 23:35:00,0.1859,0.1868,0.1859,0.1867,104705.6
2026-08-19 23:40:00,0.1866,0.1879,0.1866,0.1876,713564.9
2026-08-19 23:45:00,0.1875,0.1875,0.1866,0.1866,146454.5
2026-08-19 23:50:00,0.1865,0.187,0.1865,0.1869,263154.2
2026-08-19 23:55:00,0.1868,0.1872,0.1868,0.1871,279063.1
2026-08-20 00:00:00,0.1871,0.1884,0.1871,0.188,1015170.8
2026-08-20 00:05:00,0.188,0.1883,0.1877,0.1882,999172.3
2026-08-20 00:10:00,0.1882,0.1888,0.1877,0.1881,396069.8
2026-08-20 00:15:00,0.188,0.1884,0.1879,0.1882,271926.0
2026-08-20 00:20:00,0.1882,0.1883,0.1876,0.1877,360775.0
2026-08-20 00:25:00,0.1877,0.1879,0.1875,0.1875,307505.7
2026-08-20 00:30:00,0.1874,0.1878,0.1873,0.1875,344497.7
2026-08-20 00:35:00,0.1875,0.1878,0.187,0.1876,562524.3
2026-08-20 00:40:00,0.1875,0.1876,0.1868,0.1869,300288.8
2026-08-20 00:45:00,0.1869,0.1872,0.1868,0.1871,291631.1
2026-08-20 00:50:00,0.1871,0.1871,0.1854,0.1859,1481104.4
2026-08-20 00:55:00,0.186,0.1863,0.1857,0.1859,805278.5
2026-08-20 01:00:00,0.1859,0.1863,0.1858,0.1861,142395.5
2026-08-20 01:05:00,0.186,0.1861,0.1854,0.1859,460222.9
2026-08-20 01:10:00,0.1858,0.1859,0.1852,0.1855,1543765.7
2026-08-20 01:15:00,0.1856,0.1859,0.1854,0.1858,357805.2
2026-08-20 01:20:00,0.1858,0.1859,0.1855,0.1856,743933.9
2026-08-20 01:25:00,0.1857,0.1862,0.1857,0.1859,249078.1
2026-08-20 01:30:00,0.1859,0.1868,0.1859,0.1867,565728.0
2026-08-20 01:35:00,0.1867,0.1869,0.1866,0.1868,201081.1
2026-08-20 01:40:00,0.1867,0.187,0.1867,0.1869,152944.9
2026-08-20 01:45:00,0.187,0.1879,0.187,0.1878,379090.6
2026-08-20 01:50:00,0.1878,0.1879,0.1873,0.1873,326840.5
2026-08-20 01:55:00,0.1874,0.1877,0.1872,0.1872,163155.7
2026-08-20 02:00:00,0.1872,0.1875,0.1871,0.1874,383744.4
2026-08-20 02:05:00,0.1874,0.1874,0.1866,0.1866,339104.9
2026-08-20 02:10:00,0.1866,0.1867,0.1863,0.1864,403571.9
2026-08-20 02:15:00,0.1865,0.187,0.1865,0.187,487886.4
2026-08-20 02:20:00,0.1869,0.1869,0.1861,0.1861,218404.3
2026-08-20 02:25:00,0.1861,0.1864,0.1861,0.1861,577766.5
2026-08-20 02:30:00,0.1861,0.1866,0.1861,0.1864,229237.2
2026-08-20 02:35:00,0.1864,0.1865,0.1861,0.1863,151008.8
2026-08-20 02:40:00,0.1863,0.1865,0.1861,0.1862,79170.6
2026-08-20 02:45:00,0.1861,0.1861,0.1858,0.1859,149842.0
2026-08-20 02:50:00,0.1859,0.1859,0.1856,0.1857,236409.4
2026-08-20 02:55:00,0.1858,0.1858,0.1854,0.1855,600570.1
2026-08-20 03:00:00,0.1855,0.1855,0.1839,0.1842,1655620.9
2026-08-20 03:05:00,0.1842,0.1843,0.183,0.1834,1239575.3
2026-08-20 03:10:00,0.1834,0.1834,0.1825,0.1827,943288.6
2026-08-20 03:15:00,0.1828,0.1831,0.1827,0.1831,601558.4
2026-08-20 03:20:00,0.1831,0.1839,0.1826,0.1827,1513966.9
2026-08-20 03:25:00,0.1827,0.1827,0.182,0.1823,590349.2
2026-08-20 03:30:00,0.1823,0.1827,0.1821,0.1826,433609.7
2026-08-20 03:35:00,0.1826,0.1831,0.1826,0.1829,492171.5
2026-08-20 03:40:00,0.1829,0.1835,0.1829,0.1833,235801.4
2026-08-20 03:45:00,0.1833,0.1836,0.1833,0.1835,183437.2
2026-08-20 03:50:00,0.1836,0.1836,0.1831,0.1831,212734.3
2026-08-20 03:55:00,0.1831,0.1832,0.1823,0.1823,746891.6
2026-08-20 04:00:00,0.1823,0.1824,0.1818,0.1821,748058.4
2026-08-20 04:05:00,0.1821,0.1826,0.1819,0.1826,1499895.6
2026-08-20 04:10:00,0.1827,0.1827,0.1825,0.1826,198150.8
2026-08-20 04:15:00,0.1826,0.1827,0.1823,0.1826,208001.8
2026-08-20 04:20:00,0.1826,0.1828,0.1825,0.1827,317018.3
2026-08-20 04:25:00,0.1828,0.1832,0.1828,0.1831,119881.8
2026-08-20 04:30:00,0.1831,0.1831,0.1824,0.1825,153363.3
2026-08-20 04:35:00,0.1824,0.1828,0.1823,0.1824,1167887.3
2026-08-20 04:40:00,0.1824,0.183,0.1823,0.183,60715.1
2026-08-20 04:45:00,0.1831,0.1833,0.183,0.1832,442015.4
2026-08-20 04:50:00,0.1833,0.1838,0.1832,0.1834,355272.0
2026-08-20 04:55:00,0.1833,0.1837,0.1833,0.1835,230785.5
2026-08-20 05:00:00,0.1835,0.1839,0.1835,0.1838,315630.9
2026-08-20 05:05:00,0.1838,0.1841,0.1838,0.1838,408975.6
2026-08-20 05:10:00,0.1838,0.184,0.1837,0.1838,236823.9
2026-08-20 05:15:00,0.1838,0.184,0.1837,0.184,149529.0
2026-08-20 05:20:00,0.184,0.1843,0.1839,0.1842,611613.3
2026-08-20 05:25:00,0.1842,0.1844,0.1839,0.184,197152.2
2026-08-20 05:30:00,0.1839,0.1841,0.1839,0.1839,89398.7
2026-08-20 05:35:00,0.184,0.1842,0.1839,0.1839,161455.0
2026-08-20 05:40:00,0.1839,0.1842,0.1839,0.1841,71517.9
2026-08-20 05:45:00,0.1841,0.1841,0.1836,0.1837,179383.0
2026-08-20 05:50:00,0.1837,0.1837,0.1832,0.1834,151464.7
2026-08-20 05:55:00,0.1833,0.1836,0.1832,0.1835,156582.4
2026-08-20 06:00:00,0.1835,0.1835,0.1831,0.1832,203891.6
2026-08-20 06:05:00,0.1831,0.1833,0.183,0.1831,237126.3
2026-08-20 06:10:00,0.1831,0.1833,0.1831,0.1831,154959.3
2026-08-20 06:15:00,0.1831,0.1833,0.1828,0.1833,210373.0
2026-08-20 06:20:00,0.1833,0.184,0.1832,0.184,501902.4
2026-08-20 06:25:00,0.184,0.1843,0.1839,0.1839,437881.8
2026-08-20 06:30:00,0.1839,0.1841,0.1837,0.1838,200394.0
2026-08-20 06:35:00,0.1837,0.1843,0.1837,0.1842,451055.4
2026-08-20 06:40:00,0.1842,0.1845,0.1842,0.1845,93099.5
2026-08-20 06:45:00,0.1845,0.1846,0.1842,0.1845,494456.2
2026-08-20 06:50:00,0.1845,0.1845,0.1843,0.1844,321267.9
2026-08-20 06:55:00,0.1845,0.1848,0.1844,0.1847,318798.0
2026-08-20 07:00:00,0.1846,0.1846,0.1842,0.1843,261401.6
2026-08-20 07:05:00,0.1844,0.1847,0.1843,0.1846,128042.9
2026-08-20 07:10:00,0.1846,0.1846,0.184,0.1841,68331.2
2026-08-20 07:15:00,0.1842,0.1842,0.1833,0.1836,272050.1
2026-08-20 07:20:00,0.1836,0.184,0.1836,0.1839,180953.4
2026-08-20 07:25:00,0.1838,0.1843,0.1838,0.1842,103188.5
2026-08-20 07:30:00,0.1842,0.1842,0.1837,0.1839,342133.2
2026-08-20 07:35:00,0.184,0.184,0.1835,0.1836,168950.6
2026-08-20 07:40:00,0.1835,0.1839,0.1835,0.1836,361210.8
2026-08-20 07:45:00,0.1837,0.1844,0.1835,0.1843,399903.0
2026-08-20 07:50:00,0.1843,0.1843,0.184,0.1842,167342.5
2026-08-20 07:55:00,0.1841,0.1842,0.184,0.1842,83420.9
2026-08-20 08:00:00,0.1843,0.1843,0.1839,0.1842,341156.2
2026-08-20 08:05:00,0.1842,0.1859,0.1842,0.1858,1790037.6
2026-08-20 08:10:00,0.1859,0.1877,0.1855,0.1874,2470419.8
2026-08-20 08:15:00,0.1874,0.1878,0.1866,0.1876,1629223.0
2026-08-20 08:20:00,0.1876,0.1876,0.1864,0.1866,1217845.2
2026-08-20 08:25:00,0.1867,0.1884,0.1865,0.1882,2866959.4
2026-08-20 08:30:00,0.1882,0.1885,0.1875,0.1877,1820130.1
2026-08-20 08:35:00,0.1876,0.1889,0.1874,0.1888,840883.7
2026-08-20 08:40:00,0.1888,0.1899,0.1888,0.1899,1632849.5
2026-08-20 08:45:00,0.1899,0.1901,0.1895,0.1897,1024243.8
2026-08-20 08:50:00,0.1897,0.1901,0.1896,0.1901,365617.5
2026-08-20 08:55:00,0.19,0.1902,0.1896,0.1898,1860204.8
2026-08-20 09:00:00,0.1898,0.1905,0.1896,0.19,1479669.9
2026-08-20 09:05:00,0.19,0.1907,0.1899,0.1905,919897.5
2026-08-20 09:10:00,0.1905,0.1908,0.1902,0.1906,1043094.4
2026-08-20 09:15:00,0.1907,0.1909,0.1905,0.1905,429237.8
2026-08-20 09:20:00,0.1905,0.1906,0.1901,0.1903,940281.4
2026-08-20 09:25:00,0.1902,0.1903,0.1896,0.1896,856702.5
2026-08-20 09:30:00,0.1896,0.19,0.1892,0.1896,1447881.3
2026-08-20 09:35:00,0.1896,0.19,0.1895,0.1899,436880.8
2026-08-20 09:40:00,0.19,0.1912,0.1899,0.1905,1551813.6
2026-08-20 09:45:00,0.1905,0.1908,0.1901,0.1902,1006249.3
2026-08-20 09:50:00,0.1902,0.1903,0.1888,0.1888,992825.9
2026-08-20 09:55:00,0.1888,0.1895,0.1883,0.1894,1835169.4
2026-08-20 10:00:00,0.1894,0.1905,0.1892,0.1905,1000390.5
2026-08-20 10:05:00,0.1904,0.1919,0.19,0.1918,2996979.3
2026-08-20 10:10:00,0.1917,0.1917,0.1908,0.1911,1004912.1
2026-08-20 10:15:00,0.1911,0.1922,0.1908,0.192,1271562.9
2026-08-20 10:20:00,0.192,0.1921,0.1908,0.1916,608290.0
2026-08-20 10:25:00,0.1916,0.1917,0.1908,0.1912,812073.3
2026-08-20 10:30:00,0.1912,0.1912,0.19,0.1903,1345709.0
2026-08-20 10:35:00,0.1903,0.1905,0.1898,0.19,3088880.7
2026-08-20 10:40:00,0.1899,0.1904,0.1895,0.1897,2484882.8
2026-08-20 10:45:00,0.1897,0.1901,0.1895,0.1896,1634853.6
2026-08-20 10:50:00,0.1896,0.1905,0.1892,0.1903,1333159.3
2026-08-20 10:55:00,0.1903,0.1905,0.19,0.1902,380221.7
2026-08-20 11:00:00,0.1902,0.191,0.1898,0.1908,550706.1
2026-08-20 11:05:00,0.1909,0.1911,0.1904,0.1908,277836.9
2026-08-20 11:10:00,0.1907,0.1911,0.1903,0.1911,410118.0
2026-08-20 11:15:00,0.1911,0.1914,0.1906,0.1906,398132.1
2026-08-20 11:20:00,0.1906,0.1911,0.1905,0.1908,576185.3
2026-08-20 11:25:00,0.1909,0.1912,0.1904,0.1904,389515.2
2026-08-20 11:30:00,0.1904,0.1921,0.1904,0.1918,776394.0
2026-08-20 11:35:00,0.1918,0.1936,0.1917,0.1932,2322366.2
2026-08-20 11:40:00,0.1933,0.1939,0.1931,0.1932,1173782.0
2026-08-20 11:45:00,0.1931,0.1955,0.1931,0.1949,1727285.9
2026-08-20 11:50:00,0.1949,0.1951,0.1938,0.1939,2188700.0
2026-08-20 11:55:00,0.194,0.1941,0.1926,0.1931,3644066.7
2026-08-20 12:00:00,0.1931,0.1937,0.192,0.1921,1555902.8
2026-08-20 12:05:00,0.1921,0.1924,0.1907,0.1913,1546264.5
2026-08-20 12:10:00,0.1914,0.1922,0.1914,0.1919,1003464.1
2026-08-20 12:15:00,0.1918,0.1922,0.1909,0.1913,602582.0
2026-08-20 12:20:00,0.1914,0.1924,0.1914,0.1922,453161.1
2026-08-20 12:25:00,0.1923,0.1923,0.1918,0.1919,262013.9
2026-08-20 12:30:00,0.1919,0.1922,0.1911,0.1913,860759.4
2026-08-20 12:35:00,0.1913,0.1916,0.1902,0.1912,1132260.7
2026-08-20 12:40:00,0.1913,0.1917,0.1906,0.1908,673779.5
2026-08-20 12:45:00,0.1908,0.1909,0.19,0.1903,765024.9
2026-08-20 12:50:00,0.1904,0.1918,0.1904,0.1915,691919.6
2026-08-20 12:55:00,0.1914,0.192,0.191,0.1916,576941.7
2026-08-20 13:00:00,0.1916,0.1924,0.1912,0.1923,509632.6
2026-08-20 13:05:00,0.1922,0.1925,0.1921,0.1922,349469.0
2026-08-20 13:10:00,0.1921,0.193,0.1919,0.1929,329999.4
2026-08-20 13:15:00,0.193,0.1931,0.1926,0.1928,528532.1
2026-08-20 13:20:00,0.1928,0.1943,0.1928,0.194,1314270.5
2026-08-20 13:25:00,0.194,0.194,0.1932,0.1938,612096.9
2026-08-20 13:30:00,0.1937,0.1937,0.191,0.192,1716402.0
2026-08-20 13:35:00,0.192,0.1926,0.191,0.1925,3130224.2
2026-08-20 13:40:00,0.1925,0.1933,0.1921,0.1933,871210.0
2026-08-20 13:45:00,0.1933,0.1937,0.1928,0.1937,408009.3
2026-08-20 13:50:00,0.1938,0.1949,0.1933,0.1945,844814.4
2026-08-20 13:55:00,0.1946,0.1953,0.1943,0.1953,954817.1
2026-08-20 14:00:00,0.1953,0.1962,0.1943,0.1949,3208238.1
2026-08-20 14:05:00,0.1949,0.1963,0.1946,0.1963,1229976.3
2026-08-20 14:10:00,0.1964,0.1972,0.1959,0.1964,1420554.6
2026-08-20 14:15:00,0.1964,0.1967,0.1955,0.1955,1647848.7
2026-08-20 14:20:00,0.1955,0.1959,0.1946,0.1952,656620.7
2026-08-20 14:25:00,0.1952,0.1952,0.1931,0.1936,1764140.3
2026-08-20 14:30:00,0.1936,0.1946,0.1936,0.1943,630479.1
2026-08-20 14:35:00,0.1942,0.1945,0.1936,0.1939,506752.8
2026-08-20 14:40:00,0.1938,0.194,0.1933,0.1938,1470729.7
2026-08-20 14:45:00,0.1939,0.194,0.1928,0.1934,1056062.0
2026-08-20 14:50:00,0.1935,0.1945,0.1935,0.1941,563822.6
2026-08-20 14:55:00,0.1941,0.1945,0.194,0.1943,350979.3
2026-08-20 15:00:00,0.1943,0.1967,0.194,0.1966,1851245.3
2026-08-20 15:05:00,0.1967,0.197,0.1956,0.1957,1045456.8
2026-08-20 15:10:00,0.1957,0.1972,0.1957,0.1971,774642.3
2026-08-20 15:15:00,0.1971,0.1975,0.1967,0.1975,879015.4
2026-08-20 15:20:00,0.1974,0.198,0.195,0.195,3088269.5
2026-08-20 15:25:00,0.1949,0.1964,0.1948,0.1963,1120333.9
2026-08-20 15:30:00,0.1964,0.1972,0.1961,0.1963,873550.1
2026-08-20 15:35:00,0.1963,0.1963,0.1953,0.1957,826654.1
2026-08-20 15:40:00,0.1957,0.1962,0.1954,0.1957,540748.1
2026-08-20 15:45:00,0.1957,0.1963,0.1955,0.1961,775075.7
2026-08-20 15:50:00,0.1961,0.1969,0.1958,0.1969,997201.3
2026-08-20 15:55:00,0.1969,0.1971,0.1967,0.1969,1078767.5
2026-08-20 16:00:00,0.197,0.1978,0.1966,0.1977,1500831.7
2026-08-20 16:05:00,0.1977,0.1983,0.1969,0.1972,2339911.6
2026-08-20 16:10:00,0.1973,0.1973,0.196,0.1962,788653.1
2026-08-20 16:15:00,0.1963,0.1974,0.1963,0.1974,398857.9
2026-08-20 16:20:00,0.1973,0.1977,0.1967,0.197,716404.0
2026-08-20 16:25:00,0.197,0.1976,0.1969,0.1973,578545.6
2026-08-20 16:30:00,0.1972,0.1975,0.1966,0.1973,520972.8
2026-08-20 16:35:00,0.1972,0.1979,0.1972,0.1978,459444.2
2026-08-20 16:40:00,0.1978,0.1986,0.1977,0.1984,1094315.5
2026-08-20 16:45:00,0.1984,0.1992,0.1982,0.1991,2219476.6
2026-08-20 16:50:00,0.1991,0.1994,0.1987,0.1993,1085098.1
2026-08-20 16:55:00,0.1993,0.1997,0.199,0.1995,2119581.5
2026-08-20 17:00:00,0.1996,0.2004,0.1994,0.1999,3683695.5
2026-08-20 17:05:00,0.2,0.2014,0.1996,0.2014,2043863.4
2026-08-20 17:10:00,0.2014,0.2017,0.1999,0.1999,1524150.3
2026-08-20 17:15:00,0.2,0.2009,0.1995,0.2003,854380.8
2026-08-20 17:20:00,0.2003,0.2006,0.1995,0.2005,883625.2
2026-08-20 17:25:00,0.2005,0.2015,0.2004,0.2014,1026114.9
2026-08-20 17:30:00,0.2015,0.2016,0.2008,0.201,893926.5
2026-08-20 17:35:00,0.201,0.2023,0.2006,0.2021,911397.9
2026-08-20 17:40:00,0.2021,0.2025,0.2015,0.2024,763300.7
2026-08-20 17:45:00,0.2024,0.2031,0.2015,0.2029,1696755.9
2026-08-20 17:50:00,0.2028,0.2035,0.2019,0.2028,2447345.0
2026-08-20 17:55:00,0.2028,0.2029,0.2008,0.2009,3451874.5
2026-08-20 18:00:00,0.2009,0.2026,0.1985,0.1992,5604699.8
2026-08-20 18:05:00,0.1993,0.1994,0.198,0.1982,2703782.8
2026-08-20 18:10:00,0.1982,0.1986,0.1975,0.1982,1313334.4
2026-08-20 18:15:00,0.1982,0.1992,0.1977,0.1989,1119715.0
2026-08-20 18:20:00,0.199,0.1992,0.1987,0.1991,501869.5
2026-08-20 18:25:00,0.1991,0.1992,0.198,0.1981,604378.4
2026-08-20 18:30:00,0.1981,0.1983,0.1959,0.1961,1327562.4
2026-08-20 18:35:00,0.1962,0.1968,0.1961,0.1963,589419.2
2026-08-20 18:40:00,0.1964,0.1968,0.1959,0.1965,955864.3
2026-08-20 18:45:00,0.1966,0.1969,0.1964,0.1964,1091181.5
2026-08-20 18:50:00,0.1963,0.1972,0.1962,0.1965,521391.2
2026-08-20 18:55:00,0.1965,0.1965,0.1954,0.1954,903756.2
2026-08-20 19:00:00,0.1954,0.1956,0.195,0.1953,788555.6
2026-08-20 19:05:00,0.1952,0.1957,0.1948,0.1952,1141112.9
2026-08-20 19:10:00,0.1952,0.1956,0.1945,0.1945,839337.7
2026-08-20 19:15:00,0.1945,0.1951,0.1943,0.1947,2005124.4
2026-08-20 19:20:00,0.1947,0.1952,0.1944,0.1949,232210.3
2026-08-20 19:25:00,0.1949,0.1951,0.1944,0.1944,255701.4
2026-08-20 19:30:00,0.1944,0.1947,0.1933,0.1935,1789745.3
2026-08-20 19:35:00,0.1936,0.1958,0.1935,0.1955,1240780.7
2026-08-20 19:40:00,0.1956,0.1963,0.1955,0.1955,1598078.0
2026-08-20 19:45:00,0.1956,0.1957,0.1947,0.1949,858991.0
2026-08-20 19:50:00,0.1949,0.1952,0.1947,0.1947,810555.3
2026-08-20 19:55:00,0.1948,0.1948,0.1941,0.1948,291286.5
2026-08-20 20:00:00,0.1948,0.1958,0.1945,0.1958,466130.2
2026-08-20 20:05:00,0.1957,0.1961,0.1956,0.196,204148.0
2026-08-20 20:10:00,0.1961,0.1963,0.1958,0.196,367407.2
2026-08-20 20:15:00,0.1961,0.1965,0.1955,0.1965,431404.5
2026-08-20 20:20:00,0.1965,0.197,0.1961,0.1966,1007294.0
2026-08-20 20:25:00,0.1966,0.1972,0.1966,0.1967,417229.0
2026-08-20 20:30:00,0.1968,0.1975,0.1968,0.1973,522326.0
2026-08-20 20:35:00,0.1973,0.1974,0.1967,0.1968,373758.2
2026-08-20 20:40:00,0.1968,0.1974,0.1967,0.1971,388320.6
2026-08-20 20:45:00,0.1972,0.1975,0.1972,0.1975,110959.9
2026-08-20 20:50:00,0.1974,0.1978,0.1969,0.1971,930445.2
2026-08-20 20:55:00,0.1971,0.198,0.197,0.198,215821.9
2026-08-20 21:00:00,0.198,0.1984,0.1978,0.198,183034.1
2026-08-20 21:05:00,0.198,0.1984,0.1975,0.198,401270.3
2026-08-20 21:10:00,0.1981,0.1982,0.1978,0.1982,295306.0
2026-08-20 21:15:00,0.1982,0.1985,0.1977,0.1977,268773.1
2026-08-20 21:20:00,0.1978,0.1979,0.197,0.1971,254460.2
2026-08-20 21:25:00,0.1971,0.1975,0.1969,0.1972,885927.5
2026-08-20 21:30:00,0.1972,0.1982,0.1972,0.1982,327091.6
2026-08-20 21:35:00,0.1983,0.1984,0.1978,0.1979,338366.2
2026-08-20 21:40:00,0.1979,0.1987,0.1978,0.1987,331292.7
2026-08-20 21:45:00,0.1988,0.199,0.1982,0.1982,314834.2
2026-08-20 21:50:00,0.1982,0.1984,0.1977,0.1977,241432.7
2026-08-20 21:55:00,0.1976,0.1978,0.1972,0.1977,311060.7
2026-08-20 22:00:00,0.1978,0.1982,0.1969,0.1969,390108.0
2026-08-20 22:05:00,0.197,0.1976,0.1959,0.1962,694176.0
2026-08-20 22:10:00,0.1962,0.1967,0.1962,0.1962,318004.4
2026-08-20 22:15:00,0.1962,0.1966,0.1958,0.196,299216.1
2026-08-20 22:20:00,0.196,0.1967,0.196,0.1966,623910.2
2026-08-20 22:25:00,0.1967,0.1968,0.1964,0.1966,385573.0
2026-08-20 22:30:00,0.1967,0.1968,0.1961,0.1965,286290.7
2026-08-20 22:35:00,0.1965,0.1968,0.1964,0.1968,235375.2
2026-08-20 22:40:00,0.1967,0.1967,0.1958,0.1958,100382.7
2026-08-20 22:45:00,0.1958,0.1963,0.1958,0.196,191047.9
2026-08-20 22:50:00,0.196,0.1968,0.196,0.1965,131924.3
2026-08-20 22:55:00,0.1965,0.1965,0.196,0.196,464639.9
2026-08-20 23:00:00,0.1961,0.1965,0.1959,0.1961,198059.0
2026-08-20 23:05:00,0.1961,0.1966,0.1961,0.1965,188139.1
2026-08-20 23:10:00,0.1965,0.197,0.1965,0.197,156698.1
2026-08-20 23:15:00,0.197,0.1974,0.1968,0.1973,150012.9
2026-08-20 23:20:00,0.1973,0.1981,0.1972,0.198,252027.2
2026-08-20 23:25:00,0.1981,0.1991,0.1981,0.1989,1382985.8
2026-08-20 23:30:00,0.1988,0.1992,0.1987,0.1989,445495.9
2026-08-20 23:35:00,0.1989,0.1989,0.1981,0.1986,571016.3
2026-08-20 23:40:00,0.1986,0.1987,0.1983,0.1987,209769.7
2026-08-20 23:45:00,0.1986,0.1989,0.1982,0.1989,312441.2
2026-08-20 23:50:00,0.1988,0.1999,0.1986,0.1998,939963.0
2026-08-20 23:55:00,0.1998,0.1998,0.199,0.199,311636.6
2026-08-21 00:00:00,0.199,0.1995,0.1985,0.1986,526784.6
2026-08-21 00:05:00,0.1986,0.1994,0.1986,0.1993,498954.6
2026-08-21 00:10:00,0.1994,0.1999,0.1992,0.1999,313118.1
2026-08-21 00:15:00,0.1998,0.2003,0.1993,0.1999,818287.7
2026-08-21 00:20:00,0.1999,0.2003,0.1995,0.2002,277275.8
2026-08-21 00:25:00,0.2002,0.2003,0.1996,0.1997,516931.0
2026-08-21 00:30:00,0.1998,0.2011,0.1996,0.2006,998130.8
2026-08-21 00:35:00,0.2006,0.2008,0.1993,0.2008,624874.5
2026-08-21 00:40:00,0.2009,0.2025,0.2008,0.2023,1654213.1
2026-08-21 00:45:00,0.2023,0.2035,0.2022,0.2032,1323109.8
2026-08-21 00:50:00,0.2032,0.2059,0.2031,0.2053,3313157.9
2026-08-21 00:55:00,0.2054,0.2059,0.2043,0.2045,2579450.6
2026-08-21 01:00:00,0.2045,0.205,0.2033,0.2035,1379630.8
2026-08-21 01:05:00,0.2035,0.204,0.2028,0.204,1491956.2
2026-08-21 01:10:00,0.2039,0.2044,0.2038,0.2042,844707.6
2026-08-21 01:15:00,0.2042,0.2059,0.2035,0.2049,1260381.4
2026-08-21 01:20:00,0.205,0.205,0.203,0.2041,1347287.7
2026-08-21 01:25:00,0.204,0.2055,0.2039,0.2054,823217.7
2026-08-21 01:30:00,0.2055,0.2064,0.2047,0.2055,1622065.7
2026-08-21 01:35:00,0.2056,0.2058,0.2043,0.2054,858806.7
2026-08-21 01:40:00,0.2055,0.2067,0.2055,0.2067,838429.9
2026-08-21 01:45:00,0.2066,0.2084,0.2066,0.2076,1661389.5
2026-08-21 01:50:00,0.2077,0.2077,0.2069,0.2073,956891.3
2026-08-21 01:55:00,0.2073,0.2087,0.2069,0.2084,830620.6
2026-08-21 02:00:00,0.2084,0.2086,0.2069,0.2086,812109.3
2026-08-21 02:05:00,0.2087,0.2097,0.2082,0.2095,1150306.6
2026-08-21 02:10:00,0.2095,0.2095,0.2069,0.2079,1944464.9
2026-08-21 02:15:00,0.2079,0.2084,0.2068,0.2077,871015.7
2026-08-21 02:20:00,0.2076,0.2082,0.207,0.2074,533407.6
2026-08-21 02:25:00,0.2075,0.2089,0.2075,0.2086,1211111.9
2026-08-21 02:30:00,0.2086,0.2089,0.207,0.2075,923693.7
2026-08-21 02:35:00,0.2076,0.2079,0.2069,0.2072,480803.3
2026-08-21 02:40:00,0.2073,0.2078,0.206,0.2061,698880.4
2026-08-21 02:45:00,0.2061,0.2064,0.2054,0.2057,2142165.0
2026-08-21 02:50:00,0.2057,0.2065,0.2053,0.2055,608992.4
2026-08-21 02:55:00,0.2055,0.2058,0.2048,0.2049,649828.7
2026-08-21 03:00:00,0.205,0.2059,0.2049,0.2051,818107.5
2026-08-21 03:05:00,0.2052,0.2053,0.2046,0.2051,503751.7
2026-08-21 03:10:00,0.2052,0.2063,0.2052,0.2052,215526.0
2026-08-21 03:15:00,0.2053,0.2056,0.205,0.2054,300224.3
2026-08-21 03:20:00,0.2054,0.206,0.2049,0.2056,1543583.9
2026-08-21 03:25:00,0.2055,0.2059,0.2051,0.2058,159977.9
2026-08-21 03:30:00,0.2058,0.2068,0.2057,0.2068,553249.4
2026-08-21 03:35:00,0.2068,0.2075,0.2058,0.2062,955031.7
2026-08-21 03:40:00,0.2063,0.2085,0.2061,0.2081,1957554.0
2026-08-21 03:45:00,0.2081,0.2085,0.2077,0.2079,870860.3
2026-08-21 03:50:00,0.208,0.2102,0.208,0.2095,2012294.0
2026-08-21 03:55:00,0.2096,0.2099,0.2079,0.2082,1671972.0
2026-08-21 04:00:00,0.2082,0.2101,0.2081,0.2093,1722682.7
2026-08-21 04:05:00,0.2093,0.2096,0.2078,0.2081,1058780.7
2026-08-21 04:10:00,0.2081,0.2087,0.2073,0.2074,731627.6
2026-08-21 04:15:00,0.2074,0.2083,0.207,0.2078,1457120.8
2026-08-21 04:20:00,0.2079,0.2082,0.2075,0.2076,390050.2
2026-08-21 04:25:00,0.2076,0.2079,0.207,0.2073,585176.1
2026-08-21 04:30:00,0.2074,0.2079,0.207,0.2075,448830.5
2026-08-21 04:35:00,0.2075,0.2079,0.2073,0.2077,994944.1
2026-08-21 04:40:00,0.2078,0.2087,0.2071,0.2081,995627.5
2026-08-21 04:45:00,0.2081,0.2081,0.2074,0.2076,369416.3
2026-08-21 04:50:00,0.2076,0.2087,0.2075,0.2081,534401.3
2026-08-21 04:55:00,0.2081,0.2085,0.208,0.2081,329679.3
2026-08-21 05:00:00,0.208,0.2082,0.2062,0.2066,1525076.3
2026-08-21 05:05:00,0.2066,0.2077,0.2066,0.2074,472761.6
2026-08-21 05:10:00,0.2074,0.2079,0.2072,0.2077,748980.2
2026-08-21 05:15:00,0.2077,0.2086,0.2075,0.2082,1302036.2
2026-08-21 05:20:00,0.2082,0.2085,0.2073,0.2073,1006930.3
2026-08-21 05:25:00,0.2072,0.2072,0.2065,0.207,312639.6
2026-08-21 05:30:00,0.207,0.2075,0.2068,0.2074,349373.7
2026-08-21 05:35:00,0.2075,0.2086,0.2071,0.2081,404264.3
2026-08-21 05:40:00,0.2081,0.2086,0.2081,0.2083,266693.4
2026-08-21 05:45:00,0.2082,0.2084,0.2081,0.2082,216241.0
2026-08-21 05:50:00,0.2083,0.2094,0.208,0.2088,1326688.4
2026-08-21 05:55:00,0.2089,0.209,0.2086,0.2087,386342.1
2026-08-21 06:00:00,0.2088,0.2095,0.2085,0.2092,339024.0
2026-08-21 06:05:00,0.2093,0.2106,0.2091,0.2103,1209079.5
2026-08-21 06:10:00,0.2103,0.2104,0.2091,0.2096,992978.4
2026-08-21 06:15:00,0.2096,0.2108,0.2096,0.2099,877073.5
2026-08-21 06:20:00,0.21,0.2101,0.2081,0.2085,807733.4
2026-08-21 06:25:00,0.2085,0.2099,0.2084,0.2087,1265883.6
2026-08-21 06:30:00,0.2087,0.2098,0.2087,0.2097,392378.2
2026-08-21 06:35:00,0.2096,0.21,0.2093,0.2099,388690.9
2026-08-21 06:40:00,0.2098,0.2099,0.2083,0.2083,636588.2
2026-08-21 06:45:00,0.2083,0.2084,0.2073,0.2078,1047338.6
2026-08-21 06:50:00,0.2078,0.2083,0.2072,0.2074,966402.4
2026-08-21 06:55:00,0.2074,0.2077,0.2071,0.2074,303692.3
2026-08-21 07:00:00,0.2074,0.2086,0.2071,0.2085,850472.0
2026-08-21 07:05:00,0.2085,0.2096,0.2083,0.2094,462429.3
2026-08-21 07:10:00,0.2094,0.2098,0.2092,0.2092,741643.6
2026-08-21 07:15:00,0.2092,0.2105,0.2091,0.2101,4208245.0
2026-08-21 07:20:00,0.2101,0.2105,0.2096,0.2102,1221019.8
2026-08-21 07:25:00,0.2102,0.2115,0.2102,0.2109,1172556.8
2026-08-21 07:30:00,0.2109,0.2109,0.2088,0.2096,970117.4
2026-08-21 07:35:00,0.2097,0.2107,0.2094,0.2106,763864.9
2026-08-21 07:40:00,0.2106,0.2114,0.2103,0.211,1204709.7
2026-08-21 07:45:00,0.211,0.2113,0.2101,0.2102,1317555.7
2026-08-21 07:50:00,0.2102,0.2104,0.2094,0.2095,707203.6
2026-08-21 07:55:00,0.2095,0.21,0.2092,0.2098,854118.0
2026-08-21 08:00:00,0.2097,0.2106,0.2092,0.2105,894977.0
2026-08-21 08:05:00,0.2105,0.2131,0.2105,0.2127,2266585.5
2026-08-21 08:10:00,0.2128,0.214,0.2126,0.2129,1692991.6
2026-08-21 08:15:00,0.2129,0.2138,0.2129,0.2131,666590.0
2026-08-21 08:20:00,0.2132,0.2132,0.2118,0.2124,1618890.3
2026-08-21 08:25:00,0.2125,0.2136,0.2123,0.2131,1575849.2
2026-08-21 08:30:00,0.2131,0.2139,0.2129,0.2134,781021.3
2026-08-21 08:35:00,0.2135,0.2139,0.2132,0.2137,1206165.0
2026-08-21 08:40:00,0.2137,0.2146,0.2135,0.2139,1249542.5
2026-08-21 08:45:00,0.2139,0.2149,0.2139,0.2144,1939237.8
2026-08-21 08:50:00,0.2145,0.2165,0.2145,0.2164,2904083.2
2026-08-21 08:55:00,0.2165,0.218,0.2163,0.218,4890314.6
2026-08-21 09:00:00,0.2179,0.218,0.2108,0.2114,7831778.4
2026-08-21 09:05:00,0.2114,0.2121,0.2076,0.2106,7802739.9
2026-08-21 09:10:00,0.2106,0.2115,0.2104,0.2109,2804842.1
2026-08-21 09:15:00,0.2108,0.2112,0.209,0.2097,1828840.1
2026-08-21 09:20:00,0.2098,0.2103,0.2092,0.2096,1547741.9
2026-08-21 09:25:00,0.2097,0.2116,0.2096,0.2112,1458763.5
2026-08-21 09:30:00,0.2112,0.2129,0.2108,0.2128,2224015.8
2026-08-21 09:35:00,0.2128,0.2141,0.2122,0.2139,1199841.4
2026-08-21 09:40:00,0.2139,0.2143,0.2132,0.2141,982332.3
2026-08-21 09:45:00,0.2142,0.2152,0.2139,0.2149,1782280.4
2026-08-21 09:50:00,0.2149,0.2172,0.2148,0.2168,2396571.7
2026-08-21 09:55:00,0.2168,0.2172,0.2138,0.2157,1816500.7
2026-08-21 10:00:00,0.2157,0.2158,0.2147,0.215,1307828.4
2026-08-21 10:05:00,0.215,0.2157,0.2133,0.2136,1484071.5
2026-08-21 10:10:00,0.2136,0.2147,0.2131,0.2139,2430181.0
2026-08-21 10:15:00,0.2138,0.2153,0.2133,0.2152,992907.0
2026-08-21 10:20:00,0.2152,0.2153,0.2134,0.2136,1487922.6
2026-08-21 10:25:00,0.2137,0.2141,0.2124,0.2135,944572.0
2026-08-21 10:30:00,0.2135,0.2139,0.2125,0.2129,568338.1
2026-08-21 10:35:00,0.2129,0.2132,0.2123,0.2131,495325.2
2026-08-21 10:40:00,0.2131,0.2141,0.2126,0.2131,1239433.8
2026-08-21 10:45:00,0.2132,0.2142,0.2132,0.2136,451456.9
2026-08-21 10:50:00,0.2136,0.2148,0.2134,0.2147,661856.9
2026-08-21 10:55:00,0.2147,0.2151,0.2138,0.2143,516221.3
2026-08-21 11:00:00,0.2142,0.2146,0.2128,0.2141,1381060.0
2026-08-21 11:05:00,0.2142,0.2153,0.2142,0.2145,562924.3
2026-08-21 11:10:00,0.2146,0.2146,0.2119,0.214,1323838.5
2026-08-21 11:15:00,0.214,0.214,0.2127,0.2131,1139363.6
2026-08-21 11:20:00,0.213,0.2152,0.2129,0.2145,1212371.7
2026-08-21 11:25:00,0.2146,0.2149,0.2137,0.2149,769485.8
2026-08-21 11:30:00,0.2149,0.2167,0.2114,0.2116,6156340.3
2026-08-21 11:35:00,0.2116,0.2138,0.2111,0.2135,1719659.4
2026-08-21 11:40:00,0.2135,0.2138,0.2123,0.2125,543951.2
2026-08-21 11:45:00,0.2125,0.213,0.211,0.2116,1066659.0
2026-08-21 11:50:00,0.2116,0.2129,0.2111,0.2127,1026866.1
2026-08-21 11:55:00,0.2126,0.2126,0.2111,0.2115,1014815.9
2026-08-21 12:00:00,0.2115,0.2125,0.2109,0.2114,1104678.5
2026-08-21 12:05:00,0.2116,0.2139,0.2115,0.2138,1115491.8
2026-08-21 12:10:00,0.2138,0.2154,0.213,0.2145,2107749.1
2026-08-21 12:15:00,0.2146,0.2149,0.2143,0.2144,1114360.5
2026-08-21 12:20:00,0.2145,0.2148,0.2134,0.2148,1554161.3
2026-08-21 12:25:00,0.2147,0.2152,0.2138,0.2147,1577829.7
2026-08-21 12:30:00,0.2147,0.2149,0.214,0.2149,664430.6
2026-08-21 12:35:00,0.2149,0.2163,0.2149,0.2162,1192996.0
2026-08-21 12:40:00,0.2162,0.2173,0.216,0.2172,739397.8
2026-08-21 12:45:00,0.2171,0.2173,0.216,0.2163,1325820.0
2026-08-21 12:50:00,0.2163,0.2165,0.215,0.2152,410038.3
2026-08-21 12:55:00,0.2153,0.216,0.2145,0.216,421442.6
2026-08-21 13:00:00,0.216,0.2162,0.2147,0.2154,754776.5
2026-08-21 13:05:00,0.2155,0.2155,0.2147,0.2147,531795.6
2026-08-21 13:10:00,0.2147,0.2147,0.2138,0.2144,1256529.0
2026-08-21 13:15:00,0.2144,0.2147,0.2133,0.2144,986061.5
2026-08-21 13:20:00,0.2144,0.2147,0.2136,0.2146,769124.2
2026-08-21 13:25:00,0.2146,0.2161,0.2144,0.2156,1297335.2
2026-08-21 13:30:00,0.2155,0.2155,0.2126,0.2136,2188121.8
2026-08-21 13:35:00,0.2136,0.215,0.2128,0.215,1494337.5
2026-08-21 13:40:00,0.2149,0.2164,0.2149,0.2161,1048347.9
2026-08-21 13:45:00,0.2161,0.217,0.2156,0.2167,1094998.7
2026-08-21 13:50:00,0.2167,0.2173,0.2157,0.2161,1352120.9
2026-08-21 13:55:00,0.2161,0.218,0.2159,0.2175,1584935.3
2026-08-21 14:00:00,0.2175,0.2178,0.2154,0.2156,1654352.4
2026-08-21 14:05:00,0.2156,0.2172,0.2155,0.2162,441526.9
2026-08-21 14:10:00,0.2163,0.2164,0.2146,0.2153,934583.3
2026-08-21 14:15:00,0.2153,0.2159,0.2141,0.2143,813342.6
2026-08-21 14:20:00,0.2143,0.2154,0.2135,0.2148,1584250.3
2026-08-21 14:25:00,0.2148,0.2164,0.2148,0.2159,484585.3
2026-08-21 14:30:00,0.216,0.2169,0.2155,0.2168,517726.2
2026-08-21 14:35:00,0.2169,0.2176,0.2158,0.2159,1331066.7
2026-08-21 14:40:00,0.2159,0.2169,0.2154,0.2168,854866.6
2026-08-21 14:45:00,0.2168,0.2176,0.2166,0.2175,843518.0
2026-08-21 14:50:00,0.2175,0.2182,0.2172,0.2175,1571545.4
2026-08-21 14:55:00,0.2175,0.218,0.2167,0.2176,773509.1
2026-08-21 15:00:00,0.2176,0.2182,0.2171,0.2179,937076.9
2026-08-21 15:05:00,0.2179,0.2194,0.2177,0.2192,1427368.2
2026-08-21 15:10:00,0.2193,0.22,0.2182,0.2195,2043411.5
2026-08-21 15:15:00,0.2195,0.2197,0.2175,0.2181,1442097.5
2026-08-21 15:20:00,0.218,0.2184,0.2172,0.2178,920471.8
2026-08-21 15:25:00,0.2177,0.2191,0.2177,0.2178,1639937.2
2026-08-21 15:30:00,0.2178,0.2186,0.2171,0.2172,968527.0
2026-08-21 15:35:00,0.2173,0.2183,0.2162,0.2181,1281007.6
2026-08-21 15:40:00,0.2181,0.2192,0.2179,0.218,783969.9
2026-08-21 15:45:00,0.218,0.2186,0.2173,0.2173,3559873.5
2026-08-21 15:50:00,0.2173,0.2186,0.2168,0.2178,2323523.0
2026-08-21 15:55:00,0.2178,0.2202,0.2178,0.2195,2936015.4
2026-08-21 16:00:00,0.2196,0.2211,0.2186,0.2197,3207452.1
2026-08-21 16:05:00,0.2197,0.2203,0.2173,0.2192,2956272.3
2026-08-21 16:10:00,0.2191,0.2201,0.2172,0.2173,1586257.5
2026-08-21 16:15:00,0.2173,0.2191,0.2171,0.2188,991292.3
2026-08-21 16:20:00,0.2188,0.2189,0.218,0.2183,1593587.0
2026-08-21 16:25:00,0.2182,0.2196,0.2182,0.2193,654809.7
2026-08-21 16:30:00,0.2193,0.2201,0.2188,0.2198,1115380.3
2026-08-21 16:35:00,0.2197,0.2199,0.219,0.2194,617545.2
2026-08-21 16:40:00,0.2195,0.2201,0.2185,0.2187,669101.2
2026-08-21 16:45:00,0.2188,0.2195,0.2188,0.2194,317246.8
2026-08-21 16:50:00,0.2194,0.2199,0.2189,0.2191,495730.5
2026-08-21 16:55:00,0.2191,0.2195,0.2186,0.2188,929199.6
2026-08-21 17:00:00,0.2187,0.2192,0.2184,0.2191,407347.5
2026-08-21 17:05:00,0.2192,0.2215,0.219,0.2207,1705319.2
2026-08-21 17:10:00,0.2208,0.221,0.2196,0.2197,850649.1
2026-08-21 17:15:00,0.2197,0.2197,0.218,0.218,1217544.6
2026-08-21 17:20:00,0.2181,0.2183,0.2163,0.2165,2236034.0
2026-08-21 17:25:00,0.2166,0.2181,0.2166,0.2181,991116.4
2026-08-21 17:30:00,0.218,0.2192,0.2175,0.219,672752.1
2026-08-21 17:35:00,0.219,0.2196,0.2181,0.2195,708015.3
2026-08-21 17:40:00,0.2195,0.2201,0.219,0.2196,1516012.7
2026-08-21 17:45:00,0.2197,0.2204,0.2193,0.2201,1337813.3
2026-08-21 17:50:00,0.2202,0.2211,0.2197,0.2199,1533234.2
2026-08-21 17:55:00,0.2198,0.2202,0.2193,0.2193,632199.7
2026-08-21 18:00:00,0.2194,0.2198,0.2192,0.2197,570033.1
2026-08-21 18:05:00,0.2198,0.2201,0.2191,0.2192,880466.7
2026-08-21 18:10:00,0.2192,0.2203,0.2188,0.2202,1365510.2
2026-08-21 18:15:00,0.2203,0.2218,0.2203,0.221,1320075.2
2026-08-21 18:20:00,0.2209,0.2211,0.2198,0.2198,468526.7
2026-08-21 18:25:00,0.2199,0.2206,0.2193,0.2193,1366545.8
2026-08-21 18:30:00,0.2193,0.2196,0.2186,0.2195,534793.5
2026-08-21 18:35:00,0.2194,0.2194,0.2177,0.2182,1229424.5
2026-08-21 18:40:00,0.2182,0.2184,0.2167,0.217,2174823.3
2026-08-21 18:45:00,0.217,0.2172,0.214,0.2148,5254921.6
2026-08-21 18:50:00,0.2149,0.2163,0.2149,0.2159,1425277.3
2026-08-21 18:55:00,0.2159,0.2167,0.2157,0.2164,1230719.3
2026-08-21 19:00:00,0.2164,0.2164,0.2144,0.2144,744080.0
2026-08-21 19:05:00,0.2144,0.2162,0.2143,0.216,641873.2
2026-08-21 19:10:00,0.216,0.217,0.2157,0.2169,511796.0
2026-08-21 19:15:00,0.2169,0.2175,0.2161,0.2166,584285.5
2026-08-21 19:20:00,0.2165,0.218,0.2162,0.2178,458002.7
2026-08-21 19:25:00,0.2177,0.2184,0.2177,0.2183,508860.8
2026-08-21 19:30:00,0.2183,0.2184,0.2175,0.2175,537878.5
2026-08-21 19:35:00,0.2176,0.218,0.2174,0.2177,477900.7
2026-08-21 19:40:00,0.2176,0.2177,0.2168,0.2169,326689.9
2026-08-21 19:45:00,0.2169,0.2172,0.2163,0.2172,498815.3
2026-08-21 19:50:00,0.2171,0.2172,0.2163,0.2167,482253.5
2026-08-21 19:55:00,0.2167,0.217,0.2162,0.2167,184445.8
2026-08-21 20:00:00,0.2167,0.2187,0.2159,0.2186,886679.4
2026-08-21 20:05:00,0.2186,0.2189,0.2179,0.2184,276807.8
2026-08-21 20:10:00,0.2184,0.2198,0.2181,0.2195,2545908.6
2026-08-21 20:15:00,0.2195,0.2204,0.2194,0.22,1339189.6
2026-08-21 20:20:00,0.2201,0.2202,0.2189,0.2197,818616.4
2026-08-21 20:25:00,0.2196,0.2198,0.2184,0.2187,475570.6
2026-08-21 20:30:00,0.2187,0.2194,0.2184,0.2192,325077.2
2026-08-21 20:35:00,0.2192,0.2192,0.218,0.2187,319917.0
2026-08-21 20:40:00,0.2187,0.2192,0.2184,0.2184,383187.8
2026-08-21 20:45:00,0.2184,0.2186,0.2178,0.2184,289876.9
2026-08-21 20:50:00,0.2185,0.2195,0.2185,0.219,464303.9
2026-08-21 20:55:00,0.2191,0.2194,0.2185,0.219,259708.3
2026-08-21 21:00:00,0.2191,0.2194,0.2188,0.219,130114.7
2026-08-21 21:05:00,0.219,0.2192,0.2184,0.2185,146709.0
2026-08-21 21:10:00,0.2185,0.2208,0.2185,0.22,1636279.0
2026-08-21 21:15:00,0.2199,0.2211,0.2198,0.2207,747118.5
2026-08-21 21:20:00,0.2207,0.2226,0.2201,0.2217,1460735.4
2026-08-21 21:25:00,0.2216,0.2222,0.2212,0.2216,683313.1
2026-08-21 21:30:00,0.2216,0.2233,0.2215,0.2232,1472956.5
2026-08-21 21:35:00,0.2232,0.2233,0.2215,0.2218,769743.4
2026-08-21 21:40:00,0.2218,0.2239,0.2217,0.2237,1880169.8
2026-08-21 21:45:00,0.2237,0.2262,0.2237,0.2245,3692131.9
2026-08-21 21:50:00,0.2245,0.2258,0.2241,0.2248,1043786.5
2026-08-21 21:55:00,0.2247,0.2267,0.2246,0.2264,1165148.0
2026-08-21 22:00:00,0.2264,0.2275,0.225,0.2268,2607766.2
2026-08-21 22:05:00,0.2268,0.2283,0.2263,0.2278,1645508.2
2026-08-21 22:10:00,0.2277,0.2285,0.2276,0.2284,1237281.4
2026-08-21 22:15:00,0.2284,0.229,0.2276,0.229,2253273.9
2026-08-21 22:20:00,0.229,0.2292,0.2275,0.2277,1607723.3
2026-08-21 22:25:00,0.2277,0.2287,0.2276,0.228,773646.1
2026-08-21 22:30:00,0.2281,0.2297,0.2262,0.2295,2370976.8
2026-08-21 22:35:00,0.2294,0.2298,0.2289,0.2298,1079425.4
2026-08-21 22:40:00,0.2297,0.232,0.2297,0.2315,3221866.4
2026-08-21 22:45:00,0.2315,0.2319,0.2301,0.2302,1823894.9
2026-08-21 22:50:00,0.2302,0.2327,0.23,0.2325,2126446.2
2026-08-21 22:55:00,0.2325,0.2328,0.2313,0.2316,1431022.6
2026-08-21 23:00:00,0.2317,0.2328,0.2307,0.2319,1732889.4
2026-08-21 23:05:00,0.2319,0.2323,0.2311,0.2321,1961673.8
2026-08-21 23:10:00,0.2321,0.2321,0.2296,0.2303,2355249.0
2026-08-21 23:15:00,0.2302,0.2316,0.23,0.2314,637799.4
2026-08-21 23:20:00,0.2313,0.2329,0.2308,0.2323,2307307.3
2026-08-21 23:25:00,0.2322,0.2331,0.2314,0.2323,1260865.6
2026-08-21 23:30:00,0.2324,0.2333,0.2319,0.2324,756300.6
2026-08-21 23:35:00,0.2323,0.2323,0.2311,0.2313,1103293.8
2026-08-21 23:40:00,0.2313,0.232,0.23,0.2317,1146647.8
2026-08-21 23:45:00,0.2317,0.2318,0.229,0.2293,1274833.6
2026-08-21 23:50:00,0.2294,0.2296,0.2283,0.2293,980772.2
2026-08-21 23:55:00,0.2293,0.2298,0.2288,0.2291,661287.2
2026-08-22 00:00:00,0.2291,0.2301,0.2279,0.2285,1493911.4
2026-08-22 00:05:00,0.2286,0.2289,0.2258,0.2273,2438230.4
2026-08-22 00:10:00,0.2272,0.2279,0.2267,0.2273,1235709.3
2026-08-22 00:15:00,0.2274,0.2284,0.227,0.2284,718610.7
2026-08-22 00:20:00,0.2284,0.2293,0.2283,0.2293,548312.3
2026-08-22 00:25:00,0.2292,0.2298,0.2287,0.2288,660641.3
2026-08-22 00:30:00,0.2287,0.2308,0.2286,0.2302,521347.3
2026-08-22 00:35:00,0.2302,0.2302,0.229,0.2298,837615.1
2026-08-22 00:40:00,0.2297,0.2298,0.2275,0.2282,1084629.3
2026-08-22 00:45:00,0.2282,0.2284,0.2267,0.2281,830835.3
2026-08-22 00:50:00,0.228,0.2285,0.2277,0.2282,652523.1
2026-08-22 00:55:00,0.2282,0.2296,0.2282,0.2292,791605.0
2026-08-22 01:00:00,0.2293,0.2304,0.229,0.2302,1506607.6
2026-08-22 01:05:00,0.2303,0.2309,0.2296,0.2297,695584.2
2026-08-22 01:10:00,0.2298,0.2305,0.2295,0.2298,1653281.5
2026-08-22 01:15:00,0.2299,0.2308,0.2296,0.2299,1124249.9
2026-08-22 01:20:00,0.2298,0.2307,0.2297,0.2304,617634.5
2026-08-22 01:25:00,0.2304,0.232,0.2302,0.2319,1433464.9
2026-08-22 01:30:00,0.232,0.2328,0.2316,0.2321,1038551.7
2026-08-22 01:35:00,0.2322,0.2323,0.2315,0.2315,790433.0
2026-08-22 01:40:00,0.2316,0.2324,0.2313,0.2318,517354.8
2026-08-22 01:45:00,0.2319,0.2325,0.231,0.2312,530105.1
2026-08-22 01:50:00,0.2311,0.2314,0.2295,0.2305,1753389.5
2026-08-22 01:55:00,0.2306,0.2316,0.2297,0.2297,661235.5
2026-08-22 02:00:00,0.2298,0.2321,0.2298,0.232,696277.2
2026-08-22 02:05:00,0.2321,0.2326,0.2317,0.2323,375127.3
2026-08-22 02:10:00,0.2323,0.2323,0.2315,0.2316,435086.7
2026-08-22 02:15:00,0.2316,0.2329,0.2314,0.2326,758761.4
2026-08-22 02:20:00,0.2325,0.2339,0.2324,0.2334,2108472.4
2026-08-22 02:25:00,0.2335,0.2345,0.2333,0.2341,1556657.3
2026-08-22 02:30:00,0.2341,0.2359,0.2341,0.2357,1893126.2
2026-08-22 02:35:00,0.2356,0.2356,0.2341,0.2351,707512.7
2026-08-22 02:40:00,0.2351,0.2383,0.2351,0.2375,2763847.1
2026-08-22 02:45:00,0.2374,0.2392,0.2372,0.2384,1646073.8
2026-08-22 02:50:00,0.2385,0.24,0.2381,0.2398,1376009.9
2026-08-22 02:55:00,0.2398,0.2423,0.2398,0.2421,3283087.2
2026-08-22 03:00:00,0.2421,0.2422,0.2406,0.241,1867547.4
2026-08-22 03:05:00,0.241,0.2415,0.2402,0.2411,1656965.7
2026-08-22 03:10:00,0.2412,0.2412,0.2397,0.24,1305652.9
2026-08-22 03:15:00,0.24,0.2436,0.24,0.2435,1759057.2
2026-08-22 03:20:00,0.2435,0.2463,0.2435,0.2453,2688298.5
2026-08-22 03:25:00,0.2454,0.2487,0.2454,0.2482,3337106.0
2026-08-22 03:30:00,0.2482,0.2488,0.246,0.2466,1787237.5
2026-08-22 03:35:00,0.2467,0.247,0.2453,0.2464,2061919.6
2026-08-22 03:40:00,0.2464,0.2467,0.2426,0.2439,2211656.8
2026-08-22 03:45:00,0.2438,0.2461,0.2438,0.2458,1912200.1
2026-08-22 03:50:00,0.2459,0.2461,0.2441,0.2444,1388489.7
2026-08-22 03:55:00,0.2444,0.2455,0.2436,0.2439,1562544.1
2026-08-22 04:00:00,0.2439,0.2456,0.243,0.245,1157640.4
2026-08-22 04:05:00,0.245,0.2483,0.2449,0.2481,4142528.2
2026-08-22 04:10:00,0.248,0.248,0.2464,0.2473,1487752.7
2026-08-22 04:15:00,0.2474,0.2481,0.2449,0.2455,1556349.8
2026-08-22 04:20:00,0.2455,0.2481,0.2455,0.2476,1724944.5
2026-08-22 04:25:00,0.2476,0.2489,0.2471,0.2487,1255951.4
2026-08-22 04:30:00,0.2488,0.253,0.2486,0.2527,7329829.9
2026-08-22 04:35:00,0.2528,0.253,0.2514,0.2518,2790924.7
2026-08-22 04:40:00,0.2518,0.257,0.2518,0.2563,4123903.9
2026-08-22 04:45:00,0.2562,0.2584,0.2544,0.2556,6010796.4
2026-08-22 04:50:00,0.2556,0.2563,0.2535,0.2535,4096293.2
2026-08-22 04:55:00,0.2535,0.2551,0.2529,0.2541,3434768.0
2026-08-22 05:00:00,0.254,0.2572,0.2538,0.2555,3810105.2
2026-08-22 05:05:00,0.2555,0.2555,0.2371,0.2374,11630091.0
2026-08-22 05:10:00,0.2373,0.2391,0.2088,0.2306,44469262.6
2026-08-22 05:15:00,0.2307,0.2345,0.2216,0.2269,19585220.9
2026-08-22 05:20:00,0.2268,0.2291,0.2222,0.2273,12809441.5
2026-08-22 05:25:00,0.2273,0.2321,0.2268,0.2303,7275616.3
2026-08-22 05:30:00,0.2302,0.2322,0.2273,0.232,3366151.8
2026-08-22 05:35:00,0.2321,0.2355,0.2301,0.2306,4788228.6
2026-08-22 05:40:00,0.2305,0.2314,0.2288,0.2306,2536188.7
2026-08-22 05:45:00,0.2306,0.2341,0.23,0.2339,6217230.6
2026-08-22 05:50:00,0.2339,0.2346,0.2314,0.2324,4073783.8
2026-08-22 05:55:00,0.2324,0.2334,0.2316,0.2326,1158585.1
2026-08-22 06:00:00,0.2326,0.2339,0.2323,0.2325,1910104.3
2026-08-22 06:05:00,0.2326,0.2328,0.2305,0.2327,1541945.0
2026-08-22 06:10:00,0.2327,0.2331,0.2296,0.2301,2461637.5
2026-08-22 06:15:00,0.2302,0.2324,0.2302,0.2316,1515240.1
2026-08-22 06:20:00,0.2316,0.2327,0.2314,0.2324,2229177.5
2026-08-22 06:25:00,0.2323,0.2332,0.2314,0.2322,1151054.0
2026-08-22 06:30:00,0.2321,0.2321,0.2286,0.2301,2616340.9
2026-08-22 06:35:00,0.2302,0.2341,0.2301,0.2339,1585809.5
2026-08-22 06:40:00,0.2338,0.2351,0.2335,0.2336,1039910.6
2026-08-22 06:45:00,0.2336,0.2351,0.2335,0.2347,808634.9
2026-08-22 06:50:00,0.2347,0.2352,0.2327,0.2333,908475.4
2026-08-22 06:55:00,0.2332,0.2342,0.2327,0.2339,482684.5
2026-08-22 07:00:00,0.2339,0.2352,0.2332,0.2349,1017828.1
2026-08-22 07:05:00,0.2348,0.2357,0.2332,0.2333,740704.0
2026-08-22 07:10:00,0.2333,0.2336,0.2317,0.2329,2044257.4
2026-08-22 07:15:00,0.233,0.2333,0.2317,0.2325,542774.9
2026-08-22 07:20:00,0.2324,0.235,0.2323,0.2346,904066.1
2026-08-22 07:25:00,0.2345,0.2357,0.2342,0.2352,1191836.9
2026-08-22 07:30:00,0.2351,0.2366,0.2347,0.2356,1081634.3
2026-08-22 07:35:00,0.2356,0.2357,0.2341,0.2345,642924.3
2026-08-22 07:40:00,0.2346,0.2352,0.2329,0.2344,1278083.4
2026-08-22 07:45:00,0.2343,0.2346,0.2327,0.2331,577033.9
2026-08-22 07:50:00,0.233,0.2337,0.2324,0.2333,814409.4
2026-08-22 07:55:00,0.2333,0.2335,0.2308,0.2314,3784468.8
2026-08-22 08:00:00,0.2314,0.2328,0.2301,0.2301,1513358.3
2026-08-22 08:05:00,0.2302,0.2325,0.2301,0.2319,965965.3
2026-08-22 08:10:00,0.2319,0.2337,0.2319,0.233,933254.6
2026-08-22 08:15:00,0.2329,0.2333,0.2318,0.2318,488372.0
2026-08-22 08:20:00,0.2319,0.2325,0.2306,0.2307,933112.1
2026-08-22 08:25:00,0.2307,0.2309,0.2272,0.2282,4417170.9
2026-08-22 08:30:00,0.2283,0.2283,0.2254,0.2263,3045379.5
2026-08-22 08:35:00,0.2264,0.2268,0.2243,0.226,3587611.3
2026-08-22 08:40:00,0.226,0.2272,0.2247,0.2269,1454750.4
2026-08-22 08:45:00,0.2269,0.2269,0.2257,0.2267,1811188.8
2026-08-22 08:50:00,0.2266,0.2273,0.2265,0.2268,929999.0
2026-08-22 08:55:00,0.2267,0.2272,0.2263,0.227,1202006.3
2026-08-22 09:00:00,0.227,0.2271,0.2234,0.2239,2174876.1
2026-08-22 09:05:00,0.2239,0.2256,0.2238,0.2254,1270133.8
2026-08-22 09:10:00,0.2255,0.2265,0.225,0.2261,1286466.2
2026-08-22 09:15:00,0.2262,0.2276,0.2258,0.227,974342.7
2026-08-22 09:20:00,0.2271,0.2274,0.2263,0.2263,555381.7
2026-08-22 09:25:00,0.2264,0.2267,0.2255,0.2267,934406.5
2026-08-22 09:30:00,0.2267,0.2273,0.2259,0.2263,682773.5
2026-08-22 09:35:00,0.2263,0.2271,0.2256,0.2258,792325.2
2026-08-22 09:40:00,0.2259,0.2271,0.2259,0.2269,371408.8
2026-08-22 09:45:00,0.227,0.227,0.2244,0.2248,1997079.8
2026-08-22 09:50:00,0.2248,0.226,0.2247,0.2251,2980050.5
2026-08-22 09:55:00,0.2251,0.226,0.225,0.2259,721059.1
2026-08-22 10:00:00,0.2259,0.226,0.2218,0.2225,3112521.3
2026-08-22 10:05:00,0.2226,0.2226,0.2208,0.2214,2297779.7
2026-08-22 10:10:00,0.2213,0.2216,0.2198,0.2205,2416896.9
2026-08-22 10:15:00,0.2206,0.2218,0.2195,0.2196,2335789.2
2026-08-22 10:20:00,0.2196,0.2203,0.2173,0.2179,3806219.2
2026-08-22 10:25:00,0.2179,0.2215,0.2178,0.2212,3676580.6
2026-08-22 10:30:00,0.2212,0.2225,0.2207,0.2224,781046.3
2026-08-22 10:35:00,0.2223,0.2237,0.2221,0.2233,758615.5
2026-08-22 10:40:00,0.2233,0.2239,0.2233,0.2236,839514.8
2026-08-22 10:45:00,0.2236,0.2237,0.2219,0.2226,1741634.9
2026-08-22 10:50:00,0.2227,0.2229,0.2219,0.222,575963.3
2026-08-22 10:55:00,0.222,0.2228,0.2205,0.2225,1384325.6
2026-08-22 11:00:00,0.2225,0.2228,0.2208,0.2222,545512.9
2026-08-22 11:05:00,0.2223,0.2234,0.2222,0.2223,980010.9
2026-08-22 11:10:00,0.2223,0.2235,0.2221,0.2228,1093282.5
2026-08-22 11:15:00,0.2227,0.2231,0.2215,0.2217,591616.9
2026-08-22 11:20:00,0.2217,0.2223,0.2216,0.2217,584862.7
2026-08-22 11:25:00,0.2217,0.2227,0.2217,0.2225,976513.4
2026-08-22 11:30:00,0.2224,0.2238,0.2221,0.2236,519864.5
2026-08-22 11:35:00,0.2236,0.2244,0.2233,0.2235,1852218.9
2026-08-22 11:40:00,0.2236,0.2243,0.2235,0.2242,653508.5
2026-08-22 11:45:00,0.2241,0.2243,0.2234,0.2234,656557.6
2026-08-22 11:50:00,0.2233,0.2237,0.223,0.2235,991699.3
2026-08-22 11:55:00,0.2235,0.2242,0.2234,0.2239,469639.5
2026-08-22 12:00:00,0.2239,0.2254,0.2232,0.224,1279910.0
2026-08-22 12:05:00,0.224,0.2256,0.2237,0.2252,1358881.2
2026-08-22 12:10:00,0.2252,0.2267,0.2252,0.2265,1447938.0
2026-08-22 12:15:00,0.2266,0.2271,0.2257,0.2268,1749305.9
2026-08-22 12:20:00,0.2268,0.2273,0.2265,0.2271,883465.8
2026-08-22 12:25:00,0.227,0.2272,0.2263,0.2266,1006184.4
2026-08-22 12:30:00,0.2266,0.2268,0.2259,0.2262,633813.5
2026-08-22 12:35:00,0.2262,0.2265,0.2257,0.2263,691318.5
2026-08-22 12:40:00,0.2264,0.2276,0.2264,0.2273,758258.6
2026-08-22 12:45:00,0.2272,0.2274,0.2266,0.2269,542707.0
2026-08-22 12:50:00,0.2269,0.2271,0.2262,0.2266,516673.1
2026-08-22 12:55:00,0.2265,0.2266,0.2257,0.2257,603085.9
2026-08-22 13:00:00,0.2257,0.2262,0.2245,0.2255,1647786.0
2026-08-22 13:05:00,0.2256,0.2263,0.2256,0.2263,776546.7
2026-08-22 13:10:00,0.2263,0.2263,0.2254,0.2263,877927.6
2026-08-22 13:15:00,0.2263,0.2268,0.2253,0.2256,1088218.5
2026-08-22 13:20:00,0.2256,0.2267,0.2251,0.2267,652760.7
2026-08-22 13:25:00,0.2266,0.2275,0.2261,0.2262,574028.7
2026-08-22 13:30:00,0.2263,0.2268,0.2255,0.2256,455486.6
2026-08-22 13:35:00,0.2257,0.226,0.2247,0.2252,567550.6
2026-08-22 13:40:00,0.2252,0.2257,0.2249,0.2257,687594.9
2026-08-22 13:45:00,0.2257,0.2266,0.2255,0.2263,373558.5
2026-08-22 13:50:00,0.2263,0.228,0.2263,0.2271,1134404.5
2026-08-22 13:55:00,0.2272,0.2272,0.2264,0.2265,226028.5
2026-08-22 14:00:00,0.2266,0.2267,0.2253,0.2255,523344.6
2026-08-22 14:05:00,0.2255,0.2256,0.2233,0.2249,2587503.0
2026-08-22 14:10:00,0.2249,0.2257,0.2245,0.2251,1061699.8
2026-08-22 14:15:00,0.2252,0.2254,0.2239,0.2247,418964.2
2026-08-22 14:20:00,0.2247,0.2251,0.2243,0.2247,355302.3
2026-08-22 14:25:00,0.2247,0.2248,0.224,0.2245,532952.1
2026-08-22 14:30:00,0.2245,0.2261,0.224,0.2257,932929.8
2026-08-22 14:35:00,0.2258,0.2261,0.2244,0.2246,328582.5
2026-08-22 14:40:00,0.2247,0.2252,0.2241,0.2241,477835.2
2026-08-22 14:45:00,0.2242,0.2243,0.2233,0.2235,834731.1
2026-08-22 14:50:00,0.2236,0.2244,0.2228,0.223,1110739.3
2026-08-22 14:55:00,0.2231,0.2245,0.2229,0.2244,573314.9
2026-08-22 15:00:00,0.2244,0.2254,0.2236,0.2241,574173.7
2026-08-22 15:05:00,0.2241,0.2247,0.2231,0.2232,609064.6
2026-08-22 15:10:00,0.2233,0.2241,0.2223,0.2225,665428.6
2026-08-22 15:15:00,0.2225,0.2233,0.2218,0.2221,881729.1
2026-08-22 15:20:00,0.222,0.2227,0.2211,0.2224,678977.8
2026-08-22 15:25:00,0.2224,0.2233,0.2218,0.223,824519.7
2026-08-22 15:30:00,0.2231,0.2248,0.2229,0.2247,575738.9
2026-08-22 15:35:00,0.2246,0.2247,0.2232,0.2238,461058.5
2026-08-22 15:40:00,0.2237,0.2237,0.223,0.2235,453154.5
2026-08-22 15:45:00,0.2236,0.2239,0.223,0.2232,278544.7
2026-08-22 15:50:00,0.2231,0.2232,0.2223,0.2227,298759.8
2026-08-22 15:55:00,0.2228,0.2233,0.2223,0.2223,394101.3
2026-08-22 16:00:00,0.2224,0.2236,0.2224,0.2236,400686.3
2026-08-22 16:05:00,0.2236,0.224,0.2233,0.2235,656210.3
2026-08-22 16:10:00,0.2234,0.2237,0.2223,0.2237,440570.9
2026-08-22 16:15:00,0.2237,0.2261,0.2236,0.2257,732968.5
2026-08-22 16:20:00,0.2257,0.2266,0.2254,0.2263,498622.0
2026-08-22 16:25:00,0.2262,0.2266,0.2258,0.226,487703.7
2026-08-22 16:30:00,0.226,0.2264,0.2256,0.2257,688415.0
2026-08-22 16:35:00,0.2257,0.2267,0.2254,0.2265,423821.1
2026-08-22 16:40:00,0.2265,0.2281,0.2265,0.2273,1625683.7
2026-08-22 16:45:00,0.2272,0.2279,0.2271,0.2274,616112.9
2026-08-22 16:50:00,0.2273,0.2274,0.2264,0.2267,545758.3
2026-08-22 16:55:00,0.2268,0.227,0.2262,0.2264,289378.3
2026-08-22 17:00:00,0.2265,0.2269,0.226,0.2263,311577.6
2026-08-22 17:05:00,0.2264,0.2269,0.2257,0.2262,483710.7
2026-08-22 17:10:00,0.2263,0.2268,0.2262,0.2267,254168.5
2026-08-22 17:15:00,0.2267,0.2279,0.2267,0.2279,307022.3
2026-08-22 17:20:00,0.2278,0.2281,0.2273,0.2278,222235.9
2026-08-22 17:25:00,0.2278,0.228,0.2252,0.2257,941613.3
2026-08-22 17:30:00,0.2257,0.2273,0.2257,0.227,305375.8
2026-08-22 17:35:00,0.227,0.2274,0.2269,0.2269,448533.0
2026-08-22 17:40:00,0.2269,0.2279,0.2269,0.2279,199144.6
2026-08-22 17:45:00,0.2279,0.2286,0.2275,0.2284,225014.5
2026-08-22 17:50:00,0.2283,0.2297,0.228,0.2281,764832.3
2026-08-22 17:55:00,0.2282,0.2283,0.2277,0.2281,407871.6
2026-08-22 18:00:00,0.2282,0.2289,0.2281,0.2286,342588.1
2026-08-22 18:05:00,0.2286,0.229,0.2279,0.228,343741.5
2026-08-22 18:10:00,0.2281,0.2284,0.228,0.2282,359641.5
2026-08-22 18:15:00,0.2283,0.2291,0.2283,0.2287,360570.8
2026-08-22 18:20:00,0.2287,0.23,0.2287,0.2296,906379.6
2026-08-22 18:25:00,0.2296,0.2296,0.2289,0.229,394503.4
2026-08-22 18:30:00,0.229,0.2297,0.2288,0.2296,230771.3
2026-08-22 18:35:00,0.2297,0.2297,0.2287,0.2289,166025.1
2026-08-22 18:40:00,0.2288,0.2294,0.2281,0.2283,378058.8
2026-08-22 18:45:00,0.2283,0.2287,0.2275,0.228,399883.1
2026-08-22 18:50:00,0.228,0.2281,0.2272,0.228,316005.9
2026-08-22 18:55:00,0.228,0.2295,0.2279,0.2294,260290.5
2026-08-22 19:00:00,0.2294,0.2301,0.2291,0.2296,566427.5
2026-08-22 19:05:00,0.2296,0.2296,0.2285,0.229,532057.0
2026-08-22 19:10:00,0.229,0.2297,0.2287,0.2296,561837.1
2026-08-22 19:15:00,0.2295,0.2302,0.2292,0.2294,235236.8
2026-08-22 19:20:00,0.2295,0.2295,0.2289,0.2289,131074.7
2026-08-22 19:25:00,0.2289,0.2294,0.2286,0.2291,287467.2
2026-08-22 19:30:00,0.229,0.2309,0.229,0.2302,635989.7
2026-08-22 19:35:00,0.2302,0.2305,0.2298,0.23,250925.3
2026-08-22 19:40:00,0.2299,0.2312,0.2299,0.2311,292896.6
2026-08-22 19:45:00,0.231,0.2318,0.2308,0.2315,431283.0
2026-08-22 19:50:00,0.2315,0.2319,0.231,0.2312,840231.0
2026-08-22 19:55:00,0.2311,0.2316,0.2309,0.2312,274915.4
2026-08-22 20:00:00,0.2313,0.232,0.2308,0.2318,600584.0
2026-08-22 20:05:00,0.2318,0.2328,0.2316,0.2323,381282.6
2026-08-22 20:10:00,0.2323,0.2342,0.2322,0.2338,676463.4
2026-08-22 20:15:00,0.2339,0.2339,0.2319,0.232,1263406.9
2026-08-22 20:20:00,0.2321,0.2323,0.2315,0.2315,446292.6
2026-08-22 20:25:00,0.2315,0.232,0.2309,0.2309,463672.2
2026-08-22 20:30:00,0.2309,0.2312,0.2303,0.2308,442304.9
2026-08-22 20:35:00,0.2307,0.232,0.2304,0.232,596025.9
2026-08-22 20:40:00,0.232,0.2324,0.2315,0.2317,1092587.9
2026-08-22 20:45:00,0.2318,0.2319,0.2311,0.2312,152998.1
2026-08-22 20:50:00,0.2312,0.2313,0.2306,0.2311,552162.5
2026-08-22 20:55:00,0.2311,0.2315,0.2302,0.2306,453713.8
2026-08-22 21:00:00,0.2306,0.2307,0.2273,0.2277,1087067.8
2026-08-22 21:05:00,0.2277,0.2286,0.2277,0.2283,418953.5
2026-08-22 21:10:00,0.2283,0.2283,0.2266,0.2268,1471240.8
2026-08-22 21:15:00,0.2268,0.2281,0.2268,0.2281,441130.7
2026-08-22 21:20:00,0.2281,0.2283,0.2278,0.2278,367285.2
2026-08-22 21:25:00,0.2279,0.2288,0.2276,0.2282,686647.3
2026-08-22 21:30:00,0.2281,0.2283,0.2258,0.2269,1374486.1
2026-08-22 21:35:00,0.227,0.227,0.2246,0.2257,2030121.6
2026-08-22 21:40:00,0.2257,0.2262,0.2247,0.2261,680835.2
2026-08-22 21:45:00,0.226,0.226,0.224,0.2248,713195.1
2026-08-22 21:50:00,0.2247,0.2248,0.2235,0.224,483867.0
2026-08-22 21:55:00,0.224,0.2245,0.2234,0.2235,483034.8
2026-08-22 22:00:00,0.2236,0.2254,0.2226,0.2242,1752572.6
2026-08-22 22:05:00,0.2243,0.2267,0.2242,0.2262,878235.3
2026-08-22 22:10:00,0.2261,0.2267,0.2258,0.2265,243933.4
2026-08-22 22:15:00,0.2264,0.2271,0.2258,0.2259,187807.0
2026-08-22 22:20:00,0.226,0.2266,0.2257,0.2262,243371.2
2026-08-22 22:25:00,0.2262,0.2272,0.2262,0.2269,367730.2
2026-08-22 22:30:00,0.2269,0.2269,0.2256,0.2266,497665.7
2026-08-22 22:35:00,0.2266,0.2275,0.2264,0.2268,273741.5
2026-08-22 22:40:00,0.2267,0.2272,0.2265,0.2265,190720.3
2026-08-22 22:45:00,0.2266,0.2273,0.2266,0.2271,123728.1
2026-08-22 22:50:00,0.2271,0.2276,0.2269,0.2273,78409.7
2026-08-22 22:55:00,0.2273,0.2273,0.2263,0.2268,297000.3
2026-08-22 23:00:00,0.2269,0.227,0.226,0.2269,138851.8
2026-08-22 23:05:00,0.2269,0.2271,0.2264,0.2264,88536.3
2026-08-22 23:10:00,0.2263,0.2266,0.2259,0.2261,127599.5
2026-08-22 23:15:00,0.2261,0.2262,0.2257,0.226,161794.6
2026-08-22 23:20:00,0.226,0.2263,0.2255,0.2256,188906.0
2026-08-22 23:25:00,0.2256,0.2263,0.2253,0.2253,178901.4
2026-08-22 23:30:00,0.2254,0.2254,0.2245,0.2246,285097.0
2026-08-22 23:35:00,0.2246,0.2257,0.2245,0.2256,259487.1
2026-08-22 23:40:00,0.2256,0.2262,0.2255,0.2258,297936.6
2026-08-22 23:45:00,0.2258,0.2265,0.2258,0.2265,70246.8
2026-08-22 23:50:00,0.2265,0.2267,0.2262,0.2267,154954.5
2026-08-22 23:55:00,0.2266,0.2266,0.226,0.226,123480.4
2026-08-23 00:00:00,0.226,0.2264,0.2256,0.2263,318774.3
2026-08-23 00:05:00,0.2263,0.2263,0.2252,0.2256,544684.8
2026-08-23 00:10:00,0.2255,0.2257,0.2247,0.2254,265484.0
2026-08-23 00:15:00,0.2254,0.226,0.2251,0.2258,161020.0
2026-08-23 00:20:00,0.2258,0.2262,0.2252,0.2261,494359.6
2026-08-23 00:25:00,0.2261,0.2273,0.226,0.227,781740.4
2026-08-23 00:30:00,0.227,0.2276,0.2268,0.2269,421876.1
2026-08-23 00:35:00,0.2268,0.2289,0.2267,0.2281,1348031.4
2026-08-23 00:40:00,0.228,0.2282,0.2273,0.2274,487234.5
2026-08-23 00:45:00,0.2275,0.2285,0.227,0.2283,284664.6
2026-08-23 00:50:00,0.2282,0.2292,0.2278,0.229,497397.7
2026-08-23 00:55:00,0.229,0.2296,0.2288,0.2288,657715.1
2026-08-23 01:00:00,0.2287,0.2288,0.2273,0.2274,919378.3
2026-08-23 01:05:00,0.2275,0.228,0.2267,0.2276,629055.5
2026-08-23 01:10:00,0.2276,0.2281,0.2274,0.2281,639786.8
2026-08-23 01:15:00,0.2282,0.2283,0.2268,0.2271,386576.2
2026-08-23 01:20:00,0.2271,0.2277,0.227,0.2275,267471.2
2026-08-23 01:25:00,0.2274,0.2274,0.2269,0.227,82240.6
2026-08-23 01:30:00,0.2271,0.2278,0.2264,0.227,512965.7
2026-08-23 01:35:00,0.227,0.227,0.2262,0.2266,106941.7
2026-08-23 01:40:00,0.2265,0.2274,0.2258,0.2272,535740.7
2026-08-23 01:45:00,0.2271,0.2279,0.2267,0.2269,267669.6
2026-08-23 01:50:00,0.2269,0.2272,0.2264,0.2265,165460.5
2026-08-23 01:55:00,0.2265,0.2265,0.2255,0.2261,472794.4
2026-08-23 02:00:00,0.2261,0.2263,0.2253,0.2254,195228.4
2026-08-23 02:05:00,0.2254,0.2254,0.2243,0.2249,514600.3
2026-08-23 02:10:00,0.2249,0.2249,0.2227,0.2227,2528516.0
2026-08-23 02:15:00,0.2228,0.2241,0.2227,0.2235,396377.8
2026-08-23 02:20:00,0.2234,0.2235,0.2215,0.2222,1237122.4
2026-08-23 02:25:00,0.2222,0.2228,0.2218,0.2224,497493.6
2026-08-23 02:30:00,0.2224,0.2239,0.2223,0.2239,427109.1
2026-08-23 02:35:00,0.2239,0.2242,0.2233,0.2234,373439.9
2026-08-23 02:40:00,0.2235,0.2237,0.2231,0.2235,216436.3
2026-08-23 02:45:00,0.2234,0.2244,0.2233,0.224,131185.9
2026-08-23 02:50:00,0.2241,0.2253,0.2231,0.2234,1828491.1
2026-08-23 02:55:00,0.2235,0.2237,0.2231,0.2233,205987.0
2026-08-23 03:00:00,0.2233,0.2238,0.223,0.223,328526.7
2026-08-23 03:05:00,0.2231,0.2231,0.2217,0.222,794067.1
2026-08-23 03:10:00,0.222,0.2226,0.2218,0.2224,489234.3
2026-08-23 03:15:00,0.2225,0.2237,0.2221,0.2225,332066.3
2026-08-23 03:20:00,0.2224,0.2226,0.2205,0.2213,880104.4
2026-08-23 03:25:00,0.2213,0.2218,0.221,0.2211,461447.4
2026-08-23 03:30:00,0.2211,0.2211,0.2198,0.22,1250925.3
2026-08-23 03:35:00,0.22,0.2204,0.2183,0.2189,2477662.3
2026-08-23 03:40:00,0.2188,0.2194,0.2178,0.2183,1669108.4
2026-08-23 03:45:00,0.2184,0.2205,0.2184,0.2204,1564531.3
2026-08-23 03:50:00,0.2203,0.2204,0.2194,0.2197,765539.2
2026-08-23 03:55:00,0.2196,0.2197,0.2193,0.2195,437156.0
2026-08-23 04:00:00,0.2195,0.2196,0.2181,0.2183,388699.1
2026-08-23 04:05:00,0.2183,0.2193,0.2175,0.2185,945411.1
2026-08-23 04:10:00,0.2185,0.2206,0.2185,0.2205,616422.3
2026-08-23 04:15:00,0.2205,0.2209,0.2189,0.219,538052.2
2026-08-23 04:20:00,0.219,0.2195,0.2188,0.2193,680756.2
2026-08-23 04:25:00,0.2193,0.2198,0.2191,0.2196,834284.0
2026-08-23 04:30:00,0.2195,0.2196,0.2187,0.2188,550197.2
2026-08-23 04:35:00,0.2188,0.2192,0.2181,0.2187,532267.4
2026-08-23 04:40:00,0.2186,0.2192,0.2183,0.2185,417772.5
2026-08-23 04:45:00,0.2186,0.2186,0.215,0.2153,3066013.6
2026-08-23 04:50:00,0.2153,0.2171,0.2153,0.217,804274.7
2026-08-23 04:55:00,0.217,0.2171,0.2157,0.2157,636636.7
2026-08-23 05:00:00,0.2157,0.2169,0.2154,0.2164,953811.5
2026-08-23 05:05:00,0.2165,0.2169,0.2149,0.2157,1120968.0
2026-08-23 05:10:00,0.2156,0.2164,0.2149,0.215,1076538.5
2026-08-23 05:15:00,0.215,0.2172,0.2133,0.2171,3753783.5
2026-08-23 05:20:00,0.2171,0.2185,0.2166,0.2184,998769.9
2026-08-23 05:25:00,0.2184,0.2187,0.2176,0.2177,1150152.4
2026-08-23 05:30:00,0.2177,0.2186,0.2176,0.2178,466899.1
2026-08-23 05:35:00,0.2178,0.218,0.2163,0.2167,782316.3
2026-08-23 05:40:00,0.2167,0.2169,0.2161,0.2164,506759.8
2026-08-23 05:45:00,0.2165,0.2167,0.2158,0.2163,438949.0
2026-08-23 05:50:00,0.2162,0.2164,0.2154,0.2157,1262891.0
2026-08-23 05:55:00,0.2157,0.2157,0.2147,0.2148,1007556.6
2026-08-23 06:00:00,0.2148,0.2152,0.2138,0.2151,1324902.5
2026-08-23 06:05:00,0.2151,0.2151,0.2137,0.2137,798514.3
2026-08-23 06:10:00,0.2138,0.2156,0.2137,0.2152,638699.2
2026-08-23 06:15:00,0.2152,0.2166,0.2151,0.2166,953855.0
2026-08-23 06:20:00,0.2165,0.2169,0.2155,0.2156,740023.0
2026-08-23 06:25:00,0.2157,0.2161,0.2151,0.2157,481549.0
2026-08-23 06:30:00,0.2157,0.2171,0.2157,0.2168,424144.0
2026-08-23 06:35:00,0.2168,0.2168,0.2159,0.2162,443633.1
2026-08-23 06:40:00,0.2162,0.2163,0.2158,0.2161,145464.7
2026-08-23 06:45:00,0.2161,0.2166,0.2156,0.2157,171637.8
2026-08-23 06:50:00,0.2157,0.2161,0.2155,0.2157,292900.7
2026-08-23 06:55:00,0.2156,0.2156,0.2148,0.2155,369506.7
2026-08-23 07:00:00,0.2154,0.2157,0.215,0.2157,413754.3
2026-08-23 07:05:00,0.2158,0.2166,0.2156,0.2165,358181.2
2026-08-23 07:10:00,0.2166,0.2174,0.2165,0.2171,542545.6
2026-08-23 07:15:00,0.2172,0.2182,0.2169,0.2175,1626649.2
2026-08-23 07:20:00,0.2174,0.2174,0.2169,0.217,314380.7
2026-08-23 07:25:00,0.217,0.2176,0.217,0.2173,197850.6
2026-08-23 07:30:00,0.2174,0.2175,0.2167,0.217,438188.4
2026-08-23 07:35:00,0.2169,0.2172,0.2164,0.2172,384389.3
2026-08-23 07:40:00,0.2171,0.2173,0.2166,0.2168,300745.7
2026-08-23 07:45:00,0.2169,0.2177,0.2166,0.2174,598465.8
2026-08-23 07:50:00,0.2175,0.218,0.2174,0.2174,282796.6
2026-08-23 07:55:00,0.2173,0.2177,0.217,0.2177,165689.9
2026-08-23 08:00:00,0.2177,0.218,0.2174,0.2178,298810.1
2026-08-23 08:05:00,0.2178,0.2196,0.2176,0.2193,2089658.5
2026-08-23 08:10:00,0.2192,0.2196,0.2188,0.2194,479461.5
2026-08-23 08:15:00,0.2193,0.2197,0.219,0.2194,814858.6
2026-08-23 08:20:00,0.2194,0.2194,0.2189,0.2192,258142.1
2026-08-23 08:25:00,0.2193,0.2195,0.2189,0.2193,630225.1
2026-08-23 08:30:00,0.2193,0.2196,0.219,0.2196,376435.7
2026-08-23 08:35:00,0.2196,0.2203,0.2191,0.2201,1021526.9
2026-08-23 08:40:00,0.2201,0.2207,0.2198,0.2201,653722.2
2026-08-23 08:45:00,0.2201,0.2204,0.2197,0.2197,439750.9
2026-08-23 08:50:00,0.2197,0.2201,0.2193,0.2196,156216.0
2026-08-23 08:55:00,0.2197,0.22,0.2194,0.2197,253072.7
2026-08-23 09:00:00,0.2197,0.2208,0.2194,0.2206,470822.2
2026-08-23 09:05:00,0.2206,0.2207,0.2199,0.2201,425962.3
2026-08-23 09:10:00,0.22,0.2202,0.2199,0.2201,170169.0
2026-08-23 09:15:00,0.2201,0.2206,0.2196,0.22,416904.2
2026-08-23 09:20:00,0.22,0.2204,0.2198,0.2201,240510.5
2026-08-23 09:25:00,0.2201,0.2207,0.2201,0.2206,148048.1
2026-08-23 09:30:00,0.2205,0.2205,0.2193,0.2194,264059.5
2026-08-23 09:35:00,0.2195,0.2197,0.2189,0.2193,521435.7
2026-08-23 09:40:00,0.2193,0.2201,0.2192,0.2198,475471.8
2026-08-23 09:45:00,0.2198,0.2199,0.2191,0.2198,149104.2
2026-08-23 09:50:00,0.2198,0.2208,0.2197,0.2207,169448.5
2026-08-23 09:55:00,0.2206,0.2208,0.2203,0.2205,122093.0
2026-08-23 10:00:00,0.2204,0.2213,0.2204,0.2208,271618.8
2026-08-23 10:05:00,0.2208,0.2214,0.2208,0.221,1042199.8
2026-08-23 10:10:00,0.2211,0.2212,0.2207,0.2209,187425.9
2026-08-23 10:15:00,0.221,0.2215,0.221,0.2214,320092.9
2026-08-23 10:20:00,0.2215,0.2232,0.2214,0.2227,1203999.0
2026-08-23 10:25:00,0.2227,0.2228,0.2217,0.2223,1441097.8
2026-08-23 10:30:00,0.2224,0.2228,0.2221,0.2225,575378.5
2026-08-23 10:35:00,0.2225,0.2228,0.222,0.2223,228043.3
2026-08-23 10:40:00,0.2222,0.2225,0.222,0.2223,408930.8
2026-08-23 10:45:00,0.2222,0.2222,0.2218,0.2219,118145.2
2026-08-23 10:50:00,0.2219,0.222,0.2214,0.222,282990.7
2026-08-23 10:55:00,0.2219,0.2219,0.2213,0.2215,336572.0
2026-08-23 11:00:00,0.2215,0.222,0.2214,0.2215,146897.6
2026-08-23 11:05:00,0.2216,0.2223,0.2216,0.2217,365314.3
2026-08-23 11:10:00,0.2217,0.222,0.2216,0.2219,68655.1
2026-08-23 11:15:00,0.2218,0.2222,0.2215,0.2222,188275.5
2026-08-23 11:20:00,0.2222,0.2253,0.2222,0.2252,2624193.1
2026-08-23 11:25:00,0.2251,0.2252,0.2237,0.2239,774447.1
2026-08-23 11:30:00,0.2238,0.2245,0.2233,0.2242,916320.0
2026-08-23 11:35:00,0.2242,0.2251,0.224,0.2251,826543.6
2026-08-23 11:40:00,0.2251,0.2252,0.2245,0.2249,1022024.5
2026-08-23 11:45:00,0.2248,0.2251,0.2244,0.2245,696988.1
2026-08-23 11:50:00,0.2245,0.2253,0.2245,0.2253,353160.5
2026-08-23 11:55:00,0.2253,0.2253,0.2248,0.225,392307.5
2026-08-23 12:00:00,0.2249,0.225,0.2242,0.2243,242901.5
2026-08-23 12:05:00,0.2244,0.2245,0.2233,0.2241,571846.8
2026-08-23 12:10:00,0.224,0.2245,0.2234,0.2244,294351.3
2026-08-23 12:15:00,0.2245,0.2249,0.2241,0.2245,204017.0
2026-08-23 12:20:00,0.2245,0.225,0.2245,0.2249,574443.4
2026-08-23 12:25:00,0.2249,0.2249,0.2239,0.224,565663.1
2026-08-23 12:30:00,0.224,0.2249,0.224,0.2246,228636.3
2026-08-23 12:35:00,0.2247,0.2248,0.2244,0.2248,168933.8
2026-08-23 12:40:00,0.2248,0.2254,0.2247,0.2253,357606.5
2026-08-23 12:45:00,0.2253,0.2253,0.2245,0.2246,192859.3
2026-08-23 12:50:00,0.2247,0.2249,0.2241,0.2242,134359.1
2026-08-23 12:55:00,0.2243,0.2248,0.2243,0.2247,151858.3
2026-08-23 13:00:00,0.2248,0.2253,0.2248,0.225,383749.6
2026-08-23 13:05:00,0.2251,0.2256,0.2249,0.2251,368637.1
2026-08-23 13:10:00,0.2252,0.2254,0.225,0.2254,128553.2
2026-08-23 13:15:00,0.2254,0.2285,0.2251,0.228,3802615.8
2026-08-23 13:20:00,0.228,0.2283,0.2268,0.2277,1456506.8
2026-08-23 13:25:00,0.2276,0.228,0.2268,0.2269,2718830.5
2026-08-23 13:30:00,0.227,0.2277,0.2268,0.2271,297224.8
2026-08-23 13:35:00,0.227,0.2284,0.2266,0.2283,620074.0
2026-08-23 13:40:00,0.2283,0.2285,0.2276,0.2281,959082.4
2026-08-23 13:45:00,0.2282,0.2295,0.2275,0.2287,927962.5
2026-08-23 13:50:00,0.2287,0.23,0.2286,0.2299,1250507.5
2026-08-23 13:55:00,0.2298,0.2301,0.2293,0.2294,1316540.4
2026-08-23 14:00:00,0.2294,0.2296,0.229,0.2296,868264.4
2026-08-23 14:05:00,0.2297,0.2299,0.2282,0.2288,1064680.4
2026-08-23 14:10:00,0.2288,0.2303,0.2287,0.2303,1226034.9
2026-08-23 14:15:00,0.2303,0.2306,0.2296,0.2298,450429.3
2026-08-23 14:20:00,0.2298,0.2304,0.2284,0.2284,801351.5
2026-08-23 14:25:00,0.2284,0.2293,0.2273,0.228,1114815.0
2026-08-23 14:30:00,0.228,0.228,0.227,0.2272,1143005.5
2026-08-23 14:35:00,0.2273,0.2276,0.2267,0.2269,740564.8
2026-08-23 14:40:00,0.2269,0.2271,0.2208,0.2241,11535276.5
2026-08-23 14:45:00,0.2241,0.2259,0.2241,0.2258,1383429.0
2026-08-23 14:50:00,0.2259,0.2261,0.2247,0.2258,2062399.9
2026-08-23 14:55:00,0.2257,0.2258,0.225,0.2254,689676.0
2026-08-23 15:00:00,0.2255,0.2257,0.2238,0.2255,1807853.3
2026-08-23 15:05:00,0.2255,0.2263,0.2254,0.2255,1119059.1
2026-08-23 15:10:00,0.2256,0.2259,0.2243,0.2243,523290.0
2026-08-23 15:15:00,0.2244,0.2246,0.223,0.2232,1310988.3
2026-08-23 15:20:00,0.2233,0.225,0.2229,0.2247,957254.5
2026-08-23 15:25:00,0.2248,0.2251,0.2245,0.2248,249937.6
2026-08-23 15:30:00,0.2249,0.2253,0.2243,0.2246,339153.0
2026-08-23 15:35:00,0.2246,0.2256,0.2246,0.2256,200266.7
2026-08-23 15:40:00,0.2255,0.2262,0.2255,0.226,468848.0
2026-08-23 15:45:00,0.226,0.2263,0.2256,0.2258,839313.9
2026-08-23 15:50:00,0.2257,0.2262,0.2252,0.2253,239016.0
2026-08-23 15:55:00,0.2253,0.2255,0.2245,0.2246,319034.3
2026-08-23 16:00:00,0.2246,0.2256,0.2246,0.2255,375994.6
2026-08-23 16:05:00,0.2254,0.2254,0.2245,0.2245,133858.6
2026-08-23 16:10:00,0.2245,0.2252,0.2243,0.2251,126989.6
2026-08-23 16:15:00,0.2251,0.2251,0.2239,0.224,173865.0
2026-08-23 16:20:00,0.224,0.2246,0.2237,0.2244,293040.1
2026-08-23 16:25:00,0.2243,0.2247,0.224,0.2245,691339.4
2026-08-23 16:30:00,0.2245,0.226,0.2244,0.226,368714.5
2026-08-23 16:35:00,0.2261,0.2262,0.2254,0.2254,238678.5
2026-08-23 16:40:00,0.2255,0.2257,0.2251,0.2252,162899.6
2026-08-23 16:45:00,0.2252,0.2256,0.225,0.2252,549971.4
2026-08-23 16:50:00,0.2253,0.2261,0.2248,0.2249,208193.7
2026-08-23 16:55:00,0.2248,0.2251,0.2246,0.2251,196806.5
2026-08-23 17:00:00,0.225,0.2256,0.2236,0.2244,767484.3
2026-08-23 17:05:00,0.2245,0.2262,0.2245,0.2262,390986.1
2026-08-23 17:10:00,0.2263,0.2263,0.2257,0.226,142439.6
2026-08-23 17:15:00,0.226,0.2266,0.225,0.2265,380509.2
2026-08-23 17:20:00,0.2264,0.2268,0.2258,0.2258,210823.4
2026-08-23 17:25:00,0.2259,0.2263,0.2253,0.2255,248514.4
2026-08-23 17:30:00,0.2255,0.2256,0.2243,0.2254,487870.0
2026-08-23 17:35:00,0.2254,0.2259,0.2252,0.2252,200660.5
2026-08-23 17:40:00,0.2252,0.2256,0.2251,0.2252,178370.5
2026-08-23 17:45:00,0.2253,0.2262,0.2246,0.2248,654619.3
2026-08-23 17:50:00,0.2247,0.2251,0.2244,0.2245,376527.1
2026-08-23 17:55:00,0.2245,0.2247,0.2243,0.2246,427212.1
2026-08-23 18:00:00,0.2246,0.225,0.2242,0.2249,174697.5
2026-08-23 18:05:00,0.2249,0.2249,0.2243,0.2247,278295.0
2026-08-23 18:10:00,0.2247,0.2257,0.2247,0.2253,289508.5
2026-08-23 18:15:00,0.2253,0.2254,0.2248,0.225,414188.1
2026-08-23 18:20:00,0.225,0.2255,0.2248,0.2254,323566.0
2026-08-23 18:25:00,0.2253,0.226,0.2253,0.2255,339772.7
2026-08-23 18:30:00,0.2254,0.2256,0.2248,0.2248,403982.7
2026-08-23 18:35:00,0.2248,0.2256,0.2248,0.225,105750.1
2026-08-23 18:40:00,0.225,0.2256,0.225,0.2252,89768.7
2026-08-23 18:45:00,0.2252,0.2253,0.2249,0.225,203654.4
2026-08-23 18:50:00,0.2249,0.2249,0.2245,0.2245,311468.2
2026-08-23 18:55:00,0.2246,0.2251,0.2245,0.2251,243514.3
2026-08-23 19:00:00,0.2252,0.2255,0.2243,0.2248,1042947.3
2026-08-23 19:05:00,0.2249,0.2255,0.2235,0.2245,2155746.0
2026-08-23 19:10:00,0.2244,0.2246,0.2234,0.2239,1166476.6
2026-08-23 19:15:00,0.224,0.224,0.2236,0.2237,249818.3
2026-08-23 19:20:00,0.2237,0.2239,0.2233,0.2234,1139123.0
2026-08-23 19:25:00,0.2234,0.2236,0.223,0.2233,377037.5
2026-08-23 19:30:00,0.2234,0.2238,0.2229,0.2238,508447.6
2026-08-23 19:35:00,0.2238,0.2241,0.2234,0.2237,301293.4
2026-08-23 19:40:00,0.2237,0.2241,0.2235,0.2241,211905.6
2026-08-23 19:45:00,0.2241,0.2248,0.2239,0.2239,579838.1
2026-08-23 19:50:00,0.2239,0.2241,0.2236,0.2238,90081.2
2026-08-23 19:55:00,0.2238,0.2239,0.2235,0.2236,89485.9
2026-08-23 20:00:00,0.2236,0.2239,0.2224,0.2226,755952.3
2026-08-23 20:05:00,0.2226,0.2241,0.222,0.2237,2580239.8
2026-08-23 20:10:00,0.2237,0.2241,0.2237,0.2238,230789.1
2026-08-23 20:15:00,0.2238,0.2244,0.2238,0.2243,131579.8
2026-08-23 20:20:00,0.2244,0.2253,0.2244,0.2251,339164.1
2026-08-23 20:25:00,0.2251,0.2254,0.2248,0.2249,205249.5
2026-08-23 20:30:00,0.2249,0.2254,0.2249,0.2251,171932.6
2026-08-23 20:35:00,0.2251,0.2255,0.225,0.2254,67759.8
2026-08-23 20:40:00,0.2253,0.2256,0.2252,0.2254,184712.4
2026-08-23 20:45:00,0.2254,0.2255,0.225,0.2252,295250.2
2026-08-23 20:50:00,0.2252,0.2256,0.2252,0.2254,119315.8
2026-08-23 20:55:00,0.2254,0.2255,0.2253,0.2255,75203.4
2026-08-23 21:00:00,0.2256,0.2276,0.2255,0.2275,693718.6
2026-08-23 21:05:00,0.2275,0.228,0.2272,0.2277,384694.9
2026-08-23 21:10:00,0.2278,0.2282,0.2276,0.2277,518517.7
2026-08-23 21:15:00,0.2277,0.2288,0.2277,0.2287,769625.3
2026-08-23 21:20:00,0.2287,0.2289,0.2282,0.2284,496734.0
2026-08-23 21:25:00,0.2283,0.2293,0.2279,0.2292,1210608.4
2026-08-23 21:30:00,0.2293,0.2295,0.2286,0.2289,923061.2
2026-08-23 21:35:00,0.2288,0.2288,0.227,0.2276,679036.7
2026-08-23 21:40:00,0.2275,0.2277,0.2271,0.2274,244832.7
2026-08-23 21:45:00,0.2273,0.2277,0.2271,0.2274,654712.3
2026-08-23 21:50:00,0.2273,0.2281,0.227,0.2276,252505.9
2026-08-23 21:55:00,0.2276,0.2276,0.2267,0.2274,363243.1
2026-08-23 22:00:00,0.2274,0.2282,0.2254,0.226,1273965.7
2026-08-23 22:05:00,0.2261,0.2264,0.225,0.2256,1303044.4
2026-08-23 22:10:00,0.2255,0.2261,0.2254,0.2259,197481.0
2026-08-23 22:15:00,0.2259,0.2262,0.225,0.226,344516.0
2026-08-23 22:20:00,0.226,0.2262,0.2255,0.2259,145889.3
2026-08-23 22:25:00,0.226,0.2266,0.2258,0.226,202799.5
2026-08-23 22:30:00,0.226,0.2262,0.2254,0.2258,213523.0
2026-08-23 22:35:00,0.2258,0.2265,0.2255,0.2264,294187.6
2026-08-23 22:40:00,0.2263,0.2267,0.226,0.2262,726600.7
2026-08-23 22:45:00,0.2263,0.2275,0.2259,0.2274,1114358.0
2026-08-23 22:50:00,0.2274,0.2282,0.2269,0.2269,1122852.1
2026-08-23 22:55:00,0.2269,0.2271,0.2265,0.2267,301304.9
2026-08-23 23:00:00,0.2268,0.227,0.2257,0.2262,442713.7
2026-08-23 23:05:00,0.2263,0.2266,0.2254,0.2263,189110.1
2026-08-23 23:10:00,0.2264,0.2266,0.2253,0.2257,500884.4
2026-08-23 23:15:00,0.2258,0.227,0.2257,0.2265,187768.6
2026-08-23 23:20:00,0.2264,0.2266,0.2253,0.2255,221895.1
2026-08-23 23:25:00,0.2254,0.2267,0.225,0.2266,599986.3
2026-08-23 23:30:00,0.2266,0.2277,0.2262,0.2262,510248.2
2026-08-23 23:35:00,0.2262,0.2264,0.2258,0.2261,769075.2
2026-08-23 23:40:00,0.226,0.2263,0.2254,0.2259,230278.1
2026-08-23 23:45:00,0.2259,0.2267,0.2255,0.2266,256686.6
2026-08-23 23:50:00,0.2266,0.2275,0.2264,0.2266,381092.1
2026-08-23 23:55:00,0.2266,0.2275,0.2266,0.227,366953.4
2026-08-24 00:00:00,0.227,0.2272,0.2254,0.2255,827957.6
2026-08-24 00:05:00,0.2255,0.2263,0.2249,0.2261,368585.5
2026-08-24 00:10:00,0.226,0.226,0.225,0.2251,150464.0
2026-08-24 00:15:00,0.2251,0.2253,0.2237,0.2237,420363.6
2026-08-24 00:20:00,0.2238,0.2239,0.2231,0.2235,403976.8
2026-08-24 00:25:00,0.2235,0.2235,0.2221,0.2232,744584.8
2026-08-24 00:30:00,0.2233,0.2237,0.2228,0.2236,217656.6
2026-08-24 00:35:00,0.2235,0.2241,0.223,0.2231,439406.7
2026-08-24 00:40:00,0.2231,0.2233,0.2213,0.2219,1348936.5
2026-08-24 00:45:00,0.2219,0.2235,0.2211,0.2229,944794.3
2026-08-24 00:50:00,0.2228,0.2234,0.2228,0.2233,228622.3
2026-08-24 00:55:00,0.2232,0.2243,0.223,0.2243,384354.3
2026-08-24 01:00:00,0.2243,0.2245,0.2231,0.2237,519546.9
2026-08-24 01:05:00,0.2237,0.2239,0.2227,0.2228,315449.8
2026-08-24 01:10:00,0.2229,0.2239,0.2228,0.2229,128142.8
2026-08-24 01:15:00,0.2228,0.2231,0.2222,0.2225,408400.2
2026-08-24 01:20:00,0.2225,0.2225,0.2212,0.2212,429549.7
2026-08-24 01:25:00,0.2212,0.2222,0.2212,0.2216,183073.8
2026-08-24 01:30:00,0.2215,0.2219,0.2211,0.2217,247935.7
2026-08-24 01:35:00,0.2217,0.2217,0.2197,0.2201,1728577.3
2026-08-24 01:40:00,0.2202,0.2205,0.2195,0.2195,694018.7
2026-08-24 01:45:00,0.2195,0.2201,0.2191,0.22,1012480.2
2026-08-24 01:50:00,0.22,0.22,0.2194,0.2199,595064.1
2026-08-24 01:55:00,0.2198,0.2198,0.2182,0.2183,806077.6
2026-08-24 02:00:00,0.2183,0.219,0.2177,0.2189,1196328.3
2026-08-24 02:05:00,0.2188,0.2192,0.2182,0.2188,573091.9
2026-08-24 02:10:00,0.2188,0.2206,0.2186,0.2203,395673.5
2026-08-24 02:15:00,0.2203,0.2212,0.2203,0.2211,664070.2
2026-08-24 02:20:00,0.2212,0.2213,0.2202,0.2207,425635.2
2026-08-24 02:25:00,0.2207,0.2213,0.2207,0.2213,964448.4
2026-08-24 02:30:00,0.2213,0.2218,0.221,0.2214,611250.3
2026-08-24 02:35:00,0.2215,0.2216,0.221,0.2213,368734.2
2026-08-24 02:40:00,0.2212,0.2216,0.2209,0.2211,200792.3
2026-08-24 02:45:00,0.221,0.221,0.2194,0.2202,982946.5
2026-08-24 02:50:00,0.2202,0.2205,0.2198,0.2204,183951.0
2026-08-24 02:55:00,0.2204,0.2212,0.2201,0.2205,298231.6
2026-08-24 03:00:00,0.2204,0.2208,0.2197,0.2197,371077.8
2026-08-24 03:05:00,0.2198,0.2198,0.2191,0.2192,426416.3
2026-08-24 03:10:00,0.2193,0.2195,0.219,0.219,189691.2
2026-08-24 03:15:00,0.219,0.2191,0.2183,0.2186,436524.2
2026-08-24 03:20:00,0.2186,0.2192,0.2183,0.2192,220242.5
2026-08-24 03:25:00,0.2193,0.2196,0.2181,0.2182,411055.1
2026-08-24 03:30:00,0.2182,0.2183,0.217,0.2183,1043983.0
2026-08-24 03:35:00,0.2184,0.2184,0.2173,0.218,576642.1
2026-08-24 03:40:00,0.218,0.218,0.2175,0.2177,445083.8
2026-08-24 03:45:00,0.2176,0.2184,0.2176,0.2184,225856.7
2026-08-24 03:50:00,0.2184,0.2189,0.218,0.2182,225830.6
2026-08-24 03:55:00,0.2182,0.2185,0.218,0.2181,235986.9
2026-08-24 04:00:00,0.2181,0.2189,0.2181,0.2189,460376.1
2026-08-24 04:05:00,0.2189,0.2195,0.2185,0.2186,981941.3
2026-08-24 04:10:00,0.2186,0.2195,0.2186,0.2193,505219.6
2026-08-24 04:15:00,0.2194,0.2201,0.2194,0.2199,314030.6
2026-08-24 04:20:00,0.2199,0.2205,0.2199,0.2201,327017.6
2026-08-24 04:25:00,0.2201,0.2207,0.2201,0.2207,202064.4
2026-08-24 04:30:00,0.2206,0.2207,0.2202,0.2205,237903.7
2026-08-24 04:35:00,0.2205,0.2205,0.2202,0.2204,356657.1
2026-08-24 04:40:00,0.2204,0.2206,0.2198,0.2206,565782.9
2026-08-24 04:45:00,0.2207,0.2209,0.2198,0.2198,389313.1
2026-08-24 04:50:00,0.2198,0.2198,0.2184,0.2196,709403.7
2026-08-24 04:55:00,0.2197,0.22,0.2191,0.22,139383.5
2026-08-24 05:00:00,0.22,0.2202,0.2193,0.22,601609.8
2026-08-24 05:05:00,0.2199,0.2205,0.2195,0.2202,747415.3
2026-08-24 05:10:00,0.2201,0.2216,0.2198,0.2215,1471837.5
2026-08-24 05:15:00,0.2215,0.2219,0.2209,0.2209,669182.2
2026-08-24 05:20:00,0.2208,0.221,0.2197,0.22,315567.4
2026-08-24 05:25:00,0.22,0.2204,0.2198,0.2199,367417.6
2026-08-24 05:30:00,0.2199,0.22,0.219,0.2192,222060.0
2026-08-24 05:35:00,0.2192,0.22,0.2185,0.2197,552400.1
2026-08-24 05:40:00,0.2196,0.2208,0.2195,0.2199,314833.6
2026-08-24 05:45:00,0.22,0.2203,0.2196,0.2196,319201.8
2026-08-24 05:50:00,0.2197,0.2201,0.2193,0.2201,409877.7
2026-08-24 05:55:00,0.2201,0.2201,0.2196,0.2199,393988.3
2026-08-24 06:00:00,0.2198,0.2201,0.219,0.219,588365.6
2026-08-24 06:05:00,0.219,0.2196,0.2182,0.2194,758422.1
2026-08-24 06:10:00,0.2194,0.2205,0.2189,0.2204,363907.8
2026-08-24 06:15:00,0.2203,0.2207,0.2202,0.2202,622876.0
2026-08-24 06:20:00,0.2202,0.2204,0.2198,0.2204,277834.4
2026-08-24 06:25:00,0.2204,0.2204,0.2193,0.2197,435803.5
2026-08-24 06:30:00,0.2196,0.2198,0.2191,0.2192,258017.2
2026-08-24 06:35:00,0.2191,0.2192,0.2183,0.2183,317741.9
2026-08-24 06:40:00,0.2184,0.2184,0.218,0.2184,340663.2
2026-08-24 06:45:00,0.2183,0.2203,0.2183,0.22,423509.1
2026-08-24 06:50:00,0.2199,0.2202,0.2196,0.2196,580732.8
2026-08-24 06:55:00,0.2197,0.2198,0.2194,0.2197,212125.7
2026-08-24 07:00:00,0.2198,0.2199,0.2194,0.2199,86684.6
2026-08-24 07:05:00,0.2199,0.2205,0.2198,0.2205,295638.3
2026-08-24 07:10:00,0.2205,0.2223,0.2205,0.2219,1337695.0
2026-08-24 07:15:00,0.2219,0.2219,0.2208,0.2209,381187.5
2026-08-24 07:20:00,0.2209,0.2209,0.2201,0.2204,469249.1
2026-08-24 07:25:00,0.2203,0.2206,0.22,0.2203,246013.3
2026-08-24 07:30:00,0.2203,0.2204,0.2196,0.2201,449359.6
2026-08-24 07:35:00,0.22,0.22,0.2192,0.2193,198800.5
2026-08-24 07:40:00,0.2194,0.2194,0.2188,0.2188,672178.7
2026-08-24 07:45:00,0.2187,0.2199,0.2187,0.2196,202914.2
2026-08-24 07:50:00,0.2196,0.2197,0.219,0.2196,383803.3
2026-08-24 07:55:00,0.2196,0.2197,0.219,0.2191,314285.2
2026-08-24 08:00:00,0.2192,0.2195,0.2181,0.2183,824481.5
2026-08-24 08:05:00,0.2184,0.2199,0.2183,0.2192,437025.7
2026-08-24 08:10:00,0.2191,0.2192,0.2184,0.2186,429370.2
2026-08-24 08:15:00,0.2187,0.2187,0.2172,0.2179,1969401.5
2026-08-24 08:20:00,0.2179,0.218,0.2174,0.2174,499764.1
2026-08-24 08:25:00,0.2174,0.2175,0.2167,0.2172,1168984.3
2026-08-24 08:30:00,0.2172,0.2179,0.2168,0.2178,419699.6
2026-08-24 08:35:00,0.2177,0.2185,0.2176,0.2184,799836.6
2026-08-24 08:40:00,0.2184,0.2189,0.2182,0.2188,580162.0
2026-08-24 08:45:00,0.2187,0.219,0.2182,0.219,108775.3
2026-08-24 08:50:00,0.2189,0.2193,0.2186,0.2189,656121.1
2026-08-24 08:55:00,0.2189,0.2191,0.2188,0.2189,170724.9
2026-08-24 09:00:00,0.2188,0.22,0.2187,0.2197,312219.9
2026-08-24 09:05:00,0.2196,0.2205,0.2196,0.2202,533917.5
2026-08-24 09:10:00,0.2203,0.2203,0.2198,0.2201,312644.7
2026-08-24 09:15:00,0.2202,0.2204,0.2193,0.2198,651012.2
2026-08-24 09:20:00,0.2198,0.2201,0.2197,0.22,389618.4
2026-08-24 09:25:00,0.2199,0.2202,0.2192,0.22,1037034.4
2026-08-24 09:30:00,0.22,0.2203,0.2198,0.2203,478290.1
2026-08-24 09:35:00,0.2202,0.2204,0.2198,0.22,358310.4
2026-08-24 09:40:00,0.22,0.22,0.2194,0.2195,319918.1
2026-08-24 09:45:00,0.2195,0.2202,0.2193,0.2201,490534.1
2026-08-24 09:50:00,0.22,0.2205,0.2198,0.2204,632070.5
2026-08-24 09:55:00,0.2204,0.2204,0.2198,0.22,382571.2
2026-08-24 10:00:00,0.22,0.2213,0.2197,0.2208,1453500.7
2026-08-24 10:05:00,0.2207,0.2211,0.2199,0.2206,684155.7
2026-08-24 10:10:00,0.2206,0.2215,0.2204,0.221,1257648.1
2026-08-24 10:15:00,0.221,0.2211,0.2201,0.2211,511144.1
2026-08-24 10:20:00,0.2212,0.2213,0.2205,0.2206,977210.8
2026-08-24 10:25:00,0.2206,0.2208,0.2201,0.2202,260876.2
2026-08-24 10:30:00,0.2203,0.2209,0.22,0.2209,556881.4
2026-08-24 10:35:00,0.2209,0.221,0.2198,0.2198,607135.6
2026-08-24 10:40:00,0.2198,0.2199,0.2189,0.219,390283.7
2026-08-24 10:45:00,0.2191,0.2197,0.219,0.2191,490469.6
2026-08-24 10:50:00,0.2191,0.2193,0.2181,0.2186,486991.4
2026-08-24 10:55:00,0.2186,0.219,0.2183,0.2188,377121.5
2026-08-24 11:00:00,0.2188,0.2188,0.2173,0.2184,1281021.3
2026-08-24 11:05:00,0.2183,0.2185,0.2178,0.2184,303686.9
2026-08-24 11:10:00,0.2183,0.2191,0.2183,0.219,221782.0
2026-08-24 11:15:00,0.2189,0.2196,0.2184,0.2193,601521.9
2026-08-24 11:20:00,0.2194,0.2198,0.2187,0.2194,336765.8
2026-08-24 11:25:00,0.2195,0.22,0.2195,0.2199,198682.6
2026-08-24 11:30:00,0.2198,0.221,0.2196,0.221,322549.6
2026-08-24 11:35:00,0.2211,0.2224,0.221,0.2222,1091460.6
2026-08-24 11:40:00,0.2222,0.2242,0.222,0.2242,1985371.2
2026-08-24 11:45:00,0.2242,0.2242,0.2222,0.2225,1422005.6
2026-08-24 11:50:00,0.2226,0.2232,0.2223,0.223,507724.0
2026-08-24 11:55:00,0.223,0.2235,0.2227,0.2233,495819.3
2026-08-24 12:00:00,0.2234,0.2234,0.2224,0.2226,504027.1
2026-08-24 12:05:00,0.2226,0.2227,0.2218,0.2221,761396.7
2026-08-24 12:10:00,0.2222,0.223,0.2221,0.2222,853689.7
2026-08-24 12:15:00,0.2222,0.2228,0.2204,0.2225,1805630.3
2026-08-24 12:20:00,0.2225,0.2236,0.2223,0.2234,833196.5
2026-08-24 12:25:00,0.2234,0.224,0.2232,0.2238,802940.2
2026-08-24 12:30:00,0.2237,0.2244,0.2226,0.2237,2618621.3
2026-08-24 12:35:00,0.2237,0.2245,0.2235,0.2244,421128.5
2026-08-24 12:40:00,0.2243,0.2253,0.2242,0.2244,2120589.8
2026-08-24 12:45:00,0.2245,0.2257,0.2243,0.2256,1164521.6
2026-08-24 12:50:00,0.2256,0.2265,0.2254,0.2259,1621094.1
2026-08-24 12:55:00,0.2259,0.2265,0.2257,0.2263,1201053.4
2026-08-24 13:00:00,0.2264,0.2265,0.2247,0.2256,1491652.1
2026-08-24 13:05:00,0.2257,0.2262,0.2252,0.2256,864362.4
2026-08-24 13:10:00,0.2257,0.2275,0.2256,0.2263,2488711.6
2026-08-24 13:15:00,0.2264,0.2264,0.2251,0.2257,914755.8
2026-08-24 13:20:00,0.2257,0.2264,0.2252,0.2255,358819.9
2026-08-24 13:25:00,0.2254,0.2257,0.2247,0.2249,835888.1
2026-08-24 13:30:00,0.2249,0.2249,0.2215,0.2231,2781049.6
2026-08-24 13:35:00,0.2232,0.2237,0.222,0.2224,1044646.5
2026-08-24 13:40:00,0.2224,0.2226,0.2195,0.2206,4113876.0
2026-08-24 13:45:00,0.2206,0.2214,0.2193,0.2208,1834423.8
2026-08-24 13:50:00,0.2209,0.2214,0.2196,0.2207,1113716.3
2026-08-24 13:55:00,0.2207,0.2218,0.2207,0.2216,909186.5
2026-08-24 14:00:00,0.2216,0.2225,0.2212,0.2221,870573.6
2026-08-24 14:05:00,0.2221,0.2228,0.2219,0.2228,599195.9
2026-08-24 14:10:00,0.2228,0.2234,0.2227,0.2233,1547152.2
2026-08-24 14:15:00,0.2233,0.2241,0.2229,0.2232,1269816.2
2026-08-24 14:20:00,0.2231,0.2248,0.222,0.2224,1768225.4
2026-08-24 14:25:00,0.2224,0.2237,0.2221,0.2236,566574.8
2026-08-24 14:30:00,0.2236,0.2255,0.2235,0.225,683404.6
2026-08-24 14:35:00,0.2251,0.2255,0.2246,0.2252,1405316.3
2026-08-24 14:40:00,0.2252,0.2257,0.2247,0.2253,810735.4
2026-08-24 14:45:00,0.2253,0.2256,0.2239,0.2239,1521629.9
2026-08-24 14:50:00,0.224,0.2241,0.2229,0.2231,1141309.7
2026-08-24 14:55:00,0.2232,0.2247,0.2231,0.2238,842048.8
2026-08-24 15:00:00,0.2237,0.225,0.2235,0.2238,733652.8
2026-08-24 15:05:00,0.2238,0.2249,0.2236,0.2238,676524.8
2026-08-24 15:10:00,0.2238,0.2247,0.2236,0.2237,280794.4
2026-08-24 15:15:00,0.2238,0.2249,0.2237,0.2248,315092.2
2026-08-24 15:20:00,0.2248,0.2264,0.2245,0.2263,1240835.8
2026-08-24 15:25:00,0.2263,0.2267,0.2254,0.226,1733783.4
2026-08-24 15:30:00,0.226,0.2261,0.2244,0.2245,1305178.1
2026-08-24 15:35:00,0.2245,0.2252,0.2228,0.2234,1479421.3
2026-08-24 15:40:00,0.2234,0.2238,0.2215,0.2222,1927158.3
2026-08-24 15:45:00,0.2221,0.2229,0.2212,0.2223,889169.4
2026-08-24 15:50:00,0.2223,0.2225,0.2212,0.2218,1570861.8
2026-08-24 15:55:00,0.2217,0.2217,0.2202,0.2213,1225394.0
2026-08-24 16:00:00,0.2215,0.2226,0.2211,0.2224,597642.3
2026-08-24 16:05:00,0.2225,0.2239,0.2222,0.2231,822873.5
2026-08-24 16:10:00,0.2231,0.2237,0.2229,0.2234,249572.3
2026-08-24 16:15:00,0.2234,0.2249,0.2234,0.2249,515030.8
2026-08-24 16:20:00,0.2249,0.225,0.2242,0.2242,615941.3
2026-08-24 16:25:00,0.2242,0.2243,0.2238,0.224,232865.2
2026-08-24 16:30:00,0.224,0.2243,0.2237,0.2241,309726.6
2026-08-24 16:35:00,0.2242,0.2244,0.2232,0.2236,483514.1
2026-08-24 16:40:00,0.2235,0.2239,0.2229,0.2232,220372.7
2026-08-24 16:45:00,0.2232,0.2234,0.2228,0.2229,148030.8
2026-08-24 16:50:00,0.223,0.2231,0.2209,0.2214,925278.8
2026-08-24 16:55:00,0.2214,0.2221,0.221,0.2219,763977.0
2026-08-24 17:00:00,0.222,0.2221,0.2199,0.2211,1356446.1
2026-08-24 17:05:00,0.2211,0.2225,0.221,0.2224,284748.5
2026-08-24 17:10:00,0.2225,0.2225,0.2216,0.2217,183130.1
2026-08-24 17:15:00,0.2217,0.2218,0.22,0.2212,1193832.3
2026-08-24 17:20:00,0.2211,0.2211,0.2185,0.2194,2631901.4
2026-08-24 17:25:00,0.2193,0.2197,0.2183,0.2183,1121560.9
2026-08-24 17:30:00,0.2183,0.2188,0.2173,0.2175,1163302.9
2026-08-24 17:35:00,0.2174,0.2189,0.2171,0.2188,1130223.7
2026-08-24 17:40:00,0.2189,0.2192,0.2175,0.2176,924928.3
2026-08-24 17:45:00,0.2176,0.2183,0.2175,0.2183,741792.6
2026-08-24 17:50:00,0.2182,0.2188,0.2181,0.2186,505458.5
2026-08-24 17:55:00,0.2186,0.2189,0.218,0.2187,441603.8
2026-08-24 18:00:00,0.2188,0.2203,0.2188,0.2202,369199.5
2026-08-24 18:05:00,0.2203,0.2207,0.2198,0.2202,713660.6
2026-08-24 18:10:00,0.2201,0.2203,0.2193,0.2202,857013.7
2026-08-24 18:15:00,0.2203,0.2204,0.2198,0.2201,95516.2
2026-08-24 18:20:00,0.22,0.2205,0.2198,0.2202,370447.4
2026-08-24 18:25:00,0.2201,0.2209,0.2201,0.2206,478372.9
2026-08-24 18:30:00,0.2207,0.2211,0.2202,0.2202,205212.3
2026-08-24 18:35:00,0.2203,0.2206,0.2191,0.2197,457774.3
2026-08-24 18:40:00,0.2198,0.2204,0.2197,0.2203,263051.4
2026-08-24 18:45:00,0.2203,0.2207,0.22,0.2205,135173.0
2026-08-24 18:50:00,0.2205,0.2206,0.2192,0.2198,551870.3
2026-08-24 18:55:00,0.2199,0.22,0.2195,0.2198,179325.9
2026-08-24 19:00:00,0.2198,0.2202,0.2192,0.2192,550880.6
2026-08-24 19:05:00,0.2191,0.2193,0.2182,0.2188,573982.5
2026-08-24 19:10:00,0.2187,0.2201,0.2186,0.22,275129.8
2026-08-24 19:15:00,0.22,0.2202,0.2185,0.2188,286624.4
2026-08-24 19:20:00,0.2187,0.2193,0.2186,0.219,265557.2
2026-08-24 19:25:00,0.219,0.22,0.219,0.2198,181924.0
2026-08-24 19:30:00,0.2199,0.2199,0.2192,0.2196,139631.2
2026-08-24 19:35:00,0.2195,0.2205,0.2194,0.2201,636894.0
2026-08-24 19:40:00,0.22,0.22,0.2195,0.2198,138278.4
2026-08-24 19:45:00,0.2199,0.2199,0.2193,0.2194,428898.6
2026-08-24 19:50:00,0.2195,0.2196,0.2178,0.2186,580999.3
2026-08-24 19:55:00,0.2186,0.2189,0.2183,0.2189,568988.2
2026-08-24 20:00:00,0.2189,0.2192,0.218,0.218,279952.3
2026-08-24 20:05:00,0.2181,0.2192,0.2181,0.2192,170904.0
2026-08-24 20:10:00,0.2192,0.2197,0.2185,0.2186,252800.7
2026-08-24 20:15:00,0.2186,0.2186,0.2181,0.2186,96669.7
2026-08-24 20:20:00,0.2185,0.2189,0.2182,0.2184,168636.5
2026-08-24 20:25:00,0.2185,0.2185,0.2176,0.2183,381346.8
2026-08-24 20:30:00,0.2182,0.2191,0.218,0.219,323463.8
2026-08-24 20:35:00,0.219,0.2203,0.219,0.2198,446453.5
2026-08-24 20:40:00,0.2198,0.22,0.2196,0.2199,152497.7
2026-08-24 20:45:00,0.2198,0.22,0.2196,0.2198,64086.3
2026-08-24 20:50:00,0.2198,0.22,0.2197,0.22,146357.8
2026-08-24 20:55:00,0.22,0.2202,0.2199,0.22,290431.1
2026-08-24 21:00:00,0.2201,0.2209,0.22,0.2209,121298.4
2026-08-24 21:05:00,0.221,0.2215,0.2206,0.2206,350858.9
2026-08-24 21:10:00,0.2206,0.2212,0.2204,0.2211,194601.1
2026-08-24 21:15:00,0.2211,0.2213,0.2207,0.2208,180148.7
2026-08-24 21:20:00,0.2207,0.2214,0.2205,0.2213,217241.4
2026-08-24 21:25:00,0.2213,0.2214,0.2212,0.2212,76504.5
2026-08-24 21:30:00,0.2214,0.2216,0.2212,0.2212,85112.9
2026-08-24 21:35:00,0.2211,0.2212,0.2204,0.221,364983.4
2026-08-24 21:40:00,0.221,0.2213,0.2209,0.221,299350.2
2026-08-24 21:45:00,0.221,0.2213,0.2209,0.2213,206748.7
2026-08-24 21:50:00,0.2214,0.2214,0.2211,0.2213,60737.6
2026-08-24 21:55:00,0.2212,0.2215,0.2211,0.2215,30583.5
2026-08-24 22:00:00,0.2214,0.2216,0.2207,0.2212,205846.6
2026-08-24 22:05:00,0.2212,0.2215,0.2211,0.2211,50017.4
2026-08-24 22:10:00,0.2211,0.2212,0.2208,0.221,38964.0
2026-08-24 22:15:00,0.2209,0.2213,0.2208,0.2209,110882.4
2026-08-24 22:20:00,0.2209,0.2212,0.2208,0.2209,146068.8
2026-08-24 22:25:00,0.2208,0.2209,0.2201,0.2202,343010.1
2026-08-24 22:30:00,0.2202,0.2211,0.2202,0.2209,400996.7
2026-08-24 22:35:00,0.221,0.2215,0.221,0.2213,262142.4
2026-08-24 22:40:00,0.2212,0.2212,0.2205,0.2206,101499.2
2026-08-24 22:45:00,0.2206,0.2207,0.2205,0.2206,88940.6
2026-08-24 22:50:00,0.2206,0.2207,0.22,0.2205,337273.2
2026-08-24 22:55:00,0.2204,0.2204,0.2199,0.22,161836.9
2026-08-24 23:00:00,0.2201,0.2202,0.2189,0.2196,843329.7
2026-08-24 23:05:00,0.2196,0.2202,0.2195,0.2201,41043.5
2026-08-24 23:10:00,0.2201,0.2201,0.2194,0.2195,242251.5
2026-08-24 23:15:00,0.2195,0.2201,0.2195,0.22,173001.5
2026-08-24 23:20:00,0.2201,0.221,0.2201,0.2209,344759.5
2026-08-24 23:25:00,0.2209,0.2212,0.2203,0.2204,49044.1
2026-08-24 23:30:00,0.2204,0.2211,0.2204,0.2208,111286.5
2026-08-24 23:35:00,0.2209,0.2216,0.2209,0.2215,80134.4
2026-08-24 23:40:00,0.2215,0.2216,0.2214,0.2215,89663.9
2026-08-24 23:45:00,0.2215,0.2216,0.2208,0.2211,68447.9
2026-08-24 23:50:00,0.221,0.2211,0.2206,0.2209,74499.6
2026-08-24 23:55:00,0.221,0.2219,0.2208,0.2215,469859.2
2026-08-25 00:00:00,0.2214,0.2217,0.2211,0.2211,381738.9
2026-08-25 00:05:00,0.2212,0.2226,0.2208,0.2218,1215931.7
2026-08-25 00:10:00,0.2219,0.2228,0.2215,0.2221,724173.7
2026-08-25 00:15:00,0.2221,0.2221,0.2208,0.2213,558822.8
2026-08-25 00:20:00,0.2212,0.2221,0.2211,0.2216,255667.5
2026-08-25 00:25:00,0.2216,0.2222,0.2216,0.2218,402147.6
2026-08-25 00:30:00,0.2218,0.2223,0.2217,0.2223,200222.8
2026-08-25 00:35:00,0.2223,0.2234,0.2223,0.2231,864998.3
2026-08-25 00:40:00,0.2232,0.2244,0.2229,0.2243,1111427.9
2026-08-25 00:45:00,0.2243,0.2253,0.2243,0.2245,1594580.8
2026-08-25 00:50:00,0.2244,0.2255,0.224,0.2255,737131.9
2026-08-25 00:55:00,0.2254,0.2255,0.225,0.2252,834198.7
2026-08-25 01:00:00,0.2252,0.2259,0.2251,0.2258,630510.5
2026-08-25 01:05:00,0.2258,0.2258,0.2248,0.2251,370985.5
2026-08-25 01:10:00,0.225,0.225,0.224,0.2242,336214.1
2026-08-25 01:15:00,0.2241,0.225,0.2236,0.2248,369199.5
2026-08-25 01:20:00,0.2248,0.2249,0.2243,0.2243,262171.8
2026-08-25 01:25:00,0.2243,0.2254,0.2243,0.2249,419314.4
2026-08-25 01:30:00,0.2248,0.2251,0.2237,0.2238,242227.0
2026-08-25 01:35:00,0.2238,0.2243,0.2229,0.224,839997.2
2026-08-25 01:40:00,0.224,0.2245,0.2234,0.2238,789360.2
2026-08-25 01:45:00,0.2238,0.2241,0.2236,0.2241,195749.1
2026-08-25 01:50:00,0.224,0.2243,0.2236,0.224,239263.5
2026-08-25 01:55:00,0.224,0.2245,0.224,0.2242,178196.8
2026-08-25 02:00:00,0.2241,0.2247,0.2238,0.2242,225230.0
2026-08-25 02:05:00,0.2241,0.2242,0.2234,0.2235,301392.2
2026-08-25 02:10:00,0.2236,0.2237,0.2231,0.2234,287391.3
2026-08-25 02:15:00,0.2234,0.2268,0.2234,0.2266,2776971.0
2026-08-25 02:20:00,0.2267,0.2272,0.226,0.227,1436493.1
2026-08-25 02:25:00,0.227,0.2289,0.2266,0.2288,720987.8
2026-08-25 02:30:00,0.2288,0.2289,0.227,0.2274,1293115.8
2026-08-25 02:35:00,0.2274,0.2277,0.2272,0.2275,651313.6
2026-08-25 02:40:00,0.2274,0.2286,0.2268,0.227,1344363.9
2026-08-25 02:45:00,0.227,0.2277,0.2267,0.227,978600.7
2026-08-25 02:50:00,0.227,0.227,0.2261,0.2264,724781.2
2026-08-25 02:55:00,0.2264,0.2271,0.2263,0.2265,471768.9
2026-08-25 03:00:00,0.2266,0.2277,0.226,0.2277,631797.8
2026-08-25 03:05:00,0.2277,0.2284,0.2277,0.2278,458839.0
2026-08-25 03:10:00,0.2278,0.2285,0.2277,0.228,806625.9
2026-08-25 03:15:00,0.2281,0.2284,0.2272,0.228,268569.7
2026-08-25 03:20:00,0.228,0.2282,0.2273,0.2277,541202.3
2026-08-25 03:25:00,0.2277,0.2279,0.2271,0.2277,344787.4
2026-08-25 03:30:00,0.2277,0.2282,0.2274,0.2277,213888.0
2026-08-25 03:35:00,0.2277,0.228,0.2273,0.2277,371500.0
2026-08-25 03:40:00,0.2277,0.2278,0.2263,0.2267,333586.4
2026-08-25 03:45:00,0.2268,0.2269,0.2251,0.2255,1210933.7
2026-08-25 03:50:00,0.2255,0.226,0.2254,0.2257,161714.8
2026-08-25 03:55:00,0.2258,0.2259,0.2248,0.2258,503083.1
2026-08-25 04:00:00,0.2258,0.2266,0.2256,0.2258,512111.5
2026-08-25 04:05:00,0.2258,0.2264,0.2254,0.2264,804360.5
2026-08-25 04:10:00,0.2265,0.2272,0.2262,0.2271,396427.2
2026-08-25 04:15:00,0.2271,0.2272,0.226,0.2261,1169250.4
2026-08-25 04:20:00,0.2262,0.2273,0.2259,0.2272,361168.6
2026-08-25 04:25:00,0.2272,0.2272,0.226,0.226,508142.1
2026-08-25 04:30:00,0.2261,0.2261,0.2248,0.2253,603794.8
2026-08-25 04:35:00,0.2254,0.226,0.2251,0.2254,646127.2
2026-08-25 04:40:00,0.2253,0.2258,0.2247,0.225,966044.0
2026-08-25 04:45:00,0.2249,0.2254,0.2249,0.2253,380952.3
2026-08-25 04:50:00,0.2253,0.2257,0.2251,0.2253,470388.0
2026-08-25 04:55:00,0.2253,0.2256,0.2251,0.2255,112719.9
2026-08-25 05:00:00,0.2256,0.2264,0.225,0.2263,455733.0
2026-08-25 05:05:00,0.2264,0.2268,0.2263,0.2265,161600.1
2026-08-25 05:10:00,0.2266,0.2269,0.2264,0.2264,158840.2
2026-08-25 05:15:00,0.2264,0.2268,0.2261,0.2268,252850.8
2026-08-25 05:20:00,0.2268,0.227,0.2264,0.2265,387043.6
2026-08-25 05:25:00,0.2266,0.2282,0.2266,0.2274,890786.0
2026-08-25 05:30:00,0.2275,0.2283,0.227,0.2283,1023459.5
2026-08-25 05:35:00,0.2284,0.2284,0.2278,0.2281,681279.0
2026-08-25 05:40:00,0.2281,0.2282,0.2272,0.2273,320541.8
2026-08-25 05:45:00,0.2273,0.2278,0.2271,0.2278,223067.6
2026-08-25 05:50:00,0.2278,0.228,0.2275,0.2276,135269.4
2026-08-25 05:55:00,0.2276,0.2279,0.2269,0.2269,321788.3
2026-08-25 06:00:00,0.227,0.2272,0.2267,0.227,230743.7
2026-08-25 06:05:00,0.2269,0.2272,0.2268,0.227,255013.6
2026-08-25 06:10:00,0.2271,0.2273,0.2267,0.2273,621121.1
2026-08-25 06:15:00,0.2273,0.2275,0.2269,0.227,226318.6
2026-08-25 06:20:00,0.2271,0.2274,0.2265,0.2271,874748.7
2026-08-25 06:25:00,0.227,0.227,0.2263,0.2263,401800.4
2026-08-25 06:30:00,0.2263,0.2263,0.2251,0.2256,613863.9
2026-08-25 06:35:00,0.2256,0.2256,0.2244,0.2253,595301.3
2026-08-25 06:40:00,0.2253,0.2254,0.2248,0.2249,303251.9
2026-08-25 06:45:00,0.225,0.2251,0.2242,0.2244,209633.4
2026-08-25 06:50:00,0.2243,0.2243,0.2231,0.2235,846786.6
2026-08-25 06:55:00,0.2235,0.2236,0.2226,0.2235,863099.8
2026-08-25 07:00:00,0.2235,0.2248,0.2234,0.2246,1108591.5
2026-08-25 07:05:00,0.2246,0.2254,0.2246,0.2253,580626.8
2026-08-25 07:10:00,0.2254,0.2256,0.2251,0.2254,220434.1
2026-08-25 07:15:00,0.2254,0.2255,0.2248,0.2248,371764.5
2026-08-25 07:20:00,0.2248,0.2252,0.2247,0.2249,398274.3
2026-08-25 07:25:00,0.2249,0.2252,0.2248,0.225,467043.4
2026-08-25 07:30:00,0.225,0.225,0.2243,0.2245,321166.7
2026-08-25 07:35:00,0.2244,0.2244,0.2236,0.2236,793306.9
2026-08-25 07:40:00,0.2237,0.2239,0.2235,0.2238,291952.8
2026-08-25 07:45:00,0.2239,0.224,0.2202,0.2209,2272843.2
2026-08-25 07:50:00,0.2209,0.2213,0.2188,0.2212,4785469.5
2026-08-25 07:55:00,0.2212,0.2213,0.2206,0.2209,695547.1
2026-08-25 08:00:00,0.2209,0.2215,0.2205,0.2211,1197839.5
2026-08-25 08:05:00,0.2211,0.2214,0.2209,0.2213,571625.6
2026-08-25 08:10:00,0.2212,0.2216,0.2212,0.2215,302576.9
2026-08-25 08:15:00,0.2215,0.2223,0.2215,0.222,712261.4
2026-08-25 08:20:00,0.2221,0.2228,0.2219,0.2224,817317.3
2026-08-25 08:25:00,0.2223,0.2227,0.222,0.2221,182277.6
2026-08-25 08:30:00,0.2221,0.2223,0.2218,0.2221,321547.1
2026-08-25 08:35:00,0.2221,0.2223,0.2216,0.2216,279841.4
2026-08-25 08:40:00,0.2216,0.222,0.221,0.222,335431.9
2026-08-25 08:45:00,0.222,0.2222,0.2211,0.2211,309633.4
2026-08-25 08:50:00,0.2211,0.2212,0.2209,0.2211,615985.6
2026-08-25 08:55:00,0.2211,0.2214,0.2207,0.221,376593.6
2026-08-25 09:00:00,0.2211,0.2212,0.2208,0.221,416735.7
2026-08-25 09:05:00,0.221,0.2215,0.2209,0.2215,243503.0
2026-08-25 09:10:00,0.2214,0.2219,0.2211,0.2215,257611.1
2026-08-25 09:15:00,0.2214,0.2218,0.2212,0.2215,220615.5
2026-08-25 09:20:00,0.2215,0.2219,0.2214,0.2215,150299.5
2026-08-25 09:25:00,0.2215,0.2215,0.2209,0.2211,302739.4
2026-08-25 09:30:00,0.2211,0.2219,0.2211,0.2219,243387.4
2026-08-25 09:35:00,0.2219,0.222,0.2212,0.2215,249976.9
2026-08-25 09:40:00,0.2216,0.2217,0.2212,0.2213,194232.4
2026-08-25 09:45:00,0.2212,0.2216,0.2206,0.2207,317536.3
2026-08-25 09:50:00,0.2207,0.2207,0.2175,0.2187,3179164.0
2026-08-25 09:55:00,0.2187,0.219,0.2179,0.2184,652955.8
2026-08-25 10:00:00,0.2184,0.2185,0.2174,0.2183,951437.6
2026-08-25 10:05:00,0.2183,0.2189,0.2181,0.2186,508119.9
2026-08-25 10:10:00,0.2185,0.2194,0.2185,0.2193,723311.5
2026-08-25 10:15:00,0.2194,0.2198,0.2192,0.2194,507449.0
2026-08-25 10:20:00,0.2195,0.2197,0.2192,0.2193,188771.1
2026-08-25 10:25:00,0.2192,0.2195,0.2192,0.2192,227085.4
2026-08-25 10:30:00,0.2193,0.2195,0.2189,0.219,810561.7
2026-08-25 10:35:00,0.219,0.2192,0.2189,0.2191,224314.3
2026-08-25 10:40:00,0.2192,0.2194,0.219,0.2193,418532.6
2026-08-25 10:45:00,0.2194,0.22,0.2193,0.2195,551816.3
2026-08-25 10:50:00,0.2195,0.22,0.2195,0.2199,342744.1
2026-08-25 10:55:00,0.2199,0.22,0.2195,0.2195,252722.7
2026-08-25 11:00:00,0.2195,0.2197,0.2193,0.2194,190176.5
2026-08-25 11:05:00,0.2193,0.22,0.2192,0.2195,270729.6
2026-08-25 11:10:00,0.2195,0.2196,0.2185,0.2187,762655.9
2026-08-25 11:15:00,0.2187,0.2191,0.2184,0.2187,301989.9
2026-08-25 11:20:00,0.2188,0.2193,0.2187,0.2193,305245.7
2026-08-25 11:25:00,0.2193,0.2194,0.2188,0.2192,248497.4
2026-08-25 11:30:00,0.2193,0.2199,0.2191,0.2198,249335.8
2026-08-25 11:35:00,0.2199,0.2201,0.2196,0.2196,324216.2
2026-08-25 11:40:00,0.2195,0.2196,0.219,0.219,129432.6
2026-08-25 11:45:00,0.2191,0.2194,0.2188,0.2189,130936.4
2026-08-25 11:50:00,0.2189,0.219,0.218,0.2182,728027.7
2026-08-25 11:55:00,0.2182,0.219,0.2181,0.2186,457255.4
2026-08-25 12:00:00,0.2186,0.2186,0.2165,0.2175,1502693.5
2026-08-25 12:05:00,0.2176,0.2177,0.2158,0.2168,2902122.9
2026-08-25 12:10:00,0.2169,0.2182,0.2168,0.2181,710938.7
2026-08-25 12:15:00,0.218,0.2181,0.2172,0.2172,509918.9
2026-08-25 12:20:00,0.2172,0.2173,0.2161,0.2171,744712.6
2026-08-25 12:25:00,0.217,0.2174,0.2159,0.2172,595749.5
2026-08-25 12:30:00,0.2172,0.2174,0.2167,0.2171,389624.2
2026-08-25 12:35:00,0.2171,0.2173,0.2169,0.217,128366.0
2026-08-25 12:40:00,0.217,0.2174,0.2161,0.2172,380138.2
2026-08-25 12:45:00,0.2172,0.2181,0.2169,0.218,498521.8
2026-08-25 12:50:00,0.2181,0.2186,0.2181,0.2186,193342.3
2026-08-25 12:55:00,0.2187,0.2187,0.2181,0.2181,333323.0
2026-08-25 13:00:00,0.2181,0.2184,0.2178,0.2181,238525.4
2026-08-25 13:05:00,0.2181,0.2182,0.2168,0.2173,387176.6
2026-08-25 13:10:00,0.2172,0.2174,0.2165,0.2166,409342.4
2026-08-25 13:15:00,0.2166,0.2166,0.2152,0.2155,1898519.7
2026-08-25 13:20:00,0.2156,0.2159,0.2144,0.2151,2191230.8
2026-08-25 13:25:00,0.2151,0.2154,0.2144,0.2149,1123463.4
2026-08-25 13:30:00,0.2148,0.2166,0.2145,0.2166,676104.0
2026-08-25 13:35:00,0.2167,0.2174,0.2164,0.2164,794640.4
2026-08-25 13:40:00,0.2164,0.217,0.2154,0.2155,492108.4
2026-08-25 13:45:00,0.2155,0.2158,0.2146,0.2147,899699.2
2026-08-25 13:50:00,0.2147,0.2149,0.2114,0.2134,4005233.1
2026-08-25 13:55:00,0.2135,0.2147,0.2129,0.2146,1130734.0
2026-08-25 14:00:00,0.2147,0.2151,0.214,0.2149,952235.5
2026-08-25 14:05:00,0.215,0.2153,0.2147,0.2152,477227.2
2026-08-25 14:10:00,0.2153,0.2158,0.2153,0.2154,398032.8
2026-08-25 14:15:00,0.2154,0.2156,0.2149,0.2149,980535.8
2026-08-25 14:20:00,0.2149,0.2157,0.2148,0.2157,315371.2
2026-08-25 14:25:00,0.2157,0.2166,0.2155,0.2163,1289726.8
2026-08-25 14:30:00,0.2163,0.2172,0.2155,0.2168,2336142.8
2026-08-25 14:35:00,0.2169,0.217,0.2161,0.2161,430437.3
2026-08-25 14:40:00,0.2162,0.2165,0.2156,0.2159,257092.1
2026-08-25 14:45:00,0.2159,0.2163,0.2157,0.2157,302580.8
2026-08-25 14:50:00,0.2156,0.2162,0.2155,0.216,353634.2
2026-08-25 14:55:00,0.216,0.2164,0.2157,0.216,441788.4
2026-08-25 15:00:00,0.2161,0.2163,0.2151,0.2152,195477.1
2026-08-25 15:05:00,0.2152,0.2158,0.2152,0.2153,152394.9
2026-08-25 15:10:00,0.2154,0.2155,0.2144,0.2144,533420.7
2026-08-25 15:15:00,0.2145,0.2154,0.2141,0.2153,610086.7
2026-08-25 15:20:00,0.2152,0.2156,0.2147,0.2147,200347.2
2026-08-25 15:25:00,0.2147,0.215,0.214,0.2149,474904.7
2026-08-25 15:30:00,0.2148,0.2155,0.2147,0.2152,135024.6
2026-08-25 15:35:00,0.2152,0.2159,0.2152,0.2154,592065.9
2026-08-25 15:40:00,0.2153,0.2155,0.215,0.2154,216636.9
2026-08-25 15:45:00,0.2154,0.2154,0.2148,0.2149,278312.5
2026-08-25 15:50:00,0.2148,0.2153,0.2146,0.2152,170054.7
2026-08-25 15:55:00,0.2151,0.2159,0.2151,0.2158,422864.6
2026-08-25 16:00:00,0.2159,0.2164,0.2156,0.2158,374654.9
2026-08-25 16:05:00,0.2158,0.2158,0.2154,0.2154,257259.5
2026-08-25 16:10:00,0.2154,0.2155,0.215,0.2153,265598.3
2026-08-25 16:15:00,0.2152,0.2158,0.2152,0.2157,249735.8
2026-08-25 16:20:00,0.2158,0.2158,0.2144,0.2147,580631.0
2026-08-25 16:25:00,0.2147,0.2151,0.2144,0.215,466174.0
2026-08-25 16:30:00,0.215,0.2158,0.2149,0.2155,242874.9
2026-08-25 16:35:00,0.2155,0.2156,0.2152,0.2154,256163.0
2026-08-25 16:40:00,0.2154,0.216,0.2152,0.2155,257105.4
2026-08-25 16:45:00,0.2156,0.2162,0.2155,0.2161,261179.4
2026-08-25 16:50:00,0.2162,0.2162,0.2156,0.2156,64181.1
2026-08-25 16:55:00,0.2156,0.2157,0.2153,0.2156,243260.3
2026-08-25 17:00:00,0.2155,0.2156,0.2148,0.215,232789.2
2026-08-25 17:05:00,0.215,0.2151,0.2139,0.2142,569149.4
2026-08-25 17:10:00,0.2142,0.2145,0.2136,0.2144,709168.6
2026-08-25 17:15:00,0.2144,0.2147,0.2142,0.2145,542651.4
2026-08-25 17:20:00,0.2144,0.2146,0.2134,0.2137,173432.0
2026-08-25 17:25:00,0.2136,0.2137,0.2129,0.213,1217882.7
2026-08-25 17:30:00,0.2131,0.2143,0.2131,0.2139,277017.2
2026-08-25 17:35:00,0.2139,0.214,0.2137,0.2138,157899.0
2026-08-25 17:40:00,0.2138,0.2147,0.2138,0.2147,239319.0
2026-08-25 17:45:00,0.2147,0.2152,0.2147,0.2152,73062.3
2026-08-25 17:50:00,0.2151,0.2152,0.2149,0.2151,161040.4
2026-08-25 17:55:00,0.215,0.2154,0.2149,0.2152,113841.1
2026-08-25 18:00:00,0.2151,0.2154,0.215,0.215,256753.9
2026-08-25 18:05:00,0.215,0.2152,0.2148,0.2152,237633.6
2026-08-25 18:10:00,0.2152,0.2156,0.215,0.2153,455248.6
2026-08-25 18:15:00,0.2154,0.2156,0.2153,0.2155,144563.9
2026-08-25 18:20:00,0.2155,0.2157,0.2153,0.2155,128634.6
2026-08-25 18:25:00,0.2155,0.2156,0.2152,0.2155,77199.7
2026-08-25 18:30:00,0.2156,0.2156,0.2151,0.2152,130617.0
2026-08-25 18:35:00,0.2152,0.2155,0.215,0.2154,120583.3
2026-08-25 18:40:00,0.2155,0.2158,0.2153,0.2157,118288.7
2026-08-25 18:45:00,0.2158,0.2159,0.2156,0.2158,126308.8
2026-08-25 18:50:00,0.2158,0.2158,0.2148,0.2149,219122.8
2026-08-25 18:55:00,0.2149,0.2153,0.2148,0.2152,174750.1
2026-08-25 19:00:00,0.2151,0.2153,0.2147,0.2147,83053.4
2026-08-25 19:05:00,0.2146,0.2149,0.2144,0.2149,127708.2
2026-08-25 19:10:00,0.2149,0.2153,0.2147,0.2149,217627.3
2026-08-25 19:15:00,0.2149,0.2152,0.2147,0.2151,372639.0
2026-08-25 19:20:00,0.2152,0.2153,0.2149,0.215,72779.3
2026-08-25 19:25:00,0.215,0.215,0.214,0.214,232536.1
2026-08-25 19:30:00,0.214,0.2141,0.2134,0.2138,431864.0
2026-08-25 19:35:00,0.2139,0.2143,0.2137,0.2137,129676.7
2026-08-25 19:40:00,0.2137,0.2138,0.2133,0.2133,149713.0
2026-08-25 19:45:00,0.2133,0.2137,0.213,0.2133,290124.7
2026-08-25 19:50:00,0.2133,0.2143,0.2133,0.2139,604279.3
2026-08-25 19:55:00,0.2139,0.2143,0.2138,0.2143,252151.6
2026-08-25 20:00:00,0.2144,0.2145,0.2123,0.2136,565180.5
2026-08-25 20:05:00,0.2135,0.214,0.213,0.2138,264950.8
2026-08-25 20:10:00,0.2138,0.2139,0.2135,0.2138,73681.0
2026-08-25 20:15:00,0.2137,0.2142,0.2135,0.2141,260838.6
2026-08-25 20:20:00,0.2141,0.2142,0.2137,0.214,60262.8
2026-08-25 20:25:00,0.214,0.214,0.2135,0.2136,77044.4
2026-08-25 20:30:00,0.2135,0.2136,0.213,0.2135,310315.0
2026-08-25 20:35:00,0.2135,0.2137,0.2123,0.2125,252172.3
2026-08-25 20:40:00,0.2124,0.2126,0.2104,0.2112,1706282.7
2026-08-25 20:45:00,0.2112,0.2116,0.2103,0.2105,1126694.9
2026-08-25 20:50:00,0.2106,0.2113,0.2104,0.2105,572677.5
2026-08-25 20:55:00,0.2105,0.2105,0.2092,0.2095,2292534.4
2026-08-25 21:00:00,0.2095,0.2104,0.2094,0.2099,776816.6
2026-08-25 21:05:00,0.21,0.2102,0.2063,0.2076,3172887.0
2026-08-25 21:10:00,0.2075,0.2095,0.2072,0.2093,1015688.6
2026-08-25 21:15:00,0.2093,0.2095,0.2087,0.2094,483346.8
2026-08-25 21:20:00,0.2094,0.2094,0.2079,0.208,351121.1
2026-08-25 21:25:00,0.208,0.2091,0.2078,0.2091,921873.4
2026-08-25 21:30:00,0.2091,0.2096,0.2089,0.2094,510702.2
2026-08-25 21:35:00,0.2094,0.21,0.2094,0.21,182504.0
2026-08-25 21:40:00,0.2099,0.2101,0.2094,0.2095,556274.7
2026-08-25 21:45:00,0.2096,0.2099,0.2095,0.2099,55074.9
2026-08-25 21:50:00,0.2098,0.2099,0.2093,0.2096,119042.3
2026-08-25 21:55:00,0.2096,0.2102,0.2094,0.2098,344072.9
2026-08-25 22:00:00,0.2099,0.2111,0.2098,0.2111,342662.3
2026-08-25 22:05:00,0.2111,0.2114,0.211,0.2111,232033.1
2026-08-25 22:10:00,0.2111,0.2117,0.2109,0.2116,176221.3
2026-08-25 22:15:00,0.2116,0.212,0.2114,0.2118,191403.1
2026-08-25 22:20:00,0.2119,0.2119,0.2113,0.2114,117261.5
2026-08-25 22:25:00,0.2113,0.2113,0.2107,0.211,462812.1
2026-08-25 22:30:00,0.211,0.2117,0.2108,0.2117,333969.1
2026-08-25 22:35:00,0.2116,0.212,0.2115,0.2115,420483.3
2026-08-25 22:40:00,0.2115,0.2117,0.2114,0.2116,197681.9
2026-08-25 22:45:00,0.2116,0.212,0.2115,0.2119,111740.5
2026-08-25 22:50:00,0.2119,0.2122,0.2118,0.2119,170925.2
2026-08-25 22:55:00,0.212,0.2123,0.2118,0.2119,297098.7
2026-08-25 23:00:00,0.2118,0.2123,0.2117,0.2123,179936.6
2026-08-25 23:05:00,0.2124,0.2125,0.2121,0.2121,56518.8
2026-08-25 23:10:00,0.2122,0.2122,0.2117,0.212,201232.4
2026-08-25 23:15:00,0.2119,0.2122,0.2114,0.2114,334645.5
2026-08-25 23:20:00,0.2114,0.2116,0.211,0.211,359990.1
2026-08-25 23:25:00,0.2111,0.2118,0.211,0.2117,131047.9
2026-08-25 23:30:00,0.2117,0.2117,0.2104,0.2104,519808.0
2026-08-25 23:35:00,0.2104,0.2106,0.2097,0.2098,905962.6
2026-08-25 23:40:00,0.2098,0.2099,0.209,0.2092,410745.7
2026-08-25 23:45:00,0.2091,0.2093,0.2088,0.2089,292425.0
2026-08-25 23:50:00,0.2089,0.2091,0.2083,0.2088,470798.0
2026-08-25 23:55:00,0.2089,0.2093,0.2087,0.2091,207028.2
2026-08-26 00:00:00,0.2091,0.2092,0.2082,0.209,328699.7
2026-08-26 00:05:00,0.2091,0.2091,0.2081,0.2082,625806.0
2026-08-26 00:10:00,0.2081,0.2086,0.2078,0.208,652573.4
2026-08-26 00:15:00,0.208,0.2092,0.208,0.209,933411.3
2026-08-26 00:20:00,0.209,0.2095,0.2089,0.2095,302124.6
2026-08-26 00:25:00,0.2095,0.21,0.2094,0.21,657754.4
2026-08-26 00:30:00,0.2101,0.2104,0.21,0.2102,122747.0
2026-08-26 00:35:00,0.2102,0.2103,0.2094,0.2095,316308.8
2026-08-26 00:40:00,0.2094,0.2098,0.209,0.2092,401797.1
2026-08-26 00:45:00,0.2092,0.2102,0.2092,0.2099,287356.2
2026-08-26 00:50:00,0.21,0.2108,0.21,0.2106,175228.2
2026-08-26 00:55:00,0.2106,0.2108,0.2104,0.2104,148877.1
2026-08-26 01:00:00,0.2104,0.2112,0.2104,0.2111,345123.7
2026-08-26 01:05:00,0.2111,0.2114,0.211,0.211,349667.4
2026-08-26 01:10:00,0.211,0.2111,0.2106,0.2108,487647.1
2026-08-26 01:15:00,0.2108,0.2112,0.2106,0.2109,385346.6
2026-08-26 01:20:00,0.2109,0.2109,0.2102,0.2104,897603.2
2026-08-26 01:25:00,0.2104,0.2104,0.21,0.2101,156710.7
2026-08-26 01:30:00,0.2101,0.2112,0.2101,0.2111,348522.2
2026-08-26 01:35:00,0.2111,0.2113,0.2108,0.211,81242.7
2026-08-26 01:40:00,0.2109,0.211,0.2105,0.2108,16087.9
2026-08-26 01:45:00,0.2107,0.2108,0.2105,0.2107,79540.2
2026-08-26 01:50:00,0.2107,0.2108,0.2105,0.2107,71057.9
2026-08-26 01:55:00,0.2107,0.2108,0.2105,0.2107,95161.9
2026-08-26 02:00:00,0.2108,0.211,0.2106,0.2107,108627.7
2026-08-26 02:05:00,0.2107,0.2108,0.2101,0.2103,232231.3
2026-08-26 02:10:00,0.2103,0.2109,0.2102,0.2106,191203.7
2026-08-26 02:15:00,0.2106,0.2118,0.2106,0.2116,345669.0
2026-08-26 02:20:00,0.2117,0.212,0.2113,0.2116,257613.2
2026-08-26 02:25:00,0.2117,0.2131,0.2117,0.2129,670524.7
2026-08-26 02:30:00,0.2129,0.2129,0.2122,0.2124,195601.0
2026-08-26 02:35:00,0.2124,0.2126,0.2122,0.2122,78725.6
2026-08-26 02:40:00,0.2123,0.2124,0.2122,0.2124,56464.4
2026-08-26 02:45:00,0.2123,0.2125,0.2123,0.2124,93677.9
2026-08-26 02:50:00,0.2124,0.2125,0.2121,0.2122,150719.4
2026-08-26 02:55:00,0.2123,0.2124,0.2121,0.2121,115175.3
2026-08-26 03:00:00,0.2121,0.2127,0.212,0.2121,179844.4
2026-08-26 03:05:00,0.2122,0.2123,0.212,0.212,161581.8
2026-08-26 03:10:00,0.2121,0.2121,0.2118,0.2119,148802.9
2026-08-26 03:15:00,0.2118,0.2121,0.2115,0.2116,81821.1
2026-08-26 03:20:00,0.2116,0.2122,0.2115,0.2122,607628.3
2026-08-26 03:25:00,0.2123,0.2123,0.2119,0.2119,140728.2
2026-08-26 03:30:00,0.2119,0.212,0.2111,0.2114,327948.5
2026-08-26 03:35:00,0.2115,0.212,0.2114,0.2114,136474.9
2026-08-26 03:40:00,0.2114,0.2115,0.2112,0.2113,200281.0
2026-08-26 03:45:00,0.2114,0.2116,0.2108,0.2109,122479.7
2026-08-26 03:50:00,0.2109,0.2113,0.2108,0.2113,91589.8
2026-08-26 03:55:00,0.2113,0.2116,0.2113,0.2114,242353.0
2026-08-26 04:00:00,0.2114,0.2114,0.2106,0.2109,263751.8
2026-08-26 04:05:00,0.2109,0.2114,0.2107,0.2114,212680.9
2026-08-26 04:10:00,0.2114,0.2116,0.2105,0.2107,217708.1
2026-08-26 04:15:00,0.2107,0.2115,0.2104,0.2114,174785.2
2026-08-26 04:20:00,0.2114,0.2117,0.2111,0.2117,230428.9
2026-08-26 04:25:00,0.2117,0.2118,0.2111,0.2112,78222.0
2026-08-26 04:30:00,0.2113,0.2115,0.2109,0.2109,176853.4
2026-08-26 04:35:00,0.211,0.2116,0.2108,0.2111,352594.2
2026-08-26 04:40:00,0.2111,0.2114,0.2109,0.211,113184.2
2026-08-26 04:45:00,0.2109,0.2109,0.21,0.2103,1103550.7
2026-08-26 04:50:00,0.2103,0.2105,0.21,0.2104,311152.2
2026-08-26 04:55:00,0.2104,0.2104,0.2098,0.2098,417332.6
2026-08-26 05:00:00,0.2099,0.2102,0.2094,0.2095,334633.1
2026-08-26 05:05:00,0.2096,0.2096,0.2088,0.2093,441568.2
2026-08-26 05:10:00,0.2094,0.2098,0.2091,0.2096,265765.2
2026-08-26 05:15:00,0.2095,0.2096,0.2089,0.2089,703472.0
2026-08-26 05:20:00,0.209,0.2103,0.2087,0.2103,178940.5
2026-08-26 05:25:00,0.2103,0.2106,0.2098,0.2106,230140.3
2026-08-26 05:30:00,0.2105,0.2113,0.2102,0.211,241924.6
2026-08-26 05:35:00,0.211,0.211,0.2104,0.2108,198330.2
2026-08-26 05:40:00,0.2108,0.2111,0.2108,0.211,59234.3
2026-08-26 05:45:00,0.211,0.211,0.2105,0.2109,284735.1
2026-08-26 05:50:00,0.2109,0.2109,0.2105,0.2106,85698.2
2026-08-26 05:55:00,0.2106,0.2108,0.2106,0.2108,38181.4
2026-08-26 06:00:00,0.2107,0.2111,0.2106,0.2109,133833.3
2026-08-26 06:05:00,0.2109,0.2116,0.2109,0.2116,439988.9
2026-08-26 06:10:00,0.2116,0.2116,0.2108,0.211,309374.3
2026-08-26 06:15:00,0.211,0.2115,0.2104,0.2105,238773.4
2026-08-26 06:20:00,0.2104,0.2107,0.2102,0.2102,99130.1
2026-08-26 06:25:00,0.2101,0.2105,0.21,0.2101,75871.1
2026-08-26 06:30:00,0.2102,0.2106,0.2099,0.2102,163001.4
2026-08-26 06:35:00,0.2102,0.2105,0.2098,0.2102,204594.9
2026-08-26 06:40:00,0.2102,0.2111,0.2102,0.2109,145643.9
2026-08-26 06:45:00,0.2109,0.2111,0.2106,0.2106,200946.3
2026-08-26 06:50:00,0.2107,0.2109,0.2105,0.2109,178978.1
2026-08-26 06:55:00,0.2109,0.2109,0.2107,0.2108,166233.0
2026-08-26 07:00:00,0.2108,0.2112,0.2103,0.2111,647354.4
2026-08-26 07:05:00,0.2112,0.2115,0.2106,0.2106,291849.5
2026-08-26 07:10:00,0.2105,0.211,0.2105,0.2107,117065.6
2026-08-26 07:15:00,0.2108,0.211,0.2105,0.2106,196261.2
2026-08-26 07:20:00,0.2106,0.2108,0.2103,0.2104,234309.7
2026-08-26 07:25:00,0.2104,0.2108,0.2103,0.2104,133524.6
2026-08-26 07:30:00,0.2104,0.2104,0.2101,0.2104,210577.7
2026-08-26 07:35:00,0.2104,0.2105,0.21,0.2102,392696.2
2026-08-26 07:40:00,0.2103,0.2105,0.2101,0.2105,111813.2
2026-08-26 07:45:00,0.2104,0.211,0.2103,0.211,331413.4
2026-08-26 07:50:00,0.211,0.2112,0.2106,0.2106,82696.9
2026-08-26 07:55:00,0.2105,0.2106,0.2102,0.2103,129184.1
2026-08-26 08:00:00,0.2102,0.2104,0.2098,0.2102,607725.5
2026-08-26 08:05:00,0.2102,0.2111,0.2099,0.2111,947605.9
2026-08-26 08:10:00,0.2112,0.2119,0.2109,0.2112,960527.0
2026-08-26 08:15:00,0.2111,0.2118,0.211,0.2111,586835.9
2026-08-26 08:20:00,0.2111,0.2111,0.2107,0.2108,269220.4
2026-08-26 08:25:00,0.2109,0.2113,0.2109,0.2112,59630.0
2026-08-26 08:30:00,0.2111,0.2113,0.2107,0.2108,169435.8
2026-08-26 08:35:00,0.2108,0.211,0.2107,0.2108,73340.1
2026-08-26 08:40:00,0.2108,0.2114,0.2106,0.2114,161008.7
2026-08-26 08:45:00,0.2114,0.2115,0.211,0.2111,108992.7
2026-08-26 08:50:00,0.2112,0.2113,0.2098,0.2099,307056.7
2026-08-26 08:55:00,0.2099,0.2104,0.2097,0.2103,127822.2
2026-08-26 09:00:00,0.2104,0.2109,0.2102,0.2106,318942.4
2026-08-26 09:05:00,0.2106,0.2109,0.2102,0.2103,38764.4
2026-08-26 09:10:00,0.2103,0.2108,0.2101,0.2102,375855.7
2026-08-26 09:15:00,0.2102,0.2105,0.2087,0.2088,723431.5
2026-08-26 09:20:00,0.2088,0.2091,0.208,0.2082,832220.5
2026-08-26 09:25:00,0.2082,0.2088,0.2082,0.2086,352490.8
2026-08-26 09:30:00,0.2085,0.209,0.2081,0.2088,233850.4
2026-08-26 09:35:00,0.2088,0.2089,0.2085,0.2085,226226.8
2026-08-26 09:40:00,0.2084,0.2085,0.208,0.208,470886.7
2026-08-26 09:45:00,0.2081,0.2086,0.2075,0.2085,679169.1
2026-08-26 09:50:00,0.2085,0.2092,0.2083,0.2085,835517.8
2026-08-26 09:55:00,0.2085,0.209,0.2085,0.2089,111110.0
2026-08-26 10:00:00,0.2089,0.209,0.2085,0.2087,154462.4
2026-08-26 10:05:00,0.2089,0.2091,0.2086,0.209,167230.4
2026-08-26 10:10:00,0.209,0.2096,0.2088,0.2095,904417.3
2026-08-26 10:15:00,0.2095,0.2105,0.2094,0.2104,537488.9
2026-08-26 10:20:00,0.2104,0.2106,0.2102,0.2105,449142.3
2026-08-26 10:25:00,0.2106,0.211,0.2105,0.211,101024.5
2026-08-26 10:30:00,0.211,0.211,0.2106,0.2107,271546.3
2026-08-26 10:35:00,0.2108,0.2118,0.2107,0.2113,541063.8
2026-08-26 10:40:00,0.2114,0.2116,0.211,0.2115,201081.8
2026-08-26 10:45:00,0.2114,0.2121,0.2114,0.2121,222106.9
2026-08-26 10:50:00,0.2121,0.2122,0.2118,0.212,149136.5
2026-08-26 10:55:00,0.212,0.2122,0.2118,0.2119,129711.0
2026-08-26 11:00:00,0.2119,0.2123,0.2118,0.2123,203332.1
2026-08-26 11:05:00,0.2123,0.2124,0.2118,0.2119,233924.7
2026-08-26 11:10:00,0.212,0.212,0.2116,0.2119,142480.7
2026-08-26 11:15:00,0.2119,0.212,0.2114,0.2114,515965.0
2026-08-26 11:20:00,0.2114,0.2115,0.2111,0.2112,116402.6
2026-08-26 11:25:00,0.2113,0.2113,0.2105,0.2106,378992.1
2026-08-26 11:30:00,0.2106,0.2107,0.2103,0.2104,115678.9
2026-08-26 11:35:00,0.2104,0.2107,0.2096,0.21,346412.0
2026-08-26 11:40:00,0.2101,0.2105,0.2099,0.2105,309775.7
2026-08-26 11:45:00,0.2104,0.2105,0.2101,0.2103,73104.8
2026-08-26 11:50:00,0.2103,0.2108,0.2102,0.2107,111739.4
2026-08-26 11:55:00,0.2107,0.2109,0.2103,0.2104,48490.2
2026-08-26 12:00:00,0.2105,0.2107,0.2101,0.2103,123521.2
2026-08-26 12:05:00,0.2103,0.2103,0.2095,0.21,279873.8
2026-08-26 12:10:00,0.21,0.2102,0.2097,0.2097,165949.0
2026-08-26 12:15:00,0.2098,0.2102,0.2094,0.21,147388.0
2026-08-26 12:20:00,0.21,0.2118,0.21,0.2118,455524.3
2026-08-26 12:25:00,0.2118,0.2122,0.2117,0.2121,639670.4
2026-08-26 12:30:00,0.212,0.212,0.2083,0.2109,2831160.3
2026-08-26 12:35:00,0.2109,0.2112,0.2099,0.21,493237.1
2026-08-26 12:40:00,0.21,0.2106,0.21,0.2101,158718.2
2026-08-26 12:45:00,0.2101,0.2105,0.2095,0.2101,892409.1
2026-08-26 12:50:00,0.2101,0.2105,0.2097,0.2099,217263.5
2026-08-26 12:55:00,0.2098,0.2102,0.2098,0.2098,249988.5
2026-08-26 13:00:00,0.2098,0.2102,0.2094,0.2094,268187.9
2026-08-26 13:05:00,0.2095,0.2095,0.208,0.2083,973895.5
2026-08-26 13:10:00,0.2083,0.2087,0.2079,0.2084,517139.3
2026-08-26 13:15:00,0.2085,0.2085,0.2079,0.2082,321103.6
2026-08-26 13:20:00,0.2082,0.2083,0.207,0.2072,1972720.7
2026-08-26 13:25:00,0.2072,0.2078,0.207,0.2072,470473.2
2026-08-26 13:30:00,0.2073,0.2088,0.2073,0.2087,930358.2
2026-08-26 13:35:00,0.2087,0.2098,0.2083,0.209,446082.2
2026-08-26 13:40:00,0.209,0.2097,0.209,0.2093,408618.0
2026-08-26 13:45:00,0.2093,0.2096,0.2088,0.2088,450448.5
2026-08-26 13:50:00,0.2088,0.2088,0.2078,0.208,407964.8
2026-08-26 13:55:00,0.208,0.209,0.208,0.2088,257898.1
2026-08-26 14:00:00,0.2087,0.2093,0.208,0.2091,298778.4
2026-08-26 14:05:00,0.2091,0.2095,0.2089,0.2093,533461.5
2026-08-26 14:10:00,0.2092,0.2098,0.2085,0.2086,242148.2
2026-08-26 14:15:00,0.2086,0.2092,0.2085,0.2089,146283.0
2026-08-26 14:20:00,0.209,0.209,0.2079,0.2079,281890.4
2026-08-26 14:25:00,0.2078,0.208,0.2069,0.2071,548452.8
2026-08-26 14:30:00,0.2071,0.2075,0.2065,0.2066,476835.8
2026-08-26 14:35:00,0.2067,0.2071,0.2053,0.2062,2504867.2
2026-08-26 14:40:00,0.2062,0.207,0.2059,0.2061,629628.1
2026-08-26 14:45:00,0.206,0.2063,0.205,0.2057,683588.0
2026-08-26 14:50:00,0.2058,0.206,0.2052,0.2055,315504.3
2026-08-26 14:55:00,0.2054,0.2055,0.2044,0.2048,1303605.5
2026-08-26 15:00:00,0.2048,0.2048,0.2026,0.2029,4216322.4
2026-08-26 15:05:00,0.2029,0.2046,0.2026,0.2044,1017512.4
2026-08-26 15:10:00,0.2043,0.2044,0.2036,0.2037,491333.8
2026-08-26 15:15:00,0.2037,0.2038,0.2029,0.2032,809835.1
2026-08-26 15:20:00,0.2032,0.2043,0.2031,0.2043,568756.2
2026-08-26 15:25:00,0.2043,0.2055,0.2043,0.2053,919528.3
2026-08-26 15:30:00,0.2053,0.2054,0.2041,0.2041,762408.3
2026-08-26 15:35:00,0.2042,0.2049,0.2038,0.2047,894227.0
2026-08-26 15:40:00,0.2048,0.2056,0.2048,0.205,392447.1
2026-08-26 15:45:00,0.205,0.2057,0.205,0.2056,158042.5
2026-08-26 15:50:00,0.2056,0.2056,0.2049,0.205,187849.8
2026-08-26 15:55:00,0.2049,0.2053,0.2047,0.2047,172319.8
2026-08-26 16:00:00,0.2048,0.2052,0.2041,0.205,381711.8
2026-08-26 16:05:00,0.205,0.2054,0.2048,0.205,278656.7
2026-08-26 16:10:00,0.2049,0.2049,0.2042,0.2045,174739.4
2026-08-26 16:15:00,0.2045,0.2046,0.204,0.2042,244721.0
2026-08-26 16:20:00,0.2042,0.2047,0.2036,0.2038,450389.2
2026-08-26 16:25:00,0.2038,0.2041,0.2034,0.2038,520140.9
2026-08-26 16:30:00,0.2037,0.2039,0.2033,0.2039,270250.5
2026-08-26 16:35:00,0.2039,0.2045,0.203,0.2032,516384.9
2026-08-26 16:40:00,0.2031,0.2032,0.2025,0.2027,1349926.2
2026-08-26 16:45:00,0.2027,0.2046,0.2027,0.2039,301735.1
2026-08-26 16:50:00,0.204,0.2041,0.2034,0.2037,241088.8
2026-08-26 16:55:00,0.2037,0.204,0.2035,0.2037,128428.2
2026-08-26 17:00:00,0.2037,0.2043,0.2035,0.2039,429625.5
2026-08-26 17:05:00,0.2038,0.2045,0.2036,0.2043,113476.7
2026-08-26 17:10:00,0.2043,0.2044,0.2041,0.2044,332945.6
2026-08-26 17:15:00,0.2045,0.2055,0.2044,0.2055,614692.5
2026-08-26 17:20:00,0.2055,0.2057,0.2051,0.2055,231651.1
2026-08-26 17:25:00,0.2055,0.2065,0.2055,0.2064,641224.9
2026-08-26 17:30:00,0.2064,0.207,0.2062,0.2069,519311.5
2026-08-26 17:35:00,0.2068,0.2069,0.2062,0.2064,723032.4
2026-08-26 17:40:00,0.2064,0.2064,0.2057,0.2057,230916.5
2026-08-26 17:45:00,0.2057,0.2057,0.205,0.2053,447853.3
2026-08-26 17:50:00,0.2053,0.2057,0.2051,0.2056,173231.9
2026-08-26 17:55:00,0.2056,0.2058,0.2053,0.2055,477514.7
2026-08-26 18:00:00,0.2054,0.2054,0.2049,0.2049,241728.9
2026-08-26 18:05:00,0.2049,0.2053,0.2047,0.2051,105660.0
2026-08-26 18:10:00,0.2051,0.2058,0.2051,0.2054,403045.8
2026-08-26 18:15:00,0.2053,0.2056,0.2051,0.2055,86420.9
2026-08-26 18:20:00,0.2055,0.2061,0.2055,0.2057,287276.2
2026-08-26 18:25:00,0.2057,0.2059,0.2051,0.2053,119612.8
2026-08-26 18:30:00,0.2054,0.2057,0.2052,0.2054,98929.9
2026-08-26 18:35:00,0.2054,0.2055,0.205,0.2051,152124.1
2026-08-26 18:40:00,0.2051,0.2052,0.2049,0.2051,126154.7
2026-08-26 18:45:00,0.2051,0.206,0.2051,0.206,76969.2
2026-08-26 18:50:00,0.206,0.2062,0.2057,0.2061,198648.3
2026-08-26 18:55:00,0.2062,0.2067,0.206,0.2063,157051.8
2026-08-26 19:00:00,0.2063,0.2064,0.206,0.2061,48633.0
2026-08-26 19:05:00,0.2061,0.2061,0.2057,0.2059,111131.1
2026-08-26 19:10:00,0.2058,0.2063,0.2056,0.2057,232406.6
2026-08-26 19:15:00,0.2056,0.2057,0.2053,0.2056,162505.2
2026-08-26 19:20:00,0.2056,0.2057,0.2055,0.2057,156205.8
2026-08-26 19:25:00,0.2057,0.2067,0.2056,0.2064,593664.8
2026-08-26 19:30:00,0.2064,0.2064,0.2058,0.2059,91311.1
2026-08-26 19:35:00,0.2059,0.2061,0.2054,0.2055,210497.9
2026-08-26 19:40:00,0.2055,0.2055,0.2052,0.2052,62844.5
2026-08-26 19:45:00,0.2052,0.2058,0.2052,0.2058,37830.5
2026-08-26 19:50:00,0.2057,0.2059,0.2055,0.2056,104360.2
2026-08-26 19:55:00,0.2056,0.206,0.2055,0.206,206930.1
2026-08-26 20:00:00,0.206,0.2062,0.2056,0.2061,112729.6
2026-08-26 20:05:00,0.2061,0.2064,0.206,0.2064,152406.3
2026-08-26 20:10:00,0.2063,0.2065,0.2058,0.2059,125389.4
2026-08-26 20:15:00,0.2058,0.206,0.2053,0.2053,81047.3
2026-08-26 20:20:00,0.2053,0.2053,0.204,0.2046,867044.1
2026-08-26 20:25:00,0.2047,0.2052,0.2047,0.2052,308553.1
2026-08-26 20:30:00,0.2052,0.2052,0.2047,0.2048,299236.5
2026-08-26 20:35:00,0.2049,0.205,0.2045,0.2048,360024.9
2026-08-26 20:40:00,0.2049,0.2053,0.2049,0.2051,218331.4
2026-08-26 20:45:00,0.2051,0.2054,0.2051,0.2053,169139.3
2026-08-26 20:50:00,0.2053,0.2053,0.2051,0.2052,74208.9
2026-08-26 20:55:00,0.2053,0.2062,0.2053,0.2059,364568.6
2026-08-26 21:00:00,0.206,0.2062,0.2057,0.206,316713.5
2026-08-26 21:05:00,0.2061,0.2075,0.2061,0.2075,530665.9
2026-08-26 21:10:00,0.2075,0.2081,0.2075,0.2079,799213.1
2026-08-26 21:15:00,0.2079,0.2082,0.2078,0.2081,540512.5
2026-08-26 21:20:00,0.2082,0.2086,0.2081,0.2084,494686.9
2026-08-26 21:25:00,0.2084,0.2086,0.208,0.2085,335288.1
2026-08-26 21:30:00,0.2085,0.2085,0.2079,0.2083,232759.8
2026-08-26 21:35:00,0.2082,0.2086,0.2081,0.2085,243913.1
2026-08-26 21:40:00,0.2086,0.2086,0.2079,0.208,336072.7
2026-08-26 21:45:00,0.2081,0.2084,0.2079,0.2081,198295.2
2026-08-26 21:50:00,0.208,0.209,0.208,0.2088,403047.3
2026-08-26 21:55:00,0.2087,0.209,0.2087,0.2089,129556.2
2026-08-26 22:00:00,0.2088,0.2097,0.2084,0.2096,398521.5
2026-08-26 22:05:00,0.2096,0.2097,0.2092,0.2093,791370.8
2026-08-26 22:10:00,0.2092,0.2098,0.2091,0.2097,959577.5
2026-08-26 22:15:00,0.2098,0.2113,0.2095,0.211,1123218.6
2026-08-26 22:20:00,0.2111,0.2116,0.2106,0.2108,695521.1
2026-08-26 22:25:00,0.2108,0.2113,0.2108,0.2111,431669.3
2026-08-26 22:30:00,0.2111,0.2114,0.2105,0.2109,236708.1
2026-08-26 22:35:00,0.2109,0.211,0.2101,0.2103,866011.1
2026-08-26 22:40:00,0.2103,0.2108,0.2102,0.2107,271344.1
2026-08-26 22:45:00,0.2107,0.211,0.2102,0.2103,478630.0
2026-08-26 22:50:00,0.2104,0.2104,0.2099,0.2102,415097.5
2026-08-26 22:55:00,0.2101,0.2105,0.2098,0.2103,529864.3
2026-08-26 23:00:00,0.2102,0.2107,0.2099,0.2106,89786.2
2026-08-26 23:05:00,0.2106,0.2107,0.2102,0.2102,83630.6
2026-08-26 23:10:00,0.2103,0.2106,0.2102,0.2105,109945.9
2026-08-26 23:15:00,0.2105,0.2112,0.2104,0.211,849705.1
2026-08-26 23:20:00,0.211,0.2117,0.2109,0.2116,357363.1
2026-08-26 23:25:00,0.2117,0.2118,0.2112,0.2116,161871.1
2026-08-26 23:30:00,0.2116,0.2118,0.2113,0.2115,720878.2
2026-08-26 23:35:00,0.2115,0.2121,0.2115,0.2121,352646.2
2026-08-26 23:40:00,0.212,0.2127,0.2119,0.2126,421711.2
2026-08-26 23:45:00,0.2126,0.2129,0.2123,0.2127,770342.1
2026-08-26 23:50:00,0.2127,0.213,0.2124,0.2126,210327.8
2026-08-26 23:55:00,0.2127,0.2128,0.2123,0.2124,388485.1
2026-08-27 00:00:00,0.2124,0.2124,0.2113,0.2115,484636.4
2026-08-27 00:05:00,0.2114,0.2119,0.211,0.2118,582199.4
2026-08-27 00:10:00,0.2117,0.2117,0.211,0.2111,569496.6
2026-08-27 00:15:00,0.2112,0.2117,0.2109,0.2116,481049.8
2026-08-27 00:20:00,0.2117,0.2121,0.2114,0.2114,476045.5
2026-08-27 00:25:00,0.2115,0.2115,0.2111,0.2113,130465.6
2026-08-27 00:30:00,0.2113,0.2114,0.211,0.2111,96403.9
2026-08-27 00:35:00,0.2112,0.2113,0.2109,0.2111,99747.3
2026-08-27 00:40:00,0.2111,0.2114,0.2109,0.2113,75822.5
2026-08-27 00:45:00,0.2112,0.2112,0.2109,0.2109,39614.3
2026-08-27 00:50:00,0.211,0.2112,0.2106,0.2108,396505.6
2026-08-27 00:55:00,0.2107,0.2109,0.2106,0.2108,112735.9
2026-08-27 01:00:00,0.2108,0.2109,0.2101,0.2107,311887.9
2026-08-27 01:05:00,0.2107,0.2107,0.21,0.21,158196.8
2026-08-27 01:10:00,0.2101,0.2104,0.2099,0.2099,167640.0
2026-08-27 01:15:00,0.2099,0.2103,0.2097,0.2103,78728.4
2026-08-27 01:20:00,0.2102,0.2109,0.2102,0.2108,70879.8
2026-08-27 01:25:00,0.2109,0.2117,0.2109,0.2115,427771.1
2026-08-27 01:30:00,0.2115,0.2119,0.2113,0.2116,417731.8
2026-08-27 01:35:00,0.2116,0.2118,0.2113,0.2115,169361.6
2026-08-27 01:40:00,0.2114,0.2114,0.2104,0.2104,168879.8
2026-08-27 01:45:00,0.2104,0.2114,0.2104,0.2114,202793.9
2026-08-27 01:50:00,0.2115,0.2119,0.2113,0.2113,273011.5
2026-08-27 01:55:00,0.2113,0.2115,0.2108,0.2109,71124.0
2026-08-27 02:00:00,0.2108,0.2115,0.2107,0.2114,412198.7
2026-08-27 02:05:00,0.2114,0.2115,0.2113,0.2115,46812.1
2026-08-27 02:10:00,0.2116,0.2116,0.2108,0.2109,97697.0
2026-08-27 02:15:00,0.2108,0.2108,0.2102,0.2104,142476.2
2026-08-27 02:20:00,0.2104,0.2106,0.2097,0.2098,84637.4
2026-08-27 02:25:00,0.2099,0.2099,0.2094,0.2096,141866.7
2026-08-27 02:30:00,0.2096,0.2099,0.2094,0.2099,253078.4
2026-08-27 02:35:00,0.2098,0.2098,0.209,0.2091,279601.5
2026-08-27 02:40:00,0.2091,0.2091,0.2085,0.2087,881169.6
2026-08-27 02:45:00,0.2088,0.2092,0.2087,0.2091,350117.4
2026-08-27 02:50:00,0.2091,0.2095,0.209,0.2091,198018.3
2026-08-27 02:55:00,0.2091,0.2092,0.2089,0.2091,131363.2
2026-08-27 03:00:00,0.209,0.2093,0.209,0.2091,89065.4
2026-08-27 03:05:00,0.2092,0.2094,0.209,0.2091,240941.3
2026-08-27 03:10:00,0.2091,0.2092,0.2081,0.2082,391665.8
2026-08-27 03:15:00,0.2082,0.209,0.2081,0.2089,776982.8
2026-08-27 03:20:00,0.209,0.21,0.2087,0.2098,290416.7
2026-08-27 03:25:00,0.2097,0.2099,0.2093,0.2099,187102.7
2026-08-27 03:30:00,0.2098,0.2098,0.2093,0.2094,78114.7
2026-08-27 03:35:00,0.2094,0.2095,0.2091,0.2092,42602.5
2026-08-27 03:40:00,0.2091,0.2092,0.209,0.209,238758.7
2026-08-27 03:45:00,0.209,0.2094,0.2089,0.209,421957.1
2026-08-27 03:50:00,0.209,0.2091,0.2087,0.2089,379772.1
2026-08-27 03:55:00,0.2088,0.2093,0.2085,0.2092,195786.5
2026-08-27 04:00:00,0.2092,0.2098,0.2091,0.2094,1570738.9
2026-08-27 04:05:00,0.2095,0.2097,0.2092,0.2097,84016.9
2026-08-27 04:10:00,0.2097,0.2101,0.2093,0.2099,1004614.2
2026-08-27 04:15:00,0.2099,0.2106,0.2099,0.21,374952.9
2026-08-27 04:20:00,0.2101,0.2101,0.2094,0.2096,132891.0
2026-08-27 04:25:00,0.2096,0.2097,0.2094,0.2094,56967.9
2026-08-27 04:30:00,0.2093,0.2093,0.2088,0.2088,189456.1
2026-08-27 04:35:00,0.2089,0.2091,0.2084,0.209,1127939.3
2026-08-27 04:40:00,0.2091,0.2094,0.2088,0.2093,109157.5
2026-08-27 04:45:00,0.2093,0.2094,0.2086,0.2088,150808.4
2026-08-27 04:50:00,0.2088,0.2089,0.2085,0.2088,97852.3
2026-08-27 04:55:00,0.2089,0.209,0.2088,0.209,89445.5
2026-08-27 05:00:00,0.2091,0.2092,0.2087,0.2087,254965.5
2026-08-27 05:05:00,0.2086,0.209,0.2082,0.209,272112.3
2026-08-27 05:10:00,0.2089,0.209,0.2084,0.2085,156059.2
2026-08-27 05:15:00,0.2084,0.2085,0.2081,0.2082,136047.0
2026-08-27 05:20:00,0.2083,0.2089,0.2082,0.2089,149446.3
2026-08-27 05:25:00,0.209,0.2091,0.2081,0.2082,209918.5
2026-08-27 05:30:00,0.2083,0.2084,0.2076,0.2078,326425.5
2026-08-27 05:35:00,0.2079,0.2085,0.2076,0.2085,209516.6
2026-08-27 05:40:00,0.2085,0.209,0.2082,0.2085,152041.0
2026-08-27 05:45:00,0.2084,0.2093,0.2084,0.2093,126569.3
2026-08-27 05:50:00,0.2094,0.2099,0.2092,0.2095,434412.4
2026-08-27 05:55:00,0.2096,0.21,0.2092,0.2096,408500.5
2026-08-27 06:00:00,0.2097,0.2097,0.2092,0.2092,215939.8
2026-08-27 06:05:00,0.2093,0.2094,0.2091,0.2091,71968.9
2026-08-27 06:10:00,0.2092,0.2092,0.2084,0.2088,295971.9
2026-08-27 06:15:00,0.2089,0.2091,0.2086,0.209,146631.0
2026-08-27 06:20:00,0.2091,0.2094,0.2089,0.2092,157879.0
2026-08-27 06:25:00,0.2091,0.2093,0.209,0.2092,81851.6
2026-08-27 06:30:00,0.2093,0.2097,0.2091,0.2094,348162.7
2026-08-27 06:35:00,0.2095,0.21,0.2095,0.2097,130461.1
2026-08-27 06:40:00,0.2097,0.2098,0.2096,0.2098,35006.0
2026-08-27 06:45:00,0.2099,0.2102,0.2098,0.2101,430865.1
2026-08-27 06:50:00,0.2102,0.2106,0.2101,0.2102,113617.2
2026-08-27 06:55:00,0.2103,0.2108,0.2103,0.2107,241235.8
2026-08-27 07:00:00,0.2107,0.2108,0.2104,0.2107,225462.6
2026-08-27 07:05:00,0.2107,0.2107,0.2105,0.2106,126992.2
2026-08-27 07:10:00,0.2105,0.2109,0.2105,0.2108,142713.3
2026-08-27 07:15:00,0.2108,0.211,0.2106,0.2109,48525.9
2026-08-27 07:20:00,0.2109,0.211,0.2104,0.2104,77987.0
2026-08-27 07:25:00,0.2104,0.2104,0.2101,0.2103,101787.3
2026-08-27 07:30:00,0.2103,0.2108,0.2103,0.2108,339937.0
2026-08-27 07:35:00,0.2108,0.2108,0.2104,0.2106,33958.7
2026-08-27 07:40:00,0.2106,0.2106,0.2102,0.2104,340262.1
2026-08-27 07:45:00,0.2105,0.2106,0.2102,0.2105,835030.6
2026-08-27 07:50:00,0.2105,0.2113,0.2104,0.2111,342446.8
2026-08-27 07:55:00,0.2112,0.2117,0.211,0.2112,944736.0
2026-08-27 08:00:00,0.2112,0.2132,0.2111,0.2126,1055110.9
2026-08-27 08:05:00,0.2127,0.2137,0.2118,0.2135,1496078.3
2026-08-27 08:10:00,0.2134,0.2144,0.2132,0.2136,2723922.2
2026-08-27 08:15:00,0.2136,0.2136,0.2125,0.2128,381131.4
2026-08-27 08:20:00,0.2128,0.2134,0.2126,0.2134,823220.2
2026-08-27 08:25:00,0.2134,0.2145,0.2133,0.2145,710673.4
2026-08-27 08:30:00,0.2144,0.2156,0.2144,0.2152,1537730.7
2026-08-27 08:35:00,0.2152,0.2153,0.2147,0.2149,1894239.5
2026-08-27 08:40:00,0.215,0.2158,0.2149,0.2154,864719.3
2026-08-27 08:45:00,0.2154,0.2159,0.2152,0.2157,1013370.8
2026-08-27 08:50:00,0.2156,0.2159,0.2153,0.2153,851583.9
2026-08-27 08:55:00,0.2154,0.2155,0.2146,0.2147,958776.0
2026-08-27 09:00:00,0.2147,0.2148,0.2137,0.2141,1102351.6
2026-08-27 09:05:00,0.2141,0.2145,0.214,0.2143,144709.2
2026-08-27 09:10:00,0.2144,0.2148,0.2143,0.2146,388228.6
2026-08-27 09:15:00,0.2146,0.2152,0.2142,0.2152,561835.1
2026-08-27 09:20:00,0.2152,0.2159,0.215,0.2159,748930.7
2026-08-27 09:25:00,0.2159,0.2168,0.2159,0.2166,1623128.2
2026-08-27 09:30:00,0.2166,0.2167,0.2158,0.2158,1197552.8
2026-08-27 09:35:00,0.2159,0.2163,0.2153,0.2159,724586.2
2026-08-27 09:40:00,0.2159,0.2162,0.2154,0.2161,488140.2
2026-08-27 09:45:00,0.216,0.2163,0.2158,0.2159,271242.5
2026-08-27 09:50:00,0.2158,0.216,0.2149,0.2152,504339.7
2026-08-27 09:55:00,0.2152,0.2152,0.2145,0.2148,502235.9
2026-08-27 10:00:00,0.2148,0.2153,0.2144,0.2151,1510540.8
2026-08-27 10:05:00,0.2151,0.2162,0.215,0.2162,193783.2
2026-08-27 10:10:00,0.2162,0.2162,0.2144,0.2151,773451.3
2026-08-27 10:15:00,0.2151,0.2153,0.2146,0.215,311897.7
2026-08-27 10:20:00,0.2151,0.2152,0.2141,0.2143,634303.0
2026-08-27 10:25:00,0.2144,0.2144,0.2111,0.2128,3798736.7
2026-08-27 10:30:00,0.2128,0.2129,0.2121,0.2123,442064.3
2026-08-27 10:35:00,0.2124,0.2125,0.2108,0.2113,1250467.1
2026-08-27 10:40:00,0.2112,0.2124,0.2112,0.2122,465500.8
2026-08-27 10:45:00,0.2122,0.2124,0.2118,0.2119,302850.5
2026-08-27 10:50:00,0.2119,0.2131,0.2119,0.213,431009.8
2026-08-27 10:55:00,0.213,0.2132,0.2128,0.213,287789.7
2026-08-27 11:00:00,0.213,0.2137,0.2128,0.2135,397796.1
2026-08-27 11:05:00,0.2135,0.2138,0.2133,0.2135,249199.3
2026-08-27 11:10:00,0.2135,0.2135,0.213,0.2133,384693.4
2026-08-27 11:15:00,0.2133,0.2134,0.2129,0.2133,112777.0
2026-08-27 11:20:00,0.2133,0.2139,0.2132,0.2136,289057.3
2026-08-27 11:25:00,0.2137,0.2137,0.212,0.2122,357778.0
2026-08-27 11:30:00,0.2121,0.2127,0.2117,0.2126,455125.8
2026-08-27 11:35:00,0.2126,0.2126,0.2118,0.2118,128179.4
2026-08-27 11:40:00,0.2118,0.2122,0.2118,0.2121,335640.9
2026-08-27 11:45:00,0.212,0.212,0.2111,0.2111,825196.2
2026-08-27 11:50:00,0.2112,0.2117,0.2106,0.2116,439925.9
2026-08-27 11:55:00,0.2117,0.2117,0.2114,0.2116,145753.6
2026-08-27 12:00:00,0.2115,0.212,0.2115,0.2115,506127.6
2026-08-27 12:05:00,0.2115,0.2115,0.2109,0.2111,189673.3
2026-08-27 12:10:00,0.2112,0.2118,0.2112,0.2117,719590.9
2026-08-27 12:15:00,0.2118,0.212,0.2114,0.2115,114175.3
2026-08-27 12:20:00,0.2115,0.2118,0.2114,0.2117,103275.0
2026-08-27 12:25:00,0.2118,0.212,0.2115,0.2116,409150.6
2026-08-27 12:30:00,0.2117,0.2119,0.2113,0.2113,398691.0
2026-08-27 12:35:00,0.2113,0.2115,0.2105,0.2113,769004.6
2026-08-27 12:40:00,0.2113,0.2117,0.2113,0.2114,341275.6
2026-08-27 12:45:00,0.2114,0.2117,0.2114,0.2115,91353.4
2026-08-27 12:50:00,0.2116,0.2118,0.2115,0.2116,119564.3
2026-08-27 12:55:00,0.2116,0.2122,0.2115,0.2116,793981.3
2026-08-27 13:00:00,0.2116,0.2122,0.2116,0.212,148600.9
2026-08-27 13:05:00,0.2119,0.2125,0.2119,0.212,102919.4
2026-08-27 13:10:00,0.2119,0.2121,0.2117,0.2117,202743.1
2026-08-27 13:15:00,0.2118,0.2124,0.2118,0.2118,429205.0
2026-08-27 13:20:00,0.2119,0.2125,0.2118,0.2125,100565.0
2026-08-27 13:25:00,0.2125,0.2129,0.2123,0.2126,705158.0
2026-08-27 13:30:00,0.2125,0.2127,0.2107,0.2109,750300.7
2026-08-27 13:35:00,0.2109,0.2114,0.2107,0.2114,292797.9
2026-08-27 13:40:00,0.2114,0.2116,0.2108,0.2112,447778.8
2026-08-27 13:45:00,0.2113,0.2117,0.2098,0.2104,950494.7
2026-08-27 13:50:00,0.2104,0.2116,0.2103,0.2116,345808.9
2026-08-27 13:55:00,0.2116,0.2133,0.2116,0.2133,614394.6
2026-08-27 14:00:00,0.2133,0.2144,0.2127,0.214,1517206.8
2026-08-27 14:05:00,0.2141,0.2144,0.213,0.2132,899386.0
2026-08-27 14:10:00,0.2132,0.2133,0.2128,0.2131,435477.3
2026-08-27 14:15:00,0.2132,0.2146,0.213,0.2144,1065109.5
2026-08-27 14:20:00,0.2144,0.2153,0.2141,0.2148,796273.6
2026-08-27 14:25:00,0.2149,0.2152,0.2142,0.2151,704429.8
2026-08-27 14:30:00,0.2152,0.2153,0.2145,0.2148,489300.7
2026-08-27 14:35:00,0.2149,0.2159,0.2148,0.2155,609666.6
2026-08-27 14:40:00,0.2156,0.2171,0.2154,0.217,1115879.1
2026-08-27 14:45:00,0.217,0.217,0.2155,0.2157,564298.0
2026-08-27 14:50:00,0.2158,0.2159,0.2146,0.2146,1023280.9
2026-08-27 14:55:00,0.2145,0.215,0.2144,0.2149,549019.4
2026-08-27 15:00:00,0.2149,0.2158,0.2146,0.2149,697745.0
2026-08-27 15:05:00,0.215,0.2153,0.2145,0.2147,573156.9
2026-08-27 15:10:00,0.2147,0.2164,0.2146,0.2154,655101.6
2026-08-27 15:15:00,0.2155,0.2161,0.2149,0.2158,760243.6
2026-08-27 15:20:00,0.2158,0.2159,0.2147,0.215,888334.0
2026-08-27 15:25:00,0.215,0.2154,0.2148,0.2151,234659.1
2026-08-27 15:30:00,0.2151,0.2151,0.2132,0.2136,1479036.8
2026-08-27 15:35:00,0.2136,0.2149,0.2134,0.2147,1033638.3
2026-08-27 15:40:00,0.2148,0.2152,0.2141,0.2148,711976.2
2026-08-27 15:45:00,0.2148,0.2148,0.2143,0.2144,312191.3
2026-08-27 15:50:00,0.2143,0.2147,0.2142,0.2146,436303.1
2026-08-27 15:55:00,0.2146,0.2148,0.2144,0.2146,286312.4
2026-08-27 16:00:00,0.2146,0.2152,0.2143,0.215,361786.9
2026-08-27 16:05:00,0.2151,0.2153,0.2138,0.2143,778870.9
2026-08-27 16:10:00,0.2143,0.2153,0.2142,0.2148,516561.9
2026-08-27 16:15:00,0.2149,0.2161,0.2147,0.2158,902182.1
2026-08-27 16:20:00,0.2158,0.2161,0.2156,0.216,556585.2
2026-08-27 16:25:00,0.216,0.2164,0.2154,0.2157,1423371.1
2026-08-27 16:30:00,0.2156,0.2162,0.2153,0.2159,280168.4
2026-08-27 16:35:00,0.2158,0.2163,0.2156,0.2163,305065.4
2026-08-27 16:40:00,0.2164,0.2174,0.2163,0.2173,1934682.3
2026-08-27 16:45:00,0.2173,0.2175,0.2168,0.2169,634916.2
2026-08-27 16:50:00,0.2169,0.2169,0.2162,0.2164,736906.7
2026-08-27 16:55:00,0.2164,0.2164,0.2157,0.2157,269306.9
2026-08-27 17:00:00,0.2157,0.2158,0.2147,0.2154,530710.2
2026-08-27 17:05:00,0.2154,0.2166,0.2152,0.2164,391373.4
2026-08-27 17:10:00,0.2164,0.2169,0.2162,0.2167,480460.5
2026-08-27 17:15:00,0.2167,0.2175,0.2167,0.2172,609731.0
2026-08-27 17:20:00,0.2172,0.2174,0.2169,0.2172,316928.9
2026-08-27 17:25:00,0.2172,0.2172,0.2164,0.2165,222910.1
2026-08-27 17:30:00,0.2166,0.2168,0.2161,0.2162,232348.0
2026-08-27 17:35:00,0.2162,0.2166,0.216,0.2162,305247.0
2026-08-27 17:40:00,0.2161,0.2166,0.215,0.2151,199977.8
2026-08-27 17:45:00,0.2151,0.2159,0.2149,0.2159,290931.9
2026-08-27 17:50:00,0.2158,0.2161,0.2155,0.2158,97472.9
2026-08-27 17:55:00,0.2157,0.2163,0.2156,0.2157,232360.0
2026-08-27 18:00:00,0.2157,0.2162,0.2154,0.2159,241672.3
2026-08-27 18:05:00,0.2159,0.2159,0.2156,0.2156,88419.4
2026-08-27 18:10:00,0.2156,0.2156,0.2134,0.2142,700867.3
2026-08-27 18:15:00,0.2143,0.2146,0.213,0.2133,571012.5
2026-08-27 18:20:00,0.2133,0.2136,0.2124,0.2135,903927.1
2026-08-27 18:25:00,0.2135,0.2137,0.2128,0.2129,286199.6
2026-08-27 18:30:00,0.2129,0.2133,0.2127,0.2129,254390.1
2026-08-27 18:35:00,0.2129,0.2134,0.2128,0.2132,864109.7
2026-08-27 18:40:00,0.2131,0.2134,0.213,0.2131,221637.4
2026-08-27 18:45:00,0.213,0.2133,0.2128,0.2131,222944.0
2026-08-27 18:50:00,0.213,0.2134,0.2127,0.2133,202034.2
2026-08-27 18:55:00,0.2132,0.2142,0.2131,0.2142,284555.5
2026-08-27 19:00:00,0.2142,0.2146,0.2141,0.2145,292017.4
2026-08-27 19:05:00,0.2144,0.2148,0.2144,0.2145,490838.8
2026-08-27 19:10:00,0.2146,0.2153,0.2146,0.215,305533.0
2026-08-27 19:15:00,0.215,0.2151,0.2146,0.2147,486132.9
2026-08-27 19:20:00,0.2147,0.215,0.2141,0.2142,194657.9
2026-08-27 19:25:00,0.2142,0.2146,0.2142,0.2146,34834.5
2026-08-27 19:30:00,0.2146,0.2149,0.2142,0.2144,380557.3
2026-08-27 19:35:00,0.2143,0.2144,0.2138,0.2139,229386.8
2026-08-27 19:40:00,0.2138,0.2138,0.2136,0.2138,117330.1
2026-08-27 19:45:00,0.2138,0.2146,0.2137,0.2141,335147.9
2026-08-27 19:50:00,0.214,0.2145,0.2138,0.2145,175801.7
2026-08-27 19:55:00,0.2144,0.2144,0.2137,0.2137,163967.5
2026-08-27 20:00:00,0.2138,0.2139,0.2129,0.2136,913918.2
2026-08-27 20:05:00,0.2136,0.2141,0.2134,0.2137,159883.3
2026-08-27 20:10:00,0.2136,0.2137,0.2133,0.2133,140173.3
2026-08-27 20:15:00,0.2133,0.214,0.2133,0.214,94405.0
2026-08-27 20:20:00,0.2141,0.215,0.2141,0.2146,198240.0
2026-08-27 20:25:00,0.2146,0.2151,0.2144,0.2144,144013.7
2026-08-27 20:30:00,0.2144,0.2145,0.2141,0.2142,236460.5
2026-08-27 20:35:00,0.2141,0.2142,0.2137,0.2139,257734.6
2026-08-27 20:40:00,0.2139,0.2141,0.2138,0.2139,175446.0
2026-08-27 20:45:00,0.214,0.2142,0.2138,0.2139,104892.4
2026-08-27 20:50:00,0.2139,0.2141,0.2133,0.2133,1356278.5
2026-08-27 20:55:00,0.2134,0.214,0.2133,0.214,48486.3
2026-08-27 21:00:00,0.214,0.2141,0.2135,0.214,234443.4
2026-08-27 21:05:00,0.2139,0.2143,0.2136,0.2143,203299.3
2026-08-27 21:10:00,0.2144,0.2146,0.2141,0.2142,375757.1
2026-08-27 21:15:00,0.2142,0.2143,0.2135,0.2135,148825.6
2026-08-27 21:20:00,0.2135,0.2141,0.2134,0.2137,268859.3
2026-08-27 21:25:00,0.2137,0.2137,0.2131,0.2131,112039.1
2026-08-27 21:30:00,0.2132,0.2137,0.2131,0.2136,74963.0
2026-08-27 21:35:00,0.2136,0.2136,0.2129,0.2131,286674.1
2026-08-27 21:40:00,0.2131,0.2132,0.2129,0.2131,211569.6
2026-08-27 21:45:00,0.2131,0.2137,0.2131,0.2137,73496.6
2026-08-27 21:50:00,0.2137,0.214,0.2135,0.2137,103596.2
2026-08-27 21:55:00,0.2137,0.2141,0.2137,0.2141,43867.1
2026-08-27 22:00:00,0.2142,0.2151,0.2142,0.2151,116741.7
2026-08-27 22:05:00,0.2151,0.2153,0.2149,0.2149,176850.2
2026-08-27 22:10:00,0.2149,0.215,0.2147,0.2147,89623.7
2026-08-27 22:15:00,0.2148,0.2154,0.2148,0.2152,362328.6
2026-08-27 22:20:00,0.2151,0.2154,0.2147,0.2147,266279.2
2026-08-27 22:25:00,0.2147,0.2148,0.2141,0.2145,256570.6
2026-08-27 22:30:00,0.2144,0.2148,0.2142,0.2147,64022.2
2026-08-27 22:35:00,0.2146,0.2146,0.2143,0.2145,90726.8
2026-08-27 22:40:00,0.2144,0.2145,0.2143,0.2144,24623.9
2026-08-27 22:45:00,0.2144,0.2144,0.2141,0.2142,61799.4
2026-08-27 22:50:00,0.2142,0.2143,0.214,0.2143,84121.7
2026-08-27 22:55:00,0.2142,0.2144,0.2142,0.2144,33411.5
2026-08-27 23:00:00,0.2143,0.2145,0.2141,0.2142,158739.2
2026-08-27 23:05:00,0.2142,0.2146,0.2141,0.2141,103642.9
2026-08-27 23:10:00,0.2141,0.2141,0.2135,0.2136,755579.8
2026-08-27 23:15:00,0.2135,0.214,0.2135,0.214,378281.7
2026-08-27 23:20:00,0.214,0.2143,0.2138,0.2143,224834.6
2026-08-27 23:25:00,0.2143,0.2147,0.2142,0.2147,124340.3
2026-08-27 23:30:00,0.2147,0.2148,0.2144,0.2145,283475.6
2026-08-27 23:35:00,0.2144,0.2145,0.2143,0.2143,84155.3
2026-08-27 23:40:00,0.2143,0.2144,0.2139,0.2139,325599.8
2026-08-27 23:45:00,0.2139,0.214,0.2136,0.2137,153618.5
2026-08-27 23:50:00,0.2137,0.2141,0.2137,0.2138,145187.5
2026-08-27 23:55:00,0.2138,0.2139,0.2136,0.2138,172854.1
2026-08-28 00:00:00,0.2138,0.2139,0.2134,0.2134,150046.5
2026-08-28 00:05:00,0.2133,0.2135,0.2129,0.2133,508102.9
2026-08-28 00:10:00,0.2134,0.2136,0.2132,0.2132,78411.1
2026-08-28 00:15:00,0.2133,0.2142,0.2133,0.2141,232025.1
2026-08-28 00:20:00,0.214,0.2143,0.2139,0.2141,205404.7
2026-08-28 00:25:00,0.214,0.2146,0.2139,0.2146,235426.0
2026-08-28 00:30:00,0.2145,0.215,0.2141,0.2145,570502.3
2026-08-28 00:35:00,0.2145,0.2151,0.2145,0.215,301253.7
2026-08-28 00:40:00,0.2149,0.2149,0.2142,0.2143,371197.7
2026-08-28 00:45:00,0.2144,0.2144,0.2139,0.2143,500218.3
2026-08-28 00:50:00,0.2142,0.2144,0.2141,0.2142,388894.5
2026-08-28 00:55:00,0.2142,0.2148,0.2141,0.2144,154917.1
2026-08-28 01:00:00,0.2144,0.2152,0.2144,0.2151,276787.8
2026-08-28 01:05:00,0.215,0.215,0.2146,0.215,99009.4
2026-08-28 01:10:00,0.215,0.2154,0.2149,0.2152,233068.0
2026-08-28 01:15:00,0.2152,0.2166,0.2151,0.2163,665562.7
2026-08-28 01:20:00,0.2164,0.2169,0.2162,0.2167,509761.3
2026-08-28 01:25:00,0.2166,0.2173,0.2165,0.217,987280.4
2026-08-28 01:30:00,0.2171,0.218,0.2169,0.2173,1202655.9
2026-08-28 01:35:00,0.2172,0.2175,0.2157,0.2157,905601.2
2026-08-28 01:40:00,0.2157,0.2162,0.2157,0.2158,193112.4
2026-08-28 01:45:00,0.2158,0.2159,0.215,0.2152,555208.3
2026-08-28 01:50:00,0.2153,0.2156,0.2147,0.215,267326.2
2026-08-28 01:55:00,0.215,0.2151,0.2141,0.2145,488320.7
2026-08-28 02:00:00,0.2145,0.2146,0.214,0.2143,813765.5
2026-08-28 02:05:00,0.2144,0.2144,0.2135,0.2138,344074.6
2026-08-28 02:10:00,0.2138,0.2139,0.213,0.2133,482729.0
2026-08-28 02:15:00,0.2132,0.2136,0.2126,0.213,327761.0
2026-08-28 02:20:00,0.213,0.213,0.2115,0.212,872339.8
2026-08-28 02:25:00,0.212,0.2127,0.2116,0.2117,515185.3
2026-08-28 02:30:00,0.2117,0.2122,0.2107,0.2122,663158.2
2026-08-28 02:35:00,0.2122,0.2124,0.2118,0.2119,257604.9
2026-08-28 02:40:00,0.2119,0.2122,0.2114,0.2116,483017.6
2026-08-28 02:45:00,0.2115,0.2115,0.2103,0.2109,524477.8
2026-08-28 02:50:00,0.2108,0.2109,0.2083,0.2099,3201809.7
2026-08-28 02:55:00,0.21,0.2102,0.2096,0.21,607351.5
2026-08-28 03:00:00,0.2101,0.2101,0.2093,0.2096,482578.7
2026-08-28 03:05:00,0.2096,0.2098,0.2085,0.2088,640115.1
2026-08-28 03:10:00,0.2087,0.2096,0.2086,0.2092,437607.4
2026-08-28 03:15:00,0.2093,0.21,0.2093,0.21,224173.2
2026-08-28 03:20:00,0.21,0.2106,0.21,0.2104,208076.1
2026-08-28 03:25:00,0.2105,0.2106,0.21,0.2102,179605.3
2026-08-28 03:30:00,0.2102,0.2104,0.2101,0.2102,79135.6
2026-08-28 03:35:00,0.2102,0.2103,0.2096,0.2098,296081.4
2026-08-28 03:40:00,0.2098,0.2102,0.2097,0.2099,407337.4
2026-08-28 03:45:00,0.21,0.2103,0.2096,0.21,323093.2
2026-08-28 03:50:00,0.2101,0.2103,0.2098,0.2103,317242.1
2026-08-28 03:55:00,0.2102,0.2103,0.2099,0.2102,191304.8
2026-08-28 04:00:00,0.2102,0.2104,0.2096,0.2096,252431.0
2026-08-28 04:05:00,0.2097,0.2097,0.2087,0.2089,442802.1
2026-08-28 04:10:00,0.209,0.2104,0.2087,0.2103,353999.5
2026-08-28 04:15:00,0.2103,0.211,0.2103,0.2106,494660.9
2026-08-28 04:20:00,0.2106,0.2108,0.2103,0.2105,163123.8
2026-08-28 04:25:00,0.2106,0.2107,0.2104,0.2105,227125.4
2026-08-28 04:30:00,0.2105,0.2106,0.2099,0.21,44606.4
2026-08-28 04:35:00,0.21,0.2101,0.2096,0.2097,215743.2
2026-08-28 04:40:00,0.2098,0.2104,0.2098,0.2101,319484.0
2026-08-28 04:45:00,0.21,0.2102,0.2098,0.2098,208135.2
2026-08-28 04:50:00,0.2099,0.2103,0.2099,0.2101,61905.7
2026-08-28 04:55:00,0.2101,0.2103,0.2099,0.2102,254288.9
2026-08-28 05:00:00,0.2101,0.2103,0.2098,0.2103,173589.9
2026-08-28 05:05:00,0.2102,0.2102,0.2096,0.2097,209415.6
2026-08-28 05:10:00,0.2097,0.2101,0.2095,0.21,208313.8
2026-08-28 05:15:00,0.2101,0.2103,0.2094,0.2095,764559.4
2026-08-28 05:20:00,0.2095,0.2095,0.209,0.2093,357426.0
2026-08-28 05:25:00,0.2093,0.2096,0.2091,0.2095,225939.9
2026-08-28 05:30:00,0.2095,0.2102,0.2095,0.2102,154008.7
2026-08-28 05:35:00,0.2102,0.2103,0.2097,0.2098,176765.1
2026-08-28 05:40:00,0.2098,0.2101,0.2098,0.2101,67628.0
2026-08-28 05:45:00,0.2101,0.2105,0.2101,0.2105,179496.6
2026-08-28 05:50:00,0.2105,0.2105,0.21,0.21,84384.7
2026-08-28 05:55:00,0.21,0.21,0.2095,0.2097,170357.0
2026-08-28 06:00:00,0.2098,0.2102,0.2097,0.2101,218682.7
2026-08-28 06:05:00,0.2101,0.2104,0.2099,0.2103,112496.5
2026-08-28 06:10:00,0.2102,0.2106,0.2101,0.2105,124246.3
2026-08-28 06:15:00,0.2106,0.2106,0.2103,0.2105,160045.4
2026-08-28 06:20:00,0.2104,0.2105,0.2103,0.2103,68242.3
2026-08-28 06:25:00,0.2103,0.2104,0.2102,0.2103,33899.5
2026-08-28 06:30:00,0.2103,0.2107,0.2102,0.2106,65914.6
2026-08-28 06:35:00,0.2106,0.2107,0.2103,0.2106,59461.5
2026-08-28 06:40:00,0.2106,0.2107,0.2103,0.2107,121962.2
2026-08-28 06:45:00,0.2107,0.2114,0.2106,0.2114,181914.4
2026-08-28 06:50:00,0.2114,0.2114,0.2112,0.2113,205490.5
2026-08-28 06:55:00,0.2112,0.2114,0.2111,0.2111,138522.3
2026-08-28 07:00:00,0.2112,0.2112,0.2107,0.2107,107789.1
2026-08-28 07:05:00,0.2106,0.2106,0.2094,0.2096,270971.0
2026-08-28 07:10:00,0.2096,0.2098,0.2094,0.2095,195220.9
2026-08-28 07:15:00,0.2096,0.2101,0.2096,0.2099,119395.2
2026-08-28 07:20:00,0.2099,0.2101,0.2097,0.2099,125704.0
2026-08-28 07:25:00,0.2099,0.2099,0.2095,0.2095,834771.7
2026-08-28 07:30:00,0.2096,0.2097,0.2093,0.2093,275839.6
2026-08-28 07:35:00,0.2093,0.2093,0.2088,0.209,511581.6
2026-08-28 07:40:00,0.2089,0.209,0.2086,0.2088,451379.9
2026-08-28 07:45:00,0.2087,0.2094,0.2087,0.2093,85974.8
2026-08-28 07:50:00,0.2094,0.2095,0.2091,0.2095,191451.0
2026-08-28 07:55:00,0.2094,0.2096,0.2093,0.2094,118982.3
2026-08-28 08:00:00,0.2095,0.2103,0.2095,0.2099,110750.5
2026-08-28 08:05:00,0.2098,0.2099,0.2096,0.2099,322499.3
2026-08-28 08:10:00,0.2099,0.21,0.2098,0.2098,96027.5
2026-08-28 08:15:00,0.2099,0.2103,0.2098,0.2102,86270.3
2026-08-28 08:20:00,0.2102,0.2102,0.21,0.2102,174073.5
2026-08-28 08:25:00,0.2101,0.2102,0.2099,0.21,104707.9
2026-08-28 08:30:00,0.21,0.21,0.2097,0.2098,378908.8
2026-08-28 08:35:00,0.2098,0.2099,0.2095,0.2097,114351.5
2026-08-28 08:40:00,0.2096,0.2098,0.2094,0.2096,303109.7
2026-08-28 08:45:00,0.2097,0.2098,0.2089,0.2089,354621.7
2026-08-28 08:50:00,0.2089,0.2093,0.2088,0.2093,360131.1
2026-08-28 08:55:00,0.2093,0.2093,0.2088,0.209,212487.5
2026-08-28 09:00:00,0.2091,0.2092,0.2086,0.2087,227332.0
2026-08-28 09:05:00,0.2087,0.2093,0.2085,0.2092,163420.9
2026-08-28 09:10:00,0.2091,0.2093,0.209,0.2091,188575.2
2026-08-28 09:15:00,0.209,0.2095,0.209,0.2094,96314.0
2026-08-28 09:20:00,0.2094,0.2094,0.2092,0.2094,85838.6
2026-08-28 09:25:00,0.2094,0.2095,0.2088,0.2089,194448.8
2026-08-28 09:30:00,0.2089,0.2089,0.208,0.2084,511657.7
2026-08-28 09:35:00,0.2085,0.2085,0.2081,0.2084,303008.6
2026-08-28 09:40:00,0.2085,0.2086,0.2078,0.2079,343494.6
2026-08-28 09:45:00,0.2079,0.2083,0.2079,0.2081,291268.6
2026-08-28 09:50:00,0.2081,0.2084,0.208,0.2082,344090.6
2026-08-28 09:55:00,0.2082,0.2082,0.2077,0.2079,380354.2
2026-08-28 10:00:00,0.2078,0.2078,0.2062,0.2063,2613630.2
2026-08-28 10:05:00,0.2063,0.2069,0.2061,0.2062,334707.1
2026-08-28 10:10:00,0.2063,0.2071,0.2062,0.2069,468759.6
2026-08-28 10:15:00,0.2069,0.2071,0.2066,0.2067,346942.8
2026-08-28 10:20:00,0.2067,0.2068,0.2066,0.2067,95699.7
2026-08-28 10:25:00,0.2066,0.2074,0.2065,0.2073,452815.4
2026-08-28 10:30:00,0.2074,0.208,0.2074,0.2079,306351.3
2026-08-28 10:35:00,0.2079,0.2083,0.2077,0.2082,97904.9
2026-08-28 10:40:00,0.2083,0.2084,0.2081,0.2081,279265.7
2026-08-28 10:45:00,0.2081,0.2088,0.208,0.2084,803597.9
2026-08-28 10:50:00,0.2084,0.2089,0.2084,0.2089,176544.8
2026-08-28 10:55:00,0.2088,0.2093,0.2088,0.2092,155598.5
2026-08-28 11:00:00,0.2093,0.2102,0.2091,0.2099,615193.3
2026-08-28 11:05:00,0.2099,0.2099,0.2096,0.2096,231795.8
2026-08-28 11:10:00,0.2097,0.2099,0.2096,0.2099,78114.3
2026-08-28 11:15:00,0.2099,0.2102,0.2097,0.21,661262.3
2026-08-28 11:20:00,0.21,0.21,0.2096,0.21,179304.1
2026-08-28 11:25:00,0.21,0.21,0.2094,0.2095,142203.1
2026-08-28 11:30:00,0.2095,0.2098,0.2094,0.2096,145866.1
2026-08-28 11:35:00,0.2095,0.2095,0.2089,0.2091,234611.8
2026-08-28 11:40:00,0.2091,0.2096,0.209,0.2094,210441.0
2026-08-28 11:45:00,0.2095,0.2099,0.2095,0.2096,327567.4
2026-08-28 11:50:00,0.2096,0.2096,0.2092,0.2092,269320.6
2026-08-28 11:55:00,0.2093,0.2094,0.2091,0.2093,247141.6
2026-08-28 12:00:00,0.2092,0.2093,0.209,0.2093,160310.9
2026-08-28 12:05:00,0.2092,0.2094,0.209,0.2091,279868.6
2026-08-28 12:10:00,0.2091,0.2091,0.2085,0.2087,217772.9
2026-08-28 12:15:00,0.2088,0.2094,0.2088,0.209,418996.8
2026-08-28 12:20:00,0.209,0.2091,0.2086,0.2087,64446.0
2026-08-28 12:25:00,0.2087,0.2088,0.2083,0.2083,315125.5
2026-08-28 12:30:00,0.2083,0.2084,0.2078,0.2079,226968.3
2026-08-28 12:35:00,0.2079,0.208,0.2075,0.2078,458541.2
2026-08-28 12:40:00,0.2078,0.208,0.2075,0.208,142857.4
2026-08-28 12:45:00,0.2081,0.2083,0.2077,0.208,317262.7
2026-08-28 12:50:00,0.208,0.2083,0.2078,0.2083,78269.6
2026-08-28 12:55:00,0.2082,0.2083,0.208,0.2083,68986.0
2026-08-28 13:00:00,0.2083,0.2085,0.2081,0.2085,414074.2
2026-08-28 13:05:00,0.2086,0.2087,0.2079,0.208,166297.1
2026-08-28 13:10:00,0.2081,0.2081,0.2077,0.2077,93944.6
2026-08-28 13:15:00,0.2077,0.2078,0.2074,0.2077,137343.6
2026-08-28 13:20:00,0.2078,0.2078,0.2073,0.2074,102835.3
2026-08-28 13:25:00,0.2074,0.2078,0.2068,0.2074,737758.8
2026-08-28 13:30:00,0.2075,0.2081,0.2075,0.2078,528827.3
2026-08-28 13:35:00,0.2079,0.2081,0.2075,0.2075,191617.3
2026-08-28 13:40:00,0.2075,0.2075,0.2072,0.2073,100299.6
2026-08-28 13:45:00,0.2073,0.208,0.2072,0.2075,719650.5
2026-08-28 13:50:00,0.2076,0.2085,0.2074,0.2084,304593.7
2026-08-28 13:55:00,0.2084,0.2085,0.2077,0.2077,603031.1
2026-08-28 14:00:00,0.2077,0.2095,0.205,0.2053,4897190.2
2026-08-28 14:05:00,0.2054,0.2062,0.2038,0.2051,3733590.0
2026-08-28 14:10:00,0.2051,0.2056,0.204,0.2047,1551397.7
2026-08-28 14:15:00,0.2048,0.2062,0.2044,0.2061,868745.2
2026-08-28 14:20:00,0.2061,0.2071,0.2061,0.2065,1336517.3
2026-08-28 14:25:00,0.2066,0.2072,0.2058,0.2071,988962.4
2026-08-28 14:30:00,0.207,0.2089,0.2065,0.2089,933424.3
2026-08-28 14:35:00,0.2089,0.211,0.2089,0.2102,2073636.7
2026-08-28 14:40:00,0.2102,0.2108,0.2098,0.2105,1237120.5
2026-08-28 14:45:00,0.2105,0.2105,0.209,0.2094,1125839.0
2026-08-28 14:50:00,0.2093,0.2104,0.2092,0.2103,1128673.5
2026-08-28 14:55:00,0.2103,0.2114,0.2102,0.2108,1442210.4
2026-08-28 15:00:00,0.2108,0.2116,0.2096,0.2099,1308099.9
2026-08-28 15:05:00,0.21,0.21,0.2084,0.2084,289067.7
2026-08-28 15:10:00,0.2085,0.2088,0.2081,0.2084,287435.8
2026-08-28 15:15:00,0.2084,0.2092,0.2082,0.2091,908357.6
2026-08-28 15:20:00,0.2092,0.2096,0.2088,0.2095,649264.3
2026-08-28 15:25:00,0.2095,0.2104,0.2091,0.2092,749174.6
2026-08-28 15:30:00,0.2092,0.2093,0.2081,0.2087,677609.8
2026-08-28 15:35:00,0.2086,0.2087,0.2082,0.2084,727613.2
2026-08-28 15:40:00,0.2083,0.2084,0.2064,0.2065,365661.9
2026-08-28 15:45:00,0.2065,0.2073,0.2061,0.2063,335320.3
2026-08-28 15:50:00,0.2063,0.2066,0.2053,0.2062,662727.5
2026-08-28 15:55:00,0.2062,0.2062,0.2037,0.2045,1336840.4
2026-08-28 16:00:00,0.2045,0.2051,0.2018,0.2029,6168304.1
2026-08-28 16:05:00,0.2029,0.2048,0.2029,0.2038,1276575.2
2026-08-28 16:10:00,0.2037,0.2038,0.2024,0.2024,796900.2
2026-08-28 16:15:00,0.2024,0.2027,0.2016,0.2022,1261380.6
2026-08-28 16:20:00,0.2022,0.203,0.2004,0.2007,2199217.3
2026-08-28 16:25:00,0.2008,0.2023,0.1994,0.2023,5248146.8
2026-08-28 16:30:00,0.2023,0.2031,0.202,0.2022,1306585.7
2026-08-28 16:35:00,0.2022,0.2038,0.2021,0.2035,1884873.8
2026-08-28 16:40:00,0.2036,0.2038,0.2031,0.2031,609308.7
2026-08-28 16:45:00,0.2032,0.2042,0.2032,0.204,521400.1
2026-08-28 16:50:00,0.2041,0.2041,0.2034,0.2035,816121.0
2026-08-28 16:55:00,0.2035,0.2037,0.2032,0.2032,509650.9
2026-08-28 17:00:00,0.2032,0.2033,0.2025,0.2029,459456.1
2026-08-28 17:05:00,0.203,0.2033,0.2027,0.2031,147978.5
2026-08-28 17:10:00,0.203,0.2034,0.2028,0.2034,599575.8
2026-08-28 17:15:00,0.2034,0.2036,0.203,0.2035,336582.3
2026-08-28 17:20:00,0.2035,0.2036,0.203,0.2032,280403.2
2026-08-28 17:25:00,0.2031,0.2033,0.2028,0.203,196831.5
2026-08-28 17:30:00,0.203,0.2032,0.2027,0.2029,155266.6
2026-08-28 17:35:00,0.2029,0.203,0.2022,0.2025,367975.6
2026-08-28 17:40:00,0.2025,0.2027,0.2023,0.2024,66115.0
2026-08-28 17:45:00,0.2025,0.2036,0.2024,0.2036,317445.6
2026-08-28 17:50:00,0.2036,0.2037,0.203,0.203,207747.6
2026-08-28 17:55:00,0.2031,0.2032,0.2029,0.203,266094.4
2026-08-28 18:00:00,0.2031,0.2032,0.2028,0.2028,192589.4
2026-08-28 18:05:00,0.2028,0.2031,0.2027,0.2027,217732.8
2026-08-28 18:10:00,0.2028,0.2028,0.2021,0.2021,387153.1
2026-08-28 18:15:00,0.2022,0.2022,0.2013,0.2016,877065.3
2026-08-28 18:20:00,0.2017,0.2017,0.2005,0.2008,462160.7
2026-08-28 18:25:00,0.2008,0.2013,0.2008,0.2012,373013.6
2026-08-28 18:30:00,0.2012,0.2013,0.2005,0.201,467344.7
2026-08-28 18:35:00,0.2009,0.2009,0.2,0.2002,340091.9
2026-08-28 18:40:00,0.2002,0.2005,0.2,0.2002,499449.0
2026-08-28 18:45:00,0.2002,0.2004,0.1997,0.1997,463809.1
2026-08-28 18:50:00,0.1997,0.2008,0.1996,0.2007,361761.3
2026-08-28 18:55:00,0.2007,0.2014,0.2004,0.2012,428995.3
2026-08-28 19:00:00,0.2013,0.202,0.2013,0.2015,1269901.3
2026-08-28 19:05:00,0.2016,0.2023,0.2015,0.2021,216605.6
2026-08-28 19:10:00,0.2021,0.2023,0.2019,0.202,277218.3
2026-08-28 19:15:00,0.2019,0.2019,0.2017,0.2019,62491.3
2026-08-28 19:20:00,0.2018,0.2024,0.2018,0.2021,296151.4
2026-08-28 19:25:00,0.2022,0.2028,0.2022,0.2024,166942.6
2026-08-28 19:30:00,0.2024,0.2024,0.2019,0.2021,141125.6
2026-08-28 19:35:00,0.2021,0.2025,0.2021,0.2023,64659.9
2026-08-28 19:40:00,0.2023,0.2024,0.2021,0.2021,30038.8
2026-08-28 19:45:00,0.202,0.2022,0.2016,0.2018,281109.9
2026-08-28 19:50:00,0.2018,0.202,0.2017,0.2018,83170.0
2026-08-28 19:55:00,0.2019,0.2023,0.2018,0.2019,330163.9
2026-08-28 20:00:00,0.2019,0.2023,0.2015,0.2018,429462.6
2026-08-28 20:05:00,0.2017,0.2021,0.2015,0.2021,325558.9
2026-08-28 20:10:00,0.202,0.2024,0.202,0.2024,333428.6
2026-08-28 20:15:00,0.2023,0.2024,0.2018,0.2018,81381.8
2026-08-28 20:20:00,0.2019,0.2024,0.2017,0.2024,165779.9
2026-08-28 20:25:00,0.2024,0.2025,0.2023,0.2024,257265.8
2026-08-28 20:30:00,0.2024,0.2024,0.2018,0.2018,85898.8
2026-08-28 20:35:00,0.2018,0.2018,0.2011,0.2017,732140.7
2026-08-28 20:40:00,0.2017,0.202,0.2017,0.2018,182091.9
2026-08-28 20:45:00,0.2017,0.2021,0.2017,0.202,196633.9
2026-08-28 20:50:00,0.2019,0.2019,0.2015,0.2017,93483.6
2026-08-28 20:55:00,0.2017,0.2018,0.2015,0.2017,95573.0
2026-08-28 21:00:00,0.2017,0.2021,0.2016,0.2016,279966.6
2026-08-28 21:05:00,0.2017,0.202,0.2015,0.2017,111804.2
2026-08-28 21:10:00,0.2016,0.2022,0.2015,0.2022,419778.0
2026-08-28 21:15:00,0.2022,0.2023,0.2017,0.2018,60785.5
2026-08-28 21:20:00,0.2018,0.2018,0.2012,0.2016,116135.2
2026-08-28 21:25:00,0.2016,0.2018,0.2014,0.2016,184001.1
2026-08-28 21:30:00,0.2016,0.2021,0.2015,0.2019,140650.2
2026-08-28 21:35:00,0.2018,0.2019,0.2016,0.2016,138523.3
2026-08-28 21:40:00,0.2017,0.2018,0.2009,0.201,318264.3
2026-08-28 21:45:00,0.201,0.201,0.2,0.2002,647107.0
2026-08-28 21:50:00,0.2002,0.2005,0.1999,0.2004,523648.4
2026-08-28 21:55:00,0.2004,0.2005,0.2002,0.2003,198060.1
2026-08-28 22:00:00,0.2003,0.2007,0.2001,0.2003,296644.0
2026-08-28 22:05:00,0.2003,0.201,0.2003,0.2009,67314.4
2026-08-28 22:10:00,0.2009,0.2013,0.2009,0.2013,97834.9
2026-08-28 22:15:00,0.2013,0.2013,0.2009,0.201,223221.4
2026-08-28 22:20:00,0.2009,0.2013,0.2008,0.2012,242293.4
2026-08-28 22:25:00,0.2013,0.2017,0.2013,0.2015,183417.6
2026-08-28 22:30:00,0.2015,0.2016,0.2013,0.2016,98891.1
2026-08-28 22:35:00,0.2016,0.202,0.2015,0.202,123860.1
2026-08-28 22:40:00,0.2019,0.202,0.2018,0.2019,437671.8
2026-08-28 22:45:00,0.202,0.2024,0.2019,0.2024,183626.0
2026-08-28 22:50:00,0.2024,0.2025,0.2021,0.2025,369057.7
2026-08-28 22:55:00,0.2025,0.2025,0.2021,0.2024,147215.5
2026-08-28 23:00:00,0.2025,0.2025,0.2021,0.2023,296661.5
2026-08-28 23:05:00,0.2023,0.2025,0.2021,0.2025,204498.8
2026-08-28 23:10:00,0.2025,0.2026,0.2023,0.2026,136622.3
2026-08-28 23:15:00,0.2025,0.2025,0.2023,0.2025,238836.5
2026-08-28 23:20:00,0.2024,0.2027,0.2024,0.2027,170693.0
2026-08-28 23:25:00,0.2027,0.2029,0.2026,0.2027,149127.7
2026-08-28 23:30:00,0.2027,0.2029,0.2026,0.2029,29972.8
2026-08-28 23:35:00,0.2029,0.2029,0.2027,0.2028,94280.9
2026-08-28 23:40:00,0.2028,0.2028,0.2026,0.2027,73019.5
2026-08-28 23:45:00,0.2027,0.2028,0.2025,0.2028,85294.1
2026-08-28 23:50:00,0.2028,0.2032,0.2028,0.2031,139061.7
2026-08-28 23:55:00,0.2031,0.2032,0.203,0.2031,41191.2
2026-08-29 00:00:00,0.2031,0.2034,0.203,0.2033,203361.2
2026-08-29 00:05:00,0.2033,0.2035,0.2032,0.2034,191367.4
2026-08-29 00:10:00,0.2034,0.2035,0.2032,0.2032,329337.7
2026-08-29 00:15:00,0.2033,0.2035,0.203,0.2032,368925.0
2026-08-29 00:20:00,0.2032,0.2034,0.2031,0.2033,55978.1
2026-08-29 00:25:00,0.2033,0.2035,0.2032,0.2033,138649.0
2026-08-29 00:30:00,0.2032,0.2033,0.2029,0.2029,116269.9
2026-08-29 00:35:00,0.2029,0.203,0.2028,0.2029,118675.1
2026-08-29 00:40:00,0.2029,0.203,0.2028,0.2029,36900.3
2026-08-29 00:45:00,0.2029,0.2029,0.2027,0.2028,41744.6
2026-08-29 00:50:00,0.2027,0.2029,0.2025,0.2029,55072.2
2026-08-29 00:55:00,0.2028,0.2031,0.2027,0.2027,235526.2
2026-08-29 01:00:00,0.2027,0.2027,0.2024,0.2026,81051.9
2026-08-29 01:05:00,0.2026,0.2026,0.2024,0.2026,158529.1
2026-08-29 01:10:00,0.2025,0.2026,0.2024,0.2024,53806.5
2026-08-29 01:15:00,0.2024,0.2025,0.2023,0.2024,87412.6
2026-08-29 01:20:00,0.2025,0.2028,0.2025,0.2028,111723.9
2026-08-29 01:25:00,0.2027,0.2029,0.2027,0.2028,109792.8
2026-08-29 01:30:00,0.2029,0.2029,0.2028,0.2029,15706.5
2026-08-29 01:35:00,0.2029,0.2029,0.2025,0.2026,118582.6
2026-08-29 01:40:00,0.2027,0.2027,0.2025,0.2025,203382.7
2026-08-29 01:45:00,0.2025,0.2026,0.202,0.2024,157964.9
2026-08-29 01:50:00,0.2025,0.2029,0.2024,0.2027,134943.8
2026-08-29 01:55:00,0.2027,0.2027,0.2024,0.2025,151595.2
2026-08-29 02:00:00,0.2025,0.2025,0.2021,0.2021,302943.9
2026-08-29 02:05:00,0.2021,0.2024,0.2019,0.2023,158013.2
2026-08-29 02:10:00,0.2023,0.2024,0.202,0.202,170143.0
2026-08-29 02:15:00,0.2021,0.2021,0.2018,0.2018,179768.1
2026-08-29 02:20:00,0.2017,0.2018,0.2015,0.2016,183050.5
2026-08-29 02:25:00,0.2016,0.2016,0.2013,0.2015,76802.1
2026-08-29 02:30:00,0.2016,0.2017,0.2015,0.2015,94009.7
2026-08-29 02:35:00,0.2015,0.2019,0.2015,0.2019,92072.9
2026-08-29 02:40:00,0.2019,0.2019,0.2016,0.2016,39553.4
2026-08-29 02:45:00,0.2017,0.2017,0.2016,0.2017,83977.7
2026-08-29 02:50:00,0.2017,0.2021,0.2017,0.202,41457.7
2026-08-29 02:55:00,0.202,0.2021,0.2017,0.2018,124460.4
2026-08-29 03:00:00,0.2018,0.202,0.2017,0.2017,74161.6
2026-08-29 03:05:00,0.2018,0.2019,0.2015,0.2016,80472.2
2026-08-29 03:10:00,0.2015,0.2018,0.2015,0.2016,65521.9
2026-08-29 03:15:00,0.2016,0.2017,0.2014,0.2015,77524.7
2026-08-29 03:20:00,0.2015,0.2019,0.2015,0.2017,294878.4
2026-08-29 03:25:00,0.2016,0.2018,0.2014,0.2017,102917.4
2026-08-29 03:30:00,0.2017,0.2017,0.2015,0.2016,230384.7
2026-08-29 03:35:00,0.2016,0.2016,0.2012,0.2013,475034.7
2026-08-29 03:40:00,0.2013,0.2015,0.2012,0.2012,235317.5
2026-08-29 03:45:00,0.2013,0.2013,0.201,0.201,181741.4
2026-08-29 03:50:00,0.2011,0.2012,0.201,0.2011,61972.9
2026-08-29 03:55:00,0.201,0.201,0.2007,0.2008,71791.7
2026-08-29 04:00:00,0.2008,0.2012,0.2007,0.2012,96284.7
2026-08-29 04:05:00,0.2012,0.2013,0.2009,0.2009,150280.7
2026-08-29 04:10:00,0.2009,0.2011,0.2008,0.2009,582857.6
2026-08-29 04:15:00,0.2009,0.201,0.2007,0.2008,214119.9
2026-08-29 04:20:00,0.2008,0.2011,0.2008,0.201,103918.4
2026-08-29 04:25:00,0.2011,0.2012,0.2008,0.2009,81288.4
2026-08-29 04:30:00,0.2008,0.201,0.2006,0.2007,336759.6
2026-08-29 04:35:00,0.2008,0.201,0.2006,0.2009,86056.1
2026-08-29 04:40:00,0.2009,0.2009,0.2006,0.2007,225931.3
2026-08-29 04:45:00,0.2006,0.201,0.2006,0.201,331583.2
2026-08-29 04:50:00,0.201,0.2012,0.201,0.2012,214153.8
2026-08-29 04:55:00,0.2011,0.2014,0.2011,0.2012,162855.7
2026-08-29 05:00:00,0.2012,0.2014,0.201,0.2013,663401.1
2026-08-29 05:05:00,0.2013,0.2015,0.2012,0.2013,62047.5
2026-08-29 05:10:00,0.2013,0.2016,0.2011,0.2015,137929.5
2026-08-29 05:15:00,0.2015,0.2017,0.2015,0.2016,88594.0
2026-08-29 05:20:00,0.2016,0.2016,0.2012,0.2013,97441.0
2026-08-29 05:25:00,0.2013,0.2017,0.2013,0.2015,105678.9
2026-08-29 05:30:00,0.2016,0.2016,0.2014,0.2015,74210.2
2026-08-29 05:35:00,0.2015,0.2018,0.2014,0.2018,209462.7
2026-08-29 05:40:00,0.2018,0.2019,0.2015,0.2018,231305.7
2026-08-29 05:45:00,0.2018,0.2018,0.2015,0.2016,24858.5
2026-08-29 05:50:00,0.2015,0.2016,0.2012,0.2012,15830.8
2026-08-29 05:55:00,0.2012,0.2014,0.201,0.2014,200329.8
2026-08-29 06:00:00,0.2014,0.2014,0.2008,0.2008,97580.8
2026-08-29 06:05:00,0.2007,0.2007,0.2002,0.2004,335798.1
2026-08-29 06:10:00,0.2005,0.2007,0.2,0.2001,410226.2
2026-08-29 06:15:00,0.2001,0.2003,0.2,0.2001,412836.9
2026-08-29 06:20:00,0.2,0.2002,0.1997,0.2001,241954.0
2026-08-29 06:25:00,0.2001,0.2002,0.1997,0.2,191849.0
2026-08-29 06:30:00,0.2001,0.2002,0.1999,0.2002,333496.6
2026-08-29 06:35:00,0.2002,0.2003,0.2001,0.2001,73735.8
2026-08-29 06:40:00,0.2002,0.2005,0.2001,0.2003,108101.1
2026-08-29 06:45:00,0.2004,0.2004,0.2002,0.2003,24825.8
2026-08-29 06:50:00,0.2003,0.2004,0.2002,0.2002,40707.1
2026-08-29 06:55:00,0.2002,0.2004,0.2001,0.2004,131463.8
2026-08-29 07:00:00,0.2004,0.2007,0.2003,0.2007,147295.5
2026-08-29 07:05:00,0.2007,0.2008,0.2002,0.2003,185771.3
2026-08-29 07:10:00,0.2003,0.2003,0.2001,0.2001,93389.6
2026-08-29 07:15:00,0.2001,0.2003,0.2,0.2003,130849.4
2026-08-29 07:20:00,0.2002,0.2003,0.2001,0.2001,46008.6
2026-08-29 07:25:00,0.2002,0.2003,0.2001,0.2002,39526.4
2026-08-29 07:30:00,0.2001,0.2004,0.2001,0.2004,79899.8
2026-08-29 07:35:00,0.2004,0.2007,0.2002,0.2006,51749.8
2026-08-29 07:40:00,0.2006,0.2007,0.2003,0.2006,163192.5
2026-08-29 07:45:00,0.2005,0.2006,0.2003,0.2004,132016.6
2026-08-29 07:50:00,0.2003,0.2004,0.2001,0.2003,96323.9
2026-08-29 07:55:00,0.2003,0.2004,0.2001,0.2004,90963.1
2026-08-29 08:00:00,0.2003,0.2003,0.1993,0.1994,1010325.0
2026-08-29 08:05:00,0.1995,0.1995,0.199,0.1993,568440.3
2026-08-29 08:10:00,0.1993,0.1998,0.1993,0.1994,142468.4
2026-08-29 08:15:00,0.1994,0.1995,0.1992,0.1995,51355.1
2026-08-29 08:20:00,0.1995,0.1999,0.1994,0.1999,144162.4
2026-08-29 08:25:00,0.1999,0.2001,0.1998,0.1999,198686.0
2026-08-29 08:30:00,0.1998,0.1998,0.1994,0.1995,123448.1
2026-08-29 08:35:00,0.1995,0.1995,0.1993,0.1994,145564.6
2026-08-29 08:40:00,0.1994,0.1995,0.1992,0.1994,234289.5
2026-08-29 08:45:00,0.1993,0.1995,0.1989,0.1992,271911.2
2026-08-29 08:50:00,0.1992,0.1994,0.1991,0.1991,55234.8
2026-08-29 08:55:00,0.1991,0.1995,0.1991,0.1994,397525.5
2026-08-29 09:00:00,0.1995,0.1995,0.1991,0.1995,497184.7
2026-08-29 09:05:00,0.1995,0.1999,0.1995,0.1998,285937.0
2026-08-29 09:10:00,0.1997,0.2,0.1997,0.2,48438.6
2026-08-29 09:15:00,0.1999,0.2,0.1997,0.1999,344749.7
2026-08-29 09:20:00,0.1999,0.1999,0.1997,0.1997,5408.5
2026-08-29 09:25:00,0.1998,0.1999,0.1996,0.1997,79045.3
2026-08-29 09:30:00,0.1998,0.2002,0.1998,0.2002,18316.3
2026-08-29 09:35:00,0.2001,0.2003,0.2,0.2002,104002.6
2026-08-29 09:40:00,0.2001,0.2003,0.2,0.2,62758.7
2026-08-29 09:45:00,0.2,0.2001,0.1999,0.1999,46676.0
2026-08-29 09:50:00,0.2,0.2002,0.1999,0.2002,46471.0
2026-08-29 09:55:00,0.2002,0.2004,0.2,0.2,134158.2
2026-08-29 10:00:00,0.2001,0.2002,0.1999,0.1999,107271.4
2026-08-29 10:05:00,0.1999,0.2,0.1994,0.1998,285925.7
2026-08-29 10:10:00,0.1998,0.2002,0.1998,0.2002,32016.6
2026-08-29 10:15:00,0.2001,0.2006,0.2001,0.2005,195321.1
2026-08-29 10:20:00,0.2005,0.2006,0.2003,0.2004,324766.0
2026-08-29 10:25:00,0.2004,0.2005,0.2003,0.2003,15793.6
2026-08-29 10:30:00,0.2004,0.2004,0.2003,0.2004,22048.3
2026-08-29 10:35:00,0.2004,0.2006,0.2004,0.2004,155971.2
2026-08-29 10:40:00,0.2004,0.2005,0.2003,0.2003,105450.6
2026-08-29 10:45:00,0.2004,0.2005,0.2003,0.2004,66669.5
2026-08-29 10:50:00,0.2005,0.2006,0.2003,0.2004,57996.3
2026-08-29 10:55:00,0.2004,0.2004,0.2002,0.2002,66274.6
2026-08-29 11:00:00,0.2001,0.2002,0.2,0.2002,152346.5
2026-08-29 11:05:00,0.2002,0.2002,0.2,0.2001,28138.0
2026-08-29 11:10:00,0.2001,0.2004,0.2,0.2003,63383.6
2026-08-29 11:15:00,0.2004,0.2005,0.2002,0.2002,56879.2
2026-08-29 11:20:00,0.2002,0.2003,0.2,0.2,49530.4
2026-08-29 11:25:00,0.2,0.2002,0.2,0.2001,29686.2
2026-08-29 11:30:00,0.2001,0.2003,0.2,0.2003,90332.6
2026-08-29 11:35:00,0.2002,0.2003,0.1998,0.2,420855.0
2026-08-29 11:40:00,0.2,0.2001,0.1995,0.1996,1615320.5
2026-08-29 11:45:00,0.1996,0.1998,0.1995,0.1998,166203.0
2026-08-29 11:50:00,0.1998,0.2,0.1998,0.1998,103169.0
2026-08-29 11:55:00,0.1997,0.1999,0.1996,0.1998,79495.5
2026-08-29 12:00:00,0.1999,0.2002,0.1998,0.2002,76871.1
2026-08-29 12:05:00,0.2002,0.2002,0.1998,0.2,156042.4
2026-08-29 12:10:00,0.2,0.2004,0.1999,0.2004,141958.8
2026-08-29 12:15:00,0.2004,0.2007,0.2004,0.2007,108807.3
2026-08-29 12:20:00,0.2007,0.2008,0.2,0.2,361025.5
2026-08-29 12:25:00,0.2001,0.2002,0.1999,0.2002,98112.7
2026-08-29 12:30:00,0.2002,0.2003,0.1999,0.1999,67996.5
2026-08-29 12:35:00,0.2,0.2002,0.1999,0.2001,30393.2
2026-08-29 12:40:00,0.2002,0.2003,0.2001,0.2002,128132.6
2026-08-29 12:45:00,0.2002,0.2003,0.2002,0.2002,32037.5
2026-08-29 12:50:00,0.2002,0.2002,0.1999,0.2001,120476.1
2026-08-29 12:55:00,0.2,0.2001,0.2,0.2001,82213.4
2026-08-29 13:00:00,0.2001,0.2001,0.1998,0.1998,134597.6
2026-08-29 13:05:00,0.1999,0.2,0.1997,0.1999,37560.1
2026-08-29 13:10:00,0.1998,0.2001,0.1998,0.2,57551.3
2026-08-29 13:15:00,0.2,0.2003,0.2,0.2001,99821.7
2026-08-29 13:20:00,0.2001,0.2004,0.2,0.2004,122748.5
2026-08-29 13:25:00,0.2003,0.2004,0.2001,0.2002,24155.4
2026-08-29 13:30:00,0.2001,0.2001,0.2,0.2,23091.0
2026-08-29 13:35:00,0.2001,0.2003,0.1999,0.2,79230.2
2026-08-29 13:40:00,0.2001,0.2001,0.1999,0.2001,49001.5
2026-08-29 13:45:00,0.2,0.2004,0.2,0.2003,34344.6
2026-08-29 13:50:00,0.2004,0.2004,0.2003,0.2003,71093.6
2026-08-29 13:55:00,0.2004,0.2005,0.2003,0.2004,48646.1
2026-08-29 14:00:00,0.2003,0.2004,0.2002,0.2003,129610.8
2026-08-29 14:05:00,0.2003,0.2007,0.2003,0.2006,129037.4
2026-08-29 14:10:00,0.2006,0.2006,0.2003,0.2005,130215.4
2026-08-29 14:15:00,0.2005,0.2006,0.2002,0.2002,190766.8
2026-08-29 14:20:00,0.2003,0.201,0.2002,0.201,220196.1
2026-08-29 14:25:00,0.201,0.2011,0.2007,0.2008,259315.2
2026-08-29 14:30:00,0.2009,0.201,0.2007,0.2007,88490.7
2026-08-29 14:35:00,0.2007,0.201,0.2007,0.2009,83034.6
2026-08-29 14:40:00,0.201,0.2021,0.201,0.2019,674109.2
2026-08-29 14:45:00,0.2019,0.2027,0.2018,0.2024,510783.7
2026-08-29 14:50:00,0.2025,0.2026,0.2022,0.2023,482731.9
2026-08-29 14:55:00,0.2023,0.2029,0.2022,0.2026,916070.0
2026-08-29 15:00:00,0.2027,0.2028,0.2017,0.2018,367311.9
2026-08-29 15:05:00,0.2019,0.2022,0.2018,0.2021,143480.6
2026-08-29 15:10:00,0.202,0.2022,0.2019,0.202,119891.6
2026-08-29 15:15:00,0.202,0.2021,0.2012,0.2015,663851.5
2026-08-29 15:20:00,0.2015,0.2018,0.2014,0.2015,212427.1
2026-08-29 15:25:00,0.2016,0.2016,0.201,0.201,98505.9
2026-08-29 15:30:00,0.201,0.2011,0.2006,0.2009,88706.6
2026-08-29 15:35:00,0.2008,0.2009,0.2006,0.2008,187613.4
2026-08-29 15:40:00,0.2008,0.2009,0.2005,0.2005,44380.0
2026-08-29 15:45:00,0.2005,0.201,0.2005,0.201,210825.2
2026-08-29 15:50:00,0.201,0.2012,0.2008,0.2009,236500.7
2026-08-29 15:55:00,0.2008,0.2008,0.2005,0.2007,127804.3
2026-08-29 16:00:00,0.2007,0.2012,0.2007,0.2009,352653.2
2026-08-29 16:05:00,0.2009,0.2011,0.2009,0.2011,71752.3
2026-08-29 16:10:00,0.2011,0.2013,0.201,0.2012,69555.3
2026-08-29 16:15:00,0.2013,0.2016,0.2008,0.2008,619926.6
2026-08-29 16:20:00,0.2009,0.2009,0.2004,0.2005,399822.3
2026-08-29 16:25:00,0.2006,0.2006,0.2003,0.2004,235139.3
2026-08-29 16:30:00,0.2004,0.201,0.2001,0.2008,498489.5
2026-08-29 16:35:00,0.2008,0.201,0.2006,0.2008,233837.1
2026-08-29 16:40:00,0.2008,0.2012,0.2008,0.201,331503.7
2026-08-29 16:45:00,0.201,0.2012,0.2007,0.2012,87612.0
2026-08-29 16:50:00,0.2011,0.2013,0.2006,0.2007,303699.4
2026-08-29 16:55:00,0.2006,0.2007,0.2005,0.2006,90774.9
2026-08-29 17:00:00,0.2006,0.2009,0.2006,0.2009,115635.2
2026-08-29 17:05:00,0.2009,0.2009,0.2007,0.2008,77537.4
2026-08-29 17:10:00,0.2008,0.201,0.2007,0.2007,59088.4
2026-08-29 17:15:00,0.2007,0.2009,0.2005,0.2007,219601.0
2026-08-29 17:20:00,0.2007,0.2007,0.2002,0.2003,40796.3
2026-08-29 17:25:00,0.2003,0.2004,0.2,0.2001,49818.6
2026-08-29 17:30:00,0.2,0.2004,0.1999,0.2001,152289.0
2026-08-29 17:35:00,0.2,0.2003,0.1997,0.2003,158544.9
2026-08-29 17:40:00,0.2003,0.2005,0.2002,0.2002,148808.1
2026-08-29 17:45:00,0.2003,0.2006,0.2003,0.2005,94194.5
2026-08-29 17:50:00,0.2004,0.2006,0.2003,0.2003,146518.8
2026-08-29 17:55:00,0.2003,0.2007,0.2001,0.2007,159733.3
2026-08-29 18:00:00,0.2007,0.2009,0.2006,0.2006,87318.2
2026-08-29 18:05:00,0.2005,0.2008,0.2005,0.2007,136889.4
2026-08-29 18:10:00,0.2007,0.2009,0.2006,0.2008,37608.9
2026-08-29 18:15:00,0.2008,0.2008,0.2007,0.2008,24896.5
2026-08-29 18:20:00,0.2008,0.2013,0.2007,0.2011,298051.9
2026-08-29 18:25:00,0.2012,0.2013,0.201,0.2011,92533.0
2026-08-29 18:30:00,0.2011,0.2013,0.2008,0.2009,299526.9
2026-08-29 18:35:00,0.201,0.2015,0.201,0.2015,382364.7
2026-08-29 18:40:00,0.2015,0.2017,0.2013,0.2014,316070.1
2026-08-29 18:45:00,0.2014,0.2017,0.2014,0.2017,140234.7
2026-08-29 18:50:00,0.2017,0.2018,0.2012,0.2014,132141.1
2026-08-29 18:55:00,0.2014,0.2014,0.2011,0.2011,41850.1
2026-08-29 19:00:00,0.2012,0.2015,0.2011,0.2014,106290.5
2026-08-29 19:05:00,0.2014,0.2019,0.2014,0.2018,217981.5
2026-08-29 19:10:00,0.2018,0.202,0.2016,0.2019,242659.6
2026-08-29 19:15:00,0.2019,0.2022,0.2019,0.2021,122602.0
2026-08-29 19:20:00,0.2021,0.2021,0.2018,0.202,109525.0
2026-08-29 19:25:00,0.2019,0.202,0.2019,0.2019,58927.6
2026-08-29 19:30:00,0.202,0.202,0.2017,0.2018,150514.2
2026-08-29 19:35:00,0.2018,0.2021,0.2016,0.2016,229711.4
2026-08-29 19:40:00,0.2016,0.202,0.2016,0.2018,187708.6
2026-08-29 19:45:00,0.2019,0.202,0.2017,0.2019,154307.4
2026-08-29 19:50:00,0.2018,0.2018,0.2016,0.2016,38963.3
2026-08-29 19:55:00,0.2016,0.2017,0.2015,0.2017,92807.1
2026-08-29 20:00:00,0.2017,0.2018,0.2016,0.2018,135889.7
2026-08-29 20:05:00,0.2017,0.2019,0.2016,0.2017,27607.5
2026-08-29 20:10:00,0.2017,0.2018,0.2014,0.2016,228255.1
2026-08-29 20:15:00,0.2017,0.202,0.2016,0.202,49397.0
2026-08-29 20:20:00,0.202,0.202,0.2016,0.2018,95093.7
2026-08-29 20:25:00,0.2018,0.2018,0.2016,0.2017,4143.9
2026-08-29 20:30:00,0.2017,0.2017,0.2012,0.2015,67505.6
2026-08-29 20:35:00,0.2015,0.2018,0.2015,0.2015,270875.0
2026-08-29 20:40:00,0.2015,0.2018,0.2015,0.2017,125955.5
2026-08-29 20:45:00,0.2017,0.2017,0.2014,0.2015,81635.0
2026-08-29 20:50:00,0.2015,0.2016,0.2014,0.2014,50803.3
2026-08-29 20:55:00,0.2014,0.2015,0.2014,0.2014,97767.1
2026-08-29 21:00:00,0.2014,0.2016,0.2012,0.2012,660505.8
2026-08-29 21:05:00,0.2012,0.2016,0.2012,0.2016,80593.9
2026-08-29 21:10:00,0.2016,0.2019,0.2016,0.2016,38763.2
2026-08-29 21:15:00,0.2017,0.2017,0.2014,0.2017,20441.7
2026-08-29 21:20:00,0.2017,0.2017,0.2014,0.2015,54236.6
2026-08-29 21:25:00,0.2014,0.2014,0.2012,0.2012,98979.1
2026-08-29 21:30:00,0.2012,0.2015,0.2012,0.2015,59352.3
2026-08-29 21:35:00,0.2014,0.2014,0.2012,0.2014,276182.8
2026-08-29 21:40:00,0.2014,0.2014,0.2012,0.2012,80186.8
2026-08-29 21:45:00,0.2013,0.2017,0.2013,0.2017,33966.7
2026-08-29 21:50:00,0.2017,0.2017,0.2015,0.2016,142310.1
2026-08-29 21:55:00,0.2016,0.2017,0.2012,0.2013,44020.7
2026-08-29 22:00:00,0.2013,0.2014,0.2011,0.2012,402553.5
2026-08-29 22:05:00,0.2012,0.2014,0.2012,0.2014,45905.9
2026-08-29 22:10:00,0.2014,0.2015,0.2011,0.2012,223290.2
2026-08-29 22:15:00,0.2012,0.2013,0.201,0.2012,31127.9
2026-08-29 22:20:00,0.2012,0.2013,0.2011,0.2012,33767.9
2026-08-29 22:25:00,0.2012,0.2013,0.2011,0.2013,64432.3
2026-08-29 22:30:00,0.2013,0.2015,0.2013,0.2013,22848.0
2026-08-29 22:35:00,0.2014,0.2014,0.2013,0.2014,4854.6
2026-08-29 22:40:00,0.2014,0.2015,0.2013,0.2014,30099.3
2026-08-29 22:45:00,0.2014,0.2016,0.2013,0.2013,87941.5
2026-08-29 22:50:00,0.2014,0.2015,0.2012,0.2013,49830.2
2026-08-29 22:55:00,0.2013,0.2013,0.2012,0.2012,50931.3
2026-08-29 23:00:00,0.2013,0.2015,0.2012,0.2014,47495.5
2026-08-29 23:05:00,0.2014,0.2015,0.2013,0.2014,118898.1
2026-08-29 23:10:00,0.2014,0.2015,0.2013,0.2014,145721.1
2026-08-29 23:15:00,0.2014,0.2016,0.2012,0.2014,299721.6
2026-08-29 23:20:00,0.2014,0.2014,0.2011,0.2012,92364.4
2026-08-29 23:25:00,0.2012,0.2014,0.2011,0.2014,175781.8
2026-08-29 23:30:00,0.2013,0.2014,0.201,0.201,267808.1
2026-08-29 23:35:00,0.2011,0.2014,0.201,0.2014,112953.0
2026-08-29 23:40:00,0.2014,0.2014,0.2012,0.2012,25774.2
2026-08-29 23:45:00,0.2012,0.2015,0.2012,0.2015,42754.3
2026-08-29 23:50:00,0.2014,0.2015,0.2014,0.2015,127540.5
2026-08-29 23:55:00,0.2015,0.2018,0.2015,0.2018,135594.2
2026-08-30 00:00:00,0.2018,0.2021,0.2016,0.2016,383619.9
2026-08-30 00:05:00,0.2016,0.2017,0.2015,0.2016,92976.1
2026-08-30 00:10:00,0.2016,0.2018,0.2015,0.2018,62508.6
2026-08-30 00:15:00,0.2018,0.2023,0.2018,0.202,600353.2
2026-08-30 00:20:00,0.202,0.202,0.2016,0.2016,15292.1
2026-08-30 00:25:00,0.2016,0.2017,0.2015,0.2015,12574.9
2026-08-30 00:30:00,0.2016,0.2016,0.2013,0.2015,78696.0
2026-08-30 00:35:00,0.2015,0.2021,0.2015,0.2017,651924.8
2026-08-30 00:40:00,0.2017,0.2018,0.2015,0.2016,178788.0
2026-08-30 00:45:00,0.2015,0.2016,0.2014,0.2016,60352.2
2026-08-30 00:50:00,0.2017,0.2017,0.2012,0.2013,282761.5
2026-08-30 00:55:00,0.2013,0.2013,0.201,0.2011,379710.2
2026-08-30 01:00:00,0.201,0.2013,0.2008,0.2012,103192.3
2026-08-30 01:05:00,0.2013,0.2013,0.2008,0.2009,67376.9
2026-08-30 01:10:00,0.2009,0.201,0.2004,0.2004,429030.8
2026-08-30 01:15:00,0.2004,0.2006,0.2002,0.2005,197785.0
2026-08-30 01:20:00,0.2006,0.2008,0.2005,0.2008,335677.8
2026-08-30 01:25:00,0.2007,0.2007,0.2005,0.2006,59389.8
2026-08-30 01:30:00,0.2006,0.2008,0.2003,0.2006,231717.9
2026-08-30 01:35:00,0.2006,0.2011,0.2006,0.2009,106762.7
2026-08-30 01:40:00,0.2009,0.201,0.2007,0.2008,51270.3
2026-08-30 01:45:00,0.2008,0.2011,0.2006,0.2007,248730.6
2026-08-30 01:50:00,0.2008,0.2009,0.2005,0.2006,167234.8
2026-08-30 01:55:00,0.2005,0.2006,0.2003,0.2005,140854.1
2026-08-30 02:00:00,0.2005,0.2008,0.2004,0.2008,228288.0
2026-08-30 02:05:00,0.2009,0.2009,0.2005,0.2006,104273.5
2026-08-30 02:10:00,0.2006,0.2011,0.2006,0.2011,94508.6
2026-08-30 02:15:00,0.2011,0.2011,0.2007,0.2008,46608.1
2026-08-30 02:20:00,0.2009,0.201,0.2006,0.2006,94075.8
2026-08-30 02:25:00,0.2007,0.2009,0.2005,0.2007,66545.6
2026-08-30 02:30:00,0.2008,0.2008,0.2006,0.2008,68373.6
2026-08-30 02:35:00,0.2009,0.2011,0.2008,0.2011,21750.1
2026-08-30 02:40:00,0.2011,0.2012,0.2009,0.2011,223729.7
2026-08-30 02:45:00,0.2011,0.2011,0.2009,0.2009,269564.7
2026-08-30 02:50:00,0.2009,0.2013,0.2009,0.2012,198685.0
2026-08-30 02:55:00,0.2012,0.2012,0.2008,0.2009,26634.4
2026-08-30 03:00:00,0.2009,0.2011,0.2007,0.2009,125601.8
2026-08-30 03:05:00,0.2009,0.2009,0.2006,0.2007,83780.1
2026-08-30 03:10:00,0.2008,0.2008,0.2006,0.2008,45898.8
2026-08-30 03:15:00,0.2008,0.2008,0.2003,0.2006,360245.1
2026-08-30 03:20:00,0.2007,0.2007,0.2004,0.2005,101947.2
2026-08-30 03:25:00,0.2006,0.2009,0.2005,0.2008,36582.7
2026-08-30 03:30:00,0.2009,0.2012,0.2006,0.2011,200661.7
2026-08-30 03:35:00,0.2011,0.2012,0.2009,0.2011,274080.5
2026-08-30 03:40:00,0.2011,0.2013,0.2009,0.2012,370507.5
2026-08-30 03:45:00,0.2011,0.2012,0.2009,0.201,176481.3
2026-08-30 03:50:00,0.201,0.201,0.2008,0.2009,52336.4
2026-08-30 03:55:00,0.2008,0.2009,0.2008,0.2009,62924.6
2026-08-30 04:00:00,0.2008,0.201,0.2007,0.2009,387548.3
2026-08-30 04:05:00,0.2009,0.2009,0.2006,0.2008,159753.5
2026-08-30 04:10:00,0.2007,0.2008,0.2007,0.2007,53155.9
2026-08-30 04:15:00,0.2007,0.2009,0.2007,0.2008,38964.5
2026-08-30 04:20:00,0.2008,0.2009,0.2007,0.2008,219371.2
2026-08-30 04:25:00,0.2008,0.201,0.2008,0.2009,72511.8
2026-08-30 04:30:00,0.2008,0.2008,0.2006,0.2007,22010.1
2026-08-30 04:35:00,0.2007,0.2008,0.2006,0.2006,241782.6
2026-08-30 04:40:00,0.2005,0.2006,0.2004,0.2004,117111.2
2026-08-30 04:45:00,0.2003,0.2003,0.1999,0.2002,402039.0
2026-08-30 04:50:00,0.2002,0.2005,0.2001,0.2004,346497.0
2026-08-30 04:55:00,0.2003,0.2005,0.2003,0.2004,65943.0
2026-08-30 05:00:00,0.2005,0.2011,0.2004,0.2011,102724.1
2026-08-30 05:05:00,0.2011,0.2012,0.2009,0.2011,195923.8
2026-08-30 05:10:00,0.201,0.201,0.2008,0.201,74943.0
2026-08-30 05:15:00,0.201,0.201,0.2008,0.2009,102074.6
2026-08-30 05:20:00,0.2009,0.201,0.2008,0.2009,24980.1
2026-08-30 05:25:00,0.2009,0.201,0.2007,0.2008,618679.2
2026-08-30 05:30:00,0.2008,0.2009,0.2007,0.2007,51117.0
2026-08-30 05:35:00,0.2008,0.2008,0.2006,0.2007,107266.9
2026-08-30 05:40:00,0.2007,0.201,0.2007,0.2009,47091.9
2026-08-30 05:45:00,0.2009,0.201,0.2008,0.201,38333.5
2026-08-30 05:50:00,0.2009,0.2011,0.2008,0.2009,105665.3
2026-08-30 05:55:00,0.2009,0.2011,0.2009,0.201,5495.2
2026-08-30 06:00:00,0.201,0.201,0.2008,0.2009,163658.8
2026-08-30 06:05:00,0.201,0.201,0.2007,0.2007,91586.5
2026-08-30 06:10:00,0.2007,0.2008,0.2005,0.2005,18193.4
2026-08-30 06:15:00,0.2005,0.2009,0.2004,0.2009,125003.3
2026-08-30 06:20:00,0.2009,0.2011,0.2009,0.2011,23360.0
2026-08-30 06:25:00,0.2011,0.2013,0.201,0.2011,618682.3
2026-08-30 06:30:00,0.2011,0.2011,0.2009,0.201,42723.3
2026-08-30 06:35:00,0.201,0.202,0.201,0.202,491269.8
2026-08-30 06:40:00,0.202,0.2022,0.2017,0.2017,369226.0
2026-08-30 06:45:00,0.2017,0.2021,0.2017,0.202,145811.2
2026-08-30 06:50:00,0.2021,0.2023,0.202,0.2023,73885.5
2026-08-30 06:55:00,0.2023,0.2025,0.2022,0.2025,390785.6
2026-08-30 07:00:00,0.2025,0.2026,0.202,0.2021,398677.9
2026-08-30 07:05:00,0.2021,0.2022,0.2017,0.2017,121678.5
2026-08-30 07:10:00,0.2018,0.202,0.2016,0.2019,257820.4
2026-08-30 07:15:00,0.202,0.202,0.2016,0.2017,209029.5
2026-08-30 07:20:00,0.2017,0.2017,0.2012,0.2013,154673.1
2026-08-30 07:25:00,0.2013,0.2015,0.2013,0.2014,50420.5
2026-08-30 07:30:00,0.2014,0.2015,0.2011,0.2012,128081.3
2026-08-30 07:35:00,0.2012,0.2012,0.201,0.201,133574.5
2026-08-30 07:40:00,0.201,0.201,0.2008,0.2008,98509.3
2026-08-30 07:45:00,0.2008,0.2009,0.2007,0.2007,181829.1
2026-08-30 07:50:00,0.2008,0.201,0.2006,0.2009,144176.8
2026-08-30 07:55:00,0.201,0.201,0.2007,0.2007,239028.4
2026-08-30 08:00:00,0.2006,0.2009,0.2005,0.2008,254287.7
2026-08-30 08:05:00,0.2009,0.2011,0.2008,0.201,50060.6
2026-08-30 08:10:00,0.201,0.201,0.2008,0.2009,222627.6
2026-08-30 08:15:00,0.2009,0.2009,0.2007,0.2009,37425.2
2026-08-30 08:20:00,0.201,0.201,0.2007,0.2008,89406.8
2026-08-30 08:25:00,0.2008,0.2009,0.2008,0.2009,27577.8
2026-08-30 08:30:00,0.2009,0.2011,0.2008,0.2009,118561.7
2026-08-30 08:35:00,0.2008,0.2008,0.2004,0.2006,226350.3
2026-08-30 08:40:00,0.2005,0.2005,0.2003,0.2004,69945.3
2026-08-30 08:45:00,0.2005,0.2005,0.2002,0.2004,165394.8
2026-08-30 08:50:00,0.2004,0.2005,0.2003,0.2005,50779.9
2026-08-30 08:55:00,0.2005,0.2006,0.2004,0.2006,27877.8
2026-08-30 09:00:00,0.2005,0.2007,0.2005,0.2007,34665.1
2026-08-30 09:05:00,0.2006,0.2007,0.2006,0.2007,35510.1
2026-08-30 09:10:00,0.2007,0.2009,0.2007,0.2009,7460.7
2026-08-30 09:15:00,0.2008,0.2009,0.2007,0.2009,75257.8
2026-08-30 09:20:00,0.2009,0.2009,0.2004,0.2004,84342.6
2026-08-30 09:25:00,0.2004,0.2005,0.2001,0.2001,214046.4
2026-08-30 09:30:00,0.2001,0.2005,0.2001,0.2003,144742.5
2026-08-30 09:35:00,0.2003,0.2003,0.2001,0.2002,16290.5
2026-08-30 09:40:00,0.2001,0.2005,0.2,0.2005,248261.8
2026-08-30 09:45:00,0.2005,0.2008,0.2004,0.2004,201109.8
2026-08-30 09:50:00,0.2005,0.2005,0.2004,0.2004,33358.9
2026-08-30 09:55:00,0.2005,0.2009,0.2005,0.2009,94654.4
2026-08-30 10:00:00,0.2008,0.2009,0.2005,0.2005,23500.4
2026-08-30 10:05:00,0.2006,0.2009,0.2005,0.2009,183695.9
2026-08-30 10:10:00,0.201,0.201,0.2005,0.2006,124610.0
2026-08-30 10:15:00,0.2007,0.2008,0.2004,0.2006,188218.1
2026-08-30 10:20:00,0.2007,0.2011,0.2007,0.2011,41429.6
2026-08-30 10:25:00,0.2011,0.2013,0.201,0.2011,145485.3
2026-08-30 10:30:00,0.2011,0.2015,0.2011,0.2014,79228.2
2026-08-30 10:35:00,0.2015,0.2015,0.2014,0.2015,24187.8
2026-08-30 10:40:00,0.2014,0.2017,0.2014,0.2016,256400.3
2026-08-30 10:45:00,0.2016,0.2017,0.2016,0.2016,19618.5
2026-08-30 10:50:00,0.2016,0.2017,0.2015,0.2015,33580.0
2026-08-30 10:55:00,0.2015,0.2016,0.2015,0.2016,20577.8
2026-08-30 11:00:00,0.2016,0.2017,0.2013,0.2013,121296.3
2026-08-30 11:05:00,0.2012,0.2016,0.2012,0.2016,59707.8
2026-08-30 11:10:00,0.2016,0.2017,0.2014,0.2016,132787.9
2026-08-30 11:15:00,0.2017,0.2017,0.2015,0.2016,25175.8
2026-08-30 11:20:00,0.2017,0.2018,0.2017,0.2018,173887.2
2026-08-30 11:25:00,0.2018,0.2018,0.2017,0.2018,48191.2
2026-08-30 11:30:00,0.2018,0.2018,0.2014,0.2015,232409.9
2026-08-30 11:35:00,0.2015,0.2015,0.2008,0.201,326538.9
2026-08-30 11:40:00,0.2011,0.2012,0.2007,0.2008,550437.1
2026-08-30 11:45:00,0.2007,0.201,0.2007,0.2008,83103.1
2026-08-30 11:50:00,0.2008,0.201,0.2008,0.201,128546.8
2026-08-30 11:55:00,0.201,0.2011,0.2009,0.2011,25334.1
2026-08-30 12:00:00,0.2011,0.2017,0.2011,0.2016,351733.4
2026-08-30 12:05:00,0.2017,0.2027,0.2017,0.2027,494408.1
2026-08-30 12:10:00,0.2026,0.2034,0.2026,0.2031,420329.8
2026-08-30 12:15:00,0.2032,0.2032,0.2024,0.2025,247627.8
2026-08-30 12:20:00,0.2025,0.2027,0.2022,0.2024,515127.4
2026-08-30 12:25:00,0.2023,0.203,0.2023,0.2028,154838.5
2026-08-30 12:30:00,0.2029,0.203,0.2023,0.2023,191792.4
2026-08-30 12:35:00,0.2023,0.2025,0.2019,0.2022,650056.5
2026-08-30 12:40:00,0.2022,0.2027,0.2021,0.2026,529091.3
2026-08-30 12:45:00,0.2026,0.2028,0.2022,0.2025,354620.5
2026-08-30 12:50:00,0.2025,0.2027,0.2023,0.2025,176097.2
2026-08-30 12:55:00,0.2025,0.2033,0.2024,0.2032,335760.2
2026-08-30 13:00:00,0.2032,0.2034,0.2029,0.2033,294769.9
2026-08-30 13:05:00,0.2032,0.2033,0.2028,0.2029,586826.1
2026-08-30 13:10:00,0.203,0.2031,0.2027,0.2028,170133.0
2026-08-30 13:15:00,0.2028,0.203,0.2025,0.2029,179246.0
2026-08-30 13:20:00,0.2029,0.2032,0.2029,0.2032,164838.5
2026-08-30 13:25:00,0.2032,0.2034,0.203,0.2033,420619.9
2026-08-30 13:30:00,0.2033,0.2036,0.2031,0.2033,444595.1
2026-08-30 13:35:00,0.2033,0.2036,0.2031,0.2035,124002.2
2026-08-30 13:40:00,0.2035,0.204,0.2031,0.2039,629403.0
2026-08-30 13:45:00,0.2039,0.2049,0.2039,0.2047,666642.9
2026-08-30 13:50:00,0.2048,0.2048,0.2043,0.2044,768248.5
2026-08-30 13:55:00,0.2044,0.205,0.2043,0.2047,645622.1
2026-08-30 14:00:00,0.2048,0.2051,0.2045,0.2045,409308.3
2026-08-30 14:05:00,0.2045,0.2053,0.2043,0.2053,928422.4
2026-08-30 14:10:00,0.2053,0.2059,0.2052,0.2053,1118103.1
2026-08-30 14:15:00,0.2054,0.2054,0.2049,0.2049,521616.1
2026-08-30 14:20:00,0.2049,0.2049,0.2042,0.2046,443517.1
2026-08-30 14:25:00,0.2047,0.2051,0.2046,0.205,692339.0
2026-08-30 14:30:00,0.205,0.2053,0.2047,0.2047,200356.0
2026-08-30 14:35:00,0.2047,0.2047,0.204,0.2042,268393.6
2026-08-30 14:40:00,0.2042,0.2046,0.2042,0.2042,120447.3
2026-08-30 14:45:00,0.2042,0.2046,0.204,0.2042,139042.4
2026-08-30 14:50:00,0.2042,0.2047,0.2042,0.2046,43908.8
2026-08-30 14:55:00,0.2047,0.2049,0.2045,0.2047,133543.5
2026-08-30 15:00:00,0.2048,0.2048,0.2036,0.2036,411739.2
2026-08-30 15:05:00,0.2037,0.2043,0.2037,0.2041,351181.0
2026-08-30 15:10:00,0.204,0.204,0.2027,0.2029,218997.5
2026-08-30 15:15:00,0.2029,0.2033,0.2025,0.2033,339022.2
2026-08-30 15:20:00,0.2032,0.2036,0.2032,0.2035,292145.2
2026-08-30 15:25:00,0.2036,0.2037,0.2032,0.2033,327909.8
2026-08-30 15:30:00,0.2033,0.2039,0.2033,0.2038,277451.3
2026-08-30 15:35:00,0.2037,0.2039,0.2035,0.2037,121046.9
2026-08-30 15:40:00,0.2037,0.2037,0.2034,0.2036,25981.5
2026-08-30 15:45:00,0.2036,0.2036,0.2032,0.2032,271082.4
2026-08-30 15:50:00,0.2033,0.2034,0.2032,0.2032,58009.9
2026-08-30 15:55:00,0.2032,0.2034,0.2031,0.2033,37657.5
2026-08-30 16:00:00,0.2034,0.2044,0.2032,0.2042,252237.0
2026-08-30 16:05:00,0.2042,0.2046,0.2037,0.2038,295061.8
2026-08-30 16:10:00,0.2039,0.2053,0.2034,0.205,1268413.9
2026-08-30 16:15:00,0.2049,0.2058,0.2047,0.2053,1579856.4
2026-08-30 16:20:00,0.2052,0.2052,0.2044,0.2049,590662.9
2026-08-30 16:25:00,0.2048,0.2049,0.204,0.2042,455593.1
2026-08-30 16:30:00,0.2042,0.2047,0.2041,0.2046,301797.3
2026-08-30 16:35:00,0.2046,0.2049,0.2041,0.2042,566968.0
2026-08-30 16:40:00,0.2042,0.2047,0.204,0.2045,311975.5
2026-08-30 16:45:00,0.2045,0.2049,0.2044,0.2047,479173.9
2026-08-30 16:50:00,0.2047,0.2054,0.2046,0.2053,406474.9
2026-08-30 16:55:00,0.2053,0.2061,0.2053,0.206,893407.8
2026-08-30 17:00:00,0.206,0.2061,0.2053,0.2059,1348937.2
2026-08-30 17:05:00,0.2059,0.206,0.2055,0.2059,230780.1
2026-08-30 17:10:00,0.2059,0.206,0.2056,0.2056,334213.3
2026-08-30 17:15:00,0.2056,0.2058,0.2048,0.2051,425890.8
2026-08-30 17:20:00,0.205,0.2051,0.2035,0.204,743284.0
2026-08-30 17:25:00,0.204,0.2043,0.2036,0.2043,528979.5
2026-08-30 17:30:00,0.2043,0.2047,0.2039,0.2047,346993.8
2026-08-30 17:35:00,0.2047,0.2053,0.2045,0.2052,502421.1
2026-08-30 17:40:00,0.2051,0.2051,0.2047,0.2047,291982.7
2026-08-30 17:45:00,0.2048,0.2049,0.2045,0.2046,417730.3
2026-08-30 17:50:00,0.2046,0.2047,0.2043,0.2046,272746.8
2026-08-30 17:55:00,0.2045,0.205,0.2043,0.2049,57514.9
2026-08-30 18:00:00,0.205,0.205,0.2046,0.2049,394039.2
2026-08-30 18:05:00,0.2048,0.2048,0.2041,0.2042,69723.3
2026-08-30 18:10:00,0.2042,0.2043,0.2037,0.2043,1193106.9
2026-08-30 18:15:00,0.2042,0.2047,0.2042,0.2046,96317.3
2026-08-30 18:20:00,0.2046,0.2047,0.2044,0.2045,31144.4
2026-08-30 18:25:00,0.2045,0.2054,0.2045,0.2053,341538.7
2026-08-30 18:30:00,0.2053,0.206,0.2052,0.206,284015.9
2026-08-30 18:35:00,0.206,0.206,0.2056,0.2056,190118.5
2026-08-30 18:40:00,0.2057,0.2057,0.2054,0.2054,132521.7
2026-08-30 18:45:00,0.2055,0.2055,0.2052,0.2054,180401.7
2026-08-30 18:50:00,0.2054,0.2054,0.205,0.2052,296159.1
2026-08-30 18:55:00,0.2052,0.2054,0.2051,0.2052,200370.4
2026-08-30 19:00:00,0.2052,0.2052,0.2045,0.2046,185780.9
2026-08-30 19:05:00,0.2045,0.2049,0.2045,0.2047,328144.9
2026-08-30 19:10:00,0.2047,0.2051,0.2047,0.2051,18260.7
2026-08-30 19:15:00,0.2051,0.2051,0.2046,0.2048,340952.1
2026-08-30 19:20:00,0.2047,0.2047,0.2043,0.2044,48207.7
2026-08-30 19:25:00,0.2044,0.2044,0.2043,0.2044,44196.2
2026-08-30 19:30:00,0.2044,0.2046,0.204,0.2041,542977.9
2026-08-30 19:35:00,0.2041,0.2042,0.2035,0.2035,250815.0
2026-08-30 19:40:00,0.2035,0.2036,0.2031,0.2032,227471.8
2026-08-30 19:45:00,0.2032,0.2034,0.2027,0.203,757262.9
2026-08-30 19:50:00,0.203,0.2032,0.2029,0.203,249913.2
2026-08-30 19:55:00,0.2031,0.2034,0.203,0.2033,371178.7
2026-08-30 20:00:00,0.2033,0.2038,0.2033,0.2035,158280.0
2026-08-30 20:05:00,0.2034,0.2036,0.2034,0.2036,39206.7
2026-08-30 20:10:00,0.2036,0.2039,0.2034,0.2035,177874.8
2026-08-30 20:15:00,0.2036,0.2038,0.203,0.2033,280239.6
2026-08-30 20:20:00,0.2034,0.2035,0.2031,0.2035,81852.2
2026-08-30 20:25:00,0.2036,0.2036,0.2028,0.2028,399507.7
2026-08-30 20:30:00,0.2027,0.2028,0.2018,0.2022,827577.5
2026-08-30 20:35:00,0.2023,0.2028,0.2018,0.2019,334104.6
2026-08-30 20:40:00,0.2018,0.2019,0.2004,0.2006,1376118.2
2026-08-30 20:45:00,0.2006,0.2017,0.2006,0.2016,578158.0
2026-08-30 20:50:00,0.2017,0.202,0.2016,0.2016,317866.6
2026-08-30 20:55:00,0.2017,0.2018,0.2012,0.2013,282749.3
2026-08-30 21:00:00,0.2013,0.2015,0.1985,0.1998,6111603.3
2026-08-30 21:05:00,0.1998,0.2,0.1996,0.1998,401070.5
2026-08-30 21:10:00,0.1999,0.2001,0.1992,0.1999,474731.7
2026-08-30 21:15:00,0.1999,0.2,0.1996,0.1997,297115.6
2026-08-30 21:20:00,0.1997,0.2,0.1991,0.1995,721309.5
2026-08-30 21:25:00,0.1996,0.2003,0.1993,0.2002,529103.6
2026-08-30 21:30:00,0.2002,0.2009,0.2002,0.2006,598220.3
2026-08-30 21:35:00,0.2006,0.2008,0.2002,0.2004,130649.9
2026-08-30 21:40:00,0.2004,0.2004,0.2,0.2002,257686.9
2026-08-30 21:45:00,0.2001,0.2002,0.1992,0.1995,608468.9
2026-08-30 21:50:00,0.1996,0.2,0.1995,0.1998,232896.9
2026-08-30 21:55:00,0.1998,0.2005,0.1998,0.2002,309759.1
2026-08-30 22:00:00,0.2003,0.2015,0.1996,0.2011,833924.6
2026-08-30 22:05:00,0.2012,0.2014,0.2008,0.201,317899.3
2026-08-30 22:10:00,0.201,0.201,0.2003,0.2005,165860.4
2026-08-30 22:15:00,0.2004,0.2004,0.1996,0.2001,437934.9
2026-08-30 22:20:00,0.2001,0.2001,0.1991,0.1993,434227.8
2026-08-30 22:25:00,0.1993,0.1993,0.1987,0.1991,404213.2
2026-08-30 22:30:00,0.1991,0.1991,0.1972,0.1978,2972332.8
2026-08-30 22:35:00,0.1979,0.1984,0.1976,0.1984,496304.0
2026-08-30 22:40:00,0.1985,0.1987,0.1982,0.1982,644189.4
2026-08-30 22:45:00,0.1982,0.1985,0.198,0.1981,397439.0
2026-08-30 22:50:00,0.1981,0.1982,0.1977,0.1981,182679.5
2026-08-30 22:55:00,0.198,0.1987,0.1979,0.1984,599135.3
2026-08-30 23:00:00,0.1984,0.1984,0.1975,0.1976,607577.3
2026-08-30 23:05:00,0.1976,0.1979,0.1972,0.1976,449206.9
2026-08-30 23:10:00,0.1976,0.1982,0.1974,0.1975,285197.9
2026-08-30 23:15:00,0.1975,0.1977,0.1961,0.1971,2313509.1
2026-08-30 23:20:00,0.1971,0.1973,0.1941,0.195,4519814.1
2026-08-30 23:25:00,0.1949,0.1952,0.1926,0.1929,2832779.4
2026-08-30 23:30:00,0.1928,0.1944,0.1923,0.1937,2050709.8
2026-08-30 23:35:00,0.1937,0.1937,0.192,0.1923,2864498.3
2026-08-30 23:40:00,0.1923,0.1928,0.1915,0.1922,1699708.6
2026-08-30 23:45:00,0.1921,0.1923,0.1894,0.1908,8603270.3
2026-08-30 23:50:00,0.1908,0.1922,0.1908,0.192,1592374.3
2026-08-30 23:55:00,0.1921,0.1931,0.192,0.1927,874001.2
2026-08-31 00:00:00,0.1926,0.1933,0.1917,0.1932,1314363.2
2026-08-31 00:05:00,0.1933,0.1933,0.1915,0.1916,1398159.6
2026-08-31 00:10:00,0.1917,0.193,0.1917,0.1929,483057.4
2026-08-31 00:15:00,0.1929,0.1938,0.1926,0.1935,1286754.1
2026-08-31 00:20:00,0.1935,0.194,0.1935,0.1938,458909.9
2026-08-31 00:25:00,0.1938,0.1939,0.1935,0.1936,308324.4
2026-08-31 00:30:00,0.1936,0.1942,0.1936,0.1941,379527.6
2026-08-31 00:35:00,0.1942,0.1951,0.1942,0.1947,1613102.2
2026-08-31 00:40:00,0.1947,0.195,0.1946,0.1946,209522.6
2026-08-31 00:45:00,0.1947,0.1947,0.1942,0.1944,232658.7
2026-08-31 00:50:00,0.1944,0.1947,0.1944,0.1946,632140.7
2026-08-31 00:55:00,0.1946,0.1946,0.194,0.1941,295381.3
2026-08-31 01:00:00,0.194,0.1946,0.1933,0.1935,667425.7
2026-08-31 01:05:00,0.1935,0.1935,0.1926,0.1928,477347.7
2026-08-31 01:10:00,0.1928,0.1931,0.1926,0.1931,138300.9
2026-08-31 01:15:00,0.1931,0.1936,0.1926,0.1936,364633.9
2026-08-31 01:20:00,0.1937,0.1939,0.1929,0.1937,280557.2
2026-08-31 01:25:00,0.1937,0.1938,0.1934,0.1936,255198.7
2026-08-31 01:30:00,0.1935,0.1936,0.1928,0.1929,501389.9
2026-08-31 01:35:00,0.1929,0.194,0.1928,0.1935,663284.0
2026-08-31 01:40:00,0.1934,0.1936,0.1926,0.1928,616653.4
2026-08-31 01:45:00,0.1928,0.1932,0.1927,0.1929,190897.7
2026-08-31 01:50:00,0.1929,0.1932,0.1926,0.1926,503574.1
2026-08-31 01:55:00,0.1926,0.1929,0.1924,0.1926,101535.9
2026-08-31 02:00:00,0.1926,0.1928,0.1918,0.1928,1057821.5
2026-08-31 02:05:00,0.1928,0.1932,0.1926,0.1932,234244.8
2026-08-31 02:10:00,0.1933,0.1942,0.1933,0.194,156141.8
2026-08-31 02:15:00,0.1939,0.194,0.1934,0.1934,454483.7
2026-08-31 02:20:00,0.1934,0.1936,0.1933,0.1933,207187.3
2026-08-31 02:25:00,0.1933,0.1936,0.1932,0.1933,135468.2
2026-08-31 02:30:00,0.1934,0.1937,0.1933,0.1933,49067.6
2026-08-31 02:35:00,0.1932,0.1933,0.1929,0.1932,172730.5
2026-08-31 02:40:00,0.1931,0.1932,0.1929,0.193,42138.0
2026-08-31 02:45:00,0.1929,0.1931,0.1926,0.1926,95738.3
2026-08-31 02:50:00,0.1926,0.1926,0.1919,0.1922,191260.3
2026-08-31 02:55:00,0.1921,0.1925,0.1916,0.1924,660358.8
2026-08-31 03:00:00,0.1925,0.1932,0.192,0.193,578045.6
2026-08-31 03:05:00,0.1929,0.1933,0.1928,0.1933,54344.5
2026-08-31 03:10:00,0.1932,0.1934,0.1931,0.1932,210696.8
2026-08-31 03:15:00,0.1932,0.1934,0.1929,0.1929,154317.1
2026-08-31 03:20:00,0.1929,0.1935,0.1928,0.1935,54132.1
2026-08-31 03:25:00,0.1934,0.1936,0.1934,0.1934,226929.4
2026-08-31 03:30:00,0.1934,0.1935,0.1933,0.1933,188914.8
2026-08-31 03:35:00,0.1933,0.1938,0.1933,0.1937,50078.6
2026-08-31 03:40:00,0.1937,0.1942,0.1937,0.1942,189822.8
2026-08-31 03:45:00,0.1942,0.1944,0.1941,0.1942,163202.0
2026-08-31 03:50:00,0.1942,0.1943,0.1941,0.1942,193941.4
2026-08-31 03:55:00,0.1943,0.1943,0.194,0.1941,60230.4
2026-08-31 04:00:00,0.1942,0.1943,0.1935,0.1936,109786.7
2026-08-31 04:05:00,0.1935,0.1939,0.1934,0.1937,126514.8
2026-08-31 04:10:00,0.1937,0.1938,0.1931,0.1933,120881.2
2026-08-31 04:15:00,0.1932,0.1934,0.1931,0.1931,197992.0
2026-08-31 04:20:00,0.1931,0.1932,0.1926,0.1929,188262.5
2026-08-31 04:25:00,0.1929,0.1932,0.1928,0.193,186795.8
2026-08-31 04:30:00,0.193,0.1932,0.1929,0.1931,68676.2
2026-08-31 04:35:00,0.193,0.1935,0.1929,0.1934,312301.3
2026-08-31 04:40:00,0.1935,0.1935,0.193,0.1933,381655.8
2026-08-31 04:45:00,0.1933,0.1933,0.1929,0.1929,314355.2
2026-08-31 04:50:00,0.1929,0.1937,0.1929,0.1937,214402.3
2026-08-31 04:55:00,0.1937,0.1938,0.1933,0.1936,163126.8
2026-08-31 05:00:00,0.1936,0.1939,0.1933,0.1939,216181.9
2026-08-31 05:05:00,0.1939,0.194,0.1938,0.1938,275062.7
2026-08-31 05:10:00,0.1938,0.1939,0.1936,0.1939,165934.8
2026-08-31 05:15:00,0.1938,0.195,0.1938,0.1949,754564.7
2026-08-31 05:20:00,0.195,0.1959,0.1949,0.1959,831999.1
2026-08-31 05:25:00,0.1958,0.1963,0.1953,0.1957,901525.2
2026-08-31 05:30:00,0.1957,0.1959,0.1956,0.1959,202511.1
2026-08-31 05:35:00,0.1959,0.1959,0.1949,0.195,275232.2
2026-08-31 05:40:00,0.1951,0.1957,0.195,0.1956,189592.8
2026-08-31 05:45:00,0.1956,0.1958,0.1955,0.1957,155758.4
2026-08-31 05:50:00,0.1958,0.1959,0.1955,0.1957,79113.9
2026-08-31 05:55:00,0.1957,0.1958,0.1954,0.1956,330270.0
2026-08-31 06:00:00,0.1956,0.196,0.1954,0.1958,443182.6
2026-08-31 06:05:00,0.1957,0.1957,0.1951,0.1955,669490.1
2026-08-31 06:10:00,0.1955,0.1961,0.1954,0.1959,404981.2
2026-08-31 06:15:00,0.1959,0.1965,0.1959,0.1964,748085.0
2026-08-31 06:20:00,0.1963,0.1963,0.1954,0.1955,641678.1
2026-08-31 06:25:00,0.1956,0.1962,0.1956,0.1956,303335.7
2026-08-31 06:30:00,0.1955,0.1956,0.1951,0.1952,407263.1
2026-08-31 06:35:00,0.1952,0.1956,0.195,0.1955,414616.0
2026-08-31 06:40:00,0.1955,0.196,0.1954,0.1958,198072.4
2026-08-31 06:45:00,0.1957,0.196,0.1956,0.1959,179902.8
2026-08-31 06:50:00,0.1959,0.1959,0.1955,0.1957,51575.5
2026-08-31 06:55:00,0.1958,0.1958,0.1955,0.1956,156331.4
2026-08-31 07:00:00,0.1956,0.196,0.1953,0.1955,753094.9
2026-08-31 07:05:00,0.1954,0.1956,0.1953,0.1955,112492.9
2026-08-31 07:10:00,0.1956,0.1959,0.1955,0.1957,422620.1
2026-08-31 07:15:00,0.1957,0.1964,0.1955,0.196,488241.2
2026-08-31 07:20:00,0.1961,0.1963,0.1959,0.1963,413058.5
2026-08-31 07:25:00,0.1964,0.1965,0.1958,0.1958,570093.3
2026-08-31 07:30:00,0.1958,0.1959,0.1955,0.1956,357042.9
2026-08-31 07:35:00,0.1957,0.196,0.1956,0.1958,174182.8
2026-08-31 07:40:00,0.1959,0.1959,0.1956,0.1959,114799.7
2026-08-31 07:45:00,0.1959,0.196,0.1956,0.1956,81041.2
2026-08-31 07:50:00,0.1956,0.1959,0.1956,0.1958,88237.3
2026-08-31 07:55:00,0.1959,0.1962,0.1958,0.1961,348529.3
2026-08-31 08:00:00,0.1962,0.1963,0.1958,0.1958,325795.5
2026-08-31 08:05:00,0.1958,0.1962,0.1955,0.1961,229447.8
2026-08-31 08:10:00,0.1961,0.1969,0.196,0.1962,351804.5
2026-08-31 08:15:00,0.1962,0.1964,0.1959,0.196,307912.2
2026-08-31 08:20:00,0.1959,0.1959,0.1954,0.1955,268073.7
2026-08-31 08:25:00,0.1954,0.1958,0.1954,0.1958,315739.3
2026-08-31 08:30:00,0.1958,0.196,0.1957,0.1958,294356.1
2026-08-31 08:35:00,0.1959,0.1961,0.1956,0.196,439483.7
2026-08-31 08:40:00,0.1961,0.197,0.1959,0.1963,510951.6
2026-08-31 08:45:00,0.1964,0.1966,0.196,0.1962,247484.8
2026-08-31 08:50:00,0.1963,0.1969,0.1963,0.1967,284132.2
2026-08-31 08:55:00,0.1967,0.1968,0.1965,0.1966,181172.5
2026-08-31 09:00:00,0.1965,0.1966,0.1961,0.1961,406574.5
2026-08-31 09:05:00,0.1962,0.1971,0.196,0.197,958893.3
2026-08-31 09:10:00,0.1969,0.197,0.1961,0.1962,233924.2
2026-08-31 09:15:00,0.1962,0.1964,0.196,0.1963,360100.6
2026-08-31 09:20:00,0.1963,0.1973,0.1962,0.1971,429288.5
2026-08-31 09:25:00,0.1971,0.1973,0.1965,0.1965,391806.8
2026-08-31 09:30:00,0.1964,0.1968,0.1963,0.1967,136118.6
2026-08-31 09:35:00,0.1967,0.1967,0.1964,0.1966,109533.4
2026-08-31 09:40:00,0.1966,0.1968,0.1964,0.1966,50794.5
2026-08-31 09:45:00,0.1967,0.1973,0.1967,0.1969,326427.4
2026-08-31 09:50:00,0.1969,0.1969,0.1963,0.1964,81244.7
2026-08-31 09:55:00,0.1965,0.1965,0.1962,0.1964,131717.6
2026-08-31 10:00:00,0.1965,0.1966,0.1958,0.196,302425.0
2026-08-31 10:05:00,0.1961,0.1961,0.1957,0.196,819305.7
2026-08-31 10:10:00,0.196,0.1969,0.1959,0.1967,259218.5
2026-08-31 10:15:00,0.1967,0.1967,0.1959,0.196,585516.2
2026-08-31 10:20:00,0.196,0.1963,0.1959,0.1961,123412.0
2026-08-31 10:25:00,0.1961,0.1965,0.196,0.1963,129120.6
2026-08-31 10:30:00,0.1964,0.1964,0.1959,0.1961,186405.3
2026-08-31 10:35:00,0.1962,0.1968,0.1962,0.1968,142166.9
2026-08-31 10:40:00,0.1967,0.197,0.1966,0.197,40179.0
2026-08-31 10:45:00,0.1969,0.1976,0.1969,0.1974,224174.7
2026-08-31 10:50:00,0.1975,0.1984,0.1973,0.1981,1366110.7
2026-08-31 10:55:00,0.198,0.198,0.1976,0.1977,576649.6
2026-08-31 11:00:00,0.1978,0.1978,0.1975,0.1976,404914.9
2026-08-31 11:05:00,0.1975,0.1979,0.1972,0.1974,419845.9
2026-08-31 11:10:00,0.1975,0.1977,0.1973,0.1975,55381.6
2026-08-31 11:15:00,0.1974,0.1979,0.1973,0.1979,329687.5
2026-08-31 11:20:00,0.1979,0.198,0.1976,0.1977,131837.5
2026-08-31 11:25:00,0.1977,0.1977,0.1974,0.1975,171796.0
2026-08-31 11:30:00,0.1975,0.1975,0.1971,0.1971,77211.2
2026-08-31 11:35:00,0.1971,0.1972,0.197,0.197,251580.2
2026-08-31 11:40:00,0.1971,0.1972,0.1967,0.1967,255235.0
2026-08-31 11:45:00,0.1968,0.1971,0.1965,0.1965,201622.5
2026-08-31 11:50:00,0.1965,0.1966,0.1962,0.1963,178178.6
2026-08-31 11:55:00,0.1964,0.1965,0.1962,0.1965,65994.1
2026-08-31 12:00:00,0.1965,0.1973,0.1963,0.1973,113175.8
2026-08-31 12:05:00,0.1974,0.1975,0.1967,0.1973,745111.1
2026-08-31 12:10:00,0.1974,0.1976,0.1973,0.1974,316071.6
2026-08-31 12:15:00,0.1974,0.1979,0.1971,0.1978,547292.0
2026-08-31 12:20:00,0.1978,0.1978,0.197,0.197,359914.8
2026-08-31 12:25:00,0.1969,0.1971,0.1962,0.1968,332241.1
2026-08-31 12:30:00,0.1967,0.1969,0.1962,0.1969,250791.9
2026-08-31 12:35:00,0.1968,0.197,0.1957,0.1958,418371.2
2026-08-31 12:40:00,0.1959,0.1959,0.1948,0.1953,1154476.5
2026-08-31 12:45:00,0.1954,0.1954,0.1947,0.1948,262275.1
2026-08-31 12:50:00,0.1948,0.1951,0.1948,0.1948,251544.2
2026-08-31 12:55:00,0.1948,0.1952,0.1945,0.1951,101746.0
2026-08-31 13:00:00,0.1951,0.1964,0.195,0.1955,360312.4
2026-08-31 13:05:00,0.1955,0.196,0.1955,0.1959,88470.5
2026-08-31 13:10:00,0.1959,0.196,0.1956,0.196,88566.1
2026-08-31 13:15:00,0.1959,0.1962,0.1955,0.1956,352227.7
2026-08-31 13:20:00,0.1956,0.196,0.1955,0.196,741044.1
2026-08-31 13:25:00,0.1959,0.1963,0.1954,0.1963,522136.3
2026-08-31 13:30:00,0.1963,0.1971,0.1958,0.1962,521880.7
2026-08-31 13:35:00,0.1962,0.1962,0.1956,0.196,154708.8
2026-08-31 13:40:00,0.1959,0.1961,0.195,0.195,673469.2
2026-08-31 13:45:00,0.195,0.1952,0.1941,0.1942,1445467.2
2026-08-31 13:50:00,0.1942,0.1944,0.1937,0.1943,497471.1
2026-08-31 13:55:00,0.1943,0.1948,0.1941,0.1941,124058.8
2026-08-31 14:00:00,0.1941,0.1948,0.194,0.1944,184024.1
2026-08-31 14:05:00,0.1944,0.1946,0.1937,0.1946,204512.3
2026-08-31 14:10:00,0.1945,0.1947,0.1941,0.1944,161079.6
2026-08-31 14:15:00,0.1944,0.1947,0.194,0.1947,161149.0
2026-08-31 14:20:00,0.1946,0.1949,0.1939,0.1939,491053.2
2026-08-31 14:25:00,0.1939,0.1946,0.1938,0.1946,637388.1
2026-08-31 14:30:00,0.1945,0.1951,0.1943,0.1943,855308.4
2026-08-31 14:35:00,0.1943,0.1955,0.1943,0.1953,361273.2
2026-08-31 14:40:00,0.1952,0.1972,0.1952,0.1964,1049076.0
2026-08-31 14:45:00,0.1965,0.197,0.1961,0.1962,755140.7
2026-08-31 14:50:00,0.1961,0.1966,0.196,0.1965,356441.3
2026-08-31 14:55:00,0.1964,0.1971,0.1962,0.197,540354.7
2026-08-31 15:00:00,0.1971,0.1972,0.1964,0.1965,543227.0
2026-08-31 15:05:00,0.1965,0.1967,0.1962,0.1966,187503.5
2026-08-31 15:10:00,0.1966,0.1966,0.1959,0.1962,109806.9
2026-08-31 15:15:00,0.1962,0.1964,0.1955,0.1955,511832.2
2026-08-31 15:20:00,0.1955,0.1957,0.1951,0.1957,377625.7
2026-08-31 15:25:00,0.1957,0.1962,0.1954,0.196,93732.7
2026-08-31 15:30:00,0.196,0.1964,0.1957,0.1959,353146.2
2026-08-31 15:35:00,0.1959,0.1964,0.1958,0.196,341200.0
2026-08-31 15:40:00,0.196,0.1972,0.196,0.1971,424010.1
2026-08-31 15:45:00,0.1971,0.1973,0.1964,0.1967,330784.2
2026-08-31 15:50:00,0.1966,0.1967,0.196,0.1963,172695.6
2026-08-31 15:55:00,0.1962,0.1963,0.1957,0.1959,218118.5
2026-08-31 16:00:00,0.1959,0.1965,0.1955,0.1959,672274.0
2026-08-31 16:05:00,0.196,0.1963,0.1956,0.1956,101313.7
2026-08-31 16:10:00,0.1957,0.1964,0.1957,0.1959,460040.6
2026-08-31 16:15:00,0.1958,0.196,0.1948,0.1959,720118.0
2026-08-31 16:20:00,0.1959,0.1959,0.1951,0.1951,197922.3
2026-08-31 16:25:00,0.1952,0.1955,0.195,0.1955,336962.5
2026-08-31 16:30:00,0.1956,0.196,0.1955,0.1957,400740.1
2026-08-31 16:35:00,0.1958,0.1962,0.1957,0.1959,90361.6
2026-08-31 16:40:00,0.1959,0.1969,0.1958,0.1967,250389.2
2026-08-31 16:45:00,0.1967,0.1969,0.1962,0.1965,149174.7
2026-08-31 16:50:00,0.1965,0.1968,0.1963,0.1967,105080.2
2026-08-31 16:55:00,0.1967,0.1975,0.1962,0.1962,225959.3
2026-08-31 17:00:00,0.1961,0.1962,0.1958,0.1959,169504.7
2026-08-31 17:05:00,0.1959,0.1962,0.1959,0.1961,49083.4
2026-08-31 17:10:00,0.1962,0.1968,0.1962,0.1966,463956.0
2026-08-31 17:15:00,0.1966,0.1967,0.1959,0.1963,502182.6
2026-08-31 17:20:00,0.1964,0.1967,0.1962,0.1962,377554.0
2026-08-31 17:25:00,0.1962,0.1962,0.1956,0.1959,485461.4
2026-08-31 17:30:00,0.196,0.1967,0.1959,0.1965,94762.9
2026-08-31 17:35:00,0.1965,0.1975,0.1963,0.1975,449536.9
2026-08-31 17:40:00,0.1975,0.1981,0.1973,0.1974,491049.1
2026-08-31 17:45:00,0.1974,0.1978,0.1971,0.1975,281364.6
2026-08-31 17:50:00,0.1976,0.198,0.1976,0.1979,360199.3
2026-08-31 17:55:00,0.198,0.198,0.1977,0.1977,279196.8
2026-08-31 18:00:00,0.1978,0.1978,0.1972,0.1973,421138.7
2026-08-31 18:05:00,0.1974,0.1976,0.1973,0.1976,74644.3
2026-08-31 18:10:00,0.1976,0.1978,0.1972,0.1977,315115.9
2026-08-31 18:15:00,0.1977,0.199,0.1977,0.1988,483225.7
2026-08-31 18:20:00,0.1988,0.1988,0.1978,0.1979,348395.1
2026-08-31 18:25:00,0.1979,0.1982,0.1977,0.1981,437932.6
2026-08-31 18:30:00,0.198,0.1984,0.1979,0.1984,208339.0
2026-08-31 18:35:00,0.1984,0.1992,0.1984,0.199,445130.9
2026-08-31 18:40:00,0.1989,0.2008,0.1989,0.2007,1282997.0
2026-08-31 18:45:00,0.2006,0.2006,0.1996,0.2002,1294331.7
2026-08-31 18:50:00,0.2002,0.2002,0.1994,0.1996,538253.6
2026-08-31 18:55:00,0.1996,0.2004,0.1996,0.2,865588.2
2026-08-31 19:00:00,0.1999,0.2004,0.1998,0.1999,214784.8
2026-08-31 19:05:00,0.2,0.2003,0.1996,0.2003,397811.5
2026-08-31 19:10:00,0.2003,0.2006,0.2,0.2,459243.5
2026-08-31 19:15:00,0.2,0.2,0.1991,0.1991,602890.6
2026-08-31 19:20:00,0.1992,0.1993,0.1987,0.1993,389058.1
2026-08-31 19:25:00,0.1992,0.1992,0.1989,0.1992,43551.9
2026-08-31 19:30:00,0.1991,0.1992,0.1985,0.1989,296129.4
2026-08-31 19:35:00,0.199,0.1991,0.1988,0.1989,330760.2
2026-08-31 19:40:00,0.199,0.199,0.1985,0.1988,417021.1
2026-08-31 19:45:00,0.1987,0.1994,0.1986,0.1994,126903.7
2026-08-31 19:50:00,0.1995,0.1996,0.1988,0.1989,484789.5
2026-08-31 19:55:00,0.1989,0.1993,0.1987,0.1991,94839.3
2026-08-31 20:00:00,0.1991,0.1994,0.1988,0.199,99372.8
2026-08-31 20:05:00,0.1989,0.1991,0.1988,0.1988,53444.4
2026-08-31 20:10:00,0.1988,0.1992,0.1986,0.1992,47369.5
2026-08-31 20:15:00,0.1993,0.2004,0.1993,0.2003,268723.2
2026-08-31 20:20:00,0.2004,0.2006,0.1994,0.1995,558116.0
2026-08-31 20:25:00,0.1995,0.1995,0.199,0.199,393397.1
2026-08-31 20:30:00,0.1991,0.1994,0.1986,0.1986,171139.9
2026-08-31 20:35:00,0.1986,0.1987,0.1985,0.1987,124862.7
2026-08-31 20:40:00,0.1988,0.1992,0.1987,0.199,172012.5
2026-08-31 20:45:00,0.1991,0.1993,0.1987,0.1988,199351.4
2026-08-31 20:50:00,0.1988,0.199,0.1986,0.1986,599911.7
2026-08-31 20:55:00,0.1987,0.1988,0.1983,0.1986,473731.1
2026-08-31 21:00:00,0.1987,0.1988,0.1979,0.1982,875898.0
2026-08-31 21:05:00,0.1983,0.1986,0.1978,0.1985,529613.0
2026-08-31 21:10:00,0.1985,0.1985,0.198,0.1982,273697.7
2026-08-31 21:15:00,0.1981,0.1981,0.1976,0.1978,102582.7
2026-08-31 21:20:00,0.1978,0.1982,0.1977,0.1982,455856.3
2026-08-31 21:25:00,0.1981,0.1985,0.198,0.1985,182406.3
2026-08-31 21:30:00,0.1986,0.1991,0.1985,0.199,669721.2
2026-08-31 21:35:00,0.199,0.1994,0.1989,0.199,178594.6
2026-08-31 21:40:00,0.1991,0.1995,0.1991,0.1994,175384.7
2026-08-31 21:45:00,0.1994,0.2,0.1994,0.1998,183359.6
2026-08-31 21:50:00,0.1998,0.1998,0.1992,0.1993,235314.3
2026-08-31 21:55:00,0.1992,0.1993,0.199,0.1993,181360.5
2026-08-31 22:00:00,0.1993,0.1995,0.1989,0.1989,158850.5
2026-08-31 22:05:00,0.199,0.1997,0.199,0.1995,80003.8
2026-08-31 22:10:00,0.1995,0.1995,0.1989,0.199,52252.6
2026-08-31 22:15:00,0.199,0.1992,0.1988,0.1988,271069.6
2026-08-31 22:20:00,0.1989,0.199,0.1987,0.1989,94980.5
2026-08-31 22:25:00,0.1989,0.199,0.1988,0.1988,71238.1
2026-08-31 22:30:00,0.1989,0.199,0.1987,0.199,37974.7
2026-08-31 22:35:00,0.199,0.199,0.1988,0.199,44861.4
2026-08-31 22:40:00,0.1989,0.199,0.1988,0.199,128927.7
2026-08-31 22:45:00,0.1989,0.1989,0.1987,0.1987,26064.3
2026-08-31 22:50:00,0.1988,0.1989,0.1986,0.1989,86459.8
2026-08-31 22:55:00,0.1988,0.1988,0.1985,0.1986,93441.3
2026-08-31 23:00:00,0.1985,0.1985,0.1979,0.1979,265131.7
2026-08-31 23:05:00,0.198,0.1988,0.198,0.1987,74021.8
2026-08-31 23:10:00,0.1987,0.1988,0.1982,0.1982,207875.5
2026-08-31 23:15:00,0.1981,0.1983,0.198,0.1983,70837.5
2026-08-31 23:20:00,0.1983,0.1984,0.1981,0.1982,55873.9
2026-08-31 23:25:00,0.1981,0.1982,0.1979,0.1979,159983.7
2026-08-31 23:30:00,0.198,0.198,0.1979,0.1979,79117.3
2026-08-31 23:35:00,0.1979,0.198,0.1978,0.1979,386707.6
2026-08-31 23:40:00,0.198,0.1981,0.1979,0.1979,137103.4
2026-08-31 23:45:00,0.1978,0.1981,0.1976,0.198,153589.5
2026-08-31 23:50:00,0.198,0.198,0.1976,0.1977,367129.0
2026-08-31 23:55:00,0.1977,0.198,0.1976,0.1978,51130.2
2026-09-01 00:00:00,0.1978,0.1979,0.1976,0.1978,180717.6
2026-09-01 00:05:00,0.1978,0.1986,0.1978,0.1986,198046.7
2026-09-01 00:10:00,0.1985,0.1987,0.1984,0.1987,80852.6
2026-09-01 00:15:00,0.1987,0.1995,0.1986,0.1994,367896.8
2026-09-01 00:20:00,0.1994,0.1999,0.1994,0.1997,690801.1
2026-09-01 00:25:00,0.1997,0.1998,0.1994,0.1995,296678.4
2026-09-01 00:30:00,0.1995,0.1995,0.1991,0.1995,272380.6
2026-09-01 00:35:00,0.1996,0.2,0.1995,0.1996,213944.2
2026-09-01 00:40:00,0.1996,0.1997,0.1994,0.1995,243154.8
2026-09-01 00:45:00,0.1996,0.2,0.1995,0.2,318245.9
2026-09-01 00:50:00,0.2001,0.2002,0.1994,0.1995,475638.9
2026-09-01 00:55:00,0.1995,0.1996,0.1991,0.1994,572045.6
2026-09-01 01:00:00,0.1995,0.1998,0.1993,0.1998,139631.2
2026-09-01 01:05:00,0.1998,0.2002,0.1994,0.1995,577620.7
2026-09-01 01:10:00,0.1995,0.1996,0.199,0.1991,101571.6
2026-09-01 01:15:00,0.1991,0.1995,0.1989,0.1995,418132.3
2026-09-01 01:20:00,0.1995,0.1996,0.1992,0.1993,167965.2
2026-09-01 01:25:00,0.1993,0.1993,0.1982,0.1986,431281.9
2026-09-01 01:30:00,0.1987,0.1988,0.1984,0.1988,161189.5
2026-09-01 01:35:00,0.1989,0.1996,0.1989,0.1996,115406.6
2026-09-01 01:40:00,0.1996,0.1999,0.1995,0.1998,86964.3
2026-09-01 01:45:00,0.1999,0.2,0.1995,0.1997,57467.2
2026-09-01 01:50:00,0.1997,0.1998,0.1994,0.1994,147389.1
2026-09-01 01:55:00,0.1994,0.1995,0.1991,0.1993,157876.7
2026-09-01 02:00:00,0.1992,0.1993,0.1987,0.199,215925.6
2026-09-01 02:05:00,0.199,0.1994,0.1988,0.1989,527251.9
2026-09-01 02:10:00,0.1988,0.199,0.1985,0.1989,482049.6
2026-09-01 02:15:00,0.1989,0.1989,0.1986,0.1987,220732.2
2026-09-01 02:20:00,0.1987,0.1991,0.1985,0.1991,50976.7
2026-09-01 02:25:00,0.1991,0.1997,0.1991,0.1991,634711.7
2026-09-01 02:30:00,0.1992,0.1998,0.1992,0.1997,374211.9
2026-09-01 02:35:00,0.1996,0.1998,0.1992,0.1992,172267.8
2026-09-01 02:40:00,0.1992,0.1997,0.1992,0.1994,122017.4
2026-09-01 02:45:00,0.1994,0.2003,0.1993,0.2,384730.0
2026-09-01 02:50:00,0.2001,0.2002,0.1999,0.2001,122714.6
2026-09-01 02:55:00,0.2001,0.2006,0.2001,0.2006,639911.8
2026-09-01 03:00:00,0.2005,0.2006,0.1999,0.2,160231.5
2026-09-01 03:05:00,0.1999,0.2003,0.1998,0.2,93607.3
2026-09-01 03:10:00,0.2,0.2004,0.1999,0.2002,192138.9
2026-09-01 03:15:00,0.2003,0.2008,0.2003,0.2008,187315.1
2026-09-01 03:20:00,0.2008,0.2009,0.2002,0.2003,181118.1
2026-09-01 03:25:00,0.2002,0.2006,0.2,0.2003,1056410.4
2026-09-01 03:30:00,0.2004,0.2015,0.2003,0.2014,581406.2
2026-09-01 03:35:00,0.2014,0.2016,0.2012,0.2015,311124.7
2026-09-01 03:40:00,0.2014,0.2019,0.2014,0.2014,707728.5
2026-09-01 03:45:00,0.2015,0.2015,0.2007,0.2008,339641.2
2026-09-01 03:50:00,0.2009,0.2012,0.2008,0.2011,132498.5
2026-09-01 03:55:00,0.201,0.2011,0.2008,0.201,82873.5
2026-09-01 04:00:00,0.201,0.2012,0.2005,0.2006,221900.1
2026-09-01 04:05:00,0.2006,0.2008,0.2005,0.2008,161357.2
2026-09-01 04:10:00,0.2008,0.2009,0.2004,0.2007,310733.9
2026-09-01 04:15:00,0.2007,0.2013,0.2007,0.2009,195510.1
2026-09-01 04:20:00,0.201,0.2014,0.2009,0.2013,422234.6
2026-09-01 04:25:00,0.2013,0.2016,0.2013,0.2014,439422.0
2026-09-01 04:30:00,0.2015,0.2017,0.2013,0.2013,234819.8
2026-09-01 04:35:00,0.2013,0.2016,0.2012,0.2012,125488.0
2026-09-01 04:40:00,0.2012,0.2014,0.2011,0.2013,38946.3
2026-09-01 04:45:00,0.2012,0.2015,0.2011,0.2013,300101.8
2026-09-01 04:50:00,0.2013,0.2014,0.2009,0.201,443800.2
2026-09-01 04:55:00,0.201,0.2011,0.2006,0.201,450020.8
2026-09-01 05:00:00,0.201,0.2014,0.2009,0.2012,269689.0
2026-09-01 05:05:00,0.2012,0.2018,0.2011,0.2017,632994.5
2026-09-01 05:10:00,0.2017,0.2017,0.2013,0.2014,156769.6
2026-09-01 05:15:00,0.2014,0.2018,0.2012,0.2013,468706.3
2026-09-01 05:20:00,0.2013,0.2013,0.2008,0.201,79993.7
2026-09-01 05:25:00,0.201,0.2017,0.2008,0.2017,227450.7
2026-09-01 05:30:00,0.2017,0.2025,0.2016,0.2023,655315.9
2026-09-01 05:35:00,0.2024,0.2028,0.2019,0.2021,933703.0
2026-09-01 05:40:00,0.2021,0.2028,0.2018,0.2027,344644.4
2026-09-01 05:45:00,0.2028,0.2029,0.2026,0.2029,283297.1
2026-09-01 05:50:00,0.2028,0.203,0.2026,0.2028,352425.1
2026-09-01 05:55:00,0.2029,0.203,0.2026,0.2028,587228.7
2026-09-01 06:00:00,0.2027,0.2028,0.202,0.2021,151808.4
2026-09-01 06:05:00,0.2021,0.2021,0.2017,0.2019,288732.8
2026-09-01 06:10:00,0.2019,0.2022,0.2017,0.2021,302841.4
2026-09-01 06:15:00,0.2021,0.2021,0.2015,0.2016,269687.5
2026-09-01 06:20:00,0.2015,0.2018,0.201,0.201,105648.8
2026-09-01 06:25:00,0.2011,0.2017,0.2009,0.2015,467827.3
2026-09-01 06:30:00,0.2016,0.2018,0.2014,0.2017,269892.3
2026-09-01 06:35:00,0.2017,0.2017,0.2014,0.2016,390145.6
2026-09-01 06:40:00,0.2017,0.2018,0.2015,0.2016,260583.1
2026-09-01 06:45:00,0.2016,0.2017,0.2012,0.2013,122099.8
2026-09-01 06:50:00,0.2012,0.2014,0.2006,0.2007,502280.6
2026-09-01 06:55:00,0.2007,0.2007,0.2004,0.2005,136989.9
2026-09-01 07:00:00,0.2004,0.2013,0.2002,0.2011,475745.4
2026-09-01 07:05:00,0.2011,0.2013,0.201,0.2012,78207.6
2026-09-01 07:10:00,0.2011,0.2013,0.2008,0.2011,267172.0
2026-09-01 07:15:00,0.2012,0.2014,0.2011,0.2013,191657.7
2026-09-01 07:20:00,0.2012,0.2015,0.2011,0.2014,100767.9
2026-09-01 07:25:00,0.2014,0.2017,0.2011,0.2013,242403.9
2026-09-01 07:30:00,0.2013,0.2014,0.201,0.2011,120226.9
2026-09-01 07:35:00,0.201,0.201,0.2001,0.2003,480444.3
2026-09-01 07:40:00,0.2002,0.2002,0.1998,0.2001,749485.7
2026-09-01 07:45:00,0.2001,0.2004,0.1997,0.2004,202146.7
2026-09-01 07:50:00,0.2004,0.2006,0.2002,0.2005,153098.2
2026-09-01 07:55:00,0.2004,0.2006,0.2003,0.2006,76966.8
2026-09-01 08:00:00,0.2006,0.2006,0.2,0.2001,256672.7
2026-09-01 08:05:00,0.2001,0.2002,0.1985,0.1987,1386231.6
2026-09-01 08:10:00,0.1988,0.199,0.1984,0.1987,663059.2
2026-09-01 08:15:00,0.1987,0.1991,0.1979,0.1986,337079.5
2026-09-01 08:20:00,0.1986,0.1989,0.1982,0.1982,490000.2
2026-09-01 08:25:00,0.1982,0.1984,0.1968,0.1971,1127601.5
2026-09-01 08:30:00,0.197,0.1977,0.197,0.1976,437306.7
2026-09-01 08:35:00,0.1977,0.1981,0.1975,0.1975,518610.9
2026-09-01 08:40:00,0.1976,0.1976,0.1968,0.1974,560534.8
2026-09-01 08:45:00,0.1974,0.1978,0.1968,0.1969,507579.9
2026-09-01 08:50:00,0.197,0.1972,0.1966,0.1971,250753.2
2026-09-01 08:55:00,0.1971,0.1973,0.1967,0.1967,83093.5
2026-09-01 09:00:00,0.1968,0.1969,0.1961,0.1967,396725.8
2026-09-01 09:05:00,0.1968,0.1968,0.1962,0.1967,135185.6
2026-09-01 09:10:00,0.1967,0.1968,0.1964,0.1964,271113.7
2026-09-01 09:15:00,0.1963,0.1965,0.1961,0.1965,485164.6
2026-09-01 09:20:00,0.1965,0.1973,0.1963,0.1972,250000.0
2026-09-01 09:25:00,0.1972,0.1972,0.1969,0.1969,290253.7
2026-09-01 09:30:00,0.197,0.1971,0.1968,0.1971,374334.9
2026-09-01 09:35:00,0.1972,0.1972,0.1968,0.197,547591.3
2026-09-01 09:40:00,0.197,0.1975,0.197,0.1974,117618.3
2026-09-01 09:45:00,0.1974,0.1975,0.1968,0.1971,453126.5
2026-09-01 09:50:00,0.197,0.1973,0.197,0.1971,260693.7
2026-09-01 09:55:00,0.1972,0.1974,0.1971,0.1973,148204.8
2026-09-01 10:00:00,0.1973,0.1977,0.1972,0.1974,167288.0
2026-09-01 10:05:00,0.1975,0.1977,0.1973,0.1975,340262.6
2026-09-01 10:10:00,0.1974,0.198,0.1973,0.1976,266174.9
2026-09-01 10:15:00,0.1977,0.1979,0.1972,0.1978,373169.9
2026-09-01 10:20:00,0.1978,0.1989,0.1978,0.1988,534826.5
2026-09-01 10:25:00,0.1988,0.1989,0.1985,0.1989,219366.0
2026-09-01 10:30:00,0.199,0.1998,0.1989,0.1994,377427.0
2026-09-01 10:35:00,0.1994,0.2,0.1991,0.1999,238053.5
2026-09-01 10:40:00,0.1999,0.2001,0.1993,0.1994,383674.1
2026-09-01 10:45:00,0.1994,0.1996,0.1992,0.1993,185810.1
2026-09-01 10:50:00,0.1993,0.1993,0.1989,0.199,380127.2
2026-09-01 10:55:00,0.1989,0.1993,0.1989,0.1991,97710.8
2026-09-01 11:00:00,0.1991,0.1991,0.1987,0.1988,436995.9
2026-09-01 11:05:00,0.1988,0.1989,0.1985,0.1988,194473.5
2026-09-01 11:10:00,0.1988,0.1989,0.1986,0.1986,36503.1
2026-09-01 11:15:00,0.1987,0.1988,0.1985,0.1988,43287.3
2026-09-01 11:20:00,0.1988,0.1991,0.1986,0.1991,101608.9
2026-09-01 11:25:00,0.1991,0.1993,0.1988,0.1993,118424.9
2026-09-01 11:30:00,0.1992,0.1995,0.1989,0.1994,239721.3
2026-09-01 11:35:00,0.1994,0.2,0.1994,0.1998,557365.8
2026-09-01 11:40:00,0.1998,0.2003,0.1998,0.2,384595.7
2026-09-01 11:45:00,0.2,0.2002,0.1997,0.1998,144180.2
2026-09-01 11:50:00,0.1998,0.2005,0.1997,0.2002,725072.8
2026-09-01 11:55:00,0.2002,0.2002,0.1995,0.1997,621261.9
2026-09-01 12:00:00,0.1997,0.1998,0.1991,0.1996,521057.3
2026-09-01 12:05:00,0.1995,0.1999,0.1992,0.1995,410968.5
2026-09-01 12:10:00,0.1995,0.1998,0.199,0.1992,177628.5
2026-09-01 12:15:00,0.1991,0.1998,0.1991,0.1991,110141.2
2026-09-01 12:20:00,0.1991,0.1994,0.1988,0.1989,462101.0
2026-09-01 12:25:00,0.199,0.1993,0.199,0.199,55922.8
2026-09-01 12:30:00,0.1989,0.199,0.1985,0.1988,168128.9
2026-09-01 12:35:00,0.1987,0.1987,0.1978,0.1983,487831.0
2026-09-01 12:40:00,0.1983,0.1988,0.1978,0.1988,200935.4
2026-09-01 12:45:00,0.1988,0.1994,0.1988,0.1988,255513.8
2026-09-01 12:50:00,0.1988,0.1991,0.1987,0.1988,215008.1
2026-09-01 12:55:00,0.1987,0.1989,0.1982,0.1984,449394.6
2026-09-01 13:00:00,0.1983,0.1984,0.1975,0.1977,454428.0
2026-09-01 13:05:00,0.1978,0.1982,0.1965,0.1977,1377109.6
2026-09-01 13:10:00,0.1976,0.1982,0.1976,0.1978,428637.1
2026-09-01 13:15:00,0.1978,0.1982,0.1974,0.1976,263864.2
2026-09-01 13:20:00,0.1976,0.1978,0.1976,0.1978,154470.0
2026-09-01 13:25:00,0.1977,0.198,0.1976,0.1978,397394.1
2026-09-01 13:30:00,0.1979,0.1988,0.1979,0.1984,747418.3
2026-09-01 13:35:00,0.1984,0.1985,0.1972,0.1974,599748.4
2026-09-01 13:40:00,0.1974,0.1986,0.1968,0.1982,739462.5
2026-09-01 13:45:00,0.1981,0.1994,0.1979,0.1989,562827.0
2026-09-01 13:50:00,0.199,0.1995,0.1986,0.199,614099.9
2026-09-01 13:55:00,0.199,0.199,0.1985,0.1989,133020.1
2026-09-01 14:00:00,0.199,0.1998,0.1987,0.1992,694132.1
2026-09-01 14:05:00,0.1992,0.2003,0.1991,0.2,733545.3
2026-09-01 14:10:00,0.2,0.2,0.1995,0.1997,769661.1
2026-09-01 14:15:00,0.1997,0.2002,0.1992,0.1995,333394.8
2026-09-01 14:20:00,0.1995,0.1996,0.1993,0.1996,698595.9
2026-09-01 14:25:00,0.1997,0.2002,0.1994,0.1995,369717.1
2026-09-01 14:30:00,0.1995,0.1999,0.1992,0.1998,387960.8
2026-09-01 14:35:00,0.1999,0.2002,0.1997,0.2,184881.3
2026-09-01 14:40:00,0.2,0.2003,0.1998,0.2002,279633.3
2026-09-01 14:45:00,0.2003,0.2005,0.2001,0.2001,196253.1
2026-09-01 14:50:00,0.2001,0.2002,0.1996,0.1999,478035.0
2026-09-01 14:55:00,0.1998,0.1999,0.1993,0.1996,928783.2
2026-09-01 15:00:00,0.1996,0.1996,0.198,0.1983,692063.9
2026-09-01 15:05:00,0.1982,0.1986,0.1977,0.1982,572180.9
2026-09-01 15:10:00,0.1982,0.1986,0.1979,0.1984,215828.4
2026-09-01 15:15:00,0.1983,0.1987,0.1981,0.1984,291147.2
2026-09-01 15:20:00,0.1984,0.1987,0.1983,0.1985,133889.1
2026-09-01 15:25:00,0.1986,0.1989,0.1984,0.1989,88995.0
2026-09-01 15:30:00,0.1989,0.1999,0.1985,0.1994,525771.0
2026-09-01 15:35:00,0.1994,0.2,0.1993,0.1997,140272.1
2026-09-01 15:40:00,0.1997,0.2001,0.1996,0.2001,109541.5
2026-09-01 15:45:00,0.2,0.2002,0.1998,0.2001,215654.7
2026-09-01 15:50:00,0.2002,0.2003,0.1997,0.1997,167011.0
2026-09-01 15:55:00,0.1998,0.1999,0.1994,0.1995,101711.2
2026-09-01 16:00:00,0.1994,0.1994,0.1986,0.1988,330740.7
2026-09-01 16:05:00,0.1988,0.1994,0.1982,0.1983,426317.9
2026-09-01 16:10:00,0.1982,0.1986,0.1978,0.1979,104118.5
2026-09-01 16:15:00,0.1979,0.1985,0.1974,0.1974,303212.7
2026-09-01 16:20:00,0.1975,0.1975,0.1967,0.197,307902.6
2026-09-01 16:25:00,0.197,0.1978,0.1969,0.1974,366288.3
2026-09-01 16:30:00,0.1974,0.1976,0.1968,0.1969,415859.1
2026-09-01 16:35:00,0.197,0.1972,0.1955,0.1971,1650826.2
2026-09-01 16:40:00,0.1972,0.1976,0.1966,0.1968,364589.1
2026-09-01 16:45:00,0.1969,0.1976,0.1969,0.1974,299044.2
2026-09-01 16:50:00,0.1975,0.1977,0.1973,0.1976,95306.0
2026-09-01 16:55:00,0.1976,0.1976,0.1972,0.1973,268973.8
2026-09-01 17:00:00,0.1973,0.1979,0.1972,0.1976,677791.1
2026-09-01 17:05:00,0.1976,0.1977,0.1974,0.1975,199428.3
2026-09-01 17:10:00,0.1975,0.1977,0.1973,0.1976,163820.2
2026-09-01 17:15:00,0.1976,0.1977,0.197,0.1977,238857.3
2026-09-01 17:20:00,0.1977,0.199,0.1977,0.1986,768053.7
2026-09-01 17:25:00,0.1986,0.1988,0.1981,0.1983,550146.2
2026-09-01 17:30:00,0.1984,0.1992,0.1983,0.199,495557.7
2026-09-01 17:35:00,0.1991,0.1991,0.1985,0.1988,248398.9
2026-09-01 17:40:00,0.1987,0.199,0.1984,0.1984,297709.1
2026-09-01 17:45:00,0.1983,0.1984,0.1974,0.1981,610001.8
2026-09-01 17:50:00,0.1981,0.1982,0.1973,0.1973,138554.4
2026-09-01 17:55:00,0.1973,0.1975,0.1969,0.1973,584061.7
2026-09-01 18:00:00,0.1974,0.1978,0.197,0.1972,413728.1
2026-09-01 18:05:00,0.1972,0.1972,0.196,0.1961,331795.8
2026-09-01 18:10:00,0.1961,0.1965,0.196,0.1962,401591.9
2026-09-01 18:15:00,0.1962,0.1963,0.1953,0.1956,546432.9
2026-09-01 18:20:00,0.1955,0.1958,0.1955,0.1956,238472.2
2026-09-01 18:25:00,0.1955,0.1956,0.1941,0.1956,1598941.4
2026-09-01 18:30:00,0.1956,0.1961,0.195,0.1952,504457.1
2026-09-01 18:35:00,0.1951,0.1953,0.1937,0.1942,1209552.7
2026-09-01 18:40:00,0.1942,0.1947,0.1938,0.1938,782175.9
2026-09-01 18:45:00,0.1938,0.195,0.1936,0.195,795373.9
2026-09-01 18:50:00,0.1949,0.1964,0.1949,0.1958,578956.8
2026-09-01 18:55:00,0.1958,0.1966,0.1957,0.1965,280650.1
2026-09-01 19:00:00,0.1965,0.1974,0.1964,0.1973,969883.6
2026-09-01 19:05:00,0.1974,0.1974,0.1958,0.1959,351330.8
2026-09-01 19:10:00,0.1959,0.1962,0.1958,0.1959,216675.7
2026-09-01 19:15:00,0.196,0.1966,0.1957,0.1959,785198.2
2026-09-01 19:20:00,0.196,0.1972,0.1959,0.1966,527089.3
2026-09-01 19:25:00,0.1966,0.1975,0.1966,0.1975,451033.0
2026-09-01 19:30:00,0.1975,0.1975,0.1967,0.1969,115248.1
2026-09-01 19:35:00,0.1969,0.197,0.1963,0.1965,73385.5
2026-09-01 19:40:00,0.1965,0.1967,0.1964,0.1966,73457.6
2026-09-01 19:45:00,0.1966,0.1967,0.1963,0.1964,401941.6
2026-09-01 19:50:00,0.1964,0.1964,0.1961,0.1962,90388.0
2026-09-01 19:55:00,0.1962,0.1965,0.1962,0.1964,242054.3
2026-09-01 20:00:00,0.1965,0.1968,0.1959,0.1961,721329.4
2026-09-01 20:05:00,0.1962,0.1968,0.1962,0.1963,131922.7
2026-09-01 20:10:00,0.1963,0.1966,0.1962,0.1965,371412.2
2026-09-01 20:15:00,0.1965,0.1968,0.196,0.1967,227762.3
2026-09-01 20:20:00,0.1967,0.1968,0.196,0.1961,141132.4
2026-09-01 20:25:00,0.196,0.1962,0.1958,0.1961,517276.4
2026-09-01 20:30:00,0.1962,0.1964,0.196,0.1964,251981.4
2026-09-01 20:35:00,0.1964,0.1967,0.1961,0.1962,436158.8
2026-09-01 20:40:00,0.1962,0.1962,0.1955,0.1956,328638.8
2026-09-01 20:45:00,0.1957,0.1958,0.1953,0.1953,141419.5
2026-09-01 20:50:00,0.1954,0.1962,0.1954,0.1961,364302.9
2026-09-01 20:55:00,0.1961,0.1965,0.196,0.1965,129703.7
2026-09-01 21:00:00,0.1966,0.1969,0.196,0.1963,994133.1
2026-09-01 21:05:00,0.1963,0.1963,0.1956,0.1956,337601.0
2026-09-01 21:10:00,0.1955,0.1955,0.1948,0.1949,420942.5
2026-09-01 21:15:00,0.1949,0.1951,0.1941,0.195,895422.9
2026-09-01 21:20:00,0.195,0.1958,0.195,0.1956,271670.0
2026-09-01 21:25:00,0.1957,0.1962,0.1956,0.1957,162204.2
2026-09-01 21:30:00,0.1958,0.1958,0.195,0.195,203725.8
2026-09-01 21:35:00,0.195,0.1955,0.195,0.1955,109924.1
2026-09-01 21:40:00,0.1955,0.1955,0.1953,0.1955,78105.9
2026-09-01 21:45:00,0.1955,0.1962,0.1954,0.1961,152953.3
2026-09-01 21:50:00,0.196,0.1962,0.1958,0.196,174290.4
2026-09-01 21:55:00,0.196,0.1961,0.1954,0.1956,267832.7
2026-09-01 22:00:00,0.1956,0.1963,0.1954,0.196,259931.0
2026-09-01 22:05:00,0.1959,0.196,0.1956,0.196,267042.9
2026-09-01 22:10:00,0.1961,0.1963,0.1958,0.1959,177561.2
2026-09-01 22:15:00,0.1959,0.1959,0.1955,0.1956,215076.8
2026-09-01 22:20:00,0.1956,0.1956,0.195,0.1953,326322.5
2026-09-01 22:25:00,0.1952,0.1953,0.1949,0.1949,149988.5
2026-09-01 22:30:00,0.1949,0.1953,0.1948,0.195,252611.1
2026-09-01 22:35:00,0.195,0.1952,0.1948,0.1948,360360.2
2026-09-01 22:40:00,0.1949,0.1949,0.1945,0.1948,353933.1
2026-09-01 22:45:00,0.1948,0.1957,0.1948,0.1957,143165.4
2026-09-01 22:50:00,0.1957,0.1959,0.1955,0.1955,485620.3
2026-09-01 22:55:00,0.1955,0.1956,0.1952,0.1952,30962.2
2026-09-01 23:00:00,0.1952,0.1956,0.1952,0.1953,345267.6
2026-09-01 23:05:00,0.1953,0.1959,0.1952,0.1958,69949.2
2026-09-01 23:10:00,0.1957,0.1958,0.1954,0.1954,171589.9
2026-09-01 23:15:00,0.1955,0.1957,0.1954,0.1957,22158.2
2026-09-01 23:20:00,0.1957,0.1958,0.1955,0.1956,36531.2
2026-09-01 23:25:00,0.1956,0.1959,0.1953,0.1959,276238.1
2026-09-01 23:30:00,0.196,0.1965,0.1959,0.1961,339497.5
2026-09-01 23:35:00,0.1962,0.1968,0.1962,0.1966,104667.5
2026-09-01 23:40:00,0.1967,0.1968,0.1965,0.1965,194531.5
2026-09-01 23:45:00,0.1965,0.197,0.1964,0.1969,322393.8
2026-09-01 23:50:00,0.197,0.197,0.1963,0.1966,411678.6
2026-09-01 23:55:00,0.1966,0.1967,0.1965,0.1967,83794.7
2026-09-02 00:00:00,0.1967,0.1971,0.1966,0.1969,272602.7
2026-09-02 00:05:00,0.1969,0.1972,0.1968,0.197,237442.4
2026-09-02 00:10:00,0.197,0.1973,0.1969,0.1973,172209.9
2026-09-02 00:15:00,0.1973,0.1975,0.1972,0.1972,195991.7
2026-09-02 00:20:00,0.1972,0.1973,0.1968,0.1971,276688.1
2026-09-02 00:25:00,0.1971,0.1971,0.1965,0.1966,122529.4
2026-09-02 00:30:00,0.1967,0.1975,0.1965,0.1971,566729.5
2026-09-02 00:35:00,0.1972,0.1972,0.1966,0.1967,196830.2
2026-09-02 00:40:00,0.1966,0.1967,0.1963,0.1964,144980.6
2026-09-02 00:45:00,0.1964,0.1966,0.1964,0.1966,154687.7
2026-09-02 00:50:00,0.1965,0.1966,0.1962,0.1962,34202.5
2026-09-02 00:55:00,0.1961,0.1966,0.1961,0.1963,150344.3
2026-09-02 01:00:00,0.1962,0.1964,0.196,0.196,114700.4
2026-09-02 01:05:00,0.196,0.1962,0.1957,0.1961,249342.6
2026-09-02 01:10:00,0.1962,0.1968,0.1962,0.1966,256647.0
2026-09-02 01:15:00,0.1966,0.1968,0.1962,0.1966,368952.3
2026-09-02 01:20:00,0.1965,0.1967,0.1962,0.1967,200340.4
2026-09-02 01:25:00,0.1968,0.1968,0.1958,0.1958,427084.2
2026-09-02 01:30:00,0.1958,0.1962,0.1955,0.1957,455612.0
2026-09-02 01:35:00,0.1957,0.1957,0.1946,0.1946,1060591.6
2026-09-02 01:40:00,0.1946,0.1948,0.194,0.1943,741927.9
2026-09-02 01:45:00,0.1944,0.1948,0.1938,0.1939,742364.7
2026-09-02 01:50:00,0.1939,0.194,0.1931,0.1939,784591.8
2026-09-02 01:55:00,0.1938,0.1948,0.1938,0.1946,150917.5
2026-09-02 02:00:00,0.1946,0.1949,0.1943,0.1944,299099.3
2026-09-02 02:05:00,0.1944,0.1958,0.1944,0.1951,469176.0
2026-09-02 02:10:00,0.1951,0.1958,0.195,0.1955,368719.4
2026-09-02 02:15:00,0.1955,0.1961,0.1955,0.1961,407250.9
2026-09-02 02:20:00,0.1961,0.197,0.1961,0.1969,318730.0
2026-09-02 02:25:00,0.197,0.1972,0.1967,0.1971,608228.6
2026-09-02 02:30:00,0.1972,0.1972,0.1967,0.1972,354599.2
2026-09-02 02:35:00,0.1972,0.1974,0.1969,0.1973,315053.4
2026-09-02 02:40:00,0.1974,0.1975,0.1971,0.1973,552951.8
2026-09-02 02:45:00,0.1972,0.1974,0.1971,0.1974,93777.3
2026-09-02 02:50:00,0.1974,0.1975,0.1972,0.1972,115008.7
2026-09-02 02:55:00,0.1972,0.1973,0.1971,0.1973,36502.3
2026-09-02 03:00:00,0.1974,0.1982,0.1972,0.1978,391911.0
2026-09-02 03:05:00,0.1978,0.1979,0.1975,0.1975,148047.6
2026-09-02 03:10:00,0.1976,0.1983,0.1976,0.1981,185791.8
2026-09-02 03:15:00,0.1982,0.1985,0.1979,0.1981,96526.0
2026-09-02 03:20:00,0.1982,0.1986,0.1982,0.1985,73071.2
2026-09-02 03:25:00,0.1985,0.1991,0.1985,0.1986,316896.7
2026-09-02 03:30:00,0.1987,0.1987,0.1981,0.1981,182001.5
2026-09-02 03:35:00,0.1981,0.1981,0.1977,0.1981,211852.2
2026-09-02 03:40:00,0.1981,0.1982,0.1976,0.1978,213099.0
2026-09-02 03:45:00,0.1978,0.1982,0.1978,0.198,198353.4
2026-09-02 03:50:00,0.198,0.198,0.1973,0.1975,616975.6
2026-09-02 03:55:00,0.1976,0.1977,0.1973,0.1977,297031.6
2026-09-02 04:00:00,0.1976,0.1976,0.1971,0.1974,786304.1
2026-09-02 04:05:00,0.1973,0.1974,0.1965,0.1965,601750.1
2026-09-02 04:10:00,0.1965,0.1965,0.196,0.1965,482407.4
2026-09-02 04:15:00,0.1964,0.1967,0.1959,0.1966,480563.0
2026-09-02 04:20:00,0.1967,0.1971,0.1966,0.1969,632826.9
2026-09-02 04:25:00,0.1969,0.1969,0.1965,0.1967,70011.9
2026-09-02 04:30:00,0.1967,0.1974,0.1966,0.1973,491317.2
2026-09-02 04:35:00,0.1974,0.1975,0.197,0.1975,91956.3
2026-09-02 04:40:00,0.1976,0.1976,0.1972,0.1975,177779.0
2026-09-02 04:45:00,0.1974,0.1976,0.1974,0.1976,120430.1
2026-09-02 04:50:00,0.1977,0.1977,0.1974,0.1974,19066.3
2026-09-02 04:55:00,0.1973,0.1975,0.1971,0.1974,348878.7
2026-09-02 05:00:00,0.1974,0.1975,0.1967,0.1967,206228.1
2026-09-02 05:05:00,0.1967,0.1968,0.1964,0.1968,144725.4
2026-09-02 05:10:00,0.1968,0.1976,0.1968,0.1974,386933.7
2026-09-02 05:15:00,0.1975,0.1984,0.1974,0.1981,1034010.7
2026-09-02 05:20:00,0.1981,0.1988,0.198,0.1988,276274.9
2026-09-02 05:25:00,0.1988,0.1993,0.1986,0.1991,540066.9
2026-09-02 05:30:00,0.199,0.1991,0.1986,0.1987,186404.2
2026-09-02 05:35:00,0.1987,0.1988,0.1985,0.1986,48022.4
2026-09-02 05:40:00,0.1987,0.1989,0.1985,0.1985,129921.3
2026-09-02 05:45:00,0.1985,0.1989,0.1985,0.1988,186792.6
2026-09-02 05:50:00,0.1989,0.1991,0.1987,0.1989,504406.2
2026-09-02 05:55:00,0.1989,0.1989,0.1986,0.1987,339948.7
2026-09-02 06:00:00,0.1987,0.199,0.1986,0.1987,285541.7
2026-09-02 06:05:00,0.1987,0.1987,0.1984,0.1985,225606.8
2026-09-02 06:10:00,0.1985,0.1987,0.1979,0.1981,303342.3
2026-09-02 06:15:00,0.1981,0.1981,0.1975,0.1975,131259.5
2026-09-02 06:20:00,0.1976,0.1979,0.1975,0.1976,198916.0
2026-09-02 06:25:00,0.1976,0.198,0.1971,0.1972,450790.3
2026-09-02 06:30:00,0.1971,0.1973,0.197,0.1973,315218.2
2026-09-02 06:35:00,0.1973,0.198,0.1973,0.198,160113.4
2026-09-02 06:40:00,0.1981,0.1985,0.198,0.198,299137.3
2026-09-02 06:45:00,0.198,0.198,0.1978,0.1978,58852.7
2026-09-02 06:50:00,0.1977,0.1978,0.1974,0.1974,51845.5
2026-09-02 06:55:00,0.1974,0.1977,0.1973,0.1976,54491.8
2026-09-02 07:00:00,0.1977,0.1981,0.1976,0.1979,127365.7
2026-09-02 07:05:00,0.1978,0.198,0.1975,0.1979,228123.5
2026-09-02 07:10:00,0.198,0.1985,0.1979,0.1981,180007.0
2026-09-02 07:15:00,0.198,0.198,0.1975,0.1977,100746.9
2026-09-02 07:20:00,0.1976,0.1978,0.1974,0.1976,72921.3
2026-09-02 07:25:00,0.1975,0.1975,0.1971,0.1972,131165.4
2026-09-02 07:30:00,0.1972,0.1976,0.1972,0.1974,39199.7
2026-09-02 07:35:00,0.1975,0.1975,0.1973,0.1974,38211.8
2026-09-02 07:40:00,0.1974,0.1976,0.1971,0.1971,641637.5
2026-09-02 07:45:00,0.197,0.1975,0.1969,0.1969,324248.3
2026-09-02 07:50:00,0.197,0.1972,0.1968,0.1969,148140.8
2026-09-02 07:55:00,0.1969,0.197,0.1966,0.1969,122590.1
2026-09-02 08:00:00,0.1969,0.197,0.1963,0.1969,209761.9
2026-09-02 08:05:00,0.197,0.1972,0.197,0.197,98678.8
2026-09-02 08:10:00,0.1971,0.1971,0.1967,0.1967,147066.7
2026-09-02 08:15:00,0.1967,0.1971,0.1967,0.1969,413152.5
2026-09-02 08:20:00,0.1968,0.1968,0.1964,0.1965,115371.5
2026-09-02 08:25:00,0.1965,0.1966,0.1959,0.1959,359661.6
2026-09-02 08:30:00,0.196,0.196,0.1954,0.1955,222751.2
2026-09-02 08:35:00,0.1956,0.1959,0.1953,0.1954,158963.5
2026-09-02 08:40:00,0.1953,0.1953,0.1947,0.1948,257912.9
2026-09-02 08:45:00,0.1948,0.1952,0.1947,0.1951,353973.4
2026-09-02 08:50:00,0.195,0.1951,0.1945,0.1945,313336.4
2026-09-02 08:55:00,0.1946,0.1949,0.1944,0.1947,854717.1
2026-09-02 09:00:00,0.1948,0.1957,0.1948,0.1955,361966.6
2026-09-02 09:05:00,0.1955,0.1957,0.1954,0.1955,322160.9
2026-09-02 09:10:00,0.1954,0.1954,0.195,0.1951,244381.8
2026-09-02 09:15:00,0.1951,0.1953,0.1948,0.1952,196027.1
2026-09-02 09:20:00,0.1952,0.1957,0.194,0.1947,1719638.2
2026-09-02 09:25:00,0.1948,0.1955,0.1948,0.1955,171286.1
2026-09-02 09:30:00,0.1955,0.1955,0.1943,0.1946,421839.5
2026-09-02 09:35:00,0.1945,0.1946,0.1937,0.1938,392022.4
2026-09-02 09:40:00,0.1938,0.194,0.1936,0.1938,486113.6
2026-09-02 09:45:00,0.1937,0.1942,0.1934,0.1941,945461.8
2026-09-02 09:50:00,0.1941,0.1943,0.1941,0.1941,307096.3
2026-09-02 09:55:00,0.1941,0.1943,0.1941,0.1943,445312.0
2026-09-02 10:00:00,0.1943,0.1943,0.1936,0.1937,543641.0
2026-09-02 10:05:00,0.1936,0.1937,0.193,0.1934,726450.3
2026-09-02 10:10:00,0.1934,0.1936,0.1931,0.1936,219263.8
2026-09-02 10:15:00,0.1936,0.1939,0.1934,0.1939,221301.3
2026-09-02 10:20:00,0.1938,0.1941,0.1936,0.1936,443874.6
2026-09-02 10:25:00,0.1937,0.1938,0.1935,0.1935,238800.5
2026-09-02 10:30:00,0.1934,0.1936,0.193,0.1931,1274717.4
2026-09-02 10:35:00,0.1931,0.1935,0.193,0.1931,999602.6
2026-09-02 10:40:00,0.1931,0.1931,0.1927,0.193,322623.0
2026-09-02 10:45:00,0.1929,0.193,0.1922,0.1924,875194.3
2026-09-02 10:50:00,0.1923,0.193,0.192,0.193,1347336.1
2026-09-02 10:55:00,0.193,0.1938,0.1929,0.1938,399535.8
2026-09-02 11:00:00,0.1938,0.1938,0.1931,0.1932,315165.6
2026-09-02 11:05:00,0.1931,0.194,0.193,0.1939,264872.9
2026-09-02 11:10:00,0.1938,0.1939,0.1934,0.1939,155379.5
2026-09-02 11:15:00,0.1938,0.194,0.1932,0.1933,123452.5
2026-09-02 11:20:00,0.1933,0.1934,0.193,0.1932,131203.9
2026-09-02 11:25:00,0.1932,0.1937,0.193,0.1936,187396.8
2026-09-02 11:30:00,0.1936,0.1942,0.1935,0.1942,195092.3
2026-09-02 11:35:00,0.1942,0.1947,0.1941,0.1947,237645.4
2026-09-02 11:40:00,0.1946,0.1949,0.1946,0.1946,293525.4
2026-09-02 11:45:00,0.1946,0.1948,0.1944,0.1946,170259.8
2026-09-02 11:50:00,0.1946,0.1949,0.1946,0.1947,87234.4
2026-09-02 11:55:00,0.1947,0.1951,0.1947,0.195,429042.1
2026-09-02 12:00:00,0.195,0.195,0.1947,0.1948,507556.5
2026-09-02 12:05:00,0.1949,0.1951,0.1947,0.1948,778293.9
2026-09-02 12:10:00,0.1949,0.1951,0.1948,0.1949,81104.6
2026-09-02 12:15:00,0.1949,0.1952,0.1945,0.1948,1020410.9
2026-09-02 12:20:00,0.1947,0.1955,0.1946,0.1951,753916.9
2026-09-02 12:25:00,0.1951,0.1953,0.195,0.1953,166834.5
2026-09-02 12:30:00,0.1952,0.1952,0.195,0.1951,169860.7
2026-09-02 12:35:00,0.195,0.1951,0.1946,0.1947,228539.1
2026-09-02 12:40:00,0.1947,0.1949,0.1946,0.1947,110084.3
2026-09-02 12:45:00,0.1946,0.1948,0.1944,0.1945,129541.4
2026-09-02 12:50:00,0.1945,0.1946,0.1942,0.1942,83523.7
2026-09-02 12:55:00,0.1942,0.1943,0.1939,0.1941,132152.2
2026-09-02 13:00:00,0.1941,0.1949,0.1941,0.1948,636470.3
2026-09-02 13:05:00,0.1948,0.195,0.1946,0.1947,199025.2
2026-09-02 13:10:00,0.1946,0.1946,0.1942,0.1942,118952.2
2026-09-02 13:15:00,0.1942,0.1947,0.1942,0.1947,226261.2
2026-09-02 13:20:00,0.1947,0.1948,0.1942,0.1943,105224.9
2026-09-02 13:25:00,0.1942,0.1946,0.1941,0.1943,178795.1
2026-09-02 13:30:00,0.1943,0.1943,0.1938,0.194,367270.2
2026-09-02 13:35:00,0.1941,0.1941,0.1937,0.1941,367292.0
2026-09-02 13:40:00,0.1941,0.1968,0.1941,0.1968,1006838.2
2026-09-02 13:45:00,0.1969,0.1973,0.196,0.1961,2055678.6
2026-09-02 13:50:00,0.1962,0.1968,0.1959,0.1963,693954.2
2026-09-02 13:55:00,0.1963,0.1965,0.196,0.1965,571597.2
2026-09-02 14:00:00,0.1965,0.1967,0.196,0.1963,647811.3
2026-09-02 14:05:00,0.1963,0.197,0.1962,0.1966,264027.6
2026-09-02 14:10:00,0.1966,0.197,0.1963,0.1967,110318.3
2026-09-02 14:15:00,0.1967,0.1968,0.1961,0.1966,124245.2
2026-09-02 14:20:00,0.1966,0.1973,0.1964,0.1965,374268.8
2026-09-02 14:25:00,0.1964,0.1964,0.1959,0.1964,138973.6
2026-09-02 14:30:00,0.1963,0.1964,0.1956,0.1958,362020.1
2026-09-02 14:35:00,0.1958,0.196,0.1957,0.1958,169385.9
2026-09-02 14:40:00,0.1959,0.1966,0.1958,0.1966,625842.0
2026-09-02 14:45:00,0.1967,0.1968,0.196,0.1961,326537.8
2026-09-02 14:50:00,0.1961,0.1962,0.1954,0.1956,272143.6
2026-09-02 14:55:00,0.1957,0.196,0.1953,0.1953,244608.9
2026-09-02 15:00:00,0.1953,0.1962,0.1946,0.1958,444766.4
2026-09-02 15:05:00,0.1957,0.1962,0.195,0.1953,336865.8
2026-09-02 15:10:00,0.1952,0.1952,0.1943,0.1945,399758.5
2026-09-02 15:15:00,0.1946,0.1957,0.1945,0.1956,204053.9
2026-09-02 15:20:00,0.1957,0.1957,0.1948,0.1951,261543.3
2026-09-02 15:25:00,0.1952,0.1956,0.1949,0.1952,633418.1
2026-09-02 15:30:00,0.1952,0.1966,0.1949,0.1964,229661.1
2026-09-02 15:35:00,0.1963,0.1967,0.196,0.1961,215171.7
2026-09-02 15:40:00,0.196,0.1967,0.1958,0.1965,421575.2
2026-09-02 15:45:00,0.1966,0.1966,0.1959,0.196,386384.2
2026-09-02 15:50:00,0.1961,0.1962,0.1957,0.196,116518.6
2026-09-02 15:55:00,0.1961,0.1964,0.196,0.1964,369706.8
2026-09-02 16:00:00,0.1963,0.1963,0.196,0.1962,157405.1
2026-09-02 16:05:00,0.1963,0.1969,0.196,0.1964,285724.4
2026-09-02 16:10:00,0.1964,0.1971,0.1964,0.1968,553548.3
2026-09-02 16:15:00,0.1967,0.1968,0.1963,0.1968,488548.3
2026-09-02 16:20:00,0.1968,0.1971,0.1966,0.1971,293160.4
2026-09-02 16:25:00,0.197,0.1971,0.1967,0.1967,321096.4
2026-09-02 16:30:00,0.1968,0.1971,0.1968,0.1969,193677.1
2026-09-02 16:35:00,0.1969,0.1969,0.1961,0.1966,327504.5
2026-09-02 16:40:00,0.1965,0.1965,0.1961,0.1961,710819.1
2026-09-02 16:45:00,0.1961,0.1964,0.1959,0.1963,130955.0
2026-09-02 16:50:00,0.1963,0.1963,0.1961,0.1961,16526.5
2026-09-02 16:55:00,0.1962,0.1962,0.1958,0.1958,393432.6
2026-09-02 17:00:00,0.1959,0.1961,0.1954,0.1955,395073.3
2026-09-02 17:05:00,0.1956,0.1956,0.1945,0.1949,849152.4
2026-09-02 17:10:00,0.1949,0.1954,0.1948,0.1953,753487.7
2026-09-02 17:15:00,0.1952,0.1954,0.1945,0.1948,200379.6
2026-09-02 17:20:00,0.1948,0.1953,0.1945,0.1952,227421.3
2026-09-02 17:25:00,0.1953,0.1956,0.1951,0.1955,102641.2
2026-09-02 17:30:00,0.1956,0.1959,0.1954,0.1959,253504.8
2026-09-02 17:35:00,0.1958,0.1959,0.1956,0.1957,146536.8
2026-09-02 17:40:00,0.1957,0.1963,0.1956,0.1962,281809.4
2026-09-02 17:45:00,0.1963,0.197,0.1963,0.1969,175344.9
2026-09-02 17:50:00,0.1969,0.197,0.1965,0.1967,184834.7
2026-09-02 17:55:00,0.1967,0.1968,0.1965,0.1966,140249.9
2026-09-02 18:00:00,0.1966,0.1967,0.1963,0.1965,319184.5
2026-09-02 18:05:00,0.1965,0.1968,0.1963,0.1968,296301.6
2026-09-02 18:10:00,0.1968,0.1969,0.1967,0.1969,113694.1
2026-09-02 18:15:00,0.197,0.1975,0.1966,0.1968,457842.9
2026-09-02 18:20:00,0.1968,0.1972,0.1967,0.1972,361251.0
2026-09-02 18:25:00,0.1972,0.1977,0.1971,0.1972,612358.9
2026-09-02 18:30:00,0.1971,0.1973,0.197,0.197,291596.5
2026-09-02 18:35:00,0.1971,0.1971,0.1966,0.1967,107169.0
2026-09-02 18:40:00,0.1966,0.197,0.1965,0.1968,533171.5
2026-09-02 18:45:00,0.1969,0.1973,0.1967,0.1973,160697.0
2026-09-02 18:50:00,0.1972,0.1972,0.1969,0.1972,503160.4
2026-09-02 18:55:00,0.1972,0.1973,0.1969,0.1971,55207.8
2026-09-02 19:00:00,0.197,0.1971,0.1966,0.1967,103921.4
2026-09-02 19:05:00,0.1967,0.197,0.1967,0.197,33306.0
2026-09-02 19:10:00,0.197,0.1972,0.1968,0.1971,202812.7
2026-09-02 19:15:00,0.1971,0.1973,0.1968,0.197,384854.9
2026-09-02 19:20:00,0.197,0.1973,0.1969,0.197,175792.7
2026-09-02 19:25:00,0.1969,0.1971,0.1966,0.1966,215685.9
2026-09-02 19:30:00,0.1966,0.197,0.1964,0.1967,385491.5
2026-09-02 19:35:00,0.1967,0.1969,0.1964,0.1969,98750.8
2026-09-02 19:40:00,0.1968,0.1969,0.1968,0.1968,111217.6
2026-09-02 19:45:00,0.1969,0.197,0.1967,0.1967,61528.3
2026-09-02 19:50:00,0.1967,0.1972,0.1967,0.1969,358888.6
2026-09-02 19:55:00,0.197,0.1974,0.1968,0.1973,231532.5
2026-09-02 20:00:00,0.1973,0.1986,0.1973,0.1984,768378.1
2026-09-02 20:05:00,0.1985,0.1991,0.1984,0.1987,661252.8
2026-09-02 20:10:00,0.1988,0.1989,0.1981,0.1984,602682.9
2026-09-02 20:15:00,0.1983,0.1983,0.1975,0.1978,590250.8
2026-09-02 20:20:00,0.1979,0.1988,0.1979,0.1987,556717.9
2026-09-02 20:25:00,0.1987,0.1987,0.1979,0.1979,59936.0
2026-09-02 20:30:00,0.1978,0.1983,0.1977,0.1983,569246.6
2026-09-02 20:35:00,0.1983,0.1987,0.1982,0.1985,507538.2
2026-09-02 20:40:00,0.1984,0.1984,0.198,0.1982,742607.5
2026-09-02 20:45:00,0.1981,0.1988,0.198,0.1985,993581.5
2026-09-02 20:50:00,0.1985,0.199,0.1984,0.1985,588457.4
2026-09-02 20:55:00,0.1986,0.1987,0.1984,0.1984,85863.7
2026-09-02 21:00:00,0.1983,0.1985,0.1981,0.1981,109702.7
2026-09-02 21:05:00,0.1981,0.1983,0.198,0.1982,122232.5
2026-09-02 21:10:00,0.1982,0.1984,0.1982,0.1982,212738.2
2026-09-02 21:15:00,0.1982,0.1984,0.1982,0.1983,154104.7
2026-09-02 21:20:00,0.1983,0.1986,0.1982,0.1985,180408.0
2026-09-02 21:25:00,0.1986,0.1986,0.1982,0.1982,379220.7
2026-09-02 21:30:00,0.1983,0.1984,0.1981,0.1982,222238.8
2026-09-02 21:35:00,0.1982,0.1989,0.1982,0.1989,134806.2
2026-09-02 21:40:00,0.1989,0.1996,0.1989,0.1994,1107067.2
2026-09-02 21:45:00,0.1995,0.1995,0.1989,0.1989,142353.7
2026-09-02 21:50:00,0.199,0.1992,0.1988,0.1991,110871.7
2026-09-02 21:55:00,0.1991,0.1994,0.1989,0.1989,289631.9
2026-09-02 22:00:00,0.199,0.1991,0.1987,0.1988,408177.9
2026-09-02 22:05:00,0.1987,0.1987,0.1983,0.1983,147363.4
2026-09-02 22:10:00,0.1983,0.1983,0.1981,0.1982,267524.8
2026-09-02 22:15:00,0.1982,0.1984,0.198,0.198,154721.7
2026-09-02 22:20:00,0.198,0.198,0.1975,0.1975,150675.6
2026-09-02 22:25:00,0.1976,0.1977,0.1975,0.1975,202540.2
2026-09-02 22:30:00,0.1976,0.198,0.1976,0.1979,148534.8
2026-09-02 22:35:00,0.1979,0.1984,0.1979,0.1983,174643.7
2026-09-02 22:40:00,0.1984,0.1988,0.1984,0.1988,102656.0
2026-09-02 22:45:00,0.1987,0.1988,0.1985,0.1987,272879.6
2026-09-02 22:50:00,0.1987,0.1988,0.1984,0.1985,291653.7
2026-09-02 22:55:00,0.1985,0.199,0.1982,0.1989,825021.0
2026-09-02 23:00:00,0.199,0.1992,0.1984,0.1992,348613.8
2026-09-02 23:05:00,0.1992,0.1999,0.1991,0.1998,220260.0
2026-09-02 23:10:00,0.1999,0.1999,0.1993,0.1996,126711.5
2026-09-02 23:15:00,0.1996,0.1998,0.1993,0.1998,255495.4
2026-09-02 23:20:00,0.1998,0.2009,0.1998,0.2003,627153.4
2026-09-02 23:25:00,0.2002,0.2006,0.2001,0.2005,615597.3
2026-09-02 23:30:00,0.2006,0.2011,0.1997,0.1999,880230.4
2026-09-02 23:35:00,0.1998,0.1999,0.1996,0.1998,470888.9
2026-09-02 23:40:00,0.1998,0.1999,0.1995,0.1999,153457.7
2026-09-02 23:45:00,0.2,0.2007,0.2,0.2006,316024.8
2026-09-02 23:50:00,0.2006,0.2009,0.2005,0.2005,416026.7
2026-09-02 23:55:00,0.2006,0.2012,0.2006,0.2012,222810.8
2026-09-03 00:00:00,0.2012,0.2026,0.201,0.2024,1222964.6
2026-09-03 00:05:00,0.2024,0.2028,0.2016,0.2017,616963.4
2026-09-03 00:10:00,0.2017,0.2022,0.2017,0.2021,740910.5
2026-09-03 00:15:00,0.2021,0.2022,0.2019,0.2021,402320.2
2026-09-03 00:20:00,0.2021,0.2021,0.2013,0.2017,508567.6
2026-09-03 00:25:00,0.2017,0.2017,0.2009,0.201,208870.6
2026-09-03 00:30:00,0.2011,0.2012,0.2006,0.2008,662809.2
2026-09-03 00:35:00,0.2007,0.2012,0.2002,0.2011,916726.6
2026-09-03 00:40:00,0.2012,0.2016,0.2008,0.2008,155586.8
2026-09-03 00:45:00,0.2009,0.2012,0.2006,0.2006,294882.1
2026-09-03 00:50:00,0.2006,0.201,0.2006,0.2008,251526.4
2026-09-03 00:55:00,0.2008,0.2011,0.2005,0.2006,270317.7
2026-09-03 01:00:00,0.2005,0.2007,0.1991,0.1999,1604942.1
2026-09-03 01:05:00,0.1999,0.2025,0.1999,0.2022,2405174.6
2026-09-03 01:10:00,0.2022,0.2045,0.2019,0.2043,2453999.6
2026-09-03 01:15:00,0.2043,0.2054,0.2038,0.2045,2360512.0
2026-09-03 01:20:00,0.2046,0.2075,0.2045,0.2074,3718330.6
2026-09-03 01:25:00,0.2074,0.2078,0.2056,0.2068,1267049.2
2026-09-03 01:30:00,0.2069,0.207,0.2057,0.2064,1212788.2
2026-09-03 01:35:00,0.2064,0.2064,0.2053,0.2056,921536.2
2026-09-03 01:40:00,0.2055,0.2055,0.205,0.2052,836780.9
2026-09-03 01:45:00,0.2052,0.2053,0.2045,0.205,435159.6
2026-09-03 01:50:00,0.205,0.206,0.2045,0.2055,1563381.1
2026-09-03 01:55:00,0.2055,0.2058,0.2047,0.2048,571273.3
2026-09-03 02:00:00,0.2048,0.2049,0.2039,0.204,1634417.8
2026-09-03 02:05:00,0.204,0.2055,0.2039,0.2047,500533.1
2026-09-03 02:10:00,0.2048,0.206,0.2048,0.2057,639955.1
2026-09-03 02:15:00,0.2057,0.2057,0.2053,0.2054,201785.6
2026-09-03 02:20:00,0.2053,0.2062,0.2053,0.2058,619562.9
2026-09-03 02:25:00,0.2057,0.2059,0.2052,0.2059,293025.9
2026-09-03 02:30:00,0.2058,0.207,0.2054,0.2069,623487.4
2026-09-03 02:35:00,0.2069,0.2069,0.2063,0.2064,660900.1
2026-09-03 02:40:00,0.2065,0.207,0.2065,0.2069,477687.0
2026-09-03 02:45:00,0.2069,0.2073,0.2066,0.2071,765521.8
2026-09-03 02:50:00,0.207,0.2075,0.2069,0.2075,382378.9
2026-09-03 02:55:00,0.2074,0.2076,0.2067,0.207,555546.1
2026-09-03 03:00:00,0.207,0.207,0.2061,0.2062,224348.2
2026-09-03 03:05:00,0.2063,0.2063,0.2058,0.2059,399926.8
2026-09-03 03:10:00,0.206,0.2063,0.2056,0.2058,396585.5
2026-09-03 03:15:00,0.2059,0.2062,0.2053,0.2061,426078.2
2026-09-03 03:20:00,0.2061,0.2061,0.205,0.2051,456868.9
2026-09-03 03:25:00,0.2051,0.2056,0.2047,0.2048,525272.6
2026-09-03 03:30:00,0.2049,0.2054,0.2048,0.2051,463578.6
2026-09-03 03:35:00,0.205,0.205,0.2046,0.2047,135654.5
2026-09-03 03:40:00,0.2047,0.2048,0.2043,0.2045,257389.3
2026-09-03 03:45:00,0.2045,0.2049,0.2044,0.2048,123808.8
2026-09-03 03:50:00,0.2047,0.205,0.2047,0.2049,128025.6
2026-09-03 03:55:00,0.2049,0.2052,0.2047,0.2048,188268.8
2026-09-03 04:00:00,0.2049,0.2052,0.2047,0.2051,393158.4
2026-09-03 04:05:00,0.2051,0.2058,0.205,0.2054,356934.7
2026-09-03 04:10:00,0.2054,0.2056,0.2049,0.205,945165.6
2026-09-03 04:15:00,0.205,0.205,0.2046,0.2046,304920.2
2026-09-03 04:20:00,0.2046,0.205,0.2044,0.2047,425377.3
2026-09-03 04:25:00,0.2047,0.2047,0.2042,0.2045,191861.6
2026-09-03 04:30:00,0.2046,0.2051,0.2045,0.2046,392263.3
2026-09-03 04:35:00,0.2046,0.2047,0.2045,0.2045,239958.2
2026-09-03 04:40:00,0.2045,0.2046,0.2043,0.2045,85562.3
2026-09-03 04:45:00,0.2045,0.2058,0.2045,0.2058,322959.9
2026-09-03 04:50:00,0.2058,0.207,0.2058,0.2068,462125.3
2026-09-03 04:55:00,0.2069,0.2073,0.2066,0.2073,494721.4
2026-09-03 05:00:00,0.2074,0.2076,0.2071,0.2075,370962.6
2026-09-03 05:05:00,0.2074,0.2074,0.2066,0.2066,231982.4
2026-09-03 05:10:00,0.2067,0.2069,0.2064,0.2068,344929.9
2026-09-03 05:15:00,0.2067,0.2067,0.2056,0.2057,145658.2
2026-09-03 05:20:00,0.2057,0.2057,0.2039,0.2046,1557188.3
2026-09-03 05:25:00,0.2046,0.2046,0.2035,0.204,381415.5
2026-09-03 05:30:00,0.2041,0.2051,0.204,0.205,653924.9
2026-09-03 05:35:00,0.205,0.2057,0.205,0.2057,198366.2
2026-09-03 05:40:00,0.2056,0.2061,0.2056,0.2059,289842.4
2026-09-03 05:45:00,0.2059,0.2062,0.2056,0.2062,172166.3
2026-09-03 05:50:00,0.2063,0.2071,0.2063,0.2067,421695.6
2026-09-03 05:55:00,0.2067,0.2068,0.2062,0.2064,595342.9
2026-09-03 06:00:00,0.2065,0.2065,0.2051,0.2053,394463.1
2026-09-03 06:05:00,0.2053,0.2056,0.2051,0.2054,801914.5
2026-09-03 06:10:00,0.2054,0.2058,0.2053,0.2054,393471.6
2026-09-03 06:15:00,0.2055,0.2058,0.2053,0.2057,275911.7
2026-09-03 06:20:00,0.2058,0.2058,0.2054,0.2055,265974.7
2026-09-03 06:25:00,0.2054,0.2057,0.2054,0.2056,115017.3
2026-09-03 06:30:00,0.2055,0.2059,0.2054,0.2057,336338.7
2026-09-03 06:35:00,0.2058,0.2059,0.2054,0.2054,268126.6
2026-09-03 06:40:00,0.2055,0.2055,0.2053,0.2055,68551.2
2026-09-03 06:45:00,0.2054,0.2055,0.2051,0.2051,186699.1
2026-09-03 06:50:00,0.2051,0.2054,0.2049,0.2052,248198.6
2026-09-03 06:55:00,0.2051,0.2053,0.2048,0.2049,45184.0
2026-09-03 07:00:00,0.2049,0.2062,0.2048,0.2062,677150.4
2026-09-03 07:05:00,0.2062,0.2068,0.206,0.2061,723546.3
2026-09-03 07:10:00,0.2061,0.2065,0.2059,0.2063,376359.3
2026-09-03 07:15:00,0.2062,0.2062,0.2058,0.2062,685713.4
2026-09-03 07:20:00,0.2062,0.2065,0.2058,0.206,555958.4
2026-09-03 07:25:00,0.206,0.2063,0.2058,0.206,898664.2
2026-09-03 07:30:00,0.206,0.2062,0.2056,0.206,661771.4
2026-09-03 07:35:00,0.206,0.2063,0.206,0.2063,321973.2
2026-09-03 07:40:00,0.2063,0.2065,0.206,0.206,460978.6
2026-09-03 07:45:00,0.2059,0.2062,0.2052,0.2052,387546.0
2026-09-03 07:50:00,0.2052,0.2054,0.205,0.2052,229990.1
2026-09-03 07:55:00,0.2051,0.2055,0.2048,0.2051,631398.1
2026-09-03 08:00:00,0.2052,0.2066,0.2052,0.2064,450836.2
2026-09-03 08:05:00,0.2063,0.2074,0.2063,0.2067,952707.3
2026-09-03 08:10:00,0.2067,0.2074,0.2067,0.2072,945420.2
2026-09-03 08:15:00,0.2071,0.2074,0.207,0.2074,547900.5
2026-09-03 08:20:00,0.2074,0.2074,0.2067,0.2074,915942.9
2026-09-03 08:25:00,0.2073,0.2083,0.2073,0.2076,2081762.8
2026-09-03 08:30:00,0.2076,0.2078,0.2074,0.2076,506436.3
2026-09-03 08:35:00,0.2077,0.2085,0.2076,0.2081,573110.8
2026-09-03 08:40:00,0.208,0.2088,0.208,0.2088,1047499.8
2026-09-03 08:45:00,0.2088,0.2096,0.2082,0.2082,1771915.1
2026-09-03 08:50:00,0.2082,0.2084,0.2079,0.2082,367844.5
2026-09-03 08:55:00,0.2082,0.2086,0.2081,0.2081,632240.2
2026-09-03 09:00:00,0.2082,0.2082,0.2074,0.2076,671243.8
2026-09-03 09:05:00,0.2077,0.2077,0.2072,0.2077,376754.9
2026-09-03 09:10:00,0.2077,0.208,0.2074,0.2078,641816.9
2026-09-03 09:15:00,0.2078,0.2084,0.2075,0.2076,327330.0
2026-09-03 09:20:00,0.2076,0.2079,0.2074,0.2076,382607.3
2026-09-03 09:25:00,0.2076,0.2078,0.2072,0.2073,175711.9
2026-09-03 09:30:00,0.2073,0.2079,0.2072,0.2078,741853.4
2026-09-03 09:35:00,0.2078,0.2079,0.2068,0.2069,478499.2
2026-09-03 09:40:00,0.207,0.2073,0.2063,0.2073,617660.8
2026-09-03 09:45:00,0.2074,0.2079,0.2067,0.2067,368532.4
2026-09-03 09:50:00,0.2067,0.2069,0.2066,0.2068,236254.9
2026-09-03 09:55:00,0.2068,0.2068,0.2062,0.2063,338678.1
2026-09-03 10:00:00,0.2063,0.207,0.2056,0.2069,2476069.1
2026-09-03 10:05:00,0.2069,0.2073,0.2065,0.2068,580088.9
2026-09-03 10:10:00,0.2069,0.2072,0.2062,0.2062,320764.3
2026-09-03 10:15:00,0.2063,0.2069,0.2061,0.2069,245029.1
2026-09-03 10:20:00,0.2069,0.2073,0.2069,0.207,208257.8
2026-09-03 10:25:00,0.207,0.2071,0.2067,0.2067,176904.4
2026-09-03 10:30:00,0.2068,0.2069,0.2064,0.2064,215391.1
2026-09-03 10:35:00,0.2063,0.2065,0.2058,0.206,577360.6
2026-09-03 10:40:00,0.2059,0.2059,0.2053,0.2057,526755.1
2026-09-03 10:45:00,0.2056,0.206,0.2056,0.2059,394720.0
2026-09-03 10:50:00,0.2059,0.2067,0.2058,0.2065,330749.0
2026-09-03 10:55:00,0.2065,0.2078,0.2065,0.2078,993186.5
2026-09-03 11:00:00,0.2078,0.2079,0.2072,0.2074,800622.4
2026-09-03 11:05:00,0.2074,0.2079,0.2074,0.2075,615727.4
2026-09-03 11:10:00,0.2076,0.2076,0.2072,0.2073,227589.9
2026-09-03 11:15:00,0.2073,0.2076,0.2071,0.2075,302030.4
2026-09-03 11:20:00,0.2074,0.2075,0.2069,0.2071,98349.9
2026-09-03 11:25:00,0.2071,0.2076,0.207,0.2072,916841.7
2026-09-03 11:30:00,0.2073,0.2078,0.2067,0.2075,911537.1
2026-09-03 11:35:00,0.2074,0.2075,0.2071,0.2072,175518.2
2026-09-03 11:40:00,0.2073,0.2075,0.2069,0.2069,699994.7
2026-09-03 11:45:00,0.207,0.2074,0.2066,0.2068,560291.0
2026-09-03 11:50:00,0.2069,0.2071,0.2066,0.2067,515158.9
2026-09-03 11:55:00,0.2067,0.2071,0.2066,0.2069,631392.8
2026-09-03 12:00:00,0.2068,0.2075,0.2066,0.2073,1908945.5
2026-09-03 12:05:00,0.2073,0.2076,0.207,0.2076,209320.1
2026-09-03 12:10:00,0.2076,0.2078,0.2074,0.2076,226735.7
2026-09-03 12:15:00,0.2076,0.2079,0.2073,0.2074,325965.3
2026-09-03 12:20:00,0.2074,0.2077,0.207,0.2076,75789.1
2026-09-03 12:25:00,0.2077,0.2078,0.2075,0.2075,103540.3
2026-09-03 12:30:00,0.2075,0.2088,0.2073,0.2083,1432079.1
2026-09-03 12:35:00,0.2084,0.2087,0.2081,0.2084,511231.1
2026-09-03 12:40:00,0.2084,0.2087,0.2078,0.2081,835107.4
2026-09-03 12:45:00,0.2081,0.2085,0.2079,0.2084,293753.8
2026-09-03 12:50:00,0.2084,0.2091,0.2083,0.209,788658.3
2026-09-03 12:55:00,0.209,0.2096,0.2088,0.2089,1583141.7
2026-09-03 13:00:00,0.2089,0.2089,0.2083,0.2087,834951.4
2026-09-03 13:05:00,0.2087,0.2088,0.2083,0.2086,403418.6
2026-09-03 13:10:00,0.2085,0.209,0.2085,0.2089,271959.1
2026-09-03 13:15:00,0.209,0.2095,0.2089,0.209,873690.4
2026-09-03 13:20:00,0.209,0.2093,0.2087,0.2091,323805.6
2026-09-03 13:25:00,0.2091,0.2097,0.209,0.2096,418164.1
2026-09-03 13:30:00,0.2096,0.2102,0.2095,0.2097,1241757.8
2026-09-03 13:35:00,0.2097,0.211,0.209,0.2105,2475578.6
2026-09-03 13:40:00,0.2105,0.2106,0.2102,0.2103,2187669.4
2026-09-03 13:45:00,0.2102,0.2106,0.2099,0.2101,563783.1
2026-09-03 13:50:00,0.2101,0.2107,0.2099,0.2101,676635.5
2026-09-03 13:55:00,0.2101,0.2104,0.2099,0.21,315995.8
2026-09-03 14:00:00,0.21,0.2102,0.2095,0.2098,790337.0
2026-09-03 14:05:00,0.2099,0.2105,0.2098,0.2104,810951.0
2026-09-03 14:10:00,0.2104,0.2116,0.2101,0.2116,1137508.9
2026-09-03 14:15:00,0.2115,0.2119,0.2113,0.2119,779697.6
2026-09-03 14:20:00,0.2119,0.2136,0.2119,0.2136,2813490.0
2026-09-03 14:25:00,0.2135,0.214,0.2129,0.2134,2094466.6
2026-09-03 14:30:00,0.2134,0.2151,0.2131,0.2137,1950025.0
2026-09-03 14:35:00,0.2137,0.214,0.2133,0.2133,1462903.9
2026-09-03 14:40:00,0.2133,0.2143,0.2131,0.214,563468.0
2026-09-03 14:45:00,0.2139,0.216,0.2139,0.2153,3448154.1
2026-09-03 14:50:00,0.2153,0.2157,0.2147,0.2156,2341365.6
2026-09-03 14:55:00,0.2155,0.2171,0.2151,0.2171,2950163.3
2026-09-03 15:00:00,0.2171,0.219,0.217,0.218,3245855.7
2026-09-03 15:05:00,0.2179,0.2181,0.2166,0.2168,3060801.7
2026-09-03 15:10:00,0.2168,0.2174,0.2155,0.2169,2714308.7
2026-09-03 15:15:00,0.217,0.2172,0.2161,0.2166,1759808.5
2026-09-03 15:20:00,0.2165,0.2177,0.2158,0.2175,1120396.5
2026-09-03 15:25:00,0.2175,0.2177,0.217,0.2177,977120.7
2026-09-03 15:30:00,0.2177,0.2184,0.2174,0.218,1578494.3
2026-09-03 15:35:00,0.2179,0.2187,0.2179,0.2182,1176523.7
2026-09-03 15:40:00,0.2183,0.2187,0.2179,0.2179,538061.4
2026-09-03 15:45:00,0.218,0.2182,0.2168,0.2177,2414880.5
2026-09-03 15:50:00,0.2177,0.2199,0.2177,0.2198,2713273.7
2026-09-03 15:55:00,0.2198,0.2209,0.2196,0.2206,2121719.9
2026-09-03 16:00:00,0.2207,0.2223,0.2199,0.2202,4966805.1
2026-09-03 16:05:00,0.2202,0.2235,0.2196,0.2232,3331879.2
2026-09-03 16:10:00,0.2232,0.2239,0.2212,0.2213,3883358.3
2026-09-03 16:15:00,0.2213,0.2216,0.2204,0.2205,1893534.9
2026-09-03 16:20:00,0.2206,0.2214,0.2201,0.221,1556601.4
2026-09-03 16:25:00,0.221,0.2212,0.2201,0.2208,949464.2
2026-09-03 16:30:00,0.2209,0.2226,0.2208,0.2224,1220999.1
2026-09-03 16:35:00,0.2225,0.2227,0.2217,0.2222,959458.4
2026-09-03 16:40:00,0.2222,0.2225,0.2218,0.2222,940492.0
2026-09-03 16:45:00,0.2222,0.2234,0.2221,0.2228,683990.2
2026-09-03 16:50:00,0.2228,0.2232,0.2223,0.2228,999808.7
2026-09-03 16:55:00,0.2228,0.223,0.222,0.2221,689277.2
2026-09-03 17:00:00,0.2222,0.2223,0.2214,0.2216,660327.7
2026-09-03 17:05:00,0.2216,0.2218,0.2211,0.2217,459643.1
2026-09-03 17:10:00,0.2218,0.222,0.2215,0.222,317974.5
2026-09-03 17:15:00,0.222,0.2222,0.221,0.2211,962955.8
2026-09-03 17:20:00,0.2212,0.2218,0.221,0.2215,544136.7
2026-09-03 17:25:00,0.2216,0.2222,0.2212,0.2221,1239941.1
2026-09-03 17:30:00,0.2222,0.2229,0.2219,0.2226,899243.4
2026-09-03 17:35:00,0.2225,0.2226,0.2219,0.2221,579081.4
2026-09-03 17:40:00,0.2222,0.2231,0.222,0.2224,1194968.3
2026-09-03 17:45:00,0.2223,0.2238,0.2223,0.2235,1546533.0
2026-09-03 17:50:00,0.2235,0.2235,0.2227,0.2229,471582.5
2026-09-03 17:55:00,0.2229,0.2231,0.2226,0.2227,374210.8
2026-09-03 18:00:00,0.2228,0.2244,0.2226,0.2237,1471027.9
2026-09-03 18:05:00,0.2237,0.2243,0.2233,0.2241,1247033.6
2026-09-03 18:10:00,0.2241,0.225,0.2238,0.2248,1254855.5
2026-09-03 18:15:00,0.2247,0.2248,0.2231,0.2231,716343.6
2026-09-03 18:20:00,0.2231,0.2236,0.223,0.2235,768821.4
2026-09-03 18:25:00,0.2235,0.2236,0.2222,0.2225,1736551.6
2026-09-03 18:30:00,0.2225,0.2228,0.2219,0.222,1491417.9
2026-09-03 18:35:00,0.222,0.2222,0.2213,0.2219,2422152.9
2026-09-03 18:40:00,0.222,0.2223,0.2216,0.2217,642324.0
2026-09-03 18:45:00,0.2217,0.222,0.2216,0.222,363424.7
2026-09-03 18:50:00,0.222,0.2227,0.222,0.2226,379644.2
2026-09-03 18:55:00,0.2225,0.2228,0.2224,0.2227,388957.1
2026-09-03 19:00:00,0.2226,0.2229,0.2222,0.2228,499512.9
2026-09-03 19:05:00,0.2229,0.2235,0.2221,0.2222,808036.7
2026-09-03 19:10:00,0.2222,0.2224,0.2212,0.2214,319399.7
2026-09-03 19:15:00,0.2213,0.222,0.2211,0.222,389377.9
2026-09-03 19:20:00,0.222,0.2225,0.222,0.2224,552492.4
2026-09-03 19:25:00,0.2223,0.2226,0.222,0.2224,505289.3
2026-09-03 19:30:00,0.2225,0.2228,0.2219,0.222,401813.3
2026-09-03 19:35:00,0.222,0.2222,0.2216,0.2221,495311.5
2026-09-03 19:40:00,0.2222,0.2224,0.222,0.2221,267031.8
2026-09-03 19:45:00,0.2222,0.2224,0.2212,0.2212,364196.4
2026-09-03 19:50:00,0.2212,0.2219,0.2212,0.2219,510010.6
2026-09-03 19:55:00,0.2219,0.2226,0.2217,0.2226,334991.1
2026-09-03 20:00:00,0.2225,0.2229,0.2213,0.2228,842250.3
2026-09-03 20:05:00,0.2228,0.2231,0.2222,0.223,253958.4
2026-09-03 20:10:00,0.223,0.223,0.2224,0.2226,388353.8
2026-09-03 20:15:00,0.2225,0.2234,0.2225,0.2228,603912.3
2026-09-03 20:20:00,0.2229,0.2231,0.2225,0.2226,439100.1
2026-09-03 20:25:00,0.2226,0.2235,0.2226,0.2233,381359.9
2026-09-03 20:30:00,0.2234,0.2235,0.2229,0.223,208208.0
2026-09-03 20:35:00,0.223,0.2238,0.2225,0.2233,502907.3
2026-09-03 20:40:00,0.2233,0.2234,0.2228,0.223,366816.3
2026-09-03 20:45:00,0.223,0.2235,0.2228,0.2234,390486.7
2026-09-03 20:50:00,0.2234,0.2235,0.223,0.223,269105.0
2026-09-03 20:55:00,0.2231,0.2244,0.223,0.2241,825447.0
2026-09-03 21:00:00,0.224,0.2244,0.2232,0.2237,556577.9
2026-09-03 21:05:00,0.2237,0.2238,0.2232,0.2238,675910.9
2026-09-03 21:10:00,0.2239,0.2242,0.2237,0.2242,359705.0
2026-09-03 21:15:00,0.2241,0.2241,0.2237,0.2239,442066.2
2026-09-03 21:20:00,0.224,0.2245,0.2235,0.2236,384711.7
2026-09-03 21:25:00,0.2237,0.224,0.2234,0.2239,398049.8
2026-09-03 21:30:00,0.2239,0.2253,0.2239,0.2246,1081908.2
2026-09-03 21:35:00,0.2246,0.2246,0.2236,0.2236,632392.8
2026-09-03 21:40:00,0.2237,0.2238,0.223,0.2236,771845.3
2026-09-03 21:45:00,0.2236,0.2236,0.223,0.2236,302207.3
2026-09-03 21:50:00,0.2236,0.224,0.2234,0.2239,338469.4
2026-09-03 21:55:00,0.224,0.224,0.2233,0.2233,466472.0
2026-09-03 22:00:00,0.2234,0.2238,0.2225,0.2233,838393.6
2026-09-03 22:05:00,0.2233,0.2234,0.222,0.2223,429625.1
2026-09-03 22:10:00,0.2223,0.2223,0.2211,0.2216,1218412.0
2026-09-03 22:15:00,0.2217,0.2221,0.2215,0.2215,755018.5
2026-09-03 22:20:00,0.2216,0.2219,0.2213,0.2213,769885.0
2026-09-03 22:25:00,0.2213,0.2213,0.2195,0.2199,2040656.7
2026-09-03 22:30:00,0.2199,0.22,0.2186,0.2192,2352226.5
2026-09-03 22:35:00,0.2192,0.2202,0.219,0.2199,1337807.4
2026-09-03 22:40:00,0.2199,0.2201,0.2196,0.2197,354500.8
2026-09-03 22:45:00,0.2196,0.2218,0.2196,0.2209,1257148.2
2026-09-03 22:50:00,0.221,0.2211,0.2207,0.2208,386999.2
2026-09-03 22:55:00,0.2208,0.221,0.2206,0.221,392026.2
2026-09-03 23:00:00,0.2211,0.2214,0.221,0.2213,239571.7
2026-09-03 23:05:00,0.2214,0.2216,0.2209,0.221,741667.9
2026-09-03 23:10:00,0.221,0.221,0.2204,0.2205,497927.8
2026-09-03 23:15:00,0.2205,0.2209,0.2202,0.2205,494292.7
2026-09-03 23:20:00,0.2205,0.2208,0.2203,0.2206,992786.0
2026-09-03 23:25:00,0.2206,0.2215,0.2205,0.2215,325762.7
2026-09-03 23:30:00,0.2214,0.2214,0.221,0.2212,205972.1
2026-09-03 23:35:00,0.2212,0.2217,0.221,0.2215,385870.0
2026-09-03 23:40:00,0.2216,0.2216,0.221,0.221,589596.1
2026-09-03 23:45:00,0.221,0.2213,0.2208,0.2211,420901.1
2026-09-03 23:50:00,0.2212,0.2214,0.221,0.2211,371191.7
2026-09-03 23:55:00,0.2211,0.2213,0.2209,0.2211,319421.6
2026-09-04 00:00:00,0.2211,0.2215,0.2208,0.2209,807611.0
2026-09-04 00:05:00,0.2209,0.221,0.2204,0.2208,770526.2
2026-09-04 00:10:00,0.2207,0.2211,0.2205,0.221,764786.4
2026-09-04 00:15:00,0.2209,0.2212,0.2203,0.2205,1017695.8
2026-09-04 00:20:00,0.2204,0.2208,0.2201,0.2201,659467.0
2026-09-04 00:25:00,0.2201,0.2203,0.2198,0.22,417783.3
2026-09-04 00:30:00,0.2199,0.2208,0.2198,0.2207,659077.5
2026-09-04 00:35:00,0.2207,0.2216,0.2207,0.2214,552827.4
2026-09-04 00:40:00,0.2214,0.2219,0.2205,0.2209,1379312.9
2026-09-04 00:45:00,0.221,0.2211,0.2203,0.2204,968339.0
2026-09-04 00:50:00,0.2204,0.2212,0.2201,0.2203,450439.3
2026-09-04 00:55:00,0.2203,0.2204,0.2195,0.2196,374723.3
2026-09-04 01:00:00,0.2197,0.2202,0.2182,0.2185,1989631.5
2026-09-04 01:05:00,0.2185,0.2202,0.2183,0.2199,1139375.6
2026-09-04 01:10:00,0.22,0.2205,0.2196,0.2198,583677.9
2026-09-04 01:15:00,0.2198,0.2206,0.2195,0.2203,652434.4
2026-09-04 01:20:00,0.2203,0.2209,0.2202,0.2205,881280.3
2026-09-04 01:25:00,0.2206,0.2213,0.2205,0.2208,493863.5
2026-09-04 01:30:00,0.2209,0.2219,0.2209,0.2217,1077294.6
2026-09-04 01:35:00,0.2217,0.2228,0.2216,0.2218,1067613.9
2026-09-04 01:40:00,0.2218,0.2218,0.2207,0.2216,951226.0
2026-09-04 01:45:00,0.2215,0.2225,0.2212,0.2221,1036477.5
2026-09-04 01:50:00,0.2221,0.2236,0.222,0.2234,3224543.9
2026-09-04 01:55:00,0.2234,0.2236,0.2223,0.2224,841936.5
2026-09-04 02:00:00,0.2224,0.2225,0.2216,0.2217,682507.2
2026-09-04 02:05:00,0.2217,0.2222,0.2212,0.2216,264187.5
2026-09-04 02:10:00,0.2216,0.2222,0.2215,0.2222,411593.9
2026-09-04 02:15:00,0.2222,0.2229,0.2221,0.2228,427459.3
2026-09-04 02:20:00,0.2228,0.223,0.2223,0.2223,913597.0
2026-09-04 02:25:00,0.2224,0.2232,0.2224,0.2228,384566.2
2026-09-04 02:30:00,0.2228,0.2234,0.2227,0.2231,718913.8
2026-09-04 02:35:00,0.223,0.2241,0.2229,0.2237,1229968.9
2026-09-04 02:40:00,0.2237,0.2244,0.2236,0.2241,1033224.2
2026-09-04 02:45:00,0.224,0.2243,0.2238,0.224,904986.8
2026-09-04 02:50:00,0.224,0.2251,0.224,0.2251,1619673.2
2026-09-04 02:55:00,0.2251,0.226,0.2245,0.2259,1327622.6
2026-09-04 03:00:00,0.2258,0.226,0.2245,0.2246,968841.5
2026-09-04 03:05:00,0.2245,0.2249,0.2241,0.2248,708051.1
2026-09-04 03:10:00,0.2247,0.225,0.2236,0.2244,2005260.8
2026-09-04 03:15:00,0.2244,0.2244,0.224,0.224,198816.0
2026-09-04 03:20:00,0.2239,0.2247,0.2239,0.2245,579196.8
2026-09-04 03:25:00,0.2245,0.2249,0.224,0.2248,1061782.3
2026-09-04 03:30:00,0.2248,0.225,0.2243,0.2244,439156.3
2026-09-04 03:35:00,0.2243,0.2249,0.2243,0.2244,910136.1
2026-09-04 03:40:00,0.2244,0.225,0.2244,0.2249,253686.5
2026-09-04 03:45:00,0.2249,0.2249,0.2245,0.2246,225375.1
2026-09-04 03:50:00,0.2245,0.225,0.2244,0.2244,456716.8
2026-09-04 03:55:00,0.2244,0.2245,0.224,0.224,244342.6
2026-09-04 04:00:00,0.2241,0.2247,0.224,0.2241,1232216.0
2026-09-04 04:05:00,0.2241,0.2241,0.2226,0.2229,599262.5
2026-09-04 04:10:00,0.2228,0.2239,0.2228,0.2239,603340.6
2026-09-04 04:15:00,0.2239,0.225,0.2239,0.2249,1042009.8
2026-09-04 04:20:00,0.225,0.2254,0.2243,0.2247,1396150.7
2026-09-04 04:25:00,0.2247,0.2256,0.2245,0.2256,973157.2
2026-09-04 04:30:00,0.2255,0.2263,0.2252,0.226,932035.5
2026-09-04 04:35:00,0.2261,0.2272,0.2255,0.2255,1582195.7
2026-09-04 04:40:00,0.2256,0.2256,0.2242,0.2243,722008.0
2026-09-04 04:45:00,0.2244,0.2246,0.2241,0.2242,572712.6
2026-09-04 04:50:00,0.2241,0.2242,0.2236,0.2238,616247.1
2026-09-04 04:55:00,0.2237,0.2239,0.223,0.2232,469800.8
2026-09-04 05:00:00,0.2232,0.2232,0.2224,0.2227,792278.8
2026-09-04 05:05:00,0.2227,0.2232,0.2226,0.2228,796226.8
2026-09-04 05:10:00,0.2228,0.2228,0.2223,0.2223,485455.6
2026-09-04 05:15:00,0.2224,0.223,0.2223,0.2229,514943.8
2026-09-04 05:20:00,0.2228,0.2228,0.2221,0.2226,274737.1
2026-09-04 05:25:00,0.2227,0.2227,0.2218,0.2219,658390.1
2026-09-04 05:30:00,0.2218,0.2221,0.2213,0.222,495462.5
2026-09-04 05:35:00,0.2219,0.222,0.2214,0.2214,746233.2
2026-09-04 05:40:00,0.2214,0.2218,0.2214,0.2216,299411.0
2026-09-04 05:45:00,0.2217,0.2219,0.2208,0.2209,734963.5
2026-09-04 05:50:00,0.2209,0.2209,0.2202,0.2204,975044.5
2026-09-04 05:55:00,0.2204,0.2214,0.2204,0.2213,1714556.7
2026-09-04 06:00:00,0.2212,0.2213,0.2208,0.221,273162.1
2026-09-04 06:05:00,0.221,0.2221,0.2208,0.2221,748636.1
2026-09-04 06:10:00,0.2221,0.2224,0.2217,0.2218,615208.5
2026-09-04 06:15:00,0.2218,0.2218,0.2213,0.2217,464129.6
2026-09-04 06:20:00,0.2217,0.2217,0.2211,0.2211,226867.1
2026-09-04 06:25:00,0.2212,0.2213,0.2206,0.2206,183960.5
2026-09-04 06:30:00,0.2207,0.221,0.2206,0.2208,327620.1
2026-09-04 06:35:00,0.2208,0.221,0.2202,0.221,350696.0
2026-09-04 06:40:00,0.2211,0.2216,0.2211,0.2215,296398.4
2026-09-04 06:45:00,0.2215,0.2215,0.2212,0.2213,108660.8
2026-09-04 06:50:00,0.2213,0.2214,0.2211,0.2213,442921.0
2026-09-04 06:55:00,0.2213,0.2214,0.2209,0.2212,316638.5
2026-09-04 07:00:00,0.2213,0.222,0.2212,0.2219,262874.8
2026-09-04 07:05:00,0.2219,0.2222,0.2217,0.2221,875562.4
2026-09-04 07:10:00,0.2222,0.2226,0.2221,0.2221,601678.2
2026-09-04 07:15:00,0.2221,0.2222,0.2215,0.2221,357429.4
2026-09-04 07:20:00,0.2222,0.2224,0.2219,0.2219,261650.6
2026-09-04 07:25:00,0.2218,0.222,0.2217,0.2218,138354.0
2026-09-04 07:30:00,0.2218,0.2223,0.2217,0.2222,404744.0
2026-09-04 07:35:00,0.2222,0.2222,0.2211,0.2215,586122.4
2026-09-04 07:40:00,0.2215,0.2217,0.2214,0.2216,123689.8
2026-09-04 07:45:00,0.2216,0.2217,0.2212,0.2213,554668.2
2026-09-04 07:50:00,0.2213,0.2216,0.2208,0.2208,963595.9
2026-09-04 07:55:00,0.2209,0.2209,0.2198,0.2201,1220044.3
2026-09-04 08:00:00,0.2202,0.2209,0.22,0.2206,525299.2
2026-09-04 08:05:00,0.2205,0.2215,0.2199,0.2211,1048283.7
2026-09-04 08:10:00,0.2212,0.2217,0.2211,0.2213,213495.6
2026-09-04 08:15:00,0.2213,0.2218,0.2212,0.2217,204453.9
2026-09-04 08:20:00,0.2217,0.2217,0.2212,0.2213,263134.5
2026-09-04 08:25:00,0.2213,0.2216,0.221,0.2213,437325.6
2026-09-04 08:30:00,0.2212,0.2214,0.2205,0.2211,856769.3
2026-09-04 08:35:00,0.2211,0.2211,0.2207,0.2208,474084.9
2026-09-04 08:40:00,0.2208,0.2213,0.2207,0.2209,270582.9
2026-09-04 08:45:00,0.2209,0.222,0.2208,0.2215,732855.4
2026-09-04 08:50:00,0.2215,0.2227,0.2215,0.2224,928971.7
2026-09-04 08:55:00,0.2225,0.223,0.2223,0.2229,1025257.9
2026-09-04 09:00:00,0.223,0.2237,0.2227,0.2235,937302.1
2026-09-04 09:05:00,0.2235,0.2239,0.2234,0.2237,531169.1
2026-09-04 09:10:00,0.2238,0.2241,0.2233,0.2235,1162805.4
2026-09-04 09:15:00,0.2234,0.2249,0.2234,0.2239,960839.6
2026-09-04 09:20:00,0.2239,0.2241,0.2227,0.2227,591480.1
2026-09-04 09:25:00,0.2227,0.2231,0.2223,0.2226,946616.8
2026-09-04 09:30:00,0.2225,0.2233,0.2222,0.2233,840308.6
2026-09-04 09:35:00,0.2232,0.2237,0.2229,0.2234,783485.3
2026-09-04 09:40:00,0.2234,0.2238,0.2231,0.2233,475534.3
2026-09-04 09:45:00,0.2232,0.2237,0.2222,0.2222,641015.1
2026-09-04 09:50:00,0.2222,0.2223,0.2211,0.2215,1751343.8
2026-09-04 09:55:00,0.2215,0.2224,0.2211,0.2211,961754.0
2026-09-04 10:00:00,0.221,0.2213,0.2207,0.2213,871513.5
2026-09-04 10:05:00,0.2212,0.2212,0.2191,0.2191,1978184.3
2026-09-04 10:10:00,0.2191,0.2201,0.2188,0.2201,883845.4
2026-09-04 10:15:00,0.2201,0.2201,0.2192,0.2194,923682.4
2026-09-04 10:20:00,0.2193,0.2198,0.2191,0.2195,638412.6
2026-09-04 10:25:00,0.2195,0.2202,0.2194,0.2202,235579.1
2026-09-04 10:30:00,0.2201,0.221,0.2199,0.2204,699245.5
2026-09-04 10:35:00,0.2205,0.2212,0.2204,0.2212,260275.7
2026-09-04 10:40:00,0.2211,0.2213,0.2207,0.2208,400410.4
2026-09-04 10:45:00,0.2208,0.2212,0.2207,0.2208,232433.7
2026-09-04 10:50:00,0.2208,0.221,0.2206,0.221,171651.2
2026-09-04 10:55:00,0.221,0.2211,0.2209,0.2211,56048.2
2026-09-04 11:00:00,0.221,0.2211,0.2207,0.221,550482.4
2026-09-04 11:05:00,0.2209,0.2213,0.2208,0.221,532327.9
2026-09-04 11:10:00,0.221,0.2212,0.2208,0.2208,111864.6
2026-09-04 11:15:00,0.2209,0.2212,0.2207,0.2211,374036.5
2026-09-04 11:20:00,0.2211,0.2217,0.221,0.2213,772109.5
2026-09-04 11:25:00,0.2214,0.222,0.2213,0.2217,408691.7
2026-09-04 11:30:00,0.2217,0.2218,0.2213,0.2217,333885.6
2026-09-04 11:35:00,0.2217,0.222,0.2217,0.2219,305973.7
2026-09-04 11:40:00,0.222,0.222,0.2217,0.222,412395.2
2026-09-04 11:45:00,0.2219,0.2219,0.2217,0.2217,103565.0
2026-09-04 11:50:00,0.2218,0.2219,0.2216,0.2218,144543.3
2026-09-04 11:55:00,0.2218,0.2219,0.2212,0.2214,380634.5
2026-09-04 12:00:00,0.2215,0.2216,0.2208,0.221,436721.7
2026-09-04 12:05:00,0.221,0.2215,0.2208,0.2212,401144.7
2026-09-04 12:10:00,0.2213,0.2215,0.2211,0.2214,190213.3
2026-09-04 12:15:00,0.2214,0.2217,0.221,0.2212,681836.0
2026-09-04 12:20:00,0.2212,0.2215,0.221,0.2214,200203.5
2026-09-04 12:25:00,0.2215,0.2222,0.2213,0.222,751526.3
2026-09-04 12:30:00,0.2219,0.2219,0.2123,0.2157,22920264.2
2026-09-04 12:35:00,0.2157,0.2166,0.214,0.216,3566533.1
2026-09-04 12:40:00,0.216,0.2169,0.2143,0.2147,2808862.9
2026-09-04 12:45:00,0.2146,0.2147,0.2124,0.2146,4689175.9
2026-09-04 12:50:00,0.2146,0.215,0.2139,0.215,1003876.8
2026-09-04 12:55:00,0.215,0.215,0.2137,0.2145,1034825.2
2026-09-04 13:00:00,0.2146,0.2153,0.2141,0.2147,2052236.4
2026-09-04 13:05:00,0.2147,0.2148,0.2137,0.2141,734707.9
2026-09-04 13:10:00,0.214,0.2143,0.2134,0.2138,960736.6
2026-09-04 13:15:00,0.2139,0.2145,0.2137,0.2142,928511.9
2026-09-04 13:20:00,0.2141,0.2149,0.2141,0.2147,491963.9
2026-09-04 13:25:00,0.2146,0.215,0.2139,0.2139,512338.4
2026-09-04 13:30:00,0.214,0.2152,0.214,0.2143,676985.4
2026-09-04 13:35:00,0.2143,0.2149,0.2133,0.2143,1552993.1
2026-09-04 13:40:00,0.2144,0.2146,0.2139,0.2143,1710244.5
2026-09-04 13:45:00,0.2144,0.2168,0.2142,0.2167,1674856.1
2026-09-04 13:50:00,0.2167,0.2169,0.2147,0.215,991404.3
2026-09-04 13:55:00,0.215,0.2154,0.2148,0.2151,536514.9
2026-09-04 14:00:00,0.215,0.2156,0.2147,0.2148,379348.7
2026-09-04 14:05:00,0.2148,0.2149,0.2138,0.2139,639686.3
2026-09-04 14:10:00,0.2138,0.2145,0.2135,0.2141,591698.1
2026-09-04 14:15:00,0.2142,0.2144,0.2128,0.2128,647262.2
2026-09-04 14:20:00,0.2129,0.2136,0.212,0.2132,1286876.4
2026-09-04 14:25:00,0.2133,0.2137,0.2131,0.2136,751904.5
2026-09-04 14:30:00,0.2136,0.2136,0.213,0.2132,1649228.4
2026-09-04 14:35:00,0.2133,0.2137,0.2126,0.2129,873920.9
2026-09-04 14:40:00,0.2129,0.2131,0.2111,0.2115,2511942.3
2026-09-04 14:45:00,0.2115,0.2119,0.2096,0.2098,3229848.5
2026-09-04 14:50:00,0.2097,0.2108,0.2092,0.2105,2083322.3
2026-09-04 14:55:00,0.2104,0.2116,0.2104,0.2111,1281154.3
2026-09-04 15:00:00,0.2111,0.2121,0.2103,0.2119,1950528.1
2026-09-04 15:05:00,0.2118,0.2128,0.2116,0.2127,877469.2
2026-09-04 15:10:00,0.2127,0.213,0.2122,0.2129,798675.5
2026-09-04 15:15:00,0.2129,0.2134,0.2128,0.2128,714084.9
2026-09-04 15:20:00,0.2128,0.2134,0.2128,0.2134,558133.4
2026-09-04 15:25:00,0.2134,0.2139,0.2133,0.2136,962233.6
2026-09-04 15:30:00,0.2137,0.2141,0.2132,0.2136,975483.0
2026-09-04 15:35:00,0.2137,0.2141,0.2136,0.2138,872431.9
2026-09-04 15:40:00,0.2138,0.214,0.2137,0.2138,745671.0
2026-09-04 15:45:00,0.2139,0.214,0.2129,0.2129,2028179.8
2026-09-04 15:50:00,0.2129,0.2137,0.2128,0.2131,723836.4
2026-09-04 15:55:00,0.2132,0.2133,0.2129,0.2129,528599.2
2026-09-04 16:00:00,0.2129,0.2131,0.2127,0.2128,980686.4
2026-09-04 16:05:00,0.2129,0.2137,0.2129,0.2135,392927.5
2026-09-04 16:10:00,0.2135,0.2137,0.2132,0.2132,342226.2
2026-09-04 16:15:00,0.2133,0.2138,0.2133,0.2136,340260.9
2026-09-04 16:20:00,0.2135,0.2137,0.2132,0.2133,263725.8
2026-09-04 16:25:00,0.2133,0.2138,0.2132,0.2138,402988.7
2026-09-04 16:30:00,0.2137,0.2152,0.2137,0.2146,820180.8
2026-09-04 16:35:00,0.2147,0.2148,0.2142,0.2142,200511.4
2026-09-04 16:40:00,0.2143,0.2144,0.2134,0.2141,2792297.9
2026-09-04 16:45:00,0.2141,0.2143,0.2137,0.2143,391447.3
2026-09-04 16:50:00,0.2143,0.2145,0.2139,0.2139,600502.1
2026-09-04 16:55:00,0.214,0.2141,0.2136,0.2138,150552.1
2026-09-04 17:00:00,0.2138,0.2138,0.2134,0.2136,281613.4
2026-09-04 17:05:00,0.2137,0.2138,0.2134,0.2135,171200.2
2026-09-04 17:10:00,0.2135,0.2136,0.213,0.213,764201.0
2026-09-04 17:15:00,0.2129,0.213,0.2125,0.2129,659104.8
2026-09-04 17:20:00,0.2129,0.2131,0.2122,0.2124,645486.8
2026-09-04 17:25:00,0.2125,0.2125,0.212,0.212,392212.6
2026-09-04 17:30:00,0.212,0.2124,0.212,0.2121,437274.9
2026-09-04 17:35:00,0.2121,0.2123,0.2119,0.2121,491899.7
2026-09-04 17:40:00,0.212,0.212,0.2113,0.2115,554334.8
2026-09-04 17:45:00,0.2116,0.2117,0.2112,0.2115,589810.7
2026-09-04 17:50:00,0.2114,0.2114,0.2109,0.2114,617550.0
2026-09-04 17:55:00,0.2113,0.2117,0.2113,0.2115,283558.4
2026-09-04 18:00:00,0.2115,0.2124,0.2115,0.2123,750341.4
2026-09-04 18:05:00,0.2123,0.2123,0.2119,0.212,351361.4
2026-09-04 18:10:00,0.2121,0.2121,0.2113,0.2113,214626.0
2026-09-04 18:15:00,0.2114,0.2117,0.2114,0.2116,454819.1
2026-09-04 18:20:00,0.2117,0.2122,0.2116,0.2119,389268.1
2026-09-04 18:25:00,0.2119,0.212,0.2117,0.2118,178500.5
2026-09-04 18:30:00,0.2118,0.2125,0.2117,0.2125,769348.7
2026-09-04 18:35:00,0.2125,0.2125,0.212,0.2121,113760.1
2026-09-04 18:40:00,0.2121,0.2126,0.2121,0.2126,250192.3
2026-09-04 18:45:00,0.2125,0.2128,0.2124,0.2127,145874.3
2026-09-04 18:50:00,0.2127,0.2129,0.2127,0.2128,424543.2
2026-09-04 18:55:00,0.2128,0.213,0.2128,0.213,400964.8
2026-09-04 19:00:00,0.213,0.2133,0.2129,0.213,285973.5
2026-09-04 19:05:00,0.2131,0.2131,0.2129,0.213,84035.6
2026-09-04 19:10:00,0.213,0.213,0.2126,0.2128,147661.1
2026-09-04 19:15:00,0.2127,0.2135,0.2127,0.2134,164970.8
2026-09-04 19:20:00,0.2134,0.2136,0.2132,0.2136,555766.3
2026-09-04 19:25:00,0.2136,0.2146,0.2136,0.2144,1333547.0
2026-09-04 19:30:00,0.2144,0.2144,0.2138,0.214,368600.3
2026-09-04 19:35:00,0.214,0.214,0.2131,0.2131,239203.1
2026-09-04 19:40:00,0.2132,0.2138,0.2132,0.2137,326350.0
2026-09-04 19:45:00,0.2137,0.2139,0.2135,0.2138,348825.4
2026-09-04 19:50:00,0.2138,0.2138,0.2134,0.2136,274145.4
2026-09-04 19:55:00,0.2136,0.2139,0.2134,0.2135,395132.2
2026-09-04 20:00:00,0.2135,0.2139,0.2133,0.2136,224981.9
2026-09-04 20:05:00,0.2135,0.2137,0.2131,0.2133,334814.1
2026-09-04 20:10:00,0.2133,0.2135,0.2128,0.2128,104465.2
2026-09-04 20:15:00,0.2127,0.2129,0.2126,0.2129,115937.9
2026-09-04 20:20:00,0.2128,0.2128,0.2125,0.2125,89937.7
2026-09-04 20:25:00,0.2125,0.2127,0.2124,0.2125,145302.7
2026-09-04 20:30:00,0.2124,0.2127,0.2123,0.2123,319545.3
2026-09-04 20:35:00,0.2124,0.213,0.2124,0.2126,1142396.4
2026-09-04 20:40:00,0.2127,0.2127,0.2123,0.2126,493309.5
2026-09-04 20:45:00,0.2126,0.2129,0.2125,0.2127,336139.1
2026-09-04 20:50:00,0.2126,0.2127,0.2123,0.2127,155074.7
2026-09-04 20:55:00,0.2127,0.213,0.2127,0.2129,223358.2
2026-09-04 21:00:00,0.2129,0.2132,0.2126,0.213,367745.7
2026-09-04 21:05:00,0.213,0.2132,0.2128,0.2129,134325.4
2026-09-04 21:10:00,0.213,0.2136,0.213,0.2131,746907.0
2026-09-04 21:15:00,0.2131,0.2133,0.213,0.213,256825.3
2026-09-04 21:20:00,0.2131,0.2133,0.2128,0.2128,345486.3
2026-09-04 21:25:00,0.2127,0.2128,0.2123,0.2125,657245.6
2026-09-04 21:30:00,0.2124,0.2127,0.2124,0.2126,608678.2
2026-09-04 21:35:00,0.2126,0.2129,0.2126,0.2127,271525.0
2026-09-04 21:40:00,0.2127,0.213,0.2127,0.2128,476604.1
2026-09-04 21:45:00,0.2129,0.2129,0.2121,0.2122,203207.4
2026-09-04 21:50:00,0.2122,0.2123,0.2112,0.2116,476229.3
2026-09-04 21:55:00,0.2115,0.2119,0.2111,0.2114,756306.4
2026-09-04 22:00:00,0.2114,0.2117,0.2112,0.2114,277320.0
2026-09-04 22:05:00,0.2115,0.2116,0.2114,0.2115,256335.4
2026-09-04 22:10:00,0.2115,0.2116,0.2111,0.2113,1283809.4
2026-09-04 22:15:00,0.2112,0.2113,0.2107,0.2113,498284.1
2026-09-04 22:20:00,0.2113,0.2113,0.211,0.211,206027.9
2026-09-04 22:25:00,0.211,0.211,0.2107,0.2108,1018106.8
2026-09-04 22:30:00,0.2108,0.2108,0.2106,0.2108,257133.1
2026-09-04 22:35:00,0.2107,0.2108,0.2104,0.2105,570223.8
2026-09-04 22:40:00,0.2105,0.2107,0.2103,0.2104,394443.1
2026-09-04 22:45:00,0.2104,0.2104,0.21,0.2102,296956.6
2026-09-04 22:50:00,0.2101,0.2102,0.2099,0.21,375536.8
2026-09-04 22:55:00,0.21,0.21,0.2099,0.2099,171374.9
2026-09-04 23:00:00,0.21,0.2104,0.2095,0.2103,704600.9
2026-09-04 23:05:00,0.2103,0.2109,0.2103,0.2107,463011.8
2026-09-04 23:10:00,0.2108,0.2109,0.2107,0.2108,205613.6
2026-09-04 23:15:00,0.2109,0.2109,0.2106,0.2107,400967.9
2026-09-04 23:20:00,0.2106,0.2109,0.2106,0.2109,135393.2
2026-09-04 23:25:00,0.2108,0.2114,0.2108,0.2111,413511.1
2026-09-04 23:30:00,0.2111,0.2111,0.2108,0.2109,63635.8
2026-09-04 23:35:00,0.2109,0.2114,0.2109,0.2114,547259.7
2026-09-04 23:40:00,0.2114,0.2115,0.2112,0.2112,144403.1
2026-09-04 23:45:00,0.2112,0.2113,0.2109,0.2109,394068.9
2026-09-04 23:50:00,0.211,0.2113,0.2109,0.2112,125981.3
2026-09-04 23:55:00,0.2111,0.2113,0.2111,0.2113,138677.5
2026-09-05 00:00:00,0.2112,0.2112,0.2105,0.2105,265515.1
2026-09-05 00:05:00,0.2106,0.2109,0.2104,0.2108,289508.1
2026-09-05 00:10:00,0.2108,0.2111,0.2108,0.2108,189622.4
2026-09-05 00:15:00,0.2108,0.2116,0.2108,0.2111,467816.9
2026-09-05 00:20:00,0.2112,0.2114,0.2108,0.2109,301512.5
2026-09-05 00:25:00,0.2108,0.2109,0.2106,0.2107,187129.4
2026-09-05 00:30:00,0.2107,0.2109,0.2103,0.2105,280733.8
2026-09-05 00:35:00,0.2105,0.2106,0.2103,0.2106,432708.1
2026-09-05 00:40:00,0.2106,0.2113,0.2106,0.2109,538475.8
2026-09-05 00:45:00,0.211,0.211,0.2105,0.2107,433116.9
2026-09-05 00:50:00,0.2107,0.2111,0.2106,0.2109,118444.0
2026-09-05 00:55:00,0.2109,0.211,0.2104,0.2104,460571.2
2026-09-05 01:00:00,0.2105,0.2106,0.2101,0.2106,436726.7
2026-09-05 01:05:00,0.2106,0.211,0.2105,0.211,115061.9
2026-09-05 01:10:00,0.211,0.2113,0.2107,0.2108,773322.6
2026-09-05 01:15:00,0.2108,0.2113,0.2106,0.211,639773.6
2026-09-05 01:20:00,0.211,0.2116,0.2107,0.2115,874954.3
2026-09-05 01:25:00,0.2115,0.2115,0.2108,0.2113,538161.8
2026-09-05 01:30:00,0.2113,0.2114,0.2109,0.2111,94988.6
2026-09-05 01:35:00,0.2111,0.2111,0.2108,0.2109,128850.7
2026-09-05 01:40:00,0.2109,0.211,0.2108,0.2108,64454.4
2026-09-05 01:45:00,0.2107,0.2108,0.2105,0.2105,571561.8
2026-09-05 01:50:00,0.2106,0.2108,0.2103,0.2104,521278.5
2026-09-05 01:55:00,0.2104,0.2105,0.21,0.21,117971.8
2026-09-05 02:00:00,0.2101,0.2101,0.2091,0.2097,709793.2
2026-09-05 02:05:00,0.2098,0.2102,0.2096,0.2102,389287.4
2026-09-05 02:10:00,0.2103,0.2103,0.2099,0.2101,284951.2
2026-09-05 02:15:00,0.2101,0.2104,0.21,0.2103,180099.9
2026-09-05 02:20:00,0.2102,0.2109,0.2101,0.2108,740347.1
2026-09-05 02:25:00,0.2108,0.2111,0.2105,0.2106,488936.8
2026-09-05 02:30:00,0.2106,0.2106,0.21,0.2102,471257.2
2026-09-05 02:35:00,0.2103,0.2107,0.2102,0.2106,253097.9
2026-09-05 02:40:00,0.2107,0.2109,0.2107,0.2109,377527.4
2026-09-05 02:45:00,0.211,0.211,0.2107,0.2108,413081.5
2026-09-05 02:50:00,0.2107,0.2108,0.2104,0.2107,793537.3
2026-09-05 02:55:00,0.2107,0.2108,0.2102,0.2103,1425519.5
2026-09-05 03:00:00,0.2104,0.2107,0.2103,0.2105,379747.2
2026-09-05 03:05:00,0.2105,0.2107,0.2103,0.2104,542166.8
2026-09-05 03:10:00,0.2104,0.2107,0.2104,0.2106,540200.1
2026-09-05 03:15:00,0.2107,0.211,0.2106,0.2108,537845.8
2026-09-05 03:20:00,0.2108,0.2111,0.2106,0.2106,762748.4
2026-09-05 03:25:00,0.2106,0.211,0.2105,0.2109,237683.5
2026-09-05 03:30:00,0.2108,0.211,0.2108,0.211,165381.1
2026-09-05 03:35:00,0.211,0.2111,0.2108,0.211,268876.2
2026-09-05 03:40:00,0.211,0.2111,0.2105,0.2108,675747.0
2026-09-05 03:45:00,0.2108,0.2108,0.2104,0.2107,173140.6
2026-09-05 03:50:00,0.2108,0.2109,0.2105,0.2106,671822.5
2026-09-05 03:55:00,0.2106,0.2106,0.2103,0.2105,923549.9
2026-09-05 04:00:00,0.2106,0.2106,0.21,0.2103,1332525.4
2026-09-05 04:05:00,0.2103,0.2105,0.2101,0.2102,475434.4
2026-09-05 04:10:00,0.2102,0.2102,0.21,0.2101,199639.6
2026-09-05 04:15:00,0.2102,0.2105,0.2101,0.2104,426236.3
2026-09-05 04:20:00,0.2104,0.2107,0.2104,0.2106,148368.8
2026-09-05 04:25:00,0.2106,0.2107,0.2105,0.2106,49587.3
2026-09-05 04:30:00,0.2106,0.2108,0.2106,0.2108,103396.9
2026-09-05 04:35:00,0.2108,0.2108,0.2107,0.2108,49629.0
2026-09-05 04:40:00,0.2108,0.211,0.2107,0.2108,308794.1
2026-09-05 04:45:00,0.2108,0.211,0.2105,0.2107,386954.7
2026-09-05 04:50:00,0.2107,0.2112,0.2106,0.211,285961.2
2026-09-05 04:55:00,0.2111,0.2112,0.2106,0.2107,621139.1
2026-09-05 05:00:00,0.2107,0.2108,0.2104,0.2105,369881.1
2026-09-05 05:05:00,0.2104,0.2108,0.2104,0.2106,481826.8
2026-09-05 05:10:00,0.2107,0.2109,0.2102,0.2107,718806.9
2026-09-05 05:15:00,0.2106,0.2112,0.2105,0.2109,996418.9
2026-09-05 05:20:00,0.2109,0.2111,0.2104,0.2107,417791.9
2026-09-05 05:25:00,0.2106,0.2108,0.2106,0.2108,168976.4
2026-09-05 05:30:00,0.2108,0.2109,0.2108,0.2108,83831.5
2026-09-05 05:35:00,0.2108,0.2108,0.2103,0.2104,413779.8
2026-09-05 05:40:00,0.2104,0.2107,0.2103,0.2103,373332.2
2026-09-05 05:45:00,0.2103,0.2104,0.2101,0.2102,267834.2
2026-09-05 05:50:00,0.2102,0.211,0.2101,0.2109,1018884.2
2026-09-05 05:55:00,0.2109,0.2114,0.2108,0.2112,1198057.3
2026-09-05 06:00:00,0.2113,0.2116,0.2112,0.2116,212938.7
2026-09-05 06:05:00,0.2115,0.2121,0.2114,0.212,944504.8
2026-09-05 06:10:00,0.212,0.2124,0.212,0.2124,1675782.1
2026-09-05 06:15:00,0.2123,0.2126,0.212,0.212,909942.8
2026-09-05 06:20:00,0.2121,0.2125,0.212,0.2125,279290.4
2026-09-05 06:25:00,0.2124,0.2126,0.2123,0.2125,385923.3
2026-09-05 06:30:00,0.2125,0.213,0.2124,0.2129,344479.9
2026-09-05 06:35:00,0.2128,0.2132,0.2128,0.2132,848452.6
2026-09-05 06:40:00,0.2131,0.2133,0.2129,0.2129,960588.6
2026-09-05 06:45:00,0.2129,0.2133,0.2129,0.2132,276697.8
2026-09-05 06:50:00,0.2133,0.2133,0.213,0.213,192903.0
2026-09-05 06:55:00,0.213,0.2133,0.213,0.2133,372544.7
2026-09-05 07:00:00,0.2132,0.2132,0.213,0.2132,354016.6
2026-09-05 07:05:00,0.2133,0.2134,0.2131,0.2131,333290.6
2026-09-05 07:10:00,0.2131,0.2133,0.2129,0.2132,380079.6
2026-09-05 07:15:00,0.2131,0.2133,0.2128,0.213,386382.6
2026-09-05 07:20:00,0.213,0.2133,0.213,0.2133,142486.1
2026-09-05 07:25:00,0.2133,0.2139,0.2133,0.2136,898237.7
2026-09-05 07:30:00,0.2137,0.2141,0.2136,0.2141,372014.3
2026-09-05 07:35:00,0.2141,0.2141,0.2135,0.2137,1051008.6
2026-09-05 07:40:00,0.2137,0.2141,0.2135,0.2141,550076.2
2026-09-05 07:45:00,0.2141,0.2142,0.2134,0.2134,725070.8
2026-09-05 07:50:00,0.2134,0.2139,0.2134,0.2137,681315.0
2026-09-05 07:55:00,0.2136,0.2139,0.2134,0.2138,602664.3
2026-09-05 08:00:00,0.2138,0.2139,0.2132,0.2134,882506.7
2026-09-05 08:05:00,0.2133,0.2134,0.213,0.2131,453336.4
2026-09-05 08:10:00,0.2132,0.2135,0.2129,0.213,978885.4
2026-09-05 08:15:00,0.2131,0.2138,0.2131,0.2135,728664.7
2026-09-05 08:20:00,0.2134,0.2136,0.2132,0.2133,465336.4
2026-09-05 08:25:00,0.2133,0.2136,0.2131,0.2136,384552.8
2026-09-05 08:30:00,0.2136,0.2136,0.213,0.213,393237.8
2026-09-05 08:35:00,0.2129,0.2131,0.2126,0.213,475872.2
2026-09-05 08:40:00,0.2129,0.2133,0.2129,0.213,295485.8
2026-09-05 08:45:00,0.2131,0.2134,0.213,0.2131,338917.2
2026-09-05 08:50:00,0.213,0.2134,0.2129,0.2134,179999.2
2026-09-05 08:55:00,0.2133,0.2136,0.2133,0.2135,263927.7
2026-09-05 09:00:00,0.2136,0.2147,0.2135,0.2143,1131232.5
2026-09-05 09:05:00,0.2144,0.2146,0.2141,0.2142,372295.9
2026-09-05 09:10:00,0.2142,0.2144,0.2141,0.2141,717101.6
2026-09-05 09:15:00,0.2141,0.2141,0.2136,0.2138,152978.9
2026-09-05 09:20:00,0.2138,0.2138,0.2135,0.2136,264718.7
2026-09-05 09:25:00,0.2136,0.2136,0.2134,0.2135,96862.6
2026-09-05 09:30:00,0.2135,0.2137,0.2133,0.2135,334704.6
2026-09-05 09:35:00,0.2134,0.2136,0.2133,0.2135,448328.8
2026-09-05 09:40:00,0.2134,0.2136,0.2131,0.2136,341831.1
2026-09-05 09:45:00,0.2137,0.2137,0.2131,0.2131,264545.7
2026-09-05 09:50:00,0.2131,0.2135,0.2131,0.2133,112326.0
2026-09-05 09:55:00,0.2133,0.2136,0.2133,0.2136,120369.5
2026-09-05 10:00:00,0.2136,0.2136,0.2133,0.2134,121372.1
2026-09-05 10:05:00,0.2133,0.2133,0.2131,0.2133,224514.3
2026-09-05 10:10:00,0.2132,0.2133,0.213,0.213,216808.8
2026-09-05 10:15:00,0.2131,0.2133,0.2131,0.2133,78920.6
2026-09-05 10:20:00,0.2133,0.2133,0.2129,0.2132,577873.4
2026-09-05 10:25:00,0.2131,0.2132,0.2129,0.213,131889.9
2026-09-05 10:30:00,0.2131,0.2134,0.2131,0.2133,163393.0
2026-09-05 10:35:00,0.2134,0.2134,0.2128,0.2133,735675.7
2026-09-05 10:40:00,0.2133,0.2135,0.2132,0.2132,190545.5
2026-09-05 10:45:00,0.2132,0.2133,0.2131,0.2132,87963.3
2026-09-05 10:50:00,0.2133,0.2134,0.2131,0.2131,463391.5
2026-09-05 10:55:00,0.2131,0.2132,0.2128,0.2129,406637.3
2026-09-05 11:00:00,0.2129,0.2131,0.2128,0.2131,329723.0
2026-09-05 11:05:00,0.213,0.2132,0.2127,0.2131,496336.3
2026-09-05 11:10:00,0.2132,0.2134,0.2129,0.2131,675638.1
2026-09-05 11:15:00,0.2131,0.2131,0.2128,0.2129,503719.7
2026-09-05 11:20:00,0.2129,0.2129,0.2126,0.2127,340576.9
2026-09-05 11:25:00,0.2127,0.2128,0.2125,0.2125,357089.0
2026-09-05 11:30:00,0.2125,0.2127,0.2124,0.2127,332604.3
2026-09-05 11:35:00,0.2127,0.213,0.2126,0.2129,211781.3
2026-09-05 11:40:00,0.2129,0.2129,0.2127,0.2127,376831.8
2026-09-05 11:45:00,0.2127,0.2132,0.2127,0.2132,506287.2
2026-09-05 11:50:00,0.2132,0.2134,0.213,0.2131,314755.7
2026-09-05 11:55:00,0.2131,0.2136,0.2131,0.2135,216793.4
2026-09-05 12:00:00,0.2135,0.2137,0.2134,0.2136,256726.0
2026-09-05 12:05:00,0.2136,0.2137,0.2133,0.2133,129010.8
2026-09-05 12:10:00,0.2133,0.2136,0.2132,0.2135,304078.7
2026-09-05 12:15:00,0.2135,0.2138,0.2135,0.2135,135955.1
2026-09-05 12:20:00,0.2136,0.2137,0.2134,0.2137,231218.2
2026-09-05 12:25:00,0.2137,0.2141,0.2135,0.214,949248.5
2026-09-05 12:30:00,0.2141,0.2144,0.2136,0.2144,456554.5
2026-09-05 12:35:00,0.2144,0.216,0.2144,0.2159,1341517.7
2026-09-05 12:40:00,0.2159,0.2163,0.2157,0.2162,1482827.4
2026-09-05 12:45:00,0.2162,0.2171,0.216,0.2166,2468497.7
2026-09-05 12:50:00,0.2166,0.2166,0.2159,0.2163,868249.0
2026-09-05 12:55:00,0.2164,0.2166,0.2163,0.2164,502546.1
2026-09-05 13:00:00,0.2165,0.2168,0.2164,0.2166,535546.5
2026-09-05 13:05:00,0.2165,0.217,0.2164,0.2169,393915.5
2026-09-05 13:10:00,0.2168,0.217,0.2162,0.2164,831709.0
2026-09-05 13:15:00,0.2165,0.2167,0.216,0.2162,958332.7
2026-09-05 13:20:00,0.2162,0.2171,0.2162,0.2167,804875.3
2026-09-05 13:25:00,0.2167,0.2167,0.2164,0.2164,260982.8
2026-09-05 13:30:00,0.2165,0.2165,0.2159,0.2163,1080597.8
2026-09-05 13:35:00,0.2163,0.2166,0.2156,0.2157,518094.8
2026-09-05 13:40:00,0.2157,0.2164,0.2153,0.2159,796392.1
2026-09-05 13:45:00,0.2159,0.2163,0.2159,0.2162,505387.4
2026-09-05 13:50:00,0.2162,0.2162,0.215,0.2157,974743.2
2026-09-05 13:55:00,0.2157,0.2159,0.2155,0.2155,440907.5
2026-09-05 14:00:00,0.2156,0.216,0.2154,0.2155,320179.5
2026-09-05 14:05:00,0.2154,0.2159,0.2154,0.2157,172286.6
2026-09-05 14:10:00,0.2157,0.2157,0.2152,0.2153,182917.0
2026-09-05 14:15:00,0.2154,0.2159,0.2153,0.2158,123116.6
2026-09-05 14:20:00,0.2159,0.2161,0.2157,0.2158,314434.7
2026-09-05 14:25:00,0.2159,0.2165,0.2158,0.2164,222051.7
2026-09-05 14:30:00,0.2164,0.2171,0.2163,0.217,692305.2
2026-09-05 14:35:00,0.217,0.2186,0.217,0.2184,1237902.4
2026-09-05 14:40:00,0.2185,0.2194,0.2177,0.2179,2524254.6
2026-09-05 14:45:00,0.2179,0.2184,0.2173,0.2176,1315264.2
2026-09-05 14:50:00,0.2175,0.2179,0.2174,0.2176,463607.8
2026-09-05 14:55:00,0.2177,0.2183,0.2175,0.2177,581030.2
2026-09-05 15:00:00,0.2177,0.2178,0.2173,0.2174,207757.0
2026-09-05 15:05:00,0.2174,0.2176,0.2171,0.2173,671405.3
2026-09-05 15:10:00,0.2172,0.2175,0.217,0.2175,554519.2
2026-09-05 15:15:00,0.2175,0.2176,0.2169,0.2172,247660.2
2026-09-05 15:20:00,0.2171,0.2178,0.217,0.2177,593736.7
2026-09-05 15:25:00,0.2177,0.2187,0.2177,0.2179,1222685.6
2026-09-05 15:30:00,0.2179,0.2182,0.217,0.2172,768730.1
2026-09-05 15:35:00,0.2172,0.2176,0.217,0.2172,543960.9
2026-09-05 15:40:00,0.2171,0.2174,0.2169,0.217,826700.3
2026-09-05 15:45:00,0.217,0.2173,0.2167,0.2169,461637.3
2026-09-05 15:50:00,0.2169,0.2174,0.2168,0.2172,871828.2
2026-09-05 15:55:00,0.2172,0.2175,0.2169,0.2174,361805.9
2026-09-05 16:00:00,0.2173,0.2181,0.2171,0.2181,553572.4
2026-09-05 16:05:00,0.2181,0.2185,0.2176,0.2177,434843.5
2026-09-05 16:10:00,0.2177,0.2182,0.2177,0.2177,189427.6
2026-09-05 16:15:00,0.2178,0.2179,0.2175,0.2177,134029.1
2026-09-05 16:20:00,0.2177,0.2179,0.2176,0.2178,127122.5
2026-09-05 16:25:00,0.2178,0.218,0.2176,0.2178,285223.4
2026-09-05 16:30:00,0.2179,0.2186,0.2179,0.2182,1236935.9
2026-09-05 16:35:00,0.2181,0.2181,0.2175,0.2176,130179.5
2026-09-05 16:40:00,0.2177,0.2179,0.2176,0.2176,347617.9
2026-09-05 16:45:00,0.2175,0.2184,0.2175,0.2181,1870206.1
2026-09-05 16:50:00,0.2181,0.2184,0.2174,0.2184,422258.6
2026-09-05 16:55:00,0.2184,0.2185,0.2178,0.218,858119.6
2026-09-05 17:00:00,0.2181,0.2184,0.2175,0.2182,527606.4
2026-09-05 17:05:00,0.2183,0.2187,0.2181,0.2187,635770.4
2026-09-05 17:10:00,0.2187,0.2192,0.2185,0.219,659660.2
2026-09-05 17:15:00,0.2189,0.219,0.2182,0.2183,383865.4
2026-09-05 17:20:00,0.2183,0.2186,0.2181,0.2184,506807.3
2026-09-05 17:25:00,0.2184,0.2185,0.218,0.2183,208787.4
2026-09-05 17:30:00,0.2184,0.2188,0.2182,0.2184,347364.9
2026-09-05 17:35:00,0.2183,0.2185,0.218,0.2181,152521.0
2026-09-05 17:40:00,0.2181,0.219,0.2181,0.2189,410133.0
2026-09-05 17:45:00,0.219,0.2195,0.2189,0.2193,463134.3
2026-09-05 17:50:00,0.2192,0.22,0.2192,0.2199,962048.0
2026-09-05 17:55:00,0.22,0.2215,0.2196,0.2211,2047889.9
2026-09-05 18:00:00,0.2212,0.2214,0.22,0.22,841294.0
2026-09-05 18:05:00,0.2201,0.2204,0.2196,0.2198,302780.2
2026-09-05 18:10:00,0.2197,0.222,0.2197,0.2218,2904935.5
2026-09-05 18:15:00,0.2218,0.2219,0.2207,0.2213,1757354.6
2026-09-05 18:20:00,0.2214,0.2215,0.2205,0.2208,1006013.1
2026-09-05 18:25:00,0.2209,0.2211,0.2203,0.2203,964113.7
2026-09-05 18:30:00,0.2204,0.2209,0.2202,0.2208,410080.1
2026-09-05 18:35:00,0.2208,0.2213,0.2206,0.2209,373049.4
2026-09-05 18:40:00,0.2208,0.2209,0.2204,0.2207,491637.3
2026-09-05 18:45:00,0.2207,0.221,0.2205,0.2205,217104.5
2026-09-05 18:50:00,0.2204,0.2204,0.22,0.2201,383394.5
2026-09-05 18:55:00,0.2202,0.2202,0.2199,0.2201,313424.4
2026-09-05 19:00:00,0.22,0.2209,0.2198,0.2208,602726.5
2026-09-05 19:05:00,0.2209,0.2215,0.2209,0.2211,263091.3
2026-09-05 19:10:00,0.2212,0.2216,0.221,0.2211,832474.5
2026-09-05 19:15:00,0.2211,0.2212,0.2207,0.221,140482.8
2026-09-05 19:20:00,0.2211,0.2212,0.2206,0.221,1138057.0
2026-09-05 19:25:00,0.221,0.2212,0.2208,0.2209,146690.7
2026-09-05 19:30:00,0.2209,0.2214,0.2205,0.2205,349504.3
2026-09-05 19:35:00,0.2205,0.2206,0.2198,0.2199,332094.1
2026-09-05 19:40:00,0.2199,0.2206,0.2199,0.2204,495524.8
2026-09-05 19:45:00,0.2205,0.2205,0.2194,0.2194,676603.5
2026-09-05 19:50:00,0.2194,0.2198,0.2193,0.2195,485028.0
2026-09-05 19:55:00,0.2195,0.2198,0.2192,0.2195,784031.8
2026-09-05 20:00:00,0.2195,0.2198,0.2192,0.2193,324622.4
2026-09-05 20:05:00,0.2192,0.2202,0.2192,0.22,461043.3
2026-09-05 20:10:00,0.22,0.2205,0.2199,0.2202,482331.0
2026-09-05 20:15:00,0.2201,0.2202,0.2192,0.2194,265930.7
2026-09-05 20:20:00,0.2194,0.2201,0.2192,0.22,233280.6
2026-09-05 20:25:00,0.22,0.2205,0.2197,0.2197,712244.9
2026-09-05 20:30:00,0.2197,0.2198,0.219,0.2192,556119.4
2026-09-05 20:35:00,0.2193,0.2197,0.2191,0.2195,557274.7
2026-09-05 20:40:00,0.2195,0.2201,0.2193,0.22,443109.7
2026-09-05 20:45:00,0.22,0.2201,0.2195,0.2197,699987.9
2026-09-05 20:50:00,0.2197,0.2199,0.2193,0.2194,571962.1
2026-09-05 20:55:00,0.2193,0.2195,0.219,0.219,712785.9
2026-09-05 21:00:00,0.2191,0.2193,0.218,0.2183,2157147.3
2026-09-05 21:05:00,0.2182,0.2192,0.218,0.219,1598905.2
2026-09-05 21:10:00,0.219,0.2195,0.219,0.219,356061.9
2026-09-05 21:15:00,0.2191,0.2194,0.219,0.2193,280884.4
2026-09-05 21:20:00,0.2194,0.2201,0.2194,0.2199,809461.1
2026-09-05 21:25:00,0.22,0.2207,0.2199,0.2206,341684.3
2026-09-05 21:30:00,0.2206,0.2208,0.22,0.22,1416951.3
2026-09-05 21:35:00,0.22,0.2204,0.2196,0.2204,377794.0
2026-09-05 21:40:00,0.2204,0.2208,0.2199,0.2203,988037.0
2026-09-05 21:45:00,0.2204,0.2208,0.2201,0.2204,365183.4
2026-09-05 21:50:00,0.2205,0.2208,0.2203,0.2203,388245.6
2026-09-05 21:55:00,0.2203,0.2206,0.2203,0.2205,230169.5
2026-09-05 22:00:00,0.2206,0.2215,0.2205,0.2206,1247605.4
2026-09-05 22:05:00,0.2206,0.2208,0.2201,0.2202,425134.7
2026-09-05 22:10:00,0.2201,0.2207,0.2201,0.2205,571104.4
2026-09-05 22:15:00,0.2204,0.2204,0.22,0.22,624714.9
2026-09-05 22:20:00,0.2199,0.22,0.2194,0.2198,351597.3
2026-09-05 22:25:00,0.2197,0.2197,0.2194,0.2197,447421.8
2026-09-05 22:30:00,0.2198,0.2204,0.2197,0.2203,803107.1
2026-09-05 22:35:00,0.2203,0.2205,0.2201,0.2204,347585.9
2026-09-05 22:40:00,0.2203,0.2203,0.2195,0.2195,350745.2
2026-09-05 22:45:00,0.2195,0.2197,0.2192,0.2194,534418.5
2026-09-05 22:50:00,0.2194,0.2196,0.2193,0.2195,84163.7
2026-09-05 22:55:00,0.2196,0.2197,0.2194,0.2195,237744.8
2026-09-05 23:00:00,0.2195,0.2196,0.2192,0.2193,343261.1
2026-09-05 23:05:00,0.2193,0.2198,0.2192,0.2197,389540.1
2026-09-05 23:10:00,0.2197,0.2199,0.2193,0.2193,149994.0
2026-09-05 23:15:00,0.2193,0.2194,0.2191,0.2194,360861.3
2026-09-05 23:20:00,0.2195,0.2195,0.219,0.219,460356.8
2026-09-05 23:25:00,0.2191,0.2194,0.2191,0.2192,407595.2
2026-09-05 23:30:00,0.2192,0.2196,0.2192,0.2194,111870.2
2026-09-05 23:35:00,0.2194,0.2195,0.2184,0.2187,1090356.6
2026-09-05 23:40:00,0.2188,0.2188,0.2184,0.2186,389549.4
2026-09-05 23:45:00,0.2187,0.2193,0.2183,0.219,434676.1
2026-09-05 23:50:00,0.219,0.2191,0.2188,0.219,215335.7
2026-09-05 23:55:00,0.2189,0.2189,0.2182,0.2183,498296.9
2026-09-06 00:00:00,0.2183,0.2187,0.2183,0.2187,201791.4
2026-09-06 00:05:00,0.2187,0.2189,0.2186,0.2188,266303.1
2026-09-06 00:10:00,0.2188,0.2189,0.2186,0.2188,368494.0
2026-09-06 00:15:00,0.2189,0.219,0.2188,0.2188,250026.8
2026-09-06 00:20:00,0.2188,0.2192,0.2187,0.2192,249586.6
2026-09-06 00:25:00,0.2193,0.2196,0.2193,0.2196,196169.5
2026-09-06 00:30:00,0.2195,0.2198,0.2194,0.2197,443304.7
2026-09-06 00:35:00,0.2197,0.2199,0.2193,0.2196,380287.8
2026-09-06 00:40:00,0.2195,0.2199,0.2193,0.2195,777691.7
2026-09-06 00:45:00,0.2195,0.2195,0.2192,0.2192,73555.4
2026-09-06 00:50:00,0.2193,0.2195,0.219,0.2193,493878.0
2026-09-06 00:55:00,0.2193,0.2198,0.2193,0.2195,603325.7
2026-09-06 01:00:00,0.2194,0.2202,0.2191,0.2198,825879.3
2026-09-06 01:05:00,0.2198,0.2211,0.2197,0.2208,1282232.1
2026-09-06 01:10:00,0.2208,0.2215,0.2205,0.2212,1360192.1
2026-09-06 01:15:00,0.2212,0.2226,0.2211,0.2225,1878806.1
2026-09-06 01:20:00,0.2225,0.2228,0.2218,0.2221,1237636.9
2026-09-06 01:25:00,0.2221,0.2222,0.2216,0.2217,107599.1
2026-09-06 01:30:00,0.2216,0.2222,0.2214,0.2222,305218.5
2026-09-06 01:35:00,0.2222,0.2225,0.2219,0.2224,972491.5
2026-09-06 01:40:00,0.2225,0.2226,0.2216,0.2216,354520.4
2026-09-06 01:45:00,0.2217,0.222,0.2214,0.2217,1551666.1
2026-09-06 01:50:00,0.2217,0.2229,0.2217,0.2219,663096.9
2026-09-06 01:55:00,0.222,0.2221,0.2212,0.2213,1174431.6
2026-09-06 02:00:00,0.2214,0.2218,0.221,0.2211,510646.1
2026-09-06 02:05:00,0.2211,0.2218,0.2211,0.2217,322973.1
2026-09-06 02:10:00,0.2216,0.2218,0.2214,0.2215,584639.9
2026-09-06 02:15:00,0.2216,0.2217,0.2208,0.2209,485791.6
2026-09-06 02:20:00,0.2208,0.2208,0.2205,0.2206,386136.7
2026-09-06 02:25:00,0.2206,0.2208,0.2204,0.2207,125456.7
2026-09-06 02:30:00,0.2207,0.222,0.2207,0.2219,560003.6
2026-09-06 02:35:00,0.2219,0.222,0.2209,0.2214,495241.5
2026-09-06 02:40:00,0.2215,0.2217,0.221,0.221,119524.3
2026-09-06 02:45:00,0.2211,0.2212,0.2208,0.221,131830.2
2026-09-06 02:50:00,0.221,0.2215,0.2209,0.2213,503873.2
2026-09-06 02:55:00,0.2213,0.2214,0.2211,0.2212,93188.8
2026-09-06 03:00:00,0.2212,0.2217,0.221,0.2217,289090.5
2026-09-06 03:05:00,0.2216,0.2216,0.221,0.221,210201.3
2026-09-06 03:10:00,0.2211,0.2212,0.221,0.2211,157233.6
2026-09-06 03:15:00,0.2212,0.2215,0.2212,0.2214,143563.3
2026-09-06 03:20:00,0.2215,0.2215,0.2209,0.2211,394420.1
2026-09-06 03:25:00,0.2211,0.2211,0.2206,0.2211,321568.9
2026-09-06 03:30:00,0.2211,0.2218,0.2211,0.2218,165663.8
2026-09-06 03:35:00,0.2218,0.2227,0.2217,0.2226,793873.0
2026-09-06 03:40:00,0.2227,0.2237,0.2227,0.2235,1010904.5
2026-09-06 03:45:00,0.2235,0.2238,0.2227,0.2229,254594.9
2026-09-06 03:50:00,0.2229,0.2232,0.2228,0.2229,426214.3
2026-09-06 03:55:00,0.2229,0.2231,0.2228,0.2228,400529.0
2026-09-06 04:00:00,0.2229,0.2231,0.2221,0.2222,244951.6
2026-09-06 04:05:00,0.2222,0.2222,0.2214,0.2215,307087.8
2026-09-06 04:10:00,0.2216,0.2221,0.2215,0.2216,184438.1
2026-09-06 04:15:00,0.2216,0.2218,0.2209,0.221,380676.8
2026-09-06 04:20:00,0.2211,0.2211,0.2202,0.2207,853437.4
2026-09-06 04:25:00,0.2207,0.2208,0.2206,0.2208,492445.7
2026-09-06 04:30:00,0.2209,0.2209,0.2203,0.2204,493990.2
2026-09-06 04:35:00,0.2204,0.2209,0.2204,0.2207,301222.4
2026-09-06 04:40:00,0.2208,0.2215,0.2208,0.2214,323012.5
2026-09-06 04:45:00,0.2215,0.2221,0.2215,0.2219,535745.8
2026-09-06 04:50:00,0.2219,0.2219,0.221,0.2212,276889.6
2026-09-06 04:55:00,0.2212,0.2214,0.2209,0.221,89162.4
2026-09-06 05:00:00,0.221,0.2216,0.2209,0.2213,304964.4
2026-09-06 05:05:00,0.2214,0.2214,0.2211,0.2211,215839.6
2026-09-06 05:10:00,0.221,0.2211,0.2206,0.2207,143164.6
2026-09-06 05:15:00,0.2207,0.2208,0.2203,0.2206,213318.1
2026-09-06 05:20:00,0.2207,0.2216,0.2207,0.2216,839410.6
2026-09-06 05:25:00,0.2216,0.2218,0.2212,0.2214,630710.8
2026-09-06 05:30:00,0.2214,0.222,0.2211,0.2217,709211.3
2026-09-06 05:35:00,0.2218,0.2227,0.2217,0.2227,840581.9
2026-09-06 05:40:00,0.2227,0.223,0.2221,0.2221,476732.5
2026-09-06 05:45:00,0.2222,0.2225,0.2214,0.2216,651453.7
2026-09-06 05:50:00,0.2216,0.222,0.2216,0.2219,335475.9
2026-09-06 05:55:00,0.2218,0.2219,0.2214,0.2215,192712.2
2026-09-06 06:00:00,0.2215,0.2218,0.2214,0.2217,163262.4
2026-09-06 06:05:00,0.2216,0.2217,0.2211,0.2212,192518.0
2026-09-06 06:10:00,0.2212,0.2217,0.2212,0.2215,202652.0
2026-09-06 06:15:00,0.2215,0.2216,0.221,0.2213,256988.5
2026-09-06 06:20:00,0.2212,0.2212,0.2206,0.2207,234243.4
2026-09-06 06:25:00,0.2207,0.2207,0.2202,0.2203,265076.5
2026-09-06 06:30:00,0.2203,0.2207,0.2202,0.2203,359878.4
2026-09-06 06:35:00,0.2203,0.2206,0.2203,0.2205,153648.8
2026-09-06 06:40:00,0.2205,0.2207,0.2203,0.2207,120116.6
2026-09-06 06:45:00,0.2208,0.2208,0.2203,0.2204,224855.8
2026-09-06 06:50:00,0.2204,0.2207,0.2203,0.2204,274564.5
2026-09-06 06:55:00,0.2204,0.2204,0.22,0.2202,452464.8
2026-09-06 07:00:00,0.2202,0.2205,0.2201,0.2202,475352.7
2026-09-06 07:05:00,0.2202,0.2204,0.2195,0.2196,979273.6
2026-09-06 07:10:00,0.2196,0.2198,0.2173,0.2183,3598705.7
2026-09-06 07:15:00,0.2184,0.2192,0.2184,0.219,538297.1
2026-09-06 07:20:00,0.219,0.2192,0.2186,0.2187,380006.4
2026-09-06 07:25:00,0.2187,0.219,0.2186,0.2187,319417.9
2026-09-06 07:30:00,0.2187,0.219,0.2186,0.2186,465149.1
2026-09-06 07:35:00,0.2187,0.2188,0.2182,0.2188,299754.5
2026-09-06 07:40:00,0.2188,0.2189,0.2186,0.2188,85336.1
2026-09-06 07:45:00,0.2189,0.2192,0.2187,0.219,237741.7
2026-09-06 07:50:00,0.2189,0.2191,0.2188,0.2189,72472.6
2026-09-06 07:55:00,0.219,0.2194,0.219,0.2191,231754.8
2026-09-06 08:00:00,0.219,0.2191,0.218,0.2184,2059106.9
2026-09-06 08:05:00,0.2183,0.2188,0.2182,0.2186,154828.5
2026-09-06 08:10:00,0.2185,0.2189,0.2184,0.2187,245882.3
2026-09-06 08:15:00,0.2187,0.2188,0.2184,0.2184,50382.5
2026-09-06 08:20:00,0.2185,0.2186,0.2181,0.2182,502404.0
2026-09-06 08:25:00,0.2182,0.2182,0.218,0.218,178647.8
2026-09-06 08:30:00,0.2181,0.2181,0.2176,0.2179,743099.1
2026-09-06 08:35:00,0.218,0.218,0.2175,0.2177,226996.8
2026-09-06 08:40:00,0.2177,0.2179,0.2175,0.2176,225766.7
2026-09-06 08:45:00,0.2176,0.2178,0.2174,0.2174,359466.5
2026-09-06 08:50:00,0.2175,0.2178,0.2174,0.2178,532634.5
2026-09-06 08:55:00,0.2178,0.2181,0.2176,0.2176,549301.6
2026-09-06 09:00:00,0.2175,0.2181,0.2173,0.218,403993.9
2026-09-06 09:05:00,0.2181,0.2182,0.218,0.2182,75813.4
2026-09-06 09:10:00,0.2182,0.2187,0.2181,0.2186,693016.5
2026-09-06 09:15:00,0.2186,0.219,0.2183,0.2188,499435.3
2026-09-06 09:20:00,0.2188,0.2195,0.2187,0.2195,821637.5
2026-09-06 09:25:00,0.2194,0.2198,0.2194,0.2198,428273.1
2026-09-06 09:30:00,0.2198,0.2201,0.2197,0.22,935684.9
2026-09-06 09:35:00,0.2199,0.22,0.219,0.2193,867963.1
2026-09-06 09:40:00,0.2193,0.2195,0.2187,0.219,577577.4
2026-09-06 09:45:00,0.2189,0.2199,0.2189,0.2198,190317.6
2026-09-06 09:50:00,0.2198,0.22,0.2194,0.2194,324807.2
2026-09-06 09:55:00,0.2195,0.2197,0.2194,0.2196,262711.5
2026-09-06 10:00:00,0.2197,0.2198,0.2195,0.2196,258748.6
2026-09-06 10:05:00,0.2197,0.2199,0.2193,0.2194,173411.0
2026-09-06 10:10:00,0.2194,0.2194,0.2192,0.2193,207878.9
2026-09-06 10:15:00,0.2192,0.2193,0.219,0.2192,353947.0
2026-09-06 10:20:00,0.2192,0.2192,0.2189,0.219,359266.9
2026-09-06 10:25:00,0.219,0.2191,0.2189,0.2189,67016.6
2026-09-06 10:30:00,0.2188,0.2189,0.2185,0.2187,392043.0
2026-09-06 10:35:00,0.2187,0.2191,0.2185,0.2188,441352.6
2026-09-06 10:40:00,0.2188,0.2191,0.2187,0.219,175966.4
2026-09-06 10:45:00,0.219,0.2193,0.219,0.2193,99321.6
2026-09-06 10:50:00,0.2193,0.2195,0.2191,0.2194,269255.5
2026-09-06 10:55:00,0.2195,0.2197,0.2194,0.2195,336461.5
2026-09-06 11:00:00,0.2196,0.2199,0.2193,0.2197,617739.4
2026-09-06 11:05:00,0.2197,0.2201,0.2195,0.2195,462298.3
2026-09-06 11:10:00,0.2194,0.2199,0.2192,0.2199,392503.8
2026-09-06 11:15:00,0.2198,0.2204,0.2196,0.2203,243928.6
2026-09-06 11:20:00,0.2203,0.2204,0.2198,0.2204,461615.9
2026-09-06 11:25:00,0.2205,0.2218,0.2205,0.221,3901039.3
2026-09-06 11:30:00,0.221,0.2215,0.2207,0.2215,726206.6
2026-09-06 11:35:00,0.2216,0.2217,0.221,0.2212,901837.8
2026-09-06 11:40:00,0.2212,0.2214,0.2209,0.2213,966870.6
2026-09-06 11:45:00,0.2213,0.2217,0.2211,0.2214,554174.0
2026-09-06 11:50:00,0.2213,0.2213,0.2205,0.2207,457910.6
2026-09-06 11:55:00,0.2206,0.2209,0.2205,0.2209,464645.1
2026-09-06 12:00:00,0.2209,0.2211,0.2205,0.2207,388404.0
2026-09-06 12:05:00,0.2208,0.2212,0.2205,0.2211,249046.0
2026-09-06 12:10:00,0.2211,0.2212,0.2207,0.221,378635.0
2026-09-06 12:15:00,0.2211,0.2216,0.221,0.2214,279392.0
2026-09-06 12:20:00,0.2214,0.2217,0.221,0.2213,268795.3
2026-09-06 12:25:00,0.2213,0.2213,0.2208,0.221,686673.9
2026-09-06 12:30:00,0.221,0.2216,0.2206,0.2211,1124931.4
2026-09-06 12:35:00,0.2211,0.2216,0.221,0.2215,707250.9
2026-09-06 12:40:00,0.2214,0.2215,0.2206,0.2206,415921.5
2026-09-06 12:45:00,0.2207,0.2209,0.2202,0.2204,594767.4
2026-09-06 12:50:00,0.2204,0.2212,0.2203,0.2212,202027.2
2026-09-06 12:55:00,0.2211,0.2212,0.2206,0.2206,439039.6
2026-09-06 13:00:00,0.2206,0.2206,0.2197,0.2197,614103.9
2026-09-06 13:05:00,0.2197,0.2203,0.2197,0.2202,624843.0
2026-09-06 13:10:00,0.2201,0.2203,0.2197,0.2197,507609.8
2026-09-06 13:15:00,0.2197,0.2198,0.2185,0.2187,891577.6
2026-09-06 13:20:00,0.2187,0.2189,0.2184,0.2186,804533.6
2026-09-06 13:25:00,0.2186,0.2186,0.2181,0.2181,1945294.7
2026-09-06 13:30:00,0.2181,0.2185,0.2179,0.2181,401658.5
2026-09-06 13:35:00,0.2182,0.219,0.2182,0.2188,394335.2
2026-09-06 13:40:00,0.2187,0.2191,0.2187,0.2191,354872.8
2026-09-06 13:45:00,0.219,0.2193,0.2189,0.219,335083.4
2026-09-06 13:50:00,0.2189,0.2193,0.2188,0.2193,243356.8
2026-09-06 13:55:00,0.2192,0.2196,0.2191,0.2194,394484.4
2026-09-06 14:00:00,0.2194,0.2195,0.2191,0.2194,442631.6
2026-09-06 14:05:00,0.2194,0.2195,0.2186,0.2186,340502.1
2026-09-06 14:10:00,0.2185,0.2189,0.2177,0.218,2050963.0
2026-09-06 14:15:00,0.2181,0.2186,0.2173,0.2182,1362201.9
2026-09-06 14:20:00,0.2182,0.2182,0.2163,0.2171,1899611.3
2026-09-06 14:25:00,0.2171,0.2174,0.217,0.2171,877933.5
2026-09-06 14:30:00,0.2171,0.2171,0.2154,0.2169,2239480.7
2026-09-06 14:35:00,0.2169,0.2174,0.2167,0.2172,480298.8
2026-09-06 14:40:00,0.2172,0.2177,0.2172,0.2177,319112.7
2026-09-06 14:45:00,0.2178,0.2178,0.2169,0.2176,468040.9
2026-09-06 14:50:00,0.2177,0.2183,0.2177,0.218,240721.8
2026-09-06 14:55:00,0.2179,0.218,0.2175,0.2176,495990.5
2026-09-06 15:00:00,0.2176,0.2176,0.216,0.2165,654147.7
2026-09-06 15:05:00,0.2166,0.2173,0.2166,0.2169,354264.6
2026-09-06 15:10:00,0.2169,0.2175,0.2169,0.2173,113045.9
2026-09-06 15:15:00,0.2174,0.2178,0.2173,0.2178,147215.3
2026-09-06 15:20:00,0.2179,0.2181,0.2175,0.2178,373932.5
2026-09-06 15:25:00,0.2178,0.218,0.2176,0.2178,369633.4
2026-09-06 15:30:00,0.2178,0.2179,0.2174,0.2178,168319.0
2026-09-06 15:35:00,0.2177,0.2181,0.2174,0.2177,164713.9
2026-09-06 15:40:00,0.2179,0.218,0.2177,0.218,139341.9
2026-09-06 15:45:00,0.218,0.218,0.2174,0.2174,413283.4
2026-09-06 15:50:00,0.2174,0.2176,0.2172,0.2172,402960.6
2026-09-06 15:55:00,0.2173,0.2175,0.2172,0.2175,249579.0
2026-09-06 16:00:00,0.2174,0.2175,0.2171,0.2171,103719.9
2026-09-06 16:05:00,0.2171,0.2176,0.2171,0.2175,183466.8
2026-09-06 16:10:00,0.2175,0.2184,0.2175,0.2183,180344.6
2026-09-06 16:15:00,0.2184,0.2185,0.2183,0.2183,88732.9
2026-09-06 16:20:00,0.2184,0.2184,0.218,0.218,51342.7
2026-09-06 16:25:00,0.2181,0.2191,0.2179,0.2191,613267.2
2026-09-06 16:30:00,0.2191,0.2192,0.2186,0.219,409971.8
2026-09-06 16:35:00,0.219,0.219,0.2186,0.219,82650.2
2026-09-06 16:40:00,0.2189,0.2192,0.2188,0.2189,86227.3
2026-09-06 16:45:00,0.2189,0.2189,0.2185,0.2186,122663.5
2026-09-06 16:50:00,0.2187,0.2189,0.2186,0.2187,55476.1
2026-09-06 16:55:00,0.2186,0.2187,0.2185,0.2186,142470.8
2026-09-06 17:00:00,0.2187,0.2188,0.2182,0.2183,212439.4
2026-09-06 17:05:00,0.2183,0.2183,0.2175,0.2176,194850.5
2026-09-06 17:10:00,0.2177,0.2182,0.2177,0.218,286767.1
2026-09-06 17:15:00,0.2181,0.2185,0.2181,0.2185,80209.2
2026-09-06 17:20:00,0.2185,0.2188,0.2181,0.2186,628979.6
2026-09-06 17:25:00,0.2186,0.2188,0.2177,0.2179,248060.3
2026-09-06 17:30:00,0.2179,0.2183,0.2176,0.218,322523.8
2026-09-06 17:35:00,0.218,0.2186,0.218,0.2183,181665.0
2026-09-06 17:40:00,0.2184,0.2185,0.2183,0.2183,20730.7
2026-09-06 17:45:00,0.2183,0.2183,0.218,0.2181,120205.2
2026-09-06 17:50:00,0.2181,0.2183,0.218,0.2181,57940.2
2026-09-06 17:55:00,0.2182,0.2183,0.2179,0.2179,285976.6
2026-09-06 18:00:00,0.218,0.2187,0.218,0.2186,802680.4
2026-09-06 18:05:00,0.2186,0.2189,0.2186,0.2189,124698.5
2026-09-06 18:10:00,0.2189,0.2193,0.2189,0.2189,129631.8
2026-09-06 18:15:00,0.2189,0.2192,0.2187,0.219,90617.1
2026-09-06 18:20:00,0.219,0.2192,0.2189,0.2191,98844.4
2026-09-06 18:25:00,0.2192,0.2196,0.2191,0.2196,134864.2
2026-09-06 18:30:00,0.2195,0.2198,0.2194,0.2194,226038.7
2026-09-06 18:35:00,0.2194,0.2198,0.2193,0.2196,137389.1
2026-09-06 18:40:00,0.2196,0.2197,0.2193,0.2195,154218.9
2026-09-06 18:45:00,0.2194,0.2194,0.219,0.219,402646.2
2026-09-06 18:50:00,0.219,0.2194,0.2188,0.2188,705043.4
2026-09-06 18:55:00,0.2189,0.2202,0.2189,0.22,2445057.9
2026-09-06 19:00:00,0.2199,0.22,0.2194,0.2199,1100267.0
2026-09-06 19:05:00,0.2198,0.22,0.2193,0.2193,934876.8
2026-09-06 19:10:00,0.2193,0.2194,0.219,0.2193,401015.3
2026-09-06 19:15:00,0.2194,0.2195,0.219,0.219,386081.0
2026-09-06 19:20:00,0.219,0.2191,0.2187,0.2191,100633.3
2026-09-06 19:25:00,0.2191,0.2191,0.2189,0.2191,25494.6
2026-09-06 19:30:00,0.2191,0.2192,0.2189,0.2191,35324.9
2026-09-06 19:35:00,0.2191,0.2193,0.219,0.2191,142336.4
2026-09-06 19:40:00,0.219,0.2193,0.2185,0.2188,309935.2
2026-09-06 19:45:00,0.2189,0.219,0.2187,0.2189,156746.7
2026-09-06 19:50:00,0.2189,0.219,0.2188,0.2189,84590.4
2026-09-06 19:55:00,0.2189,0.2191,0.2188,0.2191,86587.0
2026-09-06 20:00:00,0.2192,0.2195,0.219,0.2192,57725.7
2026-09-06 20:05:00,0.2192,0.2193,0.2189,0.219,48844.5
2026-09-06 20:10:00,0.219,0.2194,0.219,0.2193,98625.9
2026-09-06 20:15:00,0.2194,0.2198,0.2193,0.2197,116780.0
2026-09-06 20:20:00,0.2198,0.2207,0.2198,0.2205,288755.5
2026-09-06 20:25:00,0.2205,0.221,0.2205,0.2207,291079.8
2026-09-06 20:30:00,0.2206,0.2211,0.2206,0.221,195730.7
2026-09-06 20:35:00,0.2209,0.2214,0.2206,0.2207,605790.7
2026-09-06 20:40:00,0.2208,0.2209,0.2204,0.2207,159730.6
2026-09-06 20:45:00,0.2208,0.2212,0.2208,0.2212,350205.5
2026-09-06 20:50:00,0.2213,0.2221,0.2208,0.221,1216899.7
2026-09-06 20:55:00,0.221,0.221,0.2204,0.2207,202063.3
2026-09-06 21:00:00,0.2208,0.2218,0.2208,0.2218,194330.9
2026-09-06 21:05:00,0.2218,0.2223,0.221,0.2218,875112.7
2026-09-06 21:10:00,0.2217,0.222,0.2214,0.2219,422357.3
2026-09-06 21:15:00,0.2219,0.2225,0.2219,0.2221,281421.9
2026-09-06 21:20:00,0.2222,0.2222,0.2216,0.2217,422550.5
2026-09-06 21:25:00,0.2218,0.222,0.2213,0.2214,416917.6
2026-09-06 21:30:00,0.2213,0.2223,0.2213,0.222,339595.9
2026-09-06 21:35:00,0.222,0.2221,0.2217,0.2218,167178.0
2026-09-06 21:40:00,0.2219,0.2225,0.2216,0.2217,294733.7
2026-09-06 21:45:00,0.2218,0.2221,0.2218,0.2219,61135.4
2026-09-06 21:50:00,0.2218,0.2218,0.2213,0.2214,191863.4
2026-09-06 21:55:00,0.2214,0.2218,0.2214,0.2216,148121.4
2026-09-06 22:00:00,0.2217,0.2218,0.2205,0.2205,790075.9
2026-09-06 22:05:00,0.2206,0.2207,0.2196,0.2196,516951.9
2026-09-06 22:10:00,0.2196,0.2204,0.2196,0.22,548990.4
2026-09-06 22:15:00,0.2199,0.2202,0.2191,0.2193,469522.1
2026-09-06 22:20:00,0.2194,0.2199,0.2193,0.2199,507415.2
2026-09-06 22:25:00,0.2199,0.2211,0.2199,0.2207,523569.0
2026-09-06 22:30:00,0.2208,0.2214,0.2208,0.2214,157222.2
2026-09-06 22:35:00,0.2214,0.2216,0.2211,0.2213,482446.3
2026-09-06 22:40:00,0.2213,0.2217,0.2213,0.2216,219923.9
2026-09-06 22:45:00,0.2215,0.2215,0.2209,0.2212,368530.3
2026-09-06 22:50:00,0.2212,0.2213,0.221,0.2211,215300.4
2026-09-06 22:55:00,0.2211,0.2215,0.221,0.2213,353206.9
2026-09-06 23:00:00,0.2213,0.2225,0.221,0.2221,695973.9
2026-09-06 23:05:00,0.2221,0.2223,0.2217,0.2219,140441.4
2026-09-06 23:10:00,0.2219,0.222,0.2217,0.2217,171803.6
2026-09-06 23:15:00,0.2216,0.2231,0.2214,0.223,538809.2
2026-09-06 23:20:00,0.2229,0.223,0.2221,0.2223,532827.3
2026-09-06 23:25:00,0.2222,0.2223,0.2219,0.2219,172475.8
2026-09-06 23:30:00,0.222,0.2229,0.2218,0.2228,161749.8
2026-09-06 23:35:00,0.2229,0.2236,0.2226,0.2233,680185.9
2026-09-06 23:40:00,0.2233,0.2236,0.2229,0.2235,261973.5
2026-09-06 23:45:00,0.2235,0.2236,0.2231,0.2234,396396.9
2026-09-06 23:50:00,0.2234,0.2236,0.2231,0.2235,406134.3
2026-09-06 23:55:00,0.2235,0.2236,0.2229,0.2234,240934.8
2026-09-07 00:00:00,0.2235,0.2246,0.2231,0.2239,1568420.8
2026-09-07 00:05:00,0.224,0.225,0.2234,0.2244,1483923.6
2026-09-07 00:10:00,0.2245,0.2253,0.2244,0.2247,1122361.9
2026-09-07 00:15:00,0.2247,0.2248,0.2236,0.2237,919620.9
2026-09-07 00:20:00,0.2238,0.2245,0.2235,0.2241,644529.6
2026-09-07 00:25:00,0.2241,0.2258,0.224,0.2257,657942.6
2026-09-07 00:30:00,0.2258,0.226,0.2247,0.2248,719767.6
2026-09-07 00:35:00,0.2248,0.2253,0.2245,0.2253,603810.0
2026-09-07 00:40:00,0.2253,0.2264,0.2246,0.2263,2035092.8
2026-09-07 00:45:00,0.2263,0.2264,0.2248,0.2251,667698.8
2026-09-07 00:50:00,0.2252,0.2253,0.2241,0.2244,1133460.5
2026-09-07 00:55:00,0.2244,0.2246,0.2234,0.224,691162.9
2026-09-07 01:00:00,0.224,0.2244,0.2234,0.2243,795436.9
2026-09-07 01:05:00,0.2243,0.2243,0.2224,0.2224,1425318.3
2026-09-07 01:10:00,0.2225,0.2233,0.2223,0.2223,1665031.6
2026-09-07 01:15:00,0.2224,0.2225,0.2213,0.2215,1410032.0
2026-09-07 01:20:00,0.2215,0.2215,0.2203,0.2212,1706399.0
2026-09-07 01:25:00,0.2212,0.2217,0.2209,0.2216,738842.1
2026-09-07 01:30:00,0.2215,0.2227,0.2213,0.2224,369053.4
2026-09-07 01:35:00,0.2225,0.2225,0.2216,0.2219,618146.0
2026-09-07 01:40:00,0.222,0.222,0.221,0.2213,342999.4
2026-09-07 01:45:00,0.2213,0.2216,0.2211,0.2211,380827.3
2026-09-07 01:50:00,0.2211,0.2217,0.221,0.2216,359295.5
2026-09-07 01:55:00,0.2216,0.2218,0.2213,0.2215,208609.7
2026-09-07 02:00:00,0.2216,0.2218,0.2212,0.2212,452852.7
2026-09-07 02:05:00,0.2211,0.2212,0.2202,0.2204,900132.0
2026-09-07 02:10:00,0.2204,0.2209,0.2201,0.2207,662057.4
2026-09-07 02:15:00,0.2208,0.2211,0.2205,0.2208,2338939.8
2026-09-07 02:20:00,0.2207,0.221,0.2204,0.2206,906136.2
2026-09-07 02:25:00,0.2206,0.2215,0.2205,0.2211,435152.6
2026-09-07 02:30:00,0.2212,0.2215,0.221,0.2212,213243.4
2026-09-07 02:35:00,0.2213,0.2248,0.2213,0.2246,1416747.9
2026-09-07 02:40:00,0.2245,0.2248,0.2237,0.2245,835084.9
2026-09-07 02:45:00,0.2245,0.2248,0.2243,0.2245,333216.4
2026-09-07 02:50:00,0.2245,0.2245,0.2234,0.2234,488483.4
2026-09-07 02:55:00,0.2233,0.2236,0.222,0.2223,991861.0
2026-09-07 03:00:00,0.2224,0.2228,0.2216,0.2222,1789016.8
2026-09-07 03:05:00,0.2222,0.2224,0.2208,0.2213,2164578.1
2026-09-07 03:10:00,0.2212,0.2213,0.2207,0.2208,347597.6
2026-09-07 03:15:00,0.2208,0.221,0.2206,0.2207,581944.8
2026-09-07 03:20:00,0.2207,0.2211,0.2205,0.2206,302860.3
2026-09-07 03:25:00,0.2205,0.2205,0.2199,0.22,800170.7
2026-09-07 03:30:00,0.22,0.2203,0.2193,0.2201,793660.6
2026-09-07 03:35:00,0.22,0.2201,0.219,0.2192,1111513.1
2026-09-07 03:40:00,0.2192,0.2196,0.2191,0.2193,271599.4
2026-09-07 03:45:00,0.2193,0.2198,0.2193,0.2196,347575.6
2026-09-07 03:50:00,0.2196,0.2198,0.2194,0.2197,312668.8
2026-09-07 03:55:00,0.2197,0.2198,0.2194,0.2195,100979.5
2026-09-07 04:00:00,0.2194,0.2196,0.2193,0.2194,225533.9
2026-09-07 04:05:00,0.2194,0.2195,0.2191,0.2194,203084.5
2026-09-07 04:10:00,0.2194,0.2195,0.2191,0.2195,405553.0
2026-09-07 04:15:00,0.2194,0.2198,0.2193,0.2195,171848.6
2026-09-07 04:20:00,0.2196,0.2197,0.2191,0.2192,368338.5
2026-09-07 04:25:00,0.2192,0.2192,0.2186,0.2189,1229850.1
2026-09-07 04:30:00,0.2188,0.2191,0.2185,0.2187,523271.7
2026-09-07 04:35:00,0.2186,0.2191,0.218,0.2189,1069292.9
2026-09-07 04:40:00,0.2188,0.2191,0.2187,0.219,511483.2
2026-09-07 04:45:00,0.2191,0.2194,0.2189,0.219,226347.4
2026-09-07 04:50:00,0.2189,0.219,0.2186,0.2187,37058.5
2026-09-07 04:55:00,0.2187,0.2191,0.2187,0.2191,580805.4
2026-09-07 05:00:00,0.219,0.2196,0.2189,0.2195,428200.1
2026-09-07 05:05:00,0.2195,0.2199,0.2194,0.2196,354019.8
2026-09-07 05:10:00,0.2196,0.2197,0.2191,0.2194,238324.2
2026-09-07 05:15:00,0.2195,0.2209,0.2195,0.2208,1018550.5
2026-09-07 05:20:00,0.2208,0.2212,0.2205,0.2211,272833.4
2026-09-07 05:25:00,0.2211,0.2216,0.2206,0.2208,704474.3
2026-09-07 05:30:00,0.2208,0.221,0.2205,0.2207,205891.5
2026-09-07 05:35:00,0.2207,0.2213,0.2207,0.2209,190530.1
2026-09-07 05:40:00,0.2209,0.2212,0.2208,0.2208,423277.7
2026-09-07 05:45:00,0.2207,0.2208,0.2203,0.2204,593287.0
2026-09-07 05:50:00,0.2205,0.2205,0.2198,0.2198,136785.5
2026-09-07 05:55:00,0.2199,0.22,0.2194,0.2197,589053.0
2026-09-07 06:00:00,0.2197,0.2204,0.2197,0.2204,160850.2
2026-09-07 06:05:00,0.2204,0.2207,0.2201,0.2206,463103.4
2026-09-07 06:10:00,0.2205,0.2218,0.2205,0.2217,793085.6
2026-09-07 06:15:00,0.2217,0.2218,0.2208,0.2208,225827.3
2026-09-07 06:20:00,0.2208,0.2208,0.2203,0.2207,287227.7
2026-09-07 06:25:00,0.2207,0.2208,0.2202,0.2202,616455.5
2026-09-07 06:30:00,0.2202,0.2205,0.22,0.2203,640012.8
2026-09-07 06:35:00,0.2202,0.2203,0.2196,0.2199,463426.0
2026-09-07 06:40:00,0.2199,0.2199,0.2183,0.2183,1851346.6
2026-09-07 06:45:00,0.2183,0.2189,0.2181,0.2188,1209644.4
2026-09-07 06:50:00,0.2188,0.2189,0.2186,0.2186,146540.3
2026-09-07 06:55:00,0.2185,0.2186,0.2182,0.2185,433551.6
2026-09-07 07:00:00,0.2184,0.2184,0.2178,0.2181,774791.8
2026-09-07 07:05:00,0.218,0.2189,0.218,0.2189,320140.0
2026-09-07 07:10:00,0.2189,0.2199,0.2188,0.2196,850222.0
2026-09-07 07:15:00,0.2195,0.2199,0.2194,0.2195,575870.6
2026-09-07 07:20:00,0.2195,0.2195,0.2182,0.2183,942180.5
2026-09-07 07:25:00,0.2183,0.2188,0.2176,0.2177,993669.4
2026-09-07 07:30:00,0.2177,0.2185,0.2169,0.2176,1679009.0
2026-09-07 07:35:00,0.2177,0.2179,0.2163,0.2164,721148.9
2026-09-07 07:40:00,0.2164,0.2171,0.2143,0.2167,3697903.8
2026-09-07 07:45:00,0.2166,0.2171,0.2166,0.217,257477.5
2026-09-07 07:50:00,0.2171,0.2171,0.2165,0.2165,522574.1
2026-09-07 07:55:00,0.2166,0.2171,0.2166,0.2168,313698.1
2026-09-07 08:00:00,0.2168,0.2171,0.2166,0.2169,276726.1
2026-09-07 08:05:00,0.2169,0.2175,0.2169,0.2175,320480.1
2026-09-07 08:10:00,0.2176,0.2178,0.2175,0.2177,515316.0
2026-09-07 08:15:00,0.2178,0.2182,0.2177,0.2181,249037.1
2026-09-07 08:20:00,0.2181,0.2182,0.2177,0.2179,305410.9
2026-09-07 08:25:00,0.2179,0.2184,0.2178,0.2182,662249.1
2026-09-07 08:30:00,0.2182,0.2189,0.2181,0.2187,856548.6
2026-09-07 08:35:00,0.2186,0.2187,0.2179,0.2182,392209.4
2026-09-07 08:40:00,0.2183,0.219,0.2183,0.2189,581220.8
2026-09-07 08:45:00,0.219,0.2191,0.2186,0.2186,519727.9
2026-09-07 08:50:00,0.2186,0.2188,0.2183,0.2184,274634.3
2026-09-07 08:55:00,0.2185,0.2188,0.2185,0.2185,227942.7
2026-09-07 09:00:00,0.2186,0.2188,0.2183,0.2185,249457.9
2026-09-07 09:05:00,0.2185,0.2189,0.2185,0.2189,102769.3
2026-09-07 09:10:00,0.2189,0.2195,0.2189,0.2193,505302.8
2026-09-07 09:15:00,0.2194,0.2196,0.2193,0.2195,154834.6
2026-09-07 09:20:00,0.2195,0.2196,0.219,0.2191,493857.6
2026-09-07 09:25:00,0.2191,0.2195,0.2188,0.2189,442914.6
2026-09-07 09:30:00,0.2189,0.2192,0.2187,0.2188,335482.4
2026-09-07 09:35:00,0.2188,0.2188,0.218,0.2182,349819.2
2026-09-07 09:40:00,0.2182,0.2186,0.2181,0.2184,222518.2
2026-09-07 09:45:00,0.2184,0.2187,0.2183,0.2183,270908.7
2026-09-07 09:50:00,0.2183,0.2185,0.2165,0.2172,1129201.6
2026-09-07 09:55:00,0.2172,0.2176,0.2172,0.2173,826932.2
2026-09-07 10:00:00,0.2172,0.2187,0.2171,0.2185,1835269.8
2026-09-07 10:05:00,0.2185,0.2187,0.218,0.2183,555677.0
2026-09-07 10:10:00,0.2182,0.2185,0.218,0.2184,92340.4
2026-09-07 10:15:00,0.2184,0.2188,0.2184,0.2188,246401.6
2026-09-07 10:20:00,0.2188,0.2191,0.2187,0.2191,224161.5
2026-09-07 10:25:00,0.2191,0.2194,0.219,0.2191,576453.8
2026-09-07 10:30:00,0.2192,0.2192,0.2188,0.219,368696.9
2026-09-07 10:35:00,0.2189,0.2194,0.2188,0.2193,539347.1
2026-09-07 10:40:00,0.2193,0.2198,0.2193,0.2197,327925.8
2026-09-07 10:45:00,0.2198,0.2198,0.2192,0.2193,1133943.6
2026-09-07 10:50:00,0.2194,0.2196,0.2192,0.2194,270318.8
2026-09-07 10:55:00,0.2193,0.2193,0.2186,0.2187,433692.2
2026-09-07 11:00:00,0.2187,0.2194,0.2187,0.2191,642990.7
2026-09-07 11:05:00,0.219,0.2192,0.2187,0.2189,98257.1
2026-09-07 11:10:00,0.2188,0.219,0.2187,0.2189,127930.0
2026-09-07 11:15:00,0.219,0.2199,0.2189,0.2199,171840.4
2026-09-07 11:20:00,0.2198,0.2202,0.2197,0.2201,424982.0
2026-09-07 11:25:00,0.2202,0.2202,0.2198,0.22,257323.3
2026-09-07 11:30:00,0.2199,0.2206,0.2197,0.2202,780637.7
2026-09-07 11:35:00,0.2201,0.2201,0.2196,0.2197,197355.3
2026-09-07 11:40:00,0.2196,0.2198,0.2195,0.2197,126153.0
2026-09-07 11:45:00,0.2197,0.22,0.2196,0.2196,298246.5
2026-09-07 11:50:00,0.2195,0.2197,0.2191,0.2197,373416.6
2026-09-07 11:55:00,0.2197,0.2198,0.2192,0.2195,675486.8
2026-09-07 12:00:00,0.2195,0.2199,0.2194,0.2195,567180.3
2026-09-07 12:05:00,0.2196,0.2206,0.2195,0.2205,204710.1
2026-09-07 12:10:00,0.2205,0.2207,0.2204,0.2204,341467.9
2026-09-07 12:15:00,0.2204,0.2207,0.2204,0.2207,210318.1
2026-09-07 12:20:00,0.2207,0.2212,0.2207,0.2208,979631.7
2026-09-07 12:25:00,0.2208,0.2211,0.2208,0.2209,347113.7
2026-09-07 12:30:00,0.2209,0.2211,0.2207,0.221,493949.7
2026-09-07 12:35:00,0.2211,0.2219,0.2211,0.2214,977296.9
2026-09-07 12:40:00,0.2214,0.2216,0.2214,0.2215,160666.3
2026-09-07 12:45:00,0.2215,0.2232,0.2215,0.2232,2396271.8
2026-09-07 12:50:00,0.2232,0.224,0.2231,0.2238,947588.1
2026-09-07 12:55:00,0.2238,0.2244,0.2236,0.224,1085583.7
2026-09-07 13:00:00,0.2239,0.2244,0.2229,0.2242,1233609.4
2026-09-07 13:05:00,0.2241,0.2247,0.2236,0.2245,1108298.5
2026-09-07 13:10:00,0.2245,0.2248,0.224,0.2243,1190098.2
2026-09-07 13:15:00,0.2243,0.2248,0.2242,0.2244,1986356.5
2026-09-07 13:20:00,0.2244,0.225,0.2237,0.2247,1390774.8
2026-09-07 13:25:00,0.2247,0.225,0.224,0.2245,905530.5
2026-09-07 13:30:00,0.2246,0.2247,0.2225,0.2227,948586.3
2026-09-07 13:35:00,0.2227,0.2231,0.2216,0.2227,1605439.2
2026-09-07 13:40:00,0.2227,0.2227,0.222,0.2221,585140.0
2026-09-07 13:45:00,0.2221,0.2223,0.2216,0.2217,1487354.2
2026-09-07 13:50:00,0.2218,0.2227,0.2215,0.2225,664976.3
2026-09-07 13:55:00,0.2225,0.223,0.2225,0.2227,854390.8
2026-09-07 14:00:00,0.2226,0.223,0.222,0.222,328084.6
2026-09-07 14:05:00,0.2221,0.2222,0.2201,0.2202,3622561.7
2026-09-07 14:10:00,0.2203,0.2214,0.22,0.2212,1624834.9
2026-09-07 14:15:00,0.2211,0.2219,0.2207,0.2208,641299.0
2026-09-07 14:20:00,0.2208,0.221,0.2202,0.2206,507056.3
2026-09-07 14:25:00,0.2206,0.2209,0.2202,0.2203,761498.0
2026-09-07 14:30:00,0.2203,0.2207,0.2198,0.22,929756.2
2026-09-07 14:35:00,0.22,0.2203,0.2196,0.2196,350056.0
2026-09-07 14:40:00,0.2195,0.2197,0.2189,0.2196,996292.9
2026-09-07 14:45:00,0.2196,0.2203,0.2194,0.2203,381038.7
2026-09-07 14:50:00,0.2203,0.2223,0.2203,0.222,571543.3
2026-09-07 14:55:00,0.222,0.2221,0.2215,0.2215,328306.0
2026-09-07 15:00:00,0.2216,0.2219,0.2207,0.2207,558067.0
2026-09-07 15:05:00,0.2208,0.221,0.22,0.2208,762661.7
2026-09-07 15:10:00,0.2209,0.2209,0.2197,0.2198,552037.4
2026-09-07 15:15:00,0.2198,0.2203,0.218,0.22,1816788.7
2026-09-07 15:20:00,0.2201,0.2202,0.2193,0.2197,672357.0
2026-09-07 15:25:00,0.2196,0.2197,0.2188,0.219,511132.3
2026-09-07 15:30:00,0.2189,0.2189,0.2174,0.2178,2184314.5
2026-09-07 15:35:00,0.2178,0.2184,0.2175,0.2175,935213.3
2026-09-07 15:40:00,0.2176,0.2178,0.2169,0.2175,2217357.1
2026-09-07 15:45:00,0.2175,0.2178,0.2168,0.2177,1038309.9
2026-09-07 15:50:00,0.2177,0.218,0.2174,0.2176,605934.2
2026-09-07 15:55:00,0.2176,0.2176,0.2165,0.2173,636985.4
2026-09-07 16:00:00,0.2173,0.2188,0.2173,0.2182,846422.3
2026-09-07 16:05:00,0.2182,0.2185,0.2181,0.2184,254450.0
2026-09-07 16:10:00,0.2184,0.219,0.2182,0.219,1031625.3
2026-09-07 16:15:00,0.219,0.2191,0.2184,0.219,747256.9
2026-09-07 16:20:00,0.219,0.2192,0.2187,0.2188,283225.4
2026-09-07 16:25:00,0.2188,0.2189,0.2184,0.2188,91216.2
2026-09-07 16:30:00,0.2189,0.2202,0.2188,0.2201,538725.1
2026-09-07 16:35:00,0.22,0.2205,0.2197,0.2203,965074.5
2026-09-07 16:40:00,0.2203,0.221,0.2203,0.2206,337324.4
2026-09-07 16:45:00,0.2207,0.2211,0.2207,0.2208,337806.6
2026-09-07 16:50:00,0.2208,0.221,0.2206,0.2207,334337.0
2026-09-07 16:55:00,0.2207,0.221,0.2206,0.2208,292511.6
2026-09-07 17:00:00,0.2208,0.2209,0.2199,0.2205,263029.1
2026-09-07 17:05:00,0.2205,0.2214,0.2205,0.2214,527073.2
2026-09-07 17:10:00,0.2213,0.2215,0.2212,0.2213,282987.5
2026-09-07 17:15:00,0.2214,0.222,0.2211,0.2215,387076.5
2026-09-07 17:20:00,0.2216,0.2217,0.2214,0.2215,152933.6
2026-09-07 17:25:00,0.2214,0.2218,0.2211,0.2216,318820.3
2026-09-07 17:30:00,0.2217,0.2217,0.2208,0.2208,193794.8
2026-09-07 17:35:00,0.2208,0.2211,0.2207,0.2211,561434.0
2026-09-07 17:40:00,0.221,0.2215,0.221,0.2214,124961.5
2026-09-07 17:45:00,0.2214,0.2216,0.2212,0.2214,189268.8
2026-09-07 17:50:00,0.2215,0.222,0.2212,0.2213,408279.8
2026-09-07 17:55:00,0.2212,0.2213,0.2208,0.2208,64791.0
2026-09-07 18:00:00,0.2209,0.2212,0.2206,0.221,268485.5
2026-09-07 18:05:00,0.221,0.2217,0.2204,0.2206,605195.5
2026-09-07 18:10:00,0.2206,0.2209,0.2205,0.2206,297689.3
2026-09-07 18:15:00,0.2207,0.2208,0.2203,0.2206,121118.6
2026-09-07 18:20:00,0.2207,0.2208,0.2201,0.2203,287557.1
2026-09-07 18:25:00,0.2204,0.2207,0.2198,0.2198,369849.7
2026-09-07 18:30:00,0.2199,0.22,0.2188,0.2191,437600.4
2026-09-07 18:35:00,0.2191,0.2197,0.2191,0.2195,187012.4
2026-09-07 18:40:00,0.2195,0.2198,0.2193,0.2196,184371.7
2026-09-07 18:45:00,0.2196,0.2201,0.2196,0.22,60412.8
2026-09-07 18:50:00,0.2199,0.2206,0.2197,0.2206,229572.6
2026-09-07 18:55:00,0.2206,0.2206,0.2199,0.2199,104629.4
2026-09-07 19:00:00,0.2198,0.2198,0.2193,0.2195,374672.4
2026-09-07 19:05:00,0.2195,0.2196,0.2189,0.2191,596611.5
2026-09-07 19:10:00,0.2191,0.2196,0.219,0.2196,195077.4
2026-09-07 19:15:00,0.2196,0.2196,0.2193,0.2194,447667.5
2026-09-07 19:20:00,0.2193,0.2199,0.2193,0.2199,172585.7
2026-09-07 19:25:00,0.22,0.2201,0.2195,0.2201,85386.0
2026-09-07 19:30:00,0.2202,0.2213,0.2201,0.2212,255864.1
2026-09-07 19:35:00,0.2211,0.2213,0.2208,0.2208,155372.5
2026-09-07 19:40:00,0.2208,0.2211,0.2208,0.2208,204956.8
2026-09-07 19:45:00,0.2208,0.2211,0.2208,0.2211,68540.4
2026-09-07 19:50:00,0.221,0.2212,0.2209,0.2209,195522.6
2026-09-07 19:55:00,0.2209,0.221,0.2206,0.221,375308.6
2026-09-07 20:00:00,0.221,0.2212,0.2202,0.2203,370551.4
2026-09-07 20:05:00,0.2203,0.2203,0.2193,0.2196,625360.4
2026-09-07 20:10:00,0.2197,0.2198,0.2194,0.2196,412074.6
2026-09-07 20:15:00,0.2195,0.2203,0.2195,0.2203,73042.0
2026-09-07 20:20:00,0.2202,0.2202,0.2198,0.22,134303.4
2026-09-07 20:25:00,0.2201,0.2201,0.2199,0.2201,158942.2
2026-09-07 20:30:00,0.2201,0.221,0.2199,0.2209,289537.7
2026-09-07 20:35:00,0.2209,0.2214,0.2208,0.2208,258920.5
2026-09-07 20:40:00,0.2208,0.2211,0.2206,0.2207,306759.6
2026-09-07 20:45:00,0.2208,0.2209,0.2204,0.2208,636886.4
2026-09-07 20:50:00,0.2208,0.2213,0.2206,0.2208,861022.5
2026-09-07 20:55:00,0.2208,0.2213,0.2208,0.2209,137467.0
2026-09-07 21:00:00,0.221,0.2214,0.221,0.2211,134919.9
2026-09-07 21:05:00,0.2211,0.2212,0.2206,0.2206,127122.3
2026-09-07 21:10:00,0.2206,0.2214,0.2206,0.2213,607344.8
2026-09-07 21:15:00,0.2214,0.2218,0.2207,0.2216,681256.1
2026-09-07 21:20:00,0.2217,0.2218,0.2216,0.2216,128413.7
2026-09-07 21:25:00,0.2216,0.2216,0.2213,0.2214,109613.6
2026-09-07 21:30:00,0.2213,0.2215,0.2209,0.2209,157892.0
2026-09-07 21:35:00,0.2208,0.2211,0.2208,0.221,153972.0
2026-09-07 21:40:00,0.2209,0.2212,0.2206,0.2207,375666.5
2026-09-07 21:45:00,0.2206,0.2207,0.22,0.2201,196700.2
2026-09-07 21:50:00,0.2201,0.2204,0.2198,0.2202,103888.1
2026-09-07 21:55:00,0.2203,0.2208,0.2203,0.2205,73360.4
2026-09-07 22:00:00,0.2205,0.2205,0.2191,0.2197,419272.7
2026-09-07 22:05:00,0.2197,0.22,0.2195,0.22,496908.5
2026-09-07 22:10:00,0.2201,0.2208,0.2199,0.2199,726553.5
2026-09-07 22:15:00,0.2198,0.2198,0.2189,0.2191,852341.0
2026-09-07 22:20:00,0.2192,0.2198,0.219,0.2198,158845.8
2026-09-07 22:25:00,0.2199,0.22,0.2195,0.2195,462487.6
2026-09-07 22:30:00,0.2194,0.2194,0.2185,0.2186,272398.6
2026-09-07 22:35:00,0.2186,0.2186,0.2173,0.2173,1041397.1
2026-09-07 22:40:00,0.2174,0.2177,0.2169,0.2172,972416.1
2026-09-07 22:45:00,0.2172,0.2183,0.2172,0.2181,2708602.1
2026-09-07 22:50:00,0.218,0.2184,0.218,0.2184,283483.6
2026-09-07 22:55:00,0.2185,0.2185,0.2182,0.2184,217165.0
2026-09-07 23:00:00,0.2183,0.2193,0.2183,0.219,410698.9
2026-09-07 23:05:00,0.2189,0.2198,0.2187,0.2195,843850.7
2026-09-07 23:10:00,0.2195,0.2203,0.2194,0.2201,775441.8
2026-09-07 23:15:00,0.22,0.2201,0.2193,0.2197,736967.7
2026-09-07 23:20:00,0.2197,0.2197,0.219,0.219,71815.2
2026-09-07 23:25:00,0.2191,0.2196,0.2191,0.2195,67861.1
2026-09-07 23:30:00,0.2195,0.22,0.2193,0.2198,85074.3
2026-09-07 23:35:00,0.2199,0.2203,0.2198,0.2203,312424.6
2026-09-07 23:40:00,0.2203,0.2209,0.2203,0.2205,385515.4
2026-09-07 23:45:00,0.2205,0.2211,0.2204,0.221,165659.5
2026-09-07 23:50:00,0.221,0.221,0.2207,0.2208,147655.2
2026-09-07 23:55:00,0.2208,0.2209,0.2203,0.2205,319211.8
2026-09-08 00:00:00,0.2205,0.221,0.22,0.2202,544813.3
2026-09-08 00:05:00,0.2202,0.2214,0.2202,0.2209,980457.9
2026-09-08 00:10:00,0.221,0.2211,0.2204,0.2208,262730.8
2026-09-08 00:15:00,0.2208,0.2211,0.2205,0.2206,198767.5
2026-09-08 00:20:00,0.2207,0.2207,0.2199,0.2203,280899.9
2026-09-08 00:25:00,0.2202,0.2203,0.2198,0.2199,160916.7
2026-09-08 00:30:00,0.2198,0.221,0.2197,0.221,235156.2
2026-09-08 00:35:00,0.2211,0.2214,0.2208,0.2211,165875.1
2026-09-08 00:40:00,0.221,0.2218,0.221,0.2214,805387.4
2026-09-08 00:45:00,0.2214,0.2218,0.2212,0.2218,326468.0
2026-09-08 00:50:00,0.2218,0.222,0.2216,0.2217,338569.4
2026-09-08 00:55:00,0.2218,0.2223,0.2218,0.2222,319215.6
2026-09-08 01:00:00,0.2222,0.2225,0.2217,0.2217,571684.7
2026-09-08 01:05:00,0.2217,0.2221,0.2212,0.2218,489762.5
2026-09-08 01:10:00,0.2218,0.2223,0.2218,0.2219,367362.6
2026-09-08 01:15:00,0.2219,0.2223,0.2216,0.2219,474939.0
2026-09-08 01:20:00,0.2219,0.2223,0.2217,0.2221,383424.7
2026-09-08 01:25:00,0.2221,0.2225,0.2221,0.2225,310375.9
2026-09-08 01:30:00,0.2225,0.2225,0.2218,0.222,297288.2
2026-09-08 01:35:00,0.2219,0.2226,0.2218,0.2224,430426.0
2026-09-08 01:40:00,0.2223,0.2227,0.2223,0.2227,311912.0
2026-09-08 01:45:00,0.2227,0.2228,0.2223,0.2226,139650.1
2026-09-08 01:50:00,0.2226,0.2226,0.2221,0.2222,277401.1
2026-09-08 01:55:00,0.2221,0.2224,0.2219,0.2224,428686.3
2026-09-08 02:00:00,0.2224,0.2224,0.2214,0.2216,347220.7
2026-09-08 02:05:00,0.2216,0.2219,0.2214,0.2215,261372.9
2026-09-08 02:10:00,0.2216,0.2222,0.221,0.222,371597.5
2026-09-08 02:15:00,0.2219,0.2225,0.2219,0.2223,169461.0
2026-09-08 02:20:00,0.2223,0.2229,0.2223,0.2229,452765.7
2026-09-08 02:25:00,0.2229,0.223,0.2215,0.2215,470681.0
2026-09-08 02:30:00,0.2216,0.2217,0.2206,0.2209,351232.7
2026-09-08 02:35:00,0.221,0.2211,0.22,0.2202,631288.4
2026-09-08 02:40:00,0.2201,0.2201,0.2194,0.2197,419669.4
2026-09-08 02:45:00,0.2197,0.2203,0.219,0.2193,1651594.6
2026-09-08 02:50:00,0.2193,0.2193,0.2181,0.2181,797652.9
2026-09-08 02:55:00,0.2181,0.2183,0.2176,0.2176,632487.7
2026-09-08 03:00:00,0.2176,0.2185,0.2176,0.2179,773261.8
2026-09-08 03:05:00,0.2179,0.2186,0.2179,0.2185,551153.4
2026-09-08 03:10:00,0.2185,0.2186,0.2182,0.2182,673626.8
2026-09-08 03:15:00,0.2183,0.2185,0.218,0.2181,303188.2
2026-09-08 03:20:00,0.2181,0.2184,0.2174,0.218,1033456.5
2026-09-08 03:25:00,0.218,0.2184,0.2176,0.2178,629667.0
2026-09-08 03:30:00,0.2178,0.2189,0.2177,0.2186,558026.9
2026-09-08 03:35:00,0.2187,0.2191,0.2186,0.2188,879967.5
2026-09-08 03:40:00,0.2187,0.2192,0.2185,0.2189,379006.3
2026-09-08 03:45:00,0.2189,0.219,0.2183,0.2185,343624.5
2026-09-08 03:50:00,0.2185,0.2189,0.2184,0.2186,150785.6
2026-09-08 03:55:00,0.2185,0.2187,0.2183,0.2186,137697.2
2026-09-08 04:00:00,0.2185,0.2187,0.2179,0.218,197993.5
2026-09-08 04:05:00,0.2181,0.2182,0.2178,0.2179,464649.9
2026-09-08 04:10:00,0.218,0.2184,0.2178,0.2178,308704.3
2026-09-08 04:15:00,0.2178,0.2185,0.2174,0.2183,672832.5
2026-09-08 04:20:00,0.2183,0.2185,0.2177,0.2177,335185.4
2026-09-08 04:25:00,0.2178,0.2182,0.2176,0.218,553539.0
2026-09-08 04:30:00,0.218,0.2187,0.218,0.2184,138768.5
2026-09-08 04:35:00,0.2184,0.2185,0.2182,0.2185,81854.9
2026-09-08 04:40:00,0.2185,0.2186,0.218,0.2181,342439.0
2026-09-08 04:45:00,0.2181,0.2184,0.2179,0.218,90983.6
2026-09-08 04:50:00,0.218,0.218,0.2176,0.2177,129190.8
2026-09-08 04:55:00,0.2176,0.2177,0.2172,0.2174,256694.6
2026-09-08 05:00:00,0.2174,0.2185,0.2169,0.2177,1230672.1
2026-09-08 05:05:00,0.2177,0.2188,0.2175,0.2177,819357.9
2026-09-08 05:10:00,0.2178,0.2183,0.2177,0.2178,386676.4
2026-09-08 05:15:00,0.2177,0.2187,0.2175,0.2186,680798.5
2026-09-08 05:20:00,0.2187,0.2189,0.2183,0.2189,521647.8
2026-09-08 05:25:00,0.2188,0.2193,0.2185,0.2186,576912.3
2026-09-08 05:30:00,0.2186,0.2188,0.2177,0.2177,437444.6
2026-09-08 05:35:00,0.2177,0.2185,0.2177,0.2184,659998.1
2026-09-08 05:40:00,0.2184,0.2187,0.2179,0.2179,460193.4
2026-09-08 05:45:00,0.2179,0.2185,0.2179,0.2185,64273.6
2026-09-08 05:50:00,0.2185,0.2185,0.2178,0.2178,135873.7
2026-09-08 05:55:00,0.2177,0.2178,0.2173,0.2174,273101.1
2026-09-08 06:00:00,0.2174,0.218,0.2173,0.2175,518628.3
2026-09-08 06:05:00,0.2175,0.218,0.217,0.2177,489371.1
2026-09-08 06:10:00,0.2176,0.2179,0.2172,0.2178,483777.1
2026-09-08 06:15:00,0.2179,0.218,0.2166,0.2167,1228827.2
2026-09-08 06:20:00,0.2167,0.217,0.2159,0.2168,1674564.8
2026-09-08 06:25:00,0.2168,0.2168,0.216,0.2161,329789.5
2026-09-08 06:30:00,0.216,0.2162,0.2158,0.2159,381613.1
2026-09-08 06:35:00,0.2159,0.2164,0.2158,0.2161,436339.3
2026-09-08 06:40:00,0.2161,0.2163,0.2159,0.2161,107945.1
2026-09-08 06:45:00,0.2161,0.2168,0.216,0.2162,491971.5
2026-09-08 06:50:00,0.2162,0.2164,0.2159,0.2161,412884.2
2026-09-08 06:55:00,0.2161,0.2168,0.216,0.2164,624706.8
2026-09-08 07:00:00,0.2165,0.2167,0.2161,0.2165,176325.4
2026-09-08 07:05:00,0.2164,0.2171,0.2164,0.2166,192032.1
2026-09-08 07:10:00,0.2165,0.2168,0.2164,0.2166,164408.5
2026-09-08 07:15:00,0.2166,0.2166,0.2163,0.2164,64099.0
2026-09-08 07:20:00,0.2165,0.2172,0.2164,0.2171,240258.5
2026-09-08 07:25:00,0.2172,0.2178,0.217,0.2176,542518.6
2026-09-08 07:30:00,0.2176,0.2177,0.2172,0.2176,469425.2
2026-09-08 07:35:00,0.2177,0.218,0.2176,0.2179,203211.9
2026-09-08 07:40:00,0.2178,0.2183,0.2172,0.2174,793744.5
2026-09-08 07:45:00,0.2174,0.2175,0.2166,0.2167,396365.2
2026-09-08 07:50:00,0.2167,0.2169,0.2161,0.2169,383390.1
2026-09-08 07:55:00,0.2169,0.2175,0.2168,0.2171,135768.5
2026-09-08 08:00:00,0.2171,0.2171,0.2158,0.2163,459091.3
2026-09-08 08:05:00,0.2162,0.217,0.2162,0.2163,245830.1
2026-09-08 08:10:00,0.2163,0.2165,0.2161,0.2165,304856.5
2026-09-08 08:15:00,0.2166,0.2168,0.2163,0.2165,586703.8
2026-09-08 08:20:00,0.2164,0.2166,0.2162,0.2166,221264.2
2026-09-08 08:25:00,0.2166,0.2173,0.2164,0.2171,715749.6
2026-09-08 08:30:00,0.217,0.2179,0.217,0.2179,197856.7
2026-09-08 08:35:00,0.218,0.2184,0.218,0.2182,489680.8
2026-09-08 08:40:00,0.2181,0.2181,0.2177,0.218,354257.1
2026-09-08 08:45:00,0.218,0.2182,0.2177,0.218,115978.9
2026-09-08 08:50:00,0.218,0.218,0.2174,0.2175,113434.9
2026-09-08 08:55:00,0.2175,0.2178,0.2173,0.2174,428528.1
2026-09-08 09:00:00,0.2173,0.2178,0.2172,0.2175,95256.2
2026-09-08 09:05:00,0.2175,0.2179,0.2174,0.2177,534358.3
2026-09-08 09:10:00,0.2177,0.2184,0.2175,0.2184,654305.7
2026-09-08 09:15:00,0.2184,0.2189,0.2181,0.2182,807115.7
2026-09-08 09:20:00,0.2182,0.2183,0.2177,0.2182,405412.1
2026-09-08 09:25:00,0.2182,0.2185,0.2181,0.2183,171153.0
2026-09-08 09:30:00,0.2183,0.2196,0.2181,0.2194,551056.4
2026-09-08 09:35:00,0.2195,0.2201,0.2194,0.22,1876020.2
2026-09-08 09:40:00,0.22,0.2205,0.2199,0.2204,908539.1
2026-09-08 09:45:00,0.2204,0.2211,0.2203,0.2206,1291919.8
2026-09-08 09:50:00,0.2207,0.221,0.2202,0.2207,1624598.2
2026-09-08 09:55:00,0.2207,0.2209,0.2203,0.2205,1089030.0
2026-09-08 10:00:00,0.2205,0.2209,0.2202,0.2209,706294.0
2026-09-08 10:05:00,0.2209,0.2209,0.2204,0.2204,733738.4
2026-09-08 10:10:00,0.2204,0.2209,0.2201,0.2207,394819.3
2026-09-08 10:15:00,0.2207,0.221,0.2205,0.2207,417200.4
2026-09-08 10:20:00,0.2207,0.2217,0.2204,0.2205,2466278.1
2026-09-08 10:25:00,0.2205,0.2208,0.2201,0.2204,669123.5
2026-09-08 10:30:00,0.2204,0.2208,0.2199,0.22,790997.3
2026-09-08 10:35:00,0.2199,0.2204,0.2197,0.22,610517.3
2026-09-08 10:40:00,0.2201,0.2202,0.2196,0.2197,591462.2
2026-09-08 10:45:00,0.2197,0.2198,0.2193,0.2193,352286.9
2026-09-08 10:50:00,0.2194,0.2197,0.2191,0.2193,333883.5
2026-09-08 10:55:00,0.2193,0.2194,0.219,0.2191,207420.1
2026-09-08 11:00:00,0.2191,0.2194,0.2189,0.2189,360726.5
2026-09-08 11:05:00,0.219,0.2191,0.2182,0.2183,623358.0
2026-09-08 11:10:00,0.2182,0.2182,0.2172,0.2175,1191893.5
2026-09-08 11:15:00,0.2175,0.2179,0.2172,0.2177,866571.6
2026-09-08 11:20:00,0.2178,0.2181,0.2175,0.218,507385.3
2026-09-08 11:25:00,0.2181,0.2181,0.2176,0.2177,412887.0
2026-09-08 11:30:00,0.2177,0.2178,0.2175,0.2175,362430.9
2026-09-08 11:35:00,0.2174,0.2179,0.2174,0.2176,293327.2
2026-09-08 11:40:00,0.2175,0.218,0.2174,0.2179,377692.5
2026-09-08 11:45:00,0.2178,0.2179,0.217,0.2175,1293461.4
2026-09-08 11:50:00,0.2174,0.2176,0.2171,0.2171,577662.3
2026-09-08 11:55:00,0.2171,0.2179,0.217,0.2178,816978.5
2026-09-08 12:00:00,0.2178,0.2178,0.2166,0.2166,695145.4
2026-09-08 12:05:00,0.2166,0.2174,0.2166,0.2173,699172.2
2026-09-08 12:10:00,0.2173,0.2174,0.2165,0.2165,400573.2
2026-09-08 12:15:00,0.2165,0.2172,0.2165,0.2171,306688.4
2026-09-08 12:20:00,0.2171,0.2177,0.2171,0.2176,300896.8
2026-09-08 12:25:00,0.2175,0.2177,0.2173,0.2177,245392.8
2026-09-08 12:30:00,0.2177,0.2185,0.2173,0.2181,317892.9
2026-09-08 12:35:00,0.2181,0.2183,0.218,0.2183,285802.9
2026-09-08 12:40:00,0.2183,0.2184,0.2179,0.2181,411604.8
2026-09-08 12:45:00,0.2181,0.2184,0.2176,0.2184,650766.9
2026-09-08 12:50:00,0.2184,0.219,0.2184,0.219,574304.1
2026-09-08 12:55:00,0.2191,0.2192,0.2186,0.2188,746811.7
2026-09-08 13:00:00,0.2188,0.2191,0.2186,0.219,186363.6
2026-09-08 13:05:00,0.219,0.2196,0.2187,0.2188,245124.6
2026-09-08 13:10:00,0.2187,0.2197,0.2185,0.2196,553591.6
2026-09-08 13:15:00,0.2196,0.2203,0.2193,0.2196,1171324.4
2026-09-08 13:20:00,0.2197,0.2197,0.2188,0.219,683561.6
2026-09-08 13:25:00,0.219,0.2192,0.2187,0.2189,306032.9
2026-09-08 13:30:00,0.2189,0.2191,0.2168,0.2173,1619656.8
2026-09-08 13:35:00,0.2173,0.2175,0.2158,0.216,1352422.4
2026-09-08 13:40:00,0.216,0.2164,0.215,0.2163,1794101.1
2026-09-08 13:45:00,0.2163,0.2174,0.216,0.217,748009.3
2026-09-08 13:50:00,0.2171,0.2174,0.2165,0.2174,265261.7
2026-09-08 13:55:00,0.2174,0.2193,0.2174,0.2186,829743.8
2026-09-08 14:00:00,0.2186,0.2191,0.2179,0.2187,592591.8
2026-09-08 14:05:00,0.2188,0.2198,0.2188,0.2192,2903819.8
2026-09-08 14:10:00,0.2193,0.2205,0.219,0.2199,1064617.9
2026-09-08 14:15:00,0.22,0.2209,0.22,0.2203,980609.9
2026-09-08 14:20:00,0.2203,0.2208,0.22,0.22,632116.1
2026-09-08 14:25:00,0.22,0.2201,0.2193,0.2199,315564.3
2026-09-08 14:30:00,0.2198,0.2202,0.2192,0.2202,320745.5
2026-09-08 14:35:00,0.2202,0.2203,0.2195,0.22,473169.1
2026-09-08 14:40:00,0.2199,0.2205,0.2197,0.2202,884985.5
2026-09-08 14:45:00,0.2202,0.2207,0.2199,0.2206,1542118.7
2026-09-08 14:50:00,0.2207,0.2212,0.2204,0.2208,944898.0
2026-09-08 14:55:00,0.2208,0.2217,0.2208,0.2213,1563849.6
2026-09-08 15:00:00,0.2213,0.2222,0.2212,0.2217,1215254.1
2026-09-08 15:05:00,0.2216,0.2229,0.2213,0.2229,1195045.2
2026-09-08 15:10:00,0.2228,0.2245,0.2225,0.2241,2295193.8
2026-09-08 15:15:00,0.2241,0.2268,0.224,0.2257,4611333.2
2026-09-08 15:20:00,0.2258,0.2271,0.2245,0.2266,3114041.4
2026-09-08 15:25:00,0.2266,0.2299,0.226,0.2294,4208646.5
2026-09-08 15:30:00,0.2293,0.2305,0.2271,0.2279,8517645.7
2026-09-08 15:35:00,0.2279,0.2289,0.2274,0.228,2891490.3
2026-09-08 15:40:00,0.228,0.2303,0.2277,0.2296,2835880.5
2026-09-08 15:45:00,0.2296,0.2305,0.2287,0.2289,3400911.4
2026-09-08 15:50:00,0.2289,0.2298,0.2286,0.2291,2375834.5
2026-09-08 15:55:00,0.229,0.2297,0.2287,0.2293,2540413.6
2026-09-08 16:00:00,0.2293,0.2321,0.2291,0.2306,7423978.9
2026-09-08 16:05:00,0.2306,0.232,0.2299,0.2303,4438193.4
2026-09-08 16:10:00,0.2303,0.2305,0.2295,0.2295,2443432.1
2026-09-08 16:15:00,0.2296,0.2297,0.2278,0.2279,1822787.7
2026-09-08 16:20:00,0.228,0.2284,0.2266,0.227,1705547.8
2026-09-08 16:25:00,0.227,0.2273,0.2264,0.2265,610153.0
2026-09-08 16:30:00,0.2266,0.2278,0.2266,0.2271,691894.0
2026-09-08 16:35:00,0.2272,0.2283,0.2269,0.2281,1086797.6
2026-09-08 16:40:00,0.2282,0.2289,0.228,0.228,1214167.3
2026-09-08 16:45:00,0.2281,0.2288,0.2273,0.2277,1262762.0
2026-09-08 16:50:00,0.2278,0.2281,0.2268,0.2272,1310394.1
2026-09-08 16:55:00,0.2272,0.2272,0.2259,0.2266,1562580.8
2026-09-08 17:00:00,0.2266,0.2273,0.2263,0.2265,1118480.0
2026-09-08 17:05:00,0.2265,0.2269,0.226,0.2261,934841.9
2026-09-08 17:10:00,0.2262,0.2264,0.2259,0.2261,585010.5
2026-09-08 17:15:00,0.2262,0.2264,0.226,0.226,162096.4
2026-09-08 17:20:00,0.2259,0.2261,0.2249,0.2252,1089254.2
2026-09-08 17:25:00,0.2252,0.2253,0.2248,0.225,258494.2
2026-09-08 17:30:00,0.225,0.2251,0.2246,0.225,582702.1
2026-09-08 17:35:00,0.225,0.2253,0.2244,0.2244,538912.3
2026-09-08 17:40:00,0.2245,0.2247,0.2237,0.2239,1533294.3
2026-09-08 17:45:00,0.2239,0.2242,0.2236,0.2239,1407778.9
2026-09-08 17:50:00,0.2239,0.225,0.2238,0.2246,966167.6
2026-09-08 17:55:00,0.2245,0.2246,0.2238,0.2238,328369.5
2026-09-08 18:00:00,0.2239,0.2246,0.2239,0.2242,805084.7
2026-09-08 18:05:00,0.2241,0.225,0.2241,0.2247,308208.4
2026-09-08 18:10:00,0.2248,0.2252,0.2247,0.2252,230728.9
2026-09-08 18:15:00,0.2252,0.2256,0.2251,0.2255,455787.1
2026-09-08 18:20:00,0.2255,0.2264,0.2255,0.226,827514.2
2026-09-08 18:25:00,0.226,0.2261,0.225,0.2252,1562479.9
2026-09-08 18:30:00,0.2253,0.2256,0.2251,0.2251,93081.4
2026-09-08 18:35:00,0.225,0.225,0.2226,0.2231,2253712.6
2026-09-08 18:40:00,0.2232,0.2236,0.2229,0.2236,309119.7
2026-09-08 18:45:00,0.2235,0.2238,0.2217,0.2218,2349131.9
2026-09-08 18:50:00,0.2218,0.2224,0.2211,0.2217,1064442.5
2026-09-08 18:55:00,0.2217,0.2219,0.2213,0.2217,689638.8
2026-09-08 19:00:00,0.2218,0.2224,0.2212,0.222,519310.3
2026-09-08 19:05:00,0.222,0.2221,0.2213,0.2214,1153111.1
2026-09-08 19:10:00,0.2213,0.2217,0.2211,0.2213,921012.7
2026-09-08 19:15:00,0.2212,0.2219,0.2212,0.2217,619204.2
2026-09-08 19:20:00,0.2216,0.222,0.2211,0.2216,615062.7
2026-09-08 19:25:00,0.2216,0.2217,0.2212,0.2217,762509.8
2026-09-08 19:30:00,0.2218,0.222,0.2211,0.2218,506156.6
2026-09-08 19:35:00,0.2217,0.2218,0.2212,0.2214,388152.2
2026-09-08 19:40:00,0.2214,0.2217,0.2208,0.2208,595600.3
2026-09-08 19:45:00,0.2208,0.2208,0.2199,0.2208,1691781.3
2026-09-08 19:50:00,0.2207,0.2208,0.22,0.2203,953995.3
2026-09-08 19:55:00,0.2203,0.2208,0.22,0.2208,558094.1
2026-09-08 20:00:00,0.2208,0.2214,0.2207,0.2208,493389.6
2026-09-08 20:05:00,0.2209,0.222,0.2208,0.2219,325420.0
2026-09-08 20:10:00,0.2219,0.2227,0.2219,0.2227,893048.1
2026-09-08 20:15:00,0.2227,0.2227,0.2213,0.2213,370232.6
2026-09-08 20:20:00,0.2213,0.2216,0.221,0.2214,580639.3
2026-09-08 20:25:00,0.2215,0.2219,0.221,0.2217,576442.1
2026-09-08 20:30:00,0.2216,0.2217,0.2205,0.2207,396937.0
2026-09-08 20:35:00,0.2207,0.2216,0.2207,0.2213,457028.3
2026-09-08 20:40:00,0.2213,0.2213,0.2209,0.221,276499.3
2026-09-08 20:45:00,0.221,0.2211,0.2205,0.2209,526083.5
2026-09-08 20:50:00,0.2208,0.2213,0.2206,0.2207,367404.9
2026-09-08 20:55:00,0.2207,0.2214,0.2207,0.2209,276168.8
2026-09-08 21:00:00,0.221,0.2215,0.2207,0.2211,300191.6
2026-09-08 21:05:00,0.2211,0.2216,0.221,0.2215,143245.6
2026-09-08 21:10:00,0.2214,0.2216,0.2213,0.2215,150524.6
2026-09-08 21:15:00,0.2215,0.2218,0.2211,0.2215,263193.0
2026-09-08 21:20:00,0.2216,0.2216,0.2209,0.221,610122.3
2026-09-08 21:25:00,0.221,0.2217,0.221,0.2211,446611.8
2026-09-08 21:30:00,0.2211,0.2211,0.2191,0.2198,1591998.1
2026-09-08 21:35:00,0.2199,0.2203,0.2197,0.2201,411232.0
2026-09-08 21:40:00,0.2201,0.2201,0.2193,0.2198,531763.8
2026-09-08 21:45:00,0.2199,0.2199,0.2189,0.2192,805623.7
2026-09-08 21:50:00,0.2192,0.2192,0.2181,0.2187,1433331.5
2026-09-08 21:55:00,0.2187,0.2193,0.2187,0.2192,504446.0
2026-09-08 22:00:00,0.2192,0.2207,0.219,0.2207,319028.3
2026-09-08 22:05:00,0.2206,0.2206,0.2195,0.2196,243506.6
2026-09-08 22:10:00,0.2196,0.2198,0.2192,0.2198,460128.7
2026-09-08 22:15:00,0.2199,0.2202,0.2197,0.2199,523958.7
2026-09-08 22:20:00,0.2199,0.2205,0.2198,0.2202,486702.7
2026-09-08 22:25:00,0.2202,0.2202,0.2199,0.2201,67474.0
2026-09-08 22:30:00,0.2201,0.2201,0.2197,0.2198,232477.1
2026-09-08 22:35:00,0.2199,0.2201,0.2198,0.2199,57472.3
2026-09-08 22:40:00,0.2199,0.2204,0.2198,0.2199,359760.4
2026-09-08 22:45:00,0.2199,0.2203,0.2199,0.2203,79275.0
2026-09-08 22:50:00,0.2204,0.2207,0.2203,0.2205,173765.2
2026-09-08 22:55:00,0.2205,0.2208,0.2202,0.2206,234801.6
2026-09-08 23:00:00,0.2206,0.2209,0.2203,0.2203,509169.5
2026-09-08 23:05:00,0.2203,0.2203,0.22,0.2202,317513.5
2026-09-08 23:10:00,0.2202,0.2202,0.2197,0.2198,549925.2
2026-09-08 23:15:00,0.2198,0.2198,0.2193,0.2196,221103.3
2026-09-08 23:20:00,0.2196,0.22,0.2194,0.2199,292769.3
2026-09-08 23:25:00,0.2199,0.2203,0.2197,0.2201,315284.3
2026-09-08 23:30:00,0.2201,0.2202,0.2199,0.22,75286.2
2026-09-08 23:35:00,0.22,0.22,0.2196,0.2199,132111.1
2026-09-08 23:40:00,0.2199,0.2201,0.2196,0.2197,121505.0
2026-09-08 23:45:00,0.2196,0.2197,0.2194,0.2195,90519.6
2026-09-08 23:50:00,0.2196,0.2198,0.2194,0.2194,352210.1
2026-09-08 23:55:00,0.2194,0.2195,0.2191,0.2195,257858.4
2026-09-09 00:00:00,0.2194,0.2201,0.2194,0.2201,255547.1
2026-09-09 00:05:00,0.2202,0.2205,0.22,0.2204,562110.6
2026-09-09 00:10:00,0.2203,0.221,0.2202,0.221,375592.5
2026-09-09 00:15:00,0.221,0.2211,0.2203,0.2205,253870.4
2026-09-09 00:20:00,0.2204,0.2209,0.2202,0.2203,366583.4
2026-09-09 00:25:00,0.2203,0.2204,0.22,0.2204,216987.8
2026-09-09 00:30:00,0.2204,0.2206,0.2199,0.2204,422418.3
2026-09-09 00:35:00,0.2203,0.2205,0.2197,0.2205,183273.4
2026-09-09 00:40:00,0.2204,0.2204,0.2199,0.2204,196119.1
2026-09-09 00:45:00,0.2204,0.2207,0.2203,0.2206,537545.4
2026-09-09 00:50:00,0.2207,0.2208,0.2203,0.2205,418204.4
2026-09-09 00:55:00,0.2205,0.2208,0.2204,0.2206,436324.8
2026-09-09 01:00:00,0.2205,0.2206,0.2197,0.2197,351977.1
2026-09-09 01:05:00,0.2197,0.2203,0.2197,0.2201,377740.6
2026-09-09 01:10:00,0.2202,0.2206,0.2197,0.2198,452880.1
2026-09-09 01:15:00,0.2198,0.2198,0.2183,0.2184,419345.0
2026-09-09 01:20:00,0.2184,0.2188,0.2182,0.2185,274417.2
2026-09-09 01:25:00,0.2186,0.219,0.2183,0.2188,418305.0
2026-09-09 01:30:00,0.2188,0.2188,0.2184,0.2187,298120.1
2026-09-09 01:35:00,0.2188,0.2199,0.2188,0.2195,218461.8
2026-09-09 01:40:00,0.2196,0.22,0.2193,0.2196,582141.3
2026-09-09 01:45:00,0.2195,0.22,0.2193,0.2197,751758.1
2026-09-09 01:50:00,0.2196,0.22,0.219,0.2196,557931.7
2026-09-09 01:55:00,0.2195,0.2196,0.2189,0.2196,640650.9
2026-09-09 02:00:00,0.2195,0.2197,0.2187,0.2189,712565.0
2026-09-09 02:05:00,0.2189,0.2191,0.2185,0.2189,322961.9
2026-09-09 02:10:00,0.219,0.2194,0.2182,0.2184,1423751.0
2026-09-09 02:15:00,0.2185,0.2185,0.2174,0.218,1785338.2
2026-09-09 02:20:00,0.218,0.2186,0.2174,0.2185,400849.7
2026-09-09 02:25:00,0.2185,0.2185,0.2176,0.2179,938220.5
2026-09-09 02:30:00,0.2179,0.2182,0.2176,0.2177,247084.2
2026-09-09 02:35:00,0.2176,0.2179,0.2173,0.2174,462376.9
2026-09-09 02:40:00,0.2174,0.2179,0.2172,0.2178,878327.2
2026-09-09 02:45:00,0.2178,0.2182,0.2175,0.2179,439832.1
2026-09-09 02:50:00,0.2179,0.2183,0.2179,0.218,181954.9
2026-09-09 02:55:00,0.2179,0.2183,0.2175,0.2177,432524.5
2026-09-09 03:00:00,0.2177,0.2179,0.2171,0.2175,1359928.3
2026-09-09 03:05:00,0.2174,0.2178,0.2171,0.2172,565304.5
2026-09-09 03:10:00,0.2171,0.2175,0.2168,0.217,419365.5
2026-09-09 03:15:00,0.2169,0.217,0.2166,0.2168,260909.6
2026-09-09 03:20:00,0.2168,0.217,0.2164,0.2164,631729.2
2026-09-09 03:25:00,0.2164,0.2165,0.2162,0.2162,263420.5
2026-09-09 03:30:00,0.2163,0.2164,0.216,0.2163,614511.9
2026-09-09 03:35:00,0.2162,0.2168,0.2161,0.2165,652708.5
2026-09-09 03:40:00,0.2166,0.2172,0.2166,0.2169,536275.4
2026-09-09 03:45:00,0.2169,0.2173,0.2163,0.2166,824819.2
2026-09-09 03:50:00,0.2165,0.2166,0.2161,0.2166,836687.5
2026-09-09 03:55:00,0.2165,0.2169,0.2164,0.2166,576653.2
2026-09-09 04:00:00,0.2165,0.2186,0.2162,0.2184,1385148.2
2026-09-09 04:05:00,0.2184,0.2189,0.218,0.2181,1503234.9
2026-09-09 04:10:00,0.218,0.2184,0.2175,0.218,1332065.5
2026-09-09 04:15:00,0.2179,0.2184,0.2176,0.2184,470555.4
2026-09-09 04:20:00,0.2183,0.2192,0.2182,0.2191,704452.6
2026-09-09 04:25:00,0.2192,0.2193,0.2189,0.2192,265991.1
2026-09-09 04:30:00,0.2192,0.2196,0.2191,0.2195,625272.0
2026-09-09 04:35:00,0.2195,0.2197,0.2193,0.2195,196481.6
2026-09-09 04:40:00,0.2194,0.2202,0.2191,0.2201,1691531.0
2026-09-09 04:45:00,0.2202,0.2207,0.2199,0.2206,868383.4
2026-09-09 04:50:00,0.2206,0.2213,0.2205,0.221,659298.7
2026-09-09 04:55:00,0.2211,0.2212,0.2206,0.2208,391616.8
2026-09-09 05:00:00,0.2209,0.2209,0.2202,0.2204,436581.4
2026-09-09 05:05:00,0.2204,0.2205,0.2201,0.2203,186401.7
2026-09-09 05:10:00,0.2203,0.2209,0.2203,0.2208,522668.4
2026-09-09 05:15:00,0.2207,0.2213,0.2203,0.2209,716677.3
2026-09-09 05:20:00,0.2209,0.2209,0.2204,0.2206,352723.4
2026-09-09 05:25:00,0.2206,0.2207,0.2203,0.2204,419608.9
2026-09-09 05:30:00,0.2204,0.2204,0.219,0.2195,814019.1
2026-09-09 05:35:00,0.2195,0.22,0.2189,0.2191,1059998.9
2026-09-09 05:40:00,0.2191,0.2191,0.2185,0.2187,566177.9
2026-09-09 05:45:00,0.2187,0.2189,0.2182,0.2187,946034.4
2026-09-09 05:50:00,0.2187,0.2191,0.2186,0.2189,127693.2
2026-09-09 05:55:00,0.2189,0.219,0.2186,0.219,115607.3
2026-09-09 06:00:00,0.2191,0.2193,0.2184,0.2185,463361.7
2026-09-09 06:05:00,0.2186,0.2193,0.2184,0.219,168299.2
2026-09-09 06:10:00,0.2191,0.2201,0.2191,0.2201,181975.3
2026-09-09 06:15:00,0.22,0.2204,0.2199,0.2204,293194.5
2026-09-09 06:20:00,0.2204,0.2212,0.2204,0.221,499707.4
2026-09-09 06:25:00,0.221,0.221,0.2205,0.2207,656581.9
2026-09-09 06:30:00,0.2207,0.2208,0.2204,0.2206,147920.6
2026-09-09 06:35:00,0.2207,0.2211,0.2207,0.221,356972.5
2026-09-09 06:40:00,0.221,0.2211,0.2207,0.2209,475385.7
2026-09-09 06:45:00,0.2208,0.2209,0.2206,0.2208,368249.1
2026-09-09 06:50:00,0.2208,0.221,0.2206,0.2207,380629.8
2026-09-09 06:55:00,0.2206,0.2206,0.2204,0.2204,229023.1
2026-09-09 07:00:00,0.2205,0.2209,0.2203,0.2209,197455.9
2026-09-09 07:05:00,0.221,0.222,0.221,0.2215,992778.0
2026-09-09 07:10:00,0.2215,0.2216,0.2209,0.2209,810270.4
2026-09-09 07:15:00,0.2209,0.2212,0.2207,0.2207,531330.6
2026-09-09 07:20:00,0.2207,0.221,0.2207,0.221,522512.7
2026-09-09 07:25:00,0.2211,0.2213,0.2207,0.2211,521999.3
2026-09-09 07:30:00,0.2212,0.2213,0.2208,0.2212,357105.3
2026-09-09 07:35:00,0.2212,0.2214,0.2211,0.2212,239772.3
2026-09-09 07:40:00,0.2212,0.2213,0.221,0.2211,180790.3
2026-09-09 07:45:00,0.2212,0.2213,0.221,0.221,253321.3
2026-09-09 07:50:00,0.221,0.2214,0.221,0.2212,65292.4
2026-09-09 07:55:00,0.2212,0.2216,0.2212,0.2216,233124.6
2026-09-09 08:00:00,0.2216,0.2221,0.2214,0.222,835641.7
2026-09-09 08:05:00,0.222,0.2227,0.2219,0.2221,764785.1
2026-09-09 08:10:00,0.2221,0.2226,0.2217,0.2219,806732.1
2026-09-09 08:15:00,0.2218,0.2223,0.2218,0.2222,834967.3
2026-09-09 08:20:00,0.2222,0.2227,0.2221,0.2222,535853.5
2026-09-09 08:25:00,0.2223,0.2227,0.2219,0.2227,520942.8
2026-09-09 08:30:00,0.2227,0.2228,0.2224,0.2227,627112.0
2026-09-09 08:35:00,0.2228,0.2231,0.222,0.2222,1072277.9
2026-09-09 08:40:00,0.2222,0.2226,0.2219,0.2221,618867.9
2026-09-09 08:45:00,0.2221,0.2221,0.2214,0.2216,332687.2
2026-09-09 08:50:00,0.2215,0.2223,0.2213,0.2221,316467.8
2026-09-09 08:55:00,0.2221,0.2224,0.2219,0.2221,729824.8
2026-09-09 09:00:00,0.2222,0.2222,0.2215,0.2217,197469.5
2026-09-09 09:05:00,0.2217,0.2217,0.2209,0.2209,443228.5
2026-09-09 09:10:00,0.221,0.2213,0.2209,0.2211,477351.7
2026-09-09 09:15:00,0.2212,0.2213,0.2206,0.2207,724429.3
2026-09-09 09:20:00,0.2207,0.2207,0.2203,0.2205,463482.8
2026-09-09 09:25:00,0.2205,0.2208,0.2204,0.2204,405668.9
2026-09-09 09:30:00,0.2204,0.2206,0.2199,0.2202,724369.2
2026-09-09 09:35:00,0.2201,0.2201,0.2195,0.2196,276123.5
2026-09-09 09:40:00,0.2196,0.2196,0.2182,0.2183,1379947.6
2026-09-09 09:45:00,0.2183,0.2187,0.2177,0.218,1245582.2
2026-09-09 09:50:00,0.2179,0.2183,0.2177,0.2177,608730.1
2026-09-09 09:55:00,0.2177,0.2182,0.2175,0.2181,752051.5
2026-09-09 10:00:00,0.218,0.219,0.2179,0.219,616307.0
2026-09-09 10:05:00,0.219,0.2192,0.2183,0.2183,602879.1
2026-09-09 10:10:00,0.2183,0.2185,0.2179,0.2184,292677.8
2026-09-09 10:15:00,0.2183,0.2184,0.2179,0.2184,724795.1
2026-09-09 10:20:00,0.2184,0.2189,0.2183,0.2185,426310.5
2026-09-09 10:25:00,0.2184,0.2189,0.2182,0.2187,1087494.3
2026-09-09 10:30:00,0.2188,0.2193,0.2186,0.2191,750139.2
2026-09-09 10:35:00,0.2191,0.2192,0.2186,0.2188,802933.9
2026-09-09 10:40:00,0.2189,0.219,0.2183,0.2187,621378.2
2026-09-09 10:45:00,0.2186,0.2187,0.2183,0.2186,343090.7
2026-09-09 10:50:00,0.2187,0.2187,0.2181,0.2184,606528.2
2026-09-09 10:55:00,0.2183,0.2188,0.2183,0.2188,98603.8
2026-09-09 11:00:00,0.2188,0.2188,0.2175,0.2178,443728.2
2026-09-09 11:05:00,0.2177,0.2182,0.2174,0.2182,605241.1
2026-09-09 11:10:00,0.2181,0.2182,0.2176,0.2177,467719.8
2026-09-09 11:15:00,0.2177,0.2177,0.217,0.2173,804300.0
2026-09-09 11:20:00,0.2174,0.2188,0.2173,0.2188,579324.9
2026-09-09 11:25:00,0.2188,0.2189,0.2183,0.2188,588892.1
2026-09-09 11:30:00,0.2187,0.2193,0.2185,0.219,1303315.4
2026-09-09 11:35:00,0.2189,0.2192,0.2188,0.2191,930616.2
2026-09-09 11:40:00,0.2191,0.2194,0.2189,0.219,855906.6
2026-09-09 11:45:00,0.219,0.2198,0.2189,0.2197,485373.4
2026-09-09 11:50:00,0.2198,0.2203,0.2196,0.2201,755666.7
2026-09-09 11:55:00,0.2202,0.2204,0.22,0.2203,198296.6
2026-09-09 12:00:00,0.2203,0.2205,0.2198,0.2199,657240.0
2026-09-09 12:05:00,0.22,0.2203,0.2197,0.2203,631856.2
2026-09-09 12:10:00,0.2203,0.2208,0.2201,0.2206,925105.8
2026-09-09 12:15:00,0.2206,0.221,0.2205,0.2207,897525.1
2026-09-09 12:20:00,0.2207,0.2213,0.2205,0.2206,744694.7
2026-09-09 12:25:00,0.2206,0.2207,0.2203,0.2207,286113.5
2026-09-09 12:30:00,0.2208,0.2216,0.2208,0.2213,628041.1
2026-09-09 12:35:00,0.2213,0.2216,0.221,0.2212,632329.4
2026-09-09 12:40:00,0.2212,0.2214,0.2208,0.2211,804954.3
2026-09-09 12:45:00,0.2212,0.2218,0.221,0.2215,807957.7
2026-09-09 12:50:00,0.2215,0.2217,0.221,0.2211,770330.9
2026-09-09 12:55:00,0.2211,0.2211,0.2202,0.2204,1193021.4
2026-09-09 13:00:00,0.2205,0.2209,0.2201,0.2209,624148.0
2026-09-09 13:05:00,0.221,0.2213,0.2208,0.221,609221.1
2026-09-09 13:10:00,0.2209,0.221,0.2205,0.2209,192631.4
2026-09-09 13:15:00,0.221,0.221,0.2207,0.221,142742.0
2026-09-09 13:20:00,0.2211,0.2213,0.2207,0.2209,143604.0
2026-09-09 13:25:00,0.2208,0.2212,0.2208,0.2211,225067.2
2026-09-09 13:30:00,0.2211,0.2212,0.2205,0.221,239888.2
2026-09-09 13:35:00,0.221,0.221,0.219,0.2193,1305686.1
2026-09-09 13:40:00,0.2193,0.2198,0.2177,0.2185,1385259.6
2026-09-09 13:45:00,0.2185,0.2194,0.2185,0.219,1024005.2
2026-09-09 13:50:00,0.2191,0.2195,0.2186,0.2187,751760.0
2026-09-09 13:55:00,0.2187,0.2189,0.218,0.2182,959402.4
2026-09-09 14:00:00,0.2182,0.2188,0.2176,0.2185,1033509.0
2026-09-09 14:05:00,0.2185,0.2191,0.2176,0.2176,895908.5
2026-09-09 14:10:00,0.2177,0.2181,0.2173,0.218,1002216.3
2026-09-09 14:15:00,0.2181,0.2181,0.2175,0.2175,634231.0
2026-09-09 14:20:00,0.2175,0.2184,0.2175,0.218,674990.2
2026-09-09 14:25:00,0.2179,0.2196,0.2179,0.2196,888497.8
2026-09-09 14:30:00,0.2197,0.2198,0.2192,0.2194,1297036.9
2026-09-09 14:35:00,0.2194,0.2199,0.2191,0.2196,494956.6
2026-09-09 14:40:00,0.2196,0.2196,0.2181,0.2182,752900.6
2026-09-09 14:45:00,0.2182,0.2189,0.218,0.2188,1090224.6
2026-09-09 14:50:00,0.2189,0.219,0.2178,0.2178,451304.9
2026-09-09 14:55:00,0.2179,0.2182,0.2174,0.2181,1274779.3
2026-09-09 15:00:00,0.2181,0.2195,0.2163,0.2169,4887711.1
2026-09-09 15:05:00,0.217,0.2176,0.2157,0.2165,1510291.4
2026-09-09 15:10:00,0.2165,0.2168,0.2151,0.2159,2910534.2
2026-09-09 15:15:00,0.2159,0.2166,0.2155,0.216,1126180.8
2026-09-09 15:20:00,0.2161,0.2163,0.2135,0.2137,3806505.7
2026-09-09 15:25:00,0.2137,0.2153,0.2135,0.2151,1436088.1
2026-09-09 15:30:00,0.2152,0.2159,0.2146,0.2159,1300874.1
2026-09-09 15:35:00,0.216,0.2168,0.2155,0.2166,1293986.1
2026-09-09 15:40:00,0.2167,0.2169,0.216,0.2163,564330.0
2026-09-09 15:45:00,0.2162,0.2165,0.216,0.2162,426340.5
2026-09-09 15:50:00,0.2162,0.2163,0.2158,0.2162,450405.3
2026-09-09 15:55:00,0.2162,0.2164,0.2155,0.2157,884182.6
2026-09-09 16:00:00,0.2156,0.2171,0.2153,0.2169,1642152.0
2026-09-09 16:05:00,0.2169,0.2172,0.2156,0.2157,1660272.1
2026-09-09 16:10:00,0.2157,0.2165,0.2156,0.2164,935844.8
2026-09-09 16:15:00,0.2164,0.2164,0.2154,0.2158,1211792.3
2026-09-09 16:20:00,0.2159,0.2164,0.2153,0.2156,553533.2
2026-09-09 16:25:00,0.2156,0.2162,0.2155,0.2158,789731.3
2026-09-09 16:30:00,0.2159,0.2176,0.2158,0.2174,644447.2
2026-09-09 16:35:00,0.2173,0.2178,0.2173,0.2176,430953.4
2026-09-09 16:40:00,0.2175,0.218,0.2174,0.218,305179.7
2026-09-09 16:45:00,0.2181,0.2182,0.2178,0.2178,266736.5
2026-09-09 16:50:00,0.2179,0.218,0.2175,0.2176,304722.3
2026-09-09 16:55:00,0.2176,0.2181,0.2176,0.2179,309579.0
2026-09-09 17:00:00,0.2179,0.2181,0.2173,0.2173,469337.6
2026-09-09 17:05:00,0.2173,0.2178,0.2169,0.2177,891285.9
2026-09-09 17:10:00,0.2177,0.2181,0.2176,0.2178,620496.3
2026-09-09 17:15:00,0.2178,0.218,0.2175,0.2179,500296.2
2026-09-09 17:20:00,0.2179,0.218,0.2177,0.218,172749.2
2026-09-09 17:25:00,0.218,0.2184,0.2178,0.218,785970.4
2026-09-09 17:30:00,0.2179,0.2179,0.2174,0.2175,160758.7
2026-09-09 17:35:00,0.2175,0.218,0.2172,0.2173,432590.7
2026-09-09 17:40:00,0.2174,0.2174,0.2169,0.2172,386130.7
2026-09-09 17:45:00,0.2172,0.2175,0.2171,0.2175,230111.1
2026-09-09 17:50:00,0.2175,0.2176,0.2171,0.2176,73752.6
2026-09-09 17:55:00,0.2176,0.2177,0.2174,0.2175,64553.7
2026-09-09 18:00:00,0.2175,0.2177,0.2173,0.2177,349156.2
2026-09-09 18:05:00,0.2177,0.2179,0.2171,0.2174,181810.8
2026-09-09 18:10:00,0.2173,0.2174,0.2172,0.2173,92481.6
2026-09-09 18:15:00,0.2173,0.2175,0.217,0.2171,110804.1
2026-09-09 18:20:00,0.2171,0.2175,0.2171,0.2175,72230.9
2026-09-09 18:25:00,0.2175,0.2178,0.2174,0.2178,105230.5
2026-09-09 18:30:00,0.2177,0.218,0.2176,0.2177,236965.8
2026-09-09 18:35:00,0.2177,0.2179,0.2176,0.2178,114269.5
2026-09-09 18:40:00,0.2177,0.218,0.2176,0.2178,198012.7
2026-09-09 18:45:00,0.2178,0.2178,0.2172,0.2176,759350.8
2026-09-09 18:50:00,0.2177,0.2177,0.2168,0.2169,672091.9
2026-09-09 18:55:00,0.2169,0.2173,0.2167,0.2168,186169.9
2026-09-09 19:00:00,0.2167,0.2173,0.2162,0.2164,798800.0
2026-09-09 19:05:00,0.2164,0.2169,0.2162,0.2168,619958.1
2026-09-09 19:10:00,0.2169,0.2173,0.2169,0.2173,123503.2
2026-09-09 19:15:00,0.2173,0.2175,0.2171,0.2173,304684.9
2026-09-09 19:20:00,0.2172,0.2172,0.2169,0.2171,56420.0
2026-09-09 19:25:00,0.217,0.2171,0.2167,0.2167,122851.0
2026-09-09 19:30:00,0.2166,0.2168,0.2161,0.2163,166601.1
2026-09-09 19:35:00,0.2163,0.2163,0.2154,0.2156,890292.7
2026-09-09 19:40:00,0.2155,0.2161,0.2155,0.2156,251065.5
2026-09-09 19:45:00,0.2157,0.2158,0.2155,0.2156,134146.0
2026-09-09 19:50:00,0.2156,0.2156,0.214,0.2144,1807364.7
2026-09-09 19:55:00,0.2143,0.2148,0.2142,0.2147,513067.6
2026-09-09 20:00:00,0.2147,0.2151,0.2141,0.2141,1183549.0
2026-09-09 20:05:00,0.2141,0.2148,0.214,0.2148,554430.4
2026-09-09 20:10:00,0.2149,0.215,0.2143,0.2145,441182.7
2026-09-09 20:15:00,0.2146,0.2151,0.2144,0.2145,617586.7
2026-09-09 20:20:00,0.2144,0.2144,0.2123,0.2135,1946531.7
2026-09-09 20:25:00,0.2136,0.2137,0.212,0.213,1611834.1
2026-09-09 20:30:00,0.213,0.214,0.2129,0.2137,495425.2
2026-09-09 20:35:00,0.2137,0.2143,0.2136,0.2141,380919.9
2026-09-09 20:40:00,0.214,0.2141,0.2136,0.2137,398389.2
2026-09-09 20:45:00,0.2137,0.2139,0.213,0.213,427132.3
2026-09-09 20:50:00,0.213,0.2136,0.2128,0.2132,730691.9
2026-09-09 20:55:00,0.2133,0.2144,0.2133,0.2144,473559.3
2026-09-09 21:00:00,0.2144,0.2144,0.2135,0.2136,1600823.5
2026-09-09 21:05:00,0.2137,0.2144,0.2134,0.2136,338143.8
2026-09-09 21:10:00,0.2135,0.214,0.2134,0.2139,487305.0
2026-09-09 21:15:00,0.2139,0.2139,0.2129,0.2134,546699.1
2026-09-09 21:20:00,0.2133,0.214,0.2129,0.2139,277043.8
2026-09-09 21:25:00,0.2139,0.2145,0.2139,0.2139,637300.5
2026-09-09 21:30:00,0.2139,0.2141,0.2132,0.2133,410541.3
2026-09-09 21:35:00,0.2133,0.2133,0.2128,0.2129,462264.5
2026-09-09 21:40:00,0.2129,0.2133,0.2129,0.213,248165.0
2026-09-09 21:45:00,0.213,0.2132,0.2113,0.2113,1400354.6
2026-09-09 21:50:00,0.2113,0.2122,0.2113,0.2121,632527.7
2026-09-09 21:55:00,0.2121,0.2124,0.2115,0.2124,691061.5
2026-09-09 22:00:00,0.2124,0.2128,0.2119,0.2121,722023.5
2026-09-09 22:05:00,0.2121,0.2124,0.2082,0.2102,5630629.9
2026-09-09 22:10:00,0.2102,0.2116,0.2102,0.2103,1930738.8
2026-09-09 22:15:00,0.2103,0.211,0.2098,0.2109,887706.3
2026-09-09 22:20:00,0.211,0.2113,0.2109,0.2113,141560.2
2026-09-09 22:25:00,0.2114,0.2115,0.211,0.2111,233133.7
2026-09-09 22:30:00,0.2111,0.2112,0.2106,0.2108,393790.4
2026-09-09 22:35:00,0.2108,0.2114,0.2105,0.2112,363434.4
2026-09-09 22:40:00,0.2112,0.2114,0.2109,0.2111,177168.0
2026-09-09 22:45:00,0.2111,0.2112,0.2108,0.2108,147009.0
2026-09-09 22:50:00,0.2108,0.2108,0.2103,0.2104,299539.6
2026-09-09 22:55:00,0.2104,0.2104,0.2096,0.2098,549842.5
2026-09-09 23:00:00,0.2098,0.2111,0.2097,0.2111,506459.7
2026-09-09 23:05:00,0.211,0.2119,0.211,0.2114,440328.9
2026-09-09 23:10:00,0.2114,0.2115,0.2111,0.2112,870238.3
2026-09-09 23:15:00,0.2112,0.2114,0.2109,0.2113,210838.1
2026-09-09 23:20:00,0.2112,0.2114,0.2109,0.2112,132021.6
2026-09-09 23:25:00,0.2111,0.2113,0.2111,0.2113,69507.4
2026-09-09 23:30:00,0.2114,0.2117,0.2113,0.2116,129759.8
2026-09-09 23:35:00,0.2117,0.2119,0.2115,0.2117,351246.6
2026-09-09 23:40:00,0.2117,0.2121,0.2116,0.2119,223660.4
2026-09-09 23:45:00,0.212,0.2121,0.2118,0.212,106626.3
2026-09-09 23:50:00,0.2121,0.2122,0.212,0.2122,305345.9
2026-09-09 23:55:00,0.2121,0.2121,0.2119,0.2119,55157.8
2026-09-10 00:00:00,0.2119,0.2122,0.2118,0.2121,271055.4
2026-09-10 00:05:00,0.2122,0.2124,0.2119,0.2123,460121.8
2026-09-10 00:10:00,0.2124,0.2128,0.2121,0.2122,255012.5
2026-09-10 00:15:00,0.2122,0.2123,0.2118,0.2118,108802.9
2026-09-10 00:20:00,0.2118,0.2122,0.2114,0.212,415233.3
2026-09-10 00:25:00,0.2119,0.2121,0.2114,0.2118,709802.9
2026-09-10 00:30:00,0.2118,0.2118,0.211,0.2118,391725.7
2026-09-10 00:35:00,0.2118,0.2121,0.2115,0.2116,527979.0
2026-09-10 00:40:00,0.2115,0.2115,0.2107,0.2108,221738.6
2026-09-10 00:45:00,0.2108,0.2117,0.2106,0.211,487653.2
2026-09-10 00:50:00,0.211,0.2115,0.2105,0.2111,829035.7
2026-09-10 00:55:00,0.2111,0.2112,0.2107,0.211,312205.9
2026-09-10 01:00:00,0.2109,0.2122,0.2108,0.2119,1283132.3
2026-09-10 01:05:00,0.212,0.2128,0.2119,0.2124,815919.5
2026-09-10 01:10:00,0.2123,0.2125,0.2115,0.2117,97866.9
2026-09-10 01:15:00,0.2117,0.2118,0.2109,0.2116,571634.6
2026-09-10 01:20:00,0.2115,0.2117,0.2106,0.2115,606318.8
2026-09-10 01:25:00,0.2115,0.2115,0.2109,0.2109,192903.0
2026-09-10 01:30:00,0.2109,0.2111,0.2102,0.2102,759433.2
2026-09-10 01:35:00,0.2102,0.2104,0.2095,0.2096,427262.8
2026-09-10 01:40:00,0.2097,0.2112,0.2097,0.2106,549089.4
2026-09-10 01:45:00,0.2105,0.2112,0.2102,0.2108,252431.3
2026-09-10 01:50:00,0.2108,0.2109,0.2101,0.2103,362011.2
2026-09-10 01:55:00,0.2102,0.211,0.2101,0.2109,261004.0
2026-09-10 02:00:00,0.2108,0.2109,0.2105,0.2105,268087.2
2026-09-10 02:05:00,0.2105,0.2112,0.2104,0.2107,197092.1
2026-09-10 02:10:00,0.2107,0.2108,0.2104,0.2107,91915.2
2026-09-10 02:15:00,0.2108,0.2109,0.2103,0.2109,249699.6
2026-09-10 02:20:00,0.2109,0.2111,0.2106,0.2106,120744.0
2026-09-10 02:25:00,0.2107,0.211,0.2107,0.211,96532.8
2026-09-10 02:30:00,0.211,0.2121,0.2108,0.212,412236.5
2026-09-10 02:35:00,0.212,0.2124,0.2118,0.212,139289.4
2026-09-10 02:40:00,0.2119,0.2124,0.2119,0.2123,280017.0
2026-09-10 02:45:00,0.2124,0.2127,0.2123,0.2126,274310.2
2026-09-10 02:50:00,0.2127,0.213,0.2125,0.213,235279.4
2026-09-10 02:55:00,0.213,0.2132,0.2129,0.2132,66561.4
2026-09-10 03:00:00,0.2133,0.2136,0.2129,0.2135,608448.5
2026-09-10 03:05:00,0.2136,0.2136,0.2131,0.2131,87891.3
2026-09-10 03:10:00,0.2132,0.2133,0.213,0.2131,188315.8
2026-09-10 03:15:00,0.2131,0.2134,0.2129,0.2134,166631.8
2026-09-10 03:20:00,0.2134,0.214,0.2134,0.2134,377075.0
2026-09-10 03:25:00,0.2134,0.2138,0.2132,0.2137,288454.9
2026-09-10 03:30:00,0.2136,0.2139,0.2134,0.2135,446339.4
2026-09-10 03:35:00,0.2135,0.2135,0.2129,0.2133,138595.1
2026-09-10 03:40:00,0.2133,0.214,0.2133,0.2136,669538.8
2026-09-10 03:45:00,0.2136,0.214,0.2135,0.2138,321859.7
2026-09-10 03:50:00,0.2138,0.2139,0.2134,0.2137,430958.1
2026-09-10 03:55:00,0.2137,0.2139,0.2134,0.2138,389485.4
2026-09-10 04:00:00,0.2138,0.2141,0.2137,0.2139,540375.4
2026-09-10 04:05:00,0.214,0.2142,0.2138,0.2139,154449.2
2026-09-10 04:10:00,0.2138,0.214,0.2137,0.2137,44150.8
2026-09-10 04:15:00,0.2138,0.214,0.2137,0.214,112790.5
2026-09-10 04:20:00,0.2141,0.2141,0.2136,0.2137,66158.1
2026-09-10 04:25:00,0.2137,0.2139,0.2134,0.2134,22957.0
2026-09-10 04:30:00,0.2134,0.2136,0.2132,0.2136,180112.0
2026-09-10 04:35:00,0.2137,0.2139,0.2137,0.2138,113838.7
2026-09-10 04:40:00,0.2138,0.2139,0.2134,0.2134,356656.1
2026-09-10 04:45:00,0.2133,0.2136,0.2132,0.2133,496093.7
2026-09-10 04:50:00,0.2133,0.2134,0.213,0.2132,667933.4
2026-09-10 04:55:00,0.2133,0.214,0.2131,0.2135,749444.9
2026-09-10 05:00:00,0.2136,0.2138,0.2125,0.2126,237141.9
2026-09-10 05:05:00,0.2125,0.2131,0.2125,0.213,488191.6
2026-09-10 05:10:00,0.2131,0.2141,0.213,0.214,144486.4
2026-09-10 05:15:00,0.2139,0.2139,0.2133,0.2133,508406.4
2026-09-10 05:20:00,0.2133,0.2134,0.2129,0.2132,391807.5
2026-09-10 05:25:00,0.2131,0.2138,0.213,0.2138,230457.7
2026-09-10 05:30:00,0.2138,0.2142,0.2136,0.214,197333.3
2026-09-10 05:35:00,0.2141,0.2147,0.2137,0.2139,445387.8
2026-09-10 05:40:00,0.2138,0.214,0.2136,0.2139,71944.4
2026-09-10 05:45:00,0.2138,0.2141,0.2137,0.2139,62716.6
2026-09-10 05:50:00,0.214,0.2143,0.2139,0.2143,62124.1
2026-09-10 05:55:00,0.2143,0.2145,0.2141,0.2144,111403.8
2026-09-10 06:00:00,0.2145,0.2145,0.2142,0.2142,162525.6
2026-09-10 06:05:00,0.2142,0.2143,0.2137,0.2138,139227.5
2026-09-10 06:10:00,0.2137,0.2138,0.2133,0.2133,151048.2
2026-09-10 06:15:00,0.2132,0.2133,0.2126,0.2128,231210.5
2026-09-10 06:20:00,0.2128,0.2129,0.2125,0.2128,428457.0
2026-09-10 06:25:00,0.2128,0.2133,0.2128,0.2131,213530.6
2026-09-10 06:30:00,0.2132,0.2133,0.2129,0.2132,104351.4
2026-09-10 06:35:00,0.2131,0.2134,0.2131,0.2134,163264.4
2026-09-10 06:40:00,0.2135,0.2137,0.2133,0.2133,198861.3
2026-09-10 06:45:00,0.2134,0.2143,0.2134,0.2143,277847.0
2026-09-10 06:50:00,0.2144,0.2149,0.2144,0.2148,224707.9
2026-09-10 06:55:00,0.2148,0.215,0.2147,0.215,143696.2
2026-09-10 07:00:00,0.2149,0.215,0.2141,0.2141,300141.8
2026-09-10 07:05:00,0.2141,0.2141,0.2134,0.2136,141935.6
2026-09-10 07:10:00,0.2136,0.2141,0.2136,0.2138,106766.7
2026-09-10 07:15:00,0.2138,0.2138,0.2136,0.2136,216246.8
2026-09-10 07:20:00,0.2136,0.2137,0.2132,0.2133,410303.4
2026-09-10 07:25:00,0.2134,0.2135,0.2131,0.2131,197230.1
2026-09-10 07:30:00,0.2131,0.2133,0.2122,0.2125,447663.1
2026-09-10 07:35:00,0.2125,0.2128,0.212,0.212,339392.6
2026-09-10 07:40:00,0.212,0.2122,0.2119,0.2121,481367.1
2026-09-10 07:45:00,0.2121,0.213,0.2121,0.2127,374311.3
2026-09-10 07:50:00,0.2128,0.2133,0.2128,0.2129,201246.1
2026-09-10 07:55:00,0.213,0.2135,0.2126,0.2135,509950.6
2026-09-10 08:00:00,0.2135,0.2138,0.2131,0.2131,1099911.4
2026-09-10 08:05:00,0.2131,0.214,0.2131,0.2139,501751.6
2026-09-10 08:10:00,0.2138,0.214,0.2132,0.2134,668181.5
2026-09-10 08:15:00,0.2134,0.2136,0.213,0.2136,483025.7
2026-09-10 08:20:00,0.2136,0.2143,0.2134,0.214,559858.7
2026-09-10 08:25:00,0.2141,0.2141,0.2135,0.2139,542208.8
2026-09-10 08:30:00,0.2139,0.214,0.2133,0.2137,675529.1
2026-09-10 08:35:00,0.2136,0.2137,0.2132,0.2133,79780.6
2026-09-10 08:40:00,0.2132,0.2133,0.2128,0.2129,173353.2
2026-09-10 08:45:00,0.2129,0.2131,0.2128,0.213,60869.2
2026-09-10 08:50:00,0.213,0.2132,0.213,0.2131,152578.7
2026-09-10 08:55:00,0.213,0.213,0.2127,0.2127,130564.5
2026-09-10 09:00:00,0.2127,0.2133,0.2127,0.2132,222809.4
2026-09-10 09:05:00,0.2133,0.2137,0.2132,0.2133,170594.8
2026-09-10 09:10:00,0.2133,0.2139,0.2133,0.2139,224419.0
2026-09-10 09:15:00,0.2138,0.2141,0.2136,0.214,182326.2
2026-09-10 09:20:00,0.214,0.2142,0.2136,0.214,232768.9
2026-09-10 09:25:00,0.214,0.2152,0.214,0.2147,1645746.0
2026-09-10 09:30:00,0.2147,0.2147,0.2136,0.214,392921.9
2026-09-10 09:35:00,0.214,0.214,0.2126,0.2126,483726.0
2026-09-10 09:40:00,0.2126,0.2129,0.2122,0.2128,168359.1
2026-09-10 09:45:00,0.2129,0.2133,0.2129,0.2133,256522.2
2026-09-10 09:50:00,0.2133,0.2135,0.2131,0.2135,314558.8
2026-09-10 09:55:00,0.2134,0.2136,0.2127,0.2134,1262843.8
2026-09-10 10:00:00,0.2133,0.2139,0.213,0.2136,678960.4
2026-09-10 10:05:00,0.2135,0.2139,0.213,0.2131,727656.8
2026-09-10 10:10:00,0.2131,0.2138,0.2131,0.2136,845502.1
2026-09-10 10:15:00,0.2136,0.2138,0.2131,0.2134,399957.7
2026-09-10 10:20:00,0.2134,0.2138,0.2132,0.2132,302067.3
2026-09-10 10:25:00,0.2133,0.2134,0.2127,0.2127,420475.9
2026-09-10 10:30:00,0.2126,0.2127,0.2116,0.2119,948816.2
2026-09-10 10:35:00,0.212,0.2129,0.212,0.2127,182353.8
2026-09-10 10:40:00,0.2128,0.2131,0.2127,0.213,61721.0
2026-09-10 10:45:00,0.213,0.2133,0.213,0.2131,119990.9
2026-09-10 10:50:00,0.2131,0.2131,0.2124,0.2125,157727.5
2026-09-10 10:55:00,0.2125,0.2135,0.2122,0.2122,383536.0
2026-09-10 11:00:00,0.2121,0.2122,0.2108,0.2111,1500704.0
2026-09-10 11:05:00,0.2111,0.2119,0.2111,0.2115,297167.9
2026-09-10 11:10:00,0.2116,0.2125,0.2115,0.2125,350584.5
2026-09-10 11:15:00,0.2125,0.2131,0.2125,0.2129,163548.7
2026-09-10 11:20:00,0.2129,0.2132,0.2129,0.2132,109810.6
2026-09-10 11:25:00,0.2132,0.2135,0.2129,0.2134,402374.2
2026-09-10 11:30:00,0.2135,0.2141,0.2133,0.2135,640259.5
2026-09-10 11:35:00,0.2135,0.2137,0.2131,0.2136,692914.2
2026-09-10 11:40:00,0.2135,0.2138,0.213,0.2132,637841.2
2026-09-10 11:45:00,0.2133,0.2134,0.2124,0.2132,741464.4
2026-09-10 11:50:00,0.2131,0.2133,0.2127,0.2128,806807.5
2026-09-10 11:55:00,0.2128,0.2128,0.2123,0.2125,54343.0
2026-09-10 12:00:00,0.2124,0.213,0.2123,0.2127,400970.3
2026-09-10 12:05:00,0.2127,0.2129,0.2123,0.2123,136600.1
2026-09-10 12:10:00,0.2123,0.2129,0.2122,0.2128,218639.1
2026-09-10 12:15:00,0.2127,0.2128,0.2124,0.2125,215136.9
2026-09-10 12:20:00,0.2125,0.2126,0.2123,0.2123,304961.9
2026-09-10 12:25:00,0.2123,0.213,0.2122,0.2129,424667.6
2026-09-10 12:30:00,0.2128,0.2136,0.2107,0.2111,3041390.0
2026-09-10 12:35:00,0.2111,0.212,0.2104,0.2108,1093155.7
2026-09-10 12:40:00,0.2109,0.212,0.2107,0.2118,544209.5
2026-09-10 12:45:00,0.2118,0.2119,0.2065,0.2097,9365711.8
2026-09-10 12:50:00,0.2097,0.21,0.2083,0.2085,1836277.6
2026-09-10 12:55:00,0.2084,0.2088,0.2079,0.2083,980297.4
2026-09-10 13:00:00,0.2083,0.2105,0.2082,0.2098,1717328.5
2026-09-10 13:05:00,0.2098,0.2098,0.2089,0.2095,842139.9
2026-09-10 13:10:00,0.2094,0.2098,0.2084,0.209,1448596.8
2026-09-10 13:15:00,0.2091,0.2094,0.2087,0.2089,851615.4
2026-09-10 13:20:00,0.209,0.2101,0.2089,0.21,557138.8
2026-09-10 13:25:00,0.2099,0.2101,0.2096,0.2096,640014.7
2026-09-10 13:30:00,0.2096,0.21,0.2093,0.2097,557252.9
2026-09-10 13:35:00,0.2096,0.2107,0.2095,0.2103,491743.5
2026-09-10 13:40:00,0.2103,0.2111,0.2102,0.2102,796603.7
2026-09-10 13:45:00,0.2103,0.211,0.2102,0.2107,596642.2
2026-09-10 13:50:00,0.2106,0.2114,0.2101,0.2109,241311.2
2026-09-10 13:55:00,0.2108,0.2114,0.2108,0.211,94843.6
2026-09-10 14:00:00,0.211,0.2119,0.211,0.2115,359852.9
2026-09-10 14:05:00,0.2115,0.2115,0.2099,0.2102,811741.7
2026-09-10 14:10:00,0.2102,0.2104,0.2095,0.2096,508872.5
2026-09-10 14:15:00,0.2095,0.21,0.2086,0.2097,1140706.9
2026-09-10 14:20:00,0.2097,0.2113,0.2095,0.2107,654577.6
2026-09-10 14:25:00,0.2108,0.2117,0.2107,0.211,746432.7
2026-09-10 14:30:00,0.2109,0.2116,0.2106,0.2115,475457.4
2026-09-10 14:35:00,0.2115,0.2122,0.2115,0.2116,383494.0
2026-09-10 14:40:00,0.2117,0.2121,0.2115,0.2117,352699.6
2026-09-10 14:45:00,0.2116,0.2121,0.2114,0.2116,221303.8
2026-09-10 14:50:00,0.2115,0.2117,0.2111,0.2116,222128.4
2026-09-10 14:55:00,0.2117,0.2118,0.2114,0.2116,217497.7
2026-09-10 15:00:00,0.2117,0.2117,0.2105,0.2107,274900.8
2026-09-10 15:05:00,0.2106,0.2115,0.2106,0.2112,140821.1
2026-09-10 15:10:00,0.2112,0.2114,0.2107,0.2108,117372.1
2026-09-10 15:15:00,0.2109,0.211,0.2096,0.2096,629780.7
2026-09-10 15:20:00,0.2097,0.21,0.2092,0.2096,441589.0
2026-09-10 15:25:00,0.2095,0.2097,0.2091,0.2092,294374.9
2026-09-10 15:30:00,0.2092,0.21,0.2092,0.2095,398142.0
2026-09-10 15:35:00,0.2096,0.2106,0.2095,0.2101,1116030.5
2026-09-10 15:40:00,0.21,0.21,0.2094,0.2098,441163.9
2026-09-10 15:45:00,0.2098,0.2101,0.2093,0.2096,628047.8
2026-09-10 15:50:00,0.2097,0.2099,0.2089,0.2089,810139.8
2026-09-10 15:55:00,0.2089,0.2097,0.2088,0.2097,595997.8
2026-09-10 16:00:00,0.2096,0.21,0.2085,0.2086,1053748.4
2026-09-10 16:05:00,0.2086,0.2088,0.2068,0.2069,1846878.8
2026-09-10 16:10:00,0.2069,0.2075,0.2067,0.2072,1794716.4
2026-09-10 16:15:00,0.2072,0.2072,0.2061,0.2067,1221789.6
2026-09-10 16:20:00,0.2067,0.2076,0.2067,0.207,697454.2
2026-09-10 16:25:00,0.207,0.2071,0.2066,0.2067,351904.7
2026-09-10 16:30:00,0.2067,0.2069,0.2059,0.206,1103413.8
2026-09-10 16:35:00,0.206,0.2066,0.2056,0.2065,705412.1
2026-09-10 16:40:00,0.2065,0.207,0.2063,0.207,439848.6
2026-09-10 16:45:00,0.207,0.2081,0.207,0.2076,528956.8
2026-09-10 16:50:00,0.2076,0.2079,0.2074,0.2076,684477.7
2026-09-10 16:55:00,0.2076,0.2083,0.2076,0.2083,426077.7
2026-09-10 17:00:00,0.2082,0.2083,0.2077,0.208,344207.1
2026-09-10 17:05:00,0.208,0.2091,0.208,0.2087,1664808.6
2026-09-10 17:10:00,0.2086,0.2092,0.2086,0.2088,401806.1
2026-09-10 17:15:00,0.2089,0.2089,0.2084,0.2088,304678.8
2026-09-10 17:20:00,0.2088,0.2093,0.2086,0.2093,518460.1
2026-09-10 17:25:00,0.2093,0.2096,0.2088,0.2094,1035804.8
2026-09-10 17:30:00,0.2093,0.2106,0.2093,0.2105,1038666.2
2026-09-10 17:35:00,0.2104,0.2115,0.2101,0.2103,1808257.9
2026-09-10 17:40:00,0.2102,0.2102,0.2091,0.21,1556327.9
2026-09-10 17:45:00,0.2101,0.2103,0.2094,0.2102,599760.7
2026-09-10 17:50:00,0.2102,0.2106,0.2101,0.2106,79567.1
2026-09-10 17:55:00,0.2106,0.2106,0.2099,0.2099,120547.8
2026-09-10 18:00:00,0.2099,0.2102,0.209,0.209,193503.4
2026-09-10 18:05:00,0.2091,0.2091,0.2083,0.2084,253449.7
2026-09-10 18:10:00,0.2084,0.2085,0.2081,0.2082,735980.8
2026-09-10 18:15:00,0.2082,0.2086,0.2079,0.2081,222781.1
2026-09-10 18:20:00,0.2081,0.2094,0.2081,0.209,330096.8
2026-09-10 18:25:00,0.209,0.209,0.2087,0.2088,93355.0
2026-09-10 18:30:00,0.2087,0.2088,0.2084,0.2085,119902.4
2026-09-10 18:35:00,0.2084,0.2089,0.2082,0.2089,136958.9
2026-09-10 18:40:00,0.209,0.2092,0.2089,0.2091,93342.5
2026-09-10 18:45:00,0.2091,0.2092,0.2086,0.2089,157407.4
2026-09-10 18:50:00,0.2089,0.2107,0.2087,0.2103,1075415.7
2026-09-10 18:55:00,0.2103,0.2109,0.2102,0.2106,267491.1
2026-09-10 19:00:00,0.2106,0.2106,0.2099,0.21,287697.2
2026-09-10 19:05:00,0.2099,0.2101,0.2098,0.2099,106088.7
2026-09-10 19:10:00,0.2099,0.21,0.2094,0.2097,75386.8
2026-09-10 19:15:00,0.2097,0.2097,0.2093,0.2094,40113.1
2026-09-10 19:20:00,0.2094,0.21,0.209,0.21,882177.8
2026-09-10 19:25:00,0.21,0.2104,0.2097,0.2098,812793.0
2026-09-10 19:30:00,0.2098,0.2098,0.2091,0.2092,201817.6
2026-09-10 19:35:00,0.2093,0.2097,0.2091,0.2094,577804.6
2026-09-10 19:40:00,0.2095,0.2101,0.2095,0.2098,469644.6
2026-09-10 19:45:00,0.2097,0.2097,0.209,0.209,87932.2
2026-09-10 19:50:00,0.2091,0.2093,0.2086,0.2089,785851.4
2026-09-10 19:55:00,0.209,0.2093,0.2089,0.2092,356796.9
2026-09-10 20:00:00,0.2092,0.2095,0.2088,0.2089,158319.7
2026-09-10 20:05:00,0.2089,0.2099,0.2089,0.2098,171804.0
2026-09-10 20:10:00,0.2098,0.2103,0.2096,0.2103,251750.5
2026-09-10 20:15:00,0.2103,0.2109,0.2102,0.2106,633662.1
2026-09-10 20:20:00,0.2106,0.2107,0.2103,0.2103,79719.9
2026-09-10 20:25:00,0.2102,0.2104,0.2102,0.2103,44156.3
2026-09-10 20:30:00,0.2103,0.2103,0.2097,0.2098,106469.2
2026-09-10 20:35:00,0.2097,0.2097,0.2092,0.2096,81840.9
2026-09-10 20:40:00,0.2095,0.2096,0.2094,0.2096,61912.9
2026-09-10 20:45:00,0.2097,0.2097,0.2091,0.2093,63869.8
2026-09-10 20:50:00,0.2093,0.2095,0.209,0.2091,143088.9
2026-09-10 20:55:00,0.2092,0.2092,0.209,0.2091,80232.6
2026-09-10 21:00:00,0.2091,0.2093,0.209,0.2091,305230.1
2026-09-10 21:05:00,0.2091,0.2093,0.2087,0.2093,176242.7
2026-09-10 21:10:00,0.2093,0.2097,0.2091,0.2091,147803.9
2026-09-10 21:15:00,0.2091,0.2092,0.2087,0.2087,144384.8
2026-09-10 21:20:00,0.2086,0.2086,0.2083,0.2085,74457.7
2026-09-10 21:25:00,0.2084,0.2088,0.2083,0.2088,31177.7
2026-09-10 21:30:00,0.2088,0.2088,0.2085,0.2087,122287.9
2026-09-10 21:35:00,0.2086,0.2087,0.2082,0.2087,105189.3
2026-09-10 21:40:00,0.2087,0.2089,0.2085,0.2088,313703.9
2026-09-10 21:45:00,0.2088,0.2095,0.2088,0.2091,215747.6
2026-09-10 21:50:00,0.2091,0.2092,0.2085,0.2085,58358.7
2026-09-10 21:55:00,0.2085,0.2088,0.2083,0.2084,207425.9
2026-09-10 22:00:00,0.2085,0.2089,0.2082,0.2088,394522.5
2026-09-10 22:05:00,0.2088,0.2091,0.2085,0.209,45346.6
2026-09-10 22:10:00,0.2089,0.2091,0.2084,0.2087,330006.9
2026-09-10 22:15:00,0.2087,0.2093,0.2087,0.2093,47991.8
2026-09-10 22:20:00,0.2093,0.2094,0.2089,0.2089,23243.6
2026-09-10 22:25:00,0.209,0.209,0.2086,0.2086,103762.8
2026-09-10 22:30:00,0.2086,0.2086,0.2073,0.2076,531038.8
2026-09-10 22:35:00,0.2075,0.2076,0.2069,0.2072,255900.4
2026-09-10 22:40:00,0.2072,0.2072,0.2069,0.2071,119648.4
2026-09-10 22:45:00,0.2071,0.2077,0.207,0.2076,85316.4
2026-09-10 22:50:00,0.2075,0.2075,0.2069,0.2069,293193.5
2026-09-10 22:55:00,0.2069,0.2071,0.2064,0.2066,297071.3
2026-09-10 23:00:00,0.2066,0.2068,0.2055,0.2056,1889876.4
2026-09-10 23:05:00,0.2056,0.206,0.2044,0.2052,2224560.5
2026-09-10 23:10:00,0.2053,0.2058,0.2045,0.2046,843137.9
2026-09-10 23:15:00,0.2047,0.2056,0.2042,0.2051,690967.6
2026-09-10 23:20:00,0.2052,0.206,0.2051,0.2053,291107.5
2026-09-10 23:25:00,0.2053,0.206,0.2053,0.2056,268883.4
2026-09-10 23:30:00,0.2056,0.206,0.2056,0.2057,179380.3
2026-09-10 23:35:00,0.2056,0.2058,0.2054,0.2055,176602.8
2026-09-10 23:40:00,0.2054,0.2059,0.2054,0.2058,149654.1
2026-09-10 23:45:00,0.2058,0.2058,0.2052,0.2054,236802.1
2026-09-10 23:50:00,0.2054,0.2055,0.2045,0.2045,296660.5
2026-09-10 23:55:00,0.2045,0.205,0.2043,0.2047,528596.7
2026-09-11 00:00:00,0.2046,0.205,0.2041,0.205,860977.5
2026-09-11 00:05:00,0.205,0.2061,0.2048,0.2059,340139.9
2026-09-11 00:10:00,0.2059,0.2062,0.2059,0.206,221241.4
2026-09-11 00:15:00,0.206,0.206,0.2057,0.2059,140444.1
2026-09-11 00:20:00,0.206,0.2066,0.2057,0.2063,223143.6
2026-09-11 00:25:00,0.2063,0.2064,0.206,0.2061,343640.5
2026-09-11 00:30:00,0.2061,0.2062,0.2054,0.2061,435171.8
2026-09-11 00:35:00,0.2061,0.2061,0.2056,0.206,409159.6
2026-09-11 00:40:00,0.2059,0.2059,0.2054,0.2056,229691.4
2026-09-11 00:45:00,0.2055,0.2057,0.2054,0.2055,65339.7
2026-09-11 00:50:00,0.2054,0.2064,0.2054,0.2064,61304.7
2026-09-11 00:55:00,0.2065,0.2068,0.2065,0.2067,172473.0
2026-09-11 01:00:00,0.2067,0.2069,0.2062,0.2068,473491.2
2026-09-11 01:05:00,0.2069,0.2069,0.2066,0.2069,149419.6
2026-09-11 01:10:00,0.2069,0.2069,0.2065,0.2065,251090.1
2026-09-11 01:15:00,0.2065,0.2067,0.2063,0.2066,58718.8
2026-09-11 01:20:00,0.2067,0.2069,0.206,0.2067,567953.3
2026-09-11 01:25:00,0.2068,0.2068,0.2063,0.2063,92848.0
2026-09-11 01:30:00,0.2062,0.2064,0.206,0.2063,425720.8
2026-09-11 01:35:00,0.2064,0.2071,0.206,0.2061,399899.7
2026-09-11 01:40:00,0.206,0.206,0.2053,0.206,222647.9
2026-09-11 01:45:00,0.2061,0.2066,0.2056,0.2066,155111.3
2026-09-11 01:50:00,0.2067,0.2069,0.2065,0.2068,137344.7
2026-09-11 01:55:00,0.2069,0.2069,0.2066,0.2068,157137.8
2026-09-11 02:00:00,0.2068,0.207,0.2061,0.2068,155980.4
2026-09-11 02:05:00,0.2069,0.207,0.2065,0.2065,84705.7
2026-09-11 02:10:00,0.2065,0.2071,0.2064,0.207,63482.4
2026-09-11 02:15:00,0.207,0.207,0.2061,0.2062,207354.6
2026-09-11 02:20:00,0.2062,0.2064,0.206,0.206,179897.5
2026-09-11 02:25:00,0.2059,0.2062,0.2056,0.206,300457.6
2026-09-11 02:30:00,0.206,0.2061,0.2058,0.206,118207.2
2026-09-11 02:35:00,0.206,0.2069,0.2058,0.2069,81215.1
2026-09-11 02:40:00,0.2069,0.207,0.2065,0.2066,25109.6
2026-09-11 02:45:00,0.2066,0.2072,0.2065,0.2072,242726.2
2026-09-11 02:50:00,0.2072,0.2072,0.2066,0.2068,250845.9
2026-09-11 02:55:00,0.2068,0.207,0.2067,0.2069,97960.1
2026-09-11 03:00:00,0.2068,0.2071,0.2067,0.2067,82724.2
2026-09-11 03:05:00,0.2066,0.2066,0.206,0.2061,173716.9
2026-09-11 03:10:00,0.2061,0.207,0.2059,0.2069,365123.0
2026-09-11 03:15:00,0.207,0.207,0.2061,0.2068,521668.1
2026-09-11 03:20:00,0.2067,0.2067,0.2061,0.2063,631046.0
2026-09-11 03:25:00,0.2062,0.2066,0.2061,0.2065,28546.9
2026-09-11 03:30:00,0.2065,0.2065,0.2062,0.2065,39404.2
2026-09-11 03:35:00,0.2066,0.2074,0.2065,0.2074,716004.9
2026-09-11 03:40:00,0.2073,0.208,0.2073,0.2076,673447.5
2026-09-11 03:45:00,0.2077,0.2077,0.2072,0.2072,90463.3
2026-09-11 03:50:00,0.2073,0.2075,0.2072,0.2075,104191.7
2026-09-11 03:55:00,0.2075,0.2079,0.2075,0.2078,369926.7
2026-09-11 04:00:00,0.2078,0.2082,0.2076,0.2079,327779.0
2026-09-11 04:05:00,0.2078,0.2081,0.2078,0.2081,48257.4
2026-09-11 04:10:00,0.2081,0.2083,0.2077,0.2081,612798.6
2026-09-11 04:15:00,0.2082,0.2085,0.2079,0.2085,670929.6
2026-09-11 04:20:00,0.2084,0.2094,0.2084,0.2094,648685.7
2026-09-11 04:25:00,0.2094,0.2104,0.2093,0.2104,637322.2
2026-09-11 04:30:00,0.2103,0.2105,0.2098,0.2098,626637.3
2026-09-11 04:35:00,0.2099,0.2104,0.2096,0.21,667493.0
2026-09-11 04:40:00,0.21,0.2105,0.2098,0.2102,524855.4
2026-09-11 04:45:00,0.2101,0.2102,0.2098,0.2101,267869.9
2026-09-11 04:50:00,0.21,0.2102,0.2099,0.21,187184.5
2026-09-11 04:55:00,0.21,0.2103,0.21,0.21,279952.1
2026-09-11 05:00:00,0.2101,0.2103,0.2098,0.21,195560.2
2026-09-11 05:05:00,0.21,0.2102,0.2099,0.2101,251130.6
2026-09-11 05:10:00,0.2101,0.2104,0.2096,0.2102,1001004.3
2026-09-11 05:15:00,0.2103,0.2103,0.2098,0.21,536271.7
2026-09-11 05:20:00,0.21,0.2101,0.2096,0.2097,631368.6
2026-09-11 05:25:00,0.2097,0.2097,0.2093,0.2095,828379.1
2026-09-11 05:30:00,0.2095,0.2101,0.2091,0.2092,634886.3
2026-09-11 05:35:00,0.2092,0.2097,0.2092,0.2097,1018679.3
2026-09-11 05:40:00,0.2096,0.2099,0.2096,0.2099,115318.3
2026-09-11 05:45:00,0.2098,0.21,0.2095,0.21,118682.7
2026-09-11 05:50:00,0.21,0.21,0.2098,0.2098,121701.7
2026-09-11 05:55:00,0.2098,0.2099,0.2097,0.2098,33332.8
2026-09-11 06:00:00,0.2098,0.2098,0.2094,0.2095,267136.6
2026-09-11 06:05:00,0.2095,0.2097,0.2093,0.2095,182540.8
2026-09-11 06:10:00,0.2095,0.2099,0.2094,0.2097,385450.7
2026-09-11 06:15:00,0.2097,0.2097,0.2093,0.2093,541851.8
2026-09-11 06:20:00,0.2094,0.2094,0.2086,0.2089,648023.4
2026-09-11 06:25:00,0.2088,0.2089,0.2085,0.2088,477390.9
2026-09-11 06:30:00,0.2087,0.2087,0.2077,0.2082,1458704.4
2026-09-11 06:35:00,0.2082,0.2087,0.2082,0.2083,292820.8
2026-09-11 06:40:00,0.2084,0.2084,0.2081,0.2082,91978.1
2026-09-11 06:45:00,0.2083,0.2086,0.2082,0.2086,30929.3
2026-09-11 06:50:00,0.2085,0.2087,0.2085,0.2085,41738.3
2026-09-11 06:55:00,0.2085,0.2087,0.2083,0.2086,24279.5
2026-09-11 07:00:00,0.2086,0.2091,0.2086,0.209,134322.9
2026-09-11 07:05:00,0.209,0.2092,0.209,0.2092,38860.0
2026-09-11 07:10:00,0.2093,0.2093,0.2089,0.2089,221298.6
2026-09-11 07:15:00,0.2089,0.2093,0.2089,0.2093,157585.4
2026-09-11 07:20:00,0.2092,0.2097,0.2092,0.2094,194981.2
2026-09-11 07:25:00,0.2093,0.2093,0.2091,0.2092,51355.8
2026-09-11 07:30:00,0.2092,0.2092,0.2086,0.2088,582088.4
2026-09-11 07:35:00,0.2088,0.2089,0.2087,0.2087,38786.3
2026-09-11 07:40:00,0.2087,0.2089,0.2085,0.2085,67226.2
2026-09-11 07:45:00,0.2085,0.2085,0.2078,0.2078,187415.6
2026-09-11 07:50:00,0.2079,0.208,0.2076,0.2077,317932.3
2026-09-11 07:55:00,0.2078,0.2081,0.2076,0.2078,375335.6
2026-09-11 08:00:00,0.2079,0.2081,0.2074,0.2075,239256.5
2026-09-11 08:05:00,0.2074,0.2076,0.2072,0.2072,118476.4
2026-09-11 08:10:00,0.2072,0.2076,0.2072,0.2073,414092.0
2026-09-11 08:15:00,0.2074,0.208,0.2074,0.2076,465303.4
2026-09-11 08:20:00,0.2077,0.2085,0.2076,0.2082,475587.5
2026-09-11 08:25:00,0.2083,0.2084,0.2075,0.2076,206826.0
2026-09-11 08:30:00,0.2077,0.2089,0.2076,0.2081,461333.0
2026-09-11 08:35:00,0.2082,0.2083,0.208,0.2081,115549.7
2026-09-11 08:40:00,0.2081,0.2083,0.208,0.208,148452.9
2026-09-11 08:45:00,0.208,0.208,0.2076,0.2076,990215.3
2026-09-11 08:50:00,0.2077,0.2078,0.2075,0.2075,189131.7
2026-09-11 08:55:00,0.2076,0.2077,0.2075,0.2076,80803.8
2026-09-11 09:00:00,0.2076,0.2077,0.2071,0.2074,926195.5
2026-09-11 09:05:00,0.2074,0.2074,0.207,0.207,498498.0
2026-09-11 09:10:00,0.207,0.2071,0.2067,0.2068,856186.6
2026-09-11 09:15:00,0.2067,0.207,0.2067,0.2068,170736.9
2026-09-11 09:20:00,0.2068,0.207,0.2066,0.2066,392450.8
2026-09-11 09:25:00,0.2066,0.2066,0.2058,0.206,856355.4
2026-09-11 09:30:00,0.2061,0.2062,0.2055,0.2056,214181.4
2026-09-11 09:35:00,0.2056,0.2056,0.2045,0.2045,1268789.8
2026-09-11 09:40:00,0.2045,0.2046,0.2037,0.2046,1479549.1
2026-09-11 09:45:00,0.2046,0.2047,0.2044,0.2045,560720.2
2026-09-11 09:50:00,0.2046,0.2047,0.2043,0.2045,323394.6
2026-09-11 09:55:00,0.2045,0.2045,0.2038,0.2038,1917557.0
2026-09-11 10:00:00,0.2038,0.2048,0.2035,0.2046,1181646.5
2026-09-11 10:05:00,0.2046,0.2048,0.2043,0.2043,999444.8
2026-09-11 10:10:00,0.2043,0.2044,0.2038,0.2042,695828.1
2026-09-11 10:15:00,0.2043,0.2046,0.2041,0.2044,258505.3
2026-09-11 10:20:00,0.2044,0.2044,0.2037,0.2038,818695.7
2026-09-11 10:25:00,0.2038,0.2039,0.2035,0.2038,584832.3
2026-09-11 10:30:00,0.2038,0.2038,0.2031,0.2037,438534.1
2026-09-11 10:35:00,0.2036,0.2037,0.2033,0.2034,374943.8
2026-09-11 10:40:00,0.2034,0.2034,0.2027,0.2028,559372.8
2026-09-11 10:45:00,0.2028,0.2031,0.2028,0.2029,188870.9
2026-09-11 10:50:00,0.203,0.2033,0.2029,0.203,385816.8
2026-09-11 10:55:00,0.203,0.2032,0.2024,0.2025,1266916.7
2026-09-11 11:00:00,0.2025,0.2028,0.202,0.2021,1629576.3
2026-09-11 11:05:00,0.2021,0.2022,0.2013,0.2016,1448259.7
2026-09-11 11:10:00,0.2016,0.2016,0.2009,0.201,3375256.6
2026-09-11 11:15:00,0.2009,0.2013,0.2008,0.2013,1249863.9
2026-09-11 11:20:00,0.2013,0.2015,0.2011,0.2011,1034239.8
2026-09-11 11:25:00,0.2012,0.2017,0.2012,0.2014,648757.9
2026-09-11 11:30:00,0.2014,0.2017,0.2011,0.2011,903175.3
2026-09-11 11:35:00,0.2012,0.202,0.201,0.2019,1145794.1
2026-09-11 11:40:00,0.2019,0.2025,0.2018,0.2024,671701.9
2026-09-11 11:45:00,0.2025,0.2027,0.2022,0.2024,380655.3
2026-09-11 11:50:00,0.2023,0.2025,0.2022,0.2025,238385.5
2026-09-11 11:55:00,0.2024,0.2025,0.2022,0.2024,430130.5
2026-09-11 12:00:00,0.2023,0.2028,0.2021,0.2023,1732374.9
2026-09-11 12:05:00,0.2023,0.2023,0.2017,0.2018,676188.9
2026-09-11 12:10:00,0.2018,0.2024,0.2017,0.2018,1262735.0
2026-09-11 12:15:00,0.2018,0.2024,0.2016,0.2018,893059.8
2026-09-11 12:20:00,0.2019,0.2025,0.2016,0.2017,1496882.0
2026-09-11 12:25:00,0.2017,0.2043,0.2017,0.203,1710670.5
2026-09-11 12:30:00,0.2031,0.207,0.2004,0.2067,11576350.4
2026-09-11 12:35:00,0.2067,0.2084,0.2058,0.2077,6298360.8
2026-09-11 12:40:00,0.2078,0.2081,0.2068,0.2073,3183244.9
2026-09-11 12:45:00,0.2072,0.2089,0.207,0.2086,4639064.4
2026-09-11 12:50:00,0.2085,0.2096,0.2085,0.2087,2385791.8
2026-09-11 12:55:00,0.2086,0.2091,0.2082,0.2091,1619263.2
2026-09-11 13:00:00,0.209,0.209,0.2077,0.2078,2185870.0
2026-09-11 13:05:00,0.2079,0.2087,0.207,0.2071,2374651.8
2026-09-11 13:10:00,0.2072,0.2075,0.2066,0.2072,1342870.2
2026-09-11 13:15:00,0.2073,0.2073,0.2064,0.207,1016408.2
2026-09-11 13:20:00,0.2071,0.2086,0.207,0.2081,2280640.5
2026-09-11 13:25:00,0.2081,0.2081,0.2067,0.2068,2036230.4
2026-09-11 13:30:00,0.2067,0.2077,0.2062,0.2067,2305714.9
2026-09-11 13:35:00,0.2067,0.207,0.2056,0.2067,1402471.1
2026-09-11 13:40:00,0.2068,0.2085,0.2066,0.2081,2763033.3
2026-09-11 13:45:00,0.2081,0.2111,0.2076,0.2107,4704848.4
2026-09-11 13:50:00,0.2108,0.213,0.2106,0.2123,6520509.1
2026-09-11 13:55:00,0.2124,0.2146,0.2124,0.2143,3197638.7
2026-09-11 14:00:00,0.2144,0.2163,0.2141,0.2153,7762450.4
2026-09-11 14:05:00,0.2153,0.2154,0.2124,0.213,5026739.4
2026-09-11 14:10:00,0.2131,0.2136,0.2122,0.2132,1789775.9
2026-09-11 14:15:00,0.2132,0.2138,0.2127,0.2137,1994831.0
2026-09-11 14:20:00,0.2137,0.2139,0.2129,0.2132,2264131.9
2026-09-11 14:25:00,0.2133,0.2137,0.2128,0.2134,1605450.8
2026-09-11 14:30:00,0.2134,0.2135,0.2116,0.2117,1835833.7
2026-09-11 14:35:00,0.2117,0.212,0.2108,0.2118,2420869.0
2026-09-11 14:40:00,0.2118,0.212,0.2107,0.2113,1716314.6
2026-09-11 14:45:00,0.2113,0.2121,0.2104,0.2114,1844534.0
2026-09-11 14:50:00,0.2114,0.2119,0.2106,0.2116,501313.6
2026-09-11 14:55:00,0.2116,0.2116,0.2111,0.2114,619969.5
2026-09-11 15:00:00,0.2115,0.2117,0.2103,0.211,779919.6
2026-09-11 15:05:00,0.211,0.2117,0.2108,0.2108,978925.2
2026-09-11 15:10:00,0.2108,0.2111,0.2102,0.2104,1106403.6
2026-09-11 15:15:00,0.2103,0.2112,0.2102,0.211,1221030.5
2026-09-11 15:20:00,0.211,0.2128,0.211,0.2127,1491804.8
2026-09-11 15:25:00,0.2128,0.2135,0.2127,0.2132,886595.0
2026-09-11 15:30:00,0.2132,0.2139,0.213,0.2138,763968.8
2026-09-11 15:35:00,0.2139,0.2142,0.2134,0.214,1671258.5
2026-09-11 15:40:00,0.2141,0.2144,0.2129,0.2131,1024298.3
2026-09-11 15:45:00,0.213,0.2135,0.2123,0.2127,629061.9
2026-09-11 15:50:00,0.2128,0.2129,0.2075,0.2081,4037622.2
2026-09-11 15:55:00,0.208,0.209,0.207,0.2083,2610080.8
2026-09-11 16:00:00,0.2083,0.2093,0.208,0.2085,1851215.7
2026-09-11 16:05:00,0.2086,0.2096,0.2086,0.2094,1007471.3
2026-09-11 16:10:00,0.2094,0.2095,0.2084,0.2085,392496.1
2026-09-11 16:15:00,0.2085,0.2092,0.2074,0.2077,1271580.8
2026-09-11 16:20:00,0.2077,0.2079,0.2071,0.2075,860884.8
2026-09-11 16:25:00,0.2075,0.2086,0.2075,0.2081,581498.3
2026-09-11 16:30:00,0.2081,0.2095,0.2077,0.2094,537375.1
2026-09-11 16:35:00,0.2094,0.2094,0.2084,0.2087,254358.8
2026-09-11 16:40:00,0.2086,0.2093,0.2085,0.2093,618956.4
2026-09-11 16:45:00,0.2093,0.2102,0.2093,0.2098,451184.3
2026-09-11 16:50:00,0.2097,0.2102,0.2096,0.2097,120963.7
2026-09-11 16:55:00,0.2098,0.2102,0.2096,0.21,462950.6
2026-09-11 17:00:00,0.21,0.2104,0.2096,0.2099,1021498.2
2026-09-11 17:05:00,0.2099,0.2101,0.2091,0.2091,235765.2
2026-09-11 17:10:00,0.2091,0.2091,0.2082,0.2082,201857.0
2026-09-11 17:15:00,0.2082,0.209,0.2081,0.2088,335225.0
2026-09-11 17:20:00,0.2089,0.209,0.2079,0.2087,493125.7
2026-09-11 17:25:00,0.2088,0.2091,0.2087,0.2087,323415.0
2026-09-11 17:30:00,0.2087,0.209,0.2086,0.2088,451923.6
2026-09-11 17:35:00,0.2087,0.2087,0.2076,0.2077,420829.6
2026-09-11 17:40:00,0.2076,0.208,0.2073,0.2077,374611.8
2026-09-11 17:45:00,0.2076,0.2082,0.2076,0.2081,270423.8
2026-09-11 17:50:00,0.208,0.208,0.2072,0.2072,191323.9
2026-09-11 17:55:00,0.2072,0.2075,0.2068,0.207,579199.9
2026-09-11 18:00:00,0.2071,0.2076,0.205,0.2055,2784163.8
2026-09-11 18:05:00,0.2054,0.2054,0.2037,0.2043,3433094.4
2026-09-11 18:10:00,0.2043,0.2049,0.2038,0.2044,1233030.1
2026-09-11 18:15:00,0.2044,0.2056,0.2042,0.2056,717647.9
2026-09-11 18:20:00,0.2055,0.2055,0.2048,0.2052,745931.1
2026-09-11 18:25:00,0.2052,0.2057,0.2047,0.2054,1259670.3
2026-09-11 18:30:00,0.2055,0.2055,0.2048,0.2055,439750.2
2026-09-11 18:35:00,0.2055,0.2056,0.2049,0.2051,409660.2
2026-09-11 18:40:00,0.2052,0.2054,0.2043,0.2048,382974.3
2026-09-11 18:45:00,0.2048,0.2053,0.2041,0.2046,953373.3
2026-09-11 18:50:00,0.2045,0.2045,0.203,0.2033,1476658.3
2026-09-11 18:55:00,0.2032,0.2039,0.2031,0.2038,368862.1
2026-09-11 19:00:00,0.2037,0.2043,0.2031,0.2043,392029.9
2026-09-11 19:05:00,0.2044,0.205,0.2043,0.2045,816401.9
2026-09-11 19:10:00,0.2044,0.2049,0.204,0.2048,582411.6
2026-09-11 19:15:00,0.2048,0.2049,0.2043,0.2045,880628.9
2026-09-11 19:20:00,0.2044,0.2054,0.2043,0.2052,127059.6
2026-09-11 19:25:00,0.2053,0.2055,0.2052,0.2052,561154.6
2026-09-11 19:30:00,0.2051,0.2053,0.2049,0.2051,362932.4
2026-09-11 19:35:00,0.2052,0.2055,0.2048,0.2054,513801.1
2026-09-11 19:40:00,0.2055,0.2059,0.2055,0.2059,84148.8
2026-09-11 19:45:00,0.2059,0.2061,0.2056,0.2059,524489.0
2026-09-11 19:50:00,0.2058,0.2065,0.2057,0.2064,498196.0
2026-09-11 19:55:00,0.2063,0.2063,0.206,0.2062,337375.6
2026-09-11 20:00:00,0.2061,0.2071,0.206,0.207,1021314.6
2026-09-11 20:05:00,0.207,0.2075,0.2068,0.207,513174.7
2026-09-11 20:10:00,0.207,0.2074,0.2068,0.207,387198.3
2026-09-11 20:15:00,0.207,0.207,0.2061,0.2062,328411.2
2026-09-11 20:20:00,0.2063,0.2066,0.2062,0.2065,210967.3
2026-09-11 20:25:00,0.2066,0.2067,0.2059,0.206,558655.0
2026-09-11 20:30:00,0.206,0.2064,0.2052,0.2062,943482.4
2026-09-11 20:35:00,0.2063,0.207,0.2063,0.207,300638.7
2026-09-11 20:40:00,0.207,0.2071,0.2064,0.2065,894924.7
2026-09-11 20:45:00,0.2065,0.2066,0.2057,0.2058,261267.1
2026-09-11 20:50:00,0.2058,0.206,0.2046,0.2051,2032815.5
2026-09-11 20:55:00,0.2051,0.2059,0.2051,0.2058,473826.4
2026-09-11 21:00:00,0.2058,0.2058,0.2056,0.2056,81602.7
2026-09-11 21:05:00,0.2057,0.2064,0.2055,0.2064,177360.3
2026-09-11 21:10:00,0.2065,0.2069,0.2065,0.2067,131766.3
2026-09-11 21:15:00,0.2068,0.2072,0.2068,0.207,214878.2
2026-09-11 21:20:00,0.207,0.2073,0.2068,0.2069,348527.2
2026-09-11 21:25:00,0.2069,0.2071,0.2064,0.2064,255692.2
2026-09-11 21:30:00,0.2064,0.2067,0.2064,0.2066,107509.6
2026-09-11 21:35:00,0.2066,0.2068,0.2063,0.2066,140131.9
2026-09-11 21:40:00,0.2066,0.2067,0.2064,0.2065,460014.1
2026-09-11 21:45:00,0.2064,0.2065,0.2055,0.2055,109049.3
2026-09-11 21:50:00,0.2055,0.2055,0.2049,0.2049,272500.8
2026-09-11 21:55:00,0.2049,0.2049,0.2042,0.2046,503882.3
2026-09-11 22:00:00,0.2046,0.2058,0.2039,0.2058,768230.5
2026-09-11 22:05:00,0.2059,0.2059,0.2049,0.2049,400495.8
2026-09-11 22:10:00,0.205,0.2058,0.205,0.2058,456558.9
2026-09-11 22:15:00,0.2058,0.2058,0.2053,0.2056,387289.1
2026-09-11 22:20:00,0.2056,0.2061,0.2055,0.2058,286177.1
2026-09-11 22:25:00,0.2057,0.2058,0.2049,0.2051,589939.6
2026-09-11 22:30:00,0.205,0.2052,0.2044,0.2044,98831.4
2026-09-11 22:35:00,0.2043,0.2052,0.2042,0.2052,635961.1
2026-09-11 22:40:00,0.2052,0.2054,0.2047,0.2048,566952.3
2026-09-11 22:45:00,0.2049,0.2049,0.2044,0.2044,49807.4
2026-09-11 22:50:00,0.2043,0.2047,0.2041,0.2045,637516.8
2026-09-11 22:55:00,0.2045,0.2051,0.2043,0.2048,496744.6
2026-09-11 23:00:00,0.2048,0.2055,0.2047,0.2055,243025.3
2026-09-11 23:05:00,0.2055,0.2055,0.205,0.2054,196245.9
2026-09-11 23:10:00,0.2054,0.2057,0.2053,0.2053,252550.6
2026-09-11 23:15:00,0.2053,0.2059,0.2052,0.2059,115762.6
2026-09-11 23:20:00,0.2058,0.2059,0.2051,0.2052,145413.7
2026-09-11 23:25:00,0.2053,0.2057,0.2052,0.2054,108829.2
2026-09-11 23:30:00,0.2054,0.2059,0.2054,0.2056,109154.9
2026-09-11 23:35:00,0.2057,0.2059,0.2057,0.2059,15346.5
2026-09-11 23:40:00,0.2059,0.2061,0.2058,0.2059,186235.6
2026-09-11 23:45:00,0.2059,0.2063,0.2059,0.2063,38803.6
2026-09-11 23:50:00,0.2062,0.2063,0.2061,0.2062,91374.5
2026-09-11 23:55:00,0.2062,0.2064,0.2062,0.2064,95461.9
2026-09-12 00:00:00,0.2063,0.2066,0.2061,0.2064,277697.6
2026-09-12 00:05:00,0.2064,0.2064,0.2062,0.2063,113777.6
2026-09-12 00:10:00,0.2062,0.2064,0.206,0.2061,76336.5
2026-09-12 00:15:00,0.2061,0.2062,0.2059,0.2062,85708.0
2026-09-12 00:20:00,0.2062,0.2064,0.206,0.2062,220576.3
2026-09-12 00:25:00,0.2062,0.2063,0.206,0.2062,94926.6
2026-09-12 00:30:00,0.2062,0.2065,0.2059,0.2064,141461.1
2026-09-12 00:35:00,0.2065,0.2067,0.2063,0.2066,75394.5
2026-09-12 00:40:00,0.2065,0.2066,0.2063,0.2063,72400.9
2026-09-12 00:45:00,0.2063,0.2065,0.2062,0.2063,34951.1
2026-09-12 00:50:00,0.2063,0.2067,0.2063,0.2066,37731.3
2026-09-12 00:55:00,0.2066,0.2067,0.2063,0.2064,102013.8
2026-09-12 01:00:00,0.2064,0.2067,0.2062,0.2067,251126.4
2026-09-12 01:05:00,0.2068,0.2071,0.2067,0.2071,114355.8
2026-09-12 01:10:00,0.2072,0.2073,0.2068,0.2071,175399.9
2026-09-12 01:15:00,0.2072,0.2073,0.2071,0.2071,87746.7
2026-09-12 01:20:00,0.207,0.207,0.2068,0.207,49727.1
2026-09-12 01:25:00,0.207,0.207,0.2066,0.2069,254408.5
2026-09-12 01:30:00,0.2068,0.2072,0.2068,0.2071,49684.1
2026-09-12 01:35:00,0.2071,0.2071,0.2067,0.2069,404030.0
2026-09-12 01:40:00,0.207,0.2073,0.207,0.2073,343516.9
2026-09-12 01:45:00,0.2073,0.2081,0.2072,0.2079,672782.8
2026-09-12 01:50:00,0.2079,0.2084,0.2077,0.2081,636845.7
2026-09-12 01:55:00,0.2081,0.2081,0.2076,0.2077,66778.5
2026-09-12 02:00:00,0.2076,0.2079,0.2073,0.2073,88414.2
2026-09-12 02:05:00,0.2073,0.2081,0.2072,0.2079,266200.9
2026-09-12 02:10:00,0.2079,0.2086,0.2078,0.2083,373423.0
2026-09-12 02:15:00,0.2083,0.2087,0.2076,0.208,833250.5
2026-09-12 02:20:00,0.208,0.2084,0.2078,0.2083,408892.4
2026-09-12 02:25:00,0.2082,0.2087,0.2081,0.2085,149505.3
2026-09-12 02:30:00,0.2085,0.2086,0.2082,0.2082,114907.7
2026-09-12 02:35:00,0.2082,0.2088,0.2081,0.2086,347134.2
2026-09-12 02:40:00,0.2086,0.2088,0.2082,0.2084,655246.9
2026-09-12 02:45:00,0.2083,0.2089,0.2082,0.2089,436150.5
2026-09-12 02:50:00,0.2089,0.2092,0.2083,0.2083,606175.7
2026-09-12 02:55:00,0.2084,0.209,0.208,0.2089,506858.3
2026-09-12 03:00:00,0.209,0.2093,0.2084,0.2093,550055.1
2026-09-12 03:05:00,0.2092,0.2095,0.2087,0.2089,548878.4
2026-09-12 03:10:00,0.209,0.2092,0.2088,0.2089,74004.5
2026-09-12 03:15:00,0.2088,0.2093,0.2088,0.209,576950.5
2026-09-12 03:20:00,0.209,0.209,0.2084,0.2085,520540.6
2026-09-12 03:25:00,0.2085,0.2093,0.2085,0.2093,164896.6
2026-09-12 03:30:00,0.2093,0.2093,0.2089,0.2092,120025.6
2026-09-12 03:35:00,0.2091,0.2092,0.2087,0.209,303800.8
2026-09-12 03:40:00,0.209,0.2091,0.2089,0.209,129830.4
2026-09-12 03:45:00,0.209,0.2091,0.2088,0.209,198158.9
2026-09-12 03:50:00,0.209,0.2091,0.2088,0.209,176039.8
2026-09-12 03:55:00,0.209,0.2091,0.2089,0.209,191558.6
2026-09-12 04:00:00,0.209,0.2092,0.2086,0.2087,248074.1
2026-09-12 04:05:00,0.2087,0.2088,0.2086,0.2086,98746.5
2026-09-12 04:10:00,0.2085,0.2088,0.2085,0.2086,114431.1
2026-09-12 04:15:00,0.2086,0.2086,0.2081,0.2082,495266.3
2026-09-12 04:20:00,0.2082,0.2086,0.2081,0.2084,397710.0
2026-09-12 04:25:00,0.2084,0.2085,0.2084,0.2085,54121.0
2026-09-12 04:30:00,0.2085,0.2088,0.2084,0.2084,463286.5
2026-09-12 04:35:00,0.2085,0.2086,0.2084,0.2085,38196.8
2026-09-12 04:40:00,0.2085,0.2087,0.2082,0.2084,705130.5
2026-09-12 04:45:00,0.2084,0.2084,0.2079,0.2081,158747.4
2026-09-12 04:50:00,0.2081,0.2082,0.2076,0.2078,265793.9
2026-09-12 04:55:00,0.2078,0.2079,0.2077,0.2078,158069.6
2026-09-12 05:00:00,0.2078,0.2079,0.2075,0.2076,140268.0
2026-09-12 05:05:00,0.2076,0.2077,0.2073,0.2076,440169.3
2026-09-12 05:10:00,0.2075,0.2077,0.2075,0.2075,56541.2
2026-09-12 05:15:00,0.2076,0.2078,0.2074,0.2078,184959.5
2026-09-12 05:20:00,0.2077,0.208,0.2075,0.2076,367836.9
2026-09-12 05:25:00,0.2076,0.2077,0.2071,0.2072,140497.3
2026-09-12 05:30:00,0.2072,0.2082,0.2071,0.2081,619434.9
2026-09-12 05:35:00,0.2082,0.2082,0.2078,0.2079,356234.4
2026-09-12 05:40:00,0.2079,0.208,0.2077,0.2078,76531.7
2026-09-12 05:45:00,0.2079,0.208,0.2078,0.2078,85345.5
2026-09-12 05:50:00,0.2079,0.208,0.2077,0.2077,100189.1
2026-09-12 05:55:00,0.2078,0.2079,0.2076,0.2077,148696.8
2026-09-12 06:00:00,0.2077,0.2078,0.2077,0.2077,161087.0
2026-09-12 06:05:00,0.2077,0.2078,0.2076,0.2076,32519.4
2026-09-12 06:10:00,0.2076,0.2079,0.2076,0.2076,166063.2
2026-09-12 06:15:00,0.2077,0.2082,0.2077,0.2082,120432.5
2026-09-12 06:20:00,0.2082,0.2082,0.2081,0.2081,45803.1
2026-09-12 06:25:00,0.2081,0.2083,0.2081,0.2082,47349.7
2026-09-12 06:30:00,0.2082,0.2085,0.208,0.208,630528.3
2026-09-12 06:35:00,0.208,0.2081,0.2079,0.208,61733.3
2026-09-12 06:40:00,0.208,0.2083,0.2079,0.2083,282723.5
2026-09-12 06:45:00,0.2083,0.2084,0.2079,0.208,375748.6
2026-09-12 06:50:00,0.208,0.208,0.2079,0.208,69091.8
2026-09-12 06:55:00,0.2079,0.2079,0.2078,0.2078,10553.7
2026-09-12 07:00:00,0.2079,0.208,0.2078,0.2079,51681.1
2026-09-12 07:05:00,0.2079,0.2081,0.2078,0.2081,211380.9
2026-09-12 07:10:00,0.2082,0.2083,0.2081,0.2082,52425.4
2026-09-12 07:15:00,0.2082,0.2086,0.2082,0.2086,417746.9
2026-09-12 07:20:00,0.2085,0.2089,0.2085,0.2089,243711.8
2026-09-12 07:25:00,0.2089,0.2091,0.2088,0.209,307424.1
2026-09-12 07:30:00,0.209,0.209,0.2087,0.2087,87913.0
2026-09-12 07:35:00,0.2087,0.2088,0.2086,0.2086,67342.2
2026-09-12 07:40:00,0.2087,0.2089,0.2086,0.2087,156618.8
2026-09-12 07:45:00,0.2087,0.2091,0.2087,0.2091,243753.2
2026-09-12 07:50:00,0.2091,0.2094,0.209,0.2091,914027.6
2026-09-12 07:55:00,0.2092,0.2092,0.2088,0.209,177787.6
2026-09-12 08:00:00,0.2089,0.2094,0.2087,0.2093,911342.0
2026-09-12 08:05:00,0.2094,0.2097,0.2093,0.2094,603771.3
2026-09-12 08:10:00,0.2093,0.2094,0.2089,0.2092,564621.5
2026-09-12 08:15:00,0.2092,0.2097,0.2091,0.2093,579886.4
2026-09-12 08:20:00,0.2093,0.2095,0.209,0.209,226984.6
2026-09-12 08:25:00,0.2091,0.2091,0.2087,0.2087,472644.5
2026-09-12 08:30:00,0.2088,0.2088,0.2084,0.2085,184887.7
2026-09-12 08:35:00,0.2085,0.209,0.2084,0.2089,242132.4
2026-09-12 08:40:00,0.2088,0.209,0.2088,0.2089,29414.8
2026-09-12 08:45:00,0.2089,0.209,0.2088,0.2088,79604.0
2026-09-12 08:50:00,0.2088,0.209,0.2087,0.2089,48067.4
2026-09-12 08:55:00,0.2089,0.2089,0.2088,0.2089,68002.8
2026-09-12 09:00:00,0.2089,0.209,0.2087,0.2088,91994.8
2026-09-12 09:05:00,0.2088,0.2088,0.2086,0.2087,230079.1
2026-09-12 09:10:00,0.2087,0.209,0.2087,0.2087,262685.1
2026-09-12 09:15:00,0.2087,0.209,0.2086,0.2087,369471.5
2026-09-12 09:20:00,0.2086,0.2089,0.2085,0.2089,322520.3
2026-09-12 09:25:00,0.2089,0.2091,0.2086,0.2087,686760.5
2026-09-12 09:30:00,0.2087,0.2088,0.2085,0.2086,43187.2
2026-09-12 09:35:00,0.2086,0.2091,0.2083,0.2091,619510.5
2026-09-12 09:40:00,0.2091,0.2093,0.2086,0.2086,491288.9
2026-09-12 09:45:00,0.2087,0.2087,0.2085,0.2085,128285.1
2026-09-12 09:50:00,0.2085,0.2089,0.2084,0.2085,582117.1
2026-09-12 09:55:00,0.2086,0.2087,0.2086,0.2086,93061.3
2026-09-12 10:00:00,0.2087,0.209,0.2085,0.2087,108785.9
2026-09-12 10:05:00,0.2087,0.2088,0.2086,0.2087,101820.4
2026-09-12 10:10:00,0.2086,0.2087,0.2086,0.2087,15501.9
2026-09-12 10:15:00,0.2087,0.2087,0.2085,0.2086,51470.1
2026-09-12 10:20:00,0.2086,0.2088,0.2086,0.2087,48351.6
2026-09-12 10:25:00,0.2088,0.2089,0.2087,0.2088,49821.0
2026-09-12 10:30:00,0.2088,0.2088,0.2084,0.2086,315756.0
2026-09-12 10:35:00,0.2086,0.2087,0.2085,0.2086,54381.1
2026-09-12 10:40:00,0.2087,0.2088,0.2086,0.2087,162431.1
2026-09-12 10:45:00,0.2087,0.2087,0.2082,0.2083,510187.4
2026-09-12 10:50:00,0.2084,0.2084,0.2082,0.2083,75613.4
2026-09-12 10:55:00,0.2083,0.2086,0.2083,0.2085,486862.9
2026-09-12 11:00:00,0.2084,0.2088,0.2083,0.2085,485371.8
2026-09-12 11:05:00,0.2085,0.2088,0.2085,0.2087,87928.2
2026-09-12 11:10:00,0.2087,0.2089,0.2086,0.2089,42771.5
2026-09-12 11:15:00,0.2088,0.2089,0.2087,0.2087,8489.1
2026-09-12 11:20:00,0.2087,0.209,0.2087,0.209,189252.8
2026-09-12 11:25:00,0.209,0.209,0.2089,0.2089,73679.5
2026-09-12 11:30:00,0.2089,0.2089,0.2086,0.2087,112665.3
2026-09-12 11:35:00,0.2087,0.2089,0.2087,0.2089,61128.4
2026-09-12 11:40:00,0.2089,0.2092,0.2088,0.2092,276270.6
2026-09-12 11:45:00,0.2092,0.2094,0.2092,0.2092,112933.1
2026-09-12 11:50:00,0.2093,0.2094,0.2091,0.2092,141586.7
2026-09-12 11:55:00,0.2093,0.2093,0.2091,0.2093,27317.5
2026-09-12 12:00:00,0.2093,0.2095,0.209,0.2091,140300.3
2026-09-12 12:05:00,0.2091,0.2093,0.2091,0.2093,171496.3
2026-09-12 12:10:00,0.2093,0.2093,0.2089,0.2093,278315.3
2026-09-12 12:15:00,0.2093,0.2097,0.2089,0.209,440784.5
2026-09-12 12:20:00,0.2089,0.209,0.2089,0.2089,57169.8
2026-09-12 12:25:00,0.2089,0.209,0.2088,0.2089,46073.4
2026-09-12 12:30:00,0.2088,0.209,0.2088,0.2089,35081.8
2026-09-12 12:35:00,0.2089,0.2092,0.2089,0.2092,55253.8
2026-09-12 12:40:00,0.2091,0.2092,0.2089,0.2089,46356.1
2026-09-12 12:45:00,0.2088,0.209,0.2087,0.2087,294888.5
2026-09-12 12:50:00,0.2087,0.2087,0.2084,0.2085,228360.4
2026-09-12 12:55:00,0.2085,0.2087,0.2084,0.2087,355112.0
2026-09-12 13:00:00,0.2087,0.2087,0.2082,0.2085,337665.3
2026-09-12 13:05:00,0.2085,0.209,0.2083,0.2089,441335.9
2026-09-12 13:10:00,0.2089,0.2089,0.2082,0.2084,398563.8
2026-09-12 13:15:00,0.2084,0.2088,0.2082,0.2087,406370.2
2026-09-12 13:20:00,0.2086,0.2087,0.2085,0.2085,13574.5
2026-09-12 13:25:00,0.2085,0.2087,0.2082,0.2086,565913.6
2026-09-12 13:30:00,0.2086,0.2087,0.2083,0.2085,178625.0
2026-09-12 13:35:00,0.2085,0.2086,0.2084,0.2084,17151.5
2026-09-12 13:40:00,0.2084,0.2086,0.2083,0.2083,141022.7
2026-09-12 13:45:00,0.2084,0.2084,0.208,0.2082,308272.4
2026-09-12 13:50:00,0.2081,0.2084,0.208,0.2084,128214.7
2026-09-12 13:55:00,0.2083,0.2084,0.2083,0.2084,59966.2
2026-09-12 14:00:00,0.2083,0.2083,0.208,0.2082,96146.1
2026-09-12 14:05:00,0.2081,0.2085,0.2081,0.2085,243482.4
2026-09-12 14:10:00,0.2085,0.2085,0.208,0.2081,64298.6
2026-09-12 14:15:00,0.2081,0.2084,0.2081,0.2083,57176.7
2026-09-12 14:20:00,0.2083,0.2085,0.2083,0.2083,116983.0
2026-09-12 14:25:00,0.2084,0.2087,0.2084,0.2087,264523.4
2026-09-12 14:30:00,0.2087,0.2091,0.2086,0.2087,232546.2
2026-09-12 14:35:00,0.2086,0.2087,0.2085,0.2085,29522.4
2026-09-12 14:40:00,0.2084,0.2085,0.2081,0.2081,168931.7
2026-09-12 14:45:00,0.2082,0.2085,0.2082,0.2084,53807.8
2026-09-12 14:50:00,0.2084,0.2085,0.2083,0.2083,114183.9
2026-09-12 14:55:00,0.2083,0.2084,0.2081,0.2084,139154.9
2026-09-12 15:00:00,0.2084,0.2086,0.2084,0.2085,103055.0
2026-09-12 15:05:00,0.2085,0.2087,0.2084,0.2086,238323.4
2026-09-12 15:10:00,0.2086,0.2091,0.2086,0.2088,485862.0
2026-09-12 15:15:00,0.2088,0.2092,0.2087,0.2088,242918.7
2026-09-12 15:20:00,0.2088,0.2089,0.2087,0.2087,89247.2
2026-09-12 15:25:00,0.2087,0.2092,0.2087,0.2091,292578.8
2026-09-12 15:30:00,0.2092,0.2093,0.2086,0.2087,454080.4
2026-09-12 15:35:00,0.2088,0.209,0.2085,0.2088,347839.6
2026-09-12 15:40:00,0.2089,0.2089,0.2087,0.2088,59230.0
2026-09-12 15:45:00,0.2089,0.2089,0.2085,0.2086,363887.0
2026-09-12 15:50:00,0.2086,0.2086,0.2084,0.2086,84121.5
2026-09-12 15:55:00,0.2086,0.2089,0.2085,0.2086,391928.6
2026-09-12 16:00:00,0.2085,0.2087,0.2085,0.2087,123667.5
2026-09-12 16:05:00,0.2086,0.2086,0.2083,0.2083,236558.4
2026-09-12 16:10:00,0.2084,0.2084,0.2078,0.208,351790.6
2026-09-12 16:15:00,0.208,0.2082,0.2077,0.2081,283354.9
2026-09-12 16:20:00,0.2082,0.2082,0.2081,0.2081,21941.5
2026-09-12 16:25:00,0.2082,0.2086,0.2081,0.2085,42901.0
2026-09-12 16:30:00,0.2086,0.2087,0.2086,0.2086,76457.4
2026-09-12 16:35:00,0.2085,0.2085,0.2081,0.2082,349512.0
2026-09-12 16:40:00,0.2082,0.2083,0.2078,0.2079,77265.2
2026-09-12 16:45:00,0.2078,0.2082,0.2078,0.208,429402.8
2026-09-12 16:50:00,0.2079,0.2081,0.2079,0.208,57713.8
2026-09-12 16:55:00,0.208,0.2082,0.2079,0.2082,422890.0
2026-09-12 17:00:00,0.2081,0.2085,0.2081,0.2085,347582.7
2026-09-12 17:05:00,0.2085,0.2086,0.2084,0.2084,82442.5
2026-09-12 17:10:00,0.2083,0.2084,0.208,0.2083,337526.7
2026-09-12 17:15:00,0.2083,0.2085,0.2081,0.2083,102017.1
2026-09-12 17:20:00,0.2084,0.2085,0.2078,0.2078,129216.8
2026-09-12 17:25:00,0.2078,0.2079,0.2074,0.2076,211461.2
2026-09-12 17:30:00,0.2076,0.2077,0.2074,0.2077,136942.1
2026-09-12 17:35:00,0.2077,0.2077,0.2075,0.2075,153894.9
2026-09-12 17:40:00,0.2075,0.2079,0.2073,0.2078,436757.7
2026-09-12 17:45:00,0.2079,0.208,0.2077,0.2077,114728.0
2026-09-12 17:50:00,0.2078,0.2081,0.2077,0.2081,13934.9
2026-09-12 17:55:00,0.2081,0.2082,0.208,0.2081,11901.3
2026-09-12 18:00:00,0.208,0.2081,0.2079,0.2079,58817.6
2026-09-12 18:05:00,0.2079,0.208,0.2076,0.2076,234710.9
2026-09-12 18:10:00,0.2076,0.2078,0.2076,0.2076,418494.2
2026-09-12 18:15:00,0.2076,0.2079,0.2073,0.2075,399321.4
2026-09-12 18:20:00,0.2075,0.2079,0.2074,0.2078,345215.3
2026-09-12 18:25:00,0.2078,0.2079,0.2076,0.2079,41972.1
2026-09-12 18:30:00,0.2078,0.2079,0.2075,0.2077,307438.6
2026-09-12 18:35:00,0.2078,0.2078,0.2074,0.2077,289975.3
2026-09-12 18:40:00,0.2078,0.2078,0.2076,0.2077,56341.4
2026-09-12 18:45:00,0.2076,0.2077,0.2075,0.2076,32117.7
2026-09-12 18:50:00,0.2075,0.2076,0.2073,0.2074,93111.7
2026-09-12 18:55:00,0.2074,0.2075,0.2073,0.2074,44238.6
2026-09-12 19:00:00,0.2074,0.2077,0.2074,0.2076,460550.7
2026-09-12 19:05:00,0.2077,0.2077,0.2074,0.2075,235344.1
2026-09-12 19:10:00,0.2075,0.2078,0.207,0.2078,772924.7
2026-09-12 19:15:00,0.2077,0.2077,0.2072,0.2075,108329.8
2026-09-12 19:20:00,0.2075,0.2075,0.2071,0.2075,504035.8
2026-09-12 19:25:00,0.2074,0.2078,0.2073,0.2075,454309.4
2026-09-12 19:30:00,0.2075,0.2077,0.2072,0.2074,486635.3
2026-09-12 19:35:00,0.2073,0.2073,0.2069,0.207,164480.0
2026-09-12 19:40:00,0.2069,0.2073,0.2069,0.2069,290065.1
2026-09-12 19:45:00,0.207,0.2072,0.2069,0.2071,121181.0
2026-09-12 19:50:00,0.2071,0.2072,0.207,0.207,56016.8
2026-09-12 19:55:00,0.207,0.2072,0.207,0.2072,45196.6
2026-09-12 20:00:00,0.2073,0.2079,0.2072,0.2079,211840.2
2026-09-12 20:05:00,0.2078,0.2081,0.2077,0.208,84552.0
2026-09-12 20:10:00,0.2081,0.2082,0.2079,0.2081,549799.2
2026-09-12 20:15:00,0.208,0.2082,0.2078,0.2079,19537.9
2026-09-12 20:20:00,0.2079,0.2081,0.2079,0.208,291265.6
2026-09-12 20:25:00,0.2079,0.2082,0.2079,0.2082,45823.4
2026-09-12 20:30:00,0.2081,0.2083,0.2079,0.2079,212193.8
2026-09-12 20:35:00,0.208,0.208,0.2079,0.2079,14567.3
2026-09-12 20:40:00,0.2079,0.2083,0.2079,0.2082,247051.3
2026-09-12 20:45:00,0.2082,0.2083,0.2081,0.2083,30470.7
2026-09-12 20:50:00,0.2082,0.2083,0.2078,0.2079,203656.9
2026-09-12 20:55:00,0.2079,0.2079,0.2077,0.2078,21974.2
2026-09-12 21:00:00,0.2077,0.2081,0.2076,0.2079,242590.0
2026-09-12 21:05:00,0.2079,0.2082,0.2078,0.2081,144113.0
2026-09-12 21:10:00,0.2081,0.2082,0.2077,0.2078,340457.4
2026-09-12 21:15:00,0.2078,0.2078,0.2074,0.2075,244084.8
2026-09-12 21:20:00,0.2074,0.2074,0.2072,0.2072,312159.7
2026-09-12 21:25:00,0.2072,0.2072,0.2069,0.207,59501.5
2026-09-12 21:30:00,0.207,0.2071,0.2068,0.207,202564.3
2026-09-12 21:35:00,0.207,0.2073,0.207,0.2071,132045.1
2026-09-12 21:40:00,0.2072,0.2072,0.207,0.207,137418.6
2026-09-12 21:45:00,0.2071,0.2071,0.2069,0.207,131754.9
2026-09-12 21:50:00,0.207,0.2071,0.2068,0.2071,20648.8
2026-09-12 21:55:00,0.207,0.2071,0.2069,0.207,50617.6
2026-09-12 22:00:00,0.2071,0.2072,0.2066,0.207,386796.7
2026-09-12 22:05:00,0.2071,0.2073,0.2067,0.2071,702368.1
2026-09-12 22:10:00,0.2071,0.2073,0.2068,0.207,502240.2
2026-09-12 22:15:00,0.207,0.2072,0.207,0.2072,33579.5
2026-09-12 22:20:00,0.2073,0.2076,0.2073,0.2076,60365.4
2026-09-12 22:25:00,0.2076,0.2076,0.2068,0.2069,404803.9
2026-09-12 22:30:00,0.2068,0.2071,0.2066,0.2066,858335.2
2026-09-12 22:35:00,0.2066,0.207,0.2066,0.2069,37611.7
2026-09-12 22:40:00,0.207,0.207,0.2064,0.2068,443311.4
2026-09-12 22:45:00,0.2068,0.2069,0.2067,0.2067,46246.6
2026-09-12 22:50:00,0.2068,0.2069,0.2067,0.2068,58366.5
2026-09-12 22:55:00,0.2068,0.2069,0.2065,0.2067,101080.3
2026-09-12 23:00:00,0.2067,0.2071,0.2067,0.207,113307.7
2026-09-12 23:05:00,0.207,0.2071,0.2069,0.207,29349.4
2026-09-12 23:10:00,0.207,0.2072,0.207,0.2071,56423.0
2026-09-12 23:15:00,0.2072,0.2074,0.2071,0.2073,74712.1
2026-09-12 23:20:00,0.2073,0.2073,0.2071,0.2071,109439.6
2026-09-12 23:25:00,0.2071,0.2073,0.207,0.2072,50116.7
2026-09-12 23:30:00,0.2072,0.2072,0.2071,0.2071,20915.1
2026-09-12 23:35:00,0.2071,0.2072,0.2071,0.2072,2849.0
2026-09-12 23:40:00,0.2072,0.2073,0.2072,0.2073,36228.2
2026-09-12 23:45:00,0.2073,0.2074,0.2073,0.2074,13212.6
2026-09-12 23:50:00,0.2075,0.2076,0.2074,0.2076,70996.3
2026-09-12 23:55:00,0.2075,0.2076,0.2072,0.2074,82717.2
2026-09-13 00:00:00,0.2074,0.2077,0.2073,0.2076,100748.0
2026-09-13 00:05:00,0.2076,0.208,0.2076,0.2079,136293.0
2026-09-13 00:10:00,0.2079,0.2082,0.2077,0.2078,271713.9
2026-09-13 00:15:00,0.2077,0.2078,0.2076,0.2076,30108.1
2026-09-13 00:20:00,0.2077,0.2079,0.2076,0.2078,12871.1
2026-09-13 00:25:00,0.2077,0.2082,0.2077,0.2082,43562.2
2026-09-13 00:30:00,0.2082,0.2082,0.2077,0.2079,513001.0
2026-09-13 00:35:00,0.208,0.2082,0.2079,0.2081,144306.6
2026-09-13 00:40:00,0.208,0.208,0.2077,0.2078,103612.1
2026-09-13 00:45:00,0.2079,0.2079,0.2076,0.2076,82191.7
2026-09-13 00:50:00,0.2076,0.2081,0.2076,0.2079,410106.5
2026-09-13 00:55:00,0.2079,0.2081,0.2079,0.2079,51885.3
2026-09-13 01:00:00,0.2078,0.2081,0.2078,0.2079,106501.5
2026-09-13 01:05:00,0.2079,0.2082,0.2077,0.2081,288259.8
2026-09-13 01:10:00,0.2082,0.2083,0.2074,0.2077,776345.3
2026-09-13 01:15:00,0.2077,0.2079,0.207,0.2079,1248126.5
2026-09-13 01:20:00,0.2078,0.2082,0.2078,0.2082,65812.9
2026-09-13 01:25:00,0.2081,0.2082,0.2075,0.2075,368554.2
2026-09-13 01:30:00,0.2075,0.2076,0.2072,0.2072,64453.4
2026-09-13 01:35:00,0.2072,0.2076,0.2071,0.2076,584718.9
2026-09-13 01:40:00,0.2076,0.2078,0.2076,0.2077,107731.5
2026-09-13 01:45:00,0.2078,0.2079,0.2077,0.2078,79413.1
2026-09-13 01:50:00,0.2078,0.208,0.2077,0.2079,16671.7
2026-09-13 01:55:00,0.2078,0.208,0.2078,0.208,9353.0
2026-09-13 02:00:00,0.208,0.208,0.2079,0.208,67766.9
2026-09-13 02:05:00,0.208,0.208,0.2077,0.2079,47289.7
2026-09-13 02:10:00,0.2079,0.208,0.2078,0.2079,29508.1
2026-09-13 02:15:00,0.2078,0.2081,0.2077,0.208,129242.1
2026-09-13 02:20:00,0.2079,0.2079,0.2077,0.2078,102366.3
2026-09-13 02:25:00,0.2079,0.2079,0.2074,0.2077,328107.1
2026-09-13 02:30:00,0.2077,0.2081,0.2077,0.2079,286211.0
2026-09-13 02:35:00,0.2079,0.2083,0.2078,0.2078,568131.8
2026-09-13 02:40:00,0.2077,0.2082,0.2076,0.208,329428.1
2026-09-13 02:45:00,0.2081,0.2081,0.2079,0.208,37247.8
2026-09-13 02:50:00,0.208,0.2082,0.2077,0.2078,457236.4
2026-09-13 02:55:00,0.2078,0.2078,0.2076,0.2076,34614.3
2026-09-13 03:00:00,0.2076,0.2081,0.2074,0.2081,322269.2
2026-09-13 03:05:00,0.208,0.208,0.2077,0.2077,167425.3
2026-09-13 03:10:00,0.2077,0.2079,0.2075,0.2075,72238.4
2026-09-13 03:15:00,0.2075,0.2075,0.2073,0.2074,115663.3
2026-09-13 03:20:00,0.2075,0.2077,0.2075,0.2076,20245.5
2026-09-13 03:25:00,0.2075,0.2077,0.2073,0.2073,113301.3
2026-09-13 03:30:00,0.2073,0.2073,0.2069,0.2071,94281.8
2026-09-13 03:35:00,0.2072,0.2075,0.2068,0.2069,560991.6
2026-09-13 03:40:00,0.2069,0.2071,0.2068,0.207,114260.5
2026-09-13 03:45:00,0.207,0.2071,0.2067,0.2068,235125.2
2026-09-13 03:50:00,0.2068,0.207,0.2066,0.2069,411678.8
2026-09-13 03:55:00,0.2069,0.2071,0.2066,0.2066,453671.4
2026-09-13 04:00:00,0.2067,0.2067,0.2065,0.2066,40086.2
2026-09-13 04:05:00,0.2066,0.2071,0.2065,0.2069,453656.9
2026-09-13 04:10:00,0.2069,0.2072,0.2066,0.2067,529093.7
2026-09-13 04:15:00,0.2068,0.2071,0.2067,0.2069,87680.0
2026-09-13 04:20:00,0.207,0.207,0.2066,0.207,41153.0
2026-09-13 04:25:00,0.207,0.2071,0.2069,0.207,50930.6
2026-09-13 04:30:00,0.207,0.2075,0.2069,0.2072,458586.6
2026-09-13 04:35:00,0.2073,0.2073,0.207,0.2071,53570.7
2026-09-13 04:40:00,0.207,0.2072,0.207,0.2072,20480.3
2026-09-13 04:45:00,0.2072,0.2073,0.207,0.207,31462.7
2026-09-13 04:50:00,0.207,0.2073,0.2069,0.2073,144560.9
2026-09-13 04:55:00,0.2074,0.2075,0.2073,0.2074,91046.7
2026-09-13 05:00:00,0.2074,0.2075,0.2072,0.2073,125633.5
2026-09-13 05:05:00,0.2073,0.2074,0.2073,0.2074,46525.7
2026-09-13 05:10:00,0.2075,0.2076,0.2073,0.2073,241362.1
2026-09-13 05:15:00,0.2074,0.2075,0.2073,0.2075,41169.2
2026-09-13 05:20:00,0.2074,0.2078,0.2074,0.2078,74921.6
2026-09-13 05:25:00,0.2077,0.2077,0.2075,0.2077,79234.4
2026-09-13 05:30:00,0.2077,0.208,0.2076,0.2078,132841.7
2026-09-13 05:35:00,0.2078,0.2079,0.2076,0.2077,109255.3
2026-09-13 05:40:00,0.2077,0.2078,0.2076,0.2077,83269.7
2026-09-13 05:45:00,0.2078,0.2082,0.2078,0.2082,290906.1
2026-09-13 05:50:00,0.2082,0.2084,0.2082,0.2083,177440.6
2026-09-13 05:55:00,0.2083,0.2084,0.2082,0.2082,96914.7
2026-09-13 06:00:00,0.2082,0.2085,0.2081,0.2082,621351.2
2026-09-13 06:05:00,0.2083,0.2086,0.2082,0.2085,365880.2
2026-09-13 06:10:00,0.2085,0.2085,0.2083,0.2084,460617.2
2026-09-13 06:15:00,0.2083,0.2083,0.208,0.208,88919.7
2026-09-13 06:20:00,0.208,0.208,0.2077,0.2078,60076.1
2026-09-13 06:25:00,0.2079,0.208,0.2077,0.2079,41343.6
2026-09-13 06:30:00,0.2079,0.2079,0.2077,0.2077,52832.2
2026-09-13 06:35:00,0.2077,0.2079,0.2077,0.2078,52350.4
2026-09-13 06:40:00,0.2078,0.2078,0.2076,0.2077,25078.5
2026-09-13 06:45:00,0.2077,0.2077,0.2076,0.2077,57988.6
2026-09-13 06:50:00,0.2077,0.2077,0.2071,0.2071,147861.5
2026-09-13 06:55:00,0.207,0.2072,0.2067,0.2071,136212.6
2026-09-13 07:00:00,0.2071,0.2073,0.2069,0.2073,108028.3
2026-09-13 07:05:00,0.2073,0.2078,0.2072,0.2077,315350.4
2026-09-13 07:10:00,0.2078,0.2078,0.2074,0.2075,63644.7
2026-09-13 07:15:00,0.2075,0.2078,0.2074,0.2075,58333.6
2026-09-13 07:20:00,0.2075,0.2078,0.2075,0.2077,22642.3
2026-09-13 07:25:00,0.2077,0.2077,0.2075,0.2075,186588.0
2026-09-13 07:30:00,0.2076,0.2076,0.2071,0.2074,357815.8
2026-09-13 07:35:00,0.2073,0.2073,0.2068,0.2069,748408.4
2026-09-13 07:40:00,0.2069,0.2071,0.2067,0.2069,266004.0
2026-09-13 07:45:00,0.207,0.207,0.2067,0.2069,437562.2
2026-09-13 07:50:00,0.2069,0.207,0.2066,0.2066,205725.9
2026-09-13 07:55:00,0.2067,0.2067,0.2062,0.2062,591765.8
2026-09-13 08:00:00,0.2062,0.2067,0.2061,0.2065,308321.0
2026-09-13 08:05:00,0.2065,0.2065,0.2061,0.2061,317271.2
2026-09-13 08:10:00,0.206,0.206,0.2056,0.2059,616141.6
2026-09-13 08:15:00,0.2059,0.2059,0.2054,0.2055,55664.2
2026-09-13 08:20:00,0.2054,0.2058,0.2054,0.2058,97363.0
2026-09-13 08:25:00,0.2057,0.2058,0.2054,0.2055,74323.8
2026-09-13 08:30:00,0.2054,0.2054,0.2035,0.2044,1920596.9
2026-09-13 08:35:00,0.2044,0.2046,0.2039,0.2039,584553.1
2026-09-13 08:40:00,0.2039,0.2042,0.2036,0.2038,363805.2
2026-09-13 08:45:00,0.2038,0.2043,0.2036,0.2042,111081.1
2026-09-13 08:50:00,0.2041,0.2043,0.2039,0.2041,395089.2
2026-09-13 08:55:00,0.204,0.2041,0.2036,0.2041,597733.2
2026-09-13 09:00:00,0.2041,0.2045,0.204,0.2045,225162.9
2026-09-13 09:05:00,0.2046,0.2048,0.2045,0.2046,221689.8
2026-09-13 09:10:00,0.2046,0.2046,0.2043,0.2044,73845.1
2026-09-13 09:15:00,0.2044,0.2047,0.2043,0.2045,266949.3
2026-09-13 09:20:00,0.2045,0.2048,0.2037,0.204,763024.5
2026-09-13 09:25:00,0.204,0.2043,0.2036,0.204,207813.1
2026-09-13 09:30:00,0.204,0.2041,0.2033,0.2035,276084.8
2026-09-13 09:35:00,0.2034,0.2049,0.2034,0.2048,283144.7
2026-09-13 09:40:00,0.2049,0.205,0.2047,0.2048,51915.7
2026-09-13 09:45:00,0.2049,0.2052,0.2048,0.205,124886.5
2026-09-13 09:50:00,0.205,0.2052,0.2049,0.2052,133954.7
2026-09-13 09:55:00,0.2051,0.2052,0.2048,0.205,707429.1
2026-09-13 10:00:00,0.2049,0.2053,0.2048,0.2053,147705.8
2026-09-13 10:05:00,0.2052,0.2052,0.2048,0.205,137147.3
2026-09-13 10:10:00,0.2051,0.2053,0.2049,0.2052,171122.2
2026-09-13 10:15:00,0.2051,0.2052,0.205,0.205,134332.7
2026-09-13 10:20:00,0.2051,0.2051,0.2049,0.205,76704.0
2026-09-13 10:25:00,0.205,0.205,0.2048,0.205,486275.2
2026-09-13 10:30:00,0.2049,0.2051,0.2049,0.205,207566.3
2026-09-13 10:35:00,0.205,0.205,0.2046,0.2048,161953.0
2026-09-13 10:40:00,0.2047,0.2047,0.2039,0.2041,368926.0
2026-09-13 10:45:00,0.2041,0.2043,0.2038,0.2039,231145.2
2026-09-13 10:50:00,0.204,0.204,0.2033,0.2036,439172.4
2026-09-13 10:55:00,0.2035,0.2038,0.2032,0.2036,929893.3
2026-09-13 11:00:00,0.2037,0.2044,0.2034,0.2044,490450.2
2026-09-13 11:05:00,0.2045,0.2049,0.2039,0.204,654412.3
2026-09-13 11:10:00,0.204,0.2041,0.2039,0.204,79137.2
2026-09-13 11:15:00,0.204,0.2044,0.204,0.2043,146115.2
2026-09-13 11:20:00,0.2042,0.2045,0.204,0.2044,249549.8
2026-09-13 11:25:00,0.2044,0.2044,0.2041,0.2041,63021.8
2026-09-13 11:30:00,0.2041,0.2045,0.204,0.2045,161783.2
2026-09-13 11:35:00,0.2044,0.2046,0.2043,0.2045,290854.3
2026-09-13 11:40:00,0.2046,0.205,0.2046,0.2048,335722.8
2026-09-13 11:45:00,0.2049,0.205,0.2046,0.2047,43428.2
2026-09-13 11:50:00,0.2047,0.2049,0.2047,0.2047,49512.9
2026-09-13 11:55:00,0.2048,0.2049,0.2046,0.2048,276680.3
2026-09-13 12:00:00,0.2047,0.2048,0.2045,0.2045,90841.4
2026-09-13 12:05:00,0.2045,0.2046,0.2044,0.2044,24019.9
2026-09-13 12:10:00,0.2045,0.2049,0.2045,0.2048,84508.6
2026-09-13 12:15:00,0.2048,0.205,0.2048,0.205,71536.4
2026-09-13 12:20:00,0.205,0.2051,0.2048,0.205,220840.5
2026-09-13 12:25:00,0.205,0.2051,0.2048,0.2049,174570.8
2026-09-13 12:30:00,0.2049,0.2052,0.2047,0.2048,397811.0
2026-09-13 12:35:00,0.2048,0.2048,0.2043,0.2045,285505.2
2026-09-13 12:40:00,0.2044,0.2046,0.2042,0.2044,160168.3
2026-09-13 12:45:00,0.2044,0.2044,0.2043,0.2043,123703.2
2026-09-13 12:50:00,0.2044,0.2048,0.2043,0.2046,73446.1
2026-09-13 12:55:00,0.2047,0.2055,0.2047,0.2051,384638.3
2026-09-13 13:00:00,0.2052,0.2052,0.2048,0.2048,117929.2
2026-09-13 13:05:00,0.2047,0.2053,0.2047,0.2053,60766.7
2026-09-13 13:10:00,0.2053,0.2055,0.2052,0.2053,39985.3
2026-09-13 13:15:00,0.2053,0.2053,0.2047,0.2047,51366.4
2026-09-13 13:20:00,0.2046,0.2046,0.2041,0.2044,314109.9
2026-09-13 13:25:00,0.2044,0.2044,0.2037,0.204,213031.1
2026-09-13 13:30:00,0.2041,0.2047,0.204,0.2046,48545.6
2026-09-13 13:35:00,0.2047,0.205,0.2047,0.205,164566.6
2026-09-13 13:40:00,0.2051,0.2054,0.2049,0.2054,97024.2
2026-09-13 13:45:00,0.2054,0.2064,0.2053,0.2064,424690.6
2026-09-13 13:50:00,0.2064,0.2068,0.206,0.2066,996111.7
2026-09-13 13:55:00,0.2067,0.2069,0.2065,0.2067,465465.1
2026-09-13 14:00:00,0.2068,0.2071,0.2066,0.2069,138861.8
2026-09-13 14:05:00,0.207,0.2075,0.207,0.2074,267311.8
2026-09-13 14:10:00,0.2074,0.2077,0.2073,0.2076,152449.7
2026-09-13 14:15:00,0.2077,0.2081,0.2074,0.2076,266153.5
2026-09-13 14:20:00,0.2077,0.2078,0.2073,0.2075,71330.5
2026-09-13 14:25:00,0.2074,0.2076,0.2072,0.2074,70401.6
2026-09-13 14:30:00,0.2074,0.2076,0.2071,0.2072,113933.3
2026-09-13 14:35:00,0.2072,0.2081,0.207,0.2077,304707.4
2026-09-13 14:40:00,0.2078,0.2078,0.2073,0.2076,671628.6
2026-09-13 14:45:00,0.2077,0.2078,0.2072,0.2074,153659.0
2026-09-13 14:50:00,0.2074,0.2076,0.2072,0.2074,389235.5
2026-09-13 14:55:00,0.2074,0.2076,0.2071,0.2075,215187.2
2026-09-13 15:00:00,0.2075,0.2076,0.2064,0.2064,429496.7
2026-09-13 15:05:00,0.2064,0.2068,0.2062,0.2067,80444.1
2026-09-13 15:10:00,0.2066,0.2067,0.2065,0.2066,61600.9
2026-09-13 15:15:00,0.2067,0.2067,0.2062,0.2063,37520.0
2026-09-13 15:20:00,0.2063,0.2072,0.2063,0.2071,30761.3
2026-09-13 15:25:00,0.207,0.207,0.2063,0.2064,80988.6
2026-09-13 15:30:00,0.2064,0.2065,0.2061,0.2063,40996.8
2026-09-13 15:35:00,0.2064,0.2065,0.2061,0.2061,46853.6
2026-09-13 15:40:00,0.2061,0.2064,0.2059,0.2063,250239.5
2026-09-13 15:45:00,0.2064,0.2064,0.2059,0.2061,133728.3
2026-09-13 15:50:00,0.2062,0.2062,0.2059,0.206,78564.2
2026-09-13 15:55:00,0.206,0.206,0.2056,0.2058,289142.7
2026-09-13 16:00:00,0.2058,0.2066,0.2057,0.2063,249829.4
2026-09-13 16:05:00,0.2063,0.2072,0.2061,0.2072,510483.2
2026-09-13 16:10:00,0.2071,0.2075,0.2067,0.2067,159499.2
2026-09-13 16:15:00,0.2067,0.207,0.2066,0.2069,89027.6
2026-09-13 16:20:00,0.2069,0.2071,0.2068,0.2068,166835.0
2026-09-13 16:25:00,0.2068,0.2069,0.2067,0.2068,114924.2
2026-09-13 16:30:00,0.2067,0.2068,0.2065,0.2065,151462.1
2026-09-13 16:35:00,0.2066,0.2068,0.2064,0.2067,297658.4
2026-09-13 16:40:00,0.2067,0.2073,0.2067,0.2071,229999.3
2026-09-13 16:45:00,0.2072,0.2072,0.2068,0.2068,124566.1
2026-09-13 16:50:00,0.2068,0.2072,0.2068,0.2071,205756.9
2026-09-13 16:55:00,0.2071,0.2074,0.2071,0.2074,127301.1
2026-09-13 17:00:00,0.2075,0.208,0.2074,0.208,108114.5
2026-09-13 17:05:00,0.2079,0.208,0.2078,0.2079,325520.3
