timestamp,open,high,low,close,volume
2026-07-15 17:10:00,0.0878,0.0881,0.0878,0.0879,417902.6
2026-07-15 17:15:00,0.0879,0.088,0.0876,0.0876,237423.2
2026-07-15 17:20:00,0.0876,0.0878,0.0876,0.0877,255917.0
2026-07-15 17:25:00,0.0877,0.0878,0.0875,0.0877,57655.8
2026-07-15 17:30:00,0.0877,0.0879,0.0876,0.0876,624299.9
2026-07-15 17:35:00,0.0877,0.0878,0.0876,0.0876,124920.2
2026-07-15 17:40:00,0.0876,0.0878,0.0876,0.0878,232266.9
2026-07-15 17:45:00,0.0877,0.0882,0.0877,0.0878,662936.8
2026-07-15 17:50:00,0.0879,0.0879,0.0877,0.0879,148956.4
2026-07-15 17:55:00,0.0879,0.088,0.0879,0.088,66247.7
2026-07-15 18:00:00,0.088,0.0883,0.088,0.0883,157980.0
2026-07-15 18:05:00,0.0883,0.0884,0.0882,0.0883,378442.4
2026-07-15 18:10:00,0.0883,0.0889,0.0882,0.0889,264124.4
2026-07-15 18:15:00,0.0889,0.0889,0.0886,0.0888,128753.7
2026-07-15 18:20:00,0.0888,0.0889,0.0887,0.0887,55713.7
2026-07-15 18:25:00,0.0888,0.0888,0.0886,0.0888,121421.5
2026-07-15 18:30:00,0.0887,0.089,0.0887,0.089,152437.6
2026-07-15 18:35:00,0.089,0.089,0.0886,0.0886,212125.8
2026-07-15 18:40:00,0.0887,0.0889,0.0885,0.0887,92168.7
2026-07-15 18:45:00,0.0886,0.0887,0.0884,0.0887,650336.5
2026-07-15 18:50:00,0.0886,0.0886,0.0883,0.0885,112286.5
2026-07-15 18:55:00,0.0885,0.0885,0.0882,0.0883,325806.3
2026-07-15 19:00:00,0.0883,0.0886,0.0883,0.0885,131074.9
2026-07-15 19:05:00,0.0885,0.0886,0.0883,0.0883,175919.8
2026-07-15 19:10:00,0.0883,0.0885,0.0882,0.0884,630188.7
2026-07-15 19:15:00,0.0884,0.0885,0.0881,0.0881,146941.3
2026-07-15 19:20:00,0.088,0.0883,0.0879,0.0881,224918.8
2026-07-15 19:25:00,0.0882,0.0883,0.0881,0.0882,59287.0
2026-07-15 19:30:00,0.0881,0.0882,0.088,0.088,153743.8
2026-07-15 19:35:00,0.088,0.088,0.0875,0.0878,416432.9
2026-07-15 19:40:00,0.0878,0.088,0.0878,0.088,211811.7
2026-07-15 19:45:00,0.0879,0.0879,0.0877,0.0878,12284.8
2026-07-15 19:50:00,0.0878,0.0879,0.0875,0.0878,294412.9
2026-07-15 19:55:00,0.0879,0.088,0.0878,0.0878,41020.3
2026-07-15 20:00:00,0.0879,0.088,0.0878,0.088,139364.8
2026-07-15 20:05:00,0.0881,0.0882,0.088,0.0881,514546.7
2026-07-15 20:10:00,0.0882,0.0882,0.0881,0.0882,156353.5
2026-07-15 20:15:00,0.0882,0.0885,0.0881,0.0885,701725.0
2026-07-15 20:20:00,0.0886,0.0887,0.0885,0.0885,66921.6
2026-07-15 20:25:00,0.0886,0.0886,0.0884,0.0884,28776.3
2026-07-15 20:30:00,0.0885,0.0888,0.0884,0.0885,174160.3
2026-07-15 20:35:00,0.0885,0.0888,0.0885,0.0888,50116.6
2026-07-15 20:40:00,0.0888,0.0888,0.0886,0.0886,44068.4
2026-07-15 20:45:00,0.0886,0.0886,0.0885,0.0886,116229.8
2026-07-15 20:50:00,0.0886,0.0887,0.0884,0.0885,70479.1
2026-07-15 20:55:00,0.0884,0.0885,0.0883,0.0885,132974.9
2026-07-15 21:00:00,0.0885,0.0889,0.0885,0.0887,279954.9
2026-07-15 21:05:00,0.0887,0.0887,0.0885,0.0886,206049.9
2026-07-15 21:10:00,0.0886,0.0888,0.0883,0.0887,314116.4
2026-07-15 21:15:00,0.0887,0.0888,0.0886,0.0886,124320.5
2026-07-15 21:20:00,0.0887,0.0888,0.0886,0.0888,54612.8
2026-07-15 21:25:00,0.0888,0.0888,0.0887,0.0887,131009.8
2026-07-15 21:30:00,0.0887,0.0888,0.0885,0.0885,113911.5
2026-07-15 21:35:00,0.0885,0.0885,0.0883,0.0883,59214.2
2026-07-15 21:40:00,0.0883,0.0885,0.0883,0.0883,214582.7
2026-07-15 21:45:00,0.0883,0.0884,0.0882,0.0883,119195.7
2026-07-15 21:50:00,0.0882,0.0884,0.0881,0.0884,131398.1
2026-07-15 21:55:00,0.0883,0.0883,0.0881,0.0883,158681.7
2026-07-15 22:00:00,0.0883,0.0885,0.0881,0.0885,112978.8
2026-07-15 22:05:00,0.0884,0.0884,0.0883,0.0884,69095.7
2026-07-15 22:10:00,0.0884,0.0885,0.0884,0.0884,72613.1
2026-07-15 22:15:00,0.0884,0.0885,0.0883,0.0884,325590.7
2026-07-15 22:20:00,0.0884,0.0885,0.0883,0.0884,11516.0
2026-07-15 22:25:00,0.0884,0.0888,0.0884,0.0888,100490.6
2026-07-15 22:30:00,0.0887,0.0888,0.0887,0.0887,69915.9
2026-07-15 22:35:00,0.0886,0.0887,0.0886,0.0887,22637.1
2026-07-15 22:40:00,0.0888,0.0888,0.0886,0.0887,189240.9
2026-07-15 22:45:00,0.0886,0.0887,0.0886,0.0886,46815.1
2026-07-15 22:50:00,0.0886,0.0888,0.0885,0.0886,412561.7
2026-07-15 22:55:00,0.0885,0.0886,0.0884,0.0884,26140.2
2026-07-15 23:00:00,0.0885,0.0886,0.0885,0.0886,24075.7
2026-07-15 23:05:00,0.0885,0.0886,0.0884,0.0886,26315.0
2026-07-15 23:10:00,0.0885,0.0886,0.0885,0.0885,2119.7
2026-07-15 23:15:00,0.0884,0.0885,0.0884,0.0885,69489.4
2026-07-15 23:20:00,0.0885,0.0885,0.0884,0.0884,53542.0
2026-07-15 23:25:00,0.0884,0.0885,0.0884,0.0885,27627.4
2026-07-15 23:30:00,0.0885,0.0885,0.0884,0.0885,28063.1
2026-07-15 23:35:00,0.0886,0.0886,0.0884,0.0884,73487.0
2026-07-15 23:40:00,0.0884,0.0884,0.0882,0.0883,103208.5
2026-07-15 23:45:00,0.0883,0.0884,0.0882,0.0882,105642.7
2026-07-15 23:50:00,0.0882,0.0883,0.0882,0.0883,221950.0
2026-07-15 23:55:00,0.0883,0.0885,0.0883,0.0885,12364.0
2026-07-16 00:00:00,0.0885,0.0886,0.0885,0.0885,86411.7
2026-07-16 00:05:00,0.0885,0.0886,0.0878,0.0881,1331021.5
2026-07-16 00:10:00,0.0881,0.0884,0.088,0.0883,461772.4
2026-07-16 00:15:00,0.0884,0.0884,0.0876,0.0878,491880.7
2026-07-16 00:20:00,0.0877,0.0879,0.0877,0.0878,129141.2
2026-07-16 00:25:00,0.0878,0.0879,0.0876,0.0876,159208.0
2026-07-16 00:30:00,0.0876,0.0878,0.0876,0.0877,109924.4
2026-07-16 00:35:00,0.0877,0.0877,0.0874,0.0875,142843.4
2026-07-16 00:40:00,0.0874,0.0875,0.0873,0.0873,88546.5
2026-07-16 00:45:00,0.0873,0.0874,0.0866,0.0873,1100802.3
2026-07-16 00:50:00,0.0874,0.0876,0.0873,0.0875,135820.2
2026-07-16 00:55:00,0.0874,0.0876,0.0874,0.0875,81804.7
2026-07-16 01:00:00,0.0875,0.0877,0.0874,0.0876,230599.9
2026-07-16 01:05:00,0.0876,0.0877,0.0875,0.0876,47002.2
2026-07-16 01:10:00,0.0875,0.0876,0.0873,0.0874,100563.5
2026-07-16 01:15:00,0.0875,0.0875,0.0871,0.0873,27699.4
2026-07-16 01:20:00,0.0872,0.0874,0.0872,0.0874,273665.3
2026-07-16 01:25:00,0.0874,0.0876,0.0874,0.0875,84050.2
2026-07-16 01:30:00,0.0875,0.0875,0.0875,0.0875,26148.3
2026-07-16 01:35:00,0.0876,0.0878,0.0876,0.0876,46033.8
2026-07-16 01:40:00,0.0876,0.0878,0.0876,0.0876,26214.0
2026-07-16 01:45:00,0.0875,0.0878,0.0875,0.0877,111630.7
2026-07-16 01:50:00,0.0878,0.088,0.0877,0.0878,73524.8
2026-07-16 01:55:00,0.0879,0.0879,0.0878,0.0878,114495.1
2026-07-16 02:00:00,0.0878,0.0878,0.0876,0.0876,81524.3
2026-07-16 02:05:00,0.0876,0.0876,0.0874,0.0875,142527.2
2026-07-16 02:10:00,0.0875,0.0875,0.0874,0.0874,120917.1
2026-07-16 02:15:00,0.0874,0.0877,0.0874,0.0877,39824.9
2026-07-16 02:20:00,0.0877,0.0878,0.0876,0.0878,6776.6
2026-07-16 02:25:00,0.0877,0.0878,0.0877,0.0877,90915.3
2026-07-16 02:30:00,0.0877,0.0877,0.0876,0.0876,15114.9
2026-07-16 02:35:00,0.0877,0.0878,0.0875,0.0875,59517.8
2026-07-16 02:40:00,0.0875,0.0875,0.0874,0.0875,30064.0
2026-07-16 02:45:00,0.0875,0.0876,0.0874,0.0876,7226.0
2026-07-16 02:50:00,0.0876,0.0877,0.0876,0.0877,14723.8
2026-07-16 02:55:00,0.0877,0.0878,0.0877,0.0878,102621.6
2026-07-16 03:00:00,0.0877,0.0877,0.0876,0.0877,78460.3
2026-07-16 03:05:00,0.0878,0.0878,0.0877,0.0877,81942.1
2026-07-16 03:10:00,0.0877,0.0877,0.0875,0.0876,98484.2
2026-07-16 03:15:00,0.0877,0.0877,0.0874,0.0874,31776.3
2026-07-16 03:20:00,0.0874,0.0874,0.0871,0.0871,237342.6
2026-07-16 03:25:00,0.0871,0.0873,0.0871,0.0872,120632.7
2026-07-16 03:30:00,0.0872,0.0873,0.0871,0.0871,175844.5
2026-07-16 03:35:00,0.0871,0.0872,0.087,0.087,314845.6
2026-07-16 03:40:00,0.0871,0.0871,0.0869,0.087,39624.2
2026-07-16 03:45:00,0.087,0.087,0.0869,0.087,269871.2
2026-07-16 03:50:00,0.087,0.087,0.0869,0.087,145632.8
2026-07-16 03:55:00,0.087,0.0871,0.0869,0.0871,63717.0
2026-07-16 04:00:00,0.0871,0.0872,0.087,0.087,124714.6
2026-07-16 04:05:00,0.0871,0.0872,0.087,0.0871,136063.4
2026-07-16 04:10:00,0.0871,0.0875,0.0871,0.0874,115080.9
2026-07-16 04:15:00,0.0874,0.0875,0.0873,0.0873,36444.8
2026-07-16 04:20:00,0.0873,0.0874,0.0872,0.0874,47695.3
2026-07-16 04:25:00,0.0874,0.0876,0.0874,0.0876,46150.9
2026-07-16 04:30:00,0.0875,0.0875,0.0875,0.0875,127862.4
2026-07-16 04:35:00,0.0875,0.0876,0.0875,0.0876,69786.3
2026-07-16 04:40:00,0.0875,0.0877,0.0875,0.0877,56003.1
2026-07-16 04:45:00,0.0877,0.0877,0.0875,0.0875,34571.7
2026-07-16 04:50:00,0.0875,0.0875,0.0874,0.0874,18006.3
2026-07-16 04:55:00,0.0874,0.0874,0.0873,0.0874,29578.4
2026-07-16 05:00:00,0.0873,0.0877,0.0873,0.0876,42567.2
2026-07-16 05:05:00,0.0876,0.0876,0.0874,0.0874,133425.5
2026-07-16 05:10:00,0.0875,0.0877,0.0874,0.0877,59551.0
2026-07-16 05:15:00,0.0877,0.0878,0.0875,0.0876,155161.1
2026-07-16 05:20:00,0.0876,0.0878,0.0876,0.0878,78519.4
2026-07-16 05:25:00,0.0878,0.088,0.0878,0.0879,123773.7
2026-07-16 05:30:00,0.0879,0.0879,0.0876,0.0877,232761.4
2026-07-16 05:35:00,0.0877,0.0879,0.0876,0.0878,228329.6
2026-07-16 05:40:00,0.0879,0.0881,0.0878,0.0879,372698.7
2026-07-16 05:45:00,0.0879,0.088,0.0878,0.088,107945.6
2026-07-16 05:50:00,0.0879,0.088,0.0878,0.0878,14153.1
2026-07-16 05:55:00,0.0878,0.088,0.0877,0.0877,83665.7
2026-07-16 06:00:00,0.0878,0.0879,0.0877,0.0878,65357.2
2026-07-16 06:05:00,0.0879,0.0882,0.0877,0.0879,530861.7
2026-07-16 06:10:00,0.0878,0.088,0.0877,0.0879,380176.4
2026-07-16 06:15:00,0.0879,0.088,0.0878,0.0879,296553.8
2026-07-16 06:20:00,0.0879,0.0879,0.0877,0.0878,51155.3
2026-07-16 06:25:00,0.0878,0.0879,0.0877,0.0877,21516.4
2026-07-16 06:30:00,0.0877,0.0877,0.0871,0.0872,1222095.4
2026-07-16 06:35:00,0.0871,0.0871,0.0868,0.0871,977077.2
2026-07-16 06:40:00,0.0871,0.0871,0.0869,0.0869,292097.8
2026-07-16 06:45:00,0.0869,0.0873,0.0869,0.0872,50195.0
2026-07-16 06:50:00,0.0873,0.0873,0.0872,0.0872,78741.4
2026-07-16 06:55:00,0.0872,0.0874,0.0872,0.0873,87876.0
2026-07-16 07:00:00,0.0873,0.0873,0.0871,0.0873,139321.1
2026-07-16 07:05:00,0.0874,0.0874,0.0873,0.0873,57206.4
2026-07-16 07:10:00,0.0873,0.0873,0.087,0.0871,109307.0
2026-07-16 07:15:00,0.087,0.0871,0.087,0.0871,317761.5
2026-07-16 07:20:00,0.0871,0.0872,0.0871,0.0871,94417.6
2026-07-16 07:25:00,0.0872,0.0872,0.0869,0.0869,58170.8
2026-07-16 07:30:00,0.087,0.0872,0.0868,0.0869,304324.6
2026-07-16 07:35:00,0.0869,0.0869,0.0861,0.0865,1443645.3
2026-07-16 07:40:00,0.0865,0.0865,0.0863,0.0864,262231.3
2026-07-16 07:45:00,0.0864,0.0867,0.0864,0.0866,76470.5
2026-07-16 07:50:00,0.0866,0.0866,0.0864,0.0865,86305.9
2026-07-16 07:55:00,0.0865,0.0868,0.0864,0.0868,144640.6
2026-07-16 08:00:00,0.0868,0.0869,0.0864,0.0865,310478.8
2026-07-16 08:05:00,0.0865,0.0866,0.0863,0.0864,175067.4
2026-07-16 08:10:00,0.0863,0.0864,0.0855,0.086,2079135.4
2026-07-16 08:15:00,0.086,0.0863,0.086,0.0863,524183.1
2026-07-16 08:20:00,0.0862,0.0864,0.0862,0.0864,86316.2
2026-07-16 08:25:00,0.0865,0.0868,0.0865,0.0868,56016.6
2026-07-16 08:30:00,0.0867,0.087,0.0867,0.0869,91664.0
2026-07-16 08:35:00,0.0868,0.0871,0.0868,0.087,62446.1
2026-07-16 08:40:00,0.087,0.087,0.0866,0.0867,210957.1
2026-07-16 08:45:00,0.0866,0.087,0.0866,0.0868,108856.5
2026-07-16 08:50:00,0.0868,0.0868,0.0865,0.0865,157298.3
2026-07-16 08:55:00,0.0865,0.0865,0.0864,0.0865,160127.3
2026-07-16 09:00:00,0.0865,0.0866,0.0864,0.0865,118279.9
2026-07-16 09:05:00,0.0865,0.0865,0.0864,0.0864,37986.1
2026-07-16 09:10:00,0.0865,0.0866,0.0864,0.0865,176697.1
2026-07-16 09:15:00,0.0864,0.0865,0.0863,0.0865,110048.4
2026-07-16 09:20:00,0.0865,0.0865,0.0864,0.0864,160.6
2026-07-16 09:25:00,0.0864,0.0866,0.0863,0.0864,244681.5
2026-07-16 09:30:00,0.0863,0.0865,0.0862,0.0864,177126.3
2026-07-16 09:35:00,0.0864,0.0865,0.0862,0.0863,70842.5
2026-07-16 09:40:00,0.0863,0.0865,0.0863,0.0865,135212.9
2026-07-16 09:45:00,0.0864,0.0865,0.0861,0.0863,640747.1
2026-07-16 09:50:00,0.0864,0.0865,0.0863,0.0865,166448.1
2026-07-16 09:55:00,0.0865,0.0865,0.0864,0.0864,42534.1
2026-07-16 10:00:00,0.0865,0.0869,0.0864,0.0869,187843.0
2026-07-16 10:05:00,0.0869,0.0869,0.0867,0.0869,45706.3
2026-07-16 10:10:00,0.0869,0.0869,0.0868,0.0868,78155.9
2026-07-16 10:15:00,0.0868,0.0869,0.0868,0.0868,8203.3
2026-07-16 10:20:00,0.0869,0.0869,0.0867,0.0867,56957.3
2026-07-16 10:25:00,0.0867,0.0868,0.0867,0.0868,53485.3
2026-07-16 10:30:00,0.0868,0.0869,0.0868,0.0868,53403.5
2026-07-16 10:35:00,0.0868,0.0869,0.0868,0.0868,44606.5
2026-07-16 10:40:00,0.0868,0.0868,0.0867,0.0868,54400.7
2026-07-16 10:45:00,0.0868,0.0869,0.0867,0.0867,235084.1
2026-07-16 10:50:00,0.0868,0.0869,0.0867,0.0869,81281.2
2026-07-16 10:55:00,0.0869,0.0869,0.0867,0.0869,79659.1
2026-07-16 11:00:00,0.0869,0.0869,0.0867,0.0868,23829.3
2026-07-16 11:05:00,0.0868,0.0868,0.0867,0.0867,68954.9
2026-07-16 11:10:00,0.0867,0.0868,0.0867,0.0867,32553.2
2026-07-16 11:15:00,0.0868,0.0868,0.0866,0.0867,84197.8
2026-07-16 11:20:00,0.0866,0.0869,0.0866,0.0868,70068.0
2026-07-16 11:25:00,0.0869,0.087,0.0869,0.0869,57136.4
2026-07-16 11:30:00,0.0868,0.0869,0.0868,0.0869,61712.2
2026-07-16 11:35:00,0.0869,0.087,0.0868,0.0869,37308.3
2026-07-16 11:40:00,0.087,0.087,0.0869,0.0869,102852.4
2026-07-16 11:45:00,0.087,0.0872,0.0867,0.0868,519073.8
2026-07-16 11:50:00,0.0869,0.087,0.0869,0.087,124255.9
2026-07-16 11:55:00,0.087,0.0872,0.087,0.0872,26292.1
2026-07-16 12:00:00,0.0873,0.0873,0.087,0.087,63109.6
2026-07-16 12:05:00,0.087,0.0871,0.0869,0.0869,36092.9
2026-07-16 12:10:00,0.087,0.087,0.0869,0.0869,39859.0
2026-07-16 12:15:00,0.087,0.087,0.0869,0.087,49136.3
2026-07-16 12:20:00,0.087,0.0872,0.0869,0.087,475761.5
2026-07-16 12:25:00,0.087,0.0872,0.087,0.0872,251531.9
2026-07-16 12:30:00,0.0872,0.0872,0.0871,0.0872,157976.1
2026-07-16 12:35:00,0.0872,0.0872,0.0867,0.0868,132068.1
2026-07-16 12:40:00,0.0868,0.0868,0.0866,0.0866,107875.5
2026-07-16 12:45:00,0.0865,0.0867,0.0865,0.0867,56761.3
2026-07-16 12:50:00,0.0866,0.0869,0.0866,0.0867,70775.5
2026-07-16 12:55:00,0.0867,0.0868,0.0866,0.0867,145252.0
2026-07-16 13:00:00,0.0867,0.0868,0.0866,0.0867,81142.8
2026-07-16 13:05:00,0.0867,0.0869,0.0867,0.0868,53453.2
2026-07-16 13:10:00,0.0868,0.0871,0.0868,0.0871,127601.8
2026-07-16 13:15:00,0.087,0.0874,0.087,0.0873,207030.2
2026-07-16 13:20:00,0.0874,0.0877,0.0874,0.0876,81157.1
2026-07-16 13:25:00,0.0876,0.0876,0.0874,0.0875,49198.2
2026-07-16 13:30:00,0.0876,0.0878,0.0875,0.0875,127551.4
2026-07-16 13:35:00,0.0875,0.0879,0.0875,0.0877,277788.9
2026-07-16 13:40:00,0.0878,0.0878,0.0873,0.0874,454946.4
2026-07-16 13:45:00,0.0875,0.0876,0.0874,0.0876,158871.5
2026-07-16 13:50:00,0.0876,0.0877,0.0876,0.0876,92496.0
2026-07-16 13:55:00,0.0875,0.0877,0.0874,0.0877,289097.5
2026-07-16 14:00:00,0.0877,0.0879,0.0877,0.0879,187464.1
2026-07-16 14:05:00,0.088,0.0885,0.088,0.0884,747278.8
2026-07-16 14:10:00,0.0884,0.0888,0.0882,0.0885,1574453.4
2026-07-16 14:15:00,0.0884,0.0888,0.0884,0.0886,333863.7
2026-07-16 14:20:00,0.0886,0.0886,0.0882,0.0883,182631.5
2026-07-16 14:25:00,0.0882,0.0885,0.0882,0.0884,53214.1
2026-07-16 14:30:00,0.0883,0.0884,0.0881,0.0881,121344.7
2026-07-16 14:35:00,0.0882,0.0883,0.0881,0.0881,183048.7
2026-07-16 14:40:00,0.088,0.0882,0.088,0.0881,22178.0
2026-07-16 14:45:00,0.0882,0.0884,0.088,0.088,121843.8
2026-07-16 14:50:00,0.0881,0.0882,0.0879,0.0879,86766.7
2026-07-16 14:55:00,0.0878,0.088,0.0878,0.088,216297.5
2026-07-16 15:00:00,0.0881,0.0881,0.0879,0.0879,43483.5
2026-07-16 15:05:00,0.0878,0.0879,0.0877,0.0879,308275.9
2026-07-16 15:10:00,0.088,0.088,0.0878,0.0878,107141.7
2026-07-16 15:15:00,0.0879,0.0884,0.0879,0.0884,422661.9
2026-07-16 15:20:00,0.0884,0.0884,0.0882,0.0883,79393.8
2026-07-16 15:25:00,0.0883,0.0889,0.0883,0.0888,183453.7
2026-07-16 15:30:00,0.0888,0.089,0.0887,0.089,201308.2
2026-07-16 15:35:00,0.0889,0.0891,0.0888,0.0891,402914.5
2026-07-16 15:40:00,0.0892,0.0892,0.0887,0.0887,463016.9
2026-07-16 15:45:00,0.0886,0.0886,0.0883,0.0886,150425.0
2026-07-16 15:50:00,0.0887,0.0888,0.0885,0.0885,171664.3
2026-07-16 15:55:00,0.0885,0.0886,0.0884,0.0884,112837.0
2026-07-16 16:00:00,0.0884,0.0886,0.0883,0.0885,422907.7
2026-07-16 16:05:00,0.0886,0.0886,0.0883,0.0884,661980.7
2026-07-16 16:10:00,0.0884,0.0885,0.0881,0.0881,490195.0
2026-07-16 16:15:00,0.088,0.0882,0.088,0.0881,96480.0
2026-07-16 16:20:00,0.0881,0.0882,0.088,0.0881,157743.0
2026-07-16 16:25:00,0.0881,0.0884,0.0881,0.0883,166913.6
2026-07-16 16:30:00,0.0883,0.0887,0.0883,0.0885,157289.2
2026-07-16 16:35:00,0.0886,0.0887,0.0885,0.0886,217215.1
2026-07-16 16:40:00,0.0886,0.089,0.0884,0.0884,256508.2
2026-07-16 16:45:00,0.0884,0.0884,0.0881,0.0881,220162.3
2026-07-16 16:50:00,0.0882,0.0885,0.0881,0.0885,101909.5
2026-07-16 16:55:00,0.0885,0.0887,0.0885,0.0886,71246.3
2026-07-16 17:00:00,0.0886,0.0887,0.0884,0.0887,232689.8
2026-07-16 17:05:00,0.0887,0.0887,0.0883,0.0884,191063.8
2026-07-16 17:10:00,0.0884,0.0885,0.088,0.088,111076.6
2026-07-16 17:15:00,0.088,0.0883,0.0879,0.0883,496107.7
2026-07-16 17:20:00,0.0883,0.0884,0.0881,0.0881,158620.0
2026-07-16 17:25:00,0.0881,0.0884,0.088,0.0882,160901.8
2026-07-16 17:30:00,0.0883,0.0886,0.0882,0.0884,151239.6
2026-07-16 17:35:00,0.0885,0.0888,0.0884,0.0886,651177.1
2026-07-16 17:40:00,0.0886,0.0888,0.0884,0.0885,236127.0
2026-07-16 17:45:00,0.0885,0.0885,0.0883,0.0883,115726.8
2026-07-16 17:50:00,0.0883,0.0884,0.088,0.0883,118010.4
2026-07-16 17:55:00,0.0882,0.0883,0.0878,0.0883,283276.6
2026-07-16 18:00:00,0.0883,0.0885,0.0882,0.0882,548542.0
2026-07-16 18:05:00,0.0883,0.0886,0.0883,0.0885,188177.8
2026-07-16 18:10:00,0.0886,0.0888,0.0886,0.0887,221942.5
2026-07-16 18:15:00,0.0886,0.0889,0.0885,0.0888,178285.6
2026-07-16 18:20:00,0.0888,0.0892,0.0887,0.0891,176841.3
2026-07-16 18:25:00,0.089,0.0891,0.0889,0.0889,82753.0
2026-07-16 18:30:00,0.089,0.0894,0.0889,0.0891,256213.5
2026-07-16 18:35:00,0.0891,0.0891,0.0889,0.0891,191370.3
2026-07-16 18:40:00,0.089,0.0893,0.089,0.0891,294314.9
2026-07-16 18:45:00,0.089,0.0895,0.0889,0.0894,836116.1
2026-07-16 18:50:00,0.0895,0.0895,0.0893,0.0894,96302.6
2026-07-16 18:55:00,0.0894,0.0894,0.0892,0.0893,203685.1
2026-07-16 19:00:00,0.0894,0.0897,0.0893,0.0895,230675.6
2026-07-16 19:05:00,0.0895,0.0897,0.0893,0.0895,113407.1
2026-07-16 19:10:00,0.0894,0.0896,0.0894,0.0896,105312.6
2026-07-16 19:15:00,0.0895,0.0898,0.0895,0.0898,212616.3
2026-07-16 19:20:00,0.0899,0.09,0.0897,0.0897,466503.2
2026-07-16 19:25:00,0.0898,0.0902,0.0896,0.0902,187779.3
2026-07-16 19:30:00,0.0902,0.0904,0.0901,0.0902,224325.5
2026-07-16 19:35:00,0.0902,0.0904,0.0901,0.0901,255337.4
2026-07-16 19:40:00,0.0901,0.0901,0.0897,0.0898,293408.5
2026-07-16 19:45:00,0.0897,0.0897,0.0895,0.0896,139773.7
2026-07-16 19:50:00,0.0897,0.09,0.0895,0.0899,315544.9
2026-07-16 19:55:00,0.09,0.0902,0.0898,0.0898,424675.0
2026-07-16 20:00:00,0.0898,0.0899,0.0896,0.0896,186378.5
2026-07-16 20:05:00,0.0897,0.0901,0.0897,0.09,205623.9
2026-07-16 20:10:00,0.09,0.0903,0.09,0.0901,90057.9
2026-07-16 20:15:00,0.0901,0.0905,0.09,0.0905,387926.2
2026-07-16 20:20:00,0.0905,0.0908,0.0905,0.0906,432169.9
2026-07-16 20:25:00,0.0907,0.0911,0.0905,0.0906,645144.7
2026-07-16 20:30:00,0.0906,0.0906,0.0902,0.0902,269444.2
2026-07-16 20:35:00,0.0901,0.0903,0.09,0.0901,121490.0
2026-07-16 20:40:00,0.0901,0.0901,0.0899,0.0899,101311.8
2026-07-16 20:45:00,0.0898,0.0901,0.0898,0.09,498802.5
2026-07-16 20:50:00,0.09,0.09,0.0899,0.09,65161.1
2026-07-16 20:55:00,0.09,0.0901,0.0899,0.0899,5152.1
2026-07-16 21:00:00,0.09,0.0903,0.09,0.0903,28378.0
2026-07-16 21:05:00,0.0902,0.0904,0.0902,0.0903,64391.8
2026-07-16 21:10:00,0.0903,0.0903,0.09,0.09,204424.5
2026-07-16 21:15:00,0.09,0.09,0.0898,0.0899,142645.3
2026-07-16 21:20:00,0.0898,0.0898,0.0894,0.0895,328131.3
2026-07-16 21:25:00,0.0896,0.0897,0.0895,0.0897,123148.2
2026-07-16 21:30:00,0.0897,0.0898,0.0897,0.0897,5281.7
2026-07-16 21:35:00,0.0897,0.0899,0.0897,0.0898,170513.5
2026-07-16 21:40:00,0.0897,0.0898,0.0896,0.0896,20571.2
2026-07-16 21:45:00,0.0896,0.0897,0.0896,0.0896,9034.8
2026-07-16 21:50:00,0.0896,0.0897,0.0896,0.0896,13374.5
2026-07-16 21:55:00,0.0896,0.0896,0.0893,0.0895,277432.5
2026-07-16 22:00:00,0.0895,0.0898,0.0895,0.0898,26068.3
2026-07-16 22:05:00,0.0897,0.0898,0.0897,0.0897,17339.0
2026-07-16 22:10:00,0.0897,0.0898,0.0897,0.0898,202887.6
2026-07-16 22:15:00,0.0897,0.0898,0.0895,0.0895,59707.9
2026-07-16 22:20:00,0.0894,0.0895,0.0892,0.0892,121023.6
2026-07-16 22:25:00,0.0891,0.0892,0.0889,0.0889,507799.5
2026-07-16 22:30:00,0.0889,0.0892,0.0889,0.0891,255817.3
2026-07-16 22:35:00,0.0891,0.0893,0.0891,0.0892,91560.5
2026-07-16 22:40:00,0.0892,0.0892,0.0888,0.0889,219817.9
2026-07-16 22:45:00,0.0889,0.089,0.0888,0.0889,88928.5
2026-07-16 22:50:00,0.0889,0.0889,0.0886,0.0886,91352.8
2026-07-16 22:55:00,0.0887,0.0891,0.0887,0.0891,174661.9
2026-07-16 23:00:00,0.089,0.0892,0.0889,0.0889,170669.4
2026-07-16 23:05:00,0.0889,0.0889,0.0886,0.0886,113566.7
2026-07-16 23:10:00,0.0886,0.0888,0.0886,0.0888,166567.3
2026-07-16 23:15:00,0.0887,0.0887,0.0883,0.0883,142218.7
2026-07-16 23:20:00,0.0883,0.0884,0.0879,0.088,653115.6
2026-07-16 23:25:00,0.088,0.0883,0.0879,0.0882,312477.3
2026-07-16 23:30:00,0.0881,0.0883,0.0881,0.0883,122077.6
2026-07-16 23:35:00,0.0882,0.0886,0.0882,0.0886,239958.4
2026-07-16 23:40:00,0.0886,0.0888,0.0886,0.0888,260640.5
2026-07-16 23:45:00,0.0888,0.0889,0.0886,0.0888,228880.8
2026-07-16 23:50:00,0.0889,0.0893,0.0889,0.0891,534796.7
2026-07-16 23:55:00,0.0891,0.0891,0.0887,0.089,251284.3
2026-07-17 00:00:00,0.0891,0.0894,0.0889,0.0889,495427.7
2026-07-17 00:05:00,0.089,0.0892,0.0889,0.0892,328125.5
2026-07-17 00:10:00,0.0892,0.0892,0.0891,0.0891,137174.4
2026-07-17 00:15:00,0.0892,0.0895,0.0892,0.0894,272065.0
2026-07-17 00:20:00,0.0894,0.0901,0.0894,0.0898,431451.8
2026-07-17 00:25:00,0.0898,0.0898,0.0891,0.0893,168028.5
2026-07-17 00:30:00,0.0892,0.0893,0.0889,0.0889,73607.5
2026-07-17 00:35:00,0.0889,0.089,0.0885,0.0887,488634.2
2026-07-17 00:40:00,0.0887,0.089,0.0887,0.0889,312471.8
2026-07-17 00:45:00,0.0889,0.0891,0.0888,0.0891,432340.7
2026-07-17 00:50:00,0.0891,0.0893,0.0891,0.0891,98886.0
2026-07-17 00:55:00,0.0892,0.0893,0.0891,0.0892,26733.7
2026-07-17 01:00:00,0.0893,0.0898,0.0893,0.0896,551902.4
2026-07-17 01:05:00,0.0895,0.0895,0.0893,0.0895,288406.7
2026-07-17 01:10:00,0.0895,0.0895,0.0893,0.0893,33508.3
2026-07-17 01:15:00,0.0893,0.0894,0.0891,0.0891,101863.0
2026-07-17 01:20:00,0.089,0.089,0.0889,0.089,118902.4
2026-07-17 01:25:00,0.0889,0.089,0.0889,0.089,253090.6
2026-07-17 01:30:00,0.089,0.089,0.0887,0.0887,114738.3
2026-07-17 01:35:00,0.0886,0.0888,0.0886,0.0886,76111.5
2026-07-17 01:40:00,0.0886,0.0886,0.0883,0.0883,76121.8
2026-07-17 01:45:00,0.0883,0.0884,0.088,0.0882,321833.4
2026-07-17 01:50:00,0.0882,0.0882,0.0878,0.088,260877.6
2026-07-17 01:55:00,0.088,0.0881,0.0879,0.088,110190.3
2026-07-17 02:00:00,0.0881,0.0881,0.0879,0.0881,67525.0
2026-07-17 02:05:00,0.0881,0.0881,0.0876,0.0876,179449.1
2026-07-17 02:10:00,0.0877,0.0881,0.0875,0.0881,429099.6
2026-07-17 02:15:00,0.0882,0.0885,0.0881,0.0885,277115.1
2026-07-17 02:20:00,0.0885,0.0885,0.0882,0.0883,104517.6
2026-07-17 02:25:00,0.0882,0.0886,0.0882,0.0885,136725.0
2026-07-17 02:30:00,0.0885,0.0886,0.0883,0.0883,131800.0
2026-07-17 02:35:00,0.0882,0.0884,0.088,0.0882,126911.2
2026-07-17 02:40:00,0.0881,0.0886,0.0881,0.0885,118767.6
2026-07-17 02:45:00,0.0886,0.0887,0.0886,0.0886,109050.6
2026-07-17 02:50:00,0.0886,0.0887,0.0885,0.0885,98672.6
2026-07-17 02:55:00,0.0885,0.089,0.0884,0.089,187306.2
2026-07-17 03:00:00,0.089,0.0892,0.0887,0.0892,362439.6
2026-07-17 03:05:00,0.0891,0.09,0.0891,0.0899,198626.2
2026-07-17 03:10:00,0.0899,0.0906,0.0898,0.0906,652589.9
2026-07-17 03:15:00,0.0905,0.091,0.0905,0.091,947968.5
2026-07-17 03:20:00,0.091,0.0914,0.0907,0.0908,1052960.1
2026-07-17 03:25:00,0.0909,0.0914,0.0905,0.0907,695235.9
2026-07-17 03:30:00,0.0907,0.0908,0.0903,0.0908,458499.8
2026-07-17 03:35:00,0.0907,0.0909,0.0906,0.0908,152769.3
2026-07-17 03:40:00,0.0907,0.0907,0.09,0.0904,545006.7
2026-07-17 03:45:00,0.0904,0.0905,0.09,0.09,240664.2
2026-07-17 03:50:00,0.09,0.0904,0.0899,0.0904,197932.4
2026-07-17 03:55:00,0.0904,0.0904,0.0899,0.0899,349607.1
2026-07-17 04:00:00,0.0899,0.0901,0.0898,0.0899,181419.3
2026-07-17 04:05:00,0.0898,0.0901,0.0898,0.09,62797.7
2026-07-17 04:10:00,0.0899,0.09,0.0897,0.0898,160573.4
2026-07-17 04:15:00,0.0897,0.0898,0.0891,0.0892,314338.6
2026-07-17 04:20:00,0.0893,0.0895,0.0892,0.0894,292700.7
2026-07-17 04:25:00,0.0893,0.0893,0.089,0.0891,48722.4
2026-07-17 04:30:00,0.0892,0.0892,0.089,0.089,77784.1
2026-07-17 04:35:00,0.0891,0.0891,0.0889,0.0891,52087.7
2026-07-17 04:40:00,0.0891,0.0892,0.089,0.0891,74004.7
2026-07-17 04:45:00,0.0891,0.0896,0.0891,0.0895,166785.2
2026-07-17 04:50:00,0.0895,0.0896,0.0893,0.0894,116507.4
2026-07-17 04:55:00,0.0893,0.0894,0.089,0.0891,194893.8
2026-07-17 05:00:00,0.0891,0.0891,0.0888,0.089,148835.4
2026-07-17 05:05:00,0.0889,0.089,0.0887,0.089,320159.7
2026-07-17 05:10:00,0.089,0.0892,0.0889,0.089,217557.2
2026-07-17 05:15:00,0.0891,0.0892,0.0889,0.0889,95544.2
2026-07-17 05:20:00,0.0889,0.089,0.0887,0.0888,144648.4
2026-07-17 05:25:00,0.0887,0.0887,0.0885,0.0885,495980.6
2026-07-17 05:30:00,0.0886,0.0887,0.0884,0.0885,135061.7
2026-07-17 05:35:00,0.0886,0.0887,0.0882,0.0882,1031131.9
2026-07-17 05:40:00,0.0883,0.0885,0.0881,0.0885,129094.8
2026-07-17 05:45:00,0.0885,0.0885,0.0879,0.0884,610399.3
2026-07-17 05:50:00,0.0884,0.0884,0.0881,0.0882,360442.6
2026-07-17 05:55:00,0.0883,0.0892,0.0883,0.0891,1391559.1
2026-07-17 06:00:00,0.0891,0.0891,0.0886,0.0887,253814.1
2026-07-17 06:05:00,0.0888,0.0889,0.0884,0.0885,327039.0
2026-07-17 06:10:00,0.0885,0.0887,0.0884,0.0885,274469.1
2026-07-17 06:15:00,0.0885,0.0885,0.0881,0.0883,184576.9
2026-07-17 06:20:00,0.0883,0.0887,0.0883,0.0886,246503.1
2026-07-17 06:25:00,0.0887,0.0887,0.0885,0.0885,50949.1
2026-07-17 06:30:00,0.0884,0.0885,0.0883,0.0884,141912.0
2026-07-17 06:35:00,0.0884,0.0884,0.0883,0.0883,143554.1
2026-07-17 06:40:00,0.0883,0.0883,0.0882,0.0883,100645.5
2026-07-17 06:45:00,0.0882,0.0882,0.0881,0.0882,63405.9
2026-07-17 06:50:00,0.0882,0.0882,0.088,0.0882,68752.3
2026-07-17 06:55:00,0.0882,0.0883,0.0881,0.0882,60334.5
2026-07-17 07:00:00,0.0882,0.0884,0.0882,0.0883,105137.0
2026-07-17 07:05:00,0.0884,0.0887,0.0884,0.0885,181156.2
2026-07-17 07:10:00,0.0885,0.0887,0.0884,0.0886,105511.0
2026-07-17 07:15:00,0.0886,0.0886,0.0883,0.0884,36824.2
2026-07-17 07:20:00,0.0883,0.0888,0.0882,0.0883,588196.9
2026-07-17 07:25:00,0.0884,0.0884,0.0883,0.0884,158270.6
2026-07-17 07:30:00,0.0884,0.0885,0.0882,0.0882,80217.2
2026-07-17 07:35:00,0.0881,0.0883,0.0881,0.0882,49065.8
2026-07-17 07:40:00,0.0883,0.0886,0.0882,0.0886,113363.4
2026-07-17 07:45:00,0.0885,0.0886,0.0883,0.0885,88023.5
2026-07-17 07:50:00,0.0883,0.0885,0.0883,0.0884,113002.7
2026-07-17 07:55:00,0.0884,0.0885,0.0884,0.0884,380280.7
2026-07-17 08:00:00,0.0883,0.0884,0.0883,0.0884,51848.4
2026-07-17 08:05:00,0.0884,0.0885,0.0883,0.0885,69644.7
2026-07-17 08:10:00,0.0885,0.0885,0.0884,0.0885,35140.1
2026-07-17 08:15:00,0.0885,0.0886,0.088,0.0881,183453.5
2026-07-17 08:20:00,0.0881,0.0883,0.088,0.0883,48440.7
2026-07-17 08:25:00,0.0882,0.0884,0.0882,0.0884,56506.0
2026-07-17 08:30:00,0.0883,0.0883,0.088,0.088,125625.6
2026-07-17 08:35:00,0.088,0.088,0.0878,0.0878,358125.5
2026-07-17 08:40:00,0.0879,0.0885,0.0879,0.0885,167402.4
2026-07-17 08:45:00,0.0885,0.0891,0.0885,0.0889,330533.1
2026-07-17 08:50:00,0.0889,0.0897,0.0889,0.0896,212272.0
2026-07-17 08:55:00,0.0896,0.0897,0.0894,0.0894,144016.1
2026-07-17 09:00:00,0.0894,0.0897,0.0894,0.0896,124721.8
2026-07-17 09:05:00,0.0896,0.09,0.0895,0.0899,355507.4
2026-07-17 09:10:00,0.09,0.09,0.0894,0.0897,232350.1
2026-07-17 09:15:00,0.0896,0.09,0.0896,0.09,170984.4
2026-07-17 09:20:00,0.09,0.0904,0.0899,0.0904,297303.0
2026-07-17 09:25:00,0.0904,0.0904,0.0902,0.0903,306831.4
2026-07-17 09:30:00,0.0902,0.0902,0.0896,0.0899,429711.0
2026-07-17 09:35:00,0.0899,0.0902,0.0897,0.0902,379254.7
2026-07-17 09:40:00,0.0902,0.0904,0.09,0.0901,421877.6
2026-07-17 09:45:00,0.0901,0.0904,0.0901,0.0902,328054.3
2026-07-17 09:50:00,0.0902,0.0906,0.0902,0.0903,399003.5
2026-07-17 09:55:00,0.0904,0.0906,0.0903,0.0903,293841.7
2026-07-17 10:00:00,0.0903,0.0906,0.0902,0.0904,367333.7
2026-07-17 10:05:00,0.0904,0.0907,0.0904,0.0905,344763.5
2026-07-17 10:10:00,0.0906,0.0906,0.0903,0.0904,77334.9
2026-07-17 10:15:00,0.0905,0.0905,0.0901,0.0902,246836.5
2026-07-17 10:20:00,0.0902,0.0904,0.0901,0.0902,378346.5
2026-07-17 10:25:00,0.0902,0.0904,0.0901,0.0904,269696.5
2026-07-17 10:30:00,0.0904,0.0905,0.0903,0.0904,154864.7
2026-07-17 10:35:00,0.0904,0.0909,0.0904,0.0908,366344.5
2026-07-17 10:40:00,0.0907,0.0907,0.0903,0.0903,130580.8
2026-07-17 10:45:00,0.0904,0.0905,0.0903,0.0903,232062.6
2026-07-17 10:50:00,0.0903,0.0905,0.0903,0.0905,51866.8
2026-07-17 10:55:00,0.0905,0.0907,0.0903,0.0904,247256.7
2026-07-17 11:00:00,0.0904,0.0907,0.0904,0.0905,267596.0
2026-07-17 11:05:00,0.0905,0.0907,0.0904,0.0905,48194.5
2026-07-17 11:10:00,0.0905,0.0907,0.0904,0.0904,139898.1
2026-07-17 11:15:00,0.0903,0.0903,0.0901,0.0903,207856.7
2026-07-17 11:20:00,0.0903,0.0905,0.0902,0.0902,274318.9
2026-07-17 11:25:00,0.0902,0.0902,0.0898,0.0898,385960.9
2026-07-17 11:30:00,0.0898,0.0898,0.0896,0.0898,81067.9
2026-07-17 11:35:00,0.0897,0.09,0.0897,0.0899,236910.6
2026-07-17 11:40:00,0.0899,0.0899,0.0897,0.0897,246766.4
2026-07-17 11:45:00,0.0898,0.0898,0.0896,0.0897,67360.0
2026-07-17 11:50:00,0.0898,0.0898,0.0894,0.0895,208888.4
2026-07-17 11:55:00,0.0895,0.0895,0.0894,0.0895,57848.7
2026-07-17 12:00:00,0.0894,0.0894,0.0891,0.0892,125016.2
2026-07-17 12:05:00,0.0892,0.0893,0.0891,0.0891,258815.4
2026-07-17 12:10:00,0.0892,0.0892,0.0889,0.089,308515.9
2026-07-17 12:15:00,0.089,0.0891,0.0889,0.0889,52748.2
2026-07-17 12:20:00,0.0889,0.0891,0.0888,0.0891,27706.5
2026-07-17 12:25:00,0.089,0.089,0.0888,0.089,56250.1
2026-07-17 12:30:00,0.089,0.089,0.0888,0.0889,157147.0
2026-07-17 12:35:00,0.0888,0.089,0.0888,0.0889,92073.9
2026-07-17 12:40:00,0.0888,0.0888,0.0884,0.0886,258685.2
2026-07-17 12:45:00,0.0886,0.0888,0.0884,0.0884,60961.5
2026-07-17 12:50:00,0.0885,0.0887,0.0884,0.0887,32956.4
2026-07-17 12:55:00,0.0886,0.0888,0.0885,0.0885,176129.6
2026-07-17 13:00:00,0.0886,0.0886,0.0884,0.0884,77697.9
2026-07-17 13:05:00,0.0884,0.0884,0.0874,0.0878,1007662.4
2026-07-17 13:10:00,0.0878,0.0878,0.0874,0.0877,374433.1
2026-07-17 13:15:00,0.0878,0.0879,0.0877,0.0877,112156.7
2026-07-17 13:20:00,0.0877,0.0879,0.0876,0.0876,32544.1
2026-07-17 13:25:00,0.0877,0.0878,0.0876,0.0877,337379.5
2026-07-17 13:30:00,0.0877,0.0878,0.0874,0.0875,229086.3
2026-07-17 13:35:00,0.0875,0.0878,0.0874,0.0875,792867.8
2026-07-17 13:40:00,0.0876,0.0876,0.0871,0.0873,698409.9
2026-07-17 13:45:00,0.0873,0.0878,0.0872,0.0878,212625.8
2026-07-17 13:50:00,0.0878,0.0882,0.0878,0.0882,208989.3
2026-07-17 13:55:00,0.0882,0.0886,0.0882,0.0886,114240.6
2026-07-17 14:00:00,0.0887,0.089,0.0885,0.0887,86869.9
2026-07-17 14:05:00,0.0887,0.089,0.0887,0.089,99169.0
2026-07-17 14:10:00,0.0889,0.089,0.0885,0.0886,319983.0
2026-07-17 14:15:00,0.0886,0.0888,0.0885,0.0885,145176.6
2026-07-17 14:20:00,0.0886,0.0886,0.0883,0.0884,64970.4
2026-07-17 14:25:00,0.0886,0.0886,0.0882,0.0883,74108.6
2026-07-17 14:30:00,0.0882,0.0883,0.0881,0.0882,112291.9
2026-07-17 14:35:00,0.0882,0.0885,0.0882,0.0884,133493.1
2026-07-17 14:40:00,0.0884,0.0884,0.0881,0.0882,52235.6
2026-07-17 14:45:00,0.0882,0.0883,0.0881,0.0882,132884.1
2026-07-17 14:50:00,0.0882,0.0883,0.0881,0.0883,180636.9
2026-07-17 14:55:00,0.0883,0.0884,0.0882,0.0883,123730.4
2026-07-17 15:00:00,0.0883,0.0883,0.0878,0.0879,134809.8
2026-07-17 15:05:00,0.088,0.088,0.0876,0.0877,92255.9
2026-07-17 15:10:00,0.0878,0.0878,0.0875,0.0875,110982.9
2026-07-17 15:15:00,0.0875,0.0877,0.0874,0.0875,375430.3
2026-07-17 15:20:00,0.0875,0.0878,0.0874,0.0876,231127.4
2026-07-17 15:25:00,0.0877,0.0878,0.0876,0.0877,107296.9
2026-07-17 15:30:00,0.0877,0.0879,0.0873,0.0878,1444504.8
2026-07-17 15:35:00,0.0877,0.0883,0.0877,0.0882,193654.0
2026-07-17 15:40:00,0.0883,0.0883,0.088,0.0881,124154.7
2026-07-17 15:45:00,0.0881,0.0882,0.088,0.0882,41597.0
2026-07-17 15:50:00,0.0882,0.0884,0.0881,0.0884,105757.6
2026-07-17 15:55:00,0.0884,0.0886,0.0884,0.0886,20137.4
2026-07-17 16:00:00,0.0885,0.0886,0.0882,0.0884,683766.5
2026-07-17 16:05:00,0.0885,0.0887,0.0885,0.0887,357449.9
2026-07-17 16:10:00,0.0888,0.0891,0.0887,0.089,64432.3
2026-07-17 16:15:00,0.089,0.0895,0.0889,0.0894,377488.7
2026-07-17 16:20:00,0.0895,0.0899,0.0895,0.0897,279783.0
2026-07-17 16:25:00,0.0897,0.0898,0.0895,0.0897,139833.0
2026-07-17 16:30:00,0.0897,0.0898,0.0895,0.0895,180223.3
2026-07-17 16:35:00,0.0896,0.0898,0.0894,0.0894,313473.0
2026-07-17 16:40:00,0.0895,0.0899,0.0893,0.0898,280216.5
2026-07-17 16:45:00,0.0898,0.0901,0.0898,0.09,214376.0
2026-07-17 16:50:00,0.09,0.0901,0.0898,0.0899,283062.5
2026-07-17 16:55:00,0.0899,0.0899,0.0893,0.0893,252851.6
2026-07-17 17:00:00,0.0893,0.0896,0.0892,0.0896,197514.1
2026-07-17 17:05:00,0.0895,0.0901,0.0895,0.0901,430256.9
2026-07-17 17:10:00,0.0901,0.0903,0.0897,0.0899,508801.9
2026-07-17 17:15:00,0.0898,0.09,0.0896,0.0897,66171.2
2026-07-17 17:20:00,0.0896,0.0898,0.0895,0.0898,99154.9
2026-07-17 17:25:00,0.0898,0.09,0.0898,0.09,131368.9
2026-07-17 17:30:00,0.0899,0.09,0.0898,0.0898,10470.5
2026-07-17 17:35:00,0.0898,0.0898,0.0897,0.0897,219790.8
2026-07-17 17:40:00,0.0897,0.0897,0.0894,0.0897,249957.5
2026-07-17 17:45:00,0.0897,0.0898,0.0895,0.0898,155297.5
2026-07-17 17:50:00,0.0898,0.0898,0.0893,0.0895,394234.3
2026-07-17 17:55:00,0.0894,0.0895,0.0894,0.0895,36831.7
2026-07-17 18:00:00,0.0894,0.0894,0.0892,0.0893,92522.1
2026-07-17 18:05:00,0.0893,0.0893,0.0891,0.0891,181810.9
2026-07-17 18:10:00,0.0892,0.0893,0.0891,0.0892,71636.1
2026-07-17 18:15:00,0.0892,0.0893,0.0891,0.0892,123308.2
2026-07-17 18:20:00,0.0892,0.0892,0.0891,0.0891,49111.4
2026-07-17 18:25:00,0.0892,0.0894,0.0891,0.0894,100953.2
2026-07-17 18:30:00,0.0894,0.0895,0.0892,0.0894,118569.8
2026-07-17 18:35:00,0.0894,0.0895,0.0894,0.0895,26905.8
2026-07-17 18:40:00,0.0895,0.0895,0.0894,0.0894,32402.4
2026-07-17 18:45:00,0.0895,0.0899,0.0895,0.0898,111803.9
2026-07-17 18:50:00,0.0897,0.09,0.0897,0.0899,103124.5
2026-07-17 18:55:00,0.09,0.09,0.0897,0.0897,254440.9
2026-07-17 19:00:00,0.0897,0.0897,0.0895,0.0897,58883.7
2026-07-17 19:05:00,0.0896,0.0897,0.0894,0.0894,35312.5
2026-07-17 19:10:00,0.0894,0.0895,0.0892,0.0892,80186.2
2026-07-17 19:15:00,0.0892,0.0893,0.0891,0.0892,94668.3
2026-07-17 19:20:00,0.0892,0.0892,0.0892,0.0892,11021.8
2026-07-17 19:25:00,0.0892,0.0896,0.0892,0.0895,12275.6
2026-07-17 19:30:00,0.0895,0.0896,0.0893,0.0894,231805.2
2026-07-17 19:35:00,0.0893,0.0896,0.0893,0.0895,52387.3
2026-07-17 19:40:00,0.0895,0.0898,0.0895,0.0898,138147.7
2026-07-17 19:45:00,0.0898,0.09,0.0898,0.0899,150960.7
2026-07-17 19:50:00,0.09,0.09,0.0897,0.0898,99587.4
2026-07-17 19:55:00,0.0899,0.0899,0.0897,0.0897,133860.8
2026-07-17 20:00:00,0.0897,0.0897,0.0895,0.0895,122106.3
2026-07-17 20:05:00,0.0896,0.0898,0.0896,0.0898,36335.1
2026-07-17 20:10:00,0.0897,0.0901,0.0897,0.0899,137698.8
2026-07-17 20:15:00,0.0898,0.0898,0.0897,0.0898,91719.4
2026-07-17 20:20:00,0.0898,0.0899,0.0898,0.0898,28866.3
2026-07-17 20:25:00,0.0898,0.0898,0.0897,0.0898,154503.8
2026-07-17 20:30:00,0.0898,0.0899,0.0897,0.0899,68370.1
2026-07-17 20:35:00,0.09,0.09,0.09,0.09,73.4
2026-07-17 20:40:00,0.0899,0.09,0.0899,0.0899,25487.4
2026-07-17 20:45:00,0.09,0.0901,0.0899,0.0899,31027.8
2026-07-17 20:50:00,0.0898,0.0898,0.0896,0.0898,450371.1
2026-07-17 20:55:00,0.0899,0.09,0.0899,0.09,173894.5
2026-07-17 21:00:00,0.09,0.0908,0.0899,0.0906,757275.6
2026-07-17 21:05:00,0.0906,0.0907,0.0903,0.0903,362569.4
2026-07-17 21:10:00,0.0904,0.0907,0.0903,0.0905,363392.7
2026-07-17 21:15:00,0.0905,0.0906,0.0904,0.0905,536815.1
2026-07-17 21:20:00,0.0905,0.0906,0.0903,0.0904,911360.3
2026-07-17 21:25:00,0.0904,0.0905,0.0902,0.0903,772419.4
2026-07-17 21:30:00,0.0903,0.0903,0.09,0.0901,405794.9
2026-07-17 21:35:00,0.0901,0.0902,0.0901,0.0901,47400.8
2026-07-17 21:40:00,0.0901,0.0902,0.0901,0.0901,19474.3
2026-07-17 21:45:00,0.0901,0.0904,0.0901,0.0904,202460.0
2026-07-17 21:50:00,0.0904,0.0907,0.0904,0.0905,82948.3
2026-07-17 21:55:00,0.0906,0.0906,0.0905,0.0905,170761.5
2026-07-17 22:00:00,0.0905,0.0907,0.0904,0.0905,110157.6
2026-07-17 22:05:00,0.0905,0.0905,0.0904,0.0905,121330.5
2026-07-17 22:10:00,0.0905,0.0911,0.0905,0.0908,808115.4
2026-07-17 22:15:00,0.0908,0.091,0.0906,0.0907,118686.3
2026-07-17 22:20:00,0.0906,0.0906,0.0905,0.0905,32729.6
2026-07-17 22:25:00,0.0905,0.0905,0.0901,0.0902,185056.8
2026-07-17 22:30:00,0.0902,0.0906,0.0901,0.0905,556133.3
2026-07-17 22:35:00,0.0904,0.0904,0.0903,0.0904,184345.8
2026-07-17 22:40:00,0.0904,0.0905,0.0904,0.0905,74170.2
2026-07-17 22:45:00,0.0905,0.0907,0.0905,0.0907,17815.7
2026-07-17 22:50:00,0.0906,0.0906,0.0905,0.0905,46058.1
2026-07-17 22:55:00,0.0904,0.0904,0.0904,0.0904,3797.2
2026-07-17 23:00:00,0.0905,0.0906,0.0902,0.0902,135047.7
2026-07-17 23:05:00,0.0902,0.0902,0.0901,0.0902,25786.4
2026-07-17 23:10:00,0.0901,0.0902,0.09,0.0901,328255.7
2026-07-17 23:15:00,0.0901,0.0907,0.0901,0.0907,148936.9
2026-07-17 23:20:00,0.0907,0.0909,0.0907,0.0908,184360.5
2026-07-17 23:25:00,0.0908,0.0914,0.0907,0.0912,739763.7
2026-07-17 23:30:00,0.0913,0.0913,0.0911,0.0911,433369.0
2026-07-17 23:35:00,0.0911,0.0911,0.0909,0.0909,88354.3
2026-07-17 23:40:00,0.0909,0.0909,0.0906,0.0906,93443.8
2026-07-17 23:45:00,0.0906,0.0907,0.0905,0.0905,73311.3
2026-07-17 23:50:00,0.0904,0.0906,0.0904,0.0905,112071.9
2026-07-17 23:55:00,0.0905,0.0909,0.0904,0.0906,566037.6
2026-07-18 00:00:00,0.0906,0.0907,0.0904,0.0905,186727.0
2026-07-18 00:05:00,0.0905,0.091,0.0904,0.091,334251.0
2026-07-18 00:10:00,0.091,0.0911,0.0908,0.091,237508.3
2026-07-18 00:15:00,0.091,0.0911,0.0908,0.0909,128466.6
2026-07-18 00:20:00,0.0909,0.0909,0.0906,0.0906,187678.4
2026-07-18 00:25:00,0.0906,0.091,0.0906,0.0909,630593.8
2026-07-18 00:30:00,0.0909,0.0911,0.0908,0.0908,349500.5
2026-07-18 00:35:00,0.0909,0.091,0.0908,0.0908,232392.9
2026-07-18 00:40:00,0.0908,0.091,0.0907,0.091,210650.1
2026-07-18 00:45:00,0.0911,0.0914,0.0911,0.0912,613899.0
2026-07-18 00:50:00,0.0913,0.0913,0.0908,0.0909,145449.7
2026-07-18 00:55:00,0.0908,0.0909,0.0908,0.0909,75106.7
2026-07-18 01:00:00,0.0909,0.0911,0.0908,0.091,168308.0
2026-07-18 01:05:00,0.091,0.0914,0.091,0.0913,127513.4
2026-07-18 01:10:00,0.0913,0.092,0.0912,0.0919,477799.0
2026-07-18 01:15:00,0.092,0.0922,0.0919,0.0922,84036.3
2026-07-18 01:20:00,0.0922,0.0926,0.0921,0.0926,610927.0
2026-07-18 01:25:00,0.0926,0.0927,0.0922,0.0923,248404.8
2026-07-18 01:30:00,0.0923,0.0924,0.092,0.0921,258632.1
2026-07-18 01:35:00,0.0921,0.0926,0.0921,0.0924,417176.5
2026-07-18 01:40:00,0.0924,0.0928,0.0923,0.0924,525583.0
2026-07-18 01:45:00,0.0924,0.0926,0.0922,0.0926,879567.7
2026-07-18 01:50:00,0.0926,0.0928,0.0923,0.0923,432118.3
2026-07-18 01:55:00,0.0924,0.0924,0.0917,0.0918,258022.3
2026-07-18 02:00:00,0.0918,0.0919,0.0916,0.0918,176015.8
2026-07-18 02:05:00,0.0918,0.092,0.0916,0.092,449726.5
2026-07-18 02:10:00,0.0919,0.0919,0.0914,0.0916,601488.1
2026-07-18 02:15:00,0.0916,0.0918,0.0913,0.0915,190471.8
2026-07-18 02:20:00,0.0914,0.0914,0.091,0.091,105455.9
2026-07-18 02:25:00,0.0912,0.0912,0.0909,0.091,93799.4
2026-07-18 02:30:00,0.091,0.0912,0.0909,0.0912,328759.2
2026-07-18 02:35:00,0.0911,0.0912,0.0909,0.091,116141.8
2026-07-18 02:40:00,0.0911,0.0911,0.091,0.091,97820.5
2026-07-18 02:45:00,0.091,0.091,0.0907,0.0907,305577.0
2026-07-18 02:50:00,0.0908,0.0908,0.0906,0.0906,450882.9
2026-07-18 02:55:00,0.0905,0.0906,0.0903,0.0905,111834.8
2026-07-18 03:00:00,0.0905,0.0906,0.0904,0.0905,153514.0
2026-07-18 03:05:00,0.0904,0.0906,0.0904,0.0906,38365.7
2026-07-18 03:10:00,0.0905,0.0905,0.0905,0.0905,15684.4
2026-07-18 03:15:00,0.0905,0.0907,0.0905,0.0906,3263.3
2026-07-18 03:20:00,0.0906,0.0906,0.0904,0.0904,51002.2
2026-07-18 03:25:00,0.0905,0.0905,0.0904,0.0904,1380.1
2026-07-18 03:30:00,0.0904,0.0904,0.0901,0.0902,161143.3
2026-07-18 03:35:00,0.0902,0.0903,0.0901,0.0903,83602.7
2026-07-18 03:40:00,0.0904,0.0905,0.0904,0.0904,40543.1
2026-07-18 03:45:00,0.0903,0.0904,0.0902,0.0903,168046.5
2026-07-18 03:50:00,0.0903,0.0906,0.0902,0.0904,1026772.7
2026-07-18 03:55:00,0.0905,0.0907,0.0905,0.0905,320435.0
2026-07-18 04:00:00,0.0906,0.0906,0.0903,0.0903,370244.3
2026-07-18 04:05:00,0.0902,0.0903,0.0902,0.0903,11818.1
2026-07-18 04:10:00,0.0903,0.0904,0.0903,0.0903,18462.0
2026-07-18 04:15:00,0.0903,0.0903,0.0901,0.0901,183363.5
2026-07-18 04:20:00,0.0901,0.0902,0.09,0.09,337599.7
2026-07-18 04:25:00,0.0901,0.0902,0.0899,0.0899,142932.0
2026-07-18 04:30:00,0.09,0.0901,0.0899,0.09,328584.3
2026-07-18 04:35:00,0.0899,0.0899,0.0897,0.0897,158942.5
2026-07-18 04:40:00,0.0898,0.0898,0.0898,0.0898,12330.2
2026-07-18 04:45:00,0.0897,0.0899,0.0897,0.0898,31992.9
2026-07-18 04:50:00,0.0898,0.0901,0.0898,0.0901,180078.4
2026-07-18 04:55:00,0.0901,0.0901,0.0899,0.0899,56458.8
2026-07-18 05:00:00,0.09,0.09,0.0899,0.0899,79373.5
2026-07-18 05:05:00,0.09,0.0905,0.09,0.0902,762779.9
2026-07-18 05:10:00,0.0902,0.0902,0.0901,0.0902,134218.6
2026-07-18 05:15:00,0.0902,0.0902,0.0901,0.0902,138908.6
2026-07-18 05:20:00,0.0902,0.0902,0.09,0.09,127474.9
2026-07-18 05:25:00,0.0901,0.0902,0.0899,0.09,326032.7
2026-07-18 05:30:00,0.09,0.09,0.0899,0.0899,76258.9
2026-07-18 05:35:00,0.09,0.09,0.0897,0.0897,155300.5
2026-07-18 05:40:00,0.0898,0.09,0.0896,0.0899,382137.5
2026-07-18 05:45:00,0.0899,0.0903,0.0899,0.09,160747.0
2026-07-18 05:50:00,0.09,0.09,0.0899,0.0899,103518.4
2026-07-18 05:55:00,0.0898,0.0899,0.0897,0.0899,80762.2
2026-07-18 06:00:00,0.0898,0.0899,0.0897,0.0898,62769.9
2026-07-18 06:05:00,0.0898,0.09,0.0898,0.0899,77986.1
2026-07-18 06:10:00,0.0898,0.09,0.0898,0.09,21549.5
2026-07-18 06:15:00,0.0899,0.0902,0.0899,0.0901,23429.1
2026-07-18 06:20:00,0.0901,0.0902,0.0901,0.0901,160921.5
2026-07-18 06:25:00,0.09,0.0902,0.09,0.0901,84171.7
2026-07-18 06:30:00,0.0901,0.0901,0.0899,0.0899,91404.2
2026-07-18 06:35:00,0.0899,0.0901,0.0899,0.0901,114249.1
2026-07-18 06:40:00,0.0901,0.0904,0.0901,0.0904,157314.7
2026-07-18 06:45:00,0.0904,0.0905,0.0904,0.0904,115902.7
2026-07-18 06:50:00,0.0904,0.0904,0.0903,0.0903,18360.3
2026-07-18 06:55:00,0.0904,0.0909,0.0904,0.0906,373007.7
2026-07-18 07:00:00,0.0906,0.0906,0.0902,0.0902,200372.0
2026-07-18 07:05:00,0.0902,0.0903,0.09,0.09,213657.8
2026-07-18 07:10:00,0.09,0.0901,0.0899,0.0899,35827.9
2026-07-18 07:15:00,0.09,0.09,0.0899,0.0899,24072.6
2026-07-18 07:20:00,0.09,0.09,0.0899,0.09,5400.4
2026-07-18 07:25:00,0.0901,0.0901,0.0899,0.0899,98821.4
2026-07-18 07:30:00,0.0899,0.09,0.0899,0.0899,77811.6
2026-07-18 07:35:00,0.0899,0.0901,0.0899,0.09,20460.3
2026-07-18 07:40:00,0.09,0.09,0.0899,0.09,6126.9
2026-07-18 07:45:00,0.0901,0.0901,0.0899,0.0899,48401.8
2026-07-18 07:50:00,0.0899,0.0899,0.0898,0.0898,124277.1
2026-07-18 07:55:00,0.0898,0.09,0.0898,0.09,84294.3
2026-07-18 08:00:00,0.09,0.0901,0.09,0.09,19615.9
2026-07-18 08:05:00,0.09,0.0901,0.09,0.09,195067.9
2026-07-18 08:10:00,0.09,0.09,0.0898,0.0899,105649.0
2026-07-18 08:15:00,0.0898,0.09,0.0898,0.09,13540.9
2026-07-18 08:20:00,0.09,0.09,0.0899,0.09,17542.8
2026-07-18 08:25:00,0.0899,0.09,0.0899,0.0899,49384.6
2026-07-18 08:30:00,0.09,0.09,0.0899,0.0899,3635.8
2026-07-18 08:35:00,0.0899,0.0899,0.0898,0.0899,23778.9
2026-07-18 08:40:00,0.0898,0.0899,0.0898,0.0899,74618.5
2026-07-18 08:45:00,0.0899,0.0901,0.0899,0.0901,59640.5
2026-07-18 08:50:00,0.0901,0.0904,0.0901,0.0901,274245.7
2026-07-18 08:55:00,0.09,0.0901,0.09,0.09,69630.9
2026-07-18 09:00:00,0.0899,0.09,0.0898,0.0899,135033.7
2026-07-18 09:05:00,0.0899,0.0899,0.0895,0.0896,172037.0
2026-07-18 09:10:00,0.0896,0.0898,0.0896,0.0897,209739.6
2026-07-18 09:15:00,0.0897,0.0897,0.0896,0.0896,56416.4
2026-07-18 09:20:00,0.0896,0.0896,0.0892,0.0893,248058.2
2026-07-18 09:25:00,0.0893,0.0894,0.0892,0.0892,1548087.6
2026-07-18 09:30:00,0.0891,0.0893,0.0891,0.0893,52667.9
2026-07-18 09:35:00,0.0893,0.0894,0.0893,0.0893,68237.3
2026-07-18 09:40:00,0.0893,0.0893,0.0893,0.0893,94316.7
2026-07-18 09:45:00,0.0893,0.0894,0.0892,0.0894,49836.3
2026-07-18 09:50:00,0.0894,0.0894,0.0894,0.0894,48826.7
2026-07-18 09:55:00,0.0894,0.0897,0.0893,0.0897,46617.0
2026-07-18 10:00:00,0.0897,0.0898,0.0897,0.0898,116180.7
2026-07-18 10:05:00,0.0897,0.0904,0.0897,0.0904,374264.0
2026-07-18 10:10:00,0.0904,0.0906,0.0903,0.0906,260102.8
2026-07-18 10:15:00,0.0906,0.0908,0.0904,0.0904,116491.2
2026-07-18 10:20:00,0.0903,0.0905,0.0902,0.0905,296934.1
2026-07-18 10:25:00,0.0905,0.0908,0.0904,0.0905,239274.9
2026-07-18 10:30:00,0.0904,0.0906,0.0904,0.0904,159710.0
2026-07-18 10:35:00,0.0904,0.0904,0.0903,0.0904,48283.4
2026-07-18 10:40:00,0.0905,0.0905,0.0902,0.0903,274445.7
2026-07-18 10:45:00,0.0904,0.0904,0.0903,0.0904,108306.5
2026-07-18 10:50:00,0.0904,0.0905,0.0903,0.0905,80725.5
2026-07-18 10:55:00,0.0906,0.0906,0.0903,0.0904,457782.0
2026-07-18 11:00:00,0.0904,0.0904,0.0901,0.0901,176420.3
2026-07-18 11:05:00,0.0902,0.0903,0.0899,0.0899,38932.2
2026-07-18 11:10:00,0.09,0.09,0.0899,0.0899,106100.9
2026-07-18 11:15:00,0.0898,0.0899,0.0898,0.0898,98861.0
2026-07-18 11:20:00,0.0898,0.0899,0.0897,0.0899,6728.4
2026-07-18 11:25:00,0.0897,0.0898,0.0897,0.0898,42957.1
2026-07-18 11:30:00,0.0898,0.0899,0.0897,0.0897,62281.2
2026-07-18 11:35:00,0.0897,0.0898,0.0896,0.0897,210169.4
2026-07-18 11:40:00,0.0897,0.0903,0.0897,0.0901,618888.5
2026-07-18 11:45:00,0.0901,0.0905,0.0901,0.0903,1017850.9
2026-07-18 11:50:00,0.0903,0.0903,0.0902,0.0903,243140.3
2026-07-18 11:55:00,0.0902,0.0902,0.09,0.0901,91372.0
2026-07-18 12:00:00,0.0901,0.0903,0.0901,0.0901,110405.5
2026-07-18 12:05:00,0.0901,0.0903,0.0901,0.0901,84662.4
2026-07-18 12:10:00,0.0901,0.0902,0.0901,0.0902,38946.6
2026-07-18 12:15:00,0.0902,0.0902,0.0898,0.09,148944.8
2026-07-18 12:20:00,0.0901,0.0901,0.0898,0.0899,35885.3
2026-07-18 12:25:00,0.0899,0.0899,0.0896,0.0896,233960.4
2026-07-18 12:30:00,0.0896,0.09,0.0896,0.09,233325.6
2026-07-18 12:35:00,0.09,0.09,0.0897,0.0899,595161.6
2026-07-18 12:40:00,0.09,0.0901,0.0899,0.0901,95458.9
2026-07-18 12:45:00,0.09,0.0903,0.0899,0.0902,131925.5
2026-07-18 12:50:00,0.0901,0.0903,0.0901,0.0901,110707.3
2026-07-18 12:55:00,0.0901,0.0901,0.09,0.0901,31735.8
2026-07-18 13:00:00,0.09,0.0901,0.0898,0.09,239008.2
2026-07-18 13:05:00,0.09,0.09,0.0899,0.0899,264477.6
2026-07-18 13:10:00,0.0898,0.0899,0.0897,0.0897,67584.4
2026-07-18 13:15:00,0.0898,0.0903,0.0897,0.0899,777740.7
2026-07-18 13:20:00,0.0898,0.09,0.0897,0.09,69931.2
2026-07-18 13:25:00,0.0899,0.0901,0.0899,0.0901,44019.8
2026-07-18 13:30:00,0.0901,0.0903,0.09,0.09,135187.6
2026-07-18 13:35:00,0.0899,0.0902,0.0898,0.09,216709.4
2026-07-18 13:40:00,0.0901,0.0902,0.0901,0.0901,203959.0
2026-07-18 13:45:00,0.0901,0.0902,0.09,0.09,27277.0
2026-07-18 13:50:00,0.09,0.0901,0.09,0.0901,4851.5
2026-07-18 13:55:00,0.09,0.0901,0.0898,0.09,99689.3
2026-07-18 14:00:00,0.0901,0.0901,0.0896,0.0896,259463.4
2026-07-18 14:05:00,0.0896,0.0899,0.0894,0.0898,242278.7
2026-07-18 14:10:00,0.0898,0.09,0.0898,0.09,133964.6
2026-07-18 14:15:00,0.09,0.09,0.0899,0.0899,5776.1
2026-07-18 14:20:00,0.0899,0.09,0.0899,0.0899,114124.0
2026-07-18 14:25:00,0.0899,0.0899,0.0897,0.0898,236601.7
2026-07-18 14:30:00,0.0899,0.09,0.0898,0.0899,213897.1
2026-07-18 14:35:00,0.09,0.09,0.0897,0.0898,94309.4
2026-07-18 14:40:00,0.0899,0.0899,0.0898,0.0899,123974.0
2026-07-18 14:45:00,0.0898,0.09,0.0898,0.09,154367.6
2026-07-18 14:50:00,0.0899,0.0901,0.0899,0.0899,189428.1
2026-07-18 14:55:00,0.0899,0.0899,0.0897,0.0899,130250.4
2026-07-18 15:00:00,0.0899,0.09,0.0898,0.0899,145332.7
2026-07-18 15:05:00,0.09,0.0901,0.0899,0.0901,163707.4
2026-07-18 15:10:00,0.09,0.09,0.0898,0.0898,61515.4
2026-07-18 15:15:00,0.0898,0.0898,0.0887,0.0888,1227826.8
2026-07-18 15:20:00,0.0889,0.089,0.0887,0.0888,220888.1
2026-07-18 15:25:00,0.0888,0.0888,0.0885,0.0886,183618.5
2026-07-18 15:30:00,0.0886,0.0887,0.0884,0.0885,377126.3
2026-07-18 15:35:00,0.0885,0.0885,0.0883,0.0883,610234.1
2026-07-18 15:40:00,0.0883,0.0885,0.0882,0.0884,188163.2
2026-07-18 15:45:00,0.0883,0.0886,0.0883,0.0886,304696.0
2026-07-18 15:50:00,0.0885,0.0887,0.0885,0.0886,867038.8
2026-07-18 15:55:00,0.0886,0.0886,0.0885,0.0886,62667.8
2026-07-18 16:00:00,0.0886,0.089,0.0885,0.0885,616371.1
2026-07-18 16:05:00,0.0885,0.0886,0.0883,0.0885,269279.4
2026-07-18 16:10:00,0.0885,0.0885,0.0883,0.0883,293792.8
2026-07-18 16:15:00,0.0882,0.0884,0.0882,0.0883,196021.0
2026-07-18 16:20:00,0.0883,0.0883,0.0881,0.0881,63092.1
2026-07-18 16:25:00,0.0882,0.0885,0.0881,0.0884,750444.8
2026-07-18 16:30:00,0.0884,0.0887,0.0884,0.0886,277038.9
2026-07-18 16:35:00,0.0886,0.0887,0.0884,0.0884,242445.9
2026-07-18 16:40:00,0.0884,0.0885,0.0883,0.0884,190767.5
2026-07-18 16:45:00,0.0884,0.0885,0.0882,0.0883,129212.1
2026-07-18 16:50:00,0.0882,0.0885,0.0879,0.0885,1028651.2
2026-07-18 16:55:00,0.0884,0.0884,0.0881,0.0882,171352.7
2026-07-18 17:00:00,0.0882,0.0883,0.0882,0.0883,47117.2
2026-07-18 17:05:00,0.0883,0.0883,0.0883,0.0883,1820.0
2026-07-18 17:10:00,0.0884,0.0885,0.0884,0.0884,13126.6
2026-07-18 17:15:00,0.0884,0.0884,0.0883,0.0884,146354.2
2026-07-18 17:20:00,0.0885,0.0885,0.0883,0.0884,147438.9
2026-07-18 17:25:00,0.0884,0.0884,0.0883,0.0883,80128.7
2026-07-18 17:30:00,0.0883,0.0885,0.0883,0.0884,83811.3
2026-07-18 17:35:00,0.0884,0.0885,0.0884,0.0885,62553.3
2026-07-18 17:40:00,0.0886,0.0888,0.0886,0.0886,321292.3
2026-07-18 17:45:00,0.0886,0.0888,0.0886,0.0887,69624.0
2026-07-18 17:50:00,0.0887,0.0887,0.0886,0.0887,16963.3
2026-07-18 17:55:00,0.0886,0.0886,0.0885,0.0886,69506.3
2026-07-18 18:00:00,0.0885,0.0885,0.0883,0.0885,387150.9
2026-07-18 18:05:00,0.0884,0.0886,0.0884,0.0886,75869.5
2026-07-18 18:10:00,0.0886,0.0886,0.0884,0.0884,8627.3
2026-07-18 18:15:00,0.0884,0.0885,0.0884,0.0885,59639.6
2026-07-18 18:20:00,0.0885,0.0887,0.0884,0.0887,54963.8
2026-07-18 18:25:00,0.0887,0.089,0.0886,0.0886,457487.7
2026-07-18 18:30:00,0.0885,0.0885,0.0884,0.0885,62772.9
2026-07-18 18:35:00,0.0884,0.0885,0.0883,0.0883,167777.3
2026-07-18 18:40:00,0.0883,0.0884,0.0882,0.0882,34729.3
2026-07-18 18:45:00,0.0883,0.0883,0.0881,0.0881,53533.9
2026-07-18 18:50:00,0.0881,0.0882,0.0881,0.0881,37396.5
2026-07-18 18:55:00,0.088,0.0882,0.088,0.0882,116570.3
2026-07-18 19:00:00,0.0882,0.0882,0.0881,0.0881,6334.1
2026-07-18 19:05:00,0.0881,0.0882,0.088,0.0882,21576.3
2026-07-18 19:10:00,0.0882,0.0882,0.0881,0.0882,2242.0
2026-07-18 19:15:00,0.0882,0.0882,0.0881,0.0881,2244.9
2026-07-18 19:20:00,0.0882,0.0882,0.0881,0.0881,38704.2
2026-07-18 19:25:00,0.0881,0.0881,0.0879,0.088,85885.3
2026-07-18 19:30:00,0.088,0.0881,0.0879,0.088,6510.8
2026-07-18 19:35:00,0.088,0.0882,0.088,0.088,12744.0
2026-07-18 19:40:00,0.088,0.0881,0.088,0.088,8712.8
2026-07-18 19:45:00,0.088,0.088,0.088,0.088,5466.6
2026-07-18 19:50:00,0.088,0.0881,0.0879,0.088,27906.7
2026-07-18 19:55:00,0.088,0.0883,0.088,0.0882,901068.3
2026-07-18 20:00:00,0.0882,0.0882,0.0881,0.0881,17994.9
2026-07-18 20:05:00,0.0881,0.0882,0.088,0.0881,58663.5
2026-07-18 20:10:00,0.0881,0.0883,0.0881,0.0883,36162.9
2026-07-18 20:15:00,0.0882,0.0884,0.0882,0.0884,146767.4
2026-07-18 20:20:00,0.0883,0.0884,0.0883,0.0884,140614.5
2026-07-18 20:25:00,0.0883,0.0884,0.0883,0.0883,5337.3
2026-07-18 20:30:00,0.0883,0.0884,0.0882,0.0882,9889.3
2026-07-18 20:35:00,0.0882,0.0883,0.0881,0.0882,143696.2
2026-07-18 20:40:00,0.0883,0.0883,0.0882,0.0883,6506.9
2026-07-18 20:45:00,0.0882,0.0883,0.0882,0.0883,18089.5
2026-07-18 20:50:00,0.0882,0.0883,0.0882,0.0883,42681.3
2026-07-18 20:55:00,0.0883,0.0883,0.0882,0.0882,4819.9
2026-07-18 21:00:00,0.0882,0.0884,0.0882,0.0884,142044.3
2026-07-18 21:05:00,0.0883,0.0883,0.0881,0.0881,109979.0
2026-07-18 21:10:00,0.0881,0.0883,0.0881,0.0883,146322.1
2026-07-18 21:15:00,0.0884,0.0885,0.0883,0.0884,239221.9
2026-07-18 21:20:00,0.0884,0.0885,0.0883,0.0884,238829.6
2026-07-18 21:25:00,0.0883,0.0885,0.0882,0.0884,148101.2
2026-07-18 21:30:00,0.0883,0.0884,0.0882,0.0882,64101.9
2026-07-18 21:35:00,0.0883,0.0884,0.0883,0.0883,28329.0
2026-07-18 21:40:00,0.0883,0.0883,0.0883,0.0883,19578.9
2026-07-18 21:45:00,0.0883,0.0883,0.0882,0.0883,111561.3
2026-07-18 21:50:00,0.0883,0.0885,0.0882,0.0885,17674.8
2026-07-18 21:55:00,0.0885,0.0885,0.0884,0.0885,4105.8
2026-07-18 22:00:00,0.0885,0.0886,0.0884,0.0886,63359.9
2026-07-18 22:05:00,0.0887,0.0888,0.0886,0.0886,145679.5
2026-07-18 22:10:00,0.0886,0.0888,0.0885,0.0885,45206.1
2026-07-18 22:15:00,0.0886,0.0886,0.0885,0.0885,49077.5
2026-07-18 22:20:00,0.0885,0.0886,0.0885,0.0885,8803.1
2026-07-18 22:25:00,0.0886,0.0886,0.0885,0.0886,29787.7
2026-07-18 22:30:00,0.0885,0.0886,0.0885,0.0886,49418.5
2026-07-18 22:35:00,0.0886,0.0886,0.0885,0.0885,26827.7
2026-07-18 22:40:00,0.0885,0.0886,0.0885,0.0885,8711.3
2026-07-18 22:45:00,0.0885,0.0886,0.0885,0.0885,174513.1
2026-07-18 22:50:00,0.0885,0.0887,0.0885,0.0885,242759.4
2026-07-18 22:55:00,0.0885,0.0886,0.0885,0.0885,57349.4
2026-07-18 23:00:00,0.0885,0.0885,0.0885,0.0885,49298.2
2026-07-18 23:05:00,0.0885,0.0885,0.0883,0.0883,20255.8
2026-07-18 23:10:00,0.0883,0.0883,0.0883,0.0883,95091.5
2026-07-18 23:15:00,0.0884,0.0884,0.0883,0.0884,9433.8
2026-07-18 23:20:00,0.0884,0.0884,0.0884,0.0884,82505.8
2026-07-18 23:25:00,0.0885,0.0885,0.0885,0.0885,8709.9
2026-07-18 23:30:00,0.0884,0.0884,0.0882,0.0883,140620.9
2026-07-18 23:35:00,0.0883,0.0883,0.0883,0.0883,75139.0
2026-07-18 23:40:00,0.0883,0.0884,0.0883,0.0883,76800.6
2026-07-18 23:45:00,0.0883,0.0884,0.0883,0.0883,39552.5
2026-07-18 23:50:00,0.0883,0.0884,0.0883,0.0884,6175.7
2026-07-18 23:55:00,0.0883,0.0884,0.0883,0.0884,6364.6
2026-07-19 00:00:00,0.0883,0.0884,0.0882,0.0882,100293.1
2026-07-19 00:05:00,0.0882,0.0882,0.088,0.088,115581.8
2026-07-19 00:10:00,0.0879,0.088,0.0877,0.0879,269261.9
2026-07-19 00:15:00,0.088,0.088,0.0877,0.0878,190099.9
2026-07-19 00:20:00,0.0878,0.0879,0.0878,0.0879,64382.0
2026-07-19 00:25:00,0.088,0.0881,0.0879,0.0879,71971.2
2026-07-19 00:30:00,0.0878,0.088,0.0878,0.088,71817.9
2026-07-19 00:35:00,0.088,0.0881,0.0879,0.0879,165796.0
2026-07-19 00:40:00,0.0879,0.0882,0.0879,0.0882,64587.9
2026-07-19 00:45:00,0.0881,0.0882,0.0881,0.0882,103032.2
2026-07-19 00:50:00,0.0882,0.0882,0.0881,0.0881,12574.7
2026-07-19 00:55:00,0.0881,0.0882,0.0881,0.0881,104667.2
2026-07-19 01:00:00,0.0881,0.0881,0.0878,0.0879,72525.4
2026-07-19 01:05:00,0.088,0.088,0.0879,0.0879,54507.8
2026-07-19 01:10:00,0.0878,0.088,0.0878,0.0879,71227.1
2026-07-19 01:15:00,0.0879,0.0879,0.0879,0.0879,38686.6
2026-07-19 01:20:00,0.0878,0.0879,0.0875,0.0877,440853.1
2026-07-19 01:25:00,0.0877,0.0878,0.0877,0.0877,45566.1
2026-07-19 01:30:00,0.0876,0.0877,0.0876,0.0876,20012.2
2026-07-19 01:35:00,0.0877,0.0878,0.0877,0.0878,32282.5
2026-07-19 01:40:00,0.0877,0.0877,0.0877,0.0877,3422.6
2026-07-19 01:45:00,0.0879,0.0879,0.0879,0.0879,193.4
2026-07-19 01:50:00,0.0879,0.088,0.0879,0.088,19580.4
2026-07-19 01:55:00,0.0879,0.0879,0.0878,0.0878,92010.1
2026-07-19 02:00:00,0.0879,0.0881,0.0878,0.0881,214926.4
2026-07-19 02:05:00,0.0881,0.0885,0.088,0.0882,492044.4
2026-07-19 02:10:00,0.0882,0.0884,0.0882,0.0884,71201.4
2026-07-19 02:15:00,0.0884,0.0885,0.0882,0.0882,73702.6
2026-07-19 02:20:00,0.0882,0.0883,0.0882,0.0882,114414.5
2026-07-19 02:25:00,0.0883,0.0883,0.0882,0.0882,8994.5
2026-07-19 02:30:00,0.0883,0.0887,0.0883,0.0886,52355.5
2026-07-19 02:35:00,0.0886,0.0888,0.0885,0.0885,39559.2
2026-07-19 02:40:00,0.0885,0.0885,0.0882,0.0883,22926.7
2026-07-19 02:45:00,0.0883,0.0883,0.0882,0.0883,78410.9
2026-07-19 02:50:00,0.0883,0.0884,0.0883,0.0884,8439.2
2026-07-19 02:55:00,0.0885,0.0885,0.0884,0.0884,13170.4
2026-07-19 03:00:00,0.0885,0.0885,0.0882,0.0882,25848.4
2026-07-19 03:05:00,0.0882,0.0883,0.0881,0.0882,87014.5
2026-07-19 03:10:00,0.0882,0.0882,0.0881,0.0882,1752.3
2026-07-19 03:15:00,0.0882,0.0882,0.0879,0.088,136749.6
2026-07-19 03:20:00,0.0879,0.0879,0.0878,0.0878,164698.3
2026-07-19 03:25:00,0.0878,0.0878,0.0877,0.0878,34541.9
2026-07-19 03:30:00,0.0878,0.088,0.0877,0.0879,51510.3
2026-07-19 03:35:00,0.0879,0.088,0.0877,0.0878,217782.1
2026-07-19 03:40:00,0.0878,0.0879,0.0877,0.0878,99686.4
2026-07-19 03:45:00,0.0877,0.0878,0.0877,0.0878,4888.9
2026-07-19 03:50:00,0.0879,0.0879,0.0877,0.0878,37277.4
2026-07-19 03:55:00,0.0878,0.0878,0.0878,0.0878,9967.2
2026-07-19 04:00:00,0.0879,0.0879,0.0877,0.0878,43877.2
2026-07-19 04:05:00,0.0878,0.0878,0.0876,0.0877,35496.8
2026-07-19 04:10:00,0.0876,0.0877,0.0876,0.0877,12587.2
2026-07-19 04:15:00,0.0876,0.0878,0.0876,0.0878,34411.2
2026-07-19 04:20:00,0.0878,0.0878,0.0878,0.0878,849.5
2026-07-19 04:25:00,0.0878,0.0879,0.0877,0.0879,33645.9
2026-07-19 04:30:00,0.0879,0.088,0.0878,0.0879,63385.2
2026-07-19 04:35:00,0.088,0.0881,0.0879,0.0881,110585.9
2026-07-19 04:40:00,0.088,0.0881,0.088,0.088,28140.5
2026-07-19 04:45:00,0.0879,0.088,0.0878,0.0878,40607.1
2026-07-19 04:50:00,0.0879,0.088,0.0878,0.0878,54270.2
2026-07-19 04:55:00,0.0878,0.088,0.0878,0.0879,49482.9
2026-07-19 05:00:00,0.088,0.088,0.0879,0.088,68207.6
2026-07-19 05:05:00,0.0879,0.088,0.0879,0.0879,5689.7
2026-07-19 05:10:00,0.088,0.088,0.088,0.088,297.7
2026-07-19 05:15:00,0.088,0.0881,0.0879,0.088,62145.3
2026-07-19 05:20:00,0.088,0.0881,0.0879,0.0879,26573.4
2026-07-19 05:25:00,0.088,0.088,0.0878,0.0879,189672.7
2026-07-19 05:30:00,0.0878,0.0879,0.0878,0.0878,10607.2
2026-07-19 05:35:00,0.0878,0.0878,0.0876,0.0878,69301.9
2026-07-19 05:40:00,0.0878,0.0878,0.0877,0.0877,68179.9
2026-07-19 05:45:00,0.0878,0.088,0.0877,0.0879,805322.2
2026-07-19 05:50:00,0.088,0.088,0.0879,0.0879,25969.6
2026-07-19 05:55:00,0.088,0.088,0.0879,0.0879,12880.6
2026-07-19 06:00:00,0.0879,0.088,0.0879,0.0879,146519.9
2026-07-19 06:05:00,0.0879,0.0884,0.0879,0.0882,375285.6
2026-07-19 06:10:00,0.0882,0.0882,0.088,0.0882,201863.0
2026-07-19 06:15:00,0.0882,0.0882,0.0882,0.0882,49043.7
2026-07-19 06:20:00,0.0882,0.0883,0.0882,0.0883,57927.8
2026-07-19 06:25:00,0.0883,0.0883,0.0881,0.0882,113460.6
2026-07-19 06:30:00,0.0882,0.0883,0.0882,0.0883,9201.3
2026-07-19 06:35:00,0.0884,0.0884,0.0883,0.0884,16126.7
2026-07-19 06:40:00,0.0883,0.0884,0.0883,0.0884,29781.0
2026-07-19 06:45:00,0.0884,0.0884,0.0883,0.0884,8231.9
2026-07-19 06:50:00,0.0884,0.0885,0.0883,0.0884,18330.9
2026-07-19 06:55:00,0.0884,0.0885,0.0884,0.0885,230262.4
2026-07-19 07:00:00,0.0885,0.0885,0.0883,0.0883,5330.1
2026-07-19 07:05:00,0.0883,0.0884,0.0883,0.0884,143061.3
2026-07-19 07:10:00,0.0884,0.0884,0.0883,0.0884,35300.3
2026-07-19 07:15:00,0.0883,0.0885,0.0883,0.0884,185742.8
2026-07-19 07:20:00,0.0884,0.0885,0.0884,0.0884,41109.2
2026-07-19 07:25:00,0.0884,0.0884,0.0883,0.0883,9160.1
2026-07-19 07:30:00,0.0884,0.0884,0.0884,0.0884,10969.1
2026-07-19 07:35:00,0.0884,0.0887,0.0884,0.0884,653538.7
2026-07-19 07:40:00,0.0883,0.0885,0.0883,0.0884,91138.2
2026-07-19 07:45:00,0.0884,0.0884,0.0882,0.0882,218507.5
2026-07-19 07:50:00,0.0883,0.0883,0.0882,0.0882,9454.1
2026-07-19 07:55:00,0.0883,0.0883,0.0882,0.0883,6239.0
2026-07-19 08:00:00,0.0883,0.0883,0.0882,0.0883,24707.9
2026-07-19 08:05:00,0.0883,0.0884,0.0883,0.0884,77500.0
2026-07-19 08:10:00,0.0884,0.0887,0.0884,0.0886,194359.3
2026-07-19 08:15:00,0.0886,0.0888,0.0885,0.0887,386149.7
2026-07-19 08:20:00,0.0886,0.0888,0.0886,0.0887,85352.0
2026-07-19 08:25:00,0.0888,0.0888,0.0887,0.0887,82862.2
2026-07-19 08:30:00,0.0887,0.0888,0.0886,0.0888,91290.9
2026-07-19 08:35:00,0.0888,0.0889,0.0888,0.0888,36487.3
2026-07-19 08:40:00,0.0888,0.0889,0.0888,0.0888,4145.2
2026-07-19 08:45:00,0.0889,0.089,0.0889,0.0889,43977.1
2026-07-19 08:50:00,0.089,0.0891,0.089,0.0891,306042.4
2026-07-19 08:55:00,0.089,0.0892,0.089,0.0891,119742.9
2026-07-19 09:00:00,0.0892,0.0894,0.0891,0.0893,265062.6
2026-07-19 09:05:00,0.0894,0.0894,0.0893,0.0893,1542.3
2026-07-19 09:10:00,0.0893,0.0895,0.0889,0.0889,823238.6
2026-07-19 09:15:00,0.089,0.0891,0.0888,0.089,355055.9
2026-07-19 09:20:00,0.089,0.0894,0.089,0.0894,282427.7
2026-07-19 09:25:00,0.0894,0.0894,0.089,0.0891,668916.4
2026-07-19 09:30:00,0.0891,0.0894,0.089,0.0893,232805.6
2026-07-19 09:35:00,0.0894,0.0895,0.0892,0.0892,105952.4
2026-07-19 09:40:00,0.0892,0.0893,0.0891,0.0892,36571.4
2026-07-19 09:45:00,0.0892,0.0896,0.0892,0.0896,364768.7
2026-07-19 09:50:00,0.0896,0.0897,0.0895,0.0895,413190.8
2026-07-19 09:55:00,0.0895,0.0899,0.0894,0.0899,99920.2
2026-07-19 10:00:00,0.0899,0.0899,0.0896,0.0899,476099.6
2026-07-19 10:05:00,0.0899,0.0899,0.0897,0.0897,240348.9
2026-07-19 10:10:00,0.0897,0.0898,0.0893,0.0894,1303009.5
2026-07-19 10:15:00,0.0893,0.0894,0.0893,0.0894,17742.1
2026-07-19 10:20:00,0.0894,0.0894,0.0894,0.0894,68403.6
2026-07-19 10:25:00,0.0894,0.0894,0.0892,0.0893,249922.7
2026-07-19 10:30:00,0.0894,0.0896,0.0894,0.0896,153326.9
2026-07-19 10:35:00,0.0896,0.0896,0.0894,0.0896,56939.5
2026-07-19 10:40:00,0.0896,0.0896,0.0895,0.0896,47852.9
2026-07-19 10:45:00,0.0896,0.0899,0.0895,0.0895,269897.4
2026-07-19 10:50:00,0.0895,0.0896,0.0894,0.0894,60082.1
2026-07-19 10:55:00,0.0894,0.0895,0.0893,0.0894,91753.4
2026-07-19 11:00:00,0.0893,0.0896,0.0892,0.0895,157944.6
2026-07-19 11:05:00,0.0895,0.0897,0.0895,0.0895,58618.6
2026-07-19 11:10:00,0.0895,0.0896,0.0894,0.0894,14965.3
2026-07-19 11:15:00,0.0894,0.0895,0.0894,0.0894,40477.8
2026-07-19 11:20:00,0.0894,0.0898,0.0893,0.0897,195158.1
2026-07-19 11:25:00,0.0896,0.0897,0.0894,0.0894,49670.0
2026-07-19 11:30:00,0.0894,0.0895,0.0893,0.0895,59858.8
2026-07-19 11:35:00,0.0896,0.0897,0.0896,0.0896,114415.2
2026-07-19 11:40:00,0.0896,0.0896,0.0894,0.0896,26862.4
2026-07-19 11:45:00,0.0896,0.0896,0.0894,0.0894,91407.4
2026-07-19 11:50:00,0.0894,0.0894,0.0889,0.089,1719689.6
2026-07-19 11:55:00,0.089,0.0891,0.089,0.0891,151185.0
2026-07-19 12:00:00,0.0891,0.0891,0.0889,0.0889,348827.2
2026-07-19 12:05:00,0.0888,0.0888,0.0886,0.0886,213165.8
2026-07-19 12:10:00,0.0887,0.089,0.0886,0.0888,186687.0
2026-07-19 12:15:00,0.0889,0.0894,0.0889,0.0894,283874.5
2026-07-19 12:20:00,0.0894,0.0895,0.0892,0.0894,114475.0
2026-07-19 12:25:00,0.0895,0.0896,0.0891,0.0892,187400.1
2026-07-19 12:30:00,0.0892,0.0894,0.0892,0.0894,72303.9
2026-07-19 12:35:00,0.0893,0.0895,0.0893,0.0893,78808.0
2026-07-19 12:40:00,0.0893,0.0893,0.0891,0.0893,55698.7
2026-07-19 12:45:00,0.0892,0.0892,0.0888,0.0888,149683.8
2026-07-19 12:50:00,0.0888,0.0889,0.0885,0.0886,326573.6
2026-07-19 12:55:00,0.0886,0.0886,0.0881,0.0882,967509.9
2026-07-19 13:00:00,0.0882,0.0884,0.0881,0.0884,273406.3
2026-07-19 13:05:00,0.0884,0.0885,0.0884,0.0885,21158.5
2026-07-19 13:10:00,0.0885,0.0885,0.0883,0.0883,41710.2
2026-07-19 13:15:00,0.0882,0.0884,0.0882,0.0883,87661.7
2026-07-19 13:20:00,0.0883,0.0885,0.0883,0.0884,375629.5
2026-07-19 13:25:00,0.0883,0.0883,0.0883,0.0883,60510.4
2026-07-19 13:30:00,0.0883,0.0886,0.0883,0.0885,379707.1
2026-07-19 13:35:00,0.0885,0.0886,0.0885,0.0886,1584706.0
2026-07-19 13:40:00,0.0886,0.0888,0.0886,0.0886,156846.2
2026-07-19 13:45:00,0.0887,0.0887,0.0885,0.0885,46544.4
2026-07-19 13:50:00,0.0885,0.0886,0.0885,0.0885,23586.6
2026-07-19 13:55:00,0.0886,0.0887,0.0885,0.0885,158331.4
2026-07-19 14:00:00,0.0885,0.0891,0.0885,0.0888,661665.6
2026-07-19 14:05:00,0.0889,0.0889,0.0889,0.0889,135468.8
2026-07-19 14:10:00,0.089,0.089,0.0888,0.0889,65613.0
2026-07-19 14:15:00,0.0888,0.0888,0.0886,0.0886,51026.4
2026-07-19 14:20:00,0.0886,0.0887,0.0885,0.0886,20433.0
2026-07-19 14:25:00,0.0886,0.0886,0.0885,0.0886,82828.9
2026-07-19 14:30:00,0.0886,0.0887,0.0885,0.0886,229565.4
2026-07-19 14:35:00,0.0887,0.0888,0.0887,0.0887,27836.6
2026-07-19 14:40:00,0.0887,0.0888,0.0886,0.0887,57040.5
2026-07-19 14:45:00,0.0887,0.089,0.0887,0.089,205596.6
2026-07-19 14:50:00,0.089,0.089,0.0888,0.0888,120659.7
2026-07-19 14:55:00,0.0888,0.0889,0.0887,0.0887,11929.1
2026-07-19 15:00:00,0.0887,0.0891,0.0887,0.0889,443912.6
2026-07-19 15:05:00,0.0888,0.0889,0.0887,0.0887,32457.7
2026-07-19 15:10:00,0.0886,0.0894,0.0886,0.0892,410846.7
2026-07-19 15:15:00,0.0893,0.0901,0.0893,0.09,1211567.1
2026-07-19 15:20:00,0.09,0.0901,0.0898,0.0899,453692.4
2026-07-19 15:25:00,0.0899,0.0902,0.0896,0.0897,621016.9
2026-07-19 15:30:00,0.0898,0.09,0.0898,0.0899,54740.8
2026-07-19 15:35:00,0.09,0.09,0.0898,0.0898,68273.2
2026-07-19 15:40:00,0.0898,0.0898,0.0896,0.0896,173072.7
2026-07-19 15:45:00,0.0896,0.0896,0.0895,0.0895,42286.1
2026-07-19 15:50:00,0.0895,0.0895,0.0893,0.0894,43952.1
2026-07-19 15:55:00,0.0893,0.0898,0.0893,0.0897,291505.9
2026-07-19 16:00:00,0.0898,0.09,0.0893,0.0897,509424.7
2026-07-19 16:05:00,0.0896,0.0897,0.0894,0.0896,71827.8
2026-07-19 16:10:00,0.0895,0.0896,0.0894,0.0895,60721.7
2026-07-19 16:15:00,0.0896,0.0896,0.0894,0.0894,179309.0
2026-07-19 16:20:00,0.0895,0.0897,0.0895,0.0895,44249.7
2026-07-19 16:25:00,0.0896,0.09,0.0893,0.0894,736809.1
2026-07-19 16:30:00,0.0893,0.0894,0.0891,0.0892,54777.6
2026-07-19 16:35:00,0.0891,0.0892,0.089,0.0891,238306.2
2026-07-19 16:40:00,0.0892,0.0895,0.0892,0.0893,239290.9
2026-07-19 16:45:00,0.0894,0.0894,0.0892,0.0893,65718.0
2026-07-19 16:50:00,0.0894,0.0895,0.0892,0.0892,89756.7
2026-07-19 16:55:00,0.0892,0.0892,0.0891,0.0892,47153.8
2026-07-19 17:00:00,0.0893,0.0893,0.0884,0.0891,1352064.3
2026-07-19 17:05:00,0.0891,0.0892,0.089,0.0892,163244.2
2026-07-19 17:10:00,0.0891,0.0892,0.089,0.0892,164085.8
2026-07-19 17:15:00,0.0892,0.0892,0.0889,0.089,35383.7
2026-07-19 17:20:00,0.0891,0.0891,0.0889,0.0889,33152.9
2026-07-19 17:25:00,0.0889,0.0889,0.0888,0.0888,13194.1
2026-07-19 17:30:00,0.0889,0.0891,0.0889,0.0891,13652.2
2026-07-19 17:35:00,0.0891,0.0891,0.0891,0.0891,13889.0
2026-07-19 17:40:00,0.089,0.0892,0.0889,0.0889,160953.9
2026-07-19 17:45:00,0.0889,0.0889,0.0888,0.0889,4769.6
2026-07-19 17:50:00,0.089,0.089,0.0888,0.0888,29797.6
2026-07-19 17:55:00,0.0888,0.0889,0.0888,0.0888,2878.9
2026-07-19 18:00:00,0.0887,0.0888,0.0885,0.0886,89495.2
2026-07-19 18:05:00,0.0885,0.0886,0.088,0.0883,382705.0
2026-07-19 18:10:00,0.0884,0.0885,0.0883,0.0884,83736.9
2026-07-19 18:15:00,0.0884,0.0884,0.0883,0.0884,284167.9
2026-07-19 18:20:00,0.0885,0.0886,0.0884,0.0886,288475.2
2026-07-19 18:25:00,0.0885,0.0886,0.0884,0.0884,26780.6
2026-07-19 18:30:00,0.0883,0.0885,0.0883,0.0885,171693.9
2026-07-19 18:35:00,0.0885,0.0885,0.0885,0.0885,15446.6
2026-07-19 18:40:00,0.0886,0.0887,0.0886,0.0886,27559.6
2026-07-19 18:45:00,0.0887,0.0887,0.0884,0.0886,16744.0
2026-07-19 18:50:00,0.0885,0.0886,0.0885,0.0885,49182.3
2026-07-19 18:55:00,0.0885,0.0888,0.0885,0.0888,35457.7
2026-07-19 19:00:00,0.0888,0.0889,0.0885,0.0887,46240.7
2026-07-19 19:05:00,0.0887,0.0889,0.0887,0.0888,32293.8
2026-07-19 19:10:00,0.0889,0.089,0.0888,0.089,39780.5
2026-07-19 19:15:00,0.089,0.089,0.0888,0.0889,49676.8
2026-07-19 19:20:00,0.0889,0.0889,0.0888,0.0888,84660.5
2026-07-19 19:25:00,0.0888,0.0889,0.0886,0.0886,52442.2
2026-07-19 19:30:00,0.0887,0.0887,0.0886,0.0886,20108.3
2026-07-19 19:35:00,0.0887,0.0887,0.0887,0.0887,5964.0
2026-07-19 19:40:00,0.0887,0.0888,0.0887,0.0887,5489.3
2026-07-19 19:45:00,0.0886,0.0886,0.0885,0.0886,30266.9
2026-07-19 19:50:00,0.0886,0.0886,0.0885,0.0886,19751.4
2026-07-19 19:55:00,0.0887,0.0887,0.0887,0.0887,13258.5
2026-07-19 20:00:00,0.0887,0.0889,0.0887,0.0887,61975.2
2026-07-19 20:05:00,0.0888,0.0888,0.0886,0.0887,13234.3
2026-07-19 20:10:00,0.0887,0.0888,0.0887,0.0887,16337.2
2026-07-19 20:15:00,0.0886,0.0886,0.0885,0.0885,12006.5
2026-07-19 20:20:00,0.0885,0.0886,0.0885,0.0886,67477.4
2026-07-19 20:25:00,0.0887,0.0887,0.0886,0.0886,4361.1
2026-07-19 20:30:00,0.0885,0.0886,0.0885,0.0886,15851.3
2026-07-19 20:35:00,0.0887,0.0888,0.0886,0.0887,28329.4
2026-07-19 20:40:00,0.0887,0.0887,0.0886,0.0886,211.6
2026-07-19 20:45:00,0.0887,0.0887,0.0886,0.0887,20860.4
2026-07-19 20:50:00,0.0887,0.0887,0.0887,0.0887,2954.2
2026-07-19 20:55:00,0.0887,0.0887,0.0886,0.0887,15662.3
2026-07-19 21:00:00,0.0888,0.0889,0.0888,0.0888,1850.6
2026-07-19 21:05:00,0.0888,0.0889,0.0888,0.0889,49081.4
2026-07-19 21:10:00,0.0888,0.0888,0.0887,0.0888,81719.0
2026-07-19 21:15:00,0.0888,0.0888,0.0887,0.0887,59149.5
2026-07-19 21:20:00,0.0886,0.0887,0.0886,0.0887,3415.1
2026-07-19 21:25:00,0.0887,0.0888,0.0887,0.0887,8613.6
2026-07-19 21:30:00,0.0888,0.0888,0.0886,0.0886,36944.4
2026-07-19 21:35:00,0.0886,0.0886,0.0884,0.0885,68403.6
2026-07-19 21:40:00,0.0885,0.0886,0.0883,0.0884,58037.3
2026-07-19 21:45:00,0.0884,0.0885,0.0883,0.0883,12608.8
2026-07-19 21:50:00,0.0884,0.0884,0.0883,0.0884,38281.3
2026-07-19 21:55:00,0.0883,0.0884,0.0882,0.0883,146806.1
2026-07-19 22:00:00,0.0882,0.0888,0.0881,0.0885,79533.6
2026-07-19 22:05:00,0.0886,0.0887,0.0884,0.0886,240446.3
2026-07-19 22:10:00,0.0887,0.089,0.0886,0.089,33224.9
2026-07-19 22:15:00,0.089,0.0894,0.089,0.0892,589587.7
2026-07-19 22:20:00,0.0893,0.0894,0.0891,0.0891,81912.9
2026-07-19 22:25:00,0.0891,0.0892,0.0891,0.0892,66234.7
2026-07-19 22:30:00,0.0891,0.0893,0.0891,0.0893,170572.8
2026-07-19 22:35:00,0.0893,0.0893,0.089,0.0892,114352.4
2026-07-19 22:40:00,0.0892,0.0894,0.0892,0.0893,83738.0
2026-07-19 22:45:00,0.0894,0.0894,0.0891,0.0892,234842.4
2026-07-19 22:50:00,0.0892,0.0892,0.0891,0.0891,124273.7
2026-07-19 22:55:00,0.0892,0.0892,0.0891,0.0891,72114.3
2026-07-19 23:00:00,0.0891,0.0892,0.0887,0.0888,122877.3
2026-07-19 23:05:00,0.0889,0.089,0.0887,0.0888,48819.2
2026-07-19 23:10:00,0.0888,0.0889,0.0887,0.0887,71497.6
2026-07-19 23:15:00,0.0887,0.0888,0.0886,0.0888,22213.5
2026-07-19 23:20:00,0.0888,0.0889,0.0887,0.0889,174642.6
2026-07-19 23:25:00,0.0889,0.0891,0.0889,0.0889,29368.4
2026-07-19 23:30:00,0.089,0.0892,0.0889,0.0892,132976.4
2026-07-19 23:35:00,0.0892,0.0892,0.089,0.089,118618.2
2026-07-19 23:40:00,0.0889,0.0892,0.0888,0.0892,63009.5
2026-07-19 23:45:00,0.0892,0.0892,0.089,0.0891,69069.1
2026-07-19 23:50:00,0.089,0.0891,0.0889,0.089,10361.6
2026-07-19 23:55:00,0.089,0.0891,0.0889,0.0891,61192.6
2026-07-20 00:00:00,0.0891,0.0894,0.0888,0.0892,685257.1
2026-07-20 00:05:00,0.0892,0.0898,0.0891,0.0897,296809.5
2026-07-20 00:10:00,0.0897,0.0902,0.0897,0.0902,257606.7
2026-07-20 00:15:00,0.0902,0.0902,0.0898,0.0899,231870.1
2026-07-20 00:20:00,0.0899,0.0899,0.0897,0.0899,90552.1
2026-07-20 00:25:00,0.0898,0.09,0.0898,0.0899,177469.4
2026-07-20 00:30:00,0.09,0.09,0.0895,0.0896,508803.4
2026-07-20 00:35:00,0.0896,0.0899,0.0896,0.0898,116911.3
2026-07-20 00:40:00,0.0897,0.0899,0.0897,0.0897,44244.0
2026-07-20 00:45:00,0.0897,0.0897,0.0892,0.0892,158353.0
2026-07-20 00:50:00,0.0893,0.0893,0.0884,0.0887,459622.2
2026-07-20 00:55:00,0.0888,0.0889,0.0885,0.0886,153658.4
2026-07-20 01:00:00,0.0886,0.0888,0.0886,0.0887,35419.8
2026-07-20 01:05:00,0.0888,0.0894,0.0888,0.0894,38251.4
2026-07-20 01:10:00,0.0894,0.0895,0.0891,0.0891,77722.0
2026-07-20 01:15:00,0.089,0.0891,0.0887,0.0887,75489.8
2026-07-20 01:20:00,0.0887,0.0892,0.0887,0.0891,46896.0
2026-07-20 01:25:00,0.0891,0.0894,0.0891,0.0891,53437.3
2026-07-20 01:30:00,0.0891,0.0892,0.089,0.089,32224.9
2026-07-20 01:35:00,0.089,0.0891,0.089,0.089,18938.3
2026-07-20 01:40:00,0.0889,0.0889,0.0885,0.0886,115142.6
2026-07-20 01:45:00,0.0886,0.0886,0.0884,0.0886,121701.8
2026-07-20 01:50:00,0.0885,0.0885,0.0878,0.0879,275388.0
2026-07-20 01:55:00,0.0879,0.0881,0.0878,0.088,71382.5
2026-07-20 02:00:00,0.0881,0.0887,0.088,0.0887,68929.7
2026-07-20 02:05:00,0.0886,0.0887,0.0885,0.0886,51993.8
2026-07-20 02:10:00,0.0886,0.0886,0.0885,0.0885,49474.0
2026-07-20 02:15:00,0.0885,0.0885,0.0882,0.0882,72966.4
2026-07-20 02:20:00,0.0882,0.0883,0.088,0.0882,26154.0
2026-07-20 02:25:00,0.0882,0.0883,0.0881,0.0883,99409.8
2026-07-20 02:30:00,0.0882,0.0887,0.0882,0.0885,28720.1
2026-07-20 02:35:00,0.0885,0.0886,0.0884,0.0884,16634.9
2026-07-20 02:40:00,0.0883,0.0886,0.0883,0.0884,21121.6
2026-07-20 02:45:00,0.0884,0.0888,0.0884,0.0887,49100.8
2026-07-20 02:50:00,0.0887,0.0887,0.0886,0.0887,34729.1
2026-07-20 02:55:00,0.0887,0.0887,0.0885,0.0885,37605.8
2026-07-20 03:00:00,0.0885,0.0887,0.0885,0.0886,157107.3
2026-07-20 03:05:00,0.0886,0.0886,0.0884,0.0886,66883.3
2026-07-20 03:10:00,0.0885,0.0885,0.0885,0.0885,12879.1
2026-07-20 03:15:00,0.0884,0.0886,0.0882,0.0882,49943.3
2026-07-20 03:20:00,0.0882,0.0882,0.088,0.0881,194577.6
2026-07-20 03:25:00,0.0881,0.0882,0.0878,0.088,305284.9
2026-07-20 03:30:00,0.0879,0.088,0.0878,0.0879,186124.0
2026-07-20 03:35:00,0.0878,0.0881,0.0876,0.0881,570402.8
2026-07-20 03:40:00,0.0881,0.0881,0.0879,0.0881,126947.8
2026-07-20 03:45:00,0.0881,0.0881,0.0879,0.0881,50167.5
2026-07-20 03:50:00,0.088,0.0881,0.0879,0.0879,72393.9
2026-07-20 03:55:00,0.0879,0.0879,0.0876,0.0877,128272.5
2026-07-20 04:00:00,0.0878,0.0878,0.0874,0.0876,542342.1
2026-07-20 04:05:00,0.0876,0.0876,0.0872,0.0872,257494.6
2026-07-20 04:10:00,0.0872,0.0873,0.0866,0.0867,579683.8
2026-07-20 04:15:00,0.0868,0.087,0.0867,0.087,240043.4
2026-07-20 04:20:00,0.087,0.087,0.0868,0.0869,51016.9
2026-07-20 04:25:00,0.0869,0.087,0.0869,0.0869,62706.3
2026-07-20 04:30:00,0.0869,0.0872,0.0868,0.087,126310.7
2026-07-20 04:35:00,0.087,0.0872,0.087,0.0872,14721.0
2026-07-20 04:40:00,0.0871,0.0875,0.087,0.0873,266305.4
2026-07-20 04:45:00,0.0873,0.0873,0.087,0.087,31319.6
2026-07-20 04:50:00,0.087,0.087,0.0868,0.0868,47243.6
2026-07-20 04:55:00,0.0868,0.0868,0.0864,0.0866,1240226.3
2026-07-20 05:00:00,0.0867,0.0867,0.0862,0.0864,554971.9
2026-07-20 05:05:00,0.0864,0.0864,0.0862,0.0862,752097.4
2026-07-20 05:10:00,0.0862,0.0865,0.0858,0.0865,568939.3
2026-07-20 05:15:00,0.0864,0.0867,0.0864,0.0867,138418.6
2026-07-20 05:20:00,0.0867,0.0867,0.0862,0.0864,74623.3
2026-07-20 05:25:00,0.0864,0.0864,0.0862,0.0864,51262.0
2026-07-20 05:30:00,0.0863,0.0864,0.0861,0.0863,136167.1
2026-07-20 05:35:00,0.0863,0.0863,0.0862,0.0862,97174.7
2026-07-20 05:40:00,0.0862,0.0864,0.0862,0.0863,13794.8
2026-07-20 05:45:00,0.0862,0.0863,0.0861,0.0862,78037.1
2026-07-20 05:50:00,0.0861,0.0862,0.086,0.086,94522.5
2026-07-20 05:55:00,0.086,0.0862,0.0859,0.0861,115768.1
2026-07-20 06:00:00,0.0861,0.0862,0.0857,0.0861,197660.5
2026-07-20 06:05:00,0.086,0.0862,0.086,0.086,96873.8
2026-07-20 06:10:00,0.086,0.0862,0.0859,0.0862,65423.9
2026-07-20 06:15:00,0.0862,0.0863,0.0861,0.0862,211444.6
2026-07-20 06:20:00,0.0863,0.0863,0.086,0.086,54495.2
2026-07-20 06:25:00,0.086,0.0862,0.086,0.0861,84381.3
2026-07-20 06:30:00,0.0861,0.0862,0.0853,0.0857,593013.3
2026-07-20 06:35:00,0.0858,0.0859,0.0854,0.0859,415478.1
2026-07-20 06:40:00,0.0859,0.0861,0.0858,0.086,179962.8
2026-07-20 06:45:00,0.086,0.086,0.0858,0.0859,61215.7
2026-07-20 06:50:00,0.0858,0.0859,0.0857,0.0859,185830.9
2026-07-20 06:55:00,0.0858,0.086,0.0858,0.0859,200541.8
2026-07-20 07:00:00,0.086,0.0861,0.0859,0.0861,19971.2
2026-07-20 07:05:00,0.0861,0.0862,0.0861,0.0861,35088.2
2026-07-20 07:10:00,0.0861,0.0861,0.0859,0.086,68283.6
2026-07-20 07:15:00,0.086,0.086,0.0858,0.0859,55669.0
2026-07-20 07:20:00,0.086,0.0863,0.086,0.0862,44840.3
2026-07-20 07:25:00,0.0862,0.0865,0.0862,0.0865,67452.2
2026-07-20 07:30:00,0.0865,0.0866,0.0864,0.0865,19506.0
2026-07-20 07:35:00,0.0865,0.0866,0.0864,0.0865,41803.9
2026-07-20 07:40:00,0.0865,0.0866,0.0864,0.0865,122005.2
2026-07-20 07:45:00,0.0865,0.0866,0.0864,0.0865,96941.8
2026-07-20 07:50:00,0.0864,0.0867,0.0864,0.0867,37651.5
2026-07-20 07:55:00,0.0867,0.0869,0.0867,0.0868,120413.6
2026-07-20 08:00:00,0.0868,0.0868,0.0867,0.0867,97490.3
2026-07-20 08:05:00,0.0867,0.0867,0.0864,0.0865,53546.7
2026-07-20 08:10:00,0.0865,0.0867,0.0865,0.0866,62780.4
2026-07-20 08:15:00,0.0867,0.0867,0.0863,0.0863,215139.0
2026-07-20 08:20:00,0.0862,0.0863,0.0862,0.0863,93055.1
2026-07-20 08:25:00,0.0863,0.0863,0.0862,0.0863,73875.5
2026-07-20 08:30:00,0.0863,0.0863,0.0861,0.0863,171510.4
2026-07-20 08:35:00,0.0864,0.0865,0.0859,0.0862,806496.9
2026-07-20 08:40:00,0.0862,0.0863,0.0861,0.0861,20546.9
2026-07-20 08:45:00,0.0861,0.0863,0.0861,0.0863,16122.0
2026-07-20 08:50:00,0.0863,0.0865,0.0863,0.0864,59807.0
2026-07-20 08:55:00,0.0863,0.0864,0.0862,0.0863,41255.2
2026-07-20 09:00:00,0.0864,0.0866,0.0862,0.0866,548055.0
2026-07-20 09:05:00,0.0866,0.0866,0.0865,0.0866,102598.2
2026-07-20 09:10:00,0.0866,0.0867,0.0866,0.0866,13868.2
2026-07-20 09:15:00,0.0866,0.0869,0.0866,0.0868,52316.3
2026-07-20 09:20:00,0.0868,0.0871,0.0868,0.087,92687.0
2026-07-20 09:25:00,0.087,0.0871,0.087,0.0871,176426.3
2026-07-20 09:30:00,0.0871,0.0871,0.0869,0.087,309331.8
2026-07-20 09:35:00,0.0871,0.0872,0.087,0.0871,240554.0
2026-07-20 09:40:00,0.0871,0.0871,0.087,0.087,146158.3
2026-07-20 09:45:00,0.0871,0.0872,0.087,0.0872,28968.9
2026-07-20 09:50:00,0.0872,0.0873,0.0871,0.0872,46548.8
2026-07-20 09:55:00,0.0873,0.0873,0.0871,0.0871,42794.0
2026-07-20 10:00:00,0.087,0.0871,0.0869,0.087,48030.7
2026-07-20 10:05:00,0.087,0.0871,0.087,0.087,88344.6
2026-07-20 10:10:00,0.0871,0.0871,0.087,0.087,244486.5
2026-07-20 10:15:00,0.087,0.0872,0.087,0.087,123310.7
2026-07-20 10:20:00,0.0871,0.0874,0.0871,0.0874,75131.1
2026-07-20 10:25:00,0.0874,0.0874,0.0873,0.0874,107934.4
2026-07-20 10:30:00,0.0873,0.0873,0.0872,0.0872,94794.8
2026-07-20 10:35:00,0.0873,0.0873,0.0872,0.0872,38638.5
2026-07-20 10:40:00,0.0873,0.0873,0.0872,0.0872,16295.8
2026-07-20 10:45:00,0.0873,0.0873,0.0872,0.0872,19240.1
2026-07-20 10:50:00,0.0872,0.0874,0.0872,0.0874,35408.2
2026-07-20 10:55:00,0.0872,0.0872,0.0871,0.0871,17659.8
2026-07-20 11:00:00,0.0871,0.0872,0.087,0.087,88452.0
2026-07-20 11:05:00,0.0871,0.0874,0.0871,0.0873,94615.0
2026-07-20 11:10:00,0.0872,0.0873,0.0872,0.0873,25015.9
2026-07-20 11:15:00,0.0873,0.0873,0.0872,0.0872,36803.8
2026-07-20 11:20:00,0.0872,0.0873,0.0871,0.0871,52039.2
2026-07-20 11:25:00,0.0871,0.0872,0.0871,0.0872,151174.1
2026-07-20 11:30:00,0.0871,0.0879,0.0871,0.0879,477578.5
2026-07-20 11:35:00,0.088,0.0882,0.0879,0.0881,477782.0
2026-07-20 11:40:00,0.0881,0.0882,0.088,0.088,294004.2
2026-07-20 11:45:00,0.088,0.0882,0.088,0.0881,242886.1
2026-07-20 11:50:00,0.0881,0.0883,0.088,0.0883,509921.7
2026-07-20 11:55:00,0.0883,0.0886,0.0882,0.0884,374552.6
2026-07-20 12:00:00,0.0884,0.0885,0.0879,0.0882,837481.1
2026-07-20 12:05:00,0.0882,0.0884,0.0882,0.0884,109525.8
2026-07-20 12:10:00,0.0884,0.0885,0.0881,0.0882,97633.5
2026-07-20 12:15:00,0.0882,0.0884,0.0881,0.0882,191250.4
2026-07-20 12:20:00,0.0882,0.0884,0.0882,0.0884,5958.3
2026-07-20 12:25:00,0.0883,0.0885,0.0882,0.0883,148087.1
2026-07-20 12:30:00,0.0882,0.0882,0.0881,0.0882,69519.2
2026-07-20 12:35:00,0.0883,0.0884,0.0882,0.0882,89026.5
2026-07-20 12:40:00,0.0883,0.0883,0.0881,0.0881,49666.1
2026-07-20 12:45:00,0.0881,0.0885,0.0881,0.0885,64914.0
2026-07-20 12:50:00,0.0884,0.0884,0.0883,0.0883,20332.2
2026-07-20 12:55:00,0.0882,0.0884,0.0882,0.0882,92957.3
2026-07-20 13:00:00,0.0883,0.0884,0.0882,0.0884,85940.0
2026-07-20 13:05:00,0.0884,0.0886,0.0884,0.0886,103444.8
2026-07-20 13:10:00,0.0885,0.0887,0.0885,0.0885,147779.0
2026-07-20 13:15:00,0.0885,0.0888,0.0885,0.0888,143693.3
2026-07-20 13:20:00,0.0888,0.0889,0.0885,0.0885,75960.1
2026-07-20 13:25:00,0.0885,0.0886,0.0881,0.0882,372495.8
2026-07-20 13:30:00,0.0882,0.0888,0.088,0.0888,165923.8
2026-07-20 13:35:00,0.0888,0.089,0.0887,0.0889,452107.2
2026-07-20 13:40:00,0.0888,0.0889,0.0886,0.0886,124787.7
2026-07-20 13:45:00,0.0887,0.0887,0.0882,0.0884,295513.7
2026-07-20 13:50:00,0.0885,0.0885,0.0882,0.0883,508650.6
2026-07-20 13:55:00,0.0883,0.0884,0.0878,0.0884,251156.7
2026-07-20 14:00:00,0.0884,0.0887,0.0881,0.0886,114243.1
2026-07-20 14:05:00,0.0886,0.0887,0.0884,0.0886,62300.8
2026-07-20 14:10:00,0.0885,0.0885,0.0883,0.0884,13241.2
2026-07-20 14:15:00,0.0885,0.0886,0.0882,0.0883,215144.0
2026-07-20 14:20:00,0.0884,0.0888,0.0882,0.0888,151998.2
2026-07-20 14:25:00,0.0888,0.0892,0.0887,0.0892,269489.3
2026-07-20 14:30:00,0.0892,0.0895,0.0892,0.0894,266590.5
2026-07-20 14:35:00,0.0894,0.0898,0.0894,0.0898,276752.2
2026-07-20 14:40:00,0.0897,0.0899,0.0897,0.0898,228405.7
2026-07-20 14:45:00,0.0897,0.09,0.0895,0.0895,276281.9
2026-07-20 14:50:00,0.0894,0.0896,0.0891,0.0891,340656.0
2026-07-20 14:55:00,0.0891,0.0892,0.0888,0.0891,158967.5
2026-07-20 15:00:00,0.0891,0.0897,0.089,0.0897,162853.7
2026-07-20 15:05:00,0.0896,0.09,0.0894,0.0899,136752.0
2026-07-20 15:10:00,0.0899,0.0902,0.0898,0.09,213566.1
2026-07-20 15:15:00,0.09,0.0907,0.0899,0.0903,799967.6
2026-07-20 15:20:00,0.0903,0.0907,0.0902,0.0907,129127.7
2026-07-20 15:25:00,0.0906,0.0909,0.0902,0.0906,467403.7
2026-07-20 15:30:00,0.0907,0.0908,0.0904,0.0906,182271.8
2026-07-20 15:35:00,0.0906,0.0906,0.0902,0.0902,74826.6
2026-07-20 15:40:00,0.0903,0.0909,0.0902,0.0907,393969.5
2026-07-20 15:45:00,0.0908,0.0913,0.0908,0.0911,258732.6
2026-07-20 15:50:00,0.0911,0.0915,0.091,0.0914,263086.8
2026-07-20 15:55:00,0.0914,0.0915,0.0908,0.0908,321288.3
2026-07-20 16:00:00,0.0908,0.0912,0.0907,0.0908,369362.9
2026-07-20 16:05:00,0.0907,0.0909,0.0905,0.0905,274003.8
2026-07-20 16:10:00,0.0905,0.0907,0.0905,0.0907,444816.7
2026-07-20 16:15:00,0.0906,0.0907,0.0905,0.0905,75285.4
2026-07-20 16:20:00,0.0904,0.0905,0.0903,0.0904,125192.5
2026-07-20 16:25:00,0.0905,0.0906,0.0901,0.0902,394232.5
2026-07-20 16:30:00,0.0902,0.0903,0.09,0.09,107657.7
2026-07-20 16:35:00,0.09,0.0901,0.0899,0.09,58631.7
2026-07-20 16:40:00,0.0901,0.0902,0.0896,0.0899,402736.3
2026-07-20 16:45:00,0.0899,0.0901,0.0899,0.09,8797.0
2026-07-20 16:50:00,0.09,0.0901,0.0899,0.0901,174163.7
2026-07-20 16:55:00,0.0901,0.0901,0.09,0.09,16940.5
2026-07-20 17:00:00,0.09,0.0901,0.0897,0.09,545600.5
2026-07-20 17:05:00,0.0901,0.0903,0.09,0.0903,62361.1
2026-07-20 17:10:00,0.0903,0.0903,0.0901,0.0902,154672.9
2026-07-20 17:15:00,0.0901,0.0903,0.0901,0.0902,80642.1
2026-07-20 17:20:00,0.0903,0.0903,0.09,0.0901,78715.7
2026-07-20 17:25:00,0.09,0.0901,0.09,0.0901,39036.2
2026-07-20 17:30:00,0.09,0.0901,0.09,0.09,36381.7
2026-07-20 17:35:00,0.0901,0.0901,0.09,0.0901,79584.3
2026-07-20 17:40:00,0.0901,0.0902,0.09,0.0901,58961.6
2026-07-20 17:45:00,0.09,0.0902,0.09,0.0902,63606.5
2026-07-20 17:50:00,0.0902,0.0905,0.0901,0.0903,619124.5
2026-07-20 17:55:00,0.0902,0.0903,0.09,0.0901,99944.3
2026-07-20 18:00:00,0.0901,0.0906,0.0901,0.0904,183262.0
2026-07-20 18:05:00,0.0904,0.0905,0.0903,0.0905,233927.0
2026-07-20 18:10:00,0.0905,0.0908,0.0904,0.0906,362945.2
2026-07-20 18:15:00,0.0906,0.0906,0.0902,0.0902,303156.7
2026-07-20 18:20:00,0.0902,0.0902,0.09,0.09,401065.2
2026-07-20 18:25:00,0.09,0.0902,0.09,0.0902,70294.4
2026-07-20 18:30:00,0.0901,0.0901,0.0899,0.09,36544.9
2026-07-20 18:35:00,0.0901,0.0901,0.0899,0.0899,29757.7
2026-07-20 18:40:00,0.09,0.0901,0.0899,0.09,83312.7
2026-07-20 18:45:00,0.0899,0.09,0.0899,0.0899,160840.6
2026-07-20 18:50:00,0.0899,0.09,0.0899,0.0899,100045.3
2026-07-20 18:55:00,0.0898,0.0898,0.0897,0.0898,92509.0
2026-07-20 19:00:00,0.0899,0.0899,0.0896,0.0896,32415.7
2026-07-20 19:05:00,0.0897,0.0899,0.0897,0.0897,31712.6
2026-07-20 19:10:00,0.0897,0.0897,0.0895,0.0896,172377.7
2026-07-20 19:15:00,0.0895,0.0895,0.0894,0.0895,95282.4
2026-07-20 19:20:00,0.0894,0.0896,0.0894,0.0896,69039.2
2026-07-20 19:25:00,0.0895,0.0898,0.0895,0.0897,290567.5
2026-07-20 19:30:00,0.0896,0.0896,0.0895,0.0895,13939.0
2026-07-20 19:35:00,0.0894,0.0894,0.0892,0.0893,152836.8
2026-07-20 19:40:00,0.0893,0.0895,0.0893,0.0895,124335.2
2026-07-20 19:45:00,0.0895,0.0897,0.0894,0.0896,101826.2
2026-07-20 19:50:00,0.0895,0.0896,0.0895,0.0896,52644.4
2026-07-20 19:55:00,0.0895,0.0896,0.0894,0.0896,88256.9
2026-07-20 20:00:00,0.0896,0.0897,0.0895,0.0895,27478.1
2026-07-20 20:05:00,0.0895,0.0895,0.0894,0.0895,87662.9
2026-07-20 20:10:00,0.0895,0.0897,0.0894,0.0896,23443.1
2026-07-20 20:15:00,0.0896,0.0896,0.0896,0.0896,6976.7
2026-07-20 20:20:00,0.0896,0.0898,0.0896,0.0897,5966.2
2026-07-20 20:25:00,0.0898,0.0898,0.0897,0.0897,57801.1
2026-07-20 20:30:00,0.0898,0.0902,0.0898,0.0902,254733.4
2026-07-20 20:35:00,0.0902,0.0902,0.09,0.09,173481.8
2026-07-20 20:40:00,0.09,0.09,0.0897,0.0898,127750.7
2026-07-20 20:45:00,0.0899,0.0899,0.0898,0.0899,113521.2
2026-07-20 20:50:00,0.0898,0.09,0.0898,0.09,31737.0
2026-07-20 20:55:00,0.09,0.09,0.0899,0.0899,48957.2
2026-07-20 21:00:00,0.0899,0.0901,0.0899,0.09,47072.0
2026-07-20 21:05:00,0.09,0.0901,0.09,0.09,42608.2
2026-07-20 21:10:00,0.09,0.0901,0.0899,0.0899,60224.2
2026-07-20 21:15:00,0.0898,0.0899,0.0898,0.0898,59076.8
2026-07-20 21:20:00,0.0897,0.09,0.0897,0.09,470547.6
2026-07-20 21:25:00,0.0899,0.0899,0.0894,0.0897,1069014.2
2026-07-20 21:30:00,0.0896,0.0901,0.0896,0.0898,692083.7
2026-07-20 21:35:00,0.0899,0.0899,0.0898,0.0898,17794.4
2026-07-20 21:40:00,0.0899,0.09,0.0898,0.0899,61375.8
2026-07-20 21:45:00,0.0898,0.0898,0.0897,0.0898,45442.3
2026-07-20 21:50:00,0.0898,0.0898,0.0897,0.0898,150770.1
2026-07-20 21:55:00,0.0898,0.0899,0.0897,0.0898,32375.4
2026-07-20 22:00:00,0.0898,0.0898,0.0897,0.0897,112790.2
2026-07-20 22:05:00,0.0897,0.0898,0.0897,0.0897,52599.8
2026-07-20 22:10:00,0.0898,0.0898,0.0896,0.0896,22544.3
2026-07-20 22:15:00,0.0896,0.0897,0.0896,0.0897,291641.2
2026-07-20 22:20:00,0.0898,0.0899,0.0898,0.0898,139942.9
2026-07-20 22:25:00,0.0899,0.0899,0.0898,0.0898,57273.0
2026-07-20 22:30:00,0.0898,0.09,0.0897,0.0897,90029.1
2026-07-20 22:35:00,0.0898,0.0898,0.0895,0.0895,216530.9
2026-07-20 22:40:00,0.0894,0.0895,0.0893,0.0895,31474.5
2026-07-20 22:45:00,0.0895,0.0896,0.0894,0.0894,23097.8
2026-07-20 22:50:00,0.0894,0.0896,0.0894,0.0896,49650.2
2026-07-20 22:55:00,0.0896,0.0897,0.0895,0.0896,123226.2
2026-07-20 23:00:00,0.0897,0.0898,0.0895,0.0897,49364.1
2026-07-20 23:05:00,0.0898,0.0901,0.0898,0.09,241991.2
2026-07-20 23:10:00,0.0899,0.09,0.0898,0.0899,111299.2
2026-07-20 23:15:00,0.0899,0.0902,0.0899,0.0902,63680.8
2026-07-20 23:20:00,0.0902,0.0905,0.0902,0.0904,87730.9
2026-07-20 23:25:00,0.0904,0.0905,0.0903,0.0904,52390.3
2026-07-20 23:30:00,0.0904,0.0906,0.0903,0.0903,177903.2
2026-07-20 23:35:00,0.0903,0.0904,0.0903,0.0904,18090.9
2026-07-20 23:40:00,0.0904,0.0904,0.0903,0.0904,41688.4
2026-07-20 23:45:00,0.0904,0.0904,0.0903,0.0903,194123.8
2026-07-20 23:50:00,0.0903,0.0904,0.0902,0.0904,66358.2
2026-07-20 23:55:00,0.0905,0.0905,0.0904,0.0904,67188.5
2026-07-21 00:00:00,0.0903,0.0904,0.0901,0.0903,320908.4
2026-07-21 00:05:00,0.0904,0.0904,0.09,0.0901,291275.6
2026-07-21 00:10:00,0.0901,0.0903,0.09,0.0901,57015.2
2026-07-21 00:15:00,0.0901,0.0905,0.0901,0.0905,58274.0
2026-07-21 00:20:00,0.0905,0.0907,0.0904,0.0907,165609.1
2026-07-21 00:25:00,0.0906,0.0909,0.0905,0.0907,166091.4
2026-07-21 00:30:00,0.0906,0.0908,0.0906,0.0907,172316.9
2026-07-21 00:35:00,0.0906,0.0909,0.0905,0.0908,216978.8
2026-07-21 00:40:00,0.0908,0.0909,0.0907,0.0909,36945.7
2026-07-21 00:45:00,0.0908,0.091,0.0908,0.0909,166086.1
2026-07-21 00:50:00,0.0909,0.0909,0.0906,0.0907,35434.9
2026-07-21 00:55:00,0.0907,0.0908,0.0906,0.0907,33313.3
2026-07-21 01:00:00,0.0908,0.0914,0.0907,0.091,606102.5
2026-07-21 01:05:00,0.091,0.0912,0.091,0.0911,417016.6
2026-07-21 01:10:00,0.091,0.0911,0.0909,0.091,40683.7
2026-07-21 01:15:00,0.091,0.0911,0.0904,0.0905,393629.2
2026-07-21 01:20:00,0.0905,0.0905,0.0902,0.0902,720603.0
2026-07-21 01:25:00,0.0903,0.0903,0.0901,0.0902,218180.3
2026-07-21 01:30:00,0.0902,0.0905,0.0902,0.0904,49702.6
2026-07-21 01:35:00,0.0905,0.0905,0.0903,0.0903,167231.9
2026-07-21 01:40:00,0.0902,0.0904,0.0902,0.0904,105072.4
2026-07-21 01:45:00,0.0904,0.0905,0.0904,0.0905,8693.7
2026-07-21 01:50:00,0.0904,0.0904,0.0903,0.0904,2626.8
2026-07-21 01:55:00,0.0903,0.0903,0.0903,0.0903,65150.2
2026-07-21 02:00:00,0.0904,0.0905,0.0904,0.0904,44045.1
2026-07-21 02:05:00,0.0904,0.0905,0.0899,0.09,91573.8
2026-07-21 02:10:00,0.09,0.09,0.0898,0.0898,222163.8
2026-07-21 02:15:00,0.0899,0.0899,0.0895,0.0895,131246.5
2026-07-21 02:20:00,0.0895,0.09,0.0895,0.09,54323.3
2026-07-21 02:25:00,0.09,0.09,0.0898,0.0899,66062.6
2026-07-21 02:30:00,0.0898,0.0899,0.0898,0.0899,62572.1
2026-07-21 02:35:00,0.0899,0.09,0.0899,0.0899,44890.3
2026-07-21 02:40:00,0.09,0.0901,0.0899,0.0901,63150.0
2026-07-21 02:45:00,0.0901,0.0902,0.09,0.0902,302600.6
2026-07-21 02:50:00,0.0903,0.0903,0.0902,0.0903,26233.6
2026-07-21 02:55:00,0.0904,0.0906,0.0904,0.0904,158533.0
2026-07-21 03:00:00,0.0904,0.0906,0.0904,0.0906,34070.4
2026-07-21 03:05:00,0.0906,0.0909,0.0906,0.0907,76622.5
2026-07-21 03:10:00,0.0908,0.0908,0.0906,0.0907,14000.4
2026-07-21 03:15:00,0.0908,0.0908,0.0907,0.0907,9384.6
2026-07-21 03:20:00,0.0907,0.0908,0.0907,0.0907,59570.9
2026-07-21 03:25:00,0.0907,0.0908,0.0906,0.0907,34555.0
2026-07-21 03:30:00,0.0907,0.0907,0.0907,0.0907,2841.3
2026-07-21 03:35:00,0.0907,0.0907,0.0905,0.0905,231432.9
2026-07-21 03:40:00,0.0906,0.0906,0.0904,0.0905,30480.7
2026-07-21 03:45:00,0.0905,0.0907,0.0905,0.0907,23277.2
2026-07-21 03:50:00,0.0906,0.0908,0.0906,0.0908,54528.6
2026-07-21 03:55:00,0.0907,0.0907,0.0906,0.0907,21318.3
2026-07-21 04:00:00,0.0906,0.0909,0.0906,0.0907,154960.5
2026-07-21 04:05:00,0.0907,0.0908,0.0905,0.0905,207609.7
2026-07-21 04:10:00,0.0904,0.0905,0.0904,0.0904,30814.8
2026-07-21 04:15:00,0.0904,0.0905,0.0903,0.0903,157880.5
2026-07-21 04:20:00,0.0903,0.0905,0.0903,0.0903,198146.5
2026-07-21 04:25:00,0.0902,0.0903,0.0902,0.0902,36081.5
2026-07-21 04:30:00,0.0903,0.0903,0.0902,0.0902,427575.4
2026-07-21 04:35:00,0.0902,0.0903,0.0902,0.0903,25013.6
2026-07-21 04:40:00,0.0903,0.0903,0.0901,0.0902,117996.6
2026-07-21 04:45:00,0.0903,0.0903,0.0902,0.0903,36670.0
2026-07-21 04:50:00,0.0903,0.0903,0.0902,0.0902,37665.6
2026-07-21 04:55:00,0.0903,0.0903,0.0901,0.0902,169282.0
2026-07-21 05:00:00,0.0901,0.0903,0.0901,0.0903,66641.3
2026-07-21 05:05:00,0.0903,0.0903,0.09,0.0901,79989.7
2026-07-21 05:10:00,0.0901,0.0901,0.09,0.0901,28707.6
2026-07-21 05:15:00,0.09,0.0901,0.09,0.0901,42035.8
2026-07-21 05:20:00,0.09,0.0902,0.09,0.0902,12747.2
2026-07-21 05:25:00,0.0902,0.0904,0.0902,0.0903,60179.8
2026-07-21 05:30:00,0.0904,0.0904,0.0902,0.0902,83637.0
2026-07-21 05:35:00,0.0903,0.0904,0.0902,0.0902,226752.3
2026-07-21 05:40:00,0.0902,0.0903,0.0901,0.0902,65058.3
2026-07-21 05:45:00,0.0901,0.0905,0.0901,0.0905,141415.8
2026-07-21 05:50:00,0.0905,0.0906,0.0903,0.0903,81329.5
2026-07-21 05:55:00,0.0904,0.0904,0.0902,0.0903,79196.2
2026-07-21 06:00:00,0.0902,0.0905,0.0902,0.0903,54126.7
2026-07-21 06:05:00,0.0902,0.0903,0.0901,0.0901,47000.6
2026-07-21 06:10:00,0.0901,0.0902,0.0899,0.0902,171948.5
2026-07-21 06:15:00,0.0901,0.0902,0.09,0.0901,41896.2
2026-07-21 06:20:00,0.0901,0.0903,0.09,0.0903,128084.6
2026-07-21 06:25:00,0.0903,0.0903,0.0901,0.0903,49463.1
2026-07-21 06:30:00,0.0903,0.0903,0.0902,0.0902,125135.1
2026-07-21 06:35:00,0.0903,0.0904,0.0902,0.0904,339325.7
2026-07-21 06:40:00,0.0904,0.0907,0.0904,0.0906,697805.9
2026-07-21 06:45:00,0.0905,0.0908,0.0903,0.0906,371119.9
2026-07-21 06:50:00,0.0907,0.0912,0.0907,0.0907,936279.2
2026-07-21 06:55:00,0.0906,0.0908,0.0906,0.0908,53927.9
2026-07-21 07:00:00,0.0907,0.0914,0.0907,0.0912,518364.1
2026-07-21 07:05:00,0.0913,0.0919,0.0912,0.0915,359726.9
2026-07-21 07:10:00,0.0915,0.0915,0.0911,0.0912,451975.6
2026-07-21 07:15:00,0.0912,0.0915,0.0912,0.0915,262717.4
2026-07-21 07:20:00,0.0916,0.0916,0.091,0.091,283722.0
2026-07-21 07:25:00,0.0909,0.0911,0.0909,0.091,156359.6
2026-07-21 07:30:00,0.0909,0.091,0.0907,0.0909,202253.0
2026-07-21 07:35:00,0.0909,0.091,0.0909,0.091,111481.3
2026-07-21 07:40:00,0.091,0.0911,0.0909,0.0909,435883.4
2026-07-21 07:45:00,0.091,0.0911,0.0908,0.0909,135478.8
2026-07-21 07:50:00,0.0908,0.0909,0.0908,0.0909,84657.6
2026-07-21 07:55:00,0.0909,0.0909,0.0908,0.0909,92840.1
2026-07-21 08:00:00,0.091,0.091,0.0908,0.0909,90990.7
2026-07-21 08:05:00,0.0909,0.0909,0.0907,0.0908,94481.5
2026-07-21 08:10:00,0.0907,0.0909,0.0907,0.0909,61172.0
2026-07-21 08:15:00,0.091,0.091,0.0908,0.091,72747.2
2026-07-21 08:20:00,0.0909,0.0912,0.0909,0.091,147012.0
2026-07-21 08:25:00,0.091,0.091,0.0908,0.0908,109717.9
2026-07-21 08:30:00,0.0909,0.091,0.0908,0.0908,57671.5
2026-07-21 08:35:00,0.0909,0.091,0.0908,0.091,42632.9
2026-07-21 08:40:00,0.0909,0.091,0.0909,0.091,150813.5
2026-07-21 08:45:00,0.0909,0.0912,0.0909,0.0911,104428.1
2026-07-21 08:50:00,0.0911,0.0911,0.091,0.091,46854.3
2026-07-21 08:55:00,0.0911,0.0911,0.0908,0.0908,100466.1
2026-07-21 09:00:00,0.0908,0.0908,0.0905,0.0905,207344.7
2026-07-21 09:05:00,0.0905,0.0906,0.0904,0.0905,100417.4
2026-07-21 09:10:00,0.0905,0.0906,0.0904,0.0905,32972.4
2026-07-21 09:15:00,0.0905,0.0907,0.0904,0.0905,52239.6
2026-07-21 09:20:00,0.0905,0.0905,0.0903,0.0904,146436.9
2026-07-21 09:25:00,0.0904,0.0907,0.0904,0.0907,224126.9
2026-07-21 09:30:00,0.0907,0.0909,0.0905,0.0908,140944.9
2026-07-21 09:35:00,0.0909,0.0909,0.0907,0.0908,76047.0
2026-07-21 09:40:00,0.0908,0.091,0.0907,0.0909,111455.8
2026-07-21 09:45:00,0.091,0.0911,0.0909,0.091,73491.4
2026-07-21 09:50:00,0.0911,0.0911,0.091,0.091,90435.6
2026-07-21 09:55:00,0.0911,0.0912,0.091,0.0911,92210.9
2026-07-21 10:00:00,0.0911,0.0913,0.0909,0.091,214425.6
2026-07-21 10:05:00,0.0911,0.0911,0.0909,0.0909,36420.2
2026-07-21 10:10:00,0.0909,0.0911,0.0909,0.0911,198187.8
2026-07-21 10:15:00,0.091,0.0914,0.091,0.0913,215396.0
2026-07-21 10:20:00,0.0914,0.0914,0.091,0.0912,151932.3
2026-07-21 10:25:00,0.0911,0.0911,0.0909,0.0909,241925.6
2026-07-21 10:30:00,0.0909,0.0909,0.0908,0.0909,228503.8
2026-07-21 10:35:00,0.0908,0.0909,0.0906,0.0908,102218.1
2026-07-21 10:40:00,0.0908,0.0908,0.0907,0.0907,23725.8
2026-07-21 10:45:00,0.0907,0.0908,0.0906,0.0906,32147.8
2026-07-21 10:50:00,0.0907,0.0907,0.0903,0.0904,278942.9
2026-07-21 10:55:00,0.0904,0.0905,0.0903,0.0905,72258.3
2026-07-21 11:00:00,0.0905,0.0906,0.0904,0.0905,56533.4
2026-07-21 11:05:00,0.0904,0.0906,0.0904,0.0904,168264.8
2026-07-21 11:10:00,0.0904,0.0905,0.0904,0.0905,270076.0
2026-07-21 11:15:00,0.0905,0.0905,0.0903,0.0904,68659.3
2026-07-21 11:20:00,0.0904,0.0905,0.0903,0.0904,11185.4
2026-07-21 11:25:00,0.0904,0.0906,0.0904,0.0906,186815.1
2026-07-21 11:30:00,0.0905,0.0906,0.0903,0.0904,94500.3
2026-07-21 11:35:00,0.0903,0.0905,0.0903,0.0904,19301.8
2026-07-21 11:40:00,0.0904,0.0904,0.0903,0.0904,40697.5
2026-07-21 11:45:00,0.0903,0.0906,0.0903,0.0905,10599.8
2026-07-21 11:50:00,0.0905,0.0906,0.0904,0.0904,37778.6
2026-07-21 11:55:00,0.0904,0.0905,0.0903,0.0903,61871.4
2026-07-21 12:00:00,0.0902,0.0908,0.0902,0.0907,1915944.7
2026-07-21 12:05:00,0.0906,0.0906,0.0901,0.0901,1933643.8
2026-07-21 12:10:00,0.0901,0.0902,0.0901,0.0901,83679.2
2026-07-21 12:15:00,0.0902,0.0903,0.09,0.0902,291936.6
2026-07-21 12:20:00,0.0903,0.0905,0.0903,0.0904,184454.1
2026-07-21 12:25:00,0.0905,0.0905,0.0903,0.0903,154678.0
2026-07-21 12:30:00,0.0904,0.0904,0.0901,0.0903,235189.9
2026-07-21 12:35:00,0.0902,0.0903,0.0901,0.0903,182444.7
2026-07-21 12:40:00,0.0902,0.0903,0.0901,0.0902,36970.7
2026-07-21 12:45:00,0.0902,0.0905,0.0901,0.0904,358775.9
2026-07-21 12:50:00,0.0904,0.0904,0.0903,0.0904,18245.2
2026-07-21 12:55:00,0.0904,0.0904,0.0903,0.0903,37546.7
2026-07-21 13:00:00,0.0903,0.0903,0.0901,0.0902,124136.2
2026-07-21 13:05:00,0.0903,0.0903,0.0901,0.0902,43180.7
2026-07-21 13:10:00,0.0901,0.0904,0.0901,0.0903,215841.7
2026-07-21 13:15:00,0.0904,0.0904,0.0902,0.0903,51985.1
2026-07-21 13:20:00,0.0904,0.0904,0.0901,0.0902,122357.7
2026-07-21 13:25:00,0.0901,0.0903,0.0901,0.0901,242545.5
2026-07-21 13:30:00,0.0902,0.0902,0.0899,0.0899,524741.1
2026-07-21 13:35:00,0.0899,0.0901,0.0898,0.0898,373779.1
2026-07-21 13:40:00,0.09,0.09,0.0894,0.0895,983939.4
2026-07-21 13:45:00,0.0895,0.09,0.0894,0.09,338817.9
2026-07-21 13:50:00,0.09,0.0903,0.09,0.0903,417022.9
2026-07-21 13:55:00,0.0902,0.0903,0.0901,0.0903,185238.8
2026-07-21 14:00:00,0.0902,0.0903,0.09,0.0901,249857.6
2026-07-21 14:05:00,0.0901,0.0902,0.0898,0.0899,92404.7
2026-07-21 14:10:00,0.09,0.0901,0.09,0.0901,32075.3
2026-07-21 14:15:00,0.0901,0.0901,0.09,0.09,90389.2
2026-07-21 14:20:00,0.09,0.0901,0.0897,0.0898,197060.4
2026-07-21 14:25:00,0.0898,0.0899,0.0897,0.0897,59638.0
2026-07-21 14:30:00,0.0897,0.0898,0.0896,0.0897,27903.2
2026-07-21 14:35:00,0.0898,0.0898,0.0896,0.0897,16383.1
2026-07-21 14:40:00,0.0897,0.0898,0.0895,0.0898,84415.3
2026-07-21 14:45:00,0.0899,0.09,0.0896,0.0897,220653.5
2026-07-21 14:50:00,0.0897,0.0897,0.0895,0.0897,338757.3
2026-07-21 14:55:00,0.0896,0.0897,0.0896,0.0897,50018.4
2026-07-21 15:00:00,0.0896,0.0896,0.0893,0.0895,418756.4
2026-07-21 15:05:00,0.0895,0.0897,0.0895,0.0897,92322.4
2026-07-21 15:10:00,0.0897,0.0897,0.0895,0.0895,26370.9
2026-07-21 15:15:00,0.0895,0.0897,0.0895,0.0897,102104.4
2026-07-21 15:20:00,0.0896,0.0898,0.0896,0.0896,64834.4
2026-07-21 15:25:00,0.0895,0.0896,0.0893,0.0894,95561.1
2026-07-21 15:30:00,0.0894,0.0895,0.0892,0.0894,95575.3
2026-07-21 15:35:00,0.0894,0.0897,0.0893,0.0897,135674.3
2026-07-21 15:40:00,0.0896,0.0896,0.0895,0.0896,70704.9
2026-07-21 15:45:00,0.0896,0.0897,0.0895,0.0897,105703.4
2026-07-21 15:50:00,0.0898,0.0899,0.0897,0.0898,37100.9
2026-07-21 15:55:00,0.0898,0.0899,0.0897,0.0899,64901.1
2026-07-21 16:00:00,0.0898,0.0899,0.0897,0.0899,82155.8
2026-07-21 16:05:00,0.0899,0.0899,0.0895,0.0895,33532.2
2026-07-21 16:10:00,0.0896,0.0897,0.0895,0.0896,28850.7
2026-07-21 16:15:00,0.0896,0.0897,0.0895,0.0896,23509.0
2026-07-21 16:20:00,0.0896,0.0897,0.0893,0.0893,1001627.9
2026-07-21 16:25:00,0.0893,0.0894,0.0893,0.0893,186270.5
2026-07-21 16:30:00,0.0894,0.0894,0.0893,0.0893,8128.1
2026-07-21 16:35:00,0.0894,0.0895,0.0894,0.0895,17369.4
2026-07-21 16:40:00,0.0895,0.0895,0.0894,0.0894,15964.3
2026-07-21 16:45:00,0.0894,0.0894,0.0892,0.0894,60257.2
2026-07-21 16:50:00,0.0894,0.0895,0.0894,0.0895,6094.9
2026-07-21 16:55:00,0.0894,0.0895,0.0894,0.0894,3024.2
2026-07-21 17:00:00,0.0894,0.0895,0.0894,0.0895,6355.9
2026-07-21 17:05:00,0.0894,0.0895,0.0893,0.0893,46324.8
2026-07-21 17:10:00,0.0893,0.0893,0.0892,0.0892,153009.3
2026-07-21 17:15:00,0.0892,0.0892,0.0889,0.089,154692.4
2026-07-21 17:20:00,0.089,0.0892,0.0889,0.0891,58970.8
2026-07-21 17:25:00,0.0892,0.0892,0.0889,0.089,283698.4
2026-07-21 17:30:00,0.089,0.089,0.0889,0.0889,116657.1
2026-07-21 17:35:00,0.0889,0.0891,0.0889,0.0891,111503.5
2026-07-21 17:40:00,0.089,0.0891,0.0889,0.089,191953.3
2026-07-21 17:45:00,0.0889,0.089,0.0881,0.0888,1484710.0
2026-07-21 17:50:00,0.0888,0.0889,0.0887,0.0888,215787.9
2026-07-21 17:55:00,0.0888,0.089,0.0887,0.089,184122.1
2026-07-21 18:00:00,0.089,0.089,0.0888,0.089,88347.9
2026-07-21 18:05:00,0.0891,0.0892,0.0891,0.0892,4789.0
2026-07-21 18:10:00,0.0892,0.0892,0.0891,0.0891,83079.6
2026-07-21 18:15:00,0.0891,0.0891,0.0891,0.0891,1972.0
2026-07-21 18:20:00,0.0892,0.0892,0.0891,0.0892,13566.4
2026-07-21 18:25:00,0.0892,0.0892,0.089,0.089,45190.8
2026-07-21 18:30:00,0.0889,0.0891,0.0889,0.0891,15713.3
2026-07-21 18:35:00,0.0892,0.0893,0.0892,0.0893,34807.5
2026-07-21 18:40:00,0.0892,0.0893,0.0892,0.0892,49398.4
2026-07-21 18:45:00,0.0892,0.0892,0.0891,0.0891,913.6
2026-07-21 18:50:00,0.0893,0.0893,0.0892,0.0892,7305.4
2026-07-21 18:55:00,0.0892,0.0892,0.0891,0.0891,36446.3
2026-07-21 19:00:00,0.0892,0.0893,0.0891,0.0893,26889.2
2026-07-21 19:05:00,0.0893,0.0893,0.0893,0.0893,14078.9
2026-07-21 19:10:00,0.0893,0.0893,0.0889,0.0889,28408.5
2026-07-21 19:15:00,0.089,0.089,0.0889,0.0889,28652.4
2026-07-21 19:20:00,0.089,0.089,0.0889,0.089,20399.2
2026-07-21 19:25:00,0.089,0.0891,0.0889,0.089,103111.2
2026-07-21 19:30:00,0.0891,0.0891,0.089,0.0891,196133.8
2026-07-21 19:35:00,0.0892,0.0893,0.0892,0.0892,19130.1
2026-07-21 19:40:00,0.0892,0.0892,0.0891,0.0892,17154.5
2026-07-21 19:45:00,0.0892,0.0893,0.0892,0.0892,23267.0
2026-07-21 19:50:00,0.0892,0.0893,0.0891,0.0891,197745.1
2026-07-21 19:55:00,0.0892,0.0892,0.0891,0.0892,14597.4
2026-07-21 20:00:00,0.0892,0.0892,0.0891,0.0891,191381.5
2026-07-21 20:05:00,0.0892,0.0892,0.0891,0.0891,127948.0
2026-07-21 20:10:00,0.0892,0.0892,0.0891,0.0892,3369.9
2026-07-21 20:15:00,0.0892,0.0892,0.0891,0.0891,56185.3
2026-07-21 20:20:00,0.089,0.0892,0.089,0.089,45062.7
2026-07-21 20:25:00,0.089,0.0891,0.089,0.089,92358.4
2026-07-21 20:30:00,0.089,0.0891,0.089,0.0891,155085.6
2026-07-21 20:35:00,0.0892,0.0893,0.0892,0.0892,25266.1
2026-07-21 20:40:00,0.0892,0.0892,0.089,0.089,31764.1
2026-07-21 20:45:00,0.0891,0.0892,0.089,0.089,72674.4
2026-07-21 20:50:00,0.089,0.089,0.0889,0.089,135601.5
2026-07-21 20:55:00,0.089,0.089,0.0889,0.0889,16025.3
2026-07-21 21:00:00,0.0889,0.089,0.0888,0.0889,78164.3
2026-07-21 21:05:00,0.089,0.0891,0.089,0.0891,42881.8
2026-07-21 21:10:00,0.089,0.0891,0.089,0.0891,107139.0
2026-07-21 21:15:00,0.0891,0.0891,0.0891,0.0891,44730.7
2026-07-21 21:20:00,0.0891,0.0892,0.0891,0.0892,134134.0
2026-07-21 21:25:00,0.0892,0.0892,0.0891,0.0891,59713.6
2026-07-21 21:30:00,0.0892,0.0893,0.0892,0.0892,10516.8
2026-07-21 21:35:00,0.0893,0.0893,0.0893,0.0893,8564.2
2026-07-21 21:40:00,0.0893,0.0893,0.0892,0.0893,2112.6
2026-07-21 21:45:00,0.0893,0.0893,0.0892,0.0892,11675.5
2026-07-21 21:50:00,0.0893,0.0893,0.0892,0.0892,1224.8
2026-07-21 21:55:00,0.0892,0.0892,0.0891,0.0891,52919.4
2026-07-21 22:00:00,0.0891,0.0891,0.0887,0.0889,247575.3
2026-07-21 22:05:00,0.0888,0.0889,0.0887,0.0887,93329.4
2026-07-21 22:10:00,0.0887,0.0887,0.0886,0.0887,13791.0
2026-07-21 22:15:00,0.0887,0.0887,0.0885,0.0886,92345.8
2026-07-21 22:20:00,0.0886,0.0886,0.0884,0.0885,38826.4
2026-07-21 22:25:00,0.0885,0.0886,0.0885,0.0885,24773.6
2026-07-21 22:30:00,0.0886,0.0886,0.0885,0.0885,18094.8
2026-07-21 22:35:00,0.0886,0.0886,0.0886,0.0886,4779.0
2026-07-21 22:40:00,0.0886,0.0886,0.0885,0.0885,7813.5
2026-07-21 22:45:00,0.0885,0.0885,0.0884,0.0885,74475.9
2026-07-21 22:50:00,0.0884,0.0885,0.0884,0.0885,4209.5
2026-07-21 22:55:00,0.0885,0.0885,0.0885,0.0885,49253.3
2026-07-21 23:00:00,0.0886,0.0886,0.0884,0.0884,83842.3
2026-07-21 23:05:00,0.0883,0.0884,0.0883,0.0883,126232.8
2026-07-21 23:10:00,0.0883,0.0884,0.0882,0.0884,9586.4
2026-07-21 23:15:00,0.0884,0.0885,0.0884,0.0884,51522.5
2026-07-21 23:20:00,0.0884,0.0885,0.0884,0.0885,143187.0
2026-07-21 23:25:00,0.0884,0.0885,0.0884,0.0885,144285.5
2026-07-21 23:30:00,0.0885,0.0885,0.0885,0.0885,16626.6
2026-07-21 23:35:00,0.0885,0.0886,0.0885,0.0886,22302.6
2026-07-21 23:40:00,0.0886,0.089,0.0886,0.0887,501386.6
2026-07-21 23:45:00,0.0887,0.0887,0.0886,0.0887,24293.3
2026-07-21 23:50:00,0.0886,0.0887,0.0886,0.0887,3019.2
2026-07-21 23:55:00,0.0887,0.089,0.0887,0.089,22275.1
2026-07-22 00:00:00,0.0889,0.089,0.0887,0.089,277875.5
2026-07-22 00:05:00,0.089,0.0894,0.0889,0.0892,341779.6
2026-07-22 00:10:00,0.0892,0.0896,0.0892,0.0895,163608.7
2026-07-22 00:15:00,0.0895,0.0898,0.0895,0.0895,133439.7
2026-07-22 00:20:00,0.0896,0.0898,0.0896,0.0897,53751.1
2026-07-22 00:25:00,0.0896,0.0898,0.0896,0.0897,60327.0
2026-07-22 00:30:00,0.0897,0.0898,0.0896,0.0898,33005.3
2026-07-22 00:35:00,0.0898,0.0899,0.0897,0.0899,82208.9
2026-07-22 00:40:00,0.0899,0.0902,0.0899,0.0901,401029.1
2026-07-22 00:45:00,0.09,0.0903,0.09,0.0902,85506.9
2026-07-22 00:50:00,0.0902,0.0904,0.0902,0.0903,165413.7
2026-07-22 00:55:00,0.0902,0.0905,0.0901,0.0905,120068.7
2026-07-22 01:00:00,0.0905,0.0905,0.0903,0.0904,104361.2
2026-07-22 01:05:00,0.0905,0.0905,0.0903,0.0904,59894.5
2026-07-22 01:10:00,0.0903,0.0904,0.0901,0.0903,129157.9
2026-07-22 01:15:00,0.0902,0.0903,0.0902,0.0902,46475.8
2026-07-22 01:20:00,0.0901,0.0902,0.09,0.09,55272.5
2026-07-22 01:25:00,0.09,0.0903,0.09,0.0902,106067.5
2026-07-22 01:30:00,0.0903,0.0904,0.0902,0.0904,131997.9
2026-07-22 01:35:00,0.0904,0.0904,0.0902,0.0903,191938.0
2026-07-22 01:40:00,0.0902,0.0903,0.09,0.0901,538166.5
2026-07-22 01:45:00,0.0901,0.0902,0.0898,0.0901,1186499.4
2026-07-22 01:50:00,0.0901,0.0902,0.09,0.09,82587.9
2026-07-22 01:55:00,0.09,0.0901,0.0899,0.09,99538.1
2026-07-22 02:00:00,0.0901,0.0901,0.09,0.09,34263.7
2026-07-22 02:05:00,0.0901,0.0901,0.0898,0.0899,96583.5
2026-07-22 02:10:00,0.0899,0.09,0.0899,0.09,28258.2
2026-07-22 02:15:00,0.09,0.0902,0.09,0.0902,19664.3
2026-07-22 02:20:00,0.0901,0.0901,0.09,0.0901,36093.8
2026-07-22 02:25:00,0.0902,0.0902,0.09,0.0901,12750.1
2026-07-22 02:30:00,0.0901,0.0902,0.0899,0.0899,44649.7
2026-07-22 02:35:00,0.0899,0.0899,0.0896,0.0897,130195.5
2026-07-22 02:40:00,0.0897,0.0899,0.0897,0.0898,75905.1
2026-07-22 02:45:00,0.0898,0.0898,0.0897,0.0897,10416.3
2026-07-22 02:50:00,0.0898,0.0898,0.0896,0.0897,28621.3
2026-07-22 02:55:00,0.0898,0.0898,0.0895,0.0897,58525.3
2026-07-22 03:00:00,0.0898,0.09,0.0897,0.09,5853.6
2026-07-22 03:05:00,0.09,0.0902,0.0898,0.0898,244731.7
2026-07-22 03:10:00,0.0898,0.0898,0.0896,0.0896,74051.8
2026-07-22 03:15:00,0.0896,0.0897,0.0896,0.0897,19759.9
2026-07-22 03:20:00,0.0897,0.09,0.0897,0.0898,153799.2
2026-07-22 03:25:00,0.0898,0.09,0.0898,0.0898,53113.3
2026-07-22 03:30:00,0.0898,0.0898,0.0896,0.0896,80543.3
2026-07-22 03:35:00,0.0896,0.0897,0.0896,0.0896,53155.7
2026-07-22 03:40:00,0.0896,0.0897,0.0896,0.0897,51662.3
2026-07-22 03:45:00,0.0898,0.09,0.0898,0.09,87265.8
2026-07-22 03:50:00,0.0899,0.09,0.0898,0.0898,29318.0
2026-07-22 03:55:00,0.0898,0.0898,0.0894,0.0894,121472.0
2026-07-22 04:00:00,0.0894,0.0898,0.0894,0.0898,121050.4
2026-07-22 04:05:00,0.0898,0.09,0.0898,0.09,48372.3
2026-07-22 04:10:00,0.0899,0.0901,0.0899,0.0901,667979.7
2026-07-22 04:15:00,0.09,0.0903,0.09,0.0901,207972.7
2026-07-22 04:20:00,0.0901,0.0905,0.0901,0.0904,460330.5
2026-07-22 04:25:00,0.0904,0.0904,0.0902,0.0903,153634.4
2026-07-22 04:30:00,0.0904,0.0905,0.0903,0.0905,103538.3
2026-07-22 04:35:00,0.0905,0.0905,0.0903,0.0905,78008.3
2026-07-22 04:40:00,0.0904,0.0906,0.0903,0.0906,35576.3
2026-07-22 04:45:00,0.0906,0.0911,0.0906,0.091,374225.8
2026-07-22 04:50:00,0.091,0.0911,0.0909,0.0909,183441.9
2026-07-22 04:55:00,0.0909,0.0909,0.0907,0.0909,312922.0
2026-07-22 05:00:00,0.091,0.0911,0.0909,0.091,183806.6
2026-07-22 05:05:00,0.091,0.091,0.0906,0.0907,323276.2
2026-07-22 05:10:00,0.0907,0.0909,0.0906,0.0907,215201.6
2026-07-22 05:15:00,0.0907,0.0907,0.0904,0.0904,106818.1
2026-07-22 05:20:00,0.0903,0.0903,0.0899,0.09,317555.4
2026-07-22 05:25:00,0.09,0.0902,0.09,0.0902,174428.5
2026-07-22 05:30:00,0.0902,0.0905,0.0902,0.0905,28718.2
2026-07-22 05:35:00,0.0905,0.0905,0.09,0.09,121154.8
2026-07-22 05:40:00,0.09,0.0903,0.09,0.0901,136442.5
2026-07-22 05:45:00,0.0901,0.0902,0.0899,0.09,39954.6
2026-07-22 05:50:00,0.0901,0.0918,0.0901,0.0914,9828793.3
2026-07-22 05:55:00,0.0914,0.0914,0.0908,0.0908,547563.4
2026-07-22 06:00:00,0.0908,0.0909,0.0904,0.0907,341692.9
2026-07-22 06:05:00,0.0908,0.0908,0.0905,0.0907,242657.3
2026-07-22 06:10:00,0.0906,0.0909,0.0906,0.0908,181051.1
2026-07-22 06:15:00,0.0909,0.0909,0.0906,0.0909,219054.3
2026-07-22 06:20:00,0.0909,0.091,0.0902,0.0905,237810.3
2026-07-22 06:25:00,0.0905,0.0909,0.0905,0.0908,382839.8
2026-07-22 06:30:00,0.0909,0.0914,0.0907,0.0913,513464.1
2026-07-22 06:35:00,0.0913,0.0915,0.091,0.091,311546.5
2026-07-22 06:40:00,0.0909,0.0909,0.0904,0.0904,492222.5
2026-07-22 06:45:00,0.0904,0.0904,0.09,0.0903,216202.8
2026-07-22 06:50:00,0.0903,0.0905,0.0902,0.0904,97738.1
2026-07-22 06:55:00,0.0903,0.0903,0.0901,0.0902,138287.1
2026-07-22 07:00:00,0.0902,0.0903,0.09,0.0902,57920.4
2026-07-22 07:05:00,0.0902,0.0903,0.0901,0.0901,112719.2
2026-07-22 07:10:00,0.0901,0.0903,0.09,0.0901,39907.1
2026-07-22 07:15:00,0.0902,0.0902,0.0898,0.0899,106295.4
2026-07-22 07:20:00,0.09,0.09,0.0898,0.0898,23295.7
2026-07-22 07:25:00,0.0899,0.0899,0.0897,0.0898,867886.2
2026-07-22 07:30:00,0.0897,0.0898,0.0896,0.0896,156672.4
2026-07-22 07:35:00,0.0896,0.0897,0.0895,0.0895,130051.5
2026-07-22 07:40:00,0.0895,0.0897,0.0894,0.0897,223043.2
2026-07-22 07:45:00,0.0896,0.0897,0.0893,0.0893,124562.3
2026-07-22 07:50:00,0.0893,0.0895,0.0893,0.0894,55286.7
2026-07-22 07:55:00,0.0893,0.0895,0.0892,0.0893,143994.8
2026-07-22 08:00:00,0.0893,0.0896,0.0892,0.0896,63036.2
2026-07-22 08:05:00,0.0897,0.09,0.0897,0.09,183191.7
2026-07-22 08:10:00,0.0899,0.0899,0.0897,0.0897,413076.0
2026-07-22 08:15:00,0.0897,0.0898,0.0896,0.0897,97672.9
2026-07-22 08:20:00,0.0898,0.0901,0.0898,0.09,252238.2
2026-07-22 08:25:00,0.09,0.0901,0.0899,0.09,45348.5
2026-07-22 08:30:00,0.0901,0.0902,0.0898,0.0899,119992.2
2026-07-22 08:35:00,0.09,0.0901,0.0897,0.0898,345203.9
2026-07-22 08:40:00,0.0899,0.09,0.0898,0.0898,160038.5
2026-07-22 08:45:00,0.0898,0.0901,0.0897,0.09,119294.2
2026-07-22 08:50:00,0.0899,0.09,0.0898,0.0899,40815.2
2026-07-22 08:55:00,0.0899,0.0899,0.0898,0.0898,106282.6
2026-07-22 09:00:00,0.0897,0.0901,0.0897,0.09,114309.4
2026-07-22 09:05:00,0.0901,0.0901,0.0897,0.09,158270.3
2026-07-22 09:10:00,0.09,0.09,0.0899,0.0899,66886.9
2026-07-22 09:15:00,0.0899,0.09,0.0898,0.0899,37919.0
2026-07-22 09:20:00,0.0899,0.09,0.0896,0.0897,239988.9
2026-07-22 09:25:00,0.0898,0.0898,0.0895,0.0896,29758.6
2026-07-22 09:30:00,0.0895,0.0895,0.0892,0.0893,156715.9
2026-07-22 09:35:00,0.0892,0.0894,0.0892,0.0893,136840.8
2026-07-22 09:40:00,0.0893,0.0895,0.0893,0.0894,254065.3
2026-07-22 09:45:00,0.0893,0.0895,0.0893,0.0895,54378.1
2026-07-22 09:50:00,0.0894,0.0894,0.0893,0.0893,68466.2
2026-07-22 09:55:00,0.0894,0.0895,0.0894,0.0895,43561.0
2026-07-22 10:00:00,0.0895,0.0897,0.0895,0.0895,84763.2
2026-07-22 10:05:00,0.0896,0.0896,0.0895,0.0895,37282.1
2026-07-22 10:10:00,0.0895,0.0895,0.0894,0.0895,34293.9
2026-07-22 10:15:00,0.0896,0.0898,0.0895,0.0898,85708.4
2026-07-22 10:20:00,0.0898,0.0899,0.0898,0.0899,92151.8
2026-07-22 10:25:00,0.0899,0.0903,0.0899,0.0902,235972.3
2026-07-22 10:30:00,0.0903,0.0906,0.0903,0.0906,374070.2
2026-07-22 10:35:00,0.0906,0.0906,0.0901,0.0901,252065.0
2026-07-22 10:40:00,0.0902,0.0902,0.0899,0.0901,200907.9
2026-07-22 10:45:00,0.09,0.0902,0.0899,0.0902,53469.5
2026-07-22 10:50:00,0.0902,0.0903,0.0901,0.0901,34536.2
2026-07-22 10:55:00,0.09,0.0901,0.09,0.09,25314.4
2026-07-22 11:00:00,0.0899,0.0901,0.0899,0.09,101325.1
2026-07-22 11:05:00,0.0901,0.0901,0.09,0.09,79237.7
2026-07-22 11:10:00,0.09,0.0901,0.0899,0.0899,103602.8
2026-07-22 11:15:00,0.0898,0.0899,0.0898,0.0899,36306.8
2026-07-22 11:20:00,0.0898,0.09,0.0898,0.0899,97319.6
2026-07-22 11:25:00,0.0899,0.09,0.0898,0.0898,71804.3
2026-07-22 11:30:00,0.0898,0.0898,0.0895,0.0896,140350.6
2026-07-22 11:35:00,0.0895,0.0897,0.0895,0.0896,123066.1
2026-07-22 11:40:00,0.0895,0.0895,0.0893,0.0894,214731.2
2026-07-22 11:45:00,0.0894,0.0895,0.0893,0.0894,106984.0
2026-07-22 11:50:00,0.0894,0.0895,0.0893,0.0895,44525.4
2026-07-22 11:55:00,0.0895,0.0896,0.0894,0.0895,23414.4
2026-07-22 12:00:00,0.0895,0.0895,0.0892,0.0893,109819.0
2026-07-22 12:05:00,0.0892,0.0892,0.0891,0.0892,79480.3
2026-07-22 12:10:00,0.0891,0.0894,0.0891,0.0894,150108.1
2026-07-22 12:15:00,0.0894,0.0894,0.0891,0.0891,69506.9
2026-07-22 12:20:00,0.0891,0.0892,0.089,0.0891,105540.5
2026-07-22 12:25:00,0.0892,0.0893,0.0892,0.0892,85963.9
2026-07-22 12:30:00,0.0891,0.0892,0.0889,0.089,223045.5
2026-07-22 12:35:00,0.089,0.089,0.0888,0.089,227789.5
2026-07-22 12:40:00,0.0889,0.0891,0.0889,0.0891,269398.8
2026-07-22 12:45:00,0.0891,0.0891,0.0888,0.0888,206307.9
2026-07-22 12:50:00,0.0888,0.0889,0.0885,0.0888,959383.8
2026-07-22 12:55:00,0.0888,0.0891,0.0883,0.0891,606418.0
2026-07-22 13:00:00,0.0891,0.0894,0.089,0.0894,243068.5
2026-07-22 13:05:00,0.0893,0.0896,0.0893,0.0896,93650.2
2026-07-22 13:10:00,0.0895,0.0895,0.0893,0.0893,306670.0
2026-07-22 13:15:00,0.0894,0.0895,0.0894,0.0895,144724.6
2026-07-22 13:20:00,0.0894,0.0896,0.0893,0.0894,622483.3
2026-07-22 13:25:00,0.0894,0.0895,0.0893,0.0895,47620.3
2026-07-22 13:30:00,0.0896,0.0898,0.0894,0.0898,220572.5
2026-07-22 13:35:00,0.0898,0.0902,0.0898,0.0901,390771.2
2026-07-22 13:40:00,0.0901,0.0904,0.0899,0.0903,825463.5
2026-07-22 13:45:00,0.0904,0.0906,0.0903,0.0904,1274180.9
2026-07-22 13:50:00,0.0904,0.0907,0.0903,0.0905,272183.1
2026-07-22 13:55:00,0.0905,0.0908,0.0904,0.0907,225361.2
2026-07-22 14:00:00,0.0907,0.0911,0.0906,0.091,235466.4
2026-07-22 14:05:00,0.0911,0.0916,0.0908,0.0908,810597.7
2026-07-22 14:10:00,0.0909,0.091,0.0906,0.0907,91505.5
2026-07-22 14:15:00,0.0906,0.0906,0.0903,0.0905,231249.0
2026-07-22 14:20:00,0.0905,0.0905,0.0903,0.0903,106950.8
2026-07-22 14:25:00,0.0904,0.0905,0.0902,0.0902,104181.6
2026-07-22 14:30:00,0.0903,0.0905,0.0902,0.0904,215499.9
2026-07-22 14:35:00,0.0903,0.0905,0.0902,0.0904,58999.2
2026-07-22 14:40:00,0.0905,0.0906,0.0903,0.0904,111816.8
2026-07-22 14:45:00,0.0904,0.0906,0.0903,0.0904,56636.9
2026-07-22 14:50:00,0.0903,0.0905,0.0903,0.0905,159851.1
2026-07-22 14:55:00,0.0904,0.0905,0.0904,0.0905,78332.0
2026-07-22 15:00:00,0.0905,0.0909,0.0905,0.0908,83590.0
2026-07-22 15:05:00,0.0907,0.0909,0.0907,0.0909,82429.2
2026-07-22 15:10:00,0.0909,0.0911,0.0908,0.091,427484.8
2026-07-22 15:15:00,0.0911,0.0911,0.0909,0.0909,121259.2
2026-07-22 15:20:00,0.091,0.091,0.0908,0.0909,483937.4
2026-07-22 15:25:00,0.0909,0.0911,0.0909,0.091,112990.9
2026-07-22 15:30:00,0.091,0.0912,0.0908,0.0908,205889.6
2026-07-22 15:35:00,0.0909,0.091,0.0908,0.0909,176315.0
2026-07-22 15:40:00,0.0909,0.0911,0.0908,0.091,435747.1
2026-07-22 15:45:00,0.0911,0.0913,0.091,0.0913,223907.4
2026-07-22 15:50:00,0.0913,0.0914,0.0907,0.0907,367271.4
2026-07-22 15:55:00,0.0908,0.0909,0.0907,0.0909,166598.7
2026-07-22 16:00:00,0.0909,0.0909,0.0906,0.0908,33533.6
2026-07-22 16:05:00,0.0909,0.0911,0.0909,0.0911,163698.1
2026-07-22 16:10:00,0.091,0.0911,0.0909,0.0911,202737.6
2026-07-22 16:15:00,0.0911,0.0912,0.0908,0.0911,182151.5
2026-07-22 16:20:00,0.0911,0.0913,0.091,0.0912,257896.4
2026-07-22 16:25:00,0.0911,0.0914,0.0911,0.0914,212631.8
2026-07-22 16:30:00,0.0914,0.0919,0.0914,0.0918,364621.6
2026-07-22 16:35:00,0.0917,0.0919,0.0915,0.0918,76583.0
2026-07-22 16:40:00,0.0918,0.0918,0.0915,0.0916,73260.8
2026-07-22 16:45:00,0.0916,0.0916,0.0914,0.0915,94344.7
2026-07-22 16:50:00,0.0915,0.0919,0.0915,0.0918,161728.2
2026-07-22 16:55:00,0.0919,0.0919,0.0917,0.0918,169597.7
2026-07-22 17:00:00,0.0917,0.0918,0.0916,0.0916,109417.2
2026-07-22 17:05:00,0.0917,0.0918,0.0916,0.0916,18821.5
2026-07-22 17:10:00,0.0916,0.0916,0.0914,0.0915,49625.6
2026-07-22 17:15:00,0.0915,0.0916,0.0912,0.0913,48521.5
2026-07-22 17:20:00,0.0913,0.0913,0.091,0.091,609949.6
2026-07-22 17:25:00,0.091,0.0911,0.0907,0.0909,196754.7
2026-07-22 17:30:00,0.0909,0.0911,0.0907,0.0907,69886.9
2026-07-22 17:35:00,0.0907,0.0908,0.0907,0.0907,21075.9
2026-07-22 17:40:00,0.0908,0.091,0.0908,0.0909,185355.4
2026-07-22 17:45:00,0.0909,0.091,0.0908,0.0908,312724.1
2026-07-22 17:50:00,0.0908,0.0911,0.0908,0.0908,137434.3
2026-07-22 17:55:00,0.0907,0.0908,0.0906,0.0907,57573.8
2026-07-22 18:00:00,0.0907,0.0908,0.0905,0.0906,60601.7
2026-07-22 18:05:00,0.0906,0.0907,0.0904,0.0904,59059.4
2026-07-22 18:10:00,0.0904,0.0906,0.0903,0.0905,194635.2
2026-07-22 18:15:00,0.0905,0.0906,0.0905,0.0906,48131.2
2026-07-22 18:20:00,0.0906,0.0907,0.0905,0.0905,206435.1
2026-07-22 18:25:00,0.0905,0.0905,0.0904,0.0905,31082.5
2026-07-22 18:30:00,0.0904,0.0904,0.0898,0.0899,274573.6
2026-07-22 18:35:00,0.09,0.09,0.0899,0.09,137162.2
2026-07-22 18:40:00,0.09,0.0901,0.09,0.0901,80175.8
2026-07-22 18:45:00,0.09,0.0902,0.09,0.09,82152.5
2026-07-22 18:50:00,0.09,0.0902,0.09,0.0902,209170.4
2026-07-22 18:55:00,0.0902,0.0903,0.0902,0.0903,147459.0
2026-07-22 19:00:00,0.0903,0.0905,0.09,0.0904,114464.2
2026-07-22 19:05:00,0.0904,0.0905,0.0904,0.0904,52504.8
2026-07-22 19:10:00,0.0905,0.0905,0.0901,0.0903,184686.6
2026-07-22 19:15:00,0.0902,0.0905,0.0902,0.0905,62349.1
2026-07-22 19:20:00,0.0906,0.0906,0.0904,0.0905,31352.7
2026-07-22 19:25:00,0.0905,0.0906,0.0904,0.0905,7612.7
2026-07-22 19:30:00,0.0905,0.0907,0.0905,0.0906,7125.6
2026-07-22 19:35:00,0.0906,0.0906,0.0904,0.0904,60721.1
2026-07-22 19:40:00,0.0904,0.0905,0.0902,0.0904,72695.7
2026-07-22 19:45:00,0.0904,0.0904,0.0903,0.0904,62604.2
2026-07-22 19:50:00,0.0904,0.0905,0.0903,0.0904,104494.3
2026-07-22 19:55:00,0.0903,0.0905,0.0903,0.0905,30903.1
2026-07-22 20:00:00,0.0904,0.0906,0.0904,0.0905,291719.3
2026-07-22 20:05:00,0.0905,0.0906,0.0904,0.0906,55551.5
2026-07-22 20:10:00,0.0905,0.0908,0.0905,0.0908,78905.5
2026-07-22 20:15:00,0.0908,0.0909,0.0907,0.0908,89588.9
2026-07-22 20:20:00,0.0908,0.0908,0.0906,0.0907,36299.7
2026-07-22 20:25:00,0.0906,0.0906,0.0905,0.0906,13720.8
2026-07-22 20:30:00,0.0906,0.0907,0.0905,0.0906,33791.0
2026-07-22 20:35:00,0.0905,0.0906,0.0905,0.0906,27506.8
2026-07-22 20:40:00,0.0905,0.0907,0.0905,0.0906,31937.0
2026-07-22 20:45:00,0.0906,0.0906,0.0904,0.0904,9234.0
2026-07-22 20:50:00,0.0904,0.0905,0.0904,0.0905,23102.8
2026-07-22 20:55:00,0.0905,0.0906,0.0905,0.0905,15454.4
2026-07-22 21:00:00,0.0905,0.0907,0.0905,0.0906,64301.4
2026-07-22 21:05:00,0.0906,0.0907,0.0905,0.0907,53000.5
2026-07-22 21:10:00,0.0906,0.0906,0.0905,0.0905,12081.0
2026-07-22 21:15:00,0.0906,0.0906,0.0904,0.0904,7625.4
2026-07-22 21:20:00,0.0905,0.0906,0.0904,0.0904,4090.8
2026-07-22 21:25:00,0.0905,0.0905,0.0904,0.0904,25212.5
2026-07-22 21:30:00,0.0904,0.0904,0.0903,0.0903,163541.6
2026-07-22 21:35:00,0.0903,0.0905,0.0903,0.0905,80229.1
2026-07-22 21:40:00,0.0905,0.0907,0.0905,0.0907,66887.3
2026-07-22 21:45:00,0.0907,0.0907,0.0906,0.0907,20314.2
2026-07-22 21:50:00,0.0906,0.0908,0.0906,0.0906,151264.1
2026-07-22 21:55:00,0.0906,0.0907,0.0906,0.0907,55946.7
2026-07-22 22:00:00,0.0907,0.0907,0.0905,0.0907,38283.9
2026-07-22 22:05:00,0.0907,0.0908,0.0904,0.0905,147770.5
2026-07-22 22:10:00,0.0905,0.0909,0.0903,0.0909,482111.7
2026-07-22 22:15:00,0.0908,0.0909,0.0907,0.0909,51657.7
2026-07-22 22:20:00,0.0909,0.0909,0.0906,0.0907,79728.9
2026-07-22 22:25:00,0.0906,0.0908,0.0906,0.0908,19564.2
2026-07-22 22:30:00,0.0908,0.0908,0.0907,0.0907,15853.9
2026-07-22 22:35:00,0.0906,0.0906,0.0904,0.0904,38988.8
2026-07-22 22:40:00,0.0903,0.0903,0.0902,0.0902,113636.0
2026-07-22 22:45:00,0.0902,0.0902,0.09,0.0902,163675.8
2026-07-22 22:50:00,0.0902,0.0904,0.0902,0.0903,16491.8
2026-07-22 22:55:00,0.0903,0.0904,0.0902,0.0903,31092.8
2026-07-22 23:00:00,0.0902,0.0902,0.0886,0.089,2617110.0
2026-07-22 23:05:00,0.0891,0.0894,0.089,0.0894,622333.6
2026-07-22 23:10:00,0.0893,0.0894,0.0884,0.0884,296625.3
2026-07-22 23:15:00,0.0885,0.0887,0.0885,0.0886,372512.4
2026-07-22 23:20:00,0.0886,0.0892,0.0885,0.0889,1517813.5
2026-07-22 23:25:00,0.0889,0.0899,0.0888,0.0891,3547215.0
2026-07-22 23:30:00,0.089,0.0891,0.0889,0.0889,33375.1
2026-07-22 23:35:00,0.0888,0.089,0.0887,0.089,50103.6
2026-07-22 23:40:00,0.089,0.0892,0.089,0.0892,87227.4
2026-07-22 23:45:00,0.0892,0.0901,0.0892,0.0899,620954.7
2026-07-22 23:50:00,0.0899,0.0901,0.0899,0.09,170854.1
2026-07-22 23:55:00,0.0899,0.0902,0.0899,0.0901,76002.1
2026-07-23 00:00:00,0.0901,0.0903,0.0899,0.0901,120453.4
2026-07-23 00:05:00,0.0901,0.0903,0.09,0.0902,75730.8
2026-07-23 00:10:00,0.0902,0.0903,0.0902,0.0902,66613.7
2026-07-23 00:15:00,0.0902,0.0907,0.0902,0.0907,688258.3
2026-07-23 00:20:00,0.0906,0.0909,0.0906,0.0909,247828.1
2026-07-23 00:25:00,0.0909,0.0913,0.0907,0.0907,277408.1
2026-07-23 00:30:00,0.0907,0.0909,0.0906,0.0909,107386.9
2026-07-23 00:35:00,0.091,0.091,0.0907,0.0907,79806.0
2026-07-23 00:40:00,0.0908,0.0909,0.0907,0.0909,13203.4
2026-07-23 00:45:00,0.0909,0.0913,0.0908,0.0912,162610.6
2026-07-23 00:50:00,0.0912,0.0913,0.091,0.0912,201490.9
2026-07-23 00:55:00,0.0912,0.0912,0.0909,0.0909,151549.9
2026-07-23 01:00:00,0.0909,0.0911,0.0908,0.091,64559.6
2026-07-23 01:05:00,0.091,0.0911,0.0909,0.0909,150038.0
2026-07-23 01:10:00,0.0908,0.0909,0.0908,0.0909,44377.4
2026-07-23 01:15:00,0.091,0.091,0.0909,0.0909,135307.2
2026-07-23 01:20:00,0.0908,0.0911,0.0908,0.0909,117224.2
2026-07-23 01:25:00,0.0909,0.0911,0.0908,0.091,92812.9
2026-07-23 01:30:00,0.0909,0.0909,0.0907,0.0908,17371.0
2026-07-23 01:35:00,0.0907,0.0909,0.0906,0.0906,148038.2
2026-07-23 01:40:00,0.0906,0.0907,0.0905,0.0905,66006.9
2026-07-23 01:45:00,0.0905,0.0905,0.0904,0.0905,37792.8
2026-07-23 01:50:00,0.0904,0.0906,0.0904,0.0905,10627.3
2026-07-23 01:55:00,0.0904,0.0905,0.0903,0.0905,30172.0
2026-07-23 02:00:00,0.0906,0.0906,0.0903,0.0903,224168.2
2026-07-23 02:05:00,0.0903,0.0903,0.0903,0.0903,5904.8
2026-07-23 02:10:00,0.0904,0.0904,0.0902,0.0903,5618.2
2026-07-23 02:15:00,0.0902,0.0903,0.0902,0.0902,37717.3
2026-07-23 02:20:00,0.0902,0.0903,0.0902,0.0902,40403.4
2026-07-23 02:25:00,0.0901,0.0903,0.09,0.0903,77715.4
2026-07-23 02:30:00,0.0902,0.0904,0.0902,0.0904,88300.2
2026-07-23 02:35:00,0.0905,0.0905,0.0901,0.0902,5179.0
2026-07-23 02:40:00,0.0902,0.0903,0.0901,0.0902,56465.7
2026-07-23 02:45:00,0.0902,0.0902,0.0902,0.0902,35774.3
2026-07-23 02:50:00,0.0902,0.0903,0.09,0.0903,105040.0
2026-07-23 02:55:00,0.0902,0.0903,0.0901,0.0901,67669.3
2026-07-23 03:00:00,0.0901,0.0902,0.09,0.09,107824.1
2026-07-23 03:05:00,0.0899,0.09,0.0897,0.0898,108460.6
2026-07-23 03:10:00,0.0899,0.0899,0.0895,0.0896,42410.9
2026-07-23 03:15:00,0.0896,0.0896,0.0895,0.0896,8561.3
2026-07-23 03:20:00,0.0896,0.0896,0.0895,0.0895,6963.3
2026-07-23 03:25:00,0.0895,0.0896,0.0893,0.0895,48447.2
2026-07-23 03:30:00,0.0896,0.0896,0.0896,0.0896,53189.8
2026-07-23 03:35:00,0.0895,0.0897,0.0895,0.0897,142647.8
2026-07-23 03:40:00,0.0896,0.0896,0.0894,0.0895,32786.8
2026-07-23 03:45:00,0.0895,0.0895,0.0894,0.0894,77075.9
2026-07-23 03:50:00,0.0894,0.0894,0.0893,0.0894,2862.9
2026-07-23 03:55:00,0.0894,0.0895,0.0893,0.0895,179547.4
2026-07-23 04:00:00,0.0894,0.0895,0.0894,0.0894,72224.7
2026-07-23 04:05:00,0.0895,0.0896,0.0893,0.0894,28722.8
2026-07-23 04:10:00,0.0895,0.0895,0.0892,0.0894,271217.6
2026-07-23 04:15:00,0.0895,0.0895,0.0893,0.0893,46027.6
2026-07-23 04:20:00,0.0894,0.0896,0.0894,0.0896,143457.4
2026-07-23 04:25:00,0.0896,0.0897,0.0896,0.0896,58893.5
2026-07-23 04:30:00,0.0896,0.0896,0.0895,0.0895,42714.1
2026-07-23 04:35:00,0.0896,0.0896,0.0894,0.0894,6133.1
2026-07-23 04:40:00,0.0893,0.0894,0.0892,0.0893,62807.5
2026-07-23 04:45:00,0.0894,0.0894,0.0891,0.0892,184273.6
2026-07-23 04:50:00,0.0891,0.0893,0.0891,0.0893,134782.9
2026-07-23 04:55:00,0.0892,0.0893,0.0892,0.0893,23746.5
2026-07-23 05:00:00,0.0893,0.0893,0.0891,0.0891,146290.6
2026-07-23 05:05:00,0.0891,0.0893,0.089,0.0892,292040.8
2026-07-23 05:10:00,0.0891,0.0892,0.089,0.0891,51693.1
2026-07-23 05:15:00,0.0891,0.0891,0.0889,0.089,56167.9
2026-07-23 05:20:00,0.0891,0.0892,0.089,0.0892,42639.2
2026-07-23 05:25:00,0.0892,0.0896,0.0892,0.0896,82142.7
2026-07-23 05:30:00,0.0896,0.0898,0.0896,0.0897,34368.0
2026-07-23 05:35:00,0.0897,0.0897,0.0896,0.0897,4809.8
2026-07-23 05:40:00,0.0897,0.0897,0.0895,0.0896,66782.7
2026-07-23 05:45:00,0.0896,0.0897,0.0895,0.0895,113605.2
2026-07-23 05:50:00,0.0895,0.0895,0.0894,0.0895,78956.4
2026-07-23 05:55:00,0.0895,0.0896,0.0894,0.0895,46886.0
2026-07-23 06:00:00,0.0894,0.0896,0.0893,0.0895,111869.2
2026-07-23 06:05:00,0.0894,0.0895,0.0891,0.0892,678235.6
2026-07-23 06:10:00,0.0893,0.0895,0.0892,0.0894,170532.0
2026-07-23 06:15:00,0.0894,0.0895,0.0894,0.0894,10649.4
2026-07-23 06:20:00,0.0894,0.0895,0.0893,0.0894,27258.0
2026-07-23 06:25:00,0.0894,0.0895,0.0893,0.0895,63390.3
2026-07-23 06:30:00,0.0895,0.0896,0.0894,0.0894,100069.9
2026-07-23 06:35:00,0.0894,0.0894,0.0892,0.0892,111334.9
2026-07-23 06:40:00,0.0893,0.0893,0.0893,0.0893,35842.0
2026-07-23 06:45:00,0.0892,0.0894,0.0892,0.0893,57819.4
2026-07-23 06:50:00,0.0894,0.0894,0.0892,0.0892,95170.6
2026-07-23 06:55:00,0.0893,0.0894,0.0892,0.0893,48669.4
2026-07-23 07:00:00,0.0893,0.0893,0.0891,0.0891,118030.1
2026-07-23 07:05:00,0.0892,0.0892,0.089,0.0891,74045.9
2026-07-23 07:10:00,0.0892,0.0892,0.0886,0.089,270258.2
2026-07-23 07:15:00,0.0889,0.0889,0.0888,0.0888,48163.2
2026-07-23 07:20:00,0.0888,0.0889,0.0887,0.0888,20068.2
2026-07-23 07:25:00,0.0888,0.0889,0.0887,0.0888,55607.6
2026-07-23 07:30:00,0.0889,0.0889,0.0887,0.0887,32341.0
2026-07-23 07:35:00,0.0888,0.0889,0.0888,0.0888,25966.4
2026-07-23 07:40:00,0.0887,0.0888,0.0886,0.0886,65551.1
2026-07-23 07:45:00,0.0886,0.0888,0.0885,0.0887,91297.1
2026-07-23 07:50:00,0.0887,0.0887,0.0883,0.0885,1431716.0
2026-07-23 07:55:00,0.0885,0.0886,0.0884,0.0885,677738.6
2026-07-23 08:00:00,0.0885,0.0886,0.0884,0.0886,129970.8
2026-07-23 08:05:00,0.0886,0.0889,0.0886,0.0888,65683.7
2026-07-23 08:10:00,0.0887,0.0889,0.0887,0.0889,39666.3
2026-07-23 08:15:00,0.0889,0.0889,0.0888,0.0888,31282.4
2026-07-23 08:20:00,0.0888,0.0888,0.0886,0.0887,37570.3
2026-07-23 08:25:00,0.0886,0.0888,0.0886,0.0888,140653.9
2026-07-23 08:30:00,0.0888,0.0889,0.0888,0.0889,69993.4
2026-07-23 08:35:00,0.0889,0.089,0.0888,0.0888,17228.2
2026-07-23 08:40:00,0.0888,0.089,0.0887,0.0889,101742.9
2026-07-23 08:45:00,0.0889,0.089,0.0888,0.0889,24367.5
2026-07-23 08:50:00,0.0888,0.0889,0.0888,0.0889,46050.2
2026-07-23 08:55:00,0.0889,0.0889,0.0888,0.0889,15029.7
2026-07-23 09:00:00,0.0888,0.089,0.0886,0.089,139663.6
2026-07-23 09:05:00,0.089,0.089,0.0889,0.0889,104336.2
2026-07-23 09:10:00,0.0889,0.089,0.0887,0.089,80534.9
2026-07-23 09:15:00,0.0889,0.089,0.0889,0.089,4530.1
2026-07-23 09:20:00,0.089,0.0891,0.0889,0.089,148061.8
2026-07-23 09:25:00,0.089,0.0891,0.0889,0.0891,16410.2
2026-07-23 09:30:00,0.089,0.0891,0.0889,0.0891,73296.5
2026-07-23 09:35:00,0.0891,0.0891,0.0891,0.0891,71548.2
2026-07-23 09:40:00,0.0891,0.0891,0.089,0.089,2598.4
2026-07-23 09:45:00,0.0891,0.0892,0.089,0.089,23986.1
2026-07-23 09:50:00,0.089,0.089,0.0889,0.0889,157731.2
2026-07-23 09:55:00,0.0888,0.0889,0.0888,0.0889,8109.5
2026-07-23 10:00:00,0.0888,0.0891,0.0887,0.089,71860.3
2026-07-23 10:05:00,0.0891,0.0891,0.0889,0.089,28336.2
2026-07-23 10:10:00,0.0889,0.089,0.0889,0.089,12681.5
2026-07-23 10:15:00,0.0889,0.089,0.0889,0.089,60755.3
2026-07-23 10:20:00,0.0889,0.089,0.0889,0.089,28312.4
2026-07-23 10:25:00,0.089,0.089,0.0889,0.089,3798.6
2026-07-23 10:30:00,0.0889,0.089,0.0889,0.089,127203.9
2026-07-23 10:35:00,0.089,0.089,0.0889,0.089,25694.8
2026-07-23 10:40:00,0.0889,0.089,0.0889,0.089,8058.0
2026-07-23 10:45:00,0.089,0.089,0.0888,0.0889,88475.7
2026-07-23 10:50:00,0.089,0.089,0.0888,0.0889,49998.4
2026-07-23 10:55:00,0.089,0.089,0.0888,0.0888,39679.4
2026-07-23 11:00:00,0.0888,0.0889,0.0888,0.0888,79557.5
2026-07-23 11:05:00,0.0888,0.0889,0.0888,0.0888,40109.0
2026-07-23 11:10:00,0.0889,0.089,0.0889,0.089,42306.3
2026-07-23 11:15:00,0.0891,0.0891,0.089,0.089,38281.8
2026-07-23 11:20:00,0.0889,0.0889,0.0887,0.0887,277720.8
2026-07-23 11:25:00,0.0887,0.0888,0.0886,0.0887,65183.1
2026-07-23 11:30:00,0.0887,0.0887,0.0885,0.0885,378326.8
2026-07-23 11:35:00,0.0885,0.0885,0.0883,0.0883,40120.6
2026-07-23 11:40:00,0.0883,0.0884,0.088,0.0881,343771.8
2026-07-23 11:45:00,0.0882,0.0883,0.088,0.0882,134936.3
2026-07-23 11:50:00,0.0882,0.0883,0.0881,0.0883,283134.5
2026-07-23 11:55:00,0.0883,0.0883,0.0882,0.0883,51260.9
2026-07-23 12:00:00,0.0882,0.0882,0.0881,0.0882,15598.3
2026-07-23 12:05:00,0.0882,0.0882,0.0881,0.0882,40481.0
2026-07-23 12:10:00,0.0882,0.0884,0.0882,0.0883,46332.6
2026-07-23 12:15:00,0.0883,0.0883,0.0881,0.0882,152884.8
2026-07-23 12:20:00,0.0881,0.0883,0.0881,0.0881,56391.0
2026-07-23 12:25:00,0.0881,0.0881,0.088,0.088,97619.4
2026-07-23 12:30:00,0.088,0.0881,0.0877,0.0878,272322.3
2026-07-23 12:35:00,0.0878,0.0878,0.087,0.0873,986971.5
2026-07-23 12:40:00,0.0874,0.0874,0.0871,0.0872,516070.4
2026-07-23 12:45:00,0.0872,0.0875,0.0869,0.0875,411904.5
2026-07-23 12:50:00,0.0875,0.0876,0.0874,0.0875,235751.5
2026-07-23 12:55:00,0.0875,0.0875,0.0873,0.0873,234984.5
2026-07-23 13:00:00,0.0873,0.0875,0.0871,0.0871,392335.5
2026-07-23 13:05:00,0.087,0.0872,0.0869,0.0871,161205.7
2026-07-23 13:10:00,0.0871,0.0871,0.0869,0.0869,296043.2
2026-07-23 13:15:00,0.0869,0.087,0.0868,0.087,121850.0
2026-07-23 13:20:00,0.0869,0.0871,0.0869,0.0869,127955.0
2026-07-23 13:25:00,0.087,0.087,0.0867,0.0869,147883.7
2026-07-23 13:30:00,0.0869,0.0873,0.0867,0.0873,172208.7
2026-07-23 13:35:00,0.0872,0.0873,0.087,0.087,22737.7
2026-07-23 13:40:00,0.0871,0.0873,0.0871,0.0873,101403.8
2026-07-23 13:45:00,0.0873,0.0873,0.087,0.0871,431122.7
2026-07-23 13:50:00,0.0872,0.0874,0.0869,0.0874,744852.9
2026-07-23 13:55:00,0.0873,0.0874,0.0868,0.0868,163445.5
2026-07-23 14:00:00,0.0868,0.087,0.0866,0.087,118821.8
2026-07-23 14:05:00,0.087,0.087,0.0867,0.0868,227282.6
2026-07-23 14:10:00,0.0869,0.0871,0.0868,0.0871,203833.5
2026-07-23 14:15:00,0.087,0.0872,0.087,0.087,173523.3
2026-07-23 14:20:00,0.0871,0.0872,0.087,0.0871,75656.4
2026-07-23 14:25:00,0.0871,0.0872,0.0869,0.0869,89169.2
2026-07-23 14:30:00,0.0869,0.087,0.0868,0.0869,23226.3
2026-07-23 14:35:00,0.087,0.0873,0.087,0.0871,36458.7
2026-07-23 14:40:00,0.0872,0.0872,0.0869,0.0869,50113.1
2026-07-23 14:45:00,0.087,0.087,0.0867,0.0868,145467.8
2026-07-23 14:50:00,0.0868,0.0868,0.0864,0.0864,208678.6
2026-07-23 14:55:00,0.0864,0.0865,0.0863,0.0864,35740.5
2026-07-23 15:00:00,0.0865,0.0865,0.0863,0.0863,192426.9
2026-07-23 15:05:00,0.0864,0.0864,0.0859,0.086,560011.9
2026-07-23 15:10:00,0.086,0.086,0.0858,0.0859,247221.2
2026-07-23 15:15:00,0.0858,0.086,0.0855,0.0859,803076.2
2026-07-23 15:20:00,0.086,0.0865,0.086,0.0864,793197.9
2026-07-23 15:25:00,0.0865,0.0865,0.0863,0.0863,120263.8
2026-07-23 15:30:00,0.0862,0.0865,0.0862,0.0864,152782.4
2026-07-23 15:35:00,0.0864,0.0866,0.0863,0.0866,425257.2
2026-07-23 15:40:00,0.0866,0.0867,0.0863,0.0865,722970.4
2026-07-23 15:45:00,0.0864,0.0865,0.0863,0.0865,136517.3
2026-07-23 15:50:00,0.0866,0.0867,0.0865,0.0865,61330.8
2026-07-23 15:55:00,0.0866,0.0867,0.0866,0.0866,28759.4
2026-07-23 16:00:00,0.0866,0.0866,0.0862,0.0863,413118.0
2026-07-23 16:05:00,0.0863,0.0865,0.0861,0.0865,291296.3
2026-07-23 16:10:00,0.0865,0.0865,0.0864,0.0865,82924.3
2026-07-23 16:15:00,0.0865,0.0866,0.0862,0.0863,153085.4
2026-07-23 16:20:00,0.0863,0.0864,0.0862,0.0864,71326.6
2026-07-23 16:25:00,0.0865,0.0866,0.0864,0.0865,28793.9
2026-07-23 16:30:00,0.0866,0.0866,0.0863,0.0864,67139.7
2026-07-23 16:35:00,0.0864,0.0865,0.0863,0.0865,35783.4
2026-07-23 16:40:00,0.0865,0.0865,0.0862,0.0864,175296.7
2026-07-23 16:45:00,0.0863,0.0864,0.0863,0.0864,65704.0
2026-07-23 16:50:00,0.0863,0.0864,0.0863,0.0863,88055.9
2026-07-23 16:55:00,0.0864,0.0865,0.0863,0.0865,77547.1
2026-07-23 17:00:00,0.0864,0.0865,0.0864,0.0865,87643.1
2026-07-23 17:05:00,0.0864,0.0866,0.0863,0.0864,96632.9
2026-07-23 17:10:00,0.0864,0.0865,0.0864,0.0864,5054.9
2026-07-23 17:15:00,0.0865,0.0865,0.0864,0.0865,76470.4
2026-07-23 17:20:00,0.0866,0.0867,0.0865,0.0867,47834.4
2026-07-23 17:25:00,0.0866,0.0867,0.0866,0.0867,10954.5
2026-07-23 17:30:00,0.0866,0.0868,0.0866,0.0868,49629.3
2026-07-23 17:35:00,0.0868,0.0868,0.0866,0.0866,72129.5
2026-07-23 17:40:00,0.0867,0.0867,0.0865,0.0866,63028.2
2026-07-23 17:45:00,0.0865,0.0866,0.0865,0.0865,32510.0
2026-07-23 17:50:00,0.0864,0.0864,0.0863,0.0863,97078.1
2026-07-23 17:55:00,0.0862,0.0862,0.0856,0.0859,906123.0
2026-07-23 18:00:00,0.0858,0.0862,0.0858,0.086,156927.5
2026-07-23 18:05:00,0.086,0.0861,0.0859,0.086,99445.9
2026-07-23 18:10:00,0.0861,0.0861,0.086,0.0861,119859.0
2026-07-23 18:15:00,0.0861,0.0862,0.0861,0.0862,199292.3
2026-07-23 18:20:00,0.0861,0.0863,0.086,0.0862,237979.1
2026-07-23 18:25:00,0.0863,0.0864,0.0863,0.0864,107229.9
2026-07-23 18:30:00,0.0864,0.0865,0.0863,0.0865,8858.8
2026-07-23 18:35:00,0.0864,0.0865,0.0863,0.0864,92397.3
2026-07-23 18:40:00,0.0865,0.0865,0.0862,0.0862,133736.6
2026-07-23 18:45:00,0.0862,0.0864,0.0862,0.0864,142025.8
2026-07-23 18:50:00,0.0864,0.0866,0.0863,0.0864,66317.5
2026-07-23 18:55:00,0.0864,0.0864,0.0862,0.0863,254910.3
2026-07-23 19:00:00,0.0864,0.0864,0.0863,0.0864,125909.4
2026-07-23 19:05:00,0.0864,0.0866,0.0864,0.0864,130646.0
2026-07-23 19:10:00,0.0865,0.0865,0.0862,0.0863,23052.5
2026-07-23 19:15:00,0.0863,0.0865,0.0863,0.0863,53730.5
2026-07-23 19:20:00,0.0863,0.0865,0.0863,0.0865,103725.2
2026-07-23 19:25:00,0.0865,0.0865,0.0865,0.0865,30520.6
2026-07-23 19:30:00,0.0866,0.0866,0.0864,0.0866,144135.3
2026-07-23 19:35:00,0.0866,0.0866,0.0864,0.0864,34199.0
2026-07-23 19:40:00,0.0865,0.0865,0.0863,0.0864,4384.4
2026-07-23 19:45:00,0.0864,0.0864,0.086,0.086,107366.1
2026-07-23 19:50:00,0.0861,0.0863,0.0861,0.0862,145001.2
2026-07-23 19:55:00,0.0863,0.0866,0.0863,0.0865,53946.2
2026-07-23 20:00:00,0.0865,0.0869,0.0865,0.0869,77936.5
2026-07-23 20:05:00,0.0869,0.0871,0.0869,0.087,496347.6
2026-07-23 20:10:00,0.0871,0.0872,0.087,0.0871,61262.0
2026-07-23 20:15:00,0.0871,0.0872,0.0871,0.0871,15064.1
2026-07-23 20:20:00,0.0872,0.0872,0.087,0.0871,37738.8
2026-07-23 20:25:00,0.0871,0.0872,0.0871,0.0871,10137.4
2026-07-23 20:30:00,0.0872,0.0872,0.087,0.0871,59440.7
2026-07-23 20:35:00,0.0871,0.0871,0.087,0.0871,16262.7
2026-07-23 20:40:00,0.087,0.0871,0.0869,0.0869,41562.8
2026-07-23 20:45:00,0.0869,0.087,0.0869,0.087,10604.1
2026-07-23 20:50:00,0.087,0.087,0.0869,0.087,4961.6
2026-07-23 20:55:00,0.087,0.0871,0.087,0.0871,10697.0
2026-07-23 21:00:00,0.0871,0.0872,0.087,0.087,186436.5
2026-07-23 21:05:00,0.087,0.0871,0.087,0.087,24738.8
2026-07-23 21:10:00,0.0869,0.087,0.0869,0.087,26559.7
2026-07-23 21:15:00,0.0869,0.087,0.0867,0.0868,69479.1
2026-07-23 21:20:00,0.0869,0.087,0.0869,0.087,52013.1
2026-07-23 21:25:00,0.0871,0.0872,0.087,0.087,18124.0
2026-07-23 21:30:00,0.087,0.0871,0.087,0.087,12166.7
2026-07-23 21:35:00,0.0871,0.0871,0.0869,0.087,45854.2
2026-07-23 21:40:00,0.0869,0.087,0.0869,0.0869,10480.7
2026-07-23 21:45:00,0.0869,0.087,0.0869,0.0869,4592.9
2026-07-23 21:50:00,0.0869,0.087,0.0868,0.0869,49200.9
2026-07-23 21:55:00,0.0868,0.0869,0.0868,0.0869,41356.5
2026-07-23 22:00:00,0.0869,0.0869,0.0866,0.0867,199615.8
2026-07-23 22:05:00,0.0868,0.0869,0.0868,0.0869,7808.2
2026-07-23 22:10:00,0.0868,0.0868,0.0866,0.0866,120004.1
2026-07-23 22:15:00,0.0867,0.0867,0.0863,0.0865,55392.9
2026-07-23 22:20:00,0.0866,0.0868,0.0865,0.0868,154945.9
2026-07-23 22:25:00,0.0867,0.0868,0.0866,0.0867,101168.3
2026-07-23 22:30:00,0.0867,0.0867,0.0865,0.0866,177456.8
2026-07-23 22:35:00,0.0865,0.0866,0.0865,0.0866,932.9
2026-07-23 22:40:00,0.0866,0.0866,0.0865,0.0865,8082.9
2026-07-23 22:45:00,0.0865,0.0866,0.0865,0.0865,12818.4
2026-07-23 22:50:00,0.0864,0.0865,0.0864,0.0864,13954.3
2026-07-23 22:55:00,0.0864,0.0865,0.0864,0.0864,4437.1
2026-07-23 23:00:00,0.0865,0.0865,0.0864,0.0865,164225.0
2026-07-23 23:05:00,0.0865,0.0865,0.0864,0.0864,11082.9
2026-07-23 23:10:00,0.0864,0.0864,0.0859,0.0862,896757.2
2026-07-23 23:15:00,0.0862,0.0862,0.0862,0.0862,4646.5
2026-07-23 23:20:00,0.0862,0.0862,0.0861,0.0862,136101.7
2026-07-23 23:25:00,0.0862,0.0862,0.086,0.086,70350.8
2026-07-23 23:30:00,0.0861,0.0861,0.086,0.0861,238078.9
2026-07-23 23:35:00,0.0862,0.0862,0.0861,0.0862,14104.5
2026-07-23 23:40:00,0.0862,0.0862,0.0862,0.0862,26555.2
2026-07-23 23:45:00,0.0862,0.0863,0.0862,0.0862,19918.5
2026-07-23 23:50:00,0.0861,0.0862,0.086,0.086,67366.1
2026-07-23 23:55:00,0.086,0.0862,0.086,0.0862,39629.6
2026-07-24 00:00:00,0.0862,0.0862,0.0861,0.0861,83743.0
2026-07-24 00:05:00,0.086,0.0861,0.0859,0.0859,135136.2
2026-07-24 00:10:00,0.0859,0.086,0.0857,0.0859,172536.4
2026-07-24 00:15:00,0.0859,0.0861,0.0859,0.0861,57130.4
2026-07-24 00:20:00,0.086,0.0862,0.086,0.0862,76820.5
2026-07-24 00:25:00,0.0862,0.0863,0.086,0.0861,14338.7
2026-07-24 00:30:00,0.0862,0.0862,0.0857,0.0859,167622.3
2026-07-24 00:35:00,0.0859,0.0862,0.0859,0.0861,121284.2
2026-07-24 00:40:00,0.0861,0.0862,0.086,0.0861,66253.2
2026-07-24 00:45:00,0.086,0.0863,0.086,0.0862,146427.5
2026-07-24 00:50:00,0.0862,0.0863,0.0858,0.0858,689495.1
2026-07-24 00:55:00,0.0858,0.0862,0.0858,0.0862,219452.7
2026-07-24 01:00:00,0.0861,0.0862,0.086,0.0862,33851.5
2026-07-24 01:05:00,0.0862,0.0863,0.0862,0.0863,22016.9
2026-07-24 01:10:00,0.0862,0.0863,0.086,0.086,22579.5
2026-07-24 01:15:00,0.086,0.0861,0.086,0.0861,31888.7
2026-07-24 01:20:00,0.0861,0.0861,0.0858,0.086,425282.5
2026-07-24 01:25:00,0.0859,0.0862,0.0859,0.0861,56710.2
2026-07-24 01:30:00,0.0861,0.0862,0.0861,0.0861,31543.0
2026-07-24 01:35:00,0.0861,0.0862,0.0861,0.0862,22727.8
2026-07-24 01:40:00,0.0861,0.0863,0.0861,0.0863,16240.7
2026-07-24 01:45:00,0.0862,0.0863,0.0861,0.0861,33361.6
2026-07-24 01:50:00,0.0861,0.0862,0.086,0.0861,25348.7
2026-07-24 01:55:00,0.0861,0.0861,0.086,0.0861,172382.8
2026-07-24 02:00:00,0.0861,0.0861,0.086,0.086,100998.6
2026-07-24 02:05:00,0.0859,0.086,0.0856,0.0859,422921.6
2026-07-24 02:10:00,0.0859,0.0861,0.0859,0.0861,783471.3
2026-07-24 02:15:00,0.086,0.0862,0.0859,0.086,316105.2
2026-07-24 02:20:00,0.0859,0.086,0.0858,0.086,31184.4
2026-07-24 02:25:00,0.0859,0.086,0.0857,0.0857,298090.9
2026-07-24 02:30:00,0.0858,0.0858,0.0851,0.0853,579337.4
2026-07-24 02:35:00,0.0853,0.0854,0.0852,0.0853,117327.1
2026-07-24 02:40:00,0.0854,0.0854,0.0854,0.0854,3688.8
2026-07-24 02:45:00,0.0854,0.0854,0.0851,0.0852,255880.1
2026-07-24 02:50:00,0.0852,0.0853,0.085,0.0851,295352.5
2026-07-24 02:55:00,0.0851,0.0852,0.0848,0.085,365028.2
2026-07-24 03:00:00,0.0849,0.0853,0.0849,0.0852,442484.6
2026-07-24 03:05:00,0.0853,0.0854,0.0852,0.0853,88029.0
2026-07-24 03:10:00,0.0853,0.0856,0.0853,0.0855,678412.1
2026-07-24 03:15:00,0.0855,0.0856,0.0854,0.0855,74090.4
2026-07-24 03:20:00,0.0855,0.0857,0.0854,0.0855,220540.0
2026-07-24 03:25:00,0.0855,0.0855,0.0854,0.0855,36721.0
2026-07-24 03:30:00,0.0855,0.0855,0.0853,0.0854,285675.7
2026-07-24 03:35:00,0.0854,0.0854,0.0853,0.0853,41678.2
2026-07-24 03:40:00,0.0853,0.0854,0.0852,0.0854,18863.0
2026-07-24 03:45:00,0.0854,0.0855,0.0853,0.0854,57037.0
2026-07-24 03:50:00,0.0855,0.0855,0.0853,0.0853,62574.8
2026-07-24 03:55:00,0.0853,0.0854,0.0852,0.0854,34713.5
2026-07-24 04:00:00,0.0853,0.0854,0.0852,0.0853,38438.4
2026-07-24 04:05:00,0.0853,0.0854,0.0853,0.0854,28616.1
2026-07-24 04:10:00,0.0853,0.0854,0.0852,0.0852,51187.5
2026-07-24 04:15:00,0.0853,0.0853,0.0852,0.0853,38981.6
2026-07-24 04:20:00,0.0853,0.0855,0.0853,0.0854,137378.2
2026-07-24 04:25:00,0.0854,0.0854,0.0852,0.0853,15644.8
2026-07-24 04:30:00,0.0852,0.0853,0.0852,0.0852,31155.8
2026-07-24 04:35:00,0.0852,0.0852,0.0851,0.0852,2954.5
2026-07-24 04:40:00,0.0851,0.0851,0.085,0.0851,134754.1
2026-07-24 04:45:00,0.0851,0.0851,0.085,0.0851,33940.7
2026-07-24 04:50:00,0.0851,0.0852,0.085,0.0851,66839.6
2026-07-24 04:55:00,0.0852,0.0852,0.085,0.0851,60732.1
2026-07-24 05:00:00,0.0851,0.0851,0.0851,0.0851,88373.5
2026-07-24 05:05:00,0.0852,0.0856,0.0852,0.0855,94037.5
2026-07-24 05:10:00,0.0855,0.0855,0.0854,0.0855,33965.8
2026-07-24 05:15:00,0.0854,0.0856,0.0854,0.0856,65480.8
2026-07-24 05:20:00,0.0855,0.0856,0.0854,0.0854,76211.3
2026-07-24 05:25:00,0.0854,0.0854,0.0854,0.0854,35890.2
2026-07-24 05:30:00,0.0855,0.0855,0.0854,0.0854,17704.1
2026-07-24 05:35:00,0.0854,0.0855,0.0854,0.0855,248770.2
2026-07-24 05:40:00,0.0854,0.0856,0.0854,0.0855,134889.0
2026-07-24 05:45:00,0.0855,0.0856,0.0855,0.0855,403816.7
2026-07-24 05:50:00,0.0855,0.0855,0.0854,0.0854,54876.7
2026-07-24 05:55:00,0.0855,0.0855,0.0854,0.0854,41985.7
2026-07-24 06:00:00,0.0854,0.0855,0.0853,0.0855,65227.1
2026-07-24 06:05:00,0.0856,0.0856,0.0854,0.0855,363840.4
2026-07-24 06:10:00,0.0854,0.0855,0.0853,0.0854,75665.1
2026-07-24 06:15:00,0.0854,0.0857,0.0854,0.0857,50142.7
2026-07-24 06:20:00,0.0857,0.0863,0.0856,0.0859,843079.6
2026-07-24 06:25:00,0.0859,0.086,0.0858,0.086,174941.9
2026-07-24 06:30:00,0.0859,0.086,0.0859,0.086,75262.9
2026-07-24 06:35:00,0.0861,0.0862,0.0861,0.0861,17613.1
2026-07-24 06:40:00,0.086,0.0861,0.0859,0.0859,111277.7
2026-07-24 06:45:00,0.0859,0.086,0.0858,0.0858,119878.4
2026-07-24 06:50:00,0.0858,0.086,0.0857,0.086,145844.4
2026-07-24 06:55:00,0.086,0.086,0.0859,0.0859,8781.1
2026-07-24 07:00:00,0.086,0.0863,0.086,0.0863,199221.3
2026-07-24 07:05:00,0.0863,0.0865,0.0863,0.0865,19428.3
2026-07-24 07:10:00,0.0866,0.087,0.0866,0.0869,394196.0
2026-07-24 07:15:00,0.0869,0.0869,0.0866,0.0866,312034.6
2026-07-24 07:20:00,0.0867,0.0867,0.0865,0.0865,26647.7
2026-07-24 07:25:00,0.0864,0.0865,0.0864,0.0865,40763.9
2026-07-24 07:30:00,0.0865,0.0866,0.0864,0.0864,48988.5
2026-07-24 07:35:00,0.0864,0.0864,0.0862,0.0862,107670.5
2026-07-24 07:40:00,0.0861,0.0861,0.0858,0.086,111831.5
2026-07-24 07:45:00,0.086,0.0862,0.0859,0.0861,14032.3
2026-07-24 07:50:00,0.0861,0.0864,0.0861,0.0863,161576.8
2026-07-24 07:55:00,0.0863,0.0865,0.0863,0.0864,63759.0
2026-07-24 08:00:00,0.0864,0.0864,0.0862,0.0862,50781.7
2026-07-24 08:05:00,0.0862,0.0863,0.0862,0.0863,54391.6
2026-07-24 08:10:00,0.0862,0.0862,0.0861,0.0862,39451.5
2026-07-24 08:15:00,0.0861,0.0862,0.086,0.086,24956.6
2026-07-24 08:20:00,0.086,0.086,0.0859,0.0859,185209.8
2026-07-24 08:25:00,0.0859,0.0859,0.0859,0.0859,30837.0
2026-07-24 08:30:00,0.086,0.086,0.0859,0.086,4035.0
2026-07-24 08:35:00,0.086,0.086,0.0858,0.086,16538.5
2026-07-24 08:40:00,0.0859,0.0859,0.0859,0.0859,1394.2
2026-07-24 08:45:00,0.086,0.0861,0.086,0.086,20682.1
2026-07-24 08:50:00,0.086,0.086,0.086,0.086,14598.9
2026-07-24 08:55:00,0.0861,0.0861,0.086,0.086,2304.6
2026-07-24 09:00:00,0.086,0.0861,0.086,0.086,91264.9
2026-07-24 09:05:00,0.086,0.086,0.0858,0.0859,205829.0
2026-07-24 09:10:00,0.0859,0.086,0.0855,0.0856,236558.7
2026-07-24 09:15:00,0.0856,0.0857,0.0853,0.0856,316674.0
2026-07-24 09:20:00,0.0857,0.0858,0.0856,0.0857,57051.3
2026-07-24 09:25:00,0.0857,0.0859,0.0856,0.0856,306451.2
2026-07-24 09:30:00,0.0856,0.0857,0.0856,0.0857,103647.8
2026-07-24 09:35:00,0.0857,0.0857,0.0856,0.0856,146043.9
2026-07-24 09:40:00,0.0857,0.0858,0.0856,0.0856,61564.9
2026-07-24 09:45:00,0.0856,0.0857,0.0856,0.0857,31024.8
2026-07-24 09:50:00,0.0856,0.0858,0.0856,0.0857,66719.2
2026-07-24 09:55:00,0.0857,0.0857,0.0856,0.0857,2674.9
2026-07-24 10:00:00,0.0856,0.0857,0.0856,0.0856,75850.5
2026-07-24 10:05:00,0.0855,0.0856,0.0853,0.0854,60388.4
2026-07-24 10:10:00,0.0854,0.0854,0.0851,0.0852,351690.8
2026-07-24 10:15:00,0.0852,0.0853,0.085,0.085,51865.2
2026-07-24 10:20:00,0.0851,0.0852,0.0851,0.0852,53778.2
2026-07-24 10:25:00,0.0852,0.0852,0.0851,0.0852,20607.5
2026-07-24 10:30:00,0.0852,0.0853,0.0852,0.0852,108348.8
2026-07-24 10:35:00,0.0851,0.0852,0.085,0.0851,44906.7
2026-07-24 10:40:00,0.0851,0.0853,0.0851,0.0852,35062.8
2026-07-24 10:45:00,0.0852,0.0852,0.0851,0.0852,86987.3
2026-07-24 10:50:00,0.0852,0.0852,0.0851,0.0851,29693.5
2026-07-24 10:55:00,0.0851,0.0852,0.0851,0.0851,91439.6
2026-07-24 11:00:00,0.0851,0.0852,0.085,0.0852,83127.0
2026-07-24 11:05:00,0.0852,0.0852,0.085,0.085,55742.6
2026-07-24 11:10:00,0.085,0.085,0.0849,0.085,63952.9
2026-07-24 11:15:00,0.085,0.0851,0.085,0.085,44714.6
2026-07-24 11:20:00,0.0851,0.0851,0.0849,0.085,20603.0
2026-07-24 11:25:00,0.085,0.085,0.0849,0.085,28695.4
2026-07-24 11:30:00,0.085,0.085,0.0848,0.0849,189232.4
2026-07-24 11:35:00,0.0849,0.085,0.0848,0.0848,110196.1
2026-07-24 11:40:00,0.0849,0.0849,0.0848,0.0849,278215.6
2026-07-24 11:45:00,0.0849,0.0849,0.0847,0.0849,178613.4
2026-07-24 11:50:00,0.0849,0.085,0.0849,0.085,42171.2
2026-07-24 11:55:00,0.0851,0.0851,0.0848,0.0851,56997.4
2026-07-24 12:00:00,0.085,0.085,0.0849,0.085,9232.7
2026-07-24 12:05:00,0.0849,0.0851,0.0849,0.0851,46600.9
2026-07-24 12:10:00,0.0851,0.0852,0.085,0.0851,41336.8
2026-07-24 12:15:00,0.0851,0.0851,0.085,0.085,17424.9
2026-07-24 12:20:00,0.0851,0.0851,0.0848,0.085,445549.5
2026-07-24 12:25:00,0.085,0.0853,0.0849,0.0851,217058.8
2026-07-24 12:30:00,0.085,0.0851,0.085,0.085,47638.9
2026-07-24 12:35:00,0.085,0.085,0.0849,0.085,11308.3
2026-07-24 12:40:00,0.0849,0.0849,0.0848,0.0848,24114.4
2026-07-24 12:45:00,0.0849,0.0849,0.0844,0.0845,204524.2
2026-07-24 12:50:00,0.0846,0.0847,0.0846,0.0846,64842.5
2026-07-24 12:55:00,0.0847,0.0847,0.0845,0.0846,103624.5
2026-07-24 13:00:00,0.0846,0.0846,0.0844,0.0844,113909.8
2026-07-24 13:05:00,0.0845,0.0845,0.0834,0.0838,975507.7
2026-07-24 13:10:00,0.0837,0.0839,0.0835,0.0838,529654.1
2026-07-24 13:15:00,0.0839,0.0842,0.0838,0.0842,143137.3
2026-07-24 13:20:00,0.0842,0.0843,0.0841,0.0842,133751.2
2026-07-24 13:25:00,0.0841,0.0841,0.0839,0.0839,48081.7
2026-07-24 13:30:00,0.084,0.084,0.0838,0.084,152248.7
2026-07-24 13:35:00,0.084,0.0841,0.0837,0.0837,78701.5
2026-07-24 13:40:00,0.0837,0.084,0.0836,0.084,336519.6
2026-07-24 13:45:00,0.084,0.0841,0.084,0.084,113885.7
2026-07-24 13:50:00,0.0839,0.0839,0.0835,0.0836,308348.3
2026-07-24 13:55:00,0.0835,0.0839,0.0835,0.0839,241160.4
2026-07-24 14:00:00,0.084,0.084,0.0836,0.0836,1846712.6
2026-07-24 14:05:00,0.0836,0.0839,0.0836,0.0839,53730.4
2026-07-24 14:10:00,0.0838,0.0839,0.0835,0.0836,132503.5
2026-07-24 14:15:00,0.0835,0.0836,0.083,0.0834,1005336.0
2026-07-24 14:20:00,0.0835,0.0837,0.0834,0.0836,718912.2
2026-07-24 14:25:00,0.0837,0.084,0.0836,0.084,1389670.9
2026-07-24 14:30:00,0.0839,0.084,0.0838,0.0839,172234.1
2026-07-24 14:35:00,0.0839,0.084,0.0838,0.0839,31907.3
2026-07-24 14:40:00,0.0839,0.084,0.0838,0.0838,96959.4
2026-07-24 14:45:00,0.0837,0.0838,0.0836,0.0838,184497.9
2026-07-24 14:50:00,0.0838,0.0842,0.0838,0.0842,57577.2
2026-07-24 14:55:00,0.0842,0.0844,0.0842,0.0843,193300.5
2026-07-24 15:00:00,0.0843,0.0843,0.0841,0.0842,116577.8
2026-07-24 15:05:00,0.0841,0.0842,0.0841,0.0841,51742.3
2026-07-24 15:10:00,0.084,0.0844,0.084,0.0843,203696.8
2026-07-24 15:15:00,0.0843,0.0845,0.0841,0.0841,148019.1
2026-07-24 15:20:00,0.0841,0.0841,0.084,0.084,39688.3
2026-07-24 15:25:00,0.0841,0.0842,0.084,0.084,79475.9
2026-07-24 15:30:00,0.084,0.0842,0.084,0.0841,113021.1
2026-07-24 15:35:00,0.0841,0.0842,0.084,0.0841,154979.3
2026-07-24 15:40:00,0.0841,0.0842,0.084,0.084,163488.5
2026-07-24 15:45:00,0.084,0.0841,0.0839,0.0841,115224.2
2026-07-24 15:50:00,0.0841,0.0841,0.0838,0.0839,87619.8
2026-07-24 15:55:00,0.0839,0.084,0.0838,0.0838,117297.8
2026-07-24 16:00:00,0.0838,0.0839,0.0837,0.0839,175673.0
2026-07-24 16:05:00,0.0839,0.0839,0.0838,0.0839,11354.8
2026-07-24 16:10:00,0.0838,0.0839,0.0837,0.0838,72084.0
2026-07-24 16:15:00,0.0838,0.0839,0.0837,0.0837,48768.0
2026-07-24 16:20:00,0.0838,0.0838,0.0836,0.0836,70332.6
2026-07-24 16:25:00,0.0837,0.0838,0.0836,0.0838,111022.1
2026-07-24 16:30:00,0.0837,0.0837,0.0835,0.0836,80642.0
2026-07-24 16:35:00,0.0835,0.0836,0.0834,0.0834,119342.2
2026-07-24 16:40:00,0.0834,0.0836,0.0834,0.0835,37377.1
2026-07-24 16:45:00,0.0834,0.0835,0.0834,0.0834,41601.1
2026-07-24 16:50:00,0.0835,0.0835,0.0834,0.0834,144669.6
2026-07-24 16:55:00,0.0834,0.0837,0.0834,0.0836,45049.7
2026-07-24 17:00:00,0.0837,0.0837,0.0835,0.0836,51603.3
2026-07-24 17:05:00,0.0836,0.0837,0.0835,0.0836,225548.1
2026-07-24 17:10:00,0.0836,0.0836,0.0835,0.0836,19639.8
2026-07-24 17:15:00,0.0837,0.0839,0.0836,0.0838,69266.3
2026-07-24 17:20:00,0.0839,0.0841,0.0838,0.0841,38233.5
2026-07-24 17:25:00,0.0842,0.0842,0.0842,0.0842,31036.8
2026-07-24 17:30:00,0.0842,0.0842,0.084,0.0841,179493.8
2026-07-24 17:35:00,0.084,0.0841,0.0839,0.0841,371827.7
2026-07-24 17:40:00,0.0841,0.0842,0.084,0.0841,44976.7
2026-07-24 17:45:00,0.084,0.084,0.0838,0.084,91531.1
2026-07-24 17:50:00,0.0839,0.0841,0.0839,0.084,13378.6
2026-07-24 17:55:00,0.0841,0.0841,0.0839,0.0839,4181.6
2026-07-24 18:00:00,0.084,0.084,0.0838,0.0838,22945.0
2026-07-24 18:05:00,0.0839,0.084,0.0839,0.084,1896.6
2026-07-24 18:10:00,0.0839,0.084,0.0838,0.0839,55499.4
2026-07-24 18:15:00,0.0839,0.084,0.0838,0.0838,6956.9
2026-07-24 18:20:00,0.0838,0.0839,0.0838,0.0838,11782.1
2026-07-24 18:25:00,0.0838,0.0838,0.0838,0.0838,2467.8
2026-07-24 18:30:00,0.0838,0.0838,0.0837,0.0838,3917.1
2026-07-24 18:35:00,0.0837,0.0839,0.0837,0.0839,33307.4
2026-07-24 18:40:00,0.0838,0.0838,0.0838,0.0838,6231.7
2026-07-24 18:45:00,0.0839,0.0841,0.0839,0.084,20119.3
2026-07-24 18:50:00,0.084,0.0841,0.084,0.0841,11598.2
2026-07-24 18:55:00,0.084,0.0841,0.0839,0.084,5082.7
2026-07-24 19:00:00,0.0839,0.0841,0.0839,0.0839,12364.2
2026-07-24 19:05:00,0.0839,0.084,0.0838,0.0838,9182.2
2026-07-24 19:10:00,0.0839,0.0839,0.0838,0.0838,2562.1
2026-07-24 19:15:00,0.0838,0.0839,0.0838,0.0839,1033.5
2026-07-24 19:20:00,0.0838,0.084,0.0838,0.0838,36972.1
2026-07-24 19:25:00,0.0838,0.0839,0.0838,0.0839,18754.7
2026-07-24 19:30:00,0.0839,0.084,0.0839,0.084,967.0
2026-07-24 19:35:00,0.0839,0.084,0.0838,0.0839,39872.7
2026-07-24 19:40:00,0.0839,0.0839,0.0838,0.0839,24309.1
2026-07-24 19:45:00,0.0839,0.084,0.0838,0.0838,3381.2
2026-07-24 19:50:00,0.0839,0.0839,0.0839,0.0839,25302.5
2026-07-24 19:55:00,0.0839,0.084,0.0838,0.0839,60652.6
2026-07-24 20:00:00,0.0839,0.084,0.0839,0.084,4667.1
2026-07-24 20:05:00,0.0839,0.084,0.0838,0.0838,293522.2
2026-07-24 20:10:00,0.0839,0.0839,0.0839,0.0839,182266.0
2026-07-24 20:15:00,0.0839,0.084,0.0839,0.0839,38923.6
2026-07-24 20:20:00,0.0839,0.0839,0.0839,0.0839,22800.2
2026-07-24 20:25:00,0.084,0.084,0.0839,0.0839,248411.0
2026-07-24 20:30:00,0.0839,0.0839,0.0838,0.0838,20190.6
2026-07-24 20:35:00,0.0838,0.0839,0.0836,0.0837,125143.0
2026-07-24 20:40:00,0.0836,0.0836,0.0836,0.0836,29220.0
2026-07-24 20:45:00,0.0837,0.0837,0.0835,0.0837,52398.3
2026-07-24 20:50:00,0.0836,0.0837,0.0836,0.0837,2347.2
2026-07-24 20:55:00,0.0838,0.0838,0.0837,0.0838,24768.6
2026-07-24 21:00:00,0.0837,0.0838,0.0836,0.0836,10360.2
2026-07-24 21:05:00,0.0836,0.0836,0.0836,0.0836,34390.3
2026-07-24 21:10:00,0.0836,0.0837,0.0835,0.0835,65189.2
2026-07-24 21:15:00,0.0836,0.0837,0.0836,0.0837,5450.2
2026-07-24 21:20:00,0.0835,0.0836,0.0835,0.0836,87482.9
2026-07-24 21:25:00,0.0837,0.0837,0.0837,0.0837,2813.4
2026-07-24 21:30:00,0.0837,0.0838,0.0836,0.0836,69198.0
2026-07-24 21:35:00,0.0837,0.0837,0.0835,0.0836,142773.8
2026-07-24 21:40:00,0.0835,0.0836,0.0834,0.0835,124517.3
2026-07-24 21:45:00,0.0834,0.0835,0.0834,0.0835,23953.9
2026-07-24 21:50:00,0.0835,0.0835,0.0833,0.0834,31640.7
2026-07-24 21:55:00,0.0834,0.0834,0.0829,0.0831,631161.4
2026-07-24 22:00:00,0.0832,0.0832,0.083,0.0831,80066.8
2026-07-24 22:05:00,0.0832,0.0832,0.083,0.0831,17985.6
2026-07-24 22:10:00,0.0831,0.0832,0.0828,0.083,220386.1
2026-07-24 22:15:00,0.0831,0.0832,0.083,0.083,120965.9
2026-07-24 22:20:00,0.083,0.0831,0.0829,0.083,164976.9
2026-07-24 22:25:00,0.0831,0.0831,0.083,0.0831,9166.9
2026-07-24 22:30:00,0.0831,0.0833,0.0831,0.0832,96128.8
2026-07-24 22:35:00,0.0832,0.0833,0.0832,0.0833,43047.4
2026-07-24 22:40:00,0.0832,0.0833,0.0832,0.0832,12294.5
2026-07-24 22:45:00,0.0832,0.0832,0.0832,0.0832,44873.8
2026-07-24 22:50:00,0.0833,0.0833,0.0832,0.0832,22081.3
2026-07-24 22:55:00,0.0832,0.0833,0.0832,0.0832,14462.7
2026-07-24 23:00:00,0.0832,0.0833,0.0831,0.0833,62415.5
2026-07-24 23:05:00,0.0833,0.0833,0.0832,0.0832,39349.6
2026-07-24 23:10:00,0.0833,0.0833,0.0832,0.0832,10089.6
2026-07-24 23:15:00,0.0832,0.0832,0.0831,0.0832,24280.5
2026-07-24 23:20:00,0.0832,0.0832,0.0832,0.0832,16095.9
2026-07-24 23:25:00,0.0831,0.0831,0.0831,0.0831,1450.0
2026-07-24 23:30:00,0.0832,0.0832,0.0831,0.0832,18476.2
2026-07-24 23:35:00,0.0831,0.0832,0.083,0.083,20722.3
2026-07-24 23:40:00,0.083,0.0831,0.083,0.0831,23623.5
2026-07-24 23:45:00,0.0831,0.0831,0.083,0.0831,1674.3
2026-07-24 23:50:00,0.083,0.0831,0.083,0.083,4101.7
2026-07-24 23:55:00,0.083,0.0831,0.083,0.0831,20335.5
2026-07-25 00:00:00,0.0831,0.0831,0.0828,0.0831,64885.2
2026-07-25 00:05:00,0.083,0.0832,0.083,0.0831,10286.6
2026-07-25 00:10:00,0.0831,0.0832,0.0831,0.0832,13398.7
2026-07-25 00:15:00,0.0831,0.0832,0.083,0.083,23349.1
2026-07-25 00:20:00,0.0831,0.0831,0.0831,0.0831,17285.4
2026-07-25 00:25:00,0.0831,0.0831,0.083,0.083,23944.9
2026-07-25 00:30:00,0.0829,0.083,0.0829,0.0829,76265.2
2026-07-25 00:35:00,0.0829,0.0829,0.0826,0.0826,209500.2
2026-07-25 00:40:00,0.0826,0.0827,0.0825,0.0826,232754.3
2026-07-25 00:45:00,0.0826,0.0828,0.0825,0.0826,139701.8
2026-07-25 00:50:00,0.0826,0.0826,0.0821,0.0822,310753.0
2026-07-25 00:55:00,0.0822,0.0827,0.0822,0.0827,55336.4
2026-07-25 01:00:00,0.0826,0.0827,0.0825,0.0827,56448.2
2026-07-25 01:05:00,0.0827,0.0827,0.0825,0.0825,62745.8
2026-07-25 01:10:00,0.0825,0.0825,0.0824,0.0824,49260.7
2026-07-25 01:15:00,0.0826,0.0826,0.0824,0.0824,6360.1
2026-07-25 01:20:00,0.0824,0.0824,0.0823,0.0823,26752.7
2026-07-25 01:25:00,0.0823,0.0824,0.0823,0.0824,47386.8
2026-07-25 01:30:00,0.0824,0.0824,0.0818,0.0819,1064161.9
2026-07-25 01:35:00,0.082,0.0822,0.082,0.0821,125204.1
2026-07-25 01:40:00,0.0821,0.0823,0.0821,0.0822,145509.2
2026-07-25 01:45:00,0.0823,0.0823,0.0822,0.0823,36986.0
2026-07-25 01:50:00,0.0823,0.0824,0.0823,0.0823,25895.4
2026-07-25 01:55:00,0.0823,0.0823,0.0821,0.0822,19486.0
2026-07-25 02:00:00,0.0821,0.0822,0.0818,0.0821,398201.4
2026-07-25 02:05:00,0.0822,0.0823,0.0822,0.0822,9005.8
2026-07-25 02:10:00,0.0823,0.0823,0.0821,0.0821,59625.4
2026-07-25 02:15:00,0.0821,0.0821,0.082,0.082,111775.6
2026-07-25 02:20:00,0.082,0.0823,0.082,0.0822,33267.1
2026-07-25 02:25:00,0.0822,0.0824,0.0822,0.0824,10321.9
2026-07-25 02:30:00,0.0824,0.0825,0.0823,0.0825,74212.6
2026-07-25 02:35:00,0.0825,0.0825,0.0824,0.0825,91700.6
2026-07-25 02:40:00,0.0825,0.0825,0.0824,0.0824,6065.4
2026-07-25 02:45:00,0.0823,0.0823,0.0823,0.0823,7107.3
2026-07-25 02:50:00,0.0822,0.0823,0.0821,0.0822,33214.2
2026-07-25 02:55:00,0.0823,0.0823,0.0822,0.0823,11510.3
2026-07-25 03:00:00,0.0822,0.0824,0.0822,0.0824,12312.5
2026-07-25 03:05:00,0.0824,0.0825,0.0824,0.0824,96505.3
2026-07-25 03:10:00,0.0824,0.0824,0.0823,0.0824,18538.8
2026-07-25 03:15:00,0.0823,0.0824,0.0823,0.0824,141152.8
2026-07-25 03:20:00,0.0823,0.0824,0.0823,0.0823,12760.9
2026-07-25 03:25:00,0.0823,0.0825,0.0823,0.0825,52168.2
2026-07-25 03:30:00,0.0824,0.0825,0.0824,0.0824,26015.2
2026-07-25 03:35:00,0.0825,0.0825,0.0824,0.0824,24597.0
2026-07-25 03:40:00,0.0824,0.0824,0.0823,0.0824,48698.7
2026-07-25 03:45:00,0.0824,0.0824,0.0822,0.0822,40351.6
2026-07-25 03:50:00,0.0822,0.0822,0.0821,0.0821,58064.5
2026-07-25 03:55:00,0.0821,0.0823,0.0821,0.0823,86968.6
2026-07-25 04:00:00,0.0824,0.0824,0.0823,0.0824,10136.7
2026-07-25 04:05:00,0.0825,0.0825,0.0824,0.0824,11605.2
2026-07-25 04:10:00,0.0824,0.0825,0.0824,0.0825,54210.7
2026-07-25 04:15:00,0.0825,0.0826,0.0825,0.0826,19856.0
2026-07-25 04:20:00,0.0825,0.0826,0.0825,0.0825,41495.3
2026-07-25 04:25:00,0.0824,0.0826,0.0824,0.0826,22515.2
2026-07-25 04:30:00,0.0825,0.0826,0.0824,0.0824,46312.6
2026-07-25 04:35:00,0.0824,0.0825,0.0824,0.0824,12334.1
2026-07-25 04:40:00,0.0824,0.0826,0.0824,0.0826,18549.0
2026-07-25 04:45:00,0.0826,0.0826,0.0825,0.0826,10780.2
2026-07-25 04:50:00,0.0826,0.0827,0.0825,0.0826,56716.1
2026-07-25 04:55:00,0.0826,0.0826,0.0825,0.0825,23569.8
2026-07-25 05:00:00,0.0826,0.0827,0.0825,0.0826,29865.0
2026-07-25 05:05:00,0.0826,0.0827,0.0826,0.0827,20427.7
2026-07-25 05:10:00,0.0827,0.0827,0.0824,0.0824,77341.7
2026-07-25 05:15:00,0.0825,0.0825,0.0825,0.0825,2831.4
2026-07-25 05:20:00,0.0824,0.0825,0.0824,0.0824,36430.6
2026-07-25 05:25:00,0.0825,0.0825,0.0824,0.0825,23968.2
2026-07-25 05:30:00,0.0825,0.0826,0.0825,0.0825,11148.3
2026-07-25 05:35:00,0.0824,0.0825,0.0824,0.0824,22318.2
2026-07-25 05:40:00,0.0825,0.0825,0.0824,0.0824,199362.3
2026-07-25 05:45:00,0.0824,0.0826,0.0824,0.0826,31963.7
2026-07-25 05:50:00,0.0825,0.0826,0.0824,0.0826,59485.6
2026-07-25 05:55:00,0.0825,0.0826,0.0825,0.0826,32148.9
2026-07-25 06:00:00,0.0826,0.0826,0.0824,0.0825,32571.2
2026-07-25 06:05:00,0.0826,0.0826,0.0824,0.0825,9318.6
2026-07-25 06:10:00,0.0825,0.0827,0.0825,0.0827,76116.0
2026-07-25 06:15:00,0.0827,0.0827,0.0825,0.0827,79316.4
2026-07-25 06:20:00,0.0827,0.0827,0.0825,0.0825,112186.8
2026-07-25 06:25:00,0.0824,0.0824,0.0824,0.0824,47474.0
2026-07-25 06:30:00,0.0824,0.0824,0.0823,0.0823,96401.6
2026-07-25 06:35:00,0.0823,0.0824,0.0823,0.0823,105287.1
2026-07-25 06:40:00,0.0823,0.0823,0.0823,0.0823,0.0
2026-07-25 06:45:00,0.0824,0.0824,0.0823,0.0823,32632.9
2026-07-25 06:50:00,0.0823,0.0823,0.0822,0.0823,441696.7
2026-07-25 06:55:00,0.0824,0.0825,0.0824,0.0825,145154.5
2026-07-25 07:00:00,0.0825,0.0827,0.0825,0.0826,64853.2
2026-07-25 07:05:00,0.0826,0.0827,0.0825,0.0827,61845.1
2026-07-25 07:10:00,0.0827,0.0827,0.0826,0.0826,25637.6
2026-07-25 07:15:00,0.0827,0.0827,0.0825,0.0825,83973.5
2026-07-25 07:20:00,0.0826,0.0827,0.0826,0.0827,5419.7
2026-07-25 07:25:00,0.0827,0.0828,0.0827,0.0828,56909.3
2026-07-25 07:30:00,0.0827,0.0828,0.0826,0.0827,88288.9
2026-07-25 07:35:00,0.0827,0.0827,0.0826,0.0827,6616.9
2026-07-25 07:40:00,0.0828,0.0828,0.0826,0.0827,35656.9
2026-07-25 07:45:00,0.0827,0.0829,0.0827,0.0827,29942.8
2026-07-25 07:50:00,0.0827,0.0828,0.0827,0.0827,10253.6
2026-07-25 07:55:00,0.0826,0.0827,0.0826,0.0827,159874.0
2026-07-25 08:00:00,0.0826,0.0827,0.0825,0.0827,22393.2
2026-07-25 08:05:00,0.0827,0.0827,0.0825,0.0826,23208.5
2026-07-25 08:10:00,0.0826,0.0828,0.0826,0.0828,55579.4
2026-07-25 08:15:00,0.0828,0.0829,0.0828,0.0828,17703.5
2026-07-25 08:20:00,0.0828,0.0829,0.0827,0.0827,43181.3
2026-07-25 08:25:00,0.0828,0.0834,0.0828,0.0834,189976.4
2026-07-25 08:30:00,0.0833,0.0834,0.0832,0.0832,205118.0
2026-07-25 08:35:00,0.0833,0.0833,0.0832,0.0832,9705.2
2026-07-25 08:40:00,0.0832,0.0833,0.0832,0.0832,193991.2
2026-07-25 08:45:00,0.0832,0.0832,0.0829,0.083,45350.9
2026-07-25 08:50:00,0.0829,0.0829,0.0828,0.0829,15233.8
2026-07-25 08:55:00,0.0828,0.0829,0.0828,0.0829,6833.6
2026-07-25 09:00:00,0.083,0.083,0.0829,0.0829,23825.9
2026-07-25 09:05:00,0.0829,0.0829,0.0829,0.0829,2586.9
2026-07-25 09:10:00,0.083,0.083,0.0828,0.0828,9553.2
2026-07-25 09:15:00,0.0828,0.0829,0.0827,0.0829,137609.7
2026-07-25 09:20:00,0.083,0.0832,0.0829,0.0832,109437.0
2026-07-25 09:25:00,0.0832,0.0834,0.0831,0.0832,82983.3
2026-07-25 09:30:00,0.0832,0.0833,0.0832,0.0832,33877.1
2026-07-25 09:35:00,0.0832,0.0832,0.0831,0.0832,17230.1
2026-07-25 09:40:00,0.0832,0.0832,0.0829,0.083,122669.2
2026-07-25 09:45:00,0.0831,0.0831,0.083,0.0831,12743.0
2026-07-25 09:50:00,0.0831,0.0831,0.083,0.083,118109.6
2026-07-25 09:55:00,0.083,0.083,0.0829,0.0829,48282.9
2026-07-25 10:00:00,0.083,0.0831,0.0829,0.0829,18910.7
2026-07-25 10:05:00,0.083,0.083,0.0829,0.083,10836.7
2026-07-25 10:10:00,0.083,0.0832,0.083,0.0832,19284.1
2026-07-25 10:15:00,0.0832,0.0832,0.0831,0.0831,1949.0
2026-07-25 10:20:00,0.0831,0.0831,0.083,0.0831,20963.6
2026-07-25 10:25:00,0.0832,0.0832,0.0831,0.0831,117642.5
2026-07-25 10:30:00,0.0831,0.0832,0.0831,0.0831,34503.0
2026-07-25 10:35:00,0.0831,0.0831,0.083,0.0831,14722.6
2026-07-25 10:40:00,0.0831,0.0831,0.0831,0.0831,16040.0
2026-07-25 10:45:00,0.083,0.0831,0.083,0.083,18519.4
2026-07-25 10:50:00,0.083,0.0831,0.083,0.0831,4414.9
2026-07-25 10:55:00,0.0831,0.0831,0.083,0.083,10889.5
2026-07-25 11:00:00,0.0831,0.0833,0.0831,0.0833,6057.0
2026-07-25 11:05:00,0.0833,0.0834,0.0832,0.0832,32156.2
2026-07-25 11:10:00,0.0833,0.0833,0.0832,0.0832,50198.3
2026-07-25 11:15:00,0.0832,0.0832,0.0831,0.0831,44265.4
2026-07-25 11:20:00,0.0833,0.0834,0.0832,0.0834,54760.0
2026-07-25 11:25:00,0.0833,0.0833,0.0829,0.0831,218441.6
2026-07-25 11:30:00,0.0831,0.0832,0.0829,0.0829,45854.2
2026-07-25 11:35:00,0.0829,0.083,0.0829,0.0829,90952.6
2026-07-25 11:40:00,0.0829,0.083,0.0829,0.0829,4590.7
2026-07-25 11:45:00,0.0829,0.083,0.0828,0.0829,128856.5
2026-07-25 11:50:00,0.0829,0.083,0.0829,0.0829,45815.3
2026-07-25 11:55:00,0.0829,0.083,0.0829,0.0829,9764.9
2026-07-25 12:00:00,0.0829,0.0831,0.0829,0.083,14028.1
2026-07-25 12:05:00,0.0831,0.0831,0.0829,0.083,8978.1
2026-07-25 12:10:00,0.083,0.0831,0.083,0.0831,35056.2
2026-07-25 12:15:00,0.0832,0.0832,0.083,0.0831,13623.4
2026-07-25 12:20:00,0.083,0.0831,0.083,0.0831,52900.9
2026-07-25 12:25:00,0.0831,0.0832,0.0829,0.083,35343.5
2026-07-25 12:30:00,0.0829,0.083,0.0828,0.083,16480.6
2026-07-25 12:35:00,0.083,0.0831,0.0829,0.0831,21464.2
2026-07-25 12:40:00,0.083,0.0831,0.083,0.083,24071.6
2026-07-25 12:45:00,0.0831,0.0832,0.083,0.0831,1276.7
2026-07-25 12:50:00,0.0831,0.0831,0.083,0.0831,8767.0
2026-07-25 12:55:00,0.0831,0.0832,0.0831,0.0832,898.9
2026-07-25 13:00:00,0.0831,0.0832,0.0831,0.0832,73483.4
2026-07-25 13:05:00,0.0832,0.0832,0.0831,0.0832,27941.2
2026-07-25 13:10:00,0.0832,0.0832,0.0831,0.0831,14360.2
2026-07-25 13:15:00,0.0831,0.0832,0.083,0.083,57251.1
2026-07-25 13:20:00,0.0831,0.0832,0.0831,0.0832,89931.2
2026-07-25 13:25:00,0.0831,0.0832,0.0831,0.0832,21343.6
2026-07-25 13:30:00,0.0831,0.0832,0.0831,0.0831,49157.2
2026-07-25 13:35:00,0.0832,0.0832,0.083,0.0831,47764.1
2026-07-25 13:40:00,0.0832,0.0832,0.083,0.0832,88552.4
2026-07-25 13:45:00,0.0832,0.0833,0.0831,0.0832,85315.0
2026-07-25 13:50:00,0.0832,0.0836,0.0832,0.0833,478996.9
2026-07-25 13:55:00,0.0833,0.0834,0.083,0.083,205891.3
2026-07-25 14:00:00,0.0831,0.0831,0.0829,0.083,6678.8
2026-07-25 14:05:00,0.083,0.083,0.0828,0.0829,74478.9
2026-07-25 14:10:00,0.0829,0.0829,0.0827,0.0828,225023.3
2026-07-25 14:15:00,0.0827,0.0828,0.0827,0.0828,68609.5
2026-07-25 14:20:00,0.0828,0.0828,0.0826,0.0827,163909.9
2026-07-25 14:25:00,0.0827,0.0827,0.0826,0.0827,31462.5
2026-07-25 14:30:00,0.0827,0.0828,0.0826,0.0827,24884.9
2026-07-25 14:35:00,0.0827,0.0828,0.0827,0.0828,42938.8
2026-07-25 14:40:00,0.0828,0.0828,0.0827,0.0828,64693.6
2026-07-25 14:45:00,0.0828,0.0828,0.0827,0.0827,30745.2
2026-07-25 14:50:00,0.0827,0.0828,0.0826,0.0828,19709.0
2026-07-25 14:55:00,0.0828,0.0829,0.0827,0.0827,72039.3
2026-07-25 15:00:00,0.0828,0.0828,0.0824,0.0826,961068.3
2026-07-25 15:05:00,0.0826,0.0827,0.0826,0.0826,39565.5
2026-07-25 15:10:00,0.0827,0.0829,0.0826,0.0828,101693.0
2026-07-25 15:15:00,0.0828,0.0829,0.0828,0.0828,24306.3
2026-07-25 15:20:00,0.0829,0.0831,0.0829,0.083,118963.1
2026-07-25 15:25:00,0.083,0.083,0.0828,0.0829,62531.1
2026-07-25 15:30:00,0.083,0.083,0.0828,0.083,75578.5
2026-07-25 15:35:00,0.0829,0.0831,0.0829,0.0831,84984.0
2026-07-25 15:40:00,0.0831,0.0831,0.0829,0.083,54951.5
2026-07-25 15:45:00,0.0829,0.0831,0.0829,0.083,27068.1
2026-07-25 15:50:00,0.083,0.083,0.0829,0.083,28787.7
2026-07-25 15:55:00,0.083,0.0831,0.0829,0.083,647863.0
2026-07-25 16:00:00,0.083,0.0831,0.083,0.0831,100838.8
2026-07-25 16:05:00,0.0831,0.0831,0.0829,0.0829,110510.0
2026-07-25 16:10:00,0.083,0.083,0.0829,0.083,89536.7
2026-07-25 16:15:00,0.0831,0.0831,0.0829,0.0829,89609.6
2026-07-25 16:20:00,0.0829,0.0829,0.0827,0.0828,86263.9
2026-07-25 16:25:00,0.0828,0.0829,0.0826,0.0828,87137.3
2026-07-25 16:30:00,0.0828,0.0829,0.0827,0.0828,94794.4
2026-07-25 16:35:00,0.0827,0.083,0.0827,0.083,50990.5
2026-07-25 16:40:00,0.0829,0.083,0.0829,0.083,42001.2
2026-07-25 16:45:00,0.083,0.083,0.0829,0.083,73940.4
2026-07-25 16:50:00,0.083,0.083,0.0827,0.0828,91315.2
2026-07-25 16:55:00,0.0828,0.0828,0.0826,0.0828,214783.1
2026-07-25 17:00:00,0.0828,0.0828,0.0827,0.0828,147830.9
2026-07-25 17:05:00,0.0828,0.0829,0.0828,0.0829,53333.9
2026-07-25 17:10:00,0.083,0.083,0.0828,0.0829,151787.5
2026-07-25 17:15:00,0.083,0.0831,0.083,0.0831,8957.2
2026-07-25 17:20:00,0.0831,0.0833,0.0831,0.0833,139944.9
2026-07-25 17:25:00,0.0832,0.0834,0.0832,0.0834,32014.2
2026-07-25 17:30:00,0.0833,0.0835,0.0833,0.0834,21592.2
2026-07-25 17:35:00,0.0834,0.0835,0.0832,0.0833,72087.2
2026-07-25 17:40:00,0.0833,0.0834,0.0832,0.0834,70593.7
2026-07-25 17:45:00,0.0834,0.0834,0.0831,0.0832,207054.4
2026-07-25 17:50:00,0.0832,0.0832,0.0831,0.0832,44500.3
2026-07-25 17:55:00,0.0832,0.0833,0.0832,0.0832,59198.1
2026-07-25 18:00:00,0.0832,0.0835,0.0832,0.0834,114119.3
2026-07-25 18:05:00,0.0834,0.0834,0.0832,0.0833,43198.4
2026-07-25 18:10:00,0.0833,0.0835,0.0832,0.0834,83081.7
2026-07-25 18:15:00,0.0833,0.0835,0.0833,0.0835,2206.3
2026-07-25 18:20:00,0.0834,0.0834,0.0831,0.0833,182176.1
2026-07-25 18:25:00,0.0833,0.0834,0.0833,0.0834,80579.1
2026-07-25 18:30:00,0.0834,0.0835,0.0833,0.0835,2855.2
2026-07-25 18:35:00,0.0835,0.0835,0.0833,0.0834,61984.8
2026-07-25 18:40:00,0.0834,0.0834,0.0833,0.0834,118000.7
2026-07-25 18:45:00,0.0834,0.0834,0.0832,0.0833,267763.0
2026-07-25 18:50:00,0.0833,0.0833,0.0832,0.0833,95686.7
2026-07-25 18:55:00,0.0833,0.0833,0.0832,0.0832,6666.5
2026-07-25 19:00:00,0.0832,0.0833,0.0832,0.0832,74526.8
2026-07-25 19:05:00,0.0833,0.0833,0.083,0.0831,238474.2
2026-07-25 19:10:00,0.0831,0.0832,0.0831,0.0832,184878.1
2026-07-25 19:15:00,0.0832,0.0832,0.0831,0.0831,67281.2
2026-07-25 19:20:00,0.0832,0.0832,0.0831,0.0831,10491.4
2026-07-25 19:25:00,0.0832,0.0832,0.0831,0.0832,8100.3
2026-07-25 19:30:00,0.0832,0.0833,0.0831,0.0833,8278.5
2026-07-25 19:35:00,0.0833,0.0833,0.0831,0.0832,163303.3
2026-07-25 19:40:00,0.0832,0.0833,0.0831,0.0833,16264.6
2026-07-25 19:45:00,0.0832,0.0833,0.0831,0.0831,22432.5
2026-07-25 19:50:00,0.0832,0.0833,0.0832,0.0833,85376.5
2026-07-25 19:55:00,0.0832,0.0833,0.0832,0.0833,4722.9
2026-07-25 20:00:00,0.0832,0.0833,0.0831,0.0832,99136.4
2026-07-25 20:05:00,0.0832,0.0833,0.0831,0.0831,58999.6
2026-07-25 20:10:00,0.0831,0.0833,0.0831,0.0832,22294.6
2026-07-25 20:15:00,0.0831,0.0832,0.0831,0.0831,52311.3
2026-07-25 20:20:00,0.0831,0.0832,0.0831,0.0832,19972.6
2026-07-25 20:25:00,0.0832,0.0832,0.0832,0.0832,16314.2
2026-07-25 20:30:00,0.0832,0.0832,0.0831,0.0832,24370.9
2026-07-25 20:35:00,0.0832,0.0832,0.0831,0.0832,3784.7
2026-07-25 20:40:00,0.0832,0.0832,0.0832,0.0832,1808.5
2026-07-25 20:45:00,0.0831,0.0832,0.0831,0.0832,1981.8
2026-07-25 20:50:00,0.0831,0.0832,0.0831,0.0831,9958.1
2026-07-25 20:55:00,0.0831,0.0832,0.083,0.0832,29784.2
2026-07-25 21:00:00,0.0832,0.0832,0.083,0.0831,44569.6
2026-07-25 21:05:00,0.0831,0.0831,0.0829,0.083,216023.0
2026-07-25 21:10:00,0.083,0.083,0.0828,0.083,260117.2
2026-07-25 21:15:00,0.083,0.083,0.0829,0.083,56616.1
2026-07-25 21:20:00,0.0829,0.083,0.0828,0.0829,44915.8
2026-07-25 21:25:00,0.0828,0.0829,0.0828,0.0829,98492.1
2026-07-25 21:30:00,0.0829,0.0831,0.0829,0.0831,30423.7
2026-07-25 21:35:00,0.083,0.0832,0.083,0.0831,129902.4
2026-07-25 21:40:00,0.0831,0.0832,0.083,0.0831,57534.0
2026-07-25 21:45:00,0.0831,0.0832,0.083,0.0832,15957.7
2026-07-25 21:50:00,0.0832,0.0832,0.0831,0.0831,13583.3
2026-07-25 21:55:00,0.0831,0.0833,0.0831,0.0831,207481.3
2026-07-25 22:00:00,0.0831,0.0833,0.0831,0.0831,74372.7
2026-07-25 22:05:00,0.0831,0.0832,0.0831,0.0832,4310.3
2026-07-25 22:10:00,0.0833,0.0833,0.0831,0.0831,109254.3
2026-07-25 22:15:00,0.0831,0.0832,0.083,0.083,124096.1
2026-07-25 22:20:00,0.083,0.0831,0.0829,0.083,199153.3
2026-07-25 22:25:00,0.083,0.083,0.0829,0.0829,85041.8
2026-07-25 22:30:00,0.083,0.083,0.0829,0.0829,94184.1
2026-07-25 22:35:00,0.0829,0.0829,0.0828,0.0829,104597.8
2026-07-25 22:40:00,0.083,0.083,0.0829,0.0829,42110.4
2026-07-25 22:45:00,0.083,0.083,0.0829,0.0829,131981.0
2026-07-25 22:50:00,0.0829,0.083,0.0829,0.083,53111.8
2026-07-25 22:55:00,0.083,0.083,0.0829,0.083,7560.4
2026-07-25 23:00:00,0.083,0.083,0.0828,0.0829,128833.3
2026-07-25 23:05:00,0.0829,0.083,0.0828,0.0828,92587.9
2026-07-25 23:10:00,0.0829,0.0829,0.0828,0.0828,13854.4
2026-07-25 23:15:00,0.0827,0.0828,0.0826,0.0827,24136.8
2026-07-25 23:20:00,0.0826,0.0827,0.0826,0.0826,7003.4
2026-07-25 23:25:00,0.0826,0.0827,0.0825,0.0826,221194.3
2026-07-25 23:30:00,0.0826,0.0826,0.0825,0.0826,86818.2
2026-07-25 23:35:00,0.0826,0.0827,0.0825,0.0826,84223.2
2026-07-25 23:40:00,0.0825,0.0826,0.0825,0.0826,26104.8
2026-07-25 23:45:00,0.0825,0.0826,0.0825,0.0826,81822.7
2026-07-25 23:50:00,0.0826,0.0826,0.0824,0.0825,54119.6
2026-07-25 23:55:00,0.0824,0.0826,0.0824,0.0825,72763.7
2026-07-26 00:00:00,0.0825,0.0825,0.0823,0.0825,86560.8
2026-07-26 00:05:00,0.0825,0.0825,0.0824,0.0824,233680.6
2026-07-26 00:10:00,0.0823,0.0823,0.0823,0.0823,31576.5
2026-07-26 00:15:00,0.0823,0.0823,0.0822,0.0822,68997.7
2026-07-26 00:20:00,0.0823,0.0823,0.0822,0.0822,35696.0
2026-07-26 00:25:00,0.0822,0.0823,0.0821,0.0822,29971.7
2026-07-26 00:30:00,0.0822,0.0822,0.0821,0.0822,66347.8
2026-07-26 00:35:00,0.0821,0.0822,0.0821,0.0821,32290.9
2026-07-26 00:40:00,0.0822,0.0823,0.0821,0.0823,21239.6
2026-07-26 00:45:00,0.0822,0.0822,0.0821,0.0821,21638.6
2026-07-26 00:50:00,0.0822,0.0823,0.0822,0.0823,14278.7
2026-07-26 00:55:00,0.0822,0.0823,0.0822,0.0822,34773.1
2026-07-26 01:00:00,0.0823,0.0825,0.0822,0.0824,111822.3
2026-07-26 01:05:00,0.0824,0.0824,0.0822,0.0823,66077.7
2026-07-26 01:10:00,0.0823,0.0824,0.0821,0.0823,149639.6
2026-07-26 01:15:00,0.0824,0.0824,0.0823,0.0823,55168.0
2026-07-26 01:20:00,0.0823,0.0824,0.0823,0.0823,45011.9
2026-07-26 01:25:00,0.0824,0.0824,0.0824,0.0824,28948.9
2026-07-26 01:30:00,0.0824,0.0825,0.0824,0.0824,31884.7
2026-07-26 01:35:00,0.0823,0.0825,0.0823,0.0824,68235.1
2026-07-26 01:40:00,0.0824,0.0824,0.0822,0.0823,30938.0
2026-07-26 01:45:00,0.0823,0.0823,0.0822,0.0822,5713.0
2026-07-26 01:50:00,0.0823,0.0824,0.0823,0.0824,122421.4
2026-07-26 01:55:00,0.0823,0.0824,0.0822,0.0823,48575.5
2026-07-26 02:00:00,0.0824,0.0824,0.0822,0.0822,79058.7
2026-07-26 02:05:00,0.0822,0.0822,0.082,0.0821,202335.8
2026-07-26 02:10:00,0.082,0.0822,0.082,0.0822,40201.9
2026-07-26 02:15:00,0.0823,0.0823,0.0822,0.0823,58932.8
2026-07-26 02:20:00,0.0822,0.0822,0.0822,0.0822,39430.3
2026-07-26 02:25:00,0.0822,0.0822,0.0821,0.0822,45505.0
2026-07-26 02:30:00,0.0823,0.0823,0.0823,0.0823,82783.1
2026-07-26 02:35:00,0.0823,0.0823,0.0822,0.0823,18446.9
2026-07-26 02:40:00,0.0823,0.0824,0.0823,0.0824,42497.2
2026-07-26 02:45:00,0.0823,0.0824,0.0823,0.0823,72607.5
2026-07-26 02:50:00,0.0824,0.0826,0.0824,0.0825,282578.0
2026-07-26 02:55:00,0.0826,0.0826,0.0824,0.0825,128007.7
2026-07-26 03:00:00,0.0824,0.0825,0.0824,0.0824,424822.9
2026-07-26 03:05:00,0.0825,0.0825,0.0823,0.0824,76171.3
2026-07-26 03:10:00,0.0824,0.0827,0.0823,0.0827,186220.6
2026-07-26 03:15:00,0.0826,0.0826,0.0825,0.0825,275589.2
2026-07-26 03:20:00,0.0825,0.0826,0.0824,0.0826,105694.7
2026-07-26 03:25:00,0.0825,0.0826,0.0824,0.0824,67356.1
2026-07-26 03:30:00,0.0824,0.0825,0.0823,0.0825,52278.9
2026-07-26 03:35:00,0.0826,0.0826,0.0825,0.0826,108521.1
2026-07-26 03:40:00,0.0826,0.0827,0.0825,0.0825,244571.2
2026-07-26 03:45:00,0.0825,0.0825,0.0824,0.0824,117965.2
2026-07-26 03:50:00,0.0824,0.0825,0.0824,0.0825,25714.9
2026-07-26 03:55:00,0.0825,0.0825,0.0825,0.0825,31761.5
2026-07-26 04:00:00,0.0825,0.0825,0.0824,0.0825,73909.9
2026-07-26 04:05:00,0.0826,0.0827,0.0825,0.0826,231189.1
2026-07-26 04:10:00,0.0826,0.0827,0.0825,0.0827,97959.3
2026-07-26 04:15:00,0.0827,0.083,0.0826,0.0828,784450.5
2026-07-26 04:20:00,0.0828,0.0829,0.0828,0.0828,155898.1
2026-07-26 04:25:00,0.0829,0.0831,0.0829,0.0829,58180.2
2026-07-26 04:30:00,0.083,0.083,0.0829,0.0829,20565.9
2026-07-26 04:35:00,0.0829,0.083,0.0829,0.083,29862.3
2026-07-26 04:40:00,0.0829,0.083,0.0829,0.0829,60291.9
2026-07-26 04:45:00,0.0829,0.083,0.0829,0.083,32676.5
2026-07-26 04:50:00,0.083,0.083,0.0829,0.0829,111434.5
2026-07-26 04:55:00,0.0828,0.0828,0.0827,0.0827,49754.5
2026-07-26 05:00:00,0.0828,0.0828,0.0826,0.0828,59955.5
2026-07-26 05:05:00,0.0828,0.0828,0.0826,0.0828,47917.0
2026-07-26 05:10:00,0.0828,0.083,0.0828,0.0829,79491.2
2026-07-26 05:15:00,0.0829,0.083,0.0828,0.0828,91739.6
2026-07-26 05:20:00,0.0829,0.0829,0.0828,0.0828,39875.6
2026-07-26 05:25:00,0.0828,0.0828,0.0828,0.0828,17920.7
2026-07-26 05:30:00,0.0827,0.0827,0.0826,0.0827,139425.3
2026-07-26 05:35:00,0.0827,0.0828,0.0827,0.0828,121054.9
2026-07-26 05:40:00,0.0827,0.0829,0.0827,0.0829,43301.1
2026-07-26 05:45:00,0.0829,0.0829,0.0828,0.0828,258534.6
2026-07-26 05:50:00,0.0829,0.0829,0.0827,0.0827,26353.0
2026-07-26 05:55:00,0.0828,0.0829,0.0827,0.0829,8696.4
2026-07-26 06:00:00,0.0828,0.0829,0.0828,0.0829,106153.4
2026-07-26 06:05:00,0.0828,0.0828,0.0827,0.0827,54857.1
2026-07-26 06:10:00,0.0827,0.0827,0.0826,0.0827,202422.8
2026-07-26 06:15:00,0.0827,0.0827,0.0826,0.0827,1726.4
2026-07-26 06:20:00,0.0826,0.0826,0.0824,0.0824,283196.0
2026-07-26 06:25:00,0.0825,0.0825,0.0824,0.0825,90609.5
2026-07-26 06:30:00,0.0824,0.0827,0.0824,0.0827,113884.6
2026-07-26 06:35:00,0.0828,0.0829,0.0828,0.0829,27662.1
2026-07-26 06:40:00,0.0828,0.0829,0.0828,0.0829,44053.5
2026-07-26 06:45:00,0.0829,0.0829,0.0828,0.0828,11409.0
2026-07-26 06:50:00,0.0828,0.0829,0.0827,0.0828,13242.8
2026-07-26 06:55:00,0.0829,0.0831,0.0828,0.083,160581.9
2026-07-26 07:00:00,0.0831,0.0832,0.083,0.083,220679.8
2026-07-26 07:05:00,0.083,0.083,0.0829,0.0829,17355.4
2026-07-26 07:10:00,0.083,0.0831,0.083,0.0831,35706.5
2026-07-26 07:15:00,0.0831,0.0831,0.083,0.083,14538.3
2026-07-26 07:20:00,0.083,0.083,0.0828,0.0828,57471.9
2026-07-26 07:25:00,0.0828,0.0828,0.0827,0.0828,210167.3
2026-07-26 07:30:00,0.0827,0.0829,0.0827,0.0828,99154.2
2026-07-26 07:35:00,0.0827,0.0828,0.0826,0.0826,149218.1
2026-07-26 07:40:00,0.0827,0.0828,0.0826,0.0826,58973.2
2026-07-26 07:45:00,0.0827,0.0828,0.0827,0.0828,12618.2
2026-07-26 07:50:00,0.0828,0.0828,0.0827,0.0828,49287.7
2026-07-26 07:55:00,0.0828,0.0828,0.0827,0.0827,5753.6
2026-07-26 08:00:00,0.0828,0.0829,0.0827,0.0829,35450.9
2026-07-26 08:05:00,0.0829,0.0829,0.0827,0.0827,76572.1
2026-07-26 08:10:00,0.0827,0.0827,0.0827,0.0827,1445.3
2026-07-26 08:15:00,0.0827,0.0828,0.0827,0.0827,200090.5
2026-07-26 08:20:00,0.0827,0.0827,0.0825,0.0826,462419.5
2026-07-26 08:25:00,0.0826,0.0827,0.0825,0.0827,23518.6
2026-07-26 08:30:00,0.0827,0.0827,0.0826,0.0827,114818.6
2026-07-26 08:35:00,0.0827,0.0827,0.0824,0.0825,407377.1
2026-07-26 08:40:00,0.0826,0.0826,0.0825,0.0826,148142.8
2026-07-26 08:45:00,0.0825,0.0826,0.0825,0.0826,47796.4
2026-07-26 08:50:00,0.0825,0.0826,0.0825,0.0826,60063.9
2026-07-26 08:55:00,0.0825,0.0826,0.0825,0.0826,65874.4
2026-07-26 09:00:00,0.0826,0.0827,0.0825,0.0827,72722.9
2026-07-26 09:05:00,0.0827,0.0828,0.0826,0.0827,48316.4
2026-07-26 09:10:00,0.0827,0.0827,0.0825,0.0827,91284.6
2026-07-26 09:15:00,0.0827,0.0827,0.0826,0.0827,96028.5
2026-07-26 09:20:00,0.0828,0.0828,0.0826,0.0826,99063.0
2026-07-26 09:25:00,0.0827,0.0827,0.0825,0.0826,198600.1
2026-07-26 09:30:00,0.0825,0.0826,0.0824,0.0824,116783.7
2026-07-26 09:35:00,0.0825,0.0826,0.0825,0.0826,53442.5
2026-07-26 09:40:00,0.0825,0.0827,0.0824,0.0825,231873.4
2026-07-26 09:45:00,0.0825,0.0825,0.0823,0.0824,195168.5
2026-07-26 09:50:00,0.0824,0.0824,0.0823,0.0823,60976.4
2026-07-26 09:55:00,0.0824,0.0824,0.0822,0.0822,68743.8
2026-07-26 10:00:00,0.0822,0.0824,0.0821,0.0823,204512.8
2026-07-26 10:05:00,0.0823,0.0825,0.0823,0.0824,77652.9
2026-07-26 10:10:00,0.0824,0.0825,0.0824,0.0825,367136.9
2026-07-26 10:15:00,0.0825,0.0826,0.0824,0.0824,158976.1
2026-07-26 10:20:00,0.0824,0.0827,0.0824,0.0827,127990.4
2026-07-26 10:25:00,0.0826,0.0828,0.0826,0.0827,109651.2
2026-07-26 10:30:00,0.0827,0.0828,0.0826,0.0827,69119.7
2026-07-26 10:35:00,0.0827,0.0828,0.0826,0.0827,154968.9
2026-07-26 10:40:00,0.0827,0.0829,0.0827,0.0828,119646.3
2026-07-26 10:45:00,0.0827,0.0829,0.0827,0.0828,64689.6
2026-07-26 10:50:00,0.0828,0.083,0.0828,0.083,33430.2
2026-07-26 10:55:00,0.0829,0.0829,0.0829,0.0829,8831.7
2026-07-26 11:00:00,0.0828,0.083,0.0828,0.083,81414.5
2026-07-26 11:05:00,0.0829,0.083,0.0828,0.0829,5392.2
2026-07-26 11:10:00,0.0829,0.083,0.0829,0.0829,91294.3
2026-07-26 11:15:00,0.083,0.083,0.0829,0.083,325798.6
2026-07-26 11:20:00,0.0829,0.0831,0.0829,0.083,51120.9
2026-07-26 11:25:00,0.083,0.0834,0.083,0.0834,414285.7
2026-07-26 11:30:00,0.0833,0.0834,0.0831,0.0831,368808.4
2026-07-26 11:35:00,0.0831,0.0831,0.0829,0.083,114785.5
2026-07-26 11:40:00,0.083,0.083,0.0828,0.0829,42783.7
2026-07-26 11:45:00,0.0828,0.0829,0.0827,0.0828,37476.1
2026-07-26 11:50:00,0.0828,0.0829,0.0827,0.0827,78022.8
2026-07-26 11:55:00,0.0827,0.0828,0.0826,0.0828,48130.8
2026-07-26 12:00:00,0.0828,0.0828,0.0827,0.0828,32572.3
2026-07-26 12:05:00,0.0828,0.083,0.0828,0.0829,197021.3
2026-07-26 12:10:00,0.083,0.083,0.0828,0.083,17898.7
2026-07-26 12:15:00,0.0831,0.0831,0.0827,0.0828,111013.6
2026-07-26 12:20:00,0.0827,0.0829,0.0827,0.0829,142295.3
2026-07-26 12:25:00,0.0829,0.083,0.0829,0.0829,15037.2
2026-07-26 12:30:00,0.0829,0.0829,0.0828,0.0829,59950.7
2026-07-26 12:35:00,0.0829,0.0829,0.0828,0.0829,10490.1
2026-07-26 12:40:00,0.0829,0.0829,0.0827,0.0829,106109.0
2026-07-26 12:45:00,0.0829,0.0829,0.0827,0.0828,34546.2
2026-07-26 12:50:00,0.0828,0.0829,0.0827,0.0827,180807.4
2026-07-26 12:55:00,0.0827,0.0828,0.0827,0.0828,18638.0
2026-07-26 13:00:00,0.0828,0.0828,0.0825,0.0826,273485.6
2026-07-26 13:05:00,0.0826,0.0827,0.0825,0.0826,85019.5
2026-07-26 13:10:00,0.0826,0.0827,0.0825,0.0826,154217.8
2026-07-26 13:15:00,0.0826,0.0828,0.0826,0.0827,13801.6
2026-07-26 13:20:00,0.0827,0.0827,0.0826,0.0827,129627.2
2026-07-26 13:25:00,0.0827,0.0827,0.0823,0.0824,302122.4
2026-07-26 13:30:00,0.0823,0.0824,0.0822,0.0823,77561.7
2026-07-26 13:35:00,0.0823,0.0823,0.0822,0.0822,41134.7
2026-07-26 13:40:00,0.0822,0.0824,0.0822,0.0824,29251.0
2026-07-26 13:45:00,0.0824,0.0824,0.0823,0.0823,25667.0
2026-07-26 13:50:00,0.0824,0.0824,0.0823,0.0823,12672.6
2026-07-26 13:55:00,0.0824,0.0824,0.0823,0.0824,19771.2
2026-07-26 14:00:00,0.0823,0.0825,0.0823,0.0825,31964.8
2026-07-26 14:05:00,0.0825,0.0827,0.0825,0.0827,169173.4
2026-07-26 14:10:00,0.0827,0.0827,0.0825,0.0826,108541.3
2026-07-26 14:15:00,0.0825,0.0827,0.0825,0.0826,30849.4
2026-07-26 14:20:00,0.0825,0.0826,0.0825,0.0826,3431.7
2026-07-26 14:25:00,0.0825,0.0826,0.0825,0.0826,44625.6
2026-07-26 14:30:00,0.0826,0.0827,0.0825,0.0826,79619.1
2026-07-26 14:35:00,0.0825,0.0826,0.0824,0.0825,107553.4
2026-07-26 14:40:00,0.0825,0.0827,0.0825,0.0826,28513.5
2026-07-26 14:45:00,0.0826,0.0826,0.0824,0.0824,112918.9
2026-07-26 14:50:00,0.0825,0.0825,0.0824,0.0825,152929.8
2026-07-26 14:55:00,0.0824,0.0825,0.0823,0.0824,33828.8
2026-07-26 15:00:00,0.0824,0.0824,0.0822,0.0823,440936.7
2026-07-26 15:05:00,0.0824,0.0824,0.0822,0.0824,177220.7
2026-07-26 15:10:00,0.0824,0.0824,0.0822,0.0822,27692.3
2026-07-26 15:15:00,0.0823,0.0826,0.0823,0.0826,102012.6
2026-07-26 15:20:00,0.0826,0.0826,0.0825,0.0825,83657.8
2026-07-26 15:25:00,0.0826,0.0826,0.0824,0.0824,15121.1
2026-07-26 15:30:00,0.0825,0.0825,0.0824,0.0824,13193.7
2026-07-26 15:35:00,0.0825,0.0827,0.0825,0.0826,77163.6
2026-07-26 15:40:00,0.0826,0.0828,0.0825,0.0827,71098.6
2026-07-26 15:45:00,0.0827,0.0827,0.0825,0.0827,68643.6
2026-07-26 15:50:00,0.0826,0.0827,0.0825,0.0826,38687.4
2026-07-26 15:55:00,0.0827,0.0827,0.0826,0.0827,100105.3
2026-07-26 16:00:00,0.0827,0.0831,0.0827,0.0827,529127.8
2026-07-26 16:05:00,0.0827,0.0827,0.0826,0.0826,16309.0
2026-07-26 16:10:00,0.0826,0.0827,0.0825,0.0826,120444.7
2026-07-26 16:15:00,0.0826,0.0828,0.0826,0.0828,120510.7
2026-07-26 16:20:00,0.0827,0.0828,0.0826,0.0827,72913.7
2026-07-26 16:25:00,0.0828,0.0829,0.0828,0.0829,247825.0
2026-07-26 16:30:00,0.083,0.0831,0.0828,0.0829,315959.1
2026-07-26 16:35:00,0.0828,0.0829,0.0827,0.0827,48044.7
2026-07-26 16:40:00,0.0828,0.0828,0.0826,0.0826,133052.9
2026-07-26 16:45:00,0.0827,0.0828,0.0827,0.0827,62894.9
2026-07-26 16:50:00,0.0826,0.0827,0.0825,0.0826,62193.5
2026-07-26 16:55:00,0.0825,0.0827,0.0825,0.0826,77428.4
2026-07-26 17:00:00,0.0826,0.0827,0.0825,0.0827,51063.9
2026-07-26 17:05:00,0.0827,0.0827,0.0825,0.0826,9218.5
2026-07-26 17:10:00,0.0826,0.0826,0.0825,0.0826,12339.9
2026-07-26 17:15:00,0.0827,0.0827,0.0825,0.0826,34551.4
2026-07-26 17:20:00,0.0827,0.0827,0.0824,0.0825,161824.0
2026-07-26 17:25:00,0.0825,0.0826,0.0825,0.0825,23103.9
2026-07-26 17:30:00,0.0825,0.0826,0.0824,0.0825,108261.6
2026-07-26 17:35:00,0.0826,0.0826,0.0824,0.0825,118919.7
2026-07-26 17:40:00,0.0825,0.0826,0.0824,0.0825,10162.9
2026-07-26 17:45:00,0.0825,0.0826,0.0824,0.0825,75404.6
2026-07-26 17:50:00,0.0825,0.0825,0.0824,0.0824,2580.7
2026-07-26 17:55:00,0.0825,0.0825,0.0824,0.0825,6697.0
2026-07-26 18:00:00,0.0824,0.0825,0.0823,0.0825,51147.5
2026-07-26 18:05:00,0.0825,0.0825,0.0823,0.0823,6621.8
2026-07-26 18:10:00,0.0824,0.0825,0.0824,0.0825,13006.0
2026-07-26 18:15:00,0.0825,0.0825,0.0824,0.0825,3662.6
2026-07-26 18:20:00,0.0824,0.0825,0.0824,0.0825,1203.9
2026-07-26 18:25:00,0.0824,0.0825,0.0824,0.0825,500391.6
2026-07-26 18:30:00,0.0825,0.0825,0.0824,0.0825,3220.8
2026-07-26 18:35:00,0.0825,0.0826,0.0825,0.0826,4133.3
2026-07-26 18:40:00,0.0825,0.0826,0.0824,0.0826,16414.0
2026-07-26 18:45:00,0.0825,0.0826,0.0825,0.0825,19816.2
2026-07-26 18:50:00,0.0824,0.0826,0.0824,0.0824,38841.3
2026-07-26 18:55:00,0.0824,0.0825,0.0823,0.0825,149118.7
2026-07-26 19:00:00,0.0825,0.0825,0.0823,0.0823,3464.3
2026-07-26 19:05:00,0.0824,0.0824,0.0823,0.0824,8800.3
2026-07-26 19:10:00,0.0823,0.0824,0.0821,0.0823,56246.2
2026-07-26 19:15:00,0.0822,0.0823,0.0822,0.0822,20666.1
2026-07-26 19:20:00,0.0822,0.0824,0.0822,0.0823,98770.3
2026-07-26 19:25:00,0.0822,0.0824,0.0822,0.0823,32186.7
2026-07-26 19:30:00,0.0823,0.0824,0.0823,0.0823,49720.7
2026-07-26 19:35:00,0.0823,0.0824,0.0822,0.0823,39056.6
2026-07-26 19:40:00,0.0823,0.0823,0.0822,0.0822,32402.7
2026-07-26 19:45:00,0.0823,0.0824,0.0823,0.0824,10004.9
2026-07-26 19:50:00,0.0824,0.0825,0.0824,0.0825,37467.5
2026-07-26 19:55:00,0.0825,0.0825,0.0824,0.0824,119261.0
2026-07-26 20:00:00,0.0825,0.0825,0.0823,0.0824,159411.5
2026-07-26 20:05:00,0.0823,0.0823,0.0823,0.0823,852.7
2026-07-26 20:10:00,0.0824,0.0824,0.0822,0.0823,36889.0
2026-07-26 20:15:00,0.0823,0.0823,0.0822,0.0822,92150.1
2026-07-26 20:20:00,0.0822,0.0823,0.0822,0.0823,61133.7
2026-07-26 20:25:00,0.0822,0.0824,0.0822,0.0823,17324.8
2026-07-26 20:30:00,0.0823,0.0824,0.0822,0.0822,62924.6
2026-07-26 20:35:00,0.0822,0.0824,0.0822,0.0823,15348.8
2026-07-26 20:40:00,0.0824,0.0824,0.0823,0.0823,4499.8
2026-07-26 20:45:00,0.0824,0.0824,0.0822,0.0822,30949.8
2026-07-26 20:50:00,0.0822,0.0823,0.0822,0.0822,630.3
2026-07-26 20:55:00,0.0822,0.0823,0.0822,0.0823,40318.0
2026-07-26 21:00:00,0.0822,0.0824,0.0822,0.0822,134048.3
2026-07-26 21:05:00,0.0822,0.0823,0.0822,0.0823,28519.4
2026-07-26 21:10:00,0.0823,0.0824,0.0823,0.0824,25256.5
2026-07-26 21:15:00,0.0824,0.0825,0.0823,0.0825,123601.8
2026-07-26 21:20:00,0.0825,0.0826,0.0824,0.0825,24601.5
2026-07-26 21:25:00,0.0826,0.0826,0.0823,0.0824,109799.7
2026-07-26 21:30:00,0.0824,0.0828,0.0824,0.0828,1168422.3
2026-07-26 21:35:00,0.0827,0.0827,0.0826,0.0826,87461.7
2026-07-26 21:40:00,0.0827,0.0827,0.0826,0.0826,172247.6
2026-07-26 21:45:00,0.0826,0.0827,0.0825,0.0827,666317.7
2026-07-26 21:50:00,0.0827,0.0827,0.0823,0.0826,323150.1
2026-07-26 21:55:00,0.0826,0.0827,0.0825,0.0825,105617.1
2026-07-26 22:00:00,0.0825,0.0833,0.0825,0.0831,411018.8
2026-07-26 22:05:00,0.0831,0.0832,0.083,0.083,33152.7
2026-07-26 22:10:00,0.083,0.0832,0.083,0.083,109909.8
2026-07-26 22:15:00,0.083,0.0832,0.083,0.0831,87690.9
2026-07-26 22:20:00,0.0831,0.0833,0.0831,0.0832,101759.0
2026-07-26 22:25:00,0.0832,0.0833,0.0831,0.0832,71056.6
2026-07-26 22:30:00,0.0833,0.0835,0.0832,0.0834,479931.5
2026-07-26 22:35:00,0.0834,0.0836,0.0833,0.0836,336251.9
2026-07-26 22:40:00,0.0835,0.0837,0.0835,0.0836,140548.3
2026-07-26 22:45:00,0.0835,0.0836,0.0834,0.0836,202227.8
2026-07-26 22:50:00,0.0836,0.0836,0.0834,0.0834,178975.0
2026-07-26 22:55:00,0.0834,0.0834,0.0833,0.0834,22194.3
2026-07-26 23:00:00,0.0834,0.0835,0.0832,0.0833,194613.0
2026-07-26 23:05:00,0.0833,0.0836,0.0833,0.0836,148289.1
2026-07-26 23:10:00,0.0837,0.0837,0.0833,0.0833,120570.3
2026-07-26 23:15:00,0.0832,0.0835,0.0832,0.0832,73435.7
2026-07-26 23:20:00,0.0831,0.0832,0.0831,0.0831,66567.6
2026-07-26 23:25:00,0.0832,0.0832,0.0831,0.0832,27498.2
2026-07-26 23:30:00,0.0831,0.0834,0.083,0.0834,90706.8
2026-07-26 23:35:00,0.0834,0.0834,0.0832,0.0832,95277.9
2026-07-26 23:40:00,0.0832,0.0833,0.0831,0.0833,82947.3
2026-07-26 23:45:00,0.0833,0.0833,0.0831,0.0832,155027.4
2026-07-26 23:50:00,0.0833,0.0833,0.0831,0.0832,230194.8
2026-07-26 23:55:00,0.0832,0.0833,0.0831,0.0833,85855.0
2026-07-27 00:00:00,0.0832,0.0833,0.0829,0.083,142711.8
2026-07-27 00:05:00,0.0831,0.0831,0.0826,0.0826,364769.8
2026-07-27 00:10:00,0.0826,0.0826,0.0824,0.0825,287116.8
2026-07-27 00:15:00,0.0825,0.0827,0.0824,0.0825,220366.5
2026-07-27 00:20:00,0.0825,0.0826,0.0824,0.0825,122130.8
2026-07-27 00:25:00,0.0826,0.0826,0.0824,0.0825,100274.1
2026-07-27 00:30:00,0.0824,0.0825,0.0823,0.0825,162578.7
2026-07-27 00:35:00,0.0825,0.0825,0.0823,0.0824,82587.6
2026-07-27 00:40:00,0.0823,0.0825,0.0823,0.0824,336100.9
2026-07-27 00:45:00,0.0824,0.0826,0.0823,0.0826,511104.5
2026-07-27 00:50:00,0.0825,0.0826,0.0824,0.0824,80339.7
2026-07-27 00:55:00,0.0824,0.0824,0.0823,0.0824,22675.2
2026-07-27 01:00:00,0.0824,0.0825,0.0824,0.0824,15708.4
2026-07-27 01:05:00,0.0824,0.0825,0.0823,0.0825,179192.8
2026-07-27 01:10:00,0.0824,0.0825,0.0823,0.0824,27634.8
2026-07-27 01:15:00,0.0823,0.0823,0.0822,0.0823,136946.6
2026-07-27 01:20:00,0.0823,0.0824,0.0822,0.0824,21300.2
2026-07-27 01:25:00,0.0823,0.0823,0.0822,0.0823,89868.6
2026-07-27 01:30:00,0.0823,0.0824,0.0822,0.0822,66041.5
2026-07-27 01:35:00,0.0822,0.0822,0.0816,0.0819,1287684.7
2026-07-27 01:40:00,0.082,0.0821,0.0819,0.082,326048.8
2026-07-27 01:45:00,0.082,0.0821,0.0819,0.0821,190266.8
2026-07-27 01:50:00,0.0821,0.0821,0.0819,0.082,370654.0
2026-07-27 01:55:00,0.082,0.0821,0.0819,0.0821,51433.6
2026-07-27 02:00:00,0.0821,0.0821,0.0819,0.082,69656.8
2026-07-27 02:05:00,0.0819,0.082,0.0818,0.082,186502.4
2026-07-27 02:10:00,0.082,0.0821,0.0819,0.0821,68231.9
2026-07-27 02:15:00,0.0821,0.0821,0.0819,0.0821,101127.3
2026-07-27 02:20:00,0.0821,0.0822,0.082,0.082,99263.9
2026-07-27 02:25:00,0.0821,0.0823,0.0821,0.0823,89605.9
2026-07-27 02:30:00,0.0822,0.0822,0.0821,0.0822,102715.9
2026-07-27 02:35:00,0.0822,0.0824,0.0821,0.0824,215430.3
2026-07-27 02:40:00,0.0823,0.0824,0.0822,0.0823,30821.7
2026-07-27 02:45:00,0.0824,0.0824,0.0822,0.0823,249419.2
2026-07-27 02:50:00,0.0824,0.0824,0.0822,0.0823,72985.0
2026-07-27 02:55:00,0.0822,0.0823,0.0822,0.0823,25534.9
2026-07-27 03:00:00,0.0824,0.0826,0.0822,0.0823,190031.6
2026-07-27 03:05:00,0.0823,0.0824,0.0823,0.0824,13638.1
2026-07-27 03:10:00,0.0823,0.0824,0.0822,0.0823,105995.6
2026-07-27 03:15:00,0.0824,0.0825,0.0824,0.0824,10882.7
2026-07-27 03:20:00,0.0824,0.0825,0.0824,0.0824,91502.4
2026-07-27 03:25:00,0.0824,0.0824,0.0822,0.0822,96661.4
2026-07-27 03:30:00,0.0822,0.0823,0.0821,0.0822,269384.2
2026-07-27 03:35:00,0.0821,0.0823,0.0821,0.0822,38646.0
2026-07-27 03:40:00,0.0821,0.0822,0.0821,0.0822,6669.8
2026-07-27 03:45:00,0.0822,0.0822,0.0822,0.0822,56618.4
2026-07-27 03:50:00,0.0822,0.0823,0.0821,0.0821,78446.6
2026-07-27 03:55:00,0.0821,0.0822,0.0821,0.0821,142630.6
2026-07-27 04:00:00,0.0822,0.0823,0.0821,0.0823,116666.2
2026-07-27 04:05:00,0.0822,0.0823,0.0821,0.0821,94551.1
2026-07-27 04:10:00,0.082,0.0821,0.0818,0.082,349343.9
2026-07-27 04:15:00,0.0821,0.0822,0.0821,0.0822,18823.4
2026-07-27 04:20:00,0.0823,0.0825,0.0823,0.0824,50312.3
2026-07-27 04:25:00,0.0823,0.0823,0.082,0.0822,28067.4
2026-07-27 04:30:00,0.0822,0.0822,0.0819,0.082,45714.5
2026-07-27 04:35:00,0.0821,0.0822,0.0821,0.0822,6224.0
2026-07-27 04:40:00,0.0822,0.0823,0.0822,0.0823,122178.1
2026-07-27 04:45:00,0.0822,0.0822,0.0821,0.0822,52788.7
2026-07-27 04:50:00,0.0822,0.0822,0.0821,0.0822,209873.4
2026-07-27 04:55:00,0.0822,0.0822,0.0821,0.0821,151960.1
2026-07-27 05:00:00,0.0821,0.0821,0.082,0.0821,41525.4
2026-07-27 05:05:00,0.0821,0.0821,0.0819,0.082,124833.2
2026-07-27 05:10:00,0.082,0.0821,0.082,0.0821,32082.9
2026-07-27 05:15:00,0.082,0.0821,0.0819,0.082,113488.6
2026-07-27 05:20:00,0.0821,0.0823,0.0821,0.0821,101524.2
2026-07-27 05:25:00,0.0821,0.0821,0.082,0.0821,78383.3
2026-07-27 05:30:00,0.0821,0.0821,0.082,0.0821,55365.9
2026-07-27 05:35:00,0.082,0.0821,0.0819,0.082,504471.0
2026-07-27 05:40:00,0.0821,0.0821,0.0819,0.082,44917.9
2026-07-27 05:45:00,0.0819,0.082,0.0819,0.082,49822.1
2026-07-27 05:50:00,0.0819,0.082,0.0818,0.082,32637.3
2026-07-27 05:55:00,0.0819,0.0822,0.0819,0.082,112213.4
2026-07-27 06:00:00,0.082,0.0822,0.0819,0.0822,393973.2
2026-07-27 06:05:00,0.0822,0.0826,0.0822,0.0824,758352.1
2026-07-27 06:10:00,0.0825,0.0827,0.0824,0.0825,158335.1
2026-07-27 06:15:00,0.0826,0.0826,0.0824,0.0825,109869.5
2026-07-27 06:20:00,0.0825,0.0825,0.0825,0.0825,36043.9
2026-07-27 06:25:00,0.0825,0.0825,0.0822,0.0822,134910.0
2026-07-27 06:30:00,0.0822,0.0823,0.0822,0.0823,92165.7
2026-07-27 06:35:00,0.0823,0.0824,0.0822,0.0822,127686.3
2026-07-27 06:40:00,0.0822,0.0823,0.0822,0.0823,64479.4
2026-07-27 06:45:00,0.0824,0.0824,0.0821,0.0822,143163.6
2026-07-27 06:50:00,0.0822,0.0822,0.082,0.0821,176406.4
2026-07-27 06:55:00,0.082,0.0823,0.082,0.0823,153794.9
2026-07-27 07:00:00,0.0822,0.0823,0.0822,0.0823,51945.2
2026-07-27 07:05:00,0.0823,0.0824,0.082,0.0821,113557.0
2026-07-27 07:10:00,0.0821,0.0823,0.0821,0.0823,38801.9
2026-07-27 07:15:00,0.0822,0.0823,0.0821,0.0823,23688.6
2026-07-27 07:20:00,0.0823,0.0824,0.0822,0.0823,38206.0
2026-07-27 07:25:00,0.0822,0.0822,0.0821,0.0821,25893.1
2026-07-27 07:30:00,0.0822,0.0822,0.082,0.0821,64454.0
2026-07-27 07:35:00,0.0821,0.0822,0.0819,0.0819,103302.5
2026-07-27 07:40:00,0.0819,0.0821,0.0818,0.0821,102991.8
2026-07-27 07:45:00,0.0821,0.0822,0.0821,0.0822,212069.6
2026-07-27 07:50:00,0.0822,0.0822,0.0821,0.0822,62203.4
2026-07-27 07:55:00,0.0822,0.0823,0.0821,0.0822,50205.6
2026-07-27 08:00:00,0.0822,0.0822,0.0821,0.0821,39558.0
2026-07-27 08:05:00,0.0821,0.0822,0.082,0.0821,82244.3
2026-07-27 08:10:00,0.082,0.0821,0.0819,0.082,16200.1
2026-07-27 08:15:00,0.0821,0.0821,0.0819,0.082,162690.6
2026-07-27 08:20:00,0.0819,0.082,0.0819,0.0819,18528.5
2026-07-27 08:25:00,0.0819,0.0821,0.0819,0.082,15392.5
2026-07-27 08:30:00,0.082,0.082,0.0819,0.0819,197393.7
2026-07-27 08:35:00,0.0819,0.0819,0.0817,0.0817,32196.4
2026-07-27 08:40:00,0.0818,0.0819,0.0818,0.0819,69220.0
2026-07-27 08:45:00,0.0819,0.082,0.0819,0.0819,10265.4
2026-07-27 08:50:00,0.0819,0.0819,0.0818,0.0818,13648.9
2026-07-27 08:55:00,0.0819,0.0819,0.0818,0.0818,82115.1
2026-07-27 09:00:00,0.0818,0.0818,0.0812,0.0815,953666.6
2026-07-27 09:05:00,0.0815,0.0815,0.0814,0.0815,98127.1
2026-07-27 09:10:00,0.0815,0.0816,0.0813,0.0813,247090.0
2026-07-27 09:15:00,0.0813,0.0815,0.0813,0.0814,81128.6
2026-07-27 09:20:00,0.0815,0.0815,0.0814,0.0815,241033.0
2026-07-27 09:25:00,0.0815,0.0816,0.0815,0.0816,140788.0
2026-07-27 09:30:00,0.0815,0.0816,0.0815,0.0816,163120.4
2026-07-27 09:35:00,0.0817,0.0819,0.0816,0.0818,208794.9
2026-07-27 09:40:00,0.0818,0.0819,0.0818,0.0818,20937.5
2026-07-27 09:45:00,0.0818,0.0819,0.0818,0.0819,17621.0
2026-07-27 09:50:00,0.0819,0.0819,0.0818,0.0819,90114.1
2026-07-27 09:55:00,0.0819,0.082,0.0818,0.082,60352.5
2026-07-27 10:00:00,0.0819,0.0821,0.0819,0.0821,348347.3
2026-07-27 10:05:00,0.082,0.082,0.0819,0.082,107615.0
2026-07-27 10:10:00,0.0819,0.0819,0.0818,0.0818,22868.3
2026-07-27 10:15:00,0.0819,0.082,0.0819,0.082,26921.4
2026-07-27 10:20:00,0.082,0.0822,0.082,0.0822,63277.3
2026-07-27 10:25:00,0.0822,0.0825,0.0822,0.0825,453295.3
2026-07-27 10:30:00,0.0825,0.0825,0.0822,0.0823,467294.7
2026-07-27 10:35:00,0.0824,0.0825,0.0823,0.0823,163220.9
2026-07-27 10:40:00,0.0823,0.0824,0.0823,0.0823,98651.8
2026-07-27 10:45:00,0.0823,0.0824,0.0822,0.0824,16308.9
2026-07-27 10:50:00,0.0824,0.0824,0.0822,0.0822,51900.1
2026-07-27 10:55:00,0.0822,0.0822,0.0821,0.0822,34313.0
2026-07-27 11:00:00,0.0821,0.0821,0.0819,0.0819,100823.1
2026-07-27 11:05:00,0.0819,0.0822,0.0819,0.0821,49726.6
2026-07-27 11:10:00,0.082,0.0822,0.082,0.0821,209763.0
2026-07-27 11:15:00,0.0821,0.0822,0.082,0.0821,173756.1
2026-07-27 11:20:00,0.0821,0.0821,0.0819,0.0819,8650.0
2026-07-27 11:25:00,0.082,0.082,0.0819,0.0819,41194.2
2026-07-27 11:30:00,0.0818,0.082,0.0818,0.082,7800.5
2026-07-27 11:35:00,0.082,0.0821,0.0818,0.0819,423980.6
2026-07-27 11:40:00,0.0818,0.0819,0.0817,0.0817,717721.9
2026-07-27 11:45:00,0.0817,0.0818,0.0817,0.0818,6765.9
2026-07-27 11:50:00,0.0818,0.0818,0.0817,0.0817,27282.6
2026-07-27 11:55:00,0.0818,0.0818,0.0817,0.0817,41833.6
2026-07-27 12:00:00,0.0817,0.082,0.0817,0.082,115105.1
2026-07-27 12:05:00,0.0819,0.0821,0.0819,0.0819,60311.6
2026-07-27 12:10:00,0.0819,0.0819,0.0816,0.0817,147972.2
2026-07-27 12:15:00,0.0817,0.0818,0.0816,0.0816,102946.5
2026-07-27 12:20:00,0.0816,0.0816,0.0814,0.0815,147642.7
2026-07-27 12:25:00,0.0814,0.0816,0.0814,0.0815,84473.2
2026-07-27 12:30:00,0.0814,0.0814,0.0808,0.0811,561759.2
2026-07-27 12:35:00,0.0812,0.0814,0.0811,0.0814,195988.0
2026-07-27 12:40:00,0.0815,0.0816,0.0814,0.0815,169804.5
2026-07-27 12:45:00,0.0815,0.0817,0.0815,0.0816,49458.4
2026-07-27 12:50:00,0.0816,0.0816,0.0815,0.0816,144033.9
2026-07-27 12:55:00,0.0816,0.0817,0.0815,0.0816,27802.6
2026-07-27 13:00:00,0.0816,0.0817,0.0814,0.0815,127029.4
2026-07-27 13:05:00,0.0814,0.0815,0.0814,0.0815,57947.4
2026-07-27 13:10:00,0.0814,0.0816,0.0814,0.0814,51008.9
2026-07-27 13:15:00,0.0815,0.0816,0.0814,0.0814,47707.5
2026-07-27 13:20:00,0.0815,0.0816,0.0814,0.0815,15469.9
2026-07-27 13:25:00,0.0814,0.0815,0.0813,0.0813,130969.4
2026-07-27 13:30:00,0.0814,0.0814,0.0809,0.0812,427630.5
2026-07-27 13:35:00,0.0813,0.0819,0.0812,0.0819,331671.0
2026-07-27 13:40:00,0.0819,0.0823,0.0817,0.0823,370584.7
2026-07-27 13:45:00,0.0823,0.0824,0.0821,0.0823,138384.9
2026-07-27 13:50:00,0.0822,0.0823,0.0818,0.0819,141241.2
2026-07-27 13:55:00,0.0819,0.0819,0.0816,0.0816,77881.7
2026-07-27 14:00:00,0.0817,0.0819,0.0815,0.0818,236437.7
2026-07-27 14:05:00,0.0818,0.082,0.0814,0.0819,493847.4
2026-07-27 14:10:00,0.0818,0.0818,0.0814,0.0817,348404.7
2026-07-27 14:15:00,0.0817,0.0817,0.0812,0.0812,159607.7
2026-07-27 14:20:00,0.0813,0.0813,0.0805,0.0808,999915.0
2026-07-27 14:25:00,0.0808,0.0809,0.0805,0.0805,259065.5
2026-07-27 14:30:00,0.0806,0.0806,0.0799,0.08,1720908.0
2026-07-27 14:35:00,0.0801,0.0803,0.0796,0.08,870702.1
2026-07-27 14:40:00,0.0801,0.0801,0.0794,0.0795,348623.6
2026-07-27 14:45:00,0.0796,0.08,0.0795,0.0799,241125.2
2026-07-27 14:50:00,0.0799,0.08,0.0797,0.0798,140449.1
2026-07-27 14:55:00,0.0799,0.0801,0.0798,0.0799,112572.6
2026-07-27 15:00:00,0.0798,0.08,0.0795,0.0799,319804.2
2026-07-27 15:05:00,0.0799,0.08,0.0796,0.0797,129233.8
2026-07-27 15:10:00,0.0797,0.0799,0.0796,0.0798,183150.7
2026-07-27 15:15:00,0.0798,0.0799,0.0795,0.0798,75671.8
2026-07-27 15:20:00,0.0799,0.0799,0.0796,0.0797,51217.5
2026-07-27 15:25:00,0.0797,0.0798,0.0796,0.0797,110348.6
2026-07-27 15:30:00,0.0797,0.0799,0.0795,0.0797,322041.5
2026-07-27 15:35:00,0.0796,0.0797,0.079,0.0793,884604.5
2026-07-27 15:40:00,0.0793,0.0794,0.0791,0.0794,334282.4
2026-07-27 15:45:00,0.0794,0.0795,0.0793,0.0794,457889.2
2026-07-27 15:50:00,0.0794,0.0794,0.0793,0.0793,485396.1
2026-07-27 15:55:00,0.0794,0.0794,0.0792,0.0793,957347.9
2026-07-27 16:00:00,0.0792,0.0794,0.0791,0.0794,215934.3
2026-07-27 16:05:00,0.0794,0.0795,0.0792,0.0794,236570.5
2026-07-27 16:10:00,0.0793,0.0795,0.0791,0.0791,64872.8
2026-07-27 16:15:00,0.0792,0.0793,0.079,0.0792,132371.9
2026-07-27 16:20:00,0.0792,0.0794,0.0791,0.0792,66882.9
2026-07-27 16:25:00,0.0793,0.0796,0.0793,0.0794,398861.8
2026-07-27 16:30:00,0.0794,0.0796,0.0794,0.0796,84886.0
2026-07-27 16:35:00,0.0796,0.0797,0.0794,0.0796,252026.9
2026-07-27 16:40:00,0.0796,0.0796,0.0794,0.0795,52576.9
2026-07-27 16:45:00,0.0795,0.0797,0.0794,0.0797,140143.2
2026-07-27 16:50:00,0.0796,0.0797,0.0794,0.0794,81023.1
2026-07-27 16:55:00,0.0794,0.0796,0.0793,0.0796,180776.2
2026-07-27 17:00:00,0.0796,0.0797,0.0796,0.0796,46807.4
2026-07-27 17:05:00,0.0796,0.0797,0.0796,0.0797,32368.9
2026-07-27 17:10:00,0.0797,0.0798,0.0796,0.0798,37244.7
2026-07-27 17:15:00,0.0798,0.0798,0.0797,0.0798,36922.4
2026-07-27 17:20:00,0.0798,0.0799,0.0798,0.0798,249348.7
2026-07-27 17:25:00,0.0798,0.0799,0.0796,0.0796,248427.6
2026-07-27 17:30:00,0.0796,0.0799,0.0796,0.0799,247525.2
2026-07-27 17:35:00,0.0799,0.08,0.0798,0.08,800815.8
2026-07-27 17:40:00,0.08,0.0801,0.0798,0.0798,141056.8
2026-07-27 17:45:00,0.0799,0.0799,0.0797,0.0798,36018.3
2026-07-27 17:50:00,0.0798,0.0798,0.0796,0.0797,215308.1
2026-07-27 17:55:00,0.0798,0.0798,0.0798,0.0798,28593.7
2026-07-27 18:00:00,0.0798,0.08,0.0797,0.0797,68038.9
2026-07-27 18:05:00,0.0798,0.0799,0.0798,0.0798,66992.9
2026-07-27 18:10:00,0.0798,0.0798,0.0796,0.0797,69950.3
2026-07-27 18:15:00,0.0796,0.0796,0.0795,0.0796,117619.0
2026-07-27 18:20:00,0.0796,0.0796,0.0795,0.0795,160929.9
2026-07-27 18:25:00,0.0795,0.0796,0.0795,0.0795,149899.3
2026-07-27 18:30:00,0.0795,0.0796,0.0794,0.0794,198391.6
2026-07-27 18:35:00,0.0794,0.0795,0.0792,0.0792,65743.9
2026-07-27 18:40:00,0.0792,0.0795,0.079,0.0792,1074308.8
2026-07-27 18:45:00,0.0793,0.0793,0.079,0.079,212763.3
2026-07-27 18:50:00,0.0791,0.0794,0.0791,0.0793,134953.5
2026-07-27 18:55:00,0.0793,0.0795,0.0793,0.0795,193951.4
2026-07-27 19:00:00,0.0795,0.0795,0.0794,0.0794,20411.4
2026-07-27 19:05:00,0.0794,0.0797,0.0794,0.0796,22386.8
2026-07-27 19:10:00,0.0797,0.0798,0.0796,0.0796,57683.3
2026-07-27 19:15:00,0.0796,0.0797,0.0795,0.0795,12903.4
2026-07-27 19:20:00,0.0796,0.0796,0.0795,0.0795,16118.2
2026-07-27 19:25:00,0.0796,0.0796,0.0794,0.0795,42585.1
2026-07-27 19:30:00,0.0795,0.0796,0.0794,0.0796,26252.1
2026-07-27 19:35:00,0.0796,0.0796,0.0794,0.0794,12668.9
2026-07-27 19:40:00,0.0795,0.0795,0.0794,0.0794,37966.8
2026-07-27 19:45:00,0.0795,0.0795,0.0793,0.0793,154793.8
2026-07-27 19:50:00,0.0794,0.0796,0.0793,0.0796,93601.4
2026-07-27 19:55:00,0.0795,0.0795,0.0795,0.0795,27847.3
2026-07-27 20:00:00,0.0796,0.0796,0.0794,0.0794,36402.1
2026-07-27 20:05:00,0.0794,0.0795,0.0793,0.0793,72462.6
2026-07-27 20:10:00,0.0793,0.0793,0.0792,0.0793,48476.5
2026-07-27 20:15:00,0.0793,0.0794,0.0792,0.0793,24055.0
2026-07-27 20:20:00,0.0794,0.0795,0.0794,0.0795,50818.1
2026-07-27 20:25:00,0.0795,0.0796,0.0795,0.0796,5770.1
2026-07-27 20:30:00,0.0797,0.0797,0.0795,0.0795,54040.5
2026-07-27 20:35:00,0.0796,0.0796,0.0794,0.0794,50168.3
2026-07-27 20:40:00,0.0794,0.0794,0.0793,0.0794,40732.8
2026-07-27 20:45:00,0.0793,0.0794,0.0793,0.0793,16645.0
2026-07-27 20:50:00,0.0794,0.0795,0.0794,0.0794,27506.5
2026-07-27 20:55:00,0.0794,0.0796,0.0794,0.0795,61378.2
2026-07-27 21:00:00,0.0795,0.0795,0.0794,0.0794,38377.0
2026-07-27 21:05:00,0.0794,0.0796,0.0793,0.0795,87981.8
2026-07-27 21:10:00,0.0795,0.0795,0.0794,0.0794,140570.7
2026-07-27 21:15:00,0.0794,0.0794,0.0794,0.0794,4731.1
2026-07-27 21:20:00,0.0795,0.0795,0.0793,0.0793,128028.3
2026-07-27 21:25:00,0.0794,0.0795,0.079,0.0791,269904.5
2026-07-27 21:30:00,0.0791,0.0793,0.0791,0.0791,79128.2
2026-07-27 21:35:00,0.0791,0.0792,0.079,0.0791,96474.4
2026-07-27 21:40:00,0.0791,0.0792,0.079,0.0791,165475.8
2026-07-27 21:45:00,0.0791,0.0791,0.079,0.0791,76333.1
2026-07-27 21:50:00,0.079,0.0791,0.0789,0.079,147296.8
2026-07-27 21:55:00,0.079,0.0791,0.0789,0.079,80930.7
2026-07-27 22:00:00,0.079,0.079,0.0784,0.0787,385256.9
2026-07-27 22:05:00,0.0788,0.0788,0.0785,0.0786,101184.5
2026-07-27 22:10:00,0.0787,0.0787,0.0786,0.0786,130634.9
2026-07-27 22:15:00,0.0786,0.0787,0.0786,0.0786,11817.8
2026-07-27 22:20:00,0.0787,0.0787,0.0784,0.0784,57135.6
2026-07-27 22:25:00,0.0784,0.0785,0.0783,0.0785,72031.4
2026-07-27 22:30:00,0.0784,0.0786,0.0783,0.0784,76758.6
2026-07-27 22:35:00,0.0784,0.0785,0.0782,0.0784,172986.2
2026-07-27 22:40:00,0.0783,0.0783,0.0776,0.0778,1183079.6
2026-07-27 22:45:00,0.0778,0.0778,0.0771,0.0774,864783.8
2026-07-27 22:50:00,0.0774,0.0774,0.0768,0.0772,917921.9
2026-07-27 22:55:00,0.0773,0.0774,0.0768,0.077,405207.2
2026-07-27 23:00:00,0.0769,0.0771,0.0765,0.0769,325197.4
2026-07-27 23:05:00,0.0769,0.0773,0.0769,0.077,222258.4
2026-07-27 23:10:00,0.0769,0.0773,0.0769,0.0772,93905.7
2026-07-27 23:15:00,0.0772,0.0774,0.0771,0.0774,193148.5
2026-07-27 23:20:00,0.0774,0.0775,0.0772,0.0772,445129.5
2026-07-27 23:25:00,0.0773,0.0775,0.0773,0.0774,245382.2
2026-07-27 23:30:00,0.0774,0.0774,0.077,0.077,224690.9
2026-07-27 23:35:00,0.077,0.0771,0.0769,0.077,241664.8
2026-07-27 23:40:00,0.0771,0.0772,0.0768,0.0769,109809.1
2026-07-27 23:45:00,0.0769,0.077,0.0768,0.0769,46307.5
2026-07-27 23:50:00,0.077,0.077,0.0769,0.077,112557.4
2026-07-27 23:55:00,0.077,0.0771,0.077,0.0771,49520.6
2026-07-28 00:00:00,0.0771,0.0774,0.0771,0.0773,248949.2
2026-07-28 00:05:00,0.0772,0.0774,0.0771,0.0773,181685.5
2026-07-28 00:10:00,0.0774,0.0775,0.0772,0.0774,108099.6
2026-07-28 00:15:00,0.0775,0.0777,0.0774,0.0776,109964.7
2026-07-28 00:20:00,0.0777,0.0778,0.0774,0.0776,81101.7
2026-07-28 00:25:00,0.0775,0.0775,0.0774,0.0775,59988.8
2026-07-28 00:30:00,0.0775,0.0777,0.0774,0.0776,96162.9
2026-07-28 00:35:00,0.0775,0.0777,0.0775,0.0776,26616.3
2026-07-28 00:40:00,0.0776,0.0776,0.0774,0.0774,127304.8
2026-07-28 00:45:00,0.0774,0.0774,0.0773,0.0773,19981.0
2026-07-28 00:50:00,0.0773,0.0774,0.0772,0.0774,25475.0
2026-07-28 00:55:00,0.0773,0.0775,0.0773,0.0773,17739.3
2026-07-28 01:00:00,0.0774,0.0775,0.0774,0.0774,23154.8
2026-07-28 01:05:00,0.0773,0.0774,0.0768,0.0772,648333.7
2026-07-28 01:10:00,0.0772,0.0774,0.0772,0.0774,45155.6
2026-07-28 01:15:00,0.0774,0.0774,0.077,0.0771,161645.4
2026-07-28 01:20:00,0.0771,0.0772,0.077,0.0771,418198.2
2026-07-28 01:25:00,0.077,0.0772,0.077,0.0772,115781.4
2026-07-28 01:30:00,0.0772,0.0775,0.0772,0.0775,74721.2
2026-07-28 01:35:00,0.0775,0.0775,0.0772,0.0772,67353.2
2026-07-28 01:40:00,0.0772,0.0772,0.077,0.0772,175522.0
2026-07-28 01:45:00,0.0771,0.0773,0.0771,0.0773,188615.8
2026-07-28 01:50:00,0.0773,0.0773,0.0771,0.0772,160834.4
2026-07-28 01:55:00,0.0772,0.0773,0.0771,0.0773,32029.9
2026-07-28 02:00:00,0.0772,0.0773,0.0772,0.0772,43216.4
2026-07-28 02:05:00,0.0771,0.0774,0.0771,0.0774,77991.4
2026-07-28 02:10:00,0.0774,0.0775,0.0774,0.0775,13927.2
2026-07-28 02:15:00,0.0775,0.0775,0.0773,0.0775,36850.1
2026-07-28 02:20:00,0.0776,0.0776,0.0775,0.0776,21142.1
2026-07-28 02:25:00,0.0776,0.0777,0.0775,0.0776,90529.5
2026-07-28 02:30:00,0.0776,0.0777,0.0775,0.0775,20662.4
2026-07-28 02:35:00,0.0776,0.0777,0.0775,0.0776,37537.6
2026-07-28 02:40:00,0.0776,0.0776,0.0775,0.0776,107093.4
2026-07-28 02:45:00,0.0775,0.0776,0.0774,0.0775,83677.0
2026-07-28 02:50:00,0.0775,0.0777,0.0775,0.0777,28124.0
2026-07-28 02:55:00,0.0778,0.0778,0.0777,0.0777,18659.1
2026-07-28 03:00:00,0.0778,0.0779,0.0777,0.0778,24039.4
2026-07-28 03:05:00,0.0777,0.0778,0.0777,0.0777,62595.8
2026-07-28 03:10:00,0.0776,0.0779,0.0776,0.0778,227995.0
2026-07-28 03:15:00,0.0778,0.0779,0.0777,0.0779,121493.7
2026-07-28 03:20:00,0.0778,0.0779,0.0778,0.0779,4076.5
2026-07-28 03:25:00,0.0779,0.0779,0.0778,0.0778,39987.0
2026-07-28 03:30:00,0.0778,0.0778,0.0776,0.0776,277360.5
2026-07-28 03:35:00,0.0776,0.0777,0.0776,0.0777,113813.9
2026-07-28 03:40:00,0.0777,0.0778,0.0776,0.0776,40671.6
2026-07-28 03:45:00,0.0777,0.0778,0.0777,0.0778,133669.3
2026-07-28 03:50:00,0.0778,0.0778,0.0776,0.0777,91860.7
2026-07-28 03:55:00,0.0777,0.0777,0.0775,0.0777,45054.1
2026-07-28 04:00:00,0.0777,0.0778,0.0776,0.0777,189788.1
2026-07-28 04:05:00,0.0776,0.0778,0.0776,0.0778,13716.3
2026-07-28 04:10:00,0.0778,0.0778,0.0776,0.0776,150309.6
2026-07-28 04:15:00,0.0776,0.0777,0.0776,0.0776,79370.6
2026-07-28 04:20:00,0.0776,0.0777,0.0775,0.0777,11163.1
2026-07-28 04:25:00,0.0777,0.0777,0.0775,0.0777,69374.6
2026-07-28 04:30:00,0.0776,0.0776,0.0775,0.0776,46598.8
2026-07-28 04:35:00,0.0776,0.0776,0.0774,0.0774,49926.0
2026-07-28 04:40:00,0.0774,0.0775,0.0773,0.0775,38231.5
2026-07-28 04:45:00,0.0775,0.0777,0.0775,0.0776,11592.4
2026-07-28 04:50:00,0.0776,0.0777,0.0776,0.0777,12649.0
2026-07-28 04:55:00,0.0777,0.0778,0.0776,0.0776,33083.3
2026-07-28 05:00:00,0.0777,0.0779,0.0776,0.0779,34308.2
2026-07-28 05:05:00,0.0779,0.078,0.0779,0.0779,24239.0
2026-07-28 05:10:00,0.0779,0.0779,0.0777,0.0778,21613.2
2026-07-28 05:15:00,0.0777,0.0779,0.0777,0.0779,92016.2
2026-07-28 05:20:00,0.0779,0.078,0.0779,0.0779,59188.8
2026-07-28 05:25:00,0.0778,0.0779,0.0777,0.0778,34044.4
2026-07-28 05:30:00,0.0778,0.0778,0.0777,0.0777,10195.1
2026-07-28 05:35:00,0.0777,0.0777,0.0777,0.0777,46339.8
2026-07-28 05:40:00,0.0778,0.0779,0.0778,0.0779,13602.0
2026-07-28 05:45:00,0.0778,0.078,0.0778,0.0779,21030.0
2026-07-28 05:50:00,0.0779,0.0779,0.0778,0.0778,49529.1
2026-07-28 05:55:00,0.0778,0.0778,0.0777,0.0777,49825.8
2026-07-28 06:00:00,0.0777,0.078,0.0777,0.0779,264144.1
2026-07-28 06:05:00,0.0779,0.0779,0.0777,0.0778,143527.9
2026-07-28 06:10:00,0.0778,0.0778,0.0776,0.0778,243401.9
2026-07-28 06:15:00,0.0778,0.0779,0.0778,0.0778,53005.5
2026-07-28 06:20:00,0.0778,0.078,0.0778,0.0779,68304.2
2026-07-28 06:25:00,0.0779,0.078,0.0779,0.0779,19035.6
2026-07-28 06:30:00,0.0779,0.0781,0.0779,0.078,28871.5
2026-07-28 06:35:00,0.0781,0.0781,0.078,0.078,12661.0
2026-07-28 06:40:00,0.078,0.0781,0.078,0.0781,161543.1
2026-07-28 06:45:00,0.078,0.0782,0.078,0.0781,247708.5
2026-07-28 06:50:00,0.078,0.0782,0.078,0.0781,94823.7
2026-07-28 06:55:00,0.0781,0.0782,0.078,0.0781,30341.3
2026-07-28 07:00:00,0.0781,0.0782,0.0781,0.0781,128935.0
2026-07-28 07:05:00,0.0781,0.0782,0.0781,0.0781,129636.8
2026-07-28 07:10:00,0.0781,0.0782,0.078,0.0781,51370.6
2026-07-28 07:15:00,0.0781,0.0782,0.0781,0.0781,8420.9
2026-07-28 07:20:00,0.0781,0.0782,0.078,0.078,43237.3
2026-07-28 07:25:00,0.0781,0.0782,0.078,0.078,97031.9
2026-07-28 07:30:00,0.0781,0.0781,0.0779,0.0781,37847.0
2026-07-28 07:35:00,0.078,0.078,0.0779,0.0779,48851.0
2026-07-28 07:40:00,0.0779,0.0779,0.0778,0.0779,1473.9
2026-07-28 07:45:00,0.0778,0.0778,0.0777,0.0777,39521.6
2026-07-28 07:50:00,0.0778,0.0779,0.0778,0.0778,14901.7
2026-07-28 07:55:00,0.0778,0.078,0.0778,0.078,70235.1
2026-07-28 08:00:00,0.0779,0.078,0.0778,0.0779,193268.9
2026-07-28 08:05:00,0.0778,0.0778,0.0778,0.0778,87657.4
2026-07-28 08:10:00,0.0778,0.0778,0.0777,0.0778,12936.2
2026-07-28 08:15:00,0.0777,0.0777,0.0776,0.0776,73555.9
2026-07-28 08:20:00,0.0777,0.0777,0.0775,0.0776,79201.1
2026-07-28 08:25:00,0.0776,0.0778,0.0776,0.0777,20351.9
2026-07-28 08:30:00,0.0777,0.0777,0.0776,0.0777,12713.7
2026-07-28 08:35:00,0.0777,0.0777,0.0776,0.0777,20557.1
2026-07-28 08:40:00,0.0778,0.0778,0.0777,0.0778,47676.5
2026-07-28 08:45:00,0.0777,0.0777,0.0777,0.0777,4385.7
2026-07-28 08:50:00,0.0777,0.0777,0.0776,0.0776,66369.7
2026-07-28 08:55:00,0.0777,0.0777,0.0777,0.0777,69128.6
2026-07-28 09:00:00,0.0777,0.0777,0.0775,0.0776,114022.7
2026-07-28 09:05:00,0.0775,0.0776,0.0774,0.0774,156513.4
2026-07-28 09:10:00,0.0774,0.0775,0.0774,0.0775,7695.6
2026-07-28 09:15:00,0.0775,0.0775,0.0774,0.0775,4879.7
2026-07-28 09:20:00,0.0775,0.0776,0.0775,0.0776,47097.9
2026-07-28 09:25:00,0.0775,0.0775,0.0774,0.0774,71505.1
2026-07-28 09:30:00,0.0775,0.0776,0.0775,0.0776,57631.5
2026-07-28 09:35:00,0.0775,0.0777,0.0774,0.0777,150513.2
2026-07-28 09:40:00,0.0777,0.0778,0.0776,0.0778,135003.7
2026-07-28 09:45:00,0.0777,0.0777,0.0776,0.0777,52702.2
2026-07-28 09:50:00,0.0776,0.0777,0.0775,0.0775,92926.3
2026-07-28 09:55:00,0.0775,0.0777,0.0774,0.0776,84694.4
2026-07-28 10:00:00,0.0776,0.0777,0.0776,0.0777,28248.0
2026-07-28 10:05:00,0.0776,0.0776,0.0775,0.0775,10562.2
2026-07-28 10:10:00,0.0775,0.0776,0.0775,0.0775,50143.9
2026-07-28 10:15:00,0.0776,0.0777,0.0776,0.0777,44529.1
2026-07-28 10:20:00,0.0778,0.0778,0.0776,0.0776,41909.8
2026-07-28 10:25:00,0.0776,0.0777,0.0775,0.0777,149381.3
2026-07-28 10:30:00,0.0776,0.0777,0.0776,0.0777,100606.8
2026-07-28 10:35:00,0.0777,0.0778,0.0776,0.0776,234085.2
2026-07-28 10:40:00,0.0777,0.0777,0.0777,0.0777,11618.1
2026-07-28 10:45:00,0.0777,0.0777,0.0776,0.0776,31706.9
2026-07-28 10:50:00,0.0776,0.0777,0.0776,0.0777,72361.5
2026-07-28 10:55:00,0.0777,0.0777,0.0775,0.0776,110555.9
2026-07-28 11:00:00,0.0777,0.0777,0.0775,0.0775,169637.3
2026-07-28 11:05:00,0.0775,0.0776,0.0774,0.0776,31334.8
2026-07-28 11:10:00,0.0775,0.0775,0.0774,0.0774,8880.9
2026-07-28 11:15:00,0.0774,0.0779,0.0774,0.0779,367524.9
2026-07-28 11:20:00,0.078,0.078,0.0777,0.0778,111582.1
2026-07-28 11:25:00,0.0777,0.0778,0.0777,0.0778,36532.9
2026-07-28 11:30:00,0.0777,0.0779,0.0777,0.0778,5308.2
2026-07-28 11:35:00,0.0778,0.0779,0.0776,0.0777,225446.1
2026-07-28 11:40:00,0.0777,0.0777,0.0775,0.0776,179596.0
2026-07-28 11:45:00,0.0776,0.0777,0.0776,0.0776,9363.1
2026-07-28 11:50:00,0.0776,0.0777,0.0776,0.0777,48455.7
2026-07-28 11:55:00,0.0777,0.0778,0.0776,0.0777,83118.5
2026-07-28 12:00:00,0.0776,0.0778,0.0776,0.0778,45982.4
2026-07-28 12:05:00,0.0778,0.0779,0.0777,0.0778,107637.7
2026-07-28 12:10:00,0.0778,0.078,0.0777,0.078,231959.4
2026-07-28 12:15:00,0.078,0.078,0.0778,0.0779,95523.5
2026-07-28 12:20:00,0.0779,0.078,0.0779,0.078,57757.6
2026-07-28 12:25:00,0.078,0.0782,0.078,0.0781,237424.6
2026-07-28 12:30:00,0.0781,0.0782,0.0779,0.078,448807.2
2026-07-28 12:35:00,0.078,0.0782,0.078,0.0782,157222.1
2026-07-28 12:40:00,0.0781,0.0784,0.078,0.0783,178967.1
2026-07-28 12:45:00,0.0784,0.0789,0.0783,0.0785,482259.1
2026-07-28 12:50:00,0.0786,0.0786,0.0784,0.0784,143055.9
2026-07-28 12:55:00,0.0784,0.0785,0.0783,0.0784,79711.6
2026-07-28 13:00:00,0.0784,0.0784,0.0783,0.0783,70162.3
2026-07-28 13:05:00,0.0783,0.0784,0.0783,0.0783,95475.5
2026-07-28 13:10:00,0.0784,0.0786,0.0783,0.0785,24377.1
2026-07-28 13:15:00,0.0785,0.0785,0.0783,0.0784,20092.2
2026-07-28 13:20:00,0.0783,0.0784,0.078,0.0782,153795.1
2026-07-28 13:25:00,0.0781,0.0782,0.078,0.078,107989.2
2026-07-28 13:30:00,0.0781,0.0781,0.0777,0.0781,323663.4
2026-07-28 13:35:00,0.0781,0.0782,0.0774,0.0776,255770.3
2026-07-28 13:40:00,0.0775,0.0779,0.0775,0.0777,285886.9
2026-07-28 13:45:00,0.0777,0.0778,0.0772,0.0776,196245.8
2026-07-28 13:50:00,0.0777,0.0779,0.0777,0.0778,95795.6
2026-07-28 13:55:00,0.0778,0.0779,0.0777,0.0778,25236.1
2026-07-28 14:00:00,0.0779,0.0781,0.0778,0.0781,52048.2
2026-07-28 14:05:00,0.0781,0.0782,0.078,0.0781,144085.7
2026-07-28 14:10:00,0.078,0.0781,0.0779,0.078,137452.8
2026-07-28 14:15:00,0.078,0.078,0.0777,0.0778,131700.8
2026-07-28 14:20:00,0.0779,0.0785,0.0779,0.0785,513616.8
2026-07-28 14:25:00,0.0784,0.0784,0.0781,0.0782,160318.8
2026-07-28 14:30:00,0.0782,0.0783,0.0782,0.0782,69785.8
2026-07-28 14:35:00,0.0782,0.0785,0.0781,0.0782,203592.0
2026-07-28 14:40:00,0.0782,0.0786,0.0782,0.0784,172478.8
2026-07-28 14:45:00,0.0784,0.0786,0.0784,0.0786,148137.9
2026-07-28 14:50:00,0.0786,0.0787,0.0784,0.0784,173909.0
2026-07-28 14:55:00,0.0786,0.0786,0.0783,0.0783,39007.3
2026-07-28 15:00:00,0.0783,0.0785,0.0783,0.0783,26235.3
2026-07-28 15:05:00,0.0783,0.0786,0.0783,0.0786,74963.0
2026-07-28 15:10:00,0.0787,0.079,0.0785,0.079,1028080.5
2026-07-28 15:15:00,0.0789,0.079,0.0787,0.0788,214355.1
2026-07-28 15:20:00,0.0789,0.0798,0.0789,0.0797,441676.6
2026-07-28 15:25:00,0.0796,0.0798,0.0795,0.0795,274871.2
2026-07-28 15:30:00,0.0795,0.0796,0.0794,0.0795,69487.8
2026-07-28 15:35:00,0.0794,0.0796,0.0794,0.0795,164350.0
2026-07-28 15:40:00,0.0794,0.0797,0.0794,0.0795,73992.6
2026-07-28 15:45:00,0.0796,0.0796,0.0794,0.0794,46560.1
2026-07-28 15:50:00,0.0794,0.0794,0.0791,0.0792,1079126.2
2026-07-28 15:55:00,0.0792,0.0794,0.0792,0.0794,203561.3
2026-07-28 16:00:00,0.0794,0.0796,0.0794,0.0794,225321.2
2026-07-28 16:05:00,0.0794,0.0795,0.0792,0.0792,29717.0
2026-07-28 16:10:00,0.0792,0.0794,0.0791,0.0792,168923.5
2026-07-28 16:15:00,0.0792,0.0794,0.0791,0.0794,53508.2
2026-07-28 16:20:00,0.0794,0.0794,0.079,0.0791,60139.5
2026-07-28 16:25:00,0.0792,0.0792,0.079,0.0791,85923.3
2026-07-28 16:30:00,0.0789,0.079,0.0789,0.0789,436337.7
2026-07-28 16:35:00,0.0788,0.079,0.0788,0.0788,194309.4
2026-07-28 16:40:00,0.0788,0.079,0.0788,0.0789,26785.7
2026-07-28 16:45:00,0.0789,0.0789,0.0788,0.0789,17884.0
2026-07-28 16:50:00,0.0789,0.0792,0.0789,0.079,77219.1
2026-07-28 16:55:00,0.079,0.079,0.0789,0.079,41305.6
2026-07-28 17:00:00,0.0789,0.079,0.0788,0.0789,74270.7
2026-07-28 17:05:00,0.0789,0.0789,0.0787,0.0787,67201.4
2026-07-28 17:10:00,0.0787,0.0787,0.0786,0.0786,59121.3
2026-07-28 17:15:00,0.0786,0.0787,0.0785,0.0787,42979.1
2026-07-28 17:20:00,0.0786,0.0789,0.0786,0.0788,30706.3
2026-07-28 17:25:00,0.0787,0.0788,0.0787,0.0787,7522.1
2026-07-28 17:30:00,0.0787,0.0787,0.0786,0.0787,39263.7
2026-07-28 17:35:00,0.0787,0.0788,0.0784,0.0786,81205.1
2026-07-28 17:40:00,0.0786,0.0788,0.0786,0.0786,87199.4
2026-07-28 17:45:00,0.0787,0.0789,0.0787,0.0788,30062.8
2026-07-28 17:50:00,0.0789,0.0789,0.0786,0.0786,93326.7
2026-07-28 17:55:00,0.0787,0.0788,0.0786,0.0788,26782.6
2026-07-28 18:00:00,0.0788,0.0791,0.0788,0.0789,398726.4
2026-07-28 18:05:00,0.0789,0.0789,0.0786,0.0786,12449.7
2026-07-28 18:10:00,0.0786,0.0786,0.0785,0.0785,66395.2
2026-07-28 18:15:00,0.0785,0.0787,0.0785,0.0787,52222.2
2026-07-28 18:20:00,0.0786,0.0787,0.0785,0.0786,129868.0
2026-07-28 18:25:00,0.0785,0.0786,0.0785,0.0785,5575.1
2026-07-28 18:30:00,0.0785,0.0786,0.0784,0.0786,74940.6
2026-07-28 18:35:00,0.0786,0.0787,0.0785,0.0785,98088.9
2026-07-28 18:40:00,0.0785,0.0786,0.0783,0.0783,244615.8
2026-07-28 18:45:00,0.0783,0.0784,0.0782,0.0783,59923.1
2026-07-28 18:50:00,0.0783,0.0784,0.0782,0.0783,23414.5
2026-07-28 18:55:00,0.0782,0.0783,0.0782,0.0783,37205.1
2026-07-28 19:00:00,0.0784,0.0784,0.0782,0.0783,182277.0
2026-07-28 19:05:00,0.0783,0.0784,0.0782,0.0783,119754.5
2026-07-28 19:10:00,0.0783,0.0784,0.0783,0.0783,16589.2
2026-07-28 19:15:00,0.0783,0.0784,0.0783,0.0783,54842.0
2026-07-28 19:20:00,0.0783,0.0784,0.0782,0.0783,15684.2
2026-07-28 19:25:00,0.0783,0.0783,0.0782,0.0783,63283.9
2026-07-28 19:30:00,0.0784,0.0785,0.0783,0.0783,90890.5
2026-07-28 19:35:00,0.0783,0.0784,0.0782,0.0782,20996.3
2026-07-28 19:40:00,0.0782,0.0783,0.078,0.078,125880.5
2026-07-28 19:45:00,0.0781,0.0783,0.0781,0.0782,52327.0
2026-07-28 19:50:00,0.0782,0.0784,0.0782,0.0783,10791.3
2026-07-28 19:55:00,0.0783,0.0784,0.0782,0.0783,687040.0
2026-07-28 20:00:00,0.0783,0.0784,0.0781,0.0782,57520.3
2026-07-28 20:05:00,0.0783,0.0783,0.0782,0.0783,312301.3
2026-07-28 20:10:00,0.0783,0.0784,0.0782,0.0784,6148.7
2026-07-28 20:15:00,0.0783,0.0784,0.0783,0.0784,59488.0
2026-07-28 20:20:00,0.0783,0.0783,0.0782,0.0782,70019.8
2026-07-28 20:25:00,0.0783,0.0783,0.0781,0.0781,12923.1
2026-07-28 20:30:00,0.0782,0.0782,0.0781,0.0781,6338.1
2026-07-28 20:35:00,0.0782,0.0783,0.078,0.0782,360592.3
2026-07-28 20:40:00,0.0782,0.0784,0.0782,0.0783,232311.4
2026-07-28 20:45:00,0.0783,0.0784,0.0782,0.0782,102971.6
2026-07-28 20:50:00,0.0782,0.0783,0.0781,0.0783,18269.4
2026-07-28 20:55:00,0.0783,0.0783,0.0782,0.0782,33224.4
2026-07-28 21:00:00,0.0783,0.0784,0.0783,0.0784,8809.9
2026-07-28 21:05:00,0.0784,0.0785,0.0783,0.0784,16493.1
2026-07-28 21:10:00,0.0785,0.0789,0.0785,0.0787,388442.1
2026-07-28 21:15:00,0.0787,0.0787,0.0785,0.0785,133440.8
2026-07-28 21:20:00,0.0786,0.0787,0.0786,0.0786,138410.9
2026-07-28 21:25:00,0.0787,0.0787,0.0786,0.0786,68423.1
2026-07-28 21:30:00,0.0786,0.0789,0.0786,0.0788,120466.7
2026-07-28 21:35:00,0.0788,0.079,0.0788,0.0789,72182.7
2026-07-28 21:40:00,0.0789,0.079,0.0789,0.0789,22450.7
2026-07-28 21:45:00,0.079,0.079,0.0788,0.0788,58593.3
2026-07-28 21:50:00,0.0789,0.0791,0.0788,0.0791,114670.9
2026-07-28 21:55:00,0.0791,0.0792,0.079,0.0791,177566.4
2026-07-28 22:00:00,0.079,0.0792,0.0789,0.0791,44121.5
2026-07-28 22:05:00,0.0791,0.0795,0.0791,0.0793,992742.3
2026-07-28 22:10:00,0.0793,0.0794,0.0792,0.0794,180233.2
2026-07-28 22:15:00,0.0794,0.0795,0.0793,0.0793,162605.0
2026-07-28 22:20:00,0.0793,0.0793,0.079,0.0792,1164928.1
2026-07-28 22:25:00,0.0791,0.0792,0.0791,0.0792,49288.9
2026-07-28 22:30:00,0.0791,0.0791,0.079,0.0791,148557.4
2026-07-28 22:35:00,0.0791,0.0792,0.0791,0.0791,13689.6
2026-07-28 22:40:00,0.0791,0.0792,0.0791,0.0792,92393.9
2026-07-28 22:45:00,0.0791,0.0791,0.0788,0.0788,234747.5
2026-07-28 22:50:00,0.0788,0.0788,0.0787,0.0788,89779.5
2026-07-28 22:55:00,0.0788,0.0788,0.0787,0.0787,47925.2
2026-07-28 23:00:00,0.0787,0.0788,0.0786,0.0786,166492.9
2026-07-28 23:05:00,0.0787,0.0787,0.0786,0.0786,41208.0
2026-07-28 23:10:00,0.0787,0.0789,0.0786,0.0788,221014.9
2026-07-28 23:15:00,0.0789,0.0789,0.0788,0.0789,224570.9
2026-07-28 23:20:00,0.079,0.079,0.0786,0.0786,312309.3
2026-07-28 23:25:00,0.0786,0.0788,0.0786,0.0787,21755.4
2026-07-28 23:30:00,0.0787,0.079,0.0787,0.079,1131696.5
2026-07-28 23:35:00,0.079,0.0791,0.0789,0.0789,91984.4
2026-07-28 23:40:00,0.079,0.0791,0.079,0.0791,150031.5
2026-07-28 23:45:00,0.079,0.0793,0.079,0.0792,48590.3
2026-07-28 23:50:00,0.0792,0.0792,0.079,0.0791,30825.2
2026-07-28 23:55:00,0.079,0.0791,0.079,0.079,91003.4
2026-07-29 00:00:00,0.0791,0.0793,0.079,0.0793,774811.3
2026-07-29 00:05:00,0.0792,0.0794,0.0791,0.0793,354375.2
2026-07-29 00:10:00,0.0792,0.0793,0.079,0.0791,65616.6
2026-07-29 00:15:00,0.0792,0.0793,0.0792,0.0792,49680.0
2026-07-29 00:20:00,0.0791,0.0793,0.079,0.0791,538777.9
2026-07-29 00:25:00,0.0791,0.0793,0.079,0.0791,131169.0
2026-07-29 00:30:00,0.0791,0.0792,0.0789,0.0792,40525.9
2026-07-29 00:35:00,0.0791,0.0795,0.0791,0.0794,82428.2
2026-07-29 00:40:00,0.0793,0.0794,0.0792,0.0793,83492.5
2026-07-29 00:45:00,0.0793,0.0795,0.0791,0.0793,75609.9
2026-07-29 00:50:00,0.0791,0.0792,0.0791,0.0792,8810.3
2026-07-29 00:55:00,0.0792,0.0792,0.079,0.079,19370.3
2026-07-29 01:00:00,0.079,0.0792,0.079,0.0791,9787.2
2026-07-29 01:05:00,0.0791,0.0791,0.079,0.079,20173.8
2026-07-29 01:10:00,0.079,0.079,0.0789,0.0789,7396.2
2026-07-29 01:15:00,0.0788,0.0788,0.0788,0.0788,7973.5
2026-07-29 01:20:00,0.0788,0.0789,0.0788,0.0788,33440.7
2026-07-29 01:25:00,0.0788,0.0789,0.0787,0.0787,54376.6
2026-07-29 01:30:00,0.0787,0.0788,0.0786,0.0787,166965.6
2026-07-29 01:35:00,0.0787,0.0788,0.0786,0.0787,91241.7
2026-07-29 01:40:00,0.0787,0.0787,0.0785,0.0785,43277.9
2026-07-29 01:45:00,0.0786,0.0786,0.0784,0.0785,87562.2
2026-07-29 01:50:00,0.0785,0.0785,0.0784,0.0785,104750.0
2026-07-29 01:55:00,0.0785,0.0785,0.0783,0.0784,335042.0
2026-07-29 02:00:00,0.0784,0.0786,0.0783,0.0784,144785.6
2026-07-29 02:05:00,0.0784,0.0786,0.0783,0.0785,89860.5
2026-07-29 02:10:00,0.0785,0.0786,0.0785,0.0786,212979.0
2026-07-29 02:15:00,0.0785,0.0785,0.0782,0.0782,131670.6
2026-07-29 02:20:00,0.0783,0.0784,0.0783,0.0784,136156.9
2026-07-29 02:25:00,0.0784,0.0786,0.0784,0.0786,86950.5
2026-07-29 02:30:00,0.0786,0.0787,0.0784,0.0784,30428.7
2026-07-29 02:35:00,0.0784,0.0786,0.0784,0.0786,120581.7
2026-07-29 02:40:00,0.0786,0.0786,0.0784,0.0785,29567.1
2026-07-29 02:45:00,0.0785,0.0785,0.0783,0.0783,24230.8
2026-07-29 02:50:00,0.0784,0.0784,0.0783,0.0783,5542.6
2026-07-29 02:55:00,0.0783,0.0785,0.0783,0.0784,19264.1
2026-07-29 03:00:00,0.0785,0.0785,0.0782,0.0782,44711.7
2026-07-29 03:05:00,0.0782,0.0784,0.0782,0.0784,16396.1
2026-07-29 03:10:00,0.0783,0.0784,0.0782,0.0782,3655.0
2026-07-29 03:15:00,0.0782,0.0782,0.0781,0.0781,17961.9
2026-07-29 03:20:00,0.0781,0.0782,0.078,0.0781,120149.1
2026-07-29 03:25:00,0.0781,0.0781,0.0779,0.0779,45715.2
2026-07-29 03:30:00,0.0779,0.0779,0.0776,0.0777,637300.7
2026-07-29 03:35:00,0.0777,0.0779,0.0776,0.0777,191682.7
2026-07-29 03:40:00,0.0778,0.0778,0.0776,0.0776,87655.3
2026-07-29 03:45:00,0.0776,0.0776,0.0775,0.0775,197811.2
2026-07-29 03:50:00,0.0774,0.0775,0.0773,0.0774,442241.9
2026-07-29 03:55:00,0.0773,0.0774,0.0772,0.0773,93486.5
2026-07-29 04:00:00,0.0773,0.0773,0.077,0.0771,399656.6
2026-07-29 04:05:00,0.0771,0.0773,0.0768,0.0773,619812.7
2026-07-29 04:10:00,0.0773,0.0773,0.0769,0.0771,270015.7
2026-07-29 04:15:00,0.0771,0.0771,0.0769,0.0769,117594.2
2026-07-29 04:20:00,0.077,0.0774,0.0769,0.0774,87668.5
2026-07-29 04:25:00,0.0774,0.0774,0.0773,0.0774,117417.5
2026-07-29 04:30:00,0.0773,0.0775,0.0773,0.0774,219086.3
2026-07-29 04:35:00,0.0775,0.0778,0.0775,0.0776,127284.0
2026-07-29 04:40:00,0.0776,0.0777,0.0774,0.0774,112076.9
2026-07-29 04:45:00,0.0774,0.0775,0.0774,0.0774,218131.6
2026-07-29 04:50:00,0.0775,0.0776,0.0775,0.0776,17886.6
2026-07-29 04:55:00,0.0776,0.0777,0.0775,0.0777,13340.8
2026-07-29 05:00:00,0.0776,0.0779,0.0776,0.0779,50279.4
2026-07-29 05:05:00,0.0778,0.0779,0.0777,0.0779,130038.7
2026-07-29 05:10:00,0.0778,0.0779,0.0778,0.0778,105152.6
2026-07-29 05:15:00,0.0778,0.0778,0.0777,0.0777,25960.4
2026-07-29 05:20:00,0.0777,0.0778,0.0777,0.0778,15881.2
2026-07-29 05:25:00,0.0778,0.0778,0.0777,0.0778,45969.2
2026-07-29 05:30:00,0.0778,0.0779,0.0778,0.0779,56710.1
2026-07-29 05:35:00,0.078,0.078,0.0778,0.0779,11560.0
2026-07-29 05:40:00,0.0779,0.078,0.0779,0.0779,117746.1
2026-07-29 05:45:00,0.0779,0.078,0.0778,0.0778,21359.4
2026-07-29 05:50:00,0.0778,0.0779,0.0778,0.0778,18762.0
2026-07-29 05:55:00,0.0778,0.0779,0.0778,0.0778,21249.3
2026-07-29 06:00:00,0.0778,0.0779,0.0778,0.0778,74691.2
2026-07-29 06:05:00,0.0778,0.0778,0.0777,0.0777,159678.3
2026-07-29 06:10:00,0.0777,0.0779,0.0777,0.0779,28261.4
2026-07-29 06:15:00,0.0779,0.0779,0.0778,0.0778,54998.1
2026-07-29 06:20:00,0.0779,0.0781,0.0779,0.0781,26802.8
2026-07-29 06:25:00,0.078,0.0784,0.078,0.0781,643067.8
2026-07-29 06:30:00,0.0781,0.0782,0.0781,0.0781,59998.9
2026-07-29 06:35:00,0.0781,0.0781,0.078,0.078,228956.8
2026-07-29 06:40:00,0.078,0.0781,0.078,0.078,33639.4
2026-07-29 06:45:00,0.078,0.0781,0.078,0.0781,22782.1
2026-07-29 06:50:00,0.0781,0.0781,0.078,0.0781,10013.8
2026-07-29 06:55:00,0.078,0.0782,0.078,0.0781,302878.8
2026-07-29 07:00:00,0.0782,0.0782,0.0781,0.0781,79173.7
2026-07-29 07:05:00,0.0781,0.0783,0.0781,0.0783,77572.2
2026-07-29 07:10:00,0.0782,0.0783,0.0782,0.0783,42626.9
2026-07-29 07:15:00,0.0783,0.0783,0.0781,0.0782,118245.0
2026-07-29 07:20:00,0.0782,0.0783,0.0781,0.0782,170303.4
2026-07-29 07:25:00,0.0782,0.0784,0.0782,0.0784,21250.7
2026-07-29 07:30:00,0.0784,0.0784,0.0783,0.0784,69915.1
2026-07-29 07:35:00,0.0784,0.0785,0.0783,0.0783,69709.7
2026-07-29 07:40:00,0.0783,0.0784,0.0783,0.0783,21189.4
2026-07-29 07:45:00,0.0783,0.0784,0.0783,0.0784,211875.4
2026-07-29 07:50:00,0.0783,0.0784,0.0783,0.0783,22858.7
2026-07-29 07:55:00,0.0783,0.0787,0.0783,0.0787,179031.6
2026-07-29 08:00:00,0.0786,0.0788,0.0784,0.0784,268985.4
2026-07-29 08:05:00,0.0784,0.0784,0.0784,0.0784,72141.0
2026-07-29 08:10:00,0.0784,0.0784,0.0783,0.0783,31965.2
2026-07-29 08:15:00,0.0783,0.0784,0.0781,0.0781,81492.9
2026-07-29 08:20:00,0.0782,0.0783,0.0781,0.0781,201468.8
2026-07-29 08:25:00,0.078,0.0781,0.0779,0.078,106415.0
2026-07-29 08:30:00,0.078,0.0782,0.0779,0.078,80609.8
2026-07-29 08:35:00,0.078,0.0781,0.078,0.0781,19125.3
2026-07-29 08:40:00,0.0781,0.0784,0.0781,0.0784,176451.2
2026-07-29 08:45:00,0.0783,0.0784,0.0783,0.0783,24612.1
2026-07-29 08:50:00,0.0783,0.0784,0.0782,0.0782,25111.3
2026-07-29 08:55:00,0.0782,0.0783,0.0782,0.0783,10079.2
2026-07-29 09:00:00,0.0782,0.0784,0.0782,0.0783,10709.9
2026-07-29 09:05:00,0.0783,0.0784,0.0783,0.0784,7662.2
2026-07-29 09:10:00,0.0784,0.0785,0.0783,0.0784,41281.2
2026-07-29 09:15:00,0.0785,0.0785,0.0783,0.0784,109480.3
2026-07-29 09:20:00,0.0784,0.0785,0.0783,0.0784,112658.9
2026-07-29 09:25:00,0.0785,0.0785,0.0784,0.0784,81131.9
2026-07-29 09:30:00,0.0784,0.0786,0.0784,0.0786,42091.0
2026-07-29 09:35:00,0.0785,0.0786,0.0785,0.0785,78455.3
2026-07-29 09:40:00,0.0786,0.0786,0.0783,0.0783,107980.3
2026-07-29 09:45:00,0.0783,0.0784,0.0783,0.0783,55340.0
2026-07-29 09:50:00,0.0783,0.0784,0.0783,0.0783,103968.3
2026-07-29 09:55:00,0.0783,0.0785,0.0783,0.0784,76020.7
2026-07-29 10:00:00,0.0784,0.0785,0.0783,0.0784,100562.0
2026-07-29 10:05:00,0.0784,0.0785,0.0783,0.0784,61126.6
2026-07-29 10:10:00,0.0784,0.0785,0.078,0.0781,194460.2
2026-07-29 10:15:00,0.0781,0.0781,0.078,0.0781,162146.4
2026-07-29 10:20:00,0.078,0.078,0.078,0.078,72191.1
2026-07-29 10:25:00,0.078,0.078,0.078,0.078,256.4
2026-07-29 10:30:00,0.0779,0.0779,0.0778,0.0779,42660.8
2026-07-29 10:35:00,0.0779,0.078,0.0779,0.0779,68450.6
2026-07-29 10:40:00,0.0778,0.0781,0.0778,0.0781,26521.8
2026-07-29 10:45:00,0.0781,0.0781,0.078,0.078,8325.6
2026-07-29 10:50:00,0.078,0.078,0.0778,0.0778,35362.7
2026-07-29 10:55:00,0.0778,0.078,0.0778,0.0779,35587.0
2026-07-29 11:00:00,0.0779,0.078,0.0779,0.078,58816.5
2026-07-29 11:05:00,0.0781,0.0782,0.0779,0.0781,111415.2
2026-07-29 11:10:00,0.0782,0.0784,0.0781,0.0782,921437.2
2026-07-29 11:15:00,0.0782,0.0783,0.0781,0.0781,83978.1
2026-07-29 11:20:00,0.0781,0.0783,0.0781,0.0781,199543.6
2026-07-29 11:25:00,0.0781,0.0782,0.0781,0.0781,50154.9
2026-07-29 11:30:00,0.0781,0.0781,0.0781,0.0781,92066.0
2026-07-29 11:35:00,0.0781,0.0782,0.0781,0.0781,49018.0
2026-07-29 11:40:00,0.0781,0.0782,0.0781,0.0781,43145.2
2026-07-29 11:45:00,0.0781,0.0783,0.0781,0.0782,62051.1
2026-07-29 11:50:00,0.0782,0.0783,0.0782,0.0783,81933.9
2026-07-29 11:55:00,0.0783,0.0784,0.0783,0.0783,25782.5
2026-07-29 12:00:00,0.0783,0.0784,0.0782,0.0782,24648.2
2026-07-29 12:05:00,0.0782,0.0783,0.0782,0.0782,3899.0
2026-07-29 12:10:00,0.0782,0.0783,0.0781,0.0782,89821.6
2026-07-29 12:15:00,0.0783,0.0783,0.078,0.0781,151002.6
2026-07-29 12:20:00,0.0781,0.0781,0.078,0.0781,86433.6
2026-07-29 12:25:00,0.0781,0.0782,0.078,0.078,6180.3
2026-07-29 12:30:00,0.078,0.0781,0.078,0.078,153408.1
2026-07-29 12:35:00,0.078,0.0781,0.078,0.078,44947.3
2026-07-29 12:40:00,0.0781,0.0782,0.078,0.078,222426.9
2026-07-29 12:45:00,0.078,0.078,0.0779,0.078,381298.6
2026-07-29 12:50:00,0.078,0.0781,0.078,0.078,41058.0
2026-07-29 12:55:00,0.078,0.0781,0.078,0.0781,67266.0
2026-07-29 13:00:00,0.0781,0.0781,0.078,0.078,27849.9
2026-07-29 13:05:00,0.0781,0.0782,0.078,0.0781,86046.7
2026-07-29 13:10:00,0.0781,0.0782,0.0781,0.0781,28408.7
2026-07-29 13:15:00,0.0781,0.0781,0.078,0.078,7106.0
2026-07-29 13:20:00,0.0781,0.0782,0.0781,0.0781,85034.2
2026-07-29 13:25:00,0.0781,0.0783,0.0781,0.0782,89670.5
2026-07-29 13:30:00,0.0782,0.0784,0.0782,0.0783,279677.0
2026-07-29 13:35:00,0.0783,0.0784,0.0781,0.0782,30441.7
2026-07-29 13:40:00,0.0782,0.0783,0.0781,0.0783,50863.3
2026-07-29 13:45:00,0.0782,0.0783,0.0781,0.0783,76105.7
2026-07-29 13:50:00,0.0783,0.0783,0.078,0.078,252411.0
2026-07-29 13:55:00,0.078,0.0783,0.0778,0.0783,105518.5
2026-07-29 14:00:00,0.0783,0.0783,0.0781,0.0782,341049.5
2026-07-29 14:05:00,0.0783,0.0784,0.0782,0.0782,67267.3
2026-07-29 14:10:00,0.0782,0.0783,0.078,0.078,83030.8
2026-07-29 14:15:00,0.0781,0.0782,0.078,0.0781,105287.7
2026-07-29 14:20:00,0.078,0.0783,0.0779,0.0779,240774.3
2026-07-29 14:25:00,0.078,0.078,0.0777,0.078,131000.3
2026-07-29 14:30:00,0.0779,0.0782,0.0779,0.0779,70611.9
2026-07-29 14:35:00,0.0779,0.078,0.0778,0.0778,86072.5
2026-07-29 14:40:00,0.0778,0.078,0.0778,0.0779,71448.1
2026-07-29 14:45:00,0.0779,0.0781,0.0778,0.0779,191885.7
2026-07-29 14:50:00,0.078,0.0781,0.078,0.078,44377.6
2026-07-29 14:55:00,0.078,0.078,0.0778,0.0779,37026.0
2026-07-29 15:00:00,0.0778,0.078,0.0778,0.078,147584.2
2026-07-29 15:05:00,0.0779,0.0781,0.0779,0.078,67941.2
2026-07-29 15:10:00,0.078,0.078,0.0778,0.0779,27334.6
2026-07-29 15:15:00,0.078,0.078,0.0778,0.0778,70500.4
2026-07-29 15:20:00,0.0777,0.078,0.0777,0.0779,38796.6
2026-07-29 15:25:00,0.0779,0.0779,0.0778,0.0778,37602.8
2026-07-29 15:30:00,0.0778,0.0785,0.0778,0.078,993388.7
2026-07-29 15:35:00,0.0781,0.0782,0.0779,0.0779,349731.5
2026-07-29 15:40:00,0.0778,0.0779,0.0778,0.0779,129686.9
2026-07-29 15:45:00,0.0778,0.078,0.0778,0.078,33696.5
2026-07-29 15:50:00,0.078,0.078,0.0778,0.0778,41808.1
2026-07-29 15:55:00,0.0778,0.078,0.0778,0.078,72092.3
2026-07-29 16:00:00,0.0779,0.078,0.0777,0.0777,289674.2
2026-07-29 16:05:00,0.0778,0.078,0.0778,0.0779,98856.5
2026-07-29 16:10:00,0.0779,0.0781,0.0779,0.078,50152.6
2026-07-29 16:15:00,0.078,0.0781,0.0779,0.0779,290401.5
2026-07-29 16:20:00,0.0779,0.0782,0.0779,0.078,166282.4
2026-07-29 16:25:00,0.0779,0.0782,0.0779,0.0781,277400.4
2026-07-29 16:30:00,0.0781,0.0781,0.078,0.0781,166570.4
2026-07-29 16:35:00,0.0781,0.0782,0.078,0.0781,207010.4
2026-07-29 16:40:00,0.0781,0.0781,0.0779,0.0779,128701.5
2026-07-29 16:45:00,0.0779,0.0781,0.0777,0.0777,460675.4
2026-07-29 16:50:00,0.0778,0.0779,0.0778,0.0778,97516.8
2026-07-29 16:55:00,0.0778,0.0779,0.0777,0.0777,287316.9
2026-07-29 17:00:00,0.0777,0.0779,0.0777,0.0779,292786.4
2026-07-29 17:05:00,0.0778,0.0779,0.0777,0.0778,92584.5
2026-07-29 17:10:00,0.0779,0.0782,0.0779,0.0781,118374.2
2026-07-29 17:15:00,0.0781,0.0781,0.078,0.078,36400.3
2026-07-29 17:20:00,0.078,0.0781,0.078,0.078,22095.0
2026-07-29 17:25:00,0.078,0.0782,0.078,0.078,75766.5
2026-07-29 17:30:00,0.078,0.0782,0.0779,0.0781,91912.3
2026-07-29 17:35:00,0.0781,0.0782,0.078,0.0781,33600.4
2026-07-29 17:40:00,0.078,0.0784,0.078,0.0784,100757.8
2026-07-29 17:45:00,0.0783,0.0783,0.0782,0.0782,146105.7
2026-07-29 17:50:00,0.0783,0.0787,0.0783,0.0787,85919.7
2026-07-29 17:55:00,0.0786,0.0788,0.0786,0.0788,83786.2
2026-07-29 18:00:00,0.0789,0.0796,0.0789,0.0791,1613723.0
2026-07-29 18:05:00,0.0791,0.0792,0.079,0.0792,185142.6
2026-07-29 18:10:00,0.0791,0.0792,0.0789,0.079,105052.7
2026-07-29 18:15:00,0.0789,0.0789,0.0786,0.0786,285741.8
2026-07-29 18:20:00,0.0786,0.0786,0.0784,0.0785,380860.8
2026-07-29 18:25:00,0.0784,0.0786,0.0783,0.0785,49694.0
2026-07-29 18:30:00,0.0786,0.0787,0.0781,0.0782,412289.4
2026-07-29 18:35:00,0.0782,0.0788,0.0781,0.0787,376389.4
2026-07-29 18:40:00,0.0787,0.079,0.0787,0.0789,307535.3
2026-07-29 18:45:00,0.0789,0.0791,0.0788,0.0789,271170.8
2026-07-29 18:50:00,0.079,0.0794,0.0789,0.0792,313056.8
2026-07-29 18:55:00,0.0792,0.0792,0.079,0.079,116527.4
2026-07-29 19:00:00,0.0791,0.0792,0.079,0.079,41643.4
2026-07-29 19:05:00,0.079,0.079,0.0787,0.0788,67530.9
2026-07-29 19:10:00,0.0788,0.0789,0.0787,0.0788,165731.0
2026-07-29 19:15:00,0.0789,0.079,0.0787,0.0788,48839.1
2026-07-29 19:20:00,0.0788,0.0788,0.0784,0.0785,278800.8
2026-07-29 19:25:00,0.0784,0.0784,0.0782,0.0783,126819.3
2026-07-29 19:30:00,0.0784,0.0785,0.0781,0.0783,378967.3
2026-07-29 19:35:00,0.0782,0.0783,0.0782,0.0783,79183.3
2026-07-29 19:40:00,0.0782,0.0784,0.0782,0.0782,106551.7
2026-07-29 19:45:00,0.0782,0.0782,0.0779,0.0781,296953.8
2026-07-29 19:50:00,0.0781,0.0782,0.0777,0.0778,621440.5
2026-07-29 19:55:00,0.0779,0.0781,0.0779,0.078,190640.5
2026-07-29 20:00:00,0.078,0.0781,0.0774,0.0775,866034.2
2026-07-29 20:05:00,0.0776,0.0778,0.0774,0.0774,543987.1
2026-07-29 20:10:00,0.0775,0.078,0.0774,0.078,181293.1
2026-07-29 20:15:00,0.078,0.0782,0.078,0.078,72690.8
2026-07-29 20:20:00,0.078,0.078,0.0778,0.0778,57943.0
2026-07-29 20:25:00,0.0778,0.0778,0.0773,0.0776,187911.0
2026-07-29 20:30:00,0.0775,0.0778,0.0774,0.0777,178099.5
2026-07-29 20:35:00,0.0778,0.078,0.0778,0.078,44317.1
2026-07-29 20:40:00,0.0781,0.0781,0.0779,0.0779,77822.6
2026-07-29 20:45:00,0.078,0.078,0.0777,0.0777,40333.1
2026-07-29 20:50:00,0.0778,0.0779,0.0777,0.0778,121785.5
2026-07-29 20:55:00,0.0778,0.0778,0.0776,0.0776,47714.4
2026-07-29 21:00:00,0.0776,0.0777,0.0773,0.0773,331748.0
2026-07-29 21:05:00,0.0773,0.0774,0.077,0.0774,949681.8
2026-07-29 21:10:00,0.0774,0.0776,0.0773,0.0774,260136.7
2026-07-29 21:15:00,0.0774,0.0776,0.0774,0.0776,147747.2
2026-07-29 21:20:00,0.0777,0.0779,0.0776,0.0779,97915.7
2026-07-29 21:25:00,0.0779,0.0781,0.0779,0.0781,16072.5
2026-07-29 21:30:00,0.078,0.078,0.0779,0.0779,39672.5
2026-07-29 21:35:00,0.078,0.078,0.0777,0.0779,215808.8
2026-07-29 21:40:00,0.0779,0.078,0.0779,0.078,131991.8
2026-07-29 21:45:00,0.078,0.0781,0.0779,0.078,20609.7
2026-07-29 21:50:00,0.078,0.0781,0.078,0.0781,77330.2
2026-07-29 21:55:00,0.0781,0.0782,0.0781,0.0782,85154.8
2026-07-29 22:00:00,0.0781,0.0784,0.0781,0.0783,105175.1
2026-07-29 22:05:00,0.0783,0.0785,0.0783,0.0785,61988.8
2026-07-29 22:10:00,0.0785,0.0786,0.0784,0.0784,488092.0
2026-07-29 22:15:00,0.0784,0.0787,0.0784,0.0786,287633.2
2026-07-29 22:20:00,0.0786,0.0787,0.0785,0.0785,79185.7
2026-07-29 22:25:00,0.0786,0.0787,0.0785,0.0787,181076.4
2026-07-29 22:30:00,0.0787,0.0787,0.0786,0.0787,110225.2
2026-07-29 22:35:00,0.0787,0.0787,0.0786,0.0786,172486.2
2026-07-29 22:40:00,0.0786,0.0789,0.0786,0.0789,222956.7
2026-07-29 22:45:00,0.0789,0.0789,0.0788,0.0789,29868.3
2026-07-29 22:50:00,0.0789,0.0789,0.0789,0.0789,10344.5
2026-07-29 22:55:00,0.079,0.0792,0.0789,0.0791,467631.6
2026-07-29 23:00:00,0.0791,0.0791,0.0789,0.079,192910.2
2026-07-29 23:05:00,0.0791,0.0791,0.0789,0.0789,36668.0
2026-07-29 23:10:00,0.0789,0.0789,0.0786,0.0787,179290.3
2026-07-29 23:15:00,0.0787,0.0791,0.0787,0.0791,152804.9
2026-07-29 23:20:00,0.0791,0.0792,0.079,0.079,26988.5
2026-07-29 23:25:00,0.079,0.079,0.0789,0.079,60176.0
2026-07-29 23:30:00,0.079,0.0791,0.079,0.079,523779.4
2026-07-29 23:35:00,0.079,0.079,0.0789,0.0789,17927.5
2026-07-29 23:40:00,0.0789,0.0792,0.0789,0.0791,100215.1
2026-07-29 23:45:00,0.0792,0.0792,0.0791,0.0791,34218.3
2026-07-29 23:50:00,0.0792,0.0792,0.0791,0.0792,66787.0
2026-07-29 23:55:00,0.0792,0.0792,0.0791,0.0791,103311.3
2026-07-30 00:00:00,0.0792,0.0793,0.0791,0.0791,90793.1
2026-07-30 00:05:00,0.0791,0.0794,0.0791,0.0792,132304.7
2026-07-30 00:10:00,0.0791,0.0793,0.0791,0.0792,81611.3
2026-07-30 00:15:00,0.0792,0.0792,0.079,0.0791,315547.9
2026-07-30 00:20:00,0.079,0.0791,0.079,0.079,34837.3
2026-07-30 00:25:00,0.079,0.0791,0.0789,0.0791,185179.3
2026-07-30 00:30:00,0.0792,0.0792,0.0788,0.0789,262733.7
2026-07-30 00:35:00,0.0789,0.079,0.0788,0.0789,51144.7
2026-07-30 00:40:00,0.0789,0.0789,0.0788,0.0788,90016.6
2026-07-30 00:45:00,0.0787,0.0789,0.0787,0.0789,44662.4
2026-07-30 00:50:00,0.0789,0.0789,0.0787,0.0787,162799.6
2026-07-30 00:55:00,0.0787,0.0789,0.0787,0.0789,99103.6
2026-07-30 01:00:00,0.079,0.0793,0.079,0.0793,140637.5
2026-07-30 01:05:00,0.0793,0.0794,0.0791,0.0792,142178.5
2026-07-30 01:10:00,0.0792,0.0792,0.079,0.0791,56207.4
2026-07-30 01:15:00,0.0791,0.0793,0.0791,0.0792,111876.8
2026-07-30 01:20:00,0.0792,0.0794,0.0792,0.0793,135569.6
2026-07-30 01:25:00,0.0793,0.0793,0.0793,0.0793,57946.9
2026-07-30 01:30:00,0.0793,0.0797,0.0793,0.0797,87003.7
2026-07-30 01:35:00,0.0797,0.0797,0.0795,0.0795,112065.5
2026-07-30 01:40:00,0.0794,0.0798,0.0794,0.0797,230678.6
2026-07-30 01:45:00,0.0796,0.0799,0.0796,0.0799,154778.8
2026-07-30 01:50:00,0.08,0.08,0.0798,0.0799,39179.5
2026-07-30 01:55:00,0.08,0.08,0.0798,0.0798,101913.2
2026-07-30 02:00:00,0.0798,0.0801,0.0798,0.08,40995.0
2026-07-30 02:05:00,0.08,0.0802,0.08,0.08,34960.6
2026-07-30 02:10:00,0.08,0.0802,0.08,0.08,51395.4
2026-07-30 02:15:00,0.08,0.08,0.0798,0.0798,189643.0
2026-07-30 02:20:00,0.0798,0.08,0.0797,0.0799,539168.6
2026-07-30 02:25:00,0.0799,0.0799,0.0795,0.0797,747905.0
2026-07-30 02:30:00,0.0796,0.0797,0.0794,0.0795,59394.3
2026-07-30 02:35:00,0.0794,0.0794,0.0793,0.0793,311195.8
2026-07-30 02:40:00,0.0793,0.0795,0.0793,0.0795,15091.6
2026-07-30 02:45:00,0.0794,0.0795,0.0793,0.0794,18377.0
2026-07-30 02:50:00,0.0794,0.0794,0.0793,0.0793,16530.6
2026-07-30 02:55:00,0.0793,0.0793,0.0791,0.0792,167639.6
2026-07-30 03:00:00,0.0791,0.0793,0.0791,0.0792,71647.8
2026-07-30 03:05:00,0.0793,0.0794,0.0792,0.0792,15005.1
2026-07-30 03:10:00,0.0792,0.0792,0.079,0.0792,67096.6
2026-07-30 03:15:00,0.0791,0.0794,0.0791,0.0791,108862.7
2026-07-30 03:20:00,0.0791,0.0793,0.0791,0.0791,20799.3
2026-07-30 03:25:00,0.0792,0.0793,0.0792,0.0792,23813.9
2026-07-30 03:30:00,0.0793,0.0793,0.0791,0.0791,26068.2
2026-07-30 03:35:00,0.0791,0.0791,0.079,0.0791,30958.0
2026-07-30 03:40:00,0.0791,0.0793,0.0791,0.0792,34035.2
2026-07-30 03:45:00,0.0792,0.0793,0.0792,0.0793,26125.9
2026-07-30 03:50:00,0.0793,0.0793,0.0792,0.0792,5944.4
2026-07-30 03:55:00,0.0792,0.0793,0.0792,0.0792,40963.0
2026-07-30 04:00:00,0.0792,0.0792,0.079,0.0791,76075.1
2026-07-30 04:05:00,0.0791,0.0791,0.079,0.079,155998.4
2026-07-30 04:10:00,0.0791,0.0791,0.079,0.079,32199.1
2026-07-30 04:15:00,0.079,0.0791,0.0789,0.0789,45166.0
2026-07-30 04:20:00,0.0789,0.0791,0.0789,0.079,65884.9
2026-07-30 04:25:00,0.079,0.0791,0.079,0.079,10453.0
2026-07-30 04:30:00,0.079,0.0792,0.079,0.0791,65446.3
2026-07-30 04:35:00,0.0792,0.0793,0.079,0.079,71949.8
2026-07-30 04:40:00,0.079,0.0791,0.079,0.0791,55358.3
2026-07-30 04:45:00,0.0791,0.0791,0.079,0.0791,10678.0
2026-07-30 04:50:00,0.0791,0.0793,0.0791,0.0792,27338.8
2026-07-30 04:55:00,0.0792,0.0792,0.079,0.079,9404.7
2026-07-30 05:00:00,0.0791,0.0791,0.0789,0.079,127679.4
2026-07-30 05:05:00,0.0789,0.0791,0.0789,0.079,72457.3
2026-07-30 05:10:00,0.079,0.079,0.0789,0.0789,18439.6
2026-07-30 05:15:00,0.079,0.079,0.0789,0.0789,30697.8
2026-07-30 05:20:00,0.079,0.079,0.0789,0.0789,37514.3
2026-07-30 05:25:00,0.0789,0.0791,0.0789,0.079,46199.2
2026-07-30 05:30:00,0.0789,0.0792,0.0789,0.0791,49571.6
2026-07-30 05:35:00,0.0791,0.0791,0.079,0.079,9656.7
2026-07-30 05:40:00,0.079,0.0791,0.079,0.079,16796.9
2026-07-30 05:45:00,0.0791,0.0792,0.079,0.079,269700.3
2026-07-30 05:50:00,0.0791,0.0792,0.079,0.0791,81045.7
2026-07-30 05:55:00,0.0791,0.0791,0.0789,0.079,5966.5
2026-07-30 06:00:00,0.079,0.079,0.0789,0.079,7782.0
2026-07-30 06:05:00,0.079,0.0791,0.0789,0.0789,26852.3
2026-07-30 06:10:00,0.0789,0.079,0.0788,0.0788,328483.9
2026-07-30 06:15:00,0.0789,0.0789,0.0787,0.0787,229203.1
2026-07-30 06:20:00,0.0787,0.0789,0.0787,0.0788,146143.6
2026-07-30 06:25:00,0.0789,0.079,0.0789,0.0789,90635.0
2026-07-30 06:30:00,0.0789,0.0789,0.0788,0.0789,83213.4
2026-07-30 06:35:00,0.0788,0.0789,0.0788,0.0789,102655.1
2026-07-30 06:40:00,0.0789,0.079,0.0789,0.0789,16549.9
2026-07-30 06:45:00,0.0789,0.079,0.0788,0.0788,41168.2
2026-07-30 06:50:00,0.0788,0.0789,0.0787,0.0787,70091.5
2026-07-30 06:55:00,0.0787,0.0789,0.0787,0.0788,104940.6
2026-07-30 07:00:00,0.0788,0.0791,0.0788,0.0791,274344.3
2026-07-30 07:05:00,0.0791,0.0791,0.0789,0.0789,21816.5
2026-07-30 07:10:00,0.0789,0.079,0.0789,0.079,12489.1
2026-07-30 07:15:00,0.0789,0.0791,0.0788,0.0791,65044.6
2026-07-30 07:20:00,0.079,0.0791,0.079,0.079,27844.3
2026-07-30 07:25:00,0.079,0.079,0.0788,0.0789,106438.8
2026-07-30 07:30:00,0.0789,0.0789,0.0788,0.0788,135995.0
2026-07-30 07:35:00,0.0788,0.079,0.0787,0.079,35660.6
2026-07-30 07:40:00,0.079,0.0791,0.079,0.079,25293.3
2026-07-30 07:45:00,0.079,0.0792,0.079,0.079,72973.3
2026-07-30 07:50:00,0.079,0.079,0.079,0.079,80108.1
2026-07-30 07:55:00,0.079,0.079,0.0789,0.0789,14301.6
2026-07-30 08:00:00,0.0789,0.079,0.0788,0.0788,160065.9
2026-07-30 08:05:00,0.0789,0.079,0.0788,0.0789,111626.3
2026-07-30 08:10:00,0.0789,0.079,0.0788,0.079,200068.2
2026-07-30 08:15:00,0.0789,0.0791,0.0789,0.079,27166.3
2026-07-30 08:20:00,0.079,0.0791,0.079,0.0791,20301.9
2026-07-30 08:25:00,0.0792,0.0794,0.0792,0.0793,69001.4
2026-07-30 08:30:00,0.0793,0.0794,0.0792,0.0792,47907.8
2026-07-30 08:35:00,0.0792,0.0792,0.0791,0.0791,38392.1
2026-07-30 08:40:00,0.0792,0.0793,0.0792,0.0792,30511.8
2026-07-30 08:45:00,0.0793,0.0794,0.0792,0.0793,19093.3
2026-07-30 08:50:00,0.0793,0.0794,0.0792,0.0793,25032.2
2026-07-30 08:55:00,0.0792,0.0794,0.0792,0.0792,62206.6
2026-07-30 09:00:00,0.0792,0.0793,0.0791,0.0793,58856.2
2026-07-30 09:05:00,0.0792,0.0793,0.0792,0.0792,62297.8
2026-07-30 09:10:00,0.0792,0.0793,0.0791,0.0793,645250.0
2026-07-30 09:15:00,0.0793,0.0793,0.0792,0.0792,9257.7
2026-07-30 09:20:00,0.0792,0.0793,0.0791,0.0792,75472.8
2026-07-30 09:25:00,0.0792,0.0792,0.0791,0.0791,85980.5
2026-07-30 09:30:00,0.0791,0.0792,0.0791,0.0792,36772.4
2026-07-30 09:35:00,0.0792,0.0792,0.0791,0.0791,27011.6
2026-07-30 09:40:00,0.0791,0.0792,0.0791,0.0791,23794.7
2026-07-30 09:45:00,0.0791,0.0794,0.0791,0.0793,61556.3
2026-07-30 09:50:00,0.0793,0.0794,0.0792,0.0792,188731.2
2026-07-30 09:55:00,0.0792,0.0793,0.0792,0.0792,63757.3
2026-07-30 10:00:00,0.0792,0.0794,0.0792,0.0793,193121.6
2026-07-30 10:05:00,0.0794,0.0795,0.0793,0.0794,200110.1
2026-07-30 10:10:00,0.0793,0.0794,0.0791,0.0791,23073.9
2026-07-30 10:15:00,0.0792,0.0793,0.0791,0.0792,82600.5
2026-07-30 10:20:00,0.0792,0.0793,0.0792,0.0792,11818.9
2026-07-30 10:25:00,0.0792,0.0793,0.0791,0.0791,19961.4
2026-07-30 10:30:00,0.0791,0.0792,0.079,0.0791,24915.7
2026-07-30 10:35:00,0.0791,0.0791,0.079,0.079,7360.0
2026-07-30 10:40:00,0.079,0.0791,0.079,0.079,28586.2
2026-07-30 10:45:00,0.0791,0.0791,0.0788,0.0789,83046.6
2026-07-30 10:50:00,0.0789,0.0789,0.0782,0.0782,634596.6
2026-07-30 10:55:00,0.0783,0.0784,0.0781,0.0783,388892.3
2026-07-30 11:00:00,0.0783,0.0784,0.0782,0.0783,130670.4
2026-07-30 11:05:00,0.0783,0.0784,0.0783,0.0784,173025.7
2026-07-30 11:10:00,0.0784,0.0785,0.0783,0.0783,11830.5
2026-07-30 11:15:00,0.0784,0.0784,0.0783,0.0784,30074.6
2026-07-30 11:20:00,0.0783,0.0784,0.0782,0.0784,51852.1
2026-07-30 11:25:00,0.0783,0.0784,0.0783,0.0783,4908.0
2026-07-30 11:30:00,0.0783,0.0783,0.078,0.0782,696758.3
2026-07-30 11:35:00,0.0781,0.0785,0.0781,0.0783,144829.2
2026-07-30 11:40:00,0.0784,0.0784,0.0783,0.0784,14636.6
2026-07-30 11:45:00,0.0783,0.0784,0.0783,0.0783,19539.9
2026-07-30 11:50:00,0.0783,0.0785,0.0783,0.0783,542352.1
2026-07-30 11:55:00,0.0783,0.0784,0.0782,0.0783,92973.6
2026-07-30 12:00:00,0.0783,0.0784,0.0782,0.0782,50889.2
2026-07-30 12:05:00,0.0782,0.0783,0.0782,0.0783,109440.5
2026-07-30 12:10:00,0.0783,0.0784,0.0781,0.0782,260963.6
2026-07-30 12:15:00,0.0783,0.0783,0.078,0.078,178414.7
2026-07-30 12:20:00,0.0781,0.0781,0.078,0.0781,172763.5
2026-07-30 12:25:00,0.0781,0.0782,0.078,0.0781,300544.1
2026-07-30 12:30:00,0.0782,0.0783,0.0779,0.078,250681.1
2026-07-30 12:35:00,0.078,0.0782,0.078,0.0781,66349.4
2026-07-30 12:40:00,0.078,0.078,0.0779,0.078,55279.7
2026-07-30 12:45:00,0.078,0.0781,0.0779,0.078,20878.7
2026-07-30 12:50:00,0.0781,0.0782,0.078,0.0781,43957.9
2026-07-30 12:55:00,0.0781,0.0781,0.078,0.0781,113203.4
2026-07-30 13:00:00,0.078,0.078,0.0779,0.0779,70544.6
2026-07-30 13:05:00,0.078,0.0781,0.0779,0.078,83808.1
2026-07-30 13:10:00,0.078,0.0781,0.0779,0.0781,168245.5
2026-07-30 13:15:00,0.078,0.078,0.0779,0.078,65686.8
2026-07-30 13:20:00,0.0779,0.078,0.0779,0.078,42900.1
2026-07-30 13:25:00,0.0781,0.0781,0.078,0.0781,144362.1
2026-07-30 13:30:00,0.0781,0.0782,0.0779,0.0779,183122.6
2026-07-30 13:35:00,0.0778,0.078,0.0778,0.078,90020.9
2026-07-30 13:40:00,0.0781,0.0784,0.0781,0.0783,116975.7
2026-07-30 13:45:00,0.0784,0.0785,0.0783,0.0784,86381.2
2026-07-30 13:50:00,0.0784,0.0785,0.0783,0.0784,295614.1
2026-07-30 13:55:00,0.0784,0.0785,0.0784,0.0784,27941.5
2026-07-30 14:00:00,0.0784,0.0786,0.0783,0.0784,334648.9
2026-07-30 14:05:00,0.0784,0.0785,0.0783,0.0784,301044.6
2026-07-30 14:10:00,0.0784,0.0785,0.0784,0.0784,183623.1
2026-07-30 14:15:00,0.0784,0.0785,0.0782,0.0783,192052.6
2026-07-30 14:20:00,0.0783,0.0785,0.0782,0.0785,283100.0
2026-07-30 14:25:00,0.0785,0.0787,0.0785,0.0785,443835.6
2026-07-30 14:30:00,0.0785,0.0787,0.0785,0.0786,135741.4
2026-07-30 14:35:00,0.0785,0.0786,0.0784,0.0786,110768.1
2026-07-30 14:40:00,0.0785,0.0786,0.0785,0.0785,9915.3
2026-07-30 14:45:00,0.0785,0.0785,0.0784,0.0785,50136.0
2026-07-30 14:50:00,0.0785,0.0785,0.0783,0.0783,57837.1
2026-07-30 14:55:00,0.0783,0.0783,0.0781,0.0782,130592.8
2026-07-30 15:00:00,0.0781,0.0782,0.0779,0.0782,78248.2
2026-07-30 15:05:00,0.0782,0.0784,0.0781,0.0783,291704.1
2026-07-30 15:10:00,0.0783,0.0783,0.078,0.078,198735.2
2026-07-30 15:15:00,0.078,0.0782,0.078,0.0781,47314.0
2026-07-30 15:20:00,0.0781,0.0782,0.0781,0.0781,91628.4
2026-07-30 15:25:00,0.0781,0.0781,0.078,0.0781,129787.6
2026-07-30 15:30:00,0.078,0.0781,0.078,0.078,38449.2
2026-07-30 15:35:00,0.0781,0.0782,0.078,0.078,147999.4
2026-07-30 15:40:00,0.0781,0.0782,0.0781,0.0782,77951.6
2026-07-30 15:45:00,0.0782,0.0782,0.0781,0.0781,49968.3
2026-07-30 15:50:00,0.0781,0.0782,0.0781,0.0782,60139.3
2026-07-30 15:55:00,0.0782,0.0782,0.0781,0.0782,146551.2
2026-07-30 16:00:00,0.0782,0.0784,0.0781,0.0783,205909.5
2026-07-30 16:05:00,0.0783,0.0784,0.0782,0.0782,121717.2
2026-07-30 16:10:00,0.0781,0.0784,0.0781,0.0782,37655.5
2026-07-30 16:15:00,0.0782,0.0783,0.0777,0.0777,259453.8
2026-07-30 16:20:00,0.0778,0.078,0.0777,0.0779,324320.9
2026-07-30 16:25:00,0.0779,0.078,0.0779,0.078,75785.6
2026-07-30 16:30:00,0.078,0.0781,0.0779,0.0779,111411.4
2026-07-30 16:35:00,0.078,0.0781,0.0779,0.078,680921.6
2026-07-30 16:40:00,0.078,0.078,0.0778,0.078,192822.3
2026-07-30 16:45:00,0.078,0.078,0.0779,0.078,37804.3
2026-07-30 16:50:00,0.078,0.0781,0.078,0.0781,7877.5
2026-07-30 16:55:00,0.0781,0.0782,0.0781,0.0781,67525.9
2026-07-30 17:00:00,0.078,0.0781,0.0779,0.078,62532.2
2026-07-30 17:05:00,0.0779,0.078,0.0778,0.0779,332105.5
2026-07-30 17:10:00,0.0779,0.078,0.0778,0.0779,52505.6
2026-07-30 17:15:00,0.0779,0.0781,0.0778,0.0781,48806.2
2026-07-30 17:20:00,0.0781,0.0783,0.0781,0.0782,48296.2
2026-07-30 17:25:00,0.0782,0.0784,0.0782,0.0783,25188.5
2026-07-30 17:30:00,0.0783,0.0784,0.0782,0.0782,74502.2
2026-07-30 17:35:00,0.0783,0.0784,0.0782,0.0784,143889.7
2026-07-30 17:40:00,0.0784,0.0787,0.0784,0.0787,187654.8
2026-07-30 17:45:00,0.0786,0.0787,0.0784,0.0784,224943.1
2026-07-30 17:50:00,0.0783,0.0784,0.0783,0.0783,150051.5
2026-07-30 17:55:00,0.0783,0.0784,0.0782,0.0784,201523.7
2026-07-30 18:00:00,0.0783,0.0784,0.0782,0.0782,61592.1
2026-07-30 18:05:00,0.0783,0.0784,0.0782,0.0782,68715.5
2026-07-30 18:10:00,0.0782,0.0782,0.0781,0.0782,49954.7
2026-07-30 18:15:00,0.0781,0.0782,0.078,0.0781,16548.4
2026-07-30 18:20:00,0.0781,0.0782,0.0781,0.0781,51172.7
2026-07-30 18:25:00,0.0781,0.0781,0.0781,0.0781,6741.2
2026-07-30 18:30:00,0.0781,0.0782,0.078,0.078,106681.6
2026-07-30 18:35:00,0.078,0.0781,0.0779,0.0779,40069.2
2026-07-30 18:40:00,0.0779,0.0781,0.0779,0.078,50910.0
2026-07-30 18:45:00,0.078,0.0781,0.078,0.078,68333.3
2026-07-30 18:50:00,0.078,0.0781,0.078,0.0781,22133.0
2026-07-30 18:55:00,0.0781,0.0781,0.0781,0.0781,118505.0
2026-07-30 19:00:00,0.078,0.0782,0.078,0.0782,47103.8
2026-07-30 19:05:00,0.0782,0.0784,0.0782,0.0782,84600.7
2026-07-30 19:10:00,0.0783,0.0783,0.0782,0.0782,9757.5
2026-07-30 19:15:00,0.0782,0.0783,0.0782,0.0783,67781.6
2026-07-30 19:20:00,0.0783,0.0787,0.0783,0.0786,731284.5
2026-07-30 19:25:00,0.0785,0.0787,0.0783,0.0785,841946.0
2026-07-30 19:30:00,0.0784,0.0785,0.0783,0.0783,83038.2
2026-07-30 19:35:00,0.0784,0.0784,0.0783,0.0783,9513.4
2026-07-30 19:40:00,0.0783,0.0784,0.0782,0.0783,85464.2
2026-07-30 19:45:00,0.0782,0.0783,0.0781,0.0782,104767.4
2026-07-30 19:50:00,0.0782,0.0783,0.0781,0.0782,33256.5
2026-07-30 19:55:00,0.0782,0.0783,0.0781,0.0782,113071.6
2026-07-30 20:00:00,0.0782,0.0785,0.0781,0.0783,552735.3
2026-07-30 20:05:00,0.0782,0.0782,0.078,0.078,51821.6
2026-07-30 20:10:00,0.0781,0.0782,0.0781,0.0781,32992.5
2026-07-30 20:15:00,0.0781,0.0781,0.0779,0.078,219405.1
2026-07-30 20:20:00,0.0781,0.0783,0.0781,0.0782,44425.4
2026-07-30 20:25:00,0.0781,0.0781,0.0781,0.0781,54397.8
2026-07-30 20:30:00,0.0781,0.0781,0.078,0.0781,89409.9
2026-07-30 20:35:00,0.0781,0.0781,0.078,0.078,18223.9
2026-07-30 20:40:00,0.0781,0.0782,0.0781,0.0781,94948.0
2026-07-30 20:45:00,0.0781,0.0781,0.0781,0.0781,52032.2
2026-07-30 20:50:00,0.0781,0.0782,0.0781,0.0782,3082.2
2026-07-30 20:55:00,0.0781,0.0782,0.0781,0.0781,55753.3
2026-07-30 21:00:00,0.0781,0.0781,0.078,0.078,10883.3
2026-07-30 21:05:00,0.078,0.0781,0.078,0.0781,84165.3
2026-07-30 21:10:00,0.078,0.0782,0.078,0.0781,52339.0
2026-07-30 21:15:00,0.0781,0.0783,0.0781,0.0782,41603.6
2026-07-30 21:20:00,0.0781,0.0781,0.0781,0.0781,1231.5
2026-07-30 21:25:00,0.0781,0.0783,0.0781,0.0782,41590.8
2026-07-30 21:30:00,0.0782,0.0782,0.0781,0.0781,2140.3
2026-07-30 21:35:00,0.0781,0.0782,0.0781,0.0782,5508.4
2026-07-30 21:40:00,0.0781,0.0782,0.0779,0.0779,73985.4
2026-07-30 21:45:00,0.0779,0.078,0.0779,0.078,17763.4
2026-07-30 21:50:00,0.0779,0.0781,0.0778,0.0779,803435.5
2026-07-30 21:55:00,0.078,0.0781,0.078,0.0781,2276.7
2026-07-30 22:00:00,0.078,0.0781,0.0779,0.0781,69693.4
2026-07-30 22:05:00,0.0781,0.0781,0.0781,0.0781,9955.1
2026-07-30 22:10:00,0.0782,0.0782,0.0779,0.078,160886.7
2026-07-30 22:15:00,0.0781,0.0781,0.0779,0.078,117099.2
2026-07-30 22:20:00,0.0781,0.0781,0.078,0.078,19981.8
2026-07-30 22:25:00,0.0781,0.0782,0.0781,0.0781,41518.4
2026-07-30 22:30:00,0.0782,0.0782,0.0781,0.0781,131035.6
2026-07-30 22:35:00,0.0781,0.0783,0.0781,0.0782,109180.7
2026-07-30 22:40:00,0.0782,0.0782,0.0781,0.0781,23018.7
2026-07-30 22:45:00,0.0781,0.0782,0.0781,0.0781,5358.0
2026-07-30 22:50:00,0.0781,0.0783,0.0779,0.0782,356366.5
2026-07-30 22:55:00,0.0782,0.0782,0.078,0.0782,165280.1
2026-07-30 23:00:00,0.0782,0.0782,0.0781,0.0781,70855.9
2026-07-30 23:05:00,0.0781,0.0782,0.078,0.078,94148.8
2026-07-30 23:10:00,0.0781,0.0781,0.0781,0.0781,62833.0
2026-07-30 23:15:00,0.0781,0.0781,0.078,0.0781,57237.9
2026-07-30 23:20:00,0.078,0.078,0.0779,0.0779,64660.8
2026-07-30 23:25:00,0.078,0.078,0.0779,0.0779,142948.9
2026-07-30 23:30:00,0.0779,0.078,0.0778,0.078,386571.1
2026-07-30 23:35:00,0.078,0.0781,0.078,0.078,64118.3
2026-07-30 23:40:00,0.078,0.078,0.0776,0.0776,508587.9
2026-07-30 23:45:00,0.0776,0.0778,0.0776,0.0778,78138.2
2026-07-30 23:50:00,0.0777,0.0777,0.0774,0.0775,229753.5
2026-07-30 23:55:00,0.0775,0.0776,0.0774,0.0774,62578.5
2026-07-31 00:00:00,0.0775,0.0776,0.0774,0.0775,235191.7
2026-07-31 00:05:00,0.0775,0.0775,0.0771,0.0772,439055.7
2026-07-31 00:10:00,0.0772,0.0774,0.0771,0.0773,257861.5
2026-07-31 00:15:00,0.0773,0.0774,0.0772,0.0773,50699.8
2026-07-31 00:20:00,0.0772,0.0777,0.0771,0.0777,404598.4
2026-07-31 00:25:00,0.0777,0.0777,0.0775,0.0776,240799.7
2026-07-31 00:30:00,0.0775,0.0776,0.0775,0.0775,111077.9
2026-07-31 00:35:00,0.0775,0.0777,0.0775,0.0777,96800.0
2026-07-31 00:40:00,0.0776,0.0777,0.0776,0.0777,201485.8
2026-07-31 00:45:00,0.0777,0.0777,0.0775,0.0776,232991.7
2026-07-31 00:50:00,0.0776,0.0776,0.0775,0.0775,43702.2
2026-07-31 00:55:00,0.0775,0.0775,0.0774,0.0775,62973.6
2026-07-31 01:00:00,0.0776,0.0778,0.0776,0.0777,52224.4
2026-07-31 01:05:00,0.0778,0.0781,0.0777,0.0781,383792.7
2026-07-31 01:10:00,0.0781,0.0781,0.0779,0.078,530427.6
2026-07-31 01:15:00,0.078,0.078,0.0779,0.078,132567.1
2026-07-31 01:20:00,0.0779,0.078,0.0779,0.078,53083.0
2026-07-31 01:25:00,0.0781,0.0782,0.0781,0.0782,36766.1
2026-07-31 01:30:00,0.0782,0.0782,0.078,0.0781,137024.3
2026-07-31 01:35:00,0.0782,0.0782,0.0779,0.078,201490.5
2026-07-31 01:40:00,0.078,0.078,0.0778,0.0778,262380.5
2026-07-31 01:45:00,0.0779,0.0779,0.0773,0.0774,233617.9
2026-07-31 01:50:00,0.0774,0.0775,0.0772,0.0774,145538.6
2026-07-31 01:55:00,0.0773,0.0774,0.0773,0.0774,37923.7
2026-07-31 02:00:00,0.0774,0.0774,0.0772,0.0772,54457.4
2026-07-31 02:05:00,0.0772,0.0775,0.0772,0.0774,55856.2
2026-07-31 02:10:00,0.0774,0.0774,0.0773,0.0773,211136.0
2026-07-31 02:15:00,0.0772,0.0772,0.077,0.0771,200315.4
2026-07-31 02:20:00,0.0771,0.0771,0.077,0.0771,24828.2
2026-07-31 02:25:00,0.0771,0.0771,0.077,0.077,166188.5
2026-07-31 02:30:00,0.077,0.0772,0.077,0.0771,32765.2
2026-07-31 02:35:00,0.0771,0.0771,0.077,0.0771,30637.0
2026-07-31 02:40:00,0.077,0.077,0.077,0.077,16678.8
2026-07-31 02:45:00,0.077,0.0772,0.077,0.0771,245105.7
2026-07-31 02:50:00,0.0771,0.0774,0.0771,0.0773,214589.2
2026-07-31 02:55:00,0.0772,0.0773,0.0772,0.0772,72001.8
2026-07-31 03:00:00,0.0772,0.0773,0.0771,0.0772,192129.5
2026-07-31 03:05:00,0.0772,0.0772,0.0771,0.0771,79313.9
2026-07-31 03:10:00,0.0772,0.0772,0.0771,0.0772,65071.3
2026-07-31 03:15:00,0.0772,0.0775,0.0772,0.0775,101146.3
2026-07-31 03:20:00,0.0776,0.0777,0.0776,0.0777,13000.0
2026-07-31 03:25:00,0.0777,0.0778,0.0777,0.0777,57070.0
2026-07-31 03:30:00,0.0777,0.0777,0.0777,0.0777,70639.7
2026-07-31 03:35:00,0.0777,0.0778,0.0777,0.0778,49255.5
2026-07-31 03:40:00,0.0777,0.0778,0.0776,0.0778,142819.3
2026-07-31 03:45:00,0.0778,0.0779,0.0778,0.0778,76946.6
2026-07-31 03:50:00,0.0777,0.0778,0.0776,0.0778,38657.8
2026-07-31 03:55:00,0.0778,0.0778,0.0776,0.0777,11762.0
2026-07-31 04:00:00,0.0776,0.0777,0.0776,0.0777,56122.3
2026-07-31 04:05:00,0.0777,0.0777,0.0776,0.0777,102436.8
2026-07-31 04:10:00,0.0776,0.0776,0.0775,0.0775,41032.9
2026-07-31 04:15:00,0.0776,0.0776,0.0775,0.0775,46401.5
2026-07-31 04:20:00,0.0775,0.0775,0.0774,0.0774,63053.8
2026-07-31 04:25:00,0.0774,0.0775,0.0774,0.0775,23807.5
2026-07-31 04:30:00,0.0775,0.0776,0.0775,0.0776,57126.0
2026-07-31 04:35:00,0.0775,0.0775,0.0775,0.0775,26681.9
2026-07-31 04:40:00,0.0776,0.0776,0.0775,0.0776,87675.1
2026-07-31 04:45:00,0.0776,0.0776,0.0775,0.0775,53095.5
2026-07-31 04:50:00,0.0775,0.0776,0.0775,0.0775,15666.5
2026-07-31 04:55:00,0.0776,0.0776,0.0775,0.0776,33519.5
2026-07-31 05:00:00,0.0776,0.0777,0.0776,0.0777,128369.6
2026-07-31 05:05:00,0.0778,0.0778,0.0774,0.0774,238006.9
2026-07-31 05:10:00,0.0774,0.0774,0.0773,0.0774,113996.4
2026-07-31 05:15:00,0.0774,0.0775,0.0774,0.0774,84839.5
2026-07-31 05:20:00,0.0775,0.0775,0.0775,0.0775,387.0
2026-07-31 05:25:00,0.0774,0.0774,0.0773,0.0773,60604.2
2026-07-31 05:30:00,0.0774,0.0774,0.0773,0.0773,33917.0
2026-07-31 05:35:00,0.0773,0.0773,0.0772,0.0773,24280.8
2026-07-31 05:40:00,0.0773,0.0773,0.0772,0.0772,8735.6
2026-07-31 05:45:00,0.0772,0.0773,0.0772,0.0772,106944.4
2026-07-31 05:50:00,0.0773,0.0774,0.0772,0.0774,27374.7
2026-07-31 05:55:00,0.0774,0.0774,0.0773,0.0773,16616.2
2026-07-31 06:00:00,0.0774,0.0774,0.0772,0.0773,76857.6
2026-07-31 06:05:00,0.0773,0.0773,0.0772,0.0773,268518.9
2026-07-31 06:10:00,0.0773,0.0773,0.0773,0.0773,253360.0
2026-07-31 06:15:00,0.0773,0.0773,0.0771,0.0771,105148.3
2026-07-31 06:20:00,0.0771,0.0772,0.0771,0.0771,82892.6
2026-07-31 06:25:00,0.0771,0.0773,0.0771,0.0773,181929.2
2026-07-31 06:30:00,0.0773,0.0773,0.0771,0.0772,125003.6
2026-07-31 06:35:00,0.0771,0.0772,0.077,0.077,86347.4
2026-07-31 06:40:00,0.077,0.077,0.0769,0.0769,189575.7
2026-07-31 06:45:00,0.0769,0.077,0.0767,0.077,185782.2
2026-07-31 06:50:00,0.077,0.077,0.0769,0.0769,76585.7
2026-07-31 06:55:00,0.0768,0.0769,0.0768,0.0768,173252.0
2026-07-31 07:00:00,0.0768,0.0768,0.0766,0.0767,363044.7
2026-07-31 07:05:00,0.0767,0.0768,0.0765,0.0767,255727.0
2026-07-31 07:10:00,0.0768,0.0768,0.0765,0.0766,24405.3
2026-07-31 07:15:00,0.0766,0.0767,0.0766,0.0767,193443.3
2026-07-31 07:20:00,0.0768,0.0768,0.0766,0.0767,283736.0
2026-07-31 07:25:00,0.0766,0.0767,0.0766,0.0766,82723.7
2026-07-31 07:30:00,0.0765,0.0769,0.0765,0.0769,121709.2
2026-07-31 07:35:00,0.0769,0.0769,0.0768,0.0769,171933.8
2026-07-31 07:40:00,0.077,0.077,0.0769,0.077,106810.5
2026-07-31 07:45:00,0.077,0.0772,0.077,0.0772,59749.7
2026-07-31 07:50:00,0.0771,0.0772,0.0771,0.0772,100405.9
2026-07-31 07:55:00,0.0771,0.0771,0.077,0.077,18431.5
2026-07-31 08:00:00,0.0771,0.0772,0.0769,0.0772,79391.3
2026-07-31 08:05:00,0.0772,0.0772,0.077,0.077,147888.3
2026-07-31 08:10:00,0.077,0.0771,0.0769,0.0771,57532.4
2026-07-31 08:15:00,0.0771,0.0771,0.077,0.077,58879.5
2026-07-31 08:20:00,0.0769,0.0771,0.0769,0.0769,8574.5
2026-07-31 08:25:00,0.077,0.0772,0.077,0.0771,17082.9
2026-07-31 08:30:00,0.0771,0.0772,0.0771,0.0771,95629.4
2026-07-31 08:35:00,0.0771,0.0771,0.077,0.077,18774.0
2026-07-31 08:40:00,0.0769,0.0769,0.0769,0.0769,9188.3
2026-07-31 08:45:00,0.077,0.077,0.0769,0.077,52642.2
2026-07-31 08:50:00,0.077,0.077,0.0768,0.0768,37431.2
2026-07-31 08:55:00,0.0768,0.077,0.0768,0.0769,39529.7
2026-07-31 09:00:00,0.077,0.077,0.0769,0.077,8872.1
2026-07-31 09:05:00,0.0769,0.0769,0.0767,0.0767,102028.7
2026-07-31 09:10:00,0.0767,0.0768,0.0766,0.0766,360540.9
2026-07-31 09:15:00,0.0766,0.0766,0.0763,0.0763,740563.8
2026-07-31 09:20:00,0.0763,0.0764,0.0761,0.0763,330507.4
2026-07-31 09:25:00,0.0763,0.0763,0.0763,0.0763,44432.5
2026-07-31 09:30:00,0.0763,0.0763,0.0762,0.0762,291464.8
2026-07-31 09:35:00,0.0762,0.0764,0.0761,0.0762,528232.2
2026-07-31 09:40:00,0.0761,0.0763,0.0761,0.0762,179621.6
2026-07-31 09:45:00,0.0762,0.0762,0.0761,0.0762,93585.7
2026-07-31 09:50:00,0.0763,0.0763,0.0761,0.0761,114637.7
2026-07-31 09:55:00,0.0762,0.0762,0.0761,0.0761,9239.2
2026-07-31 10:00:00,0.0761,0.0763,0.076,0.076,236758.8
2026-07-31 10:05:00,0.0761,0.0762,0.0759,0.0762,273496.9
2026-07-31 10:10:00,0.0762,0.0762,0.0761,0.0762,66480.9
2026-07-31 10:15:00,0.0762,0.0762,0.0761,0.0762,43749.8
2026-07-31 10:20:00,0.0762,0.0763,0.0762,0.0763,36202.8
2026-07-31 10:25:00,0.0763,0.0763,0.0762,0.0763,22374.9
2026-07-31 10:30:00,0.0762,0.0763,0.0762,0.0763,56662.0
2026-07-31 10:35:00,0.0762,0.0763,0.0762,0.0763,66378.8
2026-07-31 10:40:00,0.0762,0.0764,0.0762,0.0763,75231.2
2026-07-31 10:45:00,0.0763,0.0763,0.0761,0.0762,52432.0
2026-07-31 10:50:00,0.0762,0.0762,0.0762,0.0762,39534.7
2026-07-31 10:55:00,0.0762,0.0763,0.0761,0.0762,215451.0
2026-07-31 11:00:00,0.0762,0.0764,0.0762,0.0763,108539.8
2026-07-31 11:05:00,0.0763,0.0763,0.0762,0.0762,38466.8
2026-07-31 11:10:00,0.0762,0.0763,0.0762,0.0763,92286.1
2026-07-31 11:15:00,0.0762,0.0762,0.0762,0.0762,42334.4
2026-07-31 11:20:00,0.0762,0.0763,0.0762,0.0763,67345.8
2026-07-31 11:25:00,0.0763,0.0764,0.0762,0.0762,122605.2
2026-07-31 11:30:00,0.0762,0.0763,0.0762,0.0763,59183.9
2026-07-31 11:35:00,0.0763,0.0763,0.0761,0.0761,49005.9
2026-07-31 11:40:00,0.0762,0.0762,0.0761,0.0762,58961.4
2026-07-31 11:45:00,0.0761,0.0762,0.0761,0.0762,930363.6
2026-07-31 11:50:00,0.0762,0.0762,0.0761,0.0762,21680.4
2026-07-31 11:55:00,0.0761,0.0762,0.076,0.076,52536.6
2026-07-31 12:00:00,0.076,0.0761,0.0759,0.076,517947.5
2026-07-31 12:05:00,0.0761,0.0761,0.0756,0.0757,461624.2
2026-07-31 12:10:00,0.0758,0.0758,0.0756,0.0757,215643.3
2026-07-31 12:15:00,0.0756,0.0758,0.0756,0.0758,197546.9
2026-07-31 12:20:00,0.0758,0.0759,0.0757,0.0758,260759.8
2026-07-31 12:25:00,0.0759,0.0762,0.0759,0.0761,59188.6
2026-07-31 12:30:00,0.076,0.0761,0.0759,0.0759,341585.4
2026-07-31 12:35:00,0.0759,0.076,0.0758,0.076,161473.7
2026-07-31 12:40:00,0.0761,0.0762,0.0761,0.0761,46837.2
2026-07-31 12:45:00,0.0762,0.0763,0.0762,0.0763,22709.8
2026-07-31 12:50:00,0.0762,0.0763,0.0762,0.0763,100126.7
2026-07-31 12:55:00,0.0763,0.0765,0.0763,0.0765,59967.8
2026-07-31 13:00:00,0.0764,0.0766,0.0764,0.0766,29847.0
2026-07-31 13:05:00,0.0766,0.0766,0.0765,0.0765,107089.1
2026-07-31 13:10:00,0.0765,0.0766,0.0765,0.0766,186765.1
2026-07-31 13:15:00,0.0766,0.0767,0.0765,0.0767,190883.6
2026-07-31 13:20:00,0.0767,0.0767,0.0766,0.0766,3215.1
2026-07-31 13:25:00,0.0766,0.0767,0.0766,0.0766,57560.2
2026-07-31 13:30:00,0.0766,0.0768,0.0765,0.0768,123802.8
2026-07-31 13:35:00,0.0767,0.0767,0.0766,0.0766,95585.9
2026-07-31 13:40:00,0.0766,0.0766,0.0763,0.0764,119561.8
2026-07-31 13:45:00,0.0763,0.0763,0.0761,0.0763,248496.5
2026-07-31 13:50:00,0.0762,0.0764,0.0762,0.0762,30366.7
2026-07-31 13:55:00,0.0762,0.0764,0.0762,0.0763,59378.7
2026-07-31 14:00:00,0.0764,0.0765,0.0761,0.0762,230196.9
2026-07-31 14:05:00,0.0761,0.0763,0.0758,0.0761,961969.8
2026-07-31 14:10:00,0.076,0.0767,0.0757,0.0767,349817.9
2026-07-31 14:15:00,0.0767,0.0773,0.0767,0.0772,447709.6
2026-07-31 14:20:00,0.0772,0.0773,0.0771,0.0771,121506.8
2026-07-31 14:25:00,0.0772,0.0772,0.077,0.0772,124679.1
2026-07-31 14:30:00,0.0772,0.0774,0.0772,0.0772,145499.8
2026-07-31 14:35:00,0.0774,0.0774,0.0772,0.0773,53222.3
2026-07-31 14:40:00,0.0772,0.0773,0.0771,0.0772,105899.0
2026-07-31 14:45:00,0.0772,0.0774,0.0772,0.0774,98378.9
2026-07-31 14:50:00,0.0775,0.0775,0.0771,0.0772,33990.8
2026-07-31 14:55:00,0.0772,0.0774,0.0772,0.0773,152546.2
2026-07-31 15:00:00,0.0772,0.0775,0.0771,0.0775,79401.5
2026-07-31 15:05:00,0.0775,0.0775,0.0772,0.0773,69402.2
2026-07-31 15:10:00,0.0772,0.0773,0.0772,0.0772,297679.4
2026-07-31 15:15:00,0.0772,0.0774,0.0771,0.0772,346277.8
2026-07-31 15:20:00,0.0771,0.0772,0.0771,0.0772,159205.8
2026-07-31 15:25:00,0.0772,0.0773,0.0771,0.0772,141608.1
2026-07-31 15:30:00,0.0772,0.0772,0.0771,0.0772,62519.4
2026-07-31 15:35:00,0.0772,0.0774,0.0772,0.0773,64037.4
2026-07-31 15:40:00,0.0773,0.0774,0.077,0.0771,188795.2
2026-07-31 15:45:00,0.0771,0.0771,0.077,0.077,157594.5
2026-07-31 15:50:00,0.077,0.0771,0.077,0.0771,39277.7
2026-07-31 15:55:00,0.0771,0.0771,0.077,0.0771,67449.7
2026-07-31 16:00:00,0.0771,0.0771,0.0771,0.0771,56780.6
2026-07-31 16:05:00,0.0771,0.0773,0.0771,0.0771,139358.0
2026-07-31 16:10:00,0.0772,0.0773,0.0771,0.0771,291358.9
2026-07-31 16:15:00,0.0771,0.0772,0.0769,0.0772,145759.4
2026-07-31 16:20:00,0.0771,0.0774,0.0771,0.0772,96558.2
2026-07-31 16:25:00,0.0771,0.0772,0.0771,0.0772,146752.6
2026-07-31 16:30:00,0.0772,0.0772,0.0771,0.0771,29291.3
2026-07-31 16:35:00,0.0772,0.0772,0.0771,0.0771,104461.9
2026-07-31 16:40:00,0.0771,0.0772,0.0771,0.0771,39983.1
2026-07-31 16:45:00,0.0771,0.0772,0.0771,0.0771,12784.2
2026-07-31 16:50:00,0.0772,0.0772,0.0771,0.0771,26226.4
2026-07-31 16:55:00,0.0771,0.0771,0.077,0.0771,64963.4
2026-07-31 17:00:00,0.0771,0.0773,0.077,0.0771,60130.7
2026-07-31 17:05:00,0.077,0.0771,0.077,0.0771,32794.1
2026-07-31 17:10:00,0.0771,0.0773,0.0771,0.0772,212520.4
2026-07-31 17:15:00,0.0772,0.0772,0.0771,0.0772,40966.5
2026-07-31 17:20:00,0.0773,0.0773,0.0771,0.0772,141858.2
2026-07-31 17:25:00,0.0773,0.0773,0.0772,0.0773,45228.7
2026-07-31 17:30:00,0.0773,0.0774,0.0773,0.0774,101940.0
2026-07-31 17:35:00,0.0774,0.0775,0.0774,0.0775,133057.1
2026-07-31 17:40:00,0.0775,0.0775,0.0773,0.0773,711315.6
2026-07-31 17:45:00,0.0774,0.0774,0.0772,0.0773,375783.1
2026-07-31 17:50:00,0.0774,0.0777,0.0774,0.0776,551809.9
2026-07-31 17:55:00,0.0776,0.0776,0.0775,0.0775,143352.9
2026-07-31 18:00:00,0.0775,0.0776,0.0775,0.0775,52962.2
2026-07-31 18:05:00,0.0775,0.0776,0.0775,0.0776,5673.7
2026-07-31 18:10:00,0.0776,0.0776,0.0775,0.0775,29880.3
2026-07-31 18:15:00,0.0774,0.0775,0.0774,0.0774,9076.9
2026-07-31 18:20:00,0.0774,0.0775,0.0774,0.0775,13089.5
2026-07-31 18:25:00,0.0775,0.0775,0.0773,0.0773,62728.3
2026-07-31 18:30:00,0.0773,0.0774,0.0773,0.0774,11422.6
2026-07-31 18:35:00,0.0774,0.0774,0.0773,0.0773,18158.5
2026-07-31 18:40:00,0.0772,0.0773,0.0772,0.0772,57729.5
2026-07-31 18:45:00,0.0772,0.0773,0.0772,0.0773,51873.1
2026-07-31 18:50:00,0.0774,0.0774,0.0773,0.0774,106610.3
2026-07-31 18:55:00,0.0774,0.0774,0.0774,0.0774,1177.3
2026-07-31 19:00:00,0.0774,0.0774,0.0773,0.0773,75675.2
2026-07-31 19:05:00,0.0772,0.0772,0.0772,0.0772,643.8
2026-07-31 19:10:00,0.0772,0.0772,0.0771,0.0771,114321.4
2026-07-31 19:15:00,0.0771,0.0771,0.0771,0.0771,65.9
2026-07-31 19:20:00,0.0771,0.0772,0.0771,0.0772,5337.3
2026-07-31 19:25:00,0.0771,0.0771,0.077,0.0771,33433.5
2026-07-31 19:30:00,0.0771,0.0771,0.077,0.077,25359.5
2026-07-31 19:35:00,0.0771,0.0771,0.077,0.077,51840.2
2026-07-31 19:40:00,0.0771,0.0772,0.0769,0.0771,64442.5
2026-07-31 19:45:00,0.0772,0.0773,0.0771,0.0772,34520.2
2026-07-31 19:50:00,0.0771,0.0772,0.0771,0.0771,11412.5
2026-07-31 19:55:00,0.0771,0.0772,0.0771,0.0771,33651.6
2026-07-31 20:00:00,0.0771,0.0773,0.0771,0.0773,32092.6
2026-07-31 20:05:00,0.0772,0.0772,0.0771,0.0772,38062.2
2026-07-31 20:10:00,0.0771,0.0772,0.0771,0.0772,12324.7
2026-07-31 20:15:00,0.0773,0.0773,0.0772,0.0773,21818.4
2026-07-31 20:20:00,0.0773,0.0773,0.0773,0.0773,33888.4
2026-07-31 20:25:00,0.0774,0.0774,0.0773,0.0773,28769.2
2026-07-31 20:30:00,0.0774,0.0774,0.0774,0.0774,103865.5
2026-07-31 20:35:00,0.0774,0.0774,0.0773,0.0773,42017.4
2026-07-31 20:40:00,0.0773,0.0773,0.0772,0.0772,12859.0
2026-07-31 20:45:00,0.0773,0.0773,0.0772,0.0772,20932.2
2026-07-31 20:50:00,0.0771,0.0773,0.0771,0.0771,256238.5
2026-07-31 20:55:00,0.0772,0.0772,0.077,0.0771,58851.5
2026-07-31 21:00:00,0.0772,0.0772,0.077,0.0772,84172.5
2026-07-31 21:05:00,0.0772,0.0774,0.0772,0.0774,10315.7
2026-07-31 21:10:00,0.0774,0.0774,0.0772,0.0773,76066.2
2026-07-31 21:15:00,0.0773,0.0773,0.0773,0.0773,52757.6
2026-07-31 21:20:00,0.0774,0.0774,0.0774,0.0774,77464.0
2026-07-31 21:25:00,0.0773,0.0774,0.0773,0.0773,23631.6
2026-07-31 21:30:00,0.0774,0.0774,0.0773,0.0774,59925.9
2026-07-31 21:35:00,0.0773,0.0774,0.0772,0.0774,64440.2
2026-07-31 21:40:00,0.0773,0.0773,0.0772,0.0772,96323.8
2026-07-31 21:45:00,0.0772,0.0774,0.0772,0.0773,45814.2
2026-07-31 21:50:00,0.0773,0.0773,0.0772,0.0772,12547.4
2026-07-31 21:55:00,0.0772,0.0772,0.077,0.0772,81186.1
2026-07-31 22:00:00,0.0772,0.0773,0.0771,0.0772,26121.6
2026-07-31 22:05:00,0.0772,0.0773,0.0772,0.0773,8069.0
2026-07-31 22:10:00,0.0773,0.0774,0.0773,0.0773,11201.4
2026-07-31 22:15:00,0.0774,0.0774,0.0773,0.0774,769.3
2026-07-31 22:20:00,0.0774,0.0775,0.0773,0.0774,113493.2
2026-07-31 22:25:00,0.0774,0.0774,0.0773,0.0773,63127.1
2026-07-31 22:30:00,0.0774,0.0774,0.0773,0.0774,897.9
2026-07-31 22:35:00,0.0773,0.0773,0.0773,0.0773,22973.5
2026-07-31 22:40:00,0.0773,0.0773,0.0773,0.0773,295955.9
2026-07-31 22:45:00,0.0773,0.0773,0.0772,0.0773,11870.8
2026-07-31 22:50:00,0.0773,0.0773,0.0772,0.0772,4102.9
2026-07-31 22:55:00,0.0771,0.0773,0.0771,0.0772,41374.9
2026-07-31 23:00:00,0.0773,0.0773,0.0772,0.0773,10633.0
2026-07-31 23:05:00,0.0773,0.0776,0.0773,0.0775,20573.0
2026-07-31 23:10:00,0.0775,0.0776,0.0775,0.0776,2278.4
2026-07-31 23:15:00,0.0776,0.0778,0.0775,0.0777,144822.1
2026-07-31 23:20:00,0.0777,0.078,0.0777,0.0779,193707.9
2026-07-31 23:25:00,0.0779,0.0779,0.0778,0.0779,113167.3
2026-07-31 23:30:00,0.078,0.0783,0.078,0.0782,440748.4
2026-07-31 23:35:00,0.0782,0.0782,0.078,0.078,224676.5
2026-07-31 23:40:00,0.0781,0.0782,0.0781,0.0782,118761.5
2026-07-31 23:45:00,0.0782,0.0783,0.0782,0.0782,71307.5
2026-07-31 23:50:00,0.0783,0.0784,0.0782,0.0782,124046.6
2026-07-31 23:55:00,0.0782,0.0784,0.0782,0.0783,50476.5
2026-08-01 00:00:00,0.0784,0.0786,0.0783,0.0784,224756.8
2026-08-01 00:05:00,0.0783,0.0784,0.0782,0.0784,136013.7
2026-08-01 00:10:00,0.0783,0.0783,0.0782,0.0783,168509.3
2026-08-01 00:15:00,0.0783,0.0784,0.0782,0.0782,77442.4
2026-08-01 00:20:00,0.0782,0.0783,0.0781,0.0782,156400.6
2026-08-01 00:25:00,0.0781,0.0783,0.0781,0.0783,93485.2
2026-08-01 00:30:00,0.0782,0.0784,0.0782,0.0784,208881.3
2026-08-01 00:35:00,0.0784,0.0786,0.0783,0.0785,78655.1
2026-08-01 00:40:00,0.0784,0.079,0.0784,0.0788,860232.2
2026-08-01 00:45:00,0.0789,0.079,0.0788,0.0788,95359.2
2026-08-01 00:50:00,0.0789,0.079,0.0786,0.0786,446155.2
2026-08-01 00:55:00,0.0786,0.0786,0.0783,0.0784,182872.4
2026-08-01 01:00:00,0.0785,0.0788,0.0785,0.0786,287578.8
2026-08-01 01:05:00,0.0785,0.0786,0.0785,0.0786,55611.9
2026-08-01 01:10:00,0.0786,0.0788,0.0786,0.0787,226668.8
2026-08-01 01:15:00,0.0786,0.0787,0.0786,0.0786,61636.0
2026-08-01 01:20:00,0.0785,0.0786,0.0785,0.0785,62513.6
2026-08-01 01:25:00,0.0785,0.0787,0.0785,0.0786,190845.7
2026-08-01 01:30:00,0.0786,0.0787,0.0785,0.0785,9240.5
2026-08-01 01:35:00,0.0786,0.0787,0.0786,0.0787,23109.7
2026-08-01 01:40:00,0.0787,0.0787,0.0786,0.0786,96735.0
2026-08-01 01:45:00,0.0787,0.0787,0.0785,0.0785,26743.2
2026-08-01 01:50:00,0.0785,0.0786,0.0784,0.0786,137748.0
2026-08-01 01:55:00,0.0786,0.0786,0.0784,0.0784,756461.0
2026-08-01 02:00:00,0.0785,0.0785,0.0785,0.0785,18871.6
2026-08-01 02:05:00,0.0784,0.0785,0.0784,0.0785,16894.3
2026-08-01 02:10:00,0.0785,0.0787,0.0785,0.0787,46560.5
2026-08-01 02:15:00,0.0786,0.0786,0.0784,0.0785,19051.2
2026-08-01 02:20:00,0.0784,0.0785,0.0784,0.0785,53283.7
2026-08-01 02:25:00,0.0785,0.0785,0.0784,0.0785,7006.9
2026-08-01 02:30:00,0.0785,0.0786,0.0785,0.0786,50635.2
2026-08-01 02:35:00,0.0786,0.0786,0.0784,0.0784,123117.0
2026-08-01 02:40:00,0.0784,0.0785,0.0784,0.0785,43029.6
2026-08-01 02:45:00,0.0784,0.0785,0.0784,0.0785,45855.4
2026-08-01 02:50:00,0.0785,0.0785,0.0785,0.0785,44585.4
2026-08-01 02:55:00,0.0784,0.0785,0.0784,0.0784,4769.0
2026-08-01 03:00:00,0.0784,0.0785,0.0784,0.0785,16956.5
2026-08-01 03:05:00,0.0785,0.0786,0.0785,0.0786,2985.8
2026-08-01 03:10:00,0.0786,0.0786,0.0783,0.0783,105090.5
2026-08-01 03:15:00,0.0783,0.0783,0.0782,0.0783,29943.9
2026-08-01 03:20:00,0.0782,0.0783,0.0782,0.0783,65535.8
2026-08-01 03:25:00,0.0782,0.0783,0.0781,0.0782,138336.0
2026-08-01 03:30:00,0.0782,0.0783,0.0782,0.0782,25793.3
2026-08-01 03:35:00,0.0783,0.0783,0.0782,0.0783,165817.9
2026-08-01 03:40:00,0.0783,0.0784,0.0783,0.0783,48194.2
2026-08-01 03:45:00,0.0783,0.0783,0.0782,0.0782,197539.3
2026-08-01 03:50:00,0.0783,0.0783,0.0783,0.0783,26428.3
2026-08-01 03:55:00,0.0784,0.0784,0.0783,0.0783,223109.7
2026-08-01 04:00:00,0.0783,0.0784,0.0782,0.0784,254209.0
2026-08-01 04:05:00,0.0783,0.0783,0.0783,0.0783,5606.8
2026-08-01 04:10:00,0.0783,0.0785,0.0783,0.0784,423608.2
2026-08-01 04:15:00,0.0784,0.0785,0.0784,0.0785,307752.3
2026-08-01 04:20:00,0.0784,0.0785,0.0784,0.0785,149484.6
2026-08-01 04:25:00,0.0784,0.0784,0.0784,0.0784,14264.1
2026-08-01 04:30:00,0.0784,0.0785,0.0784,0.0784,9680.6
2026-08-01 04:35:00,0.0784,0.0784,0.0784,0.0784,1217.8
2026-08-01 04:40:00,0.0784,0.0785,0.0784,0.0784,39600.2
2026-08-01 04:45:00,0.0784,0.0784,0.0784,0.0784,0.0
2026-08-01 04:50:00,0.0785,0.0785,0.0784,0.0784,8899.5
2026-08-01 04:55:00,0.0785,0.0785,0.0784,0.0784,3879.8
2026-08-01 05:00:00,0.0785,0.0785,0.0784,0.0785,21965.5
2026-08-01 05:05:00,0.0784,0.0784,0.0784,0.0784,1922.7
2026-08-01 05:10:00,0.0784,0.0785,0.0783,0.0784,87713.6
2026-08-01 05:15:00,0.0784,0.0785,0.0784,0.0784,37493.1
2026-08-01 05:20:00,0.0784,0.0785,0.0784,0.0784,12561.9
2026-08-01 05:25:00,0.0783,0.0783,0.0783,0.0783,91901.0
2026-08-01 05:30:00,0.0784,0.0784,0.0783,0.0784,89467.5
2026-08-01 05:35:00,0.0784,0.0784,0.0783,0.0783,154678.3
2026-08-01 05:40:00,0.0783,0.0783,0.0781,0.0781,44455.5
2026-08-01 05:45:00,0.078,0.0782,0.0779,0.0781,596713.5
2026-08-01 05:50:00,0.0781,0.0781,0.0779,0.0779,106041.6
2026-08-01 05:55:00,0.078,0.078,0.0779,0.0779,79695.4
2026-08-01 06:00:00,0.0779,0.0779,0.0778,0.0779,120889.3
2026-08-01 06:05:00,0.0778,0.0778,0.0777,0.0777,38576.2
2026-08-01 06:10:00,0.0778,0.0778,0.0777,0.0777,2601.2
2026-08-01 06:15:00,0.0777,0.0778,0.0777,0.0778,40062.1
2026-08-01 06:20:00,0.0778,0.0781,0.0778,0.078,153397.9
2026-08-01 06:25:00,0.0781,0.0781,0.078,0.0781,41510.7
2026-08-01 06:30:00,0.0781,0.0781,0.0779,0.0779,48974.4
2026-08-01 06:35:00,0.0779,0.078,0.0779,0.078,27585.1
2026-08-01 06:40:00,0.078,0.078,0.078,0.078,14254.5
2026-08-01 06:45:00,0.078,0.078,0.078,0.078,52034.4
2026-08-01 06:50:00,0.078,0.0781,0.078,0.0781,60813.6
2026-08-01 06:55:00,0.0781,0.0781,0.078,0.078,46708.4
2026-08-01 07:00:00,0.078,0.078,0.078,0.078,19150.5
2026-08-01 07:05:00,0.078,0.078,0.078,0.078,6900.0
2026-08-01 07:10:00,0.0781,0.0781,0.0781,0.0781,40853.0
2026-08-01 07:15:00,0.0781,0.0781,0.078,0.078,19300.2
2026-08-01 07:20:00,0.078,0.0781,0.078,0.078,89787.9
2026-08-01 07:25:00,0.078,0.078,0.0779,0.0779,11064.5
2026-08-01 07:30:00,0.0779,0.078,0.0779,0.0779,56007.0
2026-08-01 07:35:00,0.078,0.078,0.0779,0.0779,181.7
2026-08-01 07:40:00,0.0779,0.078,0.0779,0.078,68203.7
2026-08-01 07:45:00,0.078,0.078,0.0779,0.078,5991.5
2026-08-01 07:50:00,0.078,0.078,0.0779,0.078,39012.2
2026-08-01 07:55:00,0.078,0.078,0.0779,0.0779,68544.2
2026-08-01 08:00:00,0.078,0.0781,0.0778,0.0779,690758.3
2026-08-01 08:05:00,0.0779,0.078,0.0779,0.078,107268.9
2026-08-01 08:10:00,0.078,0.0781,0.078,0.078,9322.1
2026-08-01 08:15:00,0.0781,0.0781,0.078,0.0781,121558.9
2026-08-01 08:20:00,0.078,0.0781,0.078,0.0781,4656.8
2026-08-01 08:25:00,0.0781,0.0781,0.078,0.078,14736.2
2026-08-01 08:30:00,0.0781,0.0781,0.0781,0.0781,16745.5
2026-08-01 08:35:00,0.0781,0.0781,0.078,0.0781,172529.7
2026-08-01 08:40:00,0.078,0.0781,0.078,0.0781,60048.8
2026-08-01 08:45:00,0.078,0.0781,0.078,0.078,9342.2
2026-08-01 08:50:00,0.078,0.0781,0.078,0.0781,6562.5
2026-08-01 08:55:00,0.078,0.0781,0.078,0.078,35246.4
2026-08-01 09:00:00,0.078,0.078,0.0778,0.078,81257.1
2026-08-01 09:05:00,0.0779,0.078,0.0778,0.078,277090.9
2026-08-01 09:10:00,0.0779,0.0782,0.0779,0.0781,98268.9
2026-08-01 09:15:00,0.0781,0.0783,0.0781,0.0781,101346.5
2026-08-01 09:20:00,0.0781,0.0782,0.0781,0.0781,214881.9
2026-08-01 09:25:00,0.078,0.0781,0.078,0.0781,27833.5
2026-08-01 09:30:00,0.0781,0.0782,0.078,0.0782,159408.6
2026-08-01 09:35:00,0.0781,0.0781,0.0781,0.0781,51478.8
2026-08-01 09:40:00,0.0781,0.0782,0.0781,0.0781,13328.0
2026-08-01 09:45:00,0.0782,0.0782,0.0781,0.0781,42660.0
2026-08-01 09:50:00,0.0781,0.0781,0.0781,0.0781,4087.4
2026-08-01 09:55:00,0.0781,0.0782,0.0781,0.0782,3808.9
2026-08-01 10:00:00,0.0782,0.0782,0.0779,0.0779,232954.5
2026-08-01 10:05:00,0.078,0.0781,0.078,0.0781,45860.8
2026-08-01 10:10:00,0.0782,0.0783,0.0782,0.0783,87322.4
2026-08-01 10:15:00,0.0783,0.0783,0.0782,0.0783,143065.7
2026-08-01 10:20:00,0.0783,0.0783,0.0782,0.0782,117566.0
2026-08-01 10:25:00,0.0783,0.0783,0.0782,0.0782,6208.0
2026-08-01 10:30:00,0.0782,0.0783,0.0782,0.0783,16684.5
2026-08-01 10:35:00,0.0782,0.0782,0.0781,0.0782,124439.5
2026-08-01 10:40:00,0.0782,0.0783,0.0782,0.0783,36045.2
2026-08-01 10:45:00,0.0782,0.0782,0.078,0.0781,128952.6
2026-08-01 10:50:00,0.0781,0.0782,0.0781,0.0781,86718.7
2026-08-01 10:55:00,0.078,0.0781,0.078,0.0781,52481.3
2026-08-01 11:00:00,0.078,0.0782,0.078,0.0782,119528.1
2026-08-01 11:05:00,0.0781,0.0781,0.0781,0.0781,215.2
2026-08-01 11:10:00,0.0782,0.0782,0.0781,0.0781,5657.3
2026-08-01 11:15:00,0.0781,0.0782,0.0781,0.0782,2655.3
2026-08-01 11:20:00,0.0782,0.0782,0.0782,0.0782,3682.7
2026-08-01 11:25:00,0.0781,0.0782,0.0781,0.0782,37847.6
2026-08-01 11:30:00,0.0782,0.0782,0.0781,0.0781,19501.3
2026-08-01 11:35:00,0.0781,0.0781,0.0781,0.0781,106.1
2026-08-01 11:40:00,0.0781,0.0781,0.0781,0.0781,1887.8
2026-08-01 11:45:00,0.0782,0.0782,0.0781,0.0782,17281.3
2026-08-01 11:50:00,0.0782,0.0783,0.0781,0.0783,67922.2
2026-08-01 11:55:00,0.0783,0.0784,0.0783,0.0784,92785.6
2026-08-01 12:00:00,0.0784,0.0785,0.0784,0.0784,81974.4
2026-08-01 12:05:00,0.0784,0.0785,0.0784,0.0785,5351.9
2026-08-01 12:10:00,0.0784,0.0785,0.0784,0.0785,100158.9
2026-08-01 12:15:00,0.0785,0.0785,0.0784,0.0784,26595.7
2026-08-01 12:20:00,0.0785,0.0786,0.0785,0.0786,45922.5
2026-08-01 12:25:00,0.0786,0.0787,0.0786,0.0787,97879.9
2026-08-01 12:30:00,0.0786,0.0787,0.0785,0.0786,67299.7
2026-08-01 12:35:00,0.0786,0.0787,0.0785,0.0787,36293.8
2026-08-01 12:40:00,0.0786,0.0786,0.0786,0.0786,23563.5
2026-08-01 12:45:00,0.0786,0.0787,0.0786,0.0786,39204.2
2026-08-01 12:50:00,0.0786,0.0787,0.0786,0.0787,1344.0
2026-08-01 12:55:00,0.0787,0.0788,0.0786,0.0786,206439.5
2026-08-01 13:00:00,0.0786,0.0787,0.0786,0.0787,8393.9
2026-08-01 13:05:00,0.0787,0.0789,0.0786,0.0788,223075.4
2026-08-01 13:10:00,0.0789,0.0789,0.0788,0.0788,68327.8
2026-08-01 13:15:00,0.0787,0.0787,0.0786,0.0786,26646.4
2026-08-01 13:20:00,0.0786,0.0787,0.0786,0.0786,210239.1
2026-08-01 13:25:00,0.0785,0.0785,0.0784,0.0784,67057.2
2026-08-01 13:30:00,0.0784,0.0786,0.0782,0.0786,321675.0
2026-08-01 13:35:00,0.0785,0.0785,0.0784,0.0784,61364.8
2026-08-01 13:40:00,0.0784,0.0784,0.0784,0.0784,39463.3
2026-08-01 13:45:00,0.0785,0.0785,0.0784,0.0785,10175.4
2026-08-01 13:50:00,0.0784,0.0785,0.0784,0.0784,20523.9
2026-08-01 13:55:00,0.0784,0.0785,0.0784,0.0785,13445.9
2026-08-01 14:00:00,0.0785,0.0785,0.0785,0.0785,49196.7
2026-08-01 14:05:00,0.0785,0.0785,0.0783,0.0784,170446.4
2026-08-01 14:10:00,0.0784,0.0784,0.0779,0.078,263190.0
2026-08-01 14:15:00,0.0781,0.0783,0.078,0.0782,394466.3
2026-08-01 14:20:00,0.0782,0.0783,0.0781,0.0782,48006.1
2026-08-01 14:25:00,0.0781,0.0782,0.0781,0.0781,2465.5
2026-08-01 14:30:00,0.0782,0.0783,0.0781,0.0782,64743.4
2026-08-01 14:35:00,0.0782,0.0783,0.0782,0.0783,3481.6
2026-08-01 14:40:00,0.0783,0.0783,0.0782,0.0783,2854.8
2026-08-01 14:45:00,0.0783,0.0783,0.0783,0.0783,7252.4
2026-08-01 14:50:00,0.0783,0.0784,0.0783,0.0783,64593.9
2026-08-01 14:55:00,0.0783,0.0783,0.0783,0.0783,63470.7
2026-08-01 15:00:00,0.0784,0.0785,0.0783,0.0783,440996.9
2026-08-01 15:05:00,0.0783,0.0784,0.0783,0.0784,56712.1
2026-08-01 15:10:00,0.0784,0.0785,0.0784,0.0784,60336.6
2026-08-01 15:15:00,0.0784,0.0784,0.0784,0.0784,33182.6
2026-08-01 15:20:00,0.0783,0.0784,0.0783,0.0784,57509.6
2026-08-01 15:25:00,0.0784,0.0784,0.0782,0.0783,126367.6
2026-08-01 15:30:00,0.0784,0.0784,0.0783,0.0784,48222.1
2026-08-01 15:35:00,0.0785,0.0785,0.0783,0.0783,40242.6
2026-08-01 15:40:00,0.0783,0.0784,0.0783,0.0784,1865.0
2026-08-01 15:45:00,0.0783,0.0784,0.0783,0.0784,15279.4
2026-08-01 15:50:00,0.0783,0.0784,0.0782,0.0784,199920.6
2026-08-01 15:55:00,0.0784,0.0784,0.0783,0.0783,16201.9
2026-08-01 16:00:00,0.0783,0.0785,0.0783,0.0784,59849.6
2026-08-01 16:05:00,0.0783,0.0784,0.0783,0.0784,48389.2
2026-08-01 16:10:00,0.0784,0.0784,0.0784,0.0784,808.7
2026-08-01 16:15:00,0.0784,0.0785,0.0784,0.0785,80236.6
2026-08-01 16:20:00,0.0784,0.0785,0.0784,0.0784,60954.8
2026-08-01 16:25:00,0.0785,0.0786,0.0785,0.0786,34956.7
2026-08-01 16:30:00,0.0786,0.0786,0.0785,0.0785,66590.8
2026-08-01 16:35:00,0.0786,0.0786,0.0785,0.0786,57950.1
2026-08-01 16:40:00,0.0785,0.0786,0.0784,0.0784,18803.6
2026-08-01 16:45:00,0.0785,0.0785,0.0784,0.0784,22323.5
2026-08-01 16:50:00,0.0785,0.0785,0.0784,0.0784,85052.6
2026-08-01 16:55:00,0.0783,0.0784,0.0782,0.0783,59891.6
2026-08-01 17:00:00,0.0783,0.0785,0.0782,0.0784,354095.5
2026-08-01 17:05:00,0.0785,0.0785,0.0784,0.0785,3919.2
2026-08-01 17:10:00,0.0784,0.0784,0.0783,0.0783,72921.3
2026-08-01 17:15:00,0.0783,0.0784,0.0783,0.0783,38409.4
2026-08-01 17:20:00,0.0783,0.0783,0.0782,0.0782,9774.6
2026-08-01 17:25:00,0.0782,0.0782,0.0781,0.0782,64738.4
2026-08-01 17:30:00,0.0782,0.0783,0.0781,0.0781,194442.5
2026-08-01 17:35:00,0.0782,0.0783,0.0781,0.0781,61998.0
2026-08-01 17:40:00,0.0782,0.0783,0.0782,0.0783,20787.7
2026-08-01 17:45:00,0.0782,0.0782,0.0781,0.0781,160210.5
2026-08-01 17:50:00,0.078,0.0782,0.0779,0.0781,241499.0
2026-08-01 17:55:00,0.0782,0.0782,0.0781,0.0781,3226.2
2026-08-01 18:00:00,0.0781,0.0782,0.0781,0.0781,51307.8
2026-08-01 18:05:00,0.0782,0.0783,0.0782,0.0782,24533.2
2026-08-01 18:10:00,0.0782,0.0783,0.0781,0.0781,23777.3
2026-08-01 18:15:00,0.0781,0.0782,0.0779,0.0779,71529.5
2026-08-01 18:20:00,0.078,0.078,0.0776,0.0777,115327.9
2026-08-01 18:25:00,0.0777,0.0778,0.0776,0.0777,175489.2
2026-08-01 18:30:00,0.0777,0.0777,0.077,0.0775,1093434.6
2026-08-01 18:35:00,0.0775,0.0777,0.0775,0.0776,187520.0
2026-08-01 18:40:00,0.0776,0.0778,0.0773,0.0774,150448.9
2026-08-01 18:45:00,0.0774,0.0775,0.0772,0.0773,394162.6
2026-08-01 18:50:00,0.0772,0.0774,0.0771,0.0774,234142.1
2026-08-01 18:55:00,0.0774,0.0781,0.0773,0.0781,620321.6
2026-08-01 19:00:00,0.078,0.0785,0.078,0.0785,737219.1
2026-08-01 19:05:00,0.0784,0.0785,0.0783,0.0784,198454.5
2026-08-01 19:10:00,0.0784,0.079,0.0783,0.0789,745508.6
2026-08-01 19:15:00,0.0789,0.079,0.0783,0.0783,807944.0
2026-08-01 19:20:00,0.0783,0.0784,0.0782,0.0783,727490.7
2026-08-01 19:25:00,0.0783,0.0784,0.0783,0.0784,15718.1
2026-08-01 19:30:00,0.0784,0.0785,0.0784,0.0784,58684.2
2026-08-01 19:35:00,0.0784,0.0785,0.0784,0.0785,251994.9
2026-08-01 19:40:00,0.0786,0.0786,0.0784,0.0785,159922.1
2026-08-01 19:45:00,0.0786,0.0786,0.0784,0.0786,87299.7
2026-08-01 19:50:00,0.0786,0.0787,0.0786,0.0786,63913.1
2026-08-01 19:55:00,0.0786,0.0787,0.0785,0.0785,86338.4
2026-08-01 20:00:00,0.0785,0.0785,0.0783,0.0784,143517.0
2026-08-01 20:05:00,0.0784,0.0786,0.0784,0.0785,82328.5
2026-08-01 20:10:00,0.0784,0.0786,0.0784,0.0786,38394.6
2026-08-01 20:15:00,0.0786,0.0787,0.0786,0.0786,42087.2
2026-08-01 20:20:00,0.0787,0.0787,0.0785,0.0786,84327.9
2026-08-01 20:25:00,0.0786,0.0786,0.0785,0.0786,60729.3
2026-08-01 20:30:00,0.0785,0.0786,0.0784,0.0786,91849.2
2026-08-01 20:35:00,0.0786,0.0786,0.0784,0.0785,21613.6
2026-08-01 20:40:00,0.0784,0.0785,0.0784,0.0785,3302.1
2026-08-01 20:45:00,0.0785,0.0786,0.0785,0.0786,35793.4
2026-08-01 20:50:00,0.0786,0.0786,0.0785,0.0786,43844.0
2026-08-01 20:55:00,0.0785,0.0785,0.0785,0.0785,12431.5
2026-08-01 21:00:00,0.0786,0.0788,0.0786,0.0786,62900.0
2026-08-01 21:05:00,0.0787,0.0788,0.0784,0.0785,466480.9
2026-08-01 21:10:00,0.0785,0.0787,0.0785,0.0787,137551.9
2026-08-01 21:15:00,0.0787,0.0788,0.0787,0.0787,92016.2
2026-08-01 21:20:00,0.0788,0.0788,0.0788,0.0788,1785.0
2026-08-01 21:25:00,0.0788,0.0788,0.0787,0.0787,266.9
2026-08-01 21:30:00,0.0787,0.0788,0.0786,0.0788,80706.0
2026-08-01 21:35:00,0.0788,0.0788,0.0787,0.0788,107599.2
2026-08-01 21:40:00,0.0788,0.0788,0.0786,0.0786,140112.8
2026-08-01 21:45:00,0.0787,0.0788,0.0787,0.0787,31627.6
2026-08-01 21:50:00,0.0787,0.0787,0.0787,0.0787,7624.1
2026-08-01 21:55:00,0.0787,0.0796,0.0787,0.0795,546630.6
2026-08-01 22:00:00,0.0794,0.0794,0.0791,0.0793,157707.5
2026-08-01 22:05:00,0.0794,0.0797,0.0794,0.0795,284665.9
2026-08-01 22:10:00,0.0796,0.0797,0.0794,0.0794,147385.0
2026-08-01 22:15:00,0.0795,0.0798,0.0794,0.0794,297270.2
2026-08-01 22:20:00,0.0793,0.0794,0.0792,0.0793,193488.5
2026-08-01 22:25:00,0.0793,0.0795,0.0793,0.0795,210179.6
2026-08-01 22:30:00,0.0794,0.0794,0.0792,0.0792,280850.1
2026-08-01 22:35:00,0.0792,0.0792,0.079,0.0791,288903.7
2026-08-01 22:40:00,0.079,0.0791,0.079,0.079,404275.5
2026-08-01 22:45:00,0.079,0.079,0.079,0.079,46191.6
2026-08-01 22:50:00,0.079,0.079,0.0789,0.0789,27953.9
2026-08-01 22:55:00,0.0789,0.079,0.0789,0.079,3435.4
2026-08-01 23:00:00,0.0789,0.0791,0.0788,0.079,275501.8
2026-08-01 23:05:00,0.0789,0.079,0.0789,0.0789,124549.6
2026-08-01 23:10:00,0.0789,0.0789,0.0788,0.0789,103647.4
2026-08-01 23:15:00,0.0789,0.0789,0.0787,0.0787,17154.5
2026-08-01 23:20:00,0.0787,0.0788,0.0787,0.0788,84957.4
2026-08-01 23:25:00,0.0789,0.0789,0.0789,0.0789,177.9
2026-08-01 23:30:00,0.0788,0.0789,0.0788,0.0788,262265.9
2026-08-01 23:35:00,0.0789,0.0789,0.0789,0.0789,67049.4
2026-08-01 23:40:00,0.0789,0.079,0.0788,0.0789,42048.0
2026-08-01 23:45:00,0.0789,0.0789,0.0788,0.0788,30294.6
2026-08-01 23:50:00,0.0789,0.0789,0.0789,0.0789,107768.5
2026-08-01 23:55:00,0.0789,0.079,0.0789,0.0789,21599.8
2026-08-02 00:00:00,0.0789,0.0794,0.0789,0.0791,1100673.4
2026-08-02 00:05:00,0.0792,0.0794,0.0791,0.0793,166717.8
2026-08-02 00:10:00,0.0793,0.0795,0.0793,0.0793,370142.0
2026-08-02 00:15:00,0.0794,0.0794,0.0792,0.0793,192058.7
2026-08-02 00:20:00,0.0794,0.0794,0.0792,0.0792,84137.1
2026-08-02 00:25:00,0.0792,0.0792,0.0789,0.079,66351.7
2026-08-02 00:30:00,0.079,0.0794,0.079,0.0792,1345542.5
2026-08-02 00:35:00,0.0791,0.0792,0.0791,0.0791,119157.5
2026-08-02 00:40:00,0.0792,0.0793,0.0791,0.0792,27588.3
2026-08-02 00:45:00,0.0792,0.0794,0.0792,0.0792,288994.7
2026-08-02 00:50:00,0.0792,0.0792,0.0792,0.0792,53953.4
2026-08-02 00:55:00,0.0793,0.0793,0.0792,0.0793,259731.4
2026-08-02 01:00:00,0.0793,0.0795,0.0793,0.0794,56988.2
2026-08-02 01:05:00,0.0795,0.0795,0.0794,0.0795,151087.3
2026-08-02 01:10:00,0.0795,0.0796,0.0794,0.0795,60456.5
2026-08-02 01:15:00,0.0796,0.0797,0.0795,0.0795,80768.0
2026-08-02 01:20:00,0.0795,0.0796,0.0795,0.0796,94512.6
2026-08-02 01:25:00,0.0797,0.0797,0.0797,0.0797,26674.6
2026-08-02 01:30:00,0.0797,0.0798,0.0797,0.0797,80435.7
2026-08-02 01:35:00,0.0797,0.0797,0.0796,0.0796,44320.3
2026-08-02 01:40:00,0.0796,0.0796,0.0795,0.0795,13812.8
2026-08-02 01:45:00,0.0795,0.0796,0.0795,0.0796,1711.9
2026-08-02 01:50:00,0.0796,0.0797,0.0796,0.0797,11014.4
2026-08-02 01:55:00,0.0796,0.0798,0.0796,0.0796,24383.5
2026-08-02 02:00:00,0.0796,0.0796,0.0796,0.0796,1126.8
2026-08-02 02:05:00,0.0797,0.0804,0.0797,0.0801,268782.8
2026-08-02 02:10:00,0.0802,0.0802,0.08,0.0801,228609.3
2026-08-02 02:15:00,0.0801,0.0805,0.08,0.0805,123530.5
2026-08-02 02:20:00,0.0806,0.0806,0.0804,0.0805,180969.5
2026-08-02 02:25:00,0.0806,0.0806,0.0805,0.0805,54886.1
2026-08-02 02:30:00,0.0805,0.0806,0.0804,0.0804,429554.9
2026-08-02 02:35:00,0.0803,0.0804,0.0802,0.0802,23573.8
2026-08-02 02:40:00,0.0802,0.0802,0.0801,0.0802,61914.1
2026-08-02 02:45:00,0.0802,0.0804,0.0802,0.0804,117570.1
2026-08-02 02:50:00,0.0805,0.0805,0.0802,0.0805,188523.6
2026-08-02 02:55:00,0.0805,0.0806,0.0804,0.0805,24027.4
2026-08-02 03:00:00,0.0804,0.0805,0.0802,0.0802,112008.9
2026-08-02 03:05:00,0.0802,0.0805,0.0802,0.0804,76069.3
2026-08-02 03:10:00,0.0804,0.0804,0.0803,0.0803,23925.6
2026-08-02 03:15:00,0.0803,0.0804,0.0802,0.0802,330778.5
2026-08-02 03:20:00,0.0803,0.0804,0.0803,0.0803,33706.7
2026-08-02 03:25:00,0.0803,0.0803,0.0803,0.0803,106047.3
2026-08-02 03:30:00,0.0803,0.0803,0.0802,0.0803,314090.0
2026-08-02 03:35:00,0.0803,0.0804,0.0803,0.0804,45656.0
2026-08-02 03:40:00,0.0804,0.0805,0.0804,0.0805,16134.3
2026-08-02 03:45:00,0.0805,0.0807,0.0805,0.0806,225962.3
2026-08-02 03:50:00,0.0807,0.0808,0.0806,0.0807,193831.9
2026-08-02 03:55:00,0.0807,0.0808,0.0807,0.0808,121080.9
2026-08-02 04:00:00,0.0808,0.0809,0.0807,0.0809,78455.5
2026-08-02 04:05:00,0.0809,0.0809,0.0808,0.0808,63689.3
2026-08-02 04:10:00,0.0808,0.0811,0.0808,0.0809,187124.2
2026-08-02 04:15:00,0.081,0.0812,0.0809,0.0811,724884.5
2026-08-02 04:20:00,0.0812,0.0813,0.0811,0.0811,169882.3
2026-08-02 04:25:00,0.0811,0.0812,0.0811,0.0812,223413.6
2026-08-02 04:30:00,0.0813,0.0813,0.0812,0.0812,104029.5
2026-08-02 04:35:00,0.0812,0.0813,0.0808,0.0809,187119.0
2026-08-02 04:40:00,0.0809,0.081,0.0808,0.081,340764.2
2026-08-02 04:45:00,0.081,0.081,0.0809,0.0809,78267.7
2026-08-02 04:50:00,0.081,0.0811,0.081,0.0811,56329.6
2026-08-02 04:55:00,0.0811,0.0811,0.081,0.0811,24755.6
2026-08-02 05:00:00,0.0811,0.0812,0.0811,0.0811,85146.2
2026-08-02 05:05:00,0.0812,0.0813,0.0811,0.0811,99769.6
2026-08-02 05:10:00,0.0811,0.0811,0.081,0.081,111101.2
2026-08-02 05:15:00,0.081,0.081,0.0807,0.0808,467570.6
2026-08-02 05:20:00,0.0808,0.0814,0.0808,0.0814,786140.8
2026-08-02 05:25:00,0.0813,0.0815,0.0813,0.0814,314270.4
2026-08-02 05:30:00,0.0814,0.0822,0.0814,0.0821,835022.8
2026-08-02 05:35:00,0.0821,0.0822,0.082,0.0821,636101.8
2026-08-02 05:40:00,0.0821,0.0821,0.0817,0.0817,354726.9
2026-08-02 05:45:00,0.0818,0.0818,0.0816,0.0816,498932.1
2026-08-02 05:50:00,0.0816,0.0817,0.0816,0.0817,239708.6
2026-08-02 05:55:00,0.0818,0.0819,0.0818,0.0818,42378.9
2026-08-02 06:00:00,0.0819,0.0823,0.0819,0.082,639406.2
2026-08-02 06:05:00,0.0821,0.0821,0.0818,0.0818,115427.8
2026-08-02 06:10:00,0.0818,0.0818,0.0816,0.0816,409347.1
2026-08-02 06:15:00,0.0817,0.0817,0.0816,0.0816,107204.2
2026-08-02 06:20:00,0.0817,0.0817,0.0816,0.0816,45552.4
2026-08-02 06:25:00,0.0816,0.0817,0.0816,0.0817,236111.8
2026-08-02 06:30:00,0.0816,0.0817,0.0816,0.0816,117058.4
2026-08-02 06:35:00,0.0816,0.0816,0.0815,0.0816,48435.0
2026-08-02 06:40:00,0.0817,0.0817,0.0816,0.0817,196637.3
2026-08-02 06:45:00,0.0816,0.0816,0.0815,0.0816,456991.6
2026-08-02 06:50:00,0.0816,0.0817,0.0815,0.0816,86155.5
2026-08-02 06:55:00,0.0815,0.0816,0.0815,0.0816,42301.7
2026-08-02 07:00:00,0.0816,0.0817,0.0815,0.0816,133324.4
2026-08-02 07:05:00,0.0816,0.0816,0.0815,0.0816,80042.0
2026-08-02 07:10:00,0.0815,0.0817,0.0815,0.0816,31532.8
2026-08-02 07:15:00,0.0816,0.0817,0.0816,0.0816,4252.5
2026-08-02 07:20:00,0.0816,0.0819,0.0816,0.0819,69093.2
2026-08-02 07:25:00,0.0818,0.0819,0.0818,0.0818,26792.9
2026-08-02 07:30:00,0.0818,0.0818,0.0816,0.0816,12607.5
2026-08-02 07:35:00,0.0817,0.0817,0.0816,0.0817,19974.9
2026-08-02 07:40:00,0.0817,0.0818,0.0817,0.0818,38857.1
2026-08-02 07:45:00,0.0817,0.0819,0.0817,0.0818,68528.8
2026-08-02 07:50:00,0.0818,0.082,0.0818,0.0819,392720.5
2026-08-02 07:55:00,0.0818,0.0818,0.0818,0.0818,55012.8
2026-08-02 08:00:00,0.0819,0.082,0.0816,0.0817,441681.2
2026-08-02 08:05:00,0.0818,0.0818,0.0816,0.0816,95046.7
2026-08-02 08:10:00,0.0816,0.0817,0.0816,0.0816,47186.0
2026-08-02 08:15:00,0.0817,0.0818,0.0817,0.0817,58987.6
2026-08-02 08:20:00,0.0817,0.0817,0.0816,0.0816,68002.8
2026-08-02 08:25:00,0.0816,0.0816,0.0816,0.0816,5636.9
2026-08-02 08:30:00,0.0816,0.0818,0.0816,0.0818,204777.6
2026-08-02 08:35:00,0.0818,0.0818,0.0817,0.0817,115848.5
2026-08-02 08:40:00,0.0818,0.082,0.0818,0.082,85871.4
2026-08-02 08:45:00,0.082,0.0822,0.0819,0.082,378503.5
2026-08-02 08:50:00,0.082,0.0821,0.0818,0.0818,138696.8
2026-08-02 08:55:00,0.0819,0.082,0.0818,0.0819,287287.7
2026-08-02 09:00:00,0.0819,0.0819,0.0817,0.0817,211540.4
2026-08-02 09:05:00,0.0817,0.0821,0.0817,0.0821,86747.9
2026-08-02 09:10:00,0.0822,0.0823,0.0822,0.0822,130017.0
2026-08-02 09:15:00,0.0821,0.0822,0.0821,0.0821,297875.1
2026-08-02 09:20:00,0.082,0.0822,0.082,0.0821,131123.5
2026-08-02 09:25:00,0.082,0.082,0.0819,0.082,129430.4
2026-08-02 09:30:00,0.082,0.082,0.0819,0.082,38736.5
2026-08-02 09:35:00,0.0821,0.0821,0.082,0.0821,113612.4
2026-08-02 09:40:00,0.0821,0.0821,0.082,0.082,124096.8
2026-08-02 09:45:00,0.082,0.0822,0.082,0.0822,67331.8
2026-08-02 09:50:00,0.0822,0.0822,0.0818,0.0819,84514.5
2026-08-02 09:55:00,0.0818,0.0819,0.0818,0.0819,101426.0
2026-08-02 10:00:00,0.0819,0.0819,0.0818,0.0818,19783.7
2026-08-02 10:05:00,0.0818,0.0818,0.0817,0.0817,52454.6
2026-08-02 10:10:00,0.0817,0.0818,0.0817,0.0817,60411.7
2026-08-02 10:15:00,0.0817,0.0819,0.0817,0.0819,17410.9
2026-08-02 10:20:00,0.0819,0.0819,0.0817,0.0818,65182.1
2026-08-02 10:25:00,0.0818,0.0819,0.0817,0.0817,107383.1
2026-08-02 10:30:00,0.0817,0.0819,0.0817,0.0818,311490.5
2026-08-02 10:35:00,0.0818,0.0819,0.0818,0.0819,3427.3
2026-08-02 10:40:00,0.0819,0.082,0.0819,0.0819,55112.3
2026-08-02 10:45:00,0.0819,0.082,0.0818,0.0818,131889.7
2026-08-02 10:50:00,0.0818,0.0819,0.0817,0.0818,153913.0
2026-08-02 10:55:00,0.0818,0.0818,0.0816,0.0816,184004.5
2026-08-02 11:00:00,0.0816,0.0817,0.0815,0.0816,164481.7
2026-08-02 11:05:00,0.0817,0.0819,0.0816,0.0816,219856.5
2026-08-02 11:10:00,0.0817,0.0818,0.0817,0.0818,166450.8
2026-08-02 11:15:00,0.0819,0.082,0.0817,0.0817,39989.0
2026-08-02 11:20:00,0.0817,0.0817,0.0817,0.0817,39284.3
2026-08-02 11:25:00,0.0817,0.0819,0.0817,0.0818,24032.7
2026-08-02 11:30:00,0.0817,0.0817,0.0816,0.0817,51208.5
2026-08-02 11:35:00,0.0818,0.0818,0.0816,0.0816,13088.7
2026-08-02 11:40:00,0.0817,0.0817,0.0816,0.0816,262873.5
2026-08-02 11:45:00,0.0817,0.0818,0.0816,0.0816,66147.3
2026-08-02 11:50:00,0.0816,0.0816,0.0815,0.0815,279051.7
2026-08-02 11:55:00,0.0816,0.0816,0.0815,0.0815,83867.7
2026-08-02 12:00:00,0.0815,0.0817,0.0815,0.0816,171437.4
2026-08-02 12:05:00,0.0815,0.0816,0.0815,0.0815,77951.7
2026-08-02 12:10:00,0.0815,0.0816,0.0815,0.0816,21515.7
2026-08-02 12:15:00,0.0816,0.0816,0.0816,0.0816,102978.9
2026-08-02 12:20:00,0.0816,0.0817,0.0816,0.0817,118816.3
2026-08-02 12:25:00,0.0817,0.0817,0.0816,0.0817,62701.3
2026-08-02 12:30:00,0.0816,0.0817,0.0816,0.0817,82768.4
2026-08-02 12:35:00,0.0817,0.0817,0.0816,0.0816,81540.9
2026-08-02 12:40:00,0.0817,0.0817,0.0816,0.0817,48610.0
2026-08-02 12:45:00,0.0818,0.0819,0.0817,0.0819,44771.1
2026-08-02 12:50:00,0.0819,0.0819,0.0818,0.0818,3395.0
2026-08-02 12:55:00,0.0818,0.0819,0.0818,0.0818,27770.4
2026-08-02 13:00:00,0.0818,0.0818,0.0818,0.0818,42239.1
2026-08-02 13:05:00,0.0817,0.0817,0.0816,0.0817,81981.1
2026-08-02 13:10:00,0.0817,0.0817,0.0816,0.0817,95178.7
2026-08-02 13:15:00,0.0816,0.0817,0.0816,0.0816,3076.2
2026-08-02 13:20:00,0.0817,0.0817,0.0816,0.0816,15395.5
2026-08-02 13:25:00,0.0816,0.0817,0.0815,0.0815,63445.1
2026-08-02 13:30:00,0.0816,0.0816,0.0815,0.0816,47730.6
2026-08-02 13:35:00,0.0815,0.0816,0.0811,0.0811,1669128.9
2026-08-02 13:40:00,0.0812,0.0812,0.0811,0.0811,731645.0
2026-08-02 13:45:00,0.0811,0.0813,0.0811,0.0812,295396.2
2026-08-02 13:50:00,0.0812,0.0813,0.0812,0.0813,34876.9
2026-08-02 13:55:00,0.0812,0.0813,0.0812,0.0812,88136.3
2026-08-02 14:00:00,0.0812,0.0812,0.081,0.0811,265675.1
2026-08-02 14:05:00,0.0812,0.0812,0.081,0.0811,44793.5
2026-08-02 14:10:00,0.0811,0.0813,0.0811,0.0813,101393.4
2026-08-02 14:15:00,0.0813,0.0814,0.0813,0.0813,139225.4
2026-08-02 14:20:00,0.0812,0.0813,0.0812,0.0813,5207.2
2026-08-02 14:25:00,0.0813,0.0814,0.0812,0.0813,104398.4
2026-08-02 14:30:00,0.0813,0.0814,0.0813,0.0814,14016.8
2026-08-02 14:35:00,0.0814,0.0815,0.0813,0.0814,235048.1
2026-08-02 14:40:00,0.0813,0.0814,0.0813,0.0813,19000.6
2026-08-02 14:45:00,0.0813,0.0814,0.0801,0.0802,9059581.6
2026-08-02 14:50:00,0.0802,0.0805,0.0802,0.0805,472522.1
2026-08-02 14:55:00,0.0805,0.0805,0.0805,0.0805,27896.4
2026-08-02 15:00:00,0.0805,0.0805,0.0802,0.0803,846213.8
2026-08-02 15:05:00,0.0803,0.0804,0.0803,0.0804,546070.0
2026-08-02 15:10:00,0.0804,0.0805,0.0803,0.0805,46659.1
2026-08-02 15:15:00,0.0805,0.0805,0.0803,0.0804,176297.8
2026-08-02 15:20:00,0.0804,0.0805,0.0804,0.0804,32937.2
2026-08-02 15:25:00,0.0805,0.0805,0.0804,0.0804,12329.2
2026-08-02 15:30:00,0.0805,0.0805,0.0804,0.0805,43427.6
2026-08-02 15:35:00,0.0805,0.0806,0.0805,0.0806,174860.8
2026-08-02 15:40:00,0.0806,0.0807,0.0805,0.0805,344688.7
2026-08-02 15:45:00,0.0806,0.0806,0.0805,0.0806,228372.1
2026-08-02 15:50:00,0.0806,0.0807,0.0805,0.0806,1039541.0
2026-08-02 15:55:00,0.0806,0.0807,0.0806,0.0807,109471.0
2026-08-02 16:00:00,0.0807,0.0807,0.0806,0.0807,116711.1
2026-08-02 16:05:00,0.0807,0.0807,0.0806,0.0806,19879.2
2026-08-02 16:10:00,0.0807,0.0807,0.0805,0.0806,143400.0
2026-08-02 16:15:00,0.0805,0.0806,0.0805,0.0806,6108.6
2026-08-02 16:20:00,0.0805,0.0806,0.0805,0.0805,51648.5
2026-08-02 16:25:00,0.0806,0.0806,0.0804,0.0804,64132.8
2026-08-02 16:30:00,0.0804,0.0806,0.0804,0.0805,76983.4
2026-08-02 16:35:00,0.0806,0.0806,0.0804,0.0805,48636.3
2026-08-02 16:40:00,0.0805,0.0806,0.0805,0.0806,102547.5
2026-08-02 16:45:00,0.0806,0.0812,0.0806,0.0808,1755552.6
2026-08-02 16:50:00,0.0807,0.0808,0.0806,0.0806,122071.5
2026-08-02 16:55:00,0.0806,0.0807,0.0805,0.0806,43861.4
2026-08-02 17:00:00,0.0806,0.0807,0.0806,0.0807,35056.7
2026-08-02 17:05:00,0.0807,0.0807,0.0806,0.0806,12060.3
2026-08-02 17:10:00,0.0806,0.0809,0.0806,0.0807,65964.1
2026-08-02 17:15:00,0.0808,0.0808,0.0808,0.0808,81924.4
2026-08-02 17:20:00,0.0808,0.0809,0.0807,0.0809,32126.7
2026-08-02 17:25:00,0.0809,0.0809,0.0808,0.0809,7669.0
2026-08-02 17:30:00,0.0808,0.0809,0.0808,0.0809,36254.1
2026-08-02 17:35:00,0.0808,0.081,0.0808,0.081,36516.2
2026-08-02 17:40:00,0.0809,0.081,0.0808,0.0809,52997.5
2026-08-02 17:45:00,0.081,0.081,0.0809,0.0809,44901.4
2026-08-02 17:50:00,0.0809,0.081,0.0809,0.0809,58955.0
2026-08-02 17:55:00,0.0809,0.0809,0.0809,0.0809,1083.0
2026-08-02 18:00:00,0.081,0.0812,0.081,0.0811,242587.7
2026-08-02 18:05:00,0.0812,0.0812,0.081,0.0811,69368.1
2026-08-02 18:10:00,0.0811,0.0812,0.0811,0.0811,69419.0
2026-08-02 18:15:00,0.0811,0.0812,0.0811,0.0811,50169.1
2026-08-02 18:20:00,0.0811,0.0812,0.0811,0.0812,104108.5
2026-08-02 18:25:00,0.0812,0.0817,0.0812,0.0814,1011190.8
2026-08-02 18:30:00,0.0813,0.0815,0.0813,0.0814,350086.6
2026-08-02 18:35:00,0.0814,0.0815,0.0814,0.0815,26354.9
2026-08-02 18:40:00,0.0815,0.0817,0.0815,0.0816,202362.3
2026-08-02 18:45:00,0.0817,0.0817,0.0814,0.0814,190869.3
2026-08-02 18:50:00,0.0815,0.0816,0.0815,0.0815,35905.1
2026-08-02 18:55:00,0.0815,0.0815,0.0814,0.0814,66518.3
2026-08-02 19:00:00,0.0814,0.0814,0.0813,0.0813,136157.0
2026-08-02 19:05:00,0.0813,0.0814,0.0813,0.0813,78824.7
2026-08-02 19:10:00,0.0813,0.0814,0.0813,0.0813,31647.1
2026-08-02 19:15:00,0.0813,0.0814,0.0813,0.0814,19073.8
2026-08-02 19:20:00,0.0814,0.0814,0.0814,0.0814,3429.8
2026-08-02 19:25:00,0.0814,0.0815,0.0813,0.0814,32385.7
2026-08-02 19:30:00,0.0814,0.0815,0.0814,0.0815,23815.6
2026-08-02 19:35:00,0.0815,0.0816,0.0815,0.0815,71704.4
2026-08-02 19:40:00,0.0815,0.0815,0.0815,0.0815,6697.8
2026-08-02 19:45:00,0.0815,0.0815,0.0815,0.0815,30888.1
2026-08-02 19:50:00,0.0815,0.0817,0.0815,0.0817,93768.7
2026-08-02 19:55:00,0.0816,0.0816,0.0816,0.0816,60223.2
2026-08-02 20:00:00,0.0816,0.0817,0.0815,0.0815,313656.7
2026-08-02 20:05:00,0.0815,0.0815,0.0815,0.0815,43391.9
2026-08-02 20:10:00,0.0816,0.0816,0.0814,0.0815,59336.0
2026-08-02 20:15:00,0.0815,0.0815,0.0815,0.0815,69669.1
2026-08-02 20:20:00,0.0814,0.0814,0.0813,0.0813,119833.2
2026-08-02 20:25:00,0.0813,0.0813,0.0812,0.0813,851.5
2026-08-02 20:30:00,0.0812,0.0813,0.0812,0.0813,41918.5
2026-08-02 20:35:00,0.0813,0.0814,0.0813,0.0814,1072.2
2026-08-02 20:40:00,0.0813,0.0813,0.0812,0.0812,92750.3
2026-08-02 20:45:00,0.0812,0.0814,0.0812,0.0814,6814.2
2026-08-02 20:50:00,0.0813,0.0814,0.0813,0.0813,2185.6
2026-08-02 20:55:00,0.0813,0.0813,0.0813,0.0813,59449.6
2026-08-02 21:00:00,0.0813,0.0813,0.0812,0.0813,115374.9
2026-08-02 21:05:00,0.0813,0.0813,0.0812,0.0812,90006.2
2026-08-02 21:10:00,0.0813,0.0813,0.0813,0.0813,74178.4
2026-08-02 21:15:00,0.0813,0.0814,0.0813,0.0814,20757.9
2026-08-02 21:20:00,0.0814,0.0814,0.0813,0.0814,8071.2
2026-08-02 21:25:00,0.0814,0.0814,0.0813,0.0814,51326.7
2026-08-02 21:30:00,0.0814,0.0815,0.0814,0.0815,51855.2
2026-08-02 21:35:00,0.0815,0.0816,0.0814,0.0815,75064.6
2026-08-02 21:40:00,0.0815,0.0817,0.0814,0.0817,94660.2
2026-08-02 21:45:00,0.0817,0.0818,0.0816,0.0818,122046.7
2026-08-02 21:50:00,0.0818,0.0819,0.0817,0.0818,181804.5
2026-08-02 21:55:00,0.0817,0.0817,0.0816,0.0817,136040.7
2026-08-02 22:00:00,0.0818,0.0819,0.0816,0.0817,163263.3
2026-08-02 22:05:00,0.0817,0.0817,0.0816,0.0817,55048.1
2026-08-02 22:10:00,0.0817,0.0818,0.0816,0.0817,160842.5
2026-08-02 22:15:00,0.0817,0.0818,0.0817,0.0817,99714.0
2026-08-02 22:20:00,0.0816,0.0817,0.0816,0.0816,65641.6
2026-08-02 22:25:00,0.0816,0.0816,0.0815,0.0815,75910.9
2026-08-02 22:30:00,0.0815,0.0815,0.0814,0.0814,162033.2
2026-08-02 22:35:00,0.0814,0.0814,0.0812,0.0812,138180.3
2026-08-02 22:40:00,0.0812,0.0815,0.0812,0.0815,106523.3
2026-08-02 22:45:00,0.0815,0.0816,0.0815,0.0816,30190.4
2026-08-02 22:50:00,0.0815,0.0815,0.0815,0.0815,3432.9
2026-08-02 22:55:00,0.0815,0.0815,0.0814,0.0814,265469.7
2026-08-02 23:00:00,0.0814,0.0815,0.0813,0.0814,99021.9
2026-08-02 23:05:00,0.0814,0.0814,0.0812,0.0813,748945.5
2026-08-02 23:10:00,0.0813,0.0813,0.0812,0.0813,35070.8
2026-08-02 23:15:00,0.0813,0.0814,0.0813,0.0814,74311.8
2026-08-02 23:20:00,0.0814,0.0814,0.0814,0.0814,28297.7
2026-08-02 23:25:00,0.0814,0.0815,0.0813,0.0813,325927.9
2026-08-02 23:30:00,0.0813,0.0815,0.0813,0.0815,51046.6
2026-08-02 23:35:00,0.0815,0.0816,0.0815,0.0815,83109.4
2026-08-02 23:40:00,0.0815,0.0816,0.0815,0.0816,30598.9
2026-08-02 23:45:00,0.0816,0.0818,0.0816,0.0817,118967.2
2026-08-02 23:50:00,0.0817,0.0817,0.0816,0.0816,124295.9
2026-08-02 23:55:00,0.0816,0.0816,0.0815,0.0816,128386.0
2026-08-03 00:00:00,0.0817,0.0817,0.0816,0.0816,237588.1
2026-08-03 00:05:00,0.0815,0.0816,0.0814,0.0815,113005.9
2026-08-03 00:10:00,0.0815,0.0817,0.0815,0.0815,180136.6
2026-08-03 00:15:00,0.0815,0.0818,0.0815,0.0817,190413.8
2026-08-03 00:20:00,0.0816,0.0817,0.0816,0.0816,123472.7
2026-08-03 00:25:00,0.0816,0.0816,0.0814,0.0815,64247.3
2026-08-03 00:30:00,0.0814,0.0817,0.0814,0.0816,56475.0
2026-08-03 00:35:00,0.0816,0.0817,0.0815,0.0816,147073.5
2026-08-03 00:40:00,0.0816,0.0816,0.0814,0.0814,158657.5
2026-08-03 00:45:00,0.0813,0.0813,0.0811,0.0812,138033.6
2026-08-03 00:50:00,0.0813,0.0813,0.0812,0.0812,45839.3
2026-08-03 00:55:00,0.0812,0.0813,0.0812,0.0812,49823.8
2026-08-03 01:00:00,0.0812,0.0812,0.081,0.0812,219046.3
2026-08-03 01:05:00,0.0812,0.0812,0.0809,0.0812,856589.2
2026-08-03 01:10:00,0.0812,0.0812,0.0808,0.081,309023.2
2026-08-03 01:15:00,0.081,0.081,0.081,0.081,43024.2
2026-08-03 01:20:00,0.0811,0.0811,0.0809,0.081,31038.0
2026-08-03 01:25:00,0.081,0.081,0.0809,0.0809,419695.9
2026-08-03 01:30:00,0.0809,0.081,0.0808,0.0808,137505.4
2026-08-03 01:35:00,0.0809,0.0809,0.0807,0.0807,80159.6
2026-08-03 01:40:00,0.0807,0.0809,0.0807,0.0809,53725.4
2026-08-03 01:45:00,0.0808,0.0808,0.0807,0.0807,51545.5
2026-08-03 01:50:00,0.0808,0.0808,0.0806,0.0806,119699.4
2026-08-03 01:55:00,0.0807,0.0808,0.0807,0.0808,123129.9
2026-08-03 02:00:00,0.0807,0.0807,0.0806,0.0806,92357.9
2026-08-03 02:05:00,0.0806,0.0806,0.0806,0.0806,4922.2
2026-08-03 02:10:00,0.0806,0.0807,0.0806,0.0807,83713.1
2026-08-03 02:15:00,0.0806,0.0806,0.0806,0.0806,6964.8
2026-08-03 02:20:00,0.0806,0.0808,0.0806,0.0807,93167.9
2026-08-03 02:25:00,0.0806,0.0806,0.0805,0.0805,61205.6
2026-08-03 02:30:00,0.0805,0.0806,0.0804,0.0805,34446.7
2026-08-03 02:35:00,0.0806,0.0807,0.0806,0.0807,30894.4
2026-08-03 02:40:00,0.0806,0.0806,0.0806,0.0806,146.5
2026-08-03 02:45:00,0.0805,0.0805,0.0804,0.0805,62927.7
2026-08-03 02:50:00,0.0805,0.0805,0.0804,0.0804,24039.9
2026-08-03 02:55:00,0.0804,0.0804,0.0803,0.0804,91908.2
2026-08-03 03:00:00,0.0804,0.0805,0.0803,0.0805,16440.5
2026-08-03 03:05:00,0.0806,0.0806,0.0804,0.0805,43068.0
2026-08-03 03:10:00,0.0805,0.0805,0.0805,0.0805,8187.1
2026-08-03 03:15:00,0.0805,0.0806,0.0804,0.0805,36799.7
2026-08-03 03:20:00,0.0805,0.0806,0.0805,0.0805,43044.1
2026-08-03 03:25:00,0.0806,0.0806,0.0804,0.0805,53887.0
2026-08-03 03:30:00,0.0804,0.0804,0.0804,0.0804,145.1
2026-08-03 03:35:00,0.0805,0.0806,0.0804,0.0805,75463.0
2026-08-03 03:40:00,0.0805,0.0806,0.0805,0.0806,55002.2
2026-08-03 03:45:00,0.0806,0.0807,0.0802,0.0807,307220.9
2026-08-03 03:50:00,0.0806,0.0807,0.0805,0.0806,742015.5
2026-08-03 03:55:00,0.0807,0.0808,0.0806,0.0807,228532.4
2026-08-03 04:00:00,0.0806,0.0808,0.0806,0.0808,124627.1
2026-08-03 04:05:00,0.0808,0.0808,0.0806,0.0806,53554.3
2026-08-03 04:10:00,0.0806,0.0806,0.0805,0.0806,69988.3
2026-08-03 04:15:00,0.0807,0.0809,0.0807,0.0808,57023.1
2026-08-03 04:20:00,0.0807,0.0807,0.0807,0.0807,13294.7
2026-08-03 04:25:00,0.0808,0.0808,0.0807,0.0807,1230.5
2026-08-03 04:30:00,0.0808,0.0808,0.0808,0.0808,46692.9
2026-08-03 04:35:00,0.0808,0.0809,0.0808,0.0808,150128.9
2026-08-03 04:40:00,0.0808,0.0809,0.0808,0.0808,56653.3
2026-08-03 04:45:00,0.0808,0.0808,0.0808,0.0808,92362.5
2026-08-03 04:50:00,0.0808,0.0808,0.0806,0.0806,137014.6
2026-08-03 04:55:00,0.0807,0.0807,0.0806,0.0806,18560.8
2026-08-03 05:00:00,0.0805,0.0808,0.0805,0.0806,55139.4
2026-08-03 05:05:00,0.0806,0.0807,0.0805,0.0807,50567.2
2026-08-03 05:10:00,0.0808,0.0808,0.0807,0.0808,2602.1
2026-08-03 05:15:00,0.0809,0.0809,0.0808,0.0809,85925.0
2026-08-03 05:20:00,0.0809,0.0809,0.0808,0.0808,27658.8
2026-08-03 05:25:00,0.0808,0.0808,0.0808,0.0808,44244.0
2026-08-03 05:30:00,0.0808,0.0808,0.0807,0.0807,65004.3
2026-08-03 05:35:00,0.0807,0.0807,0.0806,0.0807,67758.2
2026-08-03 05:40:00,0.0807,0.0807,0.0807,0.0807,26077.3
2026-08-03 05:45:00,0.0806,0.0808,0.0806,0.0807,37899.3
2026-08-03 05:50:00,0.0808,0.0809,0.0808,0.0809,26282.6
2026-08-03 05:55:00,0.0808,0.081,0.0808,0.081,25749.4
2026-08-03 06:00:00,0.081,0.081,0.0808,0.0809,102332.1
2026-08-03 06:05:00,0.0809,0.0809,0.0807,0.0808,111046.4
2026-08-03 06:10:00,0.0808,0.0808,0.0805,0.0806,109251.6
2026-08-03 06:15:00,0.0806,0.0807,0.0806,0.0806,32119.2
2026-08-03 06:20:00,0.0806,0.0806,0.0805,0.0805,6726.6
2026-08-03 06:25:00,0.0805,0.0806,0.0805,0.0805,46440.1
2026-08-03 06:30:00,0.0805,0.0805,0.0805,0.0805,54988.3
2026-08-03 06:35:00,0.0805,0.0806,0.0803,0.0805,255593.9
2026-08-03 06:40:00,0.0804,0.0805,0.0803,0.0805,14038.4
2026-08-03 06:45:00,0.0804,0.0806,0.0804,0.0806,78812.2
2026-08-03 06:50:00,0.0806,0.0807,0.0805,0.0806,48822.2
2026-08-03 06:55:00,0.0805,0.0806,0.0804,0.0805,75787.2
2026-08-03 07:00:00,0.0804,0.0804,0.0802,0.0803,541367.1
2026-08-03 07:05:00,0.0803,0.0806,0.0803,0.0804,161645.3
2026-08-03 07:10:00,0.0804,0.0807,0.0804,0.0806,669053.8
2026-08-03 07:15:00,0.0806,0.0806,0.0804,0.0805,334493.4
2026-08-03 07:20:00,0.0804,0.0805,0.0804,0.0805,32152.8
2026-08-03 07:25:00,0.0806,0.0807,0.0806,0.0807,46477.6
2026-08-03 07:30:00,0.0806,0.0807,0.0805,0.0807,178737.7
2026-08-03 07:35:00,0.0807,0.0807,0.0804,0.0805,323939.1
2026-08-03 07:40:00,0.0804,0.0804,0.0804,0.0804,6127.4
2026-08-03 07:45:00,0.0803,0.0804,0.0803,0.0803,18393.1
2026-08-03 07:50:00,0.0803,0.0804,0.0802,0.0804,212330.7
2026-08-03 07:55:00,0.0804,0.0804,0.0803,0.0803,18629.6
2026-08-03 08:00:00,0.0803,0.0804,0.0802,0.0803,40045.2
2026-08-03 08:05:00,0.0803,0.0804,0.0802,0.0802,87749.4
2026-08-03 08:10:00,0.0803,0.0803,0.0801,0.0803,62705.0
2026-08-03 08:15:00,0.0802,0.0803,0.0802,0.0802,55901.2
2026-08-03 08:20:00,0.0801,0.0802,0.0799,0.0801,348729.5
2026-08-03 08:25:00,0.0801,0.0801,0.08,0.08,32564.0
2026-08-03 08:30:00,0.08,0.0801,0.08,0.0801,88581.8
2026-08-03 08:35:00,0.0801,0.0803,0.0801,0.0803,15650.4
2026-08-03 08:40:00,0.0802,0.0804,0.0802,0.0804,59718.6
2026-08-03 08:45:00,0.0804,0.0805,0.0804,0.0804,89304.5
2026-08-03 08:50:00,0.0804,0.0805,0.0804,0.0805,189143.3
2026-08-03 08:55:00,0.0805,0.0809,0.0805,0.0809,368093.1
2026-08-03 09:00:00,0.0809,0.081,0.0808,0.0808,164553.7
2026-08-03 09:05:00,0.0809,0.0809,0.0808,0.0808,137056.8
2026-08-03 09:10:00,0.0808,0.0809,0.0808,0.0809,50203.2
2026-08-03 09:15:00,0.0809,0.0809,0.0808,0.0809,5250.0
2026-08-03 09:20:00,0.0809,0.0811,0.0809,0.081,219100.0
2026-08-03 09:25:00,0.0809,0.0809,0.0806,0.0807,560616.3
2026-08-03 09:30:00,0.0808,0.081,0.0807,0.0808,560909.9
2026-08-03 09:35:00,0.0808,0.0809,0.0808,0.0809,21021.1
2026-08-03 09:40:00,0.0809,0.081,0.0809,0.081,162609.5
2026-08-03 09:45:00,0.0809,0.0811,0.0809,0.0811,109145.0
2026-08-03 09:50:00,0.0811,0.0812,0.081,0.081,162010.0
2026-08-03 09:55:00,0.081,0.0813,0.081,0.0811,79309.0
2026-08-03 10:00:00,0.0811,0.0813,0.0809,0.0809,213439.7
2026-08-03 10:05:00,0.0809,0.081,0.0808,0.0808,69190.8
2026-08-03 10:10:00,0.0808,0.0809,0.0808,0.0809,54314.9
2026-08-03 10:15:00,0.0809,0.0809,0.0808,0.0808,90121.0
2026-08-03 10:20:00,0.0808,0.0808,0.0808,0.0808,59517.0
2026-08-03 10:25:00,0.0807,0.0807,0.0806,0.0806,67883.5
2026-08-03 10:30:00,0.0806,0.0806,0.0805,0.0805,9076.4
2026-08-03 10:35:00,0.0805,0.0805,0.0805,0.0805,9051.2
2026-08-03 10:40:00,0.0805,0.0805,0.0805,0.0805,1400.0
2026-08-03 10:45:00,0.0805,0.0805,0.0804,0.0805,12262.1
2026-08-03 10:50:00,0.0804,0.0805,0.0803,0.0804,67323.0
2026-08-03 10:55:00,0.0804,0.0806,0.0804,0.0805,59062.7
2026-08-03 11:00:00,0.0805,0.0806,0.0804,0.0804,104920.1
2026-08-03 11:05:00,0.0805,0.0806,0.0804,0.0805,72458.1
2026-08-03 11:10:00,0.0804,0.0805,0.0804,0.0805,11802.1
2026-08-03 11:15:00,0.0805,0.0807,0.0805,0.0807,25624.8
2026-08-03 11:20:00,0.0807,0.0809,0.0807,0.0807,319918.3
2026-08-03 11:25:00,0.0807,0.0807,0.0804,0.0804,16617.8
2026-08-03 11:30:00,0.0804,0.0805,0.0804,0.0805,27378.6
2026-08-03 11:35:00,0.0805,0.0807,0.0805,0.0807,150547.1
2026-08-03 11:40:00,0.0806,0.0806,0.0804,0.0805,56629.9
2026-08-03 11:45:00,0.0806,0.0806,0.0805,0.0806,32842.5
2026-08-03 11:50:00,0.0807,0.0808,0.0806,0.0807,160210.5
2026-08-03 11:55:00,0.0807,0.0809,0.0806,0.0808,259945.7
2026-08-03 12:00:00,0.0808,0.0809,0.0808,0.0809,104780.0
2026-08-03 12:05:00,0.0808,0.0808,0.0807,0.0808,33633.1
2026-08-03 12:10:00,0.0808,0.0811,0.0807,0.081,96541.2
2026-08-03 12:15:00,0.0811,0.0812,0.081,0.0812,126405.0
2026-08-03 12:20:00,0.0812,0.0812,0.081,0.081,127764.9
2026-08-03 12:25:00,0.081,0.0812,0.081,0.0811,151644.4
2026-08-03 12:30:00,0.0811,0.0812,0.081,0.0811,241859.5
2026-08-03 12:35:00,0.0811,0.0812,0.0811,0.0811,57837.5
2026-08-03 12:40:00,0.0811,0.0813,0.0811,0.0812,483664.0
2026-08-03 12:45:00,0.0813,0.0814,0.0812,0.0813,128648.0
2026-08-03 12:50:00,0.0813,0.0814,0.0812,0.0813,85999.5
2026-08-03 12:55:00,0.0814,0.0815,0.0813,0.0813,180471.8
2026-08-03 13:00:00,0.0813,0.0813,0.0811,0.0811,93746.5
2026-08-03 13:05:00,0.0811,0.0811,0.0809,0.081,168533.9
2026-08-03 13:10:00,0.081,0.081,0.0807,0.0808,347884.7
2026-08-03 13:15:00,0.0808,0.0811,0.0808,0.0811,119829.3
2026-08-03 13:20:00,0.0811,0.0811,0.0809,0.0809,116766.9
2026-08-03 13:25:00,0.0809,0.0809,0.0806,0.0806,68904.7
2026-08-03 13:30:00,0.0806,0.0806,0.0804,0.0805,193490.7
2026-08-03 13:35:00,0.0806,0.0808,0.0806,0.0807,61668.1
2026-08-03 13:40:00,0.0808,0.0808,0.0806,0.0808,28824.1
2026-08-03 13:45:00,0.0808,0.0811,0.0807,0.0811,469357.9
2026-08-03 13:50:00,0.081,0.0814,0.081,0.0814,93530.5
2026-08-03 13:55:00,0.0814,0.0815,0.0813,0.0815,196276.7
2026-08-03 14:00:00,0.0815,0.0819,0.0814,0.0819,277730.8
2026-08-03 14:05:00,0.082,0.082,0.0815,0.0815,774649.9
2026-08-03 14:10:00,0.0815,0.0819,0.0815,0.0817,331348.0
2026-08-03 14:15:00,0.0817,0.0817,0.0814,0.0814,73168.0
2026-08-03 14:20:00,0.0813,0.0814,0.0811,0.0814,114297.1
2026-08-03 14:25:00,0.0813,0.0817,0.0813,0.0815,217554.3
2026-08-03 14:30:00,0.0815,0.0815,0.0813,0.0813,90565.9
2026-08-03 14:35:00,0.0813,0.0814,0.0811,0.0814,270547.5
2026-08-03 14:40:00,0.0813,0.0814,0.0812,0.0813,237120.4
2026-08-03 14:45:00,0.0813,0.0813,0.0811,0.0813,296939.8
2026-08-03 14:50:00,0.0814,0.0814,0.0812,0.0813,171015.6
2026-08-03 14:55:00,0.0814,0.0815,0.0814,0.0814,49061.7
2026-08-03 15:00:00,0.0814,0.0815,0.0813,0.0813,59826.3
2026-08-03 15:05:00,0.0813,0.0814,0.0812,0.0814,123356.0
2026-08-03 15:10:00,0.0814,0.0815,0.0813,0.0814,73658.9
2026-08-03 15:15:00,0.0814,0.0814,0.0811,0.0813,67652.3
2026-08-03 15:20:00,0.0813,0.0814,0.0813,0.0813,90241.2
2026-08-03 15:25:00,0.0813,0.0813,0.0811,0.0812,317872.6
2026-08-03 15:30:00,0.0812,0.0813,0.0812,0.0812,82472.7
2026-08-03 15:35:00,0.0812,0.0814,0.0812,0.0814,104829.2
2026-08-03 15:40:00,0.0814,0.0814,0.0811,0.0812,130198.0
2026-08-03 15:45:00,0.0812,0.0813,0.0812,0.0812,25091.1
2026-08-03 15:50:00,0.0813,0.0813,0.0812,0.0812,31991.2
2026-08-03 15:55:00,0.0811,0.0813,0.0811,0.0813,35221.2
2026-08-03 16:00:00,0.0812,0.0815,0.0812,0.0814,134078.7
2026-08-03 16:05:00,0.0814,0.0814,0.0812,0.0814,186897.1
2026-08-03 16:10:00,0.0814,0.0816,0.0814,0.0815,113461.7
2026-08-03 16:15:00,0.0815,0.0815,0.0814,0.0814,205974.9
2026-08-03 16:20:00,0.0814,0.0816,0.0814,0.0816,139333.1
2026-08-03 16:25:00,0.0816,0.0817,0.0815,0.0817,34212.9
2026-08-03 16:30:00,0.0816,0.0817,0.0815,0.0817,95932.1
2026-08-03 16:35:00,0.0816,0.0816,0.0816,0.0816,50533.3
2026-08-03 16:40:00,0.0816,0.0816,0.0814,0.0816,84507.9
2026-08-03 16:45:00,0.0817,0.082,0.0817,0.0819,307838.8
2026-08-03 16:50:00,0.0819,0.0821,0.0818,0.0818,125023.2
2026-08-03 16:55:00,0.0818,0.0818,0.0817,0.0818,315587.9
2026-08-03 17:00:00,0.0818,0.0819,0.0818,0.0819,54979.6
2026-08-03 17:05:00,0.0819,0.0821,0.0819,0.082,116083.6
2026-08-03 17:10:00,0.082,0.082,0.0818,0.0818,55111.0
2026-08-03 17:15:00,0.0818,0.0819,0.0817,0.0817,79552.2
2026-08-03 17:20:00,0.0817,0.0821,0.0817,0.082,193737.3
2026-08-03 17:25:00,0.082,0.082,0.0817,0.0818,197381.1
2026-08-03 17:30:00,0.0818,0.0818,0.0817,0.0818,27424.3
2026-08-03 17:35:00,0.0818,0.082,0.0818,0.0819,114836.8
2026-08-03 17:40:00,0.0818,0.0818,0.0818,0.0818,75970.7
2026-08-03 17:45:00,0.0819,0.082,0.0819,0.0819,121916.5
2026-08-03 17:50:00,0.082,0.082,0.0819,0.0819,119821.5
2026-08-03 17:55:00,0.0819,0.0819,0.0819,0.0819,65520.5
2026-08-03 18:00:00,0.0818,0.082,0.0818,0.0819,384059.7
2026-08-03 18:05:00,0.0819,0.0819,0.0818,0.0819,49616.1
2026-08-03 18:10:00,0.0818,0.0819,0.0817,0.0819,34471.4
2026-08-03 18:15:00,0.0818,0.0818,0.0817,0.0817,130664.6
2026-08-03 18:20:00,0.0817,0.0818,0.0817,0.0817,122418.9
2026-08-03 18:25:00,0.0817,0.0817,0.0815,0.0816,141182.1
2026-08-03 18:30:00,0.0816,0.0817,0.0816,0.0817,32256.6
2026-08-03 18:35:00,0.0817,0.0817,0.0816,0.0816,102297.1
2026-08-03 18:40:00,0.0816,0.0816,0.0815,0.0815,27785.5
2026-08-03 18:45:00,0.0815,0.0817,0.0814,0.0817,753511.3
2026-08-03 18:50:00,0.0816,0.0818,0.0815,0.0818,499767.0
2026-08-03 18:55:00,0.0817,0.0818,0.0816,0.0816,55946.7
2026-08-03 19:00:00,0.0817,0.0818,0.0816,0.0817,112475.6
2026-08-03 19:05:00,0.0817,0.0818,0.0816,0.0817,21471.0
2026-08-03 19:10:00,0.0817,0.0819,0.0816,0.0819,93038.5
2026-08-03 19:15:00,0.082,0.0821,0.0819,0.082,141725.1
2026-08-03 19:20:00,0.082,0.0822,0.0819,0.0822,115954.7
2026-08-03 19:25:00,0.0821,0.0821,0.082,0.0821,55702.9
2026-08-03 19:30:00,0.0821,0.0823,0.082,0.0822,40587.1
2026-08-03 19:35:00,0.0823,0.0823,0.0821,0.0822,67598.5
2026-08-03 19:40:00,0.0822,0.0823,0.0821,0.0821,17297.2
2026-08-03 19:45:00,0.0821,0.0822,0.082,0.0822,182243.3
2026-08-03 19:50:00,0.0822,0.0824,0.0822,0.0823,20787.7
2026-08-03 19:55:00,0.0824,0.0824,0.0823,0.0823,76588.9
2026-08-03 20:00:00,0.0824,0.0824,0.0821,0.0823,23293.9
2026-08-03 20:05:00,0.0824,0.0824,0.0822,0.0823,208680.9
2026-08-03 20:10:00,0.0824,0.0826,0.0824,0.0825,120021.9
2026-08-03 20:15:00,0.0826,0.0828,0.0826,0.0827,218396.1
2026-08-03 20:20:00,0.0827,0.0827,0.0826,0.0826,32843.2
2026-08-03 20:25:00,0.0826,0.0827,0.0826,0.0826,62619.4
2026-08-03 20:30:00,0.0827,0.0828,0.0826,0.0827,196709.7
2026-08-03 20:35:00,0.0828,0.0828,0.0827,0.0828,1635.6
2026-08-03 20:40:00,0.0828,0.0829,0.0827,0.0828,53672.8
2026-08-03 20:45:00,0.0828,0.0829,0.0826,0.0826,190393.2
2026-08-03 20:50:00,0.0827,0.0827,0.0826,0.0826,183518.7
2026-08-03 20:55:00,0.0826,0.0826,0.0823,0.0824,354937.9
2026-08-03 21:00:00,0.0824,0.0824,0.0823,0.0823,41138.4
2026-08-03 21:05:00,0.0824,0.0825,0.0824,0.0825,29636.6
2026-08-03 21:10:00,0.0826,0.0827,0.0825,0.0826,88915.0
2026-08-03 21:15:00,0.0825,0.0826,0.0825,0.0826,32238.6
2026-08-03 21:20:00,0.0826,0.0827,0.0826,0.0827,31958.7
2026-08-03 21:25:00,0.0826,0.0828,0.0826,0.0828,34633.8
2026-08-03 21:30:00,0.0828,0.0828,0.0827,0.0828,60143.0
2026-08-03 21:35:00,0.0828,0.0829,0.0828,0.0829,58015.4
2026-08-03 21:40:00,0.0829,0.083,0.0828,0.0829,159230.5
2026-08-03 21:45:00,0.0829,0.0829,0.0828,0.0828,22970.4
2026-08-03 21:50:00,0.0828,0.0828,0.0826,0.0827,51616.3
2026-08-03 21:55:00,0.0827,0.0827,0.0826,0.0827,105205.3
2026-08-03 22:00:00,0.0827,0.0827,0.0823,0.0824,281890.1
2026-08-03 22:05:00,0.0824,0.0824,0.0821,0.0822,60964.2
2026-08-03 22:10:00,0.0821,0.0821,0.0821,0.0821,46960.7
2026-08-03 22:15:00,0.0822,0.0823,0.0822,0.0822,23176.6
2026-08-03 22:20:00,0.0822,0.0823,0.0822,0.0823,31288.2
2026-08-03 22:25:00,0.0823,0.0823,0.0822,0.0822,34928.3
2026-08-03 22:30:00,0.0823,0.0823,0.0822,0.0823,6384.7
2026-08-03 22:35:00,0.0822,0.0823,0.0821,0.0821,23565.0
2026-08-03 22:40:00,0.0821,0.0821,0.0821,0.0821,400.0
2026-08-03 22:45:00,0.0822,0.0823,0.0822,0.0823,28812.4
2026-08-03 22:50:00,0.0823,0.0823,0.0823,0.0823,170235.9
2026-08-03 22:55:00,0.0823,0.0824,0.0823,0.0824,7485.3
2026-08-03 23:00:00,0.0824,0.0824,0.0822,0.0822,37622.2
2026-08-03 23:05:00,0.0822,0.0823,0.0821,0.0823,9520.2
2026-08-03 23:10:00,0.0822,0.0822,0.0822,0.0822,13265.1
2026-08-03 23:15:00,0.0822,0.0823,0.0822,0.0822,49295.7
2026-08-03 23:20:00,0.0822,0.0823,0.0822,0.0823,16671.8
2026-08-03 23:25:00,0.0823,0.0823,0.0822,0.0823,158939.7
2026-08-03 23:30:00,0.0824,0.0825,0.0824,0.0825,14001.0
2026-08-03 23:35:00,0.0825,0.0825,0.0823,0.0823,63117.8
2026-08-03 23:40:00,0.0824,0.0824,0.0823,0.0824,51368.5
2026-08-03 23:45:00,0.0824,0.0824,0.0824,0.0824,26978.8
2026-08-03 23:50:00,0.0824,0.0826,0.0824,0.0825,77045.1
2026-08-03 23:55:00,0.0825,0.0828,0.0825,0.0827,9592.4
2026-08-04 00:00:00,0.0827,0.083,0.0826,0.0829,467150.3
2026-08-04 00:05:00,0.0829,0.0829,0.0826,0.0829,46858.2
2026-08-04 00:10:00,0.083,0.0832,0.0829,0.083,39258.1
2026-08-04 00:15:00,0.0829,0.0829,0.0827,0.0827,77570.1
2026-08-04 00:20:00,0.0827,0.0827,0.0822,0.0824,122096.3
2026-08-04 00:25:00,0.0824,0.0824,0.0822,0.0823,27771.5
2026-08-04 00:30:00,0.0823,0.0823,0.0821,0.0822,96470.5
2026-08-04 00:35:00,0.0822,0.0823,0.082,0.0821,121473.9
2026-08-04 00:40:00,0.0822,0.0822,0.0821,0.0822,43077.7
2026-08-04 00:45:00,0.0822,0.0822,0.0821,0.0821,37882.5
2026-08-04 00:50:00,0.0822,0.0822,0.0821,0.0821,22073.7
2026-08-04 00:55:00,0.082,0.082,0.0818,0.082,18068.0
2026-08-04 01:00:00,0.082,0.0821,0.082,0.082,28431.3
2026-08-04 01:05:00,0.082,0.0821,0.082,0.0821,43483.6
2026-08-04 01:10:00,0.0821,0.0822,0.082,0.0821,22386.6
2026-08-04 01:15:00,0.0821,0.0822,0.0821,0.0822,59323.4
2026-08-04 01:20:00,0.0823,0.0824,0.0823,0.0824,27751.9
2026-08-04 01:25:00,0.0824,0.0824,0.0823,0.0823,25777.7
2026-08-04 01:30:00,0.0824,0.0829,0.0824,0.0828,85370.9
2026-08-04 01:35:00,0.0829,0.0829,0.0827,0.0828,174564.7
2026-08-04 01:40:00,0.0828,0.0831,0.0828,0.083,180610.6
2026-08-04 01:45:00,0.0831,0.0834,0.083,0.0833,1279764.0
2026-08-04 01:50:00,0.0834,0.0837,0.0833,0.0836,526173.5
2026-08-04 01:55:00,0.0836,0.0837,0.0835,0.0837,401193.2
2026-08-04 02:00:00,0.0836,0.0838,0.0836,0.0837,396143.4
2026-08-04 02:05:00,0.0838,0.0839,0.0837,0.0838,152047.7
2026-08-04 02:10:00,0.0838,0.0839,0.0837,0.0837,47780.7
2026-08-04 02:15:00,0.0837,0.0837,0.0834,0.0835,188071.5
2026-08-04 02:20:00,0.0835,0.0837,0.0833,0.0837,139784.9
2026-08-04 02:25:00,0.0836,0.0839,0.0836,0.0837,210183.4
2026-08-04 02:30:00,0.0838,0.0839,0.0838,0.0839,94405.4
2026-08-04 02:35:00,0.0838,0.084,0.0837,0.0838,317622.5
2026-08-04 02:40:00,0.0838,0.0839,0.0837,0.0838,101085.5
2026-08-04 02:45:00,0.0839,0.084,0.0838,0.0839,176597.6
2026-08-04 02:50:00,0.0839,0.084,0.0839,0.084,24915.8
2026-08-04 02:55:00,0.084,0.0841,0.0838,0.0839,224692.3
2026-08-04 03:00:00,0.0839,0.084,0.0838,0.084,62206.5
2026-08-04 03:05:00,0.084,0.084,0.0837,0.0837,153109.5
2026-08-04 03:10:00,0.0837,0.0837,0.0833,0.0833,218279.5
2026-08-04 03:15:00,0.0833,0.0835,0.0832,0.0833,384213.4
2026-08-04 03:20:00,0.0834,0.0835,0.0834,0.0835,179710.3
2026-08-04 03:25:00,0.0836,0.0837,0.0835,0.0837,314155.5
2026-08-04 03:30:00,0.0838,0.0839,0.0838,0.0838,286657.0
2026-08-04 03:35:00,0.0838,0.0839,0.0838,0.0838,77292.1
2026-08-04 03:40:00,0.0838,0.0838,0.0837,0.0837,38723.9
2026-08-04 03:45:00,0.0837,0.0837,0.0835,0.0835,81125.6
2026-08-04 03:50:00,0.0835,0.0837,0.0834,0.0834,511783.4
2026-08-04 03:55:00,0.0834,0.0835,0.0831,0.0831,192195.8
2026-08-04 04:00:00,0.0831,0.0833,0.0831,0.0831,53156.2
2026-08-04 04:05:00,0.0831,0.0831,0.083,0.0831,33388.1
2026-08-04 04:10:00,0.083,0.0832,0.083,0.0831,34499.8
2026-08-04 04:15:00,0.083,0.0833,0.083,0.0833,80331.6
2026-08-04 04:20:00,0.0832,0.0832,0.0831,0.0832,54599.1
2026-08-04 04:25:00,0.0833,0.0834,0.0833,0.0833,118109.2
2026-08-04 04:30:00,0.0833,0.0834,0.0832,0.0834,63886.4
2026-08-04 04:35:00,0.0834,0.0836,0.0833,0.0836,80406.5
2026-08-04 04:40:00,0.0836,0.0836,0.0833,0.0833,18069.2
2026-08-04 04:45:00,0.0833,0.0836,0.0833,0.0835,203460.5
2026-08-04 04:50:00,0.0834,0.0834,0.0833,0.0833,129598.2
2026-08-04 04:55:00,0.0833,0.0833,0.0832,0.0833,3836.0
2026-08-04 05:00:00,0.0833,0.0833,0.083,0.0833,151722.9
2026-08-04 05:05:00,0.0833,0.0834,0.0831,0.0832,101027.3
2026-08-04 05:10:00,0.0832,0.0832,0.0831,0.0832,30006.2
2026-08-04 05:15:00,0.0831,0.0831,0.0831,0.0831,100995.0
2026-08-04 05:20:00,0.0832,0.0833,0.0832,0.0833,3575.3
2026-08-04 05:25:00,0.0833,0.0833,0.0831,0.0832,130479.2
2026-08-04 05:30:00,0.0831,0.0832,0.0831,0.0832,30013.7
2026-08-04 05:35:00,0.0832,0.0832,0.0831,0.0832,3776.8
2026-08-04 05:40:00,0.0831,0.0832,0.0831,0.0831,33503.5
2026-08-04 05:45:00,0.0831,0.0833,0.0831,0.0832,94151.6
2026-08-04 05:50:00,0.0831,0.0832,0.0831,0.0832,55019.2
2026-08-04 05:55:00,0.0832,0.0832,0.0831,0.0832,11309.4
2026-08-04 06:00:00,0.0832,0.0832,0.083,0.0831,79983.4
2026-08-04 06:05:00,0.0831,0.0833,0.0831,0.0833,67728.9
2026-08-04 06:10:00,0.0834,0.0834,0.0833,0.0833,3721.4
2026-08-04 06:15:00,0.0833,0.0834,0.0833,0.0834,212441.5
2026-08-04 06:20:00,0.0834,0.0834,0.0833,0.0833,107169.1
2026-08-04 06:25:00,0.0832,0.0832,0.0831,0.0832,1685.3
2026-08-04 06:30:00,0.0832,0.0832,0.0831,0.0832,89580.1
2026-08-04 06:35:00,0.0832,0.0832,0.0829,0.0829,182308.6
2026-08-04 06:40:00,0.083,0.083,0.0827,0.0827,184014.3
2026-08-04 06:45:00,0.0827,0.0828,0.0827,0.0827,142263.9
2026-08-04 06:50:00,0.0827,0.0828,0.0826,0.0827,398195.3
2026-08-04 06:55:00,0.0827,0.0828,0.0826,0.0827,97106.8
2026-08-04 07:00:00,0.0828,0.0828,0.0826,0.0827,77219.0
2026-08-04 07:05:00,0.0827,0.0828,0.0827,0.0828,14291.5
2026-08-04 07:10:00,0.0827,0.0827,0.0826,0.0826,6519.3
2026-08-04 07:15:00,0.0825,0.0825,0.0824,0.0825,78986.9
2026-08-04 07:20:00,0.0825,0.0825,0.0824,0.0824,129745.0
2026-08-04 07:25:00,0.0824,0.0825,0.0824,0.0825,9500.2
2026-08-04 07:30:00,0.0825,0.0828,0.0825,0.0826,157866.5
2026-08-04 07:35:00,0.0827,0.0827,0.0825,0.0827,257438.4
2026-08-04 07:40:00,0.0826,0.0827,0.0825,0.0826,246467.0
2026-08-04 07:45:00,0.0826,0.0827,0.0825,0.0827,43041.3
2026-08-04 07:50:00,0.0827,0.0827,0.0827,0.0827,15975.4
2026-08-04 07:55:00,0.0826,0.0827,0.0826,0.0827,15434.3
2026-08-04 08:00:00,0.0827,0.0828,0.0827,0.0827,59300.2
2026-08-04 08:05:00,0.0827,0.0827,0.0826,0.0826,80454.7
2026-08-04 08:10:00,0.0826,0.0826,0.0825,0.0825,30103.8
2026-08-04 08:15:00,0.0826,0.0826,0.0824,0.0824,52643.6
2026-08-04 08:20:00,0.0824,0.0825,0.0824,0.0825,48255.4
2026-08-04 08:25:00,0.0825,0.0825,0.0825,0.0825,18846.1
2026-08-04 08:30:00,0.0824,0.0824,0.0822,0.0823,35489.8
2026-08-04 08:35:00,0.0823,0.0826,0.0823,0.0825,85246.1
2026-08-04 08:40:00,0.0825,0.0826,0.0824,0.0826,46930.0
2026-08-04 08:45:00,0.0826,0.0826,0.0825,0.0825,162107.2
2026-08-04 08:50:00,0.0826,0.0826,0.0825,0.0825,54675.2
2026-08-04 08:55:00,0.0825,0.0825,0.0824,0.0824,7343.3
2026-08-04 09:00:00,0.0824,0.0825,0.0824,0.0825,147836.9
2026-08-04 09:05:00,0.0824,0.0824,0.0823,0.0823,32379.5
2026-08-04 09:10:00,0.0823,0.0824,0.0823,0.0823,16574.2
2026-08-04 09:15:00,0.0822,0.0823,0.0822,0.0823,45396.2
2026-08-04 09:20:00,0.0823,0.0824,0.0823,0.0824,43876.1
2026-08-04 09:25:00,0.0824,0.0825,0.0824,0.0824,190087.5
2026-08-04 09:30:00,0.0825,0.0825,0.0824,0.0825,44510.3
2026-08-04 09:35:00,0.0825,0.0825,0.0825,0.0825,8476.6
2026-08-04 09:40:00,0.0825,0.0825,0.0825,0.0825,67406.5
2026-08-04 09:45:00,0.0825,0.0826,0.0824,0.0826,48057.4
2026-08-04 09:50:00,0.0826,0.0826,0.0825,0.0825,16716.4
2026-08-04 09:55:00,0.0824,0.0825,0.0824,0.0825,20876.3
2026-08-04 10:00:00,0.0825,0.0825,0.0824,0.0825,81776.0
2026-08-04 10:05:00,0.0824,0.0825,0.0824,0.0824,11556.1
2026-08-04 10:10:00,0.0824,0.0824,0.0822,0.0822,73976.2
2026-08-04 10:15:00,0.0822,0.0823,0.0822,0.0822,45296.8
2026-08-04 10:20:00,0.0822,0.0823,0.0822,0.0822,20055.6
2026-08-04 10:25:00,0.0821,0.0822,0.082,0.082,55804.1
2026-08-04 10:30:00,0.0821,0.0821,0.0819,0.082,123566.7
2026-08-04 10:35:00,0.0821,0.0821,0.082,0.082,605.3
2026-08-04 10:40:00,0.0821,0.0822,0.0821,0.0822,123210.4
2026-08-04 10:45:00,0.0822,0.0825,0.0822,0.0824,221851.5
2026-08-04 10:50:00,0.0823,0.0824,0.0823,0.0823,145852.1
2026-08-04 10:55:00,0.0823,0.0823,0.0822,0.0822,12347.5
2026-08-04 11:00:00,0.0822,0.0823,0.0821,0.0821,107438.1
2026-08-04 11:05:00,0.0821,0.0822,0.082,0.082,92911.3
2026-08-04 11:10:00,0.082,0.0821,0.082,0.0821,2381.4
2026-08-04 11:15:00,0.082,0.082,0.0819,0.0819,38854.2
2026-08-04 11:20:00,0.082,0.0821,0.0819,0.0819,76986.0
2026-08-04 11:25:00,0.0819,0.082,0.0819,0.082,128988.6
2026-08-04 11:30:00,0.082,0.0821,0.082,0.0821,37543.7
2026-08-04 11:35:00,0.082,0.0821,0.0819,0.0821,74726.8
2026-08-04 11:40:00,0.082,0.0822,0.082,0.0822,73574.5
2026-08-04 11:45:00,0.0821,0.0823,0.0821,0.0823,102556.2
2026-08-04 11:50:00,0.0822,0.0824,0.0822,0.0822,104275.0
2026-08-04 11:55:00,0.0822,0.0824,0.0822,0.0823,61469.8
2026-08-04 12:00:00,0.0823,0.0823,0.0821,0.0821,31890.8
2026-08-04 12:05:00,0.0821,0.0822,0.082,0.082,25346.5
2026-08-04 12:10:00,0.082,0.0821,0.082,0.082,106856.1
2026-08-04 12:15:00,0.082,0.0821,0.082,0.0821,6722.2
2026-08-04 12:20:00,0.0821,0.0821,0.0819,0.0819,65866.8
2026-08-04 12:25:00,0.082,0.0821,0.0819,0.082,54381.1
2026-08-04 12:30:00,0.082,0.082,0.0819,0.082,24777.3
2026-08-04 12:35:00,0.0821,0.0823,0.0821,0.0822,73785.4
2026-08-04 12:40:00,0.0822,0.0823,0.0821,0.0821,107463.9
2026-08-04 12:45:00,0.0821,0.0821,0.082,0.082,105387.3
2026-08-04 12:50:00,0.082,0.082,0.082,0.082,5665.5
2026-08-04 12:55:00,0.0821,0.0821,0.0819,0.0819,10558.2
2026-08-04 13:00:00,0.082,0.082,0.0812,0.0817,1724371.1
2026-08-04 13:05:00,0.0816,0.0818,0.0816,0.0816,499946.5
2026-08-04 13:10:00,0.0817,0.0818,0.0816,0.0817,43571.7
2026-08-04 13:15:00,0.0817,0.0818,0.0815,0.0815,50329.0
2026-08-04 13:20:00,0.0815,0.0819,0.0815,0.0817,736876.5
2026-08-04 13:25:00,0.0817,0.0819,0.0817,0.0817,114187.6
2026-08-04 13:30:00,0.0817,0.0821,0.0817,0.082,153220.5
2026-08-04 13:35:00,0.0821,0.0821,0.082,0.0821,7221.3
2026-08-04 13:40:00,0.0821,0.0821,0.0818,0.0818,565251.4
2026-08-04 13:45:00,0.0818,0.0818,0.0816,0.0816,72067.5
2026-08-04 13:50:00,0.0817,0.0817,0.0814,0.0815,1422976.7
2026-08-04 13:55:00,0.0815,0.0815,0.0813,0.0815,50785.8
2026-08-04 14:00:00,0.0815,0.0815,0.0813,0.0814,103584.7
2026-08-04 14:05:00,0.0815,0.0815,0.0813,0.0813,521731.6
2026-08-04 14:10:00,0.0813,0.0814,0.0812,0.0813,75584.6
2026-08-04 14:15:00,0.0814,0.0814,0.081,0.0811,86015.6
2026-08-04 14:20:00,0.0811,0.0812,0.0811,0.0811,43918.2
2026-08-04 14:25:00,0.0812,0.0813,0.0812,0.0813,39931.8
2026-08-04 14:30:00,0.0814,0.0814,0.0813,0.0814,78729.5
2026-08-04 14:35:00,0.0814,0.0815,0.0813,0.0814,139433.7
2026-08-04 14:40:00,0.0815,0.082,0.0815,0.0818,498082.2
2026-08-04 14:45:00,0.0818,0.0818,0.0817,0.0818,92085.5
2026-08-04 14:50:00,0.0817,0.0817,0.0816,0.0817,87989.8
2026-08-04 14:55:00,0.0816,0.0817,0.0816,0.0817,178178.0
2026-08-04 15:00:00,0.0817,0.0818,0.0816,0.0817,129892.9
2026-08-04 15:05:00,0.0817,0.0818,0.0816,0.0817,131023.5
2026-08-04 15:10:00,0.0817,0.0817,0.0815,0.0816,128371.6
2026-08-04 15:15:00,0.0816,0.0816,0.0815,0.0815,95338.0
2026-08-04 15:20:00,0.0816,0.0816,0.0814,0.0815,79119.2
2026-08-04 15:25:00,0.0814,0.0815,0.0814,0.0815,90656.2
2026-08-04 15:30:00,0.0816,0.0816,0.0813,0.0813,135161.5
2026-08-04 15:35:00,0.0813,0.0814,0.0813,0.0814,151055.4
2026-08-04 15:40:00,0.0814,0.0817,0.0813,0.0817,20986.9
2026-08-04 15:45:00,0.0817,0.082,0.0817,0.0819,40439.2
2026-08-04 15:50:00,0.0818,0.082,0.0817,0.0818,177617.6
2026-08-04 15:55:00,0.0818,0.0819,0.0818,0.0818,15602.5
2026-08-04 16:00:00,0.0817,0.0818,0.0815,0.0816,339322.1
2026-08-04 16:05:00,0.0816,0.0817,0.0816,0.0816,124149.6
2026-08-04 16:10:00,0.0816,0.0816,0.0815,0.0815,32522.3
2026-08-04 16:15:00,0.0816,0.0816,0.0815,0.0816,170871.3
2026-08-04 16:20:00,0.0815,0.0816,0.0815,0.0816,126250.3
2026-08-04 16:25:00,0.0815,0.0816,0.0815,0.0815,33264.9
2026-08-04 16:30:00,0.0814,0.0816,0.0814,0.0815,280960.4
2026-08-04 16:35:00,0.0815,0.0816,0.0813,0.0814,87138.5
2026-08-04 16:40:00,0.0814,0.0814,0.0813,0.0814,35721.2
2026-08-04 16:45:00,0.0814,0.0815,0.0814,0.0814,34668.3
2026-08-04 16:50:00,0.0815,0.0815,0.0812,0.0812,97569.5
2026-08-04 16:55:00,0.0812,0.0813,0.0812,0.0813,158915.2
2026-08-04 17:00:00,0.0813,0.0815,0.0813,0.0815,90450.0
2026-08-04 17:05:00,0.0815,0.0817,0.0814,0.0817,107025.3
2026-08-04 17:10:00,0.0816,0.0817,0.0816,0.0817,45521.1
2026-08-04 17:15:00,0.0816,0.0818,0.0816,0.0817,69663.0
2026-08-04 17:20:00,0.0816,0.0818,0.0816,0.0816,114287.5
2026-08-04 17:25:00,0.0817,0.0818,0.0817,0.0818,182764.7
2026-08-04 17:30:00,0.0818,0.0819,0.0817,0.0818,86152.0
2026-08-04 17:35:00,0.0818,0.082,0.0818,0.0818,36375.2
2026-08-04 17:40:00,0.0818,0.0818,0.0817,0.0817,53500.2
2026-08-04 17:45:00,0.0817,0.0817,0.0816,0.0816,38085.6
2026-08-04 17:50:00,0.0815,0.0815,0.0815,0.0815,42575.7
2026-08-04 17:55:00,0.0815,0.0816,0.0814,0.0815,22001.5
2026-08-04 18:00:00,0.0814,0.0816,0.0814,0.0816,21904.1
2026-08-04 18:05:00,0.0817,0.0819,0.0817,0.0818,139270.9
2026-08-04 18:10:00,0.0819,0.0819,0.0817,0.0818,87163.6
2026-08-04 18:15:00,0.0818,0.0819,0.0818,0.0819,59806.4
2026-08-04 18:20:00,0.082,0.0821,0.0819,0.0821,129115.6
2026-08-04 18:25:00,0.0821,0.0821,0.082,0.082,51947.4
2026-08-04 18:30:00,0.082,0.0821,0.0818,0.0818,83760.7
2026-08-04 18:35:00,0.0819,0.082,0.0818,0.0819,35620.0
2026-08-04 18:40:00,0.0819,0.0819,0.0819,0.0819,35842.0
2026-08-04 18:45:00,0.082,0.082,0.0819,0.0819,62677.4
2026-08-04 18:50:00,0.082,0.082,0.0818,0.0818,258027.0
2026-08-04 18:55:00,0.0818,0.0821,0.0818,0.082,154598.8
2026-08-04 19:00:00,0.082,0.0822,0.082,0.0821,328656.0
2026-08-04 19:05:00,0.0821,0.0821,0.082,0.082,29861.6
2026-08-04 19:10:00,0.0821,0.0821,0.0819,0.0821,138190.3
2026-08-04 19:15:00,0.082,0.0822,0.082,0.0822,256613.3
2026-08-04 19:20:00,0.0822,0.0822,0.082,0.082,44770.6
2026-08-04 19:25:00,0.082,0.082,0.0819,0.0819,48729.4
2026-08-04 19:30:00,0.0819,0.082,0.0819,0.082,13450.2
2026-08-04 19:35:00,0.082,0.0821,0.082,0.0821,73909.6
2026-08-04 19:40:00,0.082,0.082,0.082,0.082,2515.2
2026-08-04 19:45:00,0.0821,0.0821,0.0819,0.082,71800.2
2026-08-04 19:50:00,0.0819,0.082,0.0819,0.082,20618.8
2026-08-04 19:55:00,0.082,0.082,0.0819,0.0819,109184.0
2026-08-04 20:00:00,0.0819,0.082,0.0819,0.082,209079.4
2026-08-04 20:05:00,0.082,0.082,0.082,0.082,29102.6
2026-08-04 20:10:00,0.0821,0.0821,0.082,0.082,57390.4
2026-08-04 20:15:00,0.082,0.082,0.0818,0.0818,398576.6
2026-08-04 20:20:00,0.0818,0.0819,0.0817,0.0819,548025.2
2026-08-04 20:25:00,0.0819,0.0819,0.0818,0.0819,87532.6
2026-08-04 20:30:00,0.0819,0.082,0.0819,0.082,115499.6
2026-08-04 20:35:00,0.082,0.0823,0.082,0.0823,89600.7
2026-08-04 20:40:00,0.0824,0.0825,0.0823,0.0824,252432.0
2026-08-04 20:45:00,0.0824,0.0825,0.0824,0.0824,60363.2
2026-08-04 20:50:00,0.0825,0.0825,0.0824,0.0825,29803.2
2026-08-04 20:55:00,0.0826,0.0826,0.0825,0.0825,49700.0
2026-08-04 21:00:00,0.0825,0.0825,0.0823,0.0824,85862.1
2026-08-04 21:05:00,0.0824,0.0825,0.0823,0.0825,111910.0
2026-08-04 21:10:00,0.0825,0.0825,0.0824,0.0824,32094.4
2026-08-04 21:15:00,0.0824,0.0824,0.0824,0.0824,13548.5
2026-08-04 21:20:00,0.0824,0.0826,0.0824,0.0826,15451.6
2026-08-04 21:25:00,0.0826,0.0826,0.0824,0.0824,52134.8
2026-08-04 21:30:00,0.0824,0.0824,0.0823,0.0824,11427.0
2026-08-04 21:35:00,0.0824,0.0824,0.0823,0.0823,25042.8
2026-08-04 21:40:00,0.0824,0.0826,0.0824,0.0826,56806.6
2026-08-04 21:45:00,0.0826,0.0826,0.0825,0.0825,50156.9
2026-08-04 21:50:00,0.0824,0.0824,0.0824,0.0824,50507.1
2026-08-04 21:55:00,0.0824,0.0824,0.0824,0.0824,15691.0
2026-08-04 22:00:00,0.0824,0.0824,0.0822,0.0823,80393.3
2026-08-04 22:05:00,0.0824,0.0824,0.0823,0.0824,19149.6
2026-08-04 22:10:00,0.0824,0.0825,0.0824,0.0825,79037.7
2026-08-04 22:15:00,0.0825,0.0825,0.0825,0.0825,12709.7
2026-08-04 22:20:00,0.0825,0.0825,0.0824,0.0825,78443.3
2026-08-04 22:25:00,0.0825,0.0825,0.0825,0.0825,13906.3
2026-08-04 22:30:00,0.0824,0.0824,0.0824,0.0824,5511.7
2026-08-04 22:35:00,0.0824,0.0824,0.0824,0.0824,63183.9
2026-08-04 22:40:00,0.0824,0.0824,0.0823,0.0824,35258.8
2026-08-04 22:45:00,0.0823,0.0823,0.0822,0.0823,76647.0
2026-08-04 22:50:00,0.0824,0.0824,0.0822,0.0823,126370.8
2026-08-04 22:55:00,0.0823,0.0824,0.0822,0.0824,46421.9
2026-08-04 23:00:00,0.0823,0.0823,0.082,0.0821,208453.6
2026-08-04 23:05:00,0.0821,0.0823,0.0821,0.0823,87800.0
2026-08-04 23:10:00,0.0822,0.0823,0.0822,0.0823,29879.5
2026-08-04 23:15:00,0.0823,0.0824,0.0823,0.0823,36737.3
2026-08-04 23:20:00,0.0823,0.0823,0.0821,0.0821,20179.1
2026-08-04 23:25:00,0.0821,0.0822,0.082,0.082,97139.3
2026-08-04 23:30:00,0.082,0.0822,0.082,0.0821,101642.4
2026-08-04 23:35:00,0.082,0.082,0.082,0.082,42754.9
2026-08-04 23:40:00,0.0821,0.0822,0.0821,0.0822,10661.8
2026-08-04 23:45:00,0.0821,0.0821,0.082,0.082,37893.7
2026-08-04 23:50:00,0.082,0.0821,0.082,0.082,33949.1
2026-08-04 23:55:00,0.0819,0.0819,0.0819,0.0819,6551.4
2026-08-05 00:00:00,0.0818,0.082,0.0817,0.0818,153247.1
2026-08-05 00:05:00,0.0818,0.0818,0.0816,0.0816,116879.8
2026-08-05 00:10:00,0.0815,0.0816,0.0814,0.0816,49518.0
2026-08-05 00:15:00,0.0815,0.0816,0.0815,0.0816,59616.9
2026-08-05 00:20:00,0.0815,0.0816,0.0811,0.0815,1160663.5
2026-08-05 00:25:00,0.0814,0.0815,0.0814,0.0814,48216.7
2026-08-05 00:30:00,0.0815,0.0815,0.0814,0.0815,50830.9
2026-08-05 00:35:00,0.0815,0.0816,0.0813,0.0813,167814.7
2026-08-05 00:40:00,0.0813,0.0813,0.0811,0.0812,111705.7
2026-08-05 00:45:00,0.0812,0.0812,0.0811,0.0811,46173.1
2026-08-05 00:50:00,0.081,0.0811,0.0808,0.081,294021.3
2026-08-05 00:55:00,0.0809,0.0809,0.0808,0.0809,18807.6
2026-08-05 01:00:00,0.0808,0.0809,0.0808,0.0809,57664.4
2026-08-05 01:05:00,0.0809,0.081,0.0808,0.0809,15982.7
2026-08-05 01:10:00,0.0809,0.081,0.0809,0.081,42483.6
2026-08-05 01:15:00,0.081,0.081,0.0809,0.0809,6119.0
2026-08-05 01:20:00,0.081,0.0811,0.081,0.081,3016.6
2026-08-05 01:25:00,0.081,0.0811,0.081,0.081,13711.0
2026-08-05 01:30:00,0.0811,0.0811,0.081,0.081,9649.7
2026-08-05 01:35:00,0.081,0.0812,0.081,0.0812,55607.6
2026-08-05 01:40:00,0.0813,0.0813,0.0811,0.0811,41028.0
2026-08-05 01:45:00,0.0811,0.0811,0.0811,0.0811,62.2
2026-08-05 01:50:00,0.0811,0.0813,0.0811,0.0812,43506.5
2026-08-05 01:55:00,0.0813,0.0813,0.0812,0.0812,61964.9
2026-08-05 02:00:00,0.0812,0.0814,0.0812,0.0813,90352.9
2026-08-05 02:05:00,0.0813,0.0813,0.0813,0.0813,62731.8
2026-08-05 02:10:00,0.0814,0.0815,0.0814,0.0814,84678.7
2026-08-05 02:15:00,0.0814,0.0814,0.0813,0.0813,50916.3
2026-08-05 02:20:00,0.0813,0.0815,0.0813,0.0814,181834.7
2026-08-05 02:25:00,0.0814,0.0816,0.0814,0.0816,28631.2
2026-08-05 02:30:00,0.0815,0.0816,0.0815,0.0815,36573.9
2026-08-05 02:35:00,0.0816,0.0816,0.0815,0.0815,6287.2
2026-08-05 02:40:00,0.0815,0.0816,0.0815,0.0815,73719.4
2026-08-05 02:45:00,0.0815,0.0816,0.0814,0.0814,99102.0
2026-08-05 02:50:00,0.0815,0.0815,0.0814,0.0815,26131.2
2026-08-05 02:55:00,0.0815,0.0815,0.0815,0.0815,38184.6
2026-08-05 03:00:00,0.0814,0.0814,0.0813,0.0813,63423.9
2026-08-05 03:05:00,0.0813,0.0814,0.0813,0.0813,111458.5
2026-08-05 03:10:00,0.0812,0.0813,0.0812,0.0813,117488.2
2026-08-05 03:15:00,0.0813,0.0813,0.0809,0.0809,223705.8
2026-08-05 03:20:00,0.081,0.081,0.081,0.081,136156.3
2026-08-05 03:25:00,0.081,0.081,0.0809,0.081,28373.9
2026-08-05 03:30:00,0.0809,0.0809,0.0809,0.0809,143414.5
2026-08-05 03:35:00,0.081,0.081,0.0809,0.081,111822.8
2026-08-05 03:40:00,0.081,0.081,0.0808,0.0808,57433.5
2026-08-05 03:45:00,0.0809,0.0809,0.0808,0.0808,286171.3
2026-08-05 03:50:00,0.0808,0.0808,0.0807,0.0808,76139.4
2026-08-05 03:55:00,0.0807,0.0807,0.0805,0.0806,346491.7
2026-08-05 04:00:00,0.0806,0.0806,0.0805,0.0806,147668.3
2026-08-05 04:05:00,0.0806,0.0807,0.0806,0.0807,53998.4
2026-08-05 04:10:00,0.0807,0.0808,0.0807,0.0807,348348.5
2026-08-05 04:15:00,0.0807,0.0807,0.0806,0.0807,413496.3
2026-08-05 04:20:00,0.0807,0.0807,0.0806,0.0807,163884.9
2026-08-05 04:25:00,0.0807,0.0807,0.0806,0.0806,27372.0
2026-08-05 04:30:00,0.0806,0.0807,0.0806,0.0806,94793.2
2026-08-05 04:35:00,0.0806,0.0806,0.0805,0.0806,66191.1
2026-08-05 04:40:00,0.0805,0.0806,0.0805,0.0806,81041.6
2026-08-05 04:45:00,0.0805,0.0806,0.0805,0.0806,190925.2
2026-08-05 04:50:00,0.0806,0.0806,0.0804,0.0806,111206.8
2026-08-05 04:55:00,0.0806,0.0806,0.0806,0.0806,513.4
2026-08-05 05:00:00,0.0805,0.0807,0.0805,0.0807,179754.9
2026-08-05 05:05:00,0.0807,0.0808,0.0807,0.0808,11093.7
2026-08-05 05:10:00,0.0808,0.0808,0.0807,0.0807,280349.8
2026-08-05 05:15:00,0.0807,0.0807,0.0807,0.0807,37992.5
2026-08-05 05:20:00,0.0808,0.0808,0.0808,0.0808,9903.0
2026-08-05 05:25:00,0.0809,0.0811,0.0809,0.0809,125077.9
2026-08-05 05:30:00,0.0809,0.0809,0.0808,0.0808,52474.5
2026-08-05 05:35:00,0.0807,0.081,0.0807,0.0809,36031.6
2026-08-05 05:40:00,0.0809,0.0809,0.0808,0.0809,40748.8
2026-08-05 05:45:00,0.0809,0.081,0.0809,0.0809,31290.6
2026-08-05 05:50:00,0.0809,0.0809,0.0809,0.0809,49278.0
2026-08-05 05:55:00,0.0809,0.0809,0.0808,0.0809,7973.8
2026-08-05 06:00:00,0.0808,0.0808,0.0807,0.0807,50268.7
2026-08-05 06:05:00,0.0807,0.0809,0.0807,0.0809,29410.4
2026-08-05 06:10:00,0.0808,0.0808,0.0807,0.0807,55796.1
2026-08-05 06:15:00,0.0807,0.0808,0.0807,0.0808,4269.4
2026-08-05 06:20:00,0.0807,0.0807,0.0806,0.0807,35979.7
2026-08-05 06:25:00,0.0807,0.0807,0.0806,0.0807,66871.8
2026-08-05 06:30:00,0.0807,0.0808,0.0806,0.0808,93220.8
2026-08-05 06:35:00,0.0808,0.0809,0.0808,0.0809,427160.3
2026-08-05 06:40:00,0.0809,0.0809,0.0807,0.0807,150672.3
2026-08-05 06:45:00,0.0808,0.0808,0.0808,0.0808,200.0
2026-08-05 06:50:00,0.0807,0.0807,0.0806,0.0806,36213.1
2026-08-05 06:55:00,0.0806,0.0807,0.0805,0.0806,98411.1
2026-08-05 07:00:00,0.0806,0.0807,0.0806,0.0806,76213.5
2026-08-05 07:05:00,0.0807,0.0808,0.0807,0.0808,29376.1
2026-08-05 07:10:00,0.0808,0.0809,0.0807,0.0807,45549.3
2026-08-05 07:15:00,0.0807,0.0808,0.0807,0.0808,20181.0
2026-08-05 07:20:00,0.0806,0.0807,0.0805,0.0807,45230.6
2026-08-05 07:25:00,0.0807,0.0808,0.0807,0.0808,75168.4
2026-08-05 07:30:00,0.0808,0.0809,0.0808,0.0809,74316.4
2026-08-05 07:35:00,0.081,0.081,0.0808,0.0808,123567.8
2026-08-05 07:40:00,0.0809,0.081,0.0808,0.0808,37708.0
2026-08-05 07:45:00,0.0809,0.081,0.0809,0.0809,18949.1
2026-08-05 07:50:00,0.0809,0.081,0.0809,0.0809,10806.8
2026-08-05 07:55:00,0.081,0.081,0.081,0.081,132437.0
2026-08-05 08:00:00,0.0811,0.0811,0.0809,0.0811,93684.9
2026-08-05 08:05:00,0.081,0.0811,0.0809,0.0809,58055.8
2026-08-05 08:10:00,0.081,0.0811,0.081,0.0811,29552.3
2026-08-05 08:15:00,0.081,0.0811,0.081,0.0811,91123.0
2026-08-05 08:20:00,0.0811,0.0812,0.0811,0.0812,71307.3
2026-08-05 08:25:00,0.0812,0.0814,0.0812,0.0813,103473.0
2026-08-05 08:30:00,0.0813,0.0813,0.0811,0.0811,60471.3
2026-08-05 08:35:00,0.0812,0.0812,0.081,0.0812,120732.3
2026-08-05 08:40:00,0.0812,0.0812,0.0811,0.0811,55847.0
2026-08-05 08:45:00,0.081,0.081,0.0809,0.081,41384.1
2026-08-05 08:50:00,0.081,0.0811,0.0809,0.0809,55423.3
2026-08-05 08:55:00,0.0809,0.0809,0.0808,0.0809,58238.6
2026-08-05 09:00:00,0.0808,0.0809,0.0808,0.0809,97260.6
2026-08-05 09:05:00,0.0809,0.081,0.0809,0.0809,5137.0
2026-08-05 09:10:00,0.0809,0.081,0.0809,0.0809,43560.5
2026-08-05 09:15:00,0.081,0.081,0.0808,0.0809,346951.5
2026-08-05 09:20:00,0.081,0.0811,0.081,0.0811,201686.6
2026-08-05 09:25:00,0.0812,0.0812,0.0812,0.0812,7403.6
2026-08-05 09:30:00,0.0812,0.0813,0.0812,0.0812,75801.0
2026-08-05 09:35:00,0.0811,0.0812,0.0811,0.0812,1425.9
2026-08-05 09:40:00,0.0811,0.0812,0.0811,0.0812,18205.4
2026-08-05 09:45:00,0.0812,0.0815,0.0812,0.0812,551731.4
2026-08-05 09:50:00,0.0811,0.0812,0.0811,0.0812,5012.5
2026-08-05 09:55:00,0.0811,0.0811,0.0811,0.0811,170892.5
2026-08-05 10:00:00,0.0811,0.0811,0.081,0.081,111083.9
2026-08-05 10:05:00,0.0811,0.0812,0.081,0.0812,25450.3
2026-08-05 10:10:00,0.0811,0.0811,0.081,0.081,126311.6
2026-08-05 10:15:00,0.081,0.0811,0.081,0.0811,78806.5
2026-08-05 10:20:00,0.0811,0.0812,0.081,0.0811,64886.8
2026-08-05 10:25:00,0.0811,0.0812,0.0811,0.0811,26337.6
2026-08-05 10:30:00,0.0811,0.0812,0.0811,0.0811,42344.0
2026-08-05 10:35:00,0.0812,0.0812,0.0811,0.0812,29843.3
2026-08-05 10:40:00,0.0813,0.0813,0.0813,0.0813,33570.6
2026-08-05 10:45:00,0.0812,0.0813,0.0811,0.0811,144867.5
2026-08-05 10:50:00,0.0811,0.0812,0.081,0.081,10060.6
2026-08-05 10:55:00,0.0811,0.0812,0.0811,0.0812,22301.1
2026-08-05 11:00:00,0.0812,0.0813,0.0811,0.0811,69163.2
2026-08-05 11:05:00,0.0811,0.0813,0.0811,0.0813,21251.5
2026-08-05 11:10:00,0.0812,0.0812,0.0811,0.0811,54362.3
2026-08-05 11:15:00,0.0811,0.0812,0.0811,0.0811,57604.5
2026-08-05 11:20:00,0.0811,0.0812,0.081,0.081,52714.4
2026-08-05 11:25:00,0.0811,0.0811,0.0809,0.081,34503.9
2026-08-05 11:30:00,0.0809,0.0811,0.0809,0.0811,84297.7
2026-08-05 11:35:00,0.081,0.0811,0.0809,0.0811,64328.3
2026-08-05 11:40:00,0.0811,0.0811,0.081,0.0811,69941.8
2026-08-05 11:45:00,0.081,0.0811,0.081,0.0811,58021.1
2026-08-05 11:50:00,0.0811,0.0811,0.081,0.081,23233.1
2026-08-05 11:55:00,0.081,0.0811,0.081,0.0811,16171.7
2026-08-05 12:00:00,0.081,0.0811,0.081,0.0811,23308.2
2026-08-05 12:05:00,0.081,0.0812,0.081,0.0812,45413.8
2026-08-05 12:10:00,0.0813,0.0813,0.0811,0.0812,22043.5
2026-08-05 12:15:00,0.0811,0.0815,0.0811,0.0815,90411.5
2026-08-05 12:20:00,0.0816,0.0817,0.0815,0.0815,110398.7
2026-08-05 12:25:00,0.0816,0.0817,0.0815,0.0816,86210.0
2026-08-05 12:30:00,0.0815,0.0816,0.0815,0.0815,19477.8
2026-08-05 12:35:00,0.0815,0.0816,0.0814,0.0814,62949.6
2026-08-05 12:40:00,0.0814,0.0815,0.0814,0.0815,5152.8
2026-08-05 12:45:00,0.0814,0.0814,0.0813,0.0814,71243.0
2026-08-05 12:50:00,0.0813,0.0813,0.0812,0.0812,99472.7
2026-08-05 12:55:00,0.0812,0.0812,0.0811,0.0811,92487.4
2026-08-05 13:00:00,0.0812,0.0813,0.0811,0.0811,78732.0
2026-08-05 13:05:00,0.0811,0.0812,0.0811,0.0811,134525.4
2026-08-05 13:10:00,0.081,0.081,0.0809,0.081,41101.1
2026-08-05 13:15:00,0.081,0.0811,0.081,0.0811,65381.3
2026-08-05 13:20:00,0.0811,0.0811,0.0808,0.0808,279498.4
2026-08-05 13:25:00,0.0808,0.0809,0.0807,0.0807,286838.5
2026-08-05 13:30:00,0.0807,0.0807,0.0802,0.0803,501078.7
2026-08-05 13:35:00,0.0802,0.0807,0.0801,0.0806,128074.6
2026-08-05 13:40:00,0.0806,0.0807,0.0805,0.0805,184920.0
2026-08-05 13:45:00,0.0805,0.0806,0.0805,0.0806,114885.0
2026-08-05 13:50:00,0.0805,0.0808,0.0805,0.0807,272774.2
2026-08-05 13:55:00,0.0807,0.0808,0.0807,0.0808,151416.2
2026-08-05 14:00:00,0.0809,0.0809,0.0807,0.0808,45444.7
2026-08-05 14:05:00,0.0808,0.081,0.0808,0.081,58138.8
2026-08-05 14:10:00,0.0809,0.081,0.0809,0.081,25481.4
2026-08-05 14:15:00,0.0809,0.081,0.0809,0.081,31695.5
2026-08-05 14:20:00,0.0809,0.0809,0.0808,0.0809,95193.1
2026-08-05 14:25:00,0.0808,0.0809,0.0807,0.0809,137743.5
2026-08-05 14:30:00,0.0808,0.0809,0.0807,0.0808,119849.4
2026-08-05 14:35:00,0.0808,0.0809,0.0808,0.0809,13763.7
2026-08-05 14:40:00,0.0808,0.0811,0.0808,0.081,260579.6
2026-08-05 14:45:00,0.081,0.0812,0.081,0.0811,222305.5
2026-08-05 14:50:00,0.0811,0.0811,0.0809,0.0809,283418.9
2026-08-05 14:55:00,0.0809,0.081,0.0808,0.0808,929399.8
2026-08-05 15:00:00,0.0808,0.0811,0.0808,0.0811,76038.2
2026-08-05 15:05:00,0.0811,0.0811,0.0809,0.0811,91184.5
2026-08-05 15:10:00,0.0811,0.0811,0.0809,0.0809,49719.2
2026-08-05 15:15:00,0.081,0.081,0.0808,0.0809,406474.5
2026-08-05 15:20:00,0.081,0.0811,0.0809,0.0811,227487.4
2026-08-05 15:25:00,0.0811,0.0811,0.081,0.0811,60216.3
2026-08-05 15:30:00,0.0811,0.0811,0.0811,0.0811,29013.3
2026-08-05 15:35:00,0.0811,0.0813,0.0811,0.0813,88862.0
2026-08-05 15:40:00,0.0813,0.0813,0.0811,0.0811,78852.2
2026-08-05 15:45:00,0.081,0.081,0.0809,0.0809,82377.9
2026-08-05 15:50:00,0.0809,0.081,0.0807,0.0808,93744.1
2026-08-05 15:55:00,0.0808,0.0808,0.0806,0.0807,51084.8
2026-08-05 16:00:00,0.0806,0.0809,0.0806,0.0808,74401.8
2026-08-05 16:05:00,0.0808,0.0809,0.0808,0.0809,86681.6
2026-08-05 16:10:00,0.081,0.081,0.0809,0.081,46308.1
2026-08-05 16:15:00,0.081,0.081,0.0808,0.0809,37758.9
2026-08-05 16:20:00,0.081,0.0812,0.081,0.0811,57527.7
2026-08-05 16:25:00,0.0811,0.0814,0.0811,0.0812,149858.1
2026-08-05 16:30:00,0.0813,0.0813,0.0811,0.0812,67739.3
2026-08-05 16:35:00,0.0811,0.0812,0.0811,0.0812,28664.2
2026-08-05 16:40:00,0.0812,0.0812,0.0811,0.0812,13581.6
2026-08-05 16:45:00,0.0811,0.0811,0.081,0.081,64910.1
2026-08-05 16:50:00,0.081,0.0811,0.081,0.081,6588.3
2026-08-05 16:55:00,0.081,0.0813,0.081,0.0812,17118.5
2026-08-05 17:00:00,0.0813,0.0813,0.0812,0.0813,46694.8
2026-08-05 17:05:00,0.0812,0.0813,0.0812,0.0812,63054.3
2026-08-05 17:10:00,0.0811,0.0813,0.0811,0.0812,57666.8
2026-08-05 17:15:00,0.0811,0.0811,0.0811,0.0811,11386.7
2026-08-05 17:20:00,0.0811,0.0812,0.081,0.0811,28653.5
2026-08-05 17:25:00,0.0811,0.0812,0.0811,0.0812,48717.2
2026-08-05 17:30:00,0.0811,0.0812,0.0811,0.0811,19460.7
2026-08-05 17:35:00,0.0812,0.0815,0.0812,0.0813,386451.6
2026-08-05 17:40:00,0.0814,0.0814,0.0812,0.0813,238309.7
2026-08-05 17:45:00,0.0813,0.0813,0.0811,0.0813,357791.9
2026-08-05 17:50:00,0.0813,0.0813,0.0812,0.0812,72437.2
2026-08-05 17:55:00,0.0812,0.0814,0.0812,0.0812,94540.5
2026-08-05 18:00:00,0.0813,0.0813,0.0811,0.0812,112121.8
2026-08-05 18:05:00,0.0812,0.0812,0.081,0.0811,97759.4
2026-08-05 18:10:00,0.0811,0.0812,0.0811,0.0812,51139.1
2026-08-05 18:15:00,0.0812,0.0813,0.0811,0.0811,33511.3
2026-08-05 18:20:00,0.0812,0.0813,0.0812,0.0812,68623.3
2026-08-05 18:25:00,0.0811,0.0811,0.0811,0.0811,47986.0
2026-08-05 18:30:00,0.0811,0.0811,0.081,0.0811,117465.9
2026-08-05 18:35:00,0.0812,0.0812,0.0811,0.0812,81237.0
2026-08-05 18:40:00,0.0812,0.0814,0.0812,0.0814,148263.7
2026-08-05 18:45:00,0.0814,0.0814,0.0813,0.0813,54973.3
2026-08-05 18:50:00,0.0812,0.0813,0.0812,0.0812,47933.5
2026-08-05 18:55:00,0.0812,0.0813,0.0811,0.0811,47791.1
2026-08-05 19:00:00,0.0811,0.0811,0.0811,0.0811,51466.2
2026-08-05 19:05:00,0.0812,0.0812,0.0809,0.0809,414110.7
2026-08-05 19:10:00,0.0809,0.0811,0.0809,0.0809,129481.5
2026-08-05 19:15:00,0.0809,0.0809,0.0807,0.0807,28036.0
2026-08-05 19:20:00,0.0808,0.0808,0.0806,0.0806,33401.5
2026-08-05 19:25:00,0.0807,0.0808,0.0807,0.0807,90327.9
2026-08-05 19:30:00,0.0807,0.0808,0.0807,0.0808,37365.0
2026-08-05 19:35:00,0.0807,0.0809,0.0807,0.0808,55342.4
2026-08-05 19:40:00,0.0808,0.0808,0.0807,0.0808,11622.9
2026-08-05 19:45:00,0.0808,0.0809,0.0807,0.0808,81090.8
2026-08-05 19:50:00,0.0808,0.0808,0.0807,0.0808,20397.6
2026-08-05 19:55:00,0.0807,0.0808,0.0807,0.0807,16306.3
2026-08-05 20:00:00,0.0807,0.0807,0.0806,0.0806,51943.7
2026-08-05 20:05:00,0.0807,0.0807,0.0805,0.0807,129334.9
2026-08-05 20:10:00,0.0807,0.0808,0.0806,0.0808,33074.5
2026-08-05 20:15:00,0.0808,0.0808,0.0807,0.0807,18870.6
2026-08-05 20:20:00,0.0807,0.0809,0.0807,0.0808,151406.5
2026-08-05 20:25:00,0.0808,0.0808,0.0807,0.0808,63163.2
2026-08-05 20:30:00,0.0808,0.0809,0.0808,0.0808,5003.3
2026-08-05 20:35:00,0.0808,0.0808,0.0808,0.0808,35236.3
2026-08-05 20:40:00,0.0808,0.081,0.0808,0.081,46664.8
2026-08-05 20:45:00,0.081,0.081,0.0809,0.0809,16909.9
2026-08-05 20:50:00,0.0808,0.0809,0.0808,0.0808,8037.2
2026-08-05 20:55:00,0.0808,0.0808,0.0807,0.0808,47801.1
2026-08-05 21:00:00,0.0808,0.0808,0.0806,0.0807,102303.0
2026-08-05 21:05:00,0.0806,0.0808,0.0806,0.0808,49712.6
2026-08-05 21:10:00,0.0808,0.0808,0.0806,0.0807,58605.9
2026-08-05 21:15:00,0.0808,0.0808,0.0807,0.0807,36692.9
2026-08-05 21:20:00,0.0807,0.0807,0.0806,0.0806,30727.5
2026-08-05 21:25:00,0.0806,0.0806,0.0805,0.0805,57477.2
2026-08-05 21:30:00,0.0805,0.0806,0.0805,0.0805,90598.4
2026-08-05 21:35:00,0.0805,0.0805,0.0804,0.0805,57117.8
2026-08-05 21:40:00,0.0805,0.0806,0.0805,0.0806,49856.4
2026-08-05 21:45:00,0.0805,0.0806,0.0805,0.0805,9056.5
2026-08-05 21:50:00,0.0805,0.0806,0.0805,0.0805,8522.5
2026-08-05 21:55:00,0.0805,0.0806,0.0804,0.0806,17129.8
2026-08-05 22:00:00,0.0806,0.0807,0.0805,0.0807,71675.8
2026-08-05 22:05:00,0.0806,0.0808,0.0806,0.0807,65687.5
2026-08-05 22:10:00,0.0807,0.0808,0.0807,0.0807,94477.9
2026-08-05 22:15:00,0.0806,0.0807,0.0806,0.0807,150282.3
2026-08-05 22:20:00,0.0806,0.0808,0.0806,0.0806,116680.9
2026-08-05 22:25:00,0.0807,0.0807,0.0806,0.0806,32343.7
2026-08-05 22:30:00,0.0807,0.0807,0.0806,0.0806,21746.1
2026-08-05 22:35:00,0.0806,0.0806,0.0806,0.0806,36584.1
2026-08-05 22:40:00,0.0806,0.0806,0.0806,0.0806,0.0
2026-08-05 22:45:00,0.0806,0.0806,0.0805,0.0805,9690.9
2026-08-05 22:50:00,0.0805,0.0805,0.0805,0.0805,6251.8
2026-08-05 22:55:00,0.0805,0.0806,0.0805,0.0805,28614.0
2026-08-05 23:00:00,0.0805,0.0805,0.0804,0.0804,34788.7
2026-08-05 23:05:00,0.0804,0.0806,0.0804,0.0805,98548.2
2026-08-05 23:10:00,0.0805,0.0805,0.0805,0.0805,4217.6
2026-08-05 23:15:00,0.0805,0.0805,0.0804,0.0804,63716.1
2026-08-05 23:20:00,0.0805,0.0805,0.0804,0.0805,47079.5
2026-08-05 23:25:00,0.0806,0.0806,0.0805,0.0805,2564.1
2026-08-05 23:30:00,0.0805,0.0806,0.0805,0.0805,36273.6
2026-08-05 23:35:00,0.0806,0.0807,0.0806,0.0806,426856.2
2026-08-05 23:40:00,0.0806,0.0806,0.0805,0.0805,72905.7
2026-08-05 23:45:00,0.0805,0.0805,0.0804,0.0805,125647.3
2026-08-05 23:50:00,0.0805,0.0805,0.0804,0.0804,36798.6
2026-08-05 23:55:00,0.0805,0.0805,0.0804,0.0804,1446.6
2026-08-06 00:00:00,0.0805,0.0805,0.0804,0.0804,118683.5
2026-08-06 00:05:00,0.0804,0.0806,0.0804,0.0806,32258.3
2026-08-06 00:10:00,0.0806,0.0807,0.0806,0.0806,229366.4
2026-08-06 00:15:00,0.0806,0.0807,0.0806,0.0806,93859.1
2026-08-06 00:20:00,0.0807,0.0808,0.0806,0.0808,133677.8
2026-08-06 00:25:00,0.0807,0.0808,0.0807,0.0808,40040.4
2026-08-06 00:30:00,0.0807,0.0807,0.0806,0.0806,121903.5
2026-08-06 00:35:00,0.0807,0.0807,0.0805,0.0806,112295.6
2026-08-06 00:40:00,0.0806,0.0806,0.0806,0.0806,38498.9
2026-08-06 00:45:00,0.0806,0.0807,0.0806,0.0806,33967.7
2026-08-06 00:50:00,0.0806,0.0806,0.0805,0.0806,90838.0
2026-08-06 00:55:00,0.0807,0.0808,0.0807,0.0807,71734.7
2026-08-06 01:00:00,0.0806,0.0807,0.0804,0.0805,696280.8
2026-08-06 01:05:00,0.0805,0.0805,0.0803,0.0803,1021268.7
2026-08-06 01:10:00,0.0803,0.0804,0.0802,0.0803,86626.6
2026-08-06 01:15:00,0.0802,0.0803,0.0802,0.0802,44773.4
2026-08-06 01:20:00,0.0802,0.0802,0.0801,0.0802,141036.9
2026-08-06 01:25:00,0.0802,0.0802,0.08,0.0801,206996.9
2026-08-06 01:30:00,0.0801,0.0802,0.08,0.0802,83403.1
2026-08-06 01:35:00,0.0802,0.0803,0.0801,0.0803,108755.5
2026-08-06 01:40:00,0.0802,0.0802,0.0801,0.0802,27426.2
2026-08-06 01:45:00,0.0801,0.0803,0.0801,0.0801,49372.3
2026-08-06 01:50:00,0.0801,0.0801,0.08,0.08,145058.0
2026-08-06 01:55:00,0.08,0.0801,0.0796,0.0797,647999.3
2026-08-06 02:00:00,0.0798,0.0799,0.0797,0.0798,62725.4
2026-08-06 02:05:00,0.0797,0.0798,0.0797,0.0798,25515.3
2026-08-06 02:10:00,0.0799,0.0799,0.0798,0.0798,113338.8
2026-08-06 02:15:00,0.0798,0.0798,0.0797,0.0797,165108.5
2026-08-06 02:20:00,0.0796,0.0796,0.0796,0.0796,192156.4
2026-08-06 02:25:00,0.0797,0.0798,0.0797,0.0797,137681.1
2026-08-06 02:30:00,0.0796,0.0798,0.0795,0.0798,62180.6
2026-08-06 02:35:00,0.0798,0.0798,0.0796,0.0797,29847.5
2026-08-06 02:40:00,0.0798,0.0798,0.0797,0.0798,87758.7
2026-08-06 02:45:00,0.0798,0.0798,0.0798,0.0798,27560.4
2026-08-06 02:50:00,0.0799,0.0799,0.0797,0.0797,17938.9
2026-08-06 02:55:00,0.0798,0.0799,0.0798,0.0799,16503.2
2026-08-06 03:00:00,0.0798,0.0798,0.0796,0.0797,37741.6
2026-08-06 03:05:00,0.0797,0.0797,0.0797,0.0797,7094.9
2026-08-06 03:10:00,0.0798,0.0798,0.0797,0.0798,7607.3
2026-08-06 03:15:00,0.0798,0.0798,0.0797,0.0797,57373.1
2026-08-06 03:20:00,0.0797,0.0799,0.0797,0.0798,68822.6
2026-08-06 03:25:00,0.0798,0.0798,0.0797,0.0798,12299.8
2026-08-06 03:30:00,0.0798,0.0798,0.0798,0.0798,34440.4
2026-08-06 03:35:00,0.0798,0.0799,0.0798,0.0798,51563.9
2026-08-06 03:40:00,0.0798,0.0799,0.0796,0.0796,248762.8
2026-08-06 03:45:00,0.0796,0.0797,0.0796,0.0797,17625.2
2026-08-06 03:50:00,0.0797,0.0797,0.0797,0.0797,35466.2
2026-08-06 03:55:00,0.0797,0.0797,0.0795,0.0796,350914.6
2026-08-06 04:00:00,0.0796,0.0796,0.0795,0.0796,52478.3
2026-08-06 04:05:00,0.0796,0.0797,0.0796,0.0796,53544.1
2026-08-06 04:10:00,0.0796,0.0797,0.0796,0.0797,152923.6
2026-08-06 04:15:00,0.0797,0.0799,0.0797,0.0799,136303.9
2026-08-06 04:20:00,0.0799,0.08,0.0799,0.08,255894.7
2026-08-06 04:25:00,0.08,0.0801,0.0799,0.0799,95813.3
2026-08-06 04:30:00,0.0799,0.0801,0.0799,0.0799,49980.2
2026-08-06 04:35:00,0.0799,0.08,0.0799,0.0799,148505.6
2026-08-06 04:40:00,0.0799,0.0799,0.0798,0.0798,3745.8
2026-08-06 04:45:00,0.0798,0.0799,0.0798,0.0798,66882.8
2026-08-06 04:50:00,0.0799,0.08,0.0799,0.08,53389.1
2026-08-06 04:55:00,0.0799,0.08,0.0799,0.08,586.5
2026-08-06 05:00:00,0.08,0.0801,0.0799,0.08,53907.5
2026-08-06 05:05:00,0.0801,0.0803,0.0801,0.0803,72979.6
2026-08-06 05:10:00,0.0803,0.0804,0.0802,0.0803,77801.1
2026-08-06 05:15:00,0.0803,0.0804,0.0803,0.0803,66772.7
2026-08-06 05:20:00,0.0802,0.0803,0.0801,0.0802,51692.7
2026-08-06 05:25:00,0.0803,0.0803,0.08,0.08,63626.3
2026-08-06 05:30:00,0.0801,0.0802,0.0801,0.0801,96480.3
2026-08-06 05:35:00,0.0802,0.0802,0.0801,0.0801,127240.4
2026-08-06 05:40:00,0.0801,0.0802,0.0801,0.0801,31844.4
2026-08-06 05:45:00,0.0801,0.0801,0.0799,0.08,69558.5
2026-08-06 05:50:00,0.08,0.0801,0.0799,0.08,109120.6
2026-08-06 05:55:00,0.08,0.0801,0.08,0.08,57253.1
2026-08-06 06:00:00,0.0801,0.0801,0.0801,0.0801,28895.6
2026-08-06 06:05:00,0.0801,0.0801,0.08,0.0801,67060.4
2026-08-06 06:10:00,0.08,0.0801,0.08,0.0801,4664.7
2026-08-06 06:15:00,0.08,0.08,0.0799,0.0799,158865.4
2026-08-06 06:20:00,0.0799,0.0801,0.0799,0.0801,44971.2
2026-08-06 06:25:00,0.0801,0.0801,0.08,0.0801,101786.7
2026-08-06 06:30:00,0.0801,0.0801,0.0801,0.0801,109342.6
2026-08-06 06:35:00,0.0801,0.0801,0.08,0.0801,38913.0
2026-08-06 06:40:00,0.08,0.0801,0.08,0.08,68400.1
2026-08-06 06:45:00,0.08,0.08,0.0799,0.08,120391.7
2026-08-06 06:50:00,0.08,0.08,0.0799,0.0799,127773.3
2026-08-06 06:55:00,0.0799,0.08,0.0799,0.08,21653.7
2026-08-06 07:00:00,0.0799,0.08,0.0798,0.08,92227.4
2026-08-06 07:05:00,0.0799,0.0801,0.0799,0.0801,134157.7
2026-08-06 07:10:00,0.0801,0.0802,0.08,0.0802,45670.0
2026-08-06 07:15:00,0.0802,0.0803,0.0802,0.0803,27963.0
2026-08-06 07:20:00,0.0803,0.0804,0.0803,0.0803,54370.1
2026-08-06 07:25:00,0.0803,0.0803,0.0802,0.0803,20523.0
2026-08-06 07:30:00,0.0802,0.0803,0.0801,0.0803,79214.0
2026-08-06 07:35:00,0.0802,0.0803,0.0801,0.0801,89081.7
2026-08-06 07:40:00,0.0802,0.0802,0.0799,0.0801,170664.1
2026-08-06 07:45:00,0.0801,0.0801,0.0799,0.0801,194787.0
2026-08-06 07:50:00,0.0801,0.0801,0.0799,0.08,24326.1
2026-08-06 07:55:00,0.08,0.0801,0.0799,0.08,46871.3
2026-08-06 08:00:00,0.08,0.0801,0.0799,0.0801,171593.7
2026-08-06 08:05:00,0.0801,0.0801,0.0799,0.08,84766.0
2026-08-06 08:10:00,0.08,0.0801,0.08,0.08,40732.1
2026-08-06 08:15:00,0.08,0.08,0.0799,0.0799,31712.1
2026-08-06 08:20:00,0.0798,0.08,0.0798,0.0798,132309.6
2026-08-06 08:25:00,0.0798,0.0799,0.0798,0.0799,26500.2
2026-08-06 08:30:00,0.0799,0.08,0.0799,0.0799,26177.9
2026-08-06 08:35:00,0.0799,0.0799,0.0798,0.0799,54111.0
2026-08-06 08:40:00,0.0799,0.0801,0.0799,0.0801,89607.9
2026-08-06 08:45:00,0.08,0.08,0.08,0.08,2000.0
2026-08-06 08:50:00,0.0801,0.0802,0.0801,0.0801,160076.2
2026-08-06 08:55:00,0.0801,0.0802,0.0801,0.0801,60339.2
2026-08-06 09:00:00,0.0801,0.0801,0.0799,0.0799,191241.9
2026-08-06 09:05:00,0.0799,0.0799,0.0792,0.0793,716117.3
2026-08-06 09:10:00,0.0792,0.0793,0.0771,0.078,7182381.8
2026-08-06 09:15:00,0.078,0.0781,0.0778,0.0779,645283.0
2026-08-06 09:20:00,0.0779,0.0781,0.0779,0.0781,582126.1
2026-08-06 09:25:00,0.0781,0.0783,0.0781,0.0782,325990.6
2026-08-06 09:30:00,0.0782,0.0783,0.0781,0.0783,486783.8
2026-08-06 09:35:00,0.0783,0.0784,0.0782,0.0783,189431.3
2026-08-06 09:40:00,0.0783,0.0784,0.0782,0.0784,444917.2
2026-08-06 09:45:00,0.0784,0.0784,0.0782,0.0784,184783.5
2026-08-06 09:50:00,0.0784,0.0784,0.0783,0.0783,60457.4
2026-08-06 09:55:00,0.0783,0.0785,0.0783,0.0783,144667.5
2026-08-06 10:00:00,0.0783,0.0783,0.0779,0.078,588371.7
2026-08-06 10:05:00,0.078,0.078,0.0779,0.078,119282.0
2026-08-06 10:10:00,0.0779,0.078,0.0778,0.0779,319280.1
2026-08-06 10:15:00,0.0779,0.0779,0.0778,0.0779,36168.2
2026-08-06 10:20:00,0.078,0.078,0.0779,0.0779,83314.0
2026-08-06 10:25:00,0.0779,0.078,0.0777,0.0777,167686.3
2026-08-06 10:30:00,0.0777,0.0778,0.0777,0.0777,179597.2
2026-08-06 10:35:00,0.0778,0.0778,0.0776,0.0778,73326.0
2026-08-06 10:40:00,0.0777,0.0777,0.0775,0.0776,104365.2
2026-08-06 10:45:00,0.0776,0.0778,0.0775,0.0776,89068.3
2026-08-06 10:50:00,0.0777,0.0777,0.0775,0.0775,105589.7
2026-08-06 10:55:00,0.0775,0.0776,0.0774,0.0775,403862.2
2026-08-06 11:00:00,0.0775,0.0775,0.0773,0.0773,292120.7
2026-08-06 11:05:00,0.0774,0.0777,0.0772,0.0776,153008.8
2026-08-06 11:10:00,0.0776,0.0778,0.0776,0.0777,112006.5
2026-08-06 11:15:00,0.0778,0.0778,0.0777,0.0778,43697.6
2026-08-06 11:20:00,0.0778,0.0779,0.0778,0.0778,186091.4
2026-08-06 11:25:00,0.0778,0.0779,0.0777,0.0778,155010.4
2026-08-06 11:30:00,0.0778,0.0778,0.0777,0.0778,54630.3
2026-08-06 11:35:00,0.0778,0.0779,0.0778,0.0778,126957.0
2026-08-06 11:40:00,0.0777,0.0778,0.0777,0.0778,13157.3
2026-08-06 11:45:00,0.0778,0.0779,0.0777,0.0778,156808.2
2026-08-06 11:50:00,0.0778,0.078,0.0778,0.0779,80820.0
2026-08-06 11:55:00,0.0779,0.078,0.0779,0.078,135213.9
2026-08-06 12:00:00,0.078,0.078,0.0778,0.0778,86506.5
2026-08-06 12:05:00,0.0779,0.0779,0.0777,0.0777,69254.9
2026-08-06 12:10:00,0.0777,0.0777,0.0776,0.0777,139975.5
2026-08-06 12:15:00,0.0777,0.0778,0.0776,0.0776,68205.9
2026-08-06 12:20:00,0.0777,0.0778,0.0776,0.0777,168690.7
2026-08-06 12:25:00,0.0777,0.0778,0.0776,0.0778,23518.4
2026-08-06 12:30:00,0.0777,0.0778,0.0775,0.0775,220348.8
2026-08-06 12:35:00,0.0776,0.0777,0.0775,0.0777,85675.7
2026-08-06 12:40:00,0.0778,0.0778,0.0776,0.0777,169571.9
2026-08-06 12:45:00,0.0777,0.0777,0.0775,0.0776,151482.8
2026-08-06 12:50:00,0.0777,0.0777,0.0775,0.0776,90476.5
2026-08-06 12:55:00,0.0776,0.0776,0.0774,0.0776,225496.8
2026-08-06 13:00:00,0.0776,0.0777,0.0776,0.0777,185857.0
2026-08-06 13:05:00,0.0776,0.0776,0.0774,0.0776,177433.0
2026-08-06 13:10:00,0.0776,0.0777,0.0776,0.0776,134901.2
2026-08-06 13:15:00,0.0777,0.0777,0.0776,0.0776,58092.3
2026-08-06 13:20:00,0.0776,0.0777,0.0775,0.0776,51324.0
2026-08-06 13:25:00,0.0776,0.0777,0.0775,0.0776,137021.8
2026-08-06 13:30:00,0.0776,0.0778,0.0776,0.0778,122666.6
2026-08-06 13:35:00,0.0778,0.078,0.0777,0.078,216955.7
2026-08-06 13:40:00,0.0779,0.0782,0.0779,0.0781,87814.9
2026-08-06 13:45:00,0.0781,0.0782,0.078,0.0782,267306.7
2026-08-06 13:50:00,0.0782,0.0782,0.0781,0.0781,24535.1
2026-08-06 13:55:00,0.0782,0.0783,0.0781,0.0782,85190.6
2026-08-06 14:00:00,0.0781,0.0784,0.0781,0.0783,25667.0
2026-08-06 14:05:00,0.0784,0.0784,0.0782,0.0783,58517.2
2026-08-06 14:10:00,0.0783,0.0784,0.0783,0.0784,95201.3
2026-08-06 14:15:00,0.0783,0.0784,0.0781,0.0783,553118.5
2026-08-06 14:20:00,0.0783,0.0785,0.0783,0.0783,266372.1
2026-08-06 14:25:00,0.0784,0.0784,0.0783,0.0783,170692.0
2026-08-06 14:30:00,0.0783,0.0785,0.0782,0.0784,74198.0
2026-08-06 14:35:00,0.0785,0.0786,0.0785,0.0785,91575.3
2026-08-06 14:40:00,0.0784,0.0788,0.0784,0.0787,258653.3
2026-08-06 14:45:00,0.0786,0.0786,0.0785,0.0785,52924.6
2026-08-06 14:50:00,0.0785,0.0786,0.0785,0.0786,4998.4
2026-08-06 14:55:00,0.0786,0.0787,0.0786,0.0786,2208.7
2026-08-06 15:00:00,0.0786,0.0789,0.0786,0.0788,61836.4
2026-08-06 15:05:00,0.0788,0.079,0.0788,0.0788,147589.2
2026-08-06 15:10:00,0.0789,0.0789,0.0786,0.0787,100519.5
2026-08-06 15:15:00,0.0787,0.0788,0.0786,0.0786,138681.5
2026-08-06 15:20:00,0.0786,0.0787,0.0784,0.0787,89088.1
2026-08-06 15:25:00,0.0787,0.0787,0.0786,0.0787,31730.5
2026-08-06 15:30:00,0.0788,0.079,0.0788,0.0789,68440.8
2026-08-06 15:35:00,0.0789,0.079,0.0788,0.079,151117.4
2026-08-06 15:40:00,0.079,0.0791,0.0788,0.0788,238325.2
2026-08-06 15:45:00,0.0788,0.079,0.0786,0.079,121533.6
2026-08-06 15:50:00,0.079,0.0791,0.0788,0.0789,118184.7
2026-08-06 15:55:00,0.0788,0.0789,0.0787,0.0787,239186.7
2026-08-06 16:00:00,0.0787,0.0788,0.0787,0.0787,58421.6
2026-08-06 16:05:00,0.0787,0.0788,0.0785,0.0785,128554.6
2026-08-06 16:10:00,0.0785,0.0786,0.0784,0.0784,230759.9
2026-08-06 16:15:00,0.0785,0.0786,0.0784,0.0786,108217.0
2026-08-06 16:20:00,0.0785,0.0785,0.0784,0.0785,38899.9
2026-08-06 16:25:00,0.0786,0.0786,0.0784,0.0786,45485.0
2026-08-06 16:30:00,0.0786,0.0787,0.0786,0.0787,156631.4
2026-08-06 16:35:00,0.0787,0.0788,0.0786,0.0788,162294.0
2026-08-06 16:40:00,0.0788,0.0789,0.0788,0.0789,82796.7
2026-08-06 16:45:00,0.0789,0.0789,0.0787,0.0788,99681.1
2026-08-06 16:50:00,0.0788,0.079,0.0788,0.0788,181432.1
2026-08-06 16:55:00,0.0787,0.0788,0.0787,0.0788,14082.2
2026-08-06 17:00:00,0.0789,0.0791,0.0789,0.079,71180.0
2026-08-06 17:05:00,0.0791,0.0791,0.0789,0.0789,40263.9
2026-08-06 17:10:00,0.079,0.0791,0.079,0.0791,335796.1
2026-08-06 17:15:00,0.0791,0.0791,0.0789,0.0791,91265.1
2026-08-06 17:20:00,0.0791,0.0791,0.0789,0.079,92476.4
2026-08-06 17:25:00,0.079,0.0791,0.0789,0.079,156556.7
2026-08-06 17:30:00,0.079,0.079,0.0789,0.079,95752.2
2026-08-06 17:35:00,0.079,0.0791,0.0789,0.0789,157306.5
2026-08-06 17:40:00,0.079,0.079,0.0789,0.079,154974.1
2026-08-06 17:45:00,0.0789,0.0791,0.0789,0.079,140547.0
2026-08-06 17:50:00,0.0789,0.079,0.0789,0.079,193640.4
2026-08-06 17:55:00,0.079,0.0791,0.079,0.0791,10832.6
2026-08-06 18:00:00,0.0791,0.0792,0.0788,0.0788,96288.4
2026-08-06 18:05:00,0.0788,0.079,0.0788,0.079,57113.9
2026-08-06 18:10:00,0.079,0.0791,0.0789,0.0791,33656.4
2026-08-06 18:15:00,0.0791,0.0794,0.0791,0.0793,201306.8
2026-08-06 18:20:00,0.0792,0.0794,0.0792,0.0792,38775.8
2026-08-06 18:25:00,0.0792,0.0793,0.0791,0.0793,77431.7
2026-08-06 18:30:00,0.0792,0.0793,0.0791,0.0791,104208.1
2026-08-06 18:35:00,0.0791,0.0792,0.079,0.0791,124718.5
2026-08-06 18:40:00,0.0791,0.0791,0.079,0.079,64763.5
2026-08-06 18:45:00,0.079,0.0791,0.079,0.0791,219865.7
2026-08-06 18:50:00,0.079,0.0791,0.079,0.079,7962.6
2026-08-06 18:55:00,0.0791,0.0791,0.079,0.0791,2715.6
2026-08-06 19:00:00,0.0792,0.0793,0.0791,0.0793,107630.6
2026-08-06 19:05:00,0.0793,0.0794,0.0793,0.0794,205263.3
2026-08-06 19:10:00,0.0793,0.0794,0.0792,0.0792,6348.6
2026-08-06 19:15:00,0.0793,0.0793,0.0791,0.0791,126180.0
2026-08-06 19:20:00,0.0791,0.0792,0.0791,0.0791,28485.8
2026-08-06 19:25:00,0.0791,0.0792,0.0791,0.0791,59602.0
2026-08-06 19:30:00,0.079,0.0791,0.079,0.0791,30229.0
2026-08-06 19:35:00,0.0791,0.0791,0.079,0.079,82235.9
2026-08-06 19:40:00,0.0791,0.0791,0.0788,0.0789,206840.4
2026-08-06 19:45:00,0.0787,0.0788,0.0787,0.0788,175.9
2026-08-06 19:50:00,0.0787,0.0788,0.0786,0.0788,83789.2
2026-08-06 19:55:00,0.0788,0.0788,0.0787,0.0788,82756.0
2026-08-06 20:00:00,0.0787,0.0789,0.0786,0.0788,152609.7
2026-08-06 20:05:00,0.0789,0.0789,0.0788,0.0788,22266.5
2026-08-06 20:10:00,0.0787,0.0789,0.0787,0.0789,10013.9
2026-08-06 20:15:00,0.0789,0.0789,0.0787,0.0788,43001.1
2026-08-06 20:20:00,0.0789,0.0789,0.0789,0.0789,2242.1
2026-08-06 20:25:00,0.0788,0.0788,0.0788,0.0788,92724.1
2026-08-06 20:30:00,0.0788,0.0789,0.0788,0.0789,990.3
2026-08-06 20:35:00,0.0788,0.0789,0.0788,0.0789,64769.3
2026-08-06 20:40:00,0.079,0.0791,0.079,0.0791,20574.1
2026-08-06 20:45:00,0.079,0.0791,0.079,0.079,54163.8
2026-08-06 20:50:00,0.079,0.0791,0.079,0.079,20327.0
2026-08-06 20:55:00,0.0789,0.079,0.0787,0.0787,58522.2
2026-08-06 21:00:00,0.0787,0.0788,0.0787,0.0787,102060.9
2026-08-06 21:05:00,0.0788,0.0788,0.0787,0.0787,2504.0
2026-08-06 21:10:00,0.0787,0.0788,0.0787,0.0787,165601.2
2026-08-06 21:15:00,0.0787,0.0788,0.0787,0.0788,3748.5
2026-08-06 21:20:00,0.0787,0.0788,0.0787,0.0787,60546.6
2026-08-06 21:25:00,0.0787,0.0788,0.0787,0.0788,2388.2
2026-08-06 21:30:00,0.0788,0.0788,0.0788,0.0788,32001.1
2026-08-06 21:35:00,0.0789,0.0789,0.0787,0.0788,29455.9
2026-08-06 21:40:00,0.0788,0.0789,0.0788,0.0788,79856.5
2026-08-06 21:45:00,0.0788,0.0789,0.0788,0.0788,2275.2
2026-08-06 21:50:00,0.0789,0.0791,0.0789,0.079,13360.7
2026-08-06 21:55:00,0.0789,0.079,0.0789,0.079,3228.6
2026-08-06 22:00:00,0.079,0.079,0.0789,0.079,873.6
2026-08-06 22:05:00,0.079,0.0791,0.0789,0.0789,19344.6
2026-08-06 22:10:00,0.0788,0.079,0.0788,0.079,26400.7
2026-08-06 22:15:00,0.0789,0.0789,0.0787,0.0787,123073.8
2026-08-06 22:20:00,0.0786,0.0786,0.0784,0.0785,150235.1
2026-08-06 22:25:00,0.0786,0.0786,0.0785,0.0785,32925.6
2026-08-06 22:30:00,0.0785,0.0785,0.0783,0.0784,91309.1
2026-08-06 22:35:00,0.0784,0.0784,0.0783,0.0784,57640.1
2026-08-06 22:40:00,0.0783,0.0785,0.0783,0.0783,105878.9
2026-08-06 22:45:00,0.0783,0.0784,0.0782,0.0782,122546.1
2026-08-06 22:50:00,0.0783,0.0783,0.0783,0.0783,1644.5
2026-08-06 22:55:00,0.0784,0.0784,0.0783,0.0783,5587.3
2026-08-06 23:00:00,0.0783,0.0783,0.0783,0.0783,35581.7
2026-08-06 23:05:00,0.0784,0.0785,0.0784,0.0784,23863.5
2026-08-06 23:10:00,0.0784,0.0785,0.0784,0.0785,15070.2
2026-08-06 23:15:00,0.0785,0.0785,0.0783,0.0783,87370.2
2026-08-06 23:20:00,0.0782,0.0782,0.0782,0.0782,53693.8
2026-08-06 23:25:00,0.0782,0.0782,0.0782,0.0782,69.3
2026-08-06 23:30:00,0.0783,0.0783,0.0783,0.0783,11827.0
2026-08-06 23:35:00,0.0784,0.0784,0.0782,0.0782,23099.8
2026-08-06 23:40:00,0.0783,0.0784,0.0783,0.0783,30889.0
2026-08-06 23:45:00,0.0783,0.0784,0.0782,0.0783,14076.8
2026-08-06 23:50:00,0.0783,0.0783,0.0783,0.0783,44194.8
2026-08-06 23:55:00,0.0783,0.0784,0.0783,0.0784,8985.3
2026-08-07 00:00:00,0.0784,0.0784,0.0783,0.0784,21528.0
2026-08-07 00:05:00,0.0784,0.0784,0.0783,0.0783,51361.1
2026-08-07 00:10:00,0.0782,0.0782,0.0782,0.0782,74839.3
2026-08-07 00:15:00,0.0782,0.0783,0.0782,0.0782,16092.7
2026-08-07 00:20:00,0.0782,0.0783,0.0781,0.0783,15932.3
2026-08-07 00:25:00,0.0783,0.0783,0.0783,0.0783,46818.1
2026-08-07 00:30:00,0.0783,0.0783,0.078,0.0781,86258.5
2026-08-07 00:35:00,0.0781,0.0782,0.078,0.0781,91882.6
2026-08-07 00:40:00,0.0781,0.0782,0.0781,0.0781,8319.7
2026-08-07 00:45:00,0.0781,0.0783,0.0781,0.0782,50585.1
2026-08-07 00:50:00,0.0781,0.0782,0.0781,0.0781,53507.8
2026-08-07 00:55:00,0.0781,0.0782,0.0781,0.0781,16362.1
2026-08-07 01:00:00,0.0782,0.0784,0.0782,0.0784,22273.7
2026-08-07 01:05:00,0.0782,0.0782,0.0782,0.0782,26133.0
2026-08-07 01:10:00,0.0782,0.0782,0.0781,0.0781,20731.7
2026-08-07 01:15:00,0.0781,0.0783,0.0781,0.0782,67423.3
2026-08-07 01:20:00,0.0782,0.0782,0.0782,0.0782,243.7
2026-08-07 01:25:00,0.0783,0.0784,0.0783,0.0784,3337.1
2026-08-07 01:30:00,0.0783,0.0784,0.0783,0.0784,74272.6
2026-08-07 01:35:00,0.0783,0.0783,0.0782,0.0782,6133.1
2026-08-07 01:40:00,0.0781,0.0784,0.0781,0.0783,53157.9
2026-08-07 01:45:00,0.0782,0.0782,0.0781,0.0782,302976.4
2026-08-07 01:50:00,0.0782,0.0782,0.0782,0.0782,54484.7
2026-08-07 01:55:00,0.0781,0.0782,0.0781,0.0781,29609.9
2026-08-07 02:00:00,0.0782,0.0783,0.0781,0.0781,116221.7
2026-08-07 02:05:00,0.078,0.0781,0.0778,0.078,50310.8
2026-08-07 02:10:00,0.0779,0.0781,0.0778,0.0781,116709.6
2026-08-07 02:15:00,0.0781,0.0783,0.0781,0.0782,197891.4
2026-08-07 02:20:00,0.0782,0.0782,0.0779,0.078,55422.8
2026-08-07 02:25:00,0.078,0.078,0.0779,0.078,8201.7
2026-08-07 02:30:00,0.0779,0.0781,0.0779,0.0781,6025.5
2026-08-07 02:35:00,0.0781,0.0782,0.078,0.0781,28708.1
2026-08-07 02:40:00,0.0781,0.0782,0.0781,0.0782,172347.9
2026-08-07 02:45:00,0.0781,0.0781,0.0781,0.0781,43869.8
2026-08-07 02:50:00,0.0782,0.0783,0.0782,0.0782,15537.5
2026-08-07 02:55:00,0.0783,0.0783,0.0782,0.0783,73766.4
2026-08-07 03:00:00,0.0783,0.0783,0.0782,0.0782,73914.1
2026-08-07 03:05:00,0.0783,0.0785,0.0783,0.0784,43761.2
2026-08-07 03:10:00,0.0784,0.0784,0.0782,0.0782,62114.4
2026-08-07 03:15:00,0.0782,0.0783,0.0782,0.0782,37367.1
2026-08-07 03:20:00,0.0782,0.0782,0.0781,0.0782,4727.4
2026-08-07 03:25:00,0.0782,0.0784,0.0781,0.0783,38210.5
2026-08-07 03:30:00,0.0783,0.0784,0.0783,0.0784,32076.2
2026-08-07 03:35:00,0.0784,0.0784,0.0783,0.0783,7907.8
2026-08-07 03:40:00,0.0783,0.0783,0.0783,0.0783,432.3
2026-08-07 03:45:00,0.0783,0.0784,0.0782,0.0782,172259.6
2026-08-07 03:50:00,0.0782,0.0782,0.0781,0.0781,201104.6
2026-08-07 03:55:00,0.0781,0.0781,0.0779,0.078,66868.9
2026-08-07 04:00:00,0.0779,0.0781,0.0778,0.0781,164180.7
2026-08-07 04:05:00,0.0781,0.0782,0.0781,0.0782,216466.8
2026-08-07 04:10:00,0.0782,0.0782,0.0781,0.0781,16855.9
2026-08-07 04:15:00,0.078,0.0782,0.078,0.078,195224.1
2026-08-07 04:20:00,0.0781,0.0782,0.078,0.0781,68287.8
2026-08-07 04:25:00,0.0781,0.0781,0.078,0.078,25175.1
2026-08-07 04:30:00,0.078,0.0781,0.0779,0.078,41912.2
2026-08-07 04:35:00,0.0779,0.078,0.0778,0.0779,39383.2
2026-08-07 04:40:00,0.0778,0.0779,0.0777,0.0779,351842.3
2026-08-07 04:45:00,0.0778,0.0779,0.0778,0.0778,228519.3
2026-08-07 04:50:00,0.0778,0.0778,0.0776,0.0778,99073.1
2026-08-07 04:55:00,0.0777,0.0778,0.0776,0.0777,147171.2
2026-08-07 05:00:00,0.0777,0.0778,0.0777,0.0778,64891.2
2026-08-07 05:05:00,0.0778,0.0778,0.0777,0.0778,251635.6
2026-08-07 05:10:00,0.0778,0.0779,0.0777,0.0778,193499.0
2026-08-07 05:15:00,0.0778,0.0779,0.0777,0.0778,86422.1
2026-08-07 05:20:00,0.0778,0.0778,0.0777,0.0777,75982.8
2026-08-07 05:25:00,0.0777,0.0777,0.0775,0.0775,305480.3
2026-08-07 05:30:00,0.0775,0.0776,0.0774,0.0776,216756.1
2026-08-07 05:35:00,0.0776,0.0777,0.0776,0.0777,29392.0
2026-08-07 05:40:00,0.0777,0.0777,0.0776,0.0776,15754.7
2026-08-07 05:45:00,0.0776,0.0777,0.0776,0.0777,69648.8
2026-08-07 05:50:00,0.0778,0.078,0.0778,0.078,80785.4
2026-08-07 05:55:00,0.078,0.078,0.0779,0.0779,41380.4
2026-08-07 06:00:00,0.0779,0.0779,0.0778,0.0779,120865.0
2026-08-07 06:05:00,0.0779,0.0779,0.0777,0.0777,81158.3
2026-08-07 06:10:00,0.0778,0.078,0.0777,0.078,114170.1
2026-08-07 06:15:00,0.078,0.0781,0.078,0.0781,42135.0
2026-08-07 06:20:00,0.078,0.0781,0.078,0.078,69702.2
2026-08-07 06:25:00,0.0781,0.0782,0.0779,0.0779,100645.0
2026-08-07 06:30:00,0.078,0.0781,0.078,0.078,81470.2
2026-08-07 06:35:00,0.0779,0.0781,0.0779,0.078,55644.4
2026-08-07 06:40:00,0.0781,0.0781,0.0781,0.0781,26360.0
2026-08-07 06:45:00,0.0782,0.0782,0.078,0.078,778573.5
2026-08-07 06:50:00,0.078,0.0781,0.078,0.078,28226.1
2026-08-07 06:55:00,0.078,0.0781,0.0779,0.078,83728.4
2026-08-07 07:00:00,0.078,0.078,0.0778,0.078,261824.5
2026-08-07 07:05:00,0.078,0.0781,0.078,0.0781,761.9
2026-08-07 07:10:00,0.0781,0.0781,0.078,0.0781,39172.8
2026-08-07 07:15:00,0.0781,0.0781,0.078,0.0781,84074.2
2026-08-07 07:20:00,0.078,0.0781,0.078,0.0781,432715.5
2026-08-07 07:25:00,0.0781,0.0782,0.0781,0.0781,52366.8
2026-08-07 07:30:00,0.0781,0.0781,0.078,0.0781,52651.7
2026-08-07 07:35:00,0.0781,0.0781,0.0779,0.0781,100014.0
2026-08-07 07:40:00,0.078,0.078,0.0779,0.078,33890.8
2026-08-07 07:45:00,0.078,0.078,0.0779,0.0779,45629.4
2026-08-07 07:50:00,0.078,0.078,0.0779,0.078,16192.6
2026-08-07 07:55:00,0.0779,0.078,0.0779,0.078,24660.9
2026-08-07 08:00:00,0.078,0.0781,0.0779,0.078,79886.4
2026-08-07 08:05:00,0.078,0.0781,0.0779,0.0779,88550.8
2026-08-07 08:10:00,0.0779,0.0779,0.0778,0.0779,208836.9
2026-08-07 08:15:00,0.0778,0.0779,0.0777,0.0778,99894.4
2026-08-07 08:20:00,0.0777,0.0778,0.0777,0.0777,29559.7
2026-08-07 08:25:00,0.0778,0.0778,0.0776,0.0778,68440.5
2026-08-07 08:30:00,0.0777,0.0779,0.0776,0.0778,92660.6
2026-08-07 08:35:00,0.0778,0.0778,0.0776,0.0777,24276.3
2026-08-07 08:40:00,0.0777,0.078,0.0777,0.078,87795.3
2026-08-07 08:45:00,0.078,0.078,0.0778,0.0778,108392.9
2026-08-07 08:50:00,0.0778,0.0778,0.0777,0.0777,16924.9
2026-08-07 08:55:00,0.0778,0.0778,0.0777,0.0777,37771.3
2026-08-07 09:00:00,0.0778,0.0779,0.0778,0.0779,18145.1
2026-08-07 09:05:00,0.0778,0.0779,0.0778,0.0779,39189.7
2026-08-07 09:10:00,0.0779,0.078,0.0779,0.078,94190.8
2026-08-07 09:15:00,0.0779,0.0781,0.0779,0.078,101812.3
2026-08-07 09:20:00,0.0781,0.0781,0.078,0.078,27403.5
2026-08-07 09:25:00,0.078,0.078,0.078,0.078,38128.7
2026-08-07 09:30:00,0.078,0.0781,0.078,0.078,48854.6
2026-08-07 09:35:00,0.0779,0.0781,0.0779,0.0779,170851.4
2026-08-07 09:40:00,0.078,0.078,0.0779,0.0779,315419.3
2026-08-07 09:45:00,0.0779,0.0779,0.0778,0.0778,91645.0
2026-08-07 09:50:00,0.0778,0.0778,0.0777,0.0777,47689.9
2026-08-07 09:55:00,0.0778,0.0778,0.0775,0.0776,51616.0
2026-08-07 10:00:00,0.0776,0.0777,0.0776,0.0777,79086.3
2026-08-07 10:05:00,0.0778,0.078,0.0778,0.0779,85739.5
2026-08-07 10:10:00,0.0779,0.078,0.0778,0.0779,93995.8
2026-08-07 10:15:00,0.0778,0.0779,0.0778,0.0778,7699.7
2026-08-07 10:20:00,0.0778,0.078,0.0778,0.078,14832.4
2026-08-07 10:25:00,0.0778,0.0778,0.0778,0.0778,36339.9
2026-08-07 10:30:00,0.0777,0.0778,0.0777,0.0778,29434.0
2026-08-07 10:35:00,0.0778,0.0778,0.0776,0.0777,119705.5
2026-08-07 10:40:00,0.0777,0.0778,0.0776,0.0776,139322.8
2026-08-07 10:45:00,0.0777,0.0777,0.0776,0.0776,3921.9
2026-08-07 10:50:00,0.0776,0.0777,0.0776,0.0777,27767.7
2026-08-07 10:55:00,0.0776,0.0778,0.0776,0.0778,126485.9
2026-08-07 11:00:00,0.0778,0.0779,0.0777,0.0779,55941.4
2026-08-07 11:05:00,0.0779,0.078,0.0779,0.078,97017.4
2026-08-07 11:10:00,0.0779,0.078,0.0778,0.0779,45137.0
2026-08-07 11:15:00,0.0779,0.078,0.0778,0.078,14990.0
2026-08-07 11:20:00,0.078,0.0783,0.0779,0.0783,283337.1
2026-08-07 11:25:00,0.0783,0.0785,0.0782,0.0785,164015.8
2026-08-07 11:30:00,0.0785,0.0787,0.0785,0.0786,282586.7
2026-08-07 11:35:00,0.0786,0.0786,0.0783,0.0785,174312.4
2026-08-07 11:40:00,0.0784,0.0784,0.0782,0.0783,35423.2
2026-08-07 11:45:00,0.0783,0.0783,0.0782,0.0782,39166.9
2026-08-07 11:50:00,0.0782,0.0782,0.078,0.0782,73304.5
2026-08-07 11:55:00,0.0782,0.0783,0.0782,0.0783,41329.2
2026-08-07 12:00:00,0.0782,0.0785,0.0782,0.0784,44752.1
2026-08-07 12:05:00,0.0785,0.0787,0.0784,0.0786,67405.7
2026-08-07 12:10:00,0.0787,0.0788,0.0785,0.0785,224569.0
2026-08-07 12:15:00,0.0786,0.0786,0.0784,0.0784,51742.5
2026-08-07 12:20:00,0.0785,0.0785,0.0783,0.0783,243540.5
2026-08-07 12:25:00,0.0784,0.0785,0.0783,0.0784,305564.2
2026-08-07 12:30:00,0.0785,0.079,0.0781,0.0781,716901.4
2026-08-07 12:35:00,0.0782,0.0783,0.078,0.078,64091.7
2026-08-07 12:40:00,0.078,0.0781,0.078,0.0781,52840.7
2026-08-07 12:45:00,0.078,0.0781,0.078,0.078,35456.5
2026-08-07 12:50:00,0.078,0.0782,0.078,0.0781,26473.5
2026-08-07 12:55:00,0.0781,0.0782,0.078,0.078,39225.0
2026-08-07 13:00:00,0.0781,0.0781,0.0778,0.0778,145127.9
2026-08-07 13:05:00,0.0778,0.0779,0.0777,0.0778,54569.9
2026-08-07 13:10:00,0.0778,0.0778,0.0776,0.0776,160168.8
2026-08-07 13:15:00,0.0777,0.0779,0.0777,0.0779,218734.8
2026-08-07 13:20:00,0.078,0.078,0.0778,0.0778,436160.3
2026-08-07 13:25:00,0.0778,0.078,0.0777,0.078,151355.1
2026-08-07 13:30:00,0.078,0.0781,0.0779,0.078,22295.7
2026-08-07 13:35:00,0.078,0.0781,0.0779,0.0781,141050.3
2026-08-07 13:40:00,0.0781,0.0782,0.0781,0.0781,103037.2
2026-08-07 13:45:00,0.0782,0.0782,0.078,0.0781,9513.9
2026-08-07 13:50:00,0.0781,0.0782,0.0781,0.0781,19067.7
2026-08-07 13:55:00,0.078,0.078,0.0779,0.078,111521.5
2026-08-07 14:00:00,0.078,0.0781,0.0777,0.0777,169543.7
2026-08-07 14:05:00,0.0777,0.0778,0.0776,0.0778,116800.5
2026-08-07 14:10:00,0.0778,0.0779,0.0776,0.0777,131014.4
2026-08-07 14:15:00,0.0776,0.0778,0.0775,0.0778,113698.2
2026-08-07 14:20:00,0.0778,0.078,0.0778,0.0778,52159.0
2026-08-07 14:25:00,0.0778,0.0779,0.0777,0.0777,39607.7
2026-08-07 14:30:00,0.0777,0.0778,0.0776,0.0778,57322.7
2026-08-07 14:35:00,0.0777,0.0777,0.0777,0.0777,11984.2
2026-08-07 14:40:00,0.0777,0.0778,0.0776,0.0776,90130.0
2026-08-07 14:45:00,0.0777,0.0778,0.0776,0.0777,52958.4
2026-08-07 14:50:00,0.0776,0.0776,0.0773,0.0775,478680.8
2026-08-07 14:55:00,0.0775,0.0775,0.0773,0.0774,78806.0
2026-08-07 15:00:00,0.0774,0.0774,0.0773,0.0774,29342.2
2026-08-07 15:05:00,0.0773,0.0777,0.0773,0.0777,129040.4
2026-08-07 15:10:00,0.0777,0.0778,0.0777,0.0778,107826.4
2026-08-07 15:15:00,0.0778,0.078,0.0778,0.0779,95493.0
2026-08-07 15:20:00,0.0779,0.078,0.0778,0.078,113628.6
2026-08-07 15:25:00,0.078,0.078,0.0779,0.0779,133035.6
2026-08-07 15:30:00,0.078,0.078,0.078,0.078,32291.6
2026-08-07 15:35:00,0.0781,0.0782,0.078,0.0781,58453.1
2026-08-07 15:40:00,0.0781,0.0784,0.078,0.0783,527479.7
2026-08-07 15:45:00,0.0783,0.0783,0.0781,0.0782,53360.4
2026-08-07 15:50:00,0.0782,0.0782,0.0781,0.0781,61642.0
2026-08-07 15:55:00,0.0781,0.0781,0.0781,0.0781,5186.0
2026-08-07 16:00:00,0.0781,0.0782,0.0781,0.0782,60629.7
2026-08-07 16:05:00,0.0782,0.0783,0.0782,0.0783,115416.9
2026-08-07 16:10:00,0.0783,0.0783,0.0782,0.0783,21358.4
2026-08-07 16:15:00,0.0784,0.0784,0.078,0.0782,93164.1
2026-08-07 16:20:00,0.0782,0.0783,0.0781,0.0782,289223.0
2026-08-07 16:25:00,0.0783,0.0784,0.0782,0.0783,151353.8
2026-08-07 16:30:00,0.0782,0.0784,0.0781,0.0784,70783.1
2026-08-07 16:35:00,0.0784,0.0784,0.0783,0.0783,13981.4
2026-08-07 16:40:00,0.0783,0.0784,0.0783,0.0784,328470.3
2026-08-07 16:45:00,0.0784,0.0784,0.0782,0.0782,142747.6
2026-08-07 16:50:00,0.0783,0.0783,0.0781,0.0781,78053.2
2026-08-07 16:55:00,0.0781,0.0782,0.078,0.078,49420.0
2026-08-07 17:00:00,0.0779,0.0781,0.0779,0.0781,41487.7
2026-08-07 17:05:00,0.0781,0.0783,0.0781,0.0782,62182.6
2026-08-07 17:10:00,0.0781,0.0781,0.078,0.078,21096.8
2026-08-07 17:15:00,0.078,0.0782,0.0779,0.0781,69467.8
2026-08-07 17:20:00,0.078,0.0781,0.0779,0.0779,15753.0
2026-08-07 17:25:00,0.0779,0.078,0.0779,0.0779,21336.0
2026-08-07 17:30:00,0.0778,0.0779,0.0777,0.0779,15168.0
2026-08-07 17:35:00,0.0779,0.0781,0.0779,0.0781,55253.4
2026-08-07 17:40:00,0.0781,0.0781,0.078,0.0781,21307.9
2026-08-07 17:45:00,0.078,0.0782,0.078,0.0781,118575.0
2026-08-07 17:50:00,0.0782,0.0783,0.0781,0.0782,464849.6
2026-08-07 17:55:00,0.0782,0.0785,0.0782,0.0785,71062.5
2026-08-07 18:00:00,0.0785,0.0787,0.0784,0.0785,184144.2
2026-08-07 18:05:00,0.0784,0.0785,0.0783,0.0783,368776.8
2026-08-07 18:10:00,0.0783,0.0784,0.0783,0.0783,185098.1
2026-08-07 18:15:00,0.0783,0.0783,0.0783,0.0783,2693.7
2026-08-07 18:20:00,0.0783,0.0784,0.0782,0.0782,264028.0
2026-08-07 18:25:00,0.0782,0.0782,0.078,0.0781,312925.2
2026-08-07 18:30:00,0.0781,0.0783,0.0781,0.0781,67200.7
2026-08-07 18:35:00,0.0782,0.0782,0.078,0.078,26236.9
2026-08-07 18:40:00,0.078,0.0781,0.078,0.078,30140.1
2026-08-07 18:45:00,0.078,0.078,0.078,0.078,26217.1
2026-08-07 18:50:00,0.078,0.0781,0.078,0.078,70961.1
2026-08-07 18:55:00,0.078,0.0781,0.078,0.0781,112671.5
2026-08-07 19:00:00,0.0781,0.0782,0.0781,0.0781,91699.7
2026-08-07 19:05:00,0.0781,0.0784,0.0781,0.0784,37052.6
2026-08-07 19:10:00,0.0784,0.0784,0.0783,0.0784,82668.1
2026-08-07 19:15:00,0.0785,0.0787,0.0785,0.0787,124236.7
2026-08-07 19:20:00,0.0787,0.0788,0.0787,0.0787,60222.7
2026-08-07 19:25:00,0.0787,0.0787,0.0786,0.0786,65062.1
2026-08-07 19:30:00,0.0787,0.0789,0.0786,0.0789,177688.7
2026-08-07 19:35:00,0.0789,0.0789,0.0787,0.0787,68025.6
2026-08-07 19:40:00,0.0788,0.0788,0.0788,0.0788,31452.4
2026-08-07 19:45:00,0.0788,0.0789,0.0788,0.0789,138920.0
2026-08-07 19:50:00,0.0789,0.0791,0.0789,0.079,373605.4
2026-08-07 19:55:00,0.0791,0.0792,0.0791,0.0792,69921.9
2026-08-07 20:00:00,0.0792,0.0792,0.0791,0.0791,53361.6
2026-08-07 20:05:00,0.079,0.079,0.0786,0.0788,237675.7
2026-08-07 20:10:00,0.0788,0.0789,0.0788,0.0788,43183.4
2026-08-07 20:15:00,0.0788,0.0789,0.0788,0.0789,10957.4
2026-08-07 20:20:00,0.0789,0.079,0.0789,0.0789,61554.1
2026-08-07 20:25:00,0.079,0.0792,0.079,0.0791,112021.0
2026-08-07 20:30:00,0.0791,0.0791,0.0789,0.0789,147950.4
2026-08-07 20:35:00,0.0789,0.079,0.0789,0.079,66040.1
2026-08-07 20:40:00,0.0791,0.0791,0.079,0.0791,18898.4
2026-08-07 20:45:00,0.079,0.0791,0.0789,0.0791,75873.3
2026-08-07 20:50:00,0.0791,0.0791,0.0789,0.0789,18718.9
2026-08-07 20:55:00,0.079,0.079,0.0789,0.0789,69166.0
2026-08-07 21:00:00,0.079,0.079,0.0789,0.079,96372.8
2026-08-07 21:05:00,0.079,0.0791,0.0789,0.079,73373.6
2026-08-07 21:10:00,0.0791,0.0791,0.079,0.079,35961.8
2026-08-07 21:15:00,0.079,0.079,0.0789,0.0789,16814.9
2026-08-07 21:20:00,0.0789,0.079,0.0788,0.079,3854.9
2026-08-07 21:25:00,0.0789,0.0789,0.0788,0.0788,6893.4
2026-08-07 21:30:00,0.0789,0.0789,0.0789,0.0789,19321.5
2026-08-07 21:35:00,0.079,0.0791,0.079,0.0791,16813.1
2026-08-07 21:40:00,0.079,0.0793,0.079,0.0791,105602.9
2026-08-07 21:45:00,0.0791,0.0791,0.0791,0.0791,76416.9
2026-08-07 21:50:00,0.079,0.0791,0.0789,0.0789,7498.6
2026-08-07 21:55:00,0.0789,0.0789,0.0788,0.0788,8865.5
2026-08-07 22:00:00,0.0789,0.079,0.0789,0.0789,57415.4
2026-08-07 22:05:00,0.079,0.0791,0.0789,0.0791,20817.5
2026-08-07 22:10:00,0.0792,0.0794,0.0792,0.0794,22696.8
2026-08-07 22:15:00,0.0794,0.0794,0.0791,0.0792,209134.7
2026-08-07 22:20:00,0.0792,0.0792,0.079,0.0791,69847.2
2026-08-07 22:25:00,0.0791,0.0792,0.079,0.079,57416.6
2026-08-07 22:30:00,0.0789,0.0789,0.0788,0.0788,23807.6
2026-08-07 22:35:00,0.0787,0.0788,0.0787,0.0787,30026.9
2026-08-07 22:40:00,0.0788,0.0788,0.0787,0.0788,45736.6
2026-08-07 22:45:00,0.0787,0.0787,0.0787,0.0787,901.6
2026-08-07 22:50:00,0.0788,0.0789,0.0788,0.0789,70185.3
2026-08-07 22:55:00,0.0789,0.0789,0.0789,0.0789,63193.0
2026-08-07 23:00:00,0.0789,0.0789,0.0788,0.0789,31109.2
2026-08-07 23:05:00,0.0789,0.079,0.0789,0.079,44312.7
2026-08-07 23:10:00,0.079,0.0791,0.079,0.079,8645.3
2026-08-07 23:15:00,0.0791,0.0791,0.079,0.079,98372.8
2026-08-07 23:20:00,0.0789,0.0789,0.0789,0.0789,3104.6
2026-08-07 23:25:00,0.0789,0.0789,0.0789,0.0789,53758.2
2026-08-07 23:30:00,0.0789,0.0789,0.0789,0.0789,41804.3
2026-08-07 23:35:00,0.079,0.079,0.0789,0.0789,94487.3
2026-08-07 23:40:00,0.079,0.079,0.079,0.079,7817.3
2026-08-07 23:45:00,0.0791,0.0791,0.0791,0.0791,312.1
2026-08-07 23:50:00,0.0791,0.0791,0.079,0.0791,56325.9
2026-08-07 23:55:00,0.0791,0.0792,0.079,0.0792,62923.3
2026-08-08 00:00:00,0.0791,0.0791,0.079,0.0791,190385.6
2026-08-08 00:05:00,0.0791,0.0791,0.079,0.079,99760.2
2026-08-08 00:10:00,0.0789,0.0789,0.0787,0.0788,135311.8
2026-08-08 00:15:00,0.0788,0.0789,0.0788,0.0788,2836.5
2026-08-08 00:20:00,0.0788,0.0788,0.0787,0.0787,273401.5
2026-08-08 00:25:00,0.0787,0.0787,0.0787,0.0787,37668.1
2026-08-08 00:30:00,0.0787,0.0787,0.0786,0.0787,7157.1
2026-08-08 00:35:00,0.0786,0.0786,0.0784,0.0784,63155.4
2026-08-08 00:40:00,0.0785,0.0785,0.0785,0.0785,3516.1
2026-08-08 00:45:00,0.0784,0.0785,0.0784,0.0784,368.1
2026-08-08 00:50:00,0.0785,0.0785,0.0785,0.0785,120.5
2026-08-08 00:55:00,0.0785,0.0785,0.0785,0.0785,0.0
2026-08-08 01:00:00,0.0785,0.0785,0.0785,0.0785,110952.3
2026-08-08 01:05:00,0.0785,0.0785,0.0784,0.0785,30470.3
2026-08-08 01:10:00,0.0785,0.0785,0.0784,0.0784,29154.0
2026-08-08 01:15:00,0.0785,0.0785,0.0784,0.0785,21009.7
2026-08-08 01:20:00,0.0785,0.0785,0.0784,0.0784,10166.5
2026-08-08 01:25:00,0.0785,0.0785,0.0784,0.0785,4080.1
2026-08-08 01:30:00,0.0785,0.0786,0.0785,0.0785,60306.8
2026-08-08 01:35:00,0.0785,0.0785,0.0784,0.0784,107222.1
2026-08-08 01:40:00,0.0784,0.0784,0.0783,0.0784,42307.0
2026-08-08 01:45:00,0.0784,0.0784,0.0782,0.0782,48288.0
2026-08-08 01:50:00,0.0783,0.0783,0.0783,0.0783,128475.0
2026-08-08 01:55:00,0.0783,0.0783,0.0783,0.0783,0.0
2026-08-08 02:00:00,0.0783,0.0783,0.0782,0.0782,36542.6
2026-08-08 02:05:00,0.0783,0.0784,0.0783,0.0784,19970.2
2026-08-08 02:10:00,0.0783,0.0784,0.0783,0.0784,530.0
2026-08-08 02:15:00,0.0784,0.0784,0.0784,0.0784,456.4
2026-08-08 02:20:00,0.0783,0.0783,0.0782,0.0783,7542.4
2026-08-08 02:25:00,0.0783,0.0783,0.0783,0.0783,24249.4
2026-08-08 02:30:00,0.0783,0.0783,0.0782,0.0782,58602.9
2026-08-08 02:35:00,0.0782,0.0783,0.0781,0.0782,448314.0
2026-08-08 02:40:00,0.0782,0.0782,0.0782,0.0782,36665.3
2026-08-08 02:45:00,0.0782,0.0782,0.0782,0.0782,4320.6
2026-08-08 02:50:00,0.0782,0.0783,0.0782,0.0783,46894.5
2026-08-08 02:55:00,0.0782,0.0783,0.0782,0.0783,12925.3
2026-08-08 03:00:00,0.0783,0.0784,0.0783,0.0784,1835.0
2026-08-08 03:05:00,0.0784,0.0784,0.0783,0.0783,4647.9
2026-08-08 03:10:00,0.0783,0.0783,0.0782,0.0783,22300.0
2026-08-08 03:15:00,0.0782,0.0783,0.0782,0.0783,105727.7
2026-08-08 03:20:00,0.0784,0.0785,0.0784,0.0785,2699.5
2026-08-08 03:25:00,0.0784,0.0785,0.0784,0.0785,16944.2
2026-08-08 03:30:00,0.0786,0.0788,0.0786,0.0786,48143.3
2026-08-08 03:35:00,0.0786,0.0787,0.0786,0.0786,10583.0
2026-08-08 03:40:00,0.0785,0.0787,0.0785,0.0787,139485.9
2026-08-08 03:45:00,0.0786,0.0788,0.0786,0.0788,96583.7
2026-08-08 03:50:00,0.0788,0.0789,0.0787,0.0787,85453.9
2026-08-08 03:55:00,0.0788,0.0789,0.0788,0.0789,52353.9
2026-08-08 04:00:00,0.0789,0.079,0.0787,0.079,221205.2
2026-08-08 04:05:00,0.079,0.079,0.0788,0.0788,140700.3
2026-08-08 04:10:00,0.0788,0.0789,0.0788,0.0788,2600.2
2026-08-08 04:15:00,0.0789,0.0789,0.0789,0.0789,11977.4
2026-08-08 04:20:00,0.079,0.079,0.079,0.079,6934.0
2026-08-08 04:25:00,0.079,0.0791,0.0789,0.0789,106431.8
2026-08-08 04:30:00,0.0789,0.079,0.0789,0.0789,39167.6
2026-08-08 04:35:00,0.0789,0.0789,0.0788,0.0788,17733.5
2026-08-08 04:40:00,0.0789,0.079,0.0789,0.079,69743.3
2026-08-08 04:45:00,0.079,0.079,0.0789,0.0789,70078.5
2026-08-08 04:50:00,0.0789,0.0789,0.0788,0.0789,26162.1
2026-08-08 04:55:00,0.0788,0.079,0.0788,0.0789,29727.9
2026-08-08 05:00:00,0.0788,0.0789,0.0788,0.0789,246740.8
2026-08-08 05:05:00,0.0788,0.0788,0.0787,0.0788,49241.5
2026-08-08 05:10:00,0.0789,0.0789,0.0788,0.0788,12682.1
2026-08-08 05:15:00,0.0789,0.0789,0.0787,0.0787,30809.7
2026-08-08 05:20:00,0.0788,0.0789,0.0788,0.0789,94492.4
2026-08-08 05:25:00,0.0789,0.0789,0.0788,0.0789,78809.4
2026-08-08 05:30:00,0.079,0.0791,0.079,0.079,75864.9
2026-08-08 05:35:00,0.079,0.079,0.0789,0.079,168591.9
2026-08-08 05:40:00,0.079,0.0791,0.079,0.079,25781.0
2026-08-08 05:45:00,0.079,0.079,0.079,0.079,102618.4
2026-08-08 05:50:00,0.0789,0.0789,0.0789,0.0789,8660.3
2026-08-08 05:55:00,0.0789,0.0789,0.0786,0.0788,98903.4
2026-08-08 06:00:00,0.0789,0.079,0.0788,0.0788,42082.0
2026-08-08 06:05:00,0.0788,0.079,0.0788,0.079,80734.1
2026-08-08 06:10:00,0.079,0.0792,0.079,0.0791,307701.9
2026-08-08 06:15:00,0.0791,0.0791,0.0789,0.0789,70015.0
2026-08-08 06:20:00,0.079,0.079,0.079,0.079,26994.9
2026-08-08 06:25:00,0.079,0.079,0.0789,0.079,27060.8
2026-08-08 06:30:00,0.079,0.0791,0.079,0.079,143043.3
2026-08-08 06:35:00,0.079,0.079,0.0789,0.079,25045.3
2026-08-08 06:40:00,0.0789,0.0791,0.0789,0.079,122786.5
2026-08-08 06:45:00,0.079,0.0791,0.079,0.079,71927.8
2026-08-08 06:50:00,0.0791,0.0791,0.0788,0.0788,26787.1
2026-08-08 06:55:00,0.0788,0.0789,0.0788,0.0788,18344.9
2026-08-08 07:00:00,0.0789,0.0789,0.0788,0.0788,4891.2
2026-08-08 07:05:00,0.0789,0.0789,0.0788,0.0789,6034.7
2026-08-08 07:10:00,0.0788,0.0789,0.0788,0.0788,2511.2
2026-08-08 07:15:00,0.0788,0.0788,0.0788,0.0788,37942.8
2026-08-08 07:20:00,0.0788,0.0789,0.0787,0.0788,64035.6
2026-08-08 07:25:00,0.0788,0.0788,0.0788,0.0788,35151.8
2026-08-08 07:30:00,0.0788,0.0788,0.0787,0.0787,33558.5
2026-08-08 07:35:00,0.0786,0.0787,0.0786,0.0787,31651.2
2026-08-08 07:40:00,0.0787,0.0789,0.0786,0.0789,210772.6
2026-08-08 07:45:00,0.0788,0.0788,0.0788,0.0788,9007.4
2026-08-08 07:50:00,0.0788,0.0788,0.0787,0.0788,1914.0
2026-08-08 07:55:00,0.0788,0.0788,0.0787,0.0788,102175.8
2026-08-08 08:00:00,0.0788,0.0788,0.0787,0.0787,58244.0
2026-08-08 08:05:00,0.0787,0.0788,0.0786,0.0788,197682.9
2026-08-08 08:10:00,0.0788,0.0788,0.0787,0.0788,34943.8
2026-08-08 08:15:00,0.0788,0.0789,0.0787,0.0789,29656.4
2026-08-08 08:20:00,0.0788,0.0788,0.0787,0.0788,11653.4
2026-08-08 08:25:00,0.0788,0.0788,0.0787,0.0787,3303.2
2026-08-08 08:30:00,0.0787,0.0788,0.0787,0.0788,14741.5
2026-08-08 08:35:00,0.0787,0.0788,0.0787,0.0788,9725.4
2026-08-08 08:40:00,0.0788,0.0789,0.0787,0.0789,15853.6
2026-08-08 08:45:00,0.0789,0.0789,0.0787,0.0787,26384.8
2026-08-08 08:50:00,0.0788,0.0788,0.0787,0.0788,27348.1
2026-08-08 08:55:00,0.0788,0.0788,0.0787,0.0788,36459.1
2026-08-08 09:00:00,0.0788,0.0788,0.0788,0.0788,51615.8
2026-08-08 09:05:00,0.0788,0.0788,0.0787,0.0788,48544.7
2026-08-08 09:10:00,0.0788,0.0789,0.0787,0.0787,5126.6
2026-08-08 09:15:00,0.0788,0.0789,0.0788,0.0788,34125.0
2026-08-08 09:20:00,0.0789,0.0789,0.0788,0.0789,8724.7
2026-08-08 09:25:00,0.0789,0.079,0.0789,0.079,24737.2
2026-08-08 09:30:00,0.079,0.0791,0.079,0.079,94982.0
2026-08-08 09:35:00,0.0791,0.0791,0.079,0.079,755.4
2026-08-08 09:40:00,0.079,0.079,0.0789,0.079,37644.7
2026-08-08 09:45:00,0.079,0.079,0.0789,0.0789,684.5
2026-08-08 09:50:00,0.079,0.079,0.0789,0.0789,8162.1
2026-08-08 09:55:00,0.0789,0.079,0.0789,0.0789,16912.4
2026-08-08 10:00:00,0.0789,0.079,0.0789,0.0789,36113.2
2026-08-08 10:05:00,0.0789,0.079,0.0789,0.079,55690.1
2026-08-08 10:10:00,0.079,0.079,0.0789,0.079,29271.3
2026-08-08 10:15:00,0.0789,0.079,0.0789,0.0789,40363.9
2026-08-08 10:20:00,0.0789,0.0791,0.0789,0.079,118061.3
2026-08-08 10:25:00,0.0791,0.0792,0.079,0.0791,176940.0
2026-08-08 10:30:00,0.0791,0.0791,0.079,0.079,18067.6
2026-08-08 10:35:00,0.0791,0.0791,0.0791,0.0791,18241.5
2026-08-08 10:40:00,0.0792,0.0793,0.0791,0.0792,217592.0
2026-08-08 10:45:00,0.0792,0.0795,0.0792,0.0795,404392.3
2026-08-08 10:50:00,0.0795,0.0796,0.0795,0.0795,17776.8
2026-08-08 10:55:00,0.0795,0.0797,0.0795,0.0796,189044.3
2026-08-08 11:00:00,0.0795,0.0799,0.0795,0.0797,160815.1
2026-08-08 11:05:00,0.0797,0.0798,0.0797,0.0797,106737.2
2026-08-08 11:10:00,0.0797,0.0797,0.0794,0.0796,192562.3
2026-08-08 11:15:00,0.0795,0.0796,0.0795,0.0795,25360.8
2026-08-08 11:20:00,0.0796,0.0796,0.0795,0.0795,15423.3
2026-08-08 11:25:00,0.0796,0.0797,0.0796,0.0796,44763.9
2026-08-08 11:30:00,0.0796,0.0797,0.0796,0.0796,143668.9
2026-08-08 11:35:00,0.0797,0.0798,0.0797,0.0798,9891.6
2026-08-08 11:40:00,0.0797,0.0799,0.0794,0.0796,294192.2
2026-08-08 11:45:00,0.0796,0.0797,0.0796,0.0797,16744.9
2026-08-08 11:50:00,0.0797,0.0798,0.0797,0.0797,27649.6
2026-08-08 11:55:00,0.0797,0.0798,0.0796,0.0796,158253.9
2026-08-08 12:00:00,0.0796,0.0797,0.0796,0.0796,211740.9
2026-08-08 12:05:00,0.0797,0.0797,0.0794,0.0794,100697.3
2026-08-08 12:10:00,0.0795,0.0796,0.0795,0.0795,9112.9
2026-08-08 12:15:00,0.0796,0.0796,0.0794,0.0794,61226.0
2026-08-08 12:20:00,0.0795,0.0796,0.0795,0.0795,26294.4
2026-08-08 12:25:00,0.0795,0.0795,0.0793,0.0794,71098.4
2026-08-08 12:30:00,0.0794,0.0794,0.0793,0.0793,23722.5
2026-08-08 12:35:00,0.0793,0.0795,0.0793,0.0794,56868.1
2026-08-08 12:40:00,0.0794,0.0794,0.0793,0.0794,27623.9
2026-08-08 12:45:00,0.0794,0.0795,0.0794,0.0795,95808.9
2026-08-08 12:50:00,0.0796,0.0797,0.0795,0.0796,55822.8
2026-08-08 12:55:00,0.0796,0.0798,0.0796,0.0798,47265.0
2026-08-08 13:00:00,0.0797,0.0798,0.0797,0.0798,127971.5
2026-08-08 13:05:00,0.0798,0.0799,0.0797,0.0798,136242.0
2026-08-08 13:10:00,0.0798,0.0799,0.0797,0.0797,139050.5
2026-08-08 13:15:00,0.0796,0.0797,0.0796,0.0797,173177.5
2026-08-08 13:20:00,0.0796,0.0797,0.0796,0.0796,42571.5
2026-08-08 13:25:00,0.0796,0.0797,0.0796,0.0797,14869.9
2026-08-08 13:30:00,0.0797,0.0797,0.0796,0.0796,1656.0
2026-08-08 13:35:00,0.0796,0.0797,0.0796,0.0796,21664.8
2026-08-08 13:40:00,0.0797,0.0798,0.0796,0.0796,97158.7
2026-08-08 13:45:00,0.0797,0.0797,0.0796,0.0797,5230.9
2026-08-08 13:50:00,0.0797,0.0798,0.0797,0.0798,96310.2
2026-08-08 13:55:00,0.0797,0.0797,0.0796,0.0796,21128.9
2026-08-08 14:00:00,0.0796,0.0797,0.0796,0.0797,74299.2
2026-08-08 14:05:00,0.0798,0.0799,0.0797,0.0797,56392.5
2026-08-08 14:10:00,0.0797,0.0799,0.0797,0.0798,35278.0
2026-08-08 14:15:00,0.0798,0.0798,0.0797,0.0797,48196.7
2026-08-08 14:20:00,0.0797,0.0799,0.0797,0.0799,61742.5
2026-08-08 14:25:00,0.0798,0.08,0.0798,0.0799,124870.8
2026-08-08 14:30:00,0.0799,0.08,0.0799,0.08,46196.6
2026-08-08 14:35:00,0.08,0.08,0.08,0.08,40398.9
2026-08-08 14:40:00,0.08,0.08,0.0794,0.0795,1136175.0
2026-08-08 14:45:00,0.0796,0.0798,0.0795,0.0797,431860.6
2026-08-08 14:50:00,0.0797,0.0798,0.0797,0.0798,49442.8
2026-08-08 14:55:00,0.0797,0.0798,0.0796,0.0797,179640.4
2026-08-08 15:00:00,0.0797,0.0799,0.0797,0.0799,15709.6
2026-08-08 15:05:00,0.0798,0.0799,0.0797,0.0799,53844.5
2026-08-08 15:10:00,0.0799,0.08,0.0798,0.08,42081.0
2026-08-08 15:15:00,0.0799,0.0799,0.0799,0.0799,56630.1
2026-08-08 15:20:00,0.0799,0.0799,0.0798,0.0798,36730.2
2026-08-08 15:25:00,0.0798,0.0798,0.0797,0.0797,57966.1
2026-08-08 15:30:00,0.0797,0.0797,0.0796,0.0797,20712.7
2026-08-08 15:35:00,0.0797,0.0797,0.0797,0.0797,480.4
2026-08-08 15:40:00,0.0797,0.0797,0.0796,0.0796,9829.7
2026-08-08 15:45:00,0.0796,0.0797,0.0796,0.0796,159154.3
2026-08-08 15:50:00,0.0797,0.0797,0.0797,0.0797,27261.2
2026-08-08 15:55:00,0.0796,0.0797,0.0796,0.0797,94042.5
2026-08-08 16:00:00,0.0798,0.08,0.0798,0.0799,314938.6
2026-08-08 16:05:00,0.0798,0.0799,0.0797,0.0798,85075.1
2026-08-08 16:10:00,0.0799,0.0799,0.0798,0.0798,11011.8
2026-08-08 16:15:00,0.0798,0.0799,0.0798,0.0799,9098.6
2026-08-08 16:20:00,0.0799,0.0799,0.0799,0.0799,3793.3
2026-08-08 16:25:00,0.0799,0.08,0.0796,0.0798,470801.5
2026-08-08 16:30:00,0.0797,0.0798,0.0797,0.0798,24958.4
2026-08-08 16:35:00,0.0797,0.0797,0.0797,0.0797,70597.7
2026-08-08 16:40:00,0.0797,0.0798,0.0797,0.0798,24915.2
2026-08-08 16:45:00,0.0798,0.0798,0.0797,0.0797,9451.2
2026-08-08 16:50:00,0.0796,0.0798,0.0796,0.0798,75683.6
2026-08-08 16:55:00,0.0797,0.0798,0.0796,0.0797,263949.0
2026-08-08 17:00:00,0.0797,0.0797,0.0796,0.0797,37813.7
2026-08-08 17:05:00,0.0797,0.0798,0.0797,0.0798,68876.8
2026-08-08 17:10:00,0.0797,0.0798,0.0797,0.0798,6133.6
2026-08-08 17:15:00,0.0798,0.0798,0.0798,0.0798,90766.1
2026-08-08 17:20:00,0.0798,0.0798,0.0797,0.0797,3829.2
2026-08-08 17:25:00,0.0797,0.0797,0.0796,0.0796,27061.1
2026-08-08 17:30:00,0.0796,0.0797,0.0796,0.0797,73339.0
2026-08-08 17:35:00,0.0797,0.0797,0.0795,0.0795,67789.9
2026-08-08 17:40:00,0.0796,0.0796,0.0795,0.0795,18592.6
2026-08-08 17:45:00,0.0795,0.0796,0.0795,0.0796,39003.8
2026-08-08 17:50:00,0.0795,0.0796,0.0794,0.0795,20746.6
2026-08-08 17:55:00,0.0794,0.0795,0.0793,0.0794,165455.5
2026-08-08 18:00:00,0.0794,0.0794,0.0793,0.0794,51866.9
2026-08-08 18:05:00,0.0793,0.0793,0.0793,0.0793,75242.2
2026-08-08 18:10:00,0.0792,0.0793,0.0792,0.0793,155867.5
2026-08-08 18:15:00,0.0792,0.0792,0.0792,0.0792,22000.7
2026-08-08 18:20:00,0.0792,0.0792,0.0791,0.0791,12765.6
2026-08-08 18:25:00,0.0792,0.0792,0.0791,0.0792,43029.4
2026-08-08 18:30:00,0.0793,0.0793,0.0792,0.0792,12810.2
2026-08-08 18:35:00,0.0791,0.0792,0.0791,0.0792,58283.5
2026-08-08 18:40:00,0.0791,0.0793,0.0791,0.0793,16634.2
2026-08-08 18:45:00,0.0793,0.0793,0.0792,0.0792,18342.1
2026-08-08 18:50:00,0.0792,0.0792,0.0791,0.0792,22613.5
2026-08-08 18:55:00,0.0791,0.0791,0.0791,0.0791,55998.9
2026-08-08 19:00:00,0.079,0.079,0.0789,0.079,85429.6
2026-08-08 19:05:00,0.0789,0.0791,0.0789,0.079,4235.5
2026-08-08 19:10:00,0.079,0.079,0.079,0.079,25104.8
2026-08-08 19:15:00,0.079,0.079,0.0789,0.079,61639.0
2026-08-08 19:20:00,0.0789,0.079,0.0789,0.079,24719.9
2026-08-08 19:25:00,0.079,0.079,0.0789,0.079,70884.9
2026-08-08 19:30:00,0.0789,0.079,0.0789,0.079,116543.3
2026-08-08 19:35:00,0.079,0.079,0.0789,0.0789,5219.4
2026-08-08 19:40:00,0.0789,0.079,0.0789,0.079,14318.5
2026-08-08 19:45:00,0.0789,0.0789,0.0788,0.0789,98425.0
2026-08-08 19:50:00,0.079,0.079,0.0789,0.079,6270.5
2026-08-08 19:55:00,0.079,0.079,0.0788,0.0788,90640.6
2026-08-08 20:00:00,0.0788,0.0789,0.0787,0.0787,155939.0
2026-08-08 20:05:00,0.0787,0.0788,0.0787,0.0787,6887.4
2026-08-08 20:10:00,0.0788,0.0788,0.0788,0.0788,14831.2
2026-08-08 20:15:00,0.0789,0.0789,0.0789,0.0789,5791.3
2026-08-08 20:20:00,0.0789,0.079,0.0789,0.079,1745.2
2026-08-08 20:25:00,0.0789,0.0789,0.0788,0.0789,186553.3
2026-08-08 20:30:00,0.079,0.079,0.079,0.079,735.7
2026-08-08 20:35:00,0.0789,0.079,0.0788,0.0788,77008.6
2026-08-08 20:40:00,0.0789,0.0789,0.0789,0.0789,105228.9
2026-08-08 20:45:00,0.0789,0.0789,0.0789,0.0789,374.6
2026-08-08 20:50:00,0.0789,0.0789,0.0789,0.0789,7611.9
2026-08-08 20:55:00,0.0788,0.0789,0.0788,0.0789,11056.5
2026-08-08 21:00:00,0.0788,0.0789,0.0788,0.0788,47873.8
2026-08-08 21:05:00,0.0788,0.0789,0.0788,0.0789,23387.6
2026-08-08 21:10:00,0.0789,0.0789,0.0788,0.0789,172602.9
2026-08-08 21:15:00,0.0789,0.0789,0.0788,0.0789,32671.7
2026-08-08 21:20:00,0.0789,0.0789,0.0789,0.0789,12585.5
2026-08-08 21:25:00,0.0789,0.079,0.0789,0.079,31204.6
2026-08-08 21:30:00,0.079,0.079,0.079,0.079,1592.1
2026-08-08 21:35:00,0.0789,0.0789,0.0789,0.0789,38667.1
2026-08-08 21:40:00,0.0789,0.0789,0.0788,0.0789,34508.0
2026-08-08 21:45:00,0.0788,0.0788,0.0787,0.0787,133700.6
2026-08-08 21:50:00,0.0787,0.0788,0.0787,0.0787,2488.1
2026-08-08 21:55:00,0.0787,0.0787,0.0787,0.0787,30761.7
2026-08-08 22:00:00,0.0788,0.0788,0.0785,0.0786,96257.6
2026-08-08 22:05:00,0.0787,0.0787,0.0786,0.0786,17158.6
2026-08-08 22:10:00,0.0786,0.0787,0.0786,0.0786,24275.9
2026-08-08 22:15:00,0.0787,0.0787,0.0787,0.0787,299.5
2026-08-08 22:20:00,0.0786,0.0787,0.0786,0.0786,38989.5
2026-08-08 22:25:00,0.0786,0.0787,0.0786,0.0787,1808.1
2026-08-08 22:30:00,0.0787,0.0787,0.0786,0.0787,59676.9
2026-08-08 22:35:00,0.0787,0.0787,0.0786,0.0787,26370.1
2026-08-08 22:40:00,0.0786,0.0786,0.0784,0.0785,124078.2
2026-08-08 22:45:00,0.0786,0.0786,0.0784,0.0784,45758.3
2026-08-08 22:50:00,0.0785,0.0785,0.0784,0.0784,59935.3
2026-08-08 22:55:00,0.0784,0.0784,0.0784,0.0784,9580.8
2026-08-08 23:00:00,0.0783,0.0783,0.078,0.0781,406320.4
2026-08-08 23:05:00,0.0781,0.0781,0.078,0.0781,18209.5
2026-08-08 23:10:00,0.078,0.078,0.0779,0.078,195861.5
2026-08-08 23:15:00,0.078,0.078,0.0779,0.078,97127.2
2026-08-08 23:20:00,0.078,0.0781,0.078,0.0781,23020.2
2026-08-08 23:25:00,0.0781,0.0782,0.0781,0.0782,101776.6
2026-08-08 23:30:00,0.0782,0.0782,0.0781,0.0781,43649.7
2026-08-08 23:35:00,0.0782,0.0782,0.0782,0.0782,1113.8
2026-08-08 23:40:00,0.0782,0.0782,0.0782,0.0782,64444.3
2026-08-08 23:45:00,0.0783,0.0783,0.0783,0.0783,549.9
2026-08-08 23:50:00,0.0783,0.0783,0.0783,0.0783,49992.8
2026-08-08 23:55:00,0.0784,0.0784,0.0782,0.0783,60466.1
2026-08-09 00:00:00,0.0782,0.0783,0.078,0.0783,226093.3
2026-08-09 00:05:00,0.0782,0.0782,0.0781,0.0781,125330.4
2026-08-09 00:10:00,0.0781,0.0783,0.0781,0.0783,60646.7
2026-08-09 00:15:00,0.0783,0.0783,0.0781,0.0781,24349.1
2026-08-09 00:20:00,0.0782,0.0782,0.0782,0.0782,757.7
2026-08-09 00:25:00,0.0782,0.0782,0.0782,0.0782,5372.0
2026-08-09 00:30:00,0.0782,0.0782,0.0781,0.0781,8441.9
2026-08-09 00:35:00,0.0781,0.0782,0.0781,0.0782,17841.8
2026-08-09 00:40:00,0.0782,0.0783,0.0781,0.0782,84033.1
2026-08-09 00:45:00,0.0782,0.0782,0.0782,0.0782,2208.5
2026-08-09 00:50:00,0.0782,0.0782,0.0781,0.0781,16734.2
2026-08-09 00:55:00,0.0782,0.0783,0.0782,0.0782,42078.3
2026-08-09 01:00:00,0.0783,0.0784,0.0783,0.0783,284693.7
2026-08-09 01:05:00,0.0783,0.0783,0.0783,0.0783,27549.9
2026-08-09 01:10:00,0.0782,0.0783,0.0782,0.0783,371.7
2026-08-09 01:15:00,0.0783,0.0783,0.0783,0.0783,1343.4
2026-08-09 01:20:00,0.0783,0.0783,0.0781,0.0781,28271.0
2026-08-09 01:25:00,0.0781,0.0782,0.078,0.0781,361988.0
2026-08-09 01:30:00,0.0781,0.0781,0.0779,0.0781,77391.5
2026-08-09 01:35:00,0.078,0.078,0.0779,0.078,122548.6
2026-08-09 01:40:00,0.0781,0.0781,0.078,0.0781,8311.3
2026-08-09 01:45:00,0.0781,0.0781,0.078,0.0781,26669.2
2026-08-09 01:50:00,0.0781,0.0783,0.078,0.0782,522688.4
2026-08-09 01:55:00,0.0782,0.0783,0.0781,0.0781,92621.7
2026-08-09 02:00:00,0.0781,0.0782,0.0781,0.0781,28477.6
2026-08-09 02:05:00,0.0782,0.0782,0.0781,0.0781,14347.5
2026-08-09 02:10:00,0.0782,0.0783,0.0781,0.0783,77635.4
2026-08-09 02:15:00,0.0783,0.0783,0.0782,0.0782,127051.7
2026-08-09 02:20:00,0.0782,0.0783,0.0782,0.0782,4946.7
2026-08-09 02:25:00,0.0783,0.0785,0.0783,0.0783,512470.1
2026-08-09 02:30:00,0.0783,0.0783,0.0783,0.0783,10315.6
2026-08-09 02:35:00,0.0784,0.0784,0.0783,0.0783,37086.6
2026-08-09 02:40:00,0.0783,0.0783,0.0783,0.0783,140.0
2026-08-09 02:45:00,0.0782,0.0782,0.0782,0.0782,10380.7
2026-08-09 02:50:00,0.0781,0.0782,0.0781,0.0781,186994.3
2026-08-09 02:55:00,0.0781,0.0782,0.0781,0.0781,39277.0
2026-08-09 03:00:00,0.0782,0.0782,0.0781,0.0782,44604.6
2026-08-09 03:05:00,0.0783,0.0783,0.0782,0.0782,70170.5
2026-08-09 03:10:00,0.0782,0.0782,0.078,0.0781,156008.7
2026-08-09 03:15:00,0.0781,0.0782,0.078,0.0782,185183.7
2026-08-09 03:20:00,0.0781,0.0782,0.0781,0.0782,41787.0
2026-08-09 03:25:00,0.0782,0.0784,0.0782,0.0784,41587.4
2026-08-09 03:30:00,0.0784,0.0784,0.0783,0.0783,70304.3
2026-08-09 03:35:00,0.0783,0.0783,0.0783,0.0783,29693.7
2026-08-09 03:40:00,0.0783,0.0783,0.0783,0.0783,1981.5
2026-08-09 03:45:00,0.0783,0.0783,0.0783,0.0783,0.0
2026-08-09 03:50:00,0.0782,0.0783,0.0782,0.0782,17265.6
2026-08-09 03:55:00,0.0782,0.0782,0.0781,0.0781,68536.6
2026-08-09 04:00:00,0.0781,0.0782,0.0781,0.0781,37971.6
2026-08-09 04:05:00,0.0781,0.0782,0.0781,0.0781,57521.1
2026-08-09 04:10:00,0.0782,0.0782,0.0781,0.0782,24306.9
2026-08-09 04:15:00,0.0782,0.0783,0.0782,0.0783,38611.0
2026-08-09 04:20:00,0.0782,0.0783,0.0782,0.0783,2251.7
2026-08-09 04:25:00,0.0783,0.0784,0.0783,0.0783,8920.3
2026-08-09 04:30:00,0.0783,0.0784,0.0781,0.0781,60456.6
2026-08-09 04:35:00,0.0782,0.0783,0.0782,0.0782,89520.0
2026-08-09 04:40:00,0.0781,0.0782,0.0781,0.0782,5582.4
2026-08-09 04:45:00,0.0782,0.0782,0.0781,0.0781,15669.8
2026-08-09 04:50:00,0.0781,0.0782,0.0781,0.0782,23910.9
2026-08-09 04:55:00,0.0782,0.0782,0.078,0.078,139691.3
2026-08-09 05:00:00,0.0781,0.0782,0.0781,0.0782,44702.7
2026-08-09 05:05:00,0.0782,0.0782,0.0781,0.0781,19198.7
2026-08-09 05:10:00,0.0781,0.0782,0.0781,0.0782,149902.3
2026-08-09 05:15:00,0.0781,0.0782,0.0781,0.0781,88814.5
2026-08-09 05:20:00,0.078,0.078,0.0779,0.078,85902.9
2026-08-09 05:25:00,0.0781,0.0781,0.0779,0.0779,60248.5
2026-08-09 05:30:00,0.0779,0.0779,0.0777,0.0779,165165.9
2026-08-09 05:35:00,0.0779,0.0779,0.0776,0.0777,147405.1
2026-08-09 05:40:00,0.0777,0.0777,0.0776,0.0776,49139.7
2026-08-09 05:45:00,0.0776,0.0777,0.0776,0.0776,399695.6
2026-08-09 05:50:00,0.0776,0.0777,0.0776,0.0776,29592.8
2026-08-09 05:55:00,0.0777,0.0778,0.0777,0.0777,177456.2
2026-08-09 06:00:00,0.0777,0.0778,0.0777,0.0777,61514.8
2026-08-09 06:05:00,0.0778,0.0778,0.0777,0.0778,65528.9
2026-08-09 06:10:00,0.0778,0.0778,0.0776,0.0778,49640.7
2026-08-09 06:15:00,0.0778,0.0779,0.0778,0.0779,3506.8
2026-08-09 06:20:00,0.0779,0.078,0.0779,0.0779,75960.9
2026-08-09 06:25:00,0.0779,0.078,0.0779,0.0779,43661.0
2026-08-09 06:30:00,0.078,0.0781,0.078,0.078,12438.0
2026-08-09 06:35:00,0.0779,0.0781,0.0779,0.0781,24184.5
2026-08-09 06:40:00,0.0781,0.0781,0.0781,0.0781,3331.9
2026-08-09 06:45:00,0.0781,0.0782,0.078,0.0781,66220.4
2026-08-09 06:50:00,0.0781,0.0782,0.078,0.078,37661.1
2026-08-09 06:55:00,0.078,0.0781,0.078,0.0781,99264.5
2026-08-09 07:00:00,0.0781,0.0781,0.078,0.078,33508.6
2026-08-09 07:05:00,0.078,0.078,0.0778,0.0779,208091.6
2026-08-09 07:10:00,0.0779,0.078,0.0777,0.0779,246514.7
2026-08-09 07:15:00,0.078,0.078,0.0777,0.0778,155987.7
2026-08-09 07:20:00,0.0777,0.0778,0.0777,0.0777,188955.7
2026-08-09 07:25:00,0.0778,0.078,0.0778,0.078,124461.3
2026-08-09 07:30:00,0.078,0.078,0.0779,0.0779,90088.0
2026-08-09 07:35:00,0.0779,0.0779,0.0778,0.0778,79624.3
2026-08-09 07:40:00,0.0778,0.0778,0.0778,0.0778,9366.2
2026-08-09 07:45:00,0.0778,0.0779,0.0777,0.0777,205424.4
2026-08-09 07:50:00,0.0777,0.0778,0.0776,0.0777,120292.5
2026-08-09 07:55:00,0.0777,0.0778,0.0777,0.0778,364434.3
2026-08-09 08:00:00,0.0778,0.078,0.0778,0.0779,223199.3
2026-08-09 08:05:00,0.078,0.078,0.0778,0.0779,66947.0
2026-08-09 08:10:00,0.0778,0.0778,0.0777,0.0778,82945.8
2026-08-09 08:15:00,0.0779,0.0779,0.0777,0.0777,13075.6
2026-08-09 08:20:00,0.0777,0.0778,0.0777,0.0778,39460.3
2026-08-09 08:25:00,0.0778,0.0778,0.0776,0.0776,141429.1
2026-08-09 08:30:00,0.0777,0.0778,0.0776,0.0777,42366.8
2026-08-09 08:35:00,0.0777,0.0778,0.0776,0.0777,24918.3
2026-08-09 08:40:00,0.0776,0.0776,0.0769,0.0771,1039957.6
2026-08-09 08:45:00,0.0772,0.0773,0.0771,0.0773,887234.4
2026-08-09 08:50:00,0.0772,0.0774,0.0772,0.0773,95014.7
2026-08-09 08:55:00,0.0773,0.0773,0.0772,0.0772,104750.6
2026-08-09 09:00:00,0.0772,0.0773,0.0771,0.0773,135635.7
2026-08-09 09:05:00,0.0772,0.0773,0.0771,0.0773,380566.4
2026-08-09 09:10:00,0.0773,0.0773,0.0771,0.0772,388483.6
2026-08-09 09:15:00,0.0773,0.0773,0.0772,0.0773,207675.8
2026-08-09 09:20:00,0.0772,0.0774,0.0771,0.0774,276140.2
2026-08-09 09:25:00,0.0774,0.0774,0.0772,0.0773,105064.7
2026-08-09 09:30:00,0.0773,0.0773,0.0772,0.0773,78336.2
2026-08-09 09:35:00,0.0773,0.0774,0.0772,0.0774,42069.7
2026-08-09 09:40:00,0.0773,0.0774,0.0772,0.0772,100939.9
2026-08-09 09:45:00,0.0773,0.0773,0.0772,0.0773,66515.7
2026-08-09 09:50:00,0.0774,0.0775,0.0774,0.0775,88831.1
2026-08-09 09:55:00,0.0775,0.0775,0.0774,0.0774,37032.3
2026-08-09 10:00:00,0.0775,0.0775,0.0773,0.0774,79841.8
2026-08-09 10:05:00,0.0775,0.0775,0.0773,0.0773,60462.3
2026-08-09 10:10:00,0.0774,0.0775,0.0774,0.0775,46147.0
2026-08-09 10:15:00,0.0774,0.0775,0.0774,0.0775,26293.3
2026-08-09 10:20:00,0.0775,0.0775,0.0774,0.0775,66379.5
2026-08-09 10:25:00,0.0775,0.0776,0.0775,0.0775,125716.0
2026-08-09 10:30:00,0.0774,0.0775,0.0774,0.0775,22258.4
2026-08-09 10:35:00,0.0774,0.0775,0.0774,0.0774,24491.4
2026-08-09 10:40:00,0.0774,0.0775,0.0774,0.0774,39210.0
2026-08-09 10:45:00,0.0774,0.0776,0.0774,0.0776,52237.4
2026-08-09 10:50:00,0.0776,0.0776,0.0775,0.0776,61523.3
2026-08-09 10:55:00,0.0776,0.0777,0.0775,0.0777,117240.9
2026-08-09 11:00:00,0.0777,0.0777,0.0775,0.0775,119073.4
2026-08-09 11:05:00,0.0775,0.0775,0.0774,0.0774,3781.6
2026-08-09 11:10:00,0.0775,0.0775,0.0774,0.0775,64474.3
2026-08-09 11:15:00,0.0775,0.0775,0.0774,0.0775,60151.5
2026-08-09 11:20:00,0.0776,0.0776,0.0775,0.0775,69169.9
2026-08-09 11:25:00,0.0775,0.0775,0.0774,0.0775,16427.8
2026-08-09 11:30:00,0.0775,0.0776,0.0775,0.0776,6311.0
2026-08-09 11:35:00,0.0775,0.0775,0.0775,0.0775,46342.4
2026-08-09 11:40:00,0.0775,0.0776,0.0774,0.0776,119857.1
2026-08-09 11:45:00,0.0776,0.0776,0.0775,0.0775,53467.5
2026-08-09 11:50:00,0.0776,0.0776,0.0774,0.0774,21262.2
2026-08-09 11:55:00,0.0775,0.0776,0.0775,0.0776,43964.4
2026-08-09 12:00:00,0.0776,0.0777,0.0774,0.0774,225663.9
2026-08-09 12:05:00,0.0775,0.0776,0.0775,0.0776,11206.5
2026-08-09 12:10:00,0.0775,0.0777,0.0775,0.0776,39139.1
2026-08-09 12:15:00,0.0776,0.0777,0.0775,0.0775,150571.6
2026-08-09 12:20:00,0.0775,0.0776,0.0775,0.0776,21219.2
2026-08-09 12:25:00,0.0776,0.0777,0.0776,0.0776,111561.9
2026-08-09 12:30:00,0.0776,0.0776,0.0775,0.0776,35519.2
2026-08-09 12:35:00,0.0775,0.0776,0.0775,0.0776,30327.8
2026-08-09 12:40:00,0.0776,0.0776,0.0775,0.0775,69951.3
2026-08-09 12:45:00,0.0776,0.0777,0.0776,0.0776,46740.9
2026-08-09 12:50:00,0.0777,0.0777,0.0776,0.0776,10359.5
2026-08-09 12:55:00,0.0776,0.0777,0.0775,0.0776,250723.2
2026-08-09 13:00:00,0.0777,0.0778,0.0777,0.0778,81599.3
2026-08-09 13:05:00,0.0778,0.0778,0.0777,0.0777,14169.0
2026-08-09 13:10:00,0.0776,0.0778,0.0776,0.0778,146035.3
2026-08-09 13:15:00,0.0778,0.0779,0.0778,0.0778,86706.1
2026-08-09 13:20:00,0.0778,0.0779,0.0777,0.0778,52836.0
2026-08-09 13:25:00,0.0778,0.0779,0.0778,0.0779,15307.8
2026-08-09 13:30:00,0.0779,0.0779,0.0777,0.0778,91213.2
2026-08-09 13:35:00,0.0778,0.0779,0.0777,0.0779,390185.4
2026-08-09 13:40:00,0.0778,0.078,0.0778,0.0779,340286.7
2026-08-09 13:45:00,0.0779,0.0779,0.0778,0.0779,55870.2
2026-08-09 13:50:00,0.0779,0.0779,0.0776,0.0778,244194.1
2026-08-09 13:55:00,0.0778,0.0778,0.0777,0.0778,30133.3
2026-08-09 14:00:00,0.0778,0.0778,0.0776,0.0777,752088.2
2026-08-09 14:05:00,0.0777,0.0778,0.0776,0.0777,134787.3
2026-08-09 14:10:00,0.0777,0.0778,0.0776,0.0778,69616.7
2026-08-09 14:15:00,0.0778,0.0778,0.0777,0.0777,72107.8
2026-08-09 14:20:00,0.0778,0.0779,0.0777,0.0778,33935.6
2026-08-09 14:25:00,0.0778,0.0779,0.0777,0.0779,131194.5
2026-08-09 14:30:00,0.0779,0.078,0.0778,0.0779,20994.1
2026-08-09 14:35:00,0.0779,0.078,0.0779,0.078,12921.8
2026-08-09 14:40:00,0.0779,0.0781,0.0779,0.0781,274197.9
2026-08-09 14:45:00,0.078,0.0781,0.078,0.078,32013.3
2026-08-09 14:50:00,0.078,0.0781,0.078,0.0781,72351.7
2026-08-09 14:55:00,0.0781,0.0782,0.078,0.0781,85308.5
2026-08-09 15:00:00,0.0781,0.0783,0.0781,0.0782,202061.1
2026-08-09 15:05:00,0.0783,0.0783,0.0781,0.0781,13913.9
2026-08-09 15:10:00,0.0781,0.0783,0.0781,0.0783,41238.5
2026-08-09 15:15:00,0.0782,0.0784,0.0782,0.0784,170842.5
2026-08-09 15:20:00,0.0784,0.0784,0.0782,0.0784,271377.7
2026-08-09 15:25:00,0.0784,0.0784,0.0783,0.0783,189848.4
2026-08-09 15:30:00,0.0784,0.0786,0.0784,0.0784,609247.7
2026-08-09 15:35:00,0.0785,0.0785,0.0784,0.0785,5871.9
2026-08-09 15:40:00,0.0785,0.0785,0.0784,0.0784,46101.9
2026-08-09 15:45:00,0.0783,0.0786,0.0783,0.0785,67738.2
2026-08-09 15:50:00,0.0785,0.0786,0.0784,0.0785,61727.8
2026-08-09 15:55:00,0.0785,0.0786,0.0784,0.0786,221576.7
2026-08-09 16:00:00,0.0786,0.0788,0.0786,0.0786,190007.8
2026-08-09 16:05:00,0.0786,0.0786,0.0785,0.0785,24382.2
2026-08-09 16:10:00,0.0785,0.0785,0.0783,0.0785,123458.8
2026-08-09 16:15:00,0.0784,0.0785,0.0784,0.0785,293123.8
2026-08-09 16:20:00,0.0785,0.0786,0.0784,0.0784,140358.7
2026-08-09 16:25:00,0.0784,0.0784,0.0783,0.0784,122086.3
2026-08-09 16:30:00,0.0784,0.0785,0.0784,0.0785,46378.9
2026-08-09 16:35:00,0.0784,0.0785,0.0784,0.0784,24381.1
2026-08-09 16:40:00,0.0785,0.0785,0.0784,0.0785,3714.8
2026-08-09 16:45:00,0.0785,0.0786,0.0785,0.0786,57980.7
2026-08-09 16:50:00,0.0785,0.0786,0.0785,0.0785,12328.1
2026-08-09 16:55:00,0.0786,0.0787,0.0785,0.0786,240001.5
2026-08-09 17:00:00,0.0786,0.0788,0.0786,0.0787,58425.2
2026-08-09 17:05:00,0.0788,0.0788,0.0786,0.0787,132366.3
2026-08-09 17:10:00,0.0787,0.0787,0.0785,0.0785,27061.4
2026-08-09 17:15:00,0.0785,0.0786,0.0785,0.0786,8277.0
2026-08-09 17:20:00,0.0785,0.0786,0.0784,0.0785,157166.9
2026-08-09 17:25:00,0.0785,0.0786,0.0785,0.0786,18701.4
2026-08-09 17:30:00,0.0786,0.0786,0.0785,0.0785,43260.3
2026-08-09 17:35:00,0.0785,0.0786,0.0785,0.0785,51336.0
2026-08-09 17:40:00,0.0786,0.0786,0.0785,0.0786,10348.3
2026-08-09 17:45:00,0.0786,0.0786,0.0785,0.0785,19219.8
2026-08-09 17:50:00,0.0784,0.0786,0.0784,0.0785,58296.5
2026-08-09 17:55:00,0.0785,0.0787,0.0784,0.0787,36522.2
2026-08-09 18:00:00,0.0787,0.0787,0.0785,0.0786,113514.0
2026-08-09 18:05:00,0.0787,0.0787,0.0786,0.0787,22852.1
2026-08-09 18:10:00,0.0787,0.0787,0.0785,0.0785,177333.2
2026-08-09 18:15:00,0.0784,0.0786,0.0784,0.0786,29594.9
2026-08-09 18:20:00,0.0785,0.0786,0.0784,0.0784,16532.1
2026-08-09 18:25:00,0.0784,0.0786,0.0784,0.0786,13369.9
2026-08-09 18:30:00,0.0786,0.0786,0.0785,0.0785,7300.9
2026-08-09 18:35:00,0.0786,0.0786,0.0786,0.0786,48272.4
2026-08-09 18:40:00,0.0785,0.0786,0.0785,0.0786,10078.5
2026-08-09 18:45:00,0.0785,0.0786,0.0785,0.0785,3221.4
2026-08-09 18:50:00,0.0786,0.0786,0.0785,0.0785,13266.2
2026-08-09 18:55:00,0.0786,0.0786,0.0785,0.0785,58402.1
2026-08-09 19:00:00,0.0785,0.0785,0.0785,0.0785,500.0
2026-08-09 19:05:00,0.0785,0.0785,0.0784,0.0785,43240.0
2026-08-09 19:10:00,0.0785,0.0785,0.0784,0.0785,4287.1
2026-08-09 19:15:00,0.0785,0.0785,0.0784,0.0784,3258.8
2026-08-09 19:20:00,0.0784,0.0785,0.0783,0.0784,52001.6
2026-08-09 19:25:00,0.0784,0.0785,0.0783,0.0784,151133.8
2026-08-09 19:30:00,0.0785,0.0785,0.0784,0.0784,33699.2
2026-08-09 19:35:00,0.0784,0.0786,0.0784,0.0786,30267.2
2026-08-09 19:40:00,0.0786,0.0789,0.0786,0.0787,316934.7
2026-08-09 19:45:00,0.0787,0.0788,0.0787,0.0787,33415.5
2026-08-09 19:50:00,0.0787,0.0788,0.0787,0.0788,115941.9
2026-08-09 19:55:00,0.0788,0.0789,0.0788,0.0788,169716.2
2026-08-09 20:00:00,0.0788,0.0793,0.0788,0.0791,586318.3
2026-08-09 20:05:00,0.0791,0.0791,0.079,0.0791,83308.0
2026-08-09 20:10:00,0.0792,0.0793,0.0791,0.0792,277430.4
2026-08-09 20:15:00,0.0792,0.0795,0.0792,0.0795,228182.4
2026-08-09 20:20:00,0.0795,0.0798,0.0795,0.0798,483368.7
2026-08-09 20:25:00,0.0798,0.0798,0.0796,0.0796,362545.4
2026-08-09 20:30:00,0.0796,0.0798,0.0795,0.0796,123782.3
2026-08-09 20:35:00,0.0797,0.0797,0.0795,0.0795,91788.7
2026-08-09 20:40:00,0.0796,0.0799,0.0796,0.0798,83718.3
2026-08-09 20:45:00,0.0798,0.0799,0.0797,0.0798,136470.1
2026-08-09 20:50:00,0.0798,0.0799,0.0796,0.0796,270600.5
2026-08-09 20:55:00,0.0795,0.0798,0.0795,0.0798,70455.0
2026-08-09 21:00:00,0.0798,0.0798,0.0796,0.0796,32447.8
2026-08-09 21:05:00,0.0796,0.0797,0.0793,0.0793,160465.2
2026-08-09 21:10:00,0.0793,0.0794,0.0792,0.0793,196034.1
2026-08-09 21:15:00,0.0793,0.0793,0.0792,0.0792,186856.8
2026-08-09 21:20:00,0.0793,0.0794,0.0793,0.0794,132471.3
2026-08-09 21:25:00,0.0793,0.0795,0.0793,0.0795,54357.9
2026-08-09 21:30:00,0.0795,0.08,0.0794,0.0797,446071.9
2026-08-09 21:35:00,0.0798,0.0804,0.0798,0.0804,805669.6
2026-08-09 21:40:00,0.0804,0.0807,0.0802,0.0803,347971.4
2026-08-09 21:45:00,0.0803,0.0804,0.0803,0.0803,112583.8
2026-08-09 21:50:00,0.0803,0.0807,0.0803,0.0806,61795.8
2026-08-09 21:55:00,0.0806,0.0806,0.0804,0.0805,127030.6
2026-08-09 22:00:00,0.0806,0.0807,0.0802,0.0804,187716.1
2026-08-09 22:05:00,0.0804,0.0805,0.0803,0.0804,80631.6
2026-08-09 22:10:00,0.0804,0.0807,0.0803,0.0806,318579.6
2026-08-09 22:15:00,0.0806,0.0806,0.0803,0.0804,151252.8
2026-08-09 22:20:00,0.0804,0.0804,0.08,0.08,743126.0
2026-08-09 22:25:00,0.08,0.0801,0.0799,0.0799,135262.3
2026-08-09 22:30:00,0.0799,0.0799,0.0796,0.0796,142430.7
2026-08-09 22:35:00,0.0796,0.0796,0.0793,0.0793,403416.1
2026-08-09 22:40:00,0.0792,0.0793,0.0792,0.0793,96436.8
2026-08-09 22:45:00,0.0792,0.0792,0.079,0.079,198702.2
2026-08-09 22:50:00,0.079,0.079,0.0787,0.0789,201234.6
2026-08-09 22:55:00,0.079,0.079,0.0789,0.0789,170863.8
2026-08-09 23:00:00,0.0789,0.079,0.0788,0.079,213648.0
2026-08-09 23:05:00,0.0789,0.0789,0.0787,0.0788,33115.9
2026-08-09 23:10:00,0.0788,0.0789,0.0788,0.0788,19726.3
2026-08-09 23:15:00,0.0787,0.0788,0.0786,0.0786,406325.3
2026-08-09 23:20:00,0.0786,0.0786,0.0783,0.0784,560855.1
2026-08-09 23:25:00,0.0783,0.0784,0.078,0.0781,242520.4
2026-08-09 23:30:00,0.0781,0.0781,0.0778,0.078,315824.2
2026-08-09 23:35:00,0.078,0.0782,0.078,0.0782,170783.4
2026-08-09 23:40:00,0.0781,0.0782,0.078,0.078,127829.5
2026-08-09 23:45:00,0.0779,0.078,0.0779,0.078,54699.3
2026-08-09 23:50:00,0.0779,0.0779,0.0777,0.0778,176271.3
2026-08-09 23:55:00,0.0777,0.0778,0.0776,0.0778,290632.2
2026-08-10 00:00:00,0.0778,0.0779,0.0776,0.0779,157866.8
2026-08-10 00:05:00,0.0779,0.0783,0.0779,0.0782,108174.1
2026-08-10 00:10:00,0.0782,0.0786,0.0782,0.0783,299459.6
2026-08-10 00:15:00,0.0782,0.0783,0.0782,0.0782,6620.5
2026-08-10 00:20:00,0.0782,0.0783,0.0781,0.0781,10097.7
2026-08-10 00:25:00,0.0781,0.0783,0.0781,0.0781,136098.0
2026-08-10 00:30:00,0.078,0.078,0.0779,0.0779,148049.0
2026-08-10 00:35:00,0.078,0.078,0.0776,0.0776,42967.6
2026-08-10 00:40:00,0.0777,0.0778,0.0775,0.0776,255880.2
2026-08-10 00:45:00,0.0776,0.0779,0.0776,0.0779,36267.9
2026-08-10 00:50:00,0.0779,0.0782,0.0779,0.0782,338243.5
2026-08-10 00:55:00,0.0782,0.0783,0.078,0.078,80570.5
2026-08-10 01:00:00,0.078,0.0781,0.078,0.078,99517.3
2026-08-10 01:05:00,0.078,0.0781,0.0779,0.0781,17128.1
2026-08-10 01:10:00,0.0781,0.0783,0.0781,0.0782,24401.2
2026-08-10 01:15:00,0.0783,0.0783,0.0782,0.0782,255656.9
2026-08-10 01:20:00,0.0782,0.0782,0.078,0.0781,270499.4
2026-08-10 01:25:00,0.0781,0.0781,0.0781,0.0781,20881.7
2026-08-10 01:30:00,0.0781,0.0781,0.078,0.078,59952.2
2026-08-10 01:35:00,0.078,0.0781,0.0778,0.0779,138452.4
2026-08-10 01:40:00,0.0779,0.078,0.0778,0.078,255413.4
2026-08-10 01:45:00,0.0779,0.0784,0.0779,0.0784,138291.1
2026-08-10 01:50:00,0.0785,0.0789,0.0785,0.0786,422327.3
2026-08-10 01:55:00,0.0786,0.0787,0.0786,0.0787,34610.1
2026-08-10 02:00:00,0.0787,0.0787,0.0784,0.0784,103110.7
2026-08-10 02:05:00,0.0786,0.0787,0.0785,0.0786,101717.8
2026-08-10 02:10:00,0.0786,0.0787,0.0786,0.0786,66994.1
2026-08-10 02:15:00,0.0786,0.0786,0.0782,0.0782,113934.6
2026-08-10 02:20:00,0.0782,0.0783,0.0782,0.0782,97165.2
2026-08-10 02:25:00,0.0782,0.0783,0.0782,0.0783,71457.9
2026-08-10 02:30:00,0.0784,0.0785,0.0784,0.0784,152462.3
2026-08-10 02:35:00,0.0785,0.0787,0.0785,0.0787,137332.7
2026-08-10 02:40:00,0.0786,0.0791,0.0786,0.079,408799.0
2026-08-10 02:45:00,0.079,0.079,0.0789,0.0789,50059.4
2026-08-10 02:50:00,0.0789,0.079,0.0789,0.0789,51902.3
2026-08-10 02:55:00,0.079,0.0791,0.0789,0.079,86940.0
2026-08-10 03:00:00,0.079,0.079,0.0789,0.079,75725.7
2026-08-10 03:05:00,0.079,0.079,0.0789,0.0789,61723.6
2026-08-10 03:10:00,0.0789,0.0789,0.0786,0.0786,84723.7
2026-08-10 03:15:00,0.0786,0.0788,0.0785,0.0788,256151.9
2026-08-10 03:20:00,0.0789,0.0791,0.0788,0.079,162072.2
2026-08-10 03:25:00,0.079,0.079,0.0785,0.0785,122611.7
2026-08-10 03:30:00,0.0785,0.0787,0.0785,0.0787,25614.9
2026-08-10 03:35:00,0.0787,0.0787,0.0787,0.0787,20266.3
2026-08-10 03:40:00,0.0787,0.0787,0.0785,0.0785,91290.2
2026-08-10 03:45:00,0.0785,0.0786,0.0785,0.0786,4965.0
2026-08-10 03:50:00,0.0786,0.0786,0.0786,0.0786,1945.4
2026-08-10 03:55:00,0.0785,0.0785,0.0784,0.0784,83722.9
2026-08-10 04:00:00,0.0784,0.0785,0.0784,0.0785,78918.6
2026-08-10 04:05:00,0.0785,0.0785,0.0784,0.0785,26873.0
2026-08-10 04:10:00,0.0785,0.0785,0.0784,0.0785,72716.6
2026-08-10 04:15:00,0.0785,0.0787,0.0785,0.0786,32006.7
2026-08-10 04:20:00,0.0785,0.0786,0.0784,0.0784,20260.9
2026-08-10 04:25:00,0.0785,0.0785,0.0784,0.0784,19511.2
2026-08-10 04:30:00,0.0785,0.0787,0.0785,0.0785,32302.8
2026-08-10 04:35:00,0.0784,0.0788,0.0784,0.0787,176165.4
2026-08-10 04:40:00,0.0786,0.0786,0.0784,0.0785,156228.0
2026-08-10 04:45:00,0.0786,0.0787,0.0786,0.0787,6340.3
2026-08-10 04:50:00,0.0786,0.0786,0.0785,0.0785,78239.7
2026-08-10 04:55:00,0.0785,0.0786,0.0784,0.0786,81693.3
2026-08-10 05:00:00,0.0786,0.0789,0.0786,0.0789,169406.5
2026-08-10 05:05:00,0.0789,0.0791,0.0789,0.079,68426.3
2026-08-10 05:10:00,0.0791,0.0792,0.0789,0.0789,78982.7
2026-08-10 05:15:00,0.079,0.079,0.079,0.079,49696.1
2026-08-10 05:20:00,0.079,0.0792,0.079,0.0792,12594.7
2026-08-10 05:25:00,0.0792,0.0793,0.0791,0.0793,89124.2
2026-08-10 05:30:00,0.0792,0.0792,0.0791,0.0792,51172.6
2026-08-10 05:35:00,0.0793,0.0793,0.0793,0.0793,31077.2
2026-08-10 05:40:00,0.0793,0.0793,0.0792,0.0793,60279.9
2026-08-10 05:45:00,0.0794,0.0797,0.0794,0.0796,558001.2
2026-08-10 05:50:00,0.0796,0.0797,0.0795,0.0797,360062.9
2026-08-10 05:55:00,0.0798,0.0798,0.0795,0.0797,147098.9
2026-08-10 06:00:00,0.0796,0.0801,0.0796,0.0799,670945.0
2026-08-10 06:05:00,0.0799,0.0799,0.0797,0.0797,99008.3
2026-08-10 06:10:00,0.0797,0.0799,0.0797,0.0797,487790.1
2026-08-10 06:15:00,0.0797,0.0798,0.0796,0.0798,297320.3
2026-08-10 06:20:00,0.0797,0.0798,0.0795,0.0797,215729.1
2026-08-10 06:25:00,0.0796,0.0797,0.0796,0.0796,93637.2
2026-08-10 06:30:00,0.0796,0.0798,0.0796,0.0796,133267.4
2026-08-10 06:35:00,0.0797,0.08,0.0796,0.0797,370383.0
2026-08-10 06:40:00,0.0797,0.0797,0.0795,0.0797,1031848.6
2026-08-10 06:45:00,0.0797,0.0797,0.0795,0.0795,178899.4
2026-08-10 06:50:00,0.0795,0.0797,0.0794,0.0795,182366.4
2026-08-10 06:55:00,0.0795,0.0798,0.0795,0.0797,296452.8
2026-08-10 07:00:00,0.0798,0.0798,0.0796,0.0796,150820.1
2026-08-10 07:05:00,0.0797,0.08,0.0797,0.08,282761.1
2026-08-10 07:10:00,0.08,0.0805,0.08,0.0805,830509.4
2026-08-10 07:15:00,0.0805,0.0805,0.0802,0.0803,223181.5
2026-08-10 07:20:00,0.0803,0.0804,0.0802,0.0802,407033.4
2026-08-10 07:25:00,0.0801,0.0803,0.08,0.0801,464376.3
2026-08-10 07:30:00,0.0802,0.0803,0.0801,0.0803,49797.1
2026-08-10 07:35:00,0.0803,0.0804,0.0801,0.0801,97237.8
2026-08-10 07:40:00,0.0802,0.0802,0.0801,0.0802,27468.4
2026-08-10 07:45:00,0.0802,0.0803,0.0801,0.0802,147987.9
2026-08-10 07:50:00,0.0802,0.0804,0.0801,0.0801,445444.3
2026-08-10 07:55:00,0.0801,0.0804,0.0801,0.0803,100546.2
2026-08-10 08:00:00,0.0803,0.0805,0.0802,0.0803,435841.7
2026-08-10 08:05:00,0.0803,0.0804,0.0801,0.0802,173927.7
2026-08-10 08:10:00,0.0802,0.0805,0.0801,0.0801,190715.1
2026-08-10 08:15:00,0.0801,0.0802,0.08,0.0801,204829.7
2026-08-10 08:20:00,0.0802,0.0802,0.08,0.0801,89195.3
2026-08-10 08:25:00,0.0801,0.0802,0.0801,0.0801,87647.2
2026-08-10 08:30:00,0.0801,0.0802,0.0799,0.08,130435.2
2026-08-10 08:35:00,0.08,0.08,0.0798,0.0798,115645.7
2026-08-10 08:40:00,0.0798,0.0798,0.0796,0.0797,106735.5
2026-08-10 08:45:00,0.0797,0.0798,0.0796,0.0798,237633.1
2026-08-10 08:50:00,0.0797,0.0799,0.0797,0.0798,71755.9
2026-08-10 08:55:00,0.0798,0.0801,0.0798,0.08,283152.7
2026-08-10 09:00:00,0.0799,0.08,0.0798,0.08,75356.5
2026-08-10 09:05:00,0.08,0.0802,0.0799,0.0802,425720.3
2026-08-10 09:10:00,0.0801,0.0803,0.08,0.0802,83665.5
2026-08-10 09:15:00,0.0801,0.0801,0.0799,0.0799,182707.7
2026-08-10 09:20:00,0.0799,0.0799,0.0798,0.0799,23871.9
2026-08-10 09:25:00,0.0798,0.0798,0.0797,0.0797,126442.8
2026-08-10 09:30:00,0.0797,0.0797,0.0796,0.0797,92872.4
2026-08-10 09:35:00,0.0798,0.0799,0.0798,0.0798,202360.9
2026-08-10 09:40:00,0.0797,0.0799,0.0797,0.0799,17789.1
2026-08-10 09:45:00,0.0799,0.0799,0.0798,0.0798,23719.3
2026-08-10 09:50:00,0.0799,0.08,0.0799,0.0799,87073.1
2026-08-10 09:55:00,0.0798,0.0798,0.0796,0.0797,50771.5
2026-08-10 10:00:00,0.0797,0.0798,0.0796,0.0798,94707.7
2026-08-10 10:05:00,0.0797,0.0797,0.0794,0.0795,183991.0
2026-08-10 10:10:00,0.0795,0.0795,0.0794,0.0795,150784.8
2026-08-10 10:15:00,0.0795,0.0796,0.0794,0.0795,68879.1
2026-08-10 10:20:00,0.0795,0.0796,0.0794,0.0796,93194.0
2026-08-10 10:25:00,0.0796,0.0797,0.0795,0.0795,147905.1
2026-08-10 10:30:00,0.0795,0.0796,0.0795,0.0796,27071.6
2026-08-10 10:35:00,0.0795,0.0795,0.0794,0.0794,18139.7
2026-08-10 10:40:00,0.0795,0.0796,0.0794,0.0796,18488.9
2026-08-10 10:45:00,0.0795,0.0797,0.0795,0.0797,192872.6
2026-08-10 10:50:00,0.0796,0.0797,0.0795,0.0796,28596.1
2026-08-10 10:55:00,0.0795,0.0796,0.0795,0.0795,18643.9
2026-08-10 11:00:00,0.0796,0.0796,0.0794,0.0795,84656.1
2026-08-10 11:05:00,0.0794,0.0794,0.0791,0.0792,333370.3
2026-08-10 11:10:00,0.0792,0.0796,0.0792,0.0796,122829.9
2026-08-10 11:15:00,0.0795,0.0797,0.0795,0.0796,88925.5
2026-08-10 11:20:00,0.0796,0.0798,0.0796,0.0797,32642.1
2026-08-10 11:25:00,0.0797,0.0798,0.0796,0.0798,153574.5
2026-08-10 11:30:00,0.0798,0.0799,0.0798,0.0799,31377.7
2026-08-10 11:35:00,0.0799,0.08,0.0799,0.0799,104702.5
2026-08-10 11:40:00,0.08,0.08,0.0798,0.0798,56755.4
2026-08-10 11:45:00,0.0799,0.08,0.0799,0.0799,62435.4
2026-08-10 11:50:00,0.08,0.08,0.0799,0.0799,56969.3
2026-08-10 11:55:00,0.0799,0.0801,0.0798,0.0799,254168.9
2026-08-10 12:00:00,0.0799,0.0803,0.0799,0.0802,126888.2
2026-08-10 12:05:00,0.0803,0.0804,0.0801,0.0801,272162.9
2026-08-10 12:10:00,0.0801,0.0801,0.0799,0.08,62922.0
2026-08-10 12:15:00,0.08,0.0801,0.0799,0.08,53995.5
2026-08-10 12:20:00,0.0799,0.08,0.0799,0.0799,105742.0
2026-08-10 12:25:00,0.0798,0.0799,0.0796,0.0798,435885.5
2026-08-10 12:30:00,0.0798,0.0799,0.0797,0.0799,178503.6
2026-08-10 12:35:00,0.0798,0.0799,0.0798,0.0799,80844.2
2026-08-10 12:40:00,0.0799,0.0804,0.0799,0.0804,124670.2
2026-08-10 12:45:00,0.0803,0.0803,0.0801,0.0803,150843.4
2026-08-10 12:50:00,0.0802,0.0803,0.08,0.0803,129137.2
2026-08-10 12:55:00,0.0802,0.0803,0.0802,0.0802,99016.8
2026-08-10 13:00:00,0.0802,0.0805,0.0802,0.0802,106910.0
2026-08-10 13:05:00,0.0803,0.0806,0.0803,0.0805,322009.6
2026-08-10 13:10:00,0.0806,0.0807,0.0805,0.0806,114736.7
2026-08-10 13:15:00,0.0807,0.0807,0.0805,0.0807,440802.1
2026-08-10 13:20:00,0.0807,0.081,0.0806,0.0808,305941.7
2026-08-10 13:25:00,0.0808,0.0808,0.0805,0.0806,93856.4
2026-08-10 13:30:00,0.0806,0.0807,0.0803,0.0803,520897.7
2026-08-10 13:35:00,0.0803,0.0807,0.0803,0.0805,209817.9
2026-08-10 13:40:00,0.0805,0.0806,0.0804,0.0806,132152.8
2026-08-10 13:45:00,0.0805,0.0806,0.0803,0.0804,129572.5
2026-08-10 13:50:00,0.0804,0.0805,0.0803,0.0804,334375.6
2026-08-10 13:55:00,0.0804,0.0807,0.0803,0.0805,321697.6
2026-08-10 14:00:00,0.0805,0.0809,0.0805,0.0808,376637.8
2026-08-10 14:05:00,0.0807,0.0808,0.0806,0.0807,106959.5
2026-08-10 14:10:00,0.0806,0.0807,0.0805,0.0806,85998.9
2026-08-10 14:15:00,0.0805,0.0805,0.0803,0.0805,149592.5
2026-08-10 14:20:00,0.0805,0.0807,0.0804,0.0805,153106.4
2026-08-10 14:25:00,0.0805,0.0808,0.0805,0.0808,131740.7
2026-08-10 14:30:00,0.0807,0.0807,0.0806,0.0807,57737.0
2026-08-10 14:35:00,0.0807,0.0807,0.0802,0.0803,240173.5
2026-08-10 14:40:00,0.0803,0.0805,0.0802,0.0804,211047.3
2026-08-10 14:45:00,0.0803,0.0803,0.0802,0.0802,45445.5
2026-08-10 14:50:00,0.0802,0.0803,0.0801,0.0801,84507.9
2026-08-10 14:55:00,0.0801,0.0801,0.0799,0.08,203364.3
2026-08-10 15:00:00,0.08,0.0802,0.0798,0.0801,76167.9
2026-08-10 15:05:00,0.0801,0.0802,0.0801,0.0802,72232.1
2026-08-10 15:10:00,0.0803,0.0803,0.0797,0.0797,425521.3
2026-08-10 15:15:00,0.0798,0.0802,0.0798,0.0801,145942.0
2026-08-10 15:20:00,0.0801,0.0803,0.08,0.08,243674.1
2026-08-10 15:25:00,0.0801,0.0801,0.0799,0.0801,135563.0
2026-08-10 15:30:00,0.0801,0.0801,0.0799,0.08,100980.6
2026-08-10 15:35:00,0.08,0.0801,0.0799,0.08,168636.8
2026-08-10 15:40:00,0.0799,0.0803,0.0799,0.0802,130042.1
2026-08-10 15:45:00,0.0802,0.0802,0.0801,0.0801,32490.9
2026-08-10 15:50:00,0.08,0.0804,0.0799,0.08,250679.3
2026-08-10 15:55:00,0.08,0.0801,0.08,0.0801,4956.5
2026-08-10 16:00:00,0.08,0.0801,0.0799,0.08,137312.7
2026-08-10 16:05:00,0.08,0.0801,0.08,0.0801,70741.5
2026-08-10 16:10:00,0.0801,0.0802,0.08,0.08,75973.7
2026-08-10 16:15:00,0.08,0.08,0.0799,0.0799,51190.9
2026-08-10 16:20:00,0.08,0.0802,0.0798,0.0801,320617.8
2026-08-10 16:25:00,0.0802,0.0803,0.0799,0.0799,263125.5
2026-08-10 16:30:00,0.0799,0.0801,0.0799,0.0799,697460.2
2026-08-10 16:35:00,0.0799,0.0804,0.0799,0.0804,386726.1
2026-08-10 16:40:00,0.0804,0.0805,0.0802,0.0802,195279.8
2026-08-10 16:45:00,0.0801,0.0801,0.0799,0.0799,176149.0
2026-08-10 16:50:00,0.0799,0.0801,0.0799,0.0799,199207.0
2026-08-10 16:55:00,0.08,0.08,0.0795,0.0799,290623.3
2026-08-10 17:00:00,0.0799,0.08,0.0797,0.0798,441951.2
2026-08-10 17:05:00,0.0799,0.0802,0.0798,0.0801,226641.8
2026-08-10 17:10:00,0.0803,0.0807,0.0803,0.0806,164419.2
2026-08-10 17:15:00,0.0807,0.0807,0.0806,0.0806,166538.8
2026-08-10 17:20:00,0.0807,0.0808,0.0806,0.0807,177163.6
2026-08-10 17:25:00,0.0808,0.0808,0.0807,0.0808,249892.3
2026-08-10 17:30:00,0.0808,0.0809,0.0808,0.0808,83107.5
2026-08-10 17:35:00,0.0809,0.0809,0.0808,0.0808,172361.6
2026-08-10 17:40:00,0.0809,0.0809,0.0808,0.0808,23920.7
2026-08-10 17:45:00,0.0808,0.0808,0.0805,0.0805,237135.0
2026-08-10 17:50:00,0.0806,0.0806,0.0805,0.0805,159475.9
2026-08-10 17:55:00,0.0804,0.0805,0.0803,0.0804,78369.4
2026-08-10 18:00:00,0.0804,0.0807,0.0804,0.0806,190539.6
2026-08-10 18:05:00,0.0806,0.0808,0.0806,0.0806,73334.7
2026-08-10 18:10:00,0.0806,0.0806,0.0805,0.0805,136399.1
2026-08-10 18:15:00,0.0805,0.0806,0.0805,0.0805,114574.7
2026-08-10 18:20:00,0.0804,0.0805,0.0804,0.0805,15475.5
2026-08-10 18:25:00,0.0805,0.0805,0.0802,0.0803,30479.6
2026-08-10 18:30:00,0.0802,0.0802,0.0801,0.0801,131756.5
2026-08-10 18:35:00,0.08,0.08,0.0799,0.0799,186535.0
2026-08-10 18:40:00,0.08,0.0801,0.08,0.0801,18037.7
2026-08-10 18:45:00,0.0801,0.0802,0.0799,0.0802,119393.4
2026-08-10 18:50:00,0.0801,0.0801,0.08,0.08,205551.9
2026-08-10 18:55:00,0.0801,0.0802,0.08,0.0801,286677.2
2026-08-10 19:00:00,0.08,0.0801,0.08,0.0801,327921.4
2026-08-10 19:05:00,0.0801,0.0802,0.0801,0.0802,116622.9
2026-08-10 19:10:00,0.0801,0.0805,0.0801,0.0805,60470.0
2026-08-10 19:15:00,0.0804,0.0805,0.0804,0.0805,60229.0
2026-08-10 19:20:00,0.0805,0.0807,0.0805,0.0806,103061.1
2026-08-10 19:25:00,0.0807,0.0809,0.0806,0.0807,268949.0
2026-08-10 19:30:00,0.0808,0.0809,0.0807,0.0809,187158.6
2026-08-10 19:35:00,0.0808,0.0808,0.0807,0.0807,236135.3
2026-08-10 19:40:00,0.0807,0.0808,0.0807,0.0808,5072.8
2026-08-10 19:45:00,0.0808,0.0809,0.0807,0.0808,108039.4
2026-08-10 19:50:00,0.0808,0.0809,0.0807,0.0807,112384.1
2026-08-10 19:55:00,0.0807,0.0807,0.0805,0.0806,165528.8
2026-08-10 20:00:00,0.0806,0.0806,0.0805,0.0806,50539.2
2026-08-10 20:05:00,0.0806,0.0807,0.0805,0.0805,212582.9
2026-08-10 20:10:00,0.0804,0.0805,0.0804,0.0805,122086.7
2026-08-10 20:15:00,0.0805,0.0807,0.0804,0.0806,46369.5
2026-08-10 20:20:00,0.0807,0.0807,0.0806,0.0806,25322.7
2026-08-10 20:25:00,0.0806,0.0806,0.0805,0.0806,22060.2
2026-08-10 20:30:00,0.0806,0.0807,0.0805,0.0805,10845.0
2026-08-10 20:35:00,0.0804,0.0805,0.0804,0.0804,41703.9
2026-08-10 20:40:00,0.0805,0.0805,0.0804,0.0805,3587.5
2026-08-10 20:45:00,0.0804,0.0804,0.0804,0.0804,144552.6
2026-08-10 20:50:00,0.0805,0.0806,0.0805,0.0805,20427.3
2026-08-10 20:55:00,0.0805,0.0806,0.0805,0.0805,4925.3
2026-08-10 21:00:00,0.0805,0.0805,0.0802,0.0804,181980.7
2026-08-10 21:05:00,0.0804,0.0805,0.0803,0.0803,91881.9
2026-08-10 21:10:00,0.0802,0.0802,0.0799,0.0799,78141.3
2026-08-10 21:15:00,0.0799,0.08,0.0799,0.0799,21535.9
2026-08-10 21:20:00,0.0798,0.0798,0.0796,0.0797,70870.3
2026-08-10 21:25:00,0.0796,0.0798,0.0796,0.0797,4720.0
2026-08-10 21:30:00,0.0798,0.0799,0.0796,0.0799,16583.3
2026-08-10 21:35:00,0.0799,0.08,0.0799,0.0799,43527.5
2026-08-10 21:40:00,0.0799,0.0799,0.0797,0.0797,127958.6
2026-08-10 21:45:00,0.0797,0.0797,0.0794,0.0796,302024.8
2026-08-10 21:50:00,0.0796,0.0797,0.0796,0.0796,36216.5
2026-08-10 21:55:00,0.0796,0.0796,0.0793,0.0795,948080.6
2026-08-10 22:00:00,0.0794,0.0795,0.0792,0.0794,227773.5
2026-08-10 22:05:00,0.0793,0.0796,0.0792,0.0795,257370.3
2026-08-10 22:10:00,0.0795,0.0797,0.0795,0.0797,321470.1
2026-08-10 22:15:00,0.0798,0.0799,0.0797,0.0799,16911.5
2026-08-10 22:20:00,0.0797,0.0798,0.0797,0.0797,1512.2
2026-08-10 22:25:00,0.0796,0.0796,0.0796,0.0796,109663.2
2026-08-10 22:30:00,0.0796,0.0796,0.0795,0.0795,31720.3
2026-08-10 22:35:00,0.0795,0.0797,0.0795,0.0796,67424.4
2026-08-10 22:40:00,0.0796,0.0797,0.0796,0.0796,14450.6
2026-08-10 22:45:00,0.0797,0.0797,0.0797,0.0797,4571.3
2026-08-10 22:50:00,0.0797,0.0797,0.0797,0.0797,27566.0
2026-08-10 22:55:00,0.0797,0.0798,0.0797,0.0798,1290.1
2026-08-10 23:00:00,0.0797,0.0798,0.0797,0.0798,51367.4
2026-08-10 23:05:00,0.0798,0.0799,0.0798,0.0798,14893.4
2026-08-10 23:10:00,0.0798,0.08,0.0798,0.0799,23269.3
2026-08-10 23:15:00,0.0799,0.0801,0.0799,0.08,74801.7
2026-08-10 23:20:00,0.08,0.0801,0.0799,0.0799,122126.2
2026-08-10 23:25:00,0.0799,0.08,0.0799,0.0799,64024.6
2026-08-10 23:30:00,0.0799,0.08,0.0799,0.08,24771.3
2026-08-10 23:35:00,0.0799,0.08,0.0799,0.0799,58746.2
2026-08-10 23:40:00,0.0799,0.08,0.0799,0.08,191182.4
2026-08-10 23:45:00,0.0799,0.08,0.0799,0.08,177750.8
2026-08-10 23:50:00,0.08,0.08,0.0799,0.08,76328.9
2026-08-10 23:55:00,0.08,0.0801,0.08,0.0801,73006.9
2026-08-11 00:00:00,0.0801,0.0801,0.08,0.0801,109186.7
2026-08-11 00:05:00,0.08,0.0801,0.0798,0.08,231897.9
2026-08-11 00:10:00,0.08,0.0802,0.08,0.0801,369269.5
2026-08-11 00:15:00,0.0802,0.0808,0.08,0.0806,1259671.2
2026-08-11 00:20:00,0.0806,0.0809,0.0805,0.0805,460125.9
2026-08-11 00:25:00,0.0805,0.0807,0.0804,0.0807,74962.2
2026-08-11 00:30:00,0.0808,0.0812,0.0807,0.0808,1784573.1
2026-08-11 00:35:00,0.0808,0.081,0.0808,0.0808,348061.4
2026-08-11 00:40:00,0.0808,0.081,0.0807,0.081,337219.8
2026-08-11 00:45:00,0.081,0.081,0.0809,0.081,478412.4
2026-08-11 00:50:00,0.081,0.0811,0.0808,0.0808,218548.2
2026-08-11 00:55:00,0.0809,0.081,0.0808,0.0808,79734.4
2026-08-11 01:00:00,0.0809,0.0809,0.0808,0.0808,41350.9
2026-08-11 01:05:00,0.0809,0.081,0.0808,0.0809,162742.3
2026-08-11 01:10:00,0.081,0.0815,0.081,0.0812,228597.7
2026-08-11 01:15:00,0.0812,0.0812,0.0809,0.081,224677.7
2026-08-11 01:20:00,0.081,0.0813,0.081,0.0813,17617.6
2026-08-11 01:25:00,0.0812,0.0815,0.0812,0.0815,165924.8
2026-08-11 01:30:00,0.0815,0.0815,0.0813,0.0814,37940.5
2026-08-11 01:35:00,0.0814,0.0814,0.081,0.081,82457.0
2026-08-11 01:40:00,0.081,0.0811,0.0809,0.0809,27162.7
2026-08-11 01:45:00,0.0809,0.0811,0.0809,0.0811,224213.7
2026-08-11 01:50:00,0.0811,0.0811,0.081,0.0811,48572.6
2026-08-11 01:55:00,0.081,0.0812,0.081,0.0812,90336.0
2026-08-11 02:00:00,0.0812,0.0813,0.0812,0.0812,248757.0
2026-08-11 02:05:00,0.0812,0.0813,0.0811,0.0813,130151.7
2026-08-11 02:10:00,0.0814,0.0814,0.0811,0.0811,82406.6
2026-08-11 02:15:00,0.0811,0.0813,0.0811,0.0812,35834.3
2026-08-11 02:20:00,0.0811,0.0813,0.0811,0.0811,163704.9
2026-08-11 02:25:00,0.0811,0.0811,0.081,0.081,168982.4
2026-08-11 02:30:00,0.081,0.0811,0.0809,0.081,70903.0
2026-08-11 02:35:00,0.081,0.081,0.0808,0.0809,65343.5
2026-08-11 02:40:00,0.081,0.081,0.0809,0.0809,80762.9
2026-08-11 02:45:00,0.0809,0.081,0.0808,0.0808,46172.5
2026-08-11 02:50:00,0.0808,0.0809,0.0807,0.0808,357894.8
2026-08-11 02:55:00,0.0808,0.0809,0.0807,0.0807,101038.2
2026-08-11 03:00:00,0.0807,0.0809,0.0807,0.0809,180336.3
2026-08-11 03:05:00,0.0809,0.081,0.0807,0.0808,82638.5
2026-08-11 03:10:00,0.0809,0.0809,0.0807,0.0807,59316.3
2026-08-11 03:15:00,0.0807,0.0808,0.0805,0.0806,155196.9
2026-08-11 03:20:00,0.0806,0.0806,0.0805,0.0805,34192.5
2026-08-11 03:25:00,0.0805,0.0806,0.0805,0.0805,25374.7
2026-08-11 03:30:00,0.0805,0.0805,0.0803,0.0803,58397.2
2026-08-11 03:35:00,0.0803,0.0806,0.0803,0.0806,62613.3
2026-08-11 03:40:00,0.0806,0.0806,0.0805,0.0806,109305.6
2026-08-11 03:45:00,0.0806,0.0807,0.0805,0.0806,190018.4
2026-08-11 03:50:00,0.0806,0.0807,0.0805,0.0807,76551.0
2026-08-11 03:55:00,0.0806,0.0806,0.0805,0.0805,46031.9
2026-08-11 04:00:00,0.0806,0.0806,0.0804,0.0805,57850.6
2026-08-11 04:05:00,0.0805,0.0807,0.0805,0.0805,149442.3
2026-08-11 04:10:00,0.0805,0.0806,0.0805,0.0806,30923.0
2026-08-11 04:15:00,0.0805,0.0805,0.0804,0.0804,23252.0
2026-08-11 04:20:00,0.0804,0.0804,0.0803,0.0804,58356.6
2026-08-11 04:25:00,0.0804,0.0804,0.0803,0.0803,24278.6
2026-08-11 04:30:00,0.0802,0.0803,0.0802,0.0803,41049.9
2026-08-11 04:35:00,0.0803,0.0804,0.0803,0.0803,50210.2
2026-08-11 04:40:00,0.0803,0.0803,0.0803,0.0803,28216.6
2026-08-11 04:45:00,0.0803,0.0803,0.0802,0.0803,259745.9
2026-08-11 04:50:00,0.0803,0.0803,0.0801,0.0802,95749.9
2026-08-11 04:55:00,0.0802,0.0802,0.0801,0.0802,93829.1
2026-08-11 05:00:00,0.0801,0.0802,0.08,0.0802,137458.9
2026-08-11 05:05:00,0.0802,0.0802,0.08,0.0801,152461.9
2026-08-11 05:10:00,0.0801,0.0801,0.08,0.08,81349.7
2026-08-11 05:15:00,0.08,0.0801,0.0799,0.0799,122245.1
2026-08-11 05:20:00,0.0799,0.0799,0.0797,0.0799,151148.6
2026-08-11 05:25:00,0.0799,0.08,0.0799,0.0799,100752.5
2026-08-11 05:30:00,0.0799,0.08,0.0799,0.08,1382.4
2026-08-11 05:35:00,0.08,0.08,0.08,0.08,74386.7
2026-08-11 05:40:00,0.08,0.08,0.08,0.08,51470.8
2026-08-11 05:45:00,0.08,0.08,0.0799,0.08,63973.1
2026-08-11 05:50:00,0.08,0.0802,0.0799,0.0801,84083.6
2026-08-11 05:55:00,0.0801,0.0801,0.0801,0.0801,85556.4
2026-08-11 06:00:00,0.0801,0.0801,0.0799,0.08,73543.6
2026-08-11 06:05:00,0.0799,0.0802,0.0798,0.0802,102808.5
2026-08-11 06:10:00,0.0802,0.0803,0.0801,0.0803,48893.9
2026-08-11 06:15:00,0.0803,0.0804,0.0802,0.0803,33627.1
2026-08-11 06:20:00,0.0803,0.0803,0.0801,0.0801,36000.6
2026-08-11 06:25:00,0.0801,0.0801,0.08,0.08,5317.4
2026-08-11 06:30:00,0.08,0.08,0.08,0.08,76179.6
2026-08-11 06:35:00,0.08,0.0801,0.08,0.0801,8923.1
2026-08-11 06:40:00,0.0801,0.0801,0.0801,0.0801,17780.4
2026-08-11 06:45:00,0.08,0.08,0.0799,0.08,109078.1
2026-08-11 06:50:00,0.08,0.08,0.0797,0.0798,125776.9
2026-08-11 06:55:00,0.0798,0.0798,0.0797,0.0797,79793.6
2026-08-11 07:00:00,0.0798,0.0799,0.0797,0.0797,70883.8
2026-08-11 07:05:00,0.0798,0.0798,0.0797,0.0798,14509.0
2026-08-11 07:10:00,0.0798,0.0798,0.0795,0.0796,53982.6
2026-08-11 07:15:00,0.0796,0.0796,0.0795,0.0795,88776.6
2026-08-11 07:20:00,0.0794,0.0795,0.0794,0.0795,94315.6
2026-08-11 07:25:00,0.0794,0.0794,0.0793,0.0794,193208.2
2026-08-11 07:30:00,0.0794,0.0795,0.0794,0.0795,57987.9
2026-08-11 07:35:00,0.0796,0.0797,0.0796,0.0797,28122.5
2026-08-11 07:40:00,0.0797,0.0797,0.0796,0.0796,11152.0
2026-08-11 07:45:00,0.0797,0.0799,0.0797,0.0799,23955.3
2026-08-11 07:50:00,0.0799,0.0801,0.0799,0.0799,311805.1
2026-08-11 07:55:00,0.0799,0.08,0.0798,0.0799,192867.6
2026-08-11 08:00:00,0.08,0.0801,0.08,0.08,14563.4
2026-08-11 08:05:00,0.08,0.08,0.0799,0.08,58105.7
2026-08-11 08:10:00,0.0799,0.08,0.0798,0.0798,13574.1
2026-08-11 08:15:00,0.0798,0.08,0.0798,0.0798,32810.3
2026-08-11 08:20:00,0.0799,0.08,0.0799,0.0799,29133.4
2026-08-11 08:25:00,0.0799,0.0799,0.0799,0.0799,92.3
2026-08-11 08:30:00,0.0799,0.08,0.0798,0.0798,130440.5
2026-08-11 08:35:00,0.0798,0.0799,0.0798,0.0798,20415.6
2026-08-11 08:40:00,0.0798,0.08,0.0798,0.08,29120.4
2026-08-11 08:45:00,0.0799,0.0799,0.0798,0.0799,12348.0
2026-08-11 08:50:00,0.0798,0.0802,0.0798,0.0801,188306.6
2026-08-11 08:55:00,0.0801,0.0801,0.08,0.0801,261475.5
2026-08-11 09:00:00,0.08,0.08,0.0798,0.0798,77482.3
2026-08-11 09:05:00,0.0798,0.0798,0.0797,0.0797,45547.6
2026-08-11 09:10:00,0.0798,0.0798,0.0797,0.0798,189930.1
2026-08-11 09:15:00,0.0797,0.08,0.0796,0.08,105749.4
2026-08-11 09:20:00,0.0799,0.0802,0.0799,0.0801,80533.1
2026-08-11 09:25:00,0.0801,0.0803,0.0801,0.0801,208549.2
2026-08-11 09:30:00,0.08,0.0801,0.0799,0.08,96091.4
2026-08-11 09:35:00,0.0799,0.0799,0.0799,0.0799,39015.2
2026-08-11 09:40:00,0.0798,0.0801,0.0798,0.0801,47399.6
2026-08-11 09:45:00,0.0801,0.0802,0.0801,0.0801,392543.7
2026-08-11 09:50:00,0.0801,0.0802,0.0801,0.0801,89933.6
2026-08-11 09:55:00,0.0801,0.0801,0.08,0.08,18852.1
2026-08-11 10:00:00,0.08,0.0801,0.0799,0.08,53966.0
2026-08-11 10:05:00,0.08,0.0801,0.0798,0.0798,42580.0
2026-08-11 10:10:00,0.0799,0.0799,0.0795,0.0795,155252.4
2026-08-11 10:15:00,0.0796,0.0796,0.0794,0.0794,86767.2
2026-08-11 10:20:00,0.0795,0.0796,0.0794,0.0794,278877.6
2026-08-11 10:25:00,0.0795,0.0797,0.0795,0.0797,153019.8
2026-08-11 10:30:00,0.0796,0.0796,0.0794,0.0794,66352.9
2026-08-11 10:35:00,0.0795,0.0795,0.0794,0.0795,26053.7
2026-08-11 10:40:00,0.0794,0.0795,0.0793,0.0794,64927.9
2026-08-11 10:45:00,0.0793,0.0796,0.0793,0.0796,138733.1
2026-08-11 10:50:00,0.0795,0.0796,0.0794,0.0794,110923.8
2026-08-11 10:55:00,0.0795,0.0796,0.0794,0.0795,84316.9
2026-08-11 11:00:00,0.0795,0.0798,0.0795,0.0798,116092.4
2026-08-11 11:05:00,0.0797,0.0797,0.0796,0.0797,123618.2
2026-08-11 11:10:00,0.0797,0.0798,0.0796,0.0796,177545.9
2026-08-11 11:15:00,0.0796,0.0797,0.0795,0.0795,141634.7
2026-08-11 11:20:00,0.0796,0.0797,0.0795,0.0795,75578.7
2026-08-11 11:25:00,0.0796,0.0797,0.0795,0.0795,54053.2
2026-08-11 11:30:00,0.0795,0.0796,0.0795,0.0796,16068.8
2026-08-11 11:35:00,0.0796,0.0796,0.0795,0.0796,28328.0
2026-08-11 11:40:00,0.0796,0.0798,0.0796,0.0798,198718.0
2026-08-11 11:45:00,0.0799,0.08,0.0799,0.08,43016.5
2026-08-11 11:50:00,0.08,0.08,0.08,0.08,78125.8
2026-08-11 11:55:00,0.0801,0.0801,0.08,0.0801,18573.3
2026-08-11 12:00:00,0.0801,0.0802,0.0799,0.08,58461.3
2026-08-11 12:05:00,0.08,0.0804,0.08,0.0804,98167.7
2026-08-11 12:10:00,0.0804,0.0805,0.0803,0.0805,86674.7
2026-08-11 12:15:00,0.0804,0.0805,0.0802,0.0802,74739.2
2026-08-11 12:20:00,0.0802,0.0802,0.08,0.08,242424.1
2026-08-11 12:25:00,0.08,0.08,0.0798,0.0798,116848.0
2026-08-11 12:30:00,0.0798,0.0801,0.0797,0.08,294066.7
2026-08-11 12:35:00,0.08,0.0802,0.08,0.0802,78030.2
2026-08-11 12:40:00,0.0801,0.0802,0.0801,0.0802,22282.9
2026-08-11 12:45:00,0.0802,0.0803,0.0801,0.0801,71814.1
2026-08-11 12:50:00,0.0801,0.0801,0.08,0.0801,60297.2
2026-08-11 12:55:00,0.0801,0.0801,0.08,0.08,3166.1
2026-08-11 13:00:00,0.08,0.0802,0.0799,0.0801,35562.5
2026-08-11 13:05:00,0.0801,0.0802,0.0801,0.0802,68857.3
2026-08-11 13:10:00,0.0802,0.0803,0.08,0.08,113278.1
2026-08-11 13:15:00,0.0799,0.0799,0.0797,0.0798,91074.8
2026-08-11 13:20:00,0.0797,0.0798,0.0797,0.0798,9640.0
2026-08-11 13:25:00,0.0798,0.0799,0.0798,0.0799,38384.8
2026-08-11 13:30:00,0.0799,0.0801,0.0798,0.0799,69747.0
2026-08-11 13:35:00,0.0799,0.0801,0.0798,0.08,115739.2
2026-08-11 13:40:00,0.08,0.0801,0.08,0.08,69935.6
2026-08-11 13:45:00,0.08,0.0802,0.0799,0.0801,465742.0
2026-08-11 13:50:00,0.08,0.08,0.0799,0.0799,58088.2
2026-08-11 13:55:00,0.0799,0.08,0.0799,0.0799,13350.8
2026-08-11 14:00:00,0.0799,0.08,0.0798,0.0799,22902.8
2026-08-11 14:05:00,0.08,0.08,0.0798,0.0799,163865.1
2026-08-11 14:10:00,0.0798,0.0799,0.0798,0.0799,1335.0
2026-08-11 14:15:00,0.0799,0.08,0.0799,0.0799,52006.7
2026-08-11 14:20:00,0.0799,0.0799,0.0796,0.0796,61081.8
2026-08-11 14:25:00,0.0795,0.0798,0.0795,0.0797,175177.1
2026-08-11 14:30:00,0.0796,0.0797,0.0795,0.0797,68081.1
2026-08-11 14:35:00,0.0797,0.0798,0.0795,0.0795,50382.4
2026-08-11 14:40:00,0.0795,0.0796,0.0794,0.0795,183271.6
2026-08-11 14:45:00,0.0795,0.0795,0.0791,0.0791,379480.6
2026-08-11 14:50:00,0.0791,0.0791,0.0783,0.0783,988122.6
2026-08-11 14:55:00,0.0783,0.0783,0.0778,0.0781,702107.6
2026-08-11 15:00:00,0.0781,0.0783,0.078,0.0782,219115.3
2026-08-11 15:05:00,0.0782,0.0783,0.0782,0.0783,195113.7
2026-08-11 15:10:00,0.0783,0.0783,0.078,0.0781,222976.8
2026-08-11 15:15:00,0.078,0.0784,0.078,0.0784,358294.0
2026-08-11 15:20:00,0.0784,0.0786,0.0784,0.0785,64977.2
2026-08-11 15:25:00,0.0786,0.0786,0.0784,0.0785,127959.2
2026-08-11 15:30:00,0.0785,0.0785,0.0784,0.0784,38986.7
2026-08-11 15:35:00,0.0784,0.0785,0.0778,0.078,440893.7
2026-08-11 15:40:00,0.0779,0.0779,0.0773,0.0778,477618.6
2026-08-11 15:45:00,0.0779,0.0779,0.0777,0.0777,98464.5
2026-08-11 15:50:00,0.0778,0.0779,0.0776,0.0777,90937.9
2026-08-11 15:55:00,0.0777,0.078,0.0776,0.078,34806.1
2026-08-11 16:00:00,0.0778,0.0781,0.0778,0.078,146055.6
2026-08-11 16:05:00,0.078,0.0781,0.078,0.0781,243785.4
2026-08-11 16:10:00,0.0781,0.0782,0.078,0.0782,49017.3
2026-08-11 16:15:00,0.0782,0.0783,0.0781,0.0783,184290.0
2026-08-11 16:20:00,0.0783,0.0784,0.0783,0.0784,276333.8
2026-08-11 16:25:00,0.0784,0.0785,0.0782,0.0783,186554.7
2026-08-11 16:30:00,0.0784,0.0785,0.0783,0.0784,297813.6
2026-08-11 16:35:00,0.0783,0.0784,0.0783,0.0783,30655.0
2026-08-11 16:40:00,0.0783,0.0783,0.0782,0.0783,12876.1
2026-08-11 16:45:00,0.0783,0.0785,0.0783,0.0785,85043.5
2026-08-11 16:50:00,0.0785,0.0785,0.0783,0.0784,131721.8
2026-08-11 16:55:00,0.0784,0.0784,0.0782,0.0782,44593.2
2026-08-11 17:00:00,0.0782,0.0784,0.0781,0.0781,146711.3
2026-08-11 17:05:00,0.0781,0.0782,0.0779,0.078,452700.4
2026-08-11 17:10:00,0.078,0.078,0.0778,0.0778,693571.9
2026-08-11 17:15:00,0.0778,0.0782,0.0778,0.0782,186367.6
2026-08-11 17:20:00,0.0782,0.0783,0.0782,0.0783,158803.8
2026-08-11 17:25:00,0.0783,0.0784,0.0783,0.0783,191784.8
2026-08-11 17:30:00,0.0784,0.0784,0.0782,0.0782,60240.1
2026-08-11 17:35:00,0.0783,0.0784,0.0783,0.0783,91305.2
2026-08-11 17:40:00,0.0784,0.0785,0.0783,0.0785,31188.0
2026-08-11 17:45:00,0.0784,0.0784,0.0782,0.0782,101344.5
2026-08-11 17:50:00,0.0783,0.0783,0.0782,0.0782,255262.7
2026-08-11 17:55:00,0.0782,0.0783,0.0782,0.0782,468052.3
2026-08-11 18:00:00,0.0781,0.0781,0.078,0.078,173527.4
2026-08-11 18:05:00,0.0781,0.0781,0.0779,0.078,183629.6
2026-08-11 18:10:00,0.0779,0.078,0.0779,0.0779,23576.4
2026-08-11 18:15:00,0.078,0.078,0.0779,0.078,79054.1
2026-08-11 18:20:00,0.078,0.0781,0.078,0.078,66621.6
2026-08-11 18:25:00,0.078,0.078,0.0777,0.0778,143506.7
2026-08-11 18:30:00,0.0778,0.0778,0.0775,0.0777,269396.8
2026-08-11 18:35:00,0.0778,0.0778,0.0777,0.0777,37400.3
2026-08-11 18:40:00,0.0776,0.0777,0.0776,0.0777,38910.4
2026-08-11 18:45:00,0.0778,0.0778,0.0776,0.0777,94229.2
2026-08-11 18:50:00,0.0776,0.0777,0.0775,0.0775,74315.5
2026-08-11 18:55:00,0.0775,0.0776,0.0775,0.0776,49918.1
2026-08-11 19:00:00,0.0775,0.0776,0.0774,0.0774,189274.5
2026-08-11 19:05:00,0.0775,0.0775,0.0773,0.0774,138806.1
2026-08-11 19:10:00,0.0774,0.0775,0.0774,0.0774,9510.9
2026-08-11 19:15:00,0.0774,0.0778,0.0774,0.0777,139230.2
2026-08-11 19:20:00,0.0777,0.0779,0.0777,0.0778,23035.9
2026-08-11 19:25:00,0.0778,0.0779,0.0778,0.0778,372162.0
2026-08-11 19:30:00,0.0779,0.0781,0.0778,0.0779,332106.9
2026-08-11 19:35:00,0.0778,0.078,0.0778,0.078,21144.1
2026-08-11 19:40:00,0.0781,0.0782,0.078,0.0782,126700.8
2026-08-11 19:45:00,0.0782,0.0782,0.0781,0.0781,38907.1
2026-08-11 19:50:00,0.0781,0.0783,0.0781,0.0782,156114.8
2026-08-11 19:55:00,0.0782,0.0784,0.0782,0.0783,394706.5
2026-08-11 20:00:00,0.0783,0.0785,0.0782,0.0784,284510.5
2026-08-11 20:05:00,0.0785,0.0789,0.0785,0.0788,300171.6
2026-08-11 20:10:00,0.0788,0.0789,0.0787,0.0787,138659.7
2026-08-11 20:15:00,0.0787,0.0788,0.0787,0.0788,134460.1
2026-08-11 20:20:00,0.0788,0.0788,0.0787,0.0787,258199.5
2026-08-11 20:25:00,0.0788,0.0788,0.0788,0.0788,6284.0
2026-08-11 20:30:00,0.0789,0.079,0.0786,0.0786,20899.8
2026-08-11 20:35:00,0.0787,0.0787,0.0786,0.0786,56069.8
2026-08-11 20:40:00,0.0787,0.0787,0.0785,0.0786,14638.0
2026-08-11 20:45:00,0.0786,0.0786,0.0785,0.0785,100187.7
2026-08-11 20:50:00,0.0785,0.0786,0.0785,0.0786,49770.6
2026-08-11 20:55:00,0.0786,0.0788,0.0786,0.0786,42788.8
2026-08-11 21:00:00,0.0786,0.0787,0.0786,0.0787,66101.0
2026-08-11 21:05:00,0.0787,0.0787,0.0785,0.0785,36116.5
2026-08-11 21:10:00,0.0785,0.0786,0.0785,0.0785,10096.8
2026-08-11 21:15:00,0.0786,0.0786,0.0784,0.0786,67112.5
2026-08-11 21:20:00,0.0785,0.0787,0.0784,0.0786,327022.0
2026-08-11 21:25:00,0.0787,0.0788,0.0787,0.0787,27256.0
2026-08-11 21:30:00,0.0786,0.0787,0.0786,0.0787,1017.2
2026-08-11 21:35:00,0.0787,0.0787,0.0786,0.0787,26891.9
2026-08-11 21:40:00,0.0787,0.0788,0.0787,0.0788,40584.7
2026-08-11 21:45:00,0.0787,0.0788,0.0787,0.0788,49175.2
2026-08-11 21:50:00,0.0788,0.0788,0.0787,0.0787,6879.8
2026-08-11 21:55:00,0.0787,0.0788,0.0787,0.0788,6563.1
2026-08-11 22:00:00,0.0788,0.0789,0.0788,0.0789,138992.4
2026-08-11 22:05:00,0.0788,0.0789,0.0788,0.0788,72863.5
2026-08-11 22:10:00,0.0787,0.0788,0.0786,0.0786,41095.3
2026-08-11 22:15:00,0.0787,0.0787,0.0787,0.0787,11379.0
2026-08-11 22:20:00,0.0788,0.0788,0.0788,0.0788,153033.5
2026-08-11 22:25:00,0.0788,0.0789,0.0788,0.0789,108113.2
2026-08-11 22:30:00,0.0789,0.0793,0.0788,0.079,664523.9
2026-08-11 22:35:00,0.0789,0.0792,0.0789,0.079,288545.7
2026-08-11 22:40:00,0.0791,0.0792,0.079,0.0791,431953.8
2026-08-11 22:45:00,0.0791,0.0792,0.079,0.0792,476035.9
2026-08-11 22:50:00,0.0793,0.0793,0.0792,0.0793,147364.4
2026-08-11 22:55:00,0.0793,0.0794,0.0792,0.0794,111700.5
2026-08-11 23:00:00,0.0794,0.0794,0.0793,0.0794,60411.9
2026-08-11 23:05:00,0.0793,0.0794,0.0793,0.0793,42340.5
2026-08-11 23:10:00,0.0793,0.0794,0.0792,0.0792,245302.6
2026-08-11 23:15:00,0.0792,0.0794,0.0792,0.0794,36561.7
2026-08-11 23:20:00,0.0794,0.0795,0.0794,0.0794,50981.4
2026-08-11 23:25:00,0.0794,0.08,0.0794,0.0798,659734.4
2026-08-11 23:30:00,0.0799,0.0801,0.0798,0.08,124629.1
2026-08-11 23:35:00,0.0801,0.0803,0.08,0.0801,235535.6
2026-08-11 23:40:00,0.08,0.0803,0.08,0.0802,232937.8
2026-08-11 23:45:00,0.0803,0.0804,0.0802,0.0803,290114.7
2026-08-11 23:50:00,0.0803,0.0804,0.0803,0.0804,166343.6
2026-08-11 23:55:00,0.0803,0.0804,0.0802,0.0803,179114.8
2026-08-12 00:00:00,0.0802,0.0804,0.0802,0.0803,379680.2
2026-08-12 00:05:00,0.0804,0.0804,0.0801,0.0802,266324.5
2026-08-12 00:10:00,0.0802,0.0802,0.0801,0.0802,100856.2
2026-08-12 00:15:00,0.0801,0.0805,0.0798,0.0798,759419.3
2026-08-12 00:20:00,0.0799,0.0803,0.0799,0.0803,168625.6
2026-08-12 00:25:00,0.0803,0.0803,0.08,0.08,137354.6
2026-08-12 00:30:00,0.08,0.0803,0.0798,0.08,759718.3
2026-08-12 00:35:00,0.08,0.0802,0.08,0.0802,154602.2
2026-08-12 00:40:00,0.0802,0.0803,0.08,0.08,27405.8
2026-08-12 00:45:00,0.0801,0.0801,0.08,0.08,234204.1
2026-08-12 00:50:00,0.0801,0.0802,0.0801,0.0802,25839.9
2026-08-12 00:55:00,0.0802,0.0803,0.0802,0.0803,118103.1
2026-08-12 01:00:00,0.0803,0.0808,0.0803,0.0806,1147620.6
2026-08-12 01:05:00,0.0806,0.0809,0.0805,0.0808,339917.5
2026-08-12 01:10:00,0.0807,0.0808,0.0806,0.0807,41484.5
2026-08-12 01:15:00,0.0807,0.0807,0.0805,0.0805,38573.2
2026-08-12 01:20:00,0.0805,0.0805,0.0805,0.0805,41179.9
2026-08-12 01:25:00,0.0805,0.0806,0.0805,0.0806,58677.8
2026-08-12 01:30:00,0.0806,0.0806,0.0805,0.0805,42666.8
2026-08-12 01:35:00,0.0805,0.0805,0.0805,0.0805,717.3
2026-08-12 01:40:00,0.0805,0.0808,0.0805,0.0806,72830.6
2026-08-12 01:45:00,0.0806,0.0809,0.0806,0.0807,47488.7
2026-08-12 01:50:00,0.0807,0.0807,0.0805,0.0805,24339.5
2026-08-12 01:55:00,0.0805,0.0806,0.0805,0.0806,71152.0
2026-08-12 02:00:00,0.0806,0.0806,0.0803,0.0803,63786.6
2026-08-12 02:05:00,0.0803,0.0804,0.0803,0.0804,118200.2
2026-08-12 02:10:00,0.0804,0.0805,0.0804,0.0805,70977.9
2026-08-12 02:15:00,0.0805,0.0806,0.0804,0.0805,103717.1
2026-08-12 02:20:00,0.0805,0.0805,0.0804,0.0804,19263.2
2026-08-12 02:25:00,0.0804,0.0805,0.0803,0.0804,162873.2
2026-08-12 02:30:00,0.0804,0.0804,0.0802,0.0802,66847.6
2026-08-12 02:35:00,0.0802,0.0803,0.0801,0.0802,217958.3
2026-08-12 02:40:00,0.0802,0.0804,0.08,0.0801,294861.6
2026-08-12 02:45:00,0.08,0.0803,0.08,0.0803,387771.3
2026-08-12 02:50:00,0.0803,0.0804,0.0803,0.0804,16433.4
2026-08-12 02:55:00,0.0803,0.0803,0.0801,0.0801,98206.2
2026-08-12 03:00:00,0.0801,0.0802,0.0801,0.0802,62500.3
2026-08-12 03:05:00,0.0802,0.0803,0.0802,0.0802,35265.8
2026-08-12 03:10:00,0.0802,0.0802,0.0801,0.0802,457.4
2026-08-12 03:15:00,0.0802,0.0802,0.0801,0.0801,38113.8
2026-08-12 03:20:00,0.0802,0.0803,0.0802,0.0802,139705.1
2026-08-12 03:25:00,0.0803,0.0804,0.0802,0.0803,144023.5
2026-08-12 03:30:00,0.0803,0.0804,0.0803,0.0803,74029.1
2026-08-12 03:35:00,0.0803,0.0805,0.0803,0.0805,20797.2
2026-08-12 03:40:00,0.0805,0.0805,0.0804,0.0804,48238.5
2026-08-12 03:45:00,0.0804,0.0804,0.0802,0.0802,189849.9
2026-08-12 03:50:00,0.0802,0.0802,0.0802,0.0802,18474.1
2026-08-12 03:55:00,0.0802,0.0802,0.0801,0.0802,60375.1
2026-08-12 04:00:00,0.0802,0.0802,0.0802,0.0802,37814.3
2026-08-12 04:05:00,0.0802,0.0803,0.0801,0.0801,151312.1
2026-08-12 04:10:00,0.08,0.08,0.08,0.08,36115.0
2026-08-12 04:15:00,0.08,0.0802,0.08,0.0801,72336.4
2026-08-12 04:20:00,0.0802,0.0803,0.0802,0.0802,72657.9
2026-08-12 04:25:00,0.0801,0.0801,0.08,0.08,55123.5
2026-08-12 04:30:00,0.0799,0.0799,0.0795,0.0796,308101.6
2026-08-12 04:35:00,0.0796,0.0796,0.0795,0.0796,89711.9
2026-08-12 04:40:00,0.0796,0.0796,0.0795,0.0796,118287.5
2026-08-12 04:45:00,0.0796,0.0797,0.0796,0.0797,26855.6
2026-08-12 04:50:00,0.0797,0.0797,0.0796,0.0796,153024.1
2026-08-12 04:55:00,0.0796,0.0796,0.0796,0.0796,22206.8
2026-08-12 05:00:00,0.0795,0.0797,0.0795,0.0797,55098.1
2026-08-12 05:05:00,0.0797,0.0797,0.0796,0.0797,42031.2
2026-08-12 05:10:00,0.0797,0.0797,0.0797,0.0797,54597.4
2026-08-12 05:15:00,0.0798,0.0798,0.0797,0.0797,1990.9
2026-08-12 05:20:00,0.0797,0.0797,0.0795,0.0795,64351.0
2026-08-12 05:25:00,0.0795,0.0796,0.0795,0.0796,32907.7
2026-08-12 05:30:00,0.0797,0.0798,0.0796,0.0798,4861.1
2026-08-12 05:35:00,0.0797,0.0797,0.0796,0.0796,12364.1
2026-08-12 05:40:00,0.0796,0.0796,0.0795,0.0795,60969.2
2026-08-12 05:45:00,0.0796,0.0797,0.0796,0.0796,51866.3
2026-08-12 05:50:00,0.0796,0.0796,0.0796,0.0796,53298.9
2026-08-12 05:55:00,0.0797,0.0797,0.0795,0.0795,110716.0
2026-08-12 06:00:00,0.0795,0.0797,0.0795,0.0796,73817.4
2026-08-12 06:05:00,0.0796,0.0796,0.0795,0.0796,34962.7
2026-08-12 06:10:00,0.0795,0.0795,0.079,0.0793,1251479.0
2026-08-12 06:15:00,0.0792,0.0793,0.0791,0.0792,192064.6
2026-08-12 06:20:00,0.0792,0.0792,0.0792,0.0792,28374.7
2026-08-12 06:25:00,0.0793,0.0793,0.0787,0.0788,254731.3
2026-08-12 06:30:00,0.0788,0.0788,0.0786,0.0787,186371.1
2026-08-12 06:35:00,0.0787,0.0787,0.0787,0.0787,208792.6
2026-08-12 06:40:00,0.0787,0.0787,0.0786,0.0786,56461.6
2026-08-12 06:45:00,0.0786,0.0787,0.0785,0.0787,113320.3
2026-08-12 06:50:00,0.0788,0.0789,0.0786,0.0786,198831.5
2026-08-12 06:55:00,0.0787,0.0787,0.0786,0.0787,31713.7
2026-08-12 07:00:00,0.0787,0.0788,0.0787,0.0788,35286.8
2026-08-12 07:05:00,0.0788,0.0789,0.0787,0.0788,37464.4
2026-08-12 07:10:00,0.0788,0.0788,0.0787,0.0787,967.6
2026-08-12 07:15:00,0.0787,0.0788,0.0787,0.0788,17131.5
2026-08-12 07:20:00,0.0788,0.0788,0.0787,0.0788,3472.9
2026-08-12 07:25:00,0.0788,0.0788,0.0787,0.0788,51385.0
2026-08-12 07:30:00,0.0787,0.0787,0.0787,0.0787,5591.7
2026-08-12 07:35:00,0.0787,0.0787,0.0785,0.0786,91568.6
2026-08-12 07:40:00,0.0786,0.0786,0.0785,0.0786,11938.1
2026-08-12 07:45:00,0.0785,0.0786,0.0785,0.0786,179777.5
2026-08-12 07:50:00,0.0787,0.0788,0.0786,0.0788,83388.7
2026-08-12 07:55:00,0.0788,0.0788,0.0787,0.0787,39280.4
2026-08-12 08:00:00,0.0787,0.0787,0.0784,0.0786,211394.6
2026-08-12 08:05:00,0.0786,0.0786,0.0784,0.0784,764813.0
2026-08-12 08:10:00,0.0784,0.0784,0.0783,0.0784,23761.2
2026-08-12 08:15:00,0.0785,0.0785,0.0783,0.0784,87889.0
2026-08-12 08:20:00,0.0783,0.0784,0.0783,0.0784,308406.2
2026-08-12 08:25:00,0.0784,0.0784,0.0783,0.0783,77582.6
2026-08-12 08:30:00,0.0783,0.0783,0.0782,0.0783,204681.2
2026-08-12 08:35:00,0.0784,0.0784,0.0783,0.0783,51765.6
2026-08-12 08:40:00,0.0782,0.0783,0.0782,0.0783,39504.7
2026-08-12 08:45:00,0.0782,0.0782,0.0782,0.0782,8135.1
2026-08-12 08:50:00,0.0782,0.0783,0.0781,0.0783,71144.2
2026-08-12 08:55:00,0.0782,0.0782,0.0781,0.0782,16240.7
2026-08-12 09:00:00,0.0781,0.0783,0.078,0.0783,111369.6
2026-08-12 09:05:00,0.0782,0.0784,0.0782,0.0783,106798.0
2026-08-12 09:10:00,0.0783,0.0784,0.0783,0.0784,28712.7
2026-08-12 09:15:00,0.0784,0.0785,0.0784,0.0785,31442.1
2026-08-12 09:20:00,0.0786,0.0786,0.0784,0.0786,114707.8
2026-08-12 09:25:00,0.0787,0.0788,0.0787,0.0787,169242.6
2026-08-12 09:30:00,0.0788,0.0789,0.0788,0.0789,140215.2
2026-08-12 09:35:00,0.0789,0.0789,0.0788,0.0789,29333.7
2026-08-12 09:40:00,0.0788,0.0789,0.0788,0.0789,18212.7
2026-08-12 09:45:00,0.0789,0.0789,0.0789,0.0789,40936.7
2026-08-12 09:50:00,0.0789,0.0789,0.0787,0.0789,143368.3
2026-08-12 09:55:00,0.0789,0.0789,0.0788,0.0788,59643.9
2026-08-12 10:00:00,0.0788,0.079,0.0788,0.0788,145508.5
2026-08-12 10:05:00,0.0788,0.0789,0.0788,0.0788,191757.2
2026-08-12 10:10:00,0.0787,0.079,0.0787,0.0789,18005.4
2026-08-12 10:15:00,0.0789,0.079,0.0789,0.0789,121602.2
2026-08-12 10:20:00,0.0789,0.079,0.0789,0.0789,5577.3
2026-08-12 10:25:00,0.0788,0.0789,0.0787,0.0787,194588.8
2026-08-12 10:30:00,0.0787,0.0788,0.0787,0.0788,116887.1
2026-08-12 10:35:00,0.0788,0.0788,0.0787,0.0788,46704.6
2026-08-12 10:40:00,0.0788,0.0789,0.0788,0.0789,99635.7
2026-08-12 10:45:00,0.0788,0.079,0.0788,0.0789,275100.5
2026-08-12 10:50:00,0.0789,0.0791,0.0789,0.0791,101995.5
2026-08-12 10:55:00,0.079,0.079,0.0789,0.079,167455.9
2026-08-12 11:00:00,0.0789,0.079,0.0787,0.0787,190921.5
2026-08-12 11:05:00,0.0788,0.0788,0.0786,0.0787,66402.6
2026-08-12 11:10:00,0.0787,0.0789,0.0787,0.0787,46044.6
2026-08-12 11:15:00,0.0788,0.0788,0.0787,0.0788,90866.8
2026-08-12 11:20:00,0.0789,0.0791,0.0789,0.0791,37647.0
2026-08-12 11:25:00,0.079,0.0791,0.0789,0.079,97276.3
2026-08-12 11:30:00,0.0791,0.0791,0.079,0.079,50616.4
2026-08-12 11:35:00,0.0789,0.079,0.0789,0.079,11236.1
2026-08-12 11:40:00,0.079,0.0791,0.079,0.079,31911.0
2026-08-12 11:45:00,0.0789,0.079,0.0789,0.079,100681.1
2026-08-12 11:50:00,0.0791,0.0791,0.0789,0.0789,182192.7
2026-08-12 11:55:00,0.0789,0.079,0.0789,0.079,48364.8
2026-08-12 12:00:00,0.079,0.079,0.0789,0.079,101743.2
2026-08-12 12:05:00,0.0791,0.0792,0.079,0.0792,132207.7
2026-08-12 12:10:00,0.0791,0.0791,0.0789,0.0789,160304.6
2026-08-12 12:15:00,0.0789,0.079,0.0787,0.0789,444443.1
2026-08-12 12:20:00,0.0789,0.079,0.0788,0.0789,421951.5
2026-08-12 12:25:00,0.0789,0.0795,0.0788,0.0793,704745.6
2026-08-12 12:30:00,0.0793,0.0795,0.0787,0.0792,1226852.6
2026-08-12 12:35:00,0.0793,0.0793,0.079,0.079,375318.0
2026-08-12 12:40:00,0.079,0.079,0.0789,0.079,74637.5
2026-08-12 12:45:00,0.079,0.079,0.079,0.079,88168.8
2026-08-12 12:50:00,0.079,0.0792,0.079,0.0791,117496.6
2026-08-12 12:55:00,0.079,0.079,0.0789,0.079,38177.7
2026-08-12 13:00:00,0.0791,0.0791,0.079,0.079,153443.5
2026-08-12 13:05:00,0.079,0.079,0.0789,0.079,112145.1
2026-08-12 13:10:00,0.079,0.079,0.0787,0.0788,184625.2
2026-08-12 13:15:00,0.0788,0.079,0.0788,0.0789,45525.8
2026-08-12 13:20:00,0.0789,0.0789,0.0789,0.0789,45067.5
2026-08-12 13:25:00,0.0789,0.0789,0.0788,0.0789,25530.7
2026-08-12 13:30:00,0.0789,0.079,0.0788,0.079,57674.5
2026-08-12 13:35:00,0.0789,0.079,0.0787,0.0788,227826.6
2026-08-12 13:40:00,0.0787,0.0788,0.0787,0.0787,128090.5
2026-08-12 13:45:00,0.0788,0.079,0.0788,0.0788,224272.5
2026-08-12 13:50:00,0.0787,0.0788,0.0787,0.0788,113759.2
2026-08-12 13:55:00,0.0787,0.0788,0.0786,0.0788,35071.9
2026-08-12 14:00:00,0.0787,0.0788,0.0785,0.0785,89451.9
2026-08-12 14:05:00,0.0784,0.0784,0.078,0.0781,174804.6
2026-08-12 14:10:00,0.0782,0.0788,0.0782,0.0785,994529.7
2026-08-12 14:15:00,0.0785,0.0785,0.0782,0.0783,115002.7
2026-08-12 14:20:00,0.0782,0.0783,0.0781,0.0783,415562.2
2026-08-12 14:25:00,0.0783,0.0784,0.0783,0.0783,199044.5
2026-08-12 14:30:00,0.0782,0.0785,0.078,0.0783,1067492.7
2026-08-12 14:35:00,0.0783,0.0784,0.0781,0.0781,168773.5
2026-08-12 14:40:00,0.0781,0.0783,0.078,0.0782,123945.2
2026-08-12 14:45:00,0.0781,0.0784,0.0781,0.0783,46704.4
2026-08-12 14:50:00,0.0784,0.0784,0.0782,0.0784,171936.5
2026-08-12 14:55:00,0.0783,0.0784,0.0782,0.0783,68821.0
2026-08-12 15:00:00,0.0782,0.0786,0.0782,0.0785,232725.4
2026-08-12 15:05:00,0.0784,0.0786,0.0784,0.0784,31170.5
2026-08-12 15:10:00,0.0784,0.0786,0.0784,0.0786,71733.3
2026-08-12 15:15:00,0.0786,0.0788,0.0786,0.0787,40646.1
2026-08-12 15:20:00,0.0787,0.0787,0.0786,0.0787,135454.8
2026-08-12 15:25:00,0.0787,0.0787,0.0786,0.0787,82978.3
2026-08-12 15:30:00,0.0787,0.0788,0.0786,0.0786,148180.8
2026-08-12 15:35:00,0.0787,0.0787,0.0787,0.0787,186866.7
2026-08-12 15:40:00,0.0786,0.0787,0.0786,0.0786,78293.5
2026-08-12 15:45:00,0.0786,0.0787,0.0785,0.0786,69841.8
2026-08-12 15:50:00,0.0785,0.0786,0.0785,0.0785,36972.8
2026-08-12 15:55:00,0.0785,0.0787,0.0785,0.0787,121699.9
2026-08-12 16:00:00,0.0786,0.0788,0.0786,0.0787,282340.2
2026-08-12 16:05:00,0.0787,0.0787,0.0785,0.0785,73833.4
2026-08-12 16:10:00,0.0786,0.0787,0.0785,0.0787,70035.4
2026-08-12 16:15:00,0.0788,0.079,0.0787,0.0789,382195.0
2026-08-12 16:20:00,0.0789,0.0789,0.0788,0.0788,156908.6
2026-08-12 16:25:00,0.0789,0.0789,0.0786,0.0787,81085.9
2026-08-12 16:30:00,0.0786,0.0787,0.0785,0.0785,25020.0
2026-08-12 16:35:00,0.0786,0.0786,0.0784,0.0785,55377.1
2026-08-12 16:40:00,0.0785,0.0786,0.0784,0.0785,113785.3
2026-08-12 16:45:00,0.0784,0.0784,0.0781,0.0781,41034.1
2026-08-12 16:50:00,0.0781,0.0783,0.0781,0.0783,45174.6
2026-08-12 16:55:00,0.0783,0.0786,0.0783,0.0785,62524.8
2026-08-12 17:00:00,0.0785,0.0786,0.0784,0.0785,130543.0
2026-08-12 17:05:00,0.0786,0.0787,0.0786,0.0787,49778.6
2026-08-12 17:10:00,0.0786,0.0787,0.0786,0.0787,95563.6
2026-08-12 17:15:00,0.0786,0.0789,0.0786,0.0787,160785.9
2026-08-12 17:20:00,0.0786,0.0786,0.0786,0.0786,41956.9
2026-08-12 17:25:00,0.0787,0.0787,0.0785,0.0786,48597.7
2026-08-12 17:30:00,0.0786,0.0788,0.0786,0.0786,108310.4
2026-08-12 17:35:00,0.0787,0.0789,0.0786,0.0786,322502.2
2026-08-12 17:40:00,0.0786,0.0786,0.0784,0.0785,481776.1
2026-08-12 17:45:00,0.0785,0.0786,0.0785,0.0786,64221.6
2026-08-12 17:50:00,0.0787,0.0787,0.0785,0.0786,58638.4
2026-08-12 17:55:00,0.0786,0.0786,0.0784,0.0784,80717.5
2026-08-12 18:00:00,0.0784,0.0785,0.0783,0.0784,343073.7
2026-08-12 18:05:00,0.0785,0.0785,0.0783,0.0784,120236.4
2026-08-12 18:10:00,0.0783,0.0785,0.0783,0.0784,45310.0
2026-08-12 18:15:00,0.0783,0.0783,0.0783,0.0783,2605.9
2026-08-12 18:20:00,0.0783,0.0784,0.0782,0.0784,56010.1
2026-08-12 18:25:00,0.0784,0.0784,0.0783,0.0784,2012.4
2026-08-12 18:30:00,0.0784,0.0785,0.0783,0.0785,52190.6
2026-08-12 18:35:00,0.0784,0.0785,0.0783,0.0783,44257.7
2026-08-12 18:40:00,0.0783,0.0784,0.0782,0.0784,47329.7
2026-08-12 18:45:00,0.0784,0.0784,0.0783,0.0784,97871.9
2026-08-12 18:50:00,0.0784,0.0784,0.0782,0.0782,137919.0
2026-08-12 18:55:00,0.0782,0.0782,0.0781,0.0782,12419.5
2026-08-12 19:00:00,0.0782,0.0782,0.078,0.0782,137510.8
2026-08-12 19:05:00,0.0782,0.0783,0.0782,0.0782,43558.3
2026-08-12 19:10:00,0.0783,0.0783,0.0782,0.0783,423.0
2026-08-12 19:15:00,0.0782,0.0782,0.0781,0.0782,96645.0
2026-08-12 19:20:00,0.0783,0.0783,0.0782,0.0782,20941.3
2026-08-12 19:25:00,0.0782,0.0783,0.0781,0.0783,55292.7
2026-08-12 19:30:00,0.0783,0.0784,0.0782,0.0784,97808.7
2026-08-12 19:35:00,0.0783,0.0783,0.0781,0.0781,270447.3
2026-08-12 19:40:00,0.0782,0.0782,0.0766,0.0771,3197303.7
2026-08-12 19:45:00,0.0771,0.0773,0.077,0.0772,108167.2
2026-08-12 19:50:00,0.0772,0.0772,0.0769,0.0771,178438.9
2026-08-12 19:55:00,0.0771,0.0773,0.077,0.0772,318098.6
2026-08-12 20:00:00,0.0772,0.0772,0.0768,0.0772,356937.9
2026-08-12 20:05:00,0.0772,0.0773,0.0771,0.0771,133473.2
2026-08-12 20:10:00,0.0771,0.0772,0.0765,0.0766,409925.3
2026-08-12 20:15:00,0.0766,0.0766,0.0761,0.0762,1480421.5
2026-08-12 20:20:00,0.0762,0.0763,0.0757,0.0762,1651505.9
2026-08-12 20:25:00,0.0762,0.0764,0.0762,0.0764,486310.4
2026-08-12 20:30:00,0.0763,0.0764,0.0758,0.0764,621606.2
2026-08-12 20:35:00,0.0764,0.0766,0.0764,0.0765,299412.1
2026-08-12 20:40:00,0.0765,0.0766,0.0764,0.0766,104081.5
2026-08-12 20:45:00,0.0765,0.0767,0.0764,0.0767,149413.0
2026-08-12 20:50:00,0.0766,0.0766,0.0765,0.0765,99075.0
2026-08-12 20:55:00,0.0764,0.0765,0.0764,0.0765,192984.1
2026-08-12 21:00:00,0.0765,0.0766,0.0764,0.0765,209895.7
2026-08-12 21:05:00,0.0764,0.0767,0.0763,0.0765,432940.6
2026-08-12 21:10:00,0.0765,0.0767,0.0764,0.0765,308244.4
2026-08-12 21:15:00,0.0764,0.0765,0.0764,0.0764,69306.3
2026-08-12 21:20:00,0.0764,0.0765,0.0759,0.076,335791.4
2026-08-12 21:25:00,0.076,0.0761,0.0757,0.0759,388798.5
2026-08-12 21:30:00,0.0758,0.0761,0.0758,0.0761,26002.5
2026-08-12 21:35:00,0.076,0.076,0.0759,0.076,60811.2
2026-08-12 21:40:00,0.0759,0.076,0.0759,0.076,74806.7
2026-08-12 21:45:00,0.076,0.0761,0.0759,0.0759,160781.1
2026-08-12 21:50:00,0.0759,0.0759,0.0757,0.0758,18564.2
2026-08-12 21:55:00,0.0757,0.0757,0.0746,0.075,1707954.5
2026-08-12 22:00:00,0.0749,0.075,0.0744,0.0748,558551.1
2026-08-12 22:05:00,0.0748,0.0752,0.0748,0.0748,760086.6
2026-08-12 22:10:00,0.0749,0.0751,0.0748,0.0749,611010.3
2026-08-12 22:15:00,0.075,0.0751,0.0749,0.0751,81057.7
2026-08-12 22:20:00,0.075,0.075,0.0749,0.075,121890.8
2026-08-12 22:25:00,0.0749,0.075,0.0748,0.0748,275061.2
2026-08-12 22:30:00,0.0747,0.0748,0.0745,0.0746,682396.3
2026-08-12 22:35:00,0.0745,0.0747,0.0744,0.0744,150483.7
2026-08-12 22:40:00,0.0745,0.0745,0.0744,0.0745,153034.8
2026-08-12 22:45:00,0.0744,0.0745,0.0742,0.0744,333280.8
2026-08-12 22:50:00,0.0744,0.0744,0.0743,0.0744,46359.8
2026-08-12 22:55:00,0.0744,0.0745,0.0743,0.0744,204842.0
2026-08-12 23:00:00,0.0744,0.0744,0.0741,0.0741,457579.9
2026-08-12 23:05:00,0.0741,0.0742,0.0736,0.0739,1158008.4
2026-08-12 23:10:00,0.0739,0.0741,0.0738,0.0741,562838.6
2026-08-12 23:15:00,0.0742,0.0742,0.0738,0.0739,439403.9
2026-08-12 23:20:00,0.074,0.074,0.0738,0.074,155707.4
2026-08-12 23:25:00,0.074,0.0743,0.074,0.0742,126335.7
2026-08-12 23:30:00,0.0741,0.0743,0.0738,0.0743,410174.6
2026-08-12 23:35:00,0.0743,0.0744,0.0742,0.0743,326354.9
2026-08-12 23:40:00,0.0744,0.0744,0.0739,0.074,280915.3
2026-08-12 23:45:00,0.074,0.0741,0.074,0.074,76371.4
2026-08-12 23:50:00,0.074,0.0742,0.0739,0.074,374412.1
2026-08-12 23:55:00,0.074,0.0742,0.074,0.0741,141907.8
2026-08-13 00:00:00,0.0741,0.0744,0.074,0.0743,293318.6
2026-08-13 00:05:00,0.0744,0.0745,0.0743,0.0745,630168.5
2026-08-13 00:10:00,0.0744,0.0745,0.0742,0.0744,257581.5
2026-08-13 00:15:00,0.0744,0.0744,0.0743,0.0744,180928.0
2026-08-13 00:20:00,0.0744,0.0746,0.0743,0.0745,773297.8
2026-08-13 00:25:00,0.0746,0.0746,0.0745,0.0746,122947.1
2026-08-13 00:30:00,0.0747,0.0747,0.0745,0.0746,168442.8
2026-08-13 00:35:00,0.0746,0.0746,0.0744,0.0744,153168.3
2026-08-13 00:40:00,0.0744,0.0744,0.0741,0.0742,277307.7
2026-08-13 00:45:00,0.0742,0.0743,0.0742,0.0742,294257.9
2026-08-13 00:50:00,0.0742,0.0742,0.0742,0.0742,49378.1
2026-08-13 00:55:00,0.0742,0.0742,0.0741,0.0741,295952.1
2026-08-13 01:00:00,0.0741,0.0742,0.0738,0.0742,592380.8
2026-08-13 01:05:00,0.0742,0.0742,0.0737,0.0738,1117453.2
2026-08-13 01:10:00,0.0738,0.0739,0.0737,0.0739,634500.1
2026-08-13 01:15:00,0.074,0.074,0.0738,0.0739,127725.0
2026-08-13 01:20:00,0.0739,0.074,0.0738,0.074,180452.2
2026-08-13 01:25:00,0.074,0.0741,0.0739,0.0741,322555.5
2026-08-13 01:30:00,0.074,0.0742,0.074,0.0741,60795.6
2026-08-13 01:35:00,0.0742,0.0745,0.0741,0.0745,330322.0
2026-08-13 01:40:00,0.0744,0.0745,0.0744,0.0744,86301.0
2026-08-13 01:45:00,0.0744,0.0745,0.0744,0.0744,107174.4
2026-08-13 01:50:00,0.0745,0.0746,0.0744,0.0745,28809.0
2026-08-13 01:55:00,0.0745,0.0746,0.0745,0.0746,157956.9
2026-08-13 02:00:00,0.0746,0.0747,0.0745,0.0745,127397.2
2026-08-13 02:05:00,0.0745,0.0745,0.0743,0.0744,79820.5
2026-08-13 02:10:00,0.0744,0.0746,0.0744,0.0746,260221.4
2026-08-13 02:15:00,0.0747,0.0749,0.0747,0.0749,101425.1
2026-08-13 02:20:00,0.0748,0.0748,0.0746,0.0746,95059.7
2026-08-13 02:25:00,0.0746,0.0746,0.0745,0.0745,62629.5
2026-08-13 02:30:00,0.0745,0.0745,0.0743,0.0745,197162.5
2026-08-13 02:35:00,0.0744,0.0744,0.074,0.0741,231164.6
2026-08-13 02:40:00,0.0741,0.0742,0.074,0.0742,45543.8
2026-08-13 02:45:00,0.0742,0.0743,0.0742,0.0742,37003.5
2026-08-13 02:50:00,0.0742,0.0744,0.0742,0.0744,160804.6
2026-08-13 02:55:00,0.0744,0.0747,0.0744,0.0747,432869.2
2026-08-13 03:00:00,0.0747,0.075,0.0747,0.0749,283905.6
2026-08-13 03:05:00,0.0749,0.0751,0.0748,0.0751,199546.3
2026-08-13 03:10:00,0.0751,0.0753,0.075,0.0752,605407.2
2026-08-13 03:15:00,0.0752,0.0756,0.0752,0.0755,515938.1
2026-08-13 03:20:00,0.0754,0.0757,0.0754,0.0756,237329.5
2026-08-13 03:25:00,0.0757,0.076,0.0757,0.0759,165034.8
2026-08-13 03:30:00,0.0759,0.0761,0.0756,0.0759,408569.3
2026-08-13 03:35:00,0.076,0.076,0.0758,0.076,189971.7
2026-08-13 03:40:00,0.076,0.0762,0.076,0.0761,308577.1
2026-08-13 03:45:00,0.0761,0.0762,0.076,0.0761,55589.1
2026-08-13 03:50:00,0.0762,0.0762,0.0758,0.0758,246843.3
2026-08-13 03:55:00,0.0758,0.0758,0.0756,0.0756,115264.3
2026-08-13 04:00:00,0.0756,0.0761,0.0755,0.0759,906161.2
2026-08-13 04:05:00,0.076,0.076,0.0759,0.076,9635.1
2026-08-13 04:10:00,0.076,0.0761,0.0758,0.076,340344.3
2026-08-13 04:15:00,0.0761,0.0761,0.0759,0.0759,139602.6
2026-08-13 04:20:00,0.076,0.076,0.0759,0.076,131081.0
2026-08-13 04:25:00,0.076,0.076,0.0759,0.076,33595.1
2026-08-13 04:30:00,0.076,0.076,0.0759,0.076,26959.6
2026-08-13 04:35:00,0.076,0.0761,0.0759,0.0759,110731.9
2026-08-13 04:40:00,0.076,0.076,0.0759,0.076,48892.3
2026-08-13 04:45:00,0.076,0.0761,0.076,0.076,148967.1
2026-08-13 04:50:00,0.0759,0.076,0.0759,0.076,10969.4
2026-08-13 04:55:00,0.076,0.0762,0.076,0.0761,219002.6
2026-08-13 05:00:00,0.0761,0.0762,0.0761,0.0762,61288.1
2026-08-13 05:05:00,0.076,0.0762,0.076,0.0761,72041.8
2026-08-13 05:10:00,0.0761,0.0762,0.0761,0.0762,141454.8
2026-08-13 05:15:00,0.0762,0.0763,0.0762,0.0762,397597.9
2026-08-13 05:20:00,0.0762,0.0763,0.0762,0.0763,32039.1
2026-08-13 05:25:00,0.0764,0.0764,0.0763,0.0763,127072.9
2026-08-13 05:30:00,0.0763,0.0764,0.0762,0.0762,167410.1
2026-08-13 05:35:00,0.0762,0.0763,0.0762,0.0763,51557.4
2026-08-13 05:40:00,0.0763,0.0764,0.0761,0.0762,72091.7
2026-08-13 05:45:00,0.0763,0.0763,0.0761,0.0761,21144.8
2026-08-13 05:50:00,0.0762,0.0762,0.0762,0.0762,125537.5
2026-08-13 05:55:00,0.0762,0.0762,0.0761,0.0761,284721.6
2026-08-13 06:00:00,0.0762,0.0763,0.0761,0.0762,35449.1
2026-08-13 06:05:00,0.0761,0.0762,0.0761,0.0761,12715.2
2026-08-13 06:10:00,0.0762,0.0763,0.0761,0.0762,47596.1
2026-08-13 06:15:00,0.0763,0.0765,0.0763,0.0764,278497.8
2026-08-13 06:20:00,0.0764,0.0764,0.0763,0.0763,56428.9
2026-08-13 06:25:00,0.0763,0.0763,0.0763,0.0763,4546.0
2026-08-13 06:30:00,0.0763,0.0763,0.0762,0.0762,35812.1
2026-08-13 06:35:00,0.0763,0.0763,0.0763,0.0763,33965.9
2026-08-13 06:40:00,0.0762,0.0764,0.0762,0.0764,85049.2
2026-08-13 06:45:00,0.0764,0.0765,0.0764,0.0764,51271.0
2026-08-13 06:50:00,0.0764,0.0765,0.0764,0.0764,41792.3
2026-08-13 06:55:00,0.0764,0.0765,0.0764,0.0765,57172.6
2026-08-13 07:00:00,0.0765,0.0767,0.0765,0.0767,194474.7
2026-08-13 07:05:00,0.0767,0.0767,0.0762,0.0762,375918.6
2026-08-13 07:10:00,0.0762,0.0763,0.0762,0.0762,13246.1
2026-08-13 07:15:00,0.0762,0.0763,0.0761,0.0761,103358.4
2026-08-13 07:20:00,0.0761,0.0762,0.0761,0.0762,109108.5
2026-08-13 07:25:00,0.0762,0.0763,0.0762,0.0763,20586.2
2026-08-13 07:30:00,0.0763,0.0763,0.0762,0.0763,50612.5
2026-08-13 07:35:00,0.0763,0.0763,0.0761,0.0761,136119.9
2026-08-13 07:40:00,0.076,0.0761,0.076,0.076,38066.8
2026-08-13 07:45:00,0.076,0.076,0.0757,0.0757,382218.8
2026-08-13 07:50:00,0.0758,0.0758,0.0755,0.0756,254803.5
2026-08-13 07:55:00,0.0756,0.0756,0.0754,0.0754,206147.1
2026-08-13 08:00:00,0.0755,0.0756,0.0755,0.0756,73243.7
2026-08-13 08:05:00,0.0756,0.0756,0.0755,0.0755,50119.2
2026-08-13 08:10:00,0.0755,0.0755,0.0752,0.0752,598197.0
2026-08-13 08:15:00,0.0752,0.0754,0.0752,0.0753,445709.4
2026-08-13 08:20:00,0.0753,0.0753,0.0751,0.0751,417504.1
2026-08-13 08:25:00,0.0751,0.0751,0.0747,0.075,329272.7
2026-08-13 08:30:00,0.075,0.075,0.0748,0.0749,48532.6
2026-08-13 08:35:00,0.0749,0.075,0.0748,0.075,42871.0
2026-08-13 08:40:00,0.075,0.0751,0.0749,0.075,56106.9
2026-08-13 08:45:00,0.075,0.075,0.0749,0.0749,4043.3
2026-08-13 08:50:00,0.075,0.075,0.0748,0.0748,306477.4
2026-08-13 08:55:00,0.0749,0.0749,0.0748,0.0749,89004.9
2026-08-13 09:00:00,0.0749,0.0749,0.0747,0.0748,123772.1
2026-08-13 09:05:00,0.0748,0.0749,0.0748,0.0748,349740.0
2026-08-13 09:10:00,0.0748,0.0749,0.0747,0.0748,96636.4
2026-08-13 09:15:00,0.0748,0.0749,0.0748,0.0748,232865.7
2026-08-13 09:20:00,0.0749,0.0749,0.0747,0.0749,397358.7
2026-08-13 09:25:00,0.0749,0.0749,0.0747,0.0747,48010.8
2026-08-13 09:30:00,0.0747,0.0748,0.0747,0.0748,246496.9
2026-08-13 09:35:00,0.0748,0.0748,0.0747,0.0747,485893.9
2026-08-13 09:40:00,0.0747,0.0748,0.0747,0.0748,39361.1
2026-08-13 09:45:00,0.0748,0.0749,0.0748,0.0749,9193.4
2026-08-13 09:50:00,0.0749,0.075,0.0748,0.0748,144003.0
2026-08-13 09:55:00,0.0748,0.075,0.0748,0.0749,89365.4
2026-08-13 10:00:00,0.075,0.075,0.0747,0.0748,279573.6
2026-08-13 10:05:00,0.0748,0.0748,0.0747,0.0747,110904.3
2026-08-13 10:10:00,0.0748,0.0748,0.0747,0.0747,210120.4
2026-08-13 10:15:00,0.0747,0.0748,0.0747,0.0748,23828.6
2026-08-13 10:20:00,0.0748,0.0748,0.0746,0.0747,167252.7
2026-08-13 10:25:00,0.0746,0.0747,0.0745,0.0746,184670.4
2026-08-13 10:30:00,0.0746,0.0747,0.0744,0.0747,136077.2
2026-08-13 10:35:00,0.0747,0.0749,0.0747,0.0749,123252.2
2026-08-13 10:40:00,0.0749,0.0749,0.0748,0.0748,114752.8
2026-08-13 10:45:00,0.0748,0.0749,0.0748,0.0748,9692.9
2026-08-13 10:50:00,0.0748,0.0749,0.0747,0.0747,64353.4
2026-08-13 10:55:00,0.0748,0.0748,0.0748,0.0748,49709.6
2026-08-13 11:00:00,0.0748,0.0749,0.0748,0.0749,45012.4
2026-08-13 11:05:00,0.0748,0.0748,0.0747,0.0747,201220.0
2026-08-13 11:10:00,0.0748,0.0748,0.0746,0.0748,119676.0
2026-08-13 11:15:00,0.0747,0.0748,0.0746,0.0746,128292.0
2026-08-13 11:20:00,0.0747,0.075,0.0746,0.075,423111.1
2026-08-13 11:25:00,0.0749,0.075,0.0748,0.0748,199241.6
2026-08-13 11:30:00,0.0748,0.0748,0.0746,0.0747,364389.9
2026-08-13 11:35:00,0.0746,0.0747,0.0746,0.0747,15010.9
2026-08-13 11:40:00,0.0747,0.0747,0.0745,0.0746,139306.8
2026-08-13 11:45:00,0.0747,0.0747,0.0746,0.0747,57454.4
2026-08-13 11:50:00,0.0747,0.0747,0.0745,0.0745,37682.3
2026-08-13 11:55:00,0.0746,0.0746,0.0744,0.0746,505930.4
2026-08-13 12:00:00,0.0746,0.0747,0.0746,0.0747,79260.7
2026-08-13 12:05:00,0.0747,0.0748,0.0747,0.0747,61339.6
2026-08-13 12:10:00,0.0748,0.0748,0.0748,0.0748,90056.8
2026-08-13 12:15:00,0.0748,0.0748,0.0748,0.0748,1000.3
2026-08-13 12:20:00,0.0747,0.0747,0.0747,0.0747,165039.9
2026-08-13 12:25:00,0.0747,0.0749,0.0746,0.0748,55445.0
2026-08-13 12:30:00,0.0748,0.075,0.0747,0.075,212509.3
2026-08-13 12:35:00,0.075,0.075,0.0749,0.0749,196397.1
2026-08-13 12:40:00,0.0748,0.075,0.0748,0.0749,42438.0
2026-08-13 12:45:00,0.0749,0.0749,0.0748,0.0748,47735.9
2026-08-13 12:50:00,0.0749,0.0749,0.0748,0.0749,38868.3
2026-08-13 12:55:00,0.0749,0.075,0.0748,0.0749,169779.7
2026-08-13 13:00:00,0.075,0.075,0.0748,0.0749,342426.6
2026-08-13 13:05:00,0.0748,0.0749,0.0748,0.0748,20723.6
2026-08-13 13:10:00,0.0748,0.0749,0.0748,0.0748,228802.7
2026-08-13 13:15:00,0.0748,0.0748,0.0746,0.0747,190194.7
2026-08-13 13:20:00,0.0748,0.0748,0.0747,0.0748,15865.5
2026-08-13 13:25:00,0.0747,0.0748,0.0747,0.0747,114225.1
2026-08-13 13:30:00,0.0747,0.0749,0.0747,0.0749,87861.6
2026-08-13 13:35:00,0.075,0.0751,0.075,0.0751,94837.5
2026-08-13 13:40:00,0.075,0.0753,0.075,0.0752,262907.9
2026-08-13 13:45:00,0.0752,0.0752,0.075,0.0751,224629.2
2026-08-13 13:50:00,0.0752,0.0756,0.0752,0.0755,507077.6
2026-08-13 13:55:00,0.0755,0.0756,0.0754,0.0755,39460.2
2026-08-13 14:00:00,0.0756,0.0756,0.0755,0.0755,294654.6
2026-08-13 14:05:00,0.0756,0.0756,0.0755,0.0756,441500.2
2026-08-13 14:10:00,0.0756,0.0758,0.0753,0.0756,399018.5
2026-08-13 14:15:00,0.0756,0.0756,0.0753,0.0755,167917.4
2026-08-13 14:20:00,0.0754,0.0755,0.0754,0.0755,139653.6
2026-08-13 14:25:00,0.0755,0.0755,0.0752,0.0753,363916.9
2026-08-13 14:30:00,0.0753,0.0756,0.0753,0.0755,99234.8
2026-08-13 14:35:00,0.0756,0.0757,0.0755,0.0757,267954.7
2026-08-13 14:40:00,0.0757,0.0758,0.0756,0.0757,179130.1
2026-08-13 14:45:00,0.0758,0.0758,0.0756,0.0756,351989.1
2026-08-13 14:50:00,0.0756,0.0757,0.0755,0.0756,101082.7
2026-08-13 14:55:00,0.0756,0.0757,0.0756,0.0757,61730.8
2026-08-13 15:00:00,0.0757,0.0758,0.0757,0.0757,155971.3
2026-08-13 15:05:00,0.0757,0.0757,0.0754,0.0755,58420.3
2026-08-13 15:10:00,0.0755,0.0755,0.0754,0.0755,73852.7
2026-08-13 15:15:00,0.0754,0.0757,0.0754,0.0757,51323.1
2026-08-13 15:20:00,0.0756,0.0758,0.0756,0.0757,190724.4
2026-08-13 15:25:00,0.0757,0.0757,0.0754,0.0755,257241.1
2026-08-13 15:30:00,0.0755,0.0757,0.0754,0.0755,308805.8
2026-08-13 15:35:00,0.0755,0.0756,0.0755,0.0756,119212.1
2026-08-13 15:40:00,0.0756,0.0756,0.0755,0.0755,34451.1
2026-08-13 15:45:00,0.0754,0.0755,0.0753,0.0753,28031.5
2026-08-13 15:50:00,0.0753,0.0753,0.0751,0.0752,306690.8
2026-08-13 15:55:00,0.0752,0.0752,0.0748,0.0748,283142.5
2026-08-13 16:00:00,0.0748,0.0749,0.0746,0.0747,376946.8
2026-08-13 16:05:00,0.0747,0.0747,0.0744,0.0746,265329.6
2026-08-13 16:10:00,0.0746,0.0749,0.0746,0.0748,246126.8
2026-08-13 16:15:00,0.0749,0.0751,0.0749,0.075,225417.7
2026-08-13 16:20:00,0.075,0.0754,0.0749,0.0754,389908.9
2026-08-13 16:25:00,0.0753,0.0754,0.0749,0.0749,276094.2
2026-08-13 16:30:00,0.0749,0.075,0.0749,0.0749,160038.0
2026-08-13 16:35:00,0.0749,0.075,0.0742,0.0744,842625.3
2026-08-13 16:40:00,0.0744,0.0745,0.0742,0.0745,333804.1
2026-08-13 16:45:00,0.0745,0.0747,0.0744,0.0747,188708.2
2026-08-13 16:50:00,0.0747,0.0748,0.0745,0.0746,99312.9
2026-08-13 16:55:00,0.0745,0.0746,0.0745,0.0746,355448.8
2026-08-13 17:00:00,0.0745,0.0748,0.0745,0.0748,97454.0
2026-08-13 17:05:00,0.0748,0.0748,0.0747,0.0748,34770.1
2026-08-13 17:10:00,0.0747,0.0749,0.0747,0.0749,105156.0
2026-08-13 17:15:00,0.0748,0.0748,0.0747,0.0748,124748.8
2026-08-13 17:20:00,0.0748,0.0749,0.0748,0.0748,67511.3
2026-08-13 17:25:00,0.0749,0.0749,0.0748,0.0748,31727.2
2026-08-13 17:30:00,0.0749,0.075,0.0748,0.0748,156030.0
2026-08-13 17:35:00,0.0748,0.0749,0.0747,0.0749,43165.5
2026-08-13 17:40:00,0.0748,0.0749,0.0748,0.0749,85610.5
2026-08-13 17:45:00,0.0749,0.075,0.0747,0.0747,141399.4
2026-08-13 17:50:00,0.0747,0.0748,0.0747,0.0748,29012.5
2026-08-13 17:55:00,0.0748,0.0748,0.0747,0.0748,76945.2
2026-08-13 18:00:00,0.0748,0.075,0.0747,0.075,19873.1
2026-08-13 18:05:00,0.075,0.075,0.0748,0.0749,221276.5
2026-08-13 18:10:00,0.0749,0.0749,0.0748,0.0748,8078.3
2026-08-13 18:15:00,0.0749,0.0751,0.0749,0.0751,105443.6
2026-08-13 18:20:00,0.075,0.075,0.0749,0.0749,105308.5
2026-08-13 18:25:00,0.0749,0.0749,0.0748,0.0749,4413.1
2026-08-13 18:30:00,0.0749,0.075,0.0748,0.0749,127238.2
2026-08-13 18:35:00,0.0748,0.0749,0.0748,0.0749,70080.6
2026-08-13 18:40:00,0.0749,0.0751,0.0749,0.0751,134302.5
2026-08-13 18:45:00,0.0751,0.0752,0.0749,0.075,505592.5
2026-08-13 18:50:00,0.075,0.0752,0.075,0.0751,49479.8
2026-08-13 18:55:00,0.0751,0.0752,0.0751,0.0751,144934.1
2026-08-13 19:00:00,0.0751,0.0753,0.0751,0.0751,76459.5
2026-08-13 19:05:00,0.0751,0.0754,0.0751,0.0752,101481.3
2026-08-13 19:10:00,0.0752,0.0752,0.075,0.075,82128.4
2026-08-13 19:15:00,0.0749,0.0751,0.0749,0.0751,94184.5
2026-08-13 19:20:00,0.0751,0.0751,0.0749,0.0749,148206.2
2026-08-13 19:25:00,0.075,0.0751,0.075,0.0751,40104.7
2026-08-13 19:30:00,0.0751,0.0751,0.075,0.075,5098.3
2026-08-13 19:35:00,0.0752,0.0753,0.0752,0.0752,17523.0
2026-08-13 19:40:00,0.0753,0.0753,0.0752,0.0753,70834.7
2026-08-13 19:45:00,0.0753,0.0753,0.0752,0.0752,7370.7
2026-08-13 19:50:00,0.0752,0.0752,0.0752,0.0752,98987.7
2026-08-13 19:55:00,0.0752,0.0753,0.0752,0.0752,101243.0
2026-08-13 20:00:00,0.0752,0.0753,0.0751,0.0753,67096.0
2026-08-13 20:05:00,0.0753,0.0753,0.0752,0.0752,24823.1
2026-08-13 20:10:00,0.0751,0.0751,0.0749,0.0749,39906.8
2026-08-13 20:15:00,0.075,0.0751,0.075,0.0751,46071.4
2026-08-13 20:20:00,0.0751,0.0751,0.0751,0.0751,14284.7
2026-08-13 20:25:00,0.075,0.0751,0.075,0.0751,49377.1
2026-08-13 20:30:00,0.0751,0.0751,0.075,0.075,5193.0
2026-08-13 20:35:00,0.0751,0.0751,0.0751,0.0751,332.8
2026-08-13 20:40:00,0.0751,0.0751,0.0749,0.075,150412.5
2026-08-13 20:45:00,0.075,0.075,0.075,0.075,40463.9
2026-08-13 20:50:00,0.075,0.075,0.075,0.075,27166.8
2026-08-13 20:55:00,0.0749,0.0751,0.0749,0.0751,88983.1
2026-08-13 21:00:00,0.075,0.0753,0.075,0.0752,98240.7
2026-08-13 21:05:00,0.0751,0.0751,0.0751,0.0751,23163.0
2026-08-13 21:10:00,0.0751,0.0751,0.0751,0.0751,699.5
2026-08-13 21:15:00,0.0752,0.0753,0.0752,0.0753,15991.4
2026-08-13 21:20:00,0.0753,0.0753,0.0753,0.0753,38019.2
2026-08-13 21:25:00,0.0754,0.0754,0.0753,0.0753,23110.6
2026-08-13 21:30:00,0.0754,0.0754,0.0754,0.0754,71654.1
2026-08-13 21:35:00,0.0753,0.0754,0.0753,0.0753,5738.1
2026-08-13 21:40:00,0.0753,0.0754,0.0753,0.0754,9943.9
2026-08-13 21:45:00,0.0753,0.0753,0.0753,0.0753,5366.8
2026-08-13 21:50:00,0.0752,0.0753,0.0752,0.0753,28761.9
2026-08-13 21:55:00,0.0754,0.0754,0.0752,0.0752,83845.2
2026-08-13 22:00:00,0.0752,0.0756,0.0752,0.0755,386938.2
2026-08-13 22:05:00,0.0754,0.0756,0.0754,0.0755,54390.3
2026-08-13 22:10:00,0.0755,0.0756,0.0755,0.0756,71376.6
2026-08-13 22:15:00,0.0755,0.0757,0.0755,0.0756,63681.2
2026-08-13 22:20:00,0.0756,0.0757,0.0756,0.0757,96782.2
2026-08-13 22:25:00,0.0756,0.076,0.0756,0.0759,244523.7
2026-08-13 22:30:00,0.0759,0.0759,0.0755,0.0756,683211.8
2026-08-13 22:35:00,0.0756,0.0757,0.0756,0.0756,304050.3
2026-08-13 22:40:00,0.0756,0.0757,0.0755,0.0755,189158.4
2026-08-13 22:45:00,0.0755,0.0757,0.0755,0.0756,94445.8
2026-08-13 22:50:00,0.0757,0.0757,0.0756,0.0757,83886.1
2026-08-13 22:55:00,0.0757,0.0758,0.0756,0.0758,82393.0
2026-08-13 23:00:00,0.0757,0.0758,0.0756,0.0756,132657.8
2026-08-13 23:05:00,0.0757,0.0757,0.0756,0.0756,59535.8
2026-08-13 23:10:00,0.0756,0.0756,0.0753,0.0753,245917.9
2026-08-13 23:15:00,0.0753,0.0755,0.0753,0.0753,181609.4
2026-08-13 23:20:00,0.0753,0.0754,0.0753,0.0753,27967.6
2026-08-13 23:25:00,0.0754,0.0754,0.0753,0.0753,7407.7
2026-08-13 23:30:00,0.0753,0.0754,0.0753,0.0753,23664.2
2026-08-13 23:35:00,0.0753,0.0753,0.0753,0.0753,70381.2
2026-08-13 23:40:00,0.0753,0.0753,0.0752,0.0752,3114.0
2026-08-13 23:45:00,0.0752,0.0752,0.0751,0.0751,18767.4
2026-08-13 23:50:00,0.0751,0.0752,0.0751,0.0751,17700.6
2026-08-13 23:55:00,0.0751,0.0753,0.0751,0.0753,53032.5
2026-08-14 00:00:00,0.0753,0.0753,0.0752,0.0753,258516.2
2026-08-14 00:05:00,0.0752,0.0753,0.0752,0.0752,197670.5
2026-08-14 00:10:00,0.0752,0.0752,0.0751,0.0751,4543.9
2026-08-14 00:15:00,0.0752,0.0753,0.0752,0.0753,7738.6
2026-08-14 00:20:00,0.0754,0.0756,0.0754,0.0755,94527.4
2026-08-14 00:25:00,0.0755,0.0755,0.0753,0.0754,52004.1
2026-08-14 00:30:00,0.0753,0.0754,0.0752,0.0752,91989.9
2026-08-14 00:35:00,0.0754,0.0754,0.0754,0.0754,166607.2
2026-08-14 00:40:00,0.0754,0.0756,0.0754,0.0756,128706.6
2026-08-14 00:45:00,0.0755,0.0755,0.0754,0.0754,47190.3
2026-08-14 00:50:00,0.0754,0.0755,0.0754,0.0755,17331.4
2026-08-14 00:55:00,0.0755,0.0755,0.0755,0.0755,2462.7
2026-08-14 01:00:00,0.0754,0.0755,0.0753,0.0755,56465.9
2026-08-14 01:05:00,0.0755,0.0755,0.0753,0.0753,26790.2
2026-08-14 01:10:00,0.0753,0.0753,0.0753,0.0753,5112.0
2026-08-14 01:15:00,0.0753,0.0753,0.0752,0.0752,100336.8
2026-08-14 01:20:00,0.0753,0.0754,0.0753,0.0754,65337.9
2026-08-14 01:25:00,0.0753,0.0754,0.0753,0.0753,284936.5
2026-08-14 01:30:00,0.0753,0.0754,0.0752,0.0752,320204.9
2026-08-14 01:35:00,0.0752,0.0753,0.0752,0.0753,105002.6
2026-08-14 01:40:00,0.0753,0.0753,0.0752,0.0753,128003.1
2026-08-14 01:45:00,0.0753,0.0753,0.0752,0.0752,96900.3
2026-08-14 01:50:00,0.0752,0.0752,0.0751,0.0752,32661.7
2026-08-14 01:55:00,0.0752,0.0752,0.075,0.0752,86671.7
2026-08-14 02:00:00,0.0752,0.0752,0.0751,0.0751,43136.3
2026-08-14 02:05:00,0.075,0.0753,0.075,0.0752,125525.4
2026-08-14 02:10:00,0.0752,0.0753,0.0751,0.0751,80695.3
2026-08-14 02:15:00,0.0752,0.0752,0.0752,0.0752,45529.9
2026-08-14 02:20:00,0.0752,0.0752,0.0752,0.0752,6223.1
2026-08-14 02:25:00,0.0751,0.0751,0.0751,0.0751,2302.9
2026-08-14 02:30:00,0.0751,0.0752,0.075,0.0752,81100.2
2026-08-14 02:35:00,0.0752,0.0753,0.0752,0.0752,112676.2
2026-08-14 02:40:00,0.0752,0.0752,0.0752,0.0752,3168.2
2026-08-14 02:45:00,0.0752,0.0752,0.0752,0.0752,18094.7
2026-08-14 02:50:00,0.0751,0.0752,0.0751,0.0752,14686.7
2026-08-14 02:55:00,0.0752,0.0752,0.0751,0.0751,764.6
2026-08-14 03:00:00,0.0751,0.0751,0.075,0.075,7726.5
2026-08-14 03:05:00,0.075,0.075,0.0749,0.075,82627.0
2026-08-14 03:10:00,0.0749,0.075,0.0749,0.075,19067.4
2026-08-14 03:15:00,0.075,0.0753,0.0749,0.0752,148124.8
2026-08-14 03:20:00,0.0753,0.0753,0.0753,0.0753,19134.3
2026-08-14 03:25:00,0.0753,0.0753,0.0753,0.0753,384729.6
2026-08-14 03:30:00,0.0752,0.0752,0.075,0.075,70053.9
2026-08-14 03:35:00,0.0751,0.0751,0.0749,0.0749,27734.8
2026-08-14 03:40:00,0.0749,0.075,0.0748,0.0749,114088.3
2026-08-14 03:45:00,0.0749,0.0749,0.0748,0.0748,22439.3
2026-08-14 03:50:00,0.0748,0.0749,0.0748,0.0749,17831.1
2026-08-14 03:55:00,0.0749,0.075,0.0749,0.0749,49706.9
2026-08-14 04:00:00,0.0749,0.0752,0.0749,0.0752,22310.4
2026-08-14 04:05:00,0.0752,0.0754,0.0752,0.0753,52978.2
2026-08-14 04:10:00,0.0753,0.0754,0.0753,0.0753,54544.3
2026-08-14 04:15:00,0.0752,0.0753,0.0752,0.0753,182393.1
2026-08-14 04:20:00,0.0753,0.0755,0.0752,0.0753,154100.4
2026-08-14 04:25:00,0.0753,0.0754,0.0753,0.0753,36060.6
2026-08-14 04:30:00,0.0753,0.0753,0.0752,0.0753,8685.0
2026-08-14 04:35:00,0.0752,0.0752,0.0752,0.0752,37884.8
2026-08-14 04:40:00,0.0752,0.0752,0.0751,0.0751,8755.5
2026-08-14 04:45:00,0.075,0.075,0.075,0.075,34194.1
2026-08-14 04:50:00,0.0751,0.0751,0.075,0.075,17471.5
2026-08-14 04:55:00,0.0751,0.0751,0.0749,0.0749,104913.4
2026-08-14 05:00:00,0.075,0.0751,0.075,0.0751,63363.3
2026-08-14 05:05:00,0.075,0.075,0.075,0.075,25171.8
2026-08-14 05:10:00,0.075,0.0751,0.075,0.0751,35761.2
2026-08-14 05:15:00,0.075,0.075,0.0748,0.0749,68121.7
2026-08-14 05:20:00,0.0749,0.0751,0.0749,0.075,108613.3
2026-08-14 05:25:00,0.075,0.0751,0.075,0.0751,49728.6
2026-08-14 05:30:00,0.0752,0.0754,0.0752,0.0753,176590.9
2026-08-14 05:35:00,0.0752,0.0754,0.0752,0.0753,18303.2
2026-08-14 05:40:00,0.0752,0.0754,0.0752,0.0752,73383.3
2026-08-14 05:45:00,0.0752,0.0753,0.0752,0.0752,27045.4
2026-08-14 05:50:00,0.0752,0.0754,0.0752,0.0754,55408.5
2026-08-14 05:55:00,0.0753,0.0756,0.0753,0.0756,85031.6
2026-08-14 06:00:00,0.0757,0.0757,0.0755,0.0755,24842.3
2026-08-14 06:05:00,0.0755,0.0755,0.0753,0.0755,86281.1
2026-08-14 06:10:00,0.0754,0.0755,0.0753,0.0755,153575.2
2026-08-14 06:15:00,0.0755,0.0755,0.0754,0.0754,2934.1
2026-08-14 06:20:00,0.0755,0.0756,0.0755,0.0756,250100.9
2026-08-14 06:25:00,0.0755,0.0755,0.0754,0.0754,35618.3
2026-08-14 06:30:00,0.0754,0.0758,0.0754,0.0755,76662.4
2026-08-14 06:35:00,0.0756,0.0757,0.0756,0.0757,84723.3
2026-08-14 06:40:00,0.0757,0.0757,0.0756,0.0756,1739.6
2026-08-14 06:45:00,0.0756,0.0756,0.0755,0.0755,28203.6
2026-08-14 06:50:00,0.0756,0.0756,0.0754,0.0754,291297.7
2026-08-14 06:55:00,0.0755,0.0756,0.0755,0.0755,225969.9
2026-08-14 07:00:00,0.0755,0.0755,0.0753,0.0753,26466.6
2026-08-14 07:05:00,0.0754,0.0754,0.0753,0.0753,4222.4
2026-08-14 07:10:00,0.0753,0.0753,0.0752,0.0752,28315.7
2026-08-14 07:15:00,0.0752,0.0753,0.0752,0.0753,13238.3
2026-08-14 07:20:00,0.0753,0.0753,0.0752,0.0752,106304.4
2026-08-14 07:25:00,0.0752,0.0753,0.0752,0.0752,13772.3
2026-08-14 07:30:00,0.0752,0.0752,0.0751,0.0752,71448.4
2026-08-14 07:35:00,0.0752,0.0752,0.0751,0.0751,160245.0
2026-08-14 07:40:00,0.0751,0.0752,0.0751,0.0752,20880.2
2026-08-14 07:45:00,0.0751,0.0753,0.075,0.0753,150306.7
2026-08-14 07:50:00,0.0753,0.0753,0.0752,0.0752,7647.0
2026-08-14 07:55:00,0.0752,0.0753,0.0752,0.0753,655.7
2026-08-14 08:00:00,0.0753,0.0753,0.0752,0.0753,171783.2
2026-08-14 08:05:00,0.0753,0.0753,0.0751,0.0752,159124.6
2026-08-14 08:10:00,0.0752,0.0753,0.0752,0.0753,57641.7
2026-08-14 08:15:00,0.0753,0.0754,0.0752,0.0752,55784.0
2026-08-14 08:20:00,0.0752,0.0754,0.0752,0.0752,44043.5
2026-08-14 08:25:00,0.0752,0.0754,0.0751,0.0754,117807.3
2026-08-14 08:30:00,0.0754,0.0757,0.075,0.0756,528687.4
2026-08-14 08:35:00,0.0756,0.0758,0.0755,0.0757,1402739.9
2026-08-14 08:40:00,0.0757,0.0758,0.0756,0.0758,168650.3
2026-08-14 08:45:00,0.0758,0.0758,0.0756,0.0757,132204.3
2026-08-14 08:50:00,0.0757,0.0758,0.0757,0.0757,91009.9
2026-08-14 08:55:00,0.0758,0.0758,0.0758,0.0758,194929.9
2026-08-14 09:00:00,0.0758,0.0758,0.0757,0.0757,16778.9
2026-08-14 09:05:00,0.0757,0.0758,0.0757,0.0757,197646.4
2026-08-14 09:10:00,0.0758,0.0759,0.0756,0.0756,137408.4
2026-08-14 09:15:00,0.0756,0.0757,0.0756,0.0756,33331.3
2026-08-14 09:20:00,0.0756,0.0756,0.0756,0.0756,17953.2
2026-08-14 09:25:00,0.0756,0.0756,0.0753,0.0753,313894.2
2026-08-14 09:30:00,0.0752,0.0752,0.0749,0.075,282713.6
2026-08-14 09:35:00,0.075,0.075,0.0745,0.0745,615279.4
2026-08-14 09:40:00,0.0746,0.0746,0.0742,0.0744,562823.8
2026-08-14 09:45:00,0.0744,0.0745,0.0743,0.0745,137182.9
2026-08-14 09:50:00,0.0744,0.0744,0.0743,0.0743,128971.7
2026-08-14 09:55:00,0.0744,0.0744,0.0743,0.0743,98272.5
2026-08-14 10:00:00,0.0742,0.0744,0.0742,0.0744,54964.4
2026-08-14 10:05:00,0.0744,0.0744,0.0742,0.0743,16080.4
2026-08-14 10:10:00,0.0744,0.0746,0.0744,0.0746,140373.6
2026-08-14 10:15:00,0.0746,0.0746,0.0744,0.0745,455518.8
2026-08-14 10:20:00,0.0746,0.0747,0.0745,0.0745,495229.6
2026-08-14 10:25:00,0.0745,0.0746,0.0744,0.0746,267680.6
2026-08-14 10:30:00,0.0746,0.0746,0.0744,0.0746,81259.1
2026-08-14 10:35:00,0.0746,0.0747,0.0745,0.0745,53145.5
2026-08-14 10:40:00,0.0745,0.0746,0.0744,0.0744,211005.6
2026-08-14 10:45:00,0.0745,0.0745,0.0744,0.0744,70183.2
2026-08-14 10:50:00,0.0744,0.0745,0.0744,0.0744,165136.8
2026-08-14 10:55:00,0.0743,0.0745,0.0743,0.0744,108260.8
2026-08-14 11:00:00,0.0744,0.0745,0.0743,0.0745,74576.1
2026-08-14 11:05:00,0.0745,0.0745,0.0743,0.0744,115107.4
2026-08-14 11:10:00,0.0744,0.0745,0.0742,0.0743,264501.2
2026-08-14 11:15:00,0.0742,0.0744,0.0742,0.0744,137749.9
2026-08-14 11:20:00,0.0745,0.0745,0.0743,0.0744,55990.6
2026-08-14 11:25:00,0.0743,0.0744,0.0743,0.0744,112601.2
2026-08-14 11:30:00,0.0744,0.0745,0.0744,0.0744,78022.1
2026-08-14 11:35:00,0.0744,0.0746,0.0744,0.0744,125186.4
2026-08-14 11:40:00,0.0744,0.0745,0.0743,0.0744,126194.2
2026-08-14 11:45:00,0.0744,0.0744,0.0743,0.0743,50731.1
2026-08-14 11:50:00,0.0744,0.0744,0.0742,0.0744,135285.3
2026-08-14 11:55:00,0.0744,0.0745,0.0742,0.0743,146476.7
2026-08-14 12:00:00,0.0744,0.0745,0.0743,0.0745,112485.1
2026-08-14 12:05:00,0.0745,0.0745,0.0744,0.0744,337799.3
2026-08-14 12:10:00,0.0744,0.0744,0.0743,0.0744,58586.4
2026-08-14 12:15:00,0.0744,0.0745,0.0744,0.0744,231520.7
2026-08-14 12:20:00,0.0744,0.0747,0.0744,0.0747,247308.6
2026-08-14 12:25:00,0.0747,0.0747,0.0745,0.0745,108486.7
2026-08-14 12:30:00,0.0746,0.0747,0.0744,0.0744,162540.6
2026-08-14 12:35:00,0.0745,0.0745,0.0744,0.0744,55600.0
2026-08-14 12:40:00,0.0745,0.0745,0.0743,0.0744,82433.7
2026-08-14 12:45:00,0.0744,0.0744,0.0743,0.0744,86927.1
2026-08-14 12:50:00,0.0744,0.0745,0.0744,0.0744,24294.1
2026-08-14 12:55:00,0.0744,0.0745,0.0744,0.0745,7223.9
2026-08-14 13:00:00,0.0745,0.0745,0.0743,0.0743,51010.1
2026-08-14 13:05:00,0.0743,0.0743,0.0742,0.0743,89547.2
2026-08-14 13:10:00,0.0743,0.0744,0.0743,0.0744,48084.0
2026-08-14 13:15:00,0.0745,0.0745,0.0743,0.0743,75541.3
2026-08-14 13:20:00,0.0744,0.0744,0.0743,0.0744,218421.9
2026-08-14 13:25:00,0.0744,0.0746,0.0744,0.0745,446997.3
2026-08-14 13:30:00,0.0745,0.0745,0.0744,0.0745,66928.9
2026-08-14 13:35:00,0.0745,0.0747,0.0745,0.0746,498043.0
2026-08-14 13:40:00,0.0746,0.0748,0.0746,0.0747,170337.5
2026-08-14 13:45:00,0.0747,0.0749,0.0747,0.0748,33789.1
2026-08-14 13:50:00,0.0748,0.075,0.0748,0.0748,164318.2
2026-08-14 13:55:00,0.0749,0.0749,0.0747,0.0747,60061.5
2026-08-14 14:00:00,0.0748,0.0749,0.0747,0.0748,99007.8
2026-08-14 14:05:00,0.0748,0.0748,0.0746,0.0747,25157.7
2026-08-14 14:10:00,0.0747,0.0748,0.0746,0.0746,184829.0
2026-08-14 14:15:00,0.0746,0.0748,0.0746,0.0747,114564.1
2026-08-14 14:20:00,0.0747,0.0747,0.0747,0.0747,54276.1
2026-08-14 14:25:00,0.0747,0.0748,0.0746,0.0747,182043.0
2026-08-14 14:30:00,0.0747,0.0748,0.0747,0.0748,137652.9
2026-08-14 14:35:00,0.0748,0.0749,0.0748,0.0748,35589.6
2026-08-14 14:40:00,0.0748,0.0748,0.0747,0.0747,183794.5
2026-08-14 14:45:00,0.0748,0.0748,0.0746,0.0748,21724.0
2026-08-14 14:50:00,0.0747,0.0747,0.0744,0.0745,169503.7
2026-08-14 14:55:00,0.0745,0.0745,0.0742,0.0743,112664.1
2026-08-14 15:00:00,0.0743,0.0743,0.0742,0.0743,41081.5
2026-08-14 15:05:00,0.0742,0.0745,0.0741,0.0744,152266.7
2026-08-14 15:10:00,0.0744,0.0745,0.0743,0.0743,61001.4
2026-08-14 15:15:00,0.0744,0.0744,0.0742,0.0742,84948.6
2026-08-14 15:20:00,0.0744,0.0746,0.0744,0.0746,86974.4
2026-08-14 15:25:00,0.0746,0.0747,0.0744,0.0747,91487.0
2026-08-14 15:30:00,0.0747,0.0747,0.0745,0.0746,99313.6
2026-08-14 15:35:00,0.0746,0.0749,0.0746,0.0748,61229.1
2026-08-14 15:40:00,0.0748,0.0749,0.0748,0.0748,28389.9
2026-08-14 15:45:00,0.0748,0.0749,0.0747,0.0748,104156.2
2026-08-14 15:50:00,0.0748,0.0749,0.0747,0.0749,13501.9
2026-08-14 15:55:00,0.0749,0.075,0.0748,0.0748,264792.3
2026-08-14 16:00:00,0.0748,0.075,0.0748,0.0748,245359.9
2026-08-14 16:05:00,0.0748,0.0749,0.0748,0.0749,123821.1
2026-08-14 16:10:00,0.0749,0.075,0.0749,0.0749,179014.5
2026-08-14 16:15:00,0.0749,0.0749,0.0748,0.0748,523759.1
2026-08-14 16:20:00,0.0748,0.0748,0.0746,0.0748,72949.5
2026-08-14 16:25:00,0.0747,0.0749,0.0747,0.0749,51970.0
2026-08-14 16:30:00,0.0748,0.075,0.0748,0.0749,76187.8
2026-08-14 16:35:00,0.075,0.075,0.0749,0.075,277832.1
2026-08-14 16:40:00,0.075,0.0751,0.0749,0.0749,137353.5
2026-08-14 16:45:00,0.075,0.075,0.0748,0.0749,161318.6
2026-08-14 16:50:00,0.0749,0.0749,0.0747,0.0748,206381.8
2026-08-14 16:55:00,0.0748,0.0749,0.0748,0.0748,6455.7
2026-08-14 17:00:00,0.0748,0.0749,0.0748,0.0749,25882.1
2026-08-14 17:05:00,0.0748,0.0748,0.0747,0.0748,77028.6
2026-08-14 17:10:00,0.0748,0.0749,0.0747,0.0749,40336.4
2026-08-14 17:15:00,0.0748,0.075,0.0748,0.075,17857.9
2026-08-14 17:20:00,0.075,0.0751,0.075,0.0751,21453.9
2026-08-14 17:25:00,0.0751,0.0751,0.0749,0.075,39386.1
2026-08-14 17:30:00,0.075,0.0751,0.0749,0.075,82027.3
2026-08-14 17:35:00,0.0751,0.0751,0.075,0.0751,171745.0
2026-08-14 17:40:00,0.075,0.0752,0.075,0.075,82371.1
2026-08-14 17:45:00,0.0751,0.0752,0.0751,0.0752,179798.6
2026-08-14 17:50:00,0.0752,0.0752,0.0751,0.0752,150390.0
2026-08-14 17:55:00,0.0751,0.0752,0.0751,0.0751,208684.9
2026-08-14 18:00:00,0.075,0.0751,0.0749,0.075,244238.7
2026-08-14 18:05:00,0.075,0.0751,0.0748,0.0749,126947.4
2026-08-14 18:10:00,0.0749,0.0749,0.0747,0.0747,43420.8
2026-08-14 18:15:00,0.0748,0.0749,0.0748,0.0749,86532.3
2026-08-14 18:20:00,0.0749,0.075,0.0749,0.0749,63643.9
2026-08-14 18:25:00,0.0748,0.0749,0.0748,0.0749,77621.6
2026-08-14 18:30:00,0.0748,0.0749,0.0747,0.0748,31778.5
2026-08-14 18:35:00,0.0748,0.0748,0.0748,0.0748,33330.0
2026-08-14 18:40:00,0.0748,0.0749,0.0747,0.0747,94522.1
2026-08-14 18:45:00,0.0747,0.0747,0.0746,0.0747,58079.7
2026-08-14 18:50:00,0.0746,0.0747,0.0745,0.0747,23640.5
2026-08-14 18:55:00,0.0746,0.0746,0.0745,0.0745,21341.5
2026-08-14 19:00:00,0.0745,0.0745,0.0743,0.0743,193275.8
2026-08-14 19:05:00,0.0744,0.0746,0.0744,0.0745,18154.9
2026-08-14 19:10:00,0.0745,0.0745,0.0744,0.0744,6206.7
2026-08-14 19:15:00,0.0744,0.0744,0.0744,0.0744,2051.0
2026-08-14 19:20:00,0.0744,0.0745,0.0744,0.0745,50765.5
2026-08-14 19:25:00,0.0745,0.0745,0.0744,0.0745,32231.0
2026-08-14 19:30:00,0.0745,0.0745,0.0744,0.0745,19567.9
2026-08-14 19:35:00,0.0746,0.0746,0.0745,0.0746,10254.3
2026-08-14 19:40:00,0.0745,0.0747,0.0745,0.0747,57420.8
2026-08-14 19:45:00,0.0747,0.0748,0.0747,0.0748,29743.3
2026-08-14 19:50:00,0.0748,0.0749,0.0748,0.0748,88496.7
2026-08-14 19:55:00,0.0748,0.0749,0.0747,0.0747,10452.2
2026-08-14 20:00:00,0.0747,0.0747,0.0746,0.0747,42203.1
2026-08-14 20:05:00,0.0746,0.0747,0.0746,0.0746,73700.7
2026-08-14 20:10:00,0.0746,0.0746,0.0745,0.0745,44472.3
2026-08-14 20:15:00,0.0745,0.0745,0.0744,0.0745,61767.8
2026-08-14 20:20:00,0.0745,0.0745,0.0744,0.0744,57576.5
2026-08-14 20:25:00,0.0744,0.0745,0.0744,0.0745,61109.0
2026-08-14 20:30:00,0.0745,0.0745,0.0744,0.0744,57204.4
2026-08-14 20:35:00,0.0745,0.0745,0.0744,0.0744,2241.1
2026-08-14 20:40:00,0.0745,0.0746,0.0744,0.0745,45801.3
2026-08-14 20:45:00,0.0745,0.0745,0.0744,0.0745,72660.5
2026-08-14 20:50:00,0.0744,0.0745,0.0744,0.0745,8361.2
2026-08-14 20:55:00,0.0745,0.0745,0.0744,0.0744,25558.2
2026-08-14 21:00:00,0.0744,0.0744,0.0743,0.0744,70799.8
2026-08-14 21:05:00,0.0744,0.0744,0.0743,0.0743,297201.2
2026-08-14 21:10:00,0.0743,0.0744,0.0743,0.0743,131325.0
2026-08-14 21:15:00,0.0743,0.0743,0.0739,0.074,947996.7
2026-08-14 21:20:00,0.0739,0.0739,0.0735,0.0738,547459.8
2026-08-14 21:25:00,0.0739,0.074,0.0739,0.074,76831.7
2026-08-14 21:30:00,0.0741,0.0741,0.074,0.074,87122.0
2026-08-14 21:35:00,0.0739,0.0739,0.0738,0.0739,138534.7
2026-08-14 21:40:00,0.0739,0.0739,0.0738,0.0739,8279.7
2026-08-14 21:45:00,0.0738,0.0738,0.0736,0.0737,162493.1
2026-08-14 21:50:00,0.0737,0.0737,0.0734,0.0735,378027.3
2026-08-14 21:55:00,0.0735,0.0737,0.0734,0.0736,250146.1
2026-08-14 22:00:00,0.0735,0.0736,0.0735,0.0736,109990.8
2026-08-14 22:05:00,0.0736,0.0736,0.0735,0.0736,286779.1
2026-08-14 22:10:00,0.0737,0.0737,0.0736,0.0737,86119.2
2026-08-14 22:15:00,0.0736,0.0737,0.0736,0.0737,78690.4
2026-08-14 22:20:00,0.0737,0.0737,0.0734,0.0735,153749.6
2026-08-14 22:25:00,0.0734,0.0735,0.0729,0.073,960232.3
2026-08-14 22:30:00,0.073,0.0734,0.073,0.0734,264702.2
2026-08-14 22:35:00,0.0733,0.0734,0.0733,0.0734,87276.4
2026-08-14 22:40:00,0.0734,0.0735,0.0734,0.0735,83875.5
2026-08-14 22:45:00,0.0734,0.0734,0.0733,0.0733,14574.9
2026-08-14 22:50:00,0.0733,0.0734,0.0733,0.0734,51023.1
2026-08-14 22:55:00,0.0734,0.0735,0.0734,0.0735,209394.2
2026-08-14 23:00:00,0.0735,0.0735,0.0734,0.0734,11242.6
2026-08-14 23:05:00,0.0734,0.0735,0.0734,0.0735,176825.6
2026-08-14 23:10:00,0.0735,0.0736,0.0735,0.0735,73480.7
2026-08-14 23:15:00,0.0735,0.0736,0.0735,0.0735,109871.7
2026-08-14 23:20:00,0.0735,0.0737,0.0735,0.0737,241246.9
2026-08-14 23:25:00,0.0737,0.0739,0.0736,0.0739,99601.2
2026-08-14 23:30:00,0.0739,0.074,0.0739,0.074,144876.8
2026-08-14 23:35:00,0.0739,0.0742,0.0739,0.0741,35895.6
2026-08-14 23:40:00,0.0742,0.0743,0.0742,0.0742,116240.1
2026-08-14 23:45:00,0.0742,0.0744,0.0742,0.0743,71002.3
2026-08-14 23:50:00,0.0744,0.0746,0.0744,0.0745,43685.8
2026-08-14 23:55:00,0.0746,0.0746,0.0745,0.0745,8016.1
2026-08-15 00:00:00,0.0746,0.0747,0.0746,0.0747,45647.5
2026-08-15 00:05:00,0.0746,0.0746,0.0745,0.0746,145941.6
2026-08-15 00:10:00,0.0747,0.0748,0.0747,0.0747,55471.0
2026-08-15 00:15:00,0.0748,0.0748,0.0747,0.0747,34168.3
2026-08-15 00:20:00,0.0746,0.0747,0.0746,0.0747,303422.9
2026-08-15 00:25:00,0.0746,0.0747,0.0746,0.0746,118326.0
2026-08-15 00:30:00,0.0746,0.0747,0.0746,0.0746,108704.4
2026-08-15 00:35:00,0.0746,0.0747,0.0746,0.0747,8049.3
2026-08-15 00:40:00,0.0747,0.0747,0.0746,0.0746,8220.3
2026-08-15 00:45:00,0.0746,0.0748,0.0746,0.0748,65815.4
2026-08-15 00:50:00,0.0748,0.0748,0.0748,0.0748,84831.6
2026-08-15 00:55:00,0.0749,0.0749,0.0748,0.0748,117365.3
2026-08-15 01:00:00,0.0748,0.0748,0.0748,0.0748,174384.6
2026-08-15 01:05:00,0.0747,0.0747,0.0745,0.0745,132145.8
2026-08-15 01:10:00,0.0746,0.0747,0.0745,0.0746,131971.8
2026-08-15 01:15:00,0.0746,0.0746,0.0746,0.0746,3965.8
2026-08-15 01:20:00,0.0746,0.0747,0.0746,0.0747,61953.8
2026-08-15 01:25:00,0.0748,0.0749,0.0748,0.0748,171226.7
2026-08-15 01:30:00,0.0749,0.075,0.0748,0.075,44906.3
2026-08-15 01:35:00,0.075,0.075,0.0748,0.0748,120375.1
2026-08-15 01:40:00,0.0748,0.0748,0.0747,0.0747,147009.4
2026-08-15 01:45:00,0.0746,0.0746,0.0746,0.0746,4026.8
2026-08-15 01:50:00,0.0746,0.0747,0.0745,0.0745,112572.8
2026-08-15 01:55:00,0.0746,0.0746,0.0746,0.0746,3827.9
2026-08-15 02:00:00,0.0746,0.0747,0.0746,0.0747,34746.5
2026-08-15 02:05:00,0.0748,0.0748,0.0748,0.0748,88841.0
2026-08-15 02:10:00,0.0748,0.0749,0.0748,0.0748,38687.9
2026-08-15 02:15:00,0.0749,0.075,0.0749,0.075,70766.9
2026-08-15 02:20:00,0.075,0.0753,0.075,0.0752,204133.0
2026-08-15 02:25:00,0.0753,0.0753,0.0752,0.0752,81778.9
2026-08-15 02:30:00,0.0753,0.0754,0.0752,0.0752,76110.7
2026-08-15 02:35:00,0.0752,0.0753,0.0751,0.0753,35880.5
2026-08-15 02:40:00,0.0752,0.0753,0.0752,0.0753,64335.0
2026-08-15 02:45:00,0.0752,0.0754,0.0752,0.0753,71155.7
2026-08-15 02:50:00,0.0753,0.0753,0.0753,0.0753,15363.3
2026-08-15 02:55:00,0.0754,0.0755,0.0753,0.0753,166637.6
2026-08-15 03:00:00,0.0753,0.0753,0.0753,0.0753,125811.9
2026-08-15 03:05:00,0.0753,0.0755,0.0753,0.0755,72849.3
2026-08-15 03:10:00,0.0754,0.0755,0.0754,0.0754,148652.4
2026-08-15 03:15:00,0.0754,0.0754,0.0754,0.0754,11024.2
2026-08-15 03:20:00,0.0753,0.0753,0.0752,0.0752,79690.2
2026-08-15 03:25:00,0.0752,0.0753,0.0751,0.0753,78966.9
2026-08-15 03:30:00,0.0753,0.0753,0.0751,0.0752,26780.6
2026-08-15 03:35:00,0.0752,0.0752,0.075,0.0751,178478.8
2026-08-15 03:40:00,0.0751,0.0753,0.0751,0.0753,17457.6
2026-08-15 03:45:00,0.0752,0.0752,0.0752,0.0752,28141.0
2026-08-15 03:50:00,0.0752,0.0754,0.0752,0.0754,255244.1
2026-08-15 03:55:00,0.0754,0.0754,0.0752,0.0753,71220.2
2026-08-15 04:00:00,0.0753,0.0754,0.0753,0.0753,119955.7
2026-08-15 04:05:00,0.0752,0.0753,0.0752,0.0752,72985.3
2026-08-15 04:10:00,0.0752,0.0752,0.0752,0.0752,74950.3
2026-08-15 04:15:00,0.0752,0.0754,0.0752,0.0754,77344.0
2026-08-15 04:20:00,0.0754,0.0755,0.0753,0.0755,133510.5
2026-08-15 04:25:00,0.0755,0.0755,0.0753,0.0753,112562.8
2026-08-15 04:30:00,0.0754,0.0754,0.0752,0.0753,32811.7
2026-08-15 04:35:00,0.0753,0.0754,0.0753,0.0753,59960.7
2026-08-15 04:40:00,0.0753,0.0753,0.0753,0.0753,8729.2
2026-08-15 04:45:00,0.0754,0.0754,0.0752,0.0752,44948.7
2026-08-15 04:50:00,0.0752,0.0753,0.0752,0.0753,62812.2
2026-08-15 04:55:00,0.0753,0.0754,0.0753,0.0754,49728.2
2026-08-15 05:00:00,0.0753,0.0754,0.0753,0.0753,39472.9
2026-08-15 05:05:00,0.0753,0.0753,0.0752,0.0752,63161.0
2026-08-15 05:10:00,0.0752,0.0754,0.0752,0.0752,42768.4
2026-08-15 05:15:00,0.0753,0.0754,0.0752,0.0752,34561.4
2026-08-15 05:20:00,0.0752,0.0752,0.0752,0.0752,169466.8
2026-08-15 05:25:00,0.0751,0.0752,0.0751,0.0751,8737.2
2026-08-15 05:30:00,0.0751,0.0752,0.0751,0.0752,77119.6
2026-08-15 05:35:00,0.0752,0.0752,0.0752,0.0752,48025.6
2026-08-15 05:40:00,0.0752,0.0752,0.075,0.0752,58633.5
2026-08-15 05:45:00,0.0751,0.0752,0.0751,0.0752,57242.4
2026-08-15 05:50:00,0.0752,0.0753,0.0751,0.0752,128251.7
2026-08-15 05:55:00,0.0752,0.0752,0.0751,0.0752,49819.0
2026-08-15 06:00:00,0.0752,0.0753,0.0752,0.0753,40057.8
2026-08-15 06:05:00,0.0752,0.0753,0.0751,0.0753,47015.4
2026-08-15 06:10:00,0.0752,0.0754,0.0752,0.0753,129633.8
2026-08-15 06:15:00,0.0753,0.0754,0.0752,0.0753,101954.4
2026-08-15 06:20:00,0.0753,0.0753,0.0752,0.0753,26788.1
2026-08-15 06:25:00,0.0752,0.0752,0.0751,0.0751,114001.0
2026-08-15 06:30:00,0.0751,0.0752,0.0751,0.0752,8766.5
2026-08-15 06:35:00,0.0752,0.0753,0.0752,0.0753,70272.6
2026-08-15 06:40:00,0.0753,0.0753,0.0752,0.0752,31050.3
2026-08-15 06:45:00,0.0752,0.0752,0.0751,0.0752,38540.3
2026-08-15 06:50:00,0.0752,0.0753,0.0752,0.0753,30025.4
2026-08-15 06:55:00,0.0753,0.0753,0.0751,0.0753,134907.1
2026-08-15 07:00:00,0.0752,0.0753,0.0752,0.0752,75467.9
2026-08-15 07:05:00,0.0752,0.0752,0.0751,0.0752,90543.2
2026-08-15 07:10:00,0.0752,0.0753,0.0751,0.0753,73848.1
2026-08-15 07:15:00,0.0753,0.0753,0.0751,0.0752,62098.5
2026-08-15 07:20:00,0.0752,0.0752,0.0749,0.075,208873.3
2026-08-15 07:25:00,0.0749,0.075,0.0748,0.0749,261437.2
2026-08-15 07:30:00,0.0749,0.0749,0.0747,0.0748,223948.9
2026-08-15 07:35:00,0.0747,0.0748,0.0747,0.0748,45210.3
2026-08-15 07:40:00,0.0748,0.0748,0.0746,0.0747,18399.0
2026-08-15 07:45:00,0.0747,0.0747,0.0743,0.0744,471620.5
2026-08-15 07:50:00,0.0743,0.0745,0.0743,0.0744,213618.0
2026-08-15 07:55:00,0.0744,0.0745,0.0743,0.0743,216440.4
2026-08-15 08:00:00,0.0743,0.0744,0.0743,0.0743,121878.4
2026-08-15 08:05:00,0.0743,0.0744,0.0742,0.0743,173235.9
2026-08-15 08:10:00,0.0742,0.0743,0.0742,0.0743,29794.6
2026-08-15 08:15:00,0.0743,0.0743,0.0743,0.0743,3609.0
2026-08-15 08:20:00,0.0743,0.0745,0.0743,0.0745,44547.2
2026-08-15 08:25:00,0.0745,0.0745,0.0744,0.0744,23398.8
2026-08-15 08:30:00,0.0744,0.0744,0.0743,0.0743,151685.0
2026-08-15 08:35:00,0.0743,0.0743,0.0742,0.0742,572218.3
2026-08-15 08:40:00,0.0742,0.0743,0.0742,0.0742,74215.0
2026-08-15 08:45:00,0.0742,0.0743,0.0742,0.0743,57732.4
2026-08-15 08:50:00,0.0743,0.0743,0.0741,0.0741,86677.7
2026-08-15 08:55:00,0.0742,0.0743,0.0741,0.0741,148907.6
2026-08-15 09:00:00,0.0742,0.0742,0.074,0.0741,89778.2
2026-08-15 09:05:00,0.0741,0.0742,0.0741,0.0742,58704.9
2026-08-15 09:10:00,0.0742,0.0743,0.0742,0.0742,86159.3
2026-08-15 09:15:00,0.0743,0.0743,0.0742,0.0742,88964.3
2026-08-15 09:20:00,0.0742,0.0743,0.0742,0.0742,123190.3
2026-08-15 09:25:00,0.0742,0.0743,0.0742,0.0742,169089.9
2026-08-15 09:30:00,0.0742,0.0743,0.0742,0.0743,187729.4
2026-08-15 09:35:00,0.0742,0.0743,0.0741,0.0742,61580.9
2026-08-15 09:40:00,0.0742,0.0744,0.0742,0.0743,570455.2
2026-08-15 09:45:00,0.0743,0.0744,0.0742,0.0743,92962.1
2026-08-15 09:50:00,0.0743,0.0743,0.0742,0.0743,6371.9
2026-08-15 09:55:00,0.0743,0.0743,0.0742,0.0743,185081.7
2026-08-15 10:00:00,0.0743,0.0743,0.0742,0.0743,228481.4
2026-08-15 10:05:00,0.0743,0.0743,0.0742,0.0743,3285.2
2026-08-15 10:10:00,0.0743,0.0743,0.0742,0.0743,69983.0
2026-08-15 10:15:00,0.0743,0.0743,0.0743,0.0743,33419.9
2026-08-15 10:20:00,0.0743,0.0744,0.0743,0.0744,47369.6
2026-08-15 10:25:00,0.0744,0.0744,0.0744,0.0744,27472.8
2026-08-15 10:30:00,0.0744,0.0745,0.0744,0.0745,92156.6
2026-08-15 10:35:00,0.0745,0.0745,0.0743,0.0745,77652.4
2026-08-15 10:40:00,0.0745,0.0745,0.0744,0.0745,165013.2
2026-08-15 10:45:00,0.0745,0.0746,0.0745,0.0746,21275.2
2026-08-15 10:50:00,0.0746,0.0746,0.0744,0.0744,86016.9
2026-08-15 10:55:00,0.0744,0.0744,0.0744,0.0744,6720.4
2026-08-15 11:00:00,0.0745,0.0745,0.0744,0.0744,3011.6
2026-08-15 11:05:00,0.0745,0.0745,0.0744,0.0744,16861.5
2026-08-15 11:10:00,0.0745,0.0745,0.0742,0.0742,154432.5
2026-08-15 11:15:00,0.0742,0.0743,0.0742,0.0742,20547.8
2026-08-15 11:20:00,0.0742,0.0743,0.0742,0.0742,33322.7
2026-08-15 11:25:00,0.0742,0.0743,0.0742,0.0742,15442.6
2026-08-15 11:30:00,0.0743,0.0743,0.0742,0.0743,40640.6
2026-08-15 11:35:00,0.0742,0.0743,0.0742,0.0742,4341.8
2026-08-15 11:40:00,0.0742,0.0742,0.074,0.0742,128502.6
2026-08-15 11:45:00,0.0742,0.0743,0.0742,0.0742,5631.6
2026-08-15 11:50:00,0.0742,0.0743,0.0742,0.0743,2551.3
2026-08-15 11:55:00,0.0743,0.0743,0.0742,0.0743,13803.2
2026-08-15 12:00:00,0.0743,0.0743,0.0742,0.0742,7404.2
2026-08-15 12:05:00,0.0743,0.0744,0.0743,0.0743,8491.8
2026-08-15 12:10:00,0.0744,0.0744,0.0742,0.0743,73454.6
2026-08-15 12:15:00,0.0744,0.0744,0.0744,0.0744,64655.9
2026-08-15 12:20:00,0.0744,0.0744,0.0742,0.0744,84140.9
2026-08-15 12:25:00,0.0744,0.0744,0.0744,0.0744,1907.9
2026-08-15 12:30:00,0.0744,0.0744,0.0739,0.0741,702192.5
2026-08-15 12:35:00,0.0741,0.0741,0.074,0.0741,693645.2
2026-08-15 12:40:00,0.074,0.0741,0.074,0.074,22222.1
2026-08-15 12:45:00,0.074,0.0741,0.074,0.0741,20558.1
2026-08-15 12:50:00,0.074,0.074,0.074,0.074,200.0
2026-08-15 12:55:00,0.074,0.0741,0.074,0.0741,83333.1
2026-08-15 13:00:00,0.0741,0.0742,0.0741,0.0741,71639.1
2026-08-15 13:05:00,0.0742,0.0743,0.0742,0.0742,162237.7
2026-08-15 13:10:00,0.0742,0.0745,0.0741,0.0745,208493.0
2026-08-15 13:15:00,0.0744,0.0745,0.0743,0.0743,133423.2
2026-08-15 13:20:00,0.0743,0.0744,0.0742,0.0744,75679.0
2026-08-15 13:25:00,0.0743,0.0744,0.0743,0.0744,21727.6
2026-08-15 13:30:00,0.0743,0.0744,0.0743,0.0743,77639.8
2026-08-15 13:35:00,0.0744,0.0744,0.0742,0.0743,37764.5
2026-08-15 13:40:00,0.0742,0.0742,0.0739,0.0741,95595.9
2026-08-15 13:45:00,0.0741,0.0741,0.0741,0.0741,13671.9
2026-08-15 13:50:00,0.074,0.0741,0.074,0.0741,11986.9
2026-08-15 13:55:00,0.0741,0.0741,0.074,0.074,20829.0
2026-08-15 14:00:00,0.0741,0.0741,0.074,0.0741,60681.9
2026-08-15 14:05:00,0.074,0.074,0.074,0.074,517.8
2026-08-15 14:10:00,0.0741,0.0742,0.0741,0.0742,8842.9
2026-08-15 14:15:00,0.0741,0.0741,0.0741,0.0741,52213.4
2026-08-15 14:20:00,0.0741,0.0741,0.0741,0.0741,4122.9
2026-08-15 14:25:00,0.074,0.0741,0.074,0.0741,43913.0
2026-08-15 14:30:00,0.0741,0.0741,0.074,0.0741,3370.7
2026-08-15 14:35:00,0.074,0.074,0.0739,0.074,38130.2
2026-08-15 14:40:00,0.0741,0.0741,0.0741,0.0741,18434.0
2026-08-15 14:45:00,0.074,0.0742,0.074,0.0741,20813.5
2026-08-15 14:50:00,0.0742,0.0742,0.0741,0.0741,13247.5
2026-08-15 14:55:00,0.0742,0.0742,0.074,0.074,20816.2
2026-08-15 15:00:00,0.074,0.0741,0.074,0.0741,96204.9
2026-08-15 15:05:00,0.0741,0.0741,0.0739,0.0739,13140.2
2026-08-15 15:10:00,0.0739,0.074,0.0738,0.074,94808.8
2026-08-15 15:15:00,0.0741,0.0741,0.074,0.0741,28477.2
2026-08-15 15:20:00,0.0741,0.0741,0.074,0.074,152912.8
2026-08-15 15:25:00,0.074,0.0742,0.074,0.0742,70874.8
2026-08-15 15:30:00,0.0741,0.0741,0.0741,0.0741,51481.4
2026-08-15 15:35:00,0.0741,0.0742,0.0741,0.0742,22944.3
2026-08-15 15:40:00,0.0742,0.0743,0.0742,0.0742,29103.3
2026-08-15 15:45:00,0.0742,0.0742,0.0741,0.0742,25412.3
2026-08-15 15:50:00,0.0741,0.0742,0.0741,0.0741,10700.9
2026-08-15 15:55:00,0.0741,0.0742,0.0741,0.0741,22319.0
2026-08-15 16:00:00,0.0741,0.0741,0.0741,0.0741,8697.9
2026-08-15 16:05:00,0.0742,0.0742,0.0742,0.0742,2036.4
2026-08-15 16:10:00,0.0742,0.0742,0.074,0.0741,176927.8
2026-08-15 16:15:00,0.0741,0.0743,0.0741,0.0743,78741.0
2026-08-15 16:20:00,0.0742,0.0743,0.0742,0.0743,107555.7
2026-08-15 16:25:00,0.0743,0.0744,0.0742,0.0743,64105.5
2026-08-15 16:30:00,0.0743,0.0743,0.0741,0.0741,40518.3
2026-08-15 16:35:00,0.0741,0.0742,0.074,0.0741,100552.0
2026-08-15 16:40:00,0.074,0.0741,0.074,0.0741,47036.3
2026-08-15 16:45:00,0.0741,0.0742,0.0741,0.0741,146841.5
2026-08-15 16:50:00,0.0741,0.0742,0.0741,0.0741,2096.5
2026-08-15 16:55:00,0.0742,0.0742,0.0741,0.0742,4498.0
2026-08-15 17:00:00,0.0741,0.0742,0.0741,0.0742,14543.2
2026-08-15 17:05:00,0.0742,0.0742,0.0741,0.0741,51956.6
2026-08-15 17:10:00,0.0741,0.0742,0.0741,0.0742,46231.5
2026-08-15 17:15:00,0.0742,0.0742,0.0741,0.0741,14788.1
2026-08-15 17:20:00,0.0741,0.0741,0.074,0.074,46707.7
2026-08-15 17:25:00,0.074,0.0741,0.0739,0.0739,223154.2
2026-08-15 17:30:00,0.0739,0.0739,0.0739,0.0739,74683.8
2026-08-15 17:35:00,0.0739,0.0739,0.0739,0.0739,12038.6
2026-08-15 17:40:00,0.0739,0.0741,0.0739,0.074,118312.3
2026-08-15 17:45:00,0.074,0.0741,0.074,0.074,22505.7
2026-08-15 17:50:00,0.074,0.0741,0.074,0.074,1327.0
2026-08-15 17:55:00,0.074,0.074,0.074,0.074,35290.5
2026-08-15 18:00:00,0.0741,0.0741,0.074,0.074,13052.8
2026-08-15 18:05:00,0.074,0.0741,0.074,0.0741,150297.4
2026-08-15 18:10:00,0.0741,0.0741,0.074,0.074,11102.9
2026-08-15 18:15:00,0.074,0.074,0.0739,0.074,53420.0
2026-08-15 18:20:00,0.074,0.074,0.074,0.074,20513.7
2026-08-15 18:25:00,0.074,0.0741,0.074,0.074,93521.4
2026-08-15 18:30:00,0.074,0.0741,0.0739,0.0741,59476.5
2026-08-15 18:35:00,0.074,0.0741,0.074,0.074,141501.4
2026-08-15 18:40:00,0.074,0.0741,0.0739,0.0741,1841.6
2026-08-15 18:45:00,0.0741,0.0741,0.0741,0.0741,29967.3
2026-08-15 18:50:00,0.074,0.0741,0.074,0.074,28650.1
2026-08-15 18:55:00,0.074,0.074,0.074,0.074,61797.3
2026-08-15 19:00:00,0.0739,0.0739,0.0739,0.0739,868.0
2026-08-15 19:05:00,0.0739,0.074,0.0738,0.0739,154069.3
2026-08-15 19:10:00,0.0739,0.074,0.0739,0.074,66550.5
2026-08-15 19:15:00,0.074,0.074,0.0739,0.0739,21585.3
2026-08-15 19:20:00,0.074,0.074,0.0739,0.0739,19923.9
2026-08-15 19:25:00,0.074,0.074,0.0739,0.0739,160892.8
2026-08-15 19:30:00,0.0739,0.0739,0.0738,0.0739,285987.4
2026-08-15 19:35:00,0.0739,0.074,0.0739,0.0739,111394.2
2026-08-15 19:40:00,0.0739,0.074,0.0739,0.074,122159.5
2026-08-15 19:45:00,0.074,0.074,0.0739,0.0739,44886.6
2026-08-15 19:50:00,0.074,0.074,0.074,0.074,5120.5
2026-08-15 19:55:00,0.074,0.074,0.074,0.074,5683.6
2026-08-15 20:00:00,0.0739,0.0739,0.0739,0.0739,28478.6
2026-08-15 20:05:00,0.0738,0.0739,0.0738,0.0739,3554.4
2026-08-15 20:10:00,0.0738,0.0738,0.0735,0.0737,464810.5
2026-08-15 20:15:00,0.0736,0.0736,0.0735,0.0736,61876.9
2026-08-15 20:20:00,0.0736,0.0737,0.0736,0.0736,117936.8
2026-08-15 20:25:00,0.0735,0.0736,0.0735,0.0736,179.9
2026-08-15 20:30:00,0.0735,0.0736,0.0735,0.0735,18701.4
2026-08-15 20:35:00,0.0735,0.0736,0.0735,0.0736,42229.2
2026-08-15 20:40:00,0.0735,0.0736,0.0735,0.0736,1281.5
2026-08-15 20:45:00,0.0736,0.0737,0.0736,0.0736,14031.4
2026-08-15 20:50:00,0.0736,0.0737,0.0736,0.0736,6404.0
2026-08-15 20:55:00,0.0736,0.0737,0.0736,0.0737,58840.6
2026-08-15 21:00:00,0.0736,0.0736,0.0735,0.0735,22825.2
2026-08-15 21:05:00,0.0735,0.0736,0.0735,0.0735,5090.5
2026-08-15 21:10:00,0.0736,0.0736,0.0735,0.0735,2563.1
2026-08-15 21:15:00,0.0736,0.0736,0.0736,0.0736,339.6
2026-08-15 21:20:00,0.0735,0.0736,0.0735,0.0736,56577.3
2026-08-15 21:25:00,0.0736,0.0737,0.0736,0.0736,43641.1
2026-08-15 21:30:00,0.0737,0.0737,0.0736,0.0736,7649.3
2026-08-15 21:35:00,0.0735,0.0736,0.0735,0.0735,20792.3
2026-08-15 21:40:00,0.0736,0.0738,0.0736,0.0737,54064.2
2026-08-15 21:45:00,0.0737,0.0738,0.0737,0.0738,39073.7
2026-08-15 21:50:00,0.0738,0.0738,0.0737,0.0737,213427.1
2026-08-15 21:55:00,0.0736,0.0737,0.0736,0.0736,12136.9
2026-08-15 22:00:00,0.0736,0.0736,0.0735,0.0735,77130.1
2026-08-15 22:05:00,0.0736,0.0736,0.0735,0.0736,2419.5
2026-08-15 22:10:00,0.0736,0.0737,0.0736,0.0737,33230.2
2026-08-15 22:15:00,0.0736,0.0736,0.0736,0.0736,607.5
2026-08-15 22:20:00,0.0736,0.0736,0.0736,0.0736,0.0
2026-08-15 22:25:00,0.0736,0.0737,0.0735,0.0737,57212.2
2026-08-15 22:30:00,0.0736,0.0736,0.0736,0.0736,487.7
2026-08-15 22:35:00,0.0737,0.0737,0.0737,0.0737,14654.8
2026-08-15 22:40:00,0.0737,0.0738,0.0737,0.0737,182811.9
2026-08-15 22:45:00,0.0737,0.0737,0.0736,0.0736,43821.5
2026-08-15 22:50:00,0.0736,0.0736,0.0734,0.0734,56412.6
2026-08-15 22:55:00,0.0735,0.0735,0.0733,0.0734,76413.4
2026-08-15 23:00:00,0.0734,0.0735,0.0733,0.0734,291100.8
2026-08-15 23:05:00,0.0735,0.0735,0.0733,0.0734,105711.1
2026-08-15 23:10:00,0.0733,0.0734,0.073,0.0731,786686.6
2026-08-15 23:15:00,0.073,0.0732,0.073,0.0731,182111.2
2026-08-15 23:20:00,0.073,0.0731,0.0727,0.0729,248734.3
2026-08-15 23:25:00,0.0729,0.0729,0.0728,0.0729,37537.5
2026-08-15 23:30:00,0.0728,0.0729,0.0727,0.0729,141836.1
2026-08-15 23:35:00,0.0729,0.0729,0.0727,0.0728,120736.0
2026-08-15 23:40:00,0.0728,0.0728,0.0728,0.0728,11884.3
2026-08-15 23:45:00,0.0729,0.0729,0.0727,0.0728,44166.4
2026-08-15 23:50:00,0.0728,0.0728,0.0728,0.0728,4446.0
2026-08-15 23:55:00,0.0728,0.0728,0.0727,0.0728,1798.7
2026-08-16 00:00:00,0.0727,0.0727,0.0725,0.0725,507931.6
2026-08-16 00:05:00,0.0727,0.0728,0.0725,0.0728,258351.6
2026-08-16 00:10:00,0.0728,0.0728,0.0726,0.0727,193432.5
2026-08-16 00:15:00,0.0727,0.0729,0.0727,0.0729,67809.9
2026-08-16 00:20:00,0.0728,0.0729,0.0728,0.0729,41218.5
2026-08-16 00:25:00,0.0729,0.0731,0.0728,0.0729,275156.9
2026-08-16 00:30:00,0.0729,0.0729,0.0728,0.0729,96638.5
2026-08-16 00:35:00,0.0729,0.0729,0.0728,0.0728,4669.2
2026-08-16 00:40:00,0.0729,0.0729,0.0728,0.0729,10512.3
2026-08-16 00:45:00,0.0729,0.0729,0.0728,0.0728,48631.3
2026-08-16 00:50:00,0.0729,0.0729,0.0728,0.0729,7753.1
2026-08-16 00:55:00,0.0728,0.0729,0.0728,0.0729,1998.1
2026-08-16 01:00:00,0.0728,0.0728,0.0727,0.0728,96309.1
2026-08-16 01:05:00,0.0728,0.0728,0.0727,0.0727,227553.1
2026-08-16 01:10:00,0.0727,0.0727,0.0727,0.0727,255552.5
2026-08-16 01:15:00,0.0727,0.0728,0.0727,0.0728,6855.8
2026-08-16 01:20:00,0.0728,0.0728,0.0726,0.0727,132343.7
2026-08-16 01:25:00,0.0727,0.0727,0.0726,0.0726,93299.7
2026-08-16 01:30:00,0.0725,0.0726,0.0724,0.0725,614006.3
2026-08-16 01:35:00,0.0725,0.0726,0.0722,0.0722,206129.6
2026-08-16 01:40:00,0.0722,0.0725,0.0722,0.0725,296976.2
2026-08-16 01:45:00,0.0724,0.0726,0.0724,0.0724,109436.9
2026-08-16 01:50:00,0.0725,0.0725,0.0723,0.0724,56849.0
2026-08-16 01:55:00,0.0723,0.0725,0.0723,0.0724,90180.4
2026-08-16 02:00:00,0.0724,0.0725,0.0723,0.0724,133954.3
2026-08-16 02:05:00,0.0724,0.0724,0.0724,0.0724,92378.6
2026-08-16 02:10:00,0.0724,0.0724,0.0723,0.0723,92576.6
2026-08-16 02:15:00,0.0724,0.0725,0.0724,0.0725,62688.7
2026-08-16 02:20:00,0.0725,0.0727,0.0725,0.0727,31786.1
2026-08-16 02:25:00,0.0727,0.0728,0.0727,0.0728,114045.8
2026-08-16 02:30:00,0.0729,0.073,0.0728,0.073,241015.6
2026-08-16 02:35:00,0.073,0.073,0.0729,0.0729,66225.7
2026-08-16 02:40:00,0.0729,0.073,0.0729,0.073,5730.3
2026-08-16 02:45:00,0.0729,0.0729,0.0728,0.0728,38809.6
2026-08-16 02:50:00,0.0728,0.0729,0.0727,0.0729,43956.5
2026-08-16 02:55:00,0.0729,0.0729,0.0729,0.0729,156597.4
2026-08-16 03:00:00,0.0729,0.073,0.0728,0.073,12860.5
2026-08-16 03:05:00,0.0729,0.073,0.0728,0.073,678636.9
2026-08-16 03:10:00,0.073,0.073,0.073,0.073,25691.6
2026-08-16 03:15:00,0.073,0.073,0.0729,0.0729,102830.9
2026-08-16 03:20:00,0.073,0.073,0.073,0.073,21831.0
2026-08-16 03:25:00,0.073,0.073,0.073,0.073,14285.7
2026-08-16 03:30:00,0.073,0.073,0.0729,0.073,84423.8
2026-08-16 03:35:00,0.0731,0.0731,0.073,0.0731,94621.9
2026-08-16 03:40:00,0.0732,0.0732,0.0731,0.0731,32294.6
2026-08-16 03:45:00,0.073,0.0732,0.073,0.073,673134.4
2026-08-16 03:50:00,0.0731,0.0731,0.0728,0.0729,55161.0
2026-08-16 03:55:00,0.0729,0.0729,0.0728,0.0729,12534.1
2026-08-16 04:00:00,0.0728,0.073,0.0728,0.0729,194974.5
2026-08-16 04:05:00,0.0728,0.0729,0.0728,0.0729,28065.7
2026-08-16 04:10:00,0.0729,0.0729,0.0728,0.0729,5626.1
2026-08-16 04:15:00,0.0729,0.0729,0.0728,0.0728,406.8
2026-08-16 04:20:00,0.0729,0.073,0.0728,0.073,39545.6
2026-08-16 04:25:00,0.073,0.0731,0.073,0.0731,18779.3
2026-08-16 04:30:00,0.0731,0.0731,0.0728,0.0728,55192.4
2026-08-16 04:35:00,0.0728,0.0728,0.0727,0.0728,39502.1
2026-08-16 04:40:00,0.0728,0.0729,0.0728,0.0729,12771.6
2026-08-16 04:45:00,0.0729,0.0729,0.0728,0.0728,1657.1
2026-08-16 04:50:00,0.0729,0.0729,0.0729,0.0729,342.9
2026-08-16 04:55:00,0.0728,0.0729,0.0728,0.0729,16557.5
2026-08-16 05:00:00,0.0729,0.0731,0.0728,0.073,202694.6
2026-08-16 05:05:00,0.073,0.073,0.0729,0.073,19205.0
2026-08-16 05:10:00,0.073,0.073,0.0729,0.0729,11645.0
2026-08-16 05:15:00,0.073,0.073,0.0729,0.0729,67692.0
2026-08-16 05:20:00,0.0729,0.073,0.0729,0.073,124659.9
2026-08-16 05:25:00,0.0729,0.0729,0.0728,0.0728,10435.7
2026-08-16 05:30:00,0.0728,0.0729,0.0728,0.0729,101859.9
2026-08-16 05:35:00,0.0729,0.0729,0.0729,0.0729,10090.5
2026-08-16 05:40:00,0.0729,0.0729,0.0728,0.0728,1254.0
2026-08-16 05:45:00,0.0729,0.0729,0.0729,0.0729,75130.0
2026-08-16 05:50:00,0.0729,0.0729,0.0727,0.0728,225629.5
2026-08-16 05:55:00,0.0727,0.0728,0.0727,0.0728,30190.1
2026-08-16 06:00:00,0.0727,0.0728,0.0727,0.0728,9934.7
2026-08-16 06:05:00,0.0728,0.0728,0.0728,0.0728,404.0
2026-08-16 06:10:00,0.0727,0.0727,0.0726,0.0727,226750.1
2026-08-16 06:15:00,0.0727,0.0728,0.0726,0.0727,104588.1
2026-08-16 06:20:00,0.0727,0.0727,0.0726,0.0727,70154.0
2026-08-16 06:25:00,0.0728,0.0728,0.0728,0.0728,12060.9
2026-08-16 06:30:00,0.0728,0.0729,0.0728,0.0729,74295.3
2026-08-16 06:35:00,0.0729,0.0729,0.0729,0.0729,84050.2
2026-08-16 06:40:00,0.073,0.073,0.0729,0.0729,33140.9
2026-08-16 06:45:00,0.073,0.0732,0.073,0.073,382429.0
2026-08-16 06:50:00,0.0731,0.0732,0.0731,0.0731,602730.2
2026-08-16 06:55:00,0.0731,0.0731,0.0731,0.0731,242475.3
2026-08-16 07:00:00,0.0732,0.0732,0.073,0.0731,114092.3
2026-08-16 07:05:00,0.0731,0.0734,0.0731,0.0734,28016.9
2026-08-16 07:10:00,0.0734,0.0735,0.0734,0.0735,235728.3
2026-08-16 07:15:00,0.0734,0.0736,0.0733,0.0734,122102.6
2026-08-16 07:20:00,0.0733,0.0734,0.0733,0.0733,47073.0
2026-08-16 07:25:00,0.0733,0.0735,0.0733,0.0734,3797.0
2026-08-16 07:30:00,0.0734,0.0734,0.0734,0.0734,50239.3
2026-08-16 07:35:00,0.0734,0.0735,0.0734,0.0734,57942.8
2026-08-16 07:40:00,0.0735,0.0735,0.0734,0.0734,53857.6
2026-08-16 07:45:00,0.0734,0.0735,0.0734,0.0735,13498.4
2026-08-16 07:50:00,0.0735,0.0736,0.0734,0.0736,30749.7
2026-08-16 07:55:00,0.0735,0.0736,0.0735,0.0736,104449.9
2026-08-16 08:00:00,0.0736,0.0737,0.0735,0.0736,171096.6
2026-08-16 08:05:00,0.0736,0.0736,0.0736,0.0736,287951.4
2026-08-16 08:10:00,0.0736,0.0738,0.0735,0.0737,94886.5
2026-08-16 08:15:00,0.0737,0.0737,0.0736,0.0737,39795.4
2026-08-16 08:20:00,0.0738,0.0739,0.0738,0.0739,183609.6
2026-08-16 08:25:00,0.0739,0.074,0.0738,0.0739,68111.1
2026-08-16 08:30:00,0.0739,0.074,0.0739,0.074,45876.3
2026-08-16 08:35:00,0.074,0.074,0.0738,0.0739,85856.9
2026-08-16 08:40:00,0.074,0.074,0.0739,0.0739,30638.1
2026-08-16 08:45:00,0.0738,0.0739,0.0738,0.0739,66624.9
2026-08-16 08:50:00,0.0739,0.074,0.0738,0.074,54683.5
2026-08-16 08:55:00,0.0739,0.074,0.0739,0.0739,48140.8
2026-08-16 09:00:00,0.0739,0.074,0.0739,0.0739,5995.7
2026-08-16 09:05:00,0.074,0.074,0.0738,0.0739,229713.8
2026-08-16 09:10:00,0.074,0.074,0.0738,0.0738,60059.6
2026-08-16 09:15:00,0.0739,0.0739,0.0738,0.0739,7762.9
2026-08-16 09:20:00,0.0738,0.0739,0.0738,0.0739,6431.9
2026-08-16 09:25:00,0.0739,0.0739,0.0739,0.0739,1467.9
2026-08-16 09:30:00,0.074,0.074,0.0739,0.0739,31062.1
2026-08-16 09:35:00,0.074,0.074,0.0739,0.0739,6515.2
2026-08-16 09:40:00,0.0739,0.074,0.0739,0.0739,131644.1
2026-08-16 09:45:00,0.0739,0.074,0.0739,0.0739,2430.9
2026-08-16 09:50:00,0.074,0.074,0.074,0.074,334080.7
2026-08-16 09:55:00,0.0739,0.074,0.0738,0.0738,123806.5
2026-08-16 10:00:00,0.0738,0.0739,0.0738,0.0739,74128.2
2026-08-16 10:05:00,0.0739,0.0739,0.0738,0.0739,13169.7
2026-08-16 10:10:00,0.0739,0.074,0.0738,0.0738,26594.3
2026-08-16 10:15:00,0.0738,0.0738,0.0737,0.0737,84310.0
2026-08-16 10:20:00,0.0738,0.0739,0.0738,0.0738,200561.0
2026-08-16 10:25:00,0.0738,0.0739,0.0738,0.0739,21245.7
2026-08-16 10:30:00,0.0739,0.074,0.0739,0.074,9030.9
2026-08-16 10:35:00,0.0739,0.074,0.0736,0.0736,218109.7
2026-08-16 10:40:00,0.0736,0.0737,0.0735,0.0736,267539.3
2026-08-16 10:45:00,0.0736,0.0737,0.0736,0.0736,165560.6
2026-08-16 10:50:00,0.0735,0.0736,0.0735,0.0735,3175.6
2026-08-16 10:55:00,0.0736,0.0736,0.0734,0.0734,268829.4
2026-08-16 11:00:00,0.0733,0.0735,0.0733,0.0735,268932.2
2026-08-16 11:05:00,0.0734,0.0735,0.0734,0.0735,52816.5
2026-08-16 11:10:00,0.0734,0.0737,0.0734,0.0737,179680.7
2026-08-16 11:15:00,0.0737,0.0738,0.0737,0.0738,221508.9
2026-08-16 11:20:00,0.0739,0.0739,0.0738,0.0738,110107.4
2026-08-16 11:25:00,0.0739,0.0739,0.0738,0.0739,31386.7
2026-08-16 11:30:00,0.0739,0.0739,0.0738,0.0739,2046.7
2026-08-16 11:35:00,0.0739,0.0739,0.0738,0.0739,14719.9
2026-08-16 11:40:00,0.0739,0.074,0.0738,0.0739,61941.3
2026-08-16 11:45:00,0.0738,0.0739,0.0738,0.0739,99572.4
2026-08-16 11:50:00,0.0739,0.0739,0.0738,0.0739,4257.4
2026-08-16 11:55:00,0.0738,0.0739,0.0738,0.0738,64071.2
2026-08-16 12:00:00,0.0738,0.0738,0.0736,0.0736,153301.4
2026-08-16 12:05:00,0.0736,0.0737,0.0736,0.0736,105165.3
2026-08-16 12:10:00,0.0735,0.0736,0.0735,0.0735,3073.8
2026-08-16 12:15:00,0.0735,0.0737,0.0735,0.0736,64012.6
2026-08-16 12:20:00,0.0736,0.0738,0.0736,0.0738,53419.5
2026-08-16 12:25:00,0.0738,0.0739,0.0737,0.0739,14186.4
2026-08-16 12:30:00,0.0739,0.074,0.0738,0.0739,142219.5
2026-08-16 12:35:00,0.074,0.074,0.0739,0.0739,78842.7
2026-08-16 12:40:00,0.0739,0.0739,0.0738,0.0739,48139.7
2026-08-16 12:45:00,0.0739,0.074,0.0739,0.074,20737.0
2026-08-16 12:50:00,0.074,0.0741,0.0739,0.0739,58303.1
2026-08-16 12:55:00,0.0739,0.0742,0.0739,0.0741,66409.2
2026-08-16 13:00:00,0.0742,0.0744,0.0742,0.0744,345656.4
2026-08-16 13:05:00,0.0744,0.0744,0.0742,0.0742,35958.0
2026-08-16 13:10:00,0.0742,0.0742,0.0741,0.0741,184658.6
2026-08-16 13:15:00,0.0741,0.0741,0.074,0.074,17351.0
2026-08-16 13:20:00,0.074,0.0741,0.074,0.0741,20131.5
2026-08-16 13:25:00,0.0741,0.0742,0.074,0.074,169642.2
2026-08-16 13:30:00,0.0741,0.0742,0.074,0.074,66905.6
2026-08-16 13:35:00,0.074,0.0741,0.074,0.074,15795.5
2026-08-16 13:40:00,0.074,0.0741,0.074,0.0741,14127.0
2026-08-16 13:45:00,0.0741,0.0742,0.0741,0.0741,87033.4
2026-08-16 13:50:00,0.0741,0.0742,0.0741,0.0742,97471.6
2026-08-16 13:55:00,0.0741,0.0742,0.0741,0.0742,7495.3
2026-08-16 14:00:00,0.0742,0.0743,0.0742,0.0742,60320.8
2026-08-16 14:05:00,0.0741,0.0741,0.074,0.0741,162304.2
2026-08-16 14:10:00,0.0741,0.0742,0.0741,0.0741,21484.9
2026-08-16 14:15:00,0.0741,0.0743,0.0741,0.0743,58431.6
2026-08-16 14:20:00,0.0743,0.0744,0.0742,0.0743,252250.5
2026-08-16 14:25:00,0.0742,0.0742,0.0741,0.0741,95654.9
2026-08-16 14:30:00,0.0741,0.0743,0.074,0.0741,55610.6
2026-08-16 14:35:00,0.0741,0.0743,0.0741,0.0742,167635.4
2026-08-16 14:40:00,0.0742,0.0743,0.0741,0.0741,89361.3
2026-08-16 14:45:00,0.0742,0.0743,0.0741,0.0743,29819.2
2026-08-16 14:50:00,0.0743,0.0744,0.0743,0.0744,59364.2
2026-08-16 14:55:00,0.0744,0.0744,0.0743,0.0744,116223.5
2026-08-16 15:00:00,0.0744,0.0744,0.0742,0.0743,56351.7
2026-08-16 15:05:00,0.0744,0.0745,0.0743,0.0744,85777.2
2026-08-16 15:10:00,0.0744,0.0745,0.0744,0.0744,196614.1
2026-08-16 15:15:00,0.0744,0.0744,0.0744,0.0744,10714.5
2026-08-16 15:20:00,0.0745,0.0745,0.0744,0.0744,336590.1
2026-08-16 15:25:00,0.0744,0.0745,0.0744,0.0745,39574.1
2026-08-16 15:30:00,0.0745,0.0746,0.0744,0.0745,79606.8
2026-08-16 15:35:00,0.0746,0.0751,0.0746,0.0751,488664.4
2026-08-16 15:40:00,0.075,0.0751,0.0748,0.0748,88250.0
2026-08-16 15:45:00,0.0749,0.075,0.0749,0.0749,114981.4
2026-08-16 15:50:00,0.0749,0.075,0.0749,0.0749,79925.4
2026-08-16 15:55:00,0.075,0.075,0.0749,0.0749,42852.4
2026-08-16 16:00:00,0.075,0.0751,0.0749,0.0749,125745.5
2026-08-16 16:05:00,0.0749,0.075,0.0749,0.0749,26050.9
2026-08-16 16:10:00,0.0749,0.075,0.0749,0.0749,110291.2
2026-08-16 16:15:00,0.0749,0.075,0.0749,0.0749,82989.5
2026-08-16 16:20:00,0.0749,0.075,0.0749,0.075,81440.6
2026-08-16 16:25:00,0.0749,0.075,0.0749,0.0749,34978.9
2026-08-16 16:30:00,0.0749,0.075,0.0748,0.0749,276857.7
2026-08-16 16:35:00,0.0749,0.0749,0.0746,0.0746,451004.5
2026-08-16 16:40:00,0.0746,0.0748,0.0746,0.0746,149712.4
2026-08-16 16:45:00,0.0747,0.0748,0.0747,0.0748,125109.0
2026-08-16 16:50:00,0.0749,0.0749,0.0747,0.0749,141785.6
2026-08-16 16:55:00,0.075,0.075,0.0749,0.075,62466.4
2026-08-16 17:00:00,0.075,0.075,0.0748,0.0749,275346.5
2026-08-16 17:05:00,0.0748,0.0749,0.0747,0.0748,166587.2
2026-08-16 17:10:00,0.0747,0.0748,0.0747,0.0747,86104.2
2026-08-16 17:15:00,0.0747,0.0748,0.0746,0.0746,39572.3
2026-08-16 17:20:00,0.0746,0.0747,0.0746,0.0747,122307.8
2026-08-16 17:25:00,0.0746,0.0747,0.0746,0.0746,120186.4
2026-08-16 17:30:00,0.0746,0.0747,0.0745,0.0746,102870.2
2026-08-16 17:35:00,0.0746,0.0747,0.0745,0.0746,328276.1
2026-08-16 17:40:00,0.0746,0.0746,0.0744,0.0744,226004.3
2026-08-16 17:45:00,0.0744,0.0745,0.0744,0.0744,110281.9
2026-08-16 17:50:00,0.0744,0.0746,0.0744,0.0744,150223.9
2026-08-16 17:55:00,0.0744,0.0745,0.0743,0.0745,81519.4
2026-08-16 18:00:00,0.0744,0.0745,0.0743,0.0743,28460.2
2026-08-16 18:05:00,0.0744,0.0745,0.0744,0.0745,104022.3
2026-08-16 18:10:00,0.0744,0.0744,0.0744,0.0744,1465.6
2026-08-16 18:15:00,0.0744,0.0744,0.0744,0.0744,0.0
2026-08-16 18:20:00,0.0745,0.0745,0.0743,0.0743,49431.9
2026-08-16 18:25:00,0.0743,0.0744,0.0743,0.0743,72348.7
2026-08-16 18:30:00,0.0742,0.0744,0.0742,0.0744,53925.3
2026-08-16 18:35:00,0.0744,0.0745,0.0744,0.0745,41459.7
2026-08-16 18:40:00,0.0745,0.0745,0.0744,0.0744,3587.0
2026-08-16 18:45:00,0.0745,0.0745,0.0744,0.0744,53202.5
2026-08-16 18:50:00,0.0745,0.0745,0.0744,0.0744,28758.7
2026-08-16 18:55:00,0.0744,0.0744,0.0743,0.0743,182999.6
2026-08-16 19:00:00,0.0742,0.0745,0.0742,0.0745,178749.3
2026-08-16 19:05:00,0.0745,0.0746,0.0745,0.0745,14155.6
2026-08-16 19:10:00,0.0746,0.0746,0.0744,0.0744,40327.3
2026-08-16 19:15:00,0.0744,0.0745,0.0744,0.0744,11983.0
2026-08-16 19:20:00,0.0744,0.0744,0.0743,0.0743,92069.7
2026-08-16 19:25:00,0.0744,0.0745,0.0744,0.0745,59268.6
2026-08-16 19:30:00,0.0744,0.0744,0.0744,0.0744,935.6
2026-08-16 19:35:00,0.0744,0.0745,0.0744,0.0744,1761.1
2026-08-16 19:40:00,0.0744,0.0745,0.0744,0.0744,54425.4
2026-08-16 19:45:00,0.0743,0.0744,0.0743,0.0744,3101.0
2026-08-16 19:50:00,0.0744,0.0744,0.0744,0.0744,48776.7
2026-08-16 19:55:00,0.0744,0.0745,0.0744,0.0744,62441.0
2026-08-16 20:00:00,0.0743,0.0744,0.0743,0.0744,23379.0
2026-08-16 20:05:00,0.0743,0.0744,0.0743,0.0744,7782.0
2026-08-16 20:10:00,0.0744,0.0744,0.0743,0.0743,79538.2
2026-08-16 20:15:00,0.0743,0.0744,0.0743,0.0744,17753.9
2026-08-16 20:20:00,0.0743,0.0743,0.0741,0.0741,36830.5
2026-08-16 20:25:00,0.0741,0.0742,0.0741,0.0742,7787.1
2026-08-16 20:30:00,0.0742,0.0742,0.0742,0.0742,4745.7
2026-08-16 20:35:00,0.0743,0.0743,0.0742,0.0742,31338.0
2026-08-16 20:40:00,0.0741,0.0741,0.074,0.074,84278.7
2026-08-16 20:45:00,0.0741,0.0741,0.074,0.074,14666.1
2026-08-16 20:50:00,0.074,0.0741,0.0738,0.0741,57494.7
2026-08-16 20:55:00,0.074,0.074,0.0739,0.0739,23284.9
2026-08-16 21:00:00,0.0739,0.0739,0.0738,0.0739,83115.2
2026-08-16 21:05:00,0.0738,0.074,0.0738,0.0739,282934.2
2026-08-16 21:10:00,0.0738,0.0739,0.0737,0.0737,159026.7
2026-08-16 21:15:00,0.0737,0.0739,0.0737,0.0739,66780.4
2026-08-16 21:20:00,0.0738,0.0738,0.0736,0.0736,116768.9
2026-08-16 21:25:00,0.0736,0.0737,0.0736,0.0736,89829.3
2026-08-16 21:30:00,0.0736,0.0737,0.0736,0.0736,12398.1
2026-08-16 21:35:00,0.0736,0.0736,0.0731,0.0731,278209.8
2026-08-16 21:40:00,0.0731,0.0732,0.0729,0.0731,548471.0
2026-08-16 21:45:00,0.073,0.073,0.0727,0.073,270412.0
2026-08-16 21:50:00,0.073,0.0732,0.073,0.0732,48170.6
2026-08-16 21:55:00,0.0732,0.0732,0.0731,0.0731,15543.5
2026-08-16 22:00:00,0.073,0.073,0.0727,0.073,300683.1
2026-08-16 22:05:00,0.0731,0.0732,0.073,0.0732,129340.3
2026-08-16 22:10:00,0.0732,0.0733,0.0731,0.0732,149602.7
2026-08-16 22:15:00,0.0733,0.0733,0.0733,0.0733,26106.3
2026-08-16 22:20:00,0.0733,0.0734,0.0732,0.0732,39026.0
2026-08-16 22:25:00,0.0733,0.0733,0.0731,0.0731,141669.5
2026-08-16 22:30:00,0.0731,0.0732,0.073,0.0732,39668.6
2026-08-16 22:35:00,0.0733,0.0733,0.0732,0.0732,29030.1
2026-08-16 22:40:00,0.0732,0.0734,0.0732,0.0733,56814.2
2026-08-16 22:45:00,0.0733,0.0734,0.0733,0.0733,71950.1
2026-08-16 22:50:00,0.0733,0.0733,0.0732,0.0733,8755.5
2026-08-16 22:55:00,0.0733,0.0735,0.0733,0.0735,109325.9
2026-08-16 23:00:00,0.0735,0.0737,0.0735,0.0737,64825.8
2026-08-16 23:05:00,0.0736,0.0737,0.0736,0.0737,122605.8
2026-08-16 23:10:00,0.0738,0.0738,0.0735,0.0735,70240.7
2026-08-16 23:15:00,0.0735,0.0735,0.0735,0.0735,91242.7
2026-08-16 23:20:00,0.0735,0.0735,0.0734,0.0734,35762.1
2026-08-16 23:25:00,0.0735,0.0736,0.0734,0.0734,102039.6
2026-08-16 23:30:00,0.0734,0.0734,0.0734,0.0734,0.0
2026-08-16 23:35:00,0.0734,0.0735,0.0734,0.0735,60732.0
2026-08-16 23:40:00,0.0735,0.0735,0.0734,0.0735,2812.4
2026-08-16 23:45:00,0.0735,0.0736,0.0735,0.0735,43534.6
2026-08-16 23:50:00,0.0735,0.0736,0.0735,0.0736,29007.1
2026-08-16 23:55:00,0.0736,0.0736,0.0735,0.0736,1477.4
2026-08-17 00:00:00,0.0736,0.0737,0.0736,0.0737,289916.9
2026-08-17 00:05:00,0.0737,0.0737,0.0735,0.0735,227576.4
2026-08-17 00:10:00,0.0735,0.0736,0.0735,0.0736,178804.3
2026-08-17 00:15:00,0.0736,0.0737,0.0736,0.0736,24032.4
2026-08-17 00:20:00,0.0736,0.0737,0.0734,0.0734,150647.8
2026-08-17 00:25:00,0.0734,0.0738,0.0734,0.0738,162449.4
2026-08-17 00:30:00,0.0737,0.0737,0.0736,0.0737,62087.9
2026-08-17 00:35:00,0.0737,0.0737,0.0736,0.0737,25524.7
2026-08-17 00:40:00,0.0737,0.0737,0.0736,0.0737,64379.3
2026-08-17 00:45:00,0.0737,0.0738,0.0736,0.0738,108800.7
2026-08-17 00:50:00,0.0738,0.0738,0.0737,0.0737,25773.5
2026-08-17 00:55:00,0.0738,0.0739,0.0738,0.0738,121046.5
2026-08-17 01:00:00,0.0739,0.0748,0.0739,0.0748,919300.7
2026-08-17 01:05:00,0.0746,0.0748,0.0745,0.0746,151673.4
2026-08-17 01:10:00,0.0745,0.0746,0.0745,0.0745,46072.3
2026-08-17 01:15:00,0.0745,0.0747,0.0744,0.0746,57761.1
2026-08-17 01:20:00,0.0746,0.0748,0.0746,0.0748,18110.0
2026-08-17 01:25:00,0.0748,0.0748,0.0748,0.0748,37552.6
2026-08-17 01:30:00,0.0748,0.0748,0.0747,0.0747,72873.1
2026-08-17 01:35:00,0.0748,0.0748,0.0747,0.0747,53136.2
2026-08-17 01:40:00,0.0747,0.0748,0.0747,0.0748,42721.3
2026-08-17 01:45:00,0.0747,0.0747,0.0746,0.0747,136282.7
2026-08-17 01:50:00,0.0746,0.0747,0.0746,0.0746,30221.8
2026-08-17 01:55:00,0.0745,0.0745,0.0744,0.0744,203025.6
2026-08-17 02:00:00,0.0744,0.0745,0.0743,0.0744,183510.7
2026-08-17 02:05:00,0.0744,0.0744,0.0743,0.0743,131605.6
2026-08-17 02:10:00,0.0743,0.0743,0.0742,0.0742,255552.8
2026-08-17 02:15:00,0.0741,0.0743,0.074,0.0742,187332.9
2026-08-17 02:20:00,0.0743,0.0744,0.0741,0.0741,362400.0
2026-08-17 02:25:00,0.0742,0.0742,0.0742,0.0742,22160.8
2026-08-17 02:30:00,0.0742,0.0744,0.0742,0.0744,227617.7
2026-08-17 02:35:00,0.0744,0.0745,0.0744,0.0744,63798.8
2026-08-17 02:40:00,0.0744,0.0745,0.0743,0.0743,75998.2
2026-08-17 02:45:00,0.0744,0.0744,0.0744,0.0744,845.1
2026-08-17 02:50:00,0.0744,0.0748,0.0744,0.0747,197776.3
2026-08-17 02:55:00,0.0747,0.0748,0.0747,0.0747,125747.7
2026-08-17 03:00:00,0.0747,0.0748,0.0747,0.0748,5377.8
2026-08-17 03:05:00,0.0748,0.0749,0.0747,0.0749,163940.9
2026-08-17 03:10:00,0.0749,0.0749,0.0748,0.0748,52608.3
2026-08-17 03:15:00,0.0748,0.0748,0.0746,0.0746,41536.3
2026-08-17 03:20:00,0.0746,0.0747,0.0746,0.0746,9290.1
2026-08-17 03:25:00,0.0746,0.0746,0.0745,0.0745,24762.7
2026-08-17 03:30:00,0.0745,0.0745,0.0745,0.0745,14880.3
2026-08-17 03:35:00,0.0746,0.0746,0.0745,0.0745,30069.2
2026-08-17 03:40:00,0.0744,0.0746,0.0744,0.0746,48768.4
2026-08-17 03:45:00,0.0746,0.0746,0.0745,0.0746,50629.8
2026-08-17 03:50:00,0.0746,0.0746,0.0745,0.0746,12318.1
2026-08-17 03:55:00,0.0746,0.0746,0.0746,0.0746,36122.8
2026-08-17 04:00:00,0.0747,0.0748,0.0747,0.0747,177813.0
2026-08-17 04:05:00,0.0748,0.0749,0.0748,0.0749,40411.7
2026-08-17 04:10:00,0.0748,0.0749,0.0748,0.0748,4227.3
2026-08-17 04:15:00,0.0749,0.075,0.0749,0.075,36200.0
2026-08-17 04:20:00,0.0749,0.0751,0.0749,0.075,56572.8
2026-08-17 04:25:00,0.0749,0.0751,0.0749,0.0751,146708.0
2026-08-17 04:30:00,0.0751,0.0751,0.075,0.075,151084.8
2026-08-17 04:35:00,0.075,0.0751,0.075,0.075,33900.1
2026-08-17 04:40:00,0.075,0.075,0.075,0.075,74957.2
2026-08-17 04:45:00,0.075,0.0752,0.075,0.0751,51450.6
2026-08-17 04:50:00,0.0751,0.0752,0.075,0.0751,19797.7
2026-08-17 04:55:00,0.0751,0.0752,0.0751,0.0751,178290.0
2026-08-17 05:00:00,0.0751,0.0752,0.075,0.0752,124444.6
2026-08-17 05:05:00,0.0751,0.0752,0.075,0.0752,88938.6
2026-08-17 05:10:00,0.0751,0.0752,0.0751,0.0752,3412.8
2026-08-17 05:15:00,0.0753,0.0753,0.0752,0.0752,3107.3
2026-08-17 05:20:00,0.0753,0.0753,0.0752,0.0752,40903.5
2026-08-17 05:25:00,0.0753,0.0753,0.0752,0.0753,95980.4
2026-08-17 05:30:00,0.0753,0.0753,0.0752,0.0753,10954.9
2026-08-17 05:35:00,0.0753,0.0753,0.0752,0.0752,24808.4
2026-08-17 05:40:00,0.0752,0.0754,0.0752,0.0754,74667.3
2026-08-17 05:45:00,0.0753,0.0754,0.0751,0.0752,247808.9
2026-08-17 05:50:00,0.0752,0.0753,0.075,0.0753,247466.7
2026-08-17 05:55:00,0.0753,0.0754,0.0753,0.0753,106124.0
2026-08-17 06:00:00,0.0754,0.0755,0.0752,0.0754,142985.4
2026-08-17 06:05:00,0.0754,0.0754,0.0753,0.0754,49090.0
2026-08-17 06:10:00,0.0754,0.0754,0.0752,0.0754,94572.3
2026-08-17 06:15:00,0.0753,0.0754,0.0752,0.0754,133949.7
2026-08-17 06:20:00,0.0754,0.0754,0.0752,0.0753,90219.9
2026-08-17 06:25:00,0.0753,0.0753,0.0752,0.0753,42484.1
2026-08-17 06:30:00,0.0752,0.0753,0.0752,0.0752,80365.6
2026-08-17 06:35:00,0.0753,0.0754,0.0752,0.0754,100778.2
2026-08-17 06:40:00,0.0755,0.0756,0.0754,0.0755,96645.4
2026-08-17 06:45:00,0.0755,0.0757,0.0755,0.0756,297934.0
2026-08-17 06:50:00,0.0756,0.0756,0.0754,0.0754,133051.9
2026-08-17 06:55:00,0.0754,0.0755,0.0754,0.0754,88308.2
2026-08-17 07:00:00,0.0754,0.0754,0.0752,0.0753,87887.3
2026-08-17 07:05:00,0.0752,0.0752,0.0752,0.0752,53054.8
2026-08-17 07:10:00,0.0753,0.0753,0.075,0.0751,119438.8
2026-08-17 07:15:00,0.0751,0.0752,0.075,0.0751,109200.8
2026-08-17 07:20:00,0.0752,0.0752,0.0751,0.0751,10987.1
2026-08-17 07:25:00,0.0752,0.0752,0.0751,0.0752,154735.9
2026-08-17 07:30:00,0.0752,0.0757,0.0751,0.0755,424990.0
2026-08-17 07:35:00,0.0756,0.0756,0.0755,0.0755,142347.6
2026-08-17 07:40:00,0.0754,0.0755,0.0753,0.0754,42140.3
2026-08-17 07:45:00,0.0753,0.0753,0.0753,0.0753,6908.3
2026-08-17 07:50:00,0.0753,0.0754,0.0753,0.0754,90601.9
2026-08-17 07:55:00,0.0754,0.0755,0.0753,0.0753,112211.7
2026-08-17 08:00:00,0.0754,0.0754,0.0751,0.0751,70741.8
2026-08-17 08:05:00,0.075,0.0751,0.075,0.075,33546.6
2026-08-17 08:10:00,0.075,0.075,0.0748,0.0748,292449.9
2026-08-17 08:15:00,0.0748,0.0748,0.0747,0.0747,101070.3
2026-08-17 08:20:00,0.0746,0.0746,0.0744,0.0745,34814.3
2026-08-17 08:25:00,0.0746,0.0747,0.0746,0.0746,78584.7
2026-08-17 08:30:00,0.0747,0.0747,0.0746,0.0746,90440.3
2026-08-17 08:35:00,0.0746,0.0746,0.0746,0.0746,13382.0
2026-08-17 08:40:00,0.0745,0.0745,0.0745,0.0745,6096.4
2026-08-17 08:45:00,0.0745,0.0746,0.0745,0.0745,48332.6
2026-08-17 08:50:00,0.0745,0.0745,0.0744,0.0745,21352.5
2026-08-17 08:55:00,0.0745,0.0747,0.0745,0.0746,103774.3
2026-08-17 09:00:00,0.0746,0.0746,0.0745,0.0746,18081.9
2026-08-17 09:05:00,0.0745,0.0746,0.0745,0.0746,58665.2
2026-08-17 09:10:00,0.0746,0.0746,0.0746,0.0746,511.8
2026-08-17 09:15:00,0.0746,0.0748,0.0746,0.0748,51416.8
2026-08-17 09:20:00,0.0748,0.0748,0.0747,0.0747,58965.0
2026-08-17 09:25:00,0.0747,0.0748,0.0747,0.0748,24746.3
2026-08-17 09:30:00,0.0748,0.0748,0.0747,0.0747,76675.1
2026-08-17 09:35:00,0.0747,0.0747,0.0747,0.0747,3628.6
2026-08-17 09:40:00,0.0747,0.0747,0.0746,0.0746,129332.7
2026-08-17 09:45:00,0.0746,0.0746,0.0745,0.0746,46952.5
2026-08-17 09:50:00,0.0745,0.0747,0.0745,0.0747,71824.0
2026-08-17 09:55:00,0.0746,0.0746,0.0746,0.0746,36003.9
2026-08-17 10:00:00,0.0746,0.0747,0.0746,0.0746,58355.7
2026-08-17 10:05:00,0.0747,0.0747,0.0746,0.0746,51630.0
2026-08-17 10:10:00,0.0746,0.0747,0.0746,0.0746,29885.0
2026-08-17 10:15:00,0.0746,0.0746,0.0745,0.0745,24466.4
2026-08-17 10:20:00,0.0745,0.0746,0.0744,0.0745,34850.7
2026-08-17 10:25:00,0.0744,0.0746,0.0744,0.0746,109852.1
2026-08-17 10:30:00,0.0747,0.0748,0.0746,0.0748,195192.7
2026-08-17 10:35:00,0.0747,0.0748,0.0747,0.0748,77761.0
2026-08-17 10:40:00,0.0748,0.0749,0.0748,0.0748,230083.3
2026-08-17 10:45:00,0.0749,0.0749,0.0748,0.0748,18510.4
2026-08-17 10:50:00,0.0749,0.0749,0.0748,0.0748,2139.0
2026-08-17 10:55:00,0.0748,0.0748,0.0748,0.0748,4660.0
2026-08-17 11:00:00,0.0748,0.075,0.0748,0.075,27075.5
2026-08-17 11:05:00,0.075,0.0751,0.0749,0.075,17549.8
2026-08-17 11:10:00,0.075,0.0751,0.0749,0.075,15271.0
2026-08-17 11:15:00,0.0751,0.0751,0.075,0.075,25832.0
2026-08-17 11:20:00,0.0749,0.0749,0.0749,0.0749,14340.1
2026-08-17 11:25:00,0.0749,0.0749,0.0748,0.0749,53149.0
2026-08-17 11:30:00,0.0749,0.0749,0.0748,0.0748,78574.9
2026-08-17 11:35:00,0.0748,0.0749,0.0748,0.0749,67934.0
2026-08-17 11:40:00,0.0749,0.075,0.0749,0.0749,71088.7
2026-08-17 11:45:00,0.0749,0.0749,0.0749,0.0749,17391.4
2026-08-17 11:50:00,0.0749,0.0749,0.0748,0.0748,5663.1
2026-08-17 11:55:00,0.0749,0.0749,0.0747,0.0748,52754.6
2026-08-17 12:00:00,0.0748,0.0749,0.0748,0.0749,53530.8
2026-08-17 12:05:00,0.0749,0.0749,0.0747,0.0747,92597.2
2026-08-17 12:10:00,0.0747,0.075,0.0747,0.0749,64980.1
2026-08-17 12:15:00,0.0749,0.075,0.0749,0.0749,47844.5
2026-08-17 12:20:00,0.0749,0.0751,0.0749,0.075,26971.9
2026-08-17 12:25:00,0.0751,0.0751,0.0749,0.075,81617.3
2026-08-17 12:30:00,0.075,0.0751,0.0749,0.0749,35555.6
2026-08-17 12:35:00,0.0749,0.0749,0.0747,0.0747,66472.7
2026-08-17 12:40:00,0.0748,0.0748,0.0747,0.0747,147235.6
2026-08-17 12:45:00,0.0748,0.0749,0.0748,0.0749,27638.4
2026-08-17 12:50:00,0.0748,0.075,0.0748,0.075,137541.4
2026-08-17 12:55:00,0.075,0.075,0.075,0.075,8273.4
2026-08-17 13:00:00,0.0749,0.0749,0.0749,0.0749,57224.9
2026-08-17 13:05:00,0.0749,0.0749,0.0749,0.0749,76884.0
2026-08-17 13:10:00,0.0749,0.075,0.0748,0.0749,149084.4
2026-08-17 13:15:00,0.0749,0.0749,0.0747,0.0748,14322.2
2026-08-17 13:20:00,0.0748,0.0748,0.0747,0.0747,50314.3
2026-08-17 13:25:00,0.0747,0.0748,0.0747,0.0748,325336.5
2026-08-17 13:30:00,0.0747,0.075,0.0747,0.0749,250702.4
2026-08-17 13:35:00,0.075,0.0752,0.075,0.0751,272990.3
2026-08-17 13:40:00,0.0751,0.0753,0.075,0.075,250139.0
2026-08-17 13:45:00,0.0751,0.0752,0.075,0.0751,200447.2
2026-08-17 13:50:00,0.0751,0.0751,0.075,0.075,43779.9
2026-08-17 13:55:00,0.075,0.075,0.0749,0.075,57586.5
2026-08-17 14:00:00,0.075,0.0751,0.0749,0.075,33136.8
2026-08-17 14:05:00,0.075,0.0751,0.0749,0.0751,63876.6
2026-08-17 14:10:00,0.0751,0.0752,0.0751,0.0751,71504.8
2026-08-17 14:15:00,0.0751,0.0752,0.0749,0.0749,55445.5
2026-08-17 14:20:00,0.0749,0.0749,0.0748,0.0749,6789.9
2026-08-17 14:25:00,0.0749,0.0749,0.0747,0.0747,40605.3
2026-08-17 14:30:00,0.0747,0.0748,0.0747,0.0748,26450.7
2026-08-17 14:35:00,0.0749,0.075,0.0748,0.075,82636.9
2026-08-17 14:40:00,0.075,0.075,0.0749,0.0749,20796.4
2026-08-17 14:45:00,0.0749,0.075,0.0749,0.075,67312.5
2026-08-17 14:50:00,0.075,0.0752,0.075,0.0751,102416.2
2026-08-17 14:55:00,0.0751,0.0752,0.075,0.0751,236513.9
2026-08-17 15:00:00,0.0751,0.0752,0.075,0.0752,33362.9
2026-08-17 15:05:00,0.0752,0.0752,0.0751,0.0752,49434.6
2026-08-17 15:10:00,0.0751,0.0753,0.0749,0.0749,11048.5
2026-08-17 15:15:00,0.075,0.075,0.0749,0.0749,13923.7
2026-08-17 15:20:00,0.0749,0.075,0.0749,0.0749,37584.1
2026-08-17 15:25:00,0.075,0.0752,0.0749,0.0751,248532.1
2026-08-17 15:30:00,0.0751,0.0752,0.0751,0.0752,127121.7
2026-08-17 15:35:00,0.0751,0.0752,0.0751,0.0752,21118.8
2026-08-17 15:40:00,0.0751,0.0752,0.0751,0.0752,63729.6
2026-08-17 15:45:00,0.0752,0.0753,0.0751,0.0752,43729.3
2026-08-17 15:50:00,0.0753,0.0755,0.0753,0.0754,212462.0
2026-08-17 15:55:00,0.0753,0.0754,0.0752,0.0754,38145.1
2026-08-17 16:00:00,0.0754,0.0754,0.0751,0.0753,260235.1
2026-08-17 16:05:00,0.0752,0.0753,0.0751,0.0753,325426.2
2026-08-17 16:10:00,0.0752,0.0752,0.075,0.075,350315.2
2026-08-17 16:15:00,0.0751,0.0751,0.0749,0.0749,60606.4
2026-08-17 16:20:00,0.0749,0.0749,0.0749,0.0749,139337.6
2026-08-17 16:25:00,0.0749,0.0749,0.0748,0.0748,209825.2
2026-08-17 16:30:00,0.0748,0.0749,0.0748,0.0748,27436.2
2026-08-17 16:35:00,0.0749,0.0749,0.0748,0.0748,49482.8
2026-08-17 16:40:00,0.0748,0.0748,0.0747,0.0748,38379.6
2026-08-17 16:45:00,0.0748,0.0749,0.0747,0.0748,64540.2
2026-08-17 16:50:00,0.0748,0.0749,0.0748,0.0748,94458.6
2026-08-17 16:55:00,0.0747,0.0748,0.0747,0.0747,1269.3
2026-08-17 17:00:00,0.0747,0.0748,0.0747,0.0748,54946.9
2026-08-17 17:05:00,0.0748,0.0752,0.0748,0.0752,208642.2
2026-08-17 17:10:00,0.0752,0.0752,0.075,0.0751,132999.0
2026-08-17 17:15:00,0.0751,0.0754,0.0751,0.0754,85451.8
2026-08-17 17:20:00,0.0753,0.0755,0.0753,0.0754,52991.1
2026-08-17 17:25:00,0.0754,0.0754,0.0752,0.0753,47438.5
2026-08-17 17:30:00,0.0752,0.0753,0.0752,0.0753,3872.9
2026-08-17 17:35:00,0.0752,0.0753,0.0751,0.0753,202459.3
2026-08-17 17:40:00,0.0753,0.0754,0.0753,0.0753,344133.9
2026-08-17 17:45:00,0.0753,0.0757,0.0753,0.0756,824254.2
2026-08-17 17:50:00,0.0755,0.0757,0.0755,0.0756,362271.1
2026-08-17 17:55:00,0.0757,0.0757,0.0756,0.0756,236021.5
2026-08-17 18:00:00,0.0756,0.0757,0.0756,0.0757,8988.2
2026-08-17 18:05:00,0.0757,0.0757,0.0756,0.0757,12286.5
2026-08-17 18:10:00,0.0756,0.0757,0.0756,0.0757,62668.3
2026-08-17 18:15:00,0.0756,0.0759,0.0756,0.0757,102089.7
2026-08-17 18:20:00,0.0757,0.0758,0.0756,0.0758,268391.4
2026-08-17 18:25:00,0.0757,0.0758,0.0757,0.0758,63688.9
2026-08-17 18:30:00,0.0757,0.0757,0.0756,0.0757,59845.4
2026-08-17 18:35:00,0.0757,0.0757,0.0757,0.0757,32205.9
2026-08-17 18:40:00,0.0757,0.0759,0.0756,0.0759,83962.3
2026-08-17 18:45:00,0.0758,0.0759,0.0758,0.0758,107425.2
2026-08-17 18:50:00,0.0758,0.0758,0.0757,0.0757,47661.0
2026-08-17 18:55:00,0.0757,0.0758,0.0757,0.0758,90894.2
2026-08-17 19:00:00,0.0757,0.0757,0.0756,0.0756,73226.8
2026-08-17 19:05:00,0.0756,0.0757,0.0756,0.0757,490378.1
2026-08-17 19:10:00,0.0757,0.0758,0.0756,0.0757,67913.5
2026-08-17 19:15:00,0.0757,0.0757,0.0756,0.0757,100077.1
2026-08-17 19:20:00,0.0756,0.0758,0.0756,0.0757,23955.8
2026-08-17 19:25:00,0.0757,0.0758,0.0757,0.0757,4711.2
2026-08-17 19:30:00,0.0757,0.0758,0.0756,0.0756,33419.8
2026-08-17 19:35:00,0.0756,0.0758,0.0756,0.0757,24740.4
2026-08-17 19:40:00,0.0757,0.0757,0.0757,0.0757,52471.2
2026-08-17 19:45:00,0.0757,0.0757,0.0756,0.0756,36029.0
2026-08-17 19:50:00,0.0756,0.0756,0.0754,0.0754,22546.4
2026-08-17 19:55:00,0.0754,0.0756,0.0754,0.0756,28175.5
2026-08-17 20:00:00,0.0755,0.0755,0.0754,0.0754,20168.7
2026-08-17 20:05:00,0.0754,0.0754,0.0753,0.0753,27871.0
2026-08-17 20:10:00,0.0753,0.0754,0.0753,0.0754,29800.0
2026-08-17 20:15:00,0.0754,0.0754,0.0753,0.0753,40297.5
2026-08-17 20:20:00,0.0753,0.0755,0.0753,0.0754,12163.0
2026-08-17 20:25:00,0.0754,0.0755,0.0754,0.0755,29250.6
2026-08-17 20:30:00,0.0755,0.0756,0.0755,0.0756,8279.1
2026-08-17 20:35:00,0.0755,0.0757,0.0755,0.0756,67513.8
2026-08-17 20:40:00,0.0756,0.0756,0.0756,0.0756,11543.3
2026-08-17 20:45:00,0.0757,0.0757,0.0755,0.0755,68612.3
2026-08-17 20:50:00,0.0755,0.0755,0.0752,0.0753,225616.4
2026-08-17 20:55:00,0.0752,0.0754,0.0752,0.0752,139814.0
2026-08-17 21:00:00,0.0753,0.0753,0.0752,0.0753,117994.1
2026-08-17 21:05:00,0.0753,0.0753,0.0753,0.0753,86.5
2026-08-17 21:10:00,0.0753,0.0753,0.0752,0.0752,15904.0
2026-08-17 21:15:00,0.0752,0.0752,0.0752,0.0752,8434.1
2026-08-17 21:20:00,0.0752,0.0753,0.0752,0.0752,81797.9
2026-08-17 21:25:00,0.0752,0.0752,0.0751,0.0751,138462.6
2026-08-17 21:30:00,0.0751,0.0753,0.0751,0.0752,89639.8
2026-08-17 21:35:00,0.0752,0.0752,0.0752,0.0752,13998.6
2026-08-17 21:40:00,0.0752,0.0753,0.0751,0.0753,106633.2
2026-08-17 21:45:00,0.0752,0.0753,0.0752,0.0752,43316.8
2026-08-17 21:50:00,0.0752,0.0753,0.0751,0.0752,37174.4
2026-08-17 21:55:00,0.0752,0.0752,0.0751,0.0751,7543.3
2026-08-17 22:00:00,0.0752,0.0753,0.0752,0.0752,33426.0
2026-08-17 22:05:00,0.0752,0.0752,0.0752,0.0752,997.1
2026-08-17 22:10:00,0.0751,0.0751,0.0751,0.0751,102154.4
2026-08-17 22:15:00,0.0752,0.0752,0.075,0.075,105445.7
2026-08-17 22:20:00,0.075,0.0751,0.075,0.075,25702.1
2026-08-17 22:25:00,0.075,0.075,0.075,0.075,28055.3
2026-08-17 22:30:00,0.0749,0.075,0.0749,0.0749,2778.2
2026-08-17 22:35:00,0.075,0.075,0.0749,0.075,9145.5
2026-08-17 22:40:00,0.0749,0.075,0.0749,0.075,11330.1
2026-08-17 22:45:00,0.0749,0.075,0.0749,0.0749,17904.5
2026-08-17 22:50:00,0.075,0.075,0.075,0.075,6878.7
2026-08-17 22:55:00,0.0749,0.0749,0.0749,0.0749,476.6
2026-08-17 23:00:00,0.0749,0.0749,0.0748,0.0748,84684.2
2026-08-17 23:05:00,0.0749,0.0749,0.0748,0.0749,126749.1
2026-08-17 23:10:00,0.0749,0.0749,0.0749,0.0749,2515.4
2026-08-17 23:15:00,0.0749,0.0749,0.0749,0.0749,24828.8
2026-08-17 23:20:00,0.0749,0.0749,0.0749,0.0749,50248.7
2026-08-17 23:25:00,0.0749,0.0751,0.0749,0.0751,73534.7
2026-08-17 23:30:00,0.0752,0.0754,0.0752,0.0753,30779.4
2026-08-17 23:35:00,0.0753,0.0753,0.0752,0.0752,99717.0
2026-08-17 23:40:00,0.0751,0.0751,0.0751,0.0751,3193.5
2026-08-17 23:45:00,0.0752,0.0752,0.0752,0.0752,31498.7
2026-08-17 23:50:00,0.0752,0.0752,0.0752,0.0752,26792.2
2026-08-17 23:55:00,0.0752,0.0752,0.0751,0.0751,41548.9
2026-08-18 00:00:00,0.0751,0.0752,0.0751,0.0751,65227.5
2026-08-18 00:05:00,0.0751,0.0751,0.0751,0.0751,55492.5
2026-08-18 00:10:00,0.0751,0.0751,0.075,0.0751,8073.9
2026-08-18 00:15:00,0.0751,0.0751,0.0751,0.0751,47438.0
2026-08-18 00:20:00,0.0752,0.0752,0.0751,0.0751,19484.5
2026-08-18 00:25:00,0.0751,0.0752,0.0751,0.0752,136645.8
2026-08-18 00:30:00,0.0752,0.0754,0.0752,0.0753,332709.6
2026-08-18 00:35:00,0.0752,0.0753,0.0752,0.0753,2908.7
2026-08-18 00:40:00,0.0752,0.0753,0.0752,0.0753,135272.2
2026-08-18 00:45:00,0.0753,0.0754,0.0752,0.0754,21073.5
2026-08-18 00:50:00,0.0754,0.0754,0.0753,0.0753,161267.9
2026-08-18 00:55:00,0.0753,0.0753,0.0752,0.0752,85316.0
2026-08-18 01:00:00,0.0752,0.0752,0.0752,0.0752,77.9
2026-08-18 01:05:00,0.0752,0.0752,0.0751,0.0751,66151.7
2026-08-18 01:10:00,0.0751,0.0752,0.075,0.0752,231574.0
2026-08-18 01:15:00,0.0751,0.0752,0.0751,0.0752,4044.3
2026-08-18 01:20:00,0.0752,0.0752,0.0752,0.0752,48822.4
2026-08-18 01:25:00,0.0751,0.0752,0.0751,0.0752,3269.6
2026-08-18 01:30:00,0.0752,0.0752,0.0751,0.0751,1664.8
2026-08-18 01:35:00,0.0751,0.0751,0.075,0.075,86573.7
2026-08-18 01:40:00,0.075,0.075,0.075,0.075,100.0
2026-08-18 01:45:00,0.075,0.075,0.075,0.075,32527.6
2026-08-18 01:50:00,0.0749,0.0749,0.0748,0.0748,127122.4
2026-08-18 01:55:00,0.0748,0.0748,0.0747,0.0748,24734.6
2026-08-18 02:00:00,0.0746,0.0748,0.0746,0.0748,71737.9
2026-08-18 02:05:00,0.0748,0.0748,0.0747,0.0747,41601.6
2026-08-18 02:10:00,0.0747,0.0747,0.0746,0.0746,52656.3
2026-08-18 02:15:00,0.0746,0.0747,0.0746,0.0747,59412.2
2026-08-18 02:20:00,0.0748,0.0749,0.0748,0.0749,29059.6
2026-08-18 02:25:00,0.0749,0.0749,0.0747,0.0747,4744.9
2026-08-18 02:30:00,0.0746,0.0746,0.0742,0.0743,507246.9
2026-08-18 02:35:00,0.0744,0.0744,0.0743,0.0743,110389.6
2026-08-18 02:40:00,0.0744,0.0746,0.0742,0.0742,249232.0
2026-08-18 02:45:00,0.0743,0.0743,0.0739,0.0741,269641.0
2026-08-18 02:50:00,0.0741,0.0741,0.074,0.0741,136128.6
2026-08-18 02:55:00,0.074,0.074,0.0736,0.0738,271327.9
2026-08-18 03:00:00,0.0738,0.074,0.0738,0.074,84741.0
2026-08-18 03:05:00,0.074,0.074,0.0739,0.0739,8804.0
2026-08-18 03:10:00,0.074,0.074,0.0738,0.0738,64628.1
2026-08-18 03:15:00,0.0739,0.0739,0.0738,0.0739,81580.8
2026-08-18 03:20:00,0.0738,0.074,0.0738,0.0739,76257.7
2026-08-18 03:25:00,0.0739,0.0739,0.0739,0.0739,37030.2
2026-08-18 03:30:00,0.0738,0.0738,0.0737,0.0738,218031.6
2026-08-18 03:35:00,0.0739,0.074,0.0739,0.074,18656.6
2026-08-18 03:40:00,0.074,0.0741,0.0739,0.0741,16196.5
2026-08-18 03:45:00,0.074,0.0741,0.074,0.074,22995.7
2026-08-18 03:50:00,0.074,0.0741,0.074,0.074,9725.1
2026-08-18 03:55:00,0.074,0.0741,0.074,0.074,22077.3
2026-08-18 04:00:00,0.0741,0.0741,0.0739,0.074,52554.5
2026-08-18 04:05:00,0.0741,0.0742,0.0741,0.0742,66420.3
2026-08-18 04:10:00,0.0742,0.0743,0.0742,0.0743,68473.7
2026-08-18 04:15:00,0.0742,0.0742,0.0741,0.0741,66086.4
2026-08-18 04:20:00,0.0741,0.0742,0.0741,0.0741,48840.7
2026-08-18 04:25:00,0.0741,0.0741,0.0741,0.0741,159080.4
2026-08-18 04:30:00,0.0742,0.0745,0.0742,0.0743,138060.2
2026-08-18 04:35:00,0.0744,0.0744,0.0743,0.0743,22838.4
2026-08-18 04:40:00,0.0743,0.0744,0.0743,0.0743,3135.1
2026-08-18 04:45:00,0.0744,0.0744,0.0743,0.0743,17931.4
2026-08-18 04:50:00,0.0743,0.0744,0.0743,0.0743,62544.3
2026-08-18 04:55:00,0.0744,0.0744,0.0744,0.0744,60454.1
2026-08-18 05:00:00,0.0744,0.0745,0.0744,0.0745,49773.7
2026-08-18 05:05:00,0.0744,0.0746,0.0744,0.0746,48376.8
2026-08-18 05:10:00,0.0746,0.0747,0.0746,0.0746,104811.1
2026-08-18 05:15:00,0.0746,0.0747,0.0746,0.0746,58583.9
2026-08-18 05:20:00,0.0747,0.0747,0.0746,0.0747,83735.2
2026-08-18 05:25:00,0.0747,0.0747,0.0747,0.0747,2008.0
2026-08-18 05:30:00,0.0746,0.0746,0.0744,0.0744,188278.4
2026-08-18 05:35:00,0.0743,0.0743,0.0742,0.0743,91795.0
2026-08-18 05:40:00,0.0743,0.0744,0.0743,0.0744,33525.0
2026-08-18 05:45:00,0.0744,0.0745,0.0744,0.0744,118595.6
2026-08-18 05:50:00,0.0744,0.0745,0.0743,0.0745,74282.9
2026-08-18 05:55:00,0.0745,0.0745,0.0744,0.0744,19869.7
2026-08-18 06:00:00,0.0744,0.0744,0.0743,0.0744,398585.2
2026-08-18 06:05:00,0.0743,0.0744,0.0743,0.0744,36548.2
2026-08-18 06:10:00,0.0744,0.0748,0.0744,0.0747,282957.7
2026-08-18 06:15:00,0.0747,0.075,0.0746,0.075,342392.5
2026-08-18 06:20:00,0.075,0.0752,0.075,0.0752,171397.7
2026-08-18 06:25:00,0.0752,0.0752,0.075,0.0751,121263.4
2026-08-18 06:30:00,0.0751,0.0751,0.0751,0.0751,75431.3
2026-08-18 06:35:00,0.0751,0.0751,0.075,0.075,47577.0
2026-08-18 06:40:00,0.0751,0.0751,0.0751,0.0751,64084.3
2026-08-18 06:45:00,0.0751,0.0751,0.0751,0.0751,11852.2
2026-08-18 06:50:00,0.0751,0.0751,0.0748,0.0748,86192.9
2026-08-18 06:55:00,0.0748,0.0749,0.0747,0.0748,69204.1
2026-08-18 07:00:00,0.0749,0.075,0.0748,0.0748,118762.2
2026-08-18 07:05:00,0.0748,0.0749,0.0748,0.0748,52766.8
2026-08-18 07:10:00,0.0748,0.075,0.0748,0.075,78533.6
2026-08-18 07:15:00,0.075,0.0751,0.075,0.075,13094.6
2026-08-18 07:20:00,0.075,0.075,0.0749,0.075,45137.7
2026-08-18 07:25:00,0.075,0.075,0.0748,0.0748,28164.8
2026-08-18 07:30:00,0.0748,0.0748,0.0747,0.0747,36159.7
2026-08-18 07:35:00,0.0747,0.0748,0.0747,0.0748,1043.5
2026-08-18 07:40:00,0.0747,0.0748,0.0747,0.0747,31375.4
2026-08-18 07:45:00,0.0747,0.0747,0.0747,0.0747,10553.1
2026-08-18 07:50:00,0.0747,0.0747,0.0746,0.0747,12639.7
2026-08-18 07:55:00,0.0748,0.075,0.0748,0.075,14608.9
2026-08-18 08:00:00,0.0749,0.0749,0.0747,0.0747,252893.9
2026-08-18 08:05:00,0.0746,0.0746,0.0746,0.0746,6551.4
2026-08-18 08:10:00,0.0746,0.0749,0.0746,0.0749,98203.0
2026-08-18 08:15:00,0.075,0.075,0.0749,0.0749,8773.8
2026-08-18 08:20:00,0.075,0.075,0.0749,0.075,1271.9
2026-08-18 08:25:00,0.075,0.0751,0.0749,0.0749,114466.7
2026-08-18 08:30:00,0.075,0.075,0.0749,0.075,175581.0
2026-08-18 08:35:00,0.075,0.0753,0.075,0.0752,44796.9
2026-08-18 08:40:00,0.0752,0.0754,0.0752,0.0753,204159.9
2026-08-18 08:45:00,0.0753,0.0754,0.0753,0.0754,234234.6
2026-08-18 08:50:00,0.0755,0.0756,0.0754,0.0756,319286.1
2026-08-18 08:55:00,0.0757,0.076,0.0756,0.0759,878654.1
2026-08-18 09:00:00,0.0759,0.0759,0.0756,0.0757,201175.3
2026-08-18 09:05:00,0.0757,0.0757,0.0757,0.0757,91065.8
2026-08-18 09:10:00,0.0758,0.076,0.0758,0.076,569699.4
2026-08-18 09:15:00,0.0759,0.076,0.0755,0.0755,1626693.7
2026-08-18 09:20:00,0.0755,0.0755,0.0752,0.0752,206191.1
2026-08-18 09:25:00,0.0753,0.0754,0.0753,0.0753,84539.1
2026-08-18 09:30:00,0.0753,0.0756,0.0753,0.0755,249943.0
2026-08-18 09:35:00,0.0755,0.0756,0.0752,0.0752,141415.6
2026-08-18 09:40:00,0.0753,0.0753,0.0751,0.0751,33081.1
2026-08-18 09:45:00,0.0752,0.0754,0.0752,0.0754,146426.3
2026-08-18 09:50:00,0.0753,0.0755,0.0753,0.0755,70028.8
2026-08-18 09:55:00,0.0755,0.0755,0.0754,0.0755,63685.4
2026-08-18 10:00:00,0.0755,0.0756,0.0755,0.0755,104205.2
2026-08-18 10:05:00,0.0755,0.0755,0.0753,0.0754,169746.2
2026-08-18 10:10:00,0.0754,0.0755,0.0754,0.0754,75317.2
2026-08-18 10:15:00,0.0754,0.0755,0.0752,0.0755,138703.7
2026-08-18 10:20:00,0.0754,0.0754,0.0754,0.0754,10409.4
2026-08-18 10:25:00,0.0754,0.0755,0.0754,0.0754,66006.0
2026-08-18 10:30:00,0.0754,0.0755,0.0753,0.0753,95073.5
2026-08-18 10:35:00,0.0753,0.0753,0.0752,0.0753,130429.6
2026-08-18 10:40:00,0.0753,0.0753,0.0752,0.0752,33400.0
2026-08-18 10:45:00,0.0753,0.0754,0.0753,0.0753,79093.2
2026-08-18 10:50:00,0.0753,0.0753,0.0752,0.0753,60485.6
2026-08-18 10:55:00,0.0752,0.0753,0.0752,0.0753,27022.0
2026-08-18 11:00:00,0.0753,0.0754,0.0753,0.0754,139039.7
2026-08-18 11:05:00,0.0753,0.0755,0.0753,0.0755,16440.5
2026-08-18 11:10:00,0.0754,0.0754,0.0753,0.0754,31133.7
2026-08-18 11:15:00,0.0755,0.0755,0.0754,0.0755,23697.2
2026-08-18 11:20:00,0.0754,0.0754,0.0753,0.0754,111234.0
2026-08-18 11:25:00,0.0755,0.0755,0.0754,0.0755,215431.1
2026-08-18 11:30:00,0.0755,0.0755,0.0754,0.0755,3210.2
2026-08-18 11:35:00,0.0755,0.0755,0.0754,0.0755,7602.6
2026-08-18 11:40:00,0.0754,0.0754,0.0753,0.0753,65236.2
2026-08-18 11:45:00,0.0753,0.0753,0.0752,0.0753,40387.3
2026-08-18 11:50:00,0.0753,0.0754,0.0752,0.0753,146515.0
2026-08-18 11:55:00,0.0754,0.0754,0.0753,0.0754,30637.1
2026-08-18 12:00:00,0.0754,0.0754,0.0754,0.0754,75059.3
2026-08-18 12:05:00,0.0754,0.0755,0.0753,0.0753,114689.1
2026-08-18 12:10:00,0.0753,0.0753,0.0753,0.0753,12621.5
2026-08-18 12:15:00,0.0752,0.0753,0.0752,0.0752,2240.3
2026-08-18 12:20:00,0.0753,0.0755,0.0753,0.0755,12369.1
2026-08-18 12:25:00,0.0754,0.0754,0.0753,0.0754,3816.3
2026-08-18 12:30:00,0.0754,0.0754,0.0753,0.0753,12414.0
2026-08-18 12:35:00,0.0753,0.0753,0.0752,0.0753,102173.0
2026-08-18 12:40:00,0.0753,0.0753,0.0752,0.0753,47649.9
2026-08-18 12:45:00,0.0752,0.0754,0.0752,0.0754,11675.9
2026-08-18 12:50:00,0.0754,0.0754,0.0753,0.0754,7816.8
2026-08-18 12:55:00,0.0754,0.0754,0.0753,0.0753,223117.5
2026-08-18 13:00:00,0.0753,0.0753,0.0752,0.0752,76397.1
2026-08-18 13:05:00,0.0753,0.0753,0.0752,0.0752,1782.5
2026-08-18 13:10:00,0.0752,0.0752,0.0751,0.0752,100825.7
2026-08-18 13:15:00,0.0752,0.0753,0.0752,0.0753,181796.2
2026-08-18 13:20:00,0.0752,0.0753,0.0752,0.0753,25952.1
2026-08-18 13:25:00,0.0753,0.0754,0.0753,0.0754,36430.3
2026-08-18 13:30:00,0.0755,0.0755,0.0753,0.0753,120030.0
2026-08-18 13:35:00,0.0754,0.0754,0.0752,0.0754,95167.1
2026-08-18 13:40:00,0.0753,0.0754,0.0752,0.0752,59577.0
2026-08-18 13:45:00,0.0752,0.0753,0.0752,0.0752,112453.5
2026-08-18 13:50:00,0.0753,0.0753,0.0751,0.0751,195587.2
2026-08-18 13:55:00,0.0751,0.0753,0.0751,0.0753,47082.0
2026-08-18 14:00:00,0.0752,0.0753,0.0751,0.0752,292249.1
2026-08-18 14:05:00,0.0752,0.0752,0.0751,0.0751,122193.4
2026-08-18 14:10:00,0.075,0.0751,0.075,0.075,36361.2
2026-08-18 14:15:00,0.075,0.0751,0.0749,0.0751,16735.5
2026-08-18 14:20:00,0.0751,0.0754,0.0751,0.0754,153688.6
2026-08-18 14:25:00,0.0754,0.0758,0.0754,0.0757,595796.2
2026-08-18 14:30:00,0.0758,0.0759,0.0755,0.0756,131555.9
2026-08-18 14:35:00,0.0755,0.0755,0.0754,0.0754,28025.1
2026-08-18 14:40:00,0.0753,0.0755,0.0753,0.0753,7144.6
2026-08-18 14:45:00,0.0753,0.0754,0.0752,0.0754,113787.3
2026-08-18 14:50:00,0.0753,0.0753,0.0752,0.0752,37865.9
2026-08-18 14:55:00,0.0753,0.0753,0.0751,0.0751,157815.5
2026-08-18 15:00:00,0.0753,0.0753,0.0752,0.0753,97051.0
2026-08-18 15:05:00,0.0754,0.0755,0.0752,0.0752,95757.4
2026-08-18 15:10:00,0.0752,0.0754,0.0752,0.0754,36371.3
2026-08-18 15:15:00,0.0755,0.0756,0.0755,0.0756,45166.7
2026-08-18 15:20:00,0.0756,0.0756,0.0755,0.0755,129750.3
2026-08-18 15:25:00,0.0756,0.0756,0.0756,0.0756,6177.7
2026-08-18 15:30:00,0.0756,0.0757,0.0755,0.0757,28252.6
2026-08-18 15:35:00,0.0757,0.0757,0.0756,0.0757,48571.9
2026-08-18 15:40:00,0.0757,0.0757,0.0755,0.0755,141809.2
2026-08-18 15:45:00,0.0755,0.0756,0.0755,0.0756,23437.9
2026-08-18 15:50:00,0.0755,0.0757,0.0755,0.0756,170893.1
2026-08-18 15:55:00,0.0756,0.0756,0.0756,0.0756,15529.5
2026-08-18 16:00:00,0.0756,0.0757,0.0754,0.0755,39557.4
2026-08-18 16:05:00,0.0755,0.0755,0.0754,0.0755,26447.7
2026-08-18 16:10:00,0.0755,0.0755,0.0754,0.0754,54294.9
2026-08-18 16:15:00,0.0754,0.0754,0.0752,0.0752,63000.5
2026-08-18 16:20:00,0.0753,0.0753,0.0751,0.0752,16662.4
2026-08-18 16:25:00,0.0751,0.0751,0.0749,0.075,211574.9
2026-08-18 16:30:00,0.0749,0.0749,0.0748,0.0749,128279.5
2026-08-18 16:35:00,0.0749,0.075,0.0749,0.075,49656.6
2026-08-18 16:40:00,0.075,0.0751,0.0749,0.075,66793.5
2026-08-18 16:45:00,0.0749,0.0751,0.0748,0.0749,147758.9
2026-08-18 16:50:00,0.0749,0.0749,0.0749,0.0749,132732.4
2026-08-18 16:55:00,0.075,0.075,0.0749,0.0749,15347.7
2026-08-18 17:00:00,0.0749,0.0751,0.0749,0.0751,147772.1
2026-08-18 17:05:00,0.0751,0.0751,0.075,0.0751,224758.8
2026-08-18 17:10:00,0.0751,0.0752,0.0751,0.0752,58037.3
2026-08-18 17:15:00,0.0751,0.0751,0.0751,0.0751,30016.9
2026-08-18 17:20:00,0.0752,0.0753,0.0751,0.0753,34822.0
2026-08-18 17:25:00,0.0752,0.0754,0.0752,0.0754,245311.5
2026-08-18 17:30:00,0.0753,0.0754,0.0753,0.0754,149611.2
2026-08-18 17:35:00,0.0753,0.0754,0.0752,0.0754,106707.8
2026-08-18 17:40:00,0.0753,0.0753,0.0753,0.0753,7481.7
2026-08-18 17:45:00,0.0753,0.0753,0.0752,0.0753,31794.7
2026-08-18 17:50:00,0.0752,0.0753,0.0752,0.0753,31689.6
2026-08-18 17:55:00,0.0753,0.0754,0.0753,0.0753,63381.6
2026-08-18 18:00:00,0.0752,0.0753,0.0752,0.0752,3148.0
2026-08-18 18:05:00,0.0753,0.0753,0.0752,0.0753,49774.5
2026-08-18 18:10:00,0.0753,0.0754,0.0753,0.0753,121766.7
2026-08-18 18:15:00,0.0753,0.0755,0.0753,0.0754,128571.9
2026-08-18 18:20:00,0.0755,0.0755,0.0754,0.0754,20095.2
2026-08-18 18:25:00,0.0754,0.0754,0.0753,0.0754,42714.1
2026-08-18 18:30:00,0.0755,0.0756,0.0755,0.0756,52306.8
2026-08-18 18:35:00,0.0756,0.0757,0.0756,0.0756,91417.6
2026-08-18 18:40:00,0.0755,0.0756,0.0755,0.0755,28218.7
2026-08-18 18:45:00,0.0756,0.0757,0.0755,0.0755,6553.6
2026-08-18 18:50:00,0.0756,0.0756,0.0755,0.0755,2224.1
2026-08-18 18:55:00,0.0755,0.0756,0.0755,0.0755,14355.0
2026-08-18 19:00:00,0.0755,0.0756,0.0755,0.0755,1890.8
2026-08-18 19:05:00,0.0756,0.0757,0.0755,0.0755,113703.1
2026-08-18 19:10:00,0.0755,0.0755,0.0754,0.0755,61651.6
2026-08-18 19:15:00,0.0755,0.0755,0.0752,0.0753,369752.1
2026-08-18 19:20:00,0.0752,0.0753,0.0752,0.0753,38702.9
2026-08-18 19:25:00,0.0754,0.0755,0.0753,0.0755,200833.9
2026-08-18 19:30:00,0.0755,0.0755,0.0754,0.0754,9973.7
2026-08-18 19:35:00,0.0753,0.0754,0.0752,0.0752,82659.4
2026-08-18 19:40:00,0.0752,0.0753,0.0752,0.0752,1674.3
2026-08-18 19:45:00,0.0753,0.0753,0.0752,0.0752,106609.5
2026-08-18 19:50:00,0.0751,0.0752,0.0751,0.0752,7028.2
2026-08-18 19:55:00,0.0752,0.0752,0.075,0.0751,44662.2
2026-08-18 20:00:00,0.0751,0.0752,0.075,0.075,124204.6
2026-08-18 20:05:00,0.075,0.0751,0.0749,0.0751,59580.0
2026-08-18 20:10:00,0.0751,0.0752,0.0751,0.0752,40301.3
2026-08-18 20:15:00,0.0752,0.0752,0.0751,0.0751,21265.4
2026-08-18 20:20:00,0.0751,0.0751,0.075,0.0751,45206.4
2026-08-18 20:25:00,0.0751,0.0752,0.0751,0.0751,67657.0
2026-08-18 20:30:00,0.0751,0.0752,0.0751,0.0752,19983.0
2026-08-18 20:35:00,0.0752,0.0752,0.0752,0.0752,2037.8
2026-08-18 20:40:00,0.0752,0.0752,0.0752,0.0752,1774.7
2026-08-18 20:45:00,0.0751,0.0751,0.0751,0.0751,97654.7
2026-08-18 20:50:00,0.0751,0.0751,0.0751,0.0751,15650.0
2026-08-18 20:55:00,0.0751,0.0751,0.075,0.0751,48312.9
2026-08-18 21:00:00,0.075,0.0752,0.075,0.0751,111603.1
2026-08-18 21:05:00,0.0751,0.0752,0.0751,0.0752,17601.4
2026-08-18 21:10:00,0.0752,0.0753,0.0752,0.0752,16152.5
2026-08-18 21:15:00,0.0752,0.0752,0.0751,0.0751,865.1
2026-08-18 21:20:00,0.0751,0.0751,0.0751,0.0751,0.0
2026-08-18 21:25:00,0.0751,0.0751,0.075,0.0751,19512.6
2026-08-18 21:30:00,0.0751,0.0751,0.0751,0.0751,0.0
2026-08-18 21:35:00,0.075,0.075,0.075,0.075,18677.2
2026-08-18 21:40:00,0.075,0.075,0.0749,0.075,115537.9
2026-08-18 21:45:00,0.075,0.0751,0.075,0.075,35104.0
2026-08-18 21:50:00,0.075,0.0751,0.075,0.0751,8473.0
2026-08-18 21:55:00,0.0751,0.0751,0.0751,0.0751,2369.2
2026-08-18 22:00:00,0.0751,0.0752,0.075,0.0751,55303.2
2026-08-18 22:05:00,0.0751,0.0752,0.0751,0.0751,18724.4
2026-08-18 22:10:00,0.0752,0.0753,0.0752,0.0753,52249.9
2026-08-18 22:15:00,0.0753,0.0753,0.0752,0.0753,3534.0
2026-08-18 22:20:00,0.0753,0.0754,0.0753,0.0753,18242.8
2026-08-18 22:25:00,0.0753,0.0753,0.0752,0.0753,18733.8
2026-08-18 22:30:00,0.0753,0.0753,0.0753,0.0753,105.1
2026-08-18 22:35:00,0.0753,0.0753,0.0752,0.0753,73532.7
2026-08-18 22:40:00,0.0753,0.0753,0.0752,0.0752,56315.2
2026-08-18 22:45:00,0.0752,0.0752,0.0751,0.0752,28972.5
2026-08-18 22:50:00,0.0751,0.0751,0.0751,0.0751,61637.8
2026-08-18 22:55:00,0.0751,0.0751,0.0751,0.0751,21586.3
2026-08-18 23:00:00,0.0751,0.0752,0.0751,0.0752,5994.2
2026-08-18 23:05:00,0.0753,0.0753,0.0753,0.0753,1664.9
2026-08-18 23:10:00,0.0753,0.0753,0.0752,0.0753,12399.2
2026-08-18 23:15:00,0.0753,0.0755,0.0753,0.0755,16130.9
2026-08-18 23:20:00,0.0755,0.0756,0.0754,0.0756,70228.1
2026-08-18 23:25:00,0.0756,0.0756,0.0754,0.0754,53249.8
2026-08-18 23:30:00,0.0755,0.0755,0.0755,0.0755,6413.0
2026-08-18 23:35:00,0.0755,0.0756,0.0755,0.0755,3519.0
2026-08-18 23:40:00,0.0755,0.0755,0.0754,0.0754,42321.5
2026-08-18 23:45:00,0.0754,0.0755,0.0754,0.0754,19546.8
2026-08-18 23:50:00,0.0753,0.0754,0.0753,0.0754,41474.8
2026-08-18 23:55:00,0.0753,0.0753,0.0753,0.0753,13463.8
2026-08-19 00:00:00,0.0753,0.0753,0.0751,0.0751,310224.9
2026-08-19 00:05:00,0.0751,0.0752,0.0751,0.0752,107016.0
2026-08-19 00:10:00,0.0751,0.0752,0.0751,0.0752,13748.6
2026-08-19 00:15:00,0.0751,0.0751,0.075,0.0751,24378.8
2026-08-19 00:20:00,0.0752,0.0753,0.0751,0.0753,70959.7
2026-08-19 00:25:00,0.0752,0.0753,0.0752,0.0752,37453.6
2026-08-19 00:30:00,0.0752,0.0753,0.0751,0.0753,46357.9
2026-08-19 00:35:00,0.0752,0.0754,0.0751,0.0753,130122.8
2026-08-19 00:40:00,0.0754,0.0754,0.0753,0.0754,77325.2
2026-08-19 00:45:00,0.0753,0.0754,0.0753,0.0754,28167.2
2026-08-19 00:50:00,0.0753,0.0754,0.0753,0.0753,186387.0
2026-08-19 00:55:00,0.0753,0.0753,0.0752,0.0752,1320.0
2026-08-19 01:00:00,0.0752,0.0752,0.0751,0.0752,20086.1
2026-08-19 01:05:00,0.0752,0.0754,0.0752,0.0754,144912.5
2026-08-19 01:10:00,0.0754,0.0755,0.0753,0.0754,140876.4
2026-08-19 01:15:00,0.0753,0.0754,0.0753,0.0754,70704.0
2026-08-19 01:20:00,0.0755,0.0755,0.0754,0.0754,134700.8
2026-08-19 01:25:00,0.0753,0.0754,0.0752,0.0753,93888.8
2026-08-19 01:30:00,0.0753,0.0755,0.0753,0.0755,171527.6
2026-08-19 01:35:00,0.0756,0.0757,0.0755,0.0756,45000.3
2026-08-19 01:40:00,0.0756,0.0757,0.0756,0.0756,3238.0
2026-08-19 01:45:00,0.0756,0.0757,0.0756,0.0757,31695.2
2026-08-19 01:50:00,0.0756,0.0757,0.0756,0.0757,16221.6
2026-08-19 01:55:00,0.0757,0.0757,0.0756,0.0756,70079.7
2026-08-19 02:00:00,0.0756,0.0756,0.0755,0.0755,31059.0
2026-08-19 02:05:00,0.0755,0.0756,0.0755,0.0756,66323.9
2026-08-19 02:10:00,0.0756,0.0757,0.0756,0.0756,59873.3
2026-08-19 02:15:00,0.0756,0.0756,0.0755,0.0755,37915.4
2026-08-19 02:20:00,0.0755,0.0757,0.0754,0.0756,49861.7
2026-08-19 02:25:00,0.0755,0.0757,0.0755,0.0756,35854.5
2026-08-19 02:30:00,0.0756,0.0757,0.0756,0.0757,61018.2
2026-08-19 02:35:00,0.0757,0.0758,0.0757,0.0758,3690.1
2026-08-19 02:40:00,0.0758,0.0758,0.0755,0.0756,129948.3
2026-08-19 02:45:00,0.0756,0.0756,0.0756,0.0756,2049.1
2026-08-19 02:50:00,0.0755,0.0756,0.0754,0.0754,48454.4
2026-08-19 02:55:00,0.0754,0.0756,0.0754,0.0756,24976.8
2026-08-19 03:00:00,0.0755,0.0755,0.0755,0.0755,6548.7
2026-08-19 03:05:00,0.0755,0.0755,0.0754,0.0754,4531.2
2026-08-19 03:10:00,0.0755,0.0756,0.0755,0.0756,50737.8
2026-08-19 03:15:00,0.0757,0.0758,0.0757,0.0758,30270.2
2026-08-19 03:20:00,0.0758,0.0759,0.0757,0.0757,6863.7
2026-08-19 03:25:00,0.0757,0.0758,0.0757,0.0757,4751.0
2026-08-19 03:30:00,0.0757,0.0757,0.0757,0.0757,0.0
2026-08-19 03:35:00,0.0758,0.0759,0.0757,0.0758,11959.1
2026-08-19 03:40:00,0.0759,0.0759,0.0758,0.0758,2487.0
2026-08-19 03:45:00,0.0758,0.0758,0.0758,0.0758,17220.6
2026-08-19 03:50:00,0.0758,0.0759,0.0757,0.0757,123496.7
2026-08-19 03:55:00,0.0757,0.0758,0.0757,0.0758,20525.3
2026-08-19 04:00:00,0.0758,0.0758,0.0757,0.0757,43342.5
2026-08-19 04:05:00,0.0756,0.0757,0.0755,0.0755,16511.2
2026-08-19 04:10:00,0.0756,0.0757,0.0756,0.0756,95421.4
2026-08-19 04:15:00,0.0755,0.0757,0.0755,0.0755,65952.5
2026-08-19 04:20:00,0.0755,0.0755,0.0755,0.0755,131946.6
2026-08-19 04:25:00,0.0755,0.0756,0.0755,0.0755,126930.8
2026-08-19 04:30:00,0.0755,0.0755,0.0754,0.0755,11218.0
2026-08-19 04:35:00,0.0755,0.0755,0.0755,0.0755,20102.7
2026-08-19 04:40:00,0.0756,0.0757,0.0756,0.0757,36867.4
2026-08-19 04:45:00,0.0756,0.0757,0.0756,0.0756,9465.6
2026-08-19 04:50:00,0.0756,0.0758,0.0755,0.0757,124452.6
2026-08-19 04:55:00,0.0757,0.076,0.0755,0.0757,1329972.1
2026-08-19 05:00:00,0.0758,0.076,0.0757,0.076,166399.2
2026-08-19 05:05:00,0.076,0.0761,0.0759,0.076,200121.8
2026-08-19 05:10:00,0.0761,0.0765,0.076,0.0762,308240.9
2026-08-19 05:15:00,0.0762,0.0763,0.0762,0.0762,42568.1
2026-08-19 05:20:00,0.0761,0.0762,0.0759,0.076,258719.7
2026-08-19 05:25:00,0.076,0.0761,0.076,0.0761,4928.1
2026-08-19 05:30:00,0.0761,0.0762,0.076,0.0761,59804.2
2026-08-19 05:35:00,0.0761,0.0761,0.076,0.076,66044.7
2026-08-19 05:40:00,0.0761,0.0761,0.0759,0.0759,34984.7
2026-08-19 05:45:00,0.076,0.076,0.0759,0.076,77370.4
2026-08-19 05:50:00,0.076,0.0761,0.0757,0.0757,318645.5
2026-08-19 05:55:00,0.0758,0.0758,0.0756,0.0756,84271.9
2026-08-19 06:00:00,0.0755,0.0756,0.0754,0.0754,71450.0
2026-08-19 06:05:00,0.0754,0.0755,0.0754,0.0754,29256.9
2026-08-19 06:10:00,0.0754,0.0755,0.0754,0.0754,217024.3
2026-08-19 06:15:00,0.0754,0.0756,0.0754,0.0756,539492.1
2026-08-19 06:20:00,0.0756,0.0757,0.0756,0.0757,20993.4
2026-08-19 06:25:00,0.0756,0.0757,0.0755,0.0756,285601.5
2026-08-19 06:30:00,0.0756,0.0756,0.0755,0.0755,25423.0
2026-08-19 06:35:00,0.0755,0.0756,0.0754,0.0756,79181.2
2026-08-19 06:40:00,0.0757,0.0757,0.0757,0.0757,2044.6
2026-08-19 06:45:00,0.0756,0.0757,0.0756,0.0756,29814.3
2026-08-19 06:50:00,0.0756,0.0757,0.0755,0.0757,94838.7
2026-08-19 06:55:00,0.0758,0.0763,0.0758,0.0763,709988.9
2026-08-19 07:00:00,0.0764,0.0765,0.0763,0.0765,159689.6
2026-08-19 07:05:00,0.0765,0.0766,0.0763,0.0764,177614.5
2026-08-19 07:10:00,0.0763,0.0763,0.0761,0.0762,68908.2
2026-08-19 07:15:00,0.0762,0.0762,0.0761,0.0762,30754.0
2026-08-19 07:20:00,0.0762,0.0765,0.0762,0.0764,638455.5
2026-08-19 07:25:00,0.0764,0.0764,0.0762,0.0762,25059.5
2026-08-19 07:30:00,0.0762,0.0762,0.0761,0.0762,136979.1
2026-08-19 07:35:00,0.0762,0.0762,0.0761,0.0762,46706.2
2026-08-19 07:40:00,0.0762,0.0772,0.0762,0.0766,2869412.5
2026-08-19 07:45:00,0.0767,0.0769,0.0767,0.0769,568751.2
2026-08-19 07:50:00,0.0769,0.0771,0.0768,0.0768,345754.5
2026-08-19 07:55:00,0.0768,0.0768,0.0767,0.0767,42322.3
2026-08-19 08:00:00,0.0768,0.0769,0.0766,0.0766,160703.8
2026-08-19 08:05:00,0.0766,0.0767,0.0766,0.0767,269175.8
2026-08-19 08:10:00,0.0767,0.0768,0.0766,0.0767,10238.8
2026-08-19 08:15:00,0.0768,0.0772,0.0768,0.077,684373.1
2026-08-19 08:20:00,0.077,0.0771,0.0769,0.077,89070.0
2026-08-19 08:25:00,0.077,0.0771,0.077,0.0771,226099.6
2026-08-19 08:30:00,0.077,0.0773,0.0769,0.0772,595173.2
2026-08-19 08:35:00,0.0772,0.0772,0.0771,0.0772,170897.5
2026-08-19 08:40:00,0.0771,0.0773,0.0771,0.0772,243651.8
2026-08-19 08:45:00,0.0773,0.0777,0.0773,0.0775,422986.0
2026-08-19 08:50:00,0.0776,0.0776,0.0772,0.0773,480414.6
2026-08-19 08:55:00,0.0772,0.0775,0.0772,0.0773,498885.6
2026-08-19 09:00:00,0.0773,0.0776,0.0773,0.0774,639207.3
2026-08-19 09:05:00,0.0774,0.0775,0.0773,0.0773,124423.7
2026-08-19 09:10:00,0.0774,0.0774,0.0773,0.0774,133372.7
2026-08-19 09:15:00,0.0773,0.0775,0.0773,0.0774,327426.5
2026-08-19 09:20:00,0.0774,0.0774,0.0773,0.0774,217470.9
2026-08-19 09:25:00,0.0774,0.0774,0.0772,0.0772,145597.1
2026-08-19 09:30:00,0.0772,0.0772,0.0768,0.0769,327858.8
2026-08-19 09:35:00,0.077,0.077,0.0769,0.0769,289157.4
2026-08-19 09:40:00,0.077,0.0771,0.077,0.077,80631.3
2026-08-19 09:45:00,0.077,0.0771,0.0769,0.0769,129509.5
2026-08-19 09:50:00,0.0769,0.0771,0.0769,0.0771,126238.9
2026-08-19 09:55:00,0.0771,0.0771,0.077,0.077,85940.5
2026-08-19 10:00:00,0.077,0.0771,0.077,0.0771,91328.0
2026-08-19 10:05:00,0.0771,0.0771,0.077,0.0771,126600.2
2026-08-19 10:10:00,0.077,0.0771,0.077,0.0771,155360.2
2026-08-19 10:15:00,0.0771,0.0772,0.077,0.0771,93290.2
2026-08-19 10:20:00,0.0772,0.0772,0.0771,0.0771,103301.8
2026-08-19 10:25:00,0.0771,0.0772,0.0769,0.077,86455.1
2026-08-19 10:30:00,0.0769,0.0771,0.0769,0.0771,64713.0
2026-08-19 10:35:00,0.0771,0.0771,0.077,0.0771,129617.5
2026-08-19 10:40:00,0.077,0.0771,0.077,0.0771,47427.1
2026-08-19 10:45:00,0.0771,0.0772,0.077,0.0771,20372.1
2026-08-19 10:50:00,0.0772,0.0773,0.0772,0.0772,47983.9
2026-08-19 10:55:00,0.0773,0.0774,0.0772,0.0772,113336.3
2026-08-19 11:00:00,0.0772,0.0772,0.0769,0.0771,136597.2
2026-08-19 11:05:00,0.0771,0.0772,0.0771,0.0772,115291.4
2026-08-19 11:10:00,0.0772,0.0773,0.0771,0.0772,83466.8
2026-08-19 11:15:00,0.0771,0.0771,0.077,0.0771,36367.7
2026-08-19 11:20:00,0.0771,0.0772,0.077,0.0772,68779.8
2026-08-19 11:25:00,0.0772,0.0773,0.0771,0.0772,165062.0
2026-08-19 11:30:00,0.0771,0.0772,0.0771,0.0771,21112.7
2026-08-19 11:35:00,0.0771,0.0771,0.077,0.0771,16809.3
2026-08-19 11:40:00,0.0771,0.0771,0.077,0.077,8437.4
2026-08-19 11:45:00,0.077,0.077,0.0768,0.0769,232252.4
2026-08-19 11:50:00,0.0769,0.077,0.0769,0.0769,111307.7
2026-08-19 11:55:00,0.0769,0.077,0.0769,0.077,260405.2
2026-08-19 12:00:00,0.077,0.0771,0.0769,0.077,132873.6
2026-08-19 12:05:00,0.077,0.077,0.077,0.077,31340.9
2026-08-19 12:10:00,0.0771,0.0772,0.0771,0.0772,36044.7
2026-08-19 12:15:00,0.0771,0.0773,0.0771,0.0773,79522.4
2026-08-19 12:20:00,0.0772,0.0773,0.0772,0.0773,86278.3
2026-08-19 12:25:00,0.0773,0.0774,0.0773,0.0773,34689.9
2026-08-19 12:30:00,0.0773,0.0775,0.0772,0.0774,127018.9
2026-08-19 12:35:00,0.0774,0.0775,0.0774,0.0775,49078.0
2026-08-19 12:40:00,0.0775,0.0775,0.0773,0.0775,309950.5
2026-08-19 12:45:00,0.0776,0.0776,0.0775,0.0776,178258.4
2026-08-19 12:50:00,0.0775,0.0776,0.0773,0.0774,94699.8
2026-08-19 12:55:00,0.0774,0.0775,0.0773,0.0774,76022.1
2026-08-19 13:00:00,0.0774,0.0774,0.0773,0.0773,74881.9
2026-08-19 13:05:00,0.0773,0.0774,0.0773,0.0773,30711.9
2026-08-19 13:10:00,0.0774,0.0776,0.0773,0.0775,89356.9
2026-08-19 13:15:00,0.0776,0.0778,0.0775,0.0776,109380.7
2026-08-19 13:20:00,0.0776,0.0776,0.0771,0.0772,594341.0
2026-08-19 13:25:00,0.0772,0.0773,0.077,0.0772,441711.6
2026-08-19 13:30:00,0.0772,0.0774,0.0771,0.0772,132518.1
2026-08-19 13:35:00,0.0772,0.0773,0.077,0.077,164000.6
2026-08-19 13:40:00,0.077,0.0772,0.077,0.0771,109444.2
2026-08-19 13:45:00,0.0771,0.0772,0.0771,0.0772,186379.9
2026-08-19 13:50:00,0.0771,0.0772,0.077,0.077,224347.6
2026-08-19 13:55:00,0.0771,0.0773,0.0771,0.0773,181836.7
2026-08-19 14:00:00,0.0772,0.0774,0.0772,0.0774,182376.4
2026-08-19 14:05:00,0.0775,0.0776,0.0774,0.0775,369503.0
2026-08-19 14:10:00,0.0776,0.0776,0.0775,0.0776,90726.9
2026-08-19 14:15:00,0.0776,0.0777,0.0776,0.0777,174864.9
2026-08-19 14:20:00,0.0777,0.0777,0.0775,0.0776,79644.5
2026-08-19 14:25:00,0.0775,0.0777,0.0775,0.0776,22556.2
2026-08-19 14:30:00,0.0775,0.0776,0.0775,0.0776,70941.1
2026-08-19 14:35:00,0.0775,0.0778,0.0775,0.0777,71275.3
2026-08-19 14:40:00,0.0777,0.0779,0.0777,0.0778,74559.4
2026-08-19 14:45:00,0.0779,0.078,0.0778,0.078,237598.9
2026-08-19 14:50:00,0.078,0.0782,0.0779,0.0782,460797.4
2026-08-19 14:55:00,0.0782,0.0785,0.0781,0.0781,1092880.7
2026-08-19 15:00:00,0.0782,0.0782,0.078,0.0782,383658.6
2026-08-19 15:05:00,0.0782,0.0789,0.0782,0.0787,599293.8
2026-08-19 15:10:00,0.0788,0.0788,0.0785,0.0785,457931.4
2026-08-19 15:15:00,0.0785,0.0787,0.0783,0.0783,228195.7
2026-08-19 15:20:00,0.0784,0.0788,0.0783,0.0787,233549.7
2026-08-19 15:25:00,0.0787,0.0805,0.0786,0.0804,4157174.6
2026-08-19 15:30:00,0.0805,0.0806,0.0799,0.0803,1666158.3
2026-08-19 15:35:00,0.0802,0.0807,0.0801,0.0806,718993.6
2026-08-19 15:40:00,0.0806,0.0807,0.0801,0.0801,1014485.0
2026-08-19 15:45:00,0.0802,0.0802,0.0798,0.0799,408549.9
2026-08-19 15:50:00,0.0799,0.08,0.0793,0.0795,739104.2
2026-08-19 15:55:00,0.0794,0.0798,0.0794,0.0797,274756.8
2026-08-19 16:00:00,0.0798,0.0805,0.0798,0.0805,403597.3
2026-08-19 16:05:00,0.0804,0.0806,0.0802,0.0803,366840.4
2026-08-19 16:10:00,0.0804,0.0809,0.0802,0.0807,662399.6
2026-08-19 16:15:00,0.0808,0.0809,0.0806,0.0807,261215.1
2026-08-19 16:20:00,0.0807,0.0812,0.0806,0.081,934104.5
2026-08-19 16:25:00,0.0811,0.0811,0.0808,0.0809,174251.3
2026-08-19 16:30:00,0.0808,0.0811,0.0807,0.0808,201631.8
2026-08-19 16:35:00,0.0808,0.0809,0.0805,0.0808,531130.9
2026-08-19 16:40:00,0.0809,0.0812,0.0807,0.0809,987245.2
2026-08-19 16:45:00,0.0808,0.081,0.0808,0.081,631546.2
2026-08-19 16:50:00,0.0809,0.0811,0.0808,0.081,424217.6
2026-08-19 16:55:00,0.0811,0.0812,0.0809,0.0809,178942.7
2026-08-19 17:00:00,0.0809,0.0809,0.0804,0.0806,667613.9
2026-08-19 17:05:00,0.0806,0.0806,0.0804,0.0805,128657.6
2026-08-19 17:10:00,0.0805,0.0806,0.0802,0.0802,1022117.4
2026-08-19 17:15:00,0.0803,0.0803,0.0798,0.0799,204497.5
2026-08-19 17:20:00,0.0799,0.0801,0.0798,0.0798,425397.1
2026-08-19 17:25:00,0.0798,0.0801,0.0798,0.0799,449039.7
2026-08-19 17:30:00,0.0799,0.0799,0.0797,0.0799,79864.0
2026-08-19 17:35:00,0.0799,0.0801,0.0798,0.0801,159646.3
2026-08-19 17:40:00,0.08,0.0801,0.08,0.0801,164457.5
2026-08-19 17:45:00,0.0802,0.0804,0.0802,0.0804,467240.1
2026-08-19 17:50:00,0.0804,0.0804,0.0802,0.0803,147829.3
2026-08-19 17:55:00,0.0803,0.0804,0.0802,0.0803,288164.1
2026-08-19 18:00:00,0.0804,0.0806,0.0804,0.0805,187126.1
2026-08-19 18:05:00,0.0804,0.0804,0.0802,0.0803,183325.4
2026-08-19 18:10:00,0.0802,0.0803,0.0801,0.0803,110812.3
2026-08-19 18:15:00,0.0804,0.0805,0.0804,0.0804,22043.1
2026-08-19 18:20:00,0.0804,0.0804,0.0802,0.0803,52100.2
2026-08-19 18:25:00,0.0802,0.0804,0.0802,0.0803,170035.1
2026-08-19 18:30:00,0.0803,0.0803,0.0801,0.0802,68124.7
2026-08-19 18:35:00,0.0802,0.0802,0.0801,0.0802,14492.3
2026-08-19 18:40:00,0.0802,0.0803,0.0802,0.0803,18202.1
2026-08-19 18:45:00,0.0804,0.0805,0.0803,0.0803,96957.9
2026-08-19 18:50:00,0.0804,0.0804,0.0803,0.0804,3834.3
2026-08-19 18:55:00,0.0804,0.0805,0.0803,0.0804,106533.6
2026-08-19 19:00:00,0.0804,0.0807,0.0804,0.0804,397287.7
2026-08-19 19:05:00,0.0805,0.0806,0.0805,0.0805,33511.5
2026-08-19 19:10:00,0.0805,0.081,0.0804,0.0807,392280.7
2026-08-19 19:15:00,0.0807,0.0812,0.0807,0.0811,177949.9
2026-08-19 19:20:00,0.0811,0.0827,0.081,0.0827,2854191.7
2026-08-19 19:25:00,0.0826,0.0829,0.0824,0.0828,6866075.4
2026-08-19 19:30:00,0.0828,0.0835,0.0822,0.0831,7742691.4
2026-08-19 19:35:00,0.0831,0.0831,0.0822,0.0827,2364270.4
2026-08-19 19:40:00,0.0827,0.0831,0.0827,0.083,670836.0
2026-08-19 19:45:00,0.0831,0.0835,0.0829,0.0832,483585.8
2026-08-19 19:50:00,0.0832,0.0835,0.0829,0.0835,1113932.3
2026-08-19 19:55:00,0.0835,0.0836,0.0833,0.0834,299548.5
2026-08-19 20:00:00,0.0835,0.084,0.083,0.0831,8670300.6
2026-08-19 20:05:00,0.0831,0.0835,0.083,0.0834,357229.0
2026-08-19 20:10:00,0.0834,0.0836,0.0831,0.0835,464402.1
2026-08-19 20:15:00,0.0835,0.0835,0.0831,0.0833,390192.6
2026-08-19 20:20:00,0.0832,0.0835,0.0832,0.0834,163647.3
2026-08-19 20:25:00,0.0834,0.0835,0.0833,0.0835,295555.0
2026-08-19 20:30:00,0.0835,0.0835,0.0833,0.0835,229256.4
2026-08-19 20:35:00,0.0835,0.0837,0.0834,0.0836,295563.6
2026-08-19 20:40:00,0.0835,0.0835,0.0831,0.0831,229206.6
2026-08-19 20:45:00,0.0831,0.0832,0.083,0.0832,190795.1
2026-08-19 20:50:00,0.0833,0.0852,0.0833,0.085,2769978.1
2026-08-19 20:55:00,0.0851,0.0851,0.0846,0.0847,673718.5
2026-08-19 21:00:00,0.0847,0.0858,0.0843,0.0857,2421702.6
2026-08-19 21:05:00,0.0858,0.0873,0.0854,0.0871,4985749.0
2026-08-19 21:10:00,0.0871,0.0878,0.087,0.0875,2919784.0
2026-08-19 21:15:00,0.0874,0.0875,0.0869,0.0871,1692381.3
2026-08-19 21:20:00,0.0872,0.0881,0.0871,0.0881,1154773.4
2026-08-19 21:25:00,0.088,0.0883,0.0878,0.0882,777935.0
2026-08-19 21:30:00,0.0882,0.0886,0.088,0.0881,1299902.5
2026-08-19 21:35:00,0.088,0.0881,0.0874,0.0874,456016.3
2026-08-19 21:40:00,0.0874,0.0876,0.0871,0.0876,242945.7
2026-08-19 21:45:00,0.0877,0.0884,0.0876,0.0884,756921.2
2026-08-19 21:50:00,0.0883,0.0884,0.0881,0.0881,254476.9
2026-08-19 21:55:00,0.0882,0.0893,0.0882,0.0891,6541654.1
2026-08-19 22:00:00,0.0891,0.0897,0.0886,0.0887,1768053.1
2026-08-19 22:05:00,0.0888,0.0888,0.0884,0.0885,291739.0
2026-08-19 22:10:00,0.0885,0.0888,0.0882,0.0885,517656.7
2026-08-19 22:15:00,0.0885,0.0897,0.0885,0.0893,695934.7
2026-08-19 22:20:00,0.0893,0.09,0.0893,0.0894,2286272.2
2026-08-19 22:25:00,0.0894,0.0899,0.089,0.0898,1746310.9
2026-08-19 22:30:00,0.0898,0.09,0.089,0.0893,710280.5
2026-08-19 22:35:00,0.0894,0.09,0.0889,0.0898,1681874.1
2026-08-19 22:40:00,0.0897,0.0902,0.0895,0.0897,666960.4
2026-08-19 22:45:00,0.0897,0.0903,0.089,0.0891,1197052.8
2026-08-19 22:50:00,0.0892,0.0898,0.0891,0.0898,599213.1
2026-08-19 22:55:00,0.0898,0.0898,0.0894,0.0895,698513.9
2026-08-19 23:00:00,0.0895,0.0902,0.0895,0.0901,578274.7
2026-08-19 23:05:00,0.0902,0.0903,0.0896,0.0898,873538.4
2026-08-19 23:10:00,0.0899,0.0903,0.0897,0.0903,585295.6
2026-08-19 23:15:00,0.0904,0.0904,0.0896,0.0897,441650.0
2026-08-19 23:20:00,0.0897,0.0897,0.0892,0.0897,735646.5
2026-08-19 23:25:00,0.0897,0.0904,0.0897,0.0904,814812.8
2026-08-19 23:30:00,0.0903,0.0905,0.0899,0.09,474391.7
2026-08-19 23:35:00,0.09,0.0906,0.09,0.0902,526652.4
2026-08-19 23:40:00,0.0902,0.0904,0.0898,0.0899,552868.9
2026-08-19 23:45:00,0.0898,0.0904,0.0896,0.0902,1738466.3
2026-08-19 23:50:00,0.0901,0.0902,0.0894,0.0897,1075297.4
2026-08-19 23:55:00,0.0897,0.0898,0.0893,0.0895,515867.6
2026-08-20 00:00:00,0.0895,0.09,0.0894,0.0899,1294238.4
2026-08-20 00:05:00,0.0899,0.0899,0.0888,0.0889,1920337.4
2026-08-20 00:10:00,0.089,0.089,0.0875,0.088,8767138.7
2026-08-20 00:15:00,0.0879,0.0886,0.0878,0.0886,808745.2
2026-08-20 00:20:00,0.0885,0.089,0.0884,0.0889,592801.5
2026-08-20 00:25:00,0.0888,0.0893,0.0888,0.0891,905132.0
2026-08-20 00:30:00,0.0891,0.0896,0.0891,0.0894,682438.4
2026-08-20 00:35:00,0.0893,0.0894,0.0891,0.0894,339641.5
2026-08-20 00:40:00,0.0894,0.0894,0.0888,0.0888,407410.4
2026-08-20 00:45:00,0.0888,0.0895,0.0888,0.0894,867636.8
2026-08-20 00:50:00,0.0894,0.0894,0.0888,0.0888,1563661.6
2026-08-20 00:55:00,0.0888,0.0888,0.0885,0.0886,473174.8
2026-08-20 01:00:00,0.0887,0.0891,0.0884,0.0886,753789.6
2026-08-20 01:05:00,0.0886,0.0886,0.0882,0.0883,236108.2
2026-08-20 01:10:00,0.0883,0.0883,0.0876,0.0879,987556.1
2026-08-20 01:15:00,0.088,0.088,0.0876,0.0877,202392.8
2026-08-20 01:20:00,0.0877,0.0877,0.0874,0.0874,499496.3
2026-08-20 01:25:00,0.0874,0.0876,0.0872,0.0875,484864.6
2026-08-20 01:30:00,0.0874,0.0876,0.0873,0.0874,493886.1
2026-08-20 01:35:00,0.0874,0.0878,0.0871,0.0877,1871076.2
2026-08-20 01:40:00,0.0877,0.0878,0.0872,0.0875,312041.7
2026-08-20 01:45:00,0.0876,0.0878,0.0875,0.0876,126771.7
2026-08-20 01:50:00,0.0876,0.088,0.0875,0.0879,1337910.7
2026-08-20 01:55:00,0.0879,0.0881,0.0879,0.0881,198537.7
2026-08-20 02:00:00,0.0881,0.0881,0.0877,0.0878,212270.2
2026-08-20 02:05:00,0.0879,0.0879,0.0875,0.0879,279126.6
2026-08-20 02:10:00,0.0878,0.0881,0.0877,0.088,577653.5
2026-08-20 02:15:00,0.0879,0.0882,0.0878,0.088,262038.5
2026-08-20 02:20:00,0.088,0.0881,0.0877,0.0878,250303.8
2026-08-20 02:25:00,0.0878,0.0879,0.0875,0.0875,161709.4
2026-08-20 02:30:00,0.0875,0.0877,0.0875,0.0877,167598.9
2026-08-20 02:35:00,0.0877,0.0877,0.0875,0.0876,289624.0
2026-08-20 02:40:00,0.0875,0.0878,0.0875,0.0877,324151.5
2026-08-20 02:45:00,0.0877,0.0877,0.0876,0.0876,101714.6
2026-08-20 02:50:00,0.0876,0.0886,0.0875,0.0882,1491077.6
2026-08-20 02:55:00,0.0882,0.0885,0.0881,0.0881,382683.8
2026-08-20 03:00:00,0.0881,0.0881,0.0876,0.0878,306188.5
2026-08-20 03:05:00,0.0878,0.0878,0.0873,0.0874,157366.8
2026-08-20 03:10:00,0.0873,0.0874,0.0869,0.0873,394198.9
2026-08-20 03:15:00,0.0874,0.0879,0.0874,0.0875,121415.3
2026-08-20 03:20:00,0.0876,0.0876,0.0871,0.0872,634964.3
2026-08-20 03:25:00,0.0873,0.0874,0.0871,0.0873,207739.9
2026-08-20 03:30:00,0.0873,0.0875,0.0873,0.0873,187694.6
2026-08-20 03:35:00,0.0874,0.0876,0.0874,0.0875,145940.8
2026-08-20 03:40:00,0.0875,0.0877,0.0875,0.0876,158992.0
2026-08-20 03:45:00,0.0876,0.0878,0.0876,0.0877,50129.4
2026-08-20 03:50:00,0.0877,0.0878,0.0875,0.0875,81791.2
2026-08-20 03:55:00,0.0875,0.0875,0.0874,0.0874,50719.9
2026-08-20 04:00:00,0.0874,0.0876,0.0872,0.0875,351161.1
2026-08-20 04:05:00,0.0875,0.0879,0.0874,0.0878,270451.9
2026-08-20 04:10:00,0.0879,0.0879,0.0878,0.0878,232972.7
2026-08-20 04:15:00,0.0879,0.088,0.0878,0.0879,336360.8
2026-08-20 04:20:00,0.0878,0.0879,0.0877,0.0878,27325.0
2026-08-20 04:25:00,0.0878,0.088,0.0877,0.0877,441767.1
2026-08-20 04:30:00,0.0876,0.0876,0.0873,0.0873,271419.7
2026-08-20 04:35:00,0.0874,0.0874,0.0873,0.0873,15876.2
2026-08-20 04:40:00,0.0873,0.0875,0.0872,0.0874,172506.9
2026-08-20 04:45:00,0.0875,0.0876,0.0874,0.0875,120954.1
2026-08-20 04:50:00,0.0876,0.0879,0.0876,0.0879,173611.9
2026-08-20 04:55:00,0.0878,0.0879,0.0878,0.0878,38066.1
2026-08-20 05:00:00,0.0878,0.0878,0.0876,0.0876,205169.7
2026-08-20 05:05:00,0.0876,0.0878,0.0876,0.0877,197456.3
2026-08-20 05:10:00,0.0878,0.0878,0.0875,0.0875,278173.2
2026-08-20 05:15:00,0.0875,0.0877,0.0875,0.0876,289106.2
2026-08-20 05:20:00,0.0875,0.0876,0.0874,0.0875,73107.1
2026-08-20 05:25:00,0.0875,0.0876,0.0874,0.0874,24510.3
2026-08-20 05:30:00,0.0873,0.0875,0.0873,0.0874,261480.3
2026-08-20 05:35:00,0.0873,0.0874,0.0873,0.0873,103063.3
2026-08-20 05:40:00,0.0873,0.0874,0.0873,0.0874,40688.5
2026-08-20 05:45:00,0.0873,0.0874,0.087,0.0872,587992.9
2026-08-20 05:50:00,0.0872,0.0873,0.0871,0.0872,163752.2
2026-08-20 05:55:00,0.0872,0.0875,0.0871,0.0874,144301.0
2026-08-20 06:00:00,0.0873,0.0874,0.0869,0.087,186695.4
2026-08-20 06:05:00,0.087,0.0873,0.087,0.0872,318773.5
2026-08-20 06:10:00,0.0871,0.0871,0.087,0.0871,124552.2
2026-08-20 06:15:00,0.087,0.0873,0.0869,0.0873,358626.2
2026-08-20 06:20:00,0.0872,0.0876,0.0872,0.0876,223454.9
2026-08-20 06:25:00,0.0876,0.0877,0.0875,0.0877,392765.2
2026-08-20 06:30:00,0.0878,0.0883,0.0876,0.0881,1182564.6
2026-08-20 06:35:00,0.0882,0.0883,0.0879,0.088,734965.1
2026-08-20 06:40:00,0.0881,0.0884,0.0881,0.0883,155442.8
2026-08-20 06:45:00,0.0883,0.0886,0.0883,0.0886,93259.6
2026-08-20 06:50:00,0.0886,0.0892,0.0886,0.0892,481623.5
2026-08-20 06:55:00,0.0892,0.0893,0.0888,0.089,293128.3
2026-08-20 07:00:00,0.0889,0.0891,0.0887,0.0888,316042.6
2026-08-20 07:05:00,0.0888,0.0894,0.0887,0.0894,330093.7
2026-08-20 07:10:00,0.0894,0.0896,0.0892,0.0892,264243.7
2026-08-20 07:15:00,0.0892,0.0893,0.0888,0.0889,205594.7
2026-08-20 07:20:00,0.0888,0.0891,0.0885,0.0885,335754.5
2026-08-20 07:25:00,0.0885,0.0888,0.0885,0.0886,262052.1
2026-08-20 07:30:00,0.0886,0.0886,0.0883,0.0885,244210.4
2026-08-20 07:35:00,0.0885,0.0889,0.0885,0.0888,128799.7
2026-08-20 07:40:00,0.0888,0.0892,0.0888,0.0889,562306.9
2026-08-20 07:45:00,0.089,0.0895,0.0889,0.0895,987856.5
2026-08-20 07:50:00,0.0894,0.0895,0.0891,0.0893,1622038.4
2026-08-20 07:55:00,0.0893,0.0894,0.0889,0.0891,309023.4
2026-08-20 08:00:00,0.089,0.0891,0.0888,0.089,431408.5
2026-08-20 08:05:00,0.0889,0.0895,0.0889,0.0895,524669.2
2026-08-20 08:10:00,0.0895,0.0907,0.0894,0.0905,1157096.3
2026-08-20 08:15:00,0.0905,0.0905,0.0899,0.09,430719.8
2026-08-20 08:20:00,0.09,0.09,0.0896,0.0897,1167642.8
2026-08-20 08:25:00,0.0896,0.0899,0.0895,0.0899,321593.0
2026-08-20 08:30:00,0.0899,0.0901,0.0898,0.0899,354950.4
2026-08-20 08:35:00,0.0899,0.0901,0.0897,0.09,483885.3
2026-08-20 08:40:00,0.0899,0.0901,0.0899,0.0899,295592.8
2026-08-20 08:45:00,0.0899,0.0902,0.0898,0.09,320939.1
2026-08-20 08:50:00,0.09,0.09,0.0899,0.0899,81973.3
2026-08-20 08:55:00,0.09,0.0901,0.0897,0.0898,593613.9
2026-08-20 09:00:00,0.0898,0.0899,0.0897,0.0897,144452.4
2026-08-20 09:05:00,0.0897,0.0901,0.0895,0.0897,679418.6
2026-08-20 09:10:00,0.0897,0.0898,0.0895,0.0895,307175.1
2026-08-20 09:15:00,0.0897,0.0897,0.0893,0.0895,327425.3
2026-08-20 09:20:00,0.0894,0.0896,0.0894,0.0896,356533.0
2026-08-20 09:25:00,0.0895,0.0895,0.0893,0.0893,78967.3
2026-08-20 09:30:00,0.0892,0.0895,0.0891,0.0891,161225.7
2026-08-20 09:35:00,0.0892,0.0893,0.089,0.0891,410522.8
2026-08-20 09:40:00,0.0891,0.0893,0.0888,0.089,919222.7
2026-08-20 09:45:00,0.089,0.0893,0.089,0.0892,227539.2
2026-08-20 09:50:00,0.0892,0.0898,0.0891,0.0892,1503843.8
2026-08-20 09:55:00,0.0892,0.0892,0.089,0.0892,174200.8
2026-08-20 10:00:00,0.0892,0.0893,0.0879,0.088,4706593.6
2026-08-20 10:05:00,0.088,0.0885,0.0879,0.0879,10046026.8
2026-08-20 10:10:00,0.088,0.0892,0.0878,0.0887,4424048.4
2026-08-20 10:15:00,0.0887,0.0889,0.0885,0.0886,336081.1
2026-08-20 10:20:00,0.0886,0.0888,0.0884,0.0888,489315.1
2026-08-20 10:25:00,0.0888,0.0889,0.0886,0.0888,292452.8
2026-08-20 10:30:00,0.0888,0.0892,0.0887,0.089,711394.7
2026-08-20 10:35:00,0.089,0.089,0.0888,0.0888,160227.2
2026-08-20 10:40:00,0.0889,0.089,0.0888,0.0888,63026.8
2026-08-20 10:45:00,0.0888,0.0889,0.0886,0.0887,250569.7
2026-08-20 10:50:00,0.0887,0.0889,0.0887,0.0888,54067.4
2026-08-20 10:55:00,0.0888,0.0888,0.0885,0.0886,147769.5
2026-08-20 11:00:00,0.0887,0.0889,0.0886,0.0888,235922.2
2026-08-20 11:05:00,0.0888,0.0888,0.0886,0.0887,159389.3
2026-08-20 11:10:00,0.0886,0.0887,0.0886,0.0887,16002.1
2026-08-20 11:15:00,0.0887,0.089,0.0887,0.0889,664818.0
2026-08-20 11:20:00,0.0889,0.0891,0.0888,0.089,130950.4
2026-08-20 11:25:00,0.089,0.0892,0.089,0.0892,139280.3
2026-08-20 11:30:00,0.0892,0.09,0.0891,0.0895,860554.0
2026-08-20 11:35:00,0.0894,0.0895,0.0889,0.0895,9529951.4
2026-08-20 11:40:00,0.0895,0.0895,0.0892,0.0892,565779.9
2026-08-20 11:45:00,0.0891,0.0894,0.0891,0.0892,101492.1
2026-08-20 11:50:00,0.0892,0.0892,0.0889,0.0889,204331.3
2026-08-20 11:55:00,0.0889,0.0889,0.0885,0.0886,463240.5
2026-08-20 12:00:00,0.0886,0.0887,0.0881,0.0881,403747.9
2026-08-20 12:05:00,0.0882,0.0883,0.0876,0.0878,389291.7
2026-08-20 12:10:00,0.0878,0.088,0.0878,0.0879,130406.7
2026-08-20 12:15:00,0.0878,0.088,0.0876,0.0877,391330.0
2026-08-20 12:20:00,0.0877,0.088,0.0877,0.088,71947.2
2026-08-20 12:25:00,0.088,0.088,0.0876,0.0877,248245.4
2026-08-20 12:30:00,0.0877,0.0879,0.0874,0.0877,430180.5
2026-08-20 12:35:00,0.0876,0.0877,0.0874,0.0875,847082.3
2026-08-20 12:40:00,0.0876,0.0878,0.0875,0.0875,302483.6
2026-08-20 12:45:00,0.0876,0.0876,0.0874,0.0875,517210.9
2026-08-20 12:50:00,0.0876,0.0882,0.0876,0.0882,164292.2
2026-08-20 12:55:00,0.0882,0.0883,0.088,0.088,157493.9
2026-08-20 13:00:00,0.0881,0.0882,0.088,0.088,52422.7
2026-08-20 13:05:00,0.0881,0.0882,0.088,0.088,225908.7
2026-08-20 13:10:00,0.088,0.088,0.0878,0.0879,331964.4
2026-08-20 13:15:00,0.0879,0.088,0.0878,0.0879,305733.9
2026-08-20 13:20:00,0.088,0.0881,0.088,0.088,59339.0
2026-08-20 13:25:00,0.088,0.0882,0.0879,0.0881,124085.9
2026-08-20 13:30:00,0.0881,0.0881,0.0876,0.0878,243656.7
2026-08-20 13:35:00,0.0878,0.088,0.0874,0.0876,676302.9
2026-08-20 13:40:00,0.0876,0.088,0.0875,0.088,156842.3
2026-08-20 13:45:00,0.0881,0.0882,0.0879,0.0881,432037.7
2026-08-20 13:50:00,0.0882,0.0883,0.0879,0.0879,316711.6
2026-08-20 13:55:00,0.088,0.0881,0.0879,0.088,225849.1
2026-08-20 14:00:00,0.088,0.0881,0.0878,0.0879,82813.4
2026-08-20 14:05:00,0.0879,0.0881,0.0879,0.088,54451.4
2026-08-20 14:10:00,0.088,0.0882,0.088,0.088,357819.0
2026-08-20 14:15:00,0.0879,0.0879,0.0876,0.0877,101267.1
2026-08-20 14:20:00,0.0876,0.0878,0.0876,0.0878,68654.6
2026-08-20 14:25:00,0.0877,0.0878,0.0875,0.0875,38457.5
2026-08-20 14:30:00,0.0876,0.0878,0.0876,0.0877,80177.3
2026-08-20 14:35:00,0.0876,0.0877,0.0875,0.0876,104513.9
2026-08-20 14:40:00,0.0876,0.0877,0.0875,0.0876,79093.4
2026-08-20 14:45:00,0.0876,0.0878,0.0875,0.0878,164397.3
2026-08-20 14:50:00,0.0878,0.0881,0.0878,0.0881,410030.3
2026-08-20 14:55:00,0.088,0.0881,0.0879,0.0881,201789.6
2026-08-20 15:00:00,0.0881,0.0892,0.0881,0.089,639632.4
2026-08-20 15:05:00,0.0891,0.0893,0.0887,0.0888,414942.8
2026-08-20 15:10:00,0.0888,0.089,0.0886,0.0889,542227.5
2026-08-20 15:15:00,0.0889,0.0891,0.0888,0.0891,315419.2
2026-08-20 15:20:00,0.089,0.0892,0.0888,0.0889,722410.6
2026-08-20 15:25:00,0.0889,0.0893,0.0889,0.0893,281578.2
2026-08-20 15:30:00,0.0893,0.0895,0.0889,0.089,495619.4
2026-08-20 15:35:00,0.0889,0.089,0.0886,0.0887,585145.7
2026-08-20 15:40:00,0.0888,0.0891,0.0887,0.0891,445327.5
2026-08-20 15:45:00,0.089,0.0894,0.0889,0.0893,249867.4
2026-08-20 15:50:00,0.0893,0.0897,0.0893,0.0896,181924.3
2026-08-20 15:55:00,0.0896,0.0897,0.0895,0.0896,143245.6
2026-08-20 16:00:00,0.0895,0.0896,0.0888,0.0894,1530798.8
2026-08-20 16:05:00,0.0895,0.0898,0.0895,0.0897,186357.1
2026-08-20 16:10:00,0.0897,0.0897,0.0892,0.0892,273318.9
2026-08-20 16:15:00,0.0893,0.0894,0.089,0.0894,141907.4
2026-08-20 16:20:00,0.0893,0.0895,0.0892,0.0894,253416.1
2026-08-20 16:25:00,0.0894,0.0896,0.0894,0.0896,142267.3
2026-08-20 16:30:00,0.0895,0.09,0.0895,0.0898,84543.8
2026-08-20 16:35:00,0.0898,0.0902,0.0897,0.0902,302598.0
2026-08-20 16:40:00,0.0902,0.0903,0.0901,0.0902,492358.0
2026-08-20 16:45:00,0.0903,0.0904,0.0901,0.0901,254174.7
2026-08-20 16:50:00,0.0901,0.0903,0.0901,0.0901,160507.9
2026-08-20 16:55:00,0.0902,0.0905,0.0901,0.0904,351900.7
2026-08-20 17:00:00,0.0904,0.0912,0.09,0.09,2002022.5
2026-08-20 17:05:00,0.0901,0.0904,0.0899,0.0902,631219.5
2026-08-20 17:10:00,0.0902,0.0903,0.09,0.0902,179395.5
2026-08-20 17:15:00,0.0903,0.0903,0.0898,0.0899,210060.7
2026-08-20 17:20:00,0.0899,0.09,0.0897,0.09,364273.1
2026-08-20 17:25:00,0.09,0.0901,0.0899,0.0901,301054.9
2026-08-20 17:30:00,0.09,0.0902,0.0898,0.0898,185810.1
2026-08-20 17:35:00,0.0897,0.0901,0.0897,0.0901,141395.6
2026-08-20 17:40:00,0.0901,0.0901,0.0899,0.09,205064.9
2026-08-20 17:45:00,0.09,0.0901,0.0899,0.09,196563.5
2026-08-20 17:50:00,0.09,0.0903,0.09,0.0902,140794.7
2026-08-20 17:55:00,0.0902,0.0903,0.09,0.09,77213.9
2026-08-20 18:00:00,0.09,0.0901,0.0895,0.0895,471607.0
2026-08-20 18:05:00,0.0896,0.0896,0.0894,0.0896,141095.5
2026-08-20 18:10:00,0.0896,0.0896,0.0892,0.0894,485055.8
2026-08-20 18:15:00,0.0893,0.0894,0.089,0.0891,210569.1
2026-08-20 18:20:00,0.0892,0.0893,0.0891,0.0892,92150.6
2026-08-20 18:25:00,0.0892,0.0892,0.0886,0.0888,488744.5
2026-08-20 18:30:00,0.0887,0.0888,0.0883,0.0883,315195.0
2026-08-20 18:35:00,0.0884,0.0887,0.0882,0.0885,606457.6
2026-08-20 18:40:00,0.0885,0.0889,0.0884,0.0888,329149.2
2026-08-20 18:45:00,0.0888,0.0891,0.0887,0.089,896164.7
2026-08-20 18:50:00,0.089,0.0892,0.089,0.089,109976.3
2026-08-20 18:55:00,0.089,0.089,0.0888,0.0888,74400.2
2026-08-20 19:00:00,0.0888,0.0889,0.0887,0.0887,131991.9
2026-08-20 19:05:00,0.0887,0.0889,0.0886,0.0889,79920.9
2026-08-20 19:10:00,0.0889,0.089,0.0888,0.0888,257032.8
2026-08-20 19:15:00,0.0888,0.089,0.0888,0.0888,203126.6
2026-08-20 19:20:00,0.0888,0.089,0.0888,0.0889,74956.9
2026-08-20 19:25:00,0.089,0.089,0.0887,0.0887,53207.5
2026-08-20 19:30:00,0.0887,0.0888,0.0887,0.0887,188284.2
2026-08-20 19:35:00,0.0887,0.0891,0.0887,0.0889,236191.0
2026-08-20 19:40:00,0.089,0.0892,0.089,0.0892,384090.4
2026-08-20 19:45:00,0.0892,0.0893,0.089,0.0891,192801.4
2026-08-20 19:50:00,0.0892,0.0894,0.0892,0.0892,248744.4
2026-08-20 19:55:00,0.0891,0.0892,0.0891,0.0891,119929.4
2026-08-20 20:00:00,0.0891,0.0893,0.089,0.0892,332747.9
2026-08-20 20:05:00,0.0892,0.0896,0.0892,0.0894,319663.4
2026-08-20 20:10:00,0.0894,0.0896,0.0893,0.0895,452355.8
2026-08-20 20:15:00,0.0896,0.0897,0.0895,0.0897,368884.5
2026-08-20 20:20:00,0.0896,0.0898,0.0896,0.0898,396326.3
2026-08-20 20:25:00,0.0898,0.0899,0.0896,0.0897,86490.4
2026-08-20 20:30:00,0.0898,0.0898,0.0897,0.0898,28858.1
2026-08-20 20:35:00,0.0898,0.0898,0.0894,0.0894,221591.2
2026-08-20 20:40:00,0.0894,0.0895,0.0894,0.0895,179269.6
2026-08-20 20:45:00,0.0894,0.0897,0.0894,0.0896,233037.6
2026-08-20 20:50:00,0.0896,0.0896,0.0894,0.0895,210423.2
2026-08-20 20:55:00,0.0895,0.0897,0.0894,0.0897,116310.8
2026-08-20 21:00:00,0.0897,0.0899,0.0897,0.0898,232077.8
2026-08-20 21:05:00,0.0898,0.0899,0.0897,0.0898,133095.9
2026-08-20 21:10:00,0.0899,0.09,0.0899,0.0899,217048.8
2026-08-20 21:15:00,0.0899,0.09,0.0898,0.0899,82182.5
2026-08-20 21:20:00,0.0898,0.09,0.0898,0.09,127815.2
2026-08-20 21:25:00,0.0899,0.0901,0.0898,0.0899,160144.6
2026-08-20 21:30:00,0.0899,0.0901,0.0898,0.0901,143191.8
2026-08-20 21:35:00,0.09,0.0905,0.09,0.0902,435423.7
2026-08-20 21:40:00,0.0902,0.0903,0.09,0.0902,58406.6
2026-08-20 21:45:00,0.0902,0.0902,0.09,0.0901,26925.3
2026-08-20 21:50:00,0.09,0.0901,0.0899,0.09,183937.8
2026-08-20 21:55:00,0.09,0.0901,0.0899,0.09,43858.9
2026-08-20 22:00:00,0.09,0.0901,0.0897,0.0898,354569.5
2026-08-20 22:05:00,0.0898,0.09,0.0898,0.09,10584.7
2026-08-20 22:10:00,0.09,0.0903,0.09,0.0903,144119.6
2026-08-20 22:15:00,0.0903,0.0904,0.0901,0.0902,255049.3
2026-08-20 22:20:00,0.0903,0.0907,0.0903,0.0906,72155.0
2026-08-20 22:25:00,0.0907,0.0907,0.0903,0.0903,193663.1
2026-08-20 22:30:00,0.0904,0.0905,0.0902,0.0903,124265.3
2026-08-20 22:35:00,0.0903,0.0906,0.0903,0.0906,297362.0
2026-08-20 22:40:00,0.0906,0.0909,0.0904,0.0904,457408.2
2026-08-20 22:45:00,0.0905,0.0907,0.0904,0.0906,31913.1
2026-08-20 22:50:00,0.0906,0.0906,0.0905,0.0905,207477.6
2026-08-20 22:55:00,0.0906,0.0906,0.0904,0.0904,65412.6
2026-08-20 23:00:00,0.0904,0.0905,0.0904,0.0905,72203.9
2026-08-20 23:05:00,0.0905,0.0906,0.0904,0.0905,253936.6
2026-08-20 23:10:00,0.0905,0.0907,0.0905,0.0906,206119.6
2026-08-20 23:15:00,0.0905,0.0908,0.0905,0.0908,114461.5
2026-08-20 23:20:00,0.0907,0.0909,0.0907,0.0909,332911.7
2026-08-20 23:25:00,0.091,0.0913,0.091,0.0912,447514.5
2026-08-20 23:30:00,0.0911,0.0912,0.091,0.0911,69459.2
2026-08-20 23:35:00,0.0911,0.0911,0.0908,0.0908,104096.7
2026-08-20 23:40:00,0.0908,0.0911,0.0907,0.091,102754.3
2026-08-20 23:45:00,0.091,0.091,0.0908,0.091,81181.8
2026-08-20 23:50:00,0.0909,0.0911,0.0909,0.0911,192612.5
2026-08-20 23:55:00,0.0911,0.0911,0.0909,0.0909,177520.1
2026-08-21 00:00:00,0.0909,0.0911,0.0908,0.0908,241670.5
2026-08-21 00:05:00,0.0909,0.091,0.0907,0.0909,199014.4
2026-08-21 00:10:00,0.091,0.0913,0.091,0.0913,195496.6
2026-08-21 00:15:00,0.0913,0.0919,0.0912,0.0918,473945.9
2026-08-21 00:20:00,0.0919,0.0919,0.0916,0.0916,408283.4
2026-08-21 00:25:00,0.0916,0.0917,0.0912,0.0912,140505.7
2026-08-21 00:30:00,0.0912,0.0917,0.0911,0.0912,463246.2
2026-08-21 00:35:00,0.0912,0.0912,0.0905,0.0907,569101.6
2026-08-21 00:40:00,0.0908,0.0908,0.0905,0.0907,50063.5
2026-08-21 00:45:00,0.0906,0.0908,0.0905,0.0907,286438.9
2026-08-21 00:50:00,0.0907,0.0909,0.0907,0.0907,158961.5
2026-08-21 00:55:00,0.0907,0.0908,0.0906,0.0907,137524.1
2026-08-21 01:00:00,0.0907,0.091,0.0905,0.091,180302.8
2026-08-21 01:05:00,0.091,0.0913,0.091,0.0913,162014.2
2026-08-21 01:10:00,0.0913,0.0913,0.0911,0.0911,137376.4
2026-08-21 01:15:00,0.0911,0.0917,0.0911,0.0915,548129.5
2026-08-21 01:20:00,0.0915,0.0915,0.0909,0.091,328056.9
2026-08-21 01:25:00,0.091,0.0911,0.0909,0.091,163649.2
2026-08-21 01:30:00,0.091,0.0915,0.0909,0.0913,229940.1
2026-08-21 01:35:00,0.0914,0.0914,0.0912,0.0913,126305.5
2026-08-21 01:40:00,0.0914,0.0918,0.0914,0.0917,112309.5
2026-08-21 01:45:00,0.0918,0.0925,0.0918,0.0922,777385.1
2026-08-21 01:50:00,0.0922,0.0923,0.0911,0.0915,1507020.2
2026-08-21 01:55:00,0.0915,0.0917,0.0914,0.0914,215674.4
2026-08-21 02:00:00,0.0915,0.0915,0.0911,0.0914,496680.4
2026-08-21 02:05:00,0.0914,0.0915,0.0913,0.0914,72201.9
2026-08-21 02:10:00,0.0913,0.0913,0.0909,0.0912,248263.7
2026-08-21 02:15:00,0.0912,0.0912,0.0909,0.0912,290200.0
2026-08-21 02:20:00,0.0911,0.0911,0.0909,0.091,126465.5
2026-08-21 02:25:00,0.0911,0.0914,0.0911,0.0914,63836.4
2026-08-21 02:30:00,0.0913,0.0913,0.0907,0.091,310391.7
2026-08-21 02:35:00,0.0911,0.0916,0.0909,0.0916,354910.0
2026-08-21 02:40:00,0.0916,0.0918,0.0916,0.0916,408932.4
2026-08-21 02:45:00,0.0915,0.0917,0.0913,0.0917,263322.9
2026-08-21 02:50:00,0.0918,0.0918,0.0913,0.0915,566714.3
2026-08-21 02:55:00,0.0915,0.0916,0.0913,0.0915,235520.7
2026-08-21 03:00:00,0.0915,0.0915,0.0911,0.0911,125313.7
2026-08-21 03:05:00,0.0912,0.0912,0.0906,0.0907,292906.1
2026-08-21 03:10:00,0.0908,0.091,0.0907,0.0907,323914.7
2026-08-21 03:15:00,0.0907,0.0908,0.0906,0.0908,251475.7
2026-08-21 03:20:00,0.0909,0.0912,0.0909,0.0912,339781.2
2026-08-21 03:25:00,0.0912,0.0912,0.0909,0.0911,165500.0
2026-08-21 03:30:00,0.0912,0.0914,0.0912,0.0913,89338.2
2026-08-21 03:35:00,0.0913,0.0914,0.0911,0.0912,290402.6
2026-08-21 03:40:00,0.0912,0.0913,0.091,0.091,136405.2
2026-08-21 03:45:00,0.091,0.0913,0.0909,0.091,709957.9
2026-08-21 03:50:00,0.091,0.0911,0.0909,0.091,214331.3
2026-08-21 03:55:00,0.0909,0.0911,0.0908,0.0908,327331.4
2026-08-21 04:00:00,0.0908,0.0914,0.0908,0.0913,240787.8
2026-08-21 04:05:00,0.0913,0.0913,0.0908,0.091,134954.7
2026-08-21 04:10:00,0.091,0.091,0.0908,0.0908,56561.8
2026-08-21 04:15:00,0.0909,0.0911,0.0909,0.091,52211.1
2026-08-21 04:20:00,0.091,0.0912,0.0909,0.0909,514557.5
2026-08-21 04:25:00,0.0909,0.0909,0.0908,0.0908,64755.3
2026-08-21 04:30:00,0.0908,0.091,0.0908,0.0909,59517.5
2026-08-21 04:35:00,0.091,0.0911,0.091,0.091,47668.0
2026-08-21 04:40:00,0.0909,0.0911,0.0908,0.091,95301.9
2026-08-21 04:45:00,0.0911,0.0911,0.0909,0.0911,414703.3
2026-08-21 04:50:00,0.0911,0.0913,0.091,0.0913,1452154.2
2026-08-21 04:55:00,0.0913,0.0914,0.0911,0.0912,256104.2
2026-08-21 05:00:00,0.0912,0.0912,0.0906,0.0907,512133.5
2026-08-21 05:05:00,0.0908,0.0912,0.0908,0.0911,83298.1
2026-08-21 05:10:00,0.0911,0.0914,0.091,0.0914,166090.6
2026-08-21 05:15:00,0.0914,0.0915,0.0913,0.0914,299416.5
2026-08-21 05:20:00,0.0915,0.0915,0.0911,0.0912,344472.0
2026-08-21 05:25:00,0.0911,0.0911,0.0907,0.0909,540544.4
2026-08-21 05:30:00,0.0909,0.0911,0.0908,0.0911,123138.7
2026-08-21 05:35:00,0.0911,0.0916,0.091,0.0915,981610.7
2026-08-21 05:40:00,0.0915,0.0915,0.0913,0.0914,69125.8
2026-08-21 05:45:00,0.0914,0.0916,0.0914,0.0915,47359.8
2026-08-21 05:50:00,0.0915,0.0925,0.0915,0.0921,1099279.4
2026-08-21 05:55:00,0.0921,0.0922,0.0918,0.092,108300.2
2026-08-21 06:00:00,0.092,0.0925,0.092,0.0923,709321.5
2026-08-21 06:05:00,0.0923,0.0924,0.0922,0.0923,351991.9
2026-08-21 06:10:00,0.0924,0.0925,0.0922,0.0925,778583.2
2026-08-21 06:15:00,0.0924,0.093,0.0924,0.0929,837056.2
2026-08-21 06:20:00,0.0928,0.0928,0.0922,0.0924,280864.6
2026-08-21 06:25:00,0.0924,0.0926,0.0923,0.0923,293859.7
2026-08-21 06:30:00,0.0923,0.0925,0.0922,0.0924,118053.5
2026-08-21 06:35:00,0.0924,0.0925,0.0922,0.0923,199916.1
2026-08-21 06:40:00,0.0923,0.0923,0.0919,0.092,729943.1
2026-08-21 06:45:00,0.0919,0.0921,0.0915,0.0919,238395.3
2026-08-21 06:50:00,0.092,0.092,0.0918,0.092,58368.5
2026-08-21 06:55:00,0.092,0.0921,0.0919,0.0919,121389.0
2026-08-21 07:00:00,0.092,0.0925,0.0919,0.0925,207300.7
2026-08-21 07:05:00,0.0925,0.0926,0.0924,0.0925,179193.8
2026-08-21 07:10:00,0.0925,0.0926,0.0924,0.0926,117704.8
2026-08-21 07:15:00,0.0927,0.0938,0.0927,0.0934,1128339.6
2026-08-21 07:20:00,0.0935,0.0935,0.0931,0.0931,534548.7
2026-08-21 07:25:00,0.0931,0.0934,0.0931,0.0932,161708.6
2026-08-21 07:30:00,0.0933,0.0937,0.0932,0.0936,180998.1
2026-08-21 07:35:00,0.0936,0.0937,0.0934,0.0937,221491.7
2026-08-21 07:40:00,0.0936,0.0939,0.0935,0.0938,161935.2
2026-08-21 07:45:00,0.0938,0.0941,0.0937,0.0941,496256.0
2026-08-21 07:50:00,0.094,0.094,0.0936,0.0938,330373.3
2026-08-21 07:55:00,0.0939,0.094,0.0937,0.0938,248811.2
2026-08-21 08:00:00,0.0938,0.094,0.0936,0.0936,200214.0
2026-08-21 08:05:00,0.0937,0.0937,0.0934,0.0936,354243.5
2026-08-21 08:10:00,0.0935,0.0936,0.0932,0.0934,419675.6
2026-08-21 08:15:00,0.0934,0.0944,0.0934,0.0944,524379.8
2026-08-21 08:20:00,0.0944,0.0944,0.094,0.094,202642.0
2026-08-21 08:25:00,0.0941,0.0946,0.0941,0.0945,375244.3
2026-08-21 08:30:00,0.0945,0.0947,0.0944,0.0946,414602.1
2026-08-21 08:35:00,0.0946,0.095,0.0945,0.095,570777.2
2026-08-21 08:40:00,0.095,0.0953,0.0949,0.095,312967.3
2026-08-21 08:45:00,0.095,0.0959,0.095,0.0957,458863.6
2026-08-21 08:50:00,0.0957,0.0967,0.0957,0.0967,454613.8
2026-08-21 08:55:00,0.0967,0.0976,0.0966,0.0974,2500149.4
2026-08-21 09:00:00,0.0972,0.0976,0.0951,0.0957,2030967.9
2026-08-21 09:05:00,0.0958,0.096,0.0944,0.0955,1090148.4
2026-08-21 09:10:00,0.0955,0.0959,0.0954,0.0955,301461.5
2026-08-21 09:15:00,0.0955,0.0955,0.0947,0.0949,621442.2
2026-08-21 09:20:00,0.0949,0.0951,0.0943,0.0947,492320.4
2026-08-21 09:25:00,0.0947,0.0954,0.0946,0.0953,449941.0
2026-08-21 09:30:00,0.0953,0.0956,0.0951,0.0955,421719.4
2026-08-21 09:35:00,0.0955,0.0963,0.0952,0.096,448970.8
2026-08-21 09:40:00,0.096,0.0962,0.0957,0.0961,714389.2
2026-08-21 09:45:00,0.0961,0.0965,0.0961,0.0964,532259.0
2026-08-21 09:50:00,0.0965,0.0965,0.0961,0.0963,303839.2
2026-08-21 09:55:00,0.0963,0.0963,0.0951,0.096,839012.6
2026-08-21 10:00:00,0.096,0.0961,0.0954,0.0957,718347.4
2026-08-21 10:05:00,0.0957,0.096,0.0956,0.0959,654350.4
2026-08-21 10:10:00,0.0959,0.0962,0.0958,0.0958,338599.9
2026-08-21 10:15:00,0.0959,0.0959,0.0957,0.0959,496198.4
2026-08-21 10:20:00,0.0959,0.096,0.0955,0.0956,319651.6
2026-08-21 10:25:00,0.0956,0.0956,0.095,0.0952,378318.3
2026-08-21 10:30:00,0.0952,0.0953,0.0946,0.0946,415404.8
2026-08-21 10:35:00,0.0947,0.095,0.0944,0.0949,342133.5
2026-08-21 10:40:00,0.0949,0.0953,0.0948,0.0953,350518.7
2026-08-21 10:45:00,0.0953,0.0957,0.0953,0.0955,171929.1
2026-08-21 10:50:00,0.0955,0.0956,0.0954,0.0956,182305.7
2026-08-21 10:55:00,0.0957,0.096,0.0957,0.0959,305128.6
2026-08-21 11:00:00,0.0958,0.0961,0.0956,0.0961,230503.3
2026-08-21 11:05:00,0.0962,0.0962,0.0959,0.0959,341922.7
2026-08-21 11:10:00,0.096,0.0961,0.095,0.0959,527429.9
2026-08-21 11:15:00,0.0959,0.0959,0.0952,0.0953,608718.4
2026-08-21 11:20:00,0.0953,0.0959,0.0953,0.0959,538186.4
2026-08-21 11:25:00,0.096,0.096,0.0955,0.0957,274318.4
2026-08-21 11:30:00,0.0957,0.0959,0.0943,0.0944,876016.8
2026-08-21 11:35:00,0.0945,0.0953,0.0944,0.0953,375838.3
2026-08-21 11:40:00,0.0953,0.0954,0.0949,0.0949,382330.6
2026-08-21 11:45:00,0.095,0.0953,0.0948,0.0949,276090.9
2026-08-21 11:50:00,0.095,0.0959,0.0949,0.0959,328678.7
2026-08-21 11:55:00,0.0958,0.096,0.0955,0.0957,439041.9
2026-08-21 12:00:00,0.0958,0.0958,0.0952,0.0958,567293.1
2026-08-21 12:05:00,0.0958,0.0964,0.0958,0.0961,400800.6
2026-08-21 12:10:00,0.096,0.0967,0.0957,0.0967,569456.2
2026-08-21 12:15:00,0.0967,0.0969,0.0966,0.0967,149444.7
2026-08-21 12:20:00,0.0967,0.0967,0.0962,0.0967,598253.9
2026-08-21 12:25:00,0.0966,0.0966,0.0964,0.0964,71698.5
2026-08-21 12:30:00,0.0965,0.0966,0.0962,0.0963,171837.4
2026-08-21 12:35:00,0.0964,0.0971,0.0964,0.0971,297426.4
2026-08-21 12:40:00,0.0971,0.0975,0.0971,0.0974,213230.2
2026-08-21 12:45:00,0.0973,0.0974,0.0969,0.0971,268992.0
2026-08-21 12:50:00,0.0971,0.0972,0.0966,0.0967,345915.9
2026-08-21 12:55:00,0.0967,0.0968,0.0965,0.0967,265151.3
2026-08-21 13:00:00,0.0966,0.0967,0.0961,0.0962,662981.0
2026-08-21 13:05:00,0.0963,0.0968,0.0962,0.0963,146857.9
2026-08-21 13:10:00,0.0963,0.0965,0.0961,0.0964,129933.6
2026-08-21 13:15:00,0.0964,0.0964,0.0952,0.0957,1273642.5
2026-08-21 13:20:00,0.0957,0.0958,0.0954,0.0958,480429.5
2026-08-21 13:25:00,0.0958,0.0961,0.0958,0.0961,266719.8
2026-08-21 13:30:00,0.096,0.096,0.0952,0.0955,535437.1
2026-08-21 13:35:00,0.0955,0.0961,0.0952,0.096,883531.4
2026-08-21 13:40:00,0.0961,0.0969,0.096,0.0968,516227.3
2026-08-21 13:45:00,0.0968,0.0971,0.0967,0.0971,528819.4
2026-08-21 13:50:00,0.0971,0.0973,0.0962,0.0964,2048999.7
2026-08-21 13:55:00,0.0964,0.097,0.0963,0.0969,273902.1
2026-08-21 14:00:00,0.0969,0.0969,0.0963,0.0964,434213.5
2026-08-21 14:05:00,0.0964,0.0972,0.0964,0.097,250758.2
2026-08-21 14:10:00,0.097,0.0973,0.0965,0.0966,567989.0
2026-08-21 14:15:00,0.0966,0.0968,0.096,0.0961,231080.9
2026-08-21 14:20:00,0.0961,0.0967,0.0959,0.0966,476351.0
2026-08-21 14:25:00,0.0966,0.0971,0.0966,0.0969,215989.8
2026-08-21 14:30:00,0.097,0.0972,0.0967,0.0969,442673.4
2026-08-21 14:35:00,0.0969,0.0973,0.0965,0.0967,665842.2
2026-08-21 14:40:00,0.0968,0.0969,0.0966,0.0969,186252.7
2026-08-21 14:45:00,0.097,0.0978,0.097,0.0975,284106.1
2026-08-21 14:50:00,0.0976,0.098,0.0974,0.0977,339138.7
2026-08-21 14:55:00,0.0977,0.0978,0.0973,0.0976,403946.7
2026-08-21 15:00:00,0.0975,0.098,0.0974,0.098,374900.4
2026-08-21 15:05:00,0.098,0.0981,0.0979,0.0981,172668.5
2026-08-21 15:10:00,0.0982,0.0985,0.0979,0.0984,455073.0
2026-08-21 15:15:00,0.0984,0.0985,0.0972,0.0972,810570.3
2026-08-21 15:20:00,0.0973,0.0978,0.0972,0.0975,374324.5
2026-08-21 15:25:00,0.0975,0.0977,0.0974,0.0976,384953.4
2026-08-21 15:30:00,0.0977,0.0984,0.0976,0.0976,774057.3
2026-08-21 15:35:00,0.0976,0.0985,0.0976,0.0984,519402.7
2026-08-21 15:40:00,0.0984,0.0988,0.0981,0.0982,524812.4
2026-08-21 15:45:00,0.0983,0.0986,0.0979,0.0982,904492.5
2026-08-21 15:50:00,0.0982,0.0984,0.0975,0.0976,940181.1
2026-08-21 15:55:00,0.0975,0.0976,0.0973,0.0976,356023.2
2026-08-21 16:00:00,0.0977,0.0982,0.0977,0.0978,491014.1
2026-08-21 16:05:00,0.0978,0.0979,0.0968,0.0972,500991.5
2026-08-21 16:10:00,0.0972,0.0974,0.0965,0.0966,375030.8
2026-08-21 16:15:00,0.0966,0.0975,0.0964,0.0975,326969.2
2026-08-21 16:20:00,0.0975,0.0978,0.0974,0.0978,248261.1
2026-08-21 16:25:00,0.0978,0.0985,0.0978,0.0985,356839.6
2026-08-21 16:30:00,0.0984,0.0986,0.0983,0.0985,164439.3
2026-08-21 16:35:00,0.0986,0.0987,0.0983,0.0986,274028.0
2026-08-21 16:40:00,0.0987,0.0988,0.0984,0.0987,286901.4
2026-08-21 16:45:00,0.0987,0.0988,0.0985,0.0986,177938.6
2026-08-21 16:50:00,0.0985,0.0986,0.0984,0.0984,463425.4
2026-08-21 16:55:00,0.0983,0.0983,0.098,0.098,336986.0
2026-08-21 17:00:00,0.0981,0.0982,0.0979,0.098,109472.4
2026-08-21 17:05:00,0.098,0.0983,0.0979,0.0981,445367.8
2026-08-21 17:10:00,0.0981,0.0981,0.0975,0.0978,502951.0
2026-08-21 17:15:00,0.0978,0.0978,0.0971,0.0971,494829.6
2026-08-21 17:20:00,0.0972,0.0972,0.0967,0.0968,545023.2
2026-08-21 17:25:00,0.0969,0.0974,0.0969,0.0973,747857.9
2026-08-21 17:30:00,0.0973,0.0976,0.0971,0.0976,143443.9
2026-08-21 17:35:00,0.0976,0.0978,0.0974,0.0977,279964.1
2026-08-21 17:40:00,0.0977,0.0978,0.0975,0.0976,577407.1
2026-08-21 17:45:00,0.0977,0.0981,0.0976,0.0981,563550.2
2026-08-21 17:50:00,0.0981,0.0984,0.098,0.0982,555877.9
2026-08-21 17:55:00,0.0981,0.0983,0.0981,0.0983,114894.9
2026-08-21 18:00:00,0.0983,0.0984,0.0981,0.0984,96539.5
2026-08-21 18:05:00,0.0984,0.0987,0.0984,0.0985,279426.8
2026-08-21 18:10:00,0.0985,0.0987,0.0984,0.0985,107048.3
2026-08-21 18:15:00,0.0985,0.0987,0.0983,0.0987,200196.5
2026-08-21 18:20:00,0.0988,0.0989,0.0987,0.0987,373415.7
2026-08-21 18:25:00,0.0987,0.0987,0.0985,0.0985,100157.9
2026-08-21 18:30:00,0.0985,0.0986,0.0984,0.0985,96998.0
2026-08-21 18:35:00,0.0985,0.0985,0.098,0.0982,227100.7
2026-08-21 18:40:00,0.0983,0.0983,0.0973,0.0975,488438.6
2026-08-21 18:45:00,0.0975,0.0975,0.0962,0.0965,845881.2
2026-08-21 18:50:00,0.0965,0.0971,0.0965,0.0969,469407.9
2026-08-21 18:55:00,0.097,0.0971,0.0967,0.097,529909.3
2026-08-21 19:00:00,0.0969,0.097,0.0942,0.095,4731818.3
2026-08-21 19:05:00,0.095,0.0954,0.0948,0.0954,734761.7
2026-08-21 19:10:00,0.0953,0.0954,0.095,0.0952,324372.9
2026-08-21 19:15:00,0.0952,0.0952,0.0948,0.095,197180.3
2026-08-21 19:20:00,0.095,0.0954,0.0949,0.0954,132882.3
2026-08-21 19:25:00,0.0954,0.0957,0.0954,0.0955,195616.1
2026-08-21 19:30:00,0.0955,0.0956,0.095,0.0951,452504.7
2026-08-21 19:35:00,0.0951,0.0953,0.095,0.095,88315.0
2026-08-21 19:40:00,0.095,0.0951,0.0948,0.0948,396031.9
2026-08-21 19:45:00,0.0947,0.0953,0.0946,0.0952,806083.0
2026-08-21 19:50:00,0.0952,0.0953,0.095,0.0952,174718.4
2026-08-21 19:55:00,0.0953,0.0953,0.0951,0.0952,59440.1
2026-08-21 20:00:00,0.0953,0.0959,0.0949,0.0959,772984.9
2026-08-21 20:05:00,0.0959,0.096,0.0957,0.0959,299761.7
2026-08-21 20:10:00,0.0958,0.0963,0.0958,0.0963,325389.4
2026-08-21 20:15:00,0.0963,0.0966,0.0962,0.0966,291918.2
2026-08-21 20:20:00,0.0966,0.0967,0.0964,0.0967,211621.4
2026-08-21 20:25:00,0.0966,0.0966,0.0965,0.0966,156610.7
2026-08-21 20:30:00,0.0967,0.0967,0.0966,0.0966,26624.2
2026-08-21 20:35:00,0.0966,0.0968,0.0965,0.0966,237218.9
2026-08-21 20:40:00,0.0966,0.097,0.0966,0.097,114279.7
2026-08-21 20:45:00,0.097,0.097,0.0966,0.0967,416820.2
2026-08-21 20:50:00,0.0967,0.0972,0.0967,0.0972,202132.0
2026-08-21 20:55:00,0.0972,0.0973,0.0971,0.0973,356522.3
2026-08-21 21:00:00,0.0974,0.0975,0.0972,0.0972,215082.1
2026-08-21 21:05:00,0.0973,0.0973,0.0969,0.097,41729.4
2026-08-21 21:10:00,0.0971,0.0979,0.0971,0.0978,638657.1
2026-08-21 21:15:00,0.0977,0.0981,0.0977,0.0981,348160.2
2026-08-21 21:20:00,0.0981,0.099,0.098,0.0988,611482.6
2026-08-21 21:25:00,0.0986,0.0986,0.0982,0.0983,379522.8
2026-08-21 21:30:00,0.0983,0.099,0.0982,0.0989,762999.1
2026-08-21 21:35:00,0.0989,0.099,0.0986,0.0988,280931.5
2026-08-21 21:40:00,0.0989,0.0992,0.0987,0.0991,366511.4
2026-08-21 21:45:00,0.0991,0.0992,0.0989,0.099,268928.1
2026-08-21 21:50:00,0.099,0.0997,0.099,0.0997,286507.0
2026-08-21 21:55:00,0.0997,0.0999,0.0994,0.0998,736639.1
2026-08-21 22:00:00,0.0998,0.1004,0.0995,0.0995,1320747.4
2026-08-21 22:05:00,0.0996,0.0997,0.0991,0.0997,422411.4
2026-08-21 22:10:00,0.0997,0.0997,0.0993,0.0995,541526.7
2026-08-21 22:15:00,0.0995,0.0997,0.0993,0.0996,412764.5
2026-08-21 22:20:00,0.0996,0.0996,0.0992,0.0992,202222.4
2026-08-21 22:25:00,0.0992,0.0993,0.099,0.0992,401885.5
2026-08-21 22:30:00,0.0993,0.0993,0.0984,0.0992,745570.0
2026-08-21 22:35:00,0.0992,0.0996,0.0991,0.0992,354472.1
2026-08-21 22:40:00,0.0992,0.0995,0.0991,0.0994,123302.5
2026-08-21 22:45:00,0.0993,0.0993,0.0989,0.099,224186.7
2026-08-21 22:50:00,0.099,0.0994,0.0988,0.0993,375854.2
2026-08-21 22:55:00,0.0994,0.0996,0.0992,0.0993,172688.3
2026-08-21 23:00:00,0.0993,0.0993,0.0988,0.0991,401949.2
2026-08-21 23:05:00,0.0991,0.0995,0.0991,0.0993,113840.0
2026-08-21 23:10:00,0.0993,0.0995,0.0992,0.0993,71288.9
2026-08-21 23:15:00,0.0993,0.0994,0.0992,0.0993,269548.9
2026-08-21 23:20:00,0.0993,0.0996,0.0992,0.0993,185664.0
2026-08-21 23:25:00,0.0993,0.0996,0.0991,0.0992,460793.1
2026-08-21 23:30:00,0.0992,0.0993,0.0991,0.0991,167822.5
2026-08-21 23:35:00,0.0991,0.0991,0.0987,0.0987,184760.9
2026-08-21 23:40:00,0.0987,0.0988,0.0983,0.0986,480211.9
2026-08-21 23:45:00,0.0987,0.0987,0.0983,0.0985,170631.7
2026-08-21 23:50:00,0.0984,0.0984,0.0979,0.0983,296186.2
2026-08-21 23:55:00,0.0982,0.0983,0.0981,0.0982,265431.6
2026-08-22 00:00:00,0.0982,0.0986,0.0978,0.0982,412174.7
2026-08-22 00:05:00,0.098,0.098,0.0972,0.0975,758066.6
2026-08-22 00:10:00,0.0975,0.0978,0.0973,0.0976,607010.3
2026-08-22 00:15:00,0.0976,0.0978,0.0975,0.0978,236552.9
2026-08-22 00:20:00,0.0978,0.0981,0.0978,0.0981,286004.1
2026-08-22 00:25:00,0.0981,0.0983,0.0978,0.0978,258547.1
2026-08-22 00:30:00,0.0978,0.0982,0.0978,0.098,373663.2
2026-08-22 00:35:00,0.098,0.0982,0.0979,0.0981,299645.2
2026-08-22 00:40:00,0.0981,0.0982,0.0978,0.0979,309964.6
2026-08-22 00:45:00,0.0979,0.0979,0.0974,0.0978,97161.4
2026-08-22 00:50:00,0.0978,0.0981,0.0977,0.0981,70850.7
2026-08-22 00:55:00,0.0982,0.0987,0.0982,0.0987,204220.1
2026-08-22 01:00:00,0.0987,0.0993,0.0985,0.0992,310087.3
2026-08-22 01:05:00,0.0991,0.0993,0.099,0.0991,218014.5
2026-08-22 01:10:00,0.0991,0.0995,0.099,0.099,611979.2
2026-08-22 01:15:00,0.0991,0.0994,0.0991,0.0993,452376.9
2026-08-22 01:20:00,0.0993,0.0994,0.0987,0.0988,513092.1
2026-08-22 01:25:00,0.0989,0.099,0.0987,0.0989,347668.4
2026-08-22 01:30:00,0.0989,0.0997,0.0989,0.0994,267825.1
2026-08-22 01:35:00,0.0995,0.0999,0.0993,0.0997,495755.2
2026-08-22 01:40:00,0.0996,0.1004,0.0996,0.0999,891742.9
2026-08-22 01:45:00,0.0999,0.1001,0.0997,0.0997,436478.1
2026-08-22 01:50:00,0.0997,0.1,0.0997,0.0999,235640.3
2026-08-22 01:55:00,0.1,0.1006,0.0997,0.0999,586568.4
2026-08-22 02:00:00,0.1,0.1002,0.0999,0.1001,50397.9
2026-08-22 02:05:00,0.1001,0.1002,0.0996,0.0997,236212.2
2026-08-22 02:10:00,0.0996,0.0998,0.0996,0.0998,266694.1
2026-08-22 02:15:00,0.0997,0.1004,0.0996,0.1003,274178.3
2026-08-22 02:20:00,0.1003,0.1008,0.1003,0.1006,538278.5
2026-08-22 02:25:00,0.1007,0.101,0.1007,0.1008,242535.2
2026-08-22 02:30:00,0.1008,0.1012,0.1007,0.1009,827659.3
2026-08-22 02:35:00,0.1009,0.101,0.1003,0.101,417688.3
2026-08-22 02:40:00,0.101,0.1012,0.1009,0.1012,456499.6
2026-08-22 02:45:00,0.1012,0.1014,0.1009,0.1014,251096.1
2026-08-22 02:50:00,0.1014,0.1018,0.1012,0.1017,365007.6
2026-08-22 02:55:00,0.1017,0.1022,0.1016,0.1022,192400.4
2026-08-22 03:00:00,0.1021,0.1026,0.1018,0.1024,891128.7
2026-08-22 03:05:00,0.1024,0.1032,0.1023,0.1031,986720.1
2026-08-22 03:10:00,0.1032,0.1032,0.1021,0.1021,535675.3
2026-08-22 03:15:00,0.1022,0.1028,0.1021,0.1027,1244360.8
2026-08-22 03:20:00,0.1028,0.1036,0.1027,0.1033,833929.7
2026-08-22 03:25:00,0.1034,0.1041,0.1034,0.1041,808703.5
2026-08-22 03:30:00,0.1041,0.1044,0.1039,0.104,833048.3
2026-08-22 03:35:00,0.104,0.1044,0.1038,0.1044,605490.7
2026-08-22 03:40:00,0.1044,0.1044,0.1035,0.1035,1321780.1
2026-08-22 03:45:00,0.1034,0.1043,0.1034,0.1042,1225233.0
2026-08-22 03:50:00,0.1043,0.1053,0.1043,0.1047,1166686.2
2026-08-22 03:55:00,0.1048,0.105,0.1044,0.1044,631861.4
2026-08-22 04:00:00,0.1045,0.1057,0.1045,0.1056,929008.9
2026-08-22 04:05:00,0.1056,0.1062,0.1053,0.1062,776219.1
2026-08-22 04:10:00,0.1061,0.1061,0.1057,0.1061,514172.7
2026-08-22 04:15:00,0.106,0.1061,0.1049,0.1053,1208563.4
2026-08-22 04:20:00,0.1053,0.1059,0.1053,0.1055,803687.2
2026-08-22 04:25:00,0.1055,0.1062,0.1053,0.1061,382361.4
2026-08-22 04:30:00,0.1061,0.107,0.1057,0.1065,1106562.7
2026-08-22 04:35:00,0.1065,0.1069,0.1063,0.1069,611478.2
2026-08-22 04:40:00,0.1069,0.1079,0.1069,0.1075,1445616.2
2026-08-22 04:45:00,0.1074,0.1076,0.1067,0.1071,2312131.8
2026-08-22 04:50:00,0.1071,0.1096,0.1069,0.1094,3309080.9
2026-08-22 04:55:00,0.1094,0.1094,0.1083,0.1084,1412748.2
2026-08-22 05:00:00,0.1083,0.1086,0.1077,0.1078,1451646.2
2026-08-22 05:05:00,0.1078,0.108,0.1019,0.102,5106517.2
2026-08-22 05:10:00,0.102,0.1027,0.092,0.0981,24733408.2
2026-08-22 05:15:00,0.098,0.0998,0.0964,0.0992,7871567.8
2026-08-22 05:20:00,0.0991,0.1007,0.0981,0.0996,4179542.7
2026-08-22 05:25:00,0.0996,0.1007,0.0995,0.1,2987716.2
2026-08-22 05:30:00,0.1001,0.1009,0.0984,0.1008,3841178.5
2026-08-22 05:35:00,0.1007,0.1008,0.0993,0.0997,1845640.1
2026-08-22 05:40:00,0.0998,0.1004,0.0991,0.0995,1495724.7
2026-08-22 05:45:00,0.0996,0.1011,0.0991,0.101,1177653.5
2026-08-22 05:50:00,0.1009,0.1012,0.0998,0.1,919940.3
2026-08-22 05:55:00,0.1,0.1008,0.0999,0.1003,658698.6
2026-08-22 06:00:00,0.1003,0.1003,0.0992,0.0993,1527101.7
2026-08-22 06:05:00,0.0993,0.0993,0.0977,0.0987,2369696.7
2026-08-22 06:10:00,0.0988,0.0988,0.0982,0.0983,480554.5
2026-08-22 06:15:00,0.0983,0.0989,0.0983,0.0986,536422.6
2026-08-22 06:20:00,0.0986,0.0995,0.0986,0.0995,563626.1
2026-08-22 06:25:00,0.0994,0.0999,0.0985,0.0989,1335599.1
2026-08-22 06:30:00,0.0988,0.0989,0.098,0.0985,1324395.6
2026-08-22 06:35:00,0.0984,0.0999,0.0984,0.0998,1111314.5
2026-08-22 06:40:00,0.0997,0.0998,0.0993,0.0994,143769.6
2026-08-22 06:45:00,0.0995,0.0998,0.0994,0.0997,465232.5
2026-08-22 06:50:00,0.0997,0.1,0.0995,0.0998,177553.4
2026-08-22 06:55:00,0.0997,0.1002,0.0997,0.1,537689.6
2026-08-22 07:00:00,0.0999,0.1009,0.0998,0.1008,1060235.7
2026-08-22 07:05:00,0.1008,0.1011,0.1,0.1001,471410.2
2026-08-22 07:10:00,0.1001,0.1005,0.0996,0.1005,593371.0
2026-08-22 07:15:00,0.1005,0.1005,0.0997,0.0999,439579.9
2026-08-22 07:20:00,0.0999,0.1006,0.0999,0.1004,245367.9
2026-08-22 07:25:00,0.1004,0.101,0.1004,0.101,597604.4
2026-08-22 07:30:00,0.1009,0.1013,0.1007,0.1009,531172.4
2026-08-22 07:35:00,0.1008,0.1009,0.1003,0.1004,487981.8
2026-08-22 07:40:00,0.1004,0.1004,0.0997,0.0999,603747.3
2026-08-22 07:45:00,0.0998,0.1001,0.0995,0.0996,942813.0
2026-08-22 07:50:00,0.0996,0.1002,0.0994,0.1001,381365.7
2026-08-22 07:55:00,0.1001,0.1001,0.0997,0.0999,321083.1
2026-08-22 08:00:00,0.0999,0.1002,0.0989,0.099,1039744.3
2026-08-22 08:05:00,0.0991,0.0999,0.0989,0.0996,968159.8
2026-08-22 08:10:00,0.0995,0.1003,0.0995,0.1,445595.6
2026-08-22 08:15:00,0.1001,0.1003,0.0998,0.0998,256744.2
2026-08-22 08:20:00,0.0999,0.1001,0.0992,0.0992,842275.7
2026-08-22 08:25:00,0.0992,0.0993,0.0983,0.0984,1129597.9
2026-08-22 08:30:00,0.0984,0.0985,0.0978,0.0985,1185069.6
2026-08-22 08:35:00,0.0985,0.0985,0.0979,0.0984,628222.5
2026-08-22 08:40:00,0.0985,0.0995,0.0983,0.0994,540201.1
2026-08-22 08:45:00,0.0993,0.0993,0.0989,0.0992,105735.6
2026-08-22 08:50:00,0.0993,0.0994,0.0992,0.0993,221535.0
2026-08-22 08:55:00,0.0992,0.0996,0.0991,0.0995,489950.0
2026-08-22 09:00:00,0.0996,0.0996,0.098,0.0983,3219635.5
2026-08-22 09:05:00,0.0984,0.0992,0.0982,0.0992,1546768.2
2026-08-22 09:10:00,0.0993,0.0998,0.0988,0.0997,342270.3
2026-08-22 09:15:00,0.0997,0.1002,0.0993,0.0998,788513.7
2026-08-22 09:20:00,0.0999,0.1002,0.0997,0.0998,206203.2
2026-08-22 09:25:00,0.0998,0.1001,0.0996,0.1001,340635.4
2026-08-22 09:30:00,0.1,0.1,0.0997,0.0997,276704.0
2026-08-22 09:35:00,0.0998,0.0999,0.0992,0.0993,437460.5
2026-08-22 09:40:00,0.0994,0.0995,0.0993,0.0994,265409.0
2026-08-22 09:45:00,0.0994,0.0994,0.0985,0.0989,391379.5
2026-08-22 09:50:00,0.0988,0.0991,0.0987,0.0988,208760.7
2026-08-22 09:55:00,0.0988,0.0991,0.0988,0.0991,122745.3
2026-08-22 10:00:00,0.0991,0.0991,0.0976,0.0981,770387.6
2026-08-22 10:05:00,0.0982,0.0983,0.0977,0.0978,756679.3
2026-08-22 10:10:00,0.0978,0.098,0.097,0.0972,1065739.8
2026-08-22 10:15:00,0.0973,0.0976,0.0969,0.097,464076.7
2026-08-22 10:20:00,0.097,0.0972,0.0959,0.0962,1055743.4
2026-08-22 10:25:00,0.0961,0.0973,0.096,0.0972,1072398.2
2026-08-22 10:30:00,0.0972,0.0973,0.0968,0.0972,663131.3
2026-08-22 10:35:00,0.0972,0.0981,0.0972,0.0981,611982.6
2026-08-22 10:40:00,0.098,0.0984,0.098,0.0983,209811.8
2026-08-22 10:45:00,0.0983,0.0984,0.0976,0.0977,498398.3
2026-08-22 10:50:00,0.0978,0.0978,0.0974,0.0976,522745.7
2026-08-22 10:55:00,0.0977,0.0977,0.0972,0.0976,336399.2
2026-08-22 11:00:00,0.0976,0.0977,0.0972,0.0976,425399.7
2026-08-22 11:05:00,0.0977,0.098,0.0975,0.0975,734109.9
2026-08-22 11:10:00,0.0975,0.0977,0.0974,0.0974,96798.6
2026-08-22 11:15:00,0.0974,0.0975,0.0971,0.0971,577506.7
2026-08-22 11:20:00,0.0971,0.0973,0.097,0.0972,287042.2
2026-08-22 11:25:00,0.0972,0.0975,0.0972,0.0974,101035.4
2026-08-22 11:30:00,0.0974,0.0981,0.0973,0.098,171842.2
2026-08-22 11:35:00,0.098,0.0982,0.0979,0.0981,268475.1
2026-08-22 11:40:00,0.0982,0.0982,0.0981,0.0981,284849.3
2026-08-22 11:45:00,0.0982,0.0983,0.0981,0.0982,134268.6
2026-08-22 11:50:00,0.0981,0.0982,0.0979,0.0981,80214.5
2026-08-22 11:55:00,0.098,0.0982,0.098,0.0982,65357.1
2026-08-22 12:00:00,0.0981,0.0987,0.098,0.0981,234474.0
2026-08-22 12:05:00,0.0981,0.0984,0.0981,0.0984,78248.5
2026-08-22 12:10:00,0.0984,0.0989,0.0984,0.0988,268512.2
2026-08-22 12:15:00,0.0988,0.0993,0.0986,0.0993,396215.9
2026-08-22 12:20:00,0.0992,0.0993,0.0991,0.0991,164682.4
2026-08-22 12:25:00,0.0991,0.0993,0.0988,0.0993,341316.3
2026-08-22 12:30:00,0.0992,0.0993,0.0989,0.099,115824.3
2026-08-22 12:35:00,0.099,0.0992,0.0989,0.0991,93195.1
2026-08-22 12:40:00,0.0991,0.0993,0.0991,0.0992,257633.7
2026-08-22 12:45:00,0.0992,0.0993,0.0991,0.0992,120815.8
2026-08-22 12:50:00,0.0992,0.0992,0.0987,0.0987,159416.5
2026-08-22 12:55:00,0.0987,0.0989,0.0986,0.0987,163229.6
2026-08-22 13:00:00,0.0987,0.0987,0.0982,0.0985,374649.7
2026-08-22 13:05:00,0.0987,0.0989,0.0986,0.0987,342281.3
2026-08-22 13:10:00,0.0988,0.099,0.0986,0.0988,156885.7
2026-08-22 13:15:00,0.0989,0.0991,0.0984,0.0984,147833.3
2026-08-22 13:20:00,0.0983,0.0986,0.0981,0.0985,88687.7
2026-08-22 13:25:00,0.0985,0.0988,0.0984,0.0985,75693.4
2026-08-22 13:30:00,0.0985,0.0986,0.0981,0.0982,43973.5
2026-08-22 13:35:00,0.0982,0.0985,0.098,0.0983,234349.2
2026-08-22 13:40:00,0.0982,0.0984,0.0982,0.0984,67652.3
2026-08-22 13:45:00,0.0984,0.0987,0.0984,0.0986,142889.9
2026-08-22 13:50:00,0.0987,0.0993,0.0986,0.0991,982777.7
2026-08-22 13:55:00,0.0991,0.0991,0.0989,0.0991,196405.0
2026-08-22 14:00:00,0.0991,0.0992,0.0986,0.0986,301551.2
2026-08-22 14:05:00,0.0986,0.0987,0.0978,0.0984,527976.3
2026-08-22 14:10:00,0.0985,0.0986,0.0983,0.0983,100032.8
2026-08-22 14:15:00,0.0984,0.0984,0.0979,0.0982,90607.7
2026-08-22 14:20:00,0.0983,0.0984,0.0981,0.0983,45256.4
2026-08-22 14:25:00,0.0982,0.0983,0.0981,0.0983,138452.7
2026-08-22 14:30:00,0.0983,0.0985,0.0981,0.0985,78975.9
2026-08-22 14:35:00,0.0986,0.0986,0.098,0.098,171580.9
2026-08-22 14:40:00,0.0981,0.0983,0.0977,0.0978,89183.8
2026-08-22 14:45:00,0.0978,0.0979,0.0974,0.0974,213845.5
2026-08-22 14:50:00,0.0975,0.0976,0.0972,0.0972,237810.9
2026-08-22 14:55:00,0.0973,0.0977,0.0973,0.0977,59558.9
2026-08-22 15:00:00,0.0976,0.0979,0.0973,0.0974,112251.5
2026-08-22 15:05:00,0.0975,0.0976,0.0972,0.0972,206640.1
2026-08-22 15:10:00,0.0972,0.0974,0.0971,0.0971,320480.5
2026-08-22 15:15:00,0.0971,0.0974,0.0971,0.0972,145231.7
2026-08-22 15:20:00,0.0973,0.0974,0.0968,0.0973,200924.0
2026-08-22 15:25:00,0.0972,0.0975,0.0971,0.0975,38617.9
2026-08-22 15:30:00,0.0975,0.098,0.0972,0.098,355789.9
2026-08-22 15:35:00,0.098,0.0981,0.0976,0.0979,138987.3
2026-08-22 15:40:00,0.0978,0.0978,0.0975,0.0977,121318.6
2026-08-22 15:45:00,0.0977,0.0981,0.0977,0.0979,296664.9
2026-08-22 15:50:00,0.0979,0.098,0.0976,0.0978,168713.7
2026-08-22 15:55:00,0.0978,0.0981,0.0978,0.0979,138020.2
2026-08-22 16:00:00,0.098,0.0984,0.0979,0.0984,111745.6
2026-08-22 16:05:00,0.0983,0.0985,0.098,0.098,172589.4
2026-08-22 16:10:00,0.0979,0.0981,0.0975,0.0981,151630.6
2026-08-22 16:15:00,0.098,0.0988,0.098,0.0987,339900.1
2026-08-22 16:20:00,0.0987,0.0991,0.0987,0.099,278666.1
2026-08-22 16:25:00,0.0991,0.0992,0.099,0.0991,49050.0
2026-08-22 16:30:00,0.0991,0.0992,0.0989,0.0989,158345.4
2026-08-22 16:35:00,0.099,0.0994,0.099,0.0994,128543.5
2026-08-22 16:40:00,0.0994,0.0997,0.0993,0.0996,135402.7
2026-08-22 16:45:00,0.0996,0.0997,0.0995,0.0995,32740.4
2026-08-22 16:50:00,0.0996,0.0996,0.0992,0.0992,26202.9
2026-08-22 16:55:00,0.0993,0.0994,0.0993,0.0993,55946.9
2026-08-22 17:00:00,0.0993,0.0996,0.0993,0.0994,108020.7
2026-08-22 17:05:00,0.0995,0.0997,0.0993,0.0994,236769.1
2026-08-22 17:10:00,0.0995,0.0995,0.0991,0.0992,59459.0
2026-08-22 17:15:00,0.0991,0.0996,0.0991,0.0996,155009.9
2026-08-22 17:20:00,0.0996,0.0997,0.0995,0.0995,52659.9
2026-08-22 17:25:00,0.0996,0.0996,0.0988,0.099,362889.4
2026-08-22 17:30:00,0.0991,0.0999,0.0991,0.0998,492625.6
2026-08-22 17:35:00,0.0997,0.1008,0.0997,0.1002,508932.8
2026-08-22 17:40:00,0.1002,0.1009,0.1002,0.1008,347839.1
2026-08-22 17:45:00,0.1008,0.1009,0.1006,0.1008,219982.4
2026-08-22 17:50:00,0.1008,0.1011,0.1007,0.1007,37903.3
2026-08-22 17:55:00,0.1007,0.1007,0.1005,0.1007,112510.5
2026-08-22 18:00:00,0.1008,0.1008,0.1005,0.1007,122817.2
2026-08-22 18:05:00,0.1006,0.1009,0.1002,0.1002,169592.9
2026-08-22 18:10:00,0.1003,0.1003,0.1,0.1001,857288.2
2026-08-22 18:15:00,0.1001,0.1004,0.1001,0.1002,163395.9
2026-08-22 18:20:00,0.1002,0.1007,0.1002,0.1006,133253.3
2026-08-22 18:25:00,0.1006,0.1008,0.1005,0.1006,138303.2
2026-08-22 18:30:00,0.1005,0.1007,0.1003,0.1003,255730.6
2026-08-22 18:35:00,0.1003,0.1003,0.0993,0.0994,1580365.7
2026-08-22 18:40:00,0.0994,0.1,0.0994,0.0998,299784.4
2026-08-22 18:45:00,0.0998,0.0998,0.0993,0.0995,462683.7
2026-08-22 18:50:00,0.0994,0.0995,0.0991,0.0993,362844.2
2026-08-22 18:55:00,0.0994,0.1,0.0993,0.0998,249068.1
2026-08-22 19:00:00,0.0998,0.0999,0.0996,0.0996,235079.1
2026-08-22 19:05:00,0.0996,0.0997,0.0993,0.0994,269003.5
2026-08-22 19:10:00,0.0995,0.0999,0.0995,0.0996,268817.1
2026-08-22 19:15:00,0.0996,0.0997,0.0993,0.0993,56438.9
2026-08-22 19:20:00,0.0994,0.0994,0.0992,0.0993,54811.1
2026-08-22 19:25:00,0.0992,0.0995,0.0992,0.0993,89148.3
2026-08-22 19:30:00,0.0994,0.0998,0.0994,0.0997,147026.8
2026-08-22 19:35:00,0.0997,0.0999,0.0995,0.0996,298971.3
2026-08-22 19:40:00,0.0996,0.1,0.0996,0.0999,27732.4
2026-08-22 19:45:00,0.1,0.1002,0.1,0.1001,110138.1
2026-08-22 19:50:00,0.1001,0.1002,0.1,0.1001,69350.0
2026-08-22 19:55:00,0.1001,0.1002,0.0999,0.0999,45348.1
2026-08-22 20:00:00,0.1,0.1004,0.0999,0.1004,219622.8
2026-08-22 20:05:00,0.1003,0.1005,0.1002,0.1003,45418.2
2026-08-22 20:10:00,0.1003,0.1005,0.1003,0.1003,24036.6
2026-08-22 20:15:00,0.1003,0.1003,0.0999,0.1,158123.7
2026-08-22 20:20:00,0.0999,0.1001,0.0998,0.1001,217906.3
2026-08-22 20:25:00,0.1001,0.1002,0.0998,0.0998,63798.0
2026-08-22 20:30:00,0.0998,0.0998,0.0994,0.0994,88910.3
2026-08-22 20:35:00,0.0994,0.0996,0.0993,0.0996,58014.2
2026-08-22 20:40:00,0.0997,0.0997,0.0994,0.0995,92905.9
2026-08-22 20:45:00,0.0996,0.0996,0.0993,0.0995,92981.2
2026-08-22 20:50:00,0.0995,0.0995,0.0993,0.0994,54494.0
2026-08-22 20:55:00,0.0993,0.0993,0.0989,0.0992,297644.9
2026-08-22 21:00:00,0.0992,0.0992,0.0979,0.098,338074.4
2026-08-22 21:05:00,0.0981,0.0984,0.0981,0.0983,69163.6
2026-08-22 21:10:00,0.0982,0.0984,0.0977,0.0978,698273.8
2026-08-22 21:15:00,0.0978,0.0982,0.0978,0.0982,260466.8
2026-08-22 21:20:00,0.0983,0.0984,0.0982,0.0983,66060.7
2026-08-22 21:25:00,0.0982,0.0984,0.0981,0.0983,169213.3
2026-08-22 21:30:00,0.0982,0.0983,0.0975,0.0977,288500.8
2026-08-22 21:35:00,0.0976,0.0976,0.0972,0.0973,251477.0
2026-08-22 21:40:00,0.0973,0.0975,0.0971,0.0975,140123.8
2026-08-22 21:45:00,0.0975,0.0975,0.097,0.0971,165899.0
2026-08-22 21:50:00,0.0971,0.0971,0.0967,0.0968,2325651.8
2026-08-22 21:55:00,0.0969,0.0971,0.0968,0.097,125148.1
2026-08-22 22:00:00,0.097,0.0974,0.0965,0.0969,329133.1
2026-08-22 22:05:00,0.0969,0.0977,0.0969,0.0976,228027.4
2026-08-22 22:10:00,0.0976,0.0977,0.0974,0.0977,149400.4
2026-08-22 22:15:00,0.0978,0.0981,0.0977,0.0978,237166.7
2026-08-22 22:20:00,0.0978,0.0982,0.0978,0.0982,169414.7
2026-08-22 22:25:00,0.0983,0.0989,0.0982,0.0988,637939.5
2026-08-22 22:30:00,0.0987,0.0989,0.0982,0.0987,553781.6
2026-08-22 22:35:00,0.0988,0.0992,0.0987,0.099,305446.2
2026-08-22 22:40:00,0.0991,0.0992,0.099,0.0991,265079.2
2026-08-22 22:45:00,0.0992,0.0993,0.0992,0.0992,26018.5
2026-08-22 22:50:00,0.0993,0.0996,0.0992,0.0996,286019.0
2026-08-22 22:55:00,0.0996,0.0997,0.0993,0.0995,297158.1
2026-08-22 23:00:00,0.0996,0.0997,0.0992,0.0997,236510.9
2026-08-22 23:05:00,0.0997,0.0998,0.0993,0.0995,219058.6
2026-08-22 23:10:00,0.0994,0.0996,0.0993,0.0994,103442.4
2026-08-22 23:15:00,0.0994,0.0995,0.0992,0.0995,126209.0
2026-08-22 23:20:00,0.0996,0.0997,0.0993,0.0994,60949.2
2026-08-22 23:25:00,0.0994,0.0995,0.0991,0.0991,211527.7
2026-08-22 23:30:00,0.0991,0.0991,0.0986,0.0986,71923.3
2026-08-22 23:35:00,0.0987,0.0991,0.0986,0.099,413180.4
2026-08-22 23:40:00,0.099,0.0991,0.099,0.099,8385.0
2026-08-22 23:45:00,0.099,0.0993,0.099,0.0993,77866.1
2026-08-22 23:50:00,0.0993,0.0993,0.0992,0.0993,62344.3
2026-08-22 23:55:00,0.0993,0.0994,0.099,0.099,172536.2
2026-08-23 00:00:00,0.099,0.0993,0.0989,0.0992,148849.7
2026-08-23 00:05:00,0.0992,0.0997,0.0991,0.0993,237765.5
2026-08-23 00:10:00,0.0992,0.0993,0.0991,0.0993,43536.5
2026-08-23 00:15:00,0.0993,0.0997,0.0992,0.0996,130173.3
2026-08-23 00:20:00,0.0995,0.0995,0.0991,0.0993,242536.6
2026-08-23 00:25:00,0.0992,0.0999,0.0992,0.0999,43193.4
2026-08-23 00:30:00,0.0998,0.1,0.0997,0.0998,109844.3
2026-08-23 00:35:00,0.0999,0.1005,0.0998,0.1001,558205.4
2026-08-23 00:40:00,0.1001,0.1002,0.0998,0.0999,46592.8
2026-08-23 00:45:00,0.0998,0.1001,0.0998,0.1001,137986.0
2026-08-23 00:50:00,0.1001,0.1005,0.1001,0.1003,151048.1
2026-08-23 00:55:00,0.1003,0.1004,0.1001,0.1001,79286.7
2026-08-23 01:00:00,0.1001,0.1001,0.0996,0.0996,158121.5
2026-08-23 01:05:00,0.0997,0.0999,0.0992,0.0995,224545.5
2026-08-23 01:10:00,0.0995,0.0999,0.0994,0.0999,381576.4
2026-08-23 01:15:00,0.0999,0.0999,0.0983,0.0987,2399952.4
2026-08-23 01:20:00,0.0988,0.0992,0.0986,0.0992,459901.2
2026-08-23 01:25:00,0.0993,0.0993,0.099,0.0991,132388.0
2026-08-23 01:30:00,0.0992,0.0993,0.0988,0.0991,310429.0
2026-08-23 01:35:00,0.0991,0.0991,0.0989,0.099,88037.6
2026-08-23 01:40:00,0.099,0.0991,0.0982,0.0988,392150.4
2026-08-23 01:45:00,0.0988,0.0995,0.0987,0.0989,1047623.1
2026-08-23 01:50:00,0.0989,0.0991,0.0988,0.0989,333594.4
2026-08-23 01:55:00,0.0989,0.0989,0.0985,0.0987,279938.7
2026-08-23 02:00:00,0.0986,0.0986,0.0983,0.0983,119403.6
2026-08-23 02:05:00,0.0984,0.0984,0.0979,0.098,274885.3
2026-08-23 02:10:00,0.0981,0.0982,0.0975,0.0975,581575.6
2026-08-23 02:15:00,0.0975,0.0979,0.0974,0.0974,175322.0
2026-08-23 02:20:00,0.0974,0.0974,0.0968,0.0969,254262.1
2026-08-23 02:25:00,0.0969,0.0971,0.0968,0.0969,390882.4
2026-08-23 02:30:00,0.0969,0.0976,0.0969,0.0975,268049.3
2026-08-23 02:35:00,0.0975,0.0975,0.0973,0.0973,229540.5
2026-08-23 02:40:00,0.0974,0.0975,0.0971,0.0973,239173.7
2026-08-23 02:45:00,0.0973,0.0976,0.097,0.0975,361619.0
2026-08-23 02:50:00,0.0975,0.098,0.0972,0.0972,1048597.6
2026-08-23 02:55:00,0.0971,0.0972,0.0969,0.097,105380.2
2026-08-23 03:00:00,0.097,0.0971,0.0967,0.0968,270476.9
2026-08-23 03:05:00,0.0967,0.0968,0.0962,0.0963,111896.7
2026-08-23 03:10:00,0.0963,0.0967,0.0962,0.0966,201253.5
2026-08-23 03:15:00,0.0965,0.0968,0.0964,0.0965,132700.4
2026-08-23 03:20:00,0.0964,0.0964,0.0958,0.096,395574.2
2026-08-23 03:25:00,0.0961,0.0962,0.0958,0.0959,106562.6
2026-08-23 03:30:00,0.0959,0.0959,0.0954,0.0956,980042.3
2026-08-23 03:35:00,0.0956,0.0958,0.0955,0.0956,133539.9
2026-08-23 03:40:00,0.0956,0.0956,0.0954,0.0955,146544.0
2026-08-23 03:45:00,0.0956,0.0962,0.0956,0.0961,365402.9
2026-08-23 03:50:00,0.0961,0.0962,0.0958,0.096,341975.3
2026-08-23 03:55:00,0.096,0.0962,0.0956,0.0959,464195.3
2026-08-23 04:00:00,0.0959,0.0959,0.0952,0.0953,90756.1
2026-08-23 04:05:00,0.0953,0.0958,0.0951,0.0955,410458.1
2026-08-23 04:10:00,0.0955,0.0964,0.0954,0.0964,101303.6
2026-08-23 04:15:00,0.0964,0.0965,0.0959,0.0959,339963.3
2026-08-23 04:20:00,0.0959,0.096,0.0958,0.0959,381459.0
2026-08-23 04:25:00,0.096,0.0963,0.096,0.0963,130874.0
2026-08-23 04:30:00,0.0962,0.0962,0.0958,0.0958,309774.7
2026-08-23 04:35:00,0.0958,0.0958,0.0955,0.0958,113055.7
2026-08-23 04:40:00,0.0959,0.0959,0.0955,0.0956,96792.1
2026-08-23 04:45:00,0.0956,0.0956,0.0947,0.0948,2461010.4
2026-08-23 04:50:00,0.0948,0.0955,0.0948,0.0954,295879.6
2026-08-23 04:55:00,0.0954,0.0955,0.0951,0.0951,492663.9
2026-08-23 05:00:00,0.095,0.0955,0.095,0.0953,709252.9
2026-08-23 05:05:00,0.0952,0.0954,0.0946,0.095,304405.0
2026-08-23 05:10:00,0.0949,0.0953,0.0946,0.0946,197312.2
2026-08-23 05:15:00,0.0947,0.0954,0.0942,0.0954,505987.1
2026-08-23 05:20:00,0.0955,0.0967,0.0953,0.0966,1178201.3
2026-08-23 05:25:00,0.0965,0.0967,0.0962,0.0963,265708.0
2026-08-23 05:30:00,0.0964,0.0966,0.0962,0.0964,95800.4
2026-08-23 05:35:00,0.0963,0.0964,0.0961,0.0962,178470.7
2026-08-23 05:40:00,0.0962,0.0964,0.096,0.0961,188930.5
2026-08-23 05:45:00,0.0962,0.0962,0.0961,0.0962,76427.0
2026-08-23 05:50:00,0.0962,0.0962,0.0959,0.096,127738.9
2026-08-23 05:55:00,0.096,0.096,0.0956,0.0956,144407.5
2026-08-23 06:00:00,0.0955,0.0956,0.0952,0.0955,163137.6
2026-08-23 06:05:00,0.0955,0.0955,0.0951,0.0951,151233.1
2026-08-23 06:10:00,0.0952,0.0956,0.095,0.0956,214816.3
2026-08-23 06:15:00,0.0956,0.0959,0.0956,0.0958,628127.7
2026-08-23 06:20:00,0.0958,0.096,0.0956,0.0957,256219.2
2026-08-23 06:25:00,0.0958,0.096,0.0956,0.0958,294937.0
2026-08-23 06:30:00,0.0958,0.0963,0.0958,0.0962,384777.6
2026-08-23 06:35:00,0.0962,0.0963,0.0961,0.0962,248490.2
2026-08-23 06:40:00,0.0963,0.0963,0.0961,0.0963,203658.4
2026-08-23 06:45:00,0.0963,0.0964,0.0961,0.0962,93359.9
2026-08-23 06:50:00,0.0962,0.0962,0.0961,0.0961,140085.7
2026-08-23 06:55:00,0.0961,0.0961,0.0959,0.0961,195162.0
2026-08-23 07:00:00,0.0962,0.0964,0.096,0.0961,214668.1
2026-08-23 07:05:00,0.0962,0.0966,0.0961,0.0966,246027.1
2026-08-23 07:10:00,0.0966,0.0969,0.0966,0.0967,321482.1
2026-08-23 07:15:00,0.0967,0.0969,0.0966,0.0967,498161.5
2026-08-23 07:20:00,0.0967,0.0967,0.0963,0.0966,590122.8
2026-08-23 07:25:00,0.0966,0.0966,0.0964,0.0965,136125.7
2026-08-23 07:30:00,0.0965,0.0965,0.0963,0.0964,91706.6
2026-08-23 07:35:00,0.0963,0.0964,0.0963,0.0964,77335.1
2026-08-23 07:40:00,0.0965,0.0965,0.0962,0.0963,93264.9
2026-08-23 07:45:00,0.0964,0.0965,0.0962,0.0963,71462.9
2026-08-23 07:50:00,0.0964,0.0968,0.0963,0.0966,222309.8
2026-08-23 07:55:00,0.0966,0.0966,0.0963,0.0964,152274.6
2026-08-23 08:00:00,0.0964,0.0968,0.0964,0.0967,93882.4
2026-08-23 08:05:00,0.0967,0.0976,0.0967,0.0974,204098.0
2026-08-23 08:10:00,0.0974,0.0975,0.0972,0.0972,116797.7
2026-08-23 08:15:00,0.0972,0.0973,0.0971,0.0971,80915.2
2026-08-23 08:20:00,0.0971,0.0972,0.0971,0.0971,46803.2
2026-08-23 08:25:00,0.0971,0.0972,0.097,0.0971,38420.9
2026-08-23 08:30:00,0.0972,0.0975,0.0972,0.0975,54868.2
2026-08-23 08:35:00,0.0974,0.0977,0.0973,0.0977,14442.4
2026-08-23 08:40:00,0.0976,0.0982,0.0975,0.0982,139088.4
2026-08-23 08:45:00,0.0982,0.0983,0.0981,0.0981,112198.5
2026-08-23 08:50:00,0.0981,0.0982,0.098,0.0982,135474.6
2026-08-23 08:55:00,0.0981,0.0982,0.098,0.0982,179078.8
2026-08-23 09:00:00,0.0982,0.0987,0.0981,0.0986,273287.1
2026-08-23 09:05:00,0.0986,0.0986,0.0983,0.0983,145707.3
2026-08-23 09:10:00,0.0982,0.0984,0.0982,0.0984,131845.5
2026-08-23 09:15:00,0.0985,0.0985,0.0981,0.0982,114285.4
2026-08-23 09:20:00,0.0983,0.0983,0.098,0.0982,129668.8
2026-08-23 09:25:00,0.0982,0.0985,0.0982,0.0984,75359.7
2026-08-23 09:30:00,0.0983,0.0984,0.0981,0.0982,136215.3
2026-08-23 09:35:00,0.0982,0.0984,0.098,0.0984,279779.4
2026-08-23 09:40:00,0.0984,0.0986,0.0984,0.0986,78536.8
2026-08-23 09:45:00,0.0985,0.0986,0.0983,0.0986,113411.8
2026-08-23 09:50:00,0.0987,0.0989,0.0986,0.0987,476440.0
2026-08-23 09:55:00,0.0986,0.0987,0.0984,0.0985,256536.2
2026-08-23 10:00:00,0.0985,0.0989,0.0985,0.0986,203612.8
2026-08-23 10:05:00,0.0987,0.0988,0.0985,0.0986,275757.0
2026-08-23 10:10:00,0.0987,0.0988,0.0986,0.0988,162734.9
2026-08-23 10:15:00,0.0989,0.0994,0.0989,0.0994,281551.0
2026-08-23 10:20:00,0.0995,0.0997,0.0994,0.0996,241198.4
2026-08-23 10:25:00,0.0996,0.0998,0.0993,0.0994,89697.3
2026-08-23 10:30:00,0.0994,0.0999,0.0993,0.0998,171986.6
2026-08-23 10:35:00,0.0998,0.0998,0.0996,0.0996,108129.4
2026-08-23 10:40:00,0.0996,0.0997,0.0995,0.0997,155344.2
2026-08-23 10:45:00,0.0996,0.0996,0.0991,0.0993,401329.2
2026-08-23 10:50:00,0.0993,0.0994,0.0992,0.0994,197940.4
2026-08-23 10:55:00,0.0995,0.0996,0.0993,0.0995,104903.8
2026-08-23 11:00:00,0.0995,0.0996,0.0993,0.0993,35721.5
2026-08-23 11:05:00,0.0993,0.0998,0.0993,0.0995,111554.2
2026-08-23 11:10:00,0.0995,0.0997,0.0995,0.0996,57740.9
2026-08-23 11:15:00,0.0997,0.0999,0.0996,0.0998,227219.0
2026-08-23 11:20:00,0.0998,0.1005,0.0998,0.1005,276978.9
2026-08-23 11:25:00,0.1005,0.1006,0.1001,0.1001,375432.9
2026-08-23 11:30:00,0.1001,0.1002,0.1,0.1,552458.8
2026-08-23 11:35:00,0.1,0.1003,0.0999,0.1002,89394.3
2026-08-23 11:40:00,0.1002,0.1003,0.0998,0.0999,275599.9
2026-08-23 11:45:00,0.0999,0.1,0.0997,0.0998,1045793.3
2026-08-23 11:50:00,0.0998,0.1004,0.0997,0.1003,332662.3
2026-08-23 11:55:00,0.1003,0.1003,0.1,0.1001,272867.3
2026-08-23 12:00:00,0.1001,0.1001,0.0999,0.0999,177305.0
2026-08-23 12:05:00,0.0999,0.1001,0.0993,0.0999,706561.2
2026-08-23 12:10:00,0.0998,0.0998,0.0993,0.0997,1004194.3
2026-08-23 12:15:00,0.0997,0.0999,0.0996,0.0999,124554.3
2026-08-23 12:20:00,0.0999,0.0999,0.0997,0.0997,105963.9
2026-08-23 12:25:00,0.0998,0.0999,0.0997,0.0998,81446.1
2026-08-23 12:30:00,0.0998,0.1,0.0998,0.0998,80095.1
2026-08-23 12:35:00,0.0997,0.1,0.0996,0.1,137688.7
2026-08-23 12:40:00,0.1001,0.1004,0.1,0.1003,162835.9
2026-08-23 12:45:00,0.1004,0.101,0.1002,0.1006,424054.2
2026-08-23 12:50:00,0.1007,0.1007,0.1001,0.1001,478198.1
2026-08-23 12:55:00,0.1001,0.1007,0.1001,0.1006,111056.8
2026-08-23 13:00:00,0.1006,0.1008,0.1006,0.1008,95555.5
2026-08-23 13:05:00,0.1009,0.1017,0.1008,0.101,1117915.5
2026-08-23 13:10:00,0.1011,0.1011,0.1007,0.1007,226908.3
2026-08-23 13:15:00,0.1008,0.1024,0.1007,0.1019,590125.0
2026-08-23 13:20:00,0.1018,0.102,0.1016,0.1019,569694.5
2026-08-23 13:25:00,0.1019,0.102,0.1016,0.1017,233263.7
2026-08-23 13:30:00,0.1017,0.102,0.1014,0.1017,450734.0
2026-08-23 13:35:00,0.1017,0.1021,0.1016,0.1021,345661.0
2026-08-23 13:40:00,0.1021,0.1022,0.1019,0.1021,539304.5
2026-08-23 13:45:00,0.102,0.1029,0.1019,0.1025,568390.1
2026-08-23 13:50:00,0.1025,0.1029,0.1025,0.1029,242157.6
2026-08-23 13:55:00,0.103,0.1038,0.103,0.1033,1418997.7
2026-08-23 14:00:00,0.1033,0.1035,0.1031,0.1033,336219.5
2026-08-23 14:05:00,0.1034,0.1034,0.1029,0.1033,613318.2
2026-08-23 14:10:00,0.1033,0.1035,0.1028,0.1029,493393.4
2026-08-23 14:15:00,0.1029,0.1032,0.1027,0.1027,525444.2
2026-08-23 14:20:00,0.1028,0.1029,0.1026,0.1026,202628.7
2026-08-23 14:25:00,0.1026,0.1029,0.1025,0.1027,405388.2
2026-08-23 14:30:00,0.1028,0.1036,0.1027,0.1028,775556.1
2026-08-23 14:35:00,0.1028,0.1029,0.1026,0.1027,423527.5
2026-08-23 14:40:00,0.1027,0.1028,0.0996,0.1011,2714512.8
2026-08-23 14:45:00,0.101,0.1017,0.101,0.1016,457572.4
2026-08-23 14:50:00,0.1017,0.1019,0.1015,0.1018,191612.3
2026-08-23 14:55:00,0.1017,0.1018,0.1015,0.1016,320618.1
2026-08-23 15:00:00,0.1017,0.1022,0.1011,0.1019,836497.8
2026-08-23 15:05:00,0.1019,0.1021,0.1017,0.1019,223614.6
2026-08-23 15:10:00,0.1019,0.1019,0.1012,0.1013,167867.3
2026-08-23 15:15:00,0.1013,0.1014,0.1009,0.1011,196973.6
2026-08-23 15:20:00,0.1011,0.1018,0.1011,0.1018,323777.3
2026-08-23 15:25:00,0.1019,0.102,0.1017,0.102,125023.7
2026-08-23 15:30:00,0.102,0.1034,0.102,0.1023,1529485.6
2026-08-23 15:35:00,0.1024,0.1029,0.1024,0.1029,253819.2
2026-08-23 15:40:00,0.1029,0.1031,0.1024,0.1025,801287.3
2026-08-23 15:45:00,0.1025,0.1031,0.1024,0.1028,356278.1
2026-08-23 15:50:00,0.1029,0.1029,0.1022,0.1023,503106.6
2026-08-23 15:55:00,0.1023,0.1024,0.102,0.1021,325963.1
2026-08-23 16:00:00,0.1021,0.1025,0.1021,0.1025,140980.2
2026-08-23 16:05:00,0.1025,0.1025,0.1016,0.1017,609320.5
2026-08-23 16:10:00,0.1017,0.1018,0.1016,0.1017,278513.0
2026-08-23 16:15:00,0.1017,0.1017,0.1014,0.1015,86770.3
2026-08-23 16:20:00,0.1015,0.1019,0.1014,0.1018,77481.9
2026-08-23 16:25:00,0.1018,0.1018,0.1015,0.1017,78014.6
2026-08-23 16:30:00,0.1017,0.1023,0.1015,0.1023,152973.3
2026-08-23 16:35:00,0.1023,0.1024,0.1022,0.1022,285891.4
2026-08-23 16:40:00,0.1022,0.1026,0.1022,0.1025,139597.9
2026-08-23 16:45:00,0.1025,0.1025,0.1021,0.1023,326809.6
2026-08-23 16:50:00,0.1024,0.1028,0.1023,0.1027,173424.2
2026-08-23 16:55:00,0.1027,0.1027,0.1023,0.1024,389970.7
2026-08-23 17:00:00,0.1024,0.1025,0.1013,0.1017,327065.8
2026-08-23 17:05:00,0.1017,0.1025,0.1017,0.1024,175875.4
2026-08-23 17:10:00,0.1024,0.1025,0.1022,0.1024,69404.1
2026-08-23 17:15:00,0.1024,0.1027,0.102,0.1026,191625.5
2026-08-23 17:20:00,0.1027,0.1028,0.1022,0.1022,431322.5
2026-08-23 17:25:00,0.1021,0.1022,0.102,0.1022,316128.1
2026-08-23 17:30:00,0.1021,0.1022,0.1015,0.1019,411177.4
2026-08-23 17:35:00,0.1019,0.1022,0.1019,0.1019,101827.6
2026-08-23 17:40:00,0.1018,0.1019,0.1017,0.1017,110216.2
2026-08-23 17:45:00,0.1017,0.1019,0.1015,0.1016,31713.1
2026-08-23 17:50:00,0.1016,0.1018,0.1014,0.1015,95444.5
2026-08-23 17:55:00,0.1016,0.1016,0.1014,0.1016,89858.7
2026-08-23 18:00:00,0.1015,0.1017,0.1014,0.1017,38483.0
2026-08-23 18:05:00,0.1016,0.1017,0.1015,0.1017,232862.5
2026-08-23 18:10:00,0.1017,0.102,0.1016,0.1019,109046.6
2026-08-23 18:15:00,0.1018,0.1019,0.1017,0.1017,40705.3
2026-08-23 18:20:00,0.1017,0.1019,0.1016,0.1017,407502.3
2026-08-23 18:25:00,0.1017,0.1018,0.1016,0.1017,95807.8
2026-08-23 18:30:00,0.1017,0.1017,0.1014,0.1015,62321.7
2026-08-23 18:35:00,0.1016,0.1019,0.1016,0.1017,43714.0
2026-08-23 18:40:00,0.1017,0.1019,0.1017,0.1018,75504.3
2026-08-23 18:45:00,0.1018,0.1019,0.1018,0.1018,90673.3
2026-08-23 18:50:00,0.1019,0.1019,0.1017,0.1019,55101.5
2026-08-23 18:55:00,0.102,0.1022,0.102,0.1022,96752.1
2026-08-23 19:00:00,0.1022,0.1023,0.102,0.1022,230586.8
2026-08-23 19:05:00,0.1022,0.1022,0.1016,0.1017,106537.1
2026-08-23 19:10:00,0.1016,0.1016,0.1014,0.1016,145744.2
2026-08-23 19:15:00,0.1016,0.1017,0.1015,0.1015,52318.8
2026-08-23 19:20:00,0.1015,0.1019,0.1015,0.1017,36568.1
2026-08-23 19:25:00,0.1018,0.1019,0.1015,0.1017,710206.0
2026-08-23 19:30:00,0.1016,0.1016,0.1013,0.1016,114961.1
2026-08-23 19:35:00,0.1016,0.1017,0.1015,0.1016,38792.9
2026-08-23 19:40:00,0.1017,0.1019,0.1017,0.1018,22727.7
2026-08-23 19:45:00,0.1018,0.1022,0.1017,0.1017,325512.0
2026-08-23 19:50:00,0.1017,0.1017,0.1015,0.1016,8962.8
2026-08-23 19:55:00,0.1016,0.1017,0.1015,0.1015,25935.4
2026-08-23 20:00:00,0.1015,0.1016,0.1009,0.101,408680.8
2026-08-23 20:05:00,0.101,0.1015,0.1009,0.1015,185231.8
2026-08-23 20:10:00,0.1016,0.1016,0.1015,0.1015,44425.2
2026-08-23 20:15:00,0.1015,0.1018,0.1015,0.1017,61352.6
2026-08-23 20:20:00,0.1018,0.1021,0.1018,0.102,165742.6
2026-08-23 20:25:00,0.1021,0.1022,0.102,0.102,109464.8
2026-08-23 20:30:00,0.102,0.1023,0.102,0.102,243258.7
2026-08-23 20:35:00,0.102,0.102,0.1019,0.1019,58289.5
2026-08-23 20:40:00,0.102,0.1022,0.1019,0.1022,36816.8
2026-08-23 20:45:00,0.1021,0.1023,0.1021,0.1022,61135.9
2026-08-23 20:50:00,0.1021,0.1023,0.102,0.1022,77982.8
2026-08-23 20:55:00,0.1022,0.1024,0.1021,0.1022,77197.3
2026-08-23 21:00:00,0.1022,0.103,0.1022,0.103,279728.4
2026-08-23 21:05:00,0.1031,0.1032,0.1029,0.1031,178131.7
2026-08-23 21:10:00,0.103,0.1032,0.1029,0.1031,278689.0
2026-08-23 21:15:00,0.103,0.1033,0.103,0.1033,198598.3
2026-08-23 21:20:00,0.1033,0.1034,0.103,0.1031,145774.8
2026-08-23 21:25:00,0.1031,0.1033,0.1031,0.1033,159812.8
2026-08-23 21:30:00,0.1034,0.1035,0.1032,0.1035,68212.5
2026-08-23 21:35:00,0.1034,0.1034,0.1028,0.103,281352.4
2026-08-23 21:40:00,0.103,0.103,0.1025,0.1028,165471.1
2026-08-23 21:45:00,0.1028,0.1029,0.1027,0.1027,31912.3
2026-08-23 21:50:00,0.1027,0.103,0.1025,0.1029,204960.2
2026-08-23 21:55:00,0.1028,0.1029,0.1024,0.1026,205075.1
2026-08-23 22:00:00,0.1026,0.1029,0.1018,0.102,490156.1
2026-08-23 22:05:00,0.1021,0.1022,0.102,0.1021,74743.9
2026-08-23 22:10:00,0.1021,0.1022,0.1019,0.102,46769.3
2026-08-23 22:15:00,0.102,0.1022,0.1018,0.1022,133633.1
2026-08-23 22:20:00,0.1021,0.1023,0.1021,0.1022,84816.7
2026-08-23 22:25:00,0.1023,0.1024,0.1021,0.1023,167346.1
2026-08-23 22:30:00,0.1023,0.1023,0.102,0.1022,59462.1
2026-08-23 22:35:00,0.1023,0.1024,0.1021,0.1024,81667.5
2026-08-23 22:40:00,0.1023,0.1025,0.1021,0.1022,117602.2
2026-08-23 22:45:00,0.1022,0.1022,0.1018,0.102,212576.6
2026-08-23 22:50:00,0.1021,0.1022,0.1019,0.1019,60102.4
2026-08-23 22:55:00,0.1019,0.1019,0.1018,0.1018,43914.1
2026-08-23 23:00:00,0.1019,0.1019,0.1015,0.1017,225534.9
2026-08-23 23:05:00,0.1017,0.1018,0.1014,0.1017,89589.1
2026-08-23 23:10:00,0.1018,0.1018,0.1013,0.1014,139480.8
2026-08-23 23:15:00,0.1015,0.1018,0.1014,0.1017,188666.5
2026-08-23 23:20:00,0.1017,0.1018,0.1013,0.1013,292905.8
2026-08-23 23:25:00,0.1014,0.1017,0.1012,0.1017,344994.4
2026-08-23 23:30:00,0.1017,0.1021,0.1016,0.1017,528193.8
2026-08-23 23:35:00,0.1017,0.1017,0.1013,0.1013,57002.5
2026-08-23 23:40:00,0.1013,0.1014,0.101,0.1012,331684.9
2026-08-23 23:45:00,0.1012,0.1015,0.1011,0.1014,81467.3
2026-08-23 23:50:00,0.1014,0.1018,0.1014,0.1014,322609.4
2026-08-23 23:55:00,0.1015,0.1016,0.1013,0.1013,187977.3
2026-08-24 00:00:00,0.1013,0.1014,0.1005,0.1005,301336.2
2026-08-24 00:05:00,0.1005,0.1009,0.1002,0.1009,228014.9
2026-08-24 00:10:00,0.1009,0.1009,0.1006,0.1006,59029.3
2026-08-24 00:15:00,0.1006,0.1006,0.1004,0.1004,123183.8
2026-08-24 00:20:00,0.1004,0.1004,0.1002,0.1002,125883.1
2026-08-24 00:25:00,0.1003,0.1005,0.0997,0.1005,698001.3
2026-08-24 00:30:00,0.1006,0.1006,0.1004,0.1006,126198.2
2026-08-24 00:35:00,0.1005,0.1009,0.1005,0.1007,141079.5
2026-08-24 00:40:00,0.1008,0.1009,0.1003,0.1003,167595.8
2026-08-24 00:45:00,0.1003,0.1005,0.0999,0.1002,893391.3
2026-08-24 00:50:00,0.1002,0.1004,0.1002,0.1003,69441.9
2026-08-24 00:55:00,0.1003,0.1009,0.1003,0.1009,122687.8
2026-08-24 01:00:00,0.1009,0.101,0.1005,0.1008,181441.6
2026-08-24 01:05:00,0.1009,0.101,0.1006,0.1006,123528.3
2026-08-24 01:10:00,0.1006,0.1008,0.1005,0.1006,135942.8
2026-08-24 01:15:00,0.1005,0.1005,0.1002,0.1005,53313.9
2026-08-24 01:20:00,0.1004,0.1004,0.0999,0.0999,200157.8
2026-08-24 01:25:00,0.0999,0.1003,0.0999,0.1001,159132.1
2026-08-24 01:30:00,0.1,0.1002,0.1,0.1002,217829.3
2026-08-24 01:35:00,0.1001,0.1001,0.099,0.0994,598603.0
2026-08-24 01:40:00,0.0995,0.0996,0.0992,0.0992,16670.4
2026-08-24 01:45:00,0.0992,0.0994,0.0991,0.0993,141798.0
2026-08-24 01:50:00,0.0993,0.0993,0.099,0.0991,131091.0
2026-08-24 01:55:00,0.099,0.099,0.0985,0.0986,365998.4
2026-08-24 02:00:00,0.0986,0.0988,0.0982,0.0988,447505.2
2026-08-24 02:05:00,0.0987,0.0993,0.0987,0.099,883627.9
2026-08-24 02:10:00,0.099,0.0997,0.0989,0.0996,459075.6
2026-08-24 02:15:00,0.0997,0.1001,0.0997,0.1001,290677.8
2026-08-24 02:20:00,0.1001,0.1002,0.1,0.1001,118935.7
2026-08-24 02:25:00,0.1001,0.1002,0.0999,0.1001,105502.3
2026-08-24 02:30:00,0.1002,0.1005,0.1001,0.1005,291277.6
2026-08-24 02:35:00,0.1005,0.1006,0.1003,0.1004,56195.0
2026-08-24 02:40:00,0.1004,0.1006,0.1003,0.1005,91301.2
2026-08-24 02:45:00,0.1005,0.1005,0.0998,0.1,86625.7
2026-08-24 02:50:00,0.1,0.1,0.0998,0.0999,59431.7
2026-08-24 02:55:00,0.0999,0.1002,0.0999,0.1001,152167.1
2026-08-24 03:00:00,0.1,0.1001,0.0997,0.0997,278181.2
2026-08-24 03:05:00,0.0997,0.0997,0.0993,0.0994,129762.4
2026-08-24 03:10:00,0.0995,0.0995,0.0993,0.0993,46721.8
2026-08-24 03:15:00,0.0993,0.0993,0.0992,0.0993,117434.9
2026-08-24 03:20:00,0.0993,0.0995,0.0991,0.0995,60804.6
2026-08-24 03:25:00,0.0995,0.0996,0.0992,0.0992,334847.6
2026-08-24 03:30:00,0.0992,0.0995,0.0989,0.0994,627742.6
2026-08-24 03:35:00,0.0994,0.0996,0.0991,0.0995,196786.7
2026-08-24 03:40:00,0.0994,0.0995,0.0994,0.0994,182974.8
2026-08-24 03:45:00,0.0994,0.0996,0.0994,0.0995,32474.4
2026-08-24 03:50:00,0.0996,0.0997,0.0995,0.0995,226984.1
2026-08-24 03:55:00,0.0996,0.0996,0.0994,0.0994,113777.3
2026-08-24 04:00:00,0.0995,0.1,0.0995,0.0998,180661.0
2026-08-24 04:05:00,0.0999,0.1,0.0997,0.0997,59864.8
2026-08-24 04:10:00,0.0997,0.0999,0.0996,0.0999,109481.2
2026-08-24 04:15:00,0.1,0.1005,0.1,0.1005,173501.7
2026-08-24 04:20:00,0.1006,0.1009,0.1005,0.1006,103390.2
2026-08-24 04:25:00,0.1006,0.1009,0.1006,0.1009,115383.0
2026-08-24 04:30:00,0.1009,0.101,0.1008,0.1008,86977.3
2026-08-24 04:35:00,0.1008,0.1008,0.1006,0.1006,214270.1
2026-08-24 04:40:00,0.1007,0.1009,0.1005,0.1009,261800.3
2026-08-24 04:45:00,0.1009,0.1009,0.1,0.1001,295782.6
2026-08-24 04:50:00,0.1001,0.1002,0.0997,0.1,443038.0
2026-08-24 04:55:00,0.1,0.1,0.0997,0.0998,256586.5
2026-08-24 05:00:00,0.0998,0.0999,0.0996,0.0998,38611.8
2026-08-24 05:05:00,0.0997,0.1002,0.0995,0.0999,617851.6
2026-08-24 05:10:00,0.0999,0.1008,0.0999,0.1008,546374.5
2026-08-24 05:15:00,0.1008,0.1009,0.1004,0.1004,327134.2
2026-08-24 05:20:00,0.1003,0.1004,0.1001,0.1001,223467.7
2026-08-24 05:25:00,0.1,0.1002,0.0999,0.1,164106.4
2026-08-24 05:30:00,0.0999,0.0999,0.0995,0.0997,96106.3
2026-08-24 05:35:00,0.0996,0.1001,0.0993,0.0999,161136.3
2026-08-24 05:40:00,0.0999,0.1005,0.0999,0.1003,279785.7
2026-08-24 05:45:00,0.1003,0.1005,0.1002,0.1002,102663.3
2026-08-24 05:50:00,0.1001,0.1002,0.0998,0.1001,214937.6
2026-08-24 05:55:00,0.1001,0.1001,0.0999,0.1,9052.0
2026-08-24 06:00:00,0.0999,0.1001,0.0996,0.0996,59000.7
2026-08-24 06:05:00,0.0996,0.1,0.0995,0.0999,230703.8
2026-08-24 06:10:00,0.0998,0.1002,0.0998,0.1002,66673.2
2026-08-24 06:15:00,0.1002,0.1002,0.1001,0.1001,76125.6
2026-08-24 06:20:00,0.1,0.1002,0.1,0.1002,83694.9
2026-08-24 06:25:00,0.1002,0.1002,0.1,0.1,61347.5
2026-08-24 06:30:00,0.1,0.1,0.0995,0.0995,164731.2
2026-08-24 06:35:00,0.0995,0.0995,0.099,0.099,266283.3
2026-08-24 06:40:00,0.0991,0.0992,0.099,0.0991,64643.2
2026-08-24 06:45:00,0.0992,0.0998,0.0991,0.0997,55329.5
2026-08-24 06:50:00,0.0997,0.0997,0.0995,0.0995,61493.9
2026-08-24 06:55:00,0.0995,0.0995,0.0994,0.0995,173263.0
2026-08-24 07:00:00,0.0995,0.0995,0.0993,0.0994,81941.0
2026-08-24 07:05:00,0.0994,0.0995,0.0993,0.0995,141367.3
2026-08-24 07:10:00,0.0996,0.1002,0.0996,0.1,436692.3
2026-08-24 07:15:00,0.1,0.1,0.0996,0.0996,203269.8
2026-08-24 07:20:00,0.0996,0.0997,0.0994,0.0996,158912.0
2026-08-24 07:25:00,0.0995,0.0997,0.0995,0.0996,100194.1
2026-08-24 07:30:00,0.0996,0.0996,0.0994,0.0996,53196.0
2026-08-24 07:35:00,0.0995,0.0995,0.0993,0.0994,76311.7
2026-08-24 07:40:00,0.0994,0.0994,0.099,0.099,304279.3
2026-08-24 07:45:00,0.0991,0.0997,0.0991,0.0994,112606.6
2026-08-24 07:50:00,0.0994,0.0994,0.0992,0.0994,36592.2
2026-08-24 07:55:00,0.0994,0.0994,0.0992,0.0993,30173.6
2026-08-24 08:00:00,0.0993,0.0993,0.0987,0.0987,693949.7
2026-08-24 08:05:00,0.0988,0.0994,0.0987,0.0991,276975.1
2026-08-24 08:10:00,0.099,0.0992,0.0989,0.099,234327.4
2026-08-24 08:15:00,0.0989,0.099,0.0985,0.0988,283138.3
2026-08-24 08:20:00,0.0988,0.0989,0.0985,0.0985,357769.3
2026-08-24 08:25:00,0.0986,0.0986,0.098,0.0982,529025.8
2026-08-24 08:30:00,0.0981,0.0984,0.098,0.0983,272357.6
2026-08-24 08:35:00,0.0984,0.0988,0.0983,0.0987,197111.8
2026-08-24 08:40:00,0.0987,0.0989,0.0986,0.0989,203900.5
2026-08-24 08:45:00,0.0989,0.0989,0.0986,0.0988,165272.1
2026-08-24 08:50:00,0.0989,0.0989,0.0986,0.0988,125251.1
2026-08-24 08:55:00,0.0988,0.0988,0.0987,0.0988,46649.2
2026-08-24 09:00:00,0.0987,0.0993,0.0987,0.0993,245825.1
2026-08-24 09:05:00,0.0993,0.0993,0.0991,0.0991,289245.3
2026-08-24 09:10:00,0.099,0.099,0.0986,0.099,388999.3
2026-08-24 09:15:00,0.099,0.0991,0.0989,0.0991,193672.9
2026-08-24 09:20:00,0.099,0.0992,0.0989,0.099,109922.0
2026-08-24 09:25:00,0.099,0.0993,0.0989,0.0993,170779.0
2026-08-24 09:30:00,0.0992,0.0994,0.0992,0.0993,50520.5
2026-08-24 09:35:00,0.0993,0.0995,0.0992,0.0993,57649.9
2026-08-24 09:40:00,0.0993,0.0994,0.099,0.099,98517.2
2026-08-24 09:45:00,0.0991,0.0992,0.099,0.0991,96938.2
2026-08-24 09:50:00,0.099,0.0991,0.0989,0.099,101118.4
2026-08-24 09:55:00,0.099,0.099,0.0988,0.0988,111383.0
2026-08-24 10:00:00,0.0988,0.0996,0.0987,0.0992,412893.7
2026-08-24 10:05:00,0.0993,0.0993,0.0989,0.0991,246243.4
2026-08-24 10:10:00,0.0991,0.0993,0.0987,0.0987,425401.6
2026-08-24 10:15:00,0.0987,0.0989,0.0985,0.0988,329002.4
2026-08-24 10:20:00,0.0989,0.0989,0.0986,0.0989,68814.1
2026-08-24 10:25:00,0.0988,0.0989,0.0985,0.0985,26810.7
2026-08-24 10:30:00,0.0986,0.0988,0.0986,0.0988,25001.2
2026-08-24 10:35:00,0.0988,0.0988,0.0985,0.0986,82223.0
2026-08-24 10:40:00,0.0985,0.0986,0.0981,0.0982,197739.0
2026-08-24 10:45:00,0.0983,0.0985,0.0983,0.0984,155604.0
2026-08-24 10:50:00,0.0984,0.0984,0.0981,0.0982,411102.7
2026-08-24 10:55:00,0.0982,0.0982,0.098,0.0982,68532.8
2026-08-24 11:00:00,0.0982,0.0982,0.0974,0.098,685110.1
2026-08-24 11:05:00,0.0979,0.0981,0.0977,0.0981,254944.0
2026-08-24 11:10:00,0.0981,0.0984,0.0981,0.0983,27388.5
2026-08-24 11:15:00,0.0983,0.0983,0.0981,0.0983,34033.7
2026-08-24 11:20:00,0.0984,0.0984,0.0982,0.0983,678796.8
2026-08-24 11:25:00,0.0984,0.0985,0.0982,0.0983,612949.7
2026-08-24 11:30:00,0.0982,0.0991,0.0982,0.0991,270112.5
2026-08-24 11:35:00,0.0991,0.0997,0.0991,0.0995,769147.7
2026-08-24 11:40:00,0.0994,0.0999,0.0994,0.0999,770871.5
2026-08-24 11:45:00,0.0999,0.0999,0.0992,0.0994,637656.8
2026-08-24 11:50:00,0.0993,0.0996,0.0993,0.0994,333894.9
2026-08-24 11:55:00,0.0994,0.0994,0.0992,0.0994,348534.1
2026-08-24 12:00:00,0.0994,0.0994,0.099,0.0991,180946.0
2026-08-24 12:05:00,0.0991,0.0992,0.0989,0.0991,61865.0
2026-08-24 12:10:00,0.0991,0.0991,0.0986,0.0986,135205.6
2026-08-24 12:15:00,0.0987,0.0989,0.0982,0.0989,950030.1
2026-08-24 12:20:00,0.099,0.0992,0.0988,0.0992,83471.2
2026-08-24 12:25:00,0.0991,0.0993,0.099,0.0993,54821.4
2026-08-24 12:30:00,0.0992,0.0994,0.0985,0.0988,965218.1
2026-08-24 12:35:00,0.0988,0.0991,0.0988,0.099,371267.7
2026-08-24 12:40:00,0.099,0.0991,0.0988,0.0989,419160.5
2026-08-24 12:45:00,0.0989,0.0995,0.0989,0.0995,292025.8
2026-08-24 12:50:00,0.0995,0.0998,0.0993,0.0997,188686.9
2026-08-24 12:55:00,0.0996,0.0998,0.0995,0.0996,131035.7
2026-08-24 13:00:00,0.0995,0.0996,0.0992,0.0993,502810.0
2026-08-24 13:05:00,0.0993,0.0995,0.0993,0.0995,151239.3
2026-08-24 13:10:00,0.0996,0.1002,0.0996,0.0998,263558.3
2026-08-24 13:15:00,0.0999,0.0999,0.0994,0.0996,440979.8
2026-08-24 13:20:00,0.0997,0.0998,0.0996,0.0997,210013.7
2026-08-24 13:25:00,0.0996,0.0998,0.0993,0.0994,284965.1
2026-08-24 13:30:00,0.0994,0.0994,0.0983,0.0986,444099.1
2026-08-24 13:35:00,0.0986,0.0989,0.0984,0.0986,412424.0
2026-08-24 13:40:00,0.0987,0.0987,0.0975,0.0979,1181250.3
2026-08-24 13:45:00,0.0979,0.0983,0.0971,0.0982,602605.9
2026-08-24 13:50:00,0.0981,0.0984,0.0978,0.0978,448263.5
2026-08-24 13:55:00,0.0978,0.0983,0.0977,0.098,442787.4
2026-08-24 14:00:00,0.0981,0.0985,0.098,0.0984,340224.9
2026-08-24 14:05:00,0.0984,0.0987,0.0983,0.0987,165320.8
2026-08-24 14:10:00,0.0986,0.0992,0.0986,0.0991,578952.5
2026-08-24 14:15:00,0.0991,0.0992,0.0989,0.099,332896.3
2026-08-24 14:20:00,0.099,0.0999,0.0989,0.0989,323232.6
2026-08-24 14:25:00,0.099,0.0995,0.0989,0.0995,153544.6
2026-08-24 14:30:00,0.0995,0.1,0.0995,0.0999,112483.9
2026-08-24 14:35:00,0.0999,0.1001,0.0999,0.0999,96991.2
2026-08-24 14:40:00,0.0999,0.1001,0.0997,0.1,226230.0
2026-08-24 14:45:00,0.0999,0.1,0.0996,0.0996,293647.9
2026-08-24 14:50:00,0.0995,0.0996,0.0991,0.0993,282500.6
2026-08-24 14:55:00,0.0993,0.0997,0.0993,0.0996,100323.9
2026-08-24 15:00:00,0.0995,0.1,0.0994,0.0999,111278.0
2026-08-24 15:05:00,0.0998,0.1003,0.0997,0.0999,152687.4
2026-08-24 15:10:00,0.0999,0.1,0.0996,0.0999,45293.8
2026-08-24 15:15:00,0.0998,0.1002,0.0998,0.1002,111836.6
2026-08-24 15:20:00,0.1002,0.1007,0.1,0.1007,226325.1
2026-08-24 15:25:00,0.1007,0.1008,0.1003,0.1006,244354.9
2026-08-24 15:30:00,0.1005,0.1007,0.1002,0.1002,286137.4
2026-08-24 15:35:00,0.1002,0.1004,0.0994,0.0997,667637.1
2026-08-24 15:40:00,0.0997,0.1,0.099,0.0994,489971.6
2026-08-24 15:45:00,0.0993,0.1,0.0988,0.0996,3337823.5
2026-08-24 15:50:00,0.0997,0.0997,0.0992,0.0995,446142.7
2026-08-24 15:55:00,0.0994,0.0995,0.0988,0.0992,569861.9
2026-08-24 16:00:00,0.0993,0.0996,0.0992,0.0995,393033.6
2026-08-24 16:05:00,0.0995,0.0999,0.0995,0.0996,188700.2
2026-08-24 16:10:00,0.0996,0.0997,0.0994,0.0997,46893.3
2026-08-24 16:15:00,0.0997,0.1001,0.0997,0.1001,150418.1
2026-08-24 16:20:00,0.1001,0.1002,0.1,0.1001,315485.4
2026-08-24 16:25:00,0.1001,0.1002,0.0999,0.0999,153443.6
2026-08-24 16:30:00,0.0999,0.1001,0.0998,0.0999,187760.3
2026-08-24 16:35:00,0.0999,0.0999,0.0994,0.0997,228188.9
2026-08-24 16:40:00,0.0997,0.0999,0.0994,0.0996,146085.1
2026-08-24 16:45:00,0.0997,0.0998,0.0995,0.0995,93520.4
2026-08-24 16:50:00,0.0996,0.0996,0.0989,0.099,219324.5
2026-08-24 16:55:00,0.0989,0.0993,0.0988,0.099,494854.3
2026-08-24 17:00:00,0.0991,0.0991,0.098,0.0985,1669694.1
2026-08-24 17:05:00,0.0985,0.099,0.0985,0.099,450032.9
2026-08-24 17:10:00,0.0989,0.0989,0.0986,0.0987,251084.0
2026-08-24 17:15:00,0.0987,0.0988,0.0979,0.0984,400826.1
2026-08-24 17:20:00,0.0984,0.0984,0.0975,0.0977,908928.3
2026-08-24 17:25:00,0.0977,0.0978,0.0973,0.0974,388183.0
2026-08-24 17:30:00,0.0974,0.0976,0.097,0.0974,740656.3
2026-08-24 17:35:00,0.0973,0.0978,0.0972,0.0978,252818.3
2026-08-24 17:40:00,0.0978,0.0979,0.0973,0.0973,214180.4
2026-08-24 17:45:00,0.0973,0.0976,0.0973,0.0976,95216.6
2026-08-24 17:50:00,0.0976,0.0979,0.0975,0.0978,220034.7
2026-08-24 17:55:00,0.0978,0.098,0.0978,0.0979,18250.6
2026-08-24 18:00:00,0.098,0.0984,0.0979,0.0984,79331.6
2026-08-24 18:05:00,0.0984,0.0986,0.0982,0.0983,167426.5
2026-08-24 18:10:00,0.0983,0.0983,0.0981,0.0983,86163.7
2026-08-24 18:15:00,0.0983,0.0983,0.098,0.0983,67753.4
2026-08-24 18:20:00,0.0983,0.0983,0.098,0.0981,25713.0
2026-08-24 18:25:00,0.0981,0.0985,0.0981,0.0983,62851.1
2026-08-24 18:30:00,0.0984,0.0985,0.0983,0.0983,33912.6
2026-08-24 18:35:00,0.0982,0.0983,0.0978,0.098,89426.1
2026-08-24 18:40:00,0.098,0.0982,0.098,0.0982,81509.4
2026-08-24 18:45:00,0.0983,0.0984,0.098,0.0983,109883.7
2026-08-24 18:50:00,0.0983,0.0984,0.0977,0.0981,209690.6
2026-08-24 18:55:00,0.0981,0.0982,0.0979,0.0979,101449.4
2026-08-24 19:00:00,0.0979,0.0982,0.0977,0.0977,171368.0
2026-08-24 19:05:00,0.0977,0.0978,0.0969,0.0973,848935.4
2026-08-24 19:10:00,0.0973,0.0976,0.0972,0.0973,145866.0
2026-08-24 19:15:00,0.0974,0.0975,0.0969,0.097,249639.2
2026-08-24 19:20:00,0.097,0.0972,0.0969,0.0971,95710.5
2026-08-24 19:25:00,0.0972,0.0974,0.0972,0.0974,97140.0
2026-08-24 19:30:00,0.0974,0.0975,0.0973,0.0974,56947.7
2026-08-24 19:35:00,0.0974,0.0978,0.0974,0.0976,354997.2
2026-08-24 19:40:00,0.0975,0.0976,0.0972,0.0974,74339.9
2026-08-24 19:45:00,0.0973,0.0974,0.0971,0.0973,151813.1
2026-08-24 19:50:00,0.0974,0.0974,0.097,0.0972,74987.7
2026-08-24 19:55:00,0.0972,0.0972,0.097,0.0971,112779.4
2026-08-24 20:00:00,0.0971,0.0972,0.0966,0.0967,292786.3
2026-08-24 20:05:00,0.0967,0.0971,0.0966,0.0971,290939.1
2026-08-24 20:10:00,0.0972,0.0972,0.0969,0.097,17763.9
2026-08-24 20:15:00,0.097,0.0971,0.0968,0.0969,159675.0
2026-08-24 20:20:00,0.0969,0.0971,0.0968,0.0969,138035.2
2026-08-24 20:25:00,0.0969,0.0969,0.0965,0.0966,426502.0
2026-08-24 20:30:00,0.0966,0.0969,0.0964,0.0968,550650.4
2026-08-24 20:35:00,0.0968,0.0973,0.0968,0.0972,438448.2
2026-08-24 20:40:00,0.0972,0.0973,0.0972,0.0972,55323.6
2026-08-24 20:45:00,0.0973,0.0973,0.0972,0.0972,81310.1
2026-08-24 20:50:00,0.0972,0.0974,0.0972,0.0973,84693.9
2026-08-24 20:55:00,0.0973,0.0975,0.0973,0.0974,22572.7
2026-08-24 21:00:00,0.0975,0.0978,0.0975,0.0977,46649.5
2026-08-24 21:05:00,0.0977,0.0977,0.0976,0.0976,69514.2
2026-08-24 21:10:00,0.0976,0.0978,0.0976,0.0977,97643.0
2026-08-24 21:15:00,0.0976,0.0976,0.0973,0.0974,163417.0
2026-08-24 21:20:00,0.0973,0.0976,0.0973,0.0976,257997.5
2026-08-24 21:25:00,0.0975,0.0975,0.0973,0.0974,49078.7
2026-08-24 21:30:00,0.0974,0.0975,0.0974,0.0974,76929.7
2026-08-24 21:35:00,0.0974,0.0975,0.0973,0.0975,79590.9
2026-08-24 21:40:00,0.0974,0.0975,0.0973,0.0973,33155.3
2026-08-24 21:45:00,0.0973,0.0975,0.0973,0.0974,123079.2
2026-08-24 21:50:00,0.0974,0.0975,0.0973,0.0973,45851.7
2026-08-24 21:55:00,0.0974,0.0974,0.0973,0.0974,20536.1
2026-08-24 22:00:00,0.0973,0.0975,0.0972,0.0972,64085.7
2026-08-24 22:05:00,0.0973,0.0973,0.097,0.097,133174.9
2026-08-24 22:10:00,0.097,0.097,0.0966,0.0967,302689.3
2026-08-24 22:15:00,0.0966,0.0968,0.0966,0.0966,26359.7
2026-08-24 22:20:00,0.0966,0.0967,0.0965,0.0966,100586.2
2026-08-24 22:25:00,0.0966,0.0967,0.0964,0.0965,94835.9
2026-08-24 22:30:00,0.0965,0.0968,0.0965,0.0968,91596.1
2026-08-24 22:35:00,0.0968,0.0969,0.0967,0.0967,109026.4
2026-08-24 22:40:00,0.0967,0.0967,0.0964,0.0965,19141.6
2026-08-24 22:45:00,0.0964,0.0965,0.0963,0.0964,61984.6
2026-08-24 22:50:00,0.0964,0.0966,0.0963,0.0965,70822.3
2026-08-24 22:55:00,0.0964,0.0964,0.0959,0.096,207113.1
2026-08-24 23:00:00,0.0961,0.0961,0.0956,0.0959,280806.6
2026-08-24 23:05:00,0.0959,0.0962,0.0959,0.0962,84920.4
2026-08-24 23:10:00,0.0961,0.0963,0.0961,0.0962,204557.5
2026-08-24 23:15:00,0.0962,0.0963,0.0961,0.0962,67066.1
2026-08-24 23:20:00,0.0961,0.0966,0.0961,0.0965,48309.5
2026-08-24 23:25:00,0.0965,0.0966,0.0964,0.0964,88286.6
2026-08-24 23:30:00,0.0964,0.0965,0.0964,0.0964,119743.3
2026-08-24 23:35:00,0.0964,0.0968,0.0964,0.0967,158960.0
2026-08-24 23:40:00,0.0968,0.0969,0.0968,0.0968,97615.7
2026-08-24 23:45:00,0.0968,0.097,0.0967,0.0967,71674.9
2026-08-24 23:50:00,0.0967,0.0968,0.0966,0.0967,13167.4
2026-08-24 23:55:00,0.0967,0.097,0.0967,0.097,63538.3
2026-08-25 00:00:00,0.0969,0.097,0.0968,0.0968,305078.3
2026-08-25 00:05:00,0.0967,0.0972,0.0966,0.0969,570031.1
2026-08-25 00:10:00,0.0969,0.0969,0.0966,0.0967,200489.5
2026-08-25 00:15:00,0.0966,0.0966,0.0963,0.0964,30404.2
2026-08-25 00:20:00,0.0964,0.0967,0.0963,0.0966,46959.1
2026-08-25 00:25:00,0.0966,0.0968,0.0965,0.0967,86561.3
2026-08-25 00:30:00,0.0966,0.0967,0.0965,0.0967,18151.1
2026-08-25 00:35:00,0.0967,0.097,0.0967,0.0969,95795.6
2026-08-25 00:40:00,0.0969,0.0976,0.0969,0.0975,361827.1
2026-08-25 00:45:00,0.0975,0.0985,0.0974,0.098,2004399.9
2026-08-25 00:50:00,0.098,0.0982,0.0977,0.0982,674624.7
2026-08-25 00:55:00,0.0982,0.0983,0.098,0.0982,250972.5
2026-08-25 01:00:00,0.0982,0.0987,0.0981,0.0986,314937.3
2026-08-25 01:05:00,0.0986,0.0986,0.0983,0.0984,39544.6
2026-08-25 01:10:00,0.0984,0.0984,0.0982,0.0982,235766.0
2026-08-25 01:15:00,0.0982,0.0984,0.0978,0.0983,374410.2
2026-08-25 01:20:00,0.0982,0.0983,0.0981,0.0982,70671.7
2026-08-25 01:25:00,0.0982,0.0987,0.0981,0.0985,712499.4
2026-08-25 01:30:00,0.0984,0.0986,0.0983,0.0984,128698.3
2026-08-25 01:35:00,0.0983,0.0986,0.0983,0.0985,26256.4
2026-08-25 01:40:00,0.0986,0.0986,0.0982,0.0983,31693.8
2026-08-25 01:45:00,0.0983,0.0985,0.0983,0.0984,25180.8
2026-08-25 01:50:00,0.0985,0.0985,0.0981,0.0982,62778.5
2026-08-25 01:55:00,0.0982,0.0983,0.0982,0.0983,112773.3
2026-08-25 02:00:00,0.0983,0.0985,0.0982,0.0983,102255.3
2026-08-25 02:05:00,0.0982,0.0983,0.098,0.098,227415.2
2026-08-25 02:10:00,0.098,0.0981,0.0978,0.0978,59484.3
2026-08-25 02:15:00,0.0979,0.0994,0.0978,0.0994,895401.8
2026-08-25 02:20:00,0.0993,0.0995,0.0989,0.0991,387401.2
2026-08-25 02:25:00,0.0992,0.0999,0.0991,0.0998,277393.0
2026-08-25 02:30:00,0.0998,0.0999,0.0996,0.0996,326267.2
2026-08-25 02:35:00,0.0996,0.0998,0.0995,0.0997,110749.6
2026-08-25 02:40:00,0.0997,0.1001,0.0993,0.0995,436297.5
2026-08-25 02:45:00,0.0994,0.0995,0.0988,0.0988,297917.1
2026-08-25 02:50:00,0.0989,0.0989,0.0984,0.0986,490980.8
2026-08-25 02:55:00,0.0986,0.0988,0.0986,0.0987,161904.4
2026-08-25 03:00:00,0.0986,0.0991,0.0985,0.099,239530.6
2026-08-25 03:05:00,0.099,0.0993,0.099,0.0991,134472.6
2026-08-25 03:10:00,0.0991,0.0992,0.099,0.099,58738.0
2026-08-25 03:15:00,0.099,0.099,0.0986,0.099,109509.9
2026-08-25 03:20:00,0.099,0.0991,0.0986,0.0986,129744.8
2026-08-25 03:25:00,0.0985,0.0986,0.0983,0.0985,84385.0
2026-08-25 03:30:00,0.0985,0.0988,0.0985,0.0987,54586.5
2026-08-25 03:35:00,0.0987,0.0988,0.0985,0.0988,85551.5
2026-08-25 03:40:00,0.0987,0.0988,0.0982,0.0983,425995.3
2026-08-25 03:45:00,0.0983,0.0984,0.0977,0.0979,622392.7
2026-08-25 03:50:00,0.098,0.0981,0.0979,0.0979,126332.0
2026-08-25 03:55:00,0.0979,0.0979,0.0976,0.0979,161569.9
2026-08-25 04:00:00,0.0979,0.0981,0.0977,0.0978,367056.8
2026-08-25 04:05:00,0.0978,0.0978,0.0975,0.0978,168883.4
2026-08-25 04:10:00,0.0979,0.098,0.0977,0.098,175901.2
2026-08-25 04:15:00,0.098,0.098,0.0977,0.0978,335351.4
2026-08-25 04:20:00,0.0978,0.0983,0.0978,0.0982,205162.4
2026-08-25 04:25:00,0.0982,0.0983,0.098,0.0982,185176.4
2026-08-25 04:30:00,0.0982,0.0984,0.0979,0.0982,176788.2
2026-08-25 04:35:00,0.0983,0.0984,0.0981,0.0982,487939.6
2026-08-25 04:40:00,0.0983,0.0984,0.0981,0.0982,281556.7
2026-08-25 04:45:00,0.0982,0.0986,0.0982,0.0985,82454.0
2026-08-25 04:50:00,0.0985,0.0985,0.0984,0.0985,43808.0
2026-08-25 04:55:00,0.0985,0.0985,0.0983,0.0984,52920.4
2026-08-25 05:00:00,0.0983,0.099,0.0983,0.0989,236281.9
2026-08-25 05:05:00,0.099,0.0991,0.0988,0.0989,168597.6
2026-08-25 05:10:00,0.0989,0.099,0.0988,0.0989,126079.8
2026-08-25 05:15:00,0.0989,0.0989,0.0987,0.0988,58036.1
2026-08-25 05:20:00,0.0988,0.0988,0.0986,0.0988,35229.9
2026-08-25 05:25:00,0.0987,0.099,0.0987,0.0989,203453.3
2026-08-25 05:30:00,0.0988,0.099,0.0988,0.099,80876.2
2026-08-25 05:35:00,0.099,0.0991,0.0989,0.0989,145222.6
2026-08-25 05:40:00,0.0989,0.0989,0.0987,0.0987,219159.2
2026-08-25 05:45:00,0.0987,0.0988,0.0986,0.0988,14835.3
2026-08-25 05:50:00,0.0988,0.0988,0.0987,0.0987,11308.2
2026-08-25 05:55:00,0.0988,0.0988,0.0986,0.0987,83306.3
2026-08-25 06:00:00,0.0987,0.0988,0.0986,0.0986,109536.6
2026-08-25 06:05:00,0.0987,0.0987,0.0985,0.0986,64444.2
2026-08-25 06:10:00,0.0987,0.0988,0.0985,0.0988,186527.2
2026-08-25 06:15:00,0.0988,0.0989,0.0987,0.0989,35193.0
2026-08-25 06:20:00,0.0989,0.099,0.0988,0.099,239906.9
2026-08-25 06:25:00,0.0989,0.0989,0.0987,0.0988,72750.7
2026-08-25 06:30:00,0.0987,0.0987,0.0982,0.0983,587694.4
2026-08-25 06:35:00,0.0983,0.0983,0.0978,0.0979,151016.4
2026-08-25 06:40:00,0.098,0.098,0.0978,0.0979,29173.4
2026-08-25 06:45:00,0.0978,0.0979,0.0977,0.0978,62221.3
2026-08-25 06:50:00,0.0977,0.0978,0.0971,0.0972,611867.3
2026-08-25 06:55:00,0.0973,0.0973,0.0969,0.0972,479458.0
2026-08-25 07:00:00,0.0972,0.0979,0.0971,0.0978,739997.8
2026-08-25 07:05:00,0.0977,0.0978,0.0975,0.0976,66958.9
2026-08-25 07:10:00,0.0976,0.0976,0.0974,0.0974,26040.9
2026-08-25 07:15:00,0.0975,0.0979,0.0975,0.0976,349815.9
2026-08-25 07:20:00,0.0976,0.0978,0.0976,0.0976,130344.5
2026-08-25 07:25:00,0.0975,0.0979,0.0975,0.0979,108091.2
2026-08-25 07:30:00,0.0978,0.0978,0.0976,0.0977,48090.7
2026-08-25 07:35:00,0.0976,0.0978,0.0975,0.0975,73625.8
2026-08-25 07:40:00,0.0976,0.0977,0.0975,0.0976,175156.2
2026-08-25 07:45:00,0.0976,0.0976,0.0961,0.0965,752746.9
2026-08-25 07:50:00,0.0965,0.0965,0.0955,0.0965,796414.8
2026-08-25 07:55:00,0.0964,0.0965,0.0963,0.0963,86652.5
2026-08-25 08:00:00,0.0963,0.0967,0.0962,0.0965,942274.8
2026-08-25 08:05:00,0.0965,0.0965,0.0963,0.0964,183375.3
2026-08-25 08:10:00,0.0964,0.0967,0.0964,0.0967,60063.0
2026-08-25 08:15:00,0.0967,0.0971,0.0966,0.097,112400.5
2026-08-25 08:20:00,0.097,0.0973,0.0969,0.0971,321189.3
2026-08-25 08:25:00,0.0972,0.0973,0.0972,0.0973,109526.7
2026-08-25 08:30:00,0.0973,0.0973,0.0972,0.0972,66277.5
2026-08-25 08:35:00,0.0973,0.0973,0.097,0.097,88204.9
2026-08-25 08:40:00,0.097,0.0972,0.0967,0.097,1283904.8
2026-08-25 08:45:00,0.097,0.097,0.0962,0.0962,2066681.4
2026-08-25 08:50:00,0.0963,0.0964,0.096,0.0962,327548.4
2026-08-25 08:55:00,0.0962,0.0963,0.0962,0.0963,208671.8
2026-08-25 09:00:00,0.0963,0.0963,0.0958,0.096,566892.9
2026-08-25 09:05:00,0.096,0.0962,0.0959,0.0961,95298.1
2026-08-25 09:10:00,0.0962,0.0964,0.0961,0.0963,197558.7
2026-08-25 09:15:00,0.0963,0.0964,0.0962,0.0963,89130.8
2026-08-25 09:20:00,0.0963,0.0965,0.0962,0.0964,353786.0
2026-08-25 09:25:00,0.0964,0.0964,0.0961,0.0963,526399.5
2026-08-25 09:30:00,0.0963,0.0965,0.0963,0.0965,172015.3
2026-08-25 09:35:00,0.0965,0.0965,0.0964,0.0965,29265.3
2026-08-25 09:40:00,0.0964,0.0965,0.0964,0.0964,63576.1
2026-08-25 09:45:00,0.0964,0.0966,0.0963,0.0964,99814.3
2026-08-25 09:50:00,0.0964,0.0964,0.0951,0.0956,528636.3
2026-08-25 09:55:00,0.0956,0.0957,0.0953,0.0956,866830.2
2026-08-25 10:00:00,0.0956,0.0957,0.0953,0.0956,210120.8
2026-08-25 10:05:00,0.0957,0.0958,0.0955,0.0957,90700.7
2026-08-25 10:10:00,0.0956,0.0958,0.0956,0.0956,21886.6
2026-08-25 10:15:00,0.0956,0.0958,0.0956,0.0958,187933.0
2026-08-25 10:20:00,0.0958,0.0958,0.0956,0.0957,38487.2
2026-08-25 10:25:00,0.0957,0.0958,0.0957,0.0958,146240.1
2026-08-25 10:30:00,0.0957,0.0958,0.0955,0.0955,199993.9
2026-08-25 10:35:00,0.0954,0.0955,0.0952,0.0953,462801.9
2026-08-25 10:40:00,0.0953,0.0955,0.0953,0.0955,44019.5
2026-08-25 10:45:00,0.0955,0.0959,0.0955,0.0956,206535.6
2026-08-25 10:50:00,0.0957,0.0959,0.0957,0.0959,80706.1
2026-08-25 10:55:00,0.0959,0.0959,0.0958,0.0958,43402.7
2026-08-25 11:00:00,0.0958,0.0958,0.0955,0.0955,23525.2
2026-08-25 11:05:00,0.0955,0.0958,0.0954,0.0956,138506.6
2026-08-25 11:10:00,0.0956,0.0956,0.0952,0.0953,151701.5
2026-08-25 11:15:00,0.0953,0.0955,0.0953,0.0953,68335.2
2026-08-25 11:20:00,0.0954,0.0955,0.0953,0.0955,31700.7
2026-08-25 11:25:00,0.0954,0.0954,0.095,0.0952,338099.0
2026-08-25 11:30:00,0.0953,0.0954,0.0949,0.0954,892884.5
2026-08-25 11:35:00,0.0954,0.0956,0.0954,0.0954,15840.6
2026-08-25 11:40:00,0.0954,0.0954,0.0953,0.0953,75128.1
2026-08-25 11:45:00,0.0952,0.0954,0.0951,0.0952,73816.8
2026-08-25 11:50:00,0.0952,0.0953,0.0949,0.095,74401.1
2026-08-25 11:55:00,0.0949,0.0951,0.0948,0.0948,221366.5
2026-08-25 12:00:00,0.0948,0.0951,0.0946,0.0948,325289.2
2026-08-25 12:05:00,0.0948,0.0949,0.0944,0.0948,683876.4
2026-08-25 12:10:00,0.0948,0.0952,0.0948,0.0951,137757.4
2026-08-25 12:15:00,0.0951,0.0951,0.0948,0.0949,81752.8
2026-08-25 12:20:00,0.095,0.095,0.0946,0.0948,288393.3
2026-08-25 12:25:00,0.0948,0.0949,0.0944,0.0948,236281.8
2026-08-25 12:30:00,0.0948,0.095,0.0947,0.095,65023.0
2026-08-25 12:35:00,0.0949,0.095,0.0948,0.0948,275738.7
2026-08-25 12:40:00,0.0948,0.095,0.0946,0.0949,274975.4
2026-08-25 12:45:00,0.095,0.0954,0.095,0.0954,183535.6
2026-08-25 12:50:00,0.0954,0.0956,0.0954,0.0955,137919.1
2026-08-25 12:55:00,0.0955,0.0956,0.0953,0.0954,241717.1
2026-08-25 13:00:00,0.0953,0.0955,0.0953,0.0955,263726.2
2026-08-25 13:05:00,0.0955,0.0955,0.0952,0.0952,49811.7
2026-08-25 13:10:00,0.0951,0.0952,0.0949,0.095,40788.9
2026-08-25 13:15:00,0.0949,0.0949,0.0945,0.0946,138147.4
2026-08-25 13:20:00,0.0946,0.0947,0.0941,0.0942,284989.4
2026-08-25 13:25:00,0.0943,0.0944,0.0938,0.094,456991.6
2026-08-25 13:30:00,0.0939,0.0949,0.0938,0.0949,239921.6
2026-08-25 13:35:00,0.0949,0.0953,0.0948,0.095,281994.5
2026-08-25 13:40:00,0.095,0.0951,0.0945,0.0945,269898.6
2026-08-25 13:45:00,0.0945,0.0946,0.0939,0.094,454652.6
2026-08-25 13:50:00,0.094,0.0941,0.0934,0.0938,1051328.2
2026-08-25 13:55:00,0.0938,0.0945,0.0937,0.0945,242498.4
2026-08-25 14:00:00,0.0945,0.0948,0.0942,0.0948,309156.8
2026-08-25 14:05:00,0.0948,0.095,0.0948,0.0949,235637.4
2026-08-25 14:10:00,0.0949,0.0953,0.0949,0.0951,123586.2
2026-08-25 14:15:00,0.0951,0.0953,0.0948,0.095,220243.3
2026-08-25 14:20:00,0.0949,0.0952,0.0948,0.0951,270682.7
2026-08-25 14:25:00,0.0951,0.0954,0.0951,0.0953,267906.5
2026-08-25 14:30:00,0.0952,0.0957,0.0949,0.0954,934158.7
2026-08-25 14:35:00,0.0954,0.0956,0.0953,0.0953,98749.8
2026-08-25 14:40:00,0.0953,0.0955,0.0952,0.0952,56825.3
2026-08-25 14:45:00,0.0952,0.0954,0.0952,0.0952,88730.4
2026-08-25 14:50:00,0.0952,0.0953,0.0952,0.0952,181677.4
2026-08-25 14:55:00,0.0952,0.0954,0.0951,0.0952,306949.4
2026-08-25 15:00:00,0.0952,0.0952,0.0948,0.0948,294513.8
2026-08-25 15:05:00,0.0949,0.0951,0.0949,0.0949,152849.4
2026-08-25 15:10:00,0.095,0.095,0.0945,0.0946,214413.8
2026-08-25 15:15:00,0.0945,0.0949,0.0945,0.0949,218903.3
2026-08-25 15:20:00,0.0948,0.095,0.0947,0.0947,168048.3
2026-08-25 15:25:00,0.0947,0.0947,0.0945,0.0947,188897.3
2026-08-25 15:30:00,0.0947,0.095,0.0946,0.0948,81334.9
2026-08-25 15:35:00,0.0948,0.0951,0.0948,0.0948,254625.1
2026-08-25 15:40:00,0.0948,0.0948,0.0947,0.0948,41032.5
2026-08-25 15:45:00,0.0948,0.0949,0.0946,0.0946,84065.8
2026-08-25 15:50:00,0.0947,0.0949,0.0947,0.0948,40111.4
2026-08-25 15:55:00,0.0948,0.0952,0.0948,0.0952,73007.1
2026-08-25 16:00:00,0.0951,0.0953,0.095,0.0952,211135.9
2026-08-25 16:05:00,0.0952,0.0952,0.0949,0.0949,115754.3
2026-08-25 16:10:00,0.0949,0.095,0.0948,0.0948,120192.2
2026-08-25 16:15:00,0.0947,0.095,0.0946,0.095,58933.2
2026-08-25 16:20:00,0.095,0.095,0.0945,0.0945,187391.4
2026-08-25 16:25:00,0.0946,0.0948,0.0945,0.0947,55777.5
2026-08-25 16:30:00,0.0947,0.095,0.0947,0.095,14809.5
2026-08-25 16:35:00,0.095,0.095,0.0948,0.0949,7426.9
2026-08-25 16:40:00,0.0949,0.0951,0.0949,0.0949,10936.0
2026-08-25 16:45:00,0.0949,0.0951,0.0949,0.095,36736.2
2026-08-25 16:50:00,0.0951,0.0952,0.0948,0.0948,163121.6
2026-08-25 16:55:00,0.0948,0.0949,0.0948,0.0948,43559.9
2026-08-25 17:00:00,0.0948,0.0949,0.0945,0.0945,133344.4
2026-08-25 17:05:00,0.0946,0.0947,0.0943,0.0945,297327.4
2026-08-25 17:10:00,0.0945,0.0946,0.0942,0.0946,131730.0
2026-08-25 17:15:00,0.0946,0.0948,0.0946,0.0948,114993.5
2026-08-25 17:20:00,0.0948,0.0949,0.0946,0.0947,202346.6
2026-08-25 17:25:00,0.0947,0.0948,0.0945,0.0946,251630.6
2026-08-25 17:30:00,0.0947,0.0951,0.0947,0.095,70319.9
2026-08-25 17:35:00,0.0949,0.0949,0.0946,0.0946,71672.3
2026-08-25 17:40:00,0.0947,0.0949,0.0947,0.0948,55388.4
2026-08-25 17:45:00,0.0949,0.0951,0.0948,0.0951,68972.5
2026-08-25 17:50:00,0.095,0.095,0.0948,0.0949,17628.0
2026-08-25 17:55:00,0.0949,0.0949,0.0948,0.0949,2533.4
2026-08-25 18:00:00,0.0949,0.095,0.0948,0.0948,58345.6
2026-08-25 18:05:00,0.0948,0.0948,0.0947,0.0948,20269.9
2026-08-25 18:10:00,0.0948,0.0951,0.0948,0.095,65328.5
2026-08-25 18:15:00,0.0951,0.0953,0.0951,0.0953,92897.3
2026-08-25 18:20:00,0.0953,0.0954,0.0952,0.0954,103643.0
2026-08-25 18:25:00,0.0953,0.0954,0.0952,0.0954,46338.0
2026-08-25 18:30:00,0.0953,0.0953,0.0951,0.0952,83563.7
2026-08-25 18:35:00,0.0952,0.0953,0.0952,0.0953,136612.2
2026-08-25 18:40:00,0.0952,0.0953,0.0951,0.0952,111597.7
2026-08-25 18:45:00,0.0952,0.0952,0.0951,0.0951,100750.5
2026-08-25 18:50:00,0.0952,0.0952,0.0949,0.095,179766.0
2026-08-25 18:55:00,0.095,0.0951,0.095,0.0951,47696.1
2026-08-25 19:00:00,0.0951,0.0952,0.0949,0.0949,40252.7
2026-08-25 19:05:00,0.0949,0.0951,0.0949,0.0951,142288.3
2026-08-25 19:10:00,0.0952,0.0953,0.0951,0.0951,32624.9
2026-08-25 19:15:00,0.0951,0.0952,0.0951,0.0952,41101.3
2026-08-25 19:20:00,0.0952,0.0953,0.0951,0.0952,27696.5
2026-08-25 19:25:00,0.0952,0.0952,0.0946,0.0947,110666.3
2026-08-25 19:30:00,0.0946,0.0946,0.0943,0.0944,86070.7
2026-08-25 19:35:00,0.0944,0.0945,0.0942,0.0942,116268.0
2026-08-25 19:40:00,0.0941,0.0943,0.0939,0.0939,134820.2
2026-08-25 19:45:00,0.0939,0.0941,0.0939,0.094,71028.5
2026-08-25 19:50:00,0.094,0.0943,0.094,0.0943,28866.0
2026-08-25 19:55:00,0.0942,0.0942,0.0941,0.0941,79880.4
2026-08-25 20:00:00,0.0941,0.0941,0.0934,0.0938,452956.3
2026-08-25 20:05:00,0.0938,0.0941,0.0936,0.094,205879.1
2026-08-25 20:10:00,0.0939,0.094,0.0937,0.0937,196286.2
2026-08-25 20:15:00,0.0937,0.0939,0.0937,0.0939,223598.6
2026-08-25 20:20:00,0.0938,0.0938,0.0936,0.0938,134644.7
2026-08-25 20:25:00,0.0937,0.0937,0.0934,0.0935,173493.0
2026-08-25 20:30:00,0.0934,0.0935,0.0929,0.0933,409200.3
2026-08-25 20:35:00,0.0933,0.0934,0.0929,0.093,272946.4
2026-08-25 20:40:00,0.093,0.0931,0.0925,0.0926,450007.7
2026-08-25 20:45:00,0.0928,0.0929,0.0925,0.0925,1809659.5
2026-08-25 20:50:00,0.0925,0.0927,0.0925,0.0926,222357.6
2026-08-25 20:55:00,0.0925,0.0925,0.0923,0.0923,1124845.0
2026-08-25 21:00:00,0.0923,0.0927,0.0923,0.0926,97986.1
2026-08-25 21:05:00,0.0926,0.0927,0.091,0.0915,2071867.5
2026-08-25 21:10:00,0.0915,0.0923,0.0915,0.0922,280446.6
2026-08-25 21:15:00,0.0923,0.0924,0.0921,0.0923,177309.0
2026-08-25 21:20:00,0.0924,0.0924,0.0919,0.092,279805.3
2026-08-25 21:25:00,0.092,0.0922,0.0919,0.0922,288243.6
2026-08-25 21:30:00,0.0922,0.0923,0.0922,0.0923,178074.9
2026-08-25 21:35:00,0.0924,0.0926,0.0924,0.0926,8822.6
2026-08-25 21:40:00,0.0925,0.0927,0.0925,0.0925,34610.3
2026-08-25 21:45:00,0.0926,0.0926,0.0925,0.0925,92869.2
2026-08-25 21:50:00,0.0925,0.0925,0.0924,0.0925,33664.8
2026-08-25 21:55:00,0.0925,0.0926,0.0923,0.0926,21553.6
2026-08-25 22:00:00,0.0926,0.0929,0.0926,0.0928,113480.7
2026-08-25 22:05:00,0.0928,0.0932,0.0928,0.093,154512.6
2026-08-25 22:10:00,0.0931,0.0933,0.093,0.0933,141413.7
2026-08-25 22:15:00,0.0933,0.0934,0.0933,0.0933,44227.4
2026-08-25 22:20:00,0.0934,0.0934,0.0932,0.0933,61515.6
2026-08-25 22:25:00,0.0932,0.0932,0.093,0.093,85764.4
2026-08-25 22:30:00,0.093,0.0933,0.0929,0.0933,55943.0
2026-08-25 22:35:00,0.0933,0.0933,0.0932,0.0933,32955.4
2026-08-25 22:40:00,0.0932,0.0933,0.0932,0.0932,18852.9
2026-08-25 22:45:00,0.0932,0.0933,0.0932,0.0933,17731.8
2026-08-25 22:50:00,0.0933,0.0934,0.0932,0.0933,50473.8
2026-08-25 22:55:00,0.0933,0.0934,0.0932,0.0933,44882.4
2026-08-25 23:00:00,0.0933,0.0935,0.0933,0.0934,335856.4
2026-08-25 23:05:00,0.0934,0.0935,0.0932,0.0932,106871.3
2026-08-25 23:10:00,0.0932,0.0933,0.0932,0.0933,108150.6
2026-08-25 23:15:00,0.0932,0.0933,0.093,0.093,171433.1
2026-08-25 23:20:00,0.093,0.0931,0.0929,0.0929,262080.0
2026-08-25 23:25:00,0.0928,0.093,0.0928,0.093,154998.0
2026-08-25 23:30:00,0.093,0.093,0.0928,0.0928,256700.4
2026-08-25 23:35:00,0.0927,0.0928,0.0926,0.0926,114880.4
2026-08-25 23:40:00,0.0926,0.0926,0.0923,0.0924,238001.0
2026-08-25 23:45:00,0.0924,0.0924,0.0922,0.0922,76430.2
2026-08-25 23:50:00,0.0922,0.0922,0.092,0.0921,112754.4
2026-08-25 23:55:00,0.092,0.0922,0.0919,0.0921,90572.2
2026-08-26 00:00:00,0.0922,0.0924,0.0919,0.0924,126449.7
2026-08-26 00:05:00,0.0924,0.0924,0.092,0.0921,13562.7
2026-08-26 00:10:00,0.092,0.0921,0.0919,0.0919,35607.8
2026-08-26 00:15:00,0.0919,0.0921,0.0919,0.0921,46543.2
2026-08-26 00:20:00,0.0922,0.0923,0.0921,0.0922,53321.8
2026-08-26 00:25:00,0.0921,0.0924,0.0921,0.0923,37913.1
2026-08-26 00:30:00,0.0924,0.0925,0.0923,0.0925,157432.7
2026-08-26 00:35:00,0.0925,0.0925,0.0923,0.0923,37898.7
2026-08-26 00:40:00,0.0923,0.0924,0.0922,0.0923,15266.8
2026-08-26 00:45:00,0.0923,0.0927,0.0923,0.0927,243755.3
2026-08-26 00:50:00,0.0927,0.0929,0.0926,0.0927,433921.9
2026-08-26 00:55:00,0.0927,0.0928,0.0927,0.0927,7655.8
2026-08-26 01:00:00,0.0926,0.0932,0.0926,0.0932,1214032.1
2026-08-26 01:05:00,0.0931,0.0934,0.0931,0.0933,292433.3
2026-08-26 01:10:00,0.0933,0.0934,0.093,0.093,621511.3
2026-08-26 01:15:00,0.0931,0.0933,0.0931,0.0932,194571.3
2026-08-26 01:20:00,0.0932,0.0933,0.0931,0.0932,120111.1
2026-08-26 01:25:00,0.0931,0.0931,0.0929,0.0929,217801.9
2026-08-26 01:30:00,0.0929,0.0933,0.0929,0.0933,213948.4
2026-08-26 01:35:00,0.0933,0.0934,0.0932,0.0933,108544.9
2026-08-26 01:40:00,0.0933,0.0933,0.0932,0.0932,67936.7
2026-08-26 01:45:00,0.0932,0.0933,0.0931,0.0932,72758.5
2026-08-26 01:50:00,0.0932,0.0932,0.0931,0.0931,46530.4
2026-08-26 01:55:00,0.0932,0.0933,0.0931,0.0933,33594.4
2026-08-26 02:00:00,0.0933,0.0935,0.0932,0.0934,338343.8
2026-08-26 02:05:00,0.0934,0.0935,0.0932,0.0932,75226.3
2026-08-26 02:10:00,0.0932,0.0934,0.0932,0.0933,30384.7
2026-08-26 02:15:00,0.0932,0.0937,0.0932,0.0937,136220.1
2026-08-26 02:20:00,0.0937,0.0938,0.0935,0.0936,158663.4
2026-08-26 02:25:00,0.0937,0.0942,0.0937,0.094,186795.8
2026-08-26 02:30:00,0.094,0.0941,0.0939,0.094,152874.3
2026-08-26 02:35:00,0.094,0.0941,0.0939,0.094,42043.6
2026-08-26 02:40:00,0.0939,0.0941,0.0939,0.094,26757.0
2026-08-26 02:45:00,0.0941,0.0941,0.094,0.094,81241.0
2026-08-26 02:50:00,0.0939,0.094,0.0938,0.0939,32608.7
2026-08-26 02:55:00,0.0939,0.094,0.0938,0.0938,8295.6
2026-08-26 03:00:00,0.0938,0.094,0.0938,0.0938,137807.6
2026-08-26 03:05:00,0.0938,0.0938,0.0935,0.0935,119290.7
2026-08-26 03:10:00,0.0934,0.0935,0.0934,0.0934,126982.5
2026-08-26 03:15:00,0.0934,0.0935,0.0933,0.0934,209988.6
2026-08-26 03:20:00,0.0934,0.0938,0.0934,0.0938,180459.4
2026-08-26 03:25:00,0.0937,0.0937,0.0935,0.0935,56239.4
2026-08-26 03:30:00,0.0935,0.0935,0.0933,0.0934,34601.0
2026-08-26 03:35:00,0.0934,0.0936,0.0934,0.0935,67739.6
2026-08-26 03:40:00,0.0935,0.0936,0.0933,0.0935,96691.7
2026-08-26 03:45:00,0.0935,0.0936,0.0933,0.0933,127676.2
2026-08-26 03:50:00,0.0933,0.0935,0.0933,0.0934,148071.0
2026-08-26 03:55:00,0.0934,0.0935,0.0934,0.0934,142743.8
2026-08-26 04:00:00,0.0934,0.0935,0.0932,0.0933,105146.1
2026-08-26 04:05:00,0.0933,0.0936,0.0933,0.0936,285708.6
2026-08-26 04:10:00,0.0937,0.0937,0.0933,0.0933,172920.7
2026-08-26 04:15:00,0.0934,0.0935,0.0933,0.0935,87257.6
2026-08-26 04:20:00,0.0936,0.0936,0.0933,0.0936,112134.1
2026-08-26 04:25:00,0.0937,0.0937,0.0935,0.0935,148476.4
2026-08-26 04:30:00,0.0935,0.0935,0.0934,0.0934,23143.4
2026-08-26 04:35:00,0.0934,0.0936,0.0934,0.0934,122988.3
2026-08-26 04:40:00,0.0935,0.0936,0.0934,0.0935,28787.1
2026-08-26 04:45:00,0.0935,0.0935,0.0932,0.0933,70836.8
2026-08-26 04:50:00,0.0933,0.0933,0.0931,0.0933,158894.7
2026-08-26 04:55:00,0.0932,0.0932,0.0928,0.0928,153556.2
2026-08-26 05:00:00,0.0928,0.0929,0.0926,0.0927,320834.1
2026-08-26 05:05:00,0.0926,0.0927,0.0922,0.0925,379179.3
2026-08-26 05:10:00,0.0926,0.0926,0.0925,0.0926,53754.7
2026-08-26 05:15:00,0.0926,0.0927,0.0924,0.0924,98252.6
2026-08-26 05:20:00,0.0925,0.093,0.0925,0.093,71661.0
2026-08-26 05:25:00,0.0931,0.0932,0.0929,0.093,243960.3
2026-08-26 05:30:00,0.093,0.0934,0.0929,0.0932,72414.9
2026-08-26 05:35:00,0.0932,0.0933,0.0931,0.0932,26875.9
2026-08-26 05:40:00,0.0933,0.0934,0.0933,0.0934,67396.2
2026-08-26 05:45:00,0.0933,0.0935,0.0933,0.0934,128932.0
2026-08-26 05:50:00,0.0933,0.0933,0.0931,0.0931,93498.4
2026-08-26 05:55:00,0.0932,0.0933,0.0932,0.0933,92436.8
2026-08-26 06:00:00,0.0933,0.0934,0.0933,0.0933,51087.9
2026-08-26 06:05:00,0.0934,0.0937,0.0934,0.0936,133284.7
2026-08-26 06:10:00,0.0937,0.0937,0.0934,0.0934,36133.8
2026-08-26 06:15:00,0.0934,0.0935,0.0932,0.0932,59149.4
2026-08-26 06:20:00,0.0932,0.0934,0.0932,0.0932,35658.3
2026-08-26 06:25:00,0.0932,0.0934,0.0932,0.0934,304490.9
2026-08-26 06:30:00,0.0934,0.0934,0.0932,0.0933,40440.9
2026-08-26 06:35:00,0.0932,0.0933,0.0931,0.0932,26758.1
2026-08-26 06:40:00,0.0932,0.0934,0.0932,0.0934,48410.9
2026-08-26 06:45:00,0.0934,0.0935,0.0932,0.0933,56760.3
2026-08-26 06:50:00,0.0934,0.0935,0.0933,0.0934,60133.0
2026-08-26 06:55:00,0.0935,0.0936,0.0934,0.0935,81231.0
2026-08-26 07:00:00,0.0936,0.0936,0.0934,0.0935,68654.4
2026-08-26 07:05:00,0.0936,0.0938,0.0935,0.0935,210569.6
2026-08-26 07:10:00,0.0935,0.0936,0.0935,0.0936,61126.6
2026-08-26 07:15:00,0.0936,0.0938,0.0936,0.0936,241670.5
2026-08-26 07:20:00,0.0935,0.0937,0.0935,0.0936,218269.1
2026-08-26 07:25:00,0.0935,0.0938,0.0935,0.0936,261250.0
2026-08-26 07:30:00,0.0935,0.0935,0.0935,0.0935,62358.6
2026-08-26 07:35:00,0.0935,0.0935,0.0934,0.0935,52912.2
2026-08-26 07:40:00,0.0934,0.0935,0.0934,0.0935,158129.4
2026-08-26 07:45:00,0.0935,0.0935,0.0934,0.0935,28830.0
2026-08-26 07:50:00,0.0935,0.0936,0.0934,0.0934,38438.2
2026-08-26 07:55:00,0.0933,0.0933,0.0931,0.0931,356028.9
2026-08-26 08:00:00,0.0931,0.0932,0.093,0.093,188339.3
2026-08-26 08:05:00,0.093,0.0933,0.093,0.0933,46416.4
2026-08-26 08:10:00,0.0933,0.0935,0.0933,0.0934,29082.7
2026-08-26 08:15:00,0.0933,0.0935,0.0932,0.0933,56222.9
2026-08-26 08:20:00,0.0932,0.0932,0.093,0.0931,13350.9
2026-08-26 08:25:00,0.0932,0.0933,0.0932,0.0933,20713.5
2026-08-26 08:30:00,0.0933,0.0933,0.0932,0.0933,100092.8
2026-08-26 08:35:00,0.0933,0.0933,0.0932,0.0932,157200.2
2026-08-26 08:40:00,0.0932,0.0933,0.0932,0.0933,52236.2
2026-08-26 08:45:00,0.0933,0.0933,0.0932,0.0932,18896.1
2026-08-26 08:50:00,0.0932,0.0932,0.0927,0.0927,65763.1
2026-08-26 08:55:00,0.0927,0.0927,0.0926,0.0927,56724.6
2026-08-26 09:00:00,0.0928,0.0929,0.0927,0.0929,145408.6
2026-08-26 09:05:00,0.0929,0.0929,0.0928,0.0928,32477.1
2026-08-26 09:10:00,0.0928,0.0929,0.0926,0.0926,75770.0
2026-08-26 09:15:00,0.0926,0.0926,0.0921,0.0921,255082.6
2026-08-26 09:20:00,0.0922,0.0922,0.092,0.0922,81355.3
2026-08-26 09:25:00,0.0922,0.0923,0.0921,0.0921,46713.1
2026-08-26 09:30:00,0.0921,0.0922,0.092,0.0922,117532.9
2026-08-26 09:35:00,0.0922,0.0922,0.092,0.092,74114.7
2026-08-26 09:40:00,0.0919,0.092,0.0918,0.0918,175065.8
2026-08-26 09:45:00,0.0918,0.0919,0.0915,0.0919,302688.1
2026-08-26 09:50:00,0.0918,0.0921,0.0918,0.0919,45983.1
2026-08-26 09:55:00,0.0918,0.092,0.0918,0.092,36862.8
2026-08-26 10:00:00,0.092,0.0921,0.0918,0.0918,105901.0
2026-08-26 10:05:00,0.0919,0.092,0.0919,0.092,8328.5
2026-08-26 10:10:00,0.0919,0.092,0.0919,0.0919,110360.3
2026-08-26 10:15:00,0.092,0.0924,0.0919,0.0924,151043.8
2026-08-26 10:20:00,0.0924,0.0927,0.0922,0.0927,120310.8
2026-08-26 10:25:00,0.0927,0.0928,0.0926,0.0927,51453.4
2026-08-26 10:30:00,0.0927,0.0927,0.0926,0.0926,95596.2
2026-08-26 10:35:00,0.0926,0.093,0.0926,0.093,69462.6
2026-08-26 10:40:00,0.0929,0.0931,0.0928,0.0929,35982.2
2026-08-26 10:45:00,0.0929,0.0932,0.0929,0.0932,38268.8
2026-08-26 10:50:00,0.0932,0.0933,0.093,0.0931,127397.0
2026-08-26 10:55:00,0.0931,0.0931,0.0929,0.093,6259.5
2026-08-26 11:00:00,0.093,0.0932,0.093,0.0932,48715.0
2026-08-26 11:05:00,0.0931,0.0932,0.0929,0.0931,57288.1
2026-08-26 11:10:00,0.093,0.0931,0.0929,0.093,21239.2
2026-08-26 11:15:00,0.093,0.0931,0.093,0.093,142133.5
2026-08-26 11:20:00,0.093,0.0931,0.093,0.093,41636.1
2026-08-26 11:25:00,0.093,0.093,0.0928,0.0928,38945.7
2026-08-26 11:30:00,0.0928,0.0928,0.0926,0.0927,235918.6
2026-08-26 11:35:00,0.0927,0.0927,0.0919,0.0921,457984.1
2026-08-26 11:40:00,0.0921,0.0922,0.0918,0.0922,396528.1
2026-08-26 11:45:00,0.0921,0.0921,0.0919,0.092,68599.4
2026-08-26 11:50:00,0.092,0.0922,0.092,0.0922,59803.7
2026-08-26 11:55:00,0.0922,0.0923,0.092,0.092,54758.9
2026-08-26 12:00:00,0.092,0.0923,0.092,0.0923,304502.0
2026-08-26 12:05:00,0.0923,0.0923,0.092,0.092,71847.9
2026-08-26 12:10:00,0.092,0.092,0.0919,0.0919,253530.7
2026-08-26 12:15:00,0.0919,0.092,0.0919,0.0919,128072.6
2026-08-26 12:20:00,0.092,0.093,0.092,0.0928,185084.4
2026-08-26 12:25:00,0.0928,0.093,0.0928,0.093,38652.0
2026-08-26 12:30:00,0.093,0.093,0.0916,0.0926,948092.1
2026-08-26 12:35:00,0.0926,0.0928,0.0922,0.0922,242564.3
2026-08-26 12:40:00,0.0922,0.0923,0.0921,0.0921,64084.4
2026-08-26 12:45:00,0.0921,0.0922,0.092,0.092,95252.5
2026-08-26 12:50:00,0.0921,0.0923,0.0919,0.092,46448.0
2026-08-26 12:55:00,0.092,0.0922,0.092,0.092,153638.8
2026-08-26 13:00:00,0.092,0.0922,0.0919,0.0919,236461.0
2026-08-26 13:05:00,0.0919,0.0919,0.0914,0.0915,383809.3
2026-08-26 13:10:00,0.0916,0.0916,0.0914,0.0915,298371.0
2026-08-26 13:15:00,0.0915,0.0915,0.0912,0.0914,97355.2
2026-08-26 13:20:00,0.0914,0.0914,0.091,0.0911,340364.9
2026-08-26 13:25:00,0.0911,0.0912,0.0906,0.0908,522845.4
2026-08-26 13:30:00,0.0908,0.0913,0.0908,0.0911,437397.1
2026-08-26 13:35:00,0.091,0.0914,0.0909,0.0911,343163.1
2026-08-26 13:40:00,0.091,0.0912,0.0909,0.0911,143764.2
2026-08-26 13:45:00,0.0912,0.0914,0.091,0.091,402421.1
2026-08-26 13:50:00,0.091,0.091,0.0906,0.0908,485308.0
2026-08-26 13:55:00,0.0908,0.0912,0.0908,0.0912,224444.8
2026-08-26 14:00:00,0.0911,0.0914,0.0908,0.0913,340435.7
2026-08-26 14:05:00,0.0913,0.0915,0.0912,0.0913,173212.3
2026-08-26 14:10:00,0.0913,0.0914,0.0911,0.0912,152885.1
2026-08-26 14:15:00,0.0912,0.0914,0.0912,0.0912,130966.0
2026-08-26 14:20:00,0.0912,0.0913,0.091,0.091,339575.9
2026-08-26 14:25:00,0.091,0.091,0.0907,0.0908,229823.6
2026-08-26 14:30:00,0.0907,0.0908,0.0903,0.0905,413674.0
2026-08-26 14:35:00,0.0906,0.0908,0.0904,0.0905,197316.8
2026-08-26 14:40:00,0.0905,0.0906,0.0902,0.0903,393900.4
2026-08-26 14:45:00,0.0903,0.0903,0.0887,0.0893,2733344.6
2026-08-26 14:50:00,0.0893,0.0894,0.0891,0.0891,398769.5
2026-08-26 14:55:00,0.0891,0.0891,0.0886,0.0888,799376.2
2026-08-26 15:00:00,0.0888,0.0889,0.0881,0.0881,937639.0
2026-08-26 15:05:00,0.0882,0.0891,0.0882,0.089,1091613.9
2026-08-26 15:10:00,0.0889,0.089,0.0886,0.0887,269947.6
2026-08-26 15:15:00,0.0887,0.0887,0.0882,0.0882,532762.6
2026-08-26 15:20:00,0.0883,0.0887,0.0883,0.0887,210627.1
2026-08-26 15:25:00,0.0887,0.0892,0.0886,0.0891,222595.3
2026-08-26 15:30:00,0.089,0.089,0.0885,0.0886,499203.8
2026-08-26 15:35:00,0.0886,0.0887,0.0885,0.0887,136479.5
2026-08-26 15:40:00,0.0887,0.0891,0.0887,0.0889,253112.9
2026-08-26 15:45:00,0.0889,0.0892,0.0889,0.089,116729.2
2026-08-26 15:50:00,0.089,0.0891,0.0888,0.0889,240799.7
2026-08-26 15:55:00,0.0889,0.0891,0.0888,0.0889,226940.1
2026-08-26 16:00:00,0.0889,0.0891,0.0887,0.0891,163224.8
2026-08-26 16:05:00,0.0891,0.0893,0.089,0.0891,75624.7
2026-08-26 16:10:00,0.0891,0.0891,0.0888,0.0889,267004.5
2026-08-26 16:15:00,0.0889,0.0889,0.0888,0.0889,56574.0
2026-08-26 16:20:00,0.0889,0.0892,0.0888,0.0888,108385.2
2026-08-26 16:25:00,0.0888,0.0889,0.0887,0.0889,390729.5
2026-08-26 16:30:00,0.0888,0.0891,0.0888,0.089,19692.5
2026-08-26 16:35:00,0.089,0.0892,0.0887,0.0887,83638.1
2026-08-26 16:40:00,0.0887,0.0888,0.0886,0.0886,43984.3
2026-08-26 16:45:00,0.0887,0.0894,0.0887,0.0893,199215.3
2026-08-26 16:50:00,0.0893,0.0893,0.0891,0.0892,31928.0
2026-08-26 16:55:00,0.0892,0.0893,0.089,0.089,49569.4
2026-08-26 17:00:00,0.0891,0.0893,0.0891,0.0892,150015.8
2026-08-26 17:05:00,0.0892,0.0894,0.0892,0.0894,131290.9
2026-08-26 17:10:00,0.0894,0.0896,0.0893,0.0895,296198.8
2026-08-26 17:15:00,0.0895,0.0899,0.0895,0.0899,159987.2
2026-08-26 17:20:00,0.0898,0.09,0.0897,0.0899,260300.0
2026-08-26 17:25:00,0.0899,0.0902,0.0899,0.0902,117324.6
2026-08-26 17:30:00,0.0901,0.0904,0.0901,0.0904,316338.6
2026-08-26 17:35:00,0.0904,0.0904,0.0901,0.0902,70509.3
2026-08-26 17:40:00,0.0901,0.0902,0.0898,0.0898,182721.5
2026-08-26 17:45:00,0.0897,0.0897,0.0894,0.0895,80901.7
2026-08-26 17:50:00,0.0895,0.0896,0.0894,0.0895,115971.5
2026-08-26 17:55:00,0.0895,0.0897,0.0894,0.0895,39235.8
2026-08-26 18:00:00,0.0895,0.0895,0.0893,0.0894,26562.7
2026-08-26 18:05:00,0.0893,0.0895,0.0892,0.0894,26686.4
2026-08-26 18:10:00,0.0893,0.0896,0.0893,0.0894,373610.8
2026-08-26 18:15:00,0.0893,0.0894,0.0891,0.0894,78364.8
2026-08-26 18:20:00,0.0894,0.0896,0.0893,0.0894,46655.1
2026-08-26 18:25:00,0.0894,0.0894,0.089,0.0891,506767.0
2026-08-26 18:30:00,0.0892,0.0892,0.0891,0.0891,198738.8
2026-08-26 18:35:00,0.0891,0.0892,0.0891,0.0892,91097.6
2026-08-26 18:40:00,0.0891,0.0892,0.0891,0.0891,23380.3
2026-08-26 18:45:00,0.0892,0.0894,0.0892,0.0894,38315.0
2026-08-26 18:50:00,0.0893,0.0893,0.0892,0.0893,30054.0
2026-08-26 18:55:00,0.0894,0.0896,0.0894,0.0896,44899.6
2026-08-26 19:00:00,0.0895,0.0895,0.0894,0.0894,53980.1
2026-08-26 19:05:00,0.0894,0.0895,0.0893,0.0894,58165.1
2026-08-26 19:10:00,0.0894,0.0896,0.0894,0.0894,138414.8
2026-08-26 19:15:00,0.0893,0.0893,0.0892,0.0892,94962.9
2026-08-26 19:20:00,0.0892,0.0893,0.0891,0.0892,188354.4
2026-08-26 19:25:00,0.0892,0.0897,0.0892,0.0897,116042.4
2026-08-26 19:30:00,0.0897,0.0898,0.0896,0.0897,107118.3
2026-08-26 19:35:00,0.0896,0.0896,0.0894,0.0894,56657.5
2026-08-26 19:40:00,0.0893,0.0894,0.0893,0.0893,4150.9
2026-08-26 19:45:00,0.0893,0.0893,0.0893,0.0893,9354.5
2026-08-26 19:50:00,0.0893,0.0894,0.0892,0.0893,25442.7
2026-08-26 19:55:00,0.0893,0.0893,0.0892,0.0892,55934.3
2026-08-26 20:00:00,0.0892,0.0893,0.089,0.0892,161951.0
2026-08-26 20:05:00,0.0892,0.0893,0.0892,0.0892,15549.3
2026-08-26 20:10:00,0.0892,0.0893,0.0891,0.0891,68153.0
2026-08-26 20:15:00,0.0891,0.0891,0.0889,0.0889,152829.5
2026-08-26 20:20:00,0.0888,0.0889,0.0886,0.0888,150831.6
2026-08-26 20:25:00,0.0888,0.089,0.0888,0.089,77321.1
2026-08-26 20:30:00,0.089,0.089,0.0888,0.0889,108352.8
2026-08-26 20:35:00,0.0889,0.089,0.0888,0.089,45156.6
2026-08-26 20:40:00,0.089,0.0892,0.089,0.0892,71888.3
2026-08-26 20:45:00,0.0893,0.0893,0.0892,0.0892,2134.3
2026-08-26 20:50:00,0.0892,0.0893,0.0892,0.0893,105448.9
2026-08-26 20:55:00,0.0893,0.0895,0.0893,0.0895,99550.6
2026-08-26 21:00:00,0.0896,0.0897,0.0893,0.0895,176198.2
2026-08-26 21:05:00,0.0896,0.0898,0.0894,0.0897,357728.2
2026-08-26 21:10:00,0.0898,0.09,0.0897,0.09,100969.8
2026-08-26 21:15:00,0.09,0.0901,0.0899,0.09,60544.4
2026-08-26 21:20:00,0.09,0.0901,0.09,0.09,59265.5
2026-08-26 21:25:00,0.0901,0.0903,0.09,0.0902,23601.8
2026-08-26 21:30:00,0.0902,0.0902,0.0897,0.0899,207990.6
2026-08-26 21:35:00,0.0899,0.0901,0.0899,0.0901,99073.0
2026-08-26 21:40:00,0.0901,0.0901,0.0898,0.0899,140750.2
2026-08-26 21:45:00,0.0899,0.09,0.0898,0.0898,22719.4
2026-08-26 21:50:00,0.0898,0.0902,0.0898,0.0902,2601.8
2026-08-26 21:55:00,0.0902,0.0904,0.0901,0.0903,246717.8
2026-08-26 22:00:00,0.0902,0.0908,0.0902,0.0908,294317.0
2026-08-26 22:05:00,0.0908,0.0908,0.0904,0.0905,139471.1
2026-08-26 22:10:00,0.0905,0.0906,0.0905,0.0905,123489.1
2026-08-26 22:15:00,0.0906,0.0911,0.0906,0.091,150785.2
2026-08-26 22:20:00,0.091,0.091,0.0908,0.0909,205604.9
2026-08-26 22:25:00,0.0909,0.091,0.0909,0.091,237779.7
2026-08-26 22:30:00,0.0909,0.091,0.0907,0.0907,133156.6
2026-08-26 22:35:00,0.0908,0.0908,0.0906,0.0906,136281.1
2026-08-26 22:40:00,0.0905,0.0908,0.0905,0.0907,116278.3
2026-08-26 22:45:00,0.0906,0.0907,0.0905,0.0905,44065.3
2026-08-26 22:50:00,0.0905,0.0906,0.0903,0.0904,376529.8
2026-08-26 22:55:00,0.0904,0.0907,0.0904,0.0907,311692.7
2026-08-26 23:00:00,0.0906,0.0907,0.0905,0.0907,184169.0
2026-08-26 23:05:00,0.0907,0.0908,0.0906,0.0906,30879.8
2026-08-26 23:10:00,0.0906,0.0907,0.0905,0.0906,99305.8
2026-08-26 23:15:00,0.0907,0.0909,0.0906,0.0909,259452.2
2026-08-26 23:20:00,0.091,0.0913,0.0908,0.0913,975438.7
2026-08-26 23:25:00,0.0912,0.0939,0.0912,0.0926,3192373.1
2026-08-26 23:30:00,0.0926,0.0926,0.092,0.0921,422720.0
2026-08-26 23:35:00,0.0921,0.0926,0.0921,0.0926,121444.8
2026-08-26 23:40:00,0.0925,0.0928,0.0925,0.0928,218796.7
2026-08-26 23:45:00,0.0928,0.0928,0.0926,0.0927,213087.8
2026-08-26 23:50:00,0.0927,0.0931,0.0927,0.0929,548016.1
2026-08-26 23:55:00,0.0928,0.0929,0.0927,0.0928,109164.6
2026-08-27 00:00:00,0.0928,0.0929,0.0923,0.0923,227642.9
2026-08-27 00:05:00,0.0922,0.0924,0.0921,0.0924,131079.3
2026-08-27 00:10:00,0.0923,0.0923,0.092,0.0922,201526.1
2026-08-27 00:15:00,0.0922,0.0923,0.0921,0.0923,121318.9
2026-08-27 00:20:00,0.0923,0.0924,0.092,0.092,79223.7
2026-08-27 00:25:00,0.0919,0.092,0.0918,0.092,68046.7
2026-08-27 00:30:00,0.092,0.092,0.0918,0.0919,18253.0
2026-08-27 00:35:00,0.0919,0.0919,0.0917,0.0918,99863.9
2026-08-27 00:40:00,0.0918,0.092,0.0918,0.092,43133.5
2026-08-27 00:45:00,0.092,0.092,0.0918,0.0919,15915.7
2026-08-27 00:50:00,0.0919,0.092,0.0917,0.0918,47445.1
2026-08-27 00:55:00,0.0917,0.0917,0.0914,0.0915,312002.3
2026-08-27 01:00:00,0.0915,0.0916,0.0913,0.0915,152830.3
2026-08-27 01:05:00,0.0915,0.0916,0.0913,0.0913,12340.8
2026-08-27 01:10:00,0.0913,0.0914,0.0911,0.0911,61352.9
2026-08-27 01:15:00,0.0911,0.0912,0.091,0.0911,21331.9
2026-08-27 01:20:00,0.0912,0.0914,0.0912,0.0914,14520.2
2026-08-27 01:25:00,0.0914,0.092,0.0914,0.092,187474.4
2026-08-27 01:30:00,0.0919,0.092,0.0914,0.0916,551248.1
2026-08-27 01:35:00,0.0917,0.092,0.0917,0.0919,97938.1
2026-08-27 01:40:00,0.0919,0.0919,0.0915,0.0916,44089.3
2026-08-27 01:45:00,0.0915,0.0917,0.0915,0.0917,511940.4
2026-08-27 01:50:00,0.0918,0.0919,0.0917,0.0917,20133.7
2026-08-27 01:55:00,0.0917,0.0918,0.0915,0.0915,32280.6
2026-08-27 02:00:00,0.0915,0.0916,0.0915,0.0916,97627.9
2026-08-27 02:05:00,0.0916,0.0917,0.0916,0.0917,19298.4
2026-08-27 02:10:00,0.0917,0.0917,0.0915,0.0915,6877.1
2026-08-27 02:15:00,0.0914,0.0914,0.0914,0.0914,10291.2
2026-08-27 02:20:00,0.0914,0.0914,0.0912,0.0912,9159.1
2026-08-27 02:25:00,0.0911,0.0911,0.091,0.091,24019.5
2026-08-27 02:30:00,0.091,0.091,0.0909,0.091,21899.6
2026-08-27 02:35:00,0.091,0.0911,0.0909,0.0909,42125.0
2026-08-27 02:40:00,0.0908,0.0908,0.0906,0.0906,39628.6
2026-08-27 02:45:00,0.0906,0.0907,0.0906,0.0906,39121.1
2026-08-27 02:50:00,0.0906,0.0908,0.0906,0.0907,11712.5
2026-08-27 02:55:00,0.0906,0.0907,0.0906,0.0906,7536.3
2026-08-27 03:00:00,0.0906,0.0906,0.0906,0.0906,881.4
2026-08-27 03:05:00,0.0906,0.0907,0.0906,0.0906,19123.2
2026-08-27 03:10:00,0.0906,0.0906,0.0904,0.0905,31825.1
2026-08-27 03:15:00,0.0905,0.0907,0.0903,0.0906,20240.4
2026-08-27 03:20:00,0.0907,0.091,0.0906,0.091,108408.9
2026-08-27 03:25:00,0.091,0.0912,0.0909,0.0912,111474.1
2026-08-27 03:30:00,0.0911,0.0912,0.0909,0.0911,141680.8
2026-08-27 03:35:00,0.0911,0.0912,0.0911,0.0911,51204.0
2026-08-27 03:40:00,0.0911,0.0912,0.0911,0.0911,48597.0
2026-08-27 03:45:00,0.0911,0.0912,0.091,0.091,14716.4
2026-08-27 03:50:00,0.091,0.091,0.0908,0.0908,47404.1
2026-08-27 03:55:00,0.0908,0.0909,0.0907,0.0909,199344.9
2026-08-27 04:00:00,0.091,0.0911,0.091,0.0911,38264.6
2026-08-27 04:05:00,0.0911,0.0911,0.0909,0.091,68462.1
2026-08-27 04:10:00,0.091,0.091,0.091,0.091,346.0
2026-08-27 04:15:00,0.091,0.0912,0.0909,0.0911,145412.8
2026-08-27 04:20:00,0.091,0.091,0.0907,0.0908,54156.4
2026-08-27 04:25:00,0.0907,0.0907,0.0906,0.0906,49641.2
2026-08-27 04:30:00,0.0905,0.0905,0.0904,0.0904,153920.2
2026-08-27 04:35:00,0.0903,0.0904,0.0902,0.0904,71732.2
2026-08-27 04:40:00,0.0904,0.0905,0.0903,0.0905,17797.9
2026-08-27 04:45:00,0.0904,0.0904,0.09,0.0901,92165.5
2026-08-27 04:50:00,0.0901,0.0901,0.0899,0.0901,76406.7
2026-08-27 04:55:00,0.0901,0.0902,0.09,0.0902,99574.5
2026-08-27 05:00:00,0.0901,0.0902,0.09,0.0901,41872.6
2026-08-27 05:05:00,0.0901,0.0902,0.09,0.0902,27832.8
2026-08-27 05:10:00,0.0903,0.0903,0.0903,0.0903,52975.8
2026-08-27 05:15:00,0.0902,0.0902,0.09,0.0901,15022.7
2026-08-27 05:20:00,0.0901,0.0903,0.0901,0.0903,132000.4
2026-08-27 05:25:00,0.0904,0.0905,0.0902,0.0902,144078.5
2026-08-27 05:30:00,0.0902,0.0902,0.0899,0.09,27615.1
2026-08-27 05:35:00,0.09,0.0902,0.0899,0.0902,49472.8
2026-08-27 05:40:00,0.0902,0.0904,0.0902,0.0902,117507.9
2026-08-27 05:45:00,0.0902,0.0907,0.0902,0.0907,107788.6
2026-08-27 05:50:00,0.0907,0.0909,0.0907,0.0908,327686.0
2026-08-27 05:55:00,0.0908,0.0909,0.0907,0.0909,255731.7
2026-08-27 06:00:00,0.0908,0.0908,0.0905,0.0905,141084.5
2026-08-27 06:05:00,0.0904,0.0906,0.0904,0.0904,94652.2
2026-08-27 06:10:00,0.0905,0.0905,0.0902,0.0902,36981.9
2026-08-27 06:15:00,0.0902,0.0904,0.0902,0.0903,107466.5
2026-08-27 06:20:00,0.0903,0.0905,0.0902,0.0905,14810.4
2026-08-27 06:25:00,0.0905,0.0906,0.0905,0.0906,123474.8
2026-08-27 06:30:00,0.0906,0.0907,0.0906,0.0907,7010.2
2026-08-27 06:35:00,0.0908,0.091,0.0908,0.091,81222.9
2026-08-27 06:40:00,0.091,0.091,0.0908,0.091,15576.4
2026-08-27 06:45:00,0.091,0.0913,0.091,0.0913,61966.9
2026-08-27 06:50:00,0.0913,0.0915,0.0912,0.0914,117758.3
2026-08-27 06:55:00,0.0913,0.0914,0.0912,0.0913,62946.1
2026-08-27 07:00:00,0.0913,0.0913,0.0907,0.0911,955915.9
2026-08-27 07:05:00,0.0911,0.0912,0.091,0.0911,75743.5
2026-08-27 07:10:00,0.0911,0.0912,0.091,0.0912,37541.0
2026-08-27 07:15:00,0.0911,0.0912,0.091,0.0911,48005.3
2026-08-27 07:20:00,0.0911,0.0912,0.0911,0.0911,2871.6
2026-08-27 07:25:00,0.091,0.0912,0.0909,0.0912,43251.0
2026-08-27 07:30:00,0.0911,0.0914,0.0909,0.0909,109054.2
2026-08-27 07:35:00,0.091,0.0912,0.091,0.0912,35094.5
2026-08-27 07:40:00,0.0911,0.0911,0.091,0.0911,63805.1
2026-08-27 07:45:00,0.0911,0.0911,0.0909,0.091,14906.1
2026-08-27 07:50:00,0.0911,0.0912,0.091,0.0912,35635.3
2026-08-27 07:55:00,0.0912,0.0913,0.0911,0.0912,13301.4
2026-08-27 08:00:00,0.0912,0.092,0.0911,0.0919,150777.4
2026-08-27 08:05:00,0.0919,0.0922,0.0916,0.0922,837931.7
2026-08-27 08:10:00,0.0923,0.0924,0.0919,0.092,366326.7
2026-08-27 08:15:00,0.0921,0.0921,0.0917,0.0919,124661.9
2026-08-27 08:20:00,0.0918,0.0921,0.0918,0.0921,72613.2
2026-08-27 08:25:00,0.0922,0.0927,0.0921,0.0926,197105.1
2026-08-27 08:30:00,0.0927,0.093,0.0927,0.0928,233887.9
2026-08-27 08:35:00,0.0928,0.0929,0.0925,0.0927,418851.8
2026-08-27 08:40:00,0.0927,0.093,0.0926,0.0928,263480.1
2026-08-27 08:45:00,0.0929,0.093,0.0927,0.0929,387645.1
2026-08-27 08:50:00,0.0929,0.0929,0.0927,0.0929,183631.3
2026-08-27 08:55:00,0.0928,0.0929,0.0926,0.0928,224490.6
2026-08-27 09:00:00,0.0927,0.0927,0.0924,0.0924,375043.7
2026-08-27 09:05:00,0.0923,0.0924,0.0922,0.0923,156740.8
2026-08-27 09:10:00,0.0923,0.0924,0.0923,0.0923,147406.6
2026-08-27 09:15:00,0.0923,0.0925,0.0922,0.0925,163813.0
2026-08-27 09:20:00,0.0926,0.0929,0.0926,0.0929,392965.5
2026-08-27 09:25:00,0.0929,0.0934,0.0929,0.0931,751086.4
2026-08-27 09:30:00,0.0931,0.0933,0.0929,0.093,183304.4
2026-08-27 09:35:00,0.093,0.093,0.0928,0.0929,333872.7
2026-08-27 09:40:00,0.0928,0.0929,0.0926,0.0927,58496.4
2026-08-27 09:45:00,0.0927,0.0928,0.0927,0.0927,183850.9
2026-08-27 09:50:00,0.0926,0.0926,0.0922,0.0924,214031.4
2026-08-27 09:55:00,0.0924,0.0924,0.092,0.0921,57462.4
2026-08-27 10:00:00,0.0922,0.0922,0.092,0.0921,44621.3
2026-08-27 10:05:00,0.0921,0.0924,0.0921,0.0924,137771.5
2026-08-27 10:10:00,0.0923,0.0925,0.0917,0.092,84570.5
2026-08-27 10:15:00,0.092,0.092,0.0918,0.092,34804.3
2026-08-27 10:20:00,0.092,0.092,0.0917,0.0917,60942.9
2026-08-27 10:25:00,0.0917,0.0917,0.0904,0.0911,675131.2
2026-08-27 10:30:00,0.0912,0.0912,0.0909,0.0909,106156.3
2026-08-27 10:35:00,0.0909,0.091,0.0904,0.0904,1388454.7
2026-08-27 10:40:00,0.0904,0.0909,0.0903,0.0908,376602.1
2026-08-27 10:45:00,0.0908,0.0909,0.0906,0.0907,141798.6
2026-08-27 10:50:00,0.0906,0.0909,0.0906,0.0909,96207.0
2026-08-27 10:55:00,0.0909,0.091,0.0907,0.0907,62922.8
2026-08-27 11:00:00,0.0907,0.0911,0.0907,0.0911,28001.0
2026-08-27 11:05:00,0.091,0.0911,0.091,0.091,51006.9
2026-08-27 11:10:00,0.091,0.091,0.0909,0.0909,24304.0
2026-08-27 11:15:00,0.0909,0.0911,0.0908,0.091,135338.9
2026-08-27 11:20:00,0.0909,0.091,0.0907,0.0907,148649.7
2026-08-27 11:25:00,0.0908,0.0908,0.0904,0.0904,63057.2
2026-08-27 11:30:00,0.0903,0.0904,0.09,0.0903,644730.6
2026-08-27 11:35:00,0.0903,0.0903,0.09,0.0901,272146.3
2026-08-27 11:40:00,0.0901,0.0905,0.0901,0.0904,130118.9
2026-08-27 11:45:00,0.0903,0.0903,0.0901,0.0901,51943.2
2026-08-27 11:50:00,0.0901,0.0904,0.0897,0.0904,627897.6
2026-08-27 11:55:00,0.0903,0.0904,0.0902,0.0902,27995.0
2026-08-27 12:00:00,0.0903,0.0906,0.0903,0.0904,66574.8
2026-08-27 12:05:00,0.0904,0.0905,0.0901,0.0903,115654.5
2026-08-27 12:10:00,0.0904,0.0906,0.0904,0.0905,116422.2
2026-08-27 12:15:00,0.0906,0.0906,0.0903,0.0904,69989.9
2026-08-27 12:20:00,0.0905,0.0906,0.0904,0.0905,156408.2
2026-08-27 12:25:00,0.0906,0.0907,0.0905,0.0906,23728.1
2026-08-27 12:30:00,0.0906,0.0906,0.0903,0.0904,375808.9
2026-08-27 12:35:00,0.0904,0.0904,0.0901,0.0904,301050.1
2026-08-27 12:40:00,0.0904,0.0904,0.0902,0.0902,80109.4
2026-08-27 12:45:00,0.0903,0.0905,0.0903,0.0904,70630.4
2026-08-27 12:50:00,0.0905,0.0906,0.0905,0.0906,157310.5
2026-08-27 12:55:00,0.0906,0.0907,0.0904,0.0904,108238.5
2026-08-27 13:00:00,0.0905,0.0906,0.0905,0.0906,109582.0
2026-08-27 13:05:00,0.0906,0.0909,0.0906,0.0908,206275.1
2026-08-27 13:10:00,0.0908,0.0909,0.0906,0.0907,214114.6
2026-08-27 13:15:00,0.0908,0.0909,0.0906,0.0907,93211.5
2026-08-27 13:20:00,0.0906,0.0909,0.0906,0.0909,152375.0
2026-08-27 13:25:00,0.0909,0.0912,0.0909,0.0911,334523.6
2026-08-27 13:30:00,0.091,0.091,0.0899,0.0902,1712960.8
2026-08-27 13:35:00,0.0902,0.0904,0.0902,0.0904,213101.3
2026-08-27 13:40:00,0.0904,0.0905,0.0902,0.0903,208607.1
2026-08-27 13:45:00,0.0903,0.0905,0.0899,0.09,165726.1
2026-08-27 13:50:00,0.0901,0.0906,0.0901,0.0906,293759.7
2026-08-27 13:55:00,0.0906,0.0911,0.0905,0.0911,279736.6
2026-08-27 14:00:00,0.091,0.0913,0.0908,0.0913,226949.1
2026-08-27 14:05:00,0.0913,0.0914,0.0908,0.0908,124097.4
2026-08-27 14:10:00,0.0908,0.0908,0.0906,0.0907,75015.5
2026-08-27 14:15:00,0.0908,0.0911,0.0904,0.091,175660.4
2026-08-27 14:20:00,0.0911,0.0914,0.0911,0.0914,174041.2
2026-08-27 14:25:00,0.0913,0.0914,0.0911,0.0914,27641.1
2026-08-27 14:30:00,0.0913,0.0917,0.0911,0.0917,231764.0
2026-08-27 14:35:00,0.0916,0.0921,0.0916,0.092,114513.0
2026-08-27 14:40:00,0.092,0.0923,0.0919,0.0922,86963.6
2026-08-27 14:45:00,0.0921,0.0922,0.0917,0.0918,296368.1
2026-08-27 14:50:00,0.0917,0.0919,0.0914,0.0915,48410.5
2026-08-27 14:55:00,0.0915,0.0917,0.0914,0.0915,233323.2
2026-08-27 15:00:00,0.0915,0.0919,0.0913,0.0916,105999.6
2026-08-27 15:05:00,0.0915,0.0919,0.0915,0.0919,170656.2
2026-08-27 15:10:00,0.092,0.0924,0.0918,0.0921,164714.6
2026-08-27 15:15:00,0.0921,0.0922,0.0919,0.0922,137761.5
2026-08-27 15:20:00,0.0922,0.0922,0.0918,0.0919,282445.0
2026-08-27 15:25:00,0.0919,0.0922,0.0919,0.092,213497.5
2026-08-27 15:30:00,0.092,0.092,0.0915,0.0916,306456.6
2026-08-27 15:35:00,0.0916,0.092,0.0915,0.0919,325858.1
2026-08-27 15:40:00,0.0918,0.092,0.0917,0.0918,340681.3
2026-08-27 15:45:00,0.0918,0.0918,0.0915,0.0915,525853.2
2026-08-27 15:50:00,0.0916,0.0917,0.0916,0.0917,186188.5
2026-08-27 15:55:00,0.0917,0.0919,0.0915,0.0915,316371.4
2026-08-27 16:00:00,0.0916,0.0918,0.0915,0.0918,103029.6
2026-08-27 16:05:00,0.0918,0.0918,0.091,0.0915,290852.8
2026-08-27 16:10:00,0.0915,0.0921,0.0915,0.0918,204719.3
2026-08-27 16:15:00,0.0918,0.0922,0.0918,0.0922,201340.1
2026-08-27 16:20:00,0.0922,0.0924,0.0921,0.0923,177263.0
2026-08-27 16:25:00,0.0922,0.0926,0.0922,0.0925,260299.9
2026-08-27 16:30:00,0.0925,0.0926,0.0924,0.0925,95230.5
2026-08-27 16:35:00,0.0925,0.0928,0.0923,0.0926,103645.6
2026-08-27 16:40:00,0.0926,0.0928,0.0925,0.0928,304220.0
2026-08-27 16:45:00,0.0927,0.0927,0.0925,0.0925,63712.7
2026-08-27 16:50:00,0.0925,0.0926,0.0922,0.0923,239304.6
2026-08-27 16:55:00,0.0924,0.0925,0.0922,0.0922,184429.1
2026-08-27 17:00:00,0.0921,0.0922,0.0918,0.0919,115732.3
2026-08-27 17:05:00,0.092,0.0922,0.0919,0.0922,28896.2
2026-08-27 17:10:00,0.0921,0.0923,0.092,0.0922,59384.2
2026-08-27 17:15:00,0.0922,0.0925,0.0922,0.0925,54181.7
2026-08-27 17:20:00,0.0924,0.0925,0.0924,0.0924,24514.8
2026-08-27 17:25:00,0.0924,0.0924,0.0921,0.0922,81812.8
2026-08-27 17:30:00,0.0922,0.0923,0.0919,0.0919,137525.1
2026-08-27 17:35:00,0.0919,0.0921,0.0918,0.0919,62154.1
2026-08-27 17:40:00,0.0919,0.0922,0.0915,0.0915,88137.7
2026-08-27 17:45:00,0.0915,0.0917,0.0915,0.0916,150860.4
2026-08-27 17:50:00,0.0917,0.0918,0.0916,0.0916,4997.6
2026-08-27 17:55:00,0.0917,0.0918,0.0916,0.0917,54322.4
2026-08-27 18:00:00,0.0916,0.0918,0.0915,0.0917,104320.0
2026-08-27 18:05:00,0.0916,0.0918,0.0916,0.0917,27810.5
2026-08-27 18:10:00,0.0917,0.0918,0.0908,0.0911,663067.4
2026-08-27 18:15:00,0.0912,0.0913,0.0907,0.0907,341884.0
2026-08-27 18:20:00,0.0907,0.0907,0.0905,0.0905,267522.8
2026-08-27 18:25:00,0.0906,0.0907,0.0904,0.0904,125888.5
2026-08-27 18:30:00,0.0904,0.0907,0.0903,0.0905,109394.2
2026-08-27 18:35:00,0.0905,0.0909,0.0905,0.0908,95953.8
2026-08-27 18:40:00,0.0908,0.0909,0.0907,0.0909,156787.5
2026-08-27 18:45:00,0.0908,0.091,0.0908,0.0909,180075.8
2026-08-27 18:50:00,0.0909,0.0911,0.0908,0.091,112502.0
2026-08-27 18:55:00,0.0911,0.0913,0.091,0.0913,42339.4
2026-08-27 19:00:00,0.0914,0.0914,0.0913,0.0913,20504.2
2026-08-27 19:05:00,0.0913,0.0914,0.0912,0.0913,56387.1
2026-08-27 19:10:00,0.0912,0.0913,0.0912,0.0912,54901.2
2026-08-27 19:15:00,0.0911,0.0912,0.091,0.091,17080.7
2026-08-27 19:20:00,0.091,0.091,0.0908,0.0908,140689.0
2026-08-27 19:25:00,0.0908,0.091,0.0908,0.091,67442.4
2026-08-27 19:30:00,0.0911,0.0911,0.0909,0.091,38854.3
2026-08-27 19:35:00,0.091,0.0911,0.0909,0.091,35746.3
2026-08-27 19:40:00,0.0911,0.0912,0.091,0.0912,276967.6
2026-08-27 19:45:00,0.0912,0.0913,0.0911,0.0911,207199.3
2026-08-27 19:50:00,0.0911,0.0912,0.0911,0.0912,38873.2
2026-08-27 19:55:00,0.0912,0.0913,0.091,0.0911,36207.0
2026-08-27 20:00:00,0.0911,0.0911,0.0908,0.0909,34588.7
2026-08-27 20:05:00,0.0909,0.0912,0.0909,0.0909,27194.5
2026-08-27 20:10:00,0.091,0.091,0.0908,0.0909,196046.9
2026-08-27 20:15:00,0.0909,0.0912,0.0909,0.0912,22376.1
2026-08-27 20:20:00,0.0913,0.0919,0.0913,0.0917,214443.7
2026-08-27 20:25:00,0.0917,0.0917,0.0914,0.0914,51546.4
2026-08-27 20:30:00,0.0914,0.0915,0.0913,0.0914,20979.0
2026-08-27 20:35:00,0.0914,0.0914,0.0912,0.0913,93612.4
2026-08-27 20:40:00,0.0913,0.0915,0.0913,0.0915,46690.7
2026-08-27 20:45:00,0.0915,0.0915,0.0914,0.0914,8269.3
2026-08-27 20:50:00,0.0913,0.0913,0.0911,0.0911,57031.7
2026-08-27 20:55:00,0.0912,0.0913,0.0911,0.0913,9772.8
2026-08-27 21:00:00,0.0914,0.0915,0.0913,0.0915,64937.0
2026-08-27 21:05:00,0.0914,0.0916,0.0914,0.0914,93962.6
2026-08-27 21:10:00,0.0915,0.0917,0.0914,0.0914,62117.1
2026-08-27 21:15:00,0.0914,0.0915,0.0913,0.0913,6826.0
2026-08-27 21:20:00,0.0913,0.0916,0.0913,0.0916,13579.1
2026-08-27 21:25:00,0.0915,0.0915,0.0913,0.0913,78477.1
2026-08-27 21:30:00,0.0913,0.0915,0.0913,0.0914,5649.3
2026-08-27 21:35:00,0.0913,0.0913,0.091,0.0912,18255.4
2026-08-27 21:40:00,0.0912,0.0912,0.0911,0.0911,36899.4
2026-08-27 21:45:00,0.0911,0.0914,0.0911,0.0914,48400.6
2026-08-27 21:50:00,0.0914,0.0915,0.0911,0.0912,1948138.9
2026-08-27 21:55:00,0.0912,0.0914,0.0912,0.0913,31585.4
2026-08-27 22:00:00,0.0913,0.0918,0.0913,0.0917,120550.6
2026-08-27 22:05:00,0.0918,0.0918,0.0917,0.0917,21927.0
2026-08-27 22:10:00,0.0916,0.0917,0.0916,0.0916,2948.0
2026-08-27 22:15:00,0.0917,0.092,0.0917,0.0919,27604.5
2026-08-27 22:20:00,0.0919,0.0922,0.0918,0.0919,339344.6
2026-08-27 22:25:00,0.0918,0.0918,0.0917,0.0918,87996.7
2026-08-27 22:30:00,0.0918,0.0919,0.0917,0.0919,55134.1
2026-08-27 22:35:00,0.0918,0.0919,0.0918,0.0919,15331.5
2026-08-27 22:40:00,0.0919,0.0919,0.0918,0.0918,29319.9
2026-08-27 22:45:00,0.0917,0.0918,0.0917,0.0917,30498.2
2026-08-27 22:50:00,0.0917,0.092,0.0916,0.0919,233318.5
2026-08-27 22:55:00,0.0919,0.0927,0.0919,0.0927,481767.3
2026-08-27 23:00:00,0.0927,0.0928,0.0922,0.0922,201009.4
2026-08-27 23:05:00,0.0922,0.0923,0.0921,0.0921,159071.6
2026-08-27 23:10:00,0.0921,0.0924,0.0921,0.0922,232616.7
2026-08-27 23:15:00,0.0922,0.0925,0.0922,0.0925,42583.4
2026-08-27 23:20:00,0.0925,0.0925,0.0925,0.0925,41436.1
2026-08-27 23:25:00,0.0925,0.0927,0.0925,0.0927,80196.1
2026-08-27 23:30:00,0.0927,0.0927,0.0921,0.0923,557719.1
2026-08-27 23:35:00,0.0923,0.0923,0.0921,0.0921,22621.4
2026-08-27 23:40:00,0.0922,0.0922,0.0919,0.092,288814.2
2026-08-27 23:45:00,0.092,0.092,0.0917,0.0919,69764.2
2026-08-27 23:50:00,0.092,0.0921,0.092,0.092,55039.6
2026-08-27 23:55:00,0.092,0.0921,0.0919,0.0919,11215.1
2026-08-28 00:00:00,0.092,0.092,0.0919,0.0919,43936.8
2026-08-28 00:05:00,0.0919,0.0921,0.0918,0.0918,98243.4
2026-08-28 00:10:00,0.0919,0.0921,0.0919,0.0921,68557.7
2026-08-28 00:15:00,0.0922,0.0928,0.0922,0.0927,302424.2
2026-08-28 00:20:00,0.0927,0.093,0.0926,0.0927,595529.4
2026-08-28 00:25:00,0.0926,0.0929,0.0922,0.0928,280723.4
2026-08-28 00:30:00,0.0929,0.093,0.0927,0.0928,279073.1
2026-08-28 00:35:00,0.0928,0.0929,0.0926,0.0927,48643.5
2026-08-28 00:40:00,0.0928,0.0928,0.0924,0.0925,36624.7
2026-08-28 00:45:00,0.0925,0.0925,0.0924,0.0924,15531.4
2026-08-28 00:50:00,0.0923,0.0924,0.0922,0.0924,13770.7
2026-08-28 00:55:00,0.0923,0.0925,0.0922,0.0922,35831.6
2026-08-28 01:00:00,0.0922,0.0927,0.0922,0.0927,118654.9
2026-08-28 01:05:00,0.0926,0.0926,0.0924,0.0926,4968.0
2026-08-28 01:10:00,0.0925,0.0926,0.0925,0.0926,64991.4
2026-08-28 01:15:00,0.0926,0.0932,0.0926,0.0931,58710.8
2026-08-28 01:20:00,0.0931,0.0936,0.0931,0.0935,226725.5
2026-08-28 01:25:00,0.0935,0.0937,0.0935,0.0936,127907.6
2026-08-28 01:30:00,0.0938,0.0944,0.0937,0.0941,343120.8
2026-08-28 01:35:00,0.0941,0.0941,0.0931,0.0932,462104.8
2026-08-28 01:40:00,0.0932,0.0934,0.093,0.093,99709.4
2026-08-28 01:45:00,0.0931,0.0931,0.0924,0.0926,310420.5
2026-08-28 01:50:00,0.0926,0.0928,0.0925,0.0927,77879.1
2026-08-28 01:55:00,0.0926,0.0927,0.0919,0.0921,351140.1
2026-08-28 02:00:00,0.0921,0.0921,0.0918,0.0919,171925.0
2026-08-28 02:05:00,0.092,0.092,0.0917,0.0917,171822.6
2026-08-28 02:10:00,0.0918,0.0918,0.0913,0.0914,79086.7
2026-08-28 02:15:00,0.0914,0.0914,0.0911,0.0913,78354.0
2026-08-28 02:20:00,0.0913,0.0913,0.0906,0.0909,295548.6
2026-08-28 02:25:00,0.0909,0.0911,0.0905,0.0905,274011.6
2026-08-28 02:30:00,0.0906,0.0906,0.09,0.0906,501460.4
2026-08-28 02:35:00,0.0906,0.0907,0.0905,0.0905,86679.5
2026-08-28 02:40:00,0.0904,0.0906,0.0904,0.0904,81072.4
2026-08-28 02:45:00,0.0904,0.0904,0.0901,0.0902,115630.5
2026-08-28 02:50:00,0.0902,0.0904,0.09,0.0904,86994.7
2026-08-28 02:55:00,0.0904,0.0904,0.0901,0.0903,349369.7
2026-08-28 03:00:00,0.0902,0.0903,0.0898,0.09,274944.9
2026-08-28 03:05:00,0.09,0.0901,0.0895,0.0897,158716.3
2026-08-28 03:10:00,0.0896,0.0901,0.0896,0.0899,137310.6
2026-08-28 03:15:00,0.09,0.0903,0.09,0.0903,96554.0
2026-08-28 03:20:00,0.0904,0.0905,0.0903,0.0903,206565.6
2026-08-28 03:25:00,0.0903,0.0904,0.0902,0.0904,128515.8
2026-08-28 03:30:00,0.0904,0.0905,0.0902,0.0903,38202.3
2026-08-28 03:35:00,0.0903,0.0903,0.09,0.0901,232599.5
2026-08-28 03:40:00,0.0901,0.0901,0.09,0.09,13979.6
2026-08-28 03:45:00,0.09,0.0901,0.0899,0.0901,99893.3
2026-08-28 03:50:00,0.0901,0.0901,0.09,0.0901,29202.5
2026-08-28 03:55:00,0.0901,0.0901,0.09,0.09,61079.9
2026-08-28 04:00:00,0.0901,0.0902,0.0897,0.0898,81325.3
2026-08-28 04:05:00,0.0898,0.0899,0.0893,0.0895,94060.8
2026-08-28 04:10:00,0.0894,0.0902,0.0894,0.0902,195817.5
2026-08-28 04:15:00,0.0902,0.0904,0.0902,0.0902,220831.0
2026-08-28 04:20:00,0.0902,0.0903,0.0902,0.0902,73289.5
2026-08-28 04:25:00,0.0901,0.0902,0.0901,0.0901,43083.3
2026-08-28 04:30:00,0.0901,0.0901,0.0898,0.0898,72079.1
2026-08-28 04:35:00,0.0898,0.0898,0.0897,0.0897,21403.3
2026-08-28 04:40:00,0.0898,0.0899,0.0898,0.0899,13657.9
2026-08-28 04:45:00,0.0899,0.0899,0.0898,0.0898,31177.8
2026-08-28 04:50:00,0.0899,0.0902,0.0899,0.09,178868.7
2026-08-28 04:55:00,0.0899,0.0899,0.0898,0.0899,69044.3
2026-08-28 05:00:00,0.0899,0.0899,0.0898,0.0899,37138.9
2026-08-28 05:05:00,0.0898,0.0898,0.0896,0.0897,21750.9
2026-08-28 05:10:00,0.0897,0.0898,0.0897,0.0898,7130.1
2026-08-28 05:15:00,0.0898,0.0898,0.0897,0.0897,6452.6
2026-08-28 05:20:00,0.0897,0.0898,0.0895,0.0897,53290.7
2026-08-28 05:25:00,0.0898,0.09,0.0898,0.09,159194.5
2026-08-28 05:30:00,0.0901,0.0903,0.09,0.0903,65617.3
2026-08-28 05:35:00,0.0903,0.0903,0.0901,0.0901,12438.6
2026-08-28 05:40:00,0.0901,0.0901,0.09,0.0901,69702.7
2026-08-28 05:45:00,0.0901,0.0903,0.0901,0.0903,9613.1
2026-08-28 05:50:00,0.0903,0.0903,0.0901,0.0902,115685.7
2026-08-28 05:55:00,0.0901,0.0901,0.0899,0.09,145583.5
2026-08-28 06:00:00,0.0901,0.0904,0.0901,0.0904,34571.8
2026-08-28 06:05:00,0.0904,0.0906,0.0902,0.0906,95523.4
2026-08-28 06:10:00,0.0905,0.0907,0.0905,0.0906,106073.2
2026-08-28 06:15:00,0.0906,0.0906,0.0906,0.0906,2172.8
2026-08-28 06:20:00,0.0905,0.0907,0.0904,0.0904,70851.6
2026-08-28 06:25:00,0.0904,0.0904,0.0904,0.0904,4826.6
2026-08-28 06:30:00,0.0904,0.0904,0.0902,0.0904,159642.7
2026-08-28 06:35:00,0.0904,0.0904,0.0903,0.0903,97037.4
2026-08-28 06:40:00,0.0903,0.0903,0.0903,0.0903,68146.6
2026-08-28 06:45:00,0.0904,0.0907,0.0904,0.0907,15568.4
2026-08-28 06:50:00,0.0907,0.0908,0.0906,0.0906,38781.0
2026-08-28 06:55:00,0.0907,0.0907,0.0905,0.0905,101411.3
2026-08-28 07:00:00,0.0905,0.0906,0.0904,0.0904,121800.6
2026-08-28 07:05:00,0.0903,0.0903,0.09,0.09,547263.1
2026-08-28 07:10:00,0.0901,0.0902,0.09,0.0901,109755.5
2026-08-28 07:15:00,0.0901,0.0904,0.0901,0.0903,42327.0
2026-08-28 07:20:00,0.0903,0.0903,0.0902,0.0902,28857.7
2026-08-28 07:25:00,0.0902,0.0903,0.0902,0.0903,16605.4
2026-08-28 07:30:00,0.0902,0.0903,0.09,0.0902,112232.5
2026-08-28 07:35:00,0.0902,0.0902,0.09,0.0901,9388.2
2026-08-28 07:40:00,0.09,0.0902,0.09,0.0901,35934.9
2026-08-28 07:45:00,0.0901,0.0901,0.09,0.0901,15143.7
2026-08-28 07:50:00,0.0901,0.0902,0.09,0.0902,25150.1
2026-08-28 07:55:00,0.0902,0.0902,0.0901,0.0901,28928.3
2026-08-28 08:00:00,0.0902,0.0906,0.0902,0.0904,111993.9
2026-08-28 08:05:00,0.0904,0.0904,0.0902,0.0902,136361.3
2026-08-28 08:10:00,0.0903,0.0904,0.0902,0.0903,121556.3
2026-08-28 08:15:00,0.0903,0.0904,0.0902,0.0904,150012.1
2026-08-28 08:20:00,0.0903,0.0903,0.0902,0.0902,121211.0
2026-08-28 08:25:00,0.0902,0.0902,0.0901,0.0902,29735.1
2026-08-28 08:30:00,0.0901,0.0902,0.0901,0.0901,71951.6
2026-08-28 08:35:00,0.0902,0.0902,0.0901,0.0901,19129.9
2026-08-28 08:40:00,0.09,0.0901,0.0899,0.09,36905.6
2026-08-28 08:45:00,0.0899,0.0899,0.0895,0.0896,407206.8
2026-08-28 08:50:00,0.0896,0.0897,0.0895,0.0897,24366.9
2026-08-28 08:55:00,0.0897,0.0897,0.0895,0.0897,23567.3
2026-08-28 09:00:00,0.0897,0.0897,0.0895,0.0896,61686.1
2026-08-28 09:05:00,0.0896,0.09,0.0896,0.0899,309907.7
2026-08-28 09:10:00,0.0899,0.09,0.0898,0.0898,48409.6
2026-08-28 09:15:00,0.0899,0.0901,0.0899,0.0901,9556.3
2026-08-28 09:20:00,0.0901,0.0901,0.0898,0.0899,119418.8
2026-08-28 09:25:00,0.0899,0.0899,0.0897,0.0897,40960.2
2026-08-28 09:30:00,0.0898,0.0899,0.0895,0.0895,109342.2
2026-08-28 09:35:00,0.0896,0.0896,0.0893,0.0896,178253.8
2026-08-28 09:40:00,0.0896,0.0896,0.0892,0.0892,322615.6
2026-08-28 09:45:00,0.0892,0.0894,0.0892,0.0893,142007.6
2026-08-28 09:50:00,0.0893,0.0895,0.0892,0.0893,148448.8
2026-08-28 09:55:00,0.0894,0.0895,0.0893,0.0894,98906.5
2026-08-28 10:00:00,0.0894,0.0894,0.0887,0.0889,422798.7
2026-08-28 10:05:00,0.0889,0.0891,0.0888,0.0889,226886.2
2026-08-28 10:10:00,0.089,0.0893,0.089,0.0892,50270.0
2026-08-28 10:15:00,0.0893,0.0893,0.0892,0.0893,44812.5
2026-08-28 10:20:00,0.0894,0.0895,0.0893,0.0894,380570.5
2026-08-28 10:25:00,0.0894,0.0896,0.0894,0.0896,216610.9
2026-08-28 10:30:00,0.0896,0.0898,0.0895,0.0897,28012.3
2026-08-28 10:35:00,0.0897,0.0898,0.0896,0.0898,58221.1
2026-08-28 10:40:00,0.0898,0.0899,0.0898,0.0898,40612.0
2026-08-28 10:45:00,0.0897,0.0898,0.0897,0.0898,14962.6
2026-08-28 10:50:00,0.0898,0.0899,0.0898,0.0899,15040.3
2026-08-28 10:55:00,0.09,0.0902,0.0899,0.0902,71494.0
2026-08-28 11:00:00,0.0902,0.0905,0.0901,0.0904,186840.1
2026-08-28 11:05:00,0.0904,0.0904,0.0902,0.0903,122079.4
2026-08-28 11:10:00,0.0903,0.0903,0.0902,0.0903,40615.7
2026-08-28 11:15:00,0.0903,0.0903,0.0901,0.0903,177711.5
2026-08-28 11:20:00,0.0903,0.0904,0.0902,0.0903,39665.6
2026-08-28 11:25:00,0.0904,0.0904,0.0902,0.0902,215866.7
2026-08-28 11:30:00,0.0903,0.0903,0.0901,0.0902,88907.6
2026-08-28 11:35:00,0.0902,0.0902,0.0899,0.09,54492.9
2026-08-28 11:40:00,0.09,0.0901,0.0899,0.09,53976.6
2026-08-28 11:45:00,0.09,0.0902,0.09,0.0901,86982.5
2026-08-28 11:50:00,0.0901,0.0902,0.09,0.0901,16985.0
2026-08-28 11:55:00,0.0901,0.0901,0.0901,0.0901,10237.1
2026-08-28 12:00:00,0.0901,0.0901,0.0899,0.0901,20255.4
2026-08-28 12:05:00,0.0901,0.0902,0.0899,0.0899,9330.7
2026-08-28 12:10:00,0.0899,0.0899,0.0898,0.0899,37918.9
2026-08-28 12:15:00,0.0899,0.0901,0.0899,0.09,70375.2
2026-08-28 12:20:00,0.09,0.09,0.0898,0.0899,13809.1
2026-08-28 12:25:00,0.0898,0.0899,0.0897,0.0897,167328.9
2026-08-28 12:30:00,0.0898,0.0898,0.0896,0.0897,55578.3
2026-08-28 12:35:00,0.0897,0.0897,0.0897,0.0897,18355.9
2026-08-28 12:40:00,0.0897,0.0897,0.0895,0.0897,270227.1
2026-08-28 12:45:00,0.0898,0.0898,0.0895,0.0896,88078.0
2026-08-28 12:50:00,0.0896,0.0897,0.0896,0.0897,20040.9
2026-08-28 12:55:00,0.0897,0.0897,0.0896,0.0897,17101.3
2026-08-28 13:00:00,0.0897,0.0899,0.0896,0.0899,59506.5
2026-08-28 13:05:00,0.09,0.0901,0.0898,0.0898,120504.0
2026-08-28 13:10:00,0.0898,0.0898,0.0897,0.0897,6109.5
2026-08-28 13:15:00,0.0898,0.0898,0.0894,0.0895,185220.7
2026-08-28 13:20:00,0.0895,0.0895,0.0895,0.0895,46288.4
2026-08-28 13:25:00,0.0894,0.0896,0.0893,0.0895,545654.8
2026-08-28 13:30:00,0.0895,0.0897,0.0894,0.0896,122116.7
2026-08-28 13:35:00,0.0897,0.0897,0.0895,0.0895,137114.9
2026-08-28 13:40:00,0.0895,0.0895,0.0894,0.0894,74634.0
2026-08-28 13:45:00,0.0895,0.0897,0.0895,0.0896,190335.6
2026-08-28 13:50:00,0.0896,0.09,0.0896,0.09,82886.6
2026-08-28 13:55:00,0.09,0.0901,0.0898,0.0898,147199.3
2026-08-28 14:00:00,0.0898,0.0905,0.0888,0.0888,1239554.1
2026-08-28 14:05:00,0.0889,0.0891,0.0878,0.0886,1287862.1
2026-08-28 14:10:00,0.0886,0.0886,0.088,0.0884,642286.6
2026-08-28 14:15:00,0.0885,0.0894,0.0884,0.0893,447687.9
2026-08-28 14:20:00,0.0894,0.0897,0.0893,0.0894,231679.1
2026-08-28 14:25:00,0.0895,0.0897,0.0892,0.0897,343056.3
2026-08-28 14:30:00,0.0897,0.0903,0.0894,0.0903,328205.3
2026-08-28 14:35:00,0.0903,0.0912,0.0902,0.091,494665.3
2026-08-28 14:40:00,0.091,0.0911,0.0905,0.0908,520274.2
2026-08-28 14:45:00,0.0908,0.0908,0.0902,0.0903,371731.2
2026-08-28 14:50:00,0.0903,0.0906,0.0903,0.0906,359913.4
2026-08-28 14:55:00,0.0906,0.091,0.0906,0.0908,183638.7
2026-08-28 15:00:00,0.0908,0.0911,0.0903,0.0904,421149.6
2026-08-28 15:05:00,0.0904,0.0904,0.0901,0.0901,66653.4
2026-08-28 15:10:00,0.09,0.0902,0.0899,0.09,109507.8
2026-08-28 15:15:00,0.09,0.0906,0.09,0.0904,247181.6
2026-08-28 15:20:00,0.0905,0.0906,0.0903,0.0906,313441.3
2026-08-28 15:25:00,0.0907,0.0909,0.0903,0.0903,390368.5
2026-08-28 15:30:00,0.0904,0.0904,0.0899,0.09,541683.7
2026-08-28 15:35:00,0.0899,0.0901,0.0898,0.0899,157999.7
2026-08-28 15:40:00,0.0898,0.0899,0.0891,0.0892,220872.4
2026-08-28 15:45:00,0.0892,0.0893,0.0889,0.0889,278480.7
2026-08-28 15:50:00,0.0889,0.0889,0.0884,0.0887,311163.9
2026-08-28 15:55:00,0.0888,0.0888,0.0881,0.0884,434893.3
2026-08-28 16:00:00,0.0884,0.0884,0.0873,0.0877,1720220.3
2026-08-28 16:05:00,0.0878,0.0886,0.0878,0.088,275886.3
2026-08-28 16:10:00,0.088,0.088,0.0873,0.0873,397645.6
2026-08-28 16:15:00,0.0874,0.0877,0.0872,0.0876,313227.6
2026-08-28 16:20:00,0.0875,0.0879,0.0866,0.0868,809791.0
2026-08-28 16:25:00,0.0868,0.0877,0.0863,0.0876,1407410.4
2026-08-28 16:30:00,0.0876,0.088,0.0874,0.0876,292260.5
2026-08-28 16:35:00,0.0877,0.0883,0.0877,0.0883,311027.6
2026-08-28 16:40:00,0.0884,0.0884,0.0881,0.0881,238669.9
2026-08-28 16:45:00,0.0881,0.0884,0.0881,0.0884,264565.1
2026-08-28 16:50:00,0.0884,0.0885,0.0882,0.0883,215175.2
2026-08-28 16:55:00,0.0883,0.0885,0.0883,0.0883,237024.0
2026-08-28 17:00:00,0.0882,0.0884,0.088,0.0881,114982.2
2026-08-28 17:05:00,0.0882,0.0885,0.0881,0.0884,32678.8
2026-08-28 17:10:00,0.0884,0.0886,0.0883,0.0886,70012.2
2026-08-28 17:15:00,0.0886,0.0888,0.0885,0.0887,239559.3
2026-08-28 17:20:00,0.0887,0.0888,0.0886,0.0886,82613.9
2026-08-28 17:25:00,0.0887,0.0887,0.0883,0.0886,34017.0
2026-08-28 17:30:00,0.0885,0.0886,0.0884,0.0885,215195.9
2026-08-28 17:35:00,0.0885,0.0885,0.0882,0.0883,189733.0
2026-08-28 17:40:00,0.0882,0.0883,0.088,0.088,146249.4
2026-08-28 17:45:00,0.0881,0.0886,0.088,0.0886,398997.7
2026-08-28 17:50:00,0.0886,0.0886,0.0883,0.0884,59816.0
2026-08-28 17:55:00,0.0883,0.0885,0.0883,0.0884,59473.9
2026-08-28 18:00:00,0.0883,0.0884,0.0881,0.0882,109316.6
2026-08-28 18:05:00,0.0882,0.0882,0.0878,0.088,128958.5
2026-08-28 18:10:00,0.088,0.088,0.0879,0.0879,42364.9
2026-08-28 18:15:00,0.0878,0.0879,0.0875,0.0877,220664.2
2026-08-28 18:20:00,0.0877,0.0877,0.0873,0.0874,287284.1
2026-08-28 18:25:00,0.0874,0.0877,0.0874,0.0876,55726.6
2026-08-28 18:30:00,0.0876,0.0876,0.0873,0.0874,184701.8
2026-08-28 18:35:00,0.0874,0.0874,0.087,0.0871,255689.7
2026-08-28 18:40:00,0.0871,0.0872,0.087,0.087,149580.1
2026-08-28 18:45:00,0.0871,0.0872,0.0869,0.0869,288266.5
2026-08-28 18:50:00,0.0869,0.0874,0.0868,0.0874,279557.1
2026-08-28 18:55:00,0.0873,0.0874,0.0872,0.0874,135543.5
2026-08-28 19:00:00,0.0874,0.0877,0.0874,0.0875,86102.9
2026-08-28 19:05:00,0.0874,0.0879,0.0874,0.0879,65162.2
2026-08-28 19:10:00,0.0878,0.0878,0.0877,0.0877,48854.3
2026-08-28 19:15:00,0.0877,0.0877,0.0876,0.0876,39274.7
2026-08-28 19:20:00,0.0877,0.0878,0.0876,0.0877,57603.4
2026-08-28 19:25:00,0.0877,0.0878,0.0877,0.0878,19633.7
2026-08-28 19:30:00,0.0877,0.0877,0.0875,0.0876,36679.3
2026-08-28 19:35:00,0.0876,0.0878,0.0876,0.0877,11082.8
2026-08-28 19:40:00,0.0876,0.0876,0.0876,0.0876,3200.0
2026-08-28 19:45:00,0.0876,0.0876,0.0872,0.0873,117829.6
2026-08-28 19:50:00,0.0874,0.0874,0.0873,0.0874,77817.3
2026-08-28 19:55:00,0.0874,0.0875,0.0874,0.0875,45797.1
2026-08-28 20:00:00,0.0874,0.0876,0.0873,0.0873,92530.4
2026-08-28 20:05:00,0.0874,0.0875,0.0873,0.0875,101883.1
2026-08-28 20:10:00,0.0876,0.0877,0.0875,0.0877,204461.8
2026-08-28 20:15:00,0.0876,0.0876,0.0874,0.0875,106932.1
2026-08-28 20:20:00,0.0874,0.0877,0.0874,0.0877,76619.2
2026-08-28 20:25:00,0.0877,0.0878,0.0876,0.0876,177798.2
2026-08-28 20:30:00,0.0876,0.0876,0.0875,0.0875,38962.3
2026-08-28 20:35:00,0.0875,0.0875,0.0875,0.0875,35493.1
2026-08-28 20:40:00,0.0876,0.0876,0.0876,0.0876,152597.9
2026-08-28 20:45:00,0.0875,0.0877,0.0875,0.0876,70198.0
2026-08-28 20:50:00,0.0875,0.0876,0.0874,0.0875,62731.0
2026-08-28 20:55:00,0.0874,0.0875,0.0873,0.0875,2198.0
2026-08-28 21:00:00,0.0875,0.0875,0.0873,0.0873,28257.6
2026-08-28 21:05:00,0.0874,0.0876,0.0874,0.0874,32158.9
2026-08-28 21:10:00,0.0874,0.0876,0.0874,0.0876,20472.8
2026-08-28 21:15:00,0.0876,0.0876,0.0875,0.0875,19447.4
2026-08-28 21:20:00,0.0874,0.0874,0.0871,0.0874,202977.0
2026-08-28 21:25:00,0.0874,0.0875,0.0874,0.0874,73139.0
2026-08-28 21:30:00,0.0875,0.0877,0.0875,0.0877,132856.3
2026-08-28 21:35:00,0.0877,0.0877,0.0874,0.0874,13792.1
2026-08-28 21:40:00,0.0874,0.0874,0.0871,0.0872,105486.3
2026-08-28 21:45:00,0.0872,0.0872,0.0869,0.087,85718.1
2026-08-28 21:50:00,0.0869,0.087,0.0868,0.087,35997.9
2026-08-28 21:55:00,0.0869,0.087,0.0868,0.087,64519.2
2026-08-28 22:00:00,0.0869,0.0871,0.0869,0.087,158272.7
2026-08-28 22:05:00,0.087,0.0874,0.087,0.0872,100759.6
2026-08-28 22:10:00,0.0873,0.0874,0.0872,0.0874,90171.2
2026-08-28 22:15:00,0.0874,0.0875,0.0873,0.0873,36469.2
2026-08-28 22:20:00,0.0873,0.0875,0.0873,0.0874,211390.0
2026-08-28 22:25:00,0.0875,0.0876,0.0874,0.0875,167557.9
2026-08-28 22:30:00,0.0874,0.0876,0.0874,0.0874,136735.9
2026-08-28 22:35:00,0.0875,0.0876,0.0875,0.0876,58497.9
2026-08-28 22:40:00,0.0876,0.0876,0.0875,0.0875,50058.0
2026-08-28 22:45:00,0.0875,0.0877,0.0875,0.0876,67518.2
2026-08-28 22:50:00,0.0877,0.0878,0.0876,0.0878,96454.1
2026-08-28 22:55:00,0.0878,0.0878,0.0876,0.0877,49197.9
2026-08-28 23:00:00,0.0877,0.0877,0.0875,0.0875,62870.0
2026-08-28 23:05:00,0.0876,0.0877,0.0876,0.0877,43303.5
2026-08-28 23:10:00,0.0877,0.0879,0.0877,0.0877,76119.3
2026-08-28 23:15:00,0.0877,0.0877,0.0876,0.0876,358849.7
2026-08-28 23:20:00,0.0876,0.0877,0.0876,0.0877,38210.8
2026-08-28 23:25:00,0.0877,0.0878,0.0877,0.0877,61149.8
2026-08-28 23:30:00,0.0877,0.0878,0.0876,0.0877,69035.8
2026-08-28 23:35:00,0.0877,0.0878,0.0876,0.0877,59228.5
2026-08-28 23:40:00,0.0877,0.0877,0.0876,0.0876,56222.1
2026-08-28 23:45:00,0.0876,0.0877,0.0875,0.0875,63658.4
2026-08-28 23:50:00,0.0876,0.0878,0.0876,0.0878,63837.7
2026-08-28 23:55:00,0.0878,0.0878,0.0878,0.0878,23815.5
2026-08-29 00:00:00,0.0878,0.0881,0.0878,0.088,225333.3
2026-08-29 00:05:00,0.088,0.0882,0.088,0.0882,30277.8
2026-08-29 00:10:00,0.0882,0.0882,0.088,0.088,9626.1
2026-08-29 00:15:00,0.088,0.0882,0.088,0.0882,87910.7
2026-08-29 00:20:00,0.0882,0.0883,0.0882,0.0882,33227.2
2026-08-29 00:25:00,0.0883,0.0884,0.0882,0.0884,66584.0
2026-08-29 00:30:00,0.0883,0.0884,0.0883,0.0884,28176.1
2026-08-29 00:35:00,0.0884,0.0885,0.0884,0.0885,29085.3
2026-08-29 00:40:00,0.0885,0.0885,0.0884,0.0885,95420.5
2026-08-29 00:45:00,0.0885,0.0886,0.0885,0.0886,79208.6
2026-08-29 00:50:00,0.0886,0.0888,0.0886,0.0888,234652.4
2026-08-29 00:55:00,0.0888,0.0889,0.0886,0.0886,111704.6
2026-08-29 01:00:00,0.0886,0.0886,0.0885,0.0885,87795.7
2026-08-29 01:05:00,0.0885,0.0885,0.0883,0.0885,57592.8
2026-08-29 01:10:00,0.0885,0.0885,0.0884,0.0884,28563.0
2026-08-29 01:15:00,0.0884,0.0885,0.0884,0.0884,237024.8
2026-08-29 01:20:00,0.0884,0.0884,0.0884,0.0884,19127.5
2026-08-29 01:25:00,0.0885,0.0886,0.0884,0.0884,117563.2
2026-08-29 01:30:00,0.0885,0.0885,0.0884,0.0884,67175.2
2026-08-29 01:35:00,0.0884,0.0884,0.0882,0.0882,27317.2
2026-08-29 01:40:00,0.0883,0.0883,0.0881,0.0881,21767.4
2026-08-29 01:45:00,0.0882,0.0882,0.088,0.0881,146354.2
2026-08-29 01:50:00,0.0881,0.0883,0.0881,0.0881,136444.7
2026-08-29 01:55:00,0.0881,0.0883,0.0881,0.0881,122851.9
2026-08-29 02:00:00,0.0882,0.0883,0.0881,0.0881,6598.2
2026-08-29 02:05:00,0.0882,0.0882,0.088,0.0881,81762.3
2026-08-29 02:10:00,0.0881,0.0881,0.0881,0.0881,14826.1
2026-08-29 02:15:00,0.088,0.088,0.0879,0.0879,134010.4
2026-08-29 02:20:00,0.0879,0.0879,0.0877,0.0878,34034.8
2026-08-29 02:25:00,0.0877,0.0877,0.0875,0.0876,281322.4
2026-08-29 02:30:00,0.0876,0.0876,0.0874,0.0874,379139.5
2026-08-29 02:35:00,0.0874,0.0876,0.0874,0.0876,79984.7
2026-08-29 02:40:00,0.0876,0.0876,0.0876,0.0876,10054.5
2026-08-29 02:45:00,0.0875,0.0877,0.0875,0.0877,33918.2
2026-08-29 02:50:00,0.0877,0.0878,0.0877,0.0878,11417.6
2026-08-29 02:55:00,0.0877,0.0877,0.0876,0.0877,8664.7
2026-08-29 03:00:00,0.0877,0.0877,0.0877,0.0877,15254.8
2026-08-29 03:05:00,0.0877,0.0877,0.0876,0.0876,21905.3
2026-08-29 03:10:00,0.0877,0.0877,0.0877,0.0877,6737.7
2026-08-29 03:15:00,0.0876,0.0876,0.0875,0.0875,32477.5
2026-08-29 03:20:00,0.0875,0.0877,0.0875,0.0877,22732.7
2026-08-29 03:25:00,0.0876,0.0877,0.0876,0.0876,8874.3
2026-08-29 03:30:00,0.0877,0.0877,0.0875,0.0876,144393.7
2026-08-29 03:35:00,0.0875,0.0875,0.0874,0.0874,34851.2
2026-08-29 03:40:00,0.0874,0.0874,0.0874,0.0874,993.6
2026-08-29 03:45:00,0.0874,0.0875,0.0874,0.0874,85380.1
2026-08-29 03:50:00,0.0873,0.0874,0.0873,0.0874,14264.2
2026-08-29 03:55:00,0.0873,0.0874,0.0873,0.0874,7964.8
2026-08-29 04:00:00,0.0874,0.0874,0.0874,0.0874,316.2
2026-08-29 04:05:00,0.0874,0.0874,0.0874,0.0874,17716.0
2026-08-29 04:10:00,0.0873,0.0876,0.0873,0.0876,52946.7
2026-08-29 04:15:00,0.0876,0.0876,0.0874,0.0874,67200.2
2026-08-29 04:20:00,0.0875,0.0876,0.0875,0.0876,23468.4
2026-08-29 04:25:00,0.0877,0.0877,0.0876,0.0876,2952.9
2026-08-29 04:30:00,0.0876,0.0876,0.0875,0.0875,27159.1
2026-08-29 04:35:00,0.0874,0.0875,0.0874,0.0875,16101.6
2026-08-29 04:40:00,0.0875,0.0875,0.0874,0.0875,17743.7
2026-08-29 04:45:00,0.0875,0.0876,0.0874,0.0876,100382.7
2026-08-29 04:50:00,0.0876,0.0877,0.0875,0.0876,33530.3
2026-08-29 04:55:00,0.0876,0.0877,0.0874,0.0874,177258.3
2026-08-29 05:00:00,0.0874,0.0876,0.0873,0.0875,71686.5
2026-08-29 05:05:00,0.0875,0.0877,0.0875,0.0876,62013.4
2026-08-29 05:10:00,0.0876,0.0878,0.0875,0.0876,178280.9
2026-08-29 05:15:00,0.0876,0.0878,0.0876,0.0876,97897.7
2026-08-29 05:20:00,0.0876,0.0877,0.0875,0.0876,63107.5
2026-08-29 05:25:00,0.0876,0.088,0.0876,0.088,269493.6
2026-08-29 05:30:00,0.0881,0.0881,0.0878,0.0879,32419.1
2026-08-29 05:35:00,0.0879,0.0881,0.0878,0.0881,22168.2
2026-08-29 05:40:00,0.0881,0.0882,0.088,0.0882,45908.4
2026-08-29 05:45:00,0.0882,0.0883,0.0882,0.0883,11769.8
2026-08-29 05:50:00,0.0882,0.0882,0.0881,0.0881,97361.9
2026-08-29 05:55:00,0.0881,0.0883,0.0881,0.0883,21553.1
2026-08-29 06:00:00,0.0882,0.0882,0.0881,0.0881,4265.7
2026-08-29 06:05:00,0.088,0.088,0.0878,0.088,97622.3
2026-08-29 06:10:00,0.088,0.088,0.0878,0.0878,95342.1
2026-08-29 06:15:00,0.0879,0.0879,0.0878,0.0878,52442.1
2026-08-29 06:20:00,0.0878,0.0878,0.0877,0.0878,137580.6
2026-08-29 06:25:00,0.0878,0.0878,0.0878,0.0878,63320.4
2026-08-29 06:30:00,0.0879,0.0879,0.0879,0.0879,78723.8
2026-08-29 06:35:00,0.0879,0.0879,0.0879,0.0879,31919.5
2026-08-29 06:40:00,0.0879,0.0879,0.0879,0.0879,2692.8
2026-08-29 06:45:00,0.0879,0.0879,0.0878,0.0879,18458.1
2026-08-29 06:50:00,0.0879,0.088,0.0879,0.088,4994.5
2026-08-29 06:55:00,0.0879,0.0879,0.0878,0.0879,38953.7
2026-08-29 07:00:00,0.0878,0.088,0.0878,0.0879,23238.5
2026-08-29 07:05:00,0.088,0.0881,0.0878,0.0878,44852.7
2026-08-29 07:10:00,0.0878,0.0879,0.0876,0.0877,91893.6
2026-08-29 07:15:00,0.0876,0.0876,0.0875,0.0876,8562.8
2026-08-29 07:20:00,0.0876,0.0877,0.0876,0.0877,46244.9
2026-08-29 07:25:00,0.0877,0.0877,0.0876,0.0876,10704.8
2026-08-29 07:30:00,0.0876,0.0877,0.0875,0.0877,90012.6
2026-08-29 07:35:00,0.0876,0.0878,0.0876,0.0877,32432.0
2026-08-29 07:40:00,0.0877,0.0878,0.0876,0.0877,67311.1
2026-08-29 07:45:00,0.0877,0.0878,0.0877,0.0877,311880.2
2026-08-29 07:50:00,0.0877,0.0878,0.0876,0.0876,106415.3
2026-08-29 07:55:00,0.0876,0.0877,0.0875,0.0877,47567.3
2026-08-29 08:00:00,0.0876,0.0876,0.0873,0.0874,34388.5
2026-08-29 08:05:00,0.0874,0.0874,0.0873,0.0874,31838.0
2026-08-29 08:10:00,0.0873,0.0874,0.0872,0.0874,121726.4
2026-08-29 08:15:00,0.0874,0.0874,0.0872,0.0872,71717.3
2026-08-29 08:20:00,0.0872,0.0873,0.0871,0.0873,228402.3
2026-08-29 08:25:00,0.0873,0.0873,0.0872,0.0873,5292.1
2026-08-29 08:30:00,0.0873,0.0873,0.0871,0.0871,27615.9
2026-08-29 08:35:00,0.0872,0.0872,0.0871,0.0871,83096.8
2026-08-29 08:40:00,0.0872,0.0872,0.087,0.087,263857.7
2026-08-29 08:45:00,0.087,0.0871,0.0869,0.087,137949.7
2026-08-29 08:50:00,0.0869,0.0872,0.0869,0.087,83444.5
2026-08-29 08:55:00,0.087,0.0871,0.0869,0.0871,61582.2
2026-08-29 09:00:00,0.087,0.0871,0.0869,0.087,228759.7
2026-08-29 09:05:00,0.0871,0.0873,0.087,0.0871,82301.6
2026-08-29 09:10:00,0.0871,0.0872,0.087,0.0871,15233.8
2026-08-29 09:15:00,0.0871,0.0872,0.0871,0.0872,35122.6
2026-08-29 09:20:00,0.0872,0.0872,0.087,0.0872,7154.7
2026-08-29 09:25:00,0.0871,0.0872,0.0871,0.0872,6878.5
2026-08-29 09:30:00,0.0872,0.0873,0.0872,0.0873,133991.2
2026-08-29 09:35:00,0.0873,0.0873,0.0872,0.0872,47662.0
2026-08-29 09:40:00,0.0872,0.0873,0.0871,0.0872,47848.8
2026-08-29 09:45:00,0.0872,0.0872,0.0871,0.0872,21670.3
2026-08-29 09:50:00,0.0872,0.0872,0.087,0.0872,48064.1
2026-08-29 09:55:00,0.0872,0.0873,0.0871,0.0872,63747.3
2026-08-29 10:00:00,0.0871,0.0871,0.087,0.087,129181.5
2026-08-29 10:05:00,0.087,0.0872,0.087,0.0871,202041.2
2026-08-29 10:10:00,0.0871,0.0872,0.087,0.087,59965.2
2026-08-29 10:15:00,0.0871,0.0873,0.0871,0.0873,172595.3
2026-08-29 10:20:00,0.0873,0.0874,0.0873,0.0873,77020.0
2026-08-29 10:25:00,0.0873,0.0874,0.0872,0.0872,25063.9
2026-08-29 10:30:00,0.0873,0.0873,0.0872,0.0873,36354.5
2026-08-29 10:35:00,0.0872,0.0873,0.0872,0.0872,18208.3
2026-08-29 10:40:00,0.0871,0.0872,0.0871,0.0872,7839.6
2026-08-29 10:45:00,0.0872,0.0874,0.0872,0.0873,31387.4
2026-08-29 10:50:00,0.0873,0.0873,0.0872,0.0872,121960.9
2026-08-29 10:55:00,0.0873,0.0873,0.0871,0.0871,19789.9
2026-08-29 11:00:00,0.0871,0.0871,0.087,0.0871,136488.8
2026-08-29 11:05:00,0.0871,0.0871,0.087,0.087,11756.3
2026-08-29 11:10:00,0.087,0.0873,0.087,0.0873,104829.5
2026-08-29 11:15:00,0.0873,0.0873,0.0872,0.0873,14888.9
2026-08-29 11:20:00,0.0873,0.0874,0.0873,0.0874,6554.5
2026-08-29 11:25:00,0.0874,0.0874,0.0873,0.0873,12143.4
2026-08-29 11:30:00,0.0873,0.0873,0.0872,0.0873,6527.6
2026-08-29 11:35:00,0.0873,0.0873,0.0871,0.0871,8590.8
2026-08-29 11:40:00,0.0871,0.0871,0.087,0.087,22493.3
2026-08-29 11:45:00,0.0869,0.087,0.0869,0.087,44387.8
2026-08-29 11:50:00,0.087,0.0871,0.087,0.0871,21955.9
2026-08-29 11:55:00,0.087,0.087,0.0869,0.0869,4400.8
2026-08-29 12:00:00,0.087,0.0871,0.0869,0.0871,21753.9
2026-08-29 12:05:00,0.087,0.0872,0.0869,0.0869,40274.0
2026-08-29 12:10:00,0.087,0.0873,0.0869,0.0873,23937.3
2026-08-29 12:15:00,0.0873,0.0874,0.0873,0.0874,25750.5
2026-08-29 12:20:00,0.0874,0.0874,0.0871,0.0871,55176.4
2026-08-29 12:25:00,0.0871,0.0871,0.087,0.087,2707.8
2026-08-29 12:30:00,0.0871,0.0872,0.087,0.087,14560.5
2026-08-29 12:35:00,0.087,0.0871,0.087,0.087,1190.1
2026-08-29 12:40:00,0.087,0.0872,0.087,0.0871,4078.3
2026-08-29 12:45:00,0.0871,0.0871,0.0871,0.0871,2310.9
2026-08-29 12:50:00,0.087,0.0871,0.087,0.087,89295.3
2026-08-29 12:55:00,0.0871,0.0872,0.0871,0.0871,17504.6
2026-08-29 13:00:00,0.0871,0.0871,0.0869,0.087,128136.9
2026-08-29 13:05:00,0.0869,0.0871,0.0869,0.087,75829.2
2026-08-29 13:10:00,0.087,0.0872,0.087,0.0872,25193.4
2026-08-29 13:15:00,0.0871,0.0872,0.0871,0.0871,70478.5
2026-08-29 13:20:00,0.0872,0.0872,0.0872,0.0872,1597.9
2026-08-29 13:25:00,0.0873,0.0874,0.0872,0.0874,10822.2
2026-08-29 13:30:00,0.0873,0.0874,0.0871,0.0871,60045.5
2026-08-29 13:35:00,0.0872,0.0873,0.0872,0.0872,38370.8
2026-08-29 13:40:00,0.0873,0.0873,0.0871,0.0871,6566.6
2026-08-29 13:45:00,0.0871,0.0873,0.0871,0.0873,98989.2
2026-08-29 13:50:00,0.0873,0.0873,0.0872,0.0873,60242.4
2026-08-29 13:55:00,0.0874,0.0874,0.0874,0.0874,26376.7
2026-08-29 14:00:00,0.0874,0.0874,0.0873,0.0873,33704.1
2026-08-29 14:05:00,0.0873,0.0875,0.0873,0.0874,368949.0
2026-08-29 14:10:00,0.0874,0.0874,0.0874,0.0874,17903.5
2026-08-29 14:15:00,0.0874,0.0875,0.0874,0.0875,23104.2
2026-08-29 14:20:00,0.0875,0.0877,0.0874,0.0877,57943.2
2026-08-29 14:25:00,0.0878,0.0878,0.0877,0.0877,63027.0
2026-08-29 14:30:00,0.0877,0.0878,0.0876,0.0877,49873.5
2026-08-29 14:35:00,0.0876,0.0878,0.0876,0.0878,80872.7
2026-08-29 14:40:00,0.0877,0.0882,0.0877,0.0881,144016.9
2026-08-29 14:45:00,0.0881,0.0885,0.088,0.0884,245721.9
2026-08-29 14:50:00,0.0884,0.0884,0.0883,0.0883,52941.1
2026-08-29 14:55:00,0.0883,0.0884,0.0882,0.0882,30737.0
2026-08-29 15:00:00,0.0882,0.0882,0.0878,0.088,250640.5
2026-08-29 15:05:00,0.0879,0.088,0.0879,0.088,110590.9
2026-08-29 15:10:00,0.088,0.0881,0.088,0.0881,74457.2
2026-08-29 15:15:00,0.0881,0.0882,0.0878,0.0879,256289.6
2026-08-29 15:20:00,0.088,0.0882,0.088,0.0881,48033.2
2026-08-29 15:25:00,0.0881,0.0881,0.088,0.088,18156.9
2026-08-29 15:30:00,0.088,0.088,0.0876,0.0877,94789.8
2026-08-29 15:35:00,0.0877,0.0878,0.0877,0.0877,6197.6
2026-08-29 15:40:00,0.0878,0.0878,0.0877,0.0877,11373.6
2026-08-29 15:45:00,0.0877,0.0879,0.0877,0.0878,21966.9
2026-08-29 15:50:00,0.0878,0.0879,0.0878,0.0879,85672.4
2026-08-29 15:55:00,0.0878,0.0878,0.0877,0.0878,64232.1
2026-08-29 16:00:00,0.0877,0.0879,0.0877,0.0879,73327.0
2026-08-29 16:05:00,0.0879,0.088,0.0878,0.088,77250.0
2026-08-29 16:10:00,0.088,0.088,0.0879,0.088,91356.8
2026-08-29 16:15:00,0.088,0.0882,0.0879,0.0879,210166.6
2026-08-29 16:20:00,0.0879,0.0879,0.0876,0.0876,102961.5
2026-08-29 16:25:00,0.0876,0.0878,0.0876,0.0878,36878.9
2026-08-29 16:30:00,0.0878,0.088,0.0877,0.0879,123895.0
2026-08-29 16:35:00,0.0878,0.0879,0.0878,0.0878,39853.7
2026-08-29 16:40:00,0.0879,0.088,0.0878,0.0879,7951.2
2026-08-29 16:45:00,0.0879,0.0882,0.0878,0.0882,344811.3
2026-08-29 16:50:00,0.0883,0.0883,0.0881,0.0881,108694.6
2026-08-29 16:55:00,0.088,0.0881,0.088,0.088,913341.4
2026-08-29 17:00:00,0.088,0.0882,0.088,0.0881,69737.7
2026-08-29 17:05:00,0.0881,0.0881,0.0881,0.0881,90854.4
2026-08-29 17:10:00,0.0881,0.0882,0.088,0.0881,6931.3
2026-08-29 17:15:00,0.088,0.0881,0.088,0.088,23534.2
2026-08-29 17:20:00,0.088,0.088,0.0879,0.088,77610.0
2026-08-29 17:25:00,0.0879,0.0879,0.0878,0.0878,19338.1
2026-08-29 17:30:00,0.0878,0.0879,0.0878,0.0879,16096.5
2026-08-29 17:35:00,0.0879,0.0879,0.0877,0.0877,289024.6
2026-08-29 17:40:00,0.0878,0.0879,0.0877,0.0879,48320.7
2026-08-29 17:45:00,0.0879,0.088,0.0879,0.0879,87189.4
2026-08-29 17:50:00,0.088,0.088,0.0879,0.0879,5745.8
2026-08-29 17:55:00,0.0879,0.0879,0.0878,0.0879,57551.7
2026-08-29 18:00:00,0.088,0.088,0.0878,0.0878,56357.0
2026-08-29 18:05:00,0.0878,0.0878,0.0877,0.0877,5672.6
2026-08-29 18:10:00,0.0877,0.0878,0.0877,0.0878,27126.7
2026-08-29 18:15:00,0.0878,0.0878,0.0877,0.0877,51013.7
2026-08-29 18:20:00,0.0878,0.088,0.0878,0.0879,21059.1
2026-08-29 18:25:00,0.0879,0.0881,0.0879,0.088,81831.8
2026-08-29 18:30:00,0.0879,0.088,0.0879,0.0879,10861.5
2026-08-29 18:35:00,0.088,0.0881,0.088,0.0881,10551.5
2026-08-29 18:40:00,0.0881,0.0882,0.088,0.088,28946.1
2026-08-29 18:45:00,0.088,0.0881,0.088,0.0881,30879.4
2026-08-29 18:50:00,0.088,0.088,0.0879,0.0879,10823.1
2026-08-29 18:55:00,0.0879,0.0879,0.0878,0.0878,7176.0
2026-08-29 19:00:00,0.0878,0.0879,0.0878,0.0878,18016.9
2026-08-29 19:05:00,0.0879,0.0879,0.0878,0.0878,86975.5
2026-08-29 19:10:00,0.0878,0.0879,0.0878,0.0879,12861.4
2026-08-29 19:15:00,0.0879,0.0881,0.0879,0.088,36381.3
2026-08-29 19:20:00,0.088,0.088,0.0878,0.0879,95723.6
2026-08-29 19:25:00,0.0879,0.0879,0.0878,0.0878,9524.5
2026-08-29 19:30:00,0.0878,0.0879,0.0878,0.0878,6089.6
2026-08-29 19:35:00,0.0878,0.0879,0.0878,0.0878,26887.1
2026-08-29 19:40:00,0.0879,0.088,0.0878,0.0878,10265.2
2026-08-29 19:45:00,0.0878,0.0879,0.0878,0.0878,12273.7
2026-08-29 19:50:00,0.0879,0.0879,0.0878,0.0878,20618.8
2026-08-29 19:55:00,0.0878,0.0878,0.0877,0.0878,16706.3
2026-08-29 20:00:00,0.0878,0.088,0.0878,0.088,94952.4
2026-08-29 20:05:00,0.088,0.0882,0.088,0.0881,71665.1
2026-08-29 20:10:00,0.0881,0.0882,0.088,0.0881,44834.2
2026-08-29 20:15:00,0.0881,0.0881,0.0881,0.0881,588.3
2026-08-29 20:20:00,0.0882,0.0883,0.0882,0.0882,14883.4
2026-08-29 20:25:00,0.0882,0.0882,0.0881,0.0881,33506.8
2026-08-29 20:30:00,0.0882,0.0883,0.0881,0.0882,265353.9
2026-08-29 20:35:00,0.0882,0.0883,0.0882,0.0882,7935.1
2026-08-29 20:40:00,0.0882,0.0884,0.0882,0.0884,83171.7
2026-08-29 20:45:00,0.0883,0.0884,0.0882,0.0883,57378.8
2026-08-29 20:50:00,0.0883,0.0884,0.0883,0.0884,19582.4
2026-08-29 20:55:00,0.0884,0.0884,0.0883,0.0884,11359.9
2026-08-29 21:00:00,0.0884,0.0884,0.0881,0.0881,156621.9
2026-08-29 21:05:00,0.0881,0.0882,0.088,0.088,77071.3
2026-08-29 21:10:00,0.088,0.0882,0.088,0.0881,167587.6
2026-08-29 21:15:00,0.0881,0.0881,0.0881,0.0881,0.0
2026-08-29 21:20:00,0.0881,0.0881,0.088,0.088,1552.8
2026-08-29 21:25:00,0.088,0.088,0.0878,0.0879,3661.3
2026-08-29 21:30:00,0.0879,0.088,0.0879,0.088,36791.2
2026-08-29 21:35:00,0.088,0.088,0.0879,0.0879,233.1
2026-08-29 21:40:00,0.0879,0.088,0.0879,0.0879,6595.8
2026-08-29 21:45:00,0.088,0.0881,0.0879,0.088,78412.2
2026-08-29 21:50:00,0.0881,0.0881,0.088,0.0881,2271.1
2026-08-29 21:55:00,0.0881,0.0881,0.0879,0.0879,19666.6
2026-08-29 22:00:00,0.0879,0.0879,0.0878,0.0878,3596.5
2026-08-29 22:05:00,0.0878,0.0879,0.0877,0.0879,24203.2
2026-08-29 22:10:00,0.0879,0.0879,0.0877,0.0878,24106.1
2026-08-29 22:15:00,0.0877,0.0877,0.0876,0.0877,18137.4
2026-08-29 22:20:00,0.0876,0.0876,0.0876,0.0876,4099.6
2026-08-29 22:25:00,0.0877,0.0878,0.0877,0.0877,28182.7
2026-08-29 22:30:00,0.0878,0.0878,0.0878,0.0878,10271.2
2026-08-29 22:35:00,0.0878,0.0878,0.0878,0.0878,113.8
2026-08-29 22:40:00,0.0878,0.0879,0.0878,0.0879,13973.5
2026-08-29 22:45:00,0.0878,0.0878,0.0878,0.0878,18959.1
2026-08-29 22:50:00,0.0878,0.0879,0.0878,0.0879,2623.9
2026-08-29 22:55:00,0.0879,0.0879,0.0878,0.0878,15070.5
2026-08-29 23:00:00,0.0879,0.0879,0.0878,0.0879,89401.8
2026-08-29 23:05:00,0.0879,0.0879,0.0878,0.0878,8808.9
2026-08-29 23:10:00,0.0878,0.0878,0.0877,0.0878,33471.6
2026-08-29 23:15:00,0.0877,0.0878,0.0876,0.0877,29056.9
2026-08-29 23:20:00,0.0876,0.0876,0.0876,0.0876,173939.9
2026-08-29 23:25:00,0.0875,0.0876,0.0874,0.0876,91847.8
2026-08-29 23:30:00,0.0876,0.0876,0.0874,0.0874,185932.6
2026-08-29 23:35:00,0.0875,0.0875,0.0875,0.0875,13534.3
2026-08-29 23:40:00,0.0875,0.0876,0.0874,0.0875,11668.0
2026-08-29 23:45:00,0.0875,0.0876,0.0874,0.0876,23742.4
2026-08-29 23:50:00,0.0877,0.0877,0.0876,0.0876,19414.7
2026-08-29 23:55:00,0.0876,0.0877,0.0876,0.0877,45927.3
2026-08-30 00:00:00,0.0877,0.0877,0.0876,0.0876,21815.2
2026-08-30 00:05:00,0.0875,0.0876,0.0874,0.0875,75641.0
2026-08-30 00:10:00,0.0875,0.0875,0.0875,0.0875,287.8
2026-08-30 00:15:00,0.0876,0.0879,0.0876,0.0877,49826.0
2026-08-30 00:20:00,0.0877,0.0877,0.0875,0.0875,67999.2
2026-08-30 00:25:00,0.0875,0.0875,0.0874,0.0874,43837.4
2026-08-30 00:30:00,0.0875,0.0875,0.0873,0.0874,6765.1
2026-08-30 00:35:00,0.0874,0.0876,0.0874,0.0876,5197.2
2026-08-30 00:40:00,0.0876,0.0876,0.0875,0.0875,202.5
2026-08-30 00:45:00,0.0875,0.0876,0.0875,0.0875,43826.5
2026-08-30 00:50:00,0.0875,0.0875,0.0874,0.0875,84709.2
2026-08-30 00:55:00,0.0874,0.0874,0.0873,0.0873,7483.7
2026-08-30 01:00:00,0.0873,0.0873,0.0872,0.0873,26007.1
2026-08-30 01:05:00,0.0873,0.0874,0.0873,0.0873,85263.3
2026-08-30 01:10:00,0.0873,0.0873,0.0871,0.0872,41379.4
2026-08-30 01:15:00,0.0871,0.0872,0.0869,0.0871,168651.9
2026-08-30 01:20:00,0.087,0.0872,0.087,0.087,55769.3
2026-08-30 01:25:00,0.0871,0.0871,0.087,0.087,6476.8
2026-08-30 01:30:00,0.087,0.087,0.0869,0.087,36708.2
2026-08-30 01:35:00,0.087,0.0872,0.087,0.0872,150137.3
2026-08-30 01:40:00,0.0871,0.0871,0.0869,0.0869,18763.9
2026-08-30 01:45:00,0.087,0.0871,0.0867,0.0868,165497.8
2026-08-30 01:50:00,0.0868,0.0869,0.0867,0.0868,45954.1
2026-08-30 01:55:00,0.0867,0.0868,0.0867,0.0867,61502.7
2026-08-30 02:00:00,0.0867,0.0867,0.0866,0.0867,26595.9
2026-08-30 02:05:00,0.0868,0.0868,0.0866,0.0867,26496.0
2026-08-30 02:10:00,0.0867,0.0869,0.0866,0.0869,44938.1
2026-08-30 02:15:00,0.087,0.087,0.0869,0.0869,43540.5
2026-08-30 02:20:00,0.0869,0.0871,0.0868,0.0869,22067.9
2026-08-30 02:25:00,0.0868,0.0869,0.0867,0.0868,94843.9
2026-08-30 02:30:00,0.0868,0.0869,0.0866,0.0867,69729.4
2026-08-30 02:35:00,0.0868,0.0868,0.0867,0.0868,61320.5
2026-08-30 02:40:00,0.0868,0.0871,0.0868,0.0871,105366.7
2026-08-30 02:45:00,0.087,0.087,0.0869,0.087,114033.5
2026-08-30 02:50:00,0.0871,0.0872,0.0871,0.0871,8215.7
2026-08-30 02:55:00,0.0871,0.0871,0.087,0.087,28432.9
2026-08-30 03:00:00,0.087,0.087,0.0868,0.0868,106274.0
2026-08-30 03:05:00,0.0868,0.0869,0.0868,0.0868,22585.2
2026-08-30 03:10:00,0.0868,0.0869,0.0868,0.0868,15232.0
2026-08-30 03:15:00,0.0868,0.0869,0.0868,0.0869,32349.9
2026-08-30 03:20:00,0.0869,0.0869,0.0868,0.0869,40877.9
2026-08-30 03:25:00,0.0868,0.0868,0.0868,0.0868,11672.0
2026-08-30 03:30:00,0.0869,0.087,0.0868,0.087,82907.7
2026-08-30 03:35:00,0.087,0.087,0.0867,0.0867,63204.2
2026-08-30 03:40:00,0.0867,0.0869,0.0867,0.0868,142859.8
2026-08-30 03:45:00,0.0869,0.0869,0.0864,0.0865,236947.2
2026-08-30 03:50:00,0.0865,0.0865,0.0864,0.0864,33633.7
2026-08-30 03:55:00,0.0864,0.0865,0.0864,0.0865,59799.4
2026-08-30 04:00:00,0.0865,0.0866,0.0865,0.0865,85378.8
2026-08-30 04:05:00,0.0865,0.0866,0.0864,0.0865,62292.6
2026-08-30 04:10:00,0.0865,0.0866,0.0865,0.0866,92841.8
2026-08-30 04:15:00,0.0866,0.0867,0.0865,0.0867,22348.4
2026-08-30 04:20:00,0.0866,0.0866,0.0865,0.0865,21935.9
2026-08-30 04:25:00,0.0865,0.0867,0.0865,0.0867,19365.8
2026-08-30 04:30:00,0.0866,0.0866,0.0866,0.0866,70313.0
2026-08-30 04:35:00,0.0865,0.0865,0.0862,0.0862,160618.5
2026-08-30 04:40:00,0.0862,0.0862,0.0861,0.0862,43442.2
2026-08-30 04:45:00,0.0862,0.0862,0.0857,0.0858,733684.9
2026-08-30 04:50:00,0.0859,0.0862,0.0859,0.0862,131730.7
2026-08-30 04:55:00,0.0862,0.0863,0.0862,0.0863,5516.8
2026-08-30 05:00:00,0.0863,0.0865,0.0863,0.0865,53437.2
2026-08-30 05:05:00,0.0866,0.0866,0.0864,0.0865,27493.1
2026-08-30 05:10:00,0.0865,0.0865,0.0864,0.0864,41038.8
2026-08-30 05:15:00,0.0865,0.0865,0.0863,0.0863,41600.8
2026-08-30 05:20:00,0.0863,0.0863,0.0862,0.0862,54222.8
2026-08-30 05:25:00,0.0863,0.0864,0.0863,0.0864,7832.8
2026-08-30 05:30:00,0.0864,0.0864,0.0864,0.0864,100125.9
2026-08-30 05:35:00,0.0864,0.0866,0.0864,0.0866,85076.5
2026-08-30 05:40:00,0.0866,0.0867,0.0866,0.0866,179981.5
2026-08-30 05:45:00,0.0866,0.0868,0.0866,0.0868,245683.9
2026-08-30 05:50:00,0.0867,0.0868,0.0867,0.0867,512283.4
2026-08-30 05:55:00,0.0867,0.0867,0.0866,0.0866,50643.7
2026-08-30 06:00:00,0.0867,0.0867,0.0866,0.0866,86305.3
2026-08-30 06:05:00,0.0866,0.0866,0.0865,0.0865,55115.9
2026-08-30 06:10:00,0.0864,0.0865,0.0863,0.0864,26089.0
2026-08-30 06:15:00,0.0865,0.0866,0.0864,0.0866,11566.0
2026-08-30 06:20:00,0.0866,0.0869,0.0866,0.0869,116737.1
2026-08-30 06:25:00,0.0869,0.0869,0.0868,0.0868,115190.6
2026-08-30 06:30:00,0.0868,0.0869,0.0868,0.0869,47884.0
2026-08-30 06:35:00,0.0869,0.087,0.0869,0.0869,114309.8
2026-08-30 06:40:00,0.087,0.0872,0.0868,0.0868,243785.3
2026-08-30 06:45:00,0.0869,0.087,0.0868,0.087,78643.8
2026-08-30 06:50:00,0.0869,0.0869,0.0869,0.0869,58077.6
2026-08-30 06:55:00,0.0869,0.087,0.0868,0.087,78389.4
2026-08-30 07:00:00,0.0869,0.0869,0.0868,0.0869,16533.3
2026-08-30 07:05:00,0.0868,0.0868,0.0868,0.0868,36464.6
2026-08-30 07:10:00,0.0868,0.0869,0.0867,0.0868,3943.2
2026-08-30 07:15:00,0.0868,0.0868,0.0868,0.0868,25159.3
2026-08-30 07:20:00,0.0868,0.0868,0.0867,0.0868,39714.2
2026-08-30 07:25:00,0.0867,0.0868,0.0867,0.0867,59841.0
2026-08-30 07:30:00,0.0868,0.0868,0.0866,0.0868,156959.8
2026-08-30 07:35:00,0.0867,0.0868,0.0866,0.0867,139219.3
2026-08-30 07:40:00,0.0866,0.0867,0.0866,0.0866,70806.0
2026-08-30 07:45:00,0.0866,0.0866,0.0862,0.0864,247504.4
2026-08-30 07:50:00,0.0864,0.0866,0.0864,0.0866,11133.0
2026-08-30 07:55:00,0.0866,0.0866,0.0865,0.0865,28172.8
2026-08-30 08:00:00,0.0864,0.0866,0.0864,0.0866,63063.3
2026-08-30 08:05:00,0.0865,0.0866,0.0864,0.0866,12317.9
2026-08-30 08:10:00,0.0866,0.0866,0.0864,0.0865,128672.6
2026-08-30 08:15:00,0.0865,0.0865,0.0865,0.0865,95.4
2026-08-30 08:20:00,0.0865,0.0866,0.0865,0.0865,63354.6
2026-08-30 08:25:00,0.0866,0.0866,0.0866,0.0866,1865.2
2026-08-30 08:30:00,0.0866,0.0866,0.0865,0.0865,873.6
2026-08-30 08:35:00,0.0865,0.0865,0.0863,0.0863,610011.5
2026-08-30 08:40:00,0.0863,0.0863,0.0863,0.0863,130.0
2026-08-30 08:45:00,0.0863,0.0864,0.0863,0.0863,52046.8
2026-08-30 08:50:00,0.0863,0.0864,0.0863,0.0864,41199.0
2026-08-30 08:55:00,0.0864,0.0864,0.0863,0.0863,221139.4
2026-08-30 09:00:00,0.0864,0.0865,0.0864,0.0865,20917.7
2026-08-30 09:05:00,0.0865,0.0865,0.0864,0.0865,16304.2
2026-08-30 09:10:00,0.0864,0.0866,0.0864,0.0866,102832.2
2026-08-30 09:15:00,0.0866,0.0866,0.0864,0.0864,88412.8
2026-08-30 09:20:00,0.0865,0.0866,0.0863,0.0863,139369.1
2026-08-30 09:25:00,0.0863,0.0864,0.0863,0.0863,42719.0
2026-08-30 09:30:00,0.0863,0.0865,0.0863,0.0864,109292.2
2026-08-30 09:35:00,0.0864,0.0864,0.0864,0.0864,7008.0
2026-08-30 09:40:00,0.0863,0.0864,0.0863,0.0864,256491.2
2026-08-30 09:45:00,0.0864,0.0865,0.0864,0.0864,28352.0
2026-08-30 09:50:00,0.0864,0.0865,0.0863,0.0865,33257.0
2026-08-30 09:55:00,0.0865,0.0866,0.0865,0.0866,51694.2
2026-08-30 10:00:00,0.0866,0.0866,0.0865,0.0865,43973.2
2026-08-30 10:05:00,0.0866,0.0868,0.0865,0.0868,90956.3
2026-08-30 10:10:00,0.0868,0.0868,0.0866,0.0867,53136.6
2026-08-30 10:15:00,0.0867,0.0873,0.0867,0.0873,1498751.4
2026-08-30 10:20:00,0.0873,0.0874,0.0871,0.0874,218243.1
2026-08-30 10:25:00,0.0874,0.0875,0.0873,0.0874,122912.3
2026-08-30 10:30:00,0.0874,0.0875,0.0874,0.0875,119611.9
2026-08-30 10:35:00,0.0874,0.0874,0.0873,0.0873,44825.3
2026-08-30 10:40:00,0.0873,0.0879,0.0873,0.0878,373149.5
2026-08-30 10:45:00,0.0878,0.0879,0.0877,0.0878,53840.4
2026-08-30 10:50:00,0.0878,0.0878,0.0875,0.0877,132812.9
2026-08-30 10:55:00,0.0877,0.0878,0.0877,0.0877,47793.8
2026-08-30 11:00:00,0.0878,0.0878,0.0876,0.0876,40610.5
2026-08-30 11:05:00,0.0877,0.0877,0.0877,0.0877,71748.1
2026-08-30 11:10:00,0.0877,0.0879,0.0876,0.0878,98171.1
2026-08-30 11:15:00,0.0878,0.0879,0.0877,0.0879,124861.2
2026-08-30 11:20:00,0.0879,0.088,0.0877,0.0878,63487.4
2026-08-30 11:25:00,0.0878,0.0879,0.0878,0.0878,132684.8
2026-08-30 11:30:00,0.0878,0.0878,0.0877,0.0877,23788.4
2026-08-30 11:35:00,0.0877,0.0877,0.0875,0.0875,129001.9
2026-08-30 11:40:00,0.0876,0.0877,0.0875,0.0875,62342.5
2026-08-30 11:45:00,0.0876,0.0877,0.0875,0.0876,64888.0
2026-08-30 11:50:00,0.0876,0.0877,0.0875,0.0876,45643.6
2026-08-30 11:55:00,0.0876,0.0879,0.0876,0.0879,88421.3
2026-08-30 12:00:00,0.0879,0.0882,0.0878,0.0882,157669.9
2026-08-30 12:05:00,0.0881,0.0883,0.0881,0.0883,423177.2
2026-08-30 12:10:00,0.0884,0.0886,0.0883,0.0883,152444.3
2026-08-30 12:15:00,0.0883,0.0883,0.0882,0.0883,61281.9
2026-08-30 12:20:00,0.0883,0.0884,0.0881,0.0881,68833.7
2026-08-30 12:25:00,0.0881,0.0882,0.0881,0.0882,78204.3
2026-08-30 12:30:00,0.0882,0.0883,0.0881,0.0881,170107.5
2026-08-30 12:35:00,0.0881,0.0882,0.0881,0.0882,104079.5
2026-08-30 12:40:00,0.0882,0.0882,0.0881,0.0882,61695.6
2026-08-30 12:45:00,0.0882,0.0883,0.0881,0.0882,143506.4
2026-08-30 12:50:00,0.0882,0.0883,0.088,0.0883,178538.4
2026-08-30 12:55:00,0.0882,0.0886,0.0882,0.0886,98067.3
2026-08-30 13:00:00,0.0886,0.0887,0.0884,0.0887,112620.5
2026-08-30 13:05:00,0.0887,0.0888,0.0887,0.0887,73333.8
2026-08-30 13:10:00,0.0886,0.0888,0.0886,0.0887,146006.5
2026-08-30 13:15:00,0.0887,0.0891,0.0887,0.0891,344657.3
2026-08-30 13:20:00,0.0892,0.0892,0.089,0.0891,158809.6
2026-08-30 13:25:00,0.0891,0.0891,0.0888,0.089,440255.4
2026-08-30 13:30:00,0.089,0.089,0.0889,0.0889,86406.5
2026-08-30 13:35:00,0.0889,0.0892,0.0889,0.089,144040.9
2026-08-30 13:40:00,0.0891,0.0891,0.0888,0.0889,209438.2
2026-08-30 13:45:00,0.089,0.0892,0.089,0.0892,143780.8
2026-08-30 13:50:00,0.0892,0.0893,0.0891,0.0893,370674.8
2026-08-30 13:55:00,0.0893,0.0895,0.0893,0.0893,66031.1
2026-08-30 14:00:00,0.0892,0.0897,0.0892,0.0894,318068.9
2026-08-30 14:05:00,0.0894,0.0895,0.0891,0.0894,222872.5
2026-08-30 14:10:00,0.0895,0.0898,0.0894,0.0897,224088.4
2026-08-30 14:15:00,0.0898,0.0898,0.0894,0.0895,263807.0
2026-08-30 14:20:00,0.0894,0.0895,0.0893,0.0895,157146.6
2026-08-30 14:25:00,0.0894,0.0898,0.0894,0.0897,109118.6
2026-08-30 14:30:00,0.0898,0.09,0.0895,0.0895,461541.1
2026-08-30 14:35:00,0.0895,0.0898,0.0894,0.0896,92779.4
2026-08-30 14:40:00,0.0896,0.09,0.0896,0.0897,419917.5
2026-08-30 14:45:00,0.0897,0.0897,0.0894,0.0894,175109.7
2026-08-30 14:50:00,0.0894,0.0895,0.0894,0.0894,94557.2
2026-08-30 14:55:00,0.0893,0.0894,0.0892,0.0893,74828.7
2026-08-30 15:00:00,0.0893,0.0894,0.0889,0.0889,195663.8
2026-08-30 15:05:00,0.089,0.0893,0.0889,0.0892,204049.2
2026-08-30 15:10:00,0.0891,0.0892,0.0888,0.0888,136164.1
2026-08-30 15:15:00,0.0888,0.0889,0.0886,0.0888,151209.1
2026-08-30 15:20:00,0.0889,0.0891,0.0889,0.0891,79406.8
2026-08-30 15:25:00,0.089,0.0891,0.0889,0.0889,153271.6
2026-08-30 15:30:00,0.0888,0.0891,0.0888,0.089,79425.8
2026-08-30 15:35:00,0.089,0.0891,0.0888,0.0889,190064.2
2026-08-30 15:40:00,0.0888,0.0889,0.0886,0.0887,661309.8
2026-08-30 15:45:00,0.0887,0.0887,0.0885,0.0886,647032.0
2026-08-30 15:50:00,0.0885,0.0885,0.0884,0.0884,125832.7
2026-08-30 15:55:00,0.0884,0.0885,0.0882,0.0885,799800.3
2026-08-30 16:00:00,0.0885,0.0888,0.0883,0.0888,155730.9
2026-08-30 16:05:00,0.0888,0.089,0.0886,0.0886,285507.7
2026-08-30 16:10:00,0.0886,0.0892,0.0884,0.0891,146971.0
2026-08-30 16:15:00,0.0892,0.0893,0.089,0.089,180886.1
2026-08-30 16:20:00,0.0889,0.0889,0.0888,0.0889,38635.8
2026-08-30 16:25:00,0.0889,0.089,0.0887,0.0888,126531.6
2026-08-30 16:30:00,0.0888,0.0891,0.0887,0.089,62815.3
2026-08-30 16:35:00,0.089,0.0898,0.089,0.0894,1389473.1
2026-08-30 16:40:00,0.0895,0.0896,0.0892,0.0893,418339.0
2026-08-30 16:45:00,0.0893,0.0896,0.0893,0.0896,426634.0
2026-08-30 16:50:00,0.0896,0.0897,0.0894,0.0896,396828.9
2026-08-30 16:55:00,0.0897,0.09,0.0896,0.0897,624392.2
2026-08-30 17:00:00,0.0897,0.0897,0.0895,0.0895,141629.6
2026-08-30 17:05:00,0.0896,0.0898,0.0895,0.0897,222384.8
2026-08-30 17:10:00,0.0898,0.0899,0.0896,0.0896,262189.2
2026-08-30 17:15:00,0.0897,0.0897,0.0894,0.0896,124386.7
2026-08-30 17:20:00,0.0896,0.0896,0.0888,0.089,545745.8
2026-08-30 17:25:00,0.089,0.0892,0.0889,0.0891,173181.3
2026-08-30 17:30:00,0.0892,0.0893,0.0889,0.0893,95431.6
2026-08-30 17:35:00,0.0892,0.0893,0.0891,0.0893,201259.3
2026-08-30 17:40:00,0.0893,0.0893,0.089,0.0892,672122.6
2026-08-30 17:45:00,0.0891,0.0891,0.089,0.0891,40417.3
2026-08-30 17:50:00,0.0891,0.0896,0.089,0.0895,348478.2
2026-08-30 17:55:00,0.0894,0.0895,0.0892,0.0894,68370.1
2026-08-30 18:00:00,0.0895,0.0896,0.0894,0.0896,301732.3
2026-08-30 18:05:00,0.0896,0.0896,0.0892,0.0892,424671.0
2026-08-30 18:10:00,0.0892,0.0894,0.0891,0.0894,597513.3
2026-08-30 18:15:00,0.0893,0.0901,0.0893,0.0901,1240417.9
2026-08-30 18:20:00,0.09,0.091,0.09,0.0906,1249999.7
2026-08-30 18:25:00,0.0905,0.0905,0.0899,0.0904,532563.7
2026-08-30 18:30:00,0.0903,0.0904,0.0903,0.0903,56768.8
2026-08-30 18:35:00,0.0903,0.0905,0.0902,0.0903,286969.5
2026-08-30 18:40:00,0.0902,0.0902,0.0898,0.09,262161.4
2026-08-30 18:45:00,0.09,0.0903,0.0899,0.0902,158518.3
2026-08-30 18:50:00,0.0901,0.0903,0.0901,0.0901,93610.0
2026-08-30 18:55:00,0.09,0.0903,0.09,0.0902,81739.3
2026-08-30 19:00:00,0.0902,0.0902,0.0899,0.09,204404.6
2026-08-30 19:05:00,0.0901,0.0902,0.0899,0.0901,232883.3
2026-08-30 19:10:00,0.0901,0.0902,0.0901,0.0902,25246.0
2026-08-30 19:15:00,0.0901,0.0901,0.0898,0.09,63471.5
2026-08-30 19:20:00,0.0899,0.0899,0.0898,0.0898,154787.5
2026-08-30 19:25:00,0.0899,0.0899,0.0898,0.0899,99761.5
2026-08-30 19:30:00,0.0898,0.09,0.0898,0.0898,77174.2
2026-08-30 19:35:00,0.0898,0.0898,0.0896,0.0896,232954.0
2026-08-30 19:40:00,0.0896,0.0897,0.0894,0.0894,325160.5
2026-08-30 19:45:00,0.0894,0.0894,0.0892,0.0892,357841.6
2026-08-30 19:50:00,0.0893,0.0894,0.0892,0.0892,153083.1
2026-08-30 19:55:00,0.0892,0.0895,0.0892,0.0894,160708.6
2026-08-30 20:00:00,0.0895,0.0896,0.0895,0.0895,87525.7
2026-08-30 20:05:00,0.0895,0.0897,0.0895,0.0897,86612.3
2026-08-30 20:10:00,0.0897,0.09,0.0897,0.0898,75703.5
2026-08-30 20:15:00,0.0898,0.0899,0.0896,0.0897,35190.3
2026-08-30 20:20:00,0.0897,0.0897,0.0896,0.0896,27840.3
2026-08-30 20:25:00,0.0896,0.0896,0.0893,0.0894,336237.8
2026-08-30 20:30:00,0.0894,0.0894,0.0888,0.089,603815.9
2026-08-30 20:35:00,0.089,0.0893,0.089,0.089,143255.5
2026-08-30 20:40:00,0.0889,0.0889,0.0883,0.0884,433671.0
2026-08-30 20:45:00,0.0885,0.089,0.0885,0.089,240568.8
2026-08-30 20:50:00,0.0891,0.0891,0.089,0.0891,165587.1
2026-08-30 20:55:00,0.089,0.0892,0.0889,0.0891,179381.8
2026-08-30 21:00:00,0.0891,0.0892,0.0884,0.0892,1521552.0
2026-08-30 21:05:00,0.0892,0.0892,0.0888,0.0889,302677.2
2026-08-30 21:10:00,0.089,0.0891,0.0889,0.0889,213582.8
2026-08-30 21:15:00,0.0889,0.0891,0.0887,0.0888,268405.7
2026-08-30 21:20:00,0.0889,0.089,0.0886,0.0887,237814.7
2026-08-30 21:25:00,0.0887,0.089,0.0887,0.089,83330.3
2026-08-30 21:30:00,0.089,0.0894,0.089,0.0894,22790.5
2026-08-30 21:35:00,0.0894,0.0894,0.0892,0.0892,100239.7
2026-08-30 21:40:00,0.0892,0.0892,0.089,0.089,83824.1
2026-08-30 21:45:00,0.0889,0.089,0.0887,0.0888,156031.1
2026-08-30 21:50:00,0.0888,0.0891,0.0888,0.0891,38346.2
2026-08-30 21:55:00,0.0891,0.0894,0.0891,0.0894,201697.3
2026-08-30 22:00:00,0.0895,0.09,0.0892,0.0898,391072.4
2026-08-30 22:05:00,0.0899,0.0899,0.0897,0.0897,38612.4
2026-08-30 22:10:00,0.0896,0.0896,0.0892,0.0893,137781.5
2026-08-30 22:15:00,0.0892,0.0892,0.0889,0.0892,153896.9
2026-08-30 22:20:00,0.0892,0.0892,0.0888,0.0888,251232.3
2026-08-30 22:25:00,0.0887,0.0887,0.0885,0.0886,138228.9
2026-08-30 22:30:00,0.0886,0.0886,0.0881,0.0884,318250.7
2026-08-30 22:35:00,0.0884,0.0886,0.0882,0.0886,31978.4
2026-08-30 22:40:00,0.0886,0.0887,0.0885,0.0885,70915.1
2026-08-30 22:45:00,0.0885,0.0885,0.0883,0.0885,65134.4
2026-08-30 22:50:00,0.0884,0.0884,0.0884,0.0884,30425.9
2026-08-30 22:55:00,0.0883,0.0887,0.0883,0.0886,123252.3
2026-08-30 23:00:00,0.0885,0.0887,0.088,0.0881,536349.2
2026-08-30 23:05:00,0.0881,0.0882,0.088,0.0881,206254.2
2026-08-30 23:10:00,0.0881,0.0883,0.0881,0.0882,34769.2
2026-08-30 23:15:00,0.0882,0.0883,0.0875,0.088,493586.6
2026-08-30 23:20:00,0.088,0.088,0.0868,0.087,1248594.1
2026-08-30 23:25:00,0.087,0.0872,0.085,0.0855,3452864.6
2026-08-30 23:30:00,0.0855,0.0859,0.0843,0.0849,3974076.2
2026-08-30 23:35:00,0.0848,0.0848,0.0838,0.0838,1407760.0
2026-08-30 23:40:00,0.0838,0.0842,0.0835,0.084,2408394.3
2026-08-30 23:45:00,0.084,0.0841,0.0831,0.0837,2010569.5
2026-08-30 23:50:00,0.0838,0.0844,0.0838,0.0842,605980.9
2026-08-30 23:55:00,0.0843,0.0846,0.0842,0.0843,283122.3
2026-08-31 00:00:00,0.0842,0.0844,0.0839,0.0844,412999.2
2026-08-31 00:05:00,0.0845,0.0846,0.0841,0.0843,199950.9
2026-08-31 00:10:00,0.0843,0.0848,0.0843,0.0847,218953.3
2026-08-31 00:15:00,0.0847,0.0853,0.0846,0.0853,234622.9
2026-08-31 00:20:00,0.0853,0.0855,0.0853,0.0854,86719.6
2026-08-31 00:25:00,0.0854,0.0855,0.0853,0.0854,79216.0
2026-08-31 00:30:00,0.0855,0.0855,0.0853,0.0854,29988.6
2026-08-31 00:35:00,0.0855,0.0857,0.0853,0.0854,481682.3
2026-08-31 00:40:00,0.0854,0.0855,0.0853,0.0854,116980.5
2026-08-31 00:45:00,0.0854,0.0854,0.0853,0.0853,98554.4
2026-08-31 00:50:00,0.0853,0.0855,0.0852,0.0855,176953.2
2026-08-31 00:55:00,0.0854,0.0854,0.0852,0.0852,30193.0
2026-08-31 01:00:00,0.0852,0.0854,0.0848,0.0849,156374.3
2026-08-31 01:05:00,0.085,0.085,0.0846,0.0847,195844.0
2026-08-31 01:10:00,0.0847,0.0849,0.0846,0.0848,141267.5
2026-08-31 01:15:00,0.0848,0.0851,0.0847,0.0851,202618.7
2026-08-31 01:20:00,0.0852,0.0852,0.0848,0.085,60368.7
2026-08-31 01:25:00,0.085,0.085,0.0848,0.0849,101368.9
2026-08-31 01:30:00,0.0849,0.085,0.0846,0.0846,87618.4
2026-08-31 01:35:00,0.0846,0.0851,0.0845,0.0849,220516.6
2026-08-31 01:40:00,0.0849,0.0849,0.0846,0.0847,49752.5
2026-08-31 01:45:00,0.0846,0.0847,0.0843,0.0844,90750.1
2026-08-31 01:50:00,0.0844,0.0844,0.0841,0.0841,173650.1
2026-08-31 01:55:00,0.0842,0.0843,0.0841,0.0842,160220.2
2026-08-31 02:00:00,0.0843,0.0846,0.0843,0.0846,188838.2
2026-08-31 02:05:00,0.0847,0.0849,0.0846,0.0848,111965.7
2026-08-31 02:10:00,0.0849,0.0853,0.0849,0.0853,220313.6
2026-08-31 02:15:00,0.0852,0.0852,0.085,0.085,144854.3
2026-08-31 02:20:00,0.085,0.0851,0.0849,0.085,122218.3
2026-08-31 02:25:00,0.085,0.0851,0.085,0.085,17301.8
2026-08-31 02:30:00,0.085,0.0852,0.085,0.085,155534.4
2026-08-31 02:35:00,0.0849,0.0849,0.0848,0.0849,70982.7
2026-08-31 02:40:00,0.0848,0.0848,0.0847,0.0848,19069.0
2026-08-31 02:45:00,0.0847,0.0847,0.0845,0.0846,179307.7
2026-08-31 02:50:00,0.0846,0.0846,0.0843,0.0843,194267.5
2026-08-31 02:55:00,0.0843,0.0844,0.0839,0.0843,230908.8
2026-08-31 03:00:00,0.0843,0.0848,0.0842,0.0847,146834.0
2026-08-31 03:05:00,0.0847,0.0849,0.0846,0.0849,37313.5
2026-08-31 03:10:00,0.0848,0.085,0.0848,0.0849,27960.8
2026-08-31 03:15:00,0.0849,0.085,0.0848,0.0848,40680.7
2026-08-31 03:20:00,0.0847,0.0853,0.0847,0.0853,91555.7
2026-08-31 03:25:00,0.0852,0.0853,0.0851,0.0852,28793.9
2026-08-31 03:30:00,0.0852,0.0853,0.0851,0.0852,11923.3
2026-08-31 03:35:00,0.0852,0.0854,0.0852,0.0854,7219.6
2026-08-31 03:40:00,0.0853,0.0855,0.0853,0.0855,48282.7
2026-08-31 03:45:00,0.0856,0.0856,0.0854,0.0856,33678.6
2026-08-31 03:50:00,0.0856,0.0856,0.0855,0.0856,25341.3
2026-08-31 03:55:00,0.0856,0.0856,0.0854,0.0855,95392.5
2026-08-31 04:00:00,0.0855,0.0855,0.0853,0.0853,54809.7
2026-08-31 04:05:00,0.0852,0.0854,0.0852,0.0852,53830.0
2026-08-31 04:10:00,0.0851,0.0852,0.0848,0.0848,86293.1
2026-08-31 04:15:00,0.0848,0.0849,0.0848,0.0848,265550.0
2026-08-31 04:20:00,0.0848,0.0848,0.0846,0.0848,53208.1
2026-08-31 04:25:00,0.0848,0.0849,0.0847,0.0848,24700.4
2026-08-31 04:30:00,0.0848,0.0849,0.0848,0.0848,50563.2
2026-08-31 04:35:00,0.0848,0.085,0.0848,0.085,141184.4
2026-08-31 04:40:00,0.085,0.0851,0.0849,0.085,122826.8
2026-08-31 04:45:00,0.085,0.085,0.0849,0.085,30742.4
2026-08-31 04:50:00,0.0849,0.0851,0.0848,0.085,74877.1
2026-08-31 04:55:00,0.0851,0.0851,0.085,0.085,20532.4
2026-08-31 05:00:00,0.085,0.0852,0.0849,0.0851,175676.4
2026-08-31 05:05:00,0.0852,0.0853,0.085,0.0853,90129.0
2026-08-31 05:10:00,0.0853,0.0854,0.0852,0.0854,25336.9
2026-08-31 05:15:00,0.0854,0.0859,0.0853,0.0859,42660.0
2026-08-31 05:20:00,0.0859,0.0861,0.0857,0.0861,135623.1
2026-08-31 05:25:00,0.0861,0.0866,0.0861,0.0863,547302.4
2026-08-31 05:30:00,0.0863,0.0863,0.0861,0.0863,54755.5
2026-08-31 05:35:00,0.0863,0.0863,0.086,0.086,62101.1
2026-08-31 05:40:00,0.086,0.0863,0.0859,0.0862,183332.1
2026-08-31 05:45:00,0.0862,0.0863,0.0861,0.0862,25595.0
2026-08-31 05:50:00,0.0862,0.0864,0.0861,0.0863,55679.4
2026-08-31 05:55:00,0.0863,0.0863,0.0861,0.0861,63338.1
2026-08-31 06:00:00,0.0861,0.0863,0.086,0.0862,101366.7
2026-08-31 06:05:00,0.0862,0.0862,0.0861,0.0861,244588.9
2026-08-31 06:10:00,0.0862,0.0864,0.0862,0.0862,145306.5
2026-08-31 06:15:00,0.0861,0.0865,0.0861,0.0864,386499.6
2026-08-31 06:20:00,0.0863,0.0863,0.086,0.086,138452.2
2026-08-31 06:25:00,0.0861,0.0864,0.0861,0.0862,75820.8
2026-08-31 06:30:00,0.0862,0.0863,0.086,0.0861,12820.2
2026-08-31 06:35:00,0.0862,0.0864,0.0861,0.0864,143416.9
2026-08-31 06:40:00,0.0863,0.0864,0.0862,0.0862,60145.0
2026-08-31 06:45:00,0.0861,0.0863,0.0861,0.0862,49153.4
2026-08-31 06:50:00,0.0862,0.0862,0.0861,0.0862,5330.2
2026-08-31 06:55:00,0.0862,0.0864,0.0862,0.0863,49983.1
2026-08-31 07:00:00,0.0862,0.0864,0.0862,0.0863,54046.7
2026-08-31 07:05:00,0.0863,0.0864,0.0862,0.0863,7682.4
2026-08-31 07:10:00,0.0864,0.0866,0.0864,0.0865,46432.6
2026-08-31 07:15:00,0.0865,0.0867,0.0865,0.0867,83441.1
2026-08-31 07:20:00,0.0867,0.0868,0.0866,0.0868,188125.0
2026-08-31 07:25:00,0.0869,0.0871,0.0867,0.0867,460898.6
2026-08-31 07:30:00,0.0868,0.0868,0.0866,0.0867,109626.0
2026-08-31 07:35:00,0.0867,0.0867,0.0864,0.0865,173165.1
2026-08-31 07:40:00,0.0866,0.0866,0.0863,0.0864,139332.9
2026-08-31 07:45:00,0.0864,0.0865,0.0863,0.0863,15974.4
2026-08-31 07:50:00,0.0863,0.0864,0.0863,0.0864,2693.9
2026-08-31 07:55:00,0.0864,0.0864,0.0863,0.0863,8681.8
2026-08-31 08:00:00,0.0863,0.0864,0.0861,0.0861,218295.0
2026-08-31 08:05:00,0.0861,0.0862,0.086,0.0862,27073.6
2026-08-31 08:10:00,0.0861,0.0864,0.0861,0.0862,87626.8
2026-08-31 08:15:00,0.0861,0.0861,0.0858,0.0858,101569.2
2026-08-31 08:20:00,0.0858,0.0859,0.0857,0.0858,32654.6
2026-08-31 08:25:00,0.0859,0.0861,0.0858,0.0861,76798.1
2026-08-31 08:30:00,0.0861,0.0862,0.086,0.0862,87131.1
2026-08-31 08:35:00,0.0862,0.0862,0.086,0.0861,81768.3
2026-08-31 08:40:00,0.0861,0.0866,0.0861,0.0862,273179.2
2026-08-31 08:45:00,0.0862,0.0864,0.0862,0.0864,86959.4
2026-08-31 08:50:00,0.0864,0.0866,0.0863,0.0865,138278.6
2026-08-31 08:55:00,0.0865,0.0865,0.0863,0.0863,218289.2
2026-08-31 09:00:00,0.0863,0.0864,0.0862,0.0863,127815.6
2026-08-31 09:05:00,0.0862,0.0868,0.0862,0.0868,167275.6
2026-08-31 09:10:00,0.0867,0.0867,0.0864,0.0864,74125.2
2026-08-31 09:15:00,0.0864,0.0865,0.0863,0.0865,68664.0
2026-08-31 09:20:00,0.0864,0.0866,0.0863,0.0866,216492.3
2026-08-31 09:25:00,0.0866,0.0866,0.0864,0.0865,154166.9
2026-08-31 09:30:00,0.0864,0.0868,0.0864,0.0867,515984.0
2026-08-31 09:35:00,0.0867,0.0867,0.0866,0.0867,83723.7
2026-08-31 09:40:00,0.0866,0.0868,0.0865,0.0868,24156.7
2026-08-31 09:45:00,0.0868,0.087,0.0868,0.0869,46076.1
2026-08-31 09:50:00,0.0868,0.0868,0.0865,0.0865,9530.8
2026-08-31 09:55:00,0.0865,0.0866,0.0865,0.0865,96180.2
2026-08-31 10:00:00,0.0866,0.0866,0.0862,0.0862,480967.2
2026-08-31 10:05:00,0.0862,0.0862,0.086,0.0861,58677.4
2026-08-31 10:10:00,0.0862,0.0863,0.0862,0.0863,59676.0
2026-08-31 10:15:00,0.0863,0.0864,0.0862,0.0862,62515.1
2026-08-31 10:20:00,0.0863,0.0863,0.0861,0.0862,6032.8
2026-08-31 10:25:00,0.0862,0.0864,0.0862,0.0863,116537.6
2026-08-31 10:30:00,0.0863,0.0864,0.0861,0.0863,191725.8
2026-08-31 10:35:00,0.0863,0.0863,0.0862,0.0862,120896.2
2026-08-31 10:40:00,0.0862,0.0863,0.0861,0.0862,110328.0
2026-08-31 10:45:00,0.0862,0.0864,0.0862,0.0863,53307.3
2026-08-31 10:50:00,0.0863,0.0865,0.0862,0.0864,678111.3
2026-08-31 10:55:00,0.0863,0.0864,0.0861,0.0863,174357.2
2026-08-31 11:00:00,0.0863,0.0863,0.0861,0.0861,155164.0
2026-08-31 11:05:00,0.0861,0.0862,0.0861,0.0862,64225.0
2026-08-31 11:10:00,0.0862,0.0865,0.0862,0.0863,370301.9
2026-08-31 11:15:00,0.0863,0.0865,0.0862,0.0865,62182.5
2026-08-31 11:20:00,0.0865,0.0866,0.0864,0.0864,82128.0
2026-08-31 11:25:00,0.0863,0.0864,0.0862,0.0862,61094.1
2026-08-31 11:30:00,0.0862,0.0862,0.0861,0.0861,23906.5
2026-08-31 11:35:00,0.086,0.0861,0.086,0.0861,4249.9
2026-08-31 11:40:00,0.0862,0.0862,0.0859,0.0862,360080.3
2026-08-31 11:45:00,0.0862,0.0862,0.086,0.086,49829.6
2026-08-31 11:50:00,0.086,0.086,0.0859,0.0859,85476.2
2026-08-31 11:55:00,0.086,0.086,0.0859,0.086,1497.0
2026-08-31 12:00:00,0.086,0.0867,0.086,0.0867,73751.3
2026-08-31 12:05:00,0.0867,0.0868,0.0865,0.0866,431634.9
2026-08-31 12:10:00,0.0866,0.0868,0.0866,0.0867,75668.1
2026-08-31 12:15:00,0.0867,0.0868,0.0865,0.0868,44188.5
2026-08-31 12:20:00,0.0868,0.0868,0.0865,0.0865,62228.1
2026-08-31 12:25:00,0.0865,0.0865,0.0861,0.0864,48925.0
2026-08-31 12:30:00,0.0863,0.0865,0.0862,0.0864,97957.9
2026-08-31 12:35:00,0.0863,0.0864,0.086,0.0861,152596.7
2026-08-31 12:40:00,0.086,0.086,0.0854,0.0856,460124.3
2026-08-31 12:45:00,0.0856,0.0856,0.0855,0.0855,138702.8
2026-08-31 12:50:00,0.0855,0.0857,0.0855,0.0855,63636.3
2026-08-31 12:55:00,0.0855,0.0858,0.0854,0.0857,11301.5
2026-08-31 13:00:00,0.0857,0.086,0.0856,0.0858,199400.3
2026-08-31 13:05:00,0.0857,0.0859,0.0857,0.0858,45624.1
2026-08-31 13:10:00,0.0858,0.0859,0.0858,0.0859,27132.2
2026-08-31 13:15:00,0.0859,0.086,0.0856,0.0856,328396.8
2026-08-31 13:20:00,0.0856,0.0859,0.0856,0.0858,43606.2
2026-08-31 13:25:00,0.0858,0.0858,0.0853,0.0855,449317.3
2026-08-31 13:30:00,0.0855,0.0859,0.0855,0.0857,154710.5
2026-08-31 13:35:00,0.0856,0.0857,0.0854,0.0857,41944.7
2026-08-31 13:40:00,0.0857,0.0859,0.0856,0.0856,109486.2
2026-08-31 13:45:00,0.0856,0.0856,0.0851,0.0852,209983.4
2026-08-31 13:50:00,0.0853,0.0853,0.0849,0.0852,347040.6
2026-08-31 13:55:00,0.0852,0.0854,0.0852,0.0852,62251.9
2026-08-31 14:00:00,0.0853,0.0855,0.0853,0.0855,112178.2
2026-08-31 14:05:00,0.0854,0.0856,0.0852,0.0855,216800.9
2026-08-31 14:10:00,0.0855,0.0856,0.0853,0.0854,156563.6
2026-08-31 14:15:00,0.0853,0.0857,0.0852,0.0857,393868.1
2026-08-31 14:20:00,0.0857,0.0858,0.0854,0.0854,259687.1
2026-08-31 14:25:00,0.0854,0.0858,0.0853,0.0857,67814.9
2026-08-31 14:30:00,0.0857,0.086,0.0856,0.0856,185100.4
2026-08-31 14:35:00,0.0856,0.0862,0.0856,0.0862,163581.3
2026-08-31 14:40:00,0.0861,0.0871,0.0861,0.087,787070.2
2026-08-31 14:45:00,0.0871,0.0874,0.087,0.087,514087.8
2026-08-31 14:50:00,0.087,0.0872,0.0868,0.087,194328.6
2026-08-31 14:55:00,0.087,0.0873,0.087,0.0872,232239.3
2026-08-31 15:00:00,0.0872,0.0873,0.087,0.0871,178756.3
2026-08-31 15:05:00,0.0871,0.0872,0.087,0.0871,83356.7
2026-08-31 15:10:00,0.0871,0.0871,0.0867,0.0867,239149.8
2026-08-31 15:15:00,0.0867,0.0869,0.0865,0.0866,361988.8
2026-08-31 15:20:00,0.0866,0.0878,0.0866,0.0875,1222494.0
2026-08-31 15:25:00,0.0876,0.0876,0.0871,0.0871,231940.5
2026-08-31 15:30:00,0.0871,0.0874,0.0871,0.0872,99066.7
2026-08-31 15:35:00,0.0871,0.0872,0.087,0.087,55388.3
2026-08-31 15:40:00,0.0871,0.0877,0.0871,0.0877,260601.4
2026-08-31 15:45:00,0.0876,0.0876,0.0873,0.0875,199146.5
2026-08-31 15:50:00,0.0875,0.0876,0.0874,0.0874,109528.1
2026-08-31 15:55:00,0.0875,0.0876,0.0874,0.0875,59216.0
2026-08-31 16:00:00,0.0875,0.0879,0.0873,0.0875,234719.2
2026-08-31 16:05:00,0.0875,0.0877,0.0872,0.0873,57041.2
2026-08-31 16:10:00,0.0873,0.0875,0.0872,0.0872,43228.3
2026-08-31 16:15:00,0.0873,0.0875,0.0869,0.0874,81396.9
2026-08-31 16:20:00,0.0874,0.0874,0.087,0.0871,37553.8
2026-08-31 16:25:00,0.087,0.0872,0.0869,0.0871,179233.6
2026-08-31 16:30:00,0.0871,0.0872,0.087,0.0871,131046.3
2026-08-31 16:35:00,0.0871,0.0873,0.0871,0.0872,188199.4
2026-08-31 16:40:00,0.0871,0.0875,0.087,0.0875,286714.6
2026-08-31 16:45:00,0.0875,0.0881,0.0874,0.0879,989057.3
2026-08-31 16:50:00,0.0879,0.0879,0.0875,0.0878,458355.4
2026-08-31 16:55:00,0.0878,0.088,0.0876,0.0877,90929.2
2026-08-31 17:00:00,0.0877,0.0883,0.0876,0.088,150418.7
2026-08-31 17:05:00,0.0881,0.0892,0.0881,0.0892,3221540.7
2026-08-31 17:10:00,0.0892,0.0896,0.0889,0.0895,1128533.1
2026-08-31 17:15:00,0.0895,0.0898,0.0887,0.0898,1877884.1
2026-08-31 17:20:00,0.0897,0.0902,0.0893,0.0893,1535617.6
2026-08-31 17:25:00,0.0893,0.09,0.0893,0.0896,663635.8
2026-08-31 17:30:00,0.0897,0.0906,0.0897,0.0904,641212.3
2026-08-31 17:35:00,0.0905,0.0909,0.0903,0.0907,743310.0
2026-08-31 17:40:00,0.0906,0.0913,0.0905,0.0906,1579325.5
2026-08-31 17:45:00,0.0907,0.0928,0.0905,0.0921,4483623.8
2026-08-31 17:50:00,0.0921,0.094,0.0921,0.0935,4434264.0
2026-08-31 17:55:00,0.0934,0.0945,0.0928,0.0941,4189657.0
2026-08-31 18:00:00,0.0942,0.0951,0.0931,0.0935,3471374.1
2026-08-31 18:05:00,0.0936,0.0944,0.0933,0.0942,1490850.1
2026-08-31 18:10:00,0.0942,0.0945,0.0936,0.0939,1030474.3
2026-08-31 18:15:00,0.0939,0.095,0.0938,0.095,1407141.4
2026-08-31 18:20:00,0.095,0.0962,0.0948,0.0959,3040165.1
2026-08-31 18:25:00,0.0958,0.0962,0.0954,0.0959,1524438.1
2026-08-31 18:30:00,0.0959,0.0962,0.0954,0.096,1649413.0
2026-08-31 18:35:00,0.096,0.0966,0.096,0.0961,1175060.1
2026-08-31 18:40:00,0.096,0.0966,0.0955,0.0957,1839484.4
2026-08-31 18:45:00,0.0957,0.096,0.0948,0.0954,3381272.2
2026-08-31 18:50:00,0.0954,0.096,0.0953,0.0955,480845.0
2026-08-31 18:55:00,0.0956,0.0957,0.0944,0.0946,2225246.7
2026-08-31 19:00:00,0.0946,0.095,0.0942,0.0943,1071591.6
2026-08-31 19:05:00,0.0944,0.0951,0.0943,0.0949,554588.9
2026-08-31 19:10:00,0.0948,0.0955,0.0947,0.0953,315799.2
2026-08-31 19:15:00,0.0953,0.0953,0.0947,0.0947,735919.3
2026-08-31 19:20:00,0.0947,0.0951,0.0947,0.0949,636392.0
2026-08-31 19:25:00,0.0949,0.0953,0.0947,0.0952,779484.3
2026-08-31 19:30:00,0.0951,0.0952,0.0947,0.095,819075.6
2026-08-31 19:35:00,0.0949,0.0956,0.0949,0.0952,956198.4
2026-08-31 19:40:00,0.0951,0.0954,0.095,0.0954,527827.1
2026-08-31 19:45:00,0.0953,0.0965,0.0953,0.0963,1170759.0
2026-08-31 19:50:00,0.0962,0.0963,0.0956,0.0963,978369.1
2026-08-31 19:55:00,0.0962,0.0971,0.0961,0.0964,2088677.8
2026-08-31 20:00:00,0.0964,0.0982,0.0964,0.0977,5269249.4
2026-08-31 20:05:00,0.0977,0.0988,0.0976,0.0982,2666589.0
2026-08-31 20:10:00,0.0982,0.0992,0.0979,0.0988,3034074.5
2026-08-31 20:15:00,0.0988,0.0998,0.0985,0.0995,2061021.7
2026-08-31 20:20:00,0.0994,0.1,0.099,0.0991,2514626.3
2026-08-31 20:25:00,0.0991,0.0993,0.0982,0.0983,1941066.1
2026-08-31 20:30:00,0.0983,0.0997,0.0983,0.0992,1281897.5
2026-08-31 20:35:00,0.0993,0.0995,0.0988,0.0989,734179.3
2026-08-31 20:40:00,0.0989,0.1005,0.0989,0.1003,3684765.4
2026-08-31 20:45:00,0.1003,0.1007,0.0996,0.1005,2251511.3
2026-08-31 20:50:00,0.1004,0.1006,0.0997,0.0997,1451683.4
2026-08-31 20:55:00,0.0997,0.1003,0.0996,0.1003,1313723.0
2026-08-31 21:00:00,0.1003,0.1006,0.0999,0.1001,1497565.8
2026-08-31 21:05:00,0.1002,0.1002,0.099,0.0999,1675529.7
2026-08-31 21:10:00,0.0999,0.1008,0.0995,0.1005,1107781.6
2026-08-31 21:15:00,0.1004,0.101,0.1001,0.1002,870106.0
2026-08-31 21:20:00,0.1001,0.101,0.1001,0.1009,535051.5
2026-08-31 21:25:00,0.1008,0.1012,0.1008,0.101,649676.5
2026-08-31 21:30:00,0.1011,0.1024,0.1011,0.1022,1684836.1
2026-08-31 21:35:00,0.1022,0.1028,0.1016,0.1027,757430.7
2026-08-31 21:40:00,0.1027,0.1051,0.1027,0.1049,2676465.5
2026-08-31 21:45:00,0.1049,0.1076,0.1049,0.1062,4244861.0
2026-08-31 21:50:00,0.1062,0.1077,0.106,0.1067,5448463.5
2026-08-31 21:55:00,0.1066,0.107,0.1057,0.1065,2207613.3
2026-08-31 22:00:00,0.1064,0.1086,0.1063,0.108,3030759.2
2026-08-31 22:05:00,0.108,0.1085,0.1066,0.1073,4897716.4
2026-08-31 22:10:00,0.1072,0.1087,0.1069,0.1076,4440605.7
2026-08-31 22:15:00,0.1077,0.108,0.1053,0.1065,5415915.6
2026-08-31 22:20:00,0.1064,0.107,0.1058,0.1059,1858689.4
2026-08-31 22:25:00,0.106,0.1066,0.1052,0.1061,2930182.2
2026-08-31 22:30:00,0.1062,0.1078,0.1061,0.107,4222602.6
2026-08-31 22:35:00,0.1069,0.1075,0.1061,0.1065,2120318.3
2026-08-31 22:40:00,0.1065,0.1071,0.1058,0.1069,2704359.3
2026-08-31 22:45:00,0.107,0.1072,0.1059,0.1061,3041355.9
2026-08-31 22:50:00,0.1061,0.1067,0.1052,0.1052,2623517.5
2026-08-31 22:55:00,0.1053,0.1074,0.1053,0.1071,4674210.8
2026-08-31 23:00:00,0.1072,0.1081,0.1063,0.1069,3557244.0
2026-08-31 23:05:00,0.1069,0.1093,0.1066,0.1091,5218401.7
2026-08-31 23:10:00,0.1091,0.1091,0.1075,0.1076,2929144.9
2026-08-31 23:15:00,0.1077,0.1093,0.1077,0.1084,2894728.9
2026-08-31 23:20:00,0.1084,0.1086,0.1066,0.1072,2614686.2
2026-08-31 23:25:00,0.1072,0.1084,0.1071,0.108,2426090.6
2026-08-31 23:30:00,0.1081,0.1096,0.1077,0.1093,3016028.9
2026-08-31 23:35:00,0.1092,0.1095,0.1086,0.1088,2049593.2
2026-08-31 23:40:00,0.1088,0.1099,0.1085,0.1095,2601232.0
2026-08-31 23:45:00,0.1094,0.1098,0.1088,0.1091,2659252.4
2026-08-31 23:50:00,0.1091,0.1097,0.109,0.1091,1256578.1
2026-08-31 23:55:00,0.1091,0.1098,0.1091,0.1094,1476708.6
2026-09-01 00:00:00,0.1094,0.11,0.1073,0.1075,5513179.2
2026-09-01 00:05:00,0.1075,0.1095,0.1072,0.109,2865595.7
2026-09-01 00:10:00,0.1091,0.111,0.1091,0.1105,5413071.8
2026-09-01 00:15:00,0.1104,0.1113,0.1098,0.1109,2675640.4
2026-09-01 00:20:00,0.111,0.1118,0.1107,0.1116,2365704.0
2026-09-01 00:25:00,0.1115,0.1116,0.1107,0.1107,2031614.3
2026-09-01 00:30:00,0.1108,0.1118,0.1107,0.1117,3284596.0
2026-09-01 00:35:00,0.1116,0.1162,0.1114,0.1154,15182165.4
2026-09-01 00:40:00,0.1155,0.1169,0.1151,0.1158,5138185.6
2026-09-01 00:45:00,0.1158,0.1163,0.1142,0.1163,5094662.5
2026-09-01 00:50:00,0.1162,0.1174,0.1156,0.1172,6140199.8
2026-09-01 00:55:00,0.1171,0.1177,0.1163,0.1171,2647825.0
2026-09-01 01:00:00,0.117,0.1174,0.1151,0.1168,4097276.3
2026-09-01 01:05:00,0.1168,0.1176,0.1166,0.1175,3751087.6
2026-09-01 01:10:00,0.1174,0.1192,0.1172,0.118,7890173.5
2026-09-01 01:15:00,0.118,0.118,0.1163,0.1178,2019414.9
2026-09-01 01:20:00,0.1178,0.1197,0.1175,0.1185,5204004.2
2026-09-01 01:25:00,0.1184,0.1195,0.1175,0.1191,4066406.4
2026-09-01 01:30:00,0.1191,0.1193,0.1181,0.119,1928589.6
2026-09-01 01:35:00,0.119,0.1192,0.118,0.1191,2995441.3
2026-09-01 01:40:00,0.1191,0.1202,0.1186,0.1192,5707578.1
2026-09-01 01:45:00,0.1191,0.1193,0.1177,0.1178,3221066.2
2026-09-01 01:50:00,0.1178,0.1191,0.1178,0.1179,1775643.3
2026-09-01 01:55:00,0.118,0.1181,0.1133,0.1144,8365342.4
2026-09-01 02:00:00,0.1144,0.1144,0.1125,0.1135,7181879.8
2026-09-01 02:05:00,0.1135,0.1136,0.1108,0.1118,6892997.4
2026-09-01 02:10:00,0.1119,0.1133,0.1117,0.1128,3741580.0
2026-09-01 02:15:00,0.1127,0.1134,0.1116,0.1119,1937131.3
2026-09-01 02:20:00,0.1119,0.1126,0.1108,0.1125,3001891.2
2026-09-01 02:25:00,0.1125,0.1139,0.1125,0.1127,3891208.9
2026-09-01 02:30:00,0.1127,0.1131,0.111,0.1113,5032751.8
2026-09-01 02:35:00,0.1113,0.1123,0.1098,0.1107,4118829.8
2026-09-01 02:40:00,0.1108,0.1118,0.1105,0.1111,1936286.8
2026-09-01 02:45:00,0.1112,0.1128,0.1108,0.1121,3160392.7
2026-09-01 02:50:00,0.1121,0.1126,0.1118,0.1118,1642275.3
2026-09-01 02:55:00,0.1118,0.113,0.1118,0.1125,2018928.2
2026-09-01 03:00:00,0.1124,0.1139,0.112,0.1129,3214521.7
2026-09-01 03:05:00,0.113,0.1137,0.1121,0.1132,1881126.8
2026-09-01 03:10:00,0.1131,0.1138,0.1128,0.1138,959765.3
2026-09-01 03:15:00,0.1137,0.1153,0.1136,0.1149,2357376.8
2026-09-01 03:20:00,0.115,0.115,0.1135,0.1139,1851319.0
2026-09-01 03:25:00,0.1139,0.1144,0.1135,0.1143,577974.1
2026-09-01 03:30:00,0.1143,0.1143,0.112,0.1122,4193276.0
2026-09-01 03:35:00,0.1122,0.1144,0.1122,0.1136,2656671.9
2026-09-01 03:40:00,0.1136,0.114,0.1129,0.1134,1008200.2
2026-09-01 03:45:00,0.1134,0.1134,0.1108,0.1115,3923037.3
2026-09-01 03:50:00,0.1116,0.1123,0.1112,0.1117,1122659.6
2026-09-01 03:55:00,0.1117,0.112,0.1111,0.1115,640168.5
2026-09-01 04:00:00,0.1115,0.1117,0.1088,0.1092,4860505.9
2026-09-01 04:05:00,0.1092,0.1095,0.1082,0.1095,3910338.6
2026-09-01 04:10:00,0.1095,0.1107,0.1094,0.1102,2036486.5
2026-09-01 04:15:00,0.1103,0.1121,0.1103,0.1118,2051507.8
2026-09-01 04:20:00,0.1118,0.1123,0.1112,0.112,1304058.6
2026-09-01 04:25:00,0.1121,0.1122,0.1114,0.1116,1674184.3
2026-09-01 04:30:00,0.1115,0.1118,0.1109,0.1114,870912.1
2026-09-01 04:35:00,0.1113,0.1119,0.1112,0.1115,1093243.4
2026-09-01 04:40:00,0.1115,0.1119,0.111,0.1113,612474.7
2026-09-01 04:45:00,0.1113,0.1113,0.1103,0.1106,1130188.4
2026-09-01 04:50:00,0.1106,0.1111,0.1102,0.1106,588544.8
2026-09-01 04:55:00,0.1106,0.1112,0.1105,0.111,1071666.0
2026-09-01 05:00:00,0.111,0.1123,0.1107,0.1121,1585367.6
2026-09-01 05:05:00,0.1122,0.1125,0.1115,0.1115,1171329.6
2026-09-01 05:10:00,0.1115,0.1119,0.111,0.1111,1151976.2
2026-09-01 05:15:00,0.111,0.1114,0.1106,0.1114,752863.6
2026-09-01 05:20:00,0.1113,0.1115,0.1108,0.1109,534940.9
2026-09-01 05:25:00,0.111,0.1119,0.1109,0.1118,936105.9
2026-09-01 05:30:00,0.1117,0.1122,0.111,0.1112,670573.7
2026-09-01 05:35:00,0.1111,0.1115,0.1107,0.1108,791210.9
2026-09-01 05:40:00,0.1108,0.1113,0.1106,0.1112,812871.5
2026-09-01 05:45:00,0.1112,0.1117,0.1112,0.1115,639456.0
2026-09-01 05:50:00,0.1115,0.1118,0.1108,0.1118,890874.2
2026-09-01 05:55:00,0.1118,0.1123,0.1116,0.1118,1259063.8
2026-09-01 06:00:00,0.1118,0.1123,0.1116,0.1119,696912.6
2026-09-01 06:05:00,0.1119,0.112,0.1113,0.1114,897533.5
2026-09-01 06:10:00,0.1114,0.1118,0.111,0.1112,1008675.3
2026-09-01 06:15:00,0.1112,0.1114,0.1093,0.1101,2304396.4
2026-09-01 06:20:00,0.1102,0.1109,0.1101,0.1107,787967.1
2026-09-01 06:25:00,0.1107,0.1116,0.1104,0.1112,1461530.1
2026-09-01 06:30:00,0.1112,0.1115,0.1107,0.1109,794755.2
2026-09-01 06:35:00,0.1109,0.1118,0.1109,0.1113,913532.6
2026-09-01 06:40:00,0.1113,0.1121,0.1113,0.1115,1407691.5
2026-09-01 06:45:00,0.1114,0.1118,0.1105,0.1113,1908173.1
2026-09-01 06:50:00,0.1113,0.1119,0.111,0.1118,787623.2
2026-09-01 06:55:00,0.1117,0.1119,0.1112,0.1114,688733.8
2026-09-01 07:00:00,0.1114,0.1117,0.1105,0.1107,1246457.4
2026-09-01 07:05:00,0.1107,0.1118,0.1107,0.1115,1152589.3
2026-09-01 07:10:00,0.1115,0.1116,0.111,0.1114,548154.2
2026-09-01 07:15:00,0.1114,0.1122,0.1109,0.1121,1604657.3
2026-09-01 07:20:00,0.112,0.1145,0.1119,0.1139,5286973.7
2026-09-01 07:25:00,0.1138,0.1145,0.1135,0.1144,2943027.7
2026-09-01 07:30:00,0.1143,0.1146,0.1133,0.1137,1859880.4
2026-09-01 07:35:00,0.1137,0.1144,0.1132,0.1136,2872452.4
2026-09-01 07:40:00,0.1134,0.1139,0.1129,0.1134,2063274.2
2026-09-01 07:45:00,0.1133,0.1134,0.1122,0.113,1516947.3
2026-09-01 07:50:00,0.113,0.1133,0.1125,0.1131,694303.4
2026-09-01 07:55:00,0.113,0.1136,0.1126,0.1129,1649196.7
2026-09-01 08:00:00,0.1129,0.1131,0.1124,0.1125,829182.0
2026-09-01 08:05:00,0.1126,0.1128,0.1114,0.1115,1990935.2
2026-09-01 08:10:00,0.1115,0.1121,0.1109,0.1121,1624903.9
2026-09-01 08:15:00,0.1121,0.1126,0.1117,0.1122,966538.6
2026-09-01 08:20:00,0.1122,0.1124,0.111,0.1113,1474248.5
2026-09-01 08:25:00,0.1113,0.1116,0.1102,0.1103,2292700.6
2026-09-01 08:30:00,0.1103,0.1112,0.1093,0.1108,3433488.6
2026-09-01 08:35:00,0.1109,0.1111,0.1101,0.1105,840614.2
2026-09-01 08:40:00,0.1105,0.1105,0.1061,0.108,13764637.4
2026-09-01 08:45:00,0.108,0.1093,0.107,0.1075,4515311.9
2026-09-01 08:50:00,0.1075,0.1077,0.1052,0.1071,7571456.0
2026-09-01 08:55:00,0.1071,0.1071,0.1065,0.1068,1352205.1
2026-09-01 09:00:00,0.1069,0.1073,0.1063,0.107,1572758.9
2026-09-01 09:05:00,0.107,0.1081,0.1065,0.1075,2019010.6
2026-09-01 09:10:00,0.1075,0.1081,0.1073,0.1079,992457.6
2026-09-01 09:15:00,0.108,0.1082,0.1069,0.1072,1347895.5
2026-09-01 09:20:00,0.1072,0.1089,0.107,0.1086,2492030.1
2026-09-01 09:25:00,0.1086,0.1098,0.1085,0.1089,2006996.3
2026-09-01 09:30:00,0.109,0.1093,0.1084,0.1089,1695151.0
2026-09-01 09:35:00,0.1089,0.1092,0.1085,0.1091,612053.2
2026-09-01 09:40:00,0.1091,0.1101,0.1088,0.1098,2111667.2
2026-09-01 09:45:00,0.1098,0.1099,0.1093,0.1099,960250.8
2026-09-01 09:50:00,0.1099,0.1107,0.1097,0.1102,2040371.9
2026-09-01 09:55:00,0.1101,0.1103,0.1097,0.1099,534322.6
2026-09-01 10:00:00,0.1099,0.1103,0.1096,0.1097,814503.3
2026-09-01 10:05:00,0.1097,0.1099,0.1089,0.1089,900372.5
2026-09-01 10:10:00,0.1089,0.1101,0.1089,0.1096,656305.3
2026-09-01 10:15:00,0.1097,0.1105,0.1093,0.1104,988792.8
2026-09-01 10:20:00,0.1104,0.1117,0.1102,0.1113,1796465.1
2026-09-01 10:25:00,0.1112,0.1116,0.111,0.1115,576284.1
2026-09-01 10:30:00,0.1114,0.1119,0.1109,0.1117,1200728.2
2026-09-01 10:35:00,0.1117,0.1126,0.1113,0.1122,1481749.8
2026-09-01 10:40:00,0.1122,0.1123,0.1118,0.1121,478334.5
2026-09-01 10:45:00,0.1121,0.1124,0.1117,0.1122,832516.0
2026-09-01 10:50:00,0.1122,0.1136,0.1121,0.1127,2573970.7
2026-09-01 10:55:00,0.1127,0.113,0.1122,0.1125,960542.8
2026-09-01 11:00:00,0.1125,0.1129,0.1119,0.1125,1365748.7
2026-09-01 11:05:00,0.1125,0.114,0.1124,0.1137,4699355.1
2026-09-01 11:10:00,0.1138,0.1138,0.1129,0.1131,1862332.7
2026-09-01 11:15:00,0.113,0.1132,0.1127,0.1129,848128.0
2026-09-01 11:20:00,0.113,0.1163,0.1129,0.1153,5967176.4
2026-09-01 11:25:00,0.1153,0.1156,0.1149,0.1151,2461013.4
2026-09-01 11:30:00,0.1152,0.1157,0.1133,0.1144,7061902.8
2026-09-01 11:35:00,0.1144,0.1151,0.1143,0.1147,1399188.9
2026-09-01 11:40:00,0.1148,0.1154,0.1141,0.1144,2457076.5
2026-09-01 11:45:00,0.1145,0.1145,0.1132,0.1138,3110135.0
2026-09-01 11:50:00,0.1138,0.1139,0.1122,0.1133,2356131.3
2026-09-01 11:55:00,0.1132,0.1135,0.1126,0.1133,606437.0
2026-09-01 12:00:00,0.1133,0.1134,0.1125,0.1125,605745.4
2026-09-01 12:05:00,0.1125,0.1129,0.1123,0.1127,817924.4
2026-09-01 12:10:00,0.1127,0.1129,0.1111,0.112,1920224.3
2026-09-01 12:15:00,0.112,0.1123,0.1114,0.1116,2089676.8
2026-09-01 12:20:00,0.1116,0.1127,0.1115,0.1126,1222149.8
2026-09-01 12:25:00,0.1126,0.1128,0.112,0.1121,1329394.7
2026-09-01 12:30:00,0.112,0.1121,0.1105,0.1106,1827507.1
2026-09-01 12:35:00,0.1106,0.1108,0.1091,0.1095,2861919.1
2026-09-01 12:40:00,0.1095,0.1103,0.1085,0.1097,2165503.0
2026-09-01 12:45:00,0.1097,0.11,0.1094,0.1096,887128.7
2026-09-01 12:50:00,0.1096,0.1102,0.1093,0.1094,828003.3
2026-09-01 12:55:00,0.1095,0.1097,0.109,0.1094,1537049.5
2026-09-01 13:00:00,0.1094,0.1097,0.1084,0.1089,1569042.1
2026-09-01 13:05:00,0.1089,0.1096,0.1085,0.1091,1469703.2
2026-09-01 13:10:00,0.1091,0.1094,0.1088,0.1089,634829.9
2026-09-01 13:15:00,0.1089,0.1099,0.1085,0.1096,2576799.7
2026-09-01 13:20:00,0.1096,0.1109,0.1096,0.1106,1699956.0
2026-09-01 13:25:00,0.1105,0.111,0.1099,0.1106,809425.2
2026-09-01 13:30:00,0.1106,0.1118,0.1105,0.1111,1210375.4
2026-09-01 13:35:00,0.1111,0.1114,0.1106,0.1112,642873.7
2026-09-01 13:40:00,0.1112,0.1118,0.1109,0.1114,1036746.3
2026-09-01 13:45:00,0.1113,0.1116,0.1105,0.111,1274212.8
2026-09-01 13:50:00,0.111,0.111,0.1094,0.1099,1604440.3
2026-09-01 13:55:00,0.1098,0.11,0.1088,0.1097,2347521.5
2026-09-01 14:00:00,0.1097,0.1112,0.1095,0.111,1191324.8
2026-09-01 14:05:00,0.1109,0.1115,0.1108,0.1111,1155843.7
2026-09-01 14:10:00,0.1111,0.1116,0.1105,0.1108,879689.6
2026-09-01 14:15:00,0.1108,0.111,0.11,0.1102,1207176.5
2026-09-01 14:20:00,0.1101,0.1106,0.1099,0.11,656146.0
2026-09-01 14:25:00,0.1099,0.1131,0.1086,0.109,13531677.8
2026-09-01 14:30:00,0.109,0.1098,0.1087,0.1092,3045039.2
2026-09-01 14:35:00,0.1093,0.111,0.1093,0.1106,2644339.9
2026-09-01 14:40:00,0.1106,0.1107,0.1099,0.11,1736360.5
2026-09-01 14:45:00,0.11,0.1102,0.1093,0.1099,1782338.3
2026-09-01 14:50:00,0.1099,0.1102,0.1095,0.1101,1440045.2
2026-09-01 14:55:00,0.1101,0.1101,0.1095,0.1098,1763516.6
2026-09-01 15:00:00,0.1098,0.1098,0.109,0.1096,1376753.8
2026-09-01 15:05:00,0.1097,0.1102,0.1087,0.1089,2942559.8
2026-09-01 15:10:00,0.1089,0.109,0.1071,0.1088,3107111.9
2026-09-01 15:15:00,0.1088,0.1095,0.1086,0.109,1057340.4
2026-09-01 15:20:00,0.1091,0.1093,0.1086,0.1089,894992.0
2026-09-01 15:25:00,0.1089,0.1097,0.1087,0.1096,1007976.6
2026-09-01 15:30:00,0.1096,0.1096,0.1089,0.109,1441774.4
2026-09-01 15:35:00,0.109,0.109,0.1085,0.1088,535733.4
2026-09-01 15:40:00,0.1088,0.1103,0.1086,0.1102,639599.2
2026-09-01 15:45:00,0.1102,0.1107,0.1093,0.1096,747216.6
2026-09-01 15:50:00,0.1095,0.11,0.1094,0.1096,210707.4
2026-09-01 15:55:00,0.1096,0.1101,0.1094,0.1097,642062.0
2026-09-01 16:00:00,0.1097,0.1099,0.109,0.1096,502145.2
2026-09-01 16:05:00,0.1096,0.1098,0.1089,0.109,395145.1
2026-09-01 16:10:00,0.109,0.109,0.1082,0.1088,671741.6
2026-09-01 16:15:00,0.1089,0.1091,0.1082,0.1084,374322.9
2026-09-01 16:20:00,0.1085,0.1085,0.1071,0.108,1715295.8
2026-09-01 16:25:00,0.1081,0.1087,0.108,0.1086,379766.4
2026-09-01 16:30:00,0.1086,0.109,0.1082,0.1086,728766.3
2026-09-01 16:35:00,0.1087,0.1103,0.1087,0.1099,1974087.9
2026-09-01 16:40:00,0.1098,0.1105,0.1084,0.1086,2147025.7
2026-09-01 16:45:00,0.1086,0.1087,0.1073,0.1077,1664406.9
2026-09-01 16:50:00,0.1077,0.1086,0.1077,0.1085,355880.3
2026-09-01 16:55:00,0.1085,0.1093,0.1084,0.1088,461324.7
2026-09-01 17:00:00,0.1088,0.1089,0.108,0.1081,422200.9
2026-09-01 17:05:00,0.1081,0.1084,0.108,0.1081,237668.7
2026-09-01 17:10:00,0.1081,0.1087,0.108,0.1085,464681.6
2026-09-01 17:15:00,0.1085,0.1085,0.1078,0.1078,998241.0
2026-09-01 17:20:00,0.1078,0.1089,0.1078,0.1088,1121669.2
2026-09-01 17:25:00,0.1089,0.1089,0.1081,0.1081,345736.8
2026-09-01 17:30:00,0.1081,0.1083,0.1075,0.1083,708648.8
2026-09-01 17:35:00,0.1083,0.1085,0.1081,0.1083,447403.5
2026-09-01 17:40:00,0.1083,0.1086,0.1082,0.1085,646688.1
2026-09-01 17:45:00,0.1085,0.1085,0.1078,0.1083,333474.6
2026-09-01 17:50:00,0.1083,0.1083,0.1069,0.1069,1191561.9
2026-09-01 17:55:00,0.107,0.1076,0.1068,0.1073,1578209.8
2026-09-01 18:00:00,0.1073,0.1076,0.1067,0.1067,1191562.7
2026-09-01 18:05:00,0.1069,0.1076,0.1069,0.107,815697.7
2026-09-01 18:10:00,0.1071,0.1073,0.1067,0.1072,862348.3
2026-09-01 18:15:00,0.1072,0.1082,0.1072,0.1078,490486.5
2026-09-01 18:20:00,0.1078,0.108,0.1068,0.1068,833161.7
2026-09-01 18:25:00,0.1068,0.107,0.1059,0.1069,1252503.7
2026-09-01 18:30:00,0.1069,0.1071,0.1066,0.1068,674198.9
2026-09-01 18:35:00,0.1068,0.107,0.1062,0.1062,378927.6
2026-09-01 18:40:00,0.1062,0.1064,0.1057,0.1058,967138.1
2026-09-01 18:45:00,0.1059,0.1064,0.1045,0.1062,3484717.2
2026-09-01 18:50:00,0.1061,0.1065,0.1055,0.1056,682409.8
2026-09-01 18:55:00,0.1057,0.1066,0.1056,0.1064,630143.5
2026-09-01 19:00:00,0.1065,0.1065,0.106,0.1065,314748.3
2026-09-01 19:05:00,0.1066,0.1066,0.1057,0.106,236246.0
2026-09-01 19:10:00,0.106,0.1061,0.1055,0.1056,397306.3
2026-09-01 19:15:00,0.1057,0.1063,0.1056,0.1062,340945.8
2026-09-01 19:20:00,0.1062,0.1076,0.1062,0.1072,1913743.8
2026-09-01 19:25:00,0.1073,0.1091,0.1071,0.1078,2602879.5
2026-09-01 19:30:00,0.1078,0.1079,0.1071,0.1071,566591.7
2026-09-01 19:35:00,0.1072,0.1079,0.1072,0.1077,232701.1
2026-09-01 19:40:00,0.1077,0.1083,0.1077,0.1079,692735.9
2026-09-01 19:45:00,0.1079,0.1084,0.1076,0.108,543010.8
2026-09-01 19:50:00,0.1081,0.1083,0.1079,0.1079,65856.8
2026-09-01 19:55:00,0.108,0.1083,0.108,0.1082,224003.8
2026-09-01 20:00:00,0.1082,0.1083,0.1068,0.1073,993475.4
2026-09-01 20:05:00,0.1074,0.1077,0.1071,0.1071,237072.3
2026-09-01 20:10:00,0.1071,0.1074,0.1071,0.1074,99553.9
2026-09-01 20:15:00,0.1075,0.1076,0.1073,0.1076,200036.4
2026-09-01 20:20:00,0.1075,0.1076,0.1068,0.107,386861.9
2026-09-01 20:25:00,0.1071,0.1072,0.1066,0.1066,226666.0
2026-09-01 20:30:00,0.1067,0.1068,0.1064,0.1067,865234.3
2026-09-01 20:35:00,0.1067,0.1072,0.1067,0.1068,166466.7
2026-09-01 20:40:00,0.1067,0.1068,0.1065,0.1067,58661.0
2026-09-01 20:45:00,0.1067,0.1068,0.1063,0.1067,286446.7
2026-09-01 20:50:00,0.1068,0.1068,0.1064,0.1066,238361.6
2026-09-01 20:55:00,0.1066,0.1073,0.1065,0.1072,337322.8
2026-09-01 21:00:00,0.1071,0.1077,0.1069,0.1073,340751.7
2026-09-01 21:05:00,0.1073,0.1074,0.1064,0.1065,452137.7
2026-09-01 21:10:00,0.1065,0.1065,0.1058,0.106,604363.0
2026-09-01 21:15:00,0.1061,0.1066,0.1057,0.1065,452751.5
2026-09-01 21:20:00,0.1065,0.107,0.1065,0.107,368245.0
2026-09-01 21:25:00,0.1069,0.1076,0.1069,0.1071,718028.4
2026-09-01 21:30:00,0.1071,0.1071,0.1067,0.1067,74214.9
2026-09-01 21:35:00,0.1067,0.1085,0.1067,0.1079,500968.2
2026-09-01 21:40:00,0.1079,0.1079,0.1074,0.1075,832777.4
2026-09-01 21:45:00,0.1075,0.1082,0.1074,0.1078,135266.1
2026-09-01 21:50:00,0.1079,0.1082,0.1078,0.108,129028.4
2026-09-01 21:55:00,0.108,0.1086,0.108,0.1085,410643.0
2026-09-01 22:00:00,0.1084,0.1085,0.1076,0.1083,805376.0
2026-09-01 22:05:00,0.1083,0.1084,0.108,0.1084,69099.6
2026-09-01 22:10:00,0.1084,0.1089,0.1083,0.1085,296242.7
2026-09-01 22:15:00,0.1085,0.1086,0.1082,0.1084,190753.5
2026-09-01 22:20:00,0.1083,0.1084,0.108,0.1083,161974.1
2026-09-01 22:25:00,0.1083,0.1083,0.108,0.108,133998.7
2026-09-01 22:30:00,0.108,0.1083,0.1079,0.1082,536318.9
2026-09-01 22:35:00,0.1081,0.1083,0.1078,0.1079,226384.3
2026-09-01 22:40:00,0.1078,0.1079,0.1074,0.1079,419317.5
2026-09-01 22:45:00,0.1079,0.1089,0.1079,0.1088,282942.7
2026-09-01 22:50:00,0.1088,0.1094,0.1087,0.1087,736344.3
2026-09-01 22:55:00,0.1087,0.1089,0.1084,0.1084,83160.1
2026-09-01 23:00:00,0.1085,0.1088,0.1085,0.1087,122001.8
2026-09-01 23:05:00,0.1087,0.1091,0.1087,0.109,282505.2
2026-09-01 23:10:00,0.109,0.1091,0.1088,0.109,257331.7
2026-09-01 23:15:00,0.109,0.1092,0.1087,0.1092,82044.0
2026-09-01 23:20:00,0.1092,0.1092,0.1089,0.109,171511.3
2026-09-01 23:25:00,0.109,0.1092,0.1089,0.1091,110052.1
2026-09-01 23:30:00,0.1091,0.1101,0.1091,0.1099,767522.3
2026-09-01 23:35:00,0.1099,0.1104,0.1099,0.1103,968264.6
2026-09-01 23:40:00,0.1103,0.1104,0.11,0.11,547187.4
2026-09-01 23:45:00,0.1101,0.1106,0.1098,0.1103,538327.3
2026-09-01 23:50:00,0.1103,0.1104,0.1098,0.1101,293843.5
2026-09-01 23:55:00,0.1102,0.1106,0.1101,0.1104,521522.4
2026-09-02 00:00:00,0.1104,0.1105,0.1096,0.1096,1015304.6
2026-09-02 00:05:00,0.1097,0.1102,0.1095,0.1101,298363.6
2026-09-02 00:10:00,0.1101,0.1101,0.1095,0.1095,157551.0
2026-09-02 00:15:00,0.1096,0.1097,0.1088,0.109,765233.1
2026-09-02 00:20:00,0.109,0.109,0.1083,0.1087,500650.6
2026-09-02 00:25:00,0.1087,0.1088,0.1077,0.1081,938878.9
2026-09-02 00:30:00,0.108,0.1083,0.1076,0.1076,459822.0
2026-09-02 00:35:00,0.1077,0.1084,0.1077,0.1082,155245.0
2026-09-02 00:40:00,0.1082,0.1083,0.108,0.1082,257612.5
2026-09-02 00:45:00,0.1082,0.1084,0.1082,0.1082,73901.5
2026-09-02 00:50:00,0.1082,0.1084,0.1082,0.1082,80392.3
2026-09-02 00:55:00,0.1081,0.1082,0.108,0.108,116599.1
2026-09-02 01:00:00,0.108,0.1083,0.1078,0.1082,217310.0
2026-09-02 01:05:00,0.1082,0.1084,0.1081,0.1083,227171.0
2026-09-02 01:10:00,0.1083,0.1093,0.1083,0.1093,411748.0
2026-09-02 01:15:00,0.1093,0.1098,0.1089,0.1097,292929.3
2026-09-02 01:20:00,0.1098,0.1101,0.1091,0.1095,475468.2
2026-09-02 01:25:00,0.1095,0.1096,0.1092,0.1094,315893.6
2026-09-02 01:30:00,0.1094,0.1099,0.1088,0.1097,1037717.4
2026-09-02 01:35:00,0.1096,0.1096,0.1089,0.1091,353791.9
2026-09-02 01:40:00,0.1091,0.1093,0.1085,0.1093,722025.4
2026-09-02 01:45:00,0.1093,0.1097,0.1091,0.1095,565489.1
2026-09-02 01:50:00,0.1094,0.1096,0.1091,0.1096,646310.8
2026-09-02 01:55:00,0.1096,0.1107,0.1095,0.1104,1490452.1
2026-09-02 02:00:00,0.1105,0.1105,0.1093,0.1094,561005.5
2026-09-02 02:05:00,0.1094,0.1105,0.1093,0.1099,426739.4
2026-09-02 02:10:00,0.1098,0.1101,0.1094,0.1101,270045.6
2026-09-02 02:15:00,0.1101,0.1103,0.1096,0.1096,480858.9
2026-09-02 02:20:00,0.1096,0.1116,0.1096,0.1115,1408766.0
2026-09-02 02:25:00,0.1114,0.1121,0.1113,0.1117,913121.6
2026-09-02 02:30:00,0.1117,0.1128,0.1113,0.1128,1579821.5
2026-09-02 02:35:00,0.1127,0.1128,0.1116,0.1119,1065280.1
2026-09-02 02:40:00,0.1118,0.112,0.1108,0.111,965680.2
2026-09-02 02:45:00,0.1111,0.1118,0.1108,0.1118,1026425.1
2026-09-02 02:50:00,0.1118,0.112,0.1107,0.1111,472358.0
2026-09-02 02:55:00,0.111,0.1115,0.1106,0.1115,497390.9
2026-09-02 03:00:00,0.1115,0.1123,0.1112,0.1119,529764.9
2026-09-02 03:05:00,0.112,0.112,0.1111,0.1113,318297.4
2026-09-02 03:10:00,0.1113,0.1122,0.1112,0.1115,842369.5
2026-09-02 03:15:00,0.1115,0.1133,0.1114,0.1127,1069269.9
2026-09-02 03:20:00,0.1127,0.1128,0.1122,0.1123,788505.3
2026-09-02 03:25:00,0.1124,0.1132,0.1123,0.1126,351278.6
2026-09-02 03:30:00,0.1127,0.1129,0.1117,0.1124,623113.5
2026-09-02 03:35:00,0.1124,0.1131,0.1124,0.113,333887.1
2026-09-02 03:40:00,0.113,0.1132,0.1125,0.1127,1040863.2
2026-09-02 03:45:00,0.1126,0.1128,0.1122,0.1126,454421.4
2026-09-02 03:50:00,0.1126,0.1129,0.1121,0.1123,501573.2
2026-09-02 03:55:00,0.1123,0.1131,0.1123,0.113,351561.6
2026-09-02 04:00:00,0.113,0.1145,0.1126,0.1143,1308597.2
2026-09-02 04:05:00,0.1142,0.1145,0.1138,0.1145,1108443.0
2026-09-02 04:10:00,0.1145,0.1147,0.1138,0.1143,1296373.0
2026-09-02 04:15:00,0.1143,0.1144,0.1134,0.114,451157.2
2026-09-02 04:20:00,0.1141,0.1149,0.1135,0.1136,2181492.3
2026-09-02 04:25:00,0.1135,0.114,0.1131,0.1132,744022.4
2026-09-02 04:30:00,0.1132,0.1135,0.1129,0.1132,446785.3
2026-09-02 04:35:00,0.1132,0.1132,0.1119,0.113,1377809.3
2026-09-02 04:40:00,0.113,0.1131,0.1126,0.1127,442051.0
2026-09-02 04:45:00,0.1127,0.1127,0.1123,0.1124,395126.8
2026-09-02 04:50:00,0.1124,0.1126,0.1122,0.1123,468960.7
2026-09-02 04:55:00,0.1123,0.1128,0.1121,0.1122,469324.7
2026-09-02 05:00:00,0.1122,0.1125,0.112,0.1123,211567.9
2026-09-02 05:05:00,0.1123,0.1123,0.1117,0.1118,435780.6
2026-09-02 05:10:00,0.1118,0.1124,0.1113,0.1122,547393.8
2026-09-02 05:15:00,0.1122,0.1135,0.1122,0.1134,943593.9
2026-09-02 05:20:00,0.1134,0.1134,0.1124,0.1126,639829.8
2026-09-02 05:25:00,0.1127,0.113,0.1124,0.1128,929320.8
2026-09-02 05:30:00,0.1128,0.1128,0.1121,0.1124,538138.5
2026-09-02 05:35:00,0.1123,0.1127,0.112,0.1125,375777.2
2026-09-02 05:40:00,0.1124,0.1132,0.1124,0.1126,297060.6
2026-09-02 05:45:00,0.1125,0.1132,0.1125,0.1132,185402.3
2026-09-02 05:50:00,0.1131,0.1131,0.1127,0.1128,120178.7
2026-09-02 05:55:00,0.1128,0.1134,0.1127,0.1134,315873.8
2026-09-02 06:00:00,0.1135,0.1136,0.113,0.113,420814.4
2026-09-02 06:05:00,0.113,0.1133,0.1128,0.1131,258356.9
2026-09-02 06:10:00,0.1131,0.1143,0.1131,0.1141,462305.0
2026-09-02 06:15:00,0.1142,0.1148,0.1135,0.1135,945166.2
2026-09-02 06:20:00,0.1136,0.1142,0.1136,0.1139,573272.7
2026-09-02 06:25:00,0.1139,0.1141,0.1133,0.1133,286395.0
2026-09-02 06:30:00,0.1132,0.1138,0.1128,0.1138,364168.1
2026-09-02 06:35:00,0.1138,0.1139,0.1132,0.1136,252921.4
2026-09-02 06:40:00,0.1136,0.115,0.1136,0.1145,752081.8
2026-09-02 06:45:00,0.1145,0.1145,0.1137,0.1138,437606.0
2026-09-02 06:50:00,0.1138,0.1141,0.1134,0.1136,438357.3
2026-09-02 06:55:00,0.1135,0.1144,0.1134,0.1141,649996.6
2026-09-02 07:00:00,0.1142,0.1149,0.1138,0.1149,591877.1
2026-09-02 07:05:00,0.1149,0.1149,0.1142,0.1144,420540.2
2026-09-02 07:10:00,0.1145,0.1147,0.1137,0.1137,652756.8
2026-09-02 07:15:00,0.1138,0.1155,0.1138,0.1154,774583.2
2026-09-02 07:20:00,0.1153,0.1158,0.1148,0.1151,1423367.1
2026-09-02 07:25:00,0.1151,0.1151,0.1144,0.1146,335833.5
2026-09-02 07:30:00,0.1146,0.1153,0.1145,0.1152,752704.4
2026-09-02 07:35:00,0.1152,0.1152,0.1146,0.1148,182999.5
2026-09-02 07:40:00,0.1148,0.1151,0.1144,0.1145,255218.9
2026-09-02 07:45:00,0.1145,0.1151,0.1145,0.1145,337336.4
2026-09-02 07:50:00,0.1145,0.1146,0.1137,0.1139,457667.5
2026-09-02 07:55:00,0.114,0.1147,0.114,0.1146,433591.0
2026-09-02 08:00:00,0.1147,0.116,0.1144,0.116,711972.8
2026-09-02 08:05:00,0.116,0.1174,0.116,0.1167,2020141.3
2026-09-02 08:10:00,0.1166,0.1177,0.1166,0.1177,1897360.7
2026-09-02 08:15:00,0.1177,0.1196,0.1174,0.1187,4131426.2
2026-09-02 08:20:00,0.1187,0.1189,0.1178,0.1182,1667372.5
2026-09-02 08:25:00,0.1182,0.1184,0.1168,0.117,2306700.2
2026-09-02 08:30:00,0.1171,0.1175,0.1168,0.117,831531.4
2026-09-02 08:35:00,0.1171,0.1186,0.1166,0.1183,1313975.7
2026-09-02 08:40:00,0.1183,0.1185,0.1167,0.1169,1174203.3
2026-09-02 08:45:00,0.1168,0.1175,0.1159,0.117,1789152.8
2026-09-02 08:50:00,0.117,0.1172,0.1163,0.1164,754071.0
2026-09-02 08:55:00,0.1163,0.1166,0.1158,0.1163,832527.1
2026-09-02 09:00:00,0.1164,0.1183,0.1164,0.1181,1826807.7
2026-09-02 09:05:00,0.1181,0.1183,0.1174,0.1177,828237.1
2026-09-02 09:10:00,0.1178,0.1178,0.1165,0.1166,1777983.5
2026-09-02 09:15:00,0.1165,0.1175,0.1165,0.117,990615.4
2026-09-02 09:20:00,0.117,0.1171,0.1155,0.1161,1539792.8
2026-09-02 09:25:00,0.1162,0.1165,0.1158,0.1163,555874.4
2026-09-02 09:30:00,0.1163,0.1164,0.1157,0.116,1042014.2
2026-09-02 09:35:00,0.116,0.116,0.1151,0.1154,760895.2
2026-09-02 09:40:00,0.1155,0.1155,0.1149,0.115,792301.6
2026-09-02 09:45:00,0.1151,0.1152,0.1141,0.1148,1443512.6
2026-09-02 09:50:00,0.1149,0.1157,0.1145,0.1154,650406.9
2026-09-02 09:55:00,0.1154,0.1154,0.1146,0.1149,460865.0
2026-09-02 10:00:00,0.1149,0.1149,0.1123,0.1124,3459719.1
2026-09-02 10:05:00,0.1125,0.1129,0.112,0.1127,1239262.3
2026-09-02 10:10:00,0.1126,0.1129,0.1124,0.1125,901329.9
2026-09-02 10:15:00,0.1125,0.1127,0.1116,0.1119,1389716.1
2026-09-02 10:20:00,0.1118,0.1122,0.1108,0.1112,1242954.7
2026-09-02 10:25:00,0.1112,0.1115,0.111,0.1112,490342.4
2026-09-02 10:30:00,0.1112,0.1132,0.1102,0.1106,13482178.9
2026-09-02 10:35:00,0.1107,0.1114,0.1107,0.1112,853818.2
2026-09-02 10:40:00,0.1112,0.1116,0.1108,0.111,812727.0
2026-09-02 10:45:00,0.111,0.1112,0.1095,0.1098,1936873.6
2026-09-02 10:50:00,0.1099,0.1104,0.1097,0.1101,1144438.4
2026-09-02 10:55:00,0.1102,0.111,0.11,0.1109,921688.7
2026-09-02 11:00:00,0.1109,0.1112,0.1084,0.1086,2835354.6
2026-09-02 11:05:00,0.1086,0.1089,0.1073,0.1085,6213013.3
2026-09-02 11:10:00,0.1084,0.1086,0.1073,0.1078,1361637.5
2026-09-02 11:15:00,0.1079,0.1082,0.1075,0.1077,1005762.2
2026-09-02 11:20:00,0.1078,0.1081,0.1072,0.108,1198348.8
2026-09-02 11:25:00,0.108,0.1084,0.1076,0.1079,1048836.9
2026-09-02 11:30:00,0.1079,0.1086,0.1077,0.1083,1491778.1
2026-09-02 11:35:00,0.1084,0.1087,0.1081,0.1084,477099.0
2026-09-02 11:40:00,0.1083,0.1083,0.1077,0.1078,482232.8
2026-09-02 11:45:00,0.1078,0.1078,0.1059,0.1067,3211718.4
2026-09-02 11:50:00,0.1067,0.1069,0.1063,0.1067,474123.4
2026-09-02 11:55:00,0.1067,0.1078,0.1065,0.1076,806930.4
2026-09-02 12:00:00,0.1076,0.1076,0.1072,0.1076,444780.9
2026-09-02 12:05:00,0.1076,0.1082,0.1076,0.1079,327403.9
2026-09-02 12:10:00,0.1078,0.1089,0.1078,0.1087,399568.3
2026-09-02 12:15:00,0.1086,0.1088,0.1083,0.1085,1062354.1
2026-09-02 12:20:00,0.1085,0.109,0.1081,0.1085,566989.2
2026-09-02 12:25:00,0.1086,0.1086,0.1082,0.1083,365400.4
2026-09-02 12:30:00,0.1082,0.1086,0.1082,0.1086,120413.9
2026-09-02 12:35:00,0.1087,0.109,0.1085,0.1088,1038058.7
2026-09-02 12:40:00,0.1088,0.1091,0.1086,0.109,206261.2
2026-09-02 12:45:00,0.109,0.109,0.1085,0.1085,277679.7
2026-09-02 12:50:00,0.1086,0.1088,0.1084,0.1084,379946.8
2026-09-02 12:55:00,0.1085,0.1088,0.1083,0.1087,399370.9
2026-09-02 13:00:00,0.1087,0.1097,0.1087,0.1097,858749.3
2026-09-02 13:05:00,0.1097,0.111,0.1095,0.1101,1011038.4
2026-09-02 13:10:00,0.1101,0.1102,0.1097,0.1098,347548.1
2026-09-02 13:15:00,0.1098,0.11,0.1093,0.11,529250.4
2026-09-02 13:20:00,0.1099,0.11,0.1096,0.1097,355583.5
2026-09-02 13:25:00,0.1097,0.11,0.1096,0.1097,163569.1
2026-09-02 13:30:00,0.1097,0.1101,0.1091,0.1092,527345.6
2026-09-02 13:35:00,0.1093,0.1094,0.1088,0.1094,233848.7
2026-09-02 13:40:00,0.1094,0.1117,0.1094,0.1117,1390798.8
2026-09-02 13:45:00,0.1118,0.1125,0.1114,0.1117,1881801.1
2026-09-02 13:50:00,0.1117,0.1118,0.111,0.1111,1033996.8
2026-09-02 13:55:00,0.1112,0.1115,0.1109,0.1109,651314.3
2026-09-02 14:00:00,0.1109,0.1113,0.1105,0.1108,513333.8
2026-09-02 14:05:00,0.1109,0.1116,0.1108,0.1115,381284.2
2026-09-02 14:10:00,0.1116,0.1126,0.1116,0.1118,871424.7
2026-09-02 14:15:00,0.1118,0.1137,0.1116,0.1131,2099426.8
2026-09-02 14:20:00,0.1131,0.1139,0.1129,0.1132,2220454.1
2026-09-02 14:25:00,0.1132,0.1138,0.1131,0.1137,1443732.0
2026-09-02 14:30:00,0.1138,0.114,0.113,0.1136,828215.9
2026-09-02 14:35:00,0.1135,0.1139,0.1132,0.1139,755304.8
2026-09-02 14:40:00,0.1139,0.1176,0.1134,0.1171,6785852.5
2026-09-02 14:45:00,0.1172,0.1178,0.1163,0.1167,2524591.1
2026-09-02 14:50:00,0.1167,0.117,0.1159,0.116,1338824.1
2026-09-02 14:55:00,0.116,0.1166,0.1159,0.1159,868081.0
2026-09-02 15:00:00,0.116,0.1176,0.1153,0.117,2687087.0
2026-09-02 15:05:00,0.1171,0.12,0.1168,0.117,4303084.9
2026-09-02 15:10:00,0.117,0.1175,0.1158,0.1164,2389147.5
2026-09-02 15:15:00,0.1165,0.1174,0.1164,0.1166,848472.1
2026-09-02 15:20:00,0.1165,0.1165,0.1152,0.1154,1372432.9
2026-09-02 15:25:00,0.1154,0.1159,0.1146,0.1152,1578099.5
2026-09-02 15:30:00,0.1153,0.1161,0.1153,0.1159,658971.9
2026-09-02 15:35:00,0.1159,0.1172,0.1155,0.1167,893118.0
2026-09-02 15:40:00,0.1167,0.117,0.1161,0.1167,1004377.5
2026-09-02 15:45:00,0.1168,0.1168,0.1159,0.1164,504718.6
2026-09-02 15:50:00,0.1163,0.1168,0.1159,0.1163,662413.5
2026-09-02 15:55:00,0.1163,0.1167,0.116,0.1166,798525.7
2026-09-02 16:00:00,0.1166,0.12,0.1163,0.1187,3623230.9
2026-09-02 16:05:00,0.1188,0.1191,0.1156,0.1158,3437535.1
2026-09-02 16:10:00,0.1158,0.1167,0.1158,0.1161,1185274.0
2026-09-02 16:15:00,0.1162,0.1164,0.1154,0.1156,1031898.8
2026-09-02 16:20:00,0.1157,0.1174,0.1157,0.1172,2250334.1
2026-09-02 16:25:00,0.1172,0.1178,0.1166,0.1177,2489367.9
2026-09-02 16:30:00,0.1176,0.1239,0.1176,0.1237,11319323.7
2026-09-02 16:35:00,0.1238,0.1251,0.1231,0.1241,8196378.1
2026-09-02 16:40:00,0.1241,0.1247,0.1233,0.1237,3303843.1
2026-09-02 16:45:00,0.1238,0.1256,0.1234,0.125,5593965.8
2026-09-02 16:50:00,0.125,0.1253,0.1228,0.1239,4038531.6
2026-09-02 16:55:00,0.1239,0.1244,0.1212,0.1221,2949888.9
2026-09-02 17:00:00,0.122,0.1231,0.122,0.1228,2085365.2
2026-09-02 17:05:00,0.1229,0.1229,0.1208,0.121,1953163.7
2026-09-02 17:10:00,0.1211,0.1215,0.1201,0.1208,2974525.5
2026-09-02 17:15:00,0.1207,0.1219,0.1204,0.1207,1822729.0
2026-09-02 17:20:00,0.1207,0.1234,0.1204,0.123,2749614.9
2026-09-02 17:25:00,0.1229,0.1243,0.1227,0.1231,2058018.2
2026-09-02 17:30:00,0.1231,0.1248,0.1228,0.1241,1786085.5
2026-09-02 17:35:00,0.1241,0.1249,0.1235,0.1243,2640566.9
2026-09-02 17:40:00,0.1244,0.1246,0.1222,0.1229,2184829.9
2026-09-02 17:45:00,0.123,0.1235,0.122,0.1221,1548614.8
2026-09-02 17:50:00,0.1221,0.1228,0.1217,0.122,1180695.7
2026-09-02 17:55:00,0.1221,0.1225,0.1217,0.1223,585034.5
2026-09-02 18:00:00,0.1223,0.1233,0.122,0.1231,1445397.5
2026-09-02 18:05:00,0.1231,0.1244,0.123,0.1241,1476817.4
2026-09-02 18:10:00,0.124,0.125,0.1237,0.1247,1108740.2
2026-09-02 18:15:00,0.1248,0.1248,0.1237,0.1241,954802.5
2026-09-02 18:20:00,0.1241,0.125,0.124,0.1247,884010.8
2026-09-02 18:25:00,0.1246,0.1247,0.1239,0.1243,383644.4
2026-09-02 18:30:00,0.1243,0.1267,0.1242,0.1264,3363803.4
2026-09-02 18:35:00,0.1264,0.1265,0.1256,0.1257,1432854.2
2026-09-02 18:40:00,0.1257,0.1258,0.1238,0.1242,1802567.8
2026-09-02 18:45:00,0.1242,0.125,0.1232,0.1244,1879889.0
2026-09-02 18:50:00,0.1244,0.1245,0.1236,0.1239,1039497.1
2026-09-02 18:55:00,0.1239,0.1246,0.1238,0.1241,531725.5
2026-09-02 19:00:00,0.1241,0.1246,0.1238,0.1238,527262.6
2026-09-02 19:05:00,0.1239,0.1243,0.1233,0.1242,444864.6
2026-09-02 19:10:00,0.1243,0.1255,0.1243,0.1248,1221993.3
2026-09-02 19:15:00,0.1248,0.1251,0.1241,0.1244,865561.7
2026-09-02 19:20:00,0.1244,0.125,0.1244,0.1248,594316.7
2026-09-02 19:25:00,0.1248,0.1249,0.1239,0.1247,639479.6
2026-09-02 19:30:00,0.1247,0.1249,0.1237,0.124,752830.0
2026-09-02 19:35:00,0.124,0.1244,0.1235,0.1236,594952.0
2026-09-02 19:40:00,0.1237,0.1244,0.1237,0.1242,656480.7
2026-09-02 19:45:00,0.1242,0.1246,0.1241,0.1243,508878.7
2026-09-02 19:50:00,0.1243,0.1252,0.1242,0.1246,972082.4
2026-09-02 19:55:00,0.1246,0.1246,0.1238,0.1241,1169479.2
2026-09-02 20:00:00,0.124,0.1251,0.1238,0.1249,635354.7
2026-09-02 20:05:00,0.1249,0.1255,0.1245,0.1247,798097.4
2026-09-02 20:10:00,0.1247,0.1249,0.1241,0.1242,564289.2
2026-09-02 20:15:00,0.1242,0.1243,0.1231,0.1231,2288107.6
2026-09-02 20:20:00,0.1232,0.1241,0.1232,0.1238,822377.8
2026-09-02 20:25:00,0.1238,0.1241,0.1234,0.1235,661135.0
2026-09-02 20:30:00,0.1234,0.1236,0.1224,0.1229,1271212.3
2026-09-02 20:35:00,0.1229,0.1231,0.1221,0.1224,881842.2
2026-09-02 20:40:00,0.1225,0.1226,0.1218,0.1223,594311.3
2026-09-02 20:45:00,0.1223,0.1229,0.1222,0.1225,364403.5
2026-09-02 20:50:00,0.1225,0.1229,0.1224,0.1227,187084.8
2026-09-02 20:55:00,0.1227,0.123,0.1225,0.1229,376871.8
2026-09-02 21:00:00,0.1229,0.1229,0.1222,0.1223,438590.6
2026-09-02 21:05:00,0.1224,0.1229,0.1219,0.122,661629.5
2026-09-02 21:10:00,0.122,0.1223,0.1216,0.122,505986.5
2026-09-02 21:15:00,0.1221,0.1224,0.1218,0.1221,774020.2
2026-09-02 21:20:00,0.1221,0.1222,0.1217,0.122,1140790.1
2026-09-02 21:25:00,0.1219,0.1221,0.1215,0.1217,355054.5
2026-09-02 21:30:00,0.1217,0.122,0.1212,0.1214,630537.7
2026-09-02 21:35:00,0.1214,0.1228,0.1214,0.1225,387668.6
2026-09-02 21:40:00,0.1224,0.1232,0.1222,0.1227,428646.5
2026-09-02 21:45:00,0.1227,0.1228,0.1219,0.122,428661.4
2026-09-02 21:50:00,0.122,0.1225,0.1219,0.1225,212223.2
2026-09-02 21:55:00,0.1225,0.1229,0.122,0.1221,304278.9
2026-09-02 22:00:00,0.1221,0.1243,0.1221,0.124,742579.4
2026-09-02 22:05:00,0.124,0.1245,0.1234,0.1234,589703.5
2026-09-02 22:10:00,0.1234,0.1234,0.1226,0.1227,702697.3
2026-09-02 22:15:00,0.1227,0.1233,0.1226,0.1228,260105.2
2026-09-02 22:20:00,0.1228,0.1229,0.1219,0.122,627034.6
2026-09-02 22:25:00,0.1219,0.1226,0.1217,0.1226,424877.8
2026-09-02 22:30:00,0.1226,0.123,0.1224,0.1225,628618.5
2026-09-02 22:35:00,0.1225,0.1229,0.1224,0.1228,184573.8
2026-09-02 22:40:00,0.1228,0.1238,0.1228,0.1236,726711.9
2026-09-02 22:45:00,0.1236,0.1243,0.123,0.1243,1357680.5
2026-09-02 22:50:00,0.1244,0.1245,0.1233,0.1237,1340579.2
2026-09-02 22:55:00,0.1237,0.1237,0.123,0.1234,276493.0
2026-09-02 23:00:00,0.1234,0.1241,0.1233,0.1238,353131.2
2026-09-02 23:05:00,0.1239,0.1253,0.1237,0.1251,555004.2
2026-09-02 23:10:00,0.125,0.1251,0.1242,0.1247,965687.5
2026-09-02 23:15:00,0.1247,0.125,0.1242,0.1248,509906.3
2026-09-02 23:20:00,0.1249,0.1249,0.1242,0.1243,220487.5
2026-09-02 23:25:00,0.1244,0.1246,0.1242,0.1243,364069.8
2026-09-02 23:30:00,0.1243,0.1278,0.124,0.124,8769154.6
2026-09-02 23:35:00,0.1241,0.1242,0.1228,0.123,2204690.4
2026-09-02 23:40:00,0.1231,0.1233,0.1224,0.123,1370433.5
2026-09-02 23:45:00,0.123,0.1236,0.1229,0.1233,950525.1
2026-09-02 23:50:00,0.1233,0.1239,0.1231,0.1238,838723.0
2026-09-02 23:55:00,0.1238,0.1246,0.1237,0.1241,917377.0
2026-09-03 00:00:00,0.1241,0.1248,0.1237,0.1244,803961.5
2026-09-03 00:05:00,0.1245,0.1248,0.1237,0.1238,1037508.6
2026-09-03 00:10:00,0.1239,0.1248,0.1237,0.1246,692929.3
2026-09-03 00:15:00,0.1247,0.1249,0.1241,0.1241,222549.7
2026-09-03 00:20:00,0.124,0.1243,0.1238,0.1243,318279.3
2026-09-03 00:25:00,0.1243,0.1245,0.1238,0.1242,187039.6
2026-09-03 00:30:00,0.1243,0.1243,0.123,0.1231,631741.2
2026-09-03 00:35:00,0.1231,0.124,0.1231,0.1235,371746.1
2026-09-03 00:40:00,0.1236,0.1237,0.1231,0.1233,273942.0
2026-09-03 00:45:00,0.1233,0.1236,0.1228,0.1233,440976.0
2026-09-03 00:50:00,0.1234,0.1242,0.1232,0.1242,258597.0
2026-09-03 00:55:00,0.1242,0.1242,0.123,0.1231,444584.9
2026-09-03 01:00:00,0.123,0.1232,0.1224,0.1228,509078.1
2026-09-03 01:05:00,0.1229,0.1234,0.1228,0.1232,530480.3
2026-09-03 01:10:00,0.1232,0.1233,0.1229,0.1231,352614.0
2026-09-03 01:15:00,0.1231,0.1235,0.1227,0.1235,324191.8
2026-09-03 01:20:00,0.1234,0.1238,0.1231,0.1233,230321.0
2026-09-03 01:25:00,0.1233,0.1234,0.1229,0.1233,167195.4
2026-09-03 01:30:00,0.1233,0.1245,0.1232,0.1242,415075.3
2026-09-03 01:35:00,0.1243,0.1255,0.124,0.1253,930620.0
2026-09-03 01:40:00,0.1252,0.1259,0.125,0.125,784610.4
2026-09-03 01:45:00,0.125,0.125,0.1236,0.1237,482068.4
2026-09-03 01:50:00,0.1237,0.1244,0.1235,0.1242,633445.8
2026-09-03 01:55:00,0.1241,0.1254,0.1241,0.1246,1105241.2
2026-09-03 02:00:00,0.1246,0.1251,0.1239,0.1246,500917.7
2026-09-03 02:05:00,0.1246,0.1261,0.1243,0.1259,2103917.6
2026-09-03 02:10:00,0.1259,0.1286,0.1258,0.1276,3958881.3
2026-09-03 02:15:00,0.1276,0.1283,0.1272,0.1272,1359142.0
2026-09-03 02:20:00,0.1273,0.1276,0.1269,0.1272,773398.3
2026-09-03 02:25:00,0.1272,0.1276,0.127,0.1275,500475.8
2026-09-03 02:30:00,0.1275,0.1296,0.1274,0.1292,1435768.5
2026-09-03 02:35:00,0.1293,0.13,0.1289,0.1299,1901072.8
2026-09-03 02:40:00,0.1298,0.1302,0.1291,0.1295,1288102.2
2026-09-03 02:45:00,0.1295,0.1319,0.1294,0.1316,2519200.6
2026-09-03 02:50:00,0.1317,0.1327,0.1314,0.1322,1850599.1
2026-09-03 02:55:00,0.1321,0.1323,0.1315,0.132,1124346.6
2026-09-03 03:00:00,0.1321,0.1321,0.1302,0.1305,1315860.2
2026-09-03 03:05:00,0.1306,0.1316,0.1304,0.1313,885718.3
2026-09-03 03:10:00,0.1314,0.1315,0.131,0.1312,643929.0
2026-09-03 03:15:00,0.1311,0.1311,0.1305,0.1306,624439.0
2026-09-03 03:20:00,0.1306,0.1307,0.1295,0.1305,719731.9
2026-09-03 03:25:00,0.1305,0.1316,0.1305,0.131,1532253.9
2026-09-03 03:30:00,0.131,0.1317,0.1298,0.1298,516488.0
2026-09-03 03:35:00,0.1299,0.1299,0.1284,0.1285,884115.4
2026-09-03 03:40:00,0.1286,0.1286,0.1277,0.1278,523656.7
2026-09-03 03:45:00,0.1278,0.1283,0.1276,0.1279,681283.9
2026-09-03 03:50:00,0.1279,0.128,0.1269,0.1279,1269980.7
2026-09-03 03:55:00,0.1279,0.128,0.1269,0.1273,563008.6
2026-09-03 04:00:00,0.1273,0.1276,0.1264,0.1269,799481.4
2026-09-03 04:05:00,0.1269,0.1279,0.1267,0.1278,651948.3
2026-09-03 04:10:00,0.1279,0.1284,0.1276,0.1283,1390368.7
2026-09-03 04:15:00,0.1283,0.1294,0.1283,0.1291,1526575.0
2026-09-03 04:20:00,0.1291,0.1292,0.1278,0.128,2389012.9
2026-09-03 04:25:00,0.128,0.1282,0.1273,0.1276,1296833.3
2026-09-03 04:30:00,0.1276,0.1284,0.1276,0.1281,397272.1
2026-09-03 04:35:00,0.1281,0.1284,0.1278,0.1284,346192.9
2026-09-03 04:40:00,0.1283,0.1292,0.1282,0.1289,743652.2
2026-09-03 04:45:00,0.1289,0.1303,0.1287,0.1301,1201620.3
2026-09-03 04:50:00,0.1301,0.1303,0.1294,0.1299,581435.8
2026-09-03 04:55:00,0.1299,0.1308,0.1297,0.1308,729490.5
2026-09-03 05:00:00,0.1307,0.1318,0.1299,0.1299,1570338.2
2026-09-03 05:05:00,0.13,0.1305,0.1298,0.13,426804.6
2026-09-03 05:10:00,0.13,0.1304,0.1299,0.13,344606.3
2026-09-03 05:15:00,0.13,0.1301,0.1293,0.1299,559402.2
2026-09-03 05:20:00,0.1299,0.1299,0.1288,0.1291,803437.7
2026-09-03 05:25:00,0.1291,0.1291,0.1282,0.1289,891969.2
2026-09-03 05:30:00,0.1289,0.1298,0.1285,0.1295,599054.5
2026-09-03 05:35:00,0.1295,0.1299,0.1293,0.1296,386619.0
2026-09-03 05:40:00,0.1296,0.1303,0.1296,0.1299,410283.0
2026-09-03 05:45:00,0.13,0.1314,0.1295,0.1312,631743.7
2026-09-03 05:50:00,0.1312,0.1315,0.1304,0.1307,964357.2
2026-09-03 05:55:00,0.1308,0.1317,0.1305,0.1315,727574.2
2026-09-03 06:00:00,0.1316,0.1318,0.1309,0.131,449109.0
2026-09-03 06:05:00,0.131,0.1323,0.131,0.1321,812214.1
2026-09-03 06:10:00,0.1321,0.1361,0.1321,0.135,5377520.1
2026-09-03 06:15:00,0.1351,0.1351,0.1339,0.1344,1391090.6
2026-09-03 06:20:00,0.1344,0.1346,0.1337,0.1339,2227084.2
2026-09-03 06:25:00,0.1339,0.1342,0.1328,0.133,993653.7
2026-09-03 06:30:00,0.133,0.1334,0.1321,0.1323,1219831.5
2026-09-03 06:35:00,0.1322,0.1329,0.1315,0.1323,1299762.4
2026-09-03 06:40:00,0.1323,0.1329,0.132,0.1324,992987.2
2026-09-03 06:45:00,0.1324,0.1339,0.132,0.1336,930974.5
2026-09-03 06:50:00,0.1335,0.1352,0.1335,0.1349,1563542.0
2026-09-03 06:55:00,0.1349,0.1356,0.1343,0.1351,1512402.7
2026-09-03 07:00:00,0.135,0.1357,0.1347,0.1352,1245372.6
2026-09-03 07:05:00,0.1352,0.1355,0.1343,0.1354,1729751.3
2026-09-03 07:10:00,0.1354,0.1355,0.1333,0.1339,2555942.8
2026-09-03 07:15:00,0.1339,0.1347,0.1332,0.1345,973959.1
2026-09-03 07:20:00,0.1344,0.1345,0.1339,0.1341,520685.7
2026-09-03 07:25:00,0.1341,0.1344,0.1336,0.1338,1015490.8
2026-09-03 07:30:00,0.1338,0.1348,0.1336,0.1346,588742.5
2026-09-03 07:35:00,0.1346,0.1347,0.1334,0.134,656612.7
2026-09-03 07:40:00,0.134,0.1356,0.1339,0.1354,631498.8
2026-09-03 07:45:00,0.1354,0.1354,0.1345,0.1351,791364.9
2026-09-03 07:50:00,0.135,0.1352,0.1342,0.1347,767102.4
2026-09-03 07:55:00,0.1347,0.1379,0.1346,0.1374,4077929.4
2026-09-03 08:00:00,0.1373,0.1379,0.1368,0.1371,1683789.7
2026-09-03 08:05:00,0.1371,0.1394,0.137,0.1383,2970624.6
2026-09-03 08:10:00,0.1384,0.1392,0.1382,0.1384,1540830.4
2026-09-03 08:15:00,0.1385,0.1388,0.1371,0.1375,1290042.0
2026-09-03 08:20:00,0.1376,0.1376,0.1366,0.1366,1182098.1
2026-09-03 08:25:00,0.1366,0.1372,0.1365,0.137,970219.2
2026-09-03 08:30:00,0.1369,0.1373,0.1366,0.1367,930564.0
2026-09-03 08:35:00,0.1368,0.1381,0.1367,0.1368,1838223.4
2026-09-03 08:40:00,0.1367,0.1367,0.1356,0.1356,1049212.5
2026-09-03 08:45:00,0.1356,0.1368,0.1356,0.1361,1789963.1
2026-09-03 08:50:00,0.1362,0.1366,0.1348,0.1362,2813376.7
2026-09-03 08:55:00,0.1362,0.1365,0.1357,0.1359,1141282.6
2026-09-03 09:00:00,0.1358,0.1363,0.1355,0.1362,695077.7
2026-09-03 09:05:00,0.1363,0.1374,0.1361,0.1371,953363.4
2026-09-03 09:10:00,0.1371,0.1371,0.1365,0.1367,503323.5
2026-09-03 09:15:00,0.1366,0.1376,0.1359,0.1375,1594396.2
2026-09-03 09:20:00,0.1375,0.1385,0.1375,0.138,1311231.1
2026-09-03 09:25:00,0.138,0.1385,0.1373,0.1378,1058897.0
2026-09-03 09:30:00,0.1378,0.1383,0.1363,0.1373,1359906.3
2026-09-03 09:35:00,0.1373,0.1383,0.137,0.138,1675302.1
2026-09-03 09:40:00,0.138,0.139,0.137,0.139,2565152.3
2026-09-03 09:45:00,0.1391,0.1413,0.138,0.1381,4495929.1
2026-09-03 09:50:00,0.1381,0.1387,0.1372,0.1379,1595692.5
2026-09-03 09:55:00,0.1379,0.1387,0.1378,0.1382,344626.5
2026-09-03 10:00:00,0.1382,0.139,0.1376,0.1389,646779.4
2026-09-03 10:05:00,0.1389,0.1392,0.1382,0.1391,936736.5
2026-09-03 10:10:00,0.1391,0.1395,0.1385,0.1393,1404516.7
2026-09-03 10:15:00,0.1394,0.1399,0.1385,0.1396,1156170.0
2026-09-03 10:20:00,0.1396,0.1398,0.1389,0.139,625235.1
2026-09-03 10:25:00,0.139,0.1397,0.139,0.1394,965033.5
2026-09-03 10:30:00,0.1394,0.1394,0.1376,0.1384,1579850.1
2026-09-03 10:35:00,0.1384,0.1387,0.1344,0.135,7731624.2
2026-09-03 10:40:00,0.135,0.1369,0.1341,0.1361,3067230.8
2026-09-03 10:45:00,0.1361,0.1362,0.1347,0.1349,1193697.6
2026-09-03 10:50:00,0.1349,0.1358,0.1344,0.1355,620706.9
2026-09-03 10:55:00,0.1355,0.136,0.1352,0.1355,494542.3
2026-09-03 11:00:00,0.1354,0.1355,0.1347,0.1352,1182050.4
2026-09-03 11:05:00,0.1352,0.1359,0.1349,0.1352,1184795.0
2026-09-03 11:10:00,0.1353,0.1362,0.1351,0.1361,585526.4
2026-09-03 11:15:00,0.1362,0.138,0.1361,0.1372,1706654.5
2026-09-03 11:20:00,0.1373,0.1376,0.1361,0.1364,736960.7
2026-09-03 11:25:00,0.1365,0.1368,0.1347,0.1348,1523944.8
2026-09-03 11:30:00,0.1348,0.1355,0.1334,0.1349,2224400.4
2026-09-03 11:35:00,0.135,0.1355,0.1348,0.135,673821.8
2026-09-03 11:40:00,0.1351,0.1365,0.135,0.136,1474831.8
2026-09-03 11:45:00,0.136,0.1362,0.1353,0.1355,719777.0
2026-09-03 11:50:00,0.1355,0.136,0.1349,0.1351,1121425.7
2026-09-03 11:55:00,0.1352,0.136,0.1352,0.1359,373481.0
2026-09-03 12:00:00,0.1359,0.1359,0.1346,0.135,1043896.6
2026-09-03 12:05:00,0.1351,0.1361,0.135,0.1355,885187.2
2026-09-03 12:10:00,0.1355,0.1376,0.1354,0.1374,1620728.1
2026-09-03 12:15:00,0.1374,0.1376,0.1365,0.1365,1051794.7
2026-09-03 12:20:00,0.1366,0.137,0.1362,0.1365,447242.5
2026-09-03 12:25:00,0.1365,0.1365,0.1355,0.1357,987986.7
2026-09-03 12:30:00,0.1357,0.1371,0.1357,0.1364,1823993.5
2026-09-03 12:35:00,0.1364,0.1365,0.135,0.1352,901897.3
2026-09-03 12:40:00,0.1351,0.1356,0.1347,0.1351,666694.2
2026-09-03 12:45:00,0.135,0.1361,0.1347,0.1355,1382668.1
2026-09-03 12:50:00,0.1355,0.1358,0.135,0.1358,554510.8
2026-09-03 12:55:00,0.1357,0.1357,0.1348,0.135,1224926.6
2026-09-03 13:00:00,0.135,0.1354,0.1348,0.1351,469392.8
2026-09-03 13:05:00,0.1352,0.1352,0.1343,0.1349,857936.9
2026-09-03 13:10:00,0.1349,0.1366,0.1349,0.1364,894291.1
2026-09-03 13:15:00,0.1365,0.1366,0.1357,0.1358,985126.2
2026-09-03 13:20:00,0.1359,0.136,0.1355,0.1356,541097.5
2026-09-03 13:25:00,0.1355,0.1356,0.1336,0.1345,1241606.4
2026-09-03 13:30:00,0.1346,0.1349,0.1344,0.1345,631164.2
2026-09-03 13:35:00,0.1345,0.1346,0.1332,0.1336,1073418.7
2026-09-03 13:40:00,0.1336,0.1346,0.1334,0.1339,852659.3
2026-09-03 13:45:00,0.1339,0.1341,0.1326,0.1336,1531310.4
2026-09-03 13:50:00,0.1336,0.1336,0.1324,0.1329,1811560.9
2026-09-03 13:55:00,0.1329,0.1331,0.1325,0.1327,938064.7
2026-09-03 14:00:00,0.1326,0.133,0.1316,0.1317,2663161.3
2026-09-03 14:05:00,0.1318,0.1328,0.1317,0.1323,2260664.7
2026-09-03 14:10:00,0.1323,0.1332,0.1323,0.1332,1129298.8
2026-09-03 14:15:00,0.1333,0.1349,0.1328,0.1349,2231150.2
2026-09-03 14:20:00,0.1348,0.1354,0.1343,0.1353,2096322.2
2026-09-03 14:25:00,0.1353,0.1357,0.134,0.1343,1890987.9
2026-09-03 14:30:00,0.1343,0.1344,0.1331,0.1332,1931588.1
2026-09-03 14:35:00,0.1332,0.1339,0.1331,0.1334,1062316.7
2026-09-03 14:40:00,0.1333,0.1346,0.1333,0.1345,732501.1
2026-09-03 14:45:00,0.1344,0.1373,0.134,0.1362,3839435.4
2026-09-03 14:50:00,0.1361,0.1364,0.1326,0.1336,3761572.3
2026-09-03 14:55:00,0.1335,0.1339,0.1332,0.1338,1350970.7
2026-09-03 15:00:00,0.1339,0.1343,0.1324,0.1331,2735165.9
2026-09-03 15:05:00,0.133,0.1335,0.132,0.1323,908640.8
2026-09-03 15:10:00,0.1323,0.1325,0.1314,0.1321,1359528.2
2026-09-03 15:15:00,0.1322,0.133,0.1319,0.1319,850112.5
2026-09-03 15:20:00,0.1319,0.1327,0.1312,0.1317,2086788.1
2026-09-03 15:25:00,0.1318,0.1325,0.1315,0.1322,1504933.3
2026-09-03 15:30:00,0.1322,0.1328,0.1313,0.1322,1970197.8
2026-09-03 15:35:00,0.1321,0.1324,0.1316,0.132,1887951.1
2026-09-03 15:40:00,0.132,0.132,0.1303,0.1314,1961930.2
2026-09-03 15:45:00,0.1314,0.1317,0.1309,0.131,576209.4
2026-09-03 15:50:00,0.131,0.1323,0.1308,0.1322,976728.2
2026-09-03 15:55:00,0.1321,0.1327,0.1315,0.1322,2335778.5
2026-09-03 16:00:00,0.1321,0.1322,0.1311,0.1314,1482474.9
2026-09-03 16:05:00,0.1314,0.132,0.1312,0.1314,501568.1
2026-09-03 16:10:00,0.1315,0.1316,0.1305,0.1308,904842.8
2026-09-03 16:15:00,0.1308,0.1318,0.1298,0.1308,1897657.9
2026-09-03 16:20:00,0.1308,0.1314,0.1305,0.1313,1006873.9
2026-09-03 16:25:00,0.1314,0.1323,0.1309,0.1313,3225420.9
2026-09-03 16:30:00,0.1313,0.1317,0.1312,0.1316,440775.9
2026-09-03 16:35:00,0.1316,0.1317,0.1312,0.1314,422553.2
2026-09-03 16:40:00,0.1314,0.1319,0.1306,0.1306,830147.2
2026-09-03 16:45:00,0.1306,0.1311,0.1306,0.1309,480636.1
2026-09-03 16:50:00,0.1309,0.131,0.1305,0.1307,241124.1
2026-09-03 16:55:00,0.1307,0.1313,0.1306,0.131,334810.7
2026-09-03 17:00:00,0.1311,0.1321,0.1307,0.1318,1014375.8
2026-09-03 17:05:00,0.1318,0.1321,0.1314,0.1319,475838.5
2026-09-03 17:10:00,0.1318,0.1323,0.1318,0.132,751802.7
2026-09-03 17:15:00,0.132,0.1322,0.1312,0.1312,417612.8
2026-09-03 17:20:00,0.1312,0.1313,0.1307,0.131,632499.0
2026-09-03 17:25:00,0.1311,0.1312,0.1309,0.131,215718.2
2026-09-03 17:30:00,0.1309,0.1313,0.1307,0.1313,85927.1
2026-09-03 17:35:00,0.1312,0.1315,0.1311,0.1314,125290.0
2026-09-03 17:40:00,0.1315,0.1329,0.1315,0.1325,1090466.1
2026-09-03 17:45:00,0.1324,0.1327,0.1323,0.1324,601224.7
2026-09-03 17:50:00,0.1324,0.1327,0.132,0.1324,1286233.9
2026-09-03 17:55:00,0.1324,0.1333,0.1324,0.1328,1380369.7
2026-09-03 18:00:00,0.1329,0.1333,0.1324,0.1332,1973960.3
2026-09-03 18:05:00,0.1333,0.1348,0.133,0.1338,2990148.6
2026-09-03 18:10:00,0.1337,0.1355,0.1337,0.1345,1398720.8
2026-09-03 18:15:00,0.1344,0.1353,0.1343,0.135,894778.0
2026-09-03 18:20:00,0.135,0.1354,0.1347,0.1352,494126.9
2026-09-03 18:25:00,0.1352,0.1374,0.1352,0.1371,3810253.1
2026-09-03 18:30:00,0.137,0.1406,0.137,0.1388,6440082.4
2026-09-03 18:35:00,0.1388,0.1391,0.1374,0.1384,6017965.4
2026-09-03 18:40:00,0.1384,0.139,0.1376,0.1383,2402589.6
2026-09-03 18:45:00,0.1384,0.1442,0.1384,0.1429,7844625.3
2026-09-03 18:50:00,0.143,0.1437,0.1414,0.1427,5173542.2
2026-09-03 18:55:00,0.1428,0.145,0.1427,0.1447,5394883.9
2026-09-03 19:00:00,0.1447,0.1448,0.1429,0.1435,2421213.4
2026-09-03 19:05:00,0.1436,0.1438,0.1425,0.1429,3893454.1
2026-09-03 19:10:00,0.1429,0.1447,0.1429,0.1444,2722634.0
2026-09-03 19:15:00,0.1444,0.1444,0.1399,0.1421,4080636.7
2026-09-03 19:20:00,0.1421,0.1425,0.1413,0.1416,1405499.7
2026-09-03 19:25:00,0.1415,0.1422,0.1411,0.1417,1726844.7
2026-09-03 19:30:00,0.1417,0.1419,0.1393,0.14,1550423.4
2026-09-03 19:35:00,0.14,0.1404,0.1396,0.1402,996556.4
2026-09-03 19:40:00,0.1402,0.1411,0.1401,0.1406,1677090.2
2026-09-03 19:45:00,0.1405,0.1405,0.138,0.1387,1491494.4
2026-09-03 19:50:00,0.1388,0.1388,0.137,0.1373,1406003.4
2026-09-03 19:55:00,0.1373,0.139,0.137,0.1386,1034922.7
2026-09-03 20:00:00,0.1386,0.1397,0.1375,0.1381,2054055.8
2026-09-03 20:05:00,0.1382,0.1383,0.1377,0.1382,797836.3
2026-09-03 20:10:00,0.1382,0.1384,0.1368,0.1372,757307.8
2026-09-03 20:15:00,0.1372,0.138,0.1371,0.138,1011133.1
2026-09-03 20:20:00,0.138,0.1383,0.1371,0.1379,746254.2
2026-09-03 20:25:00,0.138,0.1392,0.1377,0.1385,468102.8
2026-09-03 20:30:00,0.1384,0.1384,0.1377,0.1379,334119.0
2026-09-03 20:35:00,0.1379,0.1399,0.1379,0.1397,1511039.3
2026-09-03 20:40:00,0.1397,0.1415,0.1396,0.1407,2975200.8
2026-09-03 20:45:00,0.1407,0.1419,0.1407,0.1416,1072392.1
2026-09-03 20:50:00,0.1417,0.1418,0.1394,0.1395,1970381.0
2026-09-03 20:55:00,0.1396,0.1407,0.1396,0.1405,657476.1
2026-09-03 21:00:00,0.1405,0.1415,0.1401,0.1405,1656331.1
2026-09-03 21:05:00,0.1405,0.1419,0.1404,0.1418,806899.9
2026-09-03 21:10:00,0.1418,0.1422,0.1412,0.1415,812504.7
2026-09-03 21:15:00,0.1415,0.1425,0.1414,0.1418,1038982.4
2026-09-03 21:20:00,0.1418,0.1421,0.1411,0.1415,754314.6
2026-09-03 21:25:00,0.1415,0.1418,0.141,0.1417,809209.1
2026-09-03 21:30:00,0.1416,0.1424,0.1414,0.1423,485672.7
2026-09-03 21:35:00,0.1422,0.1436,0.142,0.1428,1556632.4
2026-09-03 21:40:00,0.1428,0.1432,0.1423,0.1425,996222.9
2026-09-03 21:45:00,0.1426,0.1428,0.1415,0.1424,964780.4
2026-09-03 21:50:00,0.1424,0.144,0.1422,0.1427,1164856.7
2026-09-03 21:55:00,0.1427,0.1432,0.1387,0.1388,3203728.9
2026-09-03 22:00:00,0.1388,0.1393,0.1375,0.1384,2549236.1
2026-09-03 22:05:00,0.1385,0.1385,0.1368,0.1384,778902.2
2026-09-03 22:10:00,0.1383,0.139,0.1382,0.1388,1023749.8
2026-09-03 22:15:00,0.1388,0.1395,0.1384,0.1392,354974.4
2026-09-03 22:20:00,0.1393,0.1408,0.1393,0.1401,884053.6
2026-09-03 22:25:00,0.1401,0.1402,0.1397,0.1398,873970.2
2026-09-03 22:30:00,0.1398,0.14,0.1384,0.1392,861224.9
2026-09-03 22:35:00,0.1393,0.1413,0.1391,0.1403,1061376.2
2026-09-03 22:40:00,0.1404,0.1409,0.1395,0.1398,785174.1
2026-09-03 22:45:00,0.1398,0.1406,0.1398,0.14,291466.3
2026-09-03 22:50:00,0.14,0.1401,0.1389,0.1389,587002.3
2026-09-03 22:55:00,0.139,0.1392,0.1384,0.1387,723540.5
2026-09-03 23:00:00,0.1387,0.1394,0.1384,0.139,358296.1
2026-09-03 23:05:00,0.139,0.1392,0.1385,0.1386,289505.0
2026-09-03 23:10:00,0.1386,0.1393,0.1386,0.1393,412002.7
2026-09-03 23:15:00,0.1393,0.1393,0.1385,0.1389,697219.9
2026-09-03 23:20:00,0.1389,0.139,0.1386,0.1388,273948.0
2026-09-03 23:25:00,0.1387,0.1396,0.1387,0.1396,410765.6
2026-09-03 23:30:00,0.1395,0.1401,0.1393,0.1401,397329.1
2026-09-03 23:35:00,0.14,0.1416,0.14,0.1412,2112114.0
2026-09-03 23:40:00,0.1412,0.1413,0.14,0.1401,859455.8
2026-09-03 23:45:00,0.1401,0.1407,0.1397,0.1405,503486.6
2026-09-03 23:50:00,0.1405,0.1408,0.1399,0.1407,507375.1
2026-09-03 23:55:00,0.1407,0.1413,0.1407,0.141,433428.3
2026-09-04 00:00:00,0.141,0.1427,0.1407,0.1418,1413713.9
2026-09-04 00:05:00,0.1418,0.1423,0.1413,0.1416,659681.6
2026-09-04 00:10:00,0.1417,0.1422,0.1408,0.1414,498772.5
2026-09-04 00:15:00,0.1414,0.1429,0.1414,0.1416,1140399.0
2026-09-04 00:20:00,0.1417,0.1434,0.1417,0.1434,1388187.0
2026-09-04 00:25:00,0.1434,0.1455,0.143,0.1435,4168479.0
2026-09-04 00:30:00,0.1435,0.1447,0.1435,0.1437,1108105.1
2026-09-04 00:35:00,0.1437,0.1441,0.1427,0.1428,1348117.3
2026-09-04 00:40:00,0.1427,0.1437,0.1424,0.1436,613576.1
2026-09-04 00:45:00,0.1436,0.1459,0.1434,0.1454,4231687.8
2026-09-04 00:50:00,0.1454,0.1463,0.1448,0.1458,1200607.7
2026-09-04 00:55:00,0.1458,0.1461,0.1448,0.1454,1708020.5
2026-09-04 01:00:00,0.1454,0.1457,0.1442,0.1445,1290033.1
2026-09-04 01:05:00,0.1445,0.1459,0.1436,0.1456,1593022.7
2026-09-04 01:10:00,0.1457,0.1468,0.1442,0.1446,3126169.2
2026-09-04 01:15:00,0.1445,0.1446,0.1425,0.143,3582750.7
2026-09-04 01:20:00,0.143,0.1436,0.142,0.1422,965900.5
2026-09-04 01:25:00,0.1421,0.1422,0.1353,0.1362,8710936.7
2026-09-04 01:30:00,0.1362,0.1376,0.1359,0.1369,3223682.4
2026-09-04 01:35:00,0.137,0.1372,0.1356,0.1358,2360630.0
2026-09-04 01:40:00,0.1359,0.1362,0.1344,0.1355,7527058.7
2026-09-04 01:45:00,0.1355,0.1357,0.1347,0.1354,1633082.2
2026-09-04 01:50:00,0.1354,0.1371,0.135,0.137,1794717.7
2026-09-04 01:55:00,0.1369,0.1379,0.1366,0.1368,4464559.4
2026-09-04 02:00:00,0.1369,0.1378,0.1366,0.137,2336326.9
2026-09-04 02:05:00,0.137,0.1372,0.1366,0.1371,1488396.7
2026-09-04 02:10:00,0.1371,0.1379,0.137,0.1373,3530975.9
2026-09-04 02:15:00,0.1372,0.1373,0.1366,0.1367,5413952.0
2026-09-04 02:20:00,0.1368,0.1374,0.1361,0.1361,7110939.4
2026-09-04 02:25:00,0.1361,0.1365,0.1356,0.1359,2357196.3
2026-09-04 02:30:00,0.1359,0.1375,0.1359,0.1368,5732514.7
2026-09-04 02:35:00,0.1368,0.1371,0.1362,0.137,916260.0
2026-09-04 02:40:00,0.137,0.1375,0.1369,0.137,329402.6
2026-09-04 02:45:00,0.1371,0.1378,0.1366,0.1375,788917.5
2026-09-04 02:50:00,0.1374,0.1376,0.1372,0.1374,261477.1
2026-09-04 02:55:00,0.1374,0.1376,0.1369,0.1375,740663.3
2026-09-04 03:00:00,0.1376,0.1378,0.1371,0.1373,573496.5
2026-09-04 03:05:00,0.1373,0.1385,0.1372,0.1378,645045.2
2026-09-04 03:10:00,0.1377,0.1382,0.1372,0.1379,1145200.0
2026-09-04 03:15:00,0.1379,0.1381,0.1374,0.1375,219661.3
2026-09-04 03:20:00,0.1375,0.1377,0.1373,0.1377,354778.0
2026-09-04 03:25:00,0.1376,0.1376,0.1364,0.137,710864.3
2026-09-04 03:30:00,0.1371,0.1372,0.1368,0.1369,278942.2
2026-09-04 03:35:00,0.137,0.137,0.1365,0.1366,184725.6
2026-09-04 03:40:00,0.1367,0.1367,0.1361,0.1366,545503.6
2026-09-04 03:45:00,0.1365,0.1368,0.1365,0.1365,183798.9
2026-09-04 03:50:00,0.1365,0.1374,0.1364,0.1368,1107537.0
2026-09-04 03:55:00,0.1368,0.1373,0.1368,0.1368,589532.4
2026-09-04 04:00:00,0.1369,0.1375,0.1367,0.1369,368006.2
2026-09-04 04:05:00,0.137,0.1371,0.1361,0.1362,396414.3
2026-09-04 04:10:00,0.1363,0.1367,0.1359,0.1359,479420.1
2026-09-04 04:15:00,0.136,0.1361,0.1349,0.1356,2294926.2
2026-09-04 04:20:00,0.1357,0.136,0.1354,0.136,465115.4
2026-09-04 04:25:00,0.1359,0.1362,0.1356,0.136,303704.1
2026-09-04 04:30:00,0.136,0.1362,0.1358,0.136,238725.3
2026-09-04 04:35:00,0.1359,0.1359,0.1352,0.1353,164835.5
2026-09-04 04:40:00,0.1354,0.1355,0.1348,0.1353,785752.8
2026-09-04 04:45:00,0.1353,0.1354,0.1345,0.1346,670856.4
2026-09-04 04:50:00,0.1347,0.1351,0.1338,0.135,819016.3
2026-09-04 04:55:00,0.135,0.1355,0.135,0.1353,319443.5
2026-09-04 05:00:00,0.1353,0.1353,0.1346,0.1351,984965.0
2026-09-04 05:05:00,0.1352,0.1358,0.1351,0.1354,391080.3
2026-09-04 05:10:00,0.1355,0.1359,0.1352,0.1355,548373.3
2026-09-04 05:15:00,0.1356,0.1357,0.1353,0.1354,216273.4
2026-09-04 05:20:00,0.1354,0.1354,0.1351,0.1353,175770.7
2026-09-04 05:25:00,0.1353,0.1354,0.1352,0.1352,141545.6
2026-09-04 05:30:00,0.1352,0.1354,0.1348,0.1353,128197.5
2026-09-04 05:35:00,0.1354,0.1356,0.1348,0.1349,295155.3
2026-09-04 05:40:00,0.1349,0.1352,0.1349,0.1352,287905.7
2026-09-04 05:45:00,0.1352,0.1354,0.1347,0.1348,955572.0
2026-09-04 05:50:00,0.1349,0.1353,0.1348,0.135,499591.0
2026-09-04 05:55:00,0.135,0.1362,0.1349,0.136,311308.0
2026-09-04 06:00:00,0.136,0.1361,0.1352,0.1352,643265.0
2026-09-04 06:05:00,0.1352,0.1362,0.1352,0.1361,300795.4
2026-09-04 06:10:00,0.1362,0.1362,0.1355,0.1356,674351.5
2026-09-04 06:15:00,0.1356,0.1358,0.1351,0.1352,417071.2
2026-09-04 06:20:00,0.1351,0.1353,0.1347,0.1347,255235.7
2026-09-04 06:25:00,0.1347,0.1352,0.1342,0.1346,1208806.2
2026-09-04 06:30:00,0.1347,0.1356,0.1346,0.1354,282191.8
2026-09-04 06:35:00,0.1354,0.1354,0.135,0.1353,333459.1
2026-09-04 06:40:00,0.1352,0.1356,0.1352,0.1356,259763.5
2026-09-04 06:45:00,0.1356,0.1371,0.1356,0.1363,1462742.8
2026-09-04 06:50:00,0.1364,0.1366,0.1359,0.136,405140.2
2026-09-04 06:55:00,0.1359,0.1363,0.1359,0.1363,304185.6
2026-09-04 07:00:00,0.1363,0.1364,0.1359,0.1359,325227.6
2026-09-04 07:05:00,0.1359,0.1378,0.1359,0.1376,1118201.4
2026-09-04 07:10:00,0.1377,0.1378,0.1367,0.1368,748746.3
2026-09-04 07:15:00,0.1368,0.1369,0.1359,0.136,385125.1
2026-09-04 07:20:00,0.1361,0.1369,0.1361,0.1363,411410.5
2026-09-04 07:25:00,0.1363,0.1366,0.1361,0.1366,267150.8
2026-09-04 07:30:00,0.1367,0.138,0.1367,0.1373,936945.5
2026-09-04 07:35:00,0.1372,0.1375,0.137,0.1372,245295.8
2026-09-04 07:40:00,0.1373,0.1374,0.1368,0.137,183108.6
2026-09-04 07:45:00,0.137,0.1379,0.1368,0.1377,606930.4
2026-09-04 07:50:00,0.1377,0.1382,0.1376,0.1376,622153.1
2026-09-04 07:55:00,0.1377,0.1384,0.1376,0.1383,342589.3
2026-09-04 08:00:00,0.1383,0.1383,0.1372,0.1372,443867.3
2026-09-04 08:05:00,0.1373,0.1378,0.1371,0.1371,460853.7
2026-09-04 08:10:00,0.1372,0.1375,0.137,0.1374,292751.8
2026-09-04 08:15:00,0.1373,0.1377,0.1372,0.1375,238451.1
2026-09-04 08:20:00,0.1375,0.1376,0.1373,0.1375,269840.8
2026-09-04 08:25:00,0.1374,0.1381,0.1374,0.1377,276965.2
2026-09-04 08:30:00,0.1376,0.1386,0.1375,0.1378,747741.9
2026-09-04 08:35:00,0.1378,0.1383,0.1375,0.1376,598943.2
2026-09-04 08:40:00,0.1376,0.138,0.1375,0.1379,226970.0
2026-09-04 08:45:00,0.1378,0.1382,0.1373,0.1375,1200472.2
2026-09-04 08:50:00,0.1375,0.1378,0.1368,0.1375,636029.7
2026-09-04 08:55:00,0.1375,0.1376,0.1369,0.137,233269.6
2026-09-04 09:00:00,0.137,0.1378,0.1369,0.1378,428019.2
2026-09-04 09:05:00,0.1378,0.1382,0.1377,0.1378,407199.4
2026-09-04 09:10:00,0.1378,0.138,0.1373,0.1374,566130.3
2026-09-04 09:15:00,0.1375,0.1392,0.1375,0.139,1683766.7
2026-09-04 09:20:00,0.139,0.1421,0.1387,0.1404,4143102.0
2026-09-04 09:25:00,0.1405,0.1418,0.1405,0.1412,1401398.8
2026-09-04 09:30:00,0.1412,0.1416,0.1396,0.1407,1342741.8
2026-09-04 09:35:00,0.1407,0.1411,0.1401,0.1409,571990.9
2026-09-04 09:40:00,0.1409,0.1415,0.1402,0.1404,965049.2
2026-09-04 09:45:00,0.1404,0.1411,0.1404,0.1406,285141.8
2026-09-04 09:50:00,0.1407,0.141,0.1402,0.1408,432106.5
2026-09-04 09:55:00,0.1408,0.1409,0.1403,0.1404,292494.3
2026-09-04 10:00:00,0.1404,0.1407,0.1368,0.1372,4210495.8
2026-09-04 10:05:00,0.1373,0.1373,0.136,0.1361,1508603.3
2026-09-04 10:10:00,0.1361,0.1368,0.1361,0.1364,425042.0
2026-09-04 10:15:00,0.1364,0.1364,0.1353,0.1358,2133150.2
2026-09-04 10:20:00,0.1358,0.1364,0.1348,0.1361,2487170.3
2026-09-04 10:25:00,0.136,0.1365,0.1358,0.1365,547231.3
2026-09-04 10:30:00,0.1366,0.1373,0.1363,0.1366,737390.7
2026-09-04 10:35:00,0.1366,0.1372,0.1366,0.1368,633107.0
2026-09-04 10:40:00,0.1368,0.1368,0.1348,0.1356,1064981.9
2026-09-04 10:45:00,0.1356,0.1356,0.1349,0.1353,813278.2
2026-09-04 10:50:00,0.1353,0.136,0.1349,0.136,877584.1
2026-09-04 10:55:00,0.136,0.1369,0.1357,0.1365,634147.9
2026-09-04 11:00:00,0.1365,0.1366,0.1362,0.1362,268746.8
2026-09-04 11:05:00,0.1363,0.1369,0.136,0.136,642010.6
2026-09-04 11:10:00,0.136,0.136,0.1357,0.1357,278201.2
2026-09-04 11:15:00,0.1357,0.1362,0.1355,0.1359,341977.4
2026-09-04 11:20:00,0.136,0.1362,0.1357,0.1357,239729.5
2026-09-04 11:25:00,0.1357,0.1361,0.1357,0.1359,179533.0
2026-09-04 11:30:00,0.1359,0.136,0.1353,0.1357,340693.9
2026-09-04 11:35:00,0.1357,0.136,0.1352,0.1356,402417.0
2026-09-04 11:40:00,0.1357,0.1357,0.1345,0.1348,503880.1
2026-09-04 11:45:00,0.1349,0.1352,0.1339,0.1345,1051030.6
2026-09-04 11:50:00,0.1345,0.1349,0.1344,0.1345,273731.7
2026-09-04 11:55:00,0.1345,0.1345,0.1335,0.1343,712780.1
2026-09-04 12:00:00,0.1343,0.1343,0.133,0.1338,2723166.4
2026-09-04 12:05:00,0.1339,0.1343,0.1337,0.1341,184713.4
2026-09-04 12:10:00,0.134,0.1341,0.1337,0.1337,147835.3
2026-09-04 12:15:00,0.1338,0.1338,0.1323,0.1331,1306038.1
2026-09-04 12:20:00,0.1332,0.1338,0.1332,0.1338,474026.9
2026-09-04 12:25:00,0.1339,0.134,0.1333,0.1338,327417.0
2026-09-04 12:30:00,0.1337,0.1337,0.1307,0.1322,7022748.8
2026-09-04 12:35:00,0.1323,0.133,0.1322,0.133,1269280.5
2026-09-04 12:40:00,0.133,0.1332,0.1322,0.1324,702501.5
2026-09-04 12:45:00,0.1323,0.1324,0.1301,0.1306,5192433.7
2026-09-04 12:50:00,0.1306,0.1312,0.1301,0.1304,1789803.5
2026-09-04 12:55:00,0.1304,0.1305,0.1282,0.1289,20137967.7
2026-09-04 13:00:00,0.1289,0.1305,0.1284,0.1298,4111756.2
2026-09-04 13:05:00,0.1299,0.1312,0.1299,0.1302,1266135.0
2026-09-04 13:10:00,0.1302,0.1318,0.1302,0.131,2431895.2
2026-09-04 13:15:00,0.131,0.1324,0.131,0.1318,1116649.2
2026-09-04 13:20:00,0.1319,0.1335,0.1319,0.1333,1332144.9
2026-09-04 13:25:00,0.1333,0.1337,0.1326,0.1328,1163296.9
2026-09-04 13:30:00,0.1328,0.1339,0.1325,0.133,1373052.1
2026-09-04 13:35:00,0.133,0.1339,0.1324,0.1332,1126185.6
2026-09-04 13:40:00,0.1333,0.1342,0.1333,0.134,1461284.6
2026-09-04 13:45:00,0.134,0.1368,0.134,0.1363,3912871.2
2026-09-04 13:50:00,0.1363,0.1363,0.1351,0.1352,1427511.9
2026-09-04 13:55:00,0.1352,0.1355,0.1345,0.1353,885539.2
2026-09-04 14:00:00,0.1354,0.1357,0.1347,0.1348,450398.1
2026-09-04 14:05:00,0.1349,0.1352,0.1347,0.1347,553143.3
2026-09-04 14:10:00,0.1348,0.1353,0.1344,0.1352,845771.6
2026-09-04 14:15:00,0.1352,0.1355,0.135,0.1353,276546.9
2026-09-04 14:20:00,0.1352,0.1355,0.1341,0.1352,1808675.3
2026-09-04 14:25:00,0.1352,0.1358,0.135,0.1354,463162.1
2026-09-04 14:30:00,0.1354,0.1356,0.135,0.1354,487489.5
2026-09-04 14:35:00,0.1355,0.1357,0.1351,0.1355,537034.7
2026-09-04 14:40:00,0.1356,0.1357,0.1335,0.1338,891889.0
2026-09-04 14:45:00,0.1339,0.1342,0.1312,0.1313,2123140.7
2026-09-04 14:50:00,0.1313,0.1325,0.1309,0.1321,3514076.0
2026-09-04 14:55:00,0.1322,0.1328,0.1319,0.132,695814.8
2026-09-04 15:00:00,0.132,0.1335,0.132,0.1334,692475.8
2026-09-04 15:05:00,0.1334,0.1343,0.1333,0.1342,770457.2
2026-09-04 15:10:00,0.1342,0.1346,0.1337,0.134,655077.8
2026-09-04 15:15:00,0.134,0.134,0.1332,0.1335,212505.3
2026-09-04 15:20:00,0.1335,0.1337,0.1331,0.1332,407699.0
2026-09-04 15:25:00,0.1333,0.1338,0.1331,0.1336,269329.3
2026-09-04 15:30:00,0.1336,0.1341,0.1335,0.1337,257239.5
2026-09-04 15:35:00,0.1338,0.1341,0.1334,0.1335,173838.7
2026-09-04 15:40:00,0.1336,0.1351,0.1336,0.135,700252.8
2026-09-04 15:45:00,0.1349,0.1359,0.1344,0.1347,1281546.6
2026-09-04 15:50:00,0.1346,0.135,0.1342,0.1344,423413.5
2026-09-04 15:55:00,0.1345,0.1349,0.1344,0.1346,173403.0
2026-09-04 16:00:00,0.1346,0.1353,0.1346,0.135,212087.4
2026-09-04 16:05:00,0.1351,0.1355,0.135,0.1351,254462.1
2026-09-04 16:10:00,0.1351,0.1354,0.1347,0.1347,640361.0
2026-09-04 16:15:00,0.1347,0.136,0.1341,0.1359,388199.2
2026-09-04 16:20:00,0.1358,0.1363,0.1354,0.1358,406848.2
2026-09-04 16:25:00,0.1357,0.1357,0.1351,0.1352,326271.2
2026-09-04 16:30:00,0.1352,0.1353,0.1344,0.1348,586144.3
2026-09-04 16:35:00,0.1348,0.1348,0.1345,0.1347,211700.6
2026-09-04 16:40:00,0.1348,0.135,0.1345,0.1347,206501.5
2026-09-04 16:45:00,0.1347,0.1354,0.1346,0.135,271642.9
2026-09-04 16:50:00,0.135,0.135,0.134,0.1342,256348.2
2026-09-04 16:55:00,0.1341,0.1342,0.1337,0.1339,359841.0
2026-09-04 17:00:00,0.134,0.1342,0.1339,0.134,147160.9
2026-09-04 17:05:00,0.1341,0.1346,0.134,0.1344,160005.8
2026-09-04 17:10:00,0.1344,0.1344,0.1339,0.1339,53072.7
2026-09-04 17:15:00,0.1339,0.1339,0.1332,0.1337,312459.3
2026-09-04 17:20:00,0.1337,0.134,0.1335,0.1335,239227.0
2026-09-04 17:25:00,0.1336,0.1339,0.1334,0.1335,184267.5
2026-09-04 17:30:00,0.1335,0.134,0.1335,0.1339,184362.2
2026-09-04 17:35:00,0.1339,0.1339,0.1336,0.1336,164303.5
2026-09-04 17:40:00,0.1335,0.1335,0.1331,0.1332,417354.8
2026-09-04 17:45:00,0.1331,0.1334,0.1325,0.1325,677446.1
2026-09-04 17:50:00,0.1326,0.1329,0.1316,0.1321,638276.5
2026-09-04 17:55:00,0.1321,0.1321,0.1312,0.132,648757.5
2026-09-04 18:00:00,0.132,0.1321,0.1314,0.1319,638327.6
2026-09-04 18:05:00,0.132,0.1322,0.1319,0.1321,317707.0
2026-09-04 18:10:00,0.132,0.1321,0.131,0.1311,558871.7
2026-09-04 18:15:00,0.1312,0.1315,0.1312,0.1314,182142.4
2026-09-04 18:20:00,0.1314,0.1319,0.1314,0.1318,445507.4
2026-09-04 18:25:00,0.1317,0.1318,0.1314,0.1315,60718.1
2026-09-04 18:30:00,0.1314,0.1319,0.1313,0.1318,353025.8
2026-09-04 18:35:00,0.1317,0.1317,0.1314,0.1315,506618.6
2026-09-04 18:40:00,0.1315,0.1317,0.1315,0.1316,109859.9
2026-09-04 18:45:00,0.1316,0.1316,0.1312,0.1312,124004.8
2026-09-04 18:50:00,0.1311,0.1315,0.1311,0.1313,138374.2
2026-09-04 18:55:00,0.1313,0.1316,0.1312,0.1314,217761.6
2026-09-04 19:00:00,0.1314,0.1321,0.1314,0.1319,217827.9
2026-09-04 19:05:00,0.132,0.1326,0.132,0.132,573974.3
2026-09-04 19:10:00,0.132,0.1328,0.1318,0.1324,578529.3
2026-09-04 19:15:00,0.1324,0.1331,0.1323,0.1324,990365.2
2026-09-04 19:20:00,0.1324,0.1327,0.1323,0.1326,442988.6
2026-09-04 19:25:00,0.1326,0.1328,0.1324,0.1328,61015.2
2026-09-04 19:30:00,0.1327,0.1327,0.1322,0.1326,158738.0
2026-09-04 19:35:00,0.1327,0.1327,0.1321,0.1321,78310.6
2026-09-04 19:40:00,0.1321,0.1325,0.1319,0.132,320660.3
2026-09-04 19:45:00,0.132,0.1324,0.1317,0.1322,174044.0
2026-09-04 19:50:00,0.1323,0.1324,0.1318,0.1318,169287.2
2026-09-04 19:55:00,0.1318,0.1319,0.1316,0.1317,384990.3
2026-09-04 20:00:00,0.1317,0.1318,0.1313,0.1315,496139.5
2026-09-04 20:05:00,0.1315,0.1315,0.1313,0.1314,169773.1
2026-09-04 20:10:00,0.1315,0.1315,0.1308,0.1309,315397.7
2026-09-04 20:15:00,0.1309,0.1312,0.1308,0.131,189706.2
2026-09-04 20:20:00,0.131,0.1315,0.1308,0.1313,1060216.3
2026-09-04 20:25:00,0.1313,0.1316,0.1311,0.1312,353964.2
2026-09-04 20:30:00,0.1313,0.1315,0.131,0.1311,282982.5
2026-09-04 20:35:00,0.131,0.1311,0.1309,0.131,129454.1
2026-09-04 20:40:00,0.131,0.131,0.1307,0.131,287739.0
2026-09-04 20:45:00,0.1309,0.1318,0.1308,0.1317,249693.9
2026-09-04 20:50:00,0.1316,0.132,0.1316,0.1317,176924.8
2026-09-04 20:55:00,0.1317,0.1319,0.1315,0.1316,80594.8
2026-09-04 21:00:00,0.1316,0.1318,0.1314,0.1315,220347.6
2026-09-04 21:05:00,0.1315,0.1319,0.1314,0.1317,288175.1
2026-09-04 21:10:00,0.1318,0.1325,0.1317,0.132,535618.3
2026-09-04 21:15:00,0.1321,0.1322,0.1319,0.132,17160.1
2026-09-04 21:20:00,0.1321,0.1321,0.1319,0.1321,44677.7
2026-09-04 21:25:00,0.1321,0.1323,0.1316,0.1318,124738.4
2026-09-04 21:30:00,0.1317,0.1319,0.1315,0.1317,182185.4
2026-09-04 21:35:00,0.1318,0.1321,0.1317,0.1318,28514.2
2026-09-04 21:40:00,0.1319,0.1328,0.1319,0.1327,230459.4
2026-09-04 21:45:00,0.1327,0.1327,0.1319,0.1319,99298.5
2026-09-04 21:50:00,0.132,0.1322,0.1315,0.132,197673.2
2026-09-04 21:55:00,0.132,0.1325,0.1308,0.131,544342.3
2026-09-04 22:00:00,0.131,0.1313,0.1306,0.1308,211583.6
2026-09-04 22:05:00,0.1307,0.1308,0.1302,0.1305,398052.7
2026-09-04 22:10:00,0.1306,0.1308,0.1304,0.1305,272824.8
2026-09-04 22:15:00,0.1306,0.1306,0.1303,0.1303,262621.7
2026-09-04 22:20:00,0.1303,0.1316,0.1302,0.1309,965988.1
2026-09-04 22:25:00,0.1309,0.131,0.1307,0.1308,180082.9
2026-09-04 22:30:00,0.1307,0.1307,0.1302,0.1303,465672.5
2026-09-04 22:35:00,0.1304,0.1306,0.1302,0.1303,137619.6
2026-09-04 22:40:00,0.1302,0.1307,0.1302,0.1305,126945.5
2026-09-04 22:45:00,0.1305,0.1306,0.1297,0.1298,676124.4
2026-09-04 22:50:00,0.1298,0.1299,0.1291,0.1297,1056251.3
2026-09-04 22:55:00,0.1298,0.13,0.1295,0.1297,271068.4
2026-09-04 23:00:00,0.1296,0.1303,0.1295,0.1302,150047.2
2026-09-04 23:05:00,0.1303,0.1309,0.1303,0.1305,173273.9
2026-09-04 23:10:00,0.1305,0.1316,0.1305,0.1315,545980.1
2026-09-04 23:15:00,0.1315,0.1321,0.1315,0.1317,325302.7
2026-09-04 23:20:00,0.1317,0.1322,0.1316,0.1322,153682.1
2026-09-04 23:25:00,0.1321,0.1322,0.1317,0.1317,176639.3
2026-09-04 23:30:00,0.1317,0.1318,0.1315,0.1317,174641.8
2026-09-04 23:35:00,0.1317,0.132,0.1315,0.1317,109869.4
2026-09-04 23:40:00,0.1317,0.1319,0.1315,0.1316,82199.4
2026-09-04 23:45:00,0.1317,0.1317,0.1312,0.1313,109848.5
2026-09-04 23:50:00,0.1312,0.1316,0.1312,0.1316,72829.4
2026-09-04 23:55:00,0.1316,0.1321,0.1313,0.1319,331131.8
2026-09-05 00:00:00,0.1318,0.1321,0.1313,0.1317,702675.9
2026-09-05 00:05:00,0.1317,0.1321,0.1315,0.1321,877862.9
2026-09-05 00:10:00,0.1321,0.134,0.1319,0.132,1843379.8
2026-09-05 00:15:00,0.132,0.1321,0.1315,0.1316,193584.8
2026-09-05 00:20:00,0.1316,0.1319,0.1316,0.1317,178828.9
2026-09-05 00:25:00,0.1317,0.1322,0.1316,0.1318,192609.6
2026-09-05 00:30:00,0.1318,0.1319,0.1308,0.1309,306879.7
2026-09-05 00:35:00,0.1309,0.1312,0.1307,0.1307,144827.0
2026-09-05 00:40:00,0.1308,0.1316,0.1307,0.1315,92509.4
2026-09-05 00:45:00,0.1315,0.1317,0.1311,0.1312,162179.5
2026-09-05 00:50:00,0.1313,0.1315,0.1312,0.1313,364562.1
2026-09-05 00:55:00,0.1313,0.1315,0.1311,0.1312,98470.3
2026-09-05 01:00:00,0.1312,0.1321,0.1312,0.132,182193.6
2026-09-05 01:05:00,0.1321,0.1325,0.132,0.1325,129427.8
2026-09-05 01:10:00,0.1324,0.1326,0.1317,0.1317,697515.5
2026-09-05 01:15:00,0.1317,0.1321,0.1315,0.1315,95879.4
2026-09-05 01:20:00,0.1315,0.1317,0.1313,0.1317,89184.3
2026-09-05 01:25:00,0.1317,0.1318,0.1311,0.1314,703828.9
2026-09-05 01:30:00,0.1314,0.132,0.1313,0.1317,229788.7
2026-09-05 01:35:00,0.1317,0.1326,0.1315,0.1321,252631.7
2026-09-05 01:40:00,0.132,0.1321,0.1317,0.1318,240566.7
2026-09-05 01:45:00,0.1318,0.1319,0.1317,0.1319,575457.4
2026-09-05 01:50:00,0.1319,0.1321,0.1318,0.1319,122726.0
2026-09-05 01:55:00,0.1319,0.1322,0.1316,0.1319,223728.8
2026-09-05 02:00:00,0.132,0.132,0.1315,0.1316,163384.5
2026-09-05 02:05:00,0.1316,0.1326,0.1316,0.132,1272338.7
2026-09-05 02:10:00,0.132,0.132,0.1303,0.1303,836990.5
2026-09-05 02:15:00,0.1304,0.1308,0.1303,0.1305,290668.3
2026-09-05 02:20:00,0.1306,0.1315,0.1305,0.1312,451155.7
2026-09-05 02:25:00,0.1312,0.1314,0.131,0.1313,83398.9
2026-09-05 02:30:00,0.1313,0.1318,0.1313,0.1315,144125.3
2026-09-05 02:35:00,0.1314,0.132,0.1314,0.1319,216388.5
2026-09-05 02:40:00,0.1319,0.132,0.1314,0.1314,111450.5
2026-09-05 02:45:00,0.1314,0.1318,0.1313,0.1317,93996.9
2026-09-05 02:50:00,0.1318,0.1319,0.1312,0.1313,342798.2
2026-09-05 02:55:00,0.1314,0.1322,0.1314,0.1321,374461.5
2026-09-05 03:00:00,0.1321,0.1321,0.1316,0.1317,225922.8
2026-09-05 03:05:00,0.1318,0.1318,0.1313,0.1314,263874.2
2026-09-05 03:10:00,0.1314,0.1317,0.1313,0.1316,213345.1
2026-09-05 03:15:00,0.1316,0.1317,0.1311,0.1311,132421.8
2026-09-05 03:20:00,0.1311,0.1318,0.131,0.1318,337936.1
2026-09-05 03:25:00,0.1319,0.1321,0.1318,0.132,98968.6
2026-09-05 03:30:00,0.132,0.1321,0.1316,0.1317,67867.0
2026-09-05 03:35:00,0.1318,0.1336,0.1317,0.1325,1433230.1
2026-09-05 03:40:00,0.1324,0.1327,0.1322,0.1323,337993.0
2026-09-05 03:45:00,0.1323,0.1325,0.1315,0.1316,366223.4
2026-09-05 03:50:00,0.1315,0.1318,0.1315,0.1316,91967.8
2026-09-05 03:55:00,0.1316,0.1317,0.1313,0.1315,88700.3
2026-09-05 04:00:00,0.1315,0.1316,0.1314,0.1315,45265.0
2026-09-05 04:05:00,0.1316,0.1318,0.1311,0.1311,81911.6
2026-09-05 04:10:00,0.1311,0.1313,0.1309,0.1312,223938.2
2026-09-05 04:15:00,0.1312,0.1312,0.1302,0.1306,340508.6
2026-09-05 04:20:00,0.1307,0.1309,0.1304,0.1308,267709.3
2026-09-05 04:25:00,0.1308,0.1317,0.1306,0.1316,174722.8
2026-09-05 04:30:00,0.1316,0.1318,0.1312,0.1313,272206.6
2026-09-05 04:35:00,0.1312,0.1313,0.1311,0.1312,59907.0
2026-09-05 04:40:00,0.1312,0.1312,0.131,0.131,74907.3
2026-09-05 04:45:00,0.131,0.1311,0.1306,0.1308,104084.2
2026-09-05 04:50:00,0.1307,0.1308,0.1304,0.1307,91936.7
2026-09-05 04:55:00,0.1307,0.1307,0.1302,0.1304,193865.8
2026-09-05 05:00:00,0.1304,0.1305,0.1296,0.1301,820543.7
2026-09-05 05:05:00,0.1301,0.1306,0.1301,0.1304,310921.4
2026-09-05 05:10:00,0.1304,0.131,0.1303,0.1309,231505.3
2026-09-05 05:15:00,0.1309,0.1309,0.1304,0.1305,328498.3
2026-09-05 05:20:00,0.1305,0.1306,0.1302,0.1304,105331.7
2026-09-05 05:25:00,0.1304,0.1306,0.1303,0.1305,200522.2
2026-09-05 05:30:00,0.1305,0.1307,0.1304,0.1305,121330.8
2026-09-05 05:35:00,0.1306,0.1306,0.1304,0.1304,240946.3
2026-09-05 05:40:00,0.1304,0.1307,0.1304,0.1305,250842.4
2026-09-05 05:45:00,0.1305,0.1305,0.1301,0.1302,171707.5
2026-09-05 05:50:00,0.1301,0.1306,0.13,0.1306,425685.7
2026-09-05 05:55:00,0.1307,0.1311,0.1306,0.1307,375822.6
2026-09-05 06:00:00,0.1307,0.1307,0.1302,0.1303,136872.5
2026-09-05 06:05:00,0.1304,0.1306,0.1297,0.1299,482818.7
2026-09-05 06:10:00,0.1299,0.1302,0.1299,0.13,1055999.8
2026-09-05 06:15:00,0.13,0.13,0.1289,0.1299,556611.3
2026-09-05 06:20:00,0.13,0.1305,0.13,0.1305,414603.9
2026-09-05 06:25:00,0.1306,0.1318,0.1306,0.1314,4214833.4
2026-09-05 06:30:00,0.1315,0.1315,0.1309,0.131,418978.3
2026-09-05 06:35:00,0.1311,0.1311,0.1307,0.1311,211378.8
2026-09-05 06:40:00,0.131,0.1312,0.1309,0.1309,94367.0
2026-09-05 06:45:00,0.1308,0.1316,0.1308,0.131,310463.5
2026-09-05 06:50:00,0.1311,0.1327,0.131,0.1327,1081030.8
2026-09-05 06:55:00,0.1328,0.1343,0.1328,0.1337,1947299.8
2026-09-05 07:00:00,0.1338,0.1346,0.1333,0.1335,534964.3
2026-09-05 07:05:00,0.1336,0.1336,0.1328,0.133,649629.3
2026-09-05 07:10:00,0.133,0.1331,0.1327,0.133,266317.4
2026-09-05 07:15:00,0.133,0.1331,0.1329,0.133,315500.5
2026-09-05 07:20:00,0.133,0.1335,0.1329,0.1334,540861.1
2026-09-05 07:25:00,0.1334,0.1337,0.1332,0.1335,347336.8
2026-09-05 07:30:00,0.1335,0.1339,0.1334,0.1335,177410.6
2026-09-05 07:35:00,0.1335,0.1352,0.1332,0.135,1460015.9
2026-09-05 07:40:00,0.1349,0.1349,0.1337,0.1337,416810.0
2026-09-05 07:45:00,0.1337,0.138,0.1332,0.1333,9169489.5
2026-09-05 07:50:00,0.1333,0.1336,0.1332,0.1333,787009.2
2026-09-05 07:55:00,0.1333,0.1336,0.1328,0.1335,937810.6
2026-09-05 08:00:00,0.1334,0.134,0.1328,0.1332,1262264.3
2026-09-05 08:05:00,0.1333,0.1333,0.1325,0.1331,796324.8
2026-09-05 08:10:00,0.1331,0.1333,0.1328,0.133,686117.8
2026-09-05 08:15:00,0.133,0.1336,0.1328,0.1328,1164571.2
2026-09-05 08:20:00,0.1328,0.1331,0.1328,0.133,279464.4
2026-09-05 08:25:00,0.133,0.133,0.1318,0.1324,1241060.0
2026-09-05 08:30:00,0.1324,0.1326,0.1322,0.1325,178831.7
2026-09-05 08:35:00,0.1325,0.1326,0.1324,0.1325,47978.6
2026-09-05 08:40:00,0.1325,0.1326,0.1323,0.1323,67463.2
2026-09-05 08:45:00,0.1324,0.1327,0.132,0.1321,312484.6
2026-09-05 08:50:00,0.1321,0.1323,0.1317,0.1321,520675.0
2026-09-05 08:55:00,0.1321,0.1322,0.1318,0.132,112812.6
2026-09-05 09:00:00,0.132,0.1324,0.1319,0.1319,354356.2
2026-09-05 09:05:00,0.132,0.1323,0.132,0.1322,287347.6
2026-09-05 09:10:00,0.1321,0.1322,0.132,0.132,120221.7
2026-09-05 09:15:00,0.1319,0.1321,0.1319,0.1319,104837.3
2026-09-05 09:20:00,0.132,0.132,0.1312,0.1317,600817.3
2026-09-05 09:25:00,0.1317,0.1317,0.1314,0.1315,229598.2
2026-09-05 09:30:00,0.1316,0.1342,0.1316,0.134,1275691.0
2026-09-05 09:35:00,0.1339,0.1367,0.1336,0.1366,3341045.7
2026-09-05 09:40:00,0.1366,0.1371,0.1347,0.1361,2996446.5
2026-09-05 09:45:00,0.136,0.137,0.1357,0.136,1137447.3
2026-09-05 09:50:00,0.136,0.1368,0.1355,0.1364,745084.4
2026-09-05 09:55:00,0.1364,0.1365,0.1357,0.1358,653531.6
2026-09-05 10:00:00,0.1358,0.1363,0.1354,0.1356,562718.8
2026-09-05 10:05:00,0.1357,0.136,0.1353,0.1355,475652.3
2026-09-05 10:10:00,0.1356,0.1364,0.1351,0.1351,401146.5
2026-09-05 10:15:00,0.1352,0.1359,0.134,0.1357,1606796.6
2026-09-05 10:20:00,0.1357,0.1362,0.1356,0.1357,271752.2
2026-09-05 10:25:00,0.1357,0.1358,0.1342,0.1345,523198.1
2026-09-05 10:30:00,0.1345,0.135,0.1344,0.1349,130053.2
2026-09-05 10:35:00,0.1348,0.135,0.1336,0.1337,332040.4
2026-09-05 10:40:00,0.1337,0.1343,0.1336,0.134,207096.4
2026-09-05 10:45:00,0.134,0.1344,0.1338,0.1339,479870.8
2026-09-05 10:50:00,0.1339,0.134,0.1334,0.1336,508387.5
2026-09-05 10:55:00,0.1336,0.134,0.1335,0.1338,230990.4
2026-09-05 11:00:00,0.1337,0.1338,0.1334,0.1337,224344.1
2026-09-05 11:05:00,0.1338,0.1341,0.1337,0.134,151951.6
2026-09-05 11:10:00,0.1339,0.1341,0.1335,0.1336,174358.5
2026-09-05 11:15:00,0.1336,0.1341,0.1333,0.1339,449132.4
2026-09-05 11:20:00,0.1339,0.1345,0.1338,0.1339,200737.3
2026-09-05 11:25:00,0.1339,0.1342,0.1336,0.1341,89484.9
2026-09-05 11:30:00,0.1341,0.1341,0.1336,0.1337,215531.1
2026-09-05 11:35:00,0.1337,0.134,0.1335,0.1337,127034.4
2026-09-05 11:40:00,0.1336,0.1338,0.1333,0.1334,355239.8
2026-09-05 11:45:00,0.1334,0.1334,0.1331,0.1331,216127.1
2026-09-05 11:50:00,0.1331,0.1331,0.132,0.1324,635654.8
2026-09-05 11:55:00,0.1325,0.1329,0.1314,0.1321,1037892.1
2026-09-05 12:00:00,0.1322,0.1325,0.132,0.1325,164595.7
2026-09-05 12:05:00,0.1325,0.1328,0.1322,0.1328,149054.5
2026-09-05 12:10:00,0.1329,0.133,0.1325,0.1328,74395.8
2026-09-05 12:15:00,0.1328,0.1329,0.1326,0.1328,123660.4
2026-09-05 12:20:00,0.1328,0.133,0.1327,0.1328,188080.4
2026-09-05 12:25:00,0.1327,0.1329,0.1326,0.1327,97461.2
2026-09-05 12:30:00,0.1326,0.1335,0.1326,0.1334,305706.8
2026-09-05 12:35:00,0.1334,0.1339,0.1333,0.1338,351272.0
2026-09-05 12:40:00,0.1338,0.1338,0.1334,0.1335,182620.1
2026-09-05 12:45:00,0.1335,0.1337,0.1333,0.1336,155924.6
2026-09-05 12:50:00,0.1336,0.1339,0.1333,0.1337,201393.9
2026-09-05 12:55:00,0.1338,0.1347,0.1338,0.1345,452705.8
2026-09-05 13:00:00,0.1345,0.1357,0.1345,0.1348,1000419.1
2026-09-05 13:05:00,0.1348,0.1349,0.1344,0.1347,305760.5
2026-09-05 13:10:00,0.1347,0.1347,0.1328,0.1339,1391383.1
2026-09-05 13:15:00,0.1339,0.1341,0.1336,0.134,485637.4
2026-09-05 13:20:00,0.134,0.1343,0.1339,0.1339,159548.9
2026-09-05 13:25:00,0.1339,0.1339,0.1336,0.1337,110051.7
2026-09-05 13:30:00,0.1337,0.1338,0.1333,0.1334,134520.7
2026-09-05 13:35:00,0.1334,0.1334,0.1327,0.1332,399576.6
2026-09-05 13:40:00,0.1331,0.1334,0.1327,0.1331,167250.0
2026-09-05 13:45:00,0.1331,0.1334,0.1331,0.1332,170635.9
2026-09-05 13:50:00,0.1332,0.1332,0.1328,0.1331,230520.5
2026-09-05 13:55:00,0.1331,0.1332,0.1329,0.1332,176433.5
2026-09-05 14:00:00,0.1332,0.1338,0.1331,0.1335,197376.3
2026-09-05 14:05:00,0.1335,0.1341,0.1335,0.1339,580376.7
2026-09-05 14:10:00,0.134,0.1342,0.1339,0.1339,96595.1
2026-09-05 14:15:00,0.1338,0.1339,0.1336,0.1338,170432.0
2026-09-05 14:20:00,0.1338,0.1344,0.1338,0.1343,291315.6
2026-09-05 14:25:00,0.1344,0.1353,0.134,0.1345,786351.1
2026-09-05 14:30:00,0.1346,0.1354,0.1346,0.1351,140406.7
2026-09-05 14:35:00,0.1351,0.1358,0.135,0.1356,195596.3
2026-09-05 14:40:00,0.1356,0.1357,0.1348,0.1349,391760.3
2026-09-05 14:45:00,0.1349,0.1351,0.1346,0.1348,307967.0
2026-09-05 14:50:00,0.1348,0.1349,0.1346,0.1346,224554.1
2026-09-05 14:55:00,0.1345,0.1347,0.1344,0.1345,80745.5
2026-09-05 15:00:00,0.1345,0.1349,0.1333,0.1336,661820.2
2026-09-05 15:05:00,0.1337,0.1339,0.1334,0.1336,154687.5
2026-09-05 15:10:00,0.1337,0.1337,0.1331,0.1333,440805.8
2026-09-05 15:15:00,0.1333,0.1334,0.133,0.1332,165084.3
2026-09-05 15:20:00,0.1332,0.1334,0.1326,0.1327,837969.4
2026-09-05 15:25:00,0.1327,0.1328,0.1325,0.1327,197359.9
2026-09-05 15:30:00,0.1327,0.1328,0.1319,0.1323,580796.9
2026-09-05 15:35:00,0.1324,0.1328,0.1321,0.1328,264058.0
2026-09-05 15:40:00,0.1327,0.1328,0.1325,0.1327,92417.2
2026-09-05 15:45:00,0.1327,0.1329,0.1322,0.1325,352227.4
2026-09-05 15:50:00,0.1325,0.1327,0.1323,0.1326,189153.9
2026-09-05 15:55:00,0.1325,0.1328,0.1325,0.1326,242168.1
2026-09-05 16:00:00,0.1326,0.1332,0.1324,0.1332,257414.9
2026-09-05 16:05:00,0.1331,0.1338,0.1331,0.1336,176976.3
2026-09-05 16:10:00,0.1336,0.1344,0.1336,0.134,526955.2
2026-09-05 16:15:00,0.134,0.134,0.1333,0.1334,296420.8
2026-09-05 16:20:00,0.1335,0.1336,0.1331,0.1336,344561.1
2026-09-05 16:25:00,0.1336,0.1339,0.1334,0.1337,433534.5
2026-09-05 16:30:00,0.1337,0.1365,0.1337,0.1363,1843343.0
2026-09-05 16:35:00,0.1363,0.1363,0.1354,0.1358,871092.9
2026-09-05 16:40:00,0.1359,0.1363,0.1355,0.1358,590285.1
2026-09-05 16:45:00,0.1359,0.1364,0.1356,0.1357,593099.9
2026-09-05 16:50:00,0.1357,0.1361,0.1355,0.136,302915.8
2026-09-05 16:55:00,0.1361,0.1365,0.1354,0.1355,1242575.0
2026-09-05 17:00:00,0.1356,0.1394,0.1343,0.1352,19056134.4
2026-09-05 17:05:00,0.1352,0.1357,0.1344,0.1346,1229858.9
2026-09-05 17:10:00,0.1346,0.1352,0.1344,0.1345,748868.6
2026-09-05 17:15:00,0.1345,0.1352,0.1344,0.135,875028.5
2026-09-05 17:20:00,0.135,0.1351,0.1344,0.1344,630851.5
2026-09-05 17:25:00,0.1345,0.1362,0.1344,0.1361,958396.4
2026-09-05 17:30:00,0.1361,0.1365,0.1359,0.136,1346342.2
2026-09-05 17:35:00,0.136,0.1366,0.1354,0.1355,1247222.9
2026-09-05 17:40:00,0.1355,0.1362,0.1352,0.1358,887329.6
2026-09-05 17:45:00,0.1358,0.1375,0.1356,0.1374,1299159.7
2026-09-05 17:50:00,0.1373,0.1399,0.1369,0.139,2329824.2
2026-09-05 17:55:00,0.1389,0.14,0.1384,0.1392,1606955.8
2026-09-05 18:00:00,0.1393,0.1409,0.1389,0.1404,1054391.3
2026-09-05 18:05:00,0.1405,0.1415,0.1397,0.1411,1577588.1
2026-09-05 18:10:00,0.141,0.1414,0.1404,0.141,826123.4
2026-09-05 18:15:00,0.1411,0.1432,0.1404,0.1429,1436998.6
2026-09-05 18:20:00,0.143,0.1438,0.1421,0.1428,1581534.0
2026-09-05 18:25:00,0.1428,0.143,0.1416,0.1428,1549119.1
2026-09-05 18:30:00,0.1428,0.1433,0.1421,0.1426,793981.6
2026-09-05 18:35:00,0.1426,0.1427,0.1418,0.1426,532846.2
2026-09-05 18:40:00,0.1427,0.1428,0.1416,0.142,496620.9
2026-09-05 18:45:00,0.142,0.1428,0.142,0.1424,397510.7
2026-09-05 18:50:00,0.1425,0.1426,0.1409,0.1418,1154537.8
2026-09-05 18:55:00,0.1418,0.1434,0.1416,0.1433,798997.4
2026-09-05 19:00:00,0.1434,0.1439,0.1427,0.1432,1267199.2
2026-09-05 19:05:00,0.1432,0.145,0.1432,0.1441,1509220.3
2026-09-05 19:10:00,0.144,0.144,0.142,0.1429,1802764.7
2026-09-05 19:15:00,0.143,0.1438,0.1425,0.1438,502856.4
2026-09-05 19:20:00,0.1438,0.1446,0.1432,0.1433,705257.7
2026-09-05 19:25:00,0.1433,0.1459,0.1432,0.145,1155501.2
2026-09-05 19:30:00,0.1449,0.1464,0.1445,0.1458,1782583.1
2026-09-05 19:35:00,0.1458,0.1494,0.1457,0.1489,3825218.9
2026-09-05 19:40:00,0.149,0.1499,0.148,0.1494,2510571.4
2026-09-05 19:45:00,0.1494,0.1496,0.1479,0.1492,1621642.8
2026-09-05 19:50:00,0.1492,0.1498,0.1479,0.1484,1462760.4
2026-09-05 19:55:00,0.1483,0.15,0.1482,0.1494,891744.3
2026-09-05 20:00:00,0.1495,0.1546,0.149,0.1534,3638642.7
2026-09-05 20:05:00,0.1533,0.1616,0.153,0.1606,7371361.5
2026-09-05 20:10:00,0.1606,0.1619,0.1587,0.1607,7815742.7
2026-09-05 20:15:00,0.1607,0.1632,0.1594,0.1623,5420245.8
2026-09-05 20:20:00,0.1623,0.1645,0.1617,0.1644,4118696.5
2026-09-05 20:25:00,0.1644,0.1658,0.1634,0.165,5195796.2
2026-09-05 20:30:00,0.165,0.1667,0.1631,0.1662,6545354.1
2026-09-05 20:35:00,0.1662,0.1663,0.1602,0.1618,7601666.3
2026-09-05 20:40:00,0.1619,0.1636,0.161,0.1628,3575361.7
2026-09-05 20:45:00,0.1629,0.1635,0.1597,0.1609,6172061.0
2026-09-05 20:50:00,0.1609,0.1629,0.1603,0.1607,2926695.1
2026-09-05 20:55:00,0.1606,0.1629,0.1604,0.1616,3508198.5
2026-09-05 21:00:00,0.1616,0.1638,0.1603,0.1632,3647357.4
2026-09-05 21:05:00,0.1632,0.1654,0.1623,0.1641,3592994.5
2026-09-05 21:10:00,0.1642,0.1661,0.1635,0.1657,2221339.6
2026-09-05 21:15:00,0.1657,0.168,0.1641,0.167,3814408.8
2026-09-05 21:20:00,0.167,0.1705,0.1663,0.1701,3414907.9
2026-09-05 21:25:00,0.1701,0.1726,0.1696,0.171,5120823.8
2026-09-05 21:30:00,0.171,0.1727,0.1695,0.1714,2437122.2
2026-09-05 21:35:00,0.1714,0.1715,0.1678,0.1689,3714270.5
2026-09-05 21:40:00,0.1689,0.17,0.1664,0.1694,2521687.8
2026-09-05 21:45:00,0.1693,0.1725,0.1688,0.1714,1781309.6
2026-09-05 21:50:00,0.1715,0.1743,0.171,0.1726,3248698.9
2026-09-05 21:55:00,0.1726,0.1727,0.1707,0.1722,3042037.1
2026-09-05 22:00:00,0.1723,0.1737,0.1712,0.1725,2780670.6
2026-09-05 22:05:00,0.1726,0.1731,0.1703,0.1708,1740766.5
2026-09-05 22:10:00,0.1709,0.174,0.1708,0.1724,2269254.5
2026-09-05 22:15:00,0.1725,0.1823,0.1721,0.1795,7666252.5
2026-09-05 22:20:00,0.1796,0.1806,0.1786,0.1796,2667238.9
2026-09-05 22:25:00,0.1796,0.1796,0.1736,0.1761,4451572.3
2026-09-05 22:30:00,0.1761,0.1802,0.176,0.1797,3629186.3
2026-09-05 22:35:00,0.1797,0.1815,0.1791,0.1807,2054072.7
2026-09-05 22:40:00,0.1806,0.1826,0.1776,0.1815,6049631.5
2026-09-05 22:45:00,0.1815,0.1823,0.1785,0.181,4122402.3
2026-09-05 22:50:00,0.1809,0.1831,0.1807,0.181,2890067.5
2026-09-05 22:55:00,0.181,0.1815,0.1787,0.179,2139228.3
2026-09-05 23:00:00,0.1791,0.1804,0.1769,0.1769,2739592.1
2026-09-05 23:05:00,0.1769,0.1787,0.175,0.1764,4319850.2
2026-09-05 23:10:00,0.1764,0.1782,0.176,0.1765,1669762.2
2026-09-05 23:15:00,0.1766,0.1794,0.1762,0.1791,2127218.2
2026-09-05 23:20:00,0.1791,0.1799,0.1774,0.1776,1204678.7
2026-09-05 23:25:00,0.1777,0.1803,0.1777,0.1801,1306496.4
2026-09-05 23:30:00,0.1801,0.1802,0.1777,0.1778,1247223.4
2026-09-05 23:35:00,0.1779,0.1792,0.1771,0.1783,1769167.7
2026-09-05 23:40:00,0.1782,0.1792,0.1759,0.1761,1526943.1
2026-09-05 23:45:00,0.1761,0.1777,0.1761,0.1767,1055796.9
2026-09-05 23:50:00,0.1766,0.1788,0.1763,0.1771,1535249.6
2026-09-05 23:55:00,0.1772,0.1783,0.1767,0.1772,2374963.3
2026-09-06 00:00:00,0.1772,0.1826,0.1772,0.1816,6199608.1
2026-09-06 00:05:00,0.1816,0.1818,0.1785,0.1797,4979367.1
2026-09-06 00:10:00,0.1798,0.1812,0.1787,0.1802,4203281.6
2026-09-06 00:15:00,0.1801,0.1891,0.1799,0.1864,12685996.0
2026-09-06 00:20:00,0.1865,0.1879,0.1856,0.1871,6113119.8
2026-09-06 00:25:00,0.1871,0.1908,0.1854,0.1877,7475000.1
2026-09-06 00:30:00,0.1877,0.1882,0.1867,0.1876,2065981.7
2026-09-06 00:35:00,0.1875,0.1893,0.1867,0.1874,2499710.2
2026-09-06 00:40:00,0.1874,0.188,0.1866,0.1878,1546991.8
2026-09-06 00:45:00,0.1878,0.1942,0.1877,0.1923,6681904.1
2026-09-06 00:50:00,0.1924,0.196,0.1907,0.1925,6705024.2
2026-09-06 00:55:00,0.1924,0.194,0.1922,0.1933,3008521.9
2026-09-06 01:00:00,0.1933,0.1953,0.1918,0.1939,5347086.3
2026-09-06 01:05:00,0.1938,0.1946,0.1893,0.1909,3332949.5
2026-09-06 01:10:00,0.1909,0.1937,0.19,0.1927,2647810.6
2026-09-06 01:15:00,0.1928,0.1941,0.1917,0.1934,2169442.7
2026-09-06 01:20:00,0.1934,0.1938,0.1904,0.1924,3441457.7
2026-09-06 01:25:00,0.1925,0.1975,0.1888,0.1903,10578352.3
2026-09-06 01:30:00,0.1903,0.1942,0.1878,0.1909,8103694.7
2026-09-06 01:35:00,0.191,0.1935,0.1906,0.193,3484884.9
2026-09-06 01:40:00,0.1931,0.198,0.1928,0.1955,7292060.4
2026-09-06 01:45:00,0.1955,0.1987,0.1947,0.1965,9537702.7
2026-09-06 01:50:00,0.1966,0.197,0.1916,0.1927,10551640.9
2026-09-06 01:55:00,0.1927,0.1939,0.1896,0.193,6551888.1
2026-09-06 02:00:00,0.1931,0.1947,0.1925,0.1932,2270452.6
2026-09-06 02:05:00,0.1933,0.1968,0.1932,0.1961,3906738.8
2026-09-06 02:10:00,0.1961,0.1971,0.1925,0.1944,6280698.0
2026-09-06 02:15:00,0.1945,0.1955,0.1937,0.1947,3004588.4
2026-09-06 02:20:00,0.1946,0.195,0.1896,0.1919,8858503.3
2026-09-06 02:25:00,0.192,0.1944,0.1907,0.1938,2115364.4
2026-09-06 02:30:00,0.1937,0.1944,0.1913,0.1914,1197014.5
2026-09-06 02:35:00,0.1915,0.192,0.1897,0.1913,2246063.8
2026-09-06 02:40:00,0.1914,0.1915,0.1894,0.1906,2078788.6
2026-09-06 02:45:00,0.1907,0.1916,0.1884,0.1885,1956498.5
2026-09-06 02:50:00,0.1885,0.1896,0.1875,0.1885,2414457.5
2026-09-06 02:55:00,0.1885,0.1898,0.1884,0.1889,1188193.5
2026-09-06 03:00:00,0.1888,0.1908,0.1888,0.1897,1994212.6
2026-09-06 03:05:00,0.1897,0.1902,0.1848,0.1874,3510029.2
2026-09-06 03:10:00,0.1873,0.1905,0.1871,0.1898,2038030.7
2026-09-06 03:15:00,0.1898,0.1922,0.1893,0.1912,1809428.2
2026-09-06 03:20:00,0.1912,0.1914,0.1893,0.1903,1214011.2
2026-09-06 03:25:00,0.1902,0.1916,0.1898,0.1912,972193.4
2026-09-06 03:30:00,0.1913,0.1915,0.1894,0.1911,970714.6
2026-09-06 03:35:00,0.191,0.1939,0.191,0.1929,2562934.8
2026-09-06 03:40:00,0.1929,0.1953,0.1927,0.1949,2898614.6
2026-09-06 03:45:00,0.1949,0.1959,0.1941,0.1952,3055346.4
2026-09-06 03:50:00,0.1952,0.1956,0.1943,0.1953,714058.7
2026-09-06 03:55:00,0.1954,0.1982,0.1954,0.1981,4001612.2
2026-09-06 04:00:00,0.1981,0.2051,0.1979,0.2,13200689.4
2026-09-06 04:05:00,0.2,0.203,0.1986,0.1994,5101104.8
2026-09-06 04:10:00,0.1994,0.1994,0.1914,0.192,5607983.4
2026-09-06 04:15:00,0.192,0.1936,0.1902,0.1935,4140407.1
2026-09-06 04:20:00,0.1936,0.1945,0.1915,0.1935,2284027.8
2026-09-06 04:25:00,0.1936,0.1941,0.1925,0.1933,1033299.4
2026-09-06 04:30:00,0.1934,0.1935,0.1886,0.1902,3892387.1
2026-09-06 04:35:00,0.1902,0.1922,0.1899,0.1918,1367835.7
2026-09-06 04:40:00,0.1918,0.1955,0.1913,0.1948,2256056.9
2026-09-06 04:45:00,0.1949,0.1959,0.1939,0.1945,2320348.6
2026-09-06 04:50:00,0.1946,0.1951,0.1913,0.1924,2195775.9
2026-09-06 04:55:00,0.1925,0.194,0.1923,0.1939,1105490.2
2026-09-06 05:00:00,0.1939,0.1946,0.1929,0.193,1388686.1
2026-09-06 05:05:00,0.193,0.1935,0.1916,0.1923,1443018.2
2026-09-06 05:10:00,0.1924,0.1934,0.1902,0.1902,1525388.0
2026-09-06 05:15:00,0.1903,0.1916,0.1894,0.1913,1510418.7
2026-09-06 05:20:00,0.1912,0.1932,0.1909,0.1919,1577550.8
2026-09-06 05:25:00,0.192,0.1926,0.1915,0.1918,996011.2
2026-09-06 05:30:00,0.1919,0.1946,0.1919,0.1935,1992348.4
2026-09-06 05:35:00,0.1934,0.1966,0.1929,0.1955,1722065.1
2026-09-06 05:40:00,0.1955,0.1955,0.1938,0.1949,2131070.3
2026-09-06 05:45:00,0.1948,0.1949,0.1917,0.1928,1718548.5
2026-09-06 05:50:00,0.1929,0.194,0.1928,0.1935,914816.0
2026-09-06 05:55:00,0.1935,0.1947,0.1934,0.1939,754257.4
2026-09-06 06:00:00,0.1939,0.1945,0.1924,0.1932,2157067.2
2026-09-06 06:05:00,0.1932,0.1936,0.1896,0.1899,4069787.4
2026-09-06 06:10:00,0.1899,0.1903,0.1882,0.19,2838056.7
2026-09-06 06:15:00,0.19,0.1928,0.1899,0.1925,1950392.4
2026-09-06 06:20:00,0.1924,0.1932,0.192,0.1927,1501329.4
2026-09-06 06:25:00,0.1927,0.1931,0.1917,0.1924,963260.9
2026-09-06 06:30:00,0.1924,0.193,0.1914,0.1918,950157.7
2026-09-06 06:35:00,0.1918,0.1929,0.1912,0.1916,1140973.5
2026-09-06 06:40:00,0.1916,0.1928,0.1916,0.1921,956217.1
2026-09-06 06:45:00,0.192,0.1929,0.1911,0.1915,1501632.5
2026-09-06 06:50:00,0.1914,0.1924,0.191,0.1916,1126423.3
2026-09-06 06:55:00,0.1916,0.195,0.191,0.1945,2150364.0
2026-09-06 07:00:00,0.1943,0.1955,0.194,0.1947,1967575.6
2026-09-06 07:05:00,0.1948,0.1953,0.1931,0.1935,1525758.4
2026-09-06 07:10:00,0.1935,0.1939,0.1919,0.193,2117942.3
2026-09-06 07:15:00,0.1931,0.1948,0.1931,0.1947,1258597.9
2026-09-06 07:20:00,0.1946,0.196,0.1938,0.1938,2134614.9
2026-09-06 07:25:00,0.1938,0.1945,0.193,0.193,844278.1
2026-09-06 07:30:00,0.1931,0.1937,0.1924,0.1926,1467672.8
2026-09-06 07:35:00,0.1927,0.1943,0.1927,0.1938,1089989.7
2026-09-06 07:40:00,0.1939,0.1952,0.1939,0.1944,1353162.4
2026-09-06 07:45:00,0.1945,0.1958,0.1937,0.1952,1103384.4
2026-09-06 07:50:00,0.1951,0.2009,0.1949,0.2001,6088899.6
2026-09-06 07:55:00,0.2001,0.2042,0.1994,0.2017,4739448.8
2026-09-06 08:00:00,0.2017,0.203,0.1996,0.2007,5373546.6
2026-09-06 08:05:00,0.2007,0.2066,0.2003,0.2012,4586496.6
2026-09-06 08:10:00,0.2013,0.2021,0.1975,0.2,2999026.8
2026-09-06 08:15:00,0.2,0.2009,0.1983,0.1985,2118565.7
2026-09-06 08:20:00,0.1984,0.1999,0.1963,0.1965,1866472.5
2026-09-06 08:25:00,0.1965,0.1982,0.1962,0.1975,2604878.6
2026-09-06 08:30:00,0.1976,0.1978,0.1938,0.1952,2569360.5
2026-09-06 08:35:00,0.1952,0.1957,0.192,0.1933,2048796.1
2026-09-06 08:40:00,0.1932,0.1963,0.1929,0.1955,1458877.6
2026-09-06 08:45:00,0.1954,0.1959,0.1938,0.1941,1108436.7
2026-09-06 08:50:00,0.1942,0.1983,0.1939,0.1977,1423828.9
2026-09-06 08:55:00,0.1977,0.1982,0.1953,0.1958,835233.8
2026-09-06 09:00:00,0.1958,0.1967,0.1945,0.1952,996719.2
2026-09-06 09:05:00,0.1952,0.1977,0.1951,0.1971,1064053.8
2026-09-06 09:10:00,0.1972,0.1976,0.1963,0.1969,774151.8
2026-09-06 09:15:00,0.1968,0.1985,0.1965,0.1973,795800.6
2026-09-06 09:20:00,0.1974,0.1974,0.1955,0.1963,1864930.7
2026-09-06 09:25:00,0.1962,0.197,0.1953,0.1961,639748.8
2026-09-06 09:30:00,0.1961,0.1964,0.1928,0.1932,2081166.7
2026-09-06 09:35:00,0.1932,0.1942,0.1918,0.1934,7058469.0
2026-09-06 09:40:00,0.1934,0.1949,0.193,0.1946,977279.1
2026-09-06 09:45:00,0.1945,0.1949,0.1934,0.1941,852677.5
2026-09-06 09:50:00,0.1941,0.1953,0.1939,0.1946,927656.3
2026-09-06 09:55:00,0.1946,0.1949,0.1936,0.1936,702999.4
2026-09-06 10:00:00,0.1936,0.1942,0.1931,0.1936,929251.3
2026-09-06 10:05:00,0.1935,0.1945,0.1927,0.1932,819643.3
2026-09-06 10:10:00,0.1932,0.196,0.1931,0.1952,1049211.2
2026-09-06 10:15:00,0.1952,0.1955,0.1937,0.1948,791815.1
2026-09-06 10:20:00,0.1948,0.1952,0.1934,0.1941,640443.5
2026-09-06 10:25:00,0.1941,0.1951,0.1939,0.1943,838942.8
2026-09-06 10:30:00,0.1943,0.1945,0.1932,0.194,813798.3
2026-09-06 10:35:00,0.1941,0.1945,0.1912,0.1929,1870029.8
2026-09-06 10:40:00,0.1928,0.1942,0.1927,0.194,945366.1
2026-09-06 10:45:00,0.1941,0.1954,0.1931,0.1949,1436709.0
2026-09-06 10:50:00,0.1949,0.1977,0.1939,0.1975,2129047.0
2026-09-06 10:55:00,0.1974,0.1975,0.195,0.1954,1070984.4
2026-09-06 11:00:00,0.1953,0.1961,0.1945,0.1955,1001888.7
2026-09-06 11:05:00,0.1956,0.1962,0.1947,0.195,745855.0
2026-09-06 11:10:00,0.195,0.1957,0.1949,0.1951,605957.6
2026-09-06 11:15:00,0.1951,0.1951,0.1928,0.194,1019551.3
2026-09-06 11:20:00,0.194,0.1952,0.194,0.1949,511955.8
2026-09-06 11:25:00,0.1949,0.1951,0.1937,0.1942,527659.9
2026-09-06 11:30:00,0.1942,0.1946,0.1922,0.1933,784114.1
2026-09-06 11:35:00,0.1933,0.1956,0.1928,0.1943,1358319.4
2026-09-06 11:40:00,0.1942,0.1946,0.1916,0.1922,1393581.4
2026-09-06 11:45:00,0.1921,0.1935,0.1917,0.1932,856536.1
2026-09-06 11:50:00,0.1932,0.1935,0.1927,0.1929,379926.3
2026-09-06 11:55:00,0.1929,0.1944,0.1928,0.1938,622723.9
2026-09-06 12:00:00,0.1938,0.1945,0.1932,0.1943,608679.6
2026-09-06 12:05:00,0.1944,0.1951,0.1936,0.1947,553009.2
2026-09-06 12:10:00,0.1947,0.1951,0.194,0.1948,705281.5
2026-09-06 12:15:00,0.1949,0.1958,0.1941,0.1954,1213873.2
2026-09-06 12:20:00,0.1954,0.1964,0.1944,0.195,1277126.4
2026-09-06 12:25:00,0.1949,0.1949,0.1917,0.1925,1503440.9
2026-09-06 12:30:00,0.1926,0.1935,0.1895,0.1909,2752939.3
2026-09-06 12:35:00,0.1909,0.1916,0.1882,0.1895,2178757.4
2026-09-06 12:40:00,0.1896,0.1915,0.1894,0.1906,844247.3
2026-09-06 12:45:00,0.1906,0.1927,0.1904,0.1917,1224229.9
2026-09-06 12:50:00,0.1917,0.1917,0.189,0.1893,632610.2
2026-09-06 12:55:00,0.1893,0.1909,0.1891,0.1898,870593.8
2026-09-06 13:00:00,0.1898,0.1924,0.1891,0.1919,1343117.3
2026-09-06 13:05:00,0.192,0.1923,0.1901,0.1902,629196.3
2026-09-06 13:10:00,0.1902,0.1903,0.1878,0.1892,1287232.6
2026-09-06 13:15:00,0.1892,0.1913,0.189,0.1903,983068.5
2026-09-06 13:20:00,0.1903,0.1913,0.1892,0.1898,804444.4
2026-09-06 13:25:00,0.1898,0.1908,0.1896,0.1897,586166.9
2026-09-06 13:30:00,0.1897,0.1916,0.1897,0.1911,549356.6
2026-09-06 13:35:00,0.1912,0.1921,0.1899,0.1916,1164003.1
2026-09-06 13:40:00,0.1916,0.1935,0.1912,0.1922,1197614.6
2026-09-06 13:45:00,0.1923,0.1925,0.1903,0.1904,686453.3
2026-09-06 13:50:00,0.1904,0.1913,0.19,0.1906,386377.5
2026-09-06 13:55:00,0.1906,0.1947,0.1906,0.1933,1811371.3
2026-09-06 14:00:00,0.1933,0.1933,0.1913,0.192,906469.2
2026-09-06 14:05:00,0.192,0.1928,0.1911,0.1919,972737.8
2026-09-06 14:10:00,0.192,0.1924,0.1908,0.1912,758754.8
2026-09-06 14:15:00,0.1911,0.1914,0.1902,0.1903,630417.7
2026-09-06 14:20:00,0.1903,0.1905,0.1862,0.1879,3139878.0
2026-09-06 14:25:00,0.1879,0.1902,0.1872,0.1897,1352675.2
2026-09-06 14:30:00,0.1897,0.19,0.1857,0.1862,2215064.8
2026-09-06 14:35:00,0.1862,0.1877,0.1844,0.1854,2697399.7
2026-09-06 14:40:00,0.1855,0.1868,0.1855,0.1862,1678116.6
2026-09-06 14:45:00,0.1861,0.1864,0.1836,0.1849,3510953.7
2026-09-06 14:50:00,0.1851,0.1878,0.185,0.1865,1559918.8
2026-09-06 14:55:00,0.1865,0.1872,0.1856,0.1863,969366.1
2026-09-06 15:00:00,0.1864,0.187,0.1835,0.1842,1640131.6
2026-09-06 15:05:00,0.1842,0.1844,0.1807,0.1818,7353528.2
2026-09-06 15:10:00,0.1818,0.1861,0.1807,0.1852,3375252.6
2026-09-06 15:15:00,0.1851,0.1861,0.1839,0.1845,987445.8
2026-09-06 15:20:00,0.1846,0.1887,0.1846,0.1879,2250729.2
2026-09-06 15:25:00,0.1878,0.1878,0.1847,0.1853,1399723.7
2026-09-06 15:30:00,0.1852,0.1864,0.1847,0.1861,550178.1
2026-09-06 15:35:00,0.1862,0.1873,0.1851,0.1872,913330.3
2026-09-06 15:40:00,0.1871,0.1876,0.1865,0.1871,673373.9
2026-09-06 15:45:00,0.1872,0.1878,0.1865,0.1876,539926.4
2026-09-06 15:50:00,0.1875,0.1894,0.1872,0.1875,2265869.5
2026-09-06 15:55:00,0.1874,0.1878,0.1868,0.1874,722899.0
2026-09-06 16:00:00,0.1874,0.1884,0.1859,0.186,658934.2
2026-09-06 16:05:00,0.186,0.1875,0.186,0.187,622910.1
2026-09-06 16:10:00,0.1871,0.1882,0.1866,0.1867,606003.9
2026-09-06 16:15:00,0.1867,0.1869,0.1853,0.1858,593092.6
2026-09-06 16:20:00,0.1859,0.1869,0.1856,0.1865,648262.9
2026-09-06 16:25:00,0.1865,0.1924,0.1863,0.1903,4137940.0
2026-09-06 16:30:00,0.1903,0.1905,0.1891,0.1898,809760.3
2026-09-06 16:35:00,0.1897,0.1901,0.1886,0.1891,618128.0
2026-09-06 16:40:00,0.1892,0.1906,0.1889,0.1891,1037308.8
2026-09-06 16:45:00,0.1891,0.1896,0.1878,0.1881,666032.0
2026-09-06 16:50:00,0.1882,0.1888,0.1877,0.1881,617480.1
2026-09-06 16:55:00,0.1881,0.1888,0.1879,0.1885,356488.7
2026-09-06 17:00:00,0.1884,0.1887,0.1874,0.1881,298292.6
2026-09-06 17:05:00,0.1881,0.1885,0.1847,0.1853,1323694.3
2026-09-06 17:10:00,0.1853,0.1861,0.1839,0.1851,3239252.2
2026-09-06 17:15:00,0.1851,0.1867,0.1851,0.1861,623098.8
2026-09-06 17:20:00,0.186,0.1867,0.1856,0.1858,463276.1
2026-09-06 17:25:00,0.1857,0.1861,0.1847,0.1849,647147.6
2026-09-06 17:30:00,0.1848,0.1856,0.1845,0.1852,410931.3
2026-09-06 17:35:00,0.1853,0.1859,0.184,0.1846,773727.5
2026-09-06 17:40:00,0.1847,0.1858,0.1837,0.1843,1445100.0
2026-09-06 17:45:00,0.1843,0.1852,0.1833,0.1838,980447.1
2026-09-06 17:50:00,0.1838,0.1838,0.1819,0.1829,760336.8
2026-09-06 17:55:00,0.1829,0.1839,0.1826,0.1829,588264.0
2026-09-06 18:00:00,0.183,0.1833,0.1823,0.1829,609600.9
2026-09-06 18:05:00,0.1829,0.1846,0.1827,0.1839,447108.8
2026-09-06 18:10:00,0.184,0.1843,0.1835,0.1839,401402.1
2026-09-06 18:15:00,0.1839,0.185,0.1839,0.1848,661780.9
2026-09-06 18:20:00,0.1847,0.1854,0.184,0.1846,876431.7
2026-09-06 18:25:00,0.1847,0.1863,0.1847,0.1854,1329306.0
2026-09-06 18:30:00,0.1854,0.1855,0.1837,0.184,780230.8
2026-09-06 18:35:00,0.184,0.1851,0.1838,0.1848,483716.1
2026-09-06 18:40:00,0.1848,0.1865,0.1848,0.1855,1267780.7
2026-09-06 18:45:00,0.1855,0.1866,0.1854,0.1861,604561.8
2026-09-06 18:50:00,0.1862,0.1862,0.1851,0.1855,369268.4
2026-09-06 18:55:00,0.1855,0.186,0.1852,0.1853,234443.7
2026-09-06 19:00:00,0.1854,0.1855,0.1843,0.1849,926182.6
2026-09-06 19:05:00,0.1849,0.1854,0.1807,0.1823,1491784.6
2026-09-06 19:10:00,0.1823,0.1832,0.1821,0.183,539099.7
2026-09-06 19:15:00,0.183,0.1838,0.1828,0.1832,352908.1
2026-09-06 19:20:00,0.1832,0.1838,0.1826,0.1835,286038.4
2026-09-06 19:25:00,0.1835,0.1835,0.1819,0.1829,1249298.4
2026-09-06 19:30:00,0.1828,0.183,0.1816,0.1817,775830.9
2026-09-06 19:35:00,0.1817,0.1826,0.1809,0.1815,928503.5
2026-09-06 19:40:00,0.1815,0.1837,0.1814,0.1827,440501.0
2026-09-06 19:45:00,0.1827,0.183,0.1827,0.1829,258308.8
2026-09-06 19:50:00,0.183,0.184,0.183,0.1831,520215.4
2026-09-06 19:55:00,0.1832,0.1836,0.1829,0.1835,296350.3
2026-09-06 20:00:00,0.1835,0.1841,0.1832,0.1836,288030.0
2026-09-06 20:05:00,0.1837,0.184,0.1824,0.1831,503888.0
2026-09-06 20:10:00,0.1832,0.1838,0.183,0.1838,249384.1
2026-09-06 20:15:00,0.1837,0.1837,0.1828,0.1833,262999.4
2026-09-06 20:20:00,0.1833,0.1854,0.1833,0.1843,1261204.8
2026-09-06 20:25:00,0.1844,0.1844,0.1822,0.183,706728.1
2026-09-06 20:30:00,0.183,0.1852,0.1822,0.1849,1799270.9
2026-09-06 20:35:00,0.185,0.1863,0.1847,0.1849,2022713.4
2026-09-06 20:40:00,0.1849,0.1869,0.1848,0.1864,2845393.5
2026-09-06 20:45:00,0.1864,0.1864,0.1848,0.1851,728856.1
2026-09-06 20:50:00,0.185,0.185,0.1842,0.1845,394475.7
2026-09-06 20:55:00,0.1845,0.1851,0.1842,0.1849,501114.0
2026-09-06 21:00:00,0.185,0.1854,0.1846,0.1847,919366.2
2026-09-06 21:05:00,0.1847,0.186,0.1847,0.1857,820471.4
2026-09-06 21:10:00,0.1856,0.186,0.1853,0.1855,270152.2
2026-09-06 21:15:00,0.1856,0.1886,0.1856,0.1872,1435933.0
2026-09-06 21:20:00,0.1873,0.1876,0.1866,0.1875,580148.0
2026-09-06 21:25:00,0.1874,0.1874,0.1864,0.1869,276082.1
2026-09-06 21:30:00,0.1868,0.1873,0.186,0.1873,174672.1
2026-09-06 21:35:00,0.1872,0.1882,0.1869,0.1882,302174.0
2026-09-06 21:40:00,0.1882,0.1909,0.1874,0.1909,2429447.6
2026-09-06 21:45:00,0.1908,0.1921,0.1898,0.191,1221964.9
2026-09-06 21:50:00,0.191,0.191,0.1894,0.19,854932.3
2026-09-06 21:55:00,0.19,0.1904,0.1892,0.1899,232884.3
2026-09-06 22:00:00,0.19,0.19,0.189,0.1892,555324.5
2026-09-06 22:05:00,0.1893,0.1893,0.1875,0.1879,646488.2
2026-09-06 22:10:00,0.188,0.1882,0.1874,0.1882,400711.7
2026-09-06 22:15:00,0.1881,0.1893,0.1881,0.1889,623579.0
2026-09-06 22:20:00,0.1889,0.1892,0.1882,0.1887,348953.4
2026-09-06 22:25:00,0.1888,0.1897,0.1885,0.1893,541547.0
2026-09-06 22:30:00,0.1893,0.1911,0.1893,0.1907,1381873.9
2026-09-06 22:35:00,0.1907,0.1912,0.1903,0.1904,609349.9
2026-09-06 22:40:00,0.1904,0.1908,0.1895,0.1901,718849.8
2026-09-06 22:45:00,0.1901,0.191,0.19,0.1906,553045.6
2026-09-06 22:50:00,0.1906,0.1915,0.1894,0.1897,821292.2
2026-09-06 22:55:00,0.1897,0.1902,0.1894,0.1895,455957.2
2026-09-06 23:00:00,0.1894,0.1905,0.1889,0.1893,662683.8
2026-09-06 23:05:00,0.1893,0.1897,0.189,0.1896,272631.5
2026-09-06 23:10:00,0.1895,0.19,0.1891,0.1892,249146.3
2026-09-06 23:15:00,0.1892,0.1905,0.1886,0.1903,659246.8
2026-09-06 23:20:00,0.1904,0.1908,0.1897,0.1905,549902.4
2026-09-06 23:25:00,0.1905,0.1906,0.1897,0.1899,469619.6
2026-09-06 23:30:00,0.1899,0.1905,0.1894,0.1901,347913.4
2026-09-06 23:35:00,0.1901,0.1904,0.1899,0.1901,374948.3
2026-09-06 23:40:00,0.1901,0.1901,0.1882,0.1888,1382481.8
2026-09-06 23:45:00,0.1888,0.1897,0.1882,0.1896,260216.3
2026-09-06 23:50:00,0.1896,0.19,0.189,0.1898,268910.2
2026-09-06 23:55:00,0.1899,0.1901,0.189,0.1893,238945.1
2026-09-07 00:00:00,0.1893,0.1898,0.1887,0.1889,552475.0
2026-09-07 00:05:00,0.189,0.1895,0.1889,0.189,404542.8
2026-09-07 00:10:00,0.189,0.1903,0.1888,0.1899,1176178.3
2026-09-07 00:15:00,0.1899,0.1906,0.1896,0.1898,586230.3
2026-09-07 00:20:00,0.1899,0.1902,0.1888,0.1894,1190947.5
2026-09-07 00:25:00,0.1894,0.1898,0.1878,0.1891,713631.4
2026-09-07 00:30:00,0.189,0.1902,0.189,0.1899,309059.4
2026-09-07 00:35:00,0.1899,0.1914,0.1898,0.1908,1826231.1
2026-09-07 00:40:00,0.1907,0.1917,0.1898,0.1901,636879.7
2026-09-07 00:45:00,0.19,0.1902,0.1889,0.1898,1277874.2
2026-09-07 00:50:00,0.1899,0.1907,0.1892,0.1894,411513.6
2026-09-07 00:55:00,0.1895,0.1902,0.1894,0.1897,298426.5
2026-09-07 01:00:00,0.1897,0.1906,0.1892,0.1897,1181367.2
2026-09-07 01:05:00,0.1897,0.1898,0.1873,0.1881,1091989.2
2026-09-07 01:10:00,0.1882,0.1894,0.188,0.1894,365187.0
2026-09-07 01:15:00,0.1895,0.1909,0.1891,0.1902,850384.5
2026-09-07 01:20:00,0.1903,0.191,0.1899,0.1904,680523.0
2026-09-07 01:25:00,0.1905,0.1907,0.1889,0.1904,532809.1
2026-09-07 01:30:00,0.1904,0.1919,0.19,0.1901,896954.0
2026-09-07 01:35:00,0.1901,0.1906,0.1896,0.1903,390977.3
2026-09-07 01:40:00,0.1903,0.1906,0.189,0.1892,528174.8
2026-09-07 01:45:00,0.1892,0.1898,0.1876,0.1884,887544.6
2026-09-07 01:50:00,0.1883,0.1904,0.1881,0.1901,458352.9
2026-09-07 01:55:00,0.1901,0.1903,0.1897,0.1897,239380.5
2026-09-07 02:00:00,0.1897,0.1899,0.1888,0.1889,199083.3
2026-09-07 02:05:00,0.189,0.1894,0.1863,0.1866,3770202.1
2026-09-07 02:10:00,0.1865,0.1869,0.1856,0.1868,1099143.7
2026-09-07 02:15:00,0.1868,0.1876,0.1868,0.1869,536365.4
2026-09-07 02:20:00,0.1869,0.1871,0.1858,0.1861,322180.2
2026-09-07 02:25:00,0.1861,0.1873,0.1858,0.1868,405072.3
2026-09-07 02:30:00,0.1868,0.1869,0.1859,0.186,271118.1
2026-09-07 02:35:00,0.186,0.1886,0.1859,0.1886,1096868.8
2026-09-07 02:40:00,0.1885,0.1885,0.1869,0.187,1643080.3
2026-09-07 02:45:00,0.1869,0.187,0.1849,0.1855,802023.7
2026-09-07 02:50:00,0.1855,0.1861,0.1844,0.1846,504729.5
2026-09-07 02:55:00,0.1847,0.1851,0.1845,0.185,496518.3
2026-09-07 03:00:00,0.1851,0.1861,0.1842,0.1855,453928.2
2026-09-07 03:05:00,0.1856,0.186,0.1854,0.1857,221556.4
2026-09-07 03:10:00,0.1857,0.186,0.1851,0.1856,169157.4
2026-09-07 03:15:00,0.1855,0.1857,0.1841,0.1844,623300.4
2026-09-07 03:20:00,0.1845,0.1851,0.1837,0.1841,483242.9
2026-09-07 03:25:00,0.1841,0.1841,0.1813,0.1818,5662193.8
2026-09-07 03:30:00,0.1818,0.1825,0.1768,0.1774,6401509.8
2026-09-07 03:35:00,0.1773,0.179,0.1772,0.1775,2267951.9
2026-09-07 03:40:00,0.1776,0.1787,0.176,0.1767,3698682.9
2026-09-07 03:45:00,0.1767,0.1774,0.176,0.1763,1663756.3
2026-09-07 03:50:00,0.1764,0.177,0.1758,0.1761,6411515.2
2026-09-07 03:55:00,0.1761,0.1762,0.1749,0.1753,3964364.1
2026-09-07 04:00:00,0.1753,0.1786,0.1741,0.1777,4690642.4
2026-09-07 04:05:00,0.1777,0.178,0.1765,0.1768,1030548.0
2026-09-07 04:10:00,0.1767,0.1773,0.1759,0.177,669233.9
2026-09-07 04:15:00,0.177,0.1777,0.1767,0.1776,1879402.0
2026-09-07 04:20:00,0.1777,0.1789,0.1769,0.178,587358.3
2026-09-07 04:25:00,0.178,0.178,0.1751,0.1762,688979.7
2026-09-07 04:30:00,0.1763,0.1768,0.1751,0.1754,1496858.6
2026-09-07 04:35:00,0.1753,0.1756,0.1736,0.174,13177097.0
2026-09-07 04:40:00,0.1741,0.1761,0.1732,0.1755,7440488.8
2026-09-07 04:45:00,0.1754,0.176,0.1747,0.175,6200445.1
2026-09-07 04:50:00,0.1751,0.1754,0.1748,0.175,4829533.4
2026-09-07 04:55:00,0.175,0.1751,0.1749,0.175,3288897.3
2026-09-07 05:00:00,0.1749,0.1751,0.1736,0.174,5876664.9
2026-09-07 05:05:00,0.1741,0.1747,0.1737,0.174,3728765.8
2026-09-07 05:10:00,0.1739,0.1745,0.1732,0.1734,3248949.9
2026-09-07 05:15:00,0.1734,0.1742,0.1727,0.1729,7653352.0
2026-09-07 05:20:00,0.173,0.1735,0.1725,0.1725,6796253.5
2026-09-07 05:25:00,0.1726,0.1729,0.1716,0.1717,7199371.9
2026-09-07 05:30:00,0.1717,0.1724,0.1714,0.1719,6883360.1
2026-09-07 05:35:00,0.1719,0.1725,0.171,0.1713,4197395.5
2026-09-07 05:40:00,0.1713,0.1722,0.171,0.1712,2541127.8
2026-09-07 05:45:00,0.1712,0.172,0.1708,0.172,1539670.4
2026-09-07 05:50:00,0.172,0.1724,0.1714,0.1715,661417.8
2026-09-07 05:55:00,0.1715,0.1716,0.1711,0.1713,711378.4
2026-09-07 06:00:00,0.1714,0.1715,0.1711,0.1712,503972.4
2026-09-07 06:05:00,0.1714,0.1716,0.1712,0.1713,484254.6
2026-09-07 06:10:00,0.1712,0.1738,0.17,0.1724,2697361.8
2026-09-07 06:15:00,0.1725,0.1725,0.1714,0.1721,913148.9
2026-09-07 06:20:00,0.1721,0.1723,0.172,0.1721,431046.2
2026-09-07 06:25:00,0.1722,0.1723,0.1719,0.1721,604367.7
2026-09-07 06:30:00,0.172,0.1729,0.1719,0.172,717982.1
2026-09-07 06:35:00,0.1721,0.1721,0.1719,0.172,276631.8
2026-09-07 06:40:00,0.1721,0.1721,0.1718,0.172,353051.8
2026-09-07 06:45:00,0.1721,0.1721,0.1716,0.1717,222507.0
2026-09-07 06:50:00,0.1718,0.1719,0.1712,0.1716,719530.6
2026-09-07 06:55:00,0.1716,0.1718,0.1715,0.1716,193476.4
2026-09-07 07:00:00,0.1717,0.1733,0.1715,0.1733,880012.6
2026-09-07 07:05:00,0.1733,0.1736,0.1716,0.1716,1027501.4
2026-09-07 07:10:00,0.1717,0.1718,0.1712,0.1714,433896.4
2026-09-07 07:15:00,0.1714,0.1721,0.171,0.1711,504378.9
2026-09-07 07:20:00,0.1711,0.1716,0.1692,0.1701,3087369.9
2026-09-07 07:25:00,0.1701,0.1705,0.1691,0.1701,1398262.9
2026-09-07 07:30:00,0.1701,0.1703,0.1685,0.1691,3431260.3
2026-09-07 07:35:00,0.1692,0.1692,0.1684,0.1686,1780355.8
2026-09-07 07:40:00,0.1686,0.1689,0.1684,0.1686,1042337.4
2026-09-07 07:45:00,0.1686,0.1689,0.168,0.168,1145218.8
2026-09-07 07:50:00,0.1681,0.1683,0.1679,0.168,694961.4
2026-09-07 07:55:00,0.168,0.1684,0.1672,0.1677,1373765.0
2026-09-07 08:00:00,0.1677,0.1696,0.167,0.1671,2757414.1
2026-09-07 08:05:00,0.1672,0.1672,0.1669,0.1671,661416.2
2026-09-07 08:10:00,0.167,0.1672,0.1661,0.1662,841311.0
2026-09-07 08:15:00,0.1661,0.1664,0.1659,0.1661,1503724.9
2026-09-07 08:20:00,0.1661,0.1668,0.165,0.1651,2094183.9
2026-09-07 08:25:00,0.1651,0.1655,0.164,0.1641,1493731.6
2026-09-07 08:30:00,0.1642,0.1643,0.1631,0.1632,1067503.3
2026-09-07 08:35:00,0.1633,0.1638,0.163,0.1631,1238488.2
2026-09-07 08:40:00,0.1631,0.1633,0.162,0.1633,5100961.2
2026-09-07 08:45:00,0.1633,0.1643,0.1601,0.162,8655897.3
2026-09-07 08:50:00,0.162,0.1639,0.162,0.1629,5576740.7
2026-09-07 08:55:00,0.1628,0.1654,0.1627,0.1652,2600903.1
2026-09-07 09:00:00,0.1652,0.1664,0.1643,0.1657,2610051.6
2026-09-07 09:05:00,0.1658,0.1673,0.1652,0.1671,1955935.4
2026-09-07 09:10:00,0.167,0.1671,0.1648,0.1655,2743795.0
2026-09-07 09:15:00,0.1655,0.1656,0.1644,0.1652,1090838.7
2026-09-07 09:20:00,0.1651,0.1664,0.1645,0.1658,1498668.1
2026-09-07 09:25:00,0.1657,0.1666,0.1649,0.1665,1134880.1
2026-09-07 09:30:00,0.1664,0.1667,0.1652,0.1652,835639.1
2026-09-07 09:35:00,0.1652,0.1659,0.1648,0.1658,1061497.3
2026-09-07 09:40:00,0.1658,0.1666,0.1657,0.1659,798868.1
2026-09-07 09:45:00,0.166,0.1664,0.1653,0.1653,788791.1
2026-09-07 09:50:00,0.1654,0.1656,0.1636,0.165,839159.1
2026-09-07 09:55:00,0.1649,0.1652,0.1648,0.1651,282143.5
2026-09-07 10:00:00,0.1651,0.1656,0.1648,0.1651,409439.7
2026-09-07 10:05:00,0.1652,0.1659,0.165,0.1654,423570.5
2026-09-07 10:10:00,0.1654,0.1662,0.1651,0.1652,425921.7
2026-09-07 10:15:00,0.1652,0.1654,0.1651,0.1654,203518.1
2026-09-07 10:20:00,0.1655,0.1676,0.1655,0.1659,1936928.5
2026-09-07 10:25:00,0.166,0.1663,0.165,0.1651,835840.6
2026-09-07 10:30:00,0.1651,0.1656,0.165,0.1652,998450.4
2026-09-07 10:35:00,0.1652,0.1658,0.165,0.1652,634482.8
2026-09-07 10:40:00,0.1652,0.1665,0.1644,0.1665,2277708.0
2026-09-07 10:45:00,0.1666,0.1673,0.1658,0.167,1181347.7
2026-09-07 10:50:00,0.1669,0.1684,0.1666,0.1679,1404124.9
2026-09-07 10:55:00,0.1678,0.1678,0.1662,0.1664,822082.4
2026-09-07 11:00:00,0.1664,0.1674,0.1661,0.1665,530033.6
2026-09-07 11:05:00,0.1665,0.1665,0.1644,0.1651,1381253.6
2026-09-07 11:10:00,0.1651,0.1656,0.1648,0.1655,463563.5
2026-09-07 11:15:00,0.1655,0.166,0.1651,0.1654,697973.0
2026-09-07 11:20:00,0.1654,0.1657,0.1651,0.1652,417226.0
2026-09-07 11:25:00,0.1651,0.1654,0.165,0.1653,468994.2
2026-09-07 11:30:00,0.1653,0.1664,0.1652,0.1663,462211.4
2026-09-07 11:35:00,0.1663,0.1667,0.1654,0.1657,573696.0
2026-09-07 11:40:00,0.1656,0.1656,0.1646,0.1651,605147.5
2026-09-07 11:45:00,0.1651,0.1653,0.1648,0.1651,460324.4
2026-09-07 11:50:00,0.1652,0.1655,0.165,0.1651,363536.6
2026-09-07 11:55:00,0.165,0.1654,0.1649,0.1654,628629.0
2026-09-07 12:00:00,0.1654,0.1656,0.1649,0.1653,365955.3
2026-09-07 12:05:00,0.1653,0.1658,0.1639,0.1649,1231294.0
2026-09-07 12:10:00,0.1649,0.1649,0.1639,0.1642,778777.8
2026-09-07 12:15:00,0.1642,0.1651,0.1638,0.164,1081945.7
2026-09-07 12:20:00,0.164,0.1642,0.1627,0.1631,1202159.3
2026-09-07 12:25:00,0.1631,0.1633,0.1618,0.1621,1555100.9
2026-09-07 12:30:00,0.162,0.163,0.1604,0.161,3231010.4
2026-09-07 12:35:00,0.1611,0.1628,0.1611,0.1626,1169095.5
2026-09-07 12:40:00,0.1626,0.1638,0.1626,0.1635,1319182.6
2026-09-07 12:45:00,0.1636,0.1645,0.1631,0.1641,832984.6
2026-09-07 12:50:00,0.1641,0.1649,0.1639,0.1649,1258969.4
2026-09-07 12:55:00,0.1648,0.1652,0.1638,0.1642,1069470.7
2026-09-07 13:00:00,0.1641,0.166,0.164,0.1656,1254294.4
2026-09-07 13:05:00,0.1657,0.1675,0.1654,0.1667,2775757.2
2026-09-07 13:10:00,0.1666,0.1669,0.1661,0.1662,737949.4
2026-09-07 13:15:00,0.1662,0.1667,0.1655,0.1666,1175234.1
2026-09-07 13:20:00,0.1665,0.1676,0.1662,0.1671,1523578.4
2026-09-07 13:25:00,0.1671,0.1678,0.1666,0.1674,1383761.3
2026-09-07 13:30:00,0.1674,0.1684,0.1667,0.1669,1977140.4
2026-09-07 13:35:00,0.1669,0.1673,0.1663,0.1672,450562.7
2026-09-07 13:40:00,0.1671,0.1673,0.1665,0.1666,890676.0
2026-09-07 13:45:00,0.1666,0.1673,0.1665,0.1671,954651.6
2026-09-07 13:50:00,0.1671,0.1693,0.167,0.1689,1835844.3
2026-09-07 13:55:00,0.1689,0.1693,0.1672,0.168,1596144.8
2026-09-07 14:00:00,0.1679,0.1701,0.1673,0.1685,2724027.1
2026-09-07 14:05:00,0.1685,0.1686,0.1665,0.1666,1589570.9
2026-09-07 14:10:00,0.1666,0.1681,0.1666,0.167,1479222.0
2026-09-07 14:15:00,0.1669,0.1678,0.1668,0.1674,768607.6
2026-09-07 14:20:00,0.1674,0.1677,0.1668,0.1669,486919.8
2026-09-07 14:25:00,0.1669,0.168,0.1668,0.1674,424173.6
2026-09-07 14:30:00,0.1674,0.1675,0.1665,0.1668,583345.1
2026-09-07 14:35:00,0.1668,0.167,0.1647,0.1652,2115610.7
2026-09-07 14:40:00,0.1653,0.167,0.1651,0.1669,687490.4
2026-09-07 14:45:00,0.1669,0.1677,0.1669,0.1674,441826.6
2026-09-07 14:50:00,0.1673,0.1692,0.1671,0.1684,1370668.5
2026-09-07 14:55:00,0.1683,0.1718,0.1682,0.1714,3681513.5
2026-09-07 15:00:00,0.1713,0.1713,0.1679,0.1688,2064909.4
2026-09-07 15:05:00,0.1689,0.1689,0.1675,0.1679,969320.7
2026-09-07 15:10:00,0.1679,0.1679,0.1658,0.1659,1827565.7
2026-09-07 15:15:00,0.1659,0.166,0.1642,0.1652,1825173.0
2026-09-07 15:20:00,0.1652,0.1652,0.1634,0.1641,1839727.5
2026-09-07 15:25:00,0.1641,0.1654,0.1638,0.1643,849143.4
2026-09-07 15:30:00,0.1644,0.1647,0.1637,0.164,842278.4
2026-09-07 15:35:00,0.1641,0.1642,0.1624,0.1628,1454201.0
2026-09-07 15:40:00,0.1629,0.1631,0.162,0.1623,942695.9
2026-09-07 15:45:00,0.1624,0.163,0.1621,0.1624,1385555.8
2026-09-07 15:50:00,0.1624,0.1625,0.1611,0.1619,1302299.4
2026-09-07 15:55:00,0.1619,0.1624,0.1611,0.1623,800824.7
2026-09-07 16:00:00,0.1624,0.1637,0.1621,0.1628,1400001.1
2026-09-07 16:05:00,0.1628,0.163,0.1617,0.1624,638828.8
2026-09-07 16:10:00,0.1624,0.1624,0.1612,0.1615,576353.4
2026-09-07 16:15:00,0.1616,0.1618,0.1606,0.1614,1663530.1
2026-09-07 16:20:00,0.1614,0.1625,0.1614,0.1622,652865.9
2026-09-07 16:25:00,0.1622,0.1622,0.1617,0.1622,127597.3
2026-09-07 16:30:00,0.1622,0.163,0.1615,0.1628,685627.5
2026-09-07 16:35:00,0.1627,0.165,0.1627,0.1646,975501.5
2026-09-07 16:40:00,0.1646,0.1658,0.164,0.1646,1025527.3
2026-09-07 16:45:00,0.1647,0.1648,0.164,0.1641,115135.3
2026-09-07 16:50:00,0.1641,0.1651,0.1639,0.1646,880848.2
2026-09-07 16:55:00,0.1645,0.1653,0.1642,0.1653,452105.2
2026-09-07 17:00:00,0.1652,0.1667,0.1648,0.1657,1577822.8
2026-09-07 17:05:00,0.1658,0.1664,0.1657,0.1658,301195.4
2026-09-07 17:10:00,0.1658,0.1661,0.1652,0.1652,391543.2
2026-09-07 17:15:00,0.1653,0.1662,0.165,0.1653,984926.9
2026-09-07 17:20:00,0.1653,0.1655,0.1645,0.1648,488141.1
2026-09-07 17:25:00,0.1649,0.1652,0.1641,0.1649,324725.6
2026-09-07 17:30:00,0.1649,0.1654,0.1645,0.1652,260802.4
2026-09-07 17:35:00,0.1651,0.1652,0.1644,0.165,471641.5
2026-09-07 17:40:00,0.165,0.1657,0.1648,0.1655,297245.2
2026-09-07 17:45:00,0.1654,0.1662,0.1651,0.166,798200.3
2026-09-07 17:50:00,0.166,0.1666,0.1659,0.1662,505593.9
2026-09-07 17:55:00,0.1661,0.1662,0.1659,0.1661,194489.4
2026-09-07 18:00:00,0.1661,0.1663,0.1659,0.166,451488.5
2026-09-07 18:05:00,0.166,0.1669,0.1659,0.166,1320846.7
2026-09-07 18:10:00,0.1661,0.1665,0.1659,0.1661,333727.0
2026-09-07 18:15:00,0.1662,0.1673,0.1662,0.1673,252785.3
2026-09-07 18:20:00,0.1673,0.1673,0.1662,0.1664,524823.0
2026-09-07 18:25:00,0.1663,0.1666,0.1659,0.1665,276428.9
2026-09-07 18:30:00,0.1665,0.1666,0.1649,0.1652,398736.2
2026-09-07 18:35:00,0.1653,0.1663,0.1651,0.1662,219311.5
2026-09-07 18:40:00,0.1662,0.1667,0.166,0.1663,435867.4
2026-09-07 18:45:00,0.1664,0.1669,0.1663,0.1666,176662.8
2026-09-07 18:50:00,0.1665,0.1668,0.1663,0.1665,469667.0
2026-09-07 18:55:00,0.1665,0.1666,0.1661,0.1663,108625.0
2026-09-07 19:00:00,0.1663,0.1667,0.1661,0.1665,94634.7
2026-09-07 19:05:00,0.1665,0.1671,0.1664,0.1671,193303.1
2026-09-07 19:10:00,0.167,0.1688,0.167,0.1684,1421396.9
2026-09-07 19:15:00,0.1684,0.1692,0.1677,0.1686,726790.1
2026-09-07 19:20:00,0.1686,0.1704,0.1685,0.1704,1733030.7
2026-09-07 19:25:00,0.1705,0.1711,0.1695,0.1706,1434618.2
2026-09-07 19:30:00,0.1707,0.1707,0.1693,0.1693,1129435.6
2026-09-07 19:35:00,0.1693,0.1695,0.1686,0.1691,623977.1
2026-09-07 19:40:00,0.169,0.1691,0.1683,0.1686,548782.9
2026-09-07 19:45:00,0.1686,0.1695,0.1686,0.1693,459397.2
2026-09-07 19:50:00,0.1692,0.1702,0.1685,0.1701,669771.7
2026-09-07 19:55:00,0.17,0.1706,0.1697,0.1705,731900.0
2026-09-07 20:00:00,0.1706,0.1707,0.1697,0.1697,454626.5
2026-09-07 20:05:00,0.1698,0.1698,0.1678,0.1679,1417323.7
2026-09-07 20:10:00,0.1679,0.168,0.167,0.1671,520364.5
2026-09-07 20:15:00,0.1671,0.1678,0.1671,0.1674,377171.9
2026-09-07 20:20:00,0.1674,0.1674,0.1669,0.167,246264.3
2026-09-07 20:25:00,0.1671,0.1673,0.1666,0.1671,237530.1
2026-09-07 20:30:00,0.1671,0.1676,0.167,0.1675,162895.4
2026-09-07 20:35:00,0.1675,0.1676,0.1671,0.1671,286203.1
2026-09-07 20:40:00,0.1671,0.1673,0.167,0.1671,927854.9
2026-09-07 20:45:00,0.1671,0.1676,0.1669,0.1676,132116.0
2026-09-07 20:50:00,0.1676,0.1688,0.1676,0.1683,477365.5
2026-09-07 20:55:00,0.1684,0.169,0.1682,0.169,449690.6
2026-09-07 21:00:00,0.169,0.171,0.169,0.1705,1336236.5
2026-09-07 21:05:00,0.1705,0.1708,0.1688,0.1704,1334650.9
2026-09-07 21:10:00,0.1705,0.1705,0.1694,0.1703,698851.5
2026-09-07 21:15:00,0.1703,0.1707,0.17,0.1703,226986.5
2026-09-07 21:20:00,0.1703,0.1709,0.1701,0.1701,244234.6
2026-09-07 21:25:00,0.1701,0.1706,0.1699,0.1705,447840.5
2026-09-07 21:30:00,0.1705,0.171,0.1701,0.1704,314904.8
2026-09-07 21:35:00,0.1705,0.1709,0.1704,0.1705,158512.3
2026-09-07 21:40:00,0.1704,0.1713,0.1704,0.1708,630934.1
2026-09-07 21:45:00,0.1706,0.1707,0.1693,0.1695,689486.0
2026-09-07 21:50:00,0.1696,0.17,0.1691,0.1698,560921.2
2026-09-07 21:55:00,0.1697,0.1704,0.1696,0.1702,234630.6
2026-09-07 22:00:00,0.17,0.1701,0.1688,0.1698,944663.8
2026-09-07 22:05:00,0.1698,0.1707,0.1698,0.1702,310641.4
2026-09-07 22:10:00,0.1703,0.1706,0.1695,0.1696,336439.7
2026-09-07 22:15:00,0.1697,0.1697,0.1687,0.1689,566911.4
2026-09-07 22:20:00,0.1689,0.17,0.1688,0.1699,150178.3
2026-09-07 22:25:00,0.1698,0.1704,0.1693,0.1697,1243662.6
2026-09-07 22:30:00,0.1696,0.1696,0.1689,0.1693,295800.0
2026-09-07 22:35:00,0.1692,0.1692,0.1683,0.1685,505786.5
2026-09-07 22:40:00,0.1685,0.1694,0.1678,0.1693,496614.0
2026-09-07 22:45:00,0.1693,0.1693,0.1686,0.169,629148.0
2026-09-07 22:50:00,0.1689,0.1696,0.1685,0.1689,377315.5
2026-09-07 22:55:00,0.169,0.169,0.1686,0.1688,102195.4
2026-09-07 23:00:00,0.1689,0.1695,0.1688,0.1688,256326.2
2026-09-07 23:05:00,0.1687,0.1699,0.1686,0.1697,240614.4
2026-09-07 23:10:00,0.1696,0.1698,0.1694,0.1696,338977.8
2026-09-07 23:15:00,0.1696,0.1697,0.1687,0.1693,271329.5
2026-09-07 23:20:00,0.1692,0.1695,0.169,0.1693,273860.4
2026-09-07 23:25:00,0.1693,0.1697,0.1691,0.1693,365354.6
2026-09-07 23:30:00,0.1693,0.1698,0.1692,0.1695,419520.0
2026-09-07 23:35:00,0.1695,0.1698,0.1692,0.1693,188601.2
2026-09-07 23:40:00,0.1693,0.1693,0.1689,0.1691,174526.1
2026-09-07 23:45:00,0.1691,0.1697,0.169,0.1697,116264.5
2026-09-07 23:50:00,0.1696,0.1699,0.1694,0.1697,134958.0
2026-09-07 23:55:00,0.1697,0.1698,0.1694,0.1694,150641.3
2026-09-08 00:00:00,0.1695,0.17,0.1691,0.1691,607919.3
2026-09-08 00:05:00,0.1692,0.1696,0.169,0.1694,259622.9
2026-09-08 00:10:00,0.1694,0.1702,0.1689,0.1699,282184.2
2026-09-08 00:15:00,0.17,0.1708,0.1697,0.1698,421407.2
2026-09-08 00:20:00,0.1698,0.17,0.1696,0.1699,218406.4
2026-09-08 00:25:00,0.1698,0.1701,0.1683,0.1685,562810.1
2026-09-08 00:30:00,0.1685,0.169,0.1684,0.169,200232.5
2026-09-08 00:35:00,0.169,0.1693,0.1685,0.1691,469552.9
2026-09-08 00:40:00,0.169,0.169,0.1682,0.1683,247236.2
2026-09-08 00:45:00,0.1684,0.1687,0.1673,0.1687,1188703.0
2026-09-08 00:50:00,0.1687,0.1691,0.1685,0.1689,186528.1
2026-09-08 00:55:00,0.1689,0.1694,0.1686,0.1689,403712.6
2026-09-08 01:00:00,0.1688,0.1703,0.1687,0.1699,1150792.9
2026-09-08 01:05:00,0.17,0.1715,0.17,0.1712,696646.9
2026-09-08 01:10:00,0.1711,0.1717,0.171,0.1713,273621.4
2026-09-08 01:15:00,0.1714,0.1714,0.1703,0.1708,584354.4
2026-09-08 01:20:00,0.1708,0.1713,0.1707,0.1712,444978.7
2026-09-08 01:25:00,0.1713,0.1729,0.1712,0.1728,3213145.4
2026-09-08 01:30:00,0.1728,0.1731,0.1706,0.1706,1099560.7
2026-09-08 01:35:00,0.1706,0.1708,0.1696,0.17,1423756.8
2026-09-08 01:40:00,0.17,0.1702,0.168,0.1684,1692275.7
2026-09-08 01:45:00,0.1684,0.1695,0.1671,0.1674,5973997.1
2026-09-08 01:50:00,0.1674,0.1678,0.1666,0.1672,6558126.8
2026-09-08 01:55:00,0.1672,0.1689,0.1672,0.1686,508102.2
2026-09-08 02:00:00,0.1686,0.1691,0.168,0.1682,528980.6
2026-09-08 02:05:00,0.1683,0.1687,0.168,0.1687,390396.4
2026-09-08 02:10:00,0.1688,0.1703,0.1688,0.17,841842.0
2026-09-08 02:15:00,0.1699,0.1707,0.1697,0.17,647881.5
2026-09-08 02:20:00,0.17,0.171,0.1697,0.1704,777484.7
2026-09-08 02:25:00,0.1705,0.1705,0.1691,0.1694,463465.6
2026-09-08 02:30:00,0.1694,0.17,0.1681,0.1684,726959.3
2026-09-08 02:35:00,0.1685,0.1691,0.1682,0.1688,295645.7
2026-09-08 02:40:00,0.1688,0.1695,0.1684,0.1692,291809.7
2026-09-08 02:45:00,0.1691,0.1691,0.1681,0.1684,210999.3
2026-09-08 02:50:00,0.1684,0.1687,0.1678,0.1682,609689.6
2026-09-08 02:55:00,0.1683,0.1688,0.168,0.1685,353865.2
2026-09-08 03:00:00,0.1684,0.1689,0.168,0.1686,190197.3
2026-09-08 03:05:00,0.1686,0.1705,0.1686,0.1696,572479.7
2026-09-08 03:10:00,0.1697,0.1704,0.1693,0.1694,474862.2
2026-09-08 03:15:00,0.1693,0.1697,0.1686,0.1687,345629.6
2026-09-08 03:20:00,0.1687,0.1697,0.1686,0.1693,256299.0
2026-09-08 03:25:00,0.1692,0.1696,0.169,0.1691,441723.6
2026-09-08 03:30:00,0.1691,0.1697,0.1691,0.1695,220182.8
2026-09-08 03:35:00,0.1694,0.1701,0.1691,0.1701,362374.0
2026-09-08 03:40:00,0.1701,0.1704,0.1696,0.1699,302047.4
2026-09-08 03:45:00,0.1698,0.1698,0.1679,0.1685,845760.3
2026-09-08 03:50:00,0.1686,0.1704,0.1685,0.1701,1025934.0
2026-09-08 03:55:00,0.1702,0.1714,0.1702,0.1703,618401.3
2026-09-08 04:00:00,0.1704,0.1705,0.17,0.1702,145670.7
2026-09-08 04:05:00,0.1702,0.1716,0.1702,0.1713,679143.1
2026-09-08 04:10:00,0.1713,0.1714,0.1702,0.1704,223891.1
2026-09-08 04:15:00,0.1703,0.1711,0.1701,0.171,281859.3
2026-09-08 04:20:00,0.1711,0.1711,0.1692,0.1695,1145310.9
2026-09-08 04:25:00,0.1696,0.1702,0.1691,0.17,129442.4
2026-09-08 04:30:00,0.1701,0.1716,0.17,0.1712,478506.7
2026-09-08 04:35:00,0.1713,0.1723,0.1711,0.1715,823119.1
2026-09-08 04:40:00,0.1715,0.1717,0.1705,0.1706,612789.9
2026-09-08 04:45:00,0.1706,0.1716,0.1706,0.1716,267912.5
2026-09-08 04:50:00,0.1716,0.1722,0.1715,0.1721,263304.8
2026-09-08 04:55:00,0.1721,0.1721,0.1709,0.171,607745.2
2026-09-08 05:00:00,0.171,0.1728,0.171,0.172,732642.0
2026-09-08 05:05:00,0.1721,0.1729,0.1717,0.1726,735254.1
2026-09-08 05:10:00,0.1726,0.1762,0.1723,0.1738,4933062.4
2026-09-08 05:15:00,0.1738,0.1739,0.1726,0.1731,1103935.0
2026-09-08 05:20:00,0.173,0.1743,0.172,0.1742,815628.2
2026-09-08 05:25:00,0.1742,0.1754,0.1738,0.1739,1829480.2
2026-09-08 05:30:00,0.1739,0.1757,0.1738,0.1742,1435490.5
2026-09-08 05:35:00,0.1742,0.1765,0.1742,0.1763,1303697.3
2026-09-08 05:40:00,0.1763,0.1771,0.1758,0.1766,2343472.6
2026-09-08 05:45:00,0.1765,0.1772,0.1755,0.1769,1707655.6
2026-09-08 05:50:00,0.1768,0.1768,0.1743,0.1746,1796744.9
2026-09-08 05:55:00,0.1746,0.1751,0.1734,0.1748,1782985.1
2026-09-08 06:00:00,0.1748,0.1748,0.1712,0.1718,3387876.2
2026-09-08 06:05:00,0.1718,0.1718,0.1703,0.1707,2075197.1
2026-09-08 06:10:00,0.1707,0.1719,0.1706,0.1716,431311.2
2026-09-08 06:15:00,0.1716,0.1721,0.171,0.1715,689270.9
2026-09-08 06:20:00,0.1715,0.1733,0.1715,0.173,1100906.1
2026-09-08 06:25:00,0.1729,0.1731,0.1719,0.1724,390990.9
2026-09-08 06:30:00,0.1724,0.1737,0.1724,0.1731,673855.2
2026-09-08 06:35:00,0.173,0.1736,0.1729,0.1731,403785.1
2026-09-08 06:40:00,0.1731,0.1734,0.172,0.1727,725048.1
2026-09-08 06:45:00,0.1727,0.1728,0.1707,0.1716,996862.9
2026-09-08 06:50:00,0.1716,0.1716,0.1702,0.1703,920232.4
2026-09-08 06:55:00,0.1703,0.1726,0.1703,0.1723,746162.8
2026-09-08 07:00:00,0.1724,0.1727,0.1712,0.1712,661548.0
2026-09-08 07:05:00,0.1713,0.1722,0.171,0.1713,886826.4
2026-09-08 07:10:00,0.1713,0.1717,0.1711,0.1712,146255.7
2026-09-08 07:15:00,0.1711,0.1714,0.1704,0.1706,442156.0
2026-09-08 07:20:00,0.1707,0.1717,0.1705,0.1706,469796.3
2026-09-08 07:25:00,0.1706,0.1713,0.1702,0.1708,768977.8
2026-09-08 07:30:00,0.1708,0.1709,0.1703,0.1708,305681.9
2026-09-08 07:35:00,0.1707,0.171,0.1706,0.1709,266862.9
2026-09-08 07:40:00,0.171,0.1717,0.1706,0.1709,324280.6
2026-09-08 07:45:00,0.1708,0.1716,0.1703,0.1712,722832.7
2026-09-08 07:50:00,0.1712,0.1712,0.1703,0.1709,448709.5
2026-09-08 07:55:00,0.1709,0.1709,0.1699,0.1708,690220.9
2026-09-08 08:00:00,0.1708,0.171,0.1701,0.1707,825993.7
2026-09-08 08:05:00,0.1708,0.1713,0.1699,0.1712,722009.8
2026-09-08 08:10:00,0.1713,0.1713,0.1706,0.1708,1284776.3
2026-09-08 08:15:00,0.1708,0.1715,0.1707,0.171,390901.7
2026-09-08 08:20:00,0.1711,0.1712,0.1705,0.171,211454.6
2026-09-08 08:25:00,0.171,0.1717,0.1707,0.1711,379182.6
2026-09-08 08:30:00,0.1711,0.1725,0.1707,0.1724,736861.0
2026-09-08 08:35:00,0.1725,0.1731,0.1723,0.1729,728792.1
2026-09-08 08:40:00,0.1729,0.1729,0.1721,0.1723,277336.0
2026-09-08 08:45:00,0.1723,0.1727,0.1716,0.1724,408639.6
2026-09-08 08:50:00,0.1724,0.1724,0.1717,0.1717,256065.1
2026-09-08 08:55:00,0.1717,0.172,0.171,0.1716,318587.7
2026-09-08 09:00:00,0.1716,0.1717,0.1705,0.1706,264493.5
2026-09-08 09:05:00,0.1707,0.1716,0.1703,0.171,429091.7
2026-09-08 09:10:00,0.171,0.1721,0.1707,0.1718,483682.8
2026-09-08 09:15:00,0.1718,0.1719,0.1713,0.1716,214204.5
2026-09-08 09:20:00,0.1716,0.1717,0.1708,0.1716,207692.5
2026-09-08 09:25:00,0.1716,0.1733,0.1716,0.1729,405539.0
2026-09-08 09:30:00,0.173,0.1744,0.173,0.1733,946035.3
2026-09-08 09:35:00,0.1733,0.1735,0.1726,0.1731,470359.1
2026-09-08 09:40:00,0.1731,0.1756,0.1729,0.1755,2006546.7
2026-09-08 09:45:00,0.1754,0.1765,0.1742,0.175,3740948.3
2026-09-08 09:50:00,0.175,0.1763,0.175,0.1762,997444.5
2026-09-08 09:55:00,0.1762,0.1763,0.1742,0.1752,1445273.9
2026-09-08 10:00:00,0.1751,0.1762,0.175,0.1759,1393439.2
2026-09-08 10:05:00,0.1759,0.1778,0.1756,0.1777,1823762.0
2026-09-08 10:10:00,0.1776,0.1787,0.1767,0.1768,3316401.0
2026-09-08 10:15:00,0.1768,0.177,0.1747,0.1749,918070.5
2026-09-08 10:20:00,0.1749,0.1761,0.1749,0.1755,540462.6
2026-09-08 10:25:00,0.1756,0.1757,0.1749,0.1751,612966.7
2026-09-08 10:30:00,0.1751,0.1758,0.1743,0.1743,526632.6
2026-09-08 10:35:00,0.1742,0.1742,0.1726,0.1734,1358828.7
2026-09-08 10:40:00,0.1733,0.1748,0.1732,0.1746,862791.2
2026-09-08 10:45:00,0.1747,0.1757,0.1746,0.1748,417225.1
2026-09-08 10:50:00,0.1748,0.1749,0.1742,0.1744,371135.0
2026-09-08 10:55:00,0.1744,0.1747,0.1732,0.1742,529580.5
2026-09-08 11:00:00,0.1743,0.1747,0.1739,0.1741,130565.0
2026-09-08 11:05:00,0.1742,0.1746,0.1735,0.1739,801963.8
2026-09-08 11:10:00,0.1739,0.1745,0.1735,0.1742,494479.8
2026-09-08 11:15:00,0.1742,0.1752,0.1742,0.1752,389423.8
2026-09-08 11:20:00,0.1751,0.176,0.1745,0.1755,686112.0
2026-09-08 11:25:00,0.1754,0.1755,0.1745,0.175,492999.2
2026-09-08 11:30:00,0.1751,0.1751,0.1731,0.1734,482890.5
2026-09-08 11:35:00,0.1733,0.1738,0.1732,0.1732,397219.5
2026-09-08 11:40:00,0.1732,0.1746,0.1732,0.1743,431959.3
2026-09-08 11:45:00,0.1743,0.1743,0.1735,0.1742,392271.5
2026-09-08 11:50:00,0.1743,0.1756,0.1743,0.175,467255.2
2026-09-08 11:55:00,0.175,0.1754,0.1749,0.1754,194816.8
2026-09-08 12:00:00,0.1755,0.1761,0.1748,0.175,843439.5
2026-09-08 12:05:00,0.1751,0.1754,0.1748,0.175,458354.2
2026-09-08 12:10:00,0.175,0.175,0.1716,0.1725,2728954.2
2026-09-08 12:15:00,0.1726,0.1731,0.1707,0.1718,1317143.3
2026-09-08 12:20:00,0.1718,0.173,0.1714,0.1729,475016.5
2026-09-08 12:25:00,0.1728,0.1728,0.172,0.1722,232591.2
2026-09-08 12:30:00,0.1723,0.173,0.1719,0.1726,225482.2
2026-09-08 12:35:00,0.1727,0.1729,0.172,0.1721,361004.0
2026-09-08 12:40:00,0.1721,0.1721,0.1717,0.1717,252994.3
2026-09-08 12:45:00,0.1717,0.172,0.1711,0.172,407918.9
2026-09-08 12:50:00,0.172,0.1724,0.1718,0.1719,332382.5
2026-09-08 12:55:00,0.1718,0.1724,0.1716,0.1721,436343.9
2026-09-08 13:00:00,0.172,0.1726,0.1718,0.1723,755841.9
2026-09-08 13:05:00,0.1723,0.1724,0.1716,0.1722,260189.6
2026-09-08 13:10:00,0.1721,0.1729,0.172,0.1723,229922.0
2026-09-08 13:15:00,0.1724,0.1724,0.1714,0.1716,317900.8
2026-09-08 13:20:00,0.1716,0.1716,0.171,0.1715,199264.7
2026-09-08 13:25:00,0.1714,0.172,0.171,0.1711,120443.3
2026-09-08 13:30:00,0.1711,0.1715,0.1687,0.1691,2504013.2
2026-09-08 13:35:00,0.1691,0.1696,0.1653,0.1658,3447496.8
2026-09-08 13:40:00,0.1657,0.1697,0.1652,0.1694,2236022.6
2026-09-08 13:45:00,0.1694,0.1702,0.1691,0.1697,583863.0
2026-09-08 13:50:00,0.1697,0.1698,0.1686,0.1696,568491.6
2026-09-08 13:55:00,0.1697,0.1725,0.1697,0.172,3227841.9
2026-09-08 14:00:00,0.172,0.1728,0.1715,0.1726,712780.0
2026-09-08 14:05:00,0.1726,0.1729,0.172,0.1729,613900.5
2026-09-08 14:10:00,0.1728,0.1738,0.1725,0.173,722660.5
2026-09-08 14:15:00,0.173,0.174,0.173,0.1739,818375.2
2026-09-08 14:20:00,0.1739,0.1744,0.1724,0.1738,474685.1
2026-09-08 14:25:00,0.1738,0.1742,0.1734,0.1742,184254.8
2026-09-08 14:30:00,0.1743,0.1759,0.1728,0.1733,1306937.8
2026-09-08 14:35:00,0.1733,0.1735,0.172,0.172,402677.7
2026-09-08 14:40:00,0.172,0.1724,0.1706,0.1708,950087.9
2026-09-08 14:45:00,0.1708,0.1717,0.1703,0.1713,593664.2
2026-09-08 14:50:00,0.1712,0.1713,0.1703,0.1704,328389.6
2026-09-08 14:55:00,0.1703,0.1703,0.1684,0.169,2197208.0
2026-09-08 15:00:00,0.1689,0.1695,0.1684,0.1693,435043.3
2026-09-08 15:05:00,0.1693,0.1693,0.168,0.1691,552776.4
2026-09-08 15:10:00,0.1691,0.1694,0.1686,0.1688,444330.0
2026-09-08 15:15:00,0.1687,0.1694,0.168,0.1688,1116931.1
2026-09-08 15:20:00,0.1688,0.17,0.1678,0.168,598194.8
2026-09-08 15:25:00,0.168,0.168,0.1661,0.1667,1716141.4
2026-09-08 15:30:00,0.1668,0.1678,0.1666,0.1677,344583.8
2026-09-08 15:35:00,0.1677,0.1682,0.1673,0.1676,389895.3
2026-09-08 15:40:00,0.1676,0.1689,0.1673,0.1685,399473.9
2026-09-08 15:45:00,0.1684,0.1685,0.1672,0.1678,533105.4
2026-09-08 15:50:00,0.1678,0.1704,0.1677,0.1694,1405749.0
2026-09-08 15:55:00,0.1694,0.171,0.169,0.1705,1365493.8
2026-09-08 16:00:00,0.1704,0.1704,0.1688,0.1696,1953919.4
2026-09-08 16:05:00,0.1696,0.1711,0.1692,0.1693,541620.9
2026-09-08 16:10:00,0.1692,0.1694,0.1686,0.169,313046.5
2026-09-08 16:15:00,0.169,0.1695,0.1685,0.1692,575812.6
2026-09-08 16:20:00,0.1692,0.1697,0.1685,0.1692,329433.6
2026-09-08 16:25:00,0.1692,0.1692,0.168,0.1681,212165.0
2026-09-08 16:30:00,0.1681,0.1688,0.1681,0.1687,171960.7
2026-09-08 16:35:00,0.1687,0.1694,0.1686,0.1691,150739.9
2026-09-08 16:40:00,0.1692,0.1695,0.1686,0.1688,146587.1
2026-09-08 16:45:00,0.1688,0.1691,0.1686,0.1688,197763.0
2026-09-08 16:50:00,0.1688,0.169,0.1676,0.1676,356338.7
2026-09-08 16:55:00,0.1675,0.1679,0.1671,0.1677,253510.1
2026-09-08 17:00:00,0.1677,0.1684,0.1677,0.1684,623254.3
2026-09-08 17:05:00,0.1685,0.17,0.1685,0.169,748668.6
2026-09-08 17:10:00,0.1689,0.1693,0.1684,0.1687,127097.7
2026-09-08 17:15:00,0.1687,0.169,0.1687,0.1688,137938.4
2026-09-08 17:20:00,0.1688,0.1688,0.1682,0.1682,192264.4
2026-09-08 17:25:00,0.1682,0.169,0.1682,0.1689,103419.7
2026-09-08 17:30:00,0.1689,0.1692,0.1684,0.1686,47596.1
2026-09-08 17:35:00,0.1687,0.1694,0.1687,0.1693,136266.9
2026-09-08 17:40:00,0.1692,0.1694,0.1682,0.1683,533086.9
2026-09-08 17:45:00,0.1683,0.1685,0.1676,0.168,189760.4
2026-09-08 17:50:00,0.1679,0.1686,0.1678,0.1686,316565.0
2026-09-08 17:55:00,0.1685,0.1685,0.1679,0.168,31550.0
2026-09-08 18:00:00,0.1679,0.1682,0.1669,0.1671,423485.6
2026-09-08 18:05:00,0.1673,0.1691,0.1672,0.1688,224455.4
2026-09-08 18:10:00,0.1687,0.169,0.1683,0.169,281133.3
2026-09-08 18:15:00,0.1689,0.1695,0.1686,0.1688,270941.0
2026-09-08 18:20:00,0.1688,0.1692,0.1688,0.169,44296.8
2026-09-08 18:25:00,0.169,0.169,0.1685,0.1687,205958.9
2026-09-08 18:30:00,0.1687,0.1701,0.1687,0.1698,388170.6
2026-09-08 18:35:00,0.1698,0.1698,0.1689,0.1691,115435.9
2026-09-08 18:40:00,0.169,0.1693,0.1688,0.169,239400.5
2026-09-08 18:45:00,0.1691,0.1696,0.1679,0.1681,403691.9
2026-09-08 18:50:00,0.1681,0.1683,0.1669,0.167,582015.2
2026-09-08 18:55:00,0.1671,0.1679,0.1671,0.1677,179884.1
2026-09-08 19:00:00,0.1677,0.1686,0.1672,0.1674,443284.1
2026-09-08 19:05:00,0.1674,0.168,0.167,0.1679,302670.5
2026-09-08 19:10:00,0.168,0.1683,0.1679,0.1679,82887.7
2026-09-08 19:15:00,0.168,0.1696,0.168,0.1692,592895.0
2026-09-08 19:20:00,0.1691,0.1692,0.1679,0.168,504077.7
2026-09-08 19:25:00,0.168,0.1683,0.1677,0.1683,141043.2
2026-09-08 19:30:00,0.1684,0.1689,0.168,0.1687,155621.8
2026-09-08 19:35:00,0.1687,0.1692,0.1685,0.1689,95352.6
2026-09-08 19:40:00,0.1688,0.1693,0.1686,0.169,95242.8
2026-09-08 19:45:00,0.169,0.1693,0.1677,0.1684,304409.2
2026-09-08 19:50:00,0.1683,0.1683,0.1676,0.1676,146697.1
2026-09-08 19:55:00,0.1676,0.1684,0.1675,0.1684,63631.8
2026-09-08 20:00:00,0.1684,0.1688,0.1676,0.1677,241266.0
2026-09-08 20:05:00,0.1678,0.1703,0.1676,0.1694,1109630.8
2026-09-08 20:10:00,0.1693,0.1693,0.1686,0.1688,384311.1
2026-09-08 20:15:00,0.1688,0.1695,0.1681,0.1692,340371.3
2026-09-08 20:20:00,0.1691,0.17,0.1688,0.1693,395278.1
2026-09-08 20:25:00,0.1693,0.1698,0.1691,0.1693,520822.2
2026-09-08 20:30:00,0.1694,0.1695,0.1689,0.1694,248602.0
2026-09-08 20:35:00,0.1695,0.1703,0.1693,0.1694,471851.0
2026-09-08 20:40:00,0.1695,0.1695,0.1682,0.1685,552056.2
2026-09-08 20:45:00,0.1685,0.1687,0.1679,0.1681,157517.5
2026-09-08 20:50:00,0.168,0.1682,0.1677,0.1678,30801.0
2026-09-08 20:55:00,0.1678,0.1691,0.1678,0.1689,187496.7
2026-09-08 21:00:00,0.1689,0.1696,0.1686,0.1692,152427.3
2026-09-08 21:05:00,0.1692,0.1692,0.1685,0.1685,175830.7
2026-09-08 21:10:00,0.1684,0.1687,0.1683,0.1685,195626.0
2026-09-08 21:15:00,0.1685,0.169,0.1682,0.1682,188156.1
2026-09-08 21:20:00,0.1682,0.1684,0.1678,0.1684,652478.1
2026-09-08 21:25:00,0.1684,0.1686,0.1679,0.168,95454.3
2026-09-08 21:30:00,0.1681,0.1683,0.1673,0.1673,344459.0
2026-09-08 21:35:00,0.1674,0.1676,0.1669,0.1669,308851.9
2026-09-08 21:40:00,0.167,0.1677,0.1659,0.1672,618238.1
2026-09-08 21:45:00,0.1673,0.1675,0.1672,0.1673,324806.0
2026-09-08 21:50:00,0.1672,0.1672,0.1666,0.1668,129785.3
2026-09-08 21:55:00,0.1668,0.1674,0.1668,0.1673,70120.0
2026-09-08 22:00:00,0.1673,0.1683,0.1672,0.1675,248647.4
2026-09-08 22:05:00,0.1674,0.1674,0.1663,0.1664,100698.2
2026-09-08 22:10:00,0.1664,0.1674,0.166,0.1669,346852.3
2026-09-08 22:15:00,0.167,0.1676,0.167,0.1672,263192.2
2026-09-08 22:20:00,0.1672,0.1672,0.1665,0.1667,165237.8
2026-09-08 22:25:00,0.1666,0.167,0.1666,0.1667,127370.8
2026-09-08 22:30:00,0.1666,0.1666,0.1662,0.1663,47977.6
2026-09-08 22:35:00,0.1662,0.1662,0.1657,0.166,310192.1
2026-09-08 22:40:00,0.1659,0.1663,0.1656,0.1661,247146.3
2026-09-08 22:45:00,0.1661,0.1666,0.1661,0.1662,198878.1
2026-09-08 22:50:00,0.1663,0.1664,0.1659,0.1659,47575.5
2026-09-08 22:55:00,0.1659,0.1662,0.1657,0.1658,146458.5
2026-09-08 23:00:00,0.1659,0.1661,0.1657,0.1659,158610.2
2026-09-08 23:05:00,0.1659,0.1661,0.1658,0.1659,27883.0
2026-09-08 23:10:00,0.1658,0.1658,0.1644,0.1647,817389.5
2026-09-08 23:15:00,0.1647,0.1654,0.1645,0.1652,161691.3
2026-09-08 23:20:00,0.1652,0.1657,0.1648,0.1657,205715.9
2026-09-08 23:25:00,0.1658,0.166,0.1655,0.1659,166122.0
2026-09-08 23:30:00,0.1658,0.1658,0.1649,0.1651,126423.3
2026-09-08 23:35:00,0.165,0.1655,0.1648,0.1652,78755.6
2026-09-08 23:40:00,0.1653,0.1653,0.1647,0.1648,135003.3
2026-09-08 23:45:00,0.1647,0.165,0.1641,0.165,756299.4
2026-09-08 23:50:00,0.1649,0.1653,0.1647,0.1649,234072.8
2026-09-08 23:55:00,0.165,0.1651,0.1649,0.165,67847.4
2026-09-09 00:00:00,0.1649,0.1658,0.1649,0.1657,122479.2
2026-09-09 00:05:00,0.1658,0.1663,0.1657,0.166,133908.4
2026-09-09 00:10:00,0.1661,0.1664,0.1657,0.166,202740.4
2026-09-09 00:15:00,0.1659,0.166,0.165,0.1652,467503.8
2026-09-09 00:20:00,0.1652,0.1654,0.1645,0.1648,260173.5
2026-09-09 00:25:00,0.1649,0.1649,0.1644,0.1645,83109.7
2026-09-09 00:30:00,0.1645,0.1645,0.1634,0.1643,1053364.7
2026-09-09 00:35:00,0.1643,0.1644,0.1638,0.1641,117016.3
2026-09-09 00:40:00,0.1642,0.1643,0.1627,0.164,438809.1
2026-09-09 00:45:00,0.164,0.165,0.1639,0.165,268144.6
2026-09-09 00:50:00,0.1649,0.1649,0.1645,0.1646,286613.2
2026-09-09 00:55:00,0.1647,0.1649,0.1643,0.1648,494372.8
2026-09-09 01:00:00,0.1649,0.165,0.1637,0.1638,341254.6
2026-09-09 01:05:00,0.1639,0.1641,0.1637,0.164,103816.6
2026-09-09 01:10:00,0.1641,0.1647,0.164,0.1645,245257.7
2026-09-09 01:15:00,0.1645,0.1645,0.1639,0.164,54714.9
2026-09-09 01:20:00,0.1641,0.1647,0.164,0.1647,58482.8
2026-09-09 01:25:00,0.1648,0.1649,0.1641,0.1643,144114.5
2026-09-09 01:30:00,0.1643,0.1649,0.1642,0.1649,292391.7
2026-09-09 01:35:00,0.1649,0.1654,0.1647,0.1648,171039.6
2026-09-09 01:40:00,0.1649,0.1651,0.1644,0.1648,185469.8
2026-09-09 01:45:00,0.1648,0.165,0.1646,0.1648,113747.1
2026-09-09 01:50:00,0.1649,0.1651,0.1646,0.165,158511.4
2026-09-09 01:55:00,0.1649,0.1656,0.1646,0.1655,434366.1
2026-09-09 02:00:00,0.1654,0.1655,0.1647,0.165,194711.6
2026-09-09 02:05:00,0.1649,0.1656,0.1646,0.1654,126430.8
2026-09-09 02:10:00,0.1655,0.1657,0.1648,0.1651,127376.2
2026-09-09 02:15:00,0.1652,0.1669,0.1651,0.1661,1375378.5
2026-09-09 02:20:00,0.166,0.1672,0.166,0.1669,308920.0
2026-09-09 02:25:00,0.1668,0.1668,0.1662,0.1667,154466.6
2026-09-09 02:30:00,0.1667,0.1668,0.1663,0.1663,66885.1
2026-09-09 02:35:00,0.1662,0.1666,0.166,0.1664,73831.6
2026-09-09 02:40:00,0.1664,0.1669,0.1662,0.1665,174737.6
2026-09-09 02:45:00,0.1664,0.1665,0.1662,0.1662,177820.6
2026-09-09 02:50:00,0.1661,0.1664,0.1661,0.1662,100343.5
2026-09-09 02:55:00,0.1661,0.1662,0.1658,0.1661,219334.3
2026-09-09 03:00:00,0.166,0.1661,0.165,0.1655,565676.4
2026-09-09 03:05:00,0.1655,0.1663,0.1653,0.1656,471593.9
2026-09-09 03:10:00,0.1656,0.1659,0.1655,0.1657,95920.3
2026-09-09 03:15:00,0.1656,0.1659,0.165,0.1651,431481.5
2026-09-09 03:20:00,0.1651,0.1654,0.1649,0.1649,119297.1
2026-09-09 03:25:00,0.1649,0.1665,0.1648,0.1659,458101.2
2026-09-09 03:30:00,0.1659,0.166,0.1651,0.1652,683636.8
2026-09-09 03:35:00,0.1652,0.1654,0.165,0.1651,176772.7
2026-09-09 03:40:00,0.165,0.1653,0.1649,0.1653,38595.3
2026-09-09 03:45:00,0.1653,0.1655,0.1652,0.1654,114000.1
2026-09-09 03:50:00,0.1653,0.1653,0.1649,0.1651,240299.5
2026-09-09 03:55:00,0.1652,0.1652,0.1643,0.165,610618.7
2026-09-09 04:00:00,0.165,0.1659,0.165,0.1657,277123.2
2026-09-09 04:05:00,0.1658,0.1658,0.1652,0.1653,340806.0
2026-09-09 04:10:00,0.1653,0.1664,0.165,0.1661,568393.5
2026-09-09 04:15:00,0.1661,0.1664,0.1659,0.1664,161527.3
2026-09-09 04:20:00,0.1664,0.1664,0.1659,0.1664,105237.6
2026-09-09 04:25:00,0.1665,0.1677,0.166,0.1677,981368.6
2026-09-09 04:30:00,0.1677,0.1688,0.1669,0.1671,551275.4
2026-09-09 04:35:00,0.167,0.1679,0.1669,0.1675,222340.4
2026-09-09 04:40:00,0.1675,0.1687,0.1673,0.1686,359154.3
2026-09-09 04:45:00,0.1685,0.1686,0.1678,0.1684,533051.4
2026-09-09 04:50:00,0.1684,0.1694,0.1679,0.1683,1104731.1
2026-09-09 04:55:00,0.1684,0.1687,0.1681,0.1686,390224.4
2026-09-09 05:00:00,0.1686,0.1686,0.1675,0.168,446022.1
2026-09-09 05:05:00,0.168,0.168,0.1676,0.1678,125265.7
2026-09-09 05:10:00,0.1678,0.1681,0.1674,0.1681,322240.6
2026-09-09 05:15:00,0.168,0.1682,0.1678,0.168,248834.9
2026-09-09 05:20:00,0.168,0.1682,0.1677,0.1681,147631.5
2026-09-09 05:25:00,0.1681,0.1682,0.1678,0.1678,93776.1
2026-09-09 05:30:00,0.1679,0.1679,0.1669,0.1669,479173.5
2026-09-09 05:35:00,0.167,0.1675,0.1661,0.1666,430448.2
2026-09-09 05:40:00,0.1666,0.1668,0.1663,0.1664,253097.8
2026-09-09 05:45:00,0.1664,0.1665,0.1659,0.1663,330534.0
2026-09-09 05:50:00,0.1663,0.1668,0.1662,0.1667,200148.8
2026-09-09 05:55:00,0.1667,0.1667,0.1664,0.1665,115530.8
2026-09-09 06:00:00,0.1664,0.1668,0.1663,0.1667,200454.0
2026-09-09 06:05:00,0.1667,0.1685,0.1667,0.1685,624163.6
2026-09-09 06:10:00,0.1685,0.1718,0.1685,0.1716,1550607.1
2026-09-09 06:15:00,0.1715,0.172,0.1706,0.171,1053053.4
2026-09-09 06:20:00,0.1709,0.1718,0.1707,0.171,345308.2
2026-09-09 06:25:00,0.171,0.1713,0.1703,0.1712,732574.7
2026-09-09 06:30:00,0.1713,0.1728,0.1711,0.1727,1207392.6
2026-09-09 06:35:00,0.1726,0.1738,0.1721,0.1738,1536589.9
2026-09-09 06:40:00,0.1738,0.174,0.1731,0.1739,1266798.0
2026-09-09 06:45:00,0.1739,0.1741,0.1734,0.1741,1096879.0
2026-09-09 06:50:00,0.1741,0.1748,0.1738,0.1747,717558.1
2026-09-09 06:55:00,0.1747,0.1747,0.1722,0.1724,1044929.1
2026-09-09 07:00:00,0.1723,0.1724,0.1711,0.1715,1056267.1
2026-09-09 07:05:00,0.1715,0.1719,0.1713,0.1713,486991.1
2026-09-09 07:10:00,0.1714,0.1716,0.1705,0.1707,565078.7
2026-09-09 07:15:00,0.1707,0.171,0.1703,0.1704,179375.1
2026-09-09 07:20:00,0.1704,0.1706,0.1698,0.1701,522585.4
2026-09-09 07:25:00,0.17,0.1704,0.1699,0.1703,244372.5
2026-09-09 07:30:00,0.1702,0.1703,0.17,0.1702,138083.8
2026-09-09 07:35:00,0.1702,0.1702,0.1698,0.1698,494106.3
2026-09-09 07:40:00,0.1698,0.1699,0.1693,0.1694,707065.2
2026-09-09 07:45:00,0.1694,0.1699,0.1688,0.1698,367473.3
2026-09-09 07:50:00,0.1698,0.1712,0.1698,0.1708,272571.3
2026-09-09 07:55:00,0.1707,0.1711,0.1705,0.1709,245314.7
2026-09-09 08:00:00,0.1708,0.171,0.1695,0.1695,1128938.2
2026-09-09 08:05:00,0.1696,0.1701,0.1689,0.1697,3663352.2
2026-09-09 08:10:00,0.1697,0.1704,0.1695,0.1697,425913.5
2026-09-09 08:15:00,0.1697,0.1701,0.1697,0.1701,118616.3
2026-09-09 08:20:00,0.1702,0.1714,0.1701,0.1714,380061.3
2026-09-09 08:25:00,0.1714,0.1715,0.1706,0.1711,443672.4
2026-09-09 08:30:00,0.171,0.1711,0.1706,0.1706,254432.3
2026-09-09 08:35:00,0.1705,0.1709,0.1703,0.1706,189518.6
2026-09-09 08:40:00,0.1706,0.1708,0.1702,0.1703,157071.4
2026-09-09 08:45:00,0.1704,0.1704,0.17,0.1701,242683.6
2026-09-09 08:50:00,0.17,0.1703,0.1698,0.1699,173981.5
2026-09-09 08:55:00,0.1699,0.1703,0.1698,0.1698,147980.3
2026-09-09 09:00:00,0.1698,0.1705,0.1696,0.1702,156554.6
2026-09-09 09:05:00,0.1703,0.1704,0.1699,0.1699,116854.8
2026-09-09 09:10:00,0.1699,0.17,0.1694,0.1696,237454.0
2026-09-09 09:15:00,0.1696,0.1697,0.1691,0.1692,142602.4
2026-09-09 09:20:00,0.1693,0.1708,0.1692,0.1706,1460624.0
2026-09-09 09:25:00,0.1706,0.1715,0.1706,0.1713,5816711.3
2026-09-09 09:30:00,0.1713,0.1715,0.1711,0.1711,991069.0
2026-09-09 09:35:00,0.1712,0.1715,0.1711,0.1714,808297.1
2026-09-09 09:40:00,0.1714,0.1718,0.1711,0.1715,4204534.5
2026-09-09 09:45:00,0.1715,0.1719,0.1702,0.1717,16322958.9
2026-09-09 09:50:00,0.1716,0.1724,0.1704,0.1711,7335468.9
2026-09-09 09:55:00,0.1711,0.1713,0.1661,0.1666,7511852.8
2026-09-09 10:00:00,0.1667,0.1676,0.1663,0.1672,2256862.4
2026-09-09 10:05:00,0.1672,0.1674,0.1661,0.1667,6208313.6
2026-09-09 10:10:00,0.1667,0.1673,0.1653,0.1671,2613404.9
2026-09-09 10:15:00,0.1671,0.1686,0.167,0.1682,4521126.6
2026-09-09 10:20:00,0.1681,0.1684,0.1661,0.167,1821830.4
2026-09-09 10:25:00,0.1669,0.1669,0.1655,0.1664,1314851.1
2026-09-09 10:30:00,0.1663,0.1666,0.1661,0.1665,1914309.3
2026-09-09 10:35:00,0.1666,0.1668,0.1664,0.1667,1291944.6
2026-09-09 10:40:00,0.1668,0.1669,0.1662,0.1667,659831.0
2026-09-09 10:45:00,0.1667,0.1667,0.1657,0.1659,1107595.0
2026-09-09 10:50:00,0.1659,0.1662,0.1645,0.1656,1904581.6
2026-09-09 10:55:00,0.1657,0.1661,0.1653,0.1658,387289.5
2026-09-09 11:00:00,0.1659,0.1661,0.1652,0.1659,454725.0
2026-09-09 11:05:00,0.166,0.1661,0.165,0.1652,687774.5
2026-09-09 11:10:00,0.1652,0.1652,0.1645,0.1647,667077.1
2026-09-09 11:15:00,0.1648,0.165,0.1634,0.1644,1778146.7
2026-09-09 11:20:00,0.1643,0.1654,0.1641,0.1654,744143.1
2026-09-09 11:25:00,0.1655,0.1656,0.165,0.1654,262267.5
2026-09-09 11:30:00,0.1653,0.1658,0.1653,0.1656,343114.3
2026-09-09 11:35:00,0.1656,0.1659,0.1655,0.1659,540600.4
2026-09-09 11:40:00,0.1658,0.1663,0.1655,0.1661,512328.4
2026-09-09 11:45:00,0.1662,0.1665,0.166,0.1664,112411.9
2026-09-09 11:50:00,0.1664,0.1671,0.1664,0.1669,1372914.0
2026-09-09 11:55:00,0.1669,0.167,0.1666,0.1666,354086.9
2026-09-09 12:00:00,0.1665,0.1673,0.1664,0.1671,1903513.4
2026-09-09 12:05:00,0.1671,0.1674,0.1669,0.1673,324606.8
2026-09-09 12:10:00,0.1674,0.1675,0.1673,0.1674,250370.4
2026-09-09 12:15:00,0.1674,0.1679,0.1674,0.1674,331930.2
2026-09-09 12:20:00,0.1675,0.1678,0.1669,0.1671,270054.8
2026-09-09 12:25:00,0.1671,0.1676,0.167,0.1675,227502.7
2026-09-09 12:30:00,0.1676,0.1681,0.1675,0.1681,98027.8
2026-09-09 12:35:00,0.168,0.1683,0.1677,0.1678,277162.1
2026-09-09 12:40:00,0.1678,0.1682,0.1673,0.1675,331758.1
2026-09-09 12:45:00,0.1676,0.1682,0.1676,0.1676,436937.3
2026-09-09 12:50:00,0.1677,0.1677,0.1673,0.1676,624468.5
2026-09-09 12:55:00,0.1677,0.1678,0.1674,0.1675,262625.1
2026-09-09 13:00:00,0.1674,0.1686,0.1672,0.1683,615753.3
2026-09-09 13:05:00,0.1684,0.1686,0.1675,0.1677,124642.9
2026-09-09 13:10:00,0.1677,0.1677,0.1663,0.1669,717710.2
2026-09-09 13:15:00,0.1669,0.1672,0.1665,0.1669,672175.7
2026-09-09 13:20:00,0.1669,0.1672,0.1666,0.1667,206536.6
2026-09-09 13:25:00,0.1667,0.167,0.1664,0.1668,416588.3
2026-09-09 13:30:00,0.1667,0.167,0.1665,0.1669,345080.6
2026-09-09 13:35:00,0.1669,0.1669,0.1652,0.1654,1219672.4
2026-09-09 13:40:00,0.1654,0.1658,0.1642,0.1649,1139336.8
2026-09-09 13:45:00,0.1649,0.1655,0.1646,0.1652,771499.2
2026-09-09 13:50:00,0.1653,0.1655,0.1651,0.1651,165281.5
2026-09-09 13:55:00,0.1651,0.1653,0.1647,0.165,884218.2
2026-09-09 14:00:00,0.1649,0.1659,0.1646,0.1657,753470.3
2026-09-09 14:05:00,0.1658,0.1662,0.1644,0.1644,459897.4
2026-09-09 14:10:00,0.1644,0.1655,0.1611,0.1634,12297690.9
2026-09-09 14:15:00,0.1633,0.1637,0.1622,0.1626,1210113.5
2026-09-09 14:20:00,0.1627,0.1629,0.1622,0.1626,799096.3
2026-09-09 14:25:00,0.1626,0.1635,0.1605,0.1634,3039669.1
2026-09-09 14:30:00,0.1634,0.1635,0.1624,0.1628,833837.0
2026-09-09 14:35:00,0.1627,0.163,0.1623,0.1629,734123.3
2026-09-09 14:40:00,0.1629,0.1632,0.1626,0.1628,861315.7
2026-09-09 14:45:00,0.1628,0.1636,0.1624,0.1634,705042.2
2026-09-09 14:50:00,0.1636,0.1638,0.1626,0.1627,308958.9
2026-09-09 14:55:00,0.1627,0.1636,0.1624,0.1636,271139.4
2026-09-09 15:00:00,0.1637,0.1646,0.1617,0.1626,1756420.5
2026-09-09 15:05:00,0.1626,0.1629,0.1604,0.1626,2733317.5
2026-09-09 15:10:00,0.1626,0.1627,0.1616,0.1618,1002857.8
2026-09-09 15:15:00,0.1617,0.1626,0.1607,0.1614,854411.8
2026-09-09 15:20:00,0.1615,0.1617,0.1554,0.156,7360789.6
2026-09-09 15:25:00,0.156,0.1573,0.1554,0.1566,3264999.3
2026-09-09 15:30:00,0.1566,0.1574,0.1559,0.1563,1453070.8
2026-09-09 15:35:00,0.1564,0.1572,0.1548,0.1561,1992892.3
2026-09-09 15:40:00,0.1562,0.1565,0.1554,0.1558,1180008.8
2026-09-09 15:45:00,0.1559,0.1565,0.1554,0.1561,977283.9
2026-09-09 15:50:00,0.156,0.1562,0.1528,0.1538,13548895.8
2026-09-09 15:55:00,0.1538,0.1542,0.1527,0.1535,7664267.2
2026-09-09 16:00:00,0.1536,0.1558,0.1532,0.1551,2351459.8
2026-09-09 16:05:00,0.1551,0.1557,0.1536,0.1536,3479233.9
2026-09-09 16:10:00,0.1537,0.1537,0.153,0.1535,5198802.3
2026-09-09 16:15:00,0.1535,0.1538,0.1525,0.1533,2753246.7
2026-09-09 16:20:00,0.1532,0.1537,0.1523,0.1528,6332999.2
2026-09-09 16:25:00,0.1528,0.1533,0.1518,0.152,11830347.0
2026-09-09 16:30:00,0.152,0.153,0.1516,0.1524,3645904.3
2026-09-09 16:35:00,0.1523,0.1532,0.1517,0.1521,4349695.5
2026-09-09 16:40:00,0.1521,0.1524,0.1516,0.1523,3893796.7
2026-09-09 16:45:00,0.1522,0.1525,0.1516,0.1517,3565144.8
2026-09-09 16:50:00,0.1518,0.152,0.1503,0.1512,5171646.3
2026-09-09 16:55:00,0.1512,0.1518,0.1506,0.1512,3019596.3
2026-09-09 17:00:00,0.1512,0.1522,0.1511,0.152,1550468.2
2026-09-09 17:05:00,0.152,0.152,0.1507,0.1513,7074520.6
2026-09-09 17:10:00,0.1513,0.1522,0.1509,0.1514,3859430.0
2026-09-09 17:15:00,0.1514,0.1516,0.1508,0.1513,3980635.9
2026-09-09 17:20:00,0.1513,0.1533,0.1512,0.1533,1148749.6
2026-09-09 17:25:00,0.1532,0.154,0.1531,0.1535,967716.9
2026-09-09 17:30:00,0.1536,0.1542,0.1531,0.1536,1821989.8
2026-09-09 17:35:00,0.1536,0.1542,0.1533,0.1533,1173654.1
2026-09-09 17:40:00,0.1532,0.1542,0.1526,0.1539,851459.4
2026-09-09 17:45:00,0.1539,0.1544,0.1535,0.1543,560203.8
2026-09-09 17:50:00,0.1543,0.1551,0.154,0.155,1007180.9
2026-09-09 17:55:00,0.155,0.1551,0.1546,0.1548,639449.6
2026-09-09 18:00:00,0.1548,0.155,0.1542,0.1549,781103.7
2026-09-09 18:05:00,0.155,0.1551,0.1533,0.1538,1566779.2
2026-09-09 18:10:00,0.1539,0.155,0.1536,0.1548,409016.2
2026-09-09 18:15:00,0.1547,0.1548,0.1537,0.1537,518723.7
2026-09-09 18:20:00,0.1538,0.1543,0.1538,0.1541,330917.2
2026-09-09 18:25:00,0.1542,0.1548,0.1541,0.1543,213287.1
2026-09-09 18:30:00,0.1543,0.1547,0.1542,0.1546,170528.9
2026-09-09 18:35:00,0.1546,0.1554,0.1543,0.1546,1651103.2
2026-09-09 18:40:00,0.1546,0.1548,0.1545,0.1548,565160.1
2026-09-09 18:45:00,0.1547,0.1548,0.1543,0.1545,823620.9
2026-09-09 18:50:00,0.1545,0.1545,0.1535,0.1536,1179333.5
2026-09-09 18:55:00,0.1536,0.1543,0.1536,0.1537,536508.4
2026-09-09 19:00:00,0.1537,0.1542,0.1532,0.1533,634014.3
2026-09-09 19:05:00,0.1533,0.1538,0.1531,0.1536,1180413.2
2026-09-09 19:10:00,0.1536,0.1541,0.1535,0.1536,172299.5
2026-09-09 19:15:00,0.1536,0.1539,0.1536,0.1537,233501.2
2026-09-09 19:20:00,0.1537,0.154,0.1535,0.1535,243383.5
2026-09-09 19:25:00,0.1535,0.1538,0.1533,0.1535,318889.9
2026-09-09 19:30:00,0.1535,0.1535,0.1527,0.153,121062.4
2026-09-09 19:35:00,0.1529,0.153,0.1519,0.1522,1151062.2
2026-09-09 19:40:00,0.1522,0.1522,0.1514,0.1518,1060209.6
2026-09-09 19:45:00,0.1518,0.1519,0.1516,0.1517,467888.6
2026-09-09 19:50:00,0.1516,0.1518,0.1505,0.1513,2734023.6
2026-09-09 19:55:00,0.1514,0.1514,0.1508,0.1513,747783.1
2026-09-09 20:00:00,0.1513,0.152,0.1504,0.1505,1504680.1
2026-09-09 20:05:00,0.1506,0.1514,0.1505,0.1506,582548.8
2026-09-09 20:10:00,0.1507,0.1509,0.1503,0.1509,343083.2
2026-09-09 20:15:00,0.1509,0.1515,0.1508,0.151,395679.4
2026-09-09 20:20:00,0.151,0.151,0.1495,0.1502,1913952.6
2026-09-09 20:25:00,0.1503,0.1508,0.1496,0.1504,2212886.2
2026-09-09 20:30:00,0.1505,0.1513,0.1505,0.151,527287.0
2026-09-09 20:35:00,0.1509,0.1513,0.1508,0.1509,310619.7
2026-09-09 20:40:00,0.1509,0.1512,0.1505,0.1506,380130.1
2026-09-09 20:45:00,0.1507,0.1508,0.1499,0.1503,457602.8
2026-09-09 20:50:00,0.1502,0.151,0.1502,0.1505,1298931.0
2026-09-09 20:55:00,0.1504,0.151,0.15,0.1508,480817.8
2026-09-09 21:00:00,0.1509,0.151,0.1503,0.1505,586439.7
2026-09-09 21:05:00,0.1505,0.1512,0.1505,0.1508,479991.4
2026-09-09 21:10:00,0.1509,0.1512,0.1507,0.1508,400826.0
2026-09-09 21:15:00,0.1508,0.1511,0.1503,0.1505,452981.0
2026-09-09 21:20:00,0.1505,0.1511,0.1504,0.1511,187595.6
2026-09-09 21:25:00,0.1511,0.1525,0.1511,0.1524,968074.5
2026-09-09 21:30:00,0.1525,0.1525,0.1513,0.1513,104190.7
2026-09-09 21:35:00,0.1513,0.1515,0.151,0.1513,193218.7
2026-09-09 21:40:00,0.1513,0.1519,0.1513,0.1518,131451.3
2026-09-09 21:45:00,0.1518,0.1525,0.1507,0.1508,1472632.0
2026-09-09 21:50:00,0.1508,0.1524,0.1508,0.1522,343098.7
2026-09-09 21:55:00,0.1522,0.1525,0.1518,0.1525,292710.8
2026-09-09 22:00:00,0.1524,0.1529,0.1519,0.1523,344343.1
2026-09-09 22:05:00,0.1524,0.1525,0.15,0.1515,2512245.6
2026-09-09 22:10:00,0.1516,0.1523,0.1513,0.1514,1178978.0
2026-09-09 22:15:00,0.1514,0.1521,0.1514,0.1521,279188.8
2026-09-09 22:20:00,0.1521,0.1528,0.152,0.1525,594348.5
2026-09-09 22:25:00,0.1526,0.1529,0.1515,0.1518,1927809.2
2026-09-09 22:30:00,0.1519,0.1519,0.1515,0.1517,475038.2
2026-09-09 22:35:00,0.1517,0.152,0.1515,0.1518,120244.5
2026-09-09 22:40:00,0.1518,0.1518,0.1515,0.1517,202640.1
2026-09-09 22:45:00,0.1517,0.1517,0.1508,0.1508,401340.4
2026-09-09 22:50:00,0.1509,0.1517,0.1507,0.1516,832673.0
2026-09-09 22:55:00,0.1516,0.1519,0.1513,0.1517,283131.5
2026-09-09 23:00:00,0.1517,0.1529,0.1516,0.1529,563681.6
2026-09-09 23:05:00,0.1529,0.1531,0.1525,0.1527,431987.1
2026-09-09 23:10:00,0.1527,0.1535,0.1527,0.1533,437825.7
2026-09-09 23:15:00,0.1533,0.1537,0.1527,0.1534,842323.6
2026-09-09 23:20:00,0.1535,0.1536,0.1531,0.1532,535003.0
2026-09-09 23:25:00,0.1532,0.1533,0.1529,0.1533,233481.8
2026-09-09 23:30:00,0.1532,0.1534,0.1531,0.1534,236388.6
2026-09-09 23:35:00,0.1534,0.154,0.1533,0.1537,373851.8
2026-09-09 23:40:00,0.1537,0.1537,0.1514,0.1525,1124965.2
2026-09-09 23:45:00,0.1525,0.1529,0.1524,0.1529,137932.8
2026-09-09 23:50:00,0.1528,0.1529,0.1496,0.15,1425844.8
2026-09-09 23:55:00,0.15,0.1501,0.1479,0.1495,2396182.5
2026-09-10 00:00:00,0.1495,0.1503,0.1492,0.1501,711728.1
2026-09-10 00:05:00,0.1502,0.1506,0.1486,0.1489,1610320.7
2026-09-10 00:10:00,0.1489,0.15,0.1485,0.1492,1358378.0
2026-09-10 00:15:00,0.1493,0.1497,0.1481,0.1483,827502.5
2026-09-10 00:20:00,0.1483,0.1487,0.1481,0.1482,460202.9
2026-09-10 00:25:00,0.1482,0.1493,0.1478,0.1491,827613.3
2026-09-10 00:30:00,0.1491,0.1491,0.1485,0.1487,370600.5
2026-09-10 00:35:00,0.1487,0.1491,0.1485,0.1485,162636.9
2026-09-10 00:40:00,0.1485,0.1485,0.1478,0.1481,496242.3
2026-09-10 00:45:00,0.1482,0.1485,0.1478,0.1483,576647.2
2026-09-10 00:50:00,0.1483,0.1483,0.1476,0.1481,1050475.9
2026-09-10 00:55:00,0.1481,0.1487,0.1478,0.1479,2810386.7
2026-09-10 01:00:00,0.1479,0.1491,0.1479,0.149,886006.0
2026-09-10 01:05:00,0.1491,0.1493,0.1482,0.1486,799783.2
2026-09-10 01:10:00,0.1486,0.1487,0.1483,0.1483,291557.6
2026-09-10 01:15:00,0.1483,0.1483,0.1471,0.1478,1743427.6
2026-09-10 01:20:00,0.1477,0.1481,0.147,0.1475,1061859.7
2026-09-10 01:25:00,0.1475,0.1479,0.1466,0.1466,688356.9
2026-09-10 01:30:00,0.1467,0.1469,0.146,0.1464,1232116.3
2026-09-10 01:35:00,0.1464,0.1467,0.1456,0.1458,1208691.3
2026-09-10 01:40:00,0.1459,0.1468,0.1458,0.1464,1086902.1
2026-09-10 01:45:00,0.1464,0.1464,0.1457,0.1459,614143.9
2026-09-10 01:50:00,0.146,0.1463,0.1456,0.146,311125.0
2026-09-10 01:55:00,0.146,0.1467,0.146,0.1464,752606.1
2026-09-10 02:00:00,0.1464,0.1471,0.1461,0.1467,342102.5
2026-09-10 02:05:00,0.1466,0.1468,0.1464,0.1464,142413.1
2026-09-10 02:10:00,0.1465,0.1465,0.146,0.1462,161815.6
2026-09-10 02:15:00,0.1462,0.1465,0.1461,0.1463,357845.0
2026-09-10 02:20:00,0.1464,0.1469,0.1463,0.1466,286465.3
2026-09-10 02:25:00,0.1466,0.1472,0.1466,0.147,161011.0
2026-09-10 02:30:00,0.147,0.1483,0.147,0.1483,673352.3
2026-09-10 02:35:00,0.1483,0.1486,0.1478,0.1485,618962.0
2026-09-10 02:40:00,0.1486,0.1487,0.1483,0.1486,498725.2
2026-09-10 02:45:00,0.1487,0.1489,0.1483,0.1488,207109.1
2026-09-10 02:50:00,0.1488,0.1493,0.1487,0.1492,374463.9
2026-09-10 02:55:00,0.1492,0.1496,0.1491,0.1494,528921.9
2026-09-10 03:00:00,0.1494,0.1497,0.1493,0.1496,291165.5
2026-09-10 03:05:00,0.1496,0.1506,0.1496,0.1504,810584.6
2026-09-10 03:10:00,0.1505,0.1509,0.1502,0.1503,431958.7
2026-09-10 03:15:00,0.1503,0.1506,0.1501,0.1505,485529.5
2026-09-10 03:20:00,0.1505,0.1507,0.1499,0.1501,480957.4
2026-09-10 03:25:00,0.1501,0.1506,0.1501,0.1506,441764.2
2026-09-10 03:30:00,0.1507,0.1508,0.1503,0.1504,228774.6
2026-09-10 03:35:00,0.1503,0.1505,0.1498,0.1505,127293.3
2026-09-10 03:40:00,0.1506,0.151,0.1503,0.1504,394263.9
2026-09-10 03:45:00,0.1505,0.1509,0.1505,0.1509,244281.4
2026-09-10 03:50:00,0.1508,0.151,0.1502,0.1507,470773.7
2026-09-10 03:55:00,0.1507,0.1507,0.1504,0.1507,354978.9
2026-09-10 04:00:00,0.1506,0.1506,0.1502,0.1505,52759.5
2026-09-10 04:05:00,0.1505,0.1508,0.1502,0.1503,114929.3
2026-09-10 04:10:00,0.1502,0.1504,0.1499,0.1502,196963.9
2026-09-10 04:15:00,0.1501,0.1513,0.15,0.1511,297060.4
2026-09-10 04:20:00,0.1511,0.1516,0.1508,0.1508,214214.8
2026-09-10 04:25:00,0.1508,0.1511,0.1507,0.1509,114915.7
2026-09-10 04:30:00,0.1509,0.1512,0.1508,0.1512,136775.4
2026-09-10 04:35:00,0.1512,0.1514,0.1509,0.1514,224438.6
2026-09-10 04:40:00,0.1514,0.1516,0.1512,0.1512,239103.2
2026-09-10 04:45:00,0.1513,0.1517,0.1512,0.1514,699789.5
2026-09-10 04:50:00,0.1514,0.1514,0.1507,0.1513,500865.4
2026-09-10 04:55:00,0.1513,0.1521,0.1509,0.1516,934202.3
2026-09-10 05:00:00,0.1515,0.1519,0.1503,0.1504,458596.9
2026-09-10 05:05:00,0.1505,0.1509,0.1502,0.1509,464828.1
2026-09-10 05:10:00,0.1509,0.1529,0.1508,0.1523,3771697.1
2026-09-10 05:15:00,0.1522,0.1522,0.151,0.1513,493536.5
2026-09-10 05:20:00,0.1512,0.1512,0.1509,0.1509,225740.4
2026-09-10 05:25:00,0.1508,0.1515,0.1506,0.1515,286520.5
2026-09-10 05:30:00,0.1515,0.1523,0.1512,0.1523,676279.0
2026-09-10 05:35:00,0.1523,0.1532,0.1522,0.1523,1167612.8
2026-09-10 05:40:00,0.1522,0.1523,0.1518,0.152,280400.0
2026-09-10 05:45:00,0.152,0.1524,0.1519,0.152,373663.8
2026-09-10 05:50:00,0.1519,0.1522,0.1518,0.1521,194045.4
2026-09-10 05:55:00,0.152,0.152,0.1517,0.152,194134.1
2026-09-10 06:00:00,0.1519,0.1519,0.15,0.1504,3780838.5
2026-09-10 06:05:00,0.1504,0.1506,0.1503,0.1505,313759.8
2026-09-10 06:10:00,0.1505,0.1506,0.1502,0.1503,297941.3
2026-09-10 06:15:00,0.1503,0.1504,0.1498,0.1502,700320.6
2026-09-10 06:20:00,0.1502,0.1502,0.1498,0.15,358751.3
2026-09-10 06:25:00,0.1499,0.1508,0.1498,0.1508,239199.8
2026-09-10 06:30:00,0.1509,0.1512,0.1506,0.1508,469945.0
2026-09-10 06:35:00,0.1507,0.1509,0.1505,0.1508,210849.0
2026-09-10 06:40:00,0.1507,0.1509,0.1501,0.1501,315989.5
2026-09-10 06:45:00,0.1502,0.1506,0.1502,0.1506,150986.7
2026-09-10 06:50:00,0.1507,0.151,0.1504,0.1504,523292.3
2026-09-10 06:55:00,0.1504,0.1507,0.1504,0.1505,216652.5
2026-09-10 07:00:00,0.1505,0.1506,0.1501,0.1502,207098.4
2026-09-10 07:05:00,0.1502,0.1502,0.1498,0.15,256768.3
2026-09-10 07:10:00,0.1501,0.1503,0.1499,0.1502,107796.1
2026-09-10 07:15:00,0.1502,0.1503,0.1493,0.1496,1705271.8
2026-09-10 07:20:00,0.1496,0.1496,0.1491,0.1491,158285.5
2026-09-10 07:25:00,0.1492,0.1495,0.1492,0.1492,103424.6
2026-09-10 07:30:00,0.1491,0.1491,0.1488,0.1489,199512.8
2026-09-10 07:35:00,0.1489,0.149,0.1482,0.1484,807113.2
2026-09-10 07:40:00,0.1484,0.1487,0.1481,0.1484,368984.8
2026-09-10 07:45:00,0.1484,0.1489,0.1484,0.1489,615329.5
2026-09-10 07:50:00,0.1489,0.15,0.1489,0.1499,488317.6
2026-09-10 07:55:00,0.1498,0.15,0.1494,0.1495,290354.2
2026-09-10 08:00:00,0.1496,0.1498,0.149,0.1491,589347.3
2026-09-10 08:05:00,0.1491,0.1504,0.1491,0.1503,517326.0
2026-09-10 08:10:00,0.1504,0.1507,0.1496,0.1496,595138.0
2026-09-10 08:15:00,0.1495,0.1501,0.1494,0.15,459062.4
2026-09-10 08:20:00,0.1499,0.1504,0.1498,0.1498,308835.1
2026-09-10 08:25:00,0.1498,0.1499,0.1493,0.1499,315552.3
2026-09-10 08:30:00,0.1498,0.1501,0.1495,0.15,538918.4
2026-09-10 08:35:00,0.15,0.15,0.1497,0.1499,170396.7
2026-09-10 08:40:00,0.1499,0.1499,0.1493,0.1494,154430.9
2026-09-10 08:45:00,0.1494,0.1497,0.1492,0.1496,308417.1
2026-09-10 08:50:00,0.1496,0.1496,0.1493,0.1494,130814.5
2026-09-10 08:55:00,0.1494,0.1494,0.1489,0.1491,873555.8
2026-09-10 09:00:00,0.1491,0.1492,0.1484,0.1487,456503.8
2026-09-10 09:05:00,0.1488,0.1489,0.1481,0.1482,243564.7
2026-09-10 09:10:00,0.1482,0.1488,0.1481,0.1485,344996.4
2026-09-10 09:15:00,0.1485,0.1494,0.1485,0.1492,352768.6
2026-09-10 09:20:00,0.1491,0.1492,0.149,0.1491,136316.8
2026-09-10 09:25:00,0.1491,0.1492,0.1488,0.1488,229872.3
2026-09-10 09:30:00,0.1488,0.1489,0.1481,0.1484,459983.5
2026-09-10 09:35:00,0.1484,0.1484,0.1482,0.1483,215343.7
2026-09-10 09:40:00,0.1483,0.1485,0.148,0.1483,550359.0
2026-09-10 09:45:00,0.1484,0.1487,0.1482,0.1486,409970.9
2026-09-10 09:50:00,0.1486,0.1495,0.1485,0.1495,614873.9
2026-09-10 09:55:00,0.1495,0.1497,0.149,0.1495,387454.8
2026-09-10 10:00:00,0.1495,0.1503,0.1493,0.15,603591.5
2026-09-10 10:05:00,0.1499,0.1503,0.1495,0.1496,279634.6
2026-09-10 10:10:00,0.1497,0.1502,0.1497,0.1501,479759.4
2026-09-10 10:15:00,0.15,0.1501,0.1498,0.15,132818.8
2026-09-10 10:20:00,0.15,0.1501,0.1497,0.1497,216335.8
2026-09-10 10:25:00,0.1497,0.1498,0.1496,0.1496,153180.0
2026-09-10 10:30:00,0.1497,0.1497,0.1486,0.1488,531059.5
2026-09-10 10:35:00,0.1489,0.1498,0.1489,0.1494,545767.8
2026-09-10 10:40:00,0.1495,0.1496,0.1492,0.1494,188610.9
2026-09-10 10:45:00,0.1494,0.1494,0.1484,0.1487,473995.5
2026-09-10 10:50:00,0.1487,0.1487,0.1482,0.1482,177643.5
2026-09-10 10:55:00,0.1483,0.1486,0.1477,0.1478,768349.4
2026-09-10 11:00:00,0.1478,0.1481,0.1477,0.1479,435839.0
2026-09-10 11:05:00,0.1479,0.1481,0.1475,0.1477,683944.5
2026-09-10 11:10:00,0.1477,0.148,0.1476,0.1477,176621.9
2026-09-10 11:15:00,0.1478,0.1482,0.1478,0.1481,286148.2
2026-09-10 11:20:00,0.1482,0.1486,0.1482,0.1486,215488.4
2026-09-10 11:25:00,0.1486,0.1489,0.1484,0.1486,200964.2
2026-09-10 11:30:00,0.1485,0.1486,0.1479,0.1483,866031.3
2026-09-10 11:35:00,0.1484,0.1489,0.1481,0.1489,584784.9
2026-09-10 11:40:00,0.1489,0.149,0.1486,0.1488,438481.1
2026-09-10 11:45:00,0.1488,0.1488,0.1479,0.1484,472273.4
2026-09-10 11:50:00,0.1483,0.1487,0.1477,0.1484,496834.1
2026-09-10 11:55:00,0.1485,0.1485,0.1482,0.1482,188476.1
2026-09-10 12:00:00,0.1482,0.1485,0.1482,0.1485,94929.2
2026-09-10 12:05:00,0.1485,0.1486,0.1479,0.1482,225142.0
2026-09-10 12:10:00,0.1481,0.1482,0.1477,0.1478,340903.4
2026-09-10 12:15:00,0.1477,0.1481,0.1477,0.148,169968.5
2026-09-10 12:20:00,0.1481,0.1482,0.1478,0.1478,544221.6
2026-09-10 12:25:00,0.1478,0.148,0.1475,0.148,258456.6
2026-09-10 12:30:00,0.148,0.1492,0.1474,0.1485,2572523.6
2026-09-10 12:35:00,0.1485,0.1492,0.148,0.1484,891137.3
2026-09-10 12:40:00,0.1485,0.1492,0.1483,0.1487,757560.7
2026-09-10 12:45:00,0.1488,0.1488,0.1456,0.1475,6267608.8
2026-09-10 12:50:00,0.1475,0.1486,0.1473,0.1475,1510974.2
2026-09-10 12:55:00,0.1475,0.1483,0.1472,0.1482,985198.9
2026-09-10 13:00:00,0.1482,0.1491,0.148,0.1481,1321118.0
2026-09-10 13:05:00,0.1482,0.1484,0.1477,0.1481,575963.6
2026-09-10 13:10:00,0.1481,0.1485,0.1475,0.1477,1431705.2
2026-09-10 13:15:00,0.1477,0.148,0.1471,0.1478,514869.9
2026-09-10 13:20:00,0.1479,0.1488,0.1479,0.1488,790636.1
2026-09-10 13:25:00,0.1488,0.1493,0.1481,0.1488,895498.4
2026-09-10 13:30:00,0.1487,0.1488,0.1484,0.1487,608686.2
2026-09-10 13:35:00,0.1487,0.1498,0.1482,0.149,1001825.3
2026-09-10 13:40:00,0.149,0.1493,0.1487,0.1492,391015.0
2026-09-10 13:45:00,0.1493,0.1501,0.1493,0.15,1451661.8
2026-09-10 13:50:00,0.1499,0.15,0.1489,0.149,1033892.1
2026-09-10 13:55:00,0.149,0.1496,0.1484,0.1496,761462.7
2026-09-10 14:00:00,0.1496,0.1528,0.1495,0.1524,2751726.1
2026-09-10 14:05:00,0.1525,0.1532,0.1515,0.152,1457594.9
2026-09-10 14:10:00,0.1521,0.1527,0.1515,0.1518,1430966.5
2026-09-10 14:15:00,0.1518,0.152,0.1503,0.1514,1245335.4
2026-09-10 14:20:00,0.1514,0.1517,0.1508,0.1513,653645.0
2026-09-10 14:25:00,0.1513,0.152,0.1513,0.1514,484383.8
2026-09-10 14:30:00,0.1515,0.1523,0.1514,0.1518,295388.0
2026-09-10 14:35:00,0.1518,0.1533,0.1518,0.1532,1175760.6
2026-09-10 14:40:00,0.1531,0.1537,0.1525,0.1529,1288991.1
2026-09-10 14:45:00,0.1528,0.1528,0.1521,0.1521,329296.8
2026-09-10 14:50:00,0.1521,0.1522,0.1518,0.1519,567702.2
2026-09-10 14:55:00,0.152,0.1522,0.1518,0.1522,210020.8
2026-09-10 15:00:00,0.1521,0.1522,0.1511,0.1512,444891.2
2026-09-10 15:05:00,0.1511,0.1535,0.1511,0.1529,672500.2
2026-09-10 15:10:00,0.1529,0.1529,0.1517,0.1517,695188.5
2026-09-10 15:15:00,0.1518,0.1521,0.1508,0.1508,455624.8
2026-09-10 15:20:00,0.1509,0.1512,0.1502,0.151,583307.2
2026-09-10 15:25:00,0.1509,0.151,0.1494,0.1494,810670.9
2026-09-10 15:30:00,0.1495,0.1507,0.1495,0.1504,572640.6
2026-09-10 15:35:00,0.1504,0.1514,0.1504,0.1506,346111.3
2026-09-10 15:40:00,0.1506,0.1508,0.1504,0.1506,394668.6
2026-09-10 15:45:00,0.1506,0.1509,0.1499,0.1503,581340.5
2026-09-10 15:50:00,0.1502,0.1503,0.1496,0.1496,456891.2
2026-09-10 15:55:00,0.1497,0.15,0.1495,0.15,711254.0
2026-09-10 16:00:00,0.1499,0.1506,0.1498,0.15,526243.7
2026-09-10 16:05:00,0.15,0.1503,0.1479,0.1484,4641249.5
2026-09-10 16:10:00,0.1484,0.1498,0.1481,0.1488,801352.4
2026-09-10 16:15:00,0.1488,0.1489,0.1482,0.1483,461577.3
2026-09-10 16:20:00,0.1483,0.1491,0.1483,0.1484,404555.1
2026-09-10 16:25:00,0.1484,0.1489,0.1483,0.1486,506000.0
2026-09-10 16:30:00,0.1486,0.1488,0.1478,0.148,684459.7
2026-09-10 16:35:00,0.1479,0.1485,0.1475,0.1476,1169910.9
2026-09-10 16:40:00,0.1476,0.1479,0.147,0.1476,344581.2
2026-09-10 16:45:00,0.1477,0.1484,0.1473,0.1479,298057.5
2026-09-10 16:50:00,0.1479,0.1485,0.1478,0.1483,365963.0
2026-09-10 16:55:00,0.1483,0.1485,0.1482,0.1484,61657.3
2026-09-10 17:00:00,0.1483,0.1483,0.1479,0.1482,188207.8
2026-09-10 17:05:00,0.1482,0.1483,0.148,0.1481,120495.9
2026-09-10 17:10:00,0.1481,0.1485,0.148,0.1483,336299.2
2026-09-10 17:15:00,0.1483,0.1485,0.1482,0.1482,116926.0
2026-09-10 17:20:00,0.1483,0.1487,0.1481,0.1486,369446.3
2026-09-10 17:25:00,0.1486,0.1489,0.1483,0.1487,355281.5
2026-09-10 17:30:00,0.1487,0.1491,0.1485,0.1491,397127.5
2026-09-10 17:35:00,0.1491,0.1492,0.1485,0.1485,608178.9
2026-09-10 17:40:00,0.1485,0.1486,0.1483,0.1485,415804.6
2026-09-10 17:45:00,0.1485,0.1492,0.1481,0.1487,594421.1
2026-09-10 17:50:00,0.1487,0.1504,0.1487,0.15,599880.3
2026-09-10 17:55:00,0.1499,0.1506,0.1495,0.1503,287591.4
2026-09-10 18:00:00,0.1502,0.1502,0.1491,0.1493,358996.7
2026-09-10 18:05:00,0.1493,0.1496,0.1488,0.1488,314627.6
2026-09-10 18:10:00,0.1489,0.1493,0.1487,0.149,255766.9
2026-09-10 18:15:00,0.149,0.1494,0.1487,0.1487,123228.2
2026-09-10 18:20:00,0.1488,0.1501,0.1488,0.1494,395045.9
2026-09-10 18:25:00,0.1494,0.1496,0.1492,0.1494,339043.5
2026-09-10 18:30:00,0.1494,0.1497,0.1493,0.1497,174085.3
2026-09-10 18:35:00,0.1496,0.1503,0.1494,0.1503,392087.3
2026-09-10 18:40:00,0.1503,0.1504,0.1498,0.1499,226397.5
2026-09-10 18:45:00,0.15,0.1501,0.1485,0.1489,619045.9
2026-09-10 18:50:00,0.149,0.1502,0.1489,0.1501,144830.7
2026-09-10 18:55:00,0.1502,0.1504,0.1498,0.15,164051.5
2026-09-10 19:00:00,0.15,0.15,0.1489,0.149,436583.6
2026-09-10 19:05:00,0.1491,0.1491,0.1478,0.1483,912501.0
2026-09-10 19:10:00,0.1483,0.1487,0.1478,0.1482,406071.3
2026-09-10 19:15:00,0.1483,0.1488,0.1482,0.1482,232403.4
2026-09-10 19:20:00,0.1483,0.1486,0.1479,0.1486,542897.1
2026-09-10 19:25:00,0.1486,0.1496,0.1486,0.1491,548713.7
2026-09-10 19:30:00,0.1491,0.1492,0.1487,0.1488,203320.9
2026-09-10 19:35:00,0.1488,0.1492,0.1483,0.1488,419645.3
2026-09-10 19:40:00,0.1488,0.1492,0.1487,0.1489,330132.8
2026-09-10 19:45:00,0.1489,0.149,0.148,0.1484,267772.2
2026-09-10 19:50:00,0.1485,0.1485,0.1475,0.1477,973203.4
2026-09-10 19:55:00,0.1478,0.148,0.1474,0.1475,236614.0
2026-09-10 20:00:00,0.1475,0.1479,0.1475,0.1479,114002.1
2026-09-10 20:05:00,0.1479,0.1484,0.1477,0.1483,271645.7
2026-09-10 20:10:00,0.1483,0.1485,0.1479,0.1483,891978.6
2026-09-10 20:15:00,0.1484,0.1486,0.1479,0.1485,984426.4
2026-09-10 20:20:00,0.1485,0.1485,0.1478,0.1479,195079.2
2026-09-10 20:25:00,0.148,0.1481,0.1478,0.148,60042.5
2026-09-10 20:30:00,0.1481,0.1483,0.1475,0.1476,685267.0
2026-09-10 20:35:00,0.1476,0.1476,0.1468,0.147,314746.7
2026-09-10 20:40:00,0.147,0.1472,0.1468,0.147,332023.8
2026-09-10 20:45:00,0.1471,0.1485,0.147,0.1483,219509.8
2026-09-10 20:50:00,0.1483,0.1489,0.1482,0.1489,318435.0
2026-09-10 20:55:00,0.1488,0.1489,0.1482,0.1482,165987.8
2026-09-10 21:00:00,0.1483,0.1486,0.1481,0.1482,118268.3
2026-09-10 21:05:00,0.1483,0.1486,0.1481,0.1484,92843.7
2026-09-10 21:10:00,0.1484,0.1487,0.1481,0.1481,179087.3
2026-09-10 21:15:00,0.1482,0.1482,0.1473,0.1473,256818.5
2026-09-10 21:20:00,0.1473,0.1475,0.1471,0.1473,320891.9
2026-09-10 21:25:00,0.1473,0.1475,0.1472,0.1473,141796.4
2026-09-10 21:30:00,0.1473,0.1474,0.1468,0.147,378179.8
2026-09-10 21:35:00,0.147,0.147,0.146,0.1462,319422.9
2026-09-10 21:40:00,0.1463,0.147,0.1461,0.1469,241743.7
2026-09-10 21:45:00,0.1469,0.1474,0.1469,0.147,67714.9
2026-09-10 21:50:00,0.1471,0.1472,0.1467,0.1468,109829.3
2026-09-10 21:55:00,0.1468,0.1468,0.1465,0.1465,100397.2
2026-09-10 22:00:00,0.1466,0.147,0.1463,0.1468,197041.4
2026-09-10 22:05:00,0.1468,0.1472,0.1466,0.1471,37704.0
2026-09-10 22:10:00,0.1471,0.1471,0.1462,0.1466,306778.3
2026-09-10 22:15:00,0.1466,0.147,0.1466,0.1468,103958.4
2026-09-10 22:20:00,0.1468,0.147,0.1466,0.1468,31721.9
2026-09-10 22:25:00,0.1467,0.147,0.1463,0.1463,139296.7
2026-09-10 22:30:00,0.1463,0.1464,0.1418,0.142,5436735.9
2026-09-10 22:35:00,0.142,0.1437,0.1419,0.1433,754588.2
2026-09-10 22:40:00,0.1434,0.1434,0.1422,0.1427,807614.6
2026-09-10 22:45:00,0.1427,0.1434,0.1424,0.1428,337033.4
2026-09-10 22:50:00,0.1429,0.1431,0.1423,0.1427,565289.8
2026-09-10 22:55:00,0.1427,0.143,0.1423,0.1424,389910.4
2026-09-10 23:00:00,0.1424,0.1432,0.1423,0.1429,406168.3
2026-09-10 23:05:00,0.1429,0.1434,0.1425,0.1428,474688.0
2026-09-10 23:10:00,0.1429,0.1429,0.1419,0.142,975674.3
2026-09-10 23:15:00,0.142,0.143,0.1417,0.1429,983903.5
2026-09-10 23:20:00,0.143,0.1432,0.1424,0.1424,337081.3
2026-09-10 23:25:00,0.1425,0.1429,0.1423,0.1427,337067.2
2026-09-10 23:30:00,0.1427,0.143,0.1414,0.1417,1269568.5
2026-09-10 23:35:00,0.1417,0.1417,0.1407,0.1408,3224148.4
2026-09-10 23:40:00,0.1409,0.141,0.1403,0.1406,989598.6
2026-09-10 23:45:00,0.1407,0.1408,0.14,0.1401,1032933.5
2026-09-10 23:50:00,0.1401,0.1404,0.1399,0.1401,564230.8
2026-09-10 23:55:00,0.1401,0.1401,0.1396,0.1398,551475.4
2026-09-11 00:00:00,0.1399,0.1416,0.1399,0.1412,487963.0
2026-09-11 00:05:00,0.1412,0.1419,0.141,0.1411,240746.3
2026-09-11 00:10:00,0.1412,0.1415,0.1407,0.141,106277.8
2026-09-11 00:15:00,0.1411,0.1415,0.141,0.1413,250714.1
2026-09-11 00:20:00,0.1413,0.1417,0.1411,0.1411,215636.5
2026-09-11 00:25:00,0.1411,0.1418,0.141,0.1417,179221.3
2026-09-11 00:30:00,0.1418,0.142,0.1412,0.1419,502243.3
2026-09-11 00:35:00,0.1419,0.1422,0.1416,0.1421,301182.7
2026-09-11 00:40:00,0.1421,0.1421,0.1418,0.1419,135838.3
2026-09-11 00:45:00,0.1419,0.1433,0.1418,0.1429,536861.5
2026-09-11 00:50:00,0.143,0.1437,0.1429,0.1434,312243.4
2026-09-11 00:55:00,0.1435,0.1436,0.1431,0.1434,194728.6
2026-09-11 01:00:00,0.1434,0.1442,0.1431,0.1441,389470.9
2026-09-11 01:05:00,0.1442,0.1443,0.1436,0.1441,107087.0
2026-09-11 01:10:00,0.144,0.144,0.1435,0.1435,519121.9
2026-09-11 01:15:00,0.1436,0.1438,0.1434,0.1435,115656.4
2026-09-11 01:20:00,0.1436,0.1438,0.1431,0.1437,492582.6
2026-09-11 01:25:00,0.1438,0.1439,0.1432,0.1433,47393.4
2026-09-11 01:30:00,0.1434,0.1435,0.1423,0.1428,570485.4
2026-09-11 01:35:00,0.1428,0.1436,0.1424,0.1425,794093.6
2026-09-11 01:40:00,0.1425,0.143,0.142,0.143,394321.5
2026-09-11 01:45:00,0.143,0.1437,0.1424,0.1431,503530.3
2026-09-11 01:50:00,0.1432,0.1433,0.143,0.1431,185838.0
2026-09-11 01:55:00,0.1432,0.1438,0.143,0.1438,187457.6
2026-09-11 02:00:00,0.1439,0.144,0.1433,0.144,309407.3
2026-09-11 02:05:00,0.1439,0.1444,0.1437,0.1438,236349.3
2026-09-11 02:10:00,0.1438,0.1442,0.1436,0.1441,666024.0
2026-09-11 02:15:00,0.1441,0.1441,0.1433,0.1435,215353.4
2026-09-11 02:20:00,0.1435,0.144,0.1434,0.1435,197106.6
2026-09-11 02:25:00,0.1436,0.1437,0.1433,0.1434,186568.6
2026-09-11 02:30:00,0.1434,0.1436,0.1432,0.1434,362319.3
2026-09-11 02:35:00,0.1434,0.1437,0.1431,0.1436,395155.8
2026-09-11 02:40:00,0.1436,0.1439,0.1434,0.1435,297455.3
2026-09-11 02:45:00,0.1436,0.1444,0.1435,0.1442,397083.8
2026-09-11 02:50:00,0.1443,0.1446,0.1435,0.1437,331840.9
2026-09-11 02:55:00,0.1438,0.1447,0.1437,0.1446,501424.1
2026-09-11 03:00:00,0.1446,0.1446,0.1441,0.1441,166217.9
2026-09-11 03:05:00,0.1442,0.1442,0.1436,0.1437,102613.3
2026-09-11 03:10:00,0.1438,0.1451,0.1438,0.1449,673736.4
2026-09-11 03:15:00,0.1449,0.1455,0.1449,0.145,928007.0
2026-09-11 03:20:00,0.145,0.1459,0.1448,0.1455,714228.8
2026-09-11 03:25:00,0.1456,0.1459,0.145,0.1451,656765.8
2026-09-11 03:30:00,0.1451,0.1451,0.1444,0.1449,247633.8
2026-09-11 03:35:00,0.1449,0.1468,0.1448,0.1464,1161783.9
2026-09-11 03:40:00,0.1464,0.1465,0.146,0.1462,201615.4
2026-09-11 03:45:00,0.1463,0.1463,0.1458,0.146,177293.9
2026-09-11 03:50:00,0.146,0.1461,0.1457,0.1461,157254.5
2026-09-11 03:55:00,0.1461,0.1464,0.146,0.1462,210176.2
2026-09-11 04:00:00,0.1461,0.1463,0.1457,0.146,285015.3
2026-09-11 04:05:00,0.146,0.1463,0.1458,0.1461,112074.2
2026-09-11 04:10:00,0.1462,0.1466,0.1461,0.1463,384224.3
2026-09-11 04:15:00,0.1464,0.147,0.1462,0.1464,778081.8
2026-09-11 04:20:00,0.1464,0.1475,0.1462,0.1473,647886.4
2026-09-11 04:25:00,0.1473,0.1476,0.1471,0.1475,338725.0
2026-09-11 04:30:00,0.1476,0.1478,0.1471,0.1477,331999.5
2026-09-11 04:35:00,0.1478,0.1486,0.1476,0.1484,1211199.7
2026-09-11 04:40:00,0.1484,0.1497,0.1482,0.1486,928164.9
2026-09-11 04:45:00,0.1487,0.1487,0.1481,0.1484,268309.9
2026-09-11 04:50:00,0.1485,0.1485,0.1477,0.1479,182719.7
2026-09-11 04:55:00,0.1479,0.1481,0.1476,0.1477,130212.9
2026-09-11 05:00:00,0.1478,0.1479,0.1474,0.1474,227590.8
2026-09-11 05:05:00,0.1475,0.1476,0.1473,0.1473,43153.4
2026-09-11 05:10:00,0.1474,0.1474,0.1466,0.1471,537548.8
2026-09-11 05:15:00,0.1472,0.1473,0.1467,0.1468,158248.0
2026-09-11 05:20:00,0.1468,0.147,0.1464,0.1467,328591.8
2026-09-11 05:25:00,0.1467,0.1468,0.1459,0.146,455170.7
2026-09-11 05:30:00,0.146,0.1466,0.1455,0.1462,668158.1
2026-09-11 05:35:00,0.1462,0.1466,0.146,0.1464,396226.8
2026-09-11 05:40:00,0.1464,0.1466,0.146,0.1464,183424.8
2026-09-11 05:45:00,0.1464,0.1468,0.1461,0.1467,49525.3
2026-09-11 05:50:00,0.1467,0.1471,0.1466,0.1469,261646.0
2026-09-11 05:55:00,0.147,0.1472,0.1468,0.1471,167313.3
2026-09-11 06:00:00,0.1472,0.1472,0.1463,0.1463,214958.2
2026-09-11 06:05:00,0.1464,0.1465,0.1461,0.1462,75343.6
2026-09-11 06:10:00,0.1463,0.1463,0.1458,0.146,150270.8
2026-09-11 06:15:00,0.146,0.1464,0.1457,0.146,266255.4
2026-09-11 06:20:00,0.146,0.1462,0.1451,0.1452,492821.4
2026-09-11 06:25:00,0.1453,0.1454,0.1449,0.1451,372124.3
2026-09-11 06:30:00,0.1451,0.1451,0.1444,0.1446,694762.4
2026-09-11 06:35:00,0.1447,0.1449,0.1444,0.1448,55816.1
2026-09-11 06:40:00,0.1448,0.1448,0.1441,0.1445,175405.0
2026-09-11 06:45:00,0.1446,0.1453,0.1446,0.1451,195980.0
2026-09-11 06:50:00,0.1452,0.1453,0.1448,0.1449,188444.1
2026-09-11 06:55:00,0.145,0.145,0.1447,0.1448,91886.1
2026-09-11 07:00:00,0.1448,0.1452,0.1445,0.145,412012.6
2026-09-11 07:05:00,0.1451,0.1451,0.1446,0.1449,223547.3
2026-09-11 07:10:00,0.1449,0.1454,0.1449,0.1453,248171.8
2026-09-11 07:15:00,0.1452,0.1459,0.145,0.1454,463504.8
2026-09-11 07:20:00,0.1455,0.1458,0.1452,0.1455,670998.4
2026-09-11 07:25:00,0.1455,0.1455,0.145,0.1452,236130.9
2026-09-11 07:30:00,0.1452,0.1452,0.1442,0.1445,507273.1
2026-09-11 07:35:00,0.1446,0.1446,0.1444,0.1446,104909.9
2026-09-11 07:40:00,0.1446,0.1448,0.1444,0.1447,399041.1
2026-09-11 07:45:00,0.1446,0.1447,0.1443,0.1444,78080.7
2026-09-11 07:50:00,0.1445,0.1445,0.1435,0.1439,666881.4
2026-09-11 07:55:00,0.1439,0.1441,0.1438,0.1439,69697.7
2026-09-11 08:00:00,0.1439,0.144,0.1436,0.1439,83961.2
2026-09-11 08:05:00,0.1439,0.1443,0.1436,0.1436,284205.5
2026-09-11 08:10:00,0.1436,0.144,0.1436,0.1439,226756.5
2026-09-11 08:15:00,0.1439,0.1447,0.1439,0.1441,158381.4
2026-09-11 08:20:00,0.1442,0.1449,0.144,0.1447,327190.1
2026-09-11 08:25:00,0.1447,0.1447,0.1442,0.1443,123075.3
2026-09-11 08:30:00,0.1443,0.1452,0.1443,0.1448,332953.4
2026-09-11 08:35:00,0.1448,0.1448,0.1443,0.1446,197513.3
2026-09-11 08:40:00,0.1447,0.1447,0.1444,0.1446,51269.3
2026-09-11 08:45:00,0.1446,0.1447,0.1441,0.1443,180149.0
2026-09-11 08:50:00,0.1443,0.1444,0.1433,0.1435,336196.7
2026-09-11 08:55:00,0.1435,0.1436,0.1432,0.1433,445931.1
2026-09-11 09:00:00,0.1434,0.1441,0.1433,0.1434,842099.2
2026-09-11 09:05:00,0.1434,0.1435,0.1431,0.1434,496244.4
2026-09-11 09:10:00,0.1434,0.1434,0.1427,0.1428,337002.3
2026-09-11 09:15:00,0.1429,0.1433,0.1426,0.1427,521870.3
2026-09-11 09:20:00,0.1427,0.143,0.1424,0.1424,696118.0
2026-09-11 09:25:00,0.1425,0.1429,0.1424,0.1427,383826.5
2026-09-11 09:30:00,0.1427,0.1429,0.1426,0.1427,100122.3
2026-09-11 09:35:00,0.1428,0.1431,0.1417,0.1419,893995.1
2026-09-11 09:40:00,0.1418,0.1418,0.1414,0.1417,525621.8
2026-09-11 09:45:00,0.1417,0.1425,0.1414,0.1421,611571.3
2026-09-11 09:50:00,0.142,0.1425,0.1417,0.1419,427096.1
2026-09-11 09:55:00,0.142,0.1423,0.1418,0.142,97446.9
2026-09-11 10:00:00,0.1421,0.1427,0.1416,0.1425,231467.2
2026-09-11 10:05:00,0.1425,0.1425,0.1419,0.142,318927.4
2026-09-11 10:10:00,0.1421,0.1421,0.1415,0.1417,242938.0
2026-09-11 10:15:00,0.1418,0.1423,0.1416,0.1422,99647.7
2026-09-11 10:20:00,0.1421,0.1422,0.1415,0.1416,413758.4
2026-09-11 10:25:00,0.1416,0.1416,0.141,0.141,268247.1
2026-09-11 10:30:00,0.1411,0.1414,0.1397,0.1409,3747768.3
2026-09-11 10:35:00,0.141,0.1411,0.1406,0.1407,453208.4
2026-09-11 10:40:00,0.1407,0.1407,0.1403,0.1406,240132.7
2026-09-11 10:45:00,0.1407,0.1408,0.1403,0.1406,357601.3
2026-09-11 10:50:00,0.1405,0.1408,0.1404,0.1406,200140.3
2026-09-11 10:55:00,0.1406,0.1406,0.1401,0.1402,547638.6
2026-09-11 11:00:00,0.1403,0.1404,0.1387,0.139,2503912.4
2026-09-11 11:05:00,0.139,0.1391,0.1383,0.1386,1063326.3
2026-09-11 11:10:00,0.1386,0.1389,0.1381,0.1387,511425.2
2026-09-11 11:15:00,0.1387,0.1392,0.1387,0.1387,416267.8
2026-09-11 11:20:00,0.1388,0.1392,0.1385,0.1392,591844.6
2026-09-11 11:25:00,0.1392,0.1397,0.1391,0.1393,581073.3
2026-09-11 11:30:00,0.1392,0.1399,0.1392,0.1397,381979.6
2026-09-11 11:35:00,0.1397,0.1399,0.1396,0.1399,266540.0
2026-09-11 11:40:00,0.1398,0.1401,0.1397,0.1399,404879.0
2026-09-11 11:45:00,0.1398,0.14,0.1395,0.1395,118330.3
2026-09-11 11:50:00,0.1395,0.1396,0.1393,0.1396,136248.3
2026-09-11 11:55:00,0.1396,0.1403,0.1395,0.1401,224288.7
2026-09-11 12:00:00,0.1401,0.1413,0.1401,0.1407,1875537.0
2026-09-11 12:05:00,0.1407,0.141,0.1399,0.14,867084.1
2026-09-11 12:10:00,0.1401,0.1402,0.139,0.1396,1204675.2
2026-09-11 12:15:00,0.1395,0.1401,0.1392,0.1397,371939.9
2026-09-11 12:20:00,0.1397,0.1402,0.1397,0.1399,253273.8
2026-09-11 12:25:00,0.14,0.142,0.1397,0.1408,1641551.0
2026-09-11 12:30:00,0.1409,0.1432,0.1393,0.1428,5444361.5
2026-09-11 12:35:00,0.1427,0.1451,0.1425,0.1446,6819520.4
2026-09-11 12:40:00,0.1446,0.1448,0.1429,0.1432,2988849.8
2026-09-11 12:45:00,0.1432,0.1444,0.143,0.1438,1567463.5
2026-09-11 12:50:00,0.1438,0.1447,0.1437,0.1439,2517549.5
2026-09-11 12:55:00,0.1439,0.1441,0.1436,0.1438,628652.3
2026-09-11 13:00:00,0.1439,0.1442,0.1431,0.1438,610545.1
2026-09-11 13:05:00,0.1438,0.1446,0.1436,0.1437,478367.7
2026-09-11 13:10:00,0.1437,0.1442,0.1434,0.1439,1104059.0
2026-09-11 13:15:00,0.1439,0.1439,0.1431,0.1437,530246.8
2026-09-11 13:20:00,0.1437,0.1443,0.1435,0.1437,638643.6
2026-09-11 13:25:00,0.1437,0.1437,0.142,0.1426,1295643.8
2026-09-11 13:30:00,0.1425,0.1431,0.1413,0.142,526963.2
2026-09-11 13:35:00,0.142,0.1422,0.1409,0.1417,862292.6
2026-09-11 13:40:00,0.1418,0.1433,0.1414,0.1431,684230.4
2026-09-11 13:45:00,0.1432,0.146,0.1428,0.1459,3170696.9
2026-09-11 13:50:00,0.1458,0.1486,0.1455,0.1476,4459681.9
2026-09-11 13:55:00,0.1476,0.1516,0.1476,0.1515,4703136.6
2026-09-11 14:00:00,0.1514,0.1519,0.1504,0.1511,4466932.6
2026-09-11 14:05:00,0.1512,0.1513,0.1495,0.1501,1963460.0
2026-09-11 14:10:00,0.1501,0.1503,0.1493,0.15,1367761.1
2026-09-11 14:15:00,0.15,0.1506,0.149,0.1497,2037146.4
2026-09-11 14:20:00,0.1497,0.1501,0.1488,0.1496,1473594.7
2026-09-11 14:25:00,0.1496,0.1498,0.1483,0.1484,1298631.7
2026-09-11 14:30:00,0.1484,0.1489,0.1471,0.1472,1483392.6
2026-09-11 14:35:00,0.1472,0.1474,0.1464,0.1471,1458279.0
2026-09-11 14:40:00,0.147,0.1471,0.1461,0.1465,778198.5
2026-09-11 14:45:00,0.1465,0.1471,0.1459,0.1466,852174.5
2026-09-11 14:50:00,0.1466,0.1473,0.1462,0.147,581157.6
2026-09-11 14:55:00,0.147,0.1471,0.1467,0.147,341641.2
2026-09-11 15:00:00,0.1469,0.1483,0.1464,0.1483,529926.6
2026-09-11 15:05:00,0.1483,0.1491,0.1481,0.1481,875182.5
2026-09-11 15:10:00,0.1482,0.1482,0.1469,0.147,651134.6
2026-09-11 15:15:00,0.147,0.1476,0.1467,0.1471,555009.5
2026-09-11 15:20:00,0.1471,0.1488,0.1471,0.1486,565849.8
2026-09-11 15:25:00,0.1486,0.1487,0.1483,0.1484,287234.8
2026-09-11 15:30:00,0.1485,0.1489,0.1482,0.1486,675224.4
2026-09-11 15:35:00,0.1486,0.1486,0.148,0.1483,782298.1
2026-09-11 15:40:00,0.1483,0.149,0.1475,0.1479,1278047.4
2026-09-11 15:45:00,0.1478,0.1501,0.1474,0.1485,2413261.2
2026-09-11 15:50:00,0.1484,0.1484,0.1439,0.1442,2985436.9
2026-09-11 15:55:00,0.1442,0.1455,0.1434,0.1441,1662384.7
2026-09-11 16:00:00,0.144,0.1453,0.1439,0.1445,1005344.3
2026-09-11 16:05:00,0.1446,0.1459,0.1445,0.145,770993.6
2026-09-11 16:10:00,0.1451,0.1452,0.1444,0.1445,578208.1
2026-09-11 16:15:00,0.1446,0.1456,0.1441,0.1444,2339109.9
2026-09-11 16:20:00,0.1445,0.1445,0.1434,0.1435,516825.9
2026-09-11 16:25:00,0.1436,0.1444,0.1434,0.144,424263.3
2026-09-11 16:30:00,0.1439,0.145,0.1434,0.1449,607011.9
2026-09-11 16:35:00,0.1448,0.1451,0.1443,0.1443,281158.8
2026-09-11 16:40:00,0.1442,0.1452,0.1441,0.145,563290.5
2026-09-11 16:45:00,0.1451,0.146,0.1451,0.1455,587698.9
2026-09-11 16:50:00,0.1455,0.1464,0.1452,0.1457,781136.4
2026-09-11 16:55:00,0.1457,0.1459,0.1455,0.1455,347020.3
2026-09-11 17:00:00,0.1455,0.1458,0.1451,0.1454,380456.3
2026-09-11 17:05:00,0.1454,0.1458,0.1451,0.1451,125598.9
2026-09-11 17:10:00,0.1451,0.1451,0.1445,0.1445,121486.0
2026-09-11 17:15:00,0.1445,0.145,0.1445,0.1448,176953.5
2026-09-11 17:20:00,0.1448,0.145,0.1443,0.1448,133077.4
2026-09-11 17:25:00,0.1449,0.1453,0.1449,0.1451,66136.7
2026-09-11 17:30:00,0.145,0.1455,0.145,0.1454,119969.1
2026-09-11 17:35:00,0.1454,0.1454,0.1441,0.1441,81974.1
2026-09-11 17:40:00,0.1441,0.1443,0.1438,0.1442,506880.2
2026-09-11 17:45:00,0.1441,0.1444,0.144,0.1442,185872.7
2026-09-11 17:50:00,0.1441,0.1441,0.1435,0.1435,171997.8
2026-09-11 17:55:00,0.1435,0.1444,0.1434,0.144,183137.0
2026-09-11 18:00:00,0.1441,0.1445,0.1423,0.1427,1023733.9
2026-09-11 18:05:00,0.1427,0.1427,0.141,0.1416,1713747.9
2026-09-11 18:10:00,0.1417,0.1421,0.1416,0.142,320137.4
2026-09-11 18:15:00,0.142,0.1432,0.142,0.1431,365154.4
2026-09-11 18:20:00,0.143,0.143,0.1424,0.1424,176069.1
2026-09-11 18:25:00,0.1423,0.1427,0.1421,0.1426,403031.3
2026-09-11 18:30:00,0.1425,0.1425,0.1418,0.1421,216716.6
2026-09-11 18:35:00,0.142,0.1421,0.1414,0.1418,240732.0
2026-09-11 18:40:00,0.1419,0.1419,0.1409,0.1412,600625.2
2026-09-11 18:45:00,0.1412,0.1418,0.1408,0.141,474673.4
2026-09-11 18:50:00,0.1409,0.1409,0.1396,0.1396,505411.7
2026-09-11 18:55:00,0.1396,0.1404,0.1394,0.1403,245932.0
2026-09-11 19:00:00,0.1403,0.1404,0.1399,0.1402,183146.7
2026-09-11 19:05:00,0.1403,0.1406,0.1401,0.1402,585574.7
2026-09-11 19:10:00,0.1401,0.1409,0.1399,0.1409,280855.2
2026-09-11 19:15:00,0.1408,0.1408,0.14,0.1403,363979.9
2026-09-11 19:20:00,0.1404,0.1414,0.1402,0.1414,151460.8
2026-09-11 19:25:00,0.1414,0.1416,0.1411,0.1412,174275.3
2026-09-11 19:30:00,0.1411,0.1413,0.1408,0.1409,93654.8
2026-09-11 19:35:00,0.141,0.1412,0.1406,0.1412,471874.4
2026-09-11 19:40:00,0.1412,0.1417,0.1412,0.1416,118667.0
2026-09-11 19:45:00,0.1416,0.1416,0.1412,0.1414,135854.7
2026-09-11 19:50:00,0.1413,0.142,0.1412,0.1419,97260.3
2026-09-11 19:55:00,0.1418,0.142,0.1415,0.1417,45691.1
2026-09-11 20:00:00,0.1416,0.1424,0.1416,0.1423,117986.5
2026-09-11 20:05:00,0.1422,0.1424,0.1422,0.1424,56688.5
2026-09-11 20:10:00,0.1424,0.1427,0.1423,0.1424,102098.1
2026-09-11 20:15:00,0.1423,0.1424,0.1413,0.1413,263834.8
2026-09-11 20:20:00,0.1413,0.1414,0.1411,0.1413,97058.5
2026-09-11 20:25:00,0.1413,0.1413,0.1408,0.141,133329.9
2026-09-11 20:30:00,0.1409,0.141,0.1402,0.1409,434001.4
2026-09-11 20:35:00,0.141,0.1415,0.1409,0.1414,195167.8
2026-09-11 20:40:00,0.1413,0.1414,0.1411,0.1414,201289.3
2026-09-11 20:45:00,0.1415,0.1417,0.1406,0.1407,180686.7
2026-09-11 20:50:00,0.1408,0.1409,0.139,0.1393,943830.8
2026-09-11 20:55:00,0.1393,0.1398,0.1392,0.1398,407118.8
2026-09-11 21:00:00,0.1397,0.1406,0.1395,0.1396,2126416.2
2026-09-11 21:05:00,0.1397,0.1407,0.1396,0.1406,123028.8
2026-09-11 21:10:00,0.1407,0.1414,0.1407,0.1409,112406.9
2026-09-11 21:15:00,0.141,0.1413,0.141,0.1411,29534.8
2026-09-11 21:20:00,0.1411,0.1412,0.141,0.141,196512.7
2026-09-11 21:25:00,0.141,0.141,0.1403,0.1403,80265.6
2026-09-11 21:30:00,0.1403,0.141,0.1403,0.141,31908.1
2026-09-11 21:35:00,0.1409,0.1409,0.1403,0.1406,55720.7
2026-09-11 21:40:00,0.1406,0.1407,0.1404,0.1404,51440.2
2026-09-11 21:45:00,0.1404,0.1404,0.139,0.1392,405882.7
2026-09-11 21:50:00,0.1391,0.1391,0.1385,0.1387,554816.1
2026-09-11 21:55:00,0.1386,0.1387,0.1378,0.1384,629764.3
2026-09-11 22:00:00,0.1384,0.1395,0.1374,0.1395,940166.9
2026-09-11 22:05:00,0.1395,0.1395,0.1387,0.1387,195312.6
2026-09-11 22:10:00,0.1387,0.1395,0.1387,0.1392,250367.1
2026-09-11 22:15:00,0.1391,0.1397,0.1389,0.139,583097.9
2026-09-11 22:20:00,0.1391,0.1395,0.1387,0.1392,322438.8
2026-09-11 22:25:00,0.1391,0.1391,0.1384,0.1386,365048.9
2026-09-11 22:30:00,0.1387,0.1388,0.138,0.1381,329606.6
2026-09-11 22:35:00,0.138,0.1391,0.138,0.1391,959199.6
2026-09-11 22:40:00,0.139,0.1392,0.1386,0.1387,415828.4
2026-09-11 22:45:00,0.1387,0.1388,0.1381,0.1382,95863.3
2026-09-11 22:50:00,0.1381,0.1383,0.1376,0.138,629466.2
2026-09-11 22:55:00,0.1379,0.1382,0.1377,0.1377,618916.1
2026-09-11 23:00:00,0.1377,0.1382,0.1377,0.1382,261805.1
2026-09-11 23:05:00,0.1382,0.1383,0.138,0.1381,139950.3
2026-09-11 23:10:00,0.1381,0.1384,0.138,0.138,115147.6
2026-09-11 23:15:00,0.138,0.1389,0.138,0.1388,237044.6
2026-09-11 23:20:00,0.1388,0.1389,0.1385,0.1386,142861.4
2026-09-11 23:25:00,0.1387,0.1389,0.1385,0.1387,42255.4
2026-09-11 23:30:00,0.1387,0.139,0.1386,0.1387,437884.2
2026-09-11 23:35:00,0.1387,0.139,0.1387,0.1389,19999.2
2026-09-11 23:40:00,0.139,0.1392,0.1389,0.1391,67650.6
2026-09-11 23:45:00,0.1391,0.1396,0.1391,0.1393,44974.3
2026-09-11 23:50:00,0.1392,0.1395,0.1392,0.1394,88508.8
2026-09-11 23:55:00,0.1393,0.1395,0.1393,0.1395,63062.2
2026-09-12 00:00:00,0.1396,0.1404,0.1394,0.1402,369355.3
2026-09-12 00:05:00,0.1401,0.1401,0.1397,0.1398,105449.5
2026-09-12 00:10:00,0.1397,0.1401,0.1397,0.14,198102.2
2026-09-12 00:15:00,0.14,0.1402,0.1397,0.1401,98197.1
2026-09-12 00:20:00,0.14,0.1405,0.1399,0.1403,121212.1
2026-09-12 00:25:00,0.1403,0.1408,0.1402,0.1405,76136.4
2026-09-12 00:30:00,0.1404,0.1411,0.1404,0.141,200850.6
2026-09-12 00:35:00,0.141,0.1419,0.141,0.1418,188217.9
2026-09-12 00:40:00,0.1417,0.1417,0.1411,0.1413,101027.3
2026-09-12 00:45:00,0.1412,0.1414,0.141,0.1413,84639.3
2026-09-12 00:50:00,0.1413,0.1418,0.1412,0.1418,88455.2
2026-09-12 00:55:00,0.1417,0.1418,0.1415,0.1417,149834.4
2026-09-12 01:00:00,0.1417,0.1418,0.1413,0.1418,223347.9
2026-09-12 01:05:00,0.1418,0.1424,0.1418,0.1422,149155.6
2026-09-12 01:10:00,0.1422,0.1424,0.1421,0.1424,48539.5
2026-09-12 01:15:00,0.1423,0.143,0.1423,0.1426,354840.3
2026-09-12 01:20:00,0.1425,0.1427,0.1423,0.1426,90368.5
2026-09-12 01:25:00,0.1426,0.1427,0.1418,0.1419,667711.6
2026-09-12 01:30:00,0.142,0.1423,0.1418,0.1421,2091883.9
2026-09-12 01:35:00,0.1422,0.1425,0.1419,0.1422,180416.2
2026-09-12 01:40:00,0.1422,0.1425,0.1417,0.1422,100726.9
2026-09-12 01:45:00,0.1422,0.1425,0.1421,0.1423,90779.8
2026-09-12 01:50:00,0.1422,0.1424,0.1419,0.1423,231511.0
2026-09-12 01:55:00,0.1423,0.1423,0.142,0.1421,18204.3
2026-09-12 02:00:00,0.142,0.1422,0.1414,0.1415,139677.7
2026-09-12 02:05:00,0.1416,0.142,0.1414,0.1419,83279.8
2026-09-12 02:10:00,0.142,0.142,0.1412,0.1412,131944.3
2026-09-12 02:15:00,0.1412,0.1415,0.141,0.1412,378520.6
2026-09-12 02:20:00,0.1413,0.1416,0.1413,0.1416,35274.6
2026-09-12 02:25:00,0.1416,0.1416,0.1407,0.1407,192499.3
2026-09-12 02:30:00,0.1408,0.1411,0.1406,0.1409,88072.5
2026-09-12 02:35:00,0.1408,0.1409,0.1407,0.1408,205791.1
2026-09-12 02:40:00,0.1408,0.1413,0.1408,0.141,212119.6
2026-09-12 02:45:00,0.141,0.1413,0.141,0.1412,221518.7
2026-09-12 02:50:00,0.1412,0.1412,0.1408,0.1409,177930.1
2026-09-12 02:55:00,0.1408,0.141,0.1404,0.141,159821.8
2026-09-12 03:00:00,0.1409,0.1412,0.1403,0.1411,211235.4
2026-09-12 03:05:00,0.1412,0.1413,0.1405,0.1408,485444.0
2026-09-12 03:10:00,0.1409,0.1413,0.1406,0.1407,96032.5
2026-09-12 03:15:00,0.1407,0.141,0.1406,0.1409,233413.4
2026-09-12 03:20:00,0.1408,0.1409,0.1405,0.1407,79464.7
2026-09-12 03:25:00,0.1406,0.1412,0.1406,0.1412,61327.1
2026-09-12 03:30:00,0.1411,0.1413,0.1408,0.1408,459013.4
2026-09-12 03:35:00,0.1408,0.1409,0.1407,0.1408,58573.5
2026-09-12 03:40:00,0.1408,0.141,0.1407,0.141,100873.3
2026-09-12 03:45:00,0.1409,0.1409,0.1406,0.1407,66486.9
2026-09-12 03:50:00,0.1408,0.141,0.1406,0.141,626467.7
2026-09-12 03:55:00,0.141,0.1411,0.1409,0.1411,29573.9
2026-09-12 04:00:00,0.1412,0.1418,0.1409,0.1414,84472.5
2026-09-12 04:05:00,0.1414,0.1416,0.1412,0.1415,43070.3
2026-09-12 04:10:00,0.1416,0.1419,0.1416,0.1417,27627.4
2026-09-12 04:15:00,0.1416,0.1419,0.1413,0.1413,204764.7
2026-09-12 04:20:00,0.1414,0.1417,0.1412,0.1415,306904.0
2026-09-12 04:25:00,0.1415,0.1421,0.1409,0.1409,214473.1
2026-09-12 04:30:00,0.141,0.1412,0.1409,0.1411,52134.9
2026-09-12 04:35:00,0.141,0.1417,0.141,0.1417,106064.7
2026-09-12 04:40:00,0.1416,0.1417,0.1411,0.1411,192905.8
2026-09-12 04:45:00,0.1411,0.1411,0.1408,0.141,44325.0
2026-09-12 04:50:00,0.141,0.1411,0.141,0.141,22017.9
2026-09-12 04:55:00,0.141,0.141,0.1408,0.1409,105768.3
2026-09-12 05:00:00,0.1408,0.1411,0.1408,0.1411,37581.9
2026-09-12 05:05:00,0.141,0.1411,0.1409,0.1409,24989.6
2026-09-12 05:10:00,0.1409,0.141,0.1408,0.1408,40414.3
2026-09-12 05:15:00,0.1407,0.1409,0.1406,0.1407,103192.1
2026-09-12 05:20:00,0.1408,0.1411,0.1407,0.1409,224853.0
2026-09-12 05:25:00,0.141,0.141,0.1405,0.1406,108824.1
2026-09-12 05:30:00,0.1405,0.1414,0.1405,0.1414,334616.6
2026-09-12 05:35:00,0.1414,0.1416,0.1412,0.1412,320722.6
2026-09-12 05:40:00,0.1412,0.1413,0.1411,0.1412,30490.0
2026-09-12 05:45:00,0.1412,0.1413,0.1408,0.1409,305418.0
2026-09-12 05:50:00,0.1409,0.1409,0.1406,0.1406,34162.6
2026-09-12 05:55:00,0.1407,0.1409,0.1405,0.1407,199551.0
2026-09-12 06:00:00,0.1407,0.1407,0.1404,0.1406,66991.1
2026-09-12 06:05:00,0.1407,0.1411,0.1405,0.1406,172214.0
2026-09-12 06:10:00,0.1407,0.1411,0.1406,0.1408,74799.6
2026-09-12 06:15:00,0.1408,0.1411,0.1406,0.1411,49185.6
2026-09-12 06:20:00,0.1411,0.1413,0.1411,0.1412,11511.9
2026-09-12 06:25:00,0.1412,0.1413,0.1411,0.1413,22331.8
2026-09-12 06:30:00,0.1413,0.1415,0.141,0.1413,308114.6
2026-09-12 06:35:00,0.1412,0.1415,0.1412,0.1415,24662.4
2026-09-12 06:40:00,0.1415,0.1427,0.1409,0.1426,694356.1
2026-09-12 06:45:00,0.1426,0.1438,0.1426,0.1434,946610.5
2026-09-12 06:50:00,0.1433,0.1439,0.1432,0.1432,475524.9
2026-09-12 06:55:00,0.1432,0.1433,0.143,0.143,208196.6
2026-09-12 07:00:00,0.1431,0.1432,0.1426,0.1428,133217.8
2026-09-12 07:05:00,0.1427,0.1436,0.1427,0.1435,109869.4
2026-09-12 07:10:00,0.1434,0.1435,0.1431,0.1431,101765.5
2026-09-12 07:15:00,0.1432,0.1444,0.1431,0.144,570943.2
2026-09-12 07:20:00,0.144,0.1445,0.1436,0.1443,353214.2
2026-09-12 07:25:00,0.1442,0.1443,0.144,0.1442,130622.3
2026-09-12 07:30:00,0.1442,0.1442,0.1437,0.1438,78368.3
2026-09-12 07:35:00,0.1439,0.1462,0.1439,0.1457,2566939.0
2026-09-12 07:40:00,0.1456,0.1464,0.1452,0.1452,1814253.0
2026-09-12 07:45:00,0.1453,0.1457,0.1451,0.1452,430896.7
2026-09-12 07:50:00,0.1452,0.1452,0.144,0.1444,1560979.9
2026-09-12 07:55:00,0.1445,0.1445,0.1442,0.1444,119353.8
2026-09-12 08:00:00,0.1444,0.1448,0.1441,0.1448,129954.2
2026-09-12 08:05:00,0.1448,0.1452,0.1446,0.1447,299690.4
2026-09-12 08:10:00,0.1447,0.1449,0.1445,0.1446,167166.2
2026-09-12 08:15:00,0.1446,0.1449,0.1444,0.1446,254862.6
2026-09-12 08:20:00,0.1447,0.1448,0.144,0.1441,244201.6
2026-09-12 08:25:00,0.1441,0.1442,0.1438,0.144,158087.8
2026-09-12 08:30:00,0.144,0.144,0.1434,0.1435,806626.9
2026-09-12 08:35:00,0.1435,0.144,0.1434,0.1439,165190.6
2026-09-12 08:40:00,0.1439,0.144,0.1438,0.1438,50660.8
2026-09-12 08:45:00,0.1437,0.1439,0.1437,0.1437,67295.5
2026-09-12 08:50:00,0.1437,0.1437,0.1434,0.1434,187431.3
2026-09-12 08:55:00,0.1435,0.1437,0.1434,0.1436,73794.0
2026-09-12 09:00:00,0.1436,0.1436,0.1434,0.1435,125498.1
2026-09-12 09:05:00,0.1435,0.1437,0.1431,0.1433,1065694.4
2026-09-12 09:10:00,0.1433,0.1434,0.1426,0.1428,2382934.5
2026-09-12 09:15:00,0.1428,0.1437,0.1428,0.1435,566516.2
2026-09-12 09:20:00,0.1434,0.1436,0.1433,0.1434,362784.2
2026-09-12 09:25:00,0.1433,0.1433,0.143,0.1431,134735.5
2026-09-12 09:30:00,0.1431,0.1431,0.1427,0.1428,48393.2
2026-09-12 09:35:00,0.1428,0.1432,0.1428,0.143,229432.8
2026-09-12 09:40:00,0.143,0.1432,0.1428,0.1429,245337.8
2026-09-12 09:45:00,0.1428,0.143,0.1428,0.1429,42289.4
2026-09-12 09:50:00,0.1429,0.143,0.1427,0.143,143441.9
2026-09-12 09:55:00,0.1431,0.1432,0.1429,0.143,80947.5
2026-09-12 10:00:00,0.143,0.1432,0.1429,0.143,152143.9
2026-09-12 10:05:00,0.143,0.1432,0.143,0.143,64305.7
2026-09-12 10:10:00,0.143,0.1432,0.143,0.1432,43782.9
2026-09-12 10:15:00,0.1432,0.1433,0.143,0.1431,234355.4
2026-09-12 10:20:00,0.1431,0.1436,0.1431,0.1435,188463.0
2026-09-12 10:25:00,0.1435,0.1437,0.1433,0.1433,64728.6
2026-09-12 10:30:00,0.1434,0.1435,0.1431,0.1431,87218.1
2026-09-12 10:35:00,0.1431,0.1433,0.1431,0.1432,77934.1
2026-09-12 10:40:00,0.1431,0.1432,0.143,0.143,68236.9
2026-09-12 10:45:00,0.143,0.143,0.1425,0.1426,648232.5
2026-09-12 10:50:00,0.1427,0.1428,0.1424,0.1427,507212.7
2026-09-12 10:55:00,0.1427,0.1431,0.1427,0.143,230800.1
2026-09-12 11:00:00,0.1431,0.1431,0.1425,0.1427,162993.6
2026-09-12 11:05:00,0.1427,0.1429,0.1425,0.1426,38001.2
2026-09-12 11:10:00,0.1425,0.1427,0.1425,0.1426,47530.0
2026-09-12 11:15:00,0.1426,0.1426,0.1424,0.1424,80858.5
2026-09-12 11:20:00,0.1424,0.1425,0.1424,0.1424,191029.0
2026-09-12 11:25:00,0.1424,0.1424,0.1422,0.1424,528052.3
2026-09-12 11:30:00,0.1424,0.1429,0.1423,0.1429,258637.1
2026-09-12 11:35:00,0.1428,0.1433,0.1428,0.1432,86700.4
2026-09-12 11:40:00,0.1432,0.1441,0.1432,0.1439,378159.9
2026-09-12 11:45:00,0.1438,0.1441,0.1435,0.1435,212380.4
2026-09-12 11:50:00,0.1435,0.1437,0.1433,0.1434,296372.4
2026-09-12 11:55:00,0.1435,0.1436,0.1432,0.1436,133642.8
2026-09-12 12:00:00,0.1435,0.1436,0.1432,0.1432,59395.1
2026-09-12 12:05:00,0.1432,0.1439,0.1432,0.1437,289919.5
2026-09-12 12:10:00,0.1437,0.1438,0.1434,0.1437,157942.1
2026-09-12 12:15:00,0.1437,0.1439,0.1433,0.1434,254180.4
2026-09-12 12:20:00,0.1434,0.1434,0.1431,0.1431,106675.1
2026-09-12 12:25:00,0.1431,0.1433,0.143,0.1433,39571.8
2026-09-12 12:30:00,0.1433,0.1446,0.1433,0.1445,424538.5
2026-09-12 12:35:00,0.1445,0.1449,0.1443,0.1448,300345.2
2026-09-12 12:40:00,0.1448,0.1448,0.1443,0.1443,170422.8
2026-09-12 12:45:00,0.1443,0.1447,0.1442,0.1447,283880.9
2026-09-12 12:50:00,0.1447,0.145,0.1445,0.1446,291345.6
2026-09-12 12:55:00,0.1446,0.1448,0.1443,0.1445,223018.2
2026-09-12 13:00:00,0.1445,0.1451,0.1438,0.144,343248.2
2026-09-12 13:05:00,0.144,0.1445,0.1437,0.1443,390999.6
2026-09-12 13:10:00,0.1443,0.1443,0.1438,0.1438,214955.5
2026-09-12 13:15:00,0.1438,0.144,0.1436,0.1439,344757.2
2026-09-12 13:20:00,0.1439,0.144,0.1437,0.144,20372.6
2026-09-12 13:25:00,0.1439,0.1442,0.1437,0.1442,140113.5
2026-09-12 13:30:00,0.1441,0.1441,0.1432,0.1433,218282.2
2026-09-12 13:35:00,0.1433,0.1436,0.1433,0.1435,138322.8
2026-09-12 13:40:00,0.1435,0.1438,0.1434,0.1436,347339.8
2026-09-12 13:45:00,0.1435,0.1436,0.1429,0.1432,265626.8
2026-09-12 13:50:00,0.1432,0.1432,0.1426,0.143,231023.6
2026-09-12 13:55:00,0.143,0.1433,0.143,0.1433,67808.2
2026-09-12 14:00:00,0.1433,0.1438,0.1432,0.1436,35365.0
2026-09-12 14:05:00,0.1435,0.1448,0.1435,0.1448,318314.7
2026-09-12 14:10:00,0.1447,0.1447,0.1441,0.1441,173795.8
2026-09-12 14:15:00,0.1441,0.1445,0.1441,0.1442,76383.6
2026-09-12 14:20:00,0.1442,0.1446,0.1441,0.1441,122317.5
2026-09-12 14:25:00,0.1442,0.1443,0.1441,0.1441,91201.7
2026-09-12 14:30:00,0.1441,0.1444,0.144,0.144,37204.3
2026-09-12 14:35:00,0.144,0.1442,0.1438,0.1439,55962.1
2026-09-12 14:40:00,0.1438,0.1438,0.1434,0.1434,102148.9
2026-09-12 14:45:00,0.1434,0.1438,0.1434,0.1435,66412.0
2026-09-12 14:50:00,0.1435,0.1438,0.1435,0.1436,110769.3
2026-09-12 14:55:00,0.1437,0.1437,0.1434,0.1436,112781.1
2026-09-12 15:00:00,0.1436,0.1437,0.1434,0.1437,71367.9
2026-09-12 15:05:00,0.1437,0.1439,0.1436,0.1436,89349.4
2026-09-12 15:10:00,0.1436,0.144,0.1435,0.1439,220092.9
2026-09-12 15:15:00,0.1438,0.1439,0.1435,0.1435,130558.2
2026-09-12 15:20:00,0.1435,0.1436,0.1433,0.1434,94239.8
2026-09-12 15:25:00,0.1434,0.1439,0.1434,0.1439,247588.3
2026-09-12 15:30:00,0.1438,0.1445,0.1438,0.1442,260092.7
2026-09-12 15:35:00,0.1442,0.1446,0.1441,0.1442,404618.6
2026-09-12 15:40:00,0.1442,0.1443,0.144,0.1442,64505.2
2026-09-12 15:45:00,0.1443,0.1445,0.1437,0.1437,416448.3
2026-09-12 15:50:00,0.1438,0.1438,0.1435,0.1435,87719.6
2026-09-12 15:55:00,0.1435,0.1441,0.1435,0.1438,194783.6
2026-09-12 16:00:00,0.1437,0.1443,0.1437,0.1442,52431.5
2026-09-12 16:05:00,0.1441,0.1441,0.1437,0.1438,266976.1
2026-09-12 16:10:00,0.1437,0.1441,0.1437,0.1441,17472.1
2026-09-12 16:15:00,0.144,0.1441,0.1438,0.1439,96423.1
2026-09-12 16:20:00,0.1439,0.144,0.1437,0.1438,52853.4
2026-09-12 16:25:00,0.1438,0.1439,0.1436,0.1439,66300.2
2026-09-12 16:30:00,0.1439,0.144,0.1437,0.1438,56421.7
2026-09-12 16:35:00,0.1437,0.1437,0.1434,0.1435,44048.1
2026-09-12 16:40:00,0.1434,0.1436,0.1433,0.1433,97242.8
2026-09-12 16:45:00,0.1432,0.1434,0.1429,0.1429,133935.0
2026-09-12 16:50:00,0.1428,0.1429,0.1417,0.1426,973012.2
2026-09-12 16:55:00,0.1426,0.1429,0.142,0.1427,361772.4
2026-09-12 17:00:00,0.1426,0.1427,0.1422,0.1425,296487.1
2026-09-12 17:05:00,0.1424,0.1425,0.1412,0.1418,315549.9
2026-09-12 17:10:00,0.1418,0.142,0.1416,0.1418,161210.8
2026-09-12 17:15:00,0.1419,0.1419,0.1414,0.1416,72213.3
2026-09-12 17:20:00,0.1416,0.1417,0.1408,0.141,300120.0
2026-09-12 17:25:00,0.1411,0.1411,0.1407,0.1409,69995.9
2026-09-12 17:30:00,0.1409,0.1413,0.1407,0.141,311194.6
2026-09-12 17:35:00,0.1411,0.1412,0.141,0.1411,84953.8
2026-09-12 17:40:00,0.1411,0.1417,0.1411,0.1414,163332.9
2026-09-12 17:45:00,0.1415,0.1417,0.1413,0.1414,70354.0
2026-09-12 17:50:00,0.1413,0.1413,0.1409,0.1411,214568.0
2026-09-12 17:55:00,0.1412,0.1413,0.141,0.1411,110687.7
2026-09-12 18:00:00,0.1411,0.1411,0.1409,0.141,225233.8
2026-09-12 18:05:00,0.141,0.141,0.1408,0.1408,70083.6
2026-09-12 18:10:00,0.1407,0.1408,0.1403,0.1408,315348.0
2026-09-12 18:15:00,0.1408,0.1411,0.1406,0.1407,375558.0
2026-09-12 18:20:00,0.1407,0.141,0.1407,0.1409,136486.6
2026-09-12 18:25:00,0.141,0.141,0.1406,0.141,24079.0
2026-09-12 18:30:00,0.141,0.1412,0.1408,0.141,172944.4
2026-09-12 18:35:00,0.1409,0.1411,0.1406,0.141,181731.4
2026-09-12 18:40:00,0.141,0.141,0.1408,0.1408,34854.6
2026-09-12 18:45:00,0.1408,0.1409,0.1408,0.1408,31399.2
2026-09-12 18:50:00,0.1408,0.1408,0.1402,0.1405,91494.9
2026-09-12 18:55:00,0.1405,0.1409,0.1405,0.1409,22867.3
2026-09-12 19:00:00,0.1409,0.1409,0.1406,0.1407,76509.3
2026-09-12 19:05:00,0.1407,0.1409,0.1407,0.1407,97622.5
2026-09-12 19:10:00,0.1407,0.1409,0.1406,0.1409,155484.7
2026-09-12 19:15:00,0.1409,0.1409,0.1404,0.1405,68265.3
2026-09-12 19:20:00,0.1405,0.1405,0.1403,0.1404,168282.1
2026-09-12 19:25:00,0.1404,0.1406,0.1402,0.1404,172967.7
2026-09-12 19:30:00,0.1404,0.1404,0.1399,0.1401,295743.5
2026-09-12 19:35:00,0.14,0.1401,0.1388,0.1392,2629223.5
2026-09-12 19:40:00,0.1392,0.1394,0.1391,0.1392,206776.8
2026-09-12 19:45:00,0.1392,0.1395,0.1391,0.1393,333234.3
2026-09-12 19:50:00,0.1394,0.1395,0.1391,0.1391,179499.9
2026-09-12 19:55:00,0.1391,0.1395,0.1391,0.1394,66643.5
2026-09-12 20:00:00,0.1394,0.1397,0.1392,0.1397,83417.5
2026-09-12 20:05:00,0.1397,0.1399,0.1396,0.1399,74266.5
2026-09-12 20:10:00,0.1399,0.1401,0.1399,0.14,80601.0
2026-09-12 20:15:00,0.1401,0.1402,0.1398,0.1398,71934.5
2026-09-12 20:20:00,0.1397,0.1399,0.1397,0.1399,14319.5
2026-09-12 20:25:00,0.1399,0.14,0.1399,0.14,36740.7
2026-09-12 20:30:00,0.1399,0.14,0.1397,0.1397,58800.9
2026-09-12 20:35:00,0.1397,0.14,0.1397,0.1399,26631.7
2026-09-12 20:40:00,0.1399,0.1402,0.1398,0.14,181300.0
2026-09-12 20:45:00,0.1401,0.1401,0.1401,0.1401,19704.2
2026-09-12 20:50:00,0.1402,0.1402,0.1396,0.1398,185383.9
2026-09-12 20:55:00,0.1398,0.1399,0.1397,0.1399,22469.1
2026-09-12 21:00:00,0.1399,0.1401,0.1398,0.1401,248902.8
2026-09-12 21:05:00,0.1401,0.1407,0.1401,0.1405,502697.0
2026-09-12 21:10:00,0.1405,0.1406,0.1403,0.1404,360723.0
2026-09-12 21:15:00,0.1404,0.1404,0.1398,0.14,127473.9
2026-09-12 21:20:00,0.1399,0.1401,0.1398,0.14,26377.7
2026-09-12 21:25:00,0.1399,0.1401,0.1398,0.14,158923.7
2026-09-12 21:30:00,0.14,0.1401,0.1399,0.14,35861.1
2026-09-12 21:35:00,0.1399,0.14,0.1395,0.1395,183285.6
2026-09-12 21:40:00,0.1395,0.1397,0.1395,0.1396,22413.9
2026-09-12 21:45:00,0.1396,0.1397,0.1393,0.1395,63263.1
2026-09-12 21:50:00,0.1395,0.1395,0.1391,0.1394,92790.2
2026-09-12 21:55:00,0.1393,0.1394,0.1391,0.1394,43145.2
2026-09-12 22:00:00,0.1393,0.1394,0.139,0.1394,46208.7
2026-09-12 22:05:00,0.1394,0.1396,0.1391,0.1395,153906.6
2026-09-12 22:10:00,0.1395,0.1399,0.1395,0.1397,198433.2
2026-09-12 22:15:00,0.1397,0.1398,0.1396,0.1397,24969.2
2026-09-12 22:20:00,0.1397,0.1401,0.1396,0.1401,111919.2
2026-09-12 22:25:00,0.1401,0.1401,0.1396,0.1396,252719.1
2026-09-12 22:30:00,0.1395,0.1401,0.1393,0.1401,336472.9
2026-09-12 22:35:00,0.1402,0.1404,0.1399,0.1399,84487.9
2026-09-12 22:40:00,0.1399,0.14,0.1398,0.14,23521.1
2026-09-12 22:45:00,0.1399,0.1401,0.1399,0.14,53720.0
2026-09-12 22:50:00,0.1399,0.1401,0.1398,0.1398,27319.9
2026-09-12 22:55:00,0.1399,0.14,0.1397,0.1399,109545.3
2026-09-12 23:00:00,0.14,0.14,0.1393,0.1394,159925.0
2026-09-12 23:05:00,0.1394,0.1396,0.1394,0.1394,25077.5
2026-09-12 23:10:00,0.1394,0.1395,0.1393,0.1394,46472.1
2026-09-12 23:15:00,0.1393,0.1394,0.1392,0.1394,27701.3
2026-09-12 23:20:00,0.1393,0.1395,0.1392,0.1395,46503.2
2026-09-12 23:25:00,0.1395,0.1397,0.1395,0.1396,10707.6
2026-09-12 23:30:00,0.1396,0.1397,0.1396,0.1396,23171.9
2026-09-12 23:35:00,0.1396,0.1397,0.1396,0.1397,40435.7
2026-09-12 23:40:00,0.1397,0.1397,0.1394,0.1396,46518.2
2026-09-12 23:45:00,0.1396,0.14,0.1396,0.14,18680.3
2026-09-12 23:50:00,0.1399,0.1403,0.1398,0.1402,111789.0
2026-09-12 23:55:00,0.1402,0.1407,0.1402,0.1405,86918.0
2026-09-13 00:00:00,0.1405,0.1407,0.1403,0.1404,130313.9
2026-09-13 00:05:00,0.1404,0.1411,0.1404,0.1409,143325.1
2026-09-13 00:10:00,0.1409,0.1409,0.1404,0.1405,52482.0
2026-09-13 00:15:00,0.1405,0.1405,0.1403,0.1405,37558.3
2026-09-13 00:20:00,0.1406,0.141,0.1405,0.1406,42629.4
2026-09-13 00:25:00,0.1407,0.1409,0.1405,0.1406,145791.1
2026-09-13 00:30:00,0.1406,0.1407,0.1404,0.1407,38241.8
2026-09-13 00:35:00,0.1408,0.1408,0.1405,0.1406,95724.3
2026-09-13 00:40:00,0.1406,0.1406,0.14,0.1401,117167.7
2026-09-13 00:45:00,0.1402,0.1402,0.14,0.1401,44171.8
2026-09-13 00:50:00,0.1401,0.1407,0.1401,0.1403,672360.8
2026-09-13 00:55:00,0.1404,0.1405,0.1402,0.1404,195939.9
2026-09-13 01:00:00,0.1404,0.1404,0.1401,0.1402,95923.3
2026-09-13 01:05:00,0.1401,0.1405,0.1399,0.1405,181830.9
2026-09-13 01:10:00,0.1405,0.1411,0.1404,0.1407,276443.3
2026-09-13 01:15:00,0.1406,0.1407,0.1403,0.1406,139081.3
2026-09-13 01:20:00,0.1406,0.1418,0.1406,0.1418,113672.6
2026-09-13 01:25:00,0.1419,0.142,0.1411,0.1411,339907.2
2026-09-13 01:30:00,0.1411,0.1411,0.1408,0.1408,57676.2
2026-09-13 01:35:00,0.1408,0.1412,0.1406,0.1411,209515.7
2026-09-13 01:40:00,0.1411,0.1413,0.1407,0.1408,169286.0
2026-09-13 01:45:00,0.1408,0.1409,0.1406,0.1407,26249.0
2026-09-13 01:50:00,0.1407,0.1408,0.1404,0.1404,46332.5
2026-09-13 01:55:00,0.1403,0.1406,0.1402,0.1406,60871.8
2026-09-13 02:00:00,0.1405,0.1406,0.1404,0.1404,22276.6
2026-09-13 02:05:00,0.1403,0.1404,0.1401,0.1402,26183.1
2026-09-13 02:10:00,0.1401,0.1403,0.14,0.14,59066.8
2026-09-13 02:15:00,0.14,0.1403,0.1399,0.1402,16436.9
2026-09-13 02:20:00,0.1402,0.1402,0.14,0.1401,91869.9
2026-09-13 02:25:00,0.1401,0.1401,0.1397,0.1398,129732.4
2026-09-13 02:30:00,0.1399,0.1403,0.1397,0.14,428331.1
2026-09-13 02:35:00,0.1401,0.1404,0.14,0.14,145472.7
2026-09-13 02:40:00,0.14,0.1405,0.1399,0.1405,259189.3
2026-09-13 02:45:00,0.1405,0.1405,0.1402,0.1404,121596.6
2026-09-13 02:50:00,0.1404,0.141,0.1404,0.1408,299704.7
2026-09-13 02:55:00,0.1407,0.1407,0.1402,0.1403,69371.5
2026-09-13 03:00:00,0.1402,0.1404,0.14,0.1402,310491.2
2026-09-13 03:05:00,0.1403,0.1403,0.1398,0.14,91573.7
2026-09-13 03:10:00,0.1399,0.14,0.1396,0.1398,171777.2
2026-09-13 03:15:00,0.1399,0.1408,0.1397,0.1406,332568.6
2026-09-13 03:20:00,0.1407,0.1414,0.1406,0.1411,190327.7
2026-09-13 03:25:00,0.141,0.1421,0.1403,0.1403,2234648.1
2026-09-13 03:30:00,0.1403,0.1403,0.1394,0.1397,279116.7
2026-09-13 03:35:00,0.1398,0.14,0.1395,0.1399,248101.1
2026-09-13 03:40:00,0.1399,0.1405,0.1399,0.1405,105905.0
2026-09-13 03:45:00,0.1404,0.1417,0.1404,0.1415,552545.3
2026-09-13 03:50:00,0.1415,0.1419,0.1413,0.1415,350128.8
2026-09-13 03:55:00,0.1416,0.1423,0.1416,0.1416,453738.7
2026-09-13 04:00:00,0.1417,0.1418,0.141,0.1411,499995.7
2026-09-13 04:05:00,0.1411,0.1414,0.1407,0.1408,316946.4
2026-09-13 04:10:00,0.1409,0.1415,0.1409,0.1413,275888.2
2026-09-13 04:15:00,0.1413,0.1414,0.141,0.1412,152390.1
2026-09-13 04:20:00,0.1411,0.1413,0.141,0.1413,21994.8
2026-09-13 04:25:00,0.1414,0.1418,0.1412,0.1418,81189.4
2026-09-13 04:30:00,0.1419,0.1419,0.1413,0.1416,113846.5
2026-09-13 04:35:00,0.1416,0.1418,0.1411,0.1411,140482.2
2026-09-13 04:40:00,0.1412,0.1414,0.1411,0.1413,118728.4
2026-09-13 04:45:00,0.1413,0.1414,0.141,0.141,90877.8
2026-09-13 04:50:00,0.1411,0.1412,0.1409,0.141,55543.0
2026-09-13 04:55:00,0.141,0.1412,0.141,0.1412,66364.6
2026-09-13 05:00:00,0.1413,0.1419,0.1412,0.1418,223219.0
2026-09-13 05:05:00,0.1419,0.1424,0.1419,0.1423,61994.0
2026-09-13 05:10:00,0.1424,0.143,0.1421,0.1427,179427.6
2026-09-13 05:15:00,0.1427,0.1427,0.1421,0.1423,81175.7
2026-09-13 05:20:00,0.1424,0.1426,0.1424,0.1424,48945.7
2026-09-13 05:25:00,0.1423,0.1423,0.1422,0.1423,46579.4
2026-09-13 05:30:00,0.1423,0.1426,0.1423,0.1425,25690.8
2026-09-13 05:35:00,0.1425,0.1427,0.1424,0.1427,103374.5
2026-09-13 05:40:00,0.1426,0.1426,0.1424,0.1425,86861.8
2026-09-13 05:45:00,0.1426,0.1432,0.1426,0.1431,194898.1
2026-09-13 05:50:00,0.143,0.1433,0.1428,0.143,109414.3
2026-09-13 05:55:00,0.143,0.1431,0.1429,0.143,65604.1
2026-09-13 06:00:00,0.1429,0.1429,0.1424,0.1425,39778.9
2026-09-13 06:05:00,0.1425,0.1426,0.1419,0.142,123644.4
2026-09-13 06:10:00,0.1421,0.1421,0.1418,0.1418,79790.2
2026-09-13 06:15:00,0.1418,0.1418,0.1416,0.1418,36987.0
2026-09-13 06:20:00,0.1418,0.1418,0.141,0.1411,186668.3
2026-09-13 06:25:00,0.1411,0.1413,0.141,0.1413,77539.0
2026-09-13 06:30:00,0.1413,0.1413,0.1406,0.1408,321979.1
2026-09-13 06:35:00,0.1407,0.1409,0.1407,0.1407,79003.3
2026-09-13 06:40:00,0.1406,0.1408,0.1404,0.1408,127737.4
2026-09-13 06:45:00,0.1407,0.1407,0.14,0.1401,284191.8
2026-09-13 06:50:00,0.1401,0.1402,0.139,0.1394,722180.3
2026-09-13 06:55:00,0.1394,0.1397,0.1392,0.1397,210018.2
2026-09-13 07:00:00,0.1397,0.1403,0.1395,0.1402,214473.9
2026-09-13 07:05:00,0.1402,0.1404,0.1402,0.1402,71347.4
2026-09-13 07:10:00,0.1402,0.1402,0.1399,0.14,51307.8
2026-09-13 07:15:00,0.14,0.1401,0.1399,0.1399,91810.8
2026-09-13 07:20:00,0.1399,0.1404,0.1398,0.14,340766.7
2026-09-13 07:25:00,0.14,0.1401,0.1399,0.14,216462.8
2026-09-13 07:30:00,0.14,0.1402,0.1388,0.1391,2641395.7
2026-09-13 07:35:00,0.1391,0.1395,0.1389,0.1391,346825.0
2026-09-13 07:40:00,0.1391,0.1394,0.139,0.1394,380873.7
2026-09-13 07:45:00,0.1394,0.1394,0.139,0.1391,416164.3
2026-09-13 07:50:00,0.1391,0.1392,0.1389,0.139,105322.5
2026-09-13 07:55:00,0.1391,0.1391,0.1387,0.1389,234052.4
2026-09-13 08:00:00,0.1389,0.1392,0.1388,0.139,381325.3
2026-09-13 08:05:00,0.1389,0.139,0.1387,0.1389,38654.0
2026-09-13 08:10:00,0.139,0.139,0.1383,0.1388,152563.0
2026-09-13 08:15:00,0.1387,0.1389,0.1384,0.1386,405590.0
2026-09-13 08:20:00,0.1385,0.1385,0.1382,0.1383,205613.3
2026-09-13 08:25:00,0.1382,0.1384,0.1378,0.1379,177724.0
2026-09-13 08:30:00,0.1379,0.1381,0.1363,0.1368,2129555.8
2026-09-13 08:35:00,0.1369,0.1369,0.1358,0.1361,935409.0
2026-09-13 08:40:00,0.1361,0.1365,0.133,0.1343,9481193.8
2026-09-13 08:45:00,0.1343,0.1352,0.1343,0.1351,1314704.3
2026-09-13 08:50:00,0.135,0.1351,0.1347,0.1348,627509.7
2026-09-13 08:55:00,0.1348,0.1353,0.1344,0.1352,1594885.2
2026-09-13 09:00:00,0.1352,0.1364,0.1351,0.1362,709046.1
2026-09-13 09:05:00,0.1362,0.1375,0.1362,0.1368,950989.5
2026-09-13 09:10:00,0.1367,0.1371,0.1365,0.1368,629995.6
2026-09-13 09:15:00,0.1368,0.1372,0.1367,0.137,324877.1
2026-09-13 09:20:00,0.137,0.1376,0.1365,0.1367,720669.4
2026-09-13 09:25:00,0.1367,0.1372,0.1365,0.1369,235797.1
2026-09-13 09:30:00,0.1369,0.1371,0.1362,0.1363,596219.4
2026-09-13 09:35:00,0.1364,0.1378,0.1364,0.1377,1312406.2
2026-09-13 09:40:00,0.1377,0.1378,0.1372,0.1373,397651.2
2026-09-13 09:45:00,0.1372,0.1376,0.1371,0.1374,166369.6
2026-09-13 09:50:00,0.1374,0.1378,0.1373,0.1376,120601.7
2026-09-13 09:55:00,0.1377,0.1378,0.1375,0.1376,111649.3
2026-09-13 10:00:00,0.1375,0.1377,0.1375,0.1377,83143.6
2026-09-13 10:05:00,0.1376,0.1377,0.1375,0.1377,62060.9
2026-09-13 10:10:00,0.1377,0.1378,0.1376,0.1376,99972.9
2026-09-13 10:15:00,0.1377,0.1377,0.1373,0.1373,216428.8
2026-09-13 10:20:00,0.1373,0.1376,0.1373,0.1375,148667.7
2026-09-13 10:25:00,0.1374,0.1383,0.1374,0.1382,673624.2
2026-09-13 10:30:00,0.1382,0.1384,0.138,0.138,82205.8
2026-09-13 10:35:00,0.138,0.1382,0.138,0.1382,137846.8
2026-09-13 10:40:00,0.1382,0.1382,0.1376,0.1376,60221.1
2026-09-13 10:45:00,0.1377,0.1382,0.1377,0.138,44662.4
2026-09-13 10:50:00,0.138,0.138,0.1368,0.1372,520081.7
2026-09-13 10:55:00,0.1373,0.1374,0.137,0.1373,207726.8
2026-09-13 11:00:00,0.1373,0.1379,0.1371,0.1379,150138.4
2026-09-13 11:05:00,0.1379,0.1381,0.1376,0.1377,44272.7
2026-09-13 11:10:00,0.1377,0.1378,0.1377,0.1378,208578.3
2026-09-13 11:15:00,0.1378,0.1383,0.1378,0.1383,299472.6
2026-09-13 11:20:00,0.1383,0.1383,0.1381,0.1382,94635.9
2026-09-13 11:25:00,0.1381,0.1383,0.1381,0.1382,116928.3
2026-09-13 11:30:00,0.1382,0.1384,0.1381,0.1382,76612.5
2026-09-13 11:35:00,0.1383,0.1384,0.1382,0.1384,65133.2
2026-09-13 11:40:00,0.1384,0.1389,0.1384,0.1386,163463.6
2026-09-13 11:45:00,0.1387,0.1387,0.1384,0.1386,77733.8
2026-09-13 11:50:00,0.1386,0.1388,0.1384,0.1384,31349.9
2026-09-13 11:55:00,0.1384,0.1385,0.1383,0.1383,22472.5
2026-09-13 12:00:00,0.1384,0.1385,0.1372,0.1372,497507.5
2026-09-13 12:05:00,0.1372,0.1373,0.1368,0.1368,136523.3
2026-09-13 12:10:00,0.1369,0.1372,0.1369,0.1371,58416.6
2026-09-13 12:15:00,0.1371,0.1378,0.1371,0.1377,290601.2
2026-09-13 12:20:00,0.1377,0.1377,0.1374,0.1377,64585.9
2026-09-13 12:25:00,0.1377,0.1377,0.1374,0.1374,254580.5
2026-09-13 12:30:00,0.1374,0.1377,0.1374,0.1375,352042.9
2026-09-13 12:35:00,0.1375,0.1375,0.1371,0.1374,141529.5
2026-09-13 12:40:00,0.1374,0.1376,0.1371,0.1371,246676.5
2026-09-13 12:45:00,0.1371,0.1372,0.1369,0.137,20008.8
2026-09-13 12:50:00,0.1369,0.1373,0.1369,0.1372,59841.5
2026-09-13 12:55:00,0.1372,0.1373,0.137,0.1372,68821.0
2026-09-13 13:00:00,0.1372,0.1383,0.1372,0.1375,1977543.3
2026-09-13 13:05:00,0.1374,0.1381,0.1374,0.138,163057.7
2026-09-13 13:10:00,0.138,0.138,0.1369,0.137,1242046.7
2026-09-13 13:15:00,0.137,0.137,0.1366,0.1368,363240.5
2026-09-13 13:20:00,0.1368,0.1369,0.1365,0.1366,264379.5
2026-09-13 13:25:00,0.1366,0.1366,0.136,0.1362,405501.7
2026-09-13 13:30:00,0.1362,0.1367,0.1362,0.1367,290361.7
2026-09-13 13:35:00,0.1367,0.1368,0.1365,0.1367,46387.9
2026-09-13 13:40:00,0.1368,0.1376,0.1367,0.1373,134550.2
2026-09-13 13:45:00,0.1373,0.1381,0.1373,0.1381,169134.6
2026-09-13 13:50:00,0.1381,0.1383,0.1379,0.1379,140543.3
2026-09-13 13:55:00,0.1379,0.1379,0.1377,0.1378,139265.1
2026-09-13 14:00:00,0.1379,0.1382,0.1378,0.1382,57423.0
2026-09-13 14:05:00,0.1382,0.1388,0.1381,0.1387,147767.2
2026-09-13 14:10:00,0.1387,0.1397,0.1386,0.1394,391276.8
2026-09-13 14:15:00,0.1395,0.1406,0.1395,0.1403,1044324.5
2026-09-13 14:20:00,0.1403,0.1405,0.14,0.1401,363836.7
2026-09-13 14:25:00,0.1402,0.1403,0.1397,0.14,655032.8
2026-09-13 14:30:00,0.14,0.1401,0.1398,0.1399,126249.6
2026-09-13 14:35:00,0.14,0.1406,0.1398,0.1403,487922.7
2026-09-13 14:40:00,0.1402,0.1403,0.1399,0.1401,223299.0
2026-09-13 14:45:00,0.1401,0.1403,0.1396,0.1399,442437.5
2026-09-13 14:50:00,0.14,0.1403,0.1397,0.1398,432734.0
2026-09-13 14:55:00,0.1399,0.1399,0.1395,0.1397,44581.8
2026-09-13 15:00:00,0.1397,0.1397,0.1379,0.1382,1237917.7
2026-09-13 15:05:00,0.1383,0.1392,0.1379,0.139,2040880.8
2026-09-13 15:10:00,0.139,0.1394,0.1389,0.1392,452389.0
2026-09-13 15:15:00,0.1393,0.1393,0.1388,0.1389,106147.5
2026-09-13 15:20:00,0.1389,0.1394,0.1386,0.1393,191752.5
2026-09-13 15:25:00,0.1392,0.1392,0.1385,0.1386,210421.7
2026-09-13 15:30:00,0.1387,0.139,0.1385,0.139,195004.2
2026-09-13 15:35:00,0.139,0.139,0.1387,0.1388,67295.0
2026-09-13 15:40:00,0.1387,0.1389,0.1386,0.1389,19089.6
2026-09-13 15:45:00,0.1389,0.1389,0.1386,0.1389,73076.3
2026-09-13 15:50:00,0.1388,0.1389,0.1386,0.1387,45811.1
2026-09-13 15:55:00,0.1387,0.1387,0.1384,0.1384,35031.2
2026-09-13 16:00:00,0.1385,0.1392,0.1385,0.1391,141666.3
2026-09-13 16:05:00,0.139,0.1393,0.1389,0.1391,380442.5
2026-09-13 16:10:00,0.1392,0.1402,0.1389,0.1396,427694.5
2026-09-13 16:15:00,0.1396,0.1398,0.1394,0.1395,158802.5
2026-09-13 16:20:00,0.1395,0.1396,0.1392,0.1396,29648.2
2026-09-13 16:25:00,0.1396,0.1398,0.1394,0.1394,36477.2
2026-09-13 16:30:00,0.1394,0.1397,0.1392,0.1397,149883.7
2026-09-13 16:35:00,0.1396,0.1396,0.1391,0.1393,30261.1
2026-09-13 16:40:00,0.1392,0.1398,0.1391,0.1395,200507.1
2026-09-13 16:45:00,0.1396,0.1401,0.1395,0.1399,189866.2
2026-09-13 16:50:00,0.1399,0.1404,0.1399,0.1404,85180.3
2026-09-13 16:55:00,0.1404,0.1412,0.1403,0.1408,1174720.6
2026-09-13 17:00:00,0.1408,0.1408,0.1402,0.1405,277509.1
2026-09-13 17:05:00,0.1404,0.1406,0.1404,0.1405,249857.7
