timestamp,open,high,low,close,volume
2026-07-15 17:10:00,45.22,45.24,45.14,45.16,249.028
2026-07-15 17:15:00,45.16,45.2,45.07,45.13,577.22
2026-07-15 17:20:00,45.13,45.22,45.12,45.21,287.508
2026-07-15 17:25:00,45.21,45.23,45.18,45.21,231.102
2026-07-15 17:30:00,45.21,45.24,45.21,45.23,249.168
2026-07-15 17:35:00,45.23,45.23,45.19,45.22,850.747
2026-07-15 17:40:00,45.22,45.25,45.17,45.25,964.937
2026-07-15 17:45:00,45.24,45.3,45.17,45.21,2555.974
2026-07-15 17:50:00,45.22,45.26,45.2,45.23,357.72
2026-07-15 17:55:00,45.22,45.26,45.22,45.26,334.568
2026-07-15 18:00:00,45.26,45.36,45.24,45.28,4455.104
2026-07-15 18:05:00,45.27,45.31,45.27,45.28,840.59
2026-07-15 18:10:00,45.29,45.35,45.28,45.33,508.295
2026-07-15 18:15:00,45.34,45.34,45.27,45.3,357.071
2026-07-15 18:20:00,45.31,45.33,45.28,45.29,360.306
2026-07-15 18:25:00,45.29,45.29,45.2,45.2,550.802
2026-07-15 18:30:00,45.21,45.29,45.2,45.26,1313.981
2026-07-15 18:35:00,45.27,45.27,45.21,45.21,479.617
2026-07-15 18:40:00,45.21,45.21,45.15,45.15,394.994
2026-07-15 18:45:00,45.16,45.18,45.03,45.18,3641.202
2026-07-15 18:50:00,45.17,45.17,45.05,45.05,432.664
2026-07-15 18:55:00,45.05,45.07,45.0,45.03,290.312
2026-07-15 19:00:00,45.04,45.12,45.01,45.12,2527.198
2026-07-15 19:05:00,45.11,45.12,45.05,45.09,871.349
2026-07-15 19:10:00,45.09,45.09,45.04,45.07,951.896
2026-07-15 19:15:00,45.08,45.08,45.02,45.02,159.765
2026-07-15 19:20:00,45.02,45.02,44.89,44.99,2653.121
2026-07-15 19:25:00,44.98,45.0,44.95,44.95,273.642
2026-07-15 19:30:00,44.95,45.03,44.95,45.0,731.535
2026-07-15 19:35:00,45.0,45.02,44.96,45.0,520.294
2026-07-15 19:40:00,45.01,45.04,45.0,45.03,216.87
2026-07-15 19:45:00,45.03,45.04,44.92,44.94,1320.475
2026-07-15 19:50:00,44.94,45.0,44.89,44.98,2321.151
2026-07-15 19:55:00,44.98,45.0,44.92,44.93,1130.94
2026-07-15 20:00:00,44.94,44.99,44.91,44.98,368.392
2026-07-15 20:05:00,44.98,45.05,44.94,44.99,1407.151
2026-07-15 20:10:00,44.99,45.04,44.99,45.03,1008.55
2026-07-15 20:15:00,45.04,45.09,45.04,45.09,363.451
2026-07-15 20:20:00,45.09,45.11,45.08,45.09,505.541
2026-07-15 20:25:00,45.09,45.11,45.08,45.08,400.601
2026-07-15 20:30:00,45.09,45.14,45.05,45.13,970.372
2026-07-15 20:35:00,45.12,45.14,45.11,45.14,210.969
2026-07-15 20:40:00,45.13,45.17,45.1,45.12,679.293
2026-07-15 20:45:00,45.13,45.15,45.08,45.11,2116.102
2026-07-15 20:50:00,45.11,45.13,45.1,45.11,400.629
2026-07-15 20:55:00,45.11,45.12,45.09,45.1,607.18
2026-07-15 21:00:00,45.11,45.16,45.1,45.11,558.161
2026-07-15 21:05:00,45.12,45.15,45.1,45.14,506.969
2026-07-15 21:10:00,45.13,45.14,45.05,45.12,2740.661
2026-07-15 21:15:00,45.11,45.11,45.04,45.09,851.507
2026-07-15 21:20:00,45.09,45.21,45.08,45.21,1826.41
2026-07-15 21:25:00,45.21,45.23,45.17,45.2,1161.937
2026-07-15 21:30:00,45.2,45.2,45.16,45.19,427.147
2026-07-15 21:35:00,45.18,45.18,45.02,45.04,3063.634
2026-07-15 21:40:00,45.03,45.07,45.03,45.06,575.268
2026-07-15 21:45:00,45.05,45.05,45.02,45.03,380.316
2026-07-15 21:50:00,45.02,45.04,45.02,45.03,468.556
2026-07-15 21:55:00,45.02,45.03,44.96,45.0,1193.78
2026-07-15 22:00:00,45.01,45.03,44.94,45.03,865.008
2026-07-15 22:05:00,45.03,45.07,45.01,45.07,984.461
2026-07-15 22:10:00,45.07,45.14,45.02,45.03,1468.794
2026-07-15 22:15:00,45.03,45.07,45.01,45.07,1197.455
2026-07-15 22:20:00,45.07,45.07,45.03,45.04,585.513
2026-07-15 22:25:00,45.04,45.09,45.03,45.08,1430.222
2026-07-15 22:30:00,45.08,45.1,45.06,45.07,517.594
2026-07-15 22:35:00,45.08,45.1,45.02,45.06,1704.05
2026-07-15 22:40:00,45.06,45.1,45.05,45.07,828.5
2026-07-15 22:45:00,45.07,45.12,45.06,45.08,959.128
2026-07-15 22:50:00,45.08,45.23,45.07,45.08,4172.43
2026-07-15 22:55:00,45.07,45.13,45.04,45.12,762.276
2026-07-15 23:00:00,45.12,45.19,45.1,45.18,1323.946
2026-07-15 23:05:00,45.17,45.18,45.12,45.14,900.672
2026-07-15 23:10:00,45.14,45.2,45.14,45.17,737.022
2026-07-15 23:15:00,45.17,45.21,45.16,45.21,595.095
2026-07-15 23:20:00,45.21,45.23,45.16,45.17,987.521
2026-07-15 23:25:00,45.17,45.18,45.12,45.16,1290.151
2026-07-15 23:30:00,45.16,45.18,45.14,45.18,1281.519
2026-07-15 23:35:00,45.18,45.2,45.15,45.16,713.674
2026-07-15 23:40:00,45.15,45.15,45.07,45.09,1184.661
2026-07-15 23:45:00,45.09,45.11,45.06,45.07,269.992
2026-07-15 23:50:00,45.07,45.16,45.06,45.16,1117.815
2026-07-15 23:55:00,45.16,45.18,45.14,45.18,1247.493
2026-07-16 00:00:00,45.17,45.25,45.16,45.24,1590.716
2026-07-16 00:05:00,45.24,45.32,45.21,45.32,4666.463
2026-07-16 00:10:00,45.31,45.31,45.22,45.24,1767.153
2026-07-16 00:15:00,45.24,45.24,45.13,45.14,1390.953
2026-07-16 00:20:00,45.13,45.22,45.12,45.21,2036.574
2026-07-16 00:25:00,45.21,45.22,45.17,45.18,625.132
2026-07-16 00:30:00,45.18,45.19,45.07,45.13,949.28
2026-07-16 00:35:00,45.14,45.14,44.99,45.0,598.91
2026-07-16 00:40:00,44.99,45.01,44.96,44.96,565.498
2026-07-16 00:45:00,44.96,45.02,44.95,45.01,536.851
2026-07-16 00:50:00,45.01,45.06,44.99,45.05,634.093
2026-07-16 00:55:00,45.05,45.08,45.02,45.07,234.325
2026-07-16 01:00:00,45.07,45.1,45.03,45.07,805.405
2026-07-16 01:05:00,45.07,45.1,45.06,45.1,228.004
2026-07-16 01:10:00,45.1,45.11,45.06,45.07,529.161
2026-07-16 01:15:00,45.07,45.07,44.97,44.97,435.826
2026-07-16 01:20:00,44.97,45.07,44.96,45.06,385.316
2026-07-16 01:25:00,45.07,45.14,45.07,45.14,240.224
2026-07-16 01:30:00,45.14,45.17,45.13,45.16,220.499
2026-07-16 01:35:00,45.16,45.24,45.16,45.24,271.167
2026-07-16 01:40:00,45.24,45.25,45.18,45.19,286.221
2026-07-16 01:45:00,45.2,45.27,45.2,45.25,1330.958
2026-07-16 01:50:00,45.26,45.28,45.21,45.23,505.657
2026-07-16 01:55:00,45.22,45.25,45.21,45.22,235.105
2026-07-16 02:00:00,45.23,45.23,45.17,45.18,377.063
2026-07-16 02:05:00,45.18,45.21,45.17,45.19,306.505
2026-07-16 02:10:00,45.18,45.2,45.17,45.2,239.051
2026-07-16 02:15:00,45.2,45.23,45.18,45.22,573.389
2026-07-16 02:20:00,45.21,45.23,45.2,45.22,159.516
2026-07-16 02:25:00,45.22,45.24,45.22,45.23,177.007
2026-07-16 02:30:00,45.23,45.29,45.22,45.26,666.052
2026-07-16 02:35:00,45.27,45.34,45.27,45.3,1458.119
2026-07-16 02:40:00,45.31,45.33,45.28,45.28,375.89
2026-07-16 02:45:00,45.28,45.32,45.28,45.31,444.223
2026-07-16 02:50:00,45.3,45.31,45.27,45.29,1723.414
2026-07-16 02:55:00,45.29,45.33,45.29,45.32,523.388
2026-07-16 03:00:00,45.32,45.33,45.27,45.27,457.352
2026-07-16 03:05:00,45.27,45.28,45.2,45.23,2435.247
2026-07-16 03:10:00,45.23,45.28,45.21,45.27,572.293
2026-07-16 03:15:00,45.27,45.29,45.21,45.22,172.507
2026-07-16 03:20:00,45.21,45.24,45.21,45.21,238.736
2026-07-16 03:25:00,45.22,45.23,45.19,45.23,112.925
2026-07-16 03:30:00,45.23,45.28,45.22,45.28,173.939
2026-07-16 03:35:00,45.28,45.29,45.21,45.24,521.779
2026-07-16 03:40:00,45.25,45.25,45.21,45.21,576.196
2026-07-16 03:45:00,45.21,45.21,45.15,45.16,343.754
2026-07-16 03:50:00,45.15,45.18,45.14,45.17,309.549
2026-07-16 03:55:00,45.17,45.2,45.17,45.2,229.616
2026-07-16 04:00:00,45.2,45.22,45.19,45.2,263.882
2026-07-16 04:05:00,45.2,45.23,45.2,45.21,203.066
2026-07-16 04:10:00,45.22,45.32,45.22,45.28,405.321
2026-07-16 04:15:00,45.29,45.29,45.23,45.23,157.921
2026-07-16 04:20:00,45.23,45.23,45.19,45.22,276.492
2026-07-16 04:25:00,45.23,45.27,45.23,45.26,155.905
2026-07-16 04:30:00,45.26,45.29,45.24,45.27,254.308
2026-07-16 04:35:00,45.27,45.29,45.25,45.27,292.081
2026-07-16 04:40:00,45.28,45.28,45.24,45.24,349.045
2026-07-16 04:45:00,45.24,45.25,45.22,45.25,308.811
2026-07-16 04:50:00,45.25,45.25,45.21,45.22,166.838
2026-07-16 04:55:00,45.22,45.24,45.21,45.24,269.658
2026-07-16 05:00:00,45.25,45.31,45.25,45.31,240.431
2026-07-16 05:05:00,45.31,45.34,45.29,45.32,518.748
2026-07-16 05:10:00,45.32,45.36,45.31,45.36,434.664
2026-07-16 05:15:00,45.36,45.39,45.36,45.38,272.152
2026-07-16 05:20:00,45.39,45.42,45.38,45.4,253.263
2026-07-16 05:25:00,45.41,45.41,45.34,45.35,1471.423
2026-07-16 05:30:00,45.35,45.39,45.19,45.28,4330.626
2026-07-16 05:35:00,45.28,45.33,45.24,45.31,1491.805
2026-07-16 05:40:00,45.31,45.36,45.3,45.32,772.943
2026-07-16 05:45:00,45.32,45.33,45.3,45.33,626.837
2026-07-16 05:50:00,45.32,45.33,45.29,45.3,495.407
2026-07-16 05:55:00,45.3,45.31,45.27,45.29,380.597
2026-07-16 06:00:00,45.3,45.31,45.28,45.31,337.229
2026-07-16 06:05:00,45.31,45.39,45.29,45.34,1384.634
2026-07-16 06:10:00,45.34,45.35,45.31,45.32,206.408
2026-07-16 06:15:00,45.31,45.31,45.28,45.3,228.805
2026-07-16 06:20:00,45.29,45.29,45.25,45.27,1627.09
2026-07-16 06:25:00,45.28,45.29,45.21,45.21,435.001
2026-07-16 06:30:00,45.22,45.22,45.12,45.12,390.47
2026-07-16 06:35:00,45.12,45.12,45.03,45.11,411.216
2026-07-16 06:40:00,45.1,45.17,45.1,45.16,1131.435
2026-07-16 06:45:00,45.16,45.19,45.14,45.19,518.561
2026-07-16 06:50:00,45.19,45.19,45.15,45.16,381.095
2026-07-16 06:55:00,45.16,45.19,45.14,45.18,1424.349
2026-07-16 07:00:00,45.18,45.18,45.12,45.13,653.042
2026-07-16 07:05:00,45.13,45.14,45.11,45.12,244.151
2026-07-16 07:10:00,45.12,45.14,45.1,45.11,289.062
2026-07-16 07:15:00,45.1,45.11,45.07,45.08,669.488
2026-07-16 07:20:00,45.09,45.13,45.08,45.12,374.046
2026-07-16 07:25:00,45.13,45.13,45.07,45.08,1015.712
2026-07-16 07:30:00,45.08,45.09,45.02,45.04,504.578
2026-07-16 07:35:00,45.03,45.04,44.86,44.91,1440.473
2026-07-16 07:40:00,44.91,44.92,44.79,44.82,2251.589
2026-07-16 07:45:00,44.82,44.9,44.8,44.86,896.829
2026-07-16 07:50:00,44.86,44.86,44.79,44.83,1725.672
2026-07-16 07:55:00,44.82,44.88,44.79,44.88,3895.546
2026-07-16 08:00:00,44.87,44.93,44.85,44.91,5292.148
2026-07-16 08:05:00,44.92,44.93,44.85,44.86,4585.286
2026-07-16 08:10:00,44.85,44.85,44.63,44.64,5348.529
2026-07-16 08:15:00,44.64,44.74,44.59,44.71,5496.96
2026-07-16 08:20:00,44.71,44.76,44.58,44.65,8404.969
2026-07-16 08:25:00,44.65,44.76,44.65,44.76,3744.647
2026-07-16 08:30:00,44.76,44.79,44.74,44.77,2946.539
2026-07-16 08:35:00,44.77,44.79,44.71,44.71,5478.254
2026-07-16 08:40:00,44.72,44.81,44.72,44.77,5501.113
2026-07-16 08:45:00,44.77,44.99,44.73,44.86,19083.568
2026-07-16 08:50:00,44.86,44.86,44.61,44.64,7898.23
2026-07-16 08:55:00,44.64,44.75,44.58,44.74,13042.998
2026-07-16 09:00:00,44.74,44.79,44.72,44.72,11696.612
2026-07-16 09:05:00,44.72,44.75,44.7,44.75,2938.824
2026-07-16 09:10:00,44.74,44.78,44.73,44.76,2329.688
2026-07-16 09:15:00,44.77,44.78,44.72,44.72,6165.085
2026-07-16 09:20:00,44.73,44.73,44.71,44.73,2156.357
2026-07-16 09:25:00,44.72,44.75,44.61,44.63,6458.183
2026-07-16 09:30:00,44.63,44.71,44.62,44.7,9451.193
2026-07-16 09:35:00,44.7,44.71,44.68,44.69,3472.892
2026-07-16 09:40:00,44.69,44.71,44.67,44.68,3014.348
2026-07-16 09:45:00,44.67,44.69,44.64,44.69,2953.972
2026-07-16 09:50:00,44.69,44.69,44.64,44.67,2098.597
2026-07-16 09:55:00,44.67,44.69,44.58,44.67,5171.798
2026-07-16 10:00:00,44.68,44.68,44.63,44.66,646.897
2026-07-16 10:05:00,44.67,44.71,44.65,44.71,472.958
2026-07-16 10:10:00,44.71,44.71,44.68,44.69,507.322
2026-07-16 10:15:00,44.7,44.7,44.64,44.67,444.276
2026-07-16 10:20:00,44.67,44.72,44.67,44.68,1342.286
2026-07-16 10:25:00,44.69,44.75,44.66,44.74,1477.431
2026-07-16 10:30:00,44.75,44.78,44.74,44.77,279.671
2026-07-16 10:35:00,44.76,44.77,44.72,44.73,477.678
2026-07-16 10:40:00,44.73,44.73,44.71,44.73,233.655
2026-07-16 10:45:00,44.72,44.73,44.7,44.7,543.253
2026-07-16 10:50:00,44.71,44.74,44.66,44.68,2993.18
2026-07-16 10:55:00,44.68,44.69,44.67,44.67,401.51
2026-07-16 11:00:00,44.67,44.69,44.66,44.67,343.625
2026-07-16 11:05:00,44.67,44.67,44.63,44.64,251.964
2026-07-16 11:10:00,44.63,44.66,44.63,44.65,675.511
2026-07-16 11:15:00,44.66,44.67,44.6,44.64,2203.067
2026-07-16 11:20:00,44.64,44.66,44.58,44.62,3641.616
2026-07-16 11:25:00,44.62,44.63,44.54,44.56,1536.481
2026-07-16 11:30:00,44.56,44.58,44.54,44.57,597.686
2026-07-16 11:35:00,44.57,44.6,44.56,44.6,401.292
2026-07-16 11:40:00,44.6,44.63,44.55,44.62,1741.4
2026-07-16 11:45:00,44.62,44.62,44.47,44.5,5381.968
2026-07-16 11:50:00,44.49,44.55,44.48,44.55,1297.117
2026-07-16 11:55:00,44.55,44.58,44.54,44.57,1612.385
2026-07-16 12:00:00,44.57,44.58,44.51,44.52,625.633
2026-07-16 12:05:00,44.51,44.53,44.41,44.49,3955.683
2026-07-16 12:10:00,44.49,44.5,44.42,44.44,679.445
2026-07-16 12:15:00,44.45,44.51,44.43,44.49,1052.456
2026-07-16 12:20:00,44.5,44.51,44.4,44.44,6579.887
2026-07-16 12:25:00,44.43,44.5,44.42,44.5,1432.509
2026-07-16 12:30:00,44.5,44.53,44.48,44.52,1069.471
2026-07-16 12:35:00,44.53,44.53,44.38,44.41,902.529
2026-07-16 12:40:00,44.4,44.41,44.35,44.4,2697.607
2026-07-16 12:45:00,44.4,44.47,44.36,44.47,2840.768
2026-07-16 12:50:00,44.46,44.54,44.45,44.52,1327.519
2026-07-16 12:55:00,44.53,44.53,44.5,44.5,422.866
2026-07-16 13:00:00,44.5,44.56,44.5,44.52,1167.907
2026-07-16 13:05:00,44.53,44.58,44.53,44.58,1931.273
2026-07-16 13:10:00,44.58,44.66,44.57,44.66,994.042
2026-07-16 13:15:00,44.66,44.72,44.65,44.72,3762.649
2026-07-16 13:20:00,44.71,44.8,44.71,44.78,528.768
2026-07-16 13:25:00,44.77,44.78,44.72,44.74,1727.091
2026-07-16 13:30:00,44.75,44.83,44.72,44.75,1556.741
2026-07-16 13:35:00,44.76,44.84,44.74,44.8,1271.422
2026-07-16 13:40:00,44.79,44.81,44.7,44.73,4633.713
2026-07-16 13:45:00,44.73,44.74,44.68,44.73,1606.609
2026-07-16 13:50:00,44.73,44.81,44.73,44.77,1076.243
2026-07-16 13:55:00,44.76,44.77,44.66,44.75,3994.991
2026-07-16 14:00:00,44.74,44.84,44.74,44.8,1142.065
2026-07-16 14:05:00,44.8,44.86,44.8,44.86,1701.121
2026-07-16 14:10:00,44.86,44.97,44.84,44.93,3918.832
2026-07-16 14:15:00,44.93,44.98,44.91,44.96,1496.188
2026-07-16 14:20:00,44.95,44.95,44.91,44.93,1178.142
2026-07-16 14:25:00,44.92,45.02,44.9,45.0,2157.177
2026-07-16 14:30:00,44.99,45.0,44.93,44.98,1667.466
2026-07-16 14:35:00,44.98,45.0,44.9,44.91,1351.011
2026-07-16 14:40:00,44.91,44.95,44.86,44.92,3104.04
2026-07-16 14:45:00,44.92,44.95,44.92,44.94,1217.823
2026-07-16 14:50:00,44.93,44.95,44.89,44.91,785.835
2026-07-16 14:55:00,44.91,44.97,44.84,44.97,790.319
2026-07-16 15:00:00,44.97,44.99,44.86,44.91,1279.254
2026-07-16 15:05:00,44.9,44.9,44.76,44.84,3297.664
2026-07-16 15:10:00,44.84,44.85,44.78,44.82,1261.487
2026-07-16 15:15:00,44.82,44.96,44.82,44.96,1601.447
2026-07-16 15:20:00,44.97,45.08,44.94,45.06,1719.426
2026-07-16 15:25:00,45.07,45.23,45.07,45.22,2320.549
2026-07-16 15:30:00,45.23,45.31,45.18,45.31,1903.37
2026-07-16 15:35:00,45.31,45.32,45.07,45.23,5348.657
2026-07-16 15:40:00,45.23,45.25,45.16,45.2,1334.184
2026-07-16 15:45:00,45.21,45.28,45.16,45.28,1418.81
2026-07-16 15:50:00,45.28,45.3,45.24,45.3,1034.261
2026-07-16 15:55:00,45.3,45.3,45.22,45.23,1199.407
2026-07-16 16:00:00,45.23,45.23,45.11,45.12,842.218
2026-07-16 16:05:00,45.11,45.18,45.08,45.18,867.809
2026-07-16 16:10:00,45.18,45.18,45.12,45.15,752.478
2026-07-16 16:15:00,45.15,45.27,45.13,45.25,1405.83
2026-07-16 16:20:00,45.24,45.25,45.18,45.22,2214.945
2026-07-16 16:25:00,45.22,45.29,45.19,45.22,1767.243
2026-07-16 16:30:00,45.22,45.29,45.16,45.26,1488.091
2026-07-16 16:35:00,45.26,45.28,45.16,45.19,2425.547
2026-07-16 16:40:00,45.19,45.26,45.19,45.22,1517.209
2026-07-16 16:45:00,45.21,45.27,45.18,45.25,917.332
2026-07-16 16:50:00,45.25,45.31,45.24,45.29,1212.435
2026-07-16 16:55:00,45.3,45.34,45.23,45.26,2439.815
2026-07-16 17:00:00,45.26,45.29,45.23,45.29,743.47
2026-07-16 17:05:00,45.29,45.29,45.15,45.16,690.445
2026-07-16 17:10:00,45.15,45.16,45.03,45.04,2068.543
2026-07-16 17:15:00,45.04,45.1,44.96,45.09,1583.43
2026-07-16 17:20:00,45.09,45.11,45.04,45.04,792.704
2026-07-16 17:25:00,45.03,45.09,44.95,45.08,930.869
2026-07-16 17:30:00,45.08,45.15,45.08,45.13,812.228
2026-07-16 17:35:00,45.12,45.2,45.12,45.2,801.62
2026-07-16 17:40:00,45.19,45.25,45.17,45.18,1034.509
2026-07-16 17:45:00,45.18,45.23,45.17,45.2,662.5
2026-07-16 17:50:00,45.2,45.2,45.12,45.14,722.347
2026-07-16 17:55:00,45.13,45.13,45.04,45.1,453.634
2026-07-16 18:00:00,45.1,45.18,45.07,45.13,1199.364
2026-07-16 18:05:00,45.13,45.17,45.11,45.17,422.067
2026-07-16 18:10:00,45.17,45.22,45.16,45.18,679.336
2026-07-16 18:15:00,45.19,45.19,45.13,45.19,878.513
2026-07-16 18:20:00,45.19,45.23,45.18,45.23,359.329
2026-07-16 18:25:00,45.23,45.31,45.23,45.27,673.212
2026-07-16 18:30:00,45.26,45.27,45.22,45.23,393.277
2026-07-16 18:35:00,45.22,45.22,45.18,45.19,326.054
2026-07-16 18:40:00,45.19,45.25,45.15,45.23,557.254
2026-07-16 18:45:00,45.24,45.28,45.22,45.28,234.619
2026-07-16 18:50:00,45.27,45.3,45.24,45.26,609.573
2026-07-16 18:55:00,45.26,45.28,45.24,45.24,420.818
2026-07-16 19:00:00,45.24,45.31,45.23,45.3,905.452
2026-07-16 19:05:00,45.3,45.33,45.25,45.26,506.82
2026-07-16 19:10:00,45.26,45.28,45.23,45.26,1860.811
2026-07-16 19:15:00,45.27,45.27,45.22,45.25,610.08
2026-07-16 19:20:00,45.25,45.32,45.13,45.16,4172.405
2026-07-16 19:25:00,45.16,45.27,45.13,45.26,634.32
2026-07-16 19:30:00,45.25,45.27,45.2,45.24,371.286
2026-07-16 19:35:00,45.24,45.28,45.2,45.27,372.125
2026-07-16 19:40:00,45.26,45.27,45.18,45.19,234.358
2026-07-16 19:45:00,45.18,45.19,45.15,45.17,448.432
2026-07-16 19:50:00,45.17,45.28,45.15,45.28,1023.801
2026-07-16 19:55:00,45.28,45.29,45.24,45.25,257.328
2026-07-16 20:00:00,45.25,45.25,45.17,45.18,580.196
2026-07-16 20:05:00,45.18,45.21,45.16,45.17,639.794
2026-07-16 20:10:00,45.16,45.19,45.1,45.11,1775.283
2026-07-16 20:15:00,45.1,45.14,45.06,45.14,485.561
2026-07-16 20:20:00,45.14,45.15,45.11,45.11,1009.353
2026-07-16 20:25:00,45.1,45.13,45.09,45.12,430.497
2026-07-16 20:30:00,45.12,45.18,45.1,45.16,461.448
2026-07-16 20:35:00,45.16,45.18,45.14,45.15,539.798
2026-07-16 20:40:00,45.16,45.16,45.12,45.13,253.24
2026-07-16 20:45:00,45.12,45.15,45.12,45.15,684.739
2026-07-16 20:50:00,45.15,45.15,45.1,45.12,332.604
2026-07-16 20:55:00,45.12,45.13,45.08,45.08,291.0
2026-07-16 21:00:00,45.08,45.15,45.07,45.14,148.921
2026-07-16 21:05:00,45.15,45.19,45.15,45.18,276.362
2026-07-16 21:10:00,45.18,45.27,45.17,45.21,857.282
2026-07-16 21:15:00,45.2,45.22,45.19,45.22,230.736
2026-07-16 21:20:00,45.22,45.24,45.21,45.24,232.556
2026-07-16 21:25:00,45.23,45.24,45.21,45.23,492.361
2026-07-16 21:30:00,45.22,45.24,45.2,45.24,722.459
2026-07-16 21:35:00,45.24,45.31,45.24,45.29,1032.629
2026-07-16 21:40:00,45.28,45.32,45.26,45.31,860.063
2026-07-16 21:45:00,45.31,45.33,45.28,45.31,441.072
2026-07-16 21:50:00,45.3,45.36,45.3,45.34,529.551
2026-07-16 21:55:00,45.34,45.35,45.26,45.28,423.041
2026-07-16 22:00:00,45.29,45.38,45.29,45.38,396.237
2026-07-16 22:05:00,45.37,45.37,45.34,45.35,404.266
2026-07-16 22:10:00,45.36,45.36,45.29,45.32,716.402
2026-07-16 22:15:00,45.31,45.38,45.31,45.31,2061.842
2026-07-16 22:20:00,45.31,45.33,45.25,45.25,1283.78
2026-07-16 22:25:00,45.26,45.26,45.17,45.17,2236.821
2026-07-16 22:30:00,45.17,45.25,45.16,45.22,1006.976
2026-07-16 22:35:00,45.21,45.3,45.21,45.23,2497.732
2026-07-16 22:40:00,45.23,45.23,45.13,45.15,1029.151
2026-07-16 22:45:00,45.15,45.17,45.07,45.08,464.683
2026-07-16 22:50:00,45.08,45.09,45.05,45.06,522.064
2026-07-16 22:55:00,45.05,45.06,45.03,45.05,426.878
2026-07-16 23:00:00,45.04,45.06,45.0,45.03,874.679
2026-07-16 23:05:00,45.03,45.03,44.96,44.98,881.603
2026-07-16 23:10:00,44.99,45.04,44.97,45.02,870.522
2026-07-16 23:15:00,45.02,45.02,44.87,44.87,490.633
2026-07-16 23:20:00,44.87,44.89,44.79,44.86,1799.235
2026-07-16 23:25:00,44.86,44.94,44.85,44.88,721.067
2026-07-16 23:30:00,44.87,44.9,44.84,44.84,651.441
2026-07-16 23:35:00,44.84,44.89,44.82,44.89,574.883
2026-07-16 23:40:00,44.89,44.97,44.89,44.97,494.665
2026-07-16 23:45:00,44.97,45.01,44.92,44.99,519.669
2026-07-16 23:50:00,45.0,45.05,44.98,44.99,560.043
2026-07-16 23:55:00,44.98,44.99,44.93,44.94,319.375
2026-07-17 00:00:00,44.94,44.96,44.88,44.92,812.602
2026-07-17 00:05:00,44.91,44.93,44.86,44.9,889.729
2026-07-17 00:10:00,44.9,44.93,44.87,44.91,433.544
2026-07-17 00:15:00,44.91,44.99,44.91,44.96,235.64
2026-07-17 00:20:00,44.95,45.01,44.92,44.99,459.018
2026-07-17 00:25:00,44.99,45.02,44.96,44.99,339.598
2026-07-17 00:30:00,44.99,45.04,44.93,45.01,864.261
2026-07-17 00:35:00,45.0,45.03,44.91,45.01,833.412
2026-07-17 00:40:00,45.01,45.16,45.01,45.14,469.616
2026-07-17 00:45:00,45.15,45.26,45.15,45.23,618.608
2026-07-17 00:50:00,45.23,45.31,45.21,45.27,886.725
2026-07-17 00:55:00,45.28,45.3,45.23,45.3,296.904
2026-07-17 01:00:00,45.31,45.35,45.3,45.31,728.6
2026-07-17 01:05:00,45.31,45.36,45.29,45.35,933.079
2026-07-17 01:10:00,45.36,45.38,45.33,45.34,212.463
2026-07-17 01:15:00,45.34,45.35,45.23,45.24,308.98
2026-07-17 01:20:00,45.23,45.28,45.21,45.26,652.545
2026-07-17 01:25:00,45.25,45.31,45.24,45.29,325.317
2026-07-17 01:30:00,45.29,45.29,45.2,45.2,225.139
2026-07-17 01:35:00,45.19,45.24,45.17,45.21,320.194
2026-07-17 01:40:00,45.2,45.21,45.16,45.17,189.271
2026-07-17 01:45:00,45.16,45.18,45.05,45.12,489.216
2026-07-17 01:50:00,45.11,45.11,44.99,45.0,799.149
2026-07-17 01:55:00,45.0,45.07,44.96,44.98,419.613
2026-07-17 02:00:00,44.97,45.05,44.96,45.05,489.311
2026-07-17 02:05:00,45.04,45.07,44.87,44.87,312.753
2026-07-17 02:10:00,44.86,44.96,44.8,44.96,480.968
2026-07-17 02:15:00,44.96,44.99,44.91,44.91,220.878
2026-07-17 02:20:00,44.93,44.99,44.89,44.92,1206.439
2026-07-17 02:25:00,44.91,44.95,44.87,44.91,438.847
2026-07-17 02:30:00,44.9,44.93,44.86,44.87,335.98
2026-07-17 02:35:00,44.87,44.92,44.84,44.85,1128.144
2026-07-17 02:40:00,44.86,44.93,44.84,44.93,3471.016
2026-07-17 02:45:00,44.93,44.94,44.86,44.88,503.302
2026-07-17 02:50:00,44.88,44.91,44.87,44.89,135.375
2026-07-17 02:55:00,44.89,45.02,44.89,45.0,602.42
2026-07-17 03:00:00,45.01,45.21,45.0,45.21,988.978
2026-07-17 03:05:00,45.2,45.61,45.2,45.52,8289.947
2026-07-17 03:10:00,45.52,45.78,45.51,45.64,8930.53
2026-07-17 03:15:00,45.64,45.75,45.5,45.71,3202.738
2026-07-17 03:20:00,45.7,45.74,45.61,45.61,543.922
2026-07-17 03:25:00,45.61,45.91,45.61,45.78,7309.164
2026-07-17 03:30:00,45.78,45.8,45.67,45.78,1300.675
2026-07-17 03:35:00,45.78,45.81,45.7,45.73,2344.322
2026-07-17 03:40:00,45.72,45.84,45.65,45.68,6826.215
2026-07-17 03:45:00,45.67,45.67,45.51,45.54,1116.499
2026-07-17 03:50:00,45.54,45.58,45.49,45.52,1400.503
2026-07-17 03:55:00,45.52,45.63,45.5,45.56,761.977
2026-07-17 04:00:00,45.55,45.73,45.5,45.66,4053.678
2026-07-17 04:05:00,45.65,45.65,45.48,45.48,2051.672
2026-07-17 04:10:00,45.48,45.52,45.38,45.44,2197.444
2026-07-17 04:15:00,45.43,45.45,45.25,45.26,1011.767
2026-07-17 04:20:00,45.26,45.33,45.26,45.32,670.733
2026-07-17 04:25:00,45.31,45.32,45.26,45.28,899.031
2026-07-17 04:30:00,45.28,45.38,45.28,45.35,1278.885
2026-07-17 04:35:00,45.35,45.38,45.31,45.37,404.997
2026-07-17 04:40:00,45.38,45.44,45.35,45.43,366.721
2026-07-17 04:45:00,45.43,45.57,45.43,45.52,561.052
2026-07-17 04:50:00,45.53,45.55,45.5,45.51,458.172
2026-07-17 04:55:00,45.51,45.55,45.48,45.52,366.794
2026-07-17 05:00:00,45.51,45.55,45.44,45.54,562.581
2026-07-17 05:05:00,45.54,45.56,45.49,45.54,1578.513
2026-07-17 05:10:00,45.54,45.59,45.52,45.59,520.877
2026-07-17 05:15:00,45.58,45.64,45.54,45.64,510.095
2026-07-17 05:20:00,45.63,45.63,45.56,45.56,636.805
2026-07-17 05:25:00,45.56,45.56,45.42,45.42,723.603
2026-07-17 05:30:00,45.42,45.45,45.34,45.37,1484.845
2026-07-17 05:35:00,45.37,45.39,45.24,45.35,2290.139
2026-07-17 05:40:00,45.34,45.34,45.17,45.27,3656.818
2026-07-17 05:45:00,45.28,45.28,45.11,45.22,2188.964
2026-07-17 05:50:00,45.22,45.22,45.13,45.16,1321.947
2026-07-17 05:55:00,45.17,45.2,45.11,45.14,1119.894
2026-07-17 06:00:00,45.14,45.14,44.89,45.07,2624.385
2026-07-17 06:05:00,45.06,45.14,44.98,45.01,2139.968
2026-07-17 06:10:00,45.01,45.08,45.0,45.05,1630.62
2026-07-17 06:15:00,45.05,45.1,44.99,45.08,1713.494
2026-07-17 06:20:00,45.07,45.22,45.05,45.11,3982.179
2026-07-17 06:25:00,45.11,45.13,45.06,45.09,2698.343
2026-07-17 06:30:00,45.08,45.14,45.06,45.13,1338.054
2026-07-17 06:35:00,45.14,45.14,45.09,45.12,273.736
2026-07-17 06:40:00,45.12,45.13,45.08,45.11,600.139
2026-07-17 06:45:00,45.11,45.13,45.09,45.11,413.072
2026-07-17 06:50:00,45.1,45.12,45.0,45.01,838.608
2026-07-17 06:55:00,45.0,45.0,44.83,44.89,3544.367
2026-07-17 07:00:00,44.9,44.99,44.88,44.98,543.66
2026-07-17 07:05:00,44.98,44.98,44.95,44.96,437.166
2026-07-17 07:10:00,44.96,44.96,44.91,44.93,325.301
2026-07-17 07:15:00,44.94,44.94,44.86,44.88,751.121
2026-07-17 07:20:00,44.88,44.88,44.72,44.76,2374.908
2026-07-17 07:25:00,44.76,44.85,44.76,44.8,1404.224
2026-07-17 07:30:00,44.8,44.84,44.76,44.8,1355.922
2026-07-17 07:35:00,44.8,44.8,44.71,44.79,1759.851
2026-07-17 07:40:00,44.79,44.86,44.78,44.83,401.167
2026-07-17 07:45:00,44.82,44.83,44.76,44.81,562.269
2026-07-17 07:50:00,44.82,44.86,44.8,44.84,267.802
2026-07-17 07:55:00,44.84,44.84,44.75,44.77,692.645
2026-07-17 08:00:00,44.77,44.78,44.68,44.71,1216.283
2026-07-17 08:05:00,44.71,44.71,44.51,44.51,6498.83
2026-07-17 08:10:00,44.51,44.58,44.46,44.58,2262.335
2026-07-17 08:15:00,44.57,44.57,44.29,44.37,2051.844
2026-07-17 08:20:00,44.37,44.41,44.34,44.37,874.185
2026-07-17 08:25:00,44.36,44.41,44.33,44.35,556.167
2026-07-17 08:30:00,44.34,44.35,44.28,44.3,955.121
2026-07-17 08:35:00,44.31,44.34,44.16,44.25,2184.014
2026-07-17 08:40:00,44.25,44.36,44.21,44.35,721.27
2026-07-17 08:45:00,44.34,44.38,44.29,44.32,1859.949
2026-07-17 08:50:00,44.33,44.43,44.32,44.4,613.424
2026-07-17 08:55:00,44.4,44.47,44.32,44.33,518.124
2026-07-17 09:00:00,44.33,44.39,44.3,44.36,833.047
2026-07-17 09:05:00,44.37,44.44,44.35,44.4,928.674
2026-07-17 09:10:00,44.4,44.48,44.39,44.48,619.436
2026-07-17 09:15:00,44.48,44.49,44.4,44.41,960.842
2026-07-17 09:20:00,44.41,44.57,44.41,44.57,511.466
2026-07-17 09:25:00,44.57,44.6,44.55,44.59,1568.434
2026-07-17 09:30:00,44.59,44.73,44.59,44.62,4430.647
2026-07-17 09:35:00,44.61,44.68,44.58,44.65,768.082
2026-07-17 09:40:00,44.64,44.73,44.62,44.72,1249.234
2026-07-17 09:45:00,44.72,44.72,44.64,44.65,639.703
2026-07-17 09:50:00,44.65,44.67,44.63,44.64,314.727
2026-07-17 09:55:00,44.63,44.64,44.58,44.62,1243.538
2026-07-17 10:00:00,44.62,44.75,44.6,44.72,1736.42
2026-07-17 10:05:00,44.73,44.97,44.73,44.83,6267.872
2026-07-17 10:10:00,44.82,44.85,44.78,44.84,1952.892
2026-07-17 10:15:00,44.84,44.85,44.73,44.81,1714.664
2026-07-17 10:20:00,44.81,44.84,44.73,44.79,2854.304
2026-07-17 10:25:00,44.79,44.84,44.79,44.83,1294.991
2026-07-17 10:30:00,44.83,44.89,44.81,44.87,1548.73
2026-07-17 10:35:00,44.87,44.92,44.85,44.87,561.879
2026-07-17 10:40:00,44.87,44.9,44.86,44.88,268.504
2026-07-17 10:45:00,44.88,44.9,44.8,44.81,759.113
2026-07-17 10:50:00,44.81,44.82,44.55,44.58,10445.987
2026-07-17 10:55:00,44.58,44.6,44.55,44.56,1521.358
2026-07-17 11:00:00,44.56,44.59,44.39,44.4,3479.839
2026-07-17 11:05:00,44.41,44.42,44.17,44.2,4773.543
2026-07-17 11:10:00,44.21,44.34,44.13,44.17,4446.383
2026-07-17 11:15:00,44.17,44.3,44.16,44.28,981.75
2026-07-17 11:20:00,44.27,44.33,44.27,44.32,770.35
2026-07-17 11:25:00,44.32,44.36,44.31,44.36,235.204
2026-07-17 11:30:00,44.36,44.36,44.16,44.32,3167.178
2026-07-17 11:35:00,44.31,44.38,44.3,44.37,479.942
2026-07-17 11:40:00,44.38,44.43,44.37,44.4,589.838
2026-07-17 11:45:00,44.4,44.43,44.39,44.4,831.676
2026-07-17 11:50:00,44.39,44.39,44.2,44.37,3452.472
2026-07-17 11:55:00,44.38,44.41,44.37,44.4,640.696
2026-07-17 12:00:00,44.4,44.4,44.15,44.29,3691.401
2026-07-17 12:05:00,44.29,44.3,44.28,44.29,895.455
2026-07-17 12:10:00,44.29,44.34,44.28,44.33,2459.249
2026-07-17 12:15:00,44.33,44.34,44.25,44.33,3947.04
2026-07-17 12:20:00,44.33,44.4,44.31,44.36,1320.757
2026-07-17 12:25:00,44.36,44.4,44.33,44.39,1347.568
2026-07-17 12:30:00,44.4,44.43,44.38,44.4,639.371
2026-07-17 12:35:00,44.39,44.41,44.36,44.41,1048.463
2026-07-17 12:40:00,44.41,44.45,44.37,44.43,1927.951
2026-07-17 12:45:00,44.43,44.44,44.38,44.39,1081.613
2026-07-17 12:50:00,44.39,44.45,44.37,44.44,754.522
2026-07-17 12:55:00,44.43,44.44,44.37,44.37,726.557
2026-07-17 13:00:00,44.37,44.37,44.19,44.31,3581.819
2026-07-17 13:05:00,44.31,44.32,44.09,44.19,2080.841
2026-07-17 13:10:00,44.19,44.28,44.12,44.27,1018.341
2026-07-17 13:15:00,44.28,44.29,44.23,44.29,1131.154
2026-07-17 13:20:00,44.29,44.35,44.25,44.28,1847.208
2026-07-17 13:25:00,44.28,44.31,44.14,44.28,5047.799
2026-07-17 13:30:00,44.28,44.36,44.23,44.24,1827.67
2026-07-17 13:35:00,44.23,44.25,44.11,44.21,2352.463
2026-07-17 13:40:00,44.2,44.3,44.19,44.24,2828.736
2026-07-17 13:45:00,44.23,44.41,44.2,44.41,4133.461
2026-07-17 13:50:00,44.41,44.55,44.41,44.53,1724.313
2026-07-17 13:55:00,44.52,44.65,44.51,44.62,1380.627
2026-07-17 14:00:00,44.62,44.74,44.6,44.65,1336.386
2026-07-17 14:05:00,44.65,44.82,44.65,44.8,1028.372
2026-07-17 14:10:00,44.8,44.86,44.7,44.79,3895.649
2026-07-17 14:15:00,44.79,44.82,44.66,44.68,1104.957
2026-07-17 14:20:00,44.68,44.74,44.65,44.72,1267.205
2026-07-17 14:25:00,44.73,44.78,44.65,44.65,1497.941
2026-07-17 14:30:00,44.65,44.67,44.56,44.62,1384.165
2026-07-17 14:35:00,44.62,44.7,44.61,44.67,1670.218
2026-07-17 14:40:00,44.66,44.69,44.55,44.56,1498.059
2026-07-17 14:45:00,44.56,44.58,44.48,44.51,2043.713
2026-07-17 14:50:00,44.51,44.53,44.48,44.53,1352.129
2026-07-17 14:55:00,44.53,44.6,44.51,44.53,1626.159
2026-07-17 15:00:00,44.53,44.53,44.45,44.53,1125.107
2026-07-17 15:05:00,44.53,44.53,44.35,44.47,1286.71
2026-07-17 15:10:00,44.48,44.49,44.39,44.4,920.504
2026-07-17 15:15:00,44.41,44.5,44.38,44.47,966.807
2026-07-17 15:20:00,44.47,44.56,44.44,44.53,1364.453
2026-07-17 15:25:00,44.54,44.68,44.54,44.68,775.69
2026-07-17 15:30:00,44.68,44.75,44.55,44.7,5074.835
2026-07-17 15:35:00,44.7,44.83,44.67,44.82,891.574
2026-07-17 15:40:00,44.82,44.83,44.71,44.77,2240.449
2026-07-17 15:45:00,44.78,44.8,44.76,44.8,351.424
2026-07-17 15:50:00,44.81,44.84,44.74,44.84,521.863
2026-07-17 15:55:00,44.83,44.86,44.73,44.75,2229.804
2026-07-17 16:00:00,44.75,44.87,44.73,44.81,3188.737
2026-07-17 16:05:00,44.82,44.83,44.63,44.74,1919.451
2026-07-17 16:10:00,44.74,44.86,44.74,44.84,841.961
2026-07-17 16:15:00,44.85,44.87,44.78,44.86,830.636
2026-07-17 16:20:00,44.85,44.86,44.74,44.79,555.321
2026-07-17 16:25:00,44.8,44.91,44.8,44.91,472.006
2026-07-17 16:30:00,44.91,44.93,44.86,44.88,849.118
2026-07-17 16:35:00,44.87,44.91,44.85,44.87,712.653
2026-07-17 16:40:00,44.88,44.94,44.88,44.91,1140.485
2026-07-17 16:45:00,44.9,44.99,44.89,44.98,695.844
2026-07-17 16:50:00,44.98,45.0,44.91,44.94,1877.067
2026-07-17 16:55:00,44.94,44.94,44.87,44.88,428.21
2026-07-17 17:00:00,44.87,44.95,44.86,44.9,578.318
2026-07-17 17:05:00,44.9,45.08,44.86,45.06,1261.944
2026-07-17 17:10:00,45.05,45.11,45.01,45.02,1414.109
2026-07-17 17:15:00,45.01,45.05,44.95,44.96,655.144
2026-07-17 17:20:00,44.95,45.03,44.94,45.03,1078.075
2026-07-17 17:25:00,45.03,45.07,45.0,45.05,550.979
2026-07-17 17:30:00,45.05,45.07,45.01,45.04,258.989
2026-07-17 17:35:00,45.03,45.03,44.91,44.97,1880.028
2026-07-17 17:40:00,44.97,44.97,44.86,44.92,1296.664
2026-07-17 17:45:00,44.92,45.01,44.91,45.01,1276.112
2026-07-17 17:50:00,45.01,45.01,44.92,44.94,1181.207
2026-07-17 17:55:00,44.94,44.96,44.87,44.94,1698.947
2026-07-17 18:00:00,44.94,45.01,44.92,44.97,317.853
2026-07-17 18:05:00,44.96,45.0,44.9,44.99,454.883
2026-07-17 18:10:00,45.0,45.02,44.98,45.0,238.697
2026-07-17 18:15:00,45.0,45.01,44.88,45.0,1653.064
2026-07-17 18:20:00,45.0,45.0,44.92,44.93,755.24
2026-07-17 18:25:00,44.93,44.98,44.9,44.98,365.348
2026-07-17 18:30:00,44.97,45.02,44.96,44.99,545.695
2026-07-17 18:35:00,44.99,45.03,44.97,45.01,755.956
2026-07-17 18:40:00,45.01,45.02,44.98,45.01,417.401
2026-07-17 18:45:00,45.01,45.12,45.01,45.08,301.622
2026-07-17 18:50:00,45.08,45.14,45.08,45.11,1539.339
2026-07-17 18:55:00,45.11,45.12,45.01,45.01,1743.296
2026-07-17 19:00:00,45.01,45.03,44.94,45.02,1064.636
2026-07-17 19:05:00,45.01,45.01,44.96,44.96,278.214
2026-07-17 19:10:00,44.97,44.98,44.9,44.92,513.377
2026-07-17 19:15:00,44.91,44.94,44.9,44.91,340.95
2026-07-17 19:20:00,44.9,44.91,44.84,44.9,692.959
2026-07-17 19:25:00,44.9,45.07,44.89,45.05,1261.43
2026-07-17 19:30:00,45.04,45.08,45.0,45.03,928.627
2026-07-17 19:35:00,45.03,45.09,45.03,45.07,604.994
2026-07-17 19:40:00,45.07,45.1,45.05,45.09,531.029
2026-07-17 19:45:00,45.1,45.15,45.1,45.11,611.662
2026-07-17 19:50:00,45.12,45.13,45.09,45.1,231.075
2026-07-17 19:55:00,45.09,45.13,45.09,45.12,231.399
2026-07-17 20:00:00,45.11,45.11,45.01,45.05,1609.494
2026-07-17 20:05:00,45.05,45.05,44.99,45.04,1049.313
2026-07-17 20:10:00,45.04,45.05,45.01,45.04,390.651
2026-07-17 20:15:00,45.04,45.06,45.01,45.03,312.548
2026-07-17 20:20:00,45.03,45.08,45.03,45.04,404.799
2026-07-17 20:25:00,45.04,45.07,45.04,45.04,341.365
2026-07-17 20:30:00,45.04,45.09,45.02,45.04,362.607
2026-07-17 20:35:00,45.03,45.07,45.02,45.05,296.089
2026-07-17 20:40:00,45.05,45.08,45.02,45.07,436.032
2026-07-17 20:45:00,45.08,45.1,45.05,45.07,283.313
2026-07-17 20:50:00,45.06,45.09,45.06,45.08,264.762
2026-07-17 20:55:00,45.09,45.1,45.02,45.07,1356.745
2026-07-17 21:00:00,45.07,45.15,45.03,45.13,2313.942
2026-07-17 21:05:00,45.13,45.13,45.09,45.12,247.695
2026-07-17 21:10:00,45.11,45.3,45.09,45.18,3542.606
2026-07-17 21:15:00,45.19,45.23,45.19,45.2,1082.638
2026-07-17 21:20:00,45.21,45.23,45.14,45.19,1231.915
2026-07-17 21:25:00,45.2,45.2,45.16,45.18,384.691
2026-07-17 21:30:00,45.18,45.18,45.15,45.16,174.157
2026-07-17 21:35:00,45.15,45.18,45.14,45.18,657.172
2026-07-17 21:40:00,45.17,45.18,45.07,45.07,440.499
2026-07-17 21:45:00,45.07,45.08,45.03,45.07,430.377
2026-07-17 21:50:00,45.08,45.1,45.08,45.1,114.546
2026-07-17 21:55:00,45.09,45.1,45.01,45.03,607.821
2026-07-17 22:00:00,45.03,45.07,45.01,45.02,320.694
2026-07-17 22:05:00,45.03,45.04,45.01,45.04,175.755
2026-07-17 22:10:00,45.04,45.11,45.04,45.11,485.214
2026-07-17 22:15:00,45.11,45.11,45.05,45.07,180.826
2026-07-17 22:20:00,45.07,45.09,45.06,45.09,161.972
2026-07-17 22:25:00,45.09,45.11,45.08,45.09,184.595
2026-07-17 22:30:00,45.08,45.09,45.07,45.08,153.172
2026-07-17 22:35:00,45.07,45.07,45.04,45.06,346.164
2026-07-17 22:40:00,45.06,45.07,45.05,45.07,221.033
2026-07-17 22:45:00,45.07,45.13,45.06,45.12,182.313
2026-07-17 22:50:00,45.13,45.17,45.12,45.17,823.261
2026-07-17 22:55:00,45.16,45.17,45.08,45.08,1399.158
2026-07-17 23:00:00,45.07,45.08,45.01,45.07,1007.648
2026-07-17 23:05:00,45.08,45.08,45.05,45.06,256.721
2026-07-17 23:10:00,45.06,45.06,45.01,45.06,468.701
2026-07-17 23:15:00,45.06,45.12,45.06,45.12,695.557
2026-07-17 23:20:00,45.12,45.19,45.12,45.18,852.213
2026-07-17 23:25:00,45.17,45.18,45.13,45.16,381.069
2026-07-17 23:30:00,45.15,45.18,45.14,45.16,625.498
2026-07-17 23:35:00,45.16,45.18,45.15,45.17,325.925
2026-07-17 23:40:00,45.17,45.17,45.15,45.15,200.244
2026-07-17 23:45:00,45.15,45.16,45.12,45.14,794.17
2026-07-17 23:50:00,45.14,45.18,45.14,45.18,119.411
2026-07-17 23:55:00,45.18,45.19,45.16,45.17,194.621
2026-07-18 00:00:00,45.16,45.29,45.11,45.11,3043.668
2026-07-18 00:05:00,45.12,45.15,45.07,45.13,1472.636
2026-07-18 00:10:00,45.12,45.17,45.1,45.15,193.711
2026-07-18 00:15:00,45.14,45.15,45.11,45.12,365.215
2026-07-18 00:20:00,45.12,45.13,45.08,45.12,491.72
2026-07-18 00:25:00,45.13,45.13,45.09,45.11,706.527
2026-07-18 00:30:00,45.1,45.12,45.08,45.08,447.58
2026-07-18 00:35:00,45.09,45.11,45.06,45.09,361.09
2026-07-18 00:40:00,45.09,45.13,45.07,45.08,966.631
2026-07-18 00:45:00,45.09,45.16,45.08,45.16,424.466
2026-07-18 00:50:00,45.16,45.16,45.08,45.12,308.217
2026-07-18 00:55:00,45.12,45.15,45.11,45.12,789.692
2026-07-18 01:00:00,45.12,45.15,45.11,45.15,261.627
2026-07-18 01:05:00,45.16,45.17,45.15,45.17,149.92
2026-07-18 01:10:00,45.16,45.18,45.15,45.18,159.159
2026-07-18 01:15:00,45.18,45.21,45.14,45.16,323.431
2026-07-18 01:20:00,45.16,45.2,45.15,45.18,215.098
2026-07-18 01:25:00,45.18,45.23,45.17,45.23,148.069
2026-07-18 01:30:00,45.23,45.26,45.19,45.22,237.189
2026-07-18 01:35:00,45.21,45.25,45.19,45.24,156.769
2026-07-18 01:40:00,45.24,45.27,45.2,45.27,932.369
2026-07-18 01:45:00,45.27,45.44,45.27,45.42,3010.61
2026-07-18 01:50:00,45.42,45.43,45.35,45.36,954.823
2026-07-18 01:55:00,45.36,45.4,45.34,45.38,2085.819
2026-07-18 02:00:00,45.38,45.49,45.38,45.45,4419.792
2026-07-18 02:05:00,45.46,45.53,45.43,45.51,2856.746
2026-07-18 02:10:00,45.51,45.52,45.38,45.41,1962.793
2026-07-18 02:15:00,45.42,45.51,45.42,45.51,1041.569
2026-07-18 02:20:00,45.51,45.64,45.49,45.58,7098.346
2026-07-18 02:25:00,45.59,45.6,45.54,45.58,1235.558
2026-07-18 02:30:00,45.58,45.6,45.53,45.56,672.171
2026-07-18 02:35:00,45.57,45.58,45.52,45.52,369.927
2026-07-18 02:40:00,45.52,45.53,45.47,45.48,235.826
2026-07-18 02:45:00,45.48,45.58,45.48,45.57,325.07
2026-07-18 02:50:00,45.58,45.58,45.54,45.54,237.735
2026-07-18 02:55:00,45.55,45.59,45.53,45.58,507.877
2026-07-18 03:00:00,45.58,45.61,45.54,45.59,374.044
2026-07-18 03:05:00,45.6,45.63,45.59,45.63,183.166
2026-07-18 03:10:00,45.63,45.64,45.58,45.58,283.684
2026-07-18 03:15:00,45.59,45.59,45.49,45.51,474.432
2026-07-18 03:20:00,45.51,45.52,45.48,45.5,523.996
2026-07-18 03:25:00,45.5,45.5,45.47,45.48,132.283
2026-07-18 03:30:00,45.48,45.52,45.47,45.5,277.406
2026-07-18 03:35:00,45.5,45.5,45.46,45.48,1439.625
2026-07-18 03:40:00,45.48,45.49,45.45,45.46,731.564
2026-07-18 03:45:00,45.47,45.48,45.44,45.48,348.05
2026-07-18 03:50:00,45.48,45.48,45.46,45.46,63.131
2026-07-18 03:55:00,45.47,45.58,45.46,45.58,908.515
2026-07-18 04:00:00,45.58,45.59,45.51,45.53,524.969
2026-07-18 04:05:00,45.53,45.54,45.48,45.48,300.702
2026-07-18 04:10:00,45.49,45.5,45.48,45.49,210.71
2026-07-18 04:15:00,45.48,45.49,45.43,45.47,666.272
2026-07-18 04:20:00,45.46,45.47,45.42,45.45,232.039
2026-07-18 04:25:00,45.45,45.49,45.44,45.49,411.209
2026-07-18 04:30:00,45.49,45.53,45.43,45.5,394.988
2026-07-18 04:35:00,45.5,45.51,45.48,45.49,346.933
2026-07-18 04:40:00,45.48,45.52,45.47,45.47,214.668
2026-07-18 04:45:00,45.47,45.47,45.43,45.46,322.137
2026-07-18 04:50:00,45.46,45.49,45.45,45.48,253.273
2026-07-18 04:55:00,45.49,45.51,45.48,45.51,153.336
2026-07-18 05:00:00,45.5,45.51,45.47,45.5,242.604
2026-07-18 05:05:00,45.5,45.5,45.47,45.47,270.971
2026-07-18 05:10:00,45.48,45.48,45.4,45.41,335.177
2026-07-18 05:15:00,45.41,45.48,45.41,45.48,490.21
2026-07-18 05:20:00,45.48,45.52,45.47,45.52,284.016
2026-07-18 05:25:00,45.52,45.52,45.5,45.51,116.198
2026-07-18 05:30:00,45.51,45.53,45.5,45.52,502.868
2026-07-18 05:35:00,45.52,45.52,45.46,45.49,2475.927
2026-07-18 05:40:00,45.48,45.48,45.44,45.46,390.658
2026-07-18 05:45:00,45.46,45.47,45.42,45.45,1062.675
2026-07-18 05:50:00,45.44,45.45,45.4,45.42,237.26
2026-07-18 05:55:00,45.41,45.43,45.37,45.42,582.693
2026-07-18 06:00:00,45.43,45.43,45.4,45.41,179.085
2026-07-18 06:05:00,45.42,45.42,45.4,45.41,335.878
2026-07-18 06:10:00,45.41,45.42,45.39,45.39,568.701
2026-07-18 06:15:00,45.39,45.46,45.39,45.46,243.909
2026-07-18 06:20:00,45.46,45.5,45.45,45.47,541.047
2026-07-18 06:25:00,45.47,45.47,45.43,45.44,814.816
2026-07-18 06:30:00,45.44,45.44,45.41,45.42,95.823
2026-07-18 06:35:00,45.42,45.42,45.4,45.41,196.067
2026-07-18 06:40:00,45.42,45.42,45.39,45.4,160.233
2026-07-18 06:45:00,45.4,45.45,45.39,45.45,142.956
2026-07-18 06:50:00,45.45,45.45,45.44,45.44,156.659
2026-07-18 06:55:00,45.44,45.46,45.44,45.45,684.283
2026-07-18 07:00:00,45.45,45.48,45.44,45.46,223.759
2026-07-18 07:05:00,45.46,45.47,45.43,45.43,334.04
2026-07-18 07:10:00,45.43,45.44,45.42,45.43,163.327
2026-07-18 07:15:00,45.43,45.5,45.43,45.5,594.871
2026-07-18 07:20:00,45.5,45.55,45.49,45.55,255.256
2026-07-18 07:25:00,45.55,45.58,45.54,45.58,320.898
2026-07-18 07:30:00,45.58,45.6,45.55,45.59,950.715
2026-07-18 07:35:00,45.58,45.69,45.55,45.66,2114.044
2026-07-18 07:40:00,45.66,45.67,45.62,45.67,599.416
2026-07-18 07:45:00,45.68,45.68,45.64,45.67,568.656
2026-07-18 07:50:00,45.68,45.68,45.59,45.6,941.477
2026-07-18 07:55:00,45.59,45.61,45.5,45.5,1925.821
2026-07-18 08:00:00,45.5,45.5,45.43,45.44,286.683
2026-07-18 08:05:00,45.45,45.46,45.41,45.43,490.456
2026-07-18 08:10:00,45.43,45.49,45.43,45.46,866.688
2026-07-18 08:15:00,45.47,45.48,45.45,45.48,485.069
2026-07-18 08:20:00,45.48,45.49,45.46,45.49,267.555
2026-07-18 08:25:00,45.49,45.53,45.49,45.52,1914.059
2026-07-18 08:30:00,45.52,45.57,45.5,45.52,2377.481
2026-07-18 08:35:00,45.53,45.53,45.45,45.46,544.951
2026-07-18 08:40:00,45.45,45.46,45.42,45.44,253.388
2026-07-18 08:45:00,45.44,45.44,45.43,45.44,285.26
2026-07-18 08:50:00,45.44,45.44,45.42,45.44,625.948
2026-07-18 08:55:00,45.44,45.44,45.41,45.44,210.503
2026-07-18 09:00:00,45.44,45.46,45.41,45.43,475.822
2026-07-18 09:05:00,45.43,45.43,45.4,45.4,328.926
2026-07-18 09:10:00,45.4,45.47,45.35,45.46,3035.815
2026-07-18 09:15:00,45.46,45.47,45.42,45.45,1470.191
2026-07-18 09:20:00,45.44,45.46,45.39,45.4,728.456
2026-07-18 09:25:00,45.39,45.4,45.37,45.38,488.767
2026-07-18 09:30:00,45.37,45.45,45.36,45.45,450.826
2026-07-18 09:35:00,45.44,45.48,45.41,45.45,583.514
2026-07-18 09:40:00,45.44,45.48,45.44,45.46,235.338
2026-07-18 09:45:00,45.45,45.49,45.45,45.49,165.694
2026-07-18 09:50:00,45.49,45.49,45.43,45.44,870.285
2026-07-18 09:55:00,45.43,45.45,45.43,45.44,129.945
2026-07-18 10:00:00,45.44,45.46,45.43,45.45,424.714
2026-07-18 10:05:00,45.45,45.46,45.44,45.44,162.701
2026-07-18 10:10:00,45.45,45.45,45.43,45.45,209.551
2026-07-18 10:15:00,45.45,45.45,45.43,45.44,223.024
2026-07-18 10:20:00,45.44,45.44,45.43,45.44,110.056
2026-07-18 10:25:00,45.44,45.47,45.43,45.47,439.605
2026-07-18 10:30:00,45.48,45.52,45.47,45.5,380.397
2026-07-18 10:35:00,45.5,45.5,45.4,45.41,355.299
2026-07-18 10:40:00,45.41,45.41,45.39,45.4,506.436
2026-07-18 10:45:00,45.39,45.43,45.39,45.42,251.121
2026-07-18 10:50:00,45.43,45.43,45.4,45.41,250.355
2026-07-18 10:55:00,45.42,45.42,45.31,45.4,1204.599
2026-07-18 11:00:00,45.39,45.4,45.36,45.4,210.423
2026-07-18 11:05:00,45.4,45.41,45.39,45.4,353.105
2026-07-18 11:10:00,45.41,45.44,45.4,45.44,445.716
2026-07-18 11:15:00,45.43,45.43,45.38,45.39,756.495
2026-07-18 11:20:00,45.39,45.45,45.39,45.44,441.233
2026-07-18 11:25:00,45.44,45.48,45.42,45.43,322.662
2026-07-18 11:30:00,45.42,45.47,45.42,45.45,208.455
2026-07-18 11:35:00,45.46,45.46,45.41,45.41,408.435
2026-07-18 11:40:00,45.41,45.46,45.41,45.45,398.476
2026-07-18 11:45:00,45.46,45.51,45.44,45.49,558.012
2026-07-18 11:50:00,45.5,45.51,45.48,45.5,409.915
2026-07-18 11:55:00,45.51,45.54,45.5,45.53,1119.242
2026-07-18 12:00:00,45.54,45.61,45.52,45.6,2331.107
2026-07-18 12:05:00,45.6,45.68,45.52,45.56,2787.201
2026-07-18 12:10:00,45.57,45.63,45.57,45.62,743.775
2026-07-18 12:15:00,45.62,45.63,45.53,45.56,395.202
2026-07-18 12:20:00,45.57,45.58,45.53,45.57,465.806
2026-07-18 12:25:00,45.56,45.6,45.56,45.59,448.947
2026-07-18 12:30:00,45.59,45.74,45.59,45.72,821.969
2026-07-18 12:35:00,45.72,45.78,45.7,45.76,1493.084
2026-07-18 12:40:00,45.75,45.75,45.67,45.68,1229.985
2026-07-18 12:45:00,45.68,45.73,45.67,45.7,527.33
2026-07-18 12:50:00,45.7,45.72,45.67,45.7,710.17
2026-07-18 12:55:00,45.7,45.72,45.68,45.7,924.732
2026-07-18 13:00:00,45.7,45.74,45.67,45.68,1221.379
2026-07-18 13:05:00,45.68,45.78,45.68,45.77,1162.651
2026-07-18 13:10:00,45.78,45.78,45.67,45.7,3301.205
2026-07-18 13:15:00,45.7,45.74,45.67,45.69,1787.426
2026-07-18 13:20:00,45.7,45.71,45.67,45.71,461.027
2026-07-18 13:25:00,45.71,45.77,45.7,45.77,1083.286
2026-07-18 13:30:00,45.77,45.89,45.76,45.83,938.599
2026-07-18 13:35:00,45.82,45.84,45.74,45.75,843.82
2026-07-18 13:40:00,45.75,45.78,45.71,45.73,601.861
2026-07-18 13:45:00,45.72,45.75,45.71,45.73,549.636
2026-07-18 13:50:00,45.73,45.77,45.71,45.77,382.688
2026-07-18 13:55:00,45.77,45.82,45.76,45.79,2111.288
2026-07-18 14:00:00,45.8,45.83,45.73,45.75,989.373
2026-07-18 14:05:00,45.76,45.76,45.64,45.71,1615.421
2026-07-18 14:10:00,45.71,45.85,45.69,45.82,1603.276
2026-07-18 14:15:00,45.83,46.01,45.81,45.93,7367.886
2026-07-18 14:20:00,45.93,45.94,45.88,45.9,1972.032
2026-07-18 14:25:00,45.9,45.99,45.89,45.99,1533.084
2026-07-18 14:30:00,45.99,46.07,45.96,45.98,3828.891
2026-07-18 14:35:00,45.99,46.01,45.97,46.01,554.004
2026-07-18 14:40:00,46.0,46.31,45.96,46.29,7697.519
2026-07-18 14:45:00,46.3,46.33,46.1,46.15,8025.695
2026-07-18 14:50:00,46.15,46.6,46.13,46.51,9079.968
2026-07-18 14:55:00,46.51,46.54,46.31,46.33,1961.502
2026-07-18 15:00:00,46.34,46.38,46.21,46.29,2403.037
2026-07-18 15:05:00,46.3,46.56,46.3,46.51,3893.415
2026-07-18 15:10:00,46.52,46.6,46.47,46.55,1095.475
2026-07-18 15:15:00,46.56,46.63,46.44,46.44,2297.252
2026-07-18 15:20:00,46.45,46.56,46.44,46.56,2456.379
2026-07-18 15:25:00,46.56,46.71,46.5,46.5,6686.491
2026-07-18 15:30:00,46.5,46.61,46.5,46.59,1463.98
2026-07-18 15:35:00,46.59,46.59,46.37,46.42,1887.709
2026-07-18 15:40:00,46.42,46.55,46.29,46.53,8044.628
2026-07-18 15:45:00,46.54,46.57,46.39,46.56,7913.358
2026-07-18 15:50:00,46.56,46.59,46.33,46.37,7802.574
2026-07-18 15:55:00,46.37,46.52,46.19,46.24,15101.093
2026-07-18 16:00:00,46.25,46.38,46.18,46.19,11191.733
2026-07-18 16:05:00,46.19,46.33,46.17,46.28,18515.395
2026-07-18 16:10:00,46.28,46.38,46.19,46.19,5829.055
2026-07-18 16:15:00,46.19,46.32,46.18,46.19,10234.567
2026-07-18 16:20:00,46.18,46.19,46.02,46.08,13183.192
2026-07-18 16:25:00,46.08,46.2,46.08,46.16,4642.624
2026-07-18 16:30:00,46.16,46.36,46.12,46.34,2785.204
2026-07-18 16:35:00,46.34,46.48,46.33,46.42,2231.57
2026-07-18 16:40:00,46.42,46.66,46.42,46.66,2016.342
2026-07-18 16:45:00,46.66,46.86,46.62,46.78,9622.959
2026-07-18 16:50:00,46.79,47.2,46.79,47.0,16189.291
2026-07-18 16:55:00,47.01,47.23,46.98,47.19,3561.269
2026-07-18 17:00:00,47.2,47.26,47.05,47.25,3154.588
2026-07-18 17:05:00,47.25,47.4,47.23,47.38,2477.766
2026-07-18 17:10:00,47.38,47.38,47.08,47.22,2824.216
2026-07-18 17:15:00,47.22,47.4,47.19,47.28,4093.103
2026-07-18 17:20:00,47.29,47.58,47.28,47.34,7914.682
2026-07-18 17:25:00,47.34,47.53,47.34,47.42,2676.218
2026-07-18 17:30:00,47.42,47.48,47.32,47.48,2232.168
2026-07-18 17:35:00,47.49,47.89,47.49,47.84,4962.541
2026-07-18 17:40:00,47.85,47.87,47.57,47.62,3147.622
2026-07-18 17:45:00,47.62,47.62,47.34,47.37,4469.787
2026-07-18 17:50:00,47.38,47.48,47.33,47.47,5809.282
2026-07-18 17:55:00,47.46,47.5,47.38,47.47,2504.543
2026-07-18 18:00:00,47.48,47.5,47.29,47.3,2083.6
2026-07-18 18:05:00,47.3,47.56,47.29,47.53,2870.092
2026-07-18 18:10:00,47.53,47.58,47.39,47.44,3418.142
2026-07-18 18:15:00,47.44,47.52,47.35,47.49,2044.783
2026-07-18 18:20:00,47.49,47.55,47.38,47.52,2590.648
2026-07-18 18:25:00,47.53,47.63,47.44,47.44,1133.478
2026-07-18 18:30:00,47.45,47.48,47.34,47.34,1321.636
2026-07-18 18:35:00,47.35,47.39,47.3,47.3,737.275
2026-07-18 18:40:00,47.3,47.49,47.19,47.25,3821.891
2026-07-18 18:45:00,47.25,47.31,47.18,47.18,1767.276
2026-07-18 18:50:00,47.18,47.23,47.12,47.15,1078.319
2026-07-18 18:55:00,47.15,47.17,47.11,47.13,595.133
2026-07-18 19:00:00,47.14,47.21,47.12,47.2,949.272
2026-07-18 19:05:00,47.21,47.35,47.2,47.27,1023.299
2026-07-18 19:10:00,47.26,47.31,47.21,47.25,1186.936
2026-07-18 19:15:00,47.25,47.27,47.05,47.08,1663.729
2026-07-18 19:20:00,47.08,47.17,47.07,47.13,448.39
2026-07-18 19:25:00,47.13,47.16,47.04,47.07,625.888
2026-07-18 19:30:00,47.06,47.07,46.89,46.91,1423.173
2026-07-18 19:35:00,46.92,46.98,46.9,46.92,1060.529
2026-07-18 19:40:00,46.92,46.98,46.92,46.92,262.917
2026-07-18 19:45:00,46.91,47.0,46.91,46.99,419.311
2026-07-18 19:50:00,46.98,47.08,46.96,47.05,883.721
2026-07-18 19:55:00,47.04,47.04,46.69,46.87,2281.228
2026-07-18 20:00:00,46.88,46.92,46.84,46.85,642.693
2026-07-18 20:05:00,46.84,46.9,46.82,46.9,550.684
2026-07-18 20:10:00,46.9,46.99,46.87,46.96,482.872
2026-07-18 20:15:00,46.96,47.0,46.89,47.0,597.379
2026-07-18 20:20:00,47.01,47.13,47.01,47.13,782.595
2026-07-18 20:25:00,47.13,47.13,46.99,47.0,1498.279
2026-07-18 20:30:00,47.0,47.0,46.86,46.9,1637.909
2026-07-18 20:35:00,46.9,46.9,46.8,46.83,951.253
2026-07-18 20:40:00,46.83,46.88,46.82,46.88,579.455
2026-07-18 20:45:00,46.87,46.95,46.84,46.92,475.975
2026-07-18 20:50:00,46.91,47.02,46.89,47.02,818.709
2026-07-18 20:55:00,47.02,47.08,46.98,47.04,528.643
2026-07-18 21:00:00,47.03,47.12,47.0,47.12,466.167
2026-07-18 21:05:00,47.12,47.12,47.03,47.08,610.685
2026-07-18 21:10:00,47.08,47.12,47.02,47.07,1806.123
2026-07-18 21:15:00,47.08,47.08,47.02,47.07,2016.947
2026-07-18 21:20:00,47.07,47.08,47.05,47.08,528.804
2026-07-18 21:25:00,47.08,47.18,47.07,47.15,1526.613
2026-07-18 21:30:00,47.15,47.15,47.06,47.07,708.35
2026-07-18 21:35:00,47.06,47.07,46.83,46.84,1212.7
2026-07-18 21:40:00,46.84,46.88,46.79,46.8,620.494
2026-07-18 21:45:00,46.81,46.86,46.73,46.85,1441.014
2026-07-18 21:50:00,46.86,46.92,46.85,46.9,339.326
2026-07-18 21:55:00,46.91,46.94,46.81,46.81,1761.127
2026-07-18 22:00:00,46.81,46.96,46.81,46.96,281.833
2026-07-18 22:05:00,46.96,46.98,46.8,46.8,541.668
2026-07-18 22:10:00,46.81,46.94,46.81,46.83,381.609
2026-07-18 22:15:00,46.83,46.84,46.79,46.83,440.617
2026-07-18 22:20:00,46.84,46.91,46.81,46.81,747.142
2026-07-18 22:25:00,46.81,46.82,46.78,46.81,621.224
2026-07-18 22:30:00,46.81,46.81,46.79,46.8,419.188
2026-07-18 22:35:00,46.79,46.86,46.79,46.86,475.499
2026-07-18 22:40:00,46.86,46.91,46.86,46.91,219.336
2026-07-18 22:45:00,46.9,46.9,46.85,46.86,279.876
2026-07-18 22:50:00,46.87,46.94,46.86,46.91,410.402
2026-07-18 22:55:00,46.91,47.04,46.91,47.0,654.74
2026-07-18 23:00:00,47.01,47.02,46.98,47.0,187.951
2026-07-18 23:05:00,47.0,47.04,46.93,47.01,976.068
2026-07-18 23:10:00,47.02,47.02,46.95,46.99,349.912
2026-07-18 23:15:00,46.99,47.1,46.97,47.09,940.859
2026-07-18 23:20:00,47.09,47.12,47.08,47.1,882.027
2026-07-18 23:25:00,47.09,47.13,47.06,47.07,489.407
2026-07-18 23:30:00,47.08,47.08,47.04,47.05,71.379
2026-07-18 23:35:00,47.05,47.08,47.04,47.07,124.817
2026-07-18 23:40:00,47.07,47.07,47.01,47.03,573.394
2026-07-18 23:45:00,47.04,47.04,46.9,46.91,424.399
2026-07-18 23:50:00,46.92,46.99,46.92,46.97,851.61
2026-07-18 23:55:00,46.97,47.06,46.97,47.01,890.818
2026-07-19 00:00:00,47.02,47.06,46.96,47.02,1786.158
2026-07-19 00:05:00,47.02,47.21,46.93,46.95,4436.258
2026-07-19 00:10:00,46.95,46.98,46.83,46.83,1789.266
2026-07-19 00:15:00,46.84,46.86,46.8,46.85,371.198
2026-07-19 00:20:00,46.85,46.85,46.7,46.71,1400.809
2026-07-19 00:25:00,46.72,46.8,46.71,46.75,719.118
2026-07-19 00:30:00,46.75,46.83,46.75,46.79,322.847
2026-07-19 00:35:00,46.79,46.9,46.79,46.9,566.0
2026-07-19 00:40:00,46.9,46.95,46.86,46.92,715.033
2026-07-19 00:45:00,46.91,46.98,46.87,46.95,1082.84
2026-07-19 00:50:00,46.95,46.99,46.94,46.96,398.602
2026-07-19 00:55:00,46.96,46.98,46.93,46.98,389.813
2026-07-19 01:00:00,46.97,46.98,46.85,46.93,583.233
2026-07-19 01:05:00,46.93,46.93,46.91,46.91,226.744
2026-07-19 01:10:00,46.9,46.91,46.84,46.89,788.368
2026-07-19 01:15:00,46.89,46.96,46.85,46.95,547.859
2026-07-19 01:20:00,46.95,46.97,46.92,46.93,1084.954
2026-07-19 01:25:00,46.93,46.98,46.93,46.93,477.07
2026-07-19 01:30:00,46.94,46.95,46.86,46.92,1661.515
2026-07-19 01:35:00,46.93,46.94,46.78,46.79,327.293
2026-07-19 01:40:00,46.79,46.86,46.79,46.83,278.236
2026-07-19 01:45:00,46.84,46.93,46.83,46.9,376.675
2026-07-19 01:50:00,46.9,46.92,46.84,46.85,439.569
2026-07-19 01:55:00,46.85,46.86,46.78,46.82,396.917
2026-07-19 02:00:00,46.82,46.99,46.81,46.97,2474.994
2026-07-19 02:05:00,46.97,47.01,46.91,47.0,627.127
2026-07-19 02:10:00,47.0,47.04,46.99,47.03,610.312
2026-07-19 02:15:00,47.03,47.05,46.97,46.98,478.145
2026-07-19 02:20:00,46.97,47.02,46.95,47.02,254.385
2026-07-19 02:25:00,47.01,47.06,46.98,47.06,411.91
2026-07-19 02:30:00,47.06,47.23,47.06,47.18,356.645
2026-07-19 02:35:00,47.18,47.23,47.16,47.2,278.816
2026-07-19 02:40:00,47.19,47.19,47.12,47.16,399.474
2026-07-19 02:45:00,47.17,47.17,47.12,47.15,293.563
2026-07-19 02:50:00,47.15,47.23,47.15,47.2,344.143
2026-07-19 02:55:00,47.2,47.23,47.19,47.23,366.232
2026-07-19 03:00:00,47.23,47.24,47.05,47.09,692.321
2026-07-19 03:05:00,47.08,47.09,46.98,46.99,1259.818
2026-07-19 03:10:00,46.98,46.98,46.91,46.92,664.551
2026-07-19 03:15:00,46.92,46.93,46.85,46.89,648.862
2026-07-19 03:20:00,46.9,46.9,46.82,46.83,276.754
2026-07-19 03:25:00,46.83,46.88,46.82,46.88,108.878
2026-07-19 03:30:00,46.89,46.95,46.89,46.94,545.299
2026-07-19 03:35:00,46.93,46.98,46.91,46.93,364.88
2026-07-19 03:40:00,46.93,46.98,46.9,46.94,255.878
2026-07-19 03:45:00,46.94,46.97,46.86,46.96,507.078
2026-07-19 03:50:00,46.96,46.98,46.93,46.93,318.067
2026-07-19 03:55:00,46.93,46.93,46.88,46.91,502.27
2026-07-19 04:00:00,46.9,46.9,46.79,46.8,736.683
2026-07-19 04:05:00,46.79,46.81,46.74,46.77,298.503
2026-07-19 04:10:00,46.76,46.78,46.74,46.77,193.848
2026-07-19 04:15:00,46.76,46.78,46.74,46.78,252.646
2026-07-19 04:20:00,46.77,46.82,46.71,46.74,2434.929
2026-07-19 04:25:00,46.74,46.81,46.74,46.81,474.017
2026-07-19 04:30:00,46.81,46.85,46.79,46.8,562.101
2026-07-19 04:35:00,46.8,46.9,46.8,46.9,373.703
2026-07-19 04:40:00,46.9,46.9,46.86,46.87,213.362
2026-07-19 04:45:00,46.88,46.93,46.87,46.89,347.536
2026-07-19 04:50:00,46.89,46.91,46.8,46.84,495.995
2026-07-19 04:55:00,46.84,46.9,46.83,46.89,430.05
2026-07-19 05:00:00,46.88,46.95,46.88,46.9,282.766
2026-07-19 05:05:00,46.9,46.95,46.89,46.95,162.023
2026-07-19 05:10:00,46.94,46.96,46.93,46.95,90.384
2026-07-19 05:15:00,46.95,46.95,46.86,46.91,1298.682
2026-07-19 05:20:00,46.92,46.93,46.91,46.93,132.107
2026-07-19 05:25:00,46.93,46.95,46.85,46.86,213.814
2026-07-19 05:30:00,46.85,46.89,46.84,46.88,797.688
2026-07-19 05:35:00,46.88,46.88,46.79,46.83,641.205
2026-07-19 05:40:00,46.83,46.83,46.78,46.79,480.354
2026-07-19 05:45:00,46.79,46.82,46.78,46.8,238.57
2026-07-19 05:50:00,46.8,46.84,46.76,46.79,529.104
2026-07-19 05:55:00,46.8,46.85,46.78,46.79,866.052
2026-07-19 06:00:00,46.78,46.84,46.77,46.84,322.343
2026-07-19 06:05:00,46.84,46.84,46.79,46.79,166.692
2026-07-19 06:10:00,46.79,46.82,46.77,46.82,528.358
2026-07-19 06:15:00,46.82,46.82,46.79,46.8,243.16
2026-07-19 06:20:00,46.81,46.86,46.79,46.85,330.894
2026-07-19 06:25:00,46.85,46.86,46.8,46.82,316.8
2026-07-19 06:30:00,46.81,46.87,46.79,46.86,967.675
2026-07-19 06:35:00,46.86,46.88,46.83,46.87,338.111
2026-07-19 06:40:00,46.86,46.86,46.83,46.85,147.111
2026-07-19 06:45:00,46.85,46.85,46.8,46.84,305.891
2026-07-19 06:50:00,46.83,46.86,46.83,46.85,259.891
2026-07-19 06:55:00,46.85,46.88,46.83,46.86,523.305
2026-07-19 07:00:00,46.86,46.86,46.83,46.83,456.354
2026-07-19 07:05:00,46.84,46.94,46.83,46.91,917.435
2026-07-19 07:10:00,46.91,46.94,46.9,46.93,224.303
2026-07-19 07:15:00,46.93,47.0,46.92,47.0,264.738
2026-07-19 07:20:00,47.0,47.18,46.99,47.13,820.749
2026-07-19 07:25:00,47.13,47.2,47.09,47.11,1431.174
2026-07-19 07:30:00,47.1,47.19,47.08,47.15,851.494
2026-07-19 07:35:00,47.15,47.17,47.12,47.13,672.394
2026-07-19 07:40:00,47.12,47.16,47.09,47.15,528.942
2026-07-19 07:45:00,47.16,47.16,47.1,47.1,726.113
2026-07-19 07:50:00,47.09,47.11,47.05,47.08,289.549
2026-07-19 07:55:00,47.08,47.1,47.03,47.1,536.282
2026-07-19 08:00:00,47.09,47.12,47.06,47.07,423.561
2026-07-19 08:05:00,47.08,47.08,46.99,47.01,883.088
2026-07-19 08:10:00,47.01,47.03,46.98,46.99,1345.096
2026-07-19 08:15:00,46.99,46.99,46.84,46.91,637.088
2026-07-19 08:20:00,46.91,46.92,46.87,46.9,218.141
2026-07-19 08:25:00,46.9,46.94,46.9,46.91,255.577
2026-07-19 08:30:00,46.92,46.93,46.89,46.92,321.703
2026-07-19 08:35:00,46.93,46.94,46.89,46.91,193.705
2026-07-19 08:40:00,46.91,47.0,46.91,46.99,259.844
2026-07-19 08:45:00,46.99,47.0,46.98,46.99,243.867
2026-07-19 08:50:00,46.99,47.0,46.92,46.92,594.997
2026-07-19 08:55:00,46.93,46.93,46.89,46.89,375.245
2026-07-19 09:00:00,46.9,46.93,46.81,46.84,730.879
2026-07-19 09:05:00,46.83,46.86,46.77,46.78,318.863
2026-07-19 09:10:00,46.77,46.8,46.76,46.78,926.577
2026-07-19 09:15:00,46.78,46.79,46.71,46.75,1706.487
2026-07-19 09:20:00,46.75,46.78,46.71,46.78,644.771
2026-07-19 09:25:00,46.78,46.87,46.77,46.87,603.741
2026-07-19 09:30:00,46.86,46.88,46.79,46.87,351.282
2026-07-19 09:35:00,46.87,46.9,46.86,46.87,375.452
2026-07-19 09:40:00,46.86,46.86,46.81,46.85,397.924
2026-07-19 09:45:00,46.85,46.91,46.81,46.83,2091.748
2026-07-19 09:50:00,46.83,46.85,46.76,46.76,685.208
2026-07-19 09:55:00,46.76,46.87,46.76,46.83,1299.774
2026-07-19 10:00:00,46.82,46.97,46.8,46.94,1949.276
2026-07-19 10:05:00,46.95,46.98,46.92,46.96,1468.949
2026-07-19 10:10:00,46.95,46.99,46.94,46.97,1410.336
2026-07-19 10:15:00,46.96,46.99,46.95,46.95,693.164
2026-07-19 10:20:00,46.94,47.02,46.94,47.0,902.586
2026-07-19 10:25:00,47.0,47.05,46.94,47.0,1296.948
2026-07-19 10:30:00,47.01,47.02,46.95,46.99,880.642
2026-07-19 10:35:00,46.98,47.0,46.98,47.0,386.6
2026-07-19 10:40:00,47.01,47.04,47.0,47.04,880.051
2026-07-19 10:45:00,47.03,47.07,46.97,46.98,664.775
2026-07-19 10:50:00,46.99,47.02,46.96,46.96,415.398
2026-07-19 10:55:00,46.97,47.07,46.97,47.07,555.044
2026-07-19 11:00:00,47.06,47.1,47.03,47.06,1913.899
2026-07-19 11:05:00,47.06,47.1,46.97,46.99,571.883
2026-07-19 11:10:00,46.99,47.02,46.98,46.99,365.056
2026-07-19 11:15:00,46.99,47.11,46.97,47.1,311.32
2026-07-19 11:20:00,47.09,47.24,47.08,47.18,2549.299
2026-07-19 11:25:00,47.18,47.18,47.08,47.12,1402.846
2026-07-19 11:30:00,47.12,47.13,47.08,47.1,336.401
2026-07-19 11:35:00,47.1,47.17,47.05,47.08,1639.368
2026-07-19 11:40:00,47.08,47.09,47.03,47.07,695.471
2026-07-19 11:45:00,47.07,47.09,46.96,46.98,848.154
2026-07-19 11:50:00,46.99,46.99,46.92,46.96,617.908
2026-07-19 11:55:00,46.96,46.99,46.89,46.97,877.889
2026-07-19 12:00:00,46.98,46.99,46.87,46.92,2441.994
2026-07-19 12:05:00,46.92,46.97,46.85,46.88,1034.119
2026-07-19 12:10:00,46.88,46.94,46.87,46.94,536.162
2026-07-19 12:15:00,46.94,47.11,46.92,47.11,1913.113
2026-07-19 12:20:00,47.11,47.18,47.11,47.15,1459.018
2026-07-19 12:25:00,47.16,47.16,47.01,47.01,1009.377
2026-07-19 12:30:00,47.02,47.06,46.97,47.05,591.03
2026-07-19 12:35:00,47.04,47.15,47.04,47.11,1095.732
2026-07-19 12:40:00,47.1,47.18,47.1,47.17,837.098
2026-07-19 12:45:00,47.17,47.17,47.06,47.08,537.248
2026-07-19 12:50:00,47.09,47.16,47.09,47.11,1144.405
2026-07-19 12:55:00,47.1,47.17,47.08,47.1,908.001
2026-07-19 13:00:00,47.11,47.15,47.06,47.13,601.412
2026-07-19 13:05:00,47.13,47.15,47.06,47.08,894.919
2026-07-19 13:10:00,47.08,47.09,46.99,46.99,1553.173
2026-07-19 13:15:00,47.0,47.17,47.0,47.15,3972.226
2026-07-19 13:20:00,47.14,47.27,47.14,47.25,1723.991
2026-07-19 13:25:00,47.26,47.39,47.26,47.32,1390.975
2026-07-19 13:30:00,47.32,47.33,47.21,47.23,1627.076
2026-07-19 13:35:00,47.24,47.25,47.18,47.24,755.984
2026-07-19 13:40:00,47.24,47.49,47.22,47.42,4296.931
2026-07-19 13:45:00,47.41,47.45,47.37,47.37,1394.138
2026-07-19 13:50:00,47.37,47.44,47.31,47.42,1691.667
2026-07-19 13:55:00,47.42,47.42,47.34,47.36,805.06
2026-07-19 14:00:00,47.36,47.36,47.25,47.27,501.905
2026-07-19 14:05:00,47.26,47.28,47.24,47.26,375.319
2026-07-19 14:10:00,47.26,47.31,47.25,47.31,641.58
2026-07-19 14:15:00,47.3,47.31,47.09,47.18,1484.576
2026-07-19 14:20:00,47.18,47.18,47.15,47.17,268.651
2026-07-19 14:25:00,47.17,47.2,47.09,47.2,864.107
2026-07-19 14:30:00,47.2,47.21,47.13,47.2,410.02
2026-07-19 14:35:00,47.2,47.31,47.16,47.28,762.109
2026-07-19 14:40:00,47.28,47.37,47.25,47.34,1149.32
2026-07-19 14:45:00,47.34,47.47,47.33,47.41,2695.612
2026-07-19 14:50:00,47.41,47.45,47.33,47.41,1151.827
2026-07-19 14:55:00,47.41,47.43,47.28,47.31,1130.252
2026-07-19 15:00:00,47.32,47.42,47.31,47.37,2751.599
2026-07-19 15:05:00,47.37,47.37,47.25,47.25,549.804
2026-07-19 15:10:00,47.24,47.27,47.22,47.26,763.126
2026-07-19 15:15:00,47.26,47.28,47.21,47.25,311.344
2026-07-19 15:20:00,47.25,47.28,47.24,47.25,345.737
2026-07-19 15:25:00,47.25,47.32,47.18,47.19,1306.641
2026-07-19 15:30:00,47.19,47.24,47.15,47.18,499.273
2026-07-19 15:35:00,47.18,47.25,47.18,47.2,650.183
2026-07-19 15:40:00,47.19,47.22,47.18,47.21,603.914
2026-07-19 15:45:00,47.21,47.24,47.18,47.2,685.568
2026-07-19 15:50:00,47.19,47.26,47.19,47.23,993.673
2026-07-19 15:55:00,47.23,47.3,47.17,47.2,2497.203
2026-07-19 16:00:00,47.2,47.22,47.11,47.19,1268.91
2026-07-19 16:05:00,47.19,47.19,47.01,47.04,1497.0
2026-07-19 16:10:00,47.04,47.07,47.02,47.05,539.679
2026-07-19 16:15:00,47.05,47.14,47.01,47.13,1370.073
2026-07-19 16:20:00,47.13,47.25,47.11,47.23,723.506
2026-07-19 16:25:00,47.23,47.23,47.17,47.23,282.385
2026-07-19 16:30:00,47.23,47.3,47.21,47.26,508.757
2026-07-19 16:35:00,47.26,47.28,47.25,47.26,305.005
2026-07-19 16:40:00,47.26,47.34,47.25,47.27,905.328
2026-07-19 16:45:00,47.27,47.27,47.19,47.19,864.775
2026-07-19 16:50:00,47.2,47.24,47.17,47.21,1108.619
2026-07-19 16:55:00,47.21,47.22,47.17,47.17,347.184
2026-07-19 17:00:00,47.18,47.19,46.96,47.16,3199.558
2026-07-19 17:05:00,47.16,47.23,47.15,47.2,643.185
2026-07-19 17:10:00,47.2,47.3,47.19,47.3,707.596
2026-07-19 17:15:00,47.3,47.32,47.19,47.25,714.458
2026-07-19 17:20:00,47.25,47.28,47.22,47.25,384.882
2026-07-19 17:25:00,47.26,47.29,47.19,47.25,456.861
2026-07-19 17:30:00,47.25,47.34,47.24,47.34,246.618
2026-07-19 17:35:00,47.34,47.47,47.34,47.44,1133.899
2026-07-19 17:40:00,47.44,47.47,47.41,47.44,618.633
2026-07-19 17:45:00,47.43,47.57,47.43,47.51,3995.125
2026-07-19 17:50:00,47.51,47.51,47.44,47.46,1634.232
2026-07-19 17:55:00,47.47,47.55,47.44,47.5,777.68
2026-07-19 18:00:00,47.5,47.55,47.38,47.39,1344.485
2026-07-19 18:05:00,47.39,47.43,47.16,47.4,2573.003
2026-07-19 18:10:00,47.4,47.5,47.4,47.45,1240.016
2026-07-19 18:15:00,47.44,47.51,47.4,47.49,765.522
2026-07-19 18:20:00,47.5,47.55,47.49,47.54,1191.994
2026-07-19 18:25:00,47.53,47.62,47.48,47.57,4270.177
2026-07-19 18:30:00,47.56,47.62,47.46,47.62,1641.018
2026-07-19 18:35:00,47.61,47.64,47.5,47.55,973.513
2026-07-19 18:40:00,47.55,47.56,47.5,47.55,531.003
2026-07-19 18:45:00,47.56,47.56,47.45,47.48,756.901
2026-07-19 18:50:00,47.48,47.54,47.44,47.48,1228.62
2026-07-19 18:55:00,47.48,47.53,47.45,47.47,1532.365
2026-07-19 19:00:00,47.47,47.51,47.35,47.41,1060.469
2026-07-19 19:05:00,47.41,47.51,47.41,47.46,1299.112
2026-07-19 19:10:00,47.46,47.48,47.4,47.45,1000.221
2026-07-19 19:15:00,47.44,47.5,47.41,47.48,670.529
2026-07-19 19:20:00,47.49,47.62,47.49,47.59,892.057
2026-07-19 19:25:00,47.59,47.66,47.56,47.62,1688.071
2026-07-19 19:30:00,47.62,47.66,47.56,47.57,1067.371
2026-07-19 19:35:00,47.58,47.62,47.56,47.56,686.597
2026-07-19 19:40:00,47.56,47.56,47.5,47.51,1482.763
2026-07-19 19:45:00,47.52,47.54,47.5,47.51,856.635
2026-07-19 19:50:00,47.51,47.53,47.47,47.53,194.722
2026-07-19 19:55:00,47.53,47.68,47.52,47.68,1940.486
2026-07-19 20:00:00,47.68,47.73,47.61,47.66,901.325
2026-07-19 20:05:00,47.66,47.67,47.58,47.62,665.027
2026-07-19 20:10:00,47.62,47.63,47.57,47.58,252.136
2026-07-19 20:15:00,47.57,47.58,47.51,47.57,702.937
2026-07-19 20:20:00,47.57,47.62,47.54,47.62,255.024
2026-07-19 20:25:00,47.61,47.63,47.59,47.6,329.297
2026-07-19 20:30:00,47.61,47.82,47.6,47.69,2944.285
2026-07-19 20:35:00,47.69,47.7,47.64,47.65,256.262
2026-07-19 20:40:00,47.64,47.65,47.59,47.59,355.229
2026-07-19 20:45:00,47.58,47.63,47.56,47.57,688.399
2026-07-19 20:50:00,47.58,47.58,47.51,47.56,1731.367
2026-07-19 20:55:00,47.56,47.63,47.49,47.57,1603.812
2026-07-19 21:00:00,47.56,47.6,47.55,47.56,503.23
2026-07-19 21:05:00,47.56,47.56,47.49,47.53,960.174
2026-07-19 21:10:00,47.53,47.53,47.39,47.49,680.846
2026-07-19 21:15:00,47.49,47.52,47.44,47.47,1027.248
2026-07-19 21:20:00,47.48,47.54,47.47,47.5,334.884
2026-07-19 21:25:00,47.5,47.63,47.49,47.59,1613.759
2026-07-19 21:30:00,47.59,47.63,47.56,47.58,1296.013
2026-07-19 21:35:00,47.58,47.6,47.57,47.58,440.134
2026-07-19 21:40:00,47.58,47.68,47.55,47.64,923.007
2026-07-19 21:45:00,47.64,47.75,47.64,47.69,2498.187
2026-07-19 21:50:00,47.69,47.71,47.61,47.71,822.908
2026-07-19 21:55:00,47.71,47.71,47.64,47.65,412.368
2026-07-19 22:00:00,47.66,47.85,47.62,47.7,2924.52
2026-07-19 22:05:00,47.7,47.78,47.62,47.77,1666.487
2026-07-19 22:10:00,47.77,47.89,47.71,47.88,2194.852
2026-07-19 22:15:00,47.87,47.9,47.7,47.73,3927.259
2026-07-19 22:20:00,47.72,47.81,47.63,47.65,2702.168
2026-07-19 22:25:00,47.65,47.65,47.49,47.53,1129.214
2026-07-19 22:30:00,47.54,47.55,47.43,47.51,923.775
2026-07-19 22:35:00,47.51,47.51,47.41,47.47,357.124
2026-07-19 22:40:00,47.47,47.5,47.45,47.5,300.639
2026-07-19 22:45:00,47.49,47.52,47.47,47.49,627.428
2026-07-19 22:50:00,47.49,47.49,47.43,47.45,1190.531
2026-07-19 22:55:00,47.45,47.47,47.41,47.42,1313.036
2026-07-19 23:00:00,47.42,47.42,47.24,47.34,1520.122
2026-07-19 23:05:00,47.33,47.33,47.16,47.28,1047.028
2026-07-19 23:10:00,47.28,47.34,47.24,47.34,564.25
2026-07-19 23:15:00,47.34,47.38,47.27,47.28,452.958
2026-07-19 23:20:00,47.29,47.29,47.2,47.26,440.312
2026-07-19 23:25:00,47.27,47.3,47.17,47.19,604.88
2026-07-19 23:30:00,47.19,47.22,47.16,47.19,229.097
2026-07-19 23:35:00,47.2,47.23,47.1,47.11,656.366
2026-07-19 23:40:00,47.11,47.16,47.1,47.16,377.16
2026-07-19 23:45:00,47.16,47.17,47.08,47.08,785.945
2026-07-19 23:50:00,47.09,47.1,47.03,47.04,1289.174
2026-07-19 23:55:00,47.04,47.09,47.04,47.07,390.644
2026-07-20 00:00:00,47.07,47.07,46.83,46.98,3836.085
2026-07-20 00:05:00,46.98,47.18,46.96,47.12,1624.547
2026-07-20 00:10:00,47.11,47.38,47.11,47.36,1948.874
2026-07-20 00:15:00,47.35,47.41,47.31,47.41,864.525
2026-07-20 00:20:00,47.41,47.41,47.2,47.36,819.161
2026-07-20 00:25:00,47.35,47.54,47.29,47.54,3217.92
2026-07-20 00:30:00,47.53,47.65,47.51,47.58,2567.147
2026-07-20 00:35:00,47.58,47.77,47.57,47.68,1809.566
2026-07-20 00:40:00,47.67,47.8,47.66,47.72,1138.179
2026-07-20 00:45:00,47.73,47.73,47.47,47.53,1458.268
2026-07-20 00:50:00,47.54,47.55,47.31,47.44,632.337
2026-07-20 00:55:00,47.45,47.49,47.36,47.41,617.176
2026-07-20 01:00:00,47.41,47.59,47.41,47.56,1868.674
2026-07-20 01:05:00,47.56,47.81,47.56,47.81,1514.557
2026-07-20 01:10:00,47.81,47.81,47.64,47.64,324.619
2026-07-20 01:15:00,47.64,47.74,47.57,47.57,764.348
2026-07-20 01:20:00,47.57,47.72,47.55,47.71,423.343
2026-07-20 01:25:00,47.72,47.82,47.67,47.67,1031.005
2026-07-20 01:30:00,47.67,47.69,47.52,47.53,1079.351
2026-07-20 01:35:00,47.53,47.54,47.46,47.48,1288.843
2026-07-20 01:40:00,47.48,47.49,47.27,47.37,1566.64
2026-07-20 01:45:00,47.37,47.38,47.26,47.35,511.156
2026-07-20 01:50:00,47.34,47.34,47.09,47.1,851.287
2026-07-20 01:55:00,47.1,47.16,47.02,47.12,1060.594
2026-07-20 02:00:00,47.12,47.33,47.11,47.3,429.685
2026-07-20 02:05:00,47.3,47.34,47.27,47.32,830.114
2026-07-20 02:10:00,47.32,47.34,47.21,47.22,530.967
2026-07-20 02:15:00,47.23,47.3,47.19,47.19,684.712
2026-07-20 02:20:00,47.19,47.22,47.14,47.17,464.247
2026-07-20 02:25:00,47.17,47.19,47.09,47.13,422.473
2026-07-20 02:30:00,47.12,47.27,47.11,47.14,511.693
2026-07-20 02:35:00,47.14,47.18,47.08,47.08,532.12
2026-07-20 02:40:00,47.08,47.27,47.08,47.22,427.984
2026-07-20 02:45:00,47.22,47.38,47.22,47.31,730.487
2026-07-20 02:50:00,47.31,47.33,47.25,47.27,179.567
2026-07-20 02:55:00,47.27,47.32,47.22,47.22,254.052
2026-07-20 03:00:00,47.22,47.38,47.22,47.38,752.206
2026-07-20 03:05:00,47.39,47.4,47.26,47.28,5049.748
2026-07-20 03:10:00,47.29,47.31,47.2,47.22,735.02
2026-07-20 03:15:00,47.22,47.3,47.18,47.18,356.924
2026-07-20 03:20:00,47.18,47.2,47.07,47.11,795.845
2026-07-20 03:25:00,47.11,47.11,47.01,47.03,255.146
2026-07-20 03:30:00,47.03,47.13,47.02,47.09,492.45
2026-07-20 03:35:00,47.09,47.12,47.06,47.11,559.88
2026-07-20 03:40:00,47.11,47.15,47.08,47.15,111.524
2026-07-20 03:45:00,47.16,47.17,47.09,47.15,363.083
2026-07-20 03:50:00,47.15,47.17,47.12,47.13,710.863
2026-07-20 03:55:00,47.13,47.18,47.06,47.18,978.543
2026-07-20 04:00:00,47.19,47.24,47.14,47.23,1170.485
2026-07-20 04:05:00,47.22,47.22,47.16,47.19,388.251
2026-07-20 04:10:00,47.19,47.21,47.05,47.05,558.724
2026-07-20 04:15:00,47.06,47.09,46.89,47.09,2999.639
2026-07-20 04:20:00,47.09,47.09,47.01,47.07,433.645
2026-07-20 04:25:00,47.08,47.15,47.08,47.14,238.195
2026-07-20 04:30:00,47.13,47.16,47.07,47.1,604.577
2026-07-20 04:35:00,47.09,47.15,47.09,47.12,160.449
2026-07-20 04:40:00,47.12,47.12,47.05,47.09,256.655
2026-07-20 04:45:00,47.09,47.1,47.04,47.05,1363.501
2026-07-20 04:50:00,47.05,47.06,46.99,47.03,357.434
2026-07-20 04:55:00,47.02,47.08,46.97,47.02,1900.84
2026-07-20 05:00:00,47.02,47.03,46.93,47.0,848.063
2026-07-20 05:05:00,47.0,47.04,46.96,46.98,395.795
2026-07-20 05:10:00,46.97,46.98,46.74,46.97,4392.534
2026-07-20 05:15:00,46.96,47.14,46.93,47.11,684.054
2026-07-20 05:20:00,47.1,47.17,47.03,47.15,917.604
2026-07-20 05:25:00,47.15,47.3,47.06,47.27,1112.336
2026-07-20 05:30:00,47.27,47.35,47.23,47.28,1312.36
2026-07-20 05:35:00,47.28,47.33,47.16,47.17,892.876
2026-07-20 05:40:00,47.17,47.2,47.12,47.16,334.774
2026-07-20 05:45:00,47.15,47.16,47.05,47.14,578.714
2026-07-20 05:50:00,47.14,47.22,47.06,47.06,784.386
2026-07-20 05:55:00,47.06,47.1,46.98,47.01,443.035
2026-07-20 06:00:00,47.02,47.08,46.97,47.07,2868.126
2026-07-20 06:05:00,47.06,47.16,47.03,47.09,543.426
2026-07-20 06:10:00,47.08,47.25,46.97,47.16,3875.22
2026-07-20 06:15:00,47.15,47.15,47.03,47.06,784.156
2026-07-20 06:20:00,47.06,47.08,46.93,46.93,1126.448
2026-07-20 06:25:00,46.93,47.09,46.93,46.95,2101.854
2026-07-20 06:30:00,46.95,47.0,46.44,46.65,8600.871
2026-07-20 06:35:00,46.64,46.65,46.47,46.64,2665.762
2026-07-20 06:40:00,46.64,46.74,46.64,46.73,3713.084
2026-07-20 06:45:00,46.73,46.8,46.68,46.76,1593.554
2026-07-20 06:50:00,46.75,46.81,46.74,46.81,536.452
2026-07-20 06:55:00,46.81,46.82,46.71,46.8,2920.839
2026-07-20 07:00:00,46.81,46.83,46.7,46.72,862.924
2026-07-20 07:05:00,46.71,46.77,46.71,46.77,515.963
2026-07-20 07:10:00,46.77,46.79,46.67,46.74,1544.888
2026-07-20 07:15:00,46.73,46.74,46.6,46.74,798.68
2026-07-20 07:20:00,46.75,46.8,46.61,46.76,2256.023
2026-07-20 07:25:00,46.76,46.86,46.76,46.86,862.293
2026-07-20 07:30:00,46.86,46.89,46.78,46.81,864.957
2026-07-20 07:35:00,46.8,46.82,46.73,46.74,842.691
2026-07-20 07:40:00,46.74,46.79,46.74,46.77,2163.177
2026-07-20 07:45:00,46.78,46.85,46.75,46.82,1322.953
2026-07-20 07:50:00,46.81,46.91,46.8,46.91,951.5
2026-07-20 07:55:00,46.91,47.01,46.9,47.0,424.917
2026-07-20 08:00:00,47.01,47.04,46.94,46.95,540.659
2026-07-20 08:05:00,46.95,46.97,46.9,46.91,361.939
2026-07-20 08:10:00,46.91,47.02,46.88,47.02,1471.355
2026-07-20 08:15:00,47.01,47.01,46.9,46.93,584.466
2026-07-20 08:20:00,46.93,46.99,46.9,46.94,2012.947
2026-07-20 08:25:00,46.94,46.95,46.9,46.92,350.459
2026-07-20 08:30:00,46.91,46.96,46.75,46.82,3853.998
2026-07-20 08:35:00,46.82,46.86,46.63,46.76,7983.337
2026-07-20 08:40:00,46.76,46.78,46.6,46.6,2333.12
2026-07-20 08:45:00,46.61,46.63,46.53,46.62,2735.184
2026-07-20 08:50:00,46.63,46.67,46.42,46.51,7784.612
2026-07-20 08:55:00,46.5,46.53,46.45,46.49,5309.45
2026-07-20 09:00:00,46.49,46.53,46.43,46.45,4065.319
2026-07-20 09:05:00,46.45,46.61,46.42,46.58,2978.193
2026-07-20 09:10:00,46.59,46.65,46.55,46.62,2619.077
2026-07-20 09:15:00,46.62,46.78,46.62,46.66,2065.044
2026-07-20 09:20:00,46.66,46.75,46.66,46.72,342.223
2026-07-20 09:25:00,46.72,46.73,46.7,46.7,419.589
2026-07-20 09:30:00,46.7,46.76,46.68,46.74,594.293
2026-07-20 09:35:00,46.73,46.76,46.71,46.71,1021.018
2026-07-20 09:40:00,46.72,46.77,46.72,46.74,321.165
2026-07-20 09:45:00,46.75,46.76,46.74,46.75,500.465
2026-07-20 09:50:00,46.75,46.83,46.74,46.81,1157.184
2026-07-20 09:55:00,46.8,46.8,46.7,46.75,1569.187
2026-07-20 10:00:00,46.75,46.76,46.64,46.71,841.769
2026-07-20 10:05:00,46.72,46.8,46.71,46.79,442.453
2026-07-20 10:10:00,46.79,46.86,46.75,46.8,3662.91
2026-07-20 10:15:00,46.8,46.88,46.77,46.88,877.945
2026-07-20 10:20:00,46.87,46.95,46.85,46.94,1822.717
2026-07-20 10:25:00,46.94,46.94,46.87,46.9,1488.111
2026-07-20 10:30:00,46.89,46.92,46.86,46.9,924.825
2026-07-20 10:35:00,46.89,46.94,46.85,46.94,809.868
2026-07-20 10:40:00,46.94,47.02,46.93,47.01,1950.469
2026-07-20 10:45:00,47.01,47.05,46.97,47.01,1395.68
2026-07-20 10:50:00,47.01,47.07,47.01,47.07,1411.728
2026-07-20 10:55:00,47.07,47.07,47.04,47.06,887.454
2026-07-20 11:00:00,47.06,47.2,47.05,47.11,4505.761
2026-07-20 11:05:00,47.11,47.17,47.04,47.12,1000.027
2026-07-20 11:10:00,47.12,47.13,47.09,47.12,797.892
2026-07-20 11:15:00,47.13,47.16,47.1,47.15,1484.696
2026-07-20 11:20:00,47.14,47.21,47.1,47.12,2470.408
2026-07-20 11:25:00,47.13,47.16,47.03,47.03,991.602
2026-07-20 11:30:00,47.04,47.37,47.0,47.33,3814.604
2026-07-20 11:35:00,47.33,47.48,47.31,47.43,2062.249
2026-07-20 11:40:00,47.43,47.48,47.35,47.44,2207.743
2026-07-20 11:45:00,47.44,47.53,47.43,47.46,1886.577
2026-07-20 11:50:00,47.45,47.49,47.38,47.48,688.677
2026-07-20 11:55:00,47.47,47.51,47.43,47.45,985.993
2026-07-20 12:00:00,47.44,47.44,47.25,47.33,1920.18
2026-07-20 12:05:00,47.33,47.33,47.28,47.32,512.395
2026-07-20 12:10:00,47.31,47.32,47.21,47.24,2128.16
2026-07-20 12:15:00,47.24,47.24,47.19,47.19,667.214
2026-07-20 12:20:00,47.19,47.22,47.12,47.21,875.346
2026-07-20 12:25:00,47.2,47.41,47.18,47.36,3724.832
2026-07-20 12:30:00,47.36,47.38,47.18,47.26,2376.462
2026-07-20 12:35:00,47.27,47.28,47.15,47.16,907.008
2026-07-20 12:40:00,47.17,47.18,46.98,47.02,2149.735
2026-07-20 12:45:00,47.02,47.09,46.99,47.08,729.545
2026-07-20 12:50:00,47.09,47.11,47.01,47.02,1934.148
2026-07-20 12:55:00,47.01,47.04,46.88,46.93,2657.298
2026-07-20 13:00:00,46.93,46.94,46.72,46.85,4666.324
2026-07-20 13:05:00,46.84,46.89,46.75,46.8,2092.426
2026-07-20 13:10:00,46.81,46.83,46.66,46.66,1918.002
2026-07-20 13:15:00,46.66,46.8,46.56,46.79,2714.69
2026-07-20 13:20:00,46.78,46.84,46.77,46.83,1269.622
2026-07-20 13:25:00,46.84,46.92,46.78,46.8,1862.96
2026-07-20 13:30:00,46.8,46.89,46.74,46.86,3406.865
2026-07-20 13:35:00,46.86,47.0,46.8,46.86,5088.941
2026-07-20 13:40:00,46.85,46.87,46.62,46.66,4351.289
2026-07-20 13:45:00,46.66,46.78,46.5,46.75,4194.069
2026-07-20 13:50:00,46.75,46.86,46.63,46.63,4054.6
2026-07-20 13:55:00,46.63,46.71,46.62,46.69,1847.137
2026-07-20 14:00:00,46.69,46.72,46.55,46.66,2320.232
2026-07-20 14:05:00,46.66,46.76,46.66,46.75,1628.562
2026-07-20 14:10:00,46.75,46.83,46.71,46.72,807.702
2026-07-20 14:15:00,46.71,46.81,46.58,46.68,1760.518
2026-07-20 14:20:00,46.68,46.76,46.61,46.76,1160.097
2026-07-20 14:25:00,46.75,46.82,46.72,46.82,710.65
2026-07-20 14:30:00,46.82,46.85,46.75,46.79,1601.137
2026-07-20 14:35:00,46.79,46.86,46.75,46.85,1336.388
2026-07-20 14:40:00,46.85,46.98,46.84,46.93,1124.622
2026-07-20 14:45:00,46.92,46.96,46.82,46.83,814.224
2026-07-20 14:50:00,46.83,46.86,46.7,46.71,565.321
2026-07-20 14:55:00,46.7,46.73,46.64,46.69,725.035
2026-07-20 15:00:00,46.69,46.9,46.67,46.82,2670.322
2026-07-20 15:05:00,46.82,46.89,46.72,46.87,1400.302
2026-07-20 15:10:00,46.88,47.0,46.84,47.0,1386.636
2026-07-20 15:15:00,47.0,47.06,46.97,47.03,1138.636
2026-07-20 15:20:00,47.04,47.09,47.0,47.07,976.453
2026-07-20 15:25:00,47.06,47.13,47.05,47.12,709.531
2026-07-20 15:30:00,47.13,47.34,47.11,47.25,2934.411
2026-07-20 15:35:00,47.26,47.26,47.12,47.16,4558.871
2026-07-20 15:40:00,47.16,47.34,47.15,47.31,1688.779
2026-07-20 15:45:00,47.31,47.44,47.3,47.34,1938.291
2026-07-20 15:50:00,47.34,47.57,47.34,47.54,1334.074
2026-07-20 15:55:00,47.54,47.6,47.4,47.49,3606.028
2026-07-20 16:00:00,47.49,47.51,47.37,47.38,758.775
2026-07-20 16:05:00,47.38,47.41,47.28,47.35,1438.724
2026-07-20 16:10:00,47.35,47.44,47.35,47.38,1423.044
2026-07-20 16:15:00,47.39,47.42,47.28,47.29,1641.256
2026-07-20 16:20:00,47.3,47.51,47.28,47.51,3099.096
2026-07-20 16:25:00,47.51,47.53,47.36,47.43,2426.108
2026-07-20 16:30:00,47.43,47.47,47.17,47.24,1809.861
2026-07-20 16:35:00,47.25,47.35,47.23,47.34,2791.715
2026-07-20 16:40:00,47.33,47.34,47.15,47.32,4483.386
2026-07-20 16:45:00,47.32,47.41,47.29,47.41,1100.417
2026-07-20 16:50:00,47.41,47.43,47.32,47.39,1988.919
2026-07-20 16:55:00,47.4,47.4,47.34,47.37,845.137
2026-07-20 17:00:00,47.37,47.41,47.31,47.4,772.45
2026-07-20 17:05:00,47.4,47.72,47.36,47.67,5764.924
2026-07-20 17:10:00,47.67,47.67,47.47,47.48,2501.616
2026-07-20 17:15:00,47.47,47.47,47.37,47.37,772.864
2026-07-20 17:20:00,47.38,47.39,47.3,47.34,973.045
2026-07-20 17:25:00,47.34,47.41,47.26,47.32,1303.001
2026-07-20 17:30:00,47.31,47.35,47.3,47.34,646.4
2026-07-20 17:35:00,47.34,47.36,47.27,47.28,447.421
2026-07-20 17:40:00,47.27,47.28,47.22,47.23,446.868
2026-07-20 17:45:00,47.22,47.32,47.22,47.32,338.55
2026-07-20 17:50:00,47.32,47.47,47.31,47.37,2282.726
2026-07-20 17:55:00,47.37,47.38,47.32,47.33,703.006
2026-07-20 18:00:00,47.33,47.5,47.33,47.47,2279.581
2026-07-20 18:05:00,47.47,47.47,47.34,47.35,542.998
2026-07-20 18:10:00,47.35,47.55,47.34,47.48,1273.355
2026-07-20 18:15:00,47.47,47.53,47.41,47.44,1335.461
2026-07-20 18:20:00,47.44,47.48,47.35,47.4,1667.252
2026-07-20 18:25:00,47.39,47.44,47.36,47.4,1644.636
2026-07-20 18:30:00,47.4,47.4,47.24,47.26,629.162
2026-07-20 18:35:00,47.27,47.3,47.22,47.22,748.886
2026-07-20 18:40:00,47.22,47.25,47.17,47.17,1082.42
2026-07-20 18:45:00,47.16,47.17,47.03,47.05,1804.839
2026-07-20 18:50:00,47.05,47.1,46.98,46.99,2668.309
2026-07-20 18:55:00,46.99,47.04,46.98,47.04,1118.815
2026-07-20 19:00:00,47.03,47.05,46.94,46.95,983.247
2026-07-20 19:05:00,46.96,47.04,46.94,47.04,399.66
2026-07-20 19:10:00,47.04,47.06,46.94,46.94,672.089
2026-07-20 19:15:00,46.94,47.1,46.93,47.07,1115.364
2026-07-20 19:20:00,47.06,47.14,47.04,47.12,1553.815
2026-07-20 19:25:00,47.12,47.24,47.09,47.17,1975.404
2026-07-20 19:30:00,47.17,47.17,47.08,47.11,590.272
2026-07-20 19:35:00,47.11,47.16,47.08,47.16,1375.888
2026-07-20 19:40:00,47.15,47.27,47.13,47.15,1005.201
2026-07-20 19:45:00,47.16,47.19,47.12,47.15,324.172
2026-07-20 19:50:00,47.14,47.18,47.08,47.12,2549.331
2026-07-20 19:55:00,47.11,47.12,47.06,47.08,366.225
2026-07-20 20:00:00,47.08,47.1,46.96,47.02,1216.957
2026-07-20 20:05:00,47.02,47.14,47.01,47.1,1396.661
2026-07-20 20:10:00,47.1,47.18,47.09,47.16,921.814
2026-07-20 20:15:00,47.16,47.18,47.11,47.15,734.787
2026-07-20 20:20:00,47.16,47.2,47.15,47.18,258.513
2026-07-20 20:25:00,47.19,47.24,47.18,47.2,603.627
2026-07-20 20:30:00,47.2,47.32,47.19,47.3,899.507
2026-07-20 20:35:00,47.3,47.4,47.28,47.39,993.492
2026-07-20 20:40:00,47.39,47.41,47.36,47.37,2116.935
2026-07-20 20:45:00,47.38,47.42,47.36,47.41,897.585
2026-07-20 20:50:00,47.41,47.45,47.37,47.45,1027.149
2026-07-20 20:55:00,47.44,47.47,47.4,47.43,579.333
2026-07-20 21:00:00,47.42,47.43,47.38,47.43,533.106
2026-07-20 21:05:00,47.42,47.45,47.4,47.45,476.095
2026-07-20 21:10:00,47.45,47.54,47.43,47.45,1176.879
2026-07-20 21:15:00,47.45,47.52,47.44,47.5,777.824
2026-07-20 21:20:00,47.5,47.53,47.49,47.51,225.05
2026-07-20 21:25:00,47.51,47.54,47.49,47.53,220.386
2026-07-20 21:30:00,47.53,47.6,47.49,47.59,526.815
2026-07-20 21:35:00,47.58,47.58,47.48,47.55,663.316
2026-07-20 21:40:00,47.54,47.57,47.5,47.56,1717.949
2026-07-20 21:45:00,47.57,47.57,47.54,47.55,270.207
2026-07-20 21:50:00,47.55,47.55,47.47,47.5,432.677
2026-07-20 21:55:00,47.5,47.54,47.43,47.54,1232.26
2026-07-20 22:00:00,47.54,47.54,47.41,47.46,787.402
2026-07-20 22:05:00,47.46,47.52,47.44,47.51,227.693
2026-07-20 22:10:00,47.52,47.55,47.5,47.54,490.215
2026-07-20 22:15:00,47.53,47.54,47.44,47.52,1037.216
2026-07-20 22:20:00,47.52,47.52,47.47,47.48,184.584
2026-07-20 22:25:00,47.47,47.5,47.47,47.49,474.683
2026-07-20 22:30:00,47.49,47.5,47.38,47.38,823.567
2026-07-20 22:35:00,47.39,47.41,47.35,47.35,395.77
2026-07-20 22:40:00,47.35,47.35,47.28,47.34,1362.39
2026-07-20 22:45:00,47.34,47.35,47.31,47.34,263.459
2026-07-20 22:50:00,47.34,47.36,47.3,47.33,372.102
2026-07-20 22:55:00,47.33,47.34,47.3,47.3,169.387
2026-07-20 23:00:00,47.31,47.34,47.27,47.33,235.323
2026-07-20 23:05:00,47.34,47.43,47.34,47.43,491.868
2026-07-20 23:10:00,47.42,47.42,47.33,47.38,799.473
2026-07-20 23:15:00,47.37,47.42,47.37,47.42,114.677
2026-07-20 23:20:00,47.42,47.43,47.4,47.43,119.256
2026-07-20 23:25:00,47.43,47.43,47.39,47.43,282.262
2026-07-20 23:30:00,47.43,47.44,47.38,47.38,409.822
2026-07-20 23:35:00,47.39,47.41,47.35,47.37,403.079
2026-07-20 23:40:00,47.36,47.37,47.33,47.36,363.98
2026-07-20 23:45:00,47.37,47.41,47.37,47.4,300.765
2026-07-20 23:50:00,47.4,47.41,47.29,47.34,757.673
2026-07-20 23:55:00,47.34,47.38,47.33,47.37,284.2
2026-07-21 00:00:00,47.36,47.4,47.28,47.4,669.694
2026-07-21 00:05:00,47.4,47.45,47.36,47.43,241.547
2026-07-21 00:10:00,47.42,47.46,47.39,47.41,199.579
2026-07-21 00:15:00,47.4,47.48,47.37,47.47,137.311
2026-07-21 00:20:00,47.48,47.49,47.39,47.45,605.93
2026-07-21 00:25:00,47.46,47.5,47.4,47.43,503.91
2026-07-21 00:30:00,47.43,47.5,47.42,47.48,228.394
2026-07-21 00:35:00,47.47,47.47,47.39,47.46,342.317
2026-07-21 00:40:00,47.47,47.49,47.44,47.44,381.821
2026-07-21 00:45:00,47.45,47.46,47.42,47.45,205.866
2026-07-21 00:50:00,47.44,47.45,47.43,47.45,138.443
2026-07-21 00:55:00,47.45,47.45,47.36,47.39,183.459
2026-07-21 01:00:00,47.39,47.39,47.31,47.39,758.825
2026-07-21 01:05:00,47.39,47.42,47.35,47.41,163.195
2026-07-21 01:10:00,47.4,47.43,47.37,47.43,512.907
2026-07-21 01:15:00,47.42,47.42,47.27,47.28,1046.452
2026-07-21 01:20:00,47.28,47.37,47.28,47.33,399.947
2026-07-21 01:25:00,47.33,47.37,47.33,47.34,182.793
2026-07-21 01:30:00,47.35,47.38,47.28,47.38,284.897
2026-07-21 01:35:00,47.38,47.38,47.32,47.32,107.425
2026-07-21 01:40:00,47.31,47.31,47.28,47.3,109.848
2026-07-21 01:45:00,47.29,47.34,47.29,47.31,228.607
2026-07-21 01:50:00,47.32,47.32,47.26,47.28,124.858
2026-07-21 01:55:00,47.27,47.27,47.21,47.27,504.969
2026-07-21 02:00:00,47.27,47.32,47.26,47.31,353.792
2026-07-21 02:05:00,47.31,47.35,47.26,47.26,818.517
2026-07-21 02:10:00,47.26,47.28,47.24,47.25,155.283
2026-07-21 02:15:00,47.24,47.24,47.13,47.14,350.936
2026-07-21 02:20:00,47.14,47.23,47.14,47.23,206.671
2026-07-21 02:25:00,47.23,47.25,47.16,47.17,239.56
2026-07-21 02:30:00,47.16,47.23,47.16,47.23,311.488
2026-07-21 02:35:00,47.22,47.22,47.16,47.19,906.817
2026-07-21 02:40:00,47.2,47.2,47.17,47.18,93.361
2026-07-21 02:45:00,47.18,47.2,47.15,47.2,173.362
2026-07-21 02:50:00,47.2,47.28,47.2,47.28,211.096
2026-07-21 02:55:00,47.29,47.38,47.25,47.33,485.674
2026-07-21 03:00:00,47.32,47.42,47.31,47.41,266.992
2026-07-21 03:05:00,47.42,47.49,47.42,47.47,444.288
2026-07-21 03:10:00,47.46,47.5,47.4,47.45,253.458
2026-07-21 03:15:00,47.45,47.46,47.32,47.32,252.093
2026-07-21 03:20:00,47.33,47.37,47.31,47.34,322.723
2026-07-21 03:25:00,47.33,47.33,47.29,47.31,211.699
2026-07-21 03:30:00,47.32,47.32,47.27,47.32,126.958
2026-07-21 03:35:00,47.32,47.34,47.29,47.32,183.906
2026-07-21 03:40:00,47.32,47.34,47.31,47.32,182.282
2026-07-21 03:45:00,47.33,47.34,47.3,47.3,117.187
2026-07-21 03:50:00,47.3,47.35,47.29,47.35,538.123
2026-07-21 03:55:00,47.34,47.34,47.28,47.31,704.34
2026-07-21 04:00:00,47.3,47.37,47.29,47.37,266.969
2026-07-21 04:05:00,47.36,47.69,47.32,47.51,3405.59
2026-07-21 04:10:00,47.5,47.5,47.43,47.43,595.83
2026-07-21 04:15:00,47.43,47.43,47.4,47.42,192.031
2026-07-21 04:20:00,47.41,47.43,47.34,47.34,563.579
2026-07-21 04:25:00,47.34,47.35,47.29,47.29,257.108
2026-07-21 04:30:00,47.3,47.32,47.28,47.28,530.672
2026-07-21 04:35:00,47.28,47.31,47.28,47.3,354.042
2026-07-21 04:40:00,47.3,47.31,47.27,47.31,244.926
2026-07-21 04:45:00,47.3,47.33,47.3,47.3,211.196
2026-07-21 04:50:00,47.3,47.32,47.27,47.28,332.28
2026-07-21 04:55:00,47.28,47.31,47.27,47.3,179.572
2026-07-21 05:00:00,47.3,47.38,47.29,47.37,242.386
2026-07-21 05:05:00,47.37,47.38,47.31,47.37,989.367
2026-07-21 05:10:00,47.37,47.4,47.34,47.38,590.873
2026-07-21 05:15:00,47.37,47.37,47.29,47.3,260.625
2026-07-21 05:20:00,47.3,47.38,47.3,47.38,314.215
2026-07-21 05:25:00,47.38,47.42,47.37,47.41,326.946
2026-07-21 05:30:00,47.41,47.42,47.38,47.4,130.441
2026-07-21 05:35:00,47.39,47.44,47.38,47.41,476.501
2026-07-21 05:40:00,47.41,47.49,47.41,47.47,352.597
2026-07-21 05:45:00,47.47,47.64,47.46,47.59,888.083
2026-07-21 05:50:00,47.59,47.6,47.5,47.53,407.21
2026-07-21 05:55:00,47.53,47.53,47.44,47.45,600.674
2026-07-21 06:00:00,47.44,47.48,47.43,47.47,273.062
2026-07-21 06:05:00,47.46,47.46,47.37,47.37,178.061
2026-07-21 06:10:00,47.37,47.41,47.33,47.41,266.96
2026-07-21 06:15:00,47.4,47.4,47.36,47.37,273.424
2026-07-21 06:20:00,47.36,47.47,47.36,47.47,278.171
2026-07-21 06:25:00,47.47,47.47,47.43,47.46,172.825
2026-07-21 06:30:00,47.46,47.57,47.45,47.55,847.201
2026-07-21 06:35:00,47.55,47.58,47.49,47.51,1932.034
2026-07-21 06:40:00,47.52,47.55,47.49,47.51,2443.002
2026-07-21 06:45:00,47.52,47.66,47.49,47.62,2097.592
2026-07-21 06:50:00,47.61,47.62,47.54,47.58,964.062
2026-07-21 06:55:00,47.57,47.59,47.55,47.58,697.998
2026-07-21 07:00:00,47.57,47.57,47.52,47.56,214.044
2026-07-21 07:05:00,47.57,47.57,47.49,47.51,296.123
2026-07-21 07:10:00,47.51,47.55,47.5,47.53,412.796
2026-07-21 07:15:00,47.54,47.57,47.5,47.57,369.396
2026-07-21 07:20:00,47.57,47.57,47.51,47.51,444.582
2026-07-21 07:25:00,47.52,47.52,47.49,47.5,167.764
2026-07-21 07:30:00,47.49,47.6,47.48,47.57,352.614
2026-07-21 07:35:00,47.57,47.6,47.51,47.59,1325.825
2026-07-21 07:40:00,47.59,47.62,47.55,47.57,473.144
2026-07-21 07:45:00,47.57,47.59,47.54,47.56,1208.003
2026-07-21 07:50:00,47.55,47.6,47.48,47.59,1159.031
2026-07-21 07:55:00,47.58,47.59,47.54,47.55,841.785
2026-07-21 08:00:00,47.56,47.59,47.51,47.58,619.021
2026-07-21 08:05:00,47.57,47.58,47.5,47.53,378.905
2026-07-21 08:10:00,47.54,47.67,47.51,47.67,1100.758
2026-07-21 08:15:00,47.67,47.68,47.56,47.65,922.751
2026-07-21 08:20:00,47.64,47.77,47.63,47.71,1029.144
2026-07-21 08:25:00,47.71,47.71,47.59,47.62,882.213
2026-07-21 08:30:00,47.62,47.7,47.62,47.69,519.838
2026-07-21 08:35:00,47.68,47.75,47.66,47.75,547.377
2026-07-21 08:40:00,47.75,47.75,47.68,47.73,510.938
2026-07-21 08:45:00,47.72,47.79,47.68,47.77,1276.104
2026-07-21 08:50:00,47.77,47.79,47.74,47.77,725.503
2026-07-21 08:55:00,47.77,47.77,47.6,47.61,491.532
2026-07-21 09:00:00,47.6,47.62,47.49,47.5,1915.714
2026-07-21 09:05:00,47.49,47.52,47.39,47.43,1961.038
2026-07-21 09:10:00,47.44,47.51,47.42,47.51,664.997
2026-07-21 09:15:00,47.51,47.57,47.51,47.56,524.108
2026-07-21 09:20:00,47.55,47.59,47.51,47.53,403.098
2026-07-21 09:25:00,47.53,47.6,47.52,47.57,544.897
2026-07-21 09:30:00,47.57,47.65,47.56,47.64,220.691
2026-07-21 09:35:00,47.63,47.7,47.62,47.68,368.934
2026-07-21 09:40:00,47.68,47.76,47.66,47.75,666.704
2026-07-21 09:45:00,47.76,47.76,47.67,47.73,461.359
2026-07-21 09:50:00,47.73,47.77,47.7,47.77,577.038
2026-07-21 09:55:00,47.77,47.77,47.67,47.68,763.367
2026-07-21 10:00:00,47.67,47.71,47.62,47.67,1201.389
2026-07-21 10:05:00,47.68,47.7,47.54,47.54,533.182
2026-07-21 10:10:00,47.55,47.72,47.48,47.52,6520.631
2026-07-21 10:15:00,47.51,47.51,47.4,47.45,2841.012
2026-07-21 10:20:00,47.45,47.49,47.41,47.48,606.782
2026-07-21 10:25:00,47.48,47.58,47.45,47.52,710.197
2026-07-21 10:30:00,47.51,47.64,47.51,47.59,1582.303
2026-07-21 10:35:00,47.58,47.58,47.47,47.54,2016.222
2026-07-21 10:40:00,47.54,47.56,47.49,47.52,446.049
2026-07-21 10:45:00,47.53,47.58,47.52,47.52,1947.257
2026-07-21 10:50:00,47.52,47.52,47.34,47.4,3402.432
2026-07-21 10:55:00,47.41,47.41,47.3,47.31,1664.849
2026-07-21 11:00:00,47.31,47.35,47.26,47.34,878.429
2026-07-21 11:05:00,47.34,47.39,47.3,47.3,1658.115
2026-07-21 11:10:00,47.31,47.4,47.31,47.39,891.588
2026-07-21 11:15:00,47.38,47.45,47.35,47.4,1318.427
2026-07-21 11:20:00,47.4,47.42,47.36,47.4,424.636
2026-07-21 11:25:00,47.41,47.44,47.36,47.43,924.984
2026-07-21 11:30:00,47.43,47.47,47.42,47.44,784.68
2026-07-21 11:35:00,47.44,47.48,47.41,47.46,402.172
2026-07-21 11:40:00,47.46,47.51,47.45,47.46,301.103
2026-07-21 11:45:00,47.47,47.53,47.45,47.53,921.29
2026-07-21 11:50:00,47.53,47.55,47.45,47.46,384.824
2026-07-21 11:55:00,47.45,47.46,47.37,47.4,1310.241
2026-07-21 12:00:00,47.4,47.48,47.36,47.45,3626.09
2026-07-21 12:05:00,47.45,47.5,47.44,47.5,403.552
2026-07-21 12:10:00,47.5,47.58,47.49,47.57,497.124
2026-07-21 12:15:00,47.56,47.56,47.47,47.52,1174.781
2026-07-21 12:20:00,47.52,47.55,47.49,47.55,723.655
2026-07-21 12:25:00,47.55,47.55,47.48,47.52,983.049
2026-07-21 12:30:00,47.53,47.53,47.49,47.52,515.692
2026-07-21 12:35:00,47.52,47.59,47.48,47.58,613.978
2026-07-21 12:40:00,47.57,47.57,47.49,47.57,942.444
2026-07-21 12:45:00,47.56,47.58,47.54,47.55,173.27
2026-07-21 12:50:00,47.55,47.56,47.5,47.51,633.688
2026-07-21 12:55:00,47.51,47.51,47.47,47.51,596.64
2026-07-21 13:00:00,47.51,47.84,47.44,47.78,4285.24
2026-07-21 13:05:00,47.78,47.78,47.63,47.72,839.003
2026-07-21 13:10:00,47.72,47.75,47.69,47.7,1130.154
2026-07-21 13:15:00,47.71,47.76,47.67,47.67,661.991
2026-07-21 13:20:00,47.67,47.77,47.67,47.71,1163.831
2026-07-21 13:25:00,47.71,47.8,47.6,47.66,2170.753
2026-07-21 13:30:00,47.66,47.75,47.59,47.65,1060.823
2026-07-21 13:35:00,47.65,47.72,47.64,47.65,959.903
2026-07-21 13:40:00,47.64,47.68,47.59,47.67,735.247
2026-07-21 13:45:00,47.67,47.75,47.65,47.75,1666.741
2026-07-21 13:50:00,47.76,47.82,47.72,47.8,985.697
2026-07-21 13:55:00,47.8,47.94,47.74,47.9,3057.408
2026-07-21 14:00:00,47.9,48.02,47.9,48.01,2665.831
2026-07-21 14:05:00,48.02,48.14,47.96,47.99,7782.445
2026-07-21 14:10:00,47.99,48.05,47.93,47.94,1803.645
2026-07-21 14:15:00,47.95,48.03,47.87,47.96,2713.052
2026-07-21 14:20:00,47.96,48.15,47.92,47.93,6180.364
2026-07-21 14:25:00,47.94,48.02,47.91,47.94,1653.174
2026-07-21 14:30:00,47.94,47.96,47.83,47.86,1014.152
2026-07-21 14:35:00,47.86,47.87,47.76,47.85,777.997
2026-07-21 14:40:00,47.84,47.91,47.74,47.9,891.242
2026-07-21 14:45:00,47.9,47.93,47.82,47.88,1113.261
2026-07-21 14:50:00,47.88,47.88,47.78,47.81,1166.856
2026-07-21 14:55:00,47.81,47.84,47.78,47.81,751.28
2026-07-21 15:00:00,47.81,47.81,47.67,47.76,1289.588
2026-07-21 15:05:00,47.76,47.87,47.74,47.85,440.269
2026-07-21 15:10:00,47.85,47.9,47.78,47.78,1469.481
2026-07-21 15:15:00,47.79,47.9,47.79,47.9,1231.153
2026-07-21 15:20:00,47.89,47.92,47.82,47.91,921.977
2026-07-21 15:25:00,47.91,47.91,47.79,47.79,1061.064
2026-07-21 15:30:00,47.79,47.79,47.69,47.75,918.784
2026-07-21 15:35:00,47.75,47.83,47.74,47.81,1022.347
2026-07-21 15:40:00,47.81,47.81,47.68,47.69,946.642
2026-07-21 15:45:00,47.7,47.83,47.66,47.83,769.375
2026-07-21 15:50:00,47.83,47.86,47.78,47.79,432.772
2026-07-21 15:55:00,47.79,47.9,47.78,47.89,593.858
2026-07-21 16:00:00,47.89,47.89,47.81,47.88,691.257
2026-07-21 16:05:00,47.87,47.87,47.74,47.75,1008.239
2026-07-21 16:10:00,47.74,47.79,47.73,47.73,676.466
2026-07-21 16:15:00,47.73,47.75,47.68,47.75,1149.312
2026-07-21 16:20:00,47.75,47.79,47.71,47.72,517.398
2026-07-21 16:25:00,47.72,47.74,47.66,47.73,672.559
2026-07-21 16:30:00,47.72,47.72,47.65,47.68,534.804
2026-07-21 16:35:00,47.68,47.7,47.59,47.63,2176.51
2026-07-21 16:40:00,47.63,47.66,47.58,47.59,869.86
2026-07-21 16:45:00,47.58,47.64,47.5,47.57,1047.003
2026-07-21 16:50:00,47.57,47.74,47.57,47.74,949.542
2026-07-21 16:55:00,47.74,47.76,47.67,47.68,1063.121
2026-07-21 17:00:00,47.68,47.73,47.67,47.73,610.622
2026-07-21 17:05:00,47.72,47.76,47.67,47.69,1101.892
2026-07-21 17:10:00,47.68,47.68,47.54,47.58,489.351
2026-07-21 17:15:00,47.58,47.61,47.51,47.53,783.917
2026-07-21 17:20:00,47.52,47.54,47.5,47.52,686.142
2026-07-21 17:25:00,47.51,47.52,47.38,47.41,1249.894
2026-07-21 17:30:00,47.42,47.44,47.38,47.4,459.738
2026-07-21 17:35:00,47.41,47.44,47.38,47.44,511.694
2026-07-21 17:40:00,47.44,47.46,47.39,47.45,1659.396
2026-07-21 17:45:00,47.44,47.46,47.13,47.29,2600.798
2026-07-21 17:50:00,47.29,47.33,47.23,47.26,855.399
2026-07-21 17:55:00,47.25,47.31,47.23,47.29,863.978
2026-07-21 18:00:00,47.29,47.32,47.23,47.32,714.39
2026-07-21 18:05:00,47.31,47.38,47.3,47.35,663.887
2026-07-21 18:10:00,47.35,47.39,47.34,47.38,482.751
2026-07-21 18:15:00,47.37,47.4,47.36,47.39,166.118
2026-07-21 18:20:00,47.39,47.42,47.35,47.35,442.831
2026-07-21 18:25:00,47.35,47.36,47.33,47.36,207.036
2026-07-21 18:30:00,47.36,47.4,47.28,47.4,230.699
2026-07-21 18:35:00,47.39,47.45,47.38,47.43,375.541
2026-07-21 18:40:00,47.43,47.45,47.39,47.44,382.558
2026-07-21 18:45:00,47.45,47.48,47.41,47.44,1312.85
2026-07-21 18:50:00,47.43,47.44,47.37,47.42,532.116
2026-07-21 18:55:00,47.41,47.44,47.38,47.42,585.215
2026-07-21 19:00:00,47.42,47.45,47.37,47.45,301.188
2026-07-21 19:05:00,47.44,47.47,47.43,47.47,189.108
2026-07-21 19:10:00,47.47,47.47,47.2,47.22,3546.55
2026-07-21 19:15:00,47.23,47.27,47.2,47.23,559.629
2026-07-21 19:20:00,47.23,47.23,47.11,47.12,813.584
2026-07-21 19:25:00,47.12,47.19,47.12,47.19,963.478
2026-07-21 19:30:00,47.19,47.2,47.12,47.14,406.574
2026-07-21 19:35:00,47.13,47.23,47.13,47.15,554.578
2026-07-21 19:40:00,47.16,47.18,47.11,47.11,736.61
2026-07-21 19:45:00,47.12,47.15,47.11,47.14,400.385
2026-07-21 19:50:00,47.13,47.23,47.1,47.14,2750.689
2026-07-21 19:55:00,47.14,47.2,47.13,47.18,1331.712
2026-07-21 20:00:00,47.18,47.18,47.12,47.12,416.492
2026-07-21 20:05:00,47.11,47.12,47.05,47.11,768.724
2026-07-21 20:10:00,47.11,47.15,47.09,47.1,670.357
2026-07-21 20:15:00,47.1,47.1,47.0,47.03,378.046
2026-07-21 20:20:00,47.02,47.04,46.95,46.98,1531.696
2026-07-21 20:25:00,46.98,47.01,46.94,47.0,413.644
2026-07-21 20:30:00,46.99,47.0,46.9,46.93,1207.871
2026-07-21 20:35:00,46.94,47.03,46.93,46.97,1182.331
2026-07-21 20:40:00,46.97,47.01,46.96,47.01,251.249
2026-07-21 20:45:00,47.0,47.01,46.94,46.94,177.159
2026-07-21 20:50:00,46.94,46.97,46.92,46.93,349.196
2026-07-21 20:55:00,46.93,46.96,46.88,46.91,1405.465
2026-07-21 21:00:00,46.91,46.93,46.83,46.87,2084.541
2026-07-21 21:05:00,46.87,46.96,46.87,46.95,502.833
2026-07-21 21:10:00,46.95,47.06,46.93,47.0,857.894
2026-07-21 21:15:00,47.0,47.02,46.94,46.97,861.582
2026-07-21 21:20:00,46.97,46.98,46.91,46.95,1014.156
2026-07-21 21:25:00,46.94,47.01,46.93,46.97,941.48
2026-07-21 21:30:00,46.98,46.98,46.93,46.94,281.358
2026-07-21 21:35:00,46.95,46.95,46.89,46.91,362.77
2026-07-21 21:40:00,46.91,46.95,46.88,46.94,262.638
2026-07-21 21:45:00,46.94,46.98,46.92,46.95,449.176
2026-07-21 21:50:00,46.96,46.98,46.93,46.95,382.54
2026-07-21 21:55:00,46.95,46.99,46.94,46.95,310.094
2026-07-21 22:00:00,46.95,46.95,46.84,46.88,915.699
2026-07-21 22:05:00,46.88,46.9,46.82,46.83,335.154
2026-07-21 22:10:00,46.82,46.85,46.75,46.8,1271.849
2026-07-21 22:15:00,46.8,46.83,46.77,46.78,454.912
2026-07-21 22:20:00,46.78,46.78,46.68,46.68,621.143
2026-07-21 22:25:00,46.68,46.75,46.66,46.73,594.097
2026-07-21 22:30:00,46.73,46.79,46.71,46.79,262.211
2026-07-21 22:35:00,46.79,46.82,46.77,46.81,259.317
2026-07-21 22:40:00,46.82,46.87,46.8,46.83,471.393
2026-07-21 22:45:00,46.83,46.84,46.76,46.8,347.167
2026-07-21 22:50:00,46.81,46.85,46.8,46.84,198.67
2026-07-21 22:55:00,46.84,46.9,46.82,46.88,419.785
2026-07-21 23:00:00,46.88,46.88,46.75,46.78,353.315
2026-07-21 23:05:00,46.77,46.83,46.72,46.78,705.496
2026-07-21 23:10:00,46.77,46.77,46.69,46.71,505.895
2026-07-21 23:15:00,46.7,46.75,46.69,46.75,287.524
2026-07-21 23:20:00,46.75,46.75,46.7,46.74,226.681
2026-07-21 23:25:00,46.73,46.76,46.71,46.76,479.001
2026-07-21 23:30:00,46.75,46.83,46.75,46.78,665.671
2026-07-21 23:35:00,46.79,46.83,46.78,46.83,270.254
2026-07-21 23:40:00,46.83,46.83,46.8,46.83,442.687
2026-07-21 23:45:00,46.82,46.83,46.78,46.82,415.724
2026-07-21 23:50:00,46.81,46.85,46.81,46.84,224.45
2026-07-21 23:55:00,46.84,46.89,46.83,46.87,271.086
2026-07-22 00:00:00,46.87,46.88,46.8,46.88,1284.998
2026-07-22 00:05:00,46.89,46.89,46.85,46.87,360.515
2026-07-22 00:10:00,46.86,46.97,46.82,46.96,409.568
2026-07-22 00:15:00,46.96,46.97,46.93,46.96,373.449
2026-07-22 00:20:00,46.96,47.03,46.94,46.95,514.006
2026-07-22 00:25:00,46.95,46.96,46.86,46.87,697.387
2026-07-22 00:30:00,46.88,46.96,46.83,46.89,518.123
2026-07-22 00:35:00,46.9,46.92,46.84,46.88,209.545
2026-07-22 00:40:00,46.87,46.91,46.86,46.9,276.319
2026-07-22 00:45:00,46.89,46.95,46.85,46.91,1263.744
2026-07-22 00:50:00,46.91,46.91,46.84,46.87,257.928
2026-07-22 00:55:00,46.86,46.9,46.85,46.87,152.546
2026-07-22 01:00:00,46.87,46.88,46.81,46.85,360.022
2026-07-22 01:05:00,46.85,46.87,46.84,46.86,186.604
2026-07-22 01:10:00,46.85,46.88,46.82,46.85,208.434
2026-07-22 01:15:00,46.85,46.9,46.83,46.86,501.283
2026-07-22 01:20:00,46.86,46.88,46.78,46.8,999.724
2026-07-22 01:25:00,46.8,46.85,46.77,46.82,610.149
2026-07-22 01:30:00,46.82,46.85,46.82,46.84,110.635
2026-07-22 01:35:00,46.83,46.88,46.83,46.88,185.191
2026-07-22 01:40:00,46.87,46.89,46.78,46.82,181.66
2026-07-22 01:45:00,46.82,46.94,46.82,46.92,303.545
2026-07-22 01:50:00,46.93,46.95,46.87,46.87,418.978
2026-07-22 01:55:00,46.88,46.9,46.82,46.84,401.216
2026-07-22 02:00:00,46.84,46.84,46.75,46.78,367.132
2026-07-22 02:05:00,46.78,46.81,46.74,46.78,133.42
2026-07-22 02:10:00,46.79,46.83,46.79,46.82,258.05
2026-07-22 02:15:00,46.83,46.87,46.82,46.83,157.468
2026-07-22 02:20:00,46.83,46.86,46.8,46.84,501.691
2026-07-22 02:25:00,46.84,46.87,46.8,46.86,304.637
2026-07-22 02:30:00,46.86,46.91,46.84,46.89,574.102
2026-07-22 02:35:00,46.89,46.89,46.55,46.59,2837.086
2026-07-22 02:40:00,46.59,46.68,46.59,46.62,1030.635
2026-07-22 02:45:00,46.63,46.68,46.63,46.66,196.394
2026-07-22 02:50:00,46.65,46.67,46.61,46.63,706.268
2026-07-22 02:55:00,46.64,46.64,46.55,46.63,1594.862
2026-07-22 03:00:00,46.62,46.67,46.58,46.64,679.264
2026-07-22 03:05:00,46.64,46.69,46.62,46.64,314.635
2026-07-22 03:10:00,46.64,46.67,46.61,46.63,318.564
2026-07-22 03:15:00,46.63,46.69,46.63,46.69,71.231
2026-07-22 03:20:00,46.69,46.7,46.67,46.69,254.555
2026-07-22 03:25:00,46.69,46.75,46.66,46.74,672.698
2026-07-22 03:30:00,46.74,46.75,46.68,46.7,351.668
2026-07-22 03:35:00,46.7,46.7,46.63,46.68,198.927
2026-07-22 03:40:00,46.67,46.73,46.66,46.7,234.531
2026-07-22 03:45:00,46.7,46.76,46.7,46.75,133.464
2026-07-22 03:50:00,46.74,46.74,46.66,46.69,292.861
2026-07-22 03:55:00,46.69,46.7,46.58,46.6,348.329
2026-07-22 04:00:00,46.59,46.66,46.57,46.65,775.152
2026-07-22 04:05:00,46.65,46.69,46.64,46.68,242.342
2026-07-22 04:10:00,46.69,46.71,46.66,46.71,338.622
2026-07-22 04:15:00,46.7,46.73,46.66,46.67,1062.042
2026-07-22 04:20:00,46.67,46.71,46.67,46.69,377.128
2026-07-22 04:25:00,46.69,46.7,46.63,46.68,672.913
2026-07-22 04:30:00,46.68,46.7,46.66,46.7,768.813
2026-07-22 04:35:00,46.7,46.7,46.66,46.67,386.592
2026-07-22 04:40:00,46.67,46.72,46.67,46.71,276.501
2026-07-22 04:45:00,46.71,46.71,46.65,46.65,116.859
2026-07-22 04:50:00,46.65,46.67,46.62,46.65,1279.46
2026-07-22 04:55:00,46.65,46.67,46.64,46.67,290.174
2026-07-22 05:00:00,46.68,46.68,46.6,46.6,556.182
2026-07-22 05:05:00,46.61,46.61,46.56,46.58,552.65
2026-07-22 05:10:00,46.58,46.62,46.56,46.61,978.551
2026-07-22 05:15:00,46.6,46.61,46.55,46.55,254.746
2026-07-22 05:20:00,46.56,46.56,46.45,46.51,1056.476
2026-07-22 05:25:00,46.51,46.53,46.5,46.51,399.004
2026-07-22 05:30:00,46.5,46.55,46.49,46.55,409.422
2026-07-22 05:35:00,46.55,46.55,46.34,46.38,2226.83
2026-07-22 05:40:00,46.39,46.42,46.36,46.4,760.838
2026-07-22 05:45:00,46.4,46.48,46.38,46.42,451.22
2026-07-22 05:50:00,46.42,46.47,46.41,46.42,445.71
2026-07-22 05:55:00,46.42,46.46,46.41,46.42,424.377
2026-07-22 06:00:00,46.43,46.44,46.36,46.41,383.181
2026-07-22 06:05:00,46.41,46.41,46.36,46.4,329.486
2026-07-22 06:10:00,46.4,46.43,46.37,46.43,263.58
2026-07-22 06:15:00,46.42,46.42,46.39,46.41,461.568
2026-07-22 06:20:00,46.4,46.4,46.33,46.38,320.858
2026-07-22 06:25:00,46.39,46.43,46.37,46.4,590.193
2026-07-22 06:30:00,46.39,46.49,46.36,46.47,508.127
2026-07-22 06:35:00,46.48,46.52,46.47,46.49,261.837
2026-07-22 06:40:00,46.49,46.5,46.47,46.49,180.555
2026-07-22 06:45:00,46.49,46.49,46.43,46.48,580.757
2026-07-22 06:50:00,46.47,46.52,46.43,46.48,686.993
2026-07-22 06:55:00,46.49,46.52,46.45,46.46,784.116
2026-07-22 07:00:00,46.46,46.5,46.44,46.46,1491.705
2026-07-22 07:05:00,46.46,46.46,46.4,46.43,377.529
2026-07-22 07:10:00,46.43,46.43,46.4,46.4,224.085
2026-07-22 07:15:00,46.41,46.45,46.4,46.43,520.813
2026-07-22 07:20:00,46.44,46.53,46.43,46.5,586.66
2026-07-22 07:25:00,46.5,46.55,46.46,46.55,496.474
2026-07-22 07:30:00,46.55,46.56,46.47,46.47,342.548
2026-07-22 07:35:00,46.47,46.48,46.39,46.39,480.412
2026-07-22 07:40:00,46.39,46.42,46.37,46.41,1087.634
2026-07-22 07:45:00,46.41,46.43,46.38,46.39,1010.648
2026-07-22 07:50:00,46.39,46.45,46.38,46.43,823.54
2026-07-22 07:55:00,46.42,46.44,46.42,46.42,213.436
2026-07-22 08:00:00,46.42,46.48,46.37,46.45,1556.403
2026-07-22 08:05:00,46.46,46.49,46.45,46.49,1071.978
2026-07-22 08:10:00,46.49,46.5,46.46,46.48,467.139
2026-07-22 08:15:00,46.48,46.49,46.45,46.49,406.118
2026-07-22 08:20:00,46.49,46.52,46.47,46.5,1225.914
2026-07-22 08:25:00,46.49,46.5,46.45,46.47,267.25
2026-07-22 08:30:00,46.47,46.5,46.47,46.47,453.346
2026-07-22 08:35:00,46.48,46.48,46.41,46.42,656.001
2026-07-22 08:40:00,46.42,46.42,46.38,46.39,363.593
2026-07-22 08:45:00,46.39,46.47,46.39,46.46,1429.629
2026-07-22 08:50:00,46.46,46.46,46.41,46.44,447.598
2026-07-22 08:55:00,46.44,46.45,46.43,46.44,190.549
2026-07-22 09:00:00,46.43,46.49,46.42,46.49,989.946
2026-07-22 09:05:00,46.49,46.52,46.45,46.48,612.271
2026-07-22 09:10:00,46.47,46.51,46.45,46.5,741.117
2026-07-22 09:15:00,46.51,46.53,46.5,46.52,317.162
2026-07-22 09:20:00,46.51,46.56,46.49,46.53,463.794
2026-07-22 09:25:00,46.52,46.53,46.47,46.47,375.339
2026-07-22 09:30:00,46.47,46.52,46.41,46.5,1432.563
2026-07-22 09:35:00,46.49,46.52,46.43,46.49,1031.346
2026-07-22 09:40:00,46.5,46.53,46.43,46.45,2593.509
2026-07-22 09:45:00,46.45,46.52,46.42,46.5,2065.914
2026-07-22 09:50:00,46.5,46.51,46.44,46.45,499.738
2026-07-22 09:55:00,46.46,46.54,46.46,46.52,619.045
2026-07-22 10:00:00,46.51,46.52,46.45,46.52,793.261
2026-07-22 10:05:00,46.52,46.52,46.46,46.49,882.968
2026-07-22 10:10:00,46.49,46.52,46.46,46.47,490.327
2026-07-22 10:15:00,46.48,46.53,46.47,46.52,358.54
2026-07-22 10:20:00,46.53,46.62,46.52,46.62,888.905
2026-07-22 10:25:00,46.61,46.62,46.57,46.57,453.231
2026-07-22 10:30:00,46.57,46.59,46.5,46.56,1046.646
2026-07-22 10:35:00,46.56,46.57,46.52,46.56,1163.576
2026-07-22 10:40:00,46.56,46.59,46.55,46.58,580.14
2026-07-22 10:45:00,46.57,46.61,46.54,46.6,1573.363
2026-07-22 10:50:00,46.6,46.62,46.59,46.61,1188.322
2026-07-22 10:55:00,46.61,46.61,46.55,46.58,2363.435
2026-07-22 11:00:00,46.57,46.57,46.52,46.56,509.209
2026-07-22 11:05:00,46.56,46.59,46.54,46.54,249.713
2026-07-22 11:10:00,46.55,46.55,46.5,46.53,425.706
2026-07-22 11:15:00,46.54,46.54,46.47,46.47,1186.512
2026-07-22 11:20:00,46.48,46.52,46.48,46.51,382.264
2026-07-22 11:25:00,46.51,46.51,46.47,46.51,276.56
2026-07-22 11:30:00,46.51,46.52,46.49,46.51,377.464
2026-07-22 11:35:00,46.51,46.51,46.47,46.51,442.211
2026-07-22 11:40:00,46.5,46.52,46.44,46.51,1831.75
2026-07-22 11:45:00,46.5,46.57,46.49,46.56,310.002
2026-07-22 11:50:00,46.57,46.58,46.48,46.58,1404.502
2026-07-22 11:55:00,46.58,46.58,46.55,46.55,324.04
2026-07-22 12:00:00,46.56,46.56,46.52,46.54,634.963
2026-07-22 12:05:00,46.54,46.55,46.51,46.53,993.196
2026-07-22 12:10:00,46.53,46.58,46.5,46.58,877.872
2026-07-22 12:15:00,46.57,46.6,46.55,46.57,567.217
2026-07-22 12:20:00,46.57,46.58,46.55,46.57,637.423
2026-07-22 12:25:00,46.56,46.62,46.56,46.6,461.501
2026-07-22 12:30:00,46.6,46.65,46.58,46.63,653.16
2026-07-22 12:35:00,46.64,46.66,46.61,46.64,456.11
2026-07-22 12:40:00,46.63,46.66,46.61,46.62,1274.9
2026-07-22 12:45:00,46.63,46.69,46.58,46.62,2154.046
2026-07-22 12:50:00,46.62,46.68,46.6,46.68,666.977
2026-07-22 12:55:00,46.68,46.77,46.55,46.74,4286.673
2026-07-22 13:00:00,46.74,46.77,46.69,46.76,893.386
2026-07-22 13:05:00,46.77,46.84,46.75,46.81,1363.558
2026-07-22 13:10:00,46.81,46.83,46.75,46.78,1050.38
2026-07-22 13:15:00,46.78,46.78,46.73,46.75,525.591
2026-07-22 13:20:00,46.76,46.76,46.67,46.68,1131.76
2026-07-22 13:25:00,46.69,46.76,46.66,46.69,1512.029
2026-07-22 13:30:00,46.69,46.8,46.69,46.79,1491.043
2026-07-22 13:35:00,46.8,46.85,46.72,46.74,1671.32
2026-07-22 13:40:00,46.74,46.87,46.73,46.85,1131.895
2026-07-22 13:45:00,46.85,46.89,46.76,46.82,1300.966
2026-07-22 13:50:00,46.82,46.89,46.76,46.82,1689.405
2026-07-22 13:55:00,46.82,46.87,46.81,46.87,311.109
2026-07-22 14:00:00,46.87,46.89,46.8,46.88,1452.677
2026-07-22 14:05:00,46.88,47.03,46.84,46.9,2440.676
2026-07-22 14:10:00,46.9,46.91,46.82,46.86,1108.736
2026-07-22 14:15:00,46.85,46.85,46.74,46.81,1264.593
2026-07-22 14:20:00,46.81,46.82,46.65,46.66,1432.711
2026-07-22 14:25:00,46.67,46.71,46.6,46.6,275.883
2026-07-22 14:30:00,46.61,46.73,46.57,46.72,785.864
2026-07-22 14:35:00,46.72,46.8,46.7,46.73,570.034
2026-07-22 14:40:00,46.73,46.78,46.73,46.76,433.046
2026-07-22 14:45:00,46.75,46.81,46.72,46.79,899.113
2026-07-22 14:50:00,46.78,46.81,46.75,46.78,771.739
2026-07-22 14:55:00,46.78,46.79,46.74,46.79,505.304
2026-07-22 15:00:00,46.79,46.91,46.76,46.85,861.05
2026-07-22 15:05:00,46.85,46.9,46.81,46.85,1412.104
2026-07-22 15:10:00,46.86,46.91,46.81,46.87,414.998
2026-07-22 15:15:00,46.86,46.89,46.82,46.85,405.83
2026-07-22 15:20:00,46.86,46.95,46.8,46.86,1893.066
2026-07-22 15:25:00,46.86,46.9,46.78,46.8,1233.604
2026-07-22 15:30:00,46.8,46.9,46.8,46.82,968.745
2026-07-22 15:35:00,46.81,46.86,46.8,46.84,446.174
2026-07-22 15:40:00,46.84,46.9,46.83,46.87,1930.885
2026-07-22 15:45:00,46.88,46.94,46.88,46.93,553.568
2026-07-22 15:50:00,46.93,46.93,46.84,46.85,624.434
2026-07-22 15:55:00,46.84,46.88,46.82,46.85,439.253
2026-07-22 16:00:00,46.85,46.87,46.77,46.77,338.375
2026-07-22 16:05:00,46.77,46.9,46.76,46.9,558.282
2026-07-22 16:10:00,46.89,46.93,46.86,46.9,333.843
2026-07-22 16:15:00,46.89,46.9,46.82,46.9,543.634
2026-07-22 16:20:00,46.9,46.95,46.87,46.88,414.049
2026-07-22 16:25:00,46.88,46.89,46.82,46.87,419.26
2026-07-22 16:30:00,46.87,47.01,46.87,47.0,1882.469
2026-07-22 16:35:00,46.99,47.07,46.96,47.03,514.714
2026-07-22 16:40:00,47.04,47.04,46.97,47.01,563.088
2026-07-22 16:45:00,47.01,47.03,46.94,46.95,733.706
2026-07-22 16:50:00,46.95,47.01,46.93,46.94,274.818
2026-07-22 16:55:00,46.94,47.0,46.94,46.99,810.79
2026-07-22 17:00:00,47.0,47.01,46.9,46.9,838.185
2026-07-22 17:05:00,46.91,46.95,46.88,46.92,621.276
2026-07-22 17:10:00,46.92,46.99,46.91,46.97,537.367
2026-07-22 17:15:00,46.97,46.98,46.92,46.94,508.803
2026-07-22 17:20:00,46.93,46.95,46.88,46.94,603.244
2026-07-22 17:25:00,46.94,46.98,46.87,46.98,602.552
2026-07-22 17:30:00,46.97,47.07,46.95,47.04,955.144
2026-07-22 17:35:00,47.04,47.14,47.01,47.14,362.987
2026-07-22 17:40:00,47.14,47.15,47.09,47.15,420.426
2026-07-22 17:45:00,47.15,47.19,47.12,47.12,608.656
2026-07-22 17:50:00,47.12,47.19,47.07,47.07,680.631
2026-07-22 17:55:00,47.06,47.1,47.03,47.06,1200.161
2026-07-22 18:00:00,47.06,47.11,47.0,47.1,799.516
2026-07-22 18:05:00,47.11,47.13,47.05,47.06,233.369
2026-07-22 18:10:00,47.05,47.09,47.04,47.07,253.624
2026-07-22 18:15:00,47.06,47.12,47.05,47.09,424.421
2026-07-22 18:20:00,47.1,47.18,47.06,47.08,581.067
2026-07-22 18:25:00,47.07,47.14,47.07,47.14,402.004
2026-07-22 18:30:00,47.13,47.13,46.95,47.04,1055.461
2026-07-22 18:35:00,47.04,47.07,46.99,47.04,679.522
2026-07-22 18:40:00,47.04,47.06,47.02,47.05,341.088
2026-07-22 18:45:00,47.05,47.13,47.04,47.11,365.487
2026-07-22 18:50:00,47.1,47.16,47.07,47.16,358.567
2026-07-22 18:55:00,47.16,47.17,47.14,47.15,217.15
2026-07-22 19:00:00,47.15,47.18,47.08,47.15,797.162
2026-07-22 19:05:00,47.15,47.15,47.09,47.09,276.133
2026-07-22 19:10:00,47.09,47.14,46.99,47.03,1716.935
2026-07-22 19:15:00,47.03,47.15,47.03,47.15,354.288
2026-07-22 19:20:00,47.14,47.19,47.12,47.18,937.552
2026-07-22 19:25:00,47.18,47.2,47.14,47.15,1119.364
2026-07-22 19:30:00,47.14,47.21,47.14,47.19,411.474
2026-07-22 19:35:00,47.19,47.21,47.13,47.2,879.775
2026-07-22 19:40:00,47.21,47.22,47.16,47.17,664.09
2026-07-22 19:45:00,47.17,47.19,47.16,47.18,416.108
2026-07-22 19:50:00,47.19,47.21,47.13,47.19,1051.587
2026-07-22 19:55:00,47.19,47.22,47.13,47.17,1371.028
2026-07-22 20:00:00,47.16,47.22,47.11,47.12,2129.706
2026-07-22 20:05:00,47.11,47.16,47.07,47.16,637.704
2026-07-22 20:10:00,47.15,47.26,47.14,47.25,442.551
2026-07-22 20:15:00,47.25,47.26,47.17,47.21,389.374
2026-07-22 20:20:00,47.21,47.24,47.17,47.22,310.515
2026-07-22 20:25:00,47.23,47.25,47.22,47.23,167.599
2026-07-22 20:30:00,47.23,47.27,47.22,47.25,266.722
2026-07-22 20:35:00,47.25,47.27,47.22,47.26,343.139
2026-07-22 20:40:00,47.26,47.27,47.22,47.27,330.013
2026-07-22 20:45:00,47.27,47.27,47.22,47.24,403.507
2026-07-22 20:50:00,47.24,47.3,47.24,47.27,793.193
2026-07-22 20:55:00,47.28,47.31,47.24,47.29,850.986
2026-07-22 21:00:00,47.29,47.33,47.28,47.31,449.642
2026-07-22 21:05:00,47.32,47.32,47.28,47.3,395.122
2026-07-22 21:10:00,47.29,47.34,47.26,47.33,431.35
2026-07-22 21:15:00,47.33,47.34,47.28,47.3,359.739
2026-07-22 21:20:00,47.3,47.4,47.3,47.39,233.635
2026-07-22 21:25:00,47.39,47.4,47.37,47.39,167.151
2026-07-22 21:30:00,47.4,47.45,47.38,47.45,459.422
2026-07-22 21:35:00,47.44,47.49,47.41,47.45,1370.066
2026-07-22 21:40:00,47.45,47.58,47.45,47.58,1364.329
2026-07-22 21:45:00,47.58,47.63,47.56,47.59,1009.336
2026-07-22 21:50:00,47.58,47.62,47.47,47.49,1150.86
2026-07-22 21:55:00,47.48,47.54,47.46,47.54,806.496
2026-07-22 22:00:00,47.54,47.54,47.38,47.43,441.312
2026-07-22 22:05:00,47.44,47.45,47.32,47.36,470.463
2026-07-22 22:10:00,47.36,47.38,47.31,47.34,455.245
2026-07-22 22:15:00,47.33,47.35,47.24,47.25,579.19
2026-07-22 22:20:00,47.25,47.26,47.17,47.24,1609.095
2026-07-22 22:25:00,47.23,47.27,47.23,47.27,772.963
2026-07-22 22:30:00,47.27,47.27,47.19,47.19,752.054
2026-07-22 22:35:00,47.19,47.19,47.1,47.13,656.929
2026-07-22 22:40:00,47.12,47.16,47.12,47.15,147.613
2026-07-22 22:45:00,47.14,47.16,47.11,47.15,280.193
2026-07-22 22:50:00,47.15,47.17,47.14,47.15,196.301
2026-07-22 22:55:00,47.16,47.17,47.1,47.13,532.595
2026-07-22 23:00:00,47.13,47.15,47.05,47.06,233.19
2026-07-22 23:05:00,47.07,47.1,47.07,47.09,420.937
2026-07-22 23:10:00,47.1,47.1,46.89,46.91,1362.4
2026-07-22 23:15:00,46.91,46.96,46.88,46.92,683.034
2026-07-22 23:20:00,46.93,47.01,46.93,47.01,142.088
2026-07-22 23:25:00,47.01,47.04,46.98,47.0,342.117
2026-07-22 23:30:00,47.0,47.01,46.97,46.97,705.023
2026-07-22 23:35:00,46.96,46.99,46.96,46.98,330.056
2026-07-22 23:40:00,46.98,46.99,46.97,46.98,175.126
2026-07-22 23:45:00,46.98,47.02,46.95,47.01,718.401
2026-07-22 23:50:00,47.02,47.1,46.99,47.1,252.639
2026-07-22 23:55:00,47.1,47.16,47.05,47.14,395.548
2026-07-23 00:00:00,47.15,47.15,47.04,47.12,2108.381
2026-07-23 00:05:00,47.12,47.2,47.12,47.17,291.788
2026-07-23 00:10:00,47.16,47.23,47.15,47.16,428.269
2026-07-23 00:15:00,47.17,47.2,47.12,47.2,218.627
2026-07-23 00:20:00,47.21,47.26,47.2,47.26,295.861
2026-07-23 00:25:00,47.26,47.31,47.23,47.24,1681.975
2026-07-23 00:30:00,47.24,47.38,47.23,47.31,1208.539
2026-07-23 00:35:00,47.31,47.32,47.27,47.27,157.183
2026-07-23 00:40:00,47.28,47.28,47.23,47.25,197.007
2026-07-23 00:45:00,47.25,47.31,47.25,47.27,263.616
2026-07-23 00:50:00,47.27,47.35,47.24,47.32,298.685
2026-07-23 00:55:00,47.32,47.32,47.23,47.28,551.408
2026-07-23 01:00:00,47.28,47.35,47.28,47.31,287.829
2026-07-23 01:05:00,47.31,47.39,47.29,47.34,407.34
2026-07-23 01:10:00,47.33,47.39,47.31,47.38,313.051
2026-07-23 01:15:00,47.39,47.4,47.3,47.34,1072.931
2026-07-23 01:20:00,47.33,47.42,47.3,47.35,960.97
2026-07-23 01:25:00,47.35,47.38,47.35,47.37,385.291
2026-07-23 01:30:00,47.36,47.36,47.28,47.33,491.096
2026-07-23 01:35:00,47.33,47.33,47.23,47.27,303.926
2026-07-23 01:40:00,47.26,47.31,47.25,47.27,210.828
2026-07-23 01:45:00,47.26,47.28,47.24,47.26,399.704
2026-07-23 01:50:00,47.26,47.28,47.17,47.25,489.771
2026-07-23 01:55:00,47.24,47.25,47.21,47.21,318.448
2026-07-23 02:00:00,47.21,47.28,47.2,47.27,452.447
2026-07-23 02:05:00,47.27,47.3,47.24,47.27,338.305
2026-07-23 02:10:00,47.28,47.29,47.24,47.24,387.582
2026-07-23 02:15:00,47.24,47.29,47.24,47.28,583.658
2026-07-23 02:20:00,47.28,47.29,47.2,47.23,392.544
2026-07-23 02:25:00,47.23,47.23,47.15,47.21,214.697
2026-07-23 02:30:00,47.2,47.29,47.2,47.29,82.837
2026-07-23 02:35:00,47.29,47.31,47.25,47.27,191.077
2026-07-23 02:40:00,47.27,47.31,47.26,47.28,250.736
2026-07-23 02:45:00,47.27,47.34,47.27,47.31,195.204
2026-07-23 02:50:00,47.3,47.32,47.29,47.29,105.677
2026-07-23 02:55:00,47.29,47.31,47.28,47.29,233.178
2026-07-23 03:00:00,47.29,47.32,47.27,47.27,325.605
2026-07-23 03:05:00,47.26,47.27,47.21,47.26,220.789
2026-07-23 03:10:00,47.24,47.25,47.11,47.13,323.454
2026-07-23 03:15:00,47.14,47.17,47.11,47.15,331.928
2026-07-23 03:20:00,47.16,47.18,47.12,47.13,166.832
2026-07-23 03:25:00,47.12,47.13,47.05,47.12,266.283
2026-07-23 03:30:00,47.12,47.17,47.11,47.16,551.971
2026-07-23 03:35:00,47.15,47.17,47.02,47.17,583.089
2026-07-23 03:40:00,47.16,47.25,47.16,47.24,497.966
2026-07-23 03:45:00,47.23,47.26,47.18,47.21,745.584
2026-07-23 03:50:00,47.2,47.23,47.17,47.22,210.454
2026-07-23 03:55:00,47.22,47.3,47.21,47.3,230.448
2026-07-23 04:00:00,47.3,47.3,47.21,47.25,251.717
2026-07-23 04:05:00,47.25,47.26,47.18,47.22,540.321
2026-07-23 04:10:00,47.22,47.3,47.21,47.3,897.583
2026-07-23 04:15:00,47.3,47.31,47.24,47.25,291.37
2026-07-23 04:20:00,47.25,47.29,47.21,47.24,447.745
2026-07-23 04:25:00,47.24,47.27,47.19,47.19,344.731
2026-07-23 04:30:00,47.2,47.21,47.14,47.19,243.339
2026-07-23 04:35:00,47.19,47.23,47.18,47.18,803.335
2026-07-23 04:40:00,47.19,47.23,47.17,47.22,352.583
2026-07-23 04:45:00,47.23,47.26,47.22,47.22,687.493
2026-07-23 04:50:00,47.23,47.23,47.18,47.2,287.16
2026-07-23 04:55:00,47.2,47.2,47.17,47.18,394.417
2026-07-23 05:00:00,47.18,47.18,47.14,47.15,341.714
2026-07-23 05:05:00,47.16,47.2,47.14,47.18,175.684
2026-07-23 05:10:00,47.19,47.22,47.16,47.21,530.301
2026-07-23 05:15:00,47.21,47.26,47.2,47.26,78.251
2026-07-23 05:20:00,47.25,47.27,47.22,47.23,174.717
2026-07-23 05:25:00,47.22,47.28,47.22,47.27,243.138
2026-07-23 05:30:00,47.27,47.28,47.25,47.25,213.543
2026-07-23 05:35:00,47.26,47.27,47.22,47.22,585.354
2026-07-23 05:40:00,47.22,47.23,47.21,47.22,136.081
2026-07-23 05:45:00,47.22,47.23,47.11,47.11,317.252
2026-07-23 05:50:00,47.1,47.1,47.06,47.08,238.901
2026-07-23 05:55:00,47.07,47.13,47.07,47.07,774.867
2026-07-23 06:00:00,47.08,47.14,47.06,47.12,3124.049
2026-07-23 06:05:00,47.11,47.13,47.08,47.08,434.535
2026-07-23 06:10:00,47.08,47.09,47.03,47.08,281.091
2026-07-23 06:15:00,47.08,47.13,47.08,47.13,163.225
2026-07-23 06:20:00,47.12,47.13,47.05,47.07,501.176
2026-07-23 06:25:00,47.07,47.14,47.06,47.13,966.255
2026-07-23 06:30:00,47.12,47.13,47.08,47.09,332.918
2026-07-23 06:35:00,47.08,47.12,47.08,47.12,465.961
2026-07-23 06:40:00,47.12,47.14,47.11,47.14,300.88
2026-07-23 06:45:00,47.14,47.14,47.11,47.12,908.742
2026-07-23 06:50:00,47.12,47.13,46.91,46.98,4423.085
2026-07-23 06:55:00,46.98,47.25,46.98,47.24,7942.291
2026-07-23 07:00:00,47.24,47.24,47.07,47.12,3751.676
2026-07-23 07:05:00,47.13,47.14,47.07,47.09,898.523
2026-07-23 07:10:00,47.09,47.11,46.88,46.99,1787.112
2026-07-23 07:15:00,46.99,47.05,46.98,47.02,1033.041
2026-07-23 07:20:00,47.02,47.02,46.94,46.95,1547.181
2026-07-23 07:25:00,46.94,46.96,46.92,46.95,726.347
2026-07-23 07:30:00,46.95,46.98,46.91,46.93,1004.706
2026-07-23 07:35:00,46.93,46.94,46.9,46.93,730.6
2026-07-23 07:40:00,46.92,46.92,46.82,46.83,882.924
2026-07-23 07:45:00,46.83,46.94,46.8,46.88,2354.771
2026-07-23 07:50:00,46.87,46.88,46.84,46.87,336.082
2026-07-23 07:55:00,46.88,46.94,46.86,46.94,524.314
2026-07-23 08:00:00,46.93,46.99,46.89,46.98,3263.832
2026-07-23 08:05:00,46.98,47.0,46.96,46.98,385.769
2026-07-23 08:10:00,46.98,47.06,46.98,47.04,598.336
2026-07-23 08:15:00,47.04,47.11,46.99,47.05,806.801
2026-07-23 08:20:00,47.06,47.11,47.04,47.09,619.834
2026-07-23 08:25:00,47.09,47.13,47.05,47.13,1473.531
2026-07-23 08:30:00,47.14,47.21,47.13,47.2,558.295
2026-07-23 08:35:00,47.21,47.21,47.11,47.12,447.709
2026-07-23 08:40:00,47.11,47.12,47.06,47.11,452.12
2026-07-23 08:45:00,47.11,47.17,47.09,47.13,679.46
2026-07-23 08:50:00,47.13,47.13,47.09,47.13,1134.77
2026-07-23 08:55:00,47.12,47.2,47.11,47.19,865.574
2026-07-23 09:00:00,47.19,47.32,47.17,47.29,2063.233
2026-07-23 09:05:00,47.29,47.3,47.12,47.12,1646.953
2026-07-23 09:10:00,47.13,47.13,46.99,46.99,2335.689
2026-07-23 09:15:00,47.0,47.04,46.97,47.03,1022.029
2026-07-23 09:20:00,47.03,47.05,46.96,46.99,490.989
2026-07-23 09:25:00,46.99,46.99,46.92,46.94,411.398
2026-07-23 09:30:00,46.93,46.99,46.93,46.96,555.848
2026-07-23 09:35:00,46.96,47.0,46.95,46.99,500.276
2026-07-23 09:40:00,46.99,47.0,46.98,46.98,332.667
2026-07-23 09:45:00,46.97,47.0,46.97,46.98,363.126
2026-07-23 09:50:00,46.99,47.01,46.97,46.98,377.827
2026-07-23 09:55:00,46.98,46.99,46.96,46.97,182.685
2026-07-23 10:00:00,46.97,46.99,46.91,46.94,2271.271
2026-07-23 10:05:00,46.95,46.97,46.84,46.94,3366.784
2026-07-23 10:10:00,46.93,46.94,46.91,46.92,404.525
2026-07-23 10:15:00,46.91,46.93,46.91,46.92,186.092
2026-07-23 10:20:00,46.92,46.92,46.76,46.89,2942.322
2026-07-23 10:25:00,46.89,46.9,46.87,46.89,386.017
2026-07-23 10:30:00,46.89,46.91,46.83,46.89,2208.698
2026-07-23 10:35:00,46.89,46.91,46.87,46.91,198.959
2026-07-23 10:40:00,46.91,46.91,46.87,46.87,243.161
2026-07-23 10:45:00,46.86,46.93,46.78,46.83,4336.987
2026-07-23 10:50:00,46.84,46.84,46.78,46.78,601.693
2026-07-23 10:55:00,46.78,46.8,46.77,46.79,331.904
2026-07-23 11:00:00,46.79,46.84,46.77,46.84,663.06
2026-07-23 11:05:00,46.84,46.84,46.8,46.81,278.554
2026-07-23 11:10:00,46.81,46.85,46.71,46.84,2825.85
2026-07-23 11:15:00,46.85,46.88,46.81,46.84,1487.797
2026-07-23 11:20:00,46.84,46.86,46.69,46.79,3291.061
2026-07-23 11:25:00,46.8,46.83,46.79,46.83,409.338
2026-07-23 11:30:00,46.82,46.88,46.73,46.8,2783.568
2026-07-23 11:35:00,46.8,46.84,46.77,46.8,2105.604
2026-07-23 11:40:00,46.8,46.89,46.75,46.84,3621.355
2026-07-23 11:45:00,46.84,46.93,46.84,46.92,1561.361
2026-07-23 11:50:00,46.92,46.97,46.84,46.91,2543.384
2026-07-23 11:55:00,46.9,46.94,46.82,46.94,2666.943
2026-07-23 12:00:00,46.93,46.93,46.89,46.91,578.067
2026-07-23 12:05:00,46.91,46.92,46.84,46.86,1197.236
2026-07-23 12:10:00,46.86,46.89,46.84,46.88,363.718
2026-07-23 12:15:00,46.88,46.94,46.79,46.84,4004.364
2026-07-23 12:20:00,46.84,47.11,46.83,47.06,12038.41
2026-07-23 12:25:00,47.05,47.12,46.96,47.01,6038.04
2026-07-23 12:30:00,47.01,47.04,46.93,47.0,1994.476
2026-07-23 12:35:00,47.0,47.05,46.89,47.03,1384.98
2026-07-23 12:40:00,47.03,47.06,47.0,47.03,1520.576
2026-07-23 12:45:00,47.04,47.04,46.77,46.96,4709.848
2026-07-23 12:50:00,46.96,47.07,46.95,47.05,762.393
2026-07-23 12:55:00,47.06,47.06,46.96,46.96,765.533
2026-07-23 13:00:00,46.97,46.98,46.9,46.91,646.451
2026-07-23 13:05:00,46.91,46.91,46.81,46.82,580.06
2026-07-23 13:10:00,46.81,46.82,46.74,46.78,1179.962
2026-07-23 13:15:00,46.78,46.85,46.76,46.78,1546.806
2026-07-23 13:20:00,46.77,46.84,46.77,46.82,396.731
2026-07-23 13:25:00,46.82,46.83,46.71,46.77,1056.997
2026-07-23 13:30:00,46.76,46.89,46.7,46.88,1330.972
2026-07-23 13:35:00,46.87,46.91,46.76,46.77,709.816
2026-07-23 13:40:00,46.78,46.8,46.69,46.78,2738.31
2026-07-23 13:45:00,46.77,46.78,46.65,46.7,2311.12
2026-07-23 13:50:00,46.7,46.85,46.7,46.8,1148.526
2026-07-23 13:55:00,46.8,46.81,46.72,46.73,993.888
2026-07-23 14:00:00,46.73,46.78,46.61,46.75,2958.382
2026-07-23 14:05:00,46.75,46.77,46.64,46.7,2052.811
2026-07-23 14:10:00,46.71,46.74,46.68,46.71,494.674
2026-07-23 14:15:00,46.7,46.75,46.69,46.74,341.253
2026-07-23 14:20:00,46.74,46.78,46.7,46.72,537.452
2026-07-23 14:25:00,46.72,46.77,46.71,46.76,620.512
2026-07-23 14:30:00,46.76,46.76,46.66,46.68,655.896
2026-07-23 14:35:00,46.69,46.82,46.67,46.81,1615.063
2026-07-23 14:40:00,46.82,46.83,46.58,46.65,2670.937
2026-07-23 14:45:00,46.65,46.69,46.6,46.63,1723.261
2026-07-23 14:50:00,46.63,46.65,46.47,46.55,3205.198
2026-07-23 14:55:00,46.54,46.59,46.53,46.59,1403.166
2026-07-23 15:00:00,46.59,46.6,46.47,46.57,1460.082
2026-07-23 15:05:00,46.57,46.57,46.36,46.43,2161.923
2026-07-23 15:10:00,46.42,46.42,46.2,46.21,2473.807
2026-07-23 15:15:00,46.21,46.4,46.2,46.37,1332.85
2026-07-23 15:20:00,46.38,46.49,46.22,46.49,4975.649
2026-07-23 15:25:00,46.49,46.49,46.38,46.38,1642.25
2026-07-23 15:30:00,46.37,46.42,46.3,46.36,3919.725
2026-07-23 15:35:00,46.36,46.4,46.29,46.37,2655.666
2026-07-23 15:40:00,46.36,46.42,46.28,46.32,2877.117
2026-07-23 15:45:00,46.32,46.39,46.31,46.39,1109.076
2026-07-23 15:50:00,46.39,46.45,46.33,46.42,2855.56
2026-07-23 15:55:00,46.42,46.44,46.38,46.39,642.762
2026-07-23 16:00:00,46.39,46.4,46.3,46.3,2225.295
2026-07-23 16:05:00,46.31,46.43,46.26,46.43,747.874
2026-07-23 16:10:00,46.43,46.54,46.43,46.54,1217.038
2026-07-23 16:15:00,46.54,46.56,46.45,46.45,1054.116
2026-07-23 16:20:00,46.45,46.54,46.45,46.54,800.491
2026-07-23 16:25:00,46.54,46.57,46.5,46.55,549.138
2026-07-23 16:30:00,46.56,46.57,46.51,46.52,689.2
2026-07-23 16:35:00,46.52,46.6,46.51,46.6,838.504
2026-07-23 16:40:00,46.61,46.63,46.58,46.61,1803.691
2026-07-23 16:45:00,46.6,46.61,46.51,46.57,3070.344
2026-07-23 16:50:00,46.58,46.59,46.55,46.55,301.016
2026-07-23 16:55:00,46.55,46.57,46.53,46.54,392.156
2026-07-23 17:00:00,46.53,46.6,46.46,46.53,1838.318
2026-07-23 17:05:00,46.53,46.58,46.51,46.57,328.607
2026-07-23 17:10:00,46.57,46.61,46.56,46.59,709.001
2026-07-23 17:15:00,46.6,46.63,46.55,46.61,651.471
2026-07-23 17:20:00,46.62,46.67,46.59,46.67,970.142
2026-07-23 17:25:00,46.67,46.69,46.63,46.64,734.448
2026-07-23 17:30:00,46.64,46.69,46.61,46.69,247.36
2026-07-23 17:35:00,46.68,46.69,46.64,46.66,258.46
2026-07-23 17:40:00,46.66,46.7,46.62,46.68,2379.27
2026-07-23 17:45:00,46.68,46.68,46.61,46.61,791.561
2026-07-23 17:50:00,46.61,46.62,46.55,46.55,789.083
2026-07-23 17:55:00,46.55,46.56,46.39,46.46,939.887
2026-07-23 18:00:00,46.45,46.55,46.45,46.54,718.321
2026-07-23 18:05:00,46.54,46.57,46.51,46.55,582.478
2026-07-23 18:10:00,46.56,46.65,46.53,46.64,1371.19
2026-07-23 18:15:00,46.64,46.68,46.6,46.65,1290.677
2026-07-23 18:20:00,46.64,46.75,46.64,46.75,498.439
2026-07-23 18:25:00,46.75,46.85,46.66,46.84,2905.573
2026-07-23 18:30:00,46.84,46.85,46.77,46.82,1515.308
2026-07-23 18:35:00,46.82,46.84,46.69,46.73,1125.606
2026-07-23 18:40:00,46.73,46.78,46.71,46.73,440.438
2026-07-23 18:45:00,46.73,46.77,46.72,46.73,227.099
2026-07-23 18:50:00,46.72,46.78,46.7,46.75,621.029
2026-07-23 18:55:00,46.75,46.84,46.74,46.81,1011.375
2026-07-23 19:00:00,46.82,46.85,46.8,46.85,1003.286
2026-07-23 19:05:00,46.85,46.89,46.85,46.87,1354.743
2026-07-23 19:10:00,46.86,46.87,46.8,46.83,1235.537
2026-07-23 19:15:00,46.84,46.88,46.83,46.86,949.167
2026-07-23 19:20:00,46.85,46.9,46.84,46.88,1460.886
2026-07-23 19:25:00,46.88,46.97,46.88,46.95,2134.274
2026-07-23 19:30:00,46.95,46.98,46.84,46.86,1618.895
2026-07-23 19:35:00,46.87,46.95,46.83,46.93,923.058
2026-07-23 19:40:00,46.92,46.92,46.88,46.9,746.793
2026-07-23 19:45:00,46.9,46.94,46.89,46.93,758.817
2026-07-23 19:50:00,46.93,46.95,46.86,46.9,1714.298
2026-07-23 19:55:00,46.9,46.95,46.86,46.94,1689.543
2026-07-23 20:00:00,46.94,47.03,46.82,46.99,4659.071
2026-07-23 20:05:00,46.99,47.14,46.99,47.08,4295.503
2026-07-23 20:10:00,47.08,47.18,47.04,47.16,2725.645
2026-07-23 20:15:00,47.16,47.32,47.15,47.32,1626.597
2026-07-23 20:20:00,47.32,47.34,47.17,47.18,1434.377
2026-07-23 20:25:00,47.18,47.27,47.11,47.27,1484.341
2026-07-23 20:30:00,47.27,47.38,47.25,47.37,1743.715
2026-07-23 20:35:00,47.36,47.4,47.34,47.39,1714.758
2026-07-23 20:40:00,47.39,47.39,47.29,47.33,1547.638
2026-07-23 20:45:00,47.33,47.39,47.33,47.37,1273.725
2026-07-23 20:50:00,47.37,47.38,47.31,47.31,1911.502
2026-07-23 20:55:00,47.31,47.41,47.3,47.41,743.829
2026-07-23 21:00:00,47.42,47.56,47.42,47.45,2202.503
2026-07-23 21:05:00,47.46,47.5,47.38,47.43,1215.961
2026-07-23 21:10:00,47.43,47.55,47.4,47.48,2398.746
2026-07-23 21:15:00,47.48,47.51,47.37,47.43,1228.977
2026-07-23 21:20:00,47.43,47.47,47.43,47.44,601.497
2026-07-23 21:25:00,47.43,47.45,47.31,47.31,1440.271
2026-07-23 21:30:00,47.31,47.39,47.31,47.38,610.493
2026-07-23 21:35:00,47.38,47.44,47.25,47.27,757.296
2026-07-23 21:40:00,47.28,47.29,47.2,47.25,405.65
2026-07-23 21:45:00,47.25,47.26,47.16,47.18,412.597
2026-07-23 21:50:00,47.18,47.21,47.12,47.12,728.429
2026-07-23 21:55:00,47.12,47.27,47.12,47.17,2793.864
2026-07-23 22:00:00,47.17,47.21,47.14,47.2,225.224
2026-07-23 22:05:00,47.21,47.23,47.19,47.23,366.646
2026-07-23 22:10:00,47.23,47.23,47.05,47.06,541.758
2026-07-23 22:15:00,47.07,47.09,46.97,47.03,650.894
2026-07-23 22:20:00,47.02,47.15,47.02,47.13,1094.331
2026-07-23 22:25:00,47.12,47.15,47.09,47.14,171.79
2026-07-23 22:30:00,47.15,47.2,47.13,47.14,343.618
2026-07-23 22:35:00,47.14,47.17,47.11,47.16,558.921
2026-07-23 22:40:00,47.16,47.19,47.13,47.19,124.201
2026-07-23 22:45:00,47.18,47.2,47.15,47.16,225.892
2026-07-23 22:50:00,47.15,47.17,47.15,47.16,286.949
2026-07-23 22:55:00,47.17,47.25,47.17,47.22,931.6
2026-07-23 23:00:00,47.22,47.27,47.2,47.2,311.596
2026-07-23 23:05:00,47.2,47.21,47.16,47.16,164.39
2026-07-23 23:10:00,47.16,47.18,47.15,47.17,221.012
2026-07-23 23:15:00,47.16,47.18,47.14,47.15,205.013
2026-07-23 23:20:00,47.15,47.18,47.12,47.15,476.384
2026-07-23 23:25:00,47.15,47.15,47.1,47.13,168.164
2026-07-23 23:30:00,47.13,47.13,47.03,47.12,250.565
2026-07-23 23:35:00,47.12,47.14,47.08,47.09,182.159
2026-07-23 23:40:00,47.1,47.11,47.06,47.09,228.521
2026-07-23 23:45:00,47.08,47.11,47.06,47.08,497.922
2026-07-23 23:50:00,47.07,47.07,46.96,46.97,508.73
2026-07-23 23:55:00,46.97,46.98,46.93,46.96,346.821
2026-07-24 00:00:00,46.97,46.99,46.89,46.96,727.121
2026-07-24 00:05:00,46.95,46.99,46.88,46.99,438.443
2026-07-24 00:10:00,46.98,47.05,46.97,47.01,338.959
2026-07-24 00:15:00,47.0,47.07,47.0,47.0,355.869
2026-07-24 00:20:00,47.0,47.1,46.99,47.08,248.146
2026-07-24 00:25:00,47.08,47.09,47.02,47.03,277.019
2026-07-24 00:30:00,47.04,47.09,46.92,47.02,1156.652
2026-07-24 00:35:00,47.01,47.05,46.98,47.0,172.77
2026-07-24 00:40:00,47.0,47.02,46.95,46.99,416.805
2026-07-24 00:45:00,47.0,47.04,47.0,47.02,467.372
2026-07-24 00:50:00,47.02,47.03,46.98,47.01,193.263
2026-07-24 00:55:00,47.0,47.12,47.0,47.12,304.907
2026-07-24 01:00:00,47.12,47.21,47.09,47.21,596.603
2026-07-24 01:05:00,47.21,47.24,47.18,47.19,390.276
2026-07-24 01:10:00,47.18,47.19,47.11,47.12,318.697
2026-07-24 01:15:00,47.11,47.14,47.08,47.13,164.58
2026-07-24 01:20:00,47.12,47.13,47.09,47.11,199.612
2026-07-24 01:25:00,47.11,47.15,47.07,47.07,432.092
2026-07-24 01:30:00,47.06,47.1,47.05,47.08,610.059
2026-07-24 01:35:00,47.08,47.08,47.05,47.06,570.034
2026-07-24 01:40:00,47.05,47.09,47.04,47.09,253.647
2026-07-24 01:45:00,47.08,47.09,47.05,47.05,258.411
2026-07-24 01:50:00,47.05,47.05,46.99,46.99,308.545
2026-07-24 01:55:00,46.98,46.99,46.94,46.97,517.207
2026-07-24 02:00:00,46.96,47.04,46.96,47.0,473.972
2026-07-24 02:05:00,46.99,46.99,46.92,46.96,482.281
2026-07-24 02:10:00,46.96,47.0,46.95,46.98,294.541
2026-07-24 02:15:00,46.98,46.98,46.84,46.87,641.346
2026-07-24 02:20:00,46.87,46.9,46.82,46.89,225.657
2026-07-24 02:25:00,46.88,46.88,46.85,46.87,184.132
2026-07-24 02:30:00,46.87,46.88,46.73,46.74,341.702
2026-07-24 02:35:00,46.74,46.78,46.73,46.75,530.171
2026-07-24 02:40:00,46.75,46.79,46.74,46.75,275.904
2026-07-24 02:45:00,46.75,46.75,46.61,46.67,689.332
2026-07-24 02:50:00,46.66,46.66,46.57,46.62,779.786
2026-07-24 02:55:00,46.62,46.69,46.61,46.67,429.524
2026-07-24 03:00:00,46.67,46.77,46.62,46.77,544.974
2026-07-24 03:05:00,46.76,46.86,46.75,46.83,395.233
2026-07-24 03:10:00,46.83,46.85,46.8,46.85,103.938
2026-07-24 03:15:00,46.85,46.89,46.84,46.86,235.826
2026-07-24 03:20:00,46.86,46.86,46.82,46.83,444.028
2026-07-24 03:25:00,46.83,46.89,46.81,46.81,369.311
2026-07-24 03:30:00,46.81,46.83,46.75,46.76,143.273
2026-07-24 03:35:00,46.76,46.78,46.73,46.73,225.51
2026-07-24 03:40:00,46.74,46.77,46.71,46.77,230.41
2026-07-24 03:45:00,46.77,46.77,46.75,46.77,104.448
2026-07-24 03:50:00,46.76,46.8,46.72,46.78,1462.438
2026-07-24 03:55:00,46.78,46.81,46.77,46.78,373.888
2026-07-24 04:00:00,46.78,46.82,46.75,46.81,341.872
2026-07-24 04:05:00,46.82,46.86,46.81,46.82,238.684
2026-07-24 04:10:00,46.82,46.82,46.78,46.8,310.13
2026-07-24 04:15:00,46.8,46.8,46.75,46.78,368.468
2026-07-24 04:20:00,46.79,46.86,46.77,46.79,197.294
2026-07-24 04:25:00,46.79,46.83,46.79,46.82,204.872
2026-07-24 04:30:00,46.81,46.82,46.8,46.81,207.032
2026-07-24 04:35:00,46.8,46.81,46.77,46.78,167.74
2026-07-24 04:40:00,46.77,46.78,46.68,46.76,290.58
2026-07-24 04:45:00,46.76,46.76,46.73,46.74,379.586
2026-07-24 04:50:00,46.74,46.74,46.72,46.72,67.88
2026-07-24 04:55:00,46.72,46.73,46.68,46.72,383.582
2026-07-24 05:00:00,46.72,46.73,46.66,46.67,194.961
2026-07-24 05:05:00,46.68,46.78,46.67,46.75,285.43
2026-07-24 05:10:00,46.74,46.74,46.71,46.73,122.106
2026-07-24 05:15:00,46.73,46.75,46.71,46.75,274.699
2026-07-24 05:20:00,46.75,46.86,46.73,46.77,1416.957
2026-07-24 05:25:00,46.77,46.8,46.75,46.78,191.154
2026-07-24 05:30:00,46.77,46.78,46.73,46.74,146.199
2026-07-24 05:35:00,46.74,46.75,46.7,46.71,641.179
2026-07-24 05:40:00,46.7,46.77,46.69,46.77,359.423
2026-07-24 05:45:00,46.77,46.81,46.76,46.77,236.612
2026-07-24 05:50:00,46.77,46.77,46.68,46.7,523.269
2026-07-24 05:55:00,46.7,46.7,46.68,46.7,132.493
2026-07-24 06:00:00,46.71,46.75,46.68,46.75,150.677
2026-07-24 06:05:00,46.74,46.81,46.71,46.78,343.018
2026-07-24 06:10:00,46.78,46.82,46.76,46.81,182.144
2026-07-24 06:15:00,46.81,46.97,46.79,46.97,2712.913
2026-07-24 06:20:00,46.97,47.03,46.94,46.97,1527.732
2026-07-24 06:25:00,46.97,47.02,46.94,46.96,314.72
2026-07-24 06:30:00,46.95,46.96,46.86,46.96,853.534
2026-07-24 06:35:00,46.95,47.01,46.95,46.97,548.89
2026-07-24 06:40:00,46.97,47.02,46.97,46.99,295.46
2026-07-24 06:45:00,46.99,47.02,46.98,46.99,283.412
2026-07-24 06:50:00,46.99,47.0,46.93,47.0,1244.035
2026-07-24 06:55:00,46.99,47.01,46.97,47.01,554.419
2026-07-24 07:00:00,47.01,47.1,47.0,47.07,977.47
2026-07-24 07:05:00,47.06,47.2,47.05,47.2,1847.738
2026-07-24 07:10:00,47.2,47.33,47.2,47.24,2569.417
2026-07-24 07:15:00,47.25,47.41,47.2,47.33,6730.251
2026-07-24 07:20:00,47.34,47.42,47.28,47.28,1533.44
2026-07-24 07:25:00,47.29,47.35,47.28,47.32,632.772
2026-07-24 07:30:00,47.32,47.32,47.2,47.23,925.769
2026-07-24 07:35:00,47.22,47.24,47.14,47.17,2820.208
2026-07-24 07:40:00,47.17,47.18,47.05,47.08,2367.603
2026-07-24 07:45:00,47.08,47.11,47.04,47.07,1209.106
2026-07-24 07:50:00,47.07,47.07,47.02,47.03,1066.866
2026-07-24 07:55:00,47.03,47.04,46.82,46.98,4565.903
2026-07-24 08:00:00,46.98,47.0,46.9,46.9,1342.216
2026-07-24 08:05:00,46.9,46.94,46.86,46.91,3177.12
2026-07-24 08:10:00,46.9,46.9,46.83,46.83,789.747
2026-07-24 08:15:00,46.82,46.82,46.7,46.74,2999.292
2026-07-24 08:20:00,46.74,46.74,46.68,46.69,996.217
2026-07-24 08:25:00,46.68,46.71,46.65,46.7,784.294
2026-07-24 08:30:00,46.7,46.75,46.66,46.75,882.156
2026-07-24 08:35:00,46.74,46.82,46.71,46.79,1215.515
2026-07-24 08:40:00,46.79,46.84,46.74,46.82,3736.247
2026-07-24 08:45:00,46.82,46.97,46.82,46.88,6341.855
2026-07-24 08:50:00,46.88,46.93,46.85,46.89,729.036
2026-07-24 08:55:00,46.89,46.9,46.85,46.85,422.706
2026-07-24 09:00:00,46.84,46.85,46.76,46.77,726.73
2026-07-24 09:05:00,46.76,46.83,46.73,46.78,1013.237
2026-07-24 09:10:00,46.79,46.8,46.66,46.66,2892.753
2026-07-24 09:15:00,46.67,46.69,46.6,46.66,720.929
2026-07-24 09:20:00,46.67,46.68,46.6,46.62,1187.337
2026-07-24 09:25:00,46.62,46.64,46.59,46.61,512.898
2026-07-24 09:30:00,46.6,46.63,46.51,46.58,2631.951
2026-07-24 09:35:00,46.59,46.66,46.58,46.66,184.441
2026-07-24 09:40:00,46.66,46.73,46.66,46.67,532.872
2026-07-24 09:45:00,46.67,46.75,46.67,46.68,772.424
2026-07-24 09:50:00,46.69,46.73,46.68,46.72,700.368
2026-07-24 09:55:00,46.72,46.74,46.71,46.72,360.584
2026-07-24 10:00:00,46.72,46.73,46.68,46.69,850.827
2026-07-24 10:05:00,46.69,46.7,46.68,46.69,319.756
2026-07-24 10:10:00,46.68,46.69,46.62,46.63,626.885
2026-07-24 10:15:00,46.63,46.67,46.51,46.54,3506.804
2026-07-24 10:20:00,46.53,46.54,46.33,46.39,5960.2
2026-07-24 10:25:00,46.39,46.49,46.31,46.45,3255.005
2026-07-24 10:30:00,46.45,46.46,46.28,46.29,1937.473
2026-07-24 10:35:00,46.29,46.3,46.2,46.26,2448.298
2026-07-24 10:40:00,46.26,46.28,46.11,46.11,4358.138
2026-07-24 10:45:00,46.12,46.17,46.09,46.17,1715.313
2026-07-24 10:50:00,46.16,46.19,46.12,46.19,1744.215
2026-07-24 10:55:00,46.19,46.23,46.09,46.22,2753.917
2026-07-24 11:00:00,46.23,46.31,46.2,46.29,880.535
2026-07-24 11:05:00,46.28,46.32,46.26,46.27,1037.025
2026-07-24 11:10:00,46.28,46.32,46.25,46.25,1171.824
2026-07-24 11:15:00,46.25,46.32,46.25,46.3,1564.893
2026-07-24 11:20:00,46.3,46.3,46.27,46.29,768.706
2026-07-24 11:25:00,46.29,46.33,46.27,46.33,705.848
2026-07-24 11:30:00,46.34,46.34,46.25,46.29,3249.537
2026-07-24 11:35:00,46.29,46.3,46.22,46.28,501.072
2026-07-24 11:40:00,46.28,46.29,46.25,46.26,334.986
2026-07-24 11:45:00,46.27,46.28,46.13,46.25,3795.147
2026-07-24 11:50:00,46.25,46.35,46.25,46.35,758.889
2026-07-24 11:55:00,46.35,46.36,46.23,46.35,2974.243
2026-07-24 12:00:00,46.35,46.35,46.25,46.31,1094.906
2026-07-24 12:05:00,46.31,46.39,46.28,46.38,921.135
2026-07-24 12:10:00,46.38,46.4,46.37,46.39,691.101
2026-07-24 12:15:00,46.38,46.42,46.38,46.39,474.164
2026-07-24 12:20:00,46.39,46.4,46.28,46.37,2773.069
2026-07-24 12:25:00,46.36,46.42,46.32,46.36,1385.719
2026-07-24 12:30:00,46.36,46.37,46.33,46.34,208.092
2026-07-24 12:35:00,46.33,46.36,46.32,46.35,571.607
2026-07-24 12:40:00,46.35,46.35,46.31,46.32,587.68
2026-07-24 12:45:00,46.31,46.33,46.2,46.25,3227.167
2026-07-24 12:50:00,46.25,46.33,46.25,46.3,990.58
2026-07-24 12:55:00,46.3,46.3,46.22,46.27,902.502
2026-07-24 13:00:00,46.27,46.3,46.22,46.26,532.803
2026-07-24 13:05:00,46.26,46.26,46.09,46.25,2153.694
2026-07-24 13:10:00,46.25,46.3,46.2,46.28,658.996
2026-07-24 13:15:00,46.29,46.41,46.27,46.37,2002.574
2026-07-24 13:20:00,46.37,46.41,46.36,46.4,292.816
2026-07-24 13:25:00,46.4,46.4,46.3,46.37,3121.505
2026-07-24 13:30:00,46.37,46.4,46.35,46.38,784.846
2026-07-24 13:35:00,46.39,46.4,46.26,46.27,932.887
2026-07-24 13:40:00,46.28,46.38,46.25,46.38,897.971
2026-07-24 13:45:00,46.38,46.43,46.27,46.33,3344.911
2026-07-24 13:50:00,46.32,46.32,46.17,46.19,1671.355
2026-07-24 13:55:00,46.18,46.22,46.09,46.21,1411.263
2026-07-24 14:00:00,46.21,46.23,46.12,46.12,1101.307
2026-07-24 14:05:00,46.13,46.3,46.13,46.29,873.257
2026-07-24 14:10:00,46.29,46.33,46.25,46.26,604.953
2026-07-24 14:15:00,46.25,46.27,46.11,46.17,772.098
2026-07-24 14:20:00,46.16,46.16,46.09,46.12,2689.172
2026-07-24 14:25:00,46.11,46.17,46.06,46.16,983.073
2026-07-24 14:30:00,46.16,46.17,46.08,46.16,631.452
2026-07-24 14:35:00,46.15,46.21,46.12,46.12,1073.755
2026-07-24 14:40:00,46.13,46.18,46.06,46.06,892.26
2026-07-24 14:45:00,46.06,46.1,45.89,46.1,4514.457
2026-07-24 14:50:00,46.11,46.24,46.11,46.19,1132.172
2026-07-24 14:55:00,46.19,46.29,46.18,46.28,785.133
2026-07-24 15:00:00,46.28,46.28,46.19,46.21,1099.426
2026-07-24 15:05:00,46.22,46.25,46.18,46.23,614.26
2026-07-24 15:10:00,46.22,46.41,46.22,46.4,1146.171
2026-07-24 15:15:00,46.4,46.53,46.4,46.4,7196.815
2026-07-24 15:20:00,46.4,46.44,46.37,46.37,657.796
2026-07-24 15:25:00,46.37,46.39,46.33,46.34,503.114
2026-07-24 15:30:00,46.33,46.34,46.25,46.31,2479.844
2026-07-24 15:35:00,46.32,46.46,46.3,46.45,1832.82
2026-07-24 15:40:00,46.45,46.47,46.36,46.39,2117.117
2026-07-24 15:45:00,46.39,46.4,46.33,46.33,886.997
2026-07-24 15:50:00,46.33,46.39,46.31,46.34,444.298
2026-07-24 15:55:00,46.34,46.4,46.34,46.38,1108.679
2026-07-24 16:00:00,46.38,46.42,46.32,46.42,754.305
2026-07-24 16:05:00,46.42,46.47,46.38,46.47,762.445
2026-07-24 16:10:00,46.47,46.5,46.35,46.35,1145.059
2026-07-24 16:15:00,46.36,46.42,46.35,46.41,1579.679
2026-07-24 16:20:00,46.42,46.44,46.37,46.39,440.199
2026-07-24 16:25:00,46.39,46.43,46.38,46.38,1117.487
2026-07-24 16:30:00,46.38,46.39,46.33,46.37,1342.298
2026-07-24 16:35:00,46.37,46.39,46.34,46.36,394.466
2026-07-24 16:40:00,46.36,46.37,46.26,46.26,592.225
2026-07-24 16:45:00,46.26,46.27,46.2,46.23,798.229
2026-07-24 16:50:00,46.23,46.24,46.19,46.19,283.579
2026-07-24 16:55:00,46.2,46.3,46.19,46.28,396.149
2026-07-24 17:00:00,46.29,46.34,46.25,46.32,573.981
2026-07-24 17:05:00,46.32,46.34,46.25,46.29,1562.276
2026-07-24 17:10:00,46.29,46.31,46.25,46.29,382.749
2026-07-24 17:15:00,46.3,46.34,46.27,46.34,285.488
2026-07-24 17:20:00,46.34,46.37,46.32,46.35,775.522
2026-07-24 17:25:00,46.36,46.38,46.34,46.36,424.193
2026-07-24 17:30:00,46.36,46.39,46.34,46.38,1455.628
2026-07-24 17:35:00,46.37,46.38,46.34,46.36,231.225
2026-07-24 17:40:00,46.35,46.36,46.33,46.34,451.728
2026-07-24 17:45:00,46.34,46.35,46.3,46.3,349.661
2026-07-24 17:50:00,46.3,46.34,46.3,46.34,409.892
2026-07-24 17:55:00,46.34,46.36,46.33,46.33,669.647
2026-07-24 18:00:00,46.33,46.34,46.25,46.27,900.954
2026-07-24 18:05:00,46.26,46.29,46.25,46.27,282.474
2026-07-24 18:10:00,46.27,46.28,46.25,46.27,239.739
2026-07-24 18:15:00,46.28,46.28,46.21,46.22,475.692
2026-07-24 18:20:00,46.21,46.22,46.17,46.17,369.209
2026-07-24 18:25:00,46.18,46.21,46.17,46.19,356.728
2026-07-24 18:30:00,46.18,46.22,46.17,46.18,195.656
2026-07-24 18:35:00,46.17,46.19,46.14,46.15,680.372
2026-07-24 18:40:00,46.16,46.16,46.12,46.15,351.405
2026-07-24 18:45:00,46.15,46.22,46.15,46.21,111.902
2026-07-24 18:50:00,46.22,46.24,46.18,46.23,234.318
2026-07-24 18:55:00,46.23,46.23,46.2,46.2,157.92
2026-07-24 19:00:00,46.2,46.21,46.12,46.14,419.511
2026-07-24 19:05:00,46.14,46.15,46.09,46.12,615.241
2026-07-24 19:10:00,46.13,46.15,46.11,46.12,842.41
2026-07-24 19:15:00,46.11,46.14,46.1,46.13,357.058
2026-07-24 19:20:00,46.14,46.18,46.13,46.17,300.026
2026-07-24 19:25:00,46.17,46.22,46.15,46.2,992.156
2026-07-24 19:30:00,46.21,46.23,46.2,46.23,362.591
2026-07-24 19:35:00,46.22,46.25,46.19,46.22,420.546
2026-07-24 19:40:00,46.21,46.22,46.18,46.22,441.662
2026-07-24 19:45:00,46.22,46.24,46.21,46.21,173.316
2026-07-24 19:50:00,46.22,46.25,46.2,46.25,206.854
2026-07-24 19:55:00,46.24,46.24,46.21,46.21,182.326
2026-07-24 20:00:00,46.21,46.26,46.18,46.18,933.104
2026-07-24 20:05:00,46.18,46.19,46.15,46.17,486.481
2026-07-24 20:10:00,46.17,46.22,46.17,46.18,920.406
2026-07-24 20:15:00,46.19,46.22,46.18,46.2,224.38
2026-07-24 20:20:00,46.21,46.22,46.2,46.21,77.931
2026-07-24 20:25:00,46.22,46.25,46.21,46.23,511.356
2026-07-24 20:30:00,46.23,46.23,46.18,46.21,392.145
2026-07-24 20:35:00,46.2,46.32,46.19,46.27,2214.397
2026-07-24 20:40:00,46.28,46.3,46.26,46.3,675.586
2026-07-24 20:45:00,46.29,46.3,46.21,46.22,216.601
2026-07-24 20:50:00,46.22,46.25,46.22,46.24,215.162
2026-07-24 20:55:00,46.24,46.25,46.22,46.22,290.976
2026-07-24 21:00:00,46.22,46.23,46.19,46.21,308.865
2026-07-24 21:05:00,46.2,46.21,46.19,46.21,318.146
2026-07-24 21:10:00,46.2,46.3,46.19,46.25,1731.294
2026-07-24 21:15:00,46.26,46.26,46.24,46.25,309.979
2026-07-24 21:20:00,46.25,46.31,46.24,46.3,352.675
2026-07-24 21:25:00,46.3,46.33,46.29,46.31,714.085
2026-07-24 21:30:00,46.3,46.33,46.29,46.29,287.151
2026-07-24 21:35:00,46.3,46.35,46.27,46.3,561.534
2026-07-24 21:40:00,46.29,46.29,46.24,46.24,491.065
2026-07-24 21:45:00,46.25,46.25,46.18,46.19,397.388
2026-07-24 21:50:00,46.2,46.2,46.18,46.2,255.993
2026-07-24 21:55:00,46.2,46.2,46.12,46.13,608.435
2026-07-24 22:00:00,46.13,46.21,46.08,46.17,927.563
2026-07-24 22:05:00,46.18,46.21,46.16,46.21,254.745
2026-07-24 22:10:00,46.21,46.24,46.19,46.21,457.191
2026-07-24 22:15:00,46.22,46.22,46.2,46.21,176.437
2026-07-24 22:20:00,46.2,46.23,46.19,46.23,270.5
2026-07-24 22:25:00,46.22,46.24,46.22,46.24,224.426
2026-07-24 22:30:00,46.24,46.24,46.21,46.24,239.204
2026-07-24 22:35:00,46.24,46.26,46.23,46.25,166.399
2026-07-24 22:40:00,46.26,46.31,46.25,46.29,249.995
2026-07-24 22:45:00,46.3,46.31,46.27,46.27,284.166
2026-07-24 22:50:00,46.28,46.28,46.24,46.25,409.041
2026-07-24 22:55:00,46.25,46.28,46.23,46.26,318.329
2026-07-24 23:00:00,46.26,46.31,46.2,46.28,915.144
2026-07-24 23:05:00,46.27,46.3,46.27,46.27,171.733
2026-07-24 23:10:00,46.28,46.32,46.26,46.31,160.057
2026-07-24 23:15:00,46.32,46.32,46.28,46.29,149.794
2026-07-24 23:20:00,46.28,46.35,46.28,46.34,293.907
2026-07-24 23:25:00,46.35,46.36,46.32,46.34,341.922
2026-07-24 23:30:00,46.34,46.37,46.34,46.36,257.085
2026-07-24 23:35:00,46.35,46.35,46.3,46.34,498.737
2026-07-24 23:40:00,46.35,46.35,46.33,46.35,123.009
2026-07-24 23:45:00,46.34,46.35,46.29,46.35,485.752
2026-07-24 23:50:00,46.35,46.38,46.35,46.37,166.59
2026-07-24 23:55:00,46.38,46.38,46.35,46.36,529.002
2026-07-25 00:00:00,46.36,46.4,46.32,46.38,574.328
2026-07-25 00:05:00,46.39,46.39,46.32,46.33,828.362
2026-07-25 00:10:00,46.34,46.34,46.3,46.3,221.413
2026-07-25 00:15:00,46.3,46.31,46.29,46.29,89.486
2026-07-25 00:20:00,46.3,46.31,46.29,46.31,106.021
2026-07-25 00:25:00,46.3,46.33,46.25,46.31,1538.986
2026-07-25 00:30:00,46.31,46.31,46.26,46.3,504.955
2026-07-25 00:35:00,46.31,46.34,46.29,46.32,283.13
2026-07-25 00:40:00,46.33,46.33,46.26,46.3,955.295
2026-07-25 00:45:00,46.29,46.31,46.26,46.3,912.829
2026-07-25 00:50:00,46.29,46.3,46.26,46.26,303.895
2026-07-25 00:55:00,46.25,46.31,46.25,46.3,294.553
2026-07-25 01:00:00,46.3,46.35,46.3,46.33,177.963
2026-07-25 01:05:00,46.34,46.39,46.33,46.34,238.209
2026-07-25 01:10:00,46.34,46.34,46.28,46.3,207.038
2026-07-25 01:15:00,46.29,46.3,46.26,46.26,141.699
2026-07-25 01:20:00,46.26,46.27,46.21,46.27,496.158
2026-07-25 01:25:00,46.26,46.31,46.25,46.3,317.405
2026-07-25 01:30:00,46.31,46.31,46.28,46.3,217.986
2026-07-25 01:35:00,46.31,46.36,46.31,46.32,521.205
2026-07-25 01:40:00,46.31,46.35,46.31,46.34,200.065
2026-07-25 01:45:00,46.35,46.37,46.35,46.35,100.645
2026-07-25 01:50:00,46.36,46.37,46.32,46.32,170.964
2026-07-25 01:55:00,46.33,46.33,46.28,46.31,449.891
2026-07-25 02:00:00,46.32,46.32,46.3,46.31,222.243
2026-07-25 02:05:00,46.31,46.34,46.31,46.33,161.803
2026-07-25 02:10:00,46.33,46.34,46.31,46.32,165.382
2026-07-25 02:15:00,46.33,46.33,46.28,46.3,253.072
2026-07-25 02:20:00,46.29,46.35,46.29,46.34,141.863
2026-07-25 02:25:00,46.35,46.41,46.34,46.39,183.171
2026-07-25 02:30:00,46.4,46.42,46.38,46.42,127.139
2026-07-25 02:35:00,46.41,46.44,46.39,46.44,117.838
2026-07-25 02:40:00,46.43,46.46,46.43,46.45,198.705
2026-07-25 02:45:00,46.44,46.45,46.39,46.39,163.098
2026-07-25 02:50:00,46.39,46.41,46.37,46.41,87.897
2026-07-25 02:55:00,46.41,46.42,46.39,46.42,261.806
2026-07-25 03:00:00,46.42,46.42,46.33,46.36,776.353
2026-07-25 03:05:00,46.36,46.36,46.25,46.28,1144.655
2026-07-25 03:10:00,46.29,46.35,46.29,46.32,1050.317
2026-07-25 03:15:00,46.33,46.35,46.29,46.31,146.031
2026-07-25 03:20:00,46.31,46.32,46.3,46.3,197.59
2026-07-25 03:25:00,46.3,46.34,46.29,46.29,1219.524
2026-07-25 03:30:00,46.29,46.32,46.28,46.31,397.937
2026-07-25 03:35:00,46.31,46.32,46.3,46.31,130.637
2026-07-25 03:40:00,46.32,46.32,46.25,46.3,558.008
2026-07-25 03:45:00,46.3,46.3,46.26,46.27,341.227
2026-07-25 03:50:00,46.27,46.28,46.24,46.28,379.218
2026-07-25 03:55:00,46.27,46.31,46.27,46.28,180.816
2026-07-25 04:00:00,46.28,46.31,46.28,46.31,118.606
2026-07-25 04:05:00,46.3,46.3,46.28,46.29,99.061
2026-07-25 04:10:00,46.29,46.32,46.28,46.31,163.806
2026-07-25 04:15:00,46.32,46.32,46.31,46.31,166.601
2026-07-25 04:20:00,46.32,46.32,46.29,46.3,300.753
2026-07-25 04:25:00,46.3,46.32,46.3,46.32,137.732
2026-07-25 04:30:00,46.32,46.32,46.28,46.28,122.419
2026-07-25 04:35:00,46.28,46.32,46.28,46.32,253.278
2026-07-25 04:40:00,46.32,46.36,46.31,46.35,229.914
2026-07-25 04:45:00,46.34,46.36,46.34,46.35,58.695
2026-07-25 04:50:00,46.36,46.36,46.33,46.34,98.45
2026-07-25 04:55:00,46.33,46.35,46.33,46.35,88.68
2026-07-25 05:00:00,46.34,46.37,46.34,46.37,158.196
2026-07-25 05:05:00,46.37,46.37,46.32,46.33,222.35
2026-07-25 05:10:00,46.33,46.34,46.31,46.32,121.446
2026-07-25 05:15:00,46.31,46.32,46.3,46.31,45.71
2026-07-25 05:20:00,46.3,46.35,46.3,46.34,280.2
2026-07-25 05:25:00,46.35,46.36,46.29,46.31,487.134
2026-07-25 05:30:00,46.31,46.32,46.3,46.3,105.413
2026-07-25 05:35:00,46.3,46.3,46.24,46.24,589.319
2026-07-25 05:40:00,46.24,46.29,46.24,46.28,417.299
2026-07-25 05:45:00,46.27,46.28,46.21,46.21,613.671
2026-07-25 05:50:00,46.22,46.25,46.2,46.21,921.86
2026-07-25 05:55:00,46.21,46.23,46.19,46.21,452.274
2026-07-25 06:00:00,46.21,46.22,46.2,46.21,171.152
2026-07-25 06:05:00,46.21,46.24,46.2,46.24,199.888
2026-07-25 06:10:00,46.23,46.26,46.23,46.25,148.717
2026-07-25 06:15:00,46.26,46.26,46.2,46.23,444.473
2026-07-25 06:20:00,46.22,46.23,46.15,46.16,689.937
2026-07-25 06:25:00,46.16,46.17,46.06,46.13,700.246
2026-07-25 06:30:00,46.12,46.16,46.09,46.12,808.656
2026-07-25 06:35:00,46.12,46.13,46.07,46.12,762.722
2026-07-25 06:40:00,46.11,46.11,46.04,46.07,973.081
2026-07-25 06:45:00,46.06,46.07,46.02,46.04,876.066
2026-07-25 06:50:00,46.05,46.07,46.04,46.06,588.582
2026-07-25 06:55:00,46.07,46.13,46.07,46.12,325.733
2026-07-25 07:00:00,46.13,46.14,46.12,46.14,226.551
2026-07-25 07:05:00,46.13,46.14,46.12,46.14,280.878
2026-07-25 07:10:00,46.14,46.15,46.12,46.13,240.683
2026-07-25 07:15:00,46.12,46.13,46.09,46.09,247.821
2026-07-25 07:20:00,46.1,46.15,46.09,46.15,344.09
2026-07-25 07:25:00,46.15,46.15,46.13,46.13,129.504
2026-07-25 07:30:00,46.13,46.13,46.08,46.1,369.02
2026-07-25 07:35:00,46.1,46.1,46.06,46.09,686.306
2026-07-25 07:40:00,46.09,46.09,46.03,46.05,406.656
2026-07-25 07:45:00,46.06,46.09,46.06,46.09,263.625
2026-07-25 07:50:00,46.1,46.1,46.08,46.08,162.924
2026-07-25 07:55:00,46.08,46.09,46.06,46.08,316.828
2026-07-25 08:00:00,46.08,46.09,46.05,46.07,349.312
2026-07-25 08:05:00,46.08,46.13,46.06,46.13,525.904
2026-07-25 08:10:00,46.13,46.14,46.03,46.09,2645.341
2026-07-25 08:15:00,46.09,46.09,46.06,46.09,472.174
2026-07-25 08:20:00,46.09,46.1,46.02,46.03,1881.01
2026-07-25 08:25:00,46.03,46.04,46.01,46.04,303.147
2026-07-25 08:30:00,46.04,46.04,45.97,46.0,735.709
2026-07-25 08:35:00,45.99,45.99,45.95,45.96,1047.121
2026-07-25 08:40:00,45.96,45.97,45.92,45.93,1295.186
2026-07-25 08:45:00,45.93,45.95,45.91,45.91,315.882
2026-07-25 08:50:00,45.9,45.9,45.84,45.85,1228.272
2026-07-25 08:55:00,45.86,45.89,45.85,45.87,888.564
2026-07-25 09:00:00,45.87,45.88,45.79,45.84,2539.684
2026-07-25 09:05:00,45.83,45.83,45.8,45.82,370.667
2026-07-25 09:10:00,45.82,45.83,45.8,45.81,339.29
2026-07-25 09:15:00,45.82,45.83,45.81,45.82,263.763
2026-07-25 09:20:00,45.81,45.86,45.81,45.86,573.694
2026-07-25 09:25:00,45.86,45.86,45.75,45.84,2900.268
2026-07-25 09:30:00,45.84,45.84,45.81,45.84,858.923
2026-07-25 09:35:00,45.84,45.91,45.84,45.87,854.414
2026-07-25 09:40:00,45.88,45.92,45.87,45.92,695.331
2026-07-25 09:45:00,45.92,45.95,45.91,45.92,843.344
2026-07-25 09:50:00,45.93,45.99,45.92,45.96,1087.359
2026-07-25 09:55:00,45.97,45.97,45.93,45.94,1814.653
2026-07-25 10:00:00,45.94,45.94,45.85,45.88,2967.296
2026-07-25 10:05:00,45.88,45.91,45.87,45.88,737.226
2026-07-25 10:10:00,45.88,45.91,45.87,45.91,541.51
2026-07-25 10:15:00,45.91,45.93,45.85,45.88,776.079
2026-07-25 10:20:00,45.88,45.88,45.86,45.87,159.361
2026-07-25 10:25:00,45.87,45.9,45.82,45.85,2529.157
2026-07-25 10:30:00,45.86,45.88,45.84,45.88,414.624
2026-07-25 10:35:00,45.88,45.96,45.88,45.96,839.577
2026-07-25 10:40:00,45.96,45.98,45.94,45.97,530.398
2026-07-25 10:45:00,45.96,45.99,45.95,45.96,1094.344
2026-07-25 10:50:00,45.95,45.96,45.9,45.91,582.928
2026-07-25 10:55:00,45.91,45.93,45.83,45.92,3144.544
2026-07-25 11:00:00,45.93,45.94,45.9,45.93,645.144
2026-07-25 11:05:00,45.94,45.97,45.94,45.94,311.212
2026-07-25 11:10:00,45.94,45.95,45.92,45.95,309.202
2026-07-25 11:15:00,45.94,45.94,45.83,45.87,2626.839
2026-07-25 11:20:00,45.87,45.87,45.83,45.84,473.011
2026-07-25 11:25:00,45.84,45.85,45.81,45.82,598.439
2026-07-25 11:30:00,45.83,45.86,45.82,45.84,658.789
2026-07-25 11:35:00,45.84,45.84,45.83,45.84,216.853
2026-07-25 11:40:00,45.83,45.87,45.83,45.87,518.328
2026-07-25 11:45:00,45.86,45.87,45.82,45.85,752.301
2026-07-25 11:50:00,45.84,45.88,45.84,45.87,904.848
2026-07-25 11:55:00,45.88,45.94,45.86,45.92,2952.869
2026-07-25 12:00:00,45.93,45.95,45.91,45.91,623.385
2026-07-25 12:05:00,45.91,45.98,45.91,45.97,636.408
2026-07-25 12:10:00,45.97,45.99,45.96,45.98,177.967
2026-07-25 12:15:00,45.98,45.99,45.96,45.97,571.215
2026-07-25 12:20:00,45.96,46.01,45.94,45.95,377.475
2026-07-25 12:25:00,45.95,45.98,45.94,45.96,638.348
2026-07-25 12:30:00,45.95,46.0,45.95,46.0,377.629
2026-07-25 12:35:00,46.0,46.0,45.95,45.97,719.326
2026-07-25 12:40:00,45.98,45.98,45.93,45.95,383.443
2026-07-25 12:45:00,45.95,46.0,45.92,45.99,535.32
2026-07-25 12:50:00,46.0,46.03,45.99,46.01,559.615
2026-07-25 12:55:00,46.0,46.02,45.98,46.02,379.302
2026-07-25 13:00:00,46.01,46.02,46.0,46.01,514.82
2026-07-25 13:05:00,46.01,46.03,45.97,45.98,330.444
2026-07-25 13:10:00,45.99,46.01,45.98,46.0,254.71
2026-07-25 13:15:00,46.01,46.02,45.99,46.02,320.151
2026-07-25 13:20:00,46.02,46.02,46.01,46.02,234.287
2026-07-25 13:25:00,46.02,46.04,46.02,46.04,308.702
2026-07-25 13:30:00,46.03,46.11,46.03,46.05,2040.903
2026-07-25 13:35:00,46.05,46.06,46.0,46.02,699.867
2026-07-25 13:40:00,46.02,46.15,46.02,46.13,544.558
2026-07-25 13:45:00,46.14,46.18,46.11,46.11,1272.772
2026-07-25 13:50:00,46.11,46.12,46.04,46.05,282.433
2026-07-25 13:55:00,46.05,46.06,46.03,46.03,339.859
2026-07-25 14:00:00,46.03,46.04,46.0,46.02,412.132
2026-07-25 14:05:00,46.02,46.02,45.92,45.92,1119.868
2026-07-25 14:10:00,45.93,45.94,45.84,45.86,1562.267
2026-07-25 14:15:00,45.86,45.86,45.81,45.83,616.675
2026-07-25 14:20:00,45.83,45.86,45.82,45.83,1033.557
2026-07-25 14:25:00,45.82,45.86,45.81,45.82,1044.794
2026-07-25 14:30:00,45.83,45.93,45.81,45.89,1298.287
2026-07-25 14:35:00,45.89,45.96,45.88,45.94,643.602
2026-07-25 14:40:00,45.95,45.99,45.93,45.97,611.897
2026-07-25 14:45:00,45.97,46.0,45.97,45.97,525.361
2026-07-25 14:50:00,45.98,45.99,45.93,45.99,720.618
2026-07-25 14:55:00,45.98,45.99,45.96,45.96,398.595
2026-07-25 15:00:00,45.97,45.99,45.94,45.99,365.14
2026-07-25 15:05:00,45.99,46.0,45.94,45.98,1539.194
2026-07-25 15:10:00,45.98,46.03,45.98,45.99,602.583
2026-07-25 15:15:00,46.0,46.1,45.99,46.08,1793.973
2026-07-25 15:20:00,46.08,46.13,46.06,46.11,1572.03
2026-07-25 15:25:00,46.12,46.15,46.11,46.15,1430.966
2026-07-25 15:30:00,46.14,46.18,46.1,46.12,1827.985
2026-07-25 15:35:00,46.12,46.14,46.11,46.12,335.472
2026-07-25 15:40:00,46.12,46.13,46.07,46.13,863.394
2026-07-25 15:45:00,46.12,46.16,46.12,46.15,1073.446
2026-07-25 15:50:00,46.15,46.15,46.1,46.11,1290.377
2026-07-25 15:55:00,46.12,46.14,46.07,46.08,1167.286
2026-07-25 16:00:00,46.09,46.14,46.08,46.09,900.881
2026-07-25 16:05:00,46.1,46.11,46.02,46.03,573.043
2026-07-25 16:10:00,46.04,46.12,46.03,46.12,2077.626
2026-07-25 16:15:00,46.11,46.11,46.03,46.03,505.743
2026-07-25 16:20:00,46.03,46.08,46.03,46.08,486.595
2026-07-25 16:25:00,46.08,46.11,46.04,46.08,1575.974
2026-07-25 16:30:00,46.08,46.14,46.04,46.08,992.323
2026-07-25 16:35:00,46.07,46.2,46.07,46.14,913.093
2026-07-25 16:40:00,46.14,46.2,46.13,46.19,816.673
2026-07-25 16:45:00,46.18,46.2,46.16,46.18,348.904
2026-07-25 16:50:00,46.18,46.21,46.17,46.21,436.542
2026-07-25 16:55:00,46.21,46.23,46.16,46.18,507.366
2026-07-25 17:00:00,46.18,46.18,46.14,46.16,1449.835
2026-07-25 17:05:00,46.16,46.18,46.12,46.14,799.613
2026-07-25 17:10:00,46.14,46.19,46.13,46.18,897.96
2026-07-25 17:15:00,46.19,46.29,46.18,46.28,3695.442
2026-07-25 17:20:00,46.28,46.31,46.24,46.27,1831.089
2026-07-25 17:25:00,46.27,46.27,46.22,46.23,946.483
2026-07-25 17:30:00,46.24,46.31,46.23,46.3,1428.936
2026-07-25 17:35:00,46.31,46.32,46.27,46.28,1499.141
2026-07-25 17:40:00,46.28,46.33,46.27,46.31,921.225
2026-07-25 17:45:00,46.31,46.32,46.21,46.22,1142.933
2026-07-25 17:50:00,46.22,46.23,46.19,46.22,902.824
2026-07-25 17:55:00,46.21,46.25,46.2,46.25,737.194
2026-07-25 18:00:00,46.25,46.29,46.24,46.25,290.795
2026-07-25 18:05:00,46.25,46.25,46.21,46.22,843.776
2026-07-25 18:10:00,46.22,46.26,46.22,46.23,221.791
2026-07-25 18:15:00,46.23,46.27,46.22,46.26,225.396
2026-07-25 18:20:00,46.26,46.27,46.24,46.25,208.77
2026-07-25 18:25:00,46.25,46.3,46.23,46.27,283.608
2026-07-25 18:30:00,46.28,46.32,46.27,46.32,876.896
2026-07-25 18:35:00,46.32,46.33,46.31,46.32,700.976
2026-07-25 18:40:00,46.32,46.32,46.28,46.31,489.441
2026-07-25 18:45:00,46.31,46.32,46.29,46.31,715.634
2026-07-25 18:50:00,46.31,46.32,46.28,46.3,706.113
2026-07-25 18:55:00,46.3,46.33,46.29,46.3,534.854
2026-07-25 19:00:00,46.3,46.31,46.28,46.28,961.427
2026-07-25 19:05:00,46.28,46.31,46.28,46.3,535.768
2026-07-25 19:10:00,46.31,46.34,46.3,46.33,1660.25
2026-07-25 19:15:00,46.34,46.34,46.28,46.29,409.289
2026-07-25 19:20:00,46.3,46.31,46.29,46.31,306.24
2026-07-25 19:25:00,46.3,46.44,46.28,46.43,1124.682
2026-07-25 19:30:00,46.44,46.53,46.37,46.37,3187.135
2026-07-25 19:35:00,46.37,46.39,46.34,46.39,463.099
2026-07-25 19:40:00,46.39,46.51,46.39,46.5,508.958
2026-07-25 19:45:00,46.5,46.5,46.45,46.49,292.322
2026-07-25 19:50:00,46.5,46.54,46.46,46.48,789.245
2026-07-25 19:55:00,46.49,46.52,46.47,46.48,290.989
2026-07-25 20:00:00,46.48,46.52,46.45,46.49,464.955
2026-07-25 20:05:00,46.48,46.5,46.43,46.44,394.182
2026-07-25 20:10:00,46.44,46.48,46.43,46.44,382.522
2026-07-25 20:15:00,46.44,46.44,46.41,46.43,148.05
2026-07-25 20:20:00,46.43,46.49,46.42,46.48,141.729
2026-07-25 20:25:00,46.48,46.5,46.43,46.49,2123.582
2026-07-25 20:30:00,46.49,46.49,46.42,46.43,237.075
2026-07-25 20:35:00,46.42,46.46,46.42,46.45,136.375
2026-07-25 20:40:00,46.44,46.47,46.43,46.47,354.804
2026-07-25 20:45:00,46.46,46.48,46.45,46.48,307.58
2026-07-25 20:50:00,46.48,46.5,46.45,46.47,263.911
2026-07-25 20:55:00,46.46,46.52,46.46,46.52,185.503
2026-07-25 21:00:00,46.52,46.54,46.42,46.42,696.902
2026-07-25 21:05:00,46.42,46.47,46.42,46.45,382.253
2026-07-25 21:10:00,46.45,46.49,46.44,46.48,674.618
2026-07-25 21:15:00,46.48,46.48,46.45,46.48,170.042
2026-07-25 21:20:00,46.48,46.48,46.43,46.45,409.549
2026-07-25 21:25:00,46.46,46.49,46.45,46.49,157.992
2026-07-25 21:30:00,46.48,46.57,46.48,46.57,373.917
2026-07-25 21:35:00,46.57,46.6,46.56,46.56,755.296
2026-07-25 21:40:00,46.56,46.7,46.56,46.61,2227.533
2026-07-25 21:45:00,46.61,46.69,46.61,46.65,566.466
2026-07-25 21:50:00,46.65,46.65,46.5,46.54,779.847
2026-07-25 21:55:00,46.55,46.58,46.54,46.55,167.381
2026-07-25 22:00:00,46.55,46.56,46.51,46.51,944.228
2026-07-25 22:05:00,46.52,46.52,46.48,46.49,585.487
2026-07-25 22:10:00,46.49,46.56,46.48,46.56,258.169
2026-07-25 22:15:00,46.56,46.62,46.55,46.6,293.839
2026-07-25 22:20:00,46.6,46.62,46.58,46.6,541.835
2026-07-25 22:25:00,46.6,46.61,46.56,46.57,271.481
2026-07-25 22:30:00,46.57,46.6,46.53,46.57,578.549
2026-07-25 22:35:00,46.57,46.57,46.54,46.57,390.715
2026-07-25 22:40:00,46.56,46.57,46.52,46.53,275.327
2026-07-25 22:45:00,46.53,46.56,46.52,46.56,522.504
2026-07-25 22:50:00,46.55,46.57,46.55,46.55,247.03
2026-07-25 22:55:00,46.56,46.57,46.55,46.56,243.149
2026-07-25 23:00:00,46.55,46.57,46.54,46.56,291.84
2026-07-25 23:05:00,46.57,46.58,46.55,46.55,228.379
2026-07-25 23:10:00,46.55,46.56,46.54,46.54,209.906
2026-07-25 23:15:00,46.54,46.56,46.53,46.54,238.916
2026-07-25 23:20:00,46.54,46.54,46.52,46.54,168.655
2026-07-25 23:25:00,46.54,46.54,46.51,46.53,156.896
2026-07-25 23:30:00,46.53,46.56,46.53,46.54,176.268
2026-07-25 23:35:00,46.53,46.53,46.51,46.52,213.779
2026-07-25 23:40:00,46.52,46.52,46.5,46.5,306.355
2026-07-25 23:45:00,46.51,46.54,46.51,46.53,291.008
2026-07-25 23:50:00,46.54,46.56,46.53,46.55,189.726
2026-07-25 23:55:00,46.55,46.56,46.54,46.56,158.785
2026-07-26 00:00:00,46.56,46.59,46.54,46.59,549.333
2026-07-26 00:05:00,46.59,46.61,46.55,46.56,430.005
2026-07-26 00:10:00,46.56,46.56,46.49,46.55,488.38
2026-07-26 00:15:00,46.55,46.59,46.54,46.57,176.426
2026-07-26 00:20:00,46.57,46.6,46.57,46.6,157.286
2026-07-26 00:25:00,46.6,46.65,46.59,46.63,323.383
2026-07-26 00:30:00,46.64,46.64,46.59,46.61,322.964
2026-07-26 00:35:00,46.6,46.62,46.58,46.58,624.164
2026-07-26 00:40:00,46.59,46.59,46.57,46.58,144.052
2026-07-26 00:45:00,46.59,46.59,46.54,46.55,977.191
2026-07-26 00:50:00,46.54,46.6,46.54,46.58,166.773
2026-07-26 00:55:00,46.57,46.58,46.54,46.57,393.498
2026-07-26 01:00:00,46.57,46.58,46.54,46.55,103.826
2026-07-26 01:05:00,46.54,46.55,46.53,46.54,121.521
2026-07-26 01:10:00,46.53,46.54,46.52,46.53,170.136
2026-07-26 01:15:00,46.54,46.54,46.49,46.53,538.043
2026-07-26 01:20:00,46.54,46.56,46.53,46.56,182.87
2026-07-26 01:25:00,46.56,46.57,46.56,46.56,99.09
2026-07-26 01:30:00,46.57,46.58,46.56,46.58,124.463
2026-07-26 01:35:00,46.58,46.59,46.56,46.59,207.475
2026-07-26 01:40:00,46.59,46.68,46.59,46.66,1091.448
2026-07-26 01:45:00,46.66,46.71,46.65,46.7,422.854
2026-07-26 01:50:00,46.71,46.73,46.7,46.7,222.251
2026-07-26 01:55:00,46.7,46.71,46.67,46.68,323.877
2026-07-26 02:00:00,46.68,46.68,46.65,46.66,233.589
2026-07-26 02:05:00,46.65,46.67,46.61,46.67,616.262
2026-07-26 02:10:00,46.67,46.72,46.66,46.72,190.965
2026-07-26 02:15:00,46.73,46.73,46.7,46.72,116.614
2026-07-26 02:20:00,46.72,46.75,46.7,46.71,281.536
2026-07-26 02:25:00,46.7,46.75,46.7,46.75,526.069
2026-07-26 02:30:00,46.75,46.75,46.7,46.72,242.245
2026-07-26 02:35:00,46.72,46.72,46.7,46.71,76.154
2026-07-26 02:40:00,46.7,46.71,46.63,46.66,665.348
2026-07-26 02:45:00,46.67,46.68,46.64,46.68,751.107
2026-07-26 02:50:00,46.68,46.72,46.67,46.71,222.413
2026-07-26 02:55:00,46.71,46.75,46.71,46.74,182.201
2026-07-26 03:00:00,46.74,46.76,46.73,46.76,315.392
2026-07-26 03:05:00,46.76,46.82,46.74,46.81,387.169
2026-07-26 03:10:00,46.82,46.85,46.8,46.85,332.904
2026-07-26 03:15:00,46.84,46.85,46.82,46.84,204.152
2026-07-26 03:20:00,46.83,46.84,46.77,46.82,481.36
2026-07-26 03:25:00,46.82,46.83,46.76,46.76,333.056
2026-07-26 03:30:00,46.76,46.79,46.74,46.78,836.146
2026-07-26 03:35:00,46.77,46.82,46.77,46.79,471.443
2026-07-26 03:40:00,46.79,46.79,46.74,46.74,512.483
2026-07-26 03:45:00,46.75,46.8,46.75,46.79,334.504
2026-07-26 03:50:00,46.8,46.82,46.76,46.77,746.255
2026-07-26 03:55:00,46.78,46.78,46.72,46.77,297.789
2026-07-26 04:00:00,46.77,46.78,46.73,46.77,162.53
2026-07-26 04:05:00,46.76,46.78,46.72,46.72,180.077
2026-07-26 04:10:00,46.72,46.75,46.7,46.71,369.833
2026-07-26 04:15:00,46.71,46.73,46.7,46.72,370.508
2026-07-26 04:20:00,46.72,46.78,46.72,46.77,95.668
2026-07-26 04:25:00,46.78,46.79,46.77,46.79,84.242
2026-07-26 04:30:00,46.78,46.79,46.76,46.77,62.406
2026-07-26 04:35:00,46.77,46.79,46.77,46.78,322.028
2026-07-26 04:40:00,46.78,46.8,46.76,46.8,308.82
2026-07-26 04:45:00,46.8,46.82,46.77,46.77,663.281
2026-07-26 04:50:00,46.77,46.81,46.76,46.77,147.106
2026-07-26 04:55:00,46.77,46.78,46.74,46.78,140.947
2026-07-26 05:00:00,46.77,46.78,46.73,46.75,103.986
2026-07-26 05:05:00,46.74,46.77,46.74,46.75,135.992
2026-07-26 05:10:00,46.75,46.78,46.75,46.76,267.263
2026-07-26 05:15:00,46.75,46.77,46.75,46.76,125.562
2026-07-26 05:20:00,46.76,46.77,46.72,46.73,151.303
2026-07-26 05:25:00,46.73,46.74,46.72,46.72,76.532
2026-07-26 05:30:00,46.72,46.77,46.68,46.73,854.726
2026-07-26 05:35:00,46.74,46.9,46.74,46.9,941.775
2026-07-26 05:40:00,46.9,46.9,46.89,46.9,273.221
2026-07-26 05:45:00,46.89,46.9,46.84,46.85,364.133
2026-07-26 05:50:00,46.85,46.85,46.78,46.79,133.127
2026-07-26 05:55:00,46.8,46.8,46.77,46.79,486.729
2026-07-26 06:00:00,46.78,46.79,46.76,46.77,305.583
2026-07-26 06:05:00,46.77,46.77,46.72,46.72,1259.691
2026-07-26 06:10:00,46.72,46.74,46.69,46.71,386.702
2026-07-26 06:15:00,46.71,46.82,46.71,46.75,1114.672
2026-07-26 06:20:00,46.75,46.75,46.64,46.66,1000.251
2026-07-26 06:25:00,46.66,46.71,46.66,46.71,377.572
2026-07-26 06:30:00,46.7,46.76,46.7,46.76,146.917
2026-07-26 06:35:00,46.76,46.81,46.76,46.81,736.792
2026-07-26 06:40:00,46.8,46.8,46.77,46.8,249.337
2026-07-26 06:45:00,46.8,46.85,46.79,46.81,931.455
2026-07-26 06:50:00,46.81,46.87,46.77,46.86,811.781
2026-07-26 06:55:00,46.87,46.91,46.85,46.9,251.771
2026-07-26 07:00:00,46.91,46.93,46.86,46.86,1588.179
2026-07-26 07:05:00,46.87,46.89,46.85,46.88,290.048
2026-07-26 07:10:00,46.89,46.91,46.87,46.9,224.279
2026-07-26 07:15:00,46.9,46.92,46.89,46.9,159.843
2026-07-26 07:20:00,46.91,46.91,46.77,46.78,1192.027
2026-07-26 07:25:00,46.78,46.81,46.78,46.79,224.466
2026-07-26 07:30:00,46.8,46.87,46.79,46.87,449.372
2026-07-26 07:35:00,46.86,46.86,46.78,46.78,819.295
2026-07-26 07:40:00,46.78,46.84,46.77,46.79,308.675
2026-07-26 07:45:00,46.8,46.82,46.78,46.82,250.334
2026-07-26 07:50:00,46.81,46.95,46.8,46.92,5595.817
2026-07-26 07:55:00,46.91,47.02,46.88,46.97,3194.629
2026-07-26 08:00:00,46.98,47.01,46.95,47.01,500.499
2026-07-26 08:05:00,47.0,47.12,47.0,47.09,3147.076
2026-07-26 08:10:00,47.1,47.1,47.04,47.08,962.422
2026-07-26 08:15:00,47.08,47.08,47.01,47.03,467.494
2026-07-26 08:20:00,47.04,47.11,47.03,47.08,730.482
2026-07-26 08:25:00,47.08,47.08,47.03,47.04,691.083
2026-07-26 08:30:00,47.03,47.05,47.02,47.02,159.761
2026-07-26 08:35:00,47.02,47.03,46.98,46.99,198.363
2026-07-26 08:40:00,46.99,47.05,46.98,47.01,408.652
2026-07-26 08:45:00,47.01,47.06,47.0,47.03,457.773
2026-07-26 08:50:00,47.03,47.1,47.02,47.09,2274.862
2026-07-26 08:55:00,47.1,47.12,47.07,47.12,1356.61
2026-07-26 09:00:00,47.11,47.22,47.1,47.17,1559.898
2026-07-26 09:05:00,47.18,47.18,47.11,47.15,1841.847
2026-07-26 09:10:00,47.15,47.18,47.15,47.16,663.406
2026-07-26 09:15:00,47.16,47.25,47.15,47.21,1603.648
2026-07-26 09:20:00,47.21,47.32,47.21,47.21,2462.802
2026-07-26 09:25:00,47.22,47.25,47.14,47.23,2981.0
2026-07-26 09:30:00,47.23,47.26,47.21,47.23,1601.393
2026-07-26 09:35:00,47.23,47.28,47.22,47.24,1253.482
2026-07-26 09:40:00,47.23,47.3,47.23,47.28,1449.872
2026-07-26 09:45:00,47.27,47.28,47.25,47.28,1239.471
2026-07-26 09:50:00,47.28,47.33,47.26,47.26,2107.47
2026-07-26 09:55:00,47.27,47.27,47.12,47.2,724.774
2026-07-26 10:00:00,47.2,47.26,47.18,47.26,1312.127
2026-07-26 10:05:00,47.26,47.28,47.23,47.26,668.104
2026-07-26 10:10:00,47.26,47.26,47.25,47.26,116.803
2026-07-26 10:15:00,47.26,47.26,47.17,47.18,411.68
2026-07-26 10:20:00,47.18,47.18,47.13,47.17,518.365
2026-07-26 10:25:00,47.17,47.18,47.16,47.18,125.191
2026-07-26 10:30:00,47.18,47.22,47.18,47.21,1188.416
2026-07-26 10:35:00,47.21,47.24,47.2,47.24,197.764
2026-07-26 10:40:00,47.24,47.27,47.23,47.26,321.582
2026-07-26 10:45:00,47.25,47.27,47.2,47.22,473.664
2026-07-26 10:50:00,47.22,47.26,47.19,47.21,1775.413
2026-07-26 10:55:00,47.21,47.22,47.19,47.22,395.101
2026-07-26 11:00:00,47.21,47.23,47.17,47.23,915.169
2026-07-26 11:05:00,47.23,47.24,47.19,47.2,180.578
2026-07-26 11:10:00,47.19,47.21,47.16,47.18,796.777
2026-07-26 11:15:00,47.18,47.2,47.18,47.2,271.801
2026-07-26 11:20:00,47.19,47.22,47.19,47.22,148.917
2026-07-26 11:25:00,47.21,47.23,47.2,47.22,352.894
2026-07-26 11:30:00,47.22,47.23,47.19,47.21,286.346
2026-07-26 11:35:00,47.2,47.21,47.19,47.2,170.239
2026-07-26 11:40:00,47.19,47.2,47.13,47.13,605.613
2026-07-26 11:45:00,47.13,47.16,47.13,47.15,178.889
2026-07-26 11:50:00,47.15,47.18,47.15,47.17,326.963
2026-07-26 11:55:00,47.18,47.2,47.15,47.19,221.357
2026-07-26 12:00:00,47.18,47.23,47.16,47.2,672.308
2026-07-26 12:05:00,47.19,47.24,47.17,47.17,507.757
2026-07-26 12:10:00,47.17,47.19,47.14,47.15,481.312
2026-07-26 12:15:00,47.16,47.18,47.14,47.16,329.904
2026-07-26 12:20:00,47.16,47.2,47.14,47.2,226.236
2026-07-26 12:25:00,47.19,47.31,47.19,47.26,1415.499
2026-07-26 12:30:00,47.26,47.32,47.26,47.32,702.928
2026-07-26 12:35:00,47.31,47.34,47.27,47.28,710.486
2026-07-26 12:40:00,47.28,47.36,47.27,47.34,982.269
2026-07-26 12:45:00,47.34,47.36,47.28,47.29,286.426
2026-07-26 12:50:00,47.29,47.31,47.26,47.3,589.037
2026-07-26 12:55:00,47.29,47.37,47.28,47.37,1250.127
2026-07-26 13:00:00,47.37,47.38,47.24,47.24,597.45
2026-07-26 13:05:00,47.24,47.37,47.18,47.24,4042.753
2026-07-26 13:10:00,47.24,47.25,47.21,47.25,423.27
2026-07-26 13:15:00,47.24,47.26,47.22,47.26,892.329
2026-07-26 13:20:00,47.26,47.29,47.25,47.27,282.138
2026-07-26 13:25:00,47.27,47.27,47.21,47.22,432.605
2026-07-26 13:30:00,47.22,47.23,47.18,47.21,421.302
2026-07-26 13:35:00,47.21,47.23,47.19,47.22,805.997
2026-07-26 13:40:00,47.22,47.25,47.2,47.21,861.483
2026-07-26 13:45:00,47.22,47.25,47.22,47.24,400.754
2026-07-26 13:50:00,47.24,47.26,47.01,47.06,3487.867
2026-07-26 13:55:00,47.07,47.1,47.02,47.08,1703.029
2026-07-26 14:00:00,47.08,47.09,46.99,47.05,2120.082
2026-07-26 14:05:00,47.05,47.11,46.99,47.03,2733.354
2026-07-26 14:10:00,47.03,47.03,46.92,46.96,5159.927
2026-07-26 14:15:00,46.95,46.96,46.81,46.82,3281.271
2026-07-26 14:20:00,46.83,46.87,46.78,46.82,3019.503
2026-07-26 14:25:00,46.82,46.82,46.7,46.7,1987.518
2026-07-26 14:30:00,46.71,46.74,46.65,46.68,3132.397
2026-07-26 14:35:00,46.67,46.78,46.67,46.76,1325.142
2026-07-26 14:40:00,46.76,46.83,46.76,46.82,673.594
2026-07-26 14:45:00,46.83,46.94,46.82,46.92,1145.662
2026-07-26 14:50:00,46.92,46.97,46.89,46.96,1351.834
2026-07-26 14:55:00,46.95,47.11,46.93,47.07,2452.552
2026-07-26 15:00:00,47.07,47.12,47.05,47.07,1059.297
2026-07-26 15:05:00,47.06,47.07,47.03,47.07,379.246
2026-07-26 15:10:00,47.07,47.12,47.07,47.12,624.102
2026-07-26 15:15:00,47.12,47.23,47.11,47.22,775.895
2026-07-26 15:20:00,47.21,47.24,47.19,47.22,797.029
2026-07-26 15:25:00,47.22,47.22,47.2,47.22,159.507
2026-07-26 15:30:00,47.22,47.31,47.22,47.27,1422.975
2026-07-26 15:35:00,47.26,47.36,47.26,47.28,664.15
2026-07-26 15:40:00,47.28,47.52,47.25,47.41,4392.761
2026-07-26 15:45:00,47.41,47.46,47.35,47.38,1519.406
2026-07-26 15:50:00,47.39,47.52,47.38,47.52,1864.352
2026-07-26 15:55:00,47.52,47.8,47.48,47.76,7810.87
2026-07-26 16:00:00,47.77,47.94,47.77,47.81,3927.603
2026-07-26 16:05:00,47.81,47.83,47.64,47.69,2657.703
2026-07-26 16:10:00,47.7,47.79,47.69,47.7,2124.551
2026-07-26 16:15:00,47.7,47.7,47.57,47.58,2421.567
2026-07-26 16:20:00,47.58,47.66,47.58,47.65,737.221
2026-07-26 16:25:00,47.65,47.9,47.64,47.89,3513.212
2026-07-26 16:30:00,47.89,48.0,47.89,47.89,4900.146
2026-07-26 16:35:00,47.9,48.1,47.9,48.09,5295.692
2026-07-26 16:40:00,48.08,48.14,47.96,47.96,1647.739
2026-07-26 16:45:00,47.97,48.06,47.93,48.05,971.368
2026-07-26 16:50:00,48.05,48.18,47.97,47.98,6900.923
2026-07-26 16:55:00,47.99,48.03,47.98,48.0,2193.971
2026-07-26 17:00:00,47.99,48.03,47.85,48.02,1707.658
2026-07-26 17:05:00,48.01,48.05,47.91,47.91,2584.805
2026-07-26 17:10:00,47.91,47.94,47.84,47.91,2641.092
2026-07-26 17:15:00,47.91,47.93,47.86,47.87,2079.244
2026-07-26 17:20:00,47.86,47.86,47.68,47.72,1605.757
2026-07-26 17:25:00,47.71,47.78,47.71,47.77,574.064
2026-07-26 17:30:00,47.76,47.82,47.75,47.81,2538.862
2026-07-26 17:35:00,47.82,47.88,47.75,47.75,2500.856
2026-07-26 17:40:00,47.76,47.81,47.75,47.8,230.82
2026-07-26 17:45:00,47.79,47.8,47.77,47.78,540.767
2026-07-26 17:50:00,47.79,47.85,47.78,47.84,560.853
2026-07-26 17:55:00,47.84,47.84,47.79,47.79,337.422
2026-07-26 18:00:00,47.8,47.85,47.66,47.7,2697.29
2026-07-26 18:05:00,47.69,47.71,47.65,47.7,376.299
2026-07-26 18:10:00,47.7,47.78,47.65,47.72,1426.062
2026-07-26 18:15:00,47.73,47.74,47.68,47.69,265.421
2026-07-26 18:20:00,47.69,47.77,47.65,47.74,364.883
2026-07-26 18:25:00,47.74,47.82,47.74,47.79,649.405
2026-07-26 18:30:00,47.78,47.81,47.77,47.77,132.97
2026-07-26 18:35:00,47.78,47.92,47.73,47.81,908.179
2026-07-26 18:40:00,47.8,47.88,47.79,47.88,1048.52
2026-07-26 18:45:00,47.87,47.9,47.86,47.88,544.417
2026-07-26 18:50:00,47.89,48.0,47.82,48.0,1974.019
2026-07-26 18:55:00,48.0,48.08,47.93,47.95,1468.732
2026-07-26 19:00:00,47.94,47.97,47.9,47.93,491.72
2026-07-26 19:05:00,47.93,47.93,47.88,47.88,268.142
2026-07-26 19:10:00,47.88,47.96,47.88,47.92,790.42
2026-07-26 19:15:00,47.92,48.0,47.91,48.0,1168.625
2026-07-26 19:20:00,48.0,48.03,47.96,48.0,1384.863
2026-07-26 19:25:00,48.0,48.0,47.97,47.99,643.354
2026-07-26 19:30:00,48.0,48.08,47.98,47.99,828.93
2026-07-26 19:35:00,47.99,48.0,47.96,47.98,447.39
2026-07-26 19:40:00,47.98,48.01,47.96,47.99,939.03
2026-07-26 19:45:00,47.99,48.0,47.91,47.92,311.637
2026-07-26 19:50:00,47.91,47.97,47.87,47.92,433.775
2026-07-26 19:55:00,47.91,47.92,47.86,47.87,303.813
2026-07-26 20:00:00,47.87,47.92,47.86,47.9,336.947
2026-07-26 20:05:00,47.91,47.94,47.9,47.91,187.901
2026-07-26 20:10:00,47.91,47.91,47.84,47.86,627.432
2026-07-26 20:15:00,47.86,47.87,47.78,47.78,201.169
2026-07-26 20:20:00,47.78,47.82,47.77,47.82,268.392
2026-07-26 20:25:00,47.82,47.83,47.8,47.8,345.11
2026-07-26 20:30:00,47.8,47.8,47.77,47.79,231.967
2026-07-26 20:35:00,47.79,47.79,47.76,47.77,215.389
2026-07-26 20:40:00,47.77,47.77,47.71,47.73,577.598
2026-07-26 20:45:00,47.73,47.76,47.72,47.76,273.746
2026-07-26 20:50:00,47.76,47.76,47.72,47.75,268.848
2026-07-26 20:55:00,47.75,47.76,47.68,47.71,747.217
2026-07-26 21:00:00,47.7,47.7,47.58,47.66,1937.729
2026-07-26 21:05:00,47.66,47.66,47.6,47.64,552.424
2026-07-26 21:10:00,47.65,47.65,47.59,47.6,388.718
2026-07-26 21:15:00,47.59,47.69,47.56,47.69,2441.906
2026-07-26 21:20:00,47.69,47.73,47.67,47.73,426.647
2026-07-26 21:25:00,47.72,47.78,47.68,47.7,659.614
2026-07-26 21:30:00,47.71,47.71,47.65,47.68,597.223
2026-07-26 21:35:00,47.67,47.67,47.57,47.59,740.948
2026-07-26 21:40:00,47.59,47.63,47.59,47.63,218.253
2026-07-26 21:45:00,47.63,47.7,47.61,47.7,428.122
2026-07-26 21:50:00,47.7,47.71,47.67,47.68,327.743
2026-07-26 21:55:00,47.67,47.68,47.61,47.65,589.01
2026-07-26 22:00:00,47.65,47.99,47.65,47.94,1510.741
2026-07-26 22:05:00,47.94,47.99,47.92,47.94,657.503
2026-07-26 22:10:00,47.93,47.99,47.88,47.99,903.688
2026-07-26 22:15:00,47.99,48.07,47.98,48.05,1175.828
2026-07-26 22:20:00,48.05,48.17,48.05,48.15,2468.993
2026-07-26 22:25:00,48.14,48.19,48.11,48.15,1704.017
2026-07-26 22:30:00,48.16,48.28,48.15,48.24,2631.571
2026-07-26 22:35:00,48.26,48.27,48.09,48.11,578.009
2026-07-26 22:40:00,48.1,48.2,48.1,48.15,878.209
2026-07-26 22:45:00,48.15,48.17,48.02,48.09,4412.599
2026-07-26 22:50:00,48.1,48.11,48.0,48.02,1132.991
2026-07-26 22:55:00,48.03,48.05,47.99,48.03,2458.716
2026-07-26 23:00:00,48.02,48.06,47.99,48.02,747.831
2026-07-26 23:05:00,48.02,48.06,47.92,48.02,1442.956
2026-07-26 23:10:00,48.03,48.03,47.86,47.87,1176.664
2026-07-26 23:15:00,47.87,47.93,47.84,47.84,612.859
2026-07-26 23:20:00,47.84,47.85,47.82,47.84,172.361
2026-07-26 23:25:00,47.85,47.85,47.8,47.81,229.363
2026-07-26 23:30:00,47.81,47.9,47.77,47.9,544.469
2026-07-26 23:35:00,47.89,47.91,47.86,47.88,409.564
2026-07-26 23:40:00,47.87,47.89,47.84,47.85,206.03
2026-07-26 23:45:00,47.86,47.92,47.84,47.85,428.411
2026-07-26 23:50:00,47.84,47.89,47.82,47.83,332.32
2026-07-26 23:55:00,47.83,47.86,47.81,47.84,2337.564
2026-07-27 00:00:00,47.85,47.85,47.76,47.76,323.856
2026-07-27 00:05:00,47.76,47.79,47.63,47.63,629.404
2026-07-27 00:10:00,47.64,47.68,47.62,47.63,237.832
2026-07-27 00:15:00,47.62,47.63,47.56,47.59,305.89
2026-07-27 00:20:00,47.58,47.61,47.56,47.59,537.741
2026-07-27 00:25:00,47.58,47.68,47.58,47.65,267.978
2026-07-27 00:30:00,47.65,47.65,47.57,47.6,993.455
2026-07-27 00:35:00,47.59,47.59,47.51,47.53,1044.067
2026-07-27 00:40:00,47.54,47.55,47.49,47.49,503.596
2026-07-27 00:45:00,47.48,47.53,47.46,47.51,384.251
2026-07-27 00:50:00,47.5,47.51,47.4,47.41,478.479
2026-07-27 00:55:00,47.41,47.47,47.4,47.46,1140.955
2026-07-27 01:00:00,47.46,47.48,47.43,47.45,571.225
2026-07-27 01:05:00,47.44,47.46,47.43,47.44,132.649
2026-07-27 01:10:00,47.44,47.44,47.39,47.39,280.731
2026-07-27 01:15:00,47.39,47.45,47.38,47.41,466.859
2026-07-27 01:20:00,47.4,47.4,47.34,47.36,505.172
2026-07-27 01:25:00,47.37,47.37,47.3,47.34,343.325
2026-07-27 01:30:00,47.34,47.38,47.31,47.32,227.198
2026-07-27 01:35:00,47.31,47.38,47.22,47.38,642.072
2026-07-27 01:40:00,47.37,47.37,47.25,47.27,563.508
2026-07-27 01:45:00,47.27,47.36,47.26,47.35,235.126
2026-07-27 01:50:00,47.35,47.4,47.33,47.4,308.37
2026-07-27 01:55:00,47.39,47.43,47.39,47.41,136.988
2026-07-27 02:00:00,47.41,47.41,47.34,47.34,177.698
2026-07-27 02:05:00,47.34,47.4,47.34,47.39,175.056
2026-07-27 02:10:00,47.4,47.4,47.34,47.38,205.815
2026-07-27 02:15:00,47.38,47.38,47.33,47.36,444.146
2026-07-27 02:20:00,47.36,47.4,47.31,47.33,282.835
2026-07-27 02:25:00,47.33,47.36,47.32,47.34,111.058
2026-07-27 02:30:00,47.33,47.33,47.25,47.25,121.825
2026-07-27 02:35:00,47.25,47.35,47.23,47.34,464.745
2026-07-27 02:40:00,47.33,47.37,47.32,47.36,472.747
2026-07-27 02:45:00,47.37,47.41,47.36,47.37,352.267
2026-07-27 02:50:00,47.36,47.37,47.33,47.34,143.212
2026-07-27 02:55:00,47.35,47.39,47.34,47.35,588.675
2026-07-27 03:00:00,47.34,47.38,47.26,47.28,695.005
2026-07-27 03:05:00,47.27,47.29,47.25,47.26,371.9
2026-07-27 03:10:00,47.25,47.34,47.24,47.34,558.303
2026-07-27 03:15:00,47.35,47.37,47.34,47.35,196.004
2026-07-27 03:20:00,47.34,47.34,47.28,47.34,526.072
2026-07-27 03:25:00,47.34,47.37,47.34,47.35,134.519
2026-07-27 03:30:00,47.35,47.38,47.31,47.36,663.704
2026-07-27 03:35:00,47.37,47.37,47.35,47.35,128.161
2026-07-27 03:40:00,47.36,47.42,47.34,47.41,582.089
2026-07-27 03:45:00,47.41,47.42,47.38,47.38,213.775
2026-07-27 03:50:00,47.38,47.45,47.37,47.38,1016.318
2026-07-27 03:55:00,47.38,47.42,47.36,47.41,242.779
2026-07-27 04:00:00,47.41,47.44,47.38,47.44,287.659
2026-07-27 04:05:00,47.44,47.46,47.37,47.38,189.546
2026-07-27 04:10:00,47.38,47.38,47.34,47.37,511.246
2026-07-27 04:15:00,47.37,47.47,47.34,47.42,1349.308
2026-07-27 04:20:00,47.42,47.49,47.42,47.44,616.574
2026-07-27 04:25:00,47.43,47.45,47.37,47.4,204.369
2026-07-27 04:30:00,47.4,47.4,47.34,47.39,206.77
2026-07-27 04:35:00,47.38,47.48,47.38,47.45,199.338
2026-07-27 04:40:00,47.44,47.51,47.44,47.51,386.895
2026-07-27 04:45:00,47.51,47.51,47.46,47.48,179.449
2026-07-27 04:50:00,47.48,47.48,47.46,47.46,68.756
2026-07-27 04:55:00,47.46,47.47,47.42,47.46,352.313
2026-07-27 05:00:00,47.47,47.57,47.45,47.54,252.981
2026-07-27 05:05:00,47.54,47.59,47.51,47.59,1359.573
2026-07-27 05:10:00,47.59,47.67,47.59,47.64,878.16
2026-07-27 05:15:00,47.64,47.69,47.6,47.65,2712.962
2026-07-27 05:20:00,47.65,47.71,47.65,47.67,366.121
2026-07-27 05:25:00,47.67,47.69,47.66,47.69,146.746
2026-07-27 05:30:00,47.69,47.73,47.64,47.65,518.633
2026-07-27 05:35:00,47.66,47.7,47.63,47.67,1048.195
2026-07-27 05:40:00,47.67,47.69,47.66,47.67,81.009
2026-07-27 05:45:00,47.67,47.7,47.55,47.56,610.032
2026-07-27 05:50:00,47.57,47.57,47.39,47.48,4073.292
2026-07-27 05:55:00,47.49,47.49,47.38,47.38,1963.538
2026-07-27 06:00:00,47.39,47.41,47.3,47.36,4199.158
2026-07-27 06:05:00,47.36,47.6,47.35,47.46,1694.474
2026-07-27 06:10:00,47.46,47.51,47.45,47.48,675.201
2026-07-27 06:15:00,47.47,47.54,47.41,47.42,1055.218
2026-07-27 06:20:00,47.43,47.43,47.37,47.42,317.916
2026-07-27 06:25:00,47.41,47.41,47.37,47.4,218.172
2026-07-27 06:30:00,47.4,47.44,47.37,47.42,539.721
2026-07-27 06:35:00,47.42,47.46,47.4,47.4,497.989
2026-07-27 06:40:00,47.41,47.48,47.4,47.46,188.698
2026-07-27 06:45:00,47.46,47.48,47.4,47.44,872.869
2026-07-27 06:50:00,47.44,47.44,47.41,47.42,283.703
2026-07-27 06:55:00,47.42,47.42,47.38,47.39,393.489
2026-07-27 07:00:00,47.38,47.43,47.37,47.43,467.55
2026-07-27 07:05:00,47.42,47.45,47.36,47.42,655.264
2026-07-27 07:10:00,47.42,47.43,47.35,47.37,1391.029
2026-07-27 07:15:00,47.37,47.41,47.35,47.41,779.831
2026-07-27 07:20:00,47.41,47.42,47.37,47.38,602.923
2026-07-27 07:25:00,47.38,47.38,47.31,47.31,1591.862
2026-07-27 07:30:00,47.31,47.32,47.27,47.31,1224.772
2026-07-27 07:35:00,47.32,47.36,47.28,47.29,419.869
2026-07-27 07:40:00,47.29,47.34,47.27,47.34,372.18
2026-07-27 07:45:00,47.33,47.38,47.33,47.38,408.133
2026-07-27 07:50:00,47.38,47.4,47.36,47.39,311.945
2026-07-27 07:55:00,47.38,47.41,47.32,47.32,674.98
2026-07-27 08:00:00,47.33,47.34,47.26,47.26,476.699
2026-07-27 08:05:00,47.26,47.27,47.23,47.26,564.289
2026-07-27 08:10:00,47.25,47.25,47.06,47.1,3337.949
2026-07-27 08:15:00,47.11,47.19,47.08,47.17,876.087
2026-07-27 08:20:00,47.17,47.17,47.11,47.14,1145.606
2026-07-27 08:25:00,47.13,47.15,46.93,47.01,2767.108
2026-07-27 08:30:00,47.01,47.01,46.92,46.92,682.118
2026-07-27 08:35:00,46.91,47.0,46.85,46.93,5091.013
2026-07-27 08:40:00,46.93,47.04,46.93,47.02,1029.355
2026-07-27 08:45:00,47.01,47.09,47.01,47.05,693.562
2026-07-27 08:50:00,47.04,47.05,47.0,47.04,484.235
2026-07-27 08:55:00,47.05,47.07,47.04,47.05,264.37
2026-07-27 09:00:00,47.04,47.04,46.98,47.0,611.353
2026-07-27 09:05:00,47.01,47.04,46.97,47.0,256.522
2026-07-27 09:10:00,47.01,47.03,46.96,46.97,358.117
2026-07-27 09:15:00,46.96,47.03,46.96,47.02,502.665
2026-07-27 09:20:00,47.01,47.07,47.01,47.06,459.378
2026-07-27 09:25:00,47.06,47.08,47.05,47.08,583.907
2026-07-27 09:30:00,47.08,47.15,47.07,47.14,684.331
2026-07-27 09:35:00,47.13,47.14,46.94,46.94,1447.824
2026-07-27 09:40:00,46.95,47.0,46.95,46.98,579.835
2026-07-27 09:45:00,46.97,47.0,46.94,47.0,776.72
2026-07-27 09:50:00,47.0,47.02,46.96,46.96,485.037
2026-07-27 09:55:00,46.97,47.0,46.96,46.98,435.076
2026-07-27 10:00:00,46.97,46.98,46.94,46.97,477.522
2026-07-27 10:05:00,46.97,46.97,46.94,46.96,282.684
2026-07-27 10:10:00,46.97,46.99,46.94,46.98,303.221
2026-07-27 10:15:00,46.99,47.02,46.98,47.02,446.839
2026-07-27 10:20:00,47.02,47.03,46.98,47.01,371.279
2026-07-27 10:25:00,47.01,47.02,46.98,47.0,748.433
2026-07-27 10:30:00,47.0,47.01,46.97,46.98,392.15
2026-07-27 10:35:00,46.99,47.02,46.97,47.01,524.795
2026-07-27 10:40:00,47.0,47.09,46.99,47.07,1447.814
2026-07-27 10:45:00,47.08,47.1,47.04,47.05,218.576
2026-07-27 10:50:00,47.05,47.06,47.02,47.04,352.611
2026-07-27 10:55:00,47.04,47.06,47.02,47.05,249.406
2026-07-27 11:00:00,47.05,47.05,46.99,47.01,344.258
2026-07-27 11:05:00,47.01,47.04,46.99,46.99,1462.834
2026-07-27 11:10:00,47.0,47.02,46.96,47.01,878.071
2026-07-27 11:15:00,47.01,47.03,47.0,47.01,354.521
2026-07-27 11:20:00,47.01,47.02,46.96,46.98,826.18
2026-07-27 11:25:00,46.99,47.01,46.97,46.97,441.234
2026-07-27 11:30:00,46.97,47.04,46.96,47.04,366.867
2026-07-27 11:35:00,47.04,47.05,47.02,47.04,150.834
2026-07-27 11:40:00,47.03,47.06,47.0,47.02,737.219
2026-07-27 11:45:00,47.03,47.06,47.02,47.04,627.413
2026-07-27 11:50:00,47.05,47.05,47.01,47.02,351.392
2026-07-27 11:55:00,47.01,47.04,47.01,47.04,497.674
2026-07-27 12:00:00,47.03,47.07,47.02,47.05,820.868
2026-07-27 12:05:00,47.05,47.08,47.04,47.07,154.385
2026-07-27 12:10:00,47.07,47.08,46.99,47.01,1128.12
2026-07-27 12:15:00,47.0,47.02,46.94,46.94,671.754
2026-07-27 12:20:00,46.95,46.95,46.9,46.92,276.947
2026-07-27 12:25:00,46.91,46.91,46.85,46.88,987.605
2026-07-27 12:30:00,46.88,46.9,46.77,46.87,1052.415
2026-07-27 12:35:00,46.87,46.94,46.86,46.93,300.821
2026-07-27 12:40:00,46.92,47.01,46.92,47.0,479.481
2026-07-27 12:45:00,47.01,47.09,47.01,47.05,1535.139
2026-07-27 12:50:00,47.05,47.05,46.98,47.03,379.328
2026-07-27 12:55:00,47.02,47.04,46.99,47.0,479.945
2026-07-27 13:00:00,47.0,47.08,46.98,47.05,1562.246
2026-07-27 13:05:00,47.04,47.05,47.01,47.05,1213.516
2026-07-27 13:10:00,47.05,47.06,47.03,47.04,528.578
2026-07-27 13:15:00,47.04,47.11,47.03,47.07,2426.574
2026-07-27 13:20:00,47.07,47.07,47.02,47.04,437.821
2026-07-27 13:25:00,47.04,47.08,47.01,47.07,548.053
2026-07-27 13:30:00,47.07,47.14,47.03,47.14,2116.674
2026-07-27 13:35:00,47.14,47.34,47.14,47.32,1975.356
2026-07-27 13:40:00,47.31,47.39,47.3,47.35,1041.384
2026-07-27 13:45:00,47.34,47.38,47.31,47.34,553.635
2026-07-27 13:50:00,47.33,47.35,47.23,47.27,654.518
2026-07-27 13:55:00,47.26,47.27,47.16,47.21,909.359
2026-07-27 14:00:00,47.21,47.22,47.1,47.14,2369.705
2026-07-27 14:05:00,47.14,47.26,47.06,47.24,2650.113
2026-07-27 14:10:00,47.23,47.23,47.15,47.18,397.339
2026-07-27 14:15:00,47.19,47.2,47.09,47.11,359.531
2026-07-27 14:20:00,47.11,47.11,46.87,46.99,955.412
2026-07-27 14:25:00,46.99,47.03,46.87,46.88,745.443
2026-07-27 14:30:00,46.88,46.88,46.66,46.74,1794.983
2026-07-27 14:35:00,46.74,46.78,46.55,46.64,3085.357
2026-07-27 14:40:00,46.64,46.64,46.22,46.3,4190.679
2026-07-27 14:45:00,46.3,46.42,46.28,46.31,1525.728
2026-07-27 14:50:00,46.31,46.39,46.26,46.34,3139.87
2026-07-27 14:55:00,46.34,46.46,46.33,46.45,1428.779
2026-07-27 15:00:00,46.44,46.47,46.34,46.44,1032.151
2026-07-27 15:05:00,46.43,46.49,46.29,46.31,1496.261
2026-07-27 15:10:00,46.32,46.45,46.25,46.41,986.167
2026-07-27 15:15:00,46.41,46.41,46.23,46.37,2194.318
2026-07-27 15:20:00,46.38,46.41,46.32,46.33,453.905
2026-07-27 15:25:00,46.32,46.38,46.3,46.38,664.631
2026-07-27 15:30:00,46.39,46.43,46.36,46.38,408.348
2026-07-27 15:35:00,46.38,46.41,46.29,46.41,748.694
2026-07-27 15:40:00,46.41,46.44,46.34,46.43,644.064
2026-07-27 15:45:00,46.43,46.44,46.37,46.38,396.958
2026-07-27 15:50:00,46.38,46.4,46.34,46.36,633.332
2026-07-27 15:55:00,46.36,46.4,46.34,46.36,434.202
2026-07-27 16:00:00,46.37,46.41,46.33,46.4,615.136
2026-07-27 16:05:00,46.4,46.41,46.31,46.37,1472.73
2026-07-27 16:10:00,46.37,46.38,46.05,46.29,4708.258
2026-07-27 16:15:00,46.29,46.42,46.26,46.41,1930.259
2026-07-27 16:20:00,46.4,46.47,46.38,46.47,1063.533
2026-07-27 16:25:00,46.47,46.57,46.46,46.53,1677.153
2026-07-27 16:30:00,46.53,46.58,46.52,46.57,1579.299
2026-07-27 16:35:00,46.56,46.61,46.54,46.61,1256.102
2026-07-27 16:40:00,46.61,46.63,46.55,46.58,967.776
2026-07-27 16:45:00,46.57,46.59,46.53,46.56,528.564
2026-07-27 16:50:00,46.55,46.55,46.49,46.51,496.872
2026-07-27 16:55:00,46.5,46.54,46.5,46.54,979.369
2026-07-27 17:00:00,46.54,46.58,46.48,46.56,706.393
2026-07-27 17:05:00,46.56,46.6,46.54,46.6,516.914
2026-07-27 17:10:00,46.59,46.63,46.54,46.58,1353.846
2026-07-27 17:15:00,46.57,46.6,46.56,46.59,319.227
2026-07-27 17:20:00,46.59,46.65,46.58,46.61,868.632
2026-07-27 17:25:00,46.62,46.63,46.55,46.59,1925.672
2026-07-27 17:30:00,46.58,46.61,46.56,46.59,436.47
2026-07-27 17:35:00,46.6,46.62,46.57,46.57,365.096
2026-07-27 17:40:00,46.57,46.59,46.56,46.57,205.64
2026-07-27 17:45:00,46.58,46.58,46.5,46.52,1328.47
2026-07-27 17:50:00,46.52,46.53,46.5,46.51,987.416
2026-07-27 17:55:00,46.51,46.53,46.5,46.5,798.735
2026-07-27 18:00:00,46.5,46.55,46.47,46.48,3893.309
2026-07-27 18:05:00,46.47,46.47,46.29,46.36,4307.351
2026-07-27 18:10:00,46.36,46.38,46.3,46.38,1034.508
2026-07-27 18:15:00,46.38,46.44,46.31,46.39,1262.684
2026-07-27 18:20:00,46.4,46.4,46.35,46.39,528.199
2026-07-27 18:25:00,46.38,46.47,46.38,46.45,980.104
2026-07-27 18:30:00,46.45,46.47,46.42,46.43,959.361
2026-07-27 18:35:00,46.43,46.43,46.31,46.33,1039.907
2026-07-27 18:40:00,46.34,46.42,46.29,46.37,2721.489
2026-07-27 18:45:00,46.38,46.39,46.33,46.34,271.11
2026-07-27 18:50:00,46.34,46.38,46.33,46.35,519.914
2026-07-27 18:55:00,46.35,46.4,46.35,46.4,470.351
2026-07-27 19:00:00,46.41,46.41,46.36,46.4,398.34
2026-07-27 19:05:00,46.39,46.47,46.39,46.47,269.901
2026-07-27 19:10:00,46.47,46.54,46.47,46.5,517.912
2026-07-27 19:15:00,46.5,46.6,46.45,46.53,1269.056
2026-07-27 19:20:00,46.52,46.54,46.49,46.49,777.386
2026-07-27 19:25:00,46.48,46.51,46.48,46.49,925.611
2026-07-27 19:30:00,46.5,46.58,46.48,46.56,1268.791
2026-07-27 19:35:00,46.55,46.58,46.51,46.56,890.103
2026-07-27 19:40:00,46.56,46.59,46.56,46.57,201.181
2026-07-27 19:45:00,46.57,46.6,46.55,46.55,444.356
2026-07-27 19:50:00,46.56,46.57,46.52,46.54,392.332
2026-07-27 19:55:00,46.54,46.58,46.53,46.57,354.012
2026-07-27 20:00:00,46.57,46.59,46.54,46.57,967.72
2026-07-27 20:05:00,46.56,46.61,46.54,46.6,589.429
2026-07-27 20:10:00,46.61,46.62,46.57,46.6,215.373
2026-07-27 20:15:00,46.6,46.6,46.56,46.57,621.535
2026-07-27 20:20:00,46.56,46.57,46.49,46.56,595.49
2026-07-27 20:25:00,46.56,46.59,46.55,46.58,525.095
2026-07-27 20:30:00,46.58,46.64,46.55,46.62,1482.053
2026-07-27 20:35:00,46.62,46.69,46.62,46.65,3379.742
2026-07-27 20:40:00,46.65,46.67,46.55,46.6,1361.102
2026-07-27 20:45:00,46.6,46.62,46.58,46.62,1216.481
2026-07-27 20:50:00,46.62,46.74,46.62,46.73,1582.039
2026-07-27 20:55:00,46.73,46.79,46.67,46.78,1328.401
2026-07-27 21:00:00,46.78,46.81,46.74,46.74,1508.874
2026-07-27 21:05:00,46.74,46.75,46.71,46.73,212.559
2026-07-27 21:10:00,46.72,46.75,46.68,46.73,1859.951
2026-07-27 21:15:00,46.74,46.74,46.67,46.69,860.646
2026-07-27 21:20:00,46.68,46.69,46.64,46.64,277.437
2026-07-27 21:25:00,46.65,46.65,46.56,46.57,484.074
2026-07-27 21:30:00,46.57,46.61,46.56,46.59,259.723
2026-07-27 21:35:00,46.59,46.6,46.5,46.58,508.924
2026-07-27 21:40:00,46.57,46.62,46.57,46.6,281.525
2026-07-27 21:45:00,46.6,46.6,46.58,46.58,286.487
2026-07-27 21:50:00,46.57,46.57,46.53,46.55,583.673
2026-07-27 21:55:00,46.55,46.61,46.55,46.61,146.975
2026-07-27 22:00:00,46.61,46.62,46.47,46.51,385.828
2026-07-27 22:05:00,46.5,46.51,46.48,46.51,126.413
2026-07-27 22:10:00,46.51,46.54,46.48,46.5,1392.876
2026-07-27 22:15:00,46.51,46.54,46.44,46.52,1003.51
2026-07-27 22:20:00,46.51,46.59,46.51,46.53,1144.947
2026-07-27 22:25:00,46.52,46.56,46.48,46.51,764.247
2026-07-27 22:30:00,46.51,46.56,46.43,46.52,877.631
2026-07-27 22:35:00,46.52,46.54,46.49,46.5,644.76
2026-07-27 22:40:00,46.5,46.5,46.22,46.34,4199.99
2026-07-27 22:45:00,46.35,46.37,46.25,46.33,1182.846
2026-07-27 22:50:00,46.33,46.33,46.15,46.29,1261.383
2026-07-27 22:55:00,46.29,46.31,46.02,46.09,2907.418
2026-07-27 23:00:00,46.09,46.14,45.94,46.01,3130.943
2026-07-27 23:05:00,46.01,46.1,45.94,45.98,2472.286
2026-07-27 23:10:00,45.98,46.12,45.95,46.1,752.641
2026-07-27 23:15:00,46.09,46.16,46.03,46.14,881.043
2026-07-27 23:20:00,46.14,46.16,46.06,46.07,940.574
2026-07-27 23:25:00,46.07,46.14,46.06,46.11,402.839
2026-07-27 23:30:00,46.1,46.16,46.09,46.09,273.649
2026-07-27 23:35:00,46.08,46.13,46.03,46.05,701.142
2026-07-27 23:40:00,46.05,46.06,45.97,46.0,744.206
2026-07-27 23:45:00,46.0,46.03,45.98,46.0,402.885
2026-07-27 23:50:00,45.99,46.05,45.99,46.03,440.758
2026-07-27 23:55:00,46.03,46.06,46.03,46.05,180.629
2026-07-28 00:00:00,46.06,46.07,46.01,46.06,1160.63
2026-07-28 00:05:00,46.06,46.14,46.0,46.01,1358.653
2026-07-28 00:10:00,46.02,46.07,45.95,46.07,794.698
2026-07-28 00:15:00,46.08,46.11,46.03,46.09,899.815
2026-07-28 00:20:00,46.08,46.12,46.01,46.03,317.635
2026-07-28 00:25:00,46.03,46.07,45.99,46.07,257.245
2026-07-28 00:30:00,46.06,46.09,45.99,46.07,361.291
2026-07-28 00:35:00,46.07,46.1,46.07,46.09,301.75
2026-07-28 00:40:00,46.09,46.1,46.03,46.06,522.98
2026-07-28 00:45:00,46.06,46.08,46.02,46.04,550.075
2026-07-28 00:50:00,46.03,46.05,45.99,46.02,251.746
2026-07-28 00:55:00,46.01,46.04,46.0,46.03,504.796
2026-07-28 01:00:00,46.03,46.08,45.99,46.03,405.829
2026-07-28 01:05:00,46.03,46.03,45.89,45.98,1293.363
2026-07-28 01:10:00,45.98,46.03,45.96,46.01,592.342
2026-07-28 01:15:00,46.01,46.04,45.94,45.99,669.07
2026-07-28 01:20:00,45.99,46.06,45.99,46.06,452.27
2026-07-28 01:25:00,46.06,46.18,46.05,46.14,866.379
2026-07-28 01:30:00,46.13,46.22,46.12,46.22,396.758
2026-07-28 01:35:00,46.23,46.24,46.17,46.18,662.312
2026-07-28 01:40:00,46.18,46.18,46.12,46.16,452.349
2026-07-28 01:45:00,46.15,46.19,46.1,46.17,969.372
2026-07-28 01:50:00,46.18,46.19,46.12,46.13,670.396
2026-07-28 01:55:00,46.13,46.17,46.11,46.17,711.962
2026-07-28 02:00:00,46.16,46.18,46.04,46.09,2101.251
2026-07-28 02:05:00,46.1,46.25,46.1,46.25,427.779
2026-07-28 02:10:00,46.25,46.34,46.25,46.29,822.488
2026-07-28 02:15:00,46.29,46.39,46.28,46.37,1446.986
2026-07-28 02:20:00,46.38,46.48,46.34,46.37,1705.427
2026-07-28 02:25:00,46.37,46.39,46.34,46.35,705.225
2026-07-28 02:30:00,46.34,46.37,46.34,46.37,466.012
2026-07-28 02:35:00,46.37,46.38,46.32,46.33,560.122
2026-07-28 02:40:00,46.32,46.33,46.25,46.28,308.472
2026-07-28 02:45:00,46.28,46.3,46.24,46.27,173.043
2026-07-28 02:50:00,46.27,46.33,46.26,46.32,271.034
2026-07-28 02:55:00,46.33,46.33,46.28,46.29,468.031
2026-07-28 03:00:00,46.29,46.32,46.27,46.29,731.639
2026-07-28 03:05:00,46.29,46.34,46.26,46.3,728.163
2026-07-28 03:10:00,46.3,46.34,46.28,46.32,426.419
2026-07-28 03:15:00,46.32,46.37,46.31,46.36,343.417
2026-07-28 03:20:00,46.36,46.42,46.36,46.36,1475.97
2026-07-28 03:25:00,46.35,46.35,46.28,46.32,1017.727
2026-07-28 03:30:00,46.32,46.33,46.26,46.31,194.054
2026-07-28 03:35:00,46.31,46.35,46.31,46.32,235.538
2026-07-28 03:40:00,46.33,46.35,46.33,46.34,169.532
2026-07-28 03:45:00,46.35,46.38,46.34,46.37,261.663
2026-07-28 03:50:00,46.37,46.37,46.3,46.31,404.877
2026-07-28 03:55:00,46.31,46.31,46.27,46.3,237.259
2026-07-28 04:00:00,46.29,46.33,46.29,46.32,224.321
2026-07-28 04:05:00,46.31,46.33,46.3,46.33,189.587
2026-07-28 04:10:00,46.33,46.33,46.29,46.31,412.745
2026-07-28 04:15:00,46.3,46.33,46.29,46.33,126.829
2026-07-28 04:20:00,46.33,46.34,46.29,46.3,76.02
2026-07-28 04:25:00,46.3,46.3,46.26,46.27,181.366
2026-07-28 04:30:00,46.26,46.27,46.21,46.21,192.249
2026-07-28 04:35:00,46.2,46.23,46.18,46.22,434.806
2026-07-28 04:40:00,46.23,46.31,46.2,46.3,407.096
2026-07-28 04:45:00,46.3,46.38,46.3,46.38,219.964
2026-07-28 04:50:00,46.38,46.39,46.34,46.37,700.97
2026-07-28 04:55:00,46.37,46.4,46.31,46.32,325.873
2026-07-28 05:00:00,46.32,46.42,46.31,46.41,558.116
2026-07-28 05:05:00,46.4,46.42,46.38,46.4,270.712
2026-07-28 05:10:00,46.4,46.4,46.32,46.32,175.6
2026-07-28 05:15:00,46.33,46.38,46.32,46.37,311.925
2026-07-28 05:20:00,46.37,46.38,46.3,46.3,278.255
2026-07-28 05:25:00,46.3,46.3,46.27,46.27,100.441
2026-07-28 05:30:00,46.28,46.31,46.26,46.29,338.264
2026-07-28 05:35:00,46.3,46.31,46.25,46.3,520.473
2026-07-28 05:40:00,46.31,46.35,46.28,46.35,386.673
2026-07-28 05:45:00,46.35,46.36,46.27,46.3,387.189
2026-07-28 05:50:00,46.3,46.31,46.26,46.27,167.738
2026-07-28 05:55:00,46.28,46.28,46.23,46.24,77.636
2026-07-28 06:00:00,46.23,46.25,46.2,46.21,100.293
2026-07-28 06:05:00,46.2,46.22,46.16,46.22,913.141
2026-07-28 06:10:00,46.22,46.23,46.18,46.21,422.423
2026-07-28 06:15:00,46.2,46.22,46.11,46.16,1414.98
2026-07-28 06:20:00,46.16,46.26,46.16,46.2,430.384
2026-07-28 06:25:00,46.21,46.27,46.2,46.26,182.494
2026-07-28 06:30:00,46.26,46.28,46.25,46.28,155.893
2026-07-28 06:35:00,46.28,46.34,46.28,46.34,421.126
2026-07-28 06:40:00,46.34,46.41,46.33,46.37,750.33
2026-07-28 06:45:00,46.38,46.4,46.34,46.34,181.408
2026-07-28 06:50:00,46.35,46.39,46.33,46.39,279.84
2026-07-28 06:55:00,46.38,46.44,46.38,46.44,295.38
2026-07-28 07:00:00,46.43,46.45,46.42,46.45,155.903
2026-07-28 07:05:00,46.45,46.46,46.41,46.43,507.358
2026-07-28 07:10:00,46.44,46.46,46.39,46.45,441.474
2026-07-28 07:15:00,46.46,46.46,46.43,46.44,109.555
2026-07-28 07:20:00,46.45,46.45,46.43,46.45,83.623
2026-07-28 07:25:00,46.45,46.47,46.44,46.45,191.952
2026-07-28 07:30:00,46.44,46.44,46.39,46.41,446.582
2026-07-28 07:35:00,46.41,46.43,46.34,46.41,238.483
2026-07-28 07:40:00,46.41,46.41,46.34,46.35,191.472
2026-07-28 07:45:00,46.36,46.37,46.33,46.36,493.139
2026-07-28 07:50:00,46.36,46.41,46.35,46.41,352.073
2026-07-28 07:55:00,46.41,46.47,46.41,46.45,761.122
2026-07-28 08:00:00,46.44,46.46,46.39,46.45,416.965
2026-07-28 08:05:00,46.46,46.48,46.4,46.4,577.888
2026-07-28 08:10:00,46.41,46.41,46.35,46.38,409.351
2026-07-28 08:15:00,46.38,46.42,46.36,46.4,262.272
2026-07-28 08:20:00,46.4,46.43,46.38,46.43,180.024
2026-07-28 08:25:00,46.42,46.43,46.4,46.4,253.054
2026-07-28 08:30:00,46.41,46.42,46.38,46.42,152.375
2026-07-28 08:35:00,46.42,46.42,46.33,46.37,510.026
2026-07-28 08:40:00,46.36,46.4,46.34,46.37,670.087
2026-07-28 08:45:00,46.37,46.39,46.34,46.35,726.904
2026-07-28 08:50:00,46.34,46.34,46.26,46.27,1192.402
2026-07-28 08:55:00,46.28,46.31,46.25,46.26,1158.83
2026-07-28 09:00:00,46.26,46.34,46.25,46.31,779.555
2026-07-28 09:05:00,46.3,46.34,46.25,46.31,1137.946
2026-07-28 09:10:00,46.3,46.31,46.28,46.3,1096.274
2026-07-28 09:15:00,46.29,46.3,46.26,46.3,973.955
2026-07-28 09:20:00,46.3,46.39,46.3,46.39,502.109
2026-07-28 09:25:00,46.39,46.41,46.36,46.4,343.714
2026-07-28 09:30:00,46.41,46.46,46.39,46.45,337.083
2026-07-28 09:35:00,46.44,46.47,46.43,46.47,285.122
2026-07-28 09:40:00,46.47,46.48,46.36,46.41,1182.007
2026-07-28 09:45:00,46.42,46.56,46.41,46.5,1584.168
2026-07-28 09:50:00,46.51,46.56,46.48,46.48,1018.034
2026-07-28 09:55:00,46.47,46.51,46.45,46.49,465.941
2026-07-28 10:00:00,46.48,46.5,46.48,46.49,363.944
2026-07-28 10:05:00,46.48,46.5,46.46,46.48,415.57
2026-07-28 10:10:00,46.47,46.48,46.41,46.48,1708.064
2026-07-28 10:15:00,46.48,46.55,46.47,46.54,1154.754
2026-07-28 10:20:00,46.55,46.56,46.48,46.53,1090.42
2026-07-28 10:25:00,46.53,46.53,46.45,46.49,795.486
2026-07-28 10:30:00,46.49,46.59,46.49,46.49,1651.959
2026-07-28 10:35:00,46.48,46.52,46.47,46.51,727.792
2026-07-28 10:40:00,46.5,46.54,46.49,46.53,535.255
2026-07-28 10:45:00,46.54,46.55,46.53,46.54,252.473
2026-07-28 10:50:00,46.54,46.57,46.53,46.55,447.031
2026-07-28 10:55:00,46.56,46.56,46.52,46.53,460.912
2026-07-28 11:00:00,46.53,46.55,46.46,46.49,400.551
2026-07-28 11:05:00,46.49,46.5,46.45,46.47,531.798
2026-07-28 11:10:00,46.47,46.48,46.41,46.41,772.435
2026-07-28 11:15:00,46.42,46.55,46.41,46.55,1045.52
2026-07-28 11:20:00,46.56,46.59,46.52,46.52,653.51
2026-07-28 11:25:00,46.53,46.58,46.5,46.57,901.082
2026-07-28 11:30:00,46.56,46.63,46.55,46.63,1020.253
2026-07-28 11:35:00,46.62,46.65,46.57,46.58,323.461
2026-07-28 11:40:00,46.57,46.58,46.51,46.56,754.178
2026-07-28 11:45:00,46.56,46.62,46.55,46.6,203.866
2026-07-28 11:50:00,46.6,46.6,46.56,46.57,335.512
2026-07-28 11:55:00,46.57,46.63,46.57,46.59,409.425
2026-07-28 12:00:00,46.6,46.65,46.57,46.64,203.021
2026-07-28 12:05:00,46.64,46.66,46.61,46.62,976.653
2026-07-28 12:10:00,46.62,46.67,46.61,46.67,331.394
2026-07-28 12:15:00,46.67,46.68,46.62,46.65,446.439
2026-07-28 12:20:00,46.65,46.67,46.61,46.63,260.54
2026-07-28 12:25:00,46.63,46.64,46.58,46.6,647.165
2026-07-28 12:30:00,46.6,46.63,46.53,46.61,637.779
2026-07-28 12:35:00,46.6,46.62,46.58,46.62,204.363
2026-07-28 12:40:00,46.62,46.65,46.57,46.64,848.975
2026-07-28 12:45:00,46.63,46.7,46.61,46.68,813.227
2026-07-28 12:50:00,46.68,46.69,46.67,46.67,256.212
2026-07-28 12:55:00,46.68,46.69,46.67,46.67,234.385
2026-07-28 13:00:00,46.68,46.7,46.64,46.64,916.091
2026-07-28 13:05:00,46.64,46.66,46.61,46.62,494.904
2026-07-28 13:10:00,46.61,46.62,46.52,46.57,2639.129
2026-07-28 13:15:00,46.57,46.57,46.53,46.54,349.486
2026-07-28 13:20:00,46.54,46.56,46.51,46.55,568.59
2026-07-28 13:25:00,46.55,46.55,46.45,46.5,1990.46
2026-07-28 13:30:00,46.49,46.52,46.32,46.39,1332.952
2026-07-28 13:35:00,46.39,46.46,46.09,46.16,1958.564
2026-07-28 13:40:00,46.16,46.28,46.14,46.2,1774.865
2026-07-28 13:45:00,46.2,46.26,46.08,46.25,1082.549
2026-07-28 13:50:00,46.25,46.37,46.19,46.19,1234.476
2026-07-28 13:55:00,46.18,46.18,46.08,46.15,1081.675
2026-07-28 14:00:00,46.14,46.19,46.08,46.11,2106.028
2026-07-28 14:05:00,46.11,46.19,46.09,46.12,1354.123
2026-07-28 14:10:00,46.11,46.19,46.1,46.1,1156.394
2026-07-28 14:15:00,46.11,46.12,45.97,45.99,2187.753
2026-07-28 14:20:00,46.0,46.16,46.0,46.13,3921.673
2026-07-28 14:25:00,46.13,46.17,46.12,46.15,846.446
2026-07-28 14:30:00,46.15,46.2,46.12,46.13,1029.219
2026-07-28 14:35:00,46.13,46.23,46.11,46.15,967.131
2026-07-28 14:40:00,46.15,46.27,46.14,46.21,1045.292
2026-07-28 14:45:00,46.2,46.24,46.12,46.23,3194.886
2026-07-28 14:50:00,46.23,46.29,46.2,46.21,1055.722
2026-07-28 14:55:00,46.21,46.24,46.19,46.19,525.491
2026-07-28 15:00:00,46.2,46.2,46.13,46.13,853.377
2026-07-28 15:05:00,46.13,46.17,46.09,46.17,1589.687
2026-07-28 15:10:00,46.17,46.28,46.14,46.27,2233.01
2026-07-28 15:15:00,46.26,46.27,46.17,46.2,3164.959
2026-07-28 15:20:00,46.19,46.57,46.19,46.56,2484.964
2026-07-28 15:25:00,46.56,46.57,46.44,46.47,1030.738
2026-07-28 15:30:00,46.47,46.52,46.46,46.5,1052.39
2026-07-28 15:35:00,46.5,46.54,46.46,46.5,698.39
2026-07-28 15:40:00,46.51,46.55,46.36,46.54,3720.723
2026-07-28 15:45:00,46.53,46.6,46.5,46.52,1195.908
2026-07-28 15:50:00,46.51,46.57,46.46,46.53,1436.264
2026-07-28 15:55:00,46.53,46.58,46.47,46.58,782.459
2026-07-28 16:00:00,46.58,46.59,46.42,46.47,3366.198
2026-07-28 16:05:00,46.47,46.48,46.45,46.45,257.578
2026-07-28 16:10:00,46.46,46.56,46.43,46.56,601.291
2026-07-28 16:15:00,46.56,46.6,46.51,46.59,639.675
2026-07-28 16:20:00,46.59,46.6,46.42,46.46,2657.184
2026-07-28 16:25:00,46.46,46.46,46.4,46.41,695.052
2026-07-28 16:30:00,46.4,46.46,46.34,46.4,1630.885
2026-07-28 16:35:00,46.4,46.46,46.32,46.44,3545.423
2026-07-28 16:40:00,46.45,46.57,46.44,46.56,342.285
2026-07-28 16:45:00,46.56,46.56,46.5,46.53,336.778
2026-07-28 16:50:00,46.53,46.63,46.53,46.61,276.394
2026-07-28 16:55:00,46.61,46.61,46.55,46.56,273.768
2026-07-28 17:00:00,46.55,46.56,46.51,46.53,1222.818
2026-07-28 17:05:00,46.52,46.54,46.44,46.44,498.298
2026-07-28 17:10:00,46.44,46.44,46.38,46.4,358.396
2026-07-28 17:15:00,46.41,46.41,46.34,46.38,303.75
2026-07-28 17:20:00,46.38,46.41,46.35,46.36,562.845
2026-07-28 17:25:00,46.36,46.4,46.33,46.36,415.517
2026-07-28 17:30:00,46.35,46.35,46.26,46.31,399.354
2026-07-28 17:35:00,46.32,46.32,46.2,46.29,781.198
2026-07-28 17:40:00,46.28,46.32,46.25,46.27,1121.427
2026-07-28 17:45:00,46.27,46.35,46.26,46.31,1203.242
2026-07-28 17:50:00,46.31,46.31,46.24,46.26,217.46
2026-07-28 17:55:00,46.27,46.33,46.25,46.32,301.91
2026-07-28 18:00:00,46.32,46.42,46.32,46.41,918.578
2026-07-28 18:05:00,46.41,46.42,46.35,46.35,330.707
2026-07-28 18:10:00,46.36,46.36,46.32,46.32,597.003
2026-07-28 18:15:00,46.32,46.35,46.3,46.32,642.846
2026-07-28 18:20:00,46.31,46.34,46.28,46.29,203.524
2026-07-28 18:25:00,46.29,46.29,46.25,46.26,231.931
2026-07-28 18:30:00,46.26,46.29,46.23,46.28,242.7
2026-07-28 18:35:00,46.27,46.34,46.27,46.29,1295.626
2026-07-28 18:40:00,46.3,46.36,46.29,46.34,539.702
2026-07-28 18:45:00,46.34,46.34,46.32,46.33,212.816
2026-07-28 18:50:00,46.33,46.35,46.27,46.27,213.699
2026-07-28 18:55:00,46.27,46.3,46.27,46.3,386.473
2026-07-28 19:00:00,46.3,46.35,46.26,46.32,720.7
2026-07-28 19:05:00,46.33,46.35,46.29,46.31,778.182
2026-07-28 19:10:00,46.31,46.32,46.3,46.31,349.572
2026-07-28 19:15:00,46.31,46.31,46.27,46.3,242.797
2026-07-28 19:20:00,46.3,46.33,46.3,46.31,291.152
2026-07-28 19:25:00,46.32,46.39,46.28,46.36,1595.454
2026-07-28 19:30:00,46.36,46.46,46.36,46.45,528.148
2026-07-28 19:35:00,46.45,46.48,46.41,46.42,718.366
2026-07-28 19:40:00,46.41,46.43,46.36,46.4,415.197
2026-07-28 19:45:00,46.4,46.41,46.37,46.4,549.857
2026-07-28 19:50:00,46.4,46.45,46.38,46.45,287.946
2026-07-28 19:55:00,46.44,46.5,46.42,46.5,1742.994
2026-07-28 20:00:00,46.5,46.57,46.47,46.49,1282.043
2026-07-28 20:05:00,46.49,46.54,46.47,46.54,1134.09
2026-07-28 20:10:00,46.53,46.57,46.51,46.55,468.848
2026-07-28 20:15:00,46.55,46.58,46.55,46.57,271.514
2026-07-28 20:20:00,46.58,46.58,46.49,46.49,975.498
2026-07-28 20:25:00,46.49,46.51,46.48,46.5,280.444
2026-07-28 20:30:00,46.5,46.5,46.45,46.47,243.078
2026-07-28 20:35:00,46.47,46.53,46.46,46.49,855.113
2026-07-28 20:40:00,46.49,46.51,46.48,46.51,214.154
2026-07-28 20:45:00,46.5,46.52,46.47,46.52,215.801
2026-07-28 20:50:00,46.51,46.51,46.47,46.5,145.407
2026-07-28 20:55:00,46.49,46.5,46.48,46.48,186.753
2026-07-28 21:00:00,46.49,46.51,46.46,46.48,238.237
2026-07-28 21:05:00,46.48,46.48,46.45,46.46,131.261
2026-07-28 21:10:00,46.46,46.58,46.46,46.5,1077.278
2026-07-28 21:15:00,46.51,46.51,46.45,46.47,328.239
2026-07-28 21:20:00,46.46,46.49,46.44,46.48,440.098
2026-07-28 21:25:00,46.47,46.48,46.45,46.46,157.975
2026-07-28 21:30:00,46.47,46.48,46.43,46.44,266.821
2026-07-28 21:35:00,46.44,46.5,46.43,46.48,310.909
2026-07-28 21:40:00,46.47,46.5,46.46,46.46,203.531
2026-07-28 21:45:00,46.47,46.5,46.47,46.48,480.819
2026-07-28 21:50:00,46.49,46.49,46.43,46.44,173.993
2026-07-28 21:55:00,46.43,46.45,46.4,46.4,277.797
2026-07-28 22:00:00,46.4,46.41,46.33,46.4,612.844
2026-07-28 22:05:00,46.39,46.4,46.35,46.35,576.223
2026-07-28 22:10:00,46.36,46.38,46.31,46.31,477.957
2026-07-28 22:15:00,46.31,46.35,46.26,46.26,985.65
2026-07-28 22:20:00,46.27,46.3,46.26,46.27,160.122
2026-07-28 22:25:00,46.27,46.29,46.21,46.23,1318.296
2026-07-28 22:30:00,46.23,46.23,46.14,46.15,455.119
2026-07-28 22:35:00,46.15,46.17,46.13,46.14,343.495
2026-07-28 22:40:00,46.14,46.16,46.13,46.14,136.548
2026-07-28 22:45:00,46.13,46.13,46.02,46.03,859.492
2026-07-28 22:50:00,46.02,46.03,45.99,46.01,961.579
2026-07-28 22:55:00,46.01,46.05,45.99,46.0,698.123
2026-07-28 23:00:00,45.99,46.03,45.95,46.0,577.232
2026-07-28 23:05:00,46.0,46.02,45.97,45.98,330.164
2026-07-28 23:10:00,45.98,46.12,45.97,46.1,800.021
2026-07-28 23:15:00,46.09,46.12,46.05,46.12,600.35
2026-07-28 23:20:00,46.12,46.14,46.08,46.09,280.124
2026-07-28 23:25:00,46.09,46.13,46.07,46.13,276.744
2026-07-28 23:30:00,46.12,46.17,46.12,46.17,311.25
2026-07-28 23:35:00,46.17,46.18,46.15,46.16,219.326
2026-07-28 23:40:00,46.17,46.17,46.12,46.15,557.523
2026-07-28 23:45:00,46.15,46.2,46.15,46.18,228.777
2026-07-28 23:50:00,46.19,46.21,46.15,46.18,528.377
2026-07-28 23:55:00,46.19,46.22,46.16,46.21,525.107
2026-07-29 00:00:00,46.22,46.33,46.2,46.33,707.565
2026-07-29 00:05:00,46.32,46.38,46.23,46.23,536.487
2026-07-29 00:10:00,46.23,46.34,46.22,46.33,362.025
2026-07-29 00:15:00,46.33,46.35,46.31,46.34,189.383
2026-07-29 00:20:00,46.33,46.35,46.25,46.26,1996.052
2026-07-29 00:25:00,46.25,46.29,46.24,46.26,404.136
2026-07-29 00:30:00,46.27,46.27,46.16,46.23,446.487
2026-07-29 00:35:00,46.22,46.32,46.21,46.31,181.599
2026-07-29 00:40:00,46.3,46.38,46.28,46.37,541.858
2026-07-29 00:45:00,46.37,46.4,46.33,46.34,944.091
2026-07-29 00:50:00,46.35,46.39,46.34,46.39,111.924
2026-07-29 00:55:00,46.38,46.38,46.32,46.32,143.392
2026-07-29 01:00:00,46.33,46.33,46.28,46.29,316.047
2026-07-29 01:05:00,46.3,46.31,46.21,46.21,1729.04
2026-07-29 01:10:00,46.21,46.22,46.13,46.13,151.288
2026-07-29 01:15:00,46.12,46.13,46.01,46.05,1116.395
2026-07-29 01:20:00,46.04,46.14,46.04,46.12,316.914
2026-07-29 01:25:00,46.12,46.12,46.08,46.1,293.026
2026-07-29 01:30:00,46.09,46.12,46.07,46.12,734.56
2026-07-29 01:35:00,46.12,46.12,46.07,46.1,379.854
2026-07-29 01:40:00,46.09,46.09,46.06,46.07,139.373
2026-07-29 01:45:00,46.07,46.1,46.05,46.05,974.641
2026-07-29 01:50:00,46.05,46.07,46.03,46.04,340.255
2026-07-29 01:55:00,46.04,46.06,46.02,46.04,250.371
2026-07-29 02:00:00,46.04,46.04,45.95,45.97,519.929
2026-07-29 02:05:00,45.98,46.05,45.96,46.05,289.177
2026-07-29 02:10:00,46.05,46.12,46.03,46.09,170.74
2026-07-29 02:15:00,46.1,46.1,46.04,46.07,280.118
2026-07-29 02:20:00,46.08,46.15,46.07,46.15,204.504
2026-07-29 02:25:00,46.15,46.26,46.14,46.26,272.4
2026-07-29 02:30:00,46.26,46.3,46.22,46.23,300.643
2026-07-29 02:35:00,46.23,46.28,46.21,46.28,425.317
2026-07-29 02:40:00,46.29,46.3,46.26,46.27,281.103
2026-07-29 02:45:00,46.28,46.34,46.24,46.27,1907.784
2026-07-29 02:50:00,46.27,46.27,46.2,46.22,318.945
2026-07-29 02:55:00,46.22,46.24,46.22,46.24,118.669
2026-07-29 03:00:00,46.24,46.24,46.1,46.13,243.655
2026-07-29 03:05:00,46.13,46.22,46.13,46.22,409.691
2026-07-29 03:10:00,46.21,46.22,46.15,46.15,116.174
2026-07-29 03:15:00,46.14,46.2,46.08,46.08,430.874
2026-07-29 03:20:00,46.09,46.17,46.08,46.11,187.311
2026-07-29 03:25:00,46.12,46.12,46.04,46.04,219.76
2026-07-29 03:30:00,46.04,46.04,45.94,45.95,1089.26
2026-07-29 03:35:00,45.96,45.99,45.9,45.93,613.876
2026-07-29 03:40:00,45.93,45.96,45.67,45.7,5859.777
2026-07-29 03:45:00,45.7,45.72,45.54,45.56,2557.9
2026-07-29 03:50:00,45.55,45.56,45.42,45.53,3285.54
2026-07-29 03:55:00,45.53,45.53,45.22,45.32,3463.975
2026-07-29 04:00:00,45.32,45.33,45.16,45.17,1999.092
2026-07-29 04:05:00,45.17,45.3,45.08,45.3,1737.322
2026-07-29 04:10:00,45.3,45.31,45.21,45.23,1323.947
2026-07-29 04:15:00,45.23,45.23,45.0,45.07,1709.964
2026-07-29 04:20:00,45.07,45.08,44.97,45.08,1801.932
2026-07-29 04:25:00,45.08,45.19,45.05,45.18,744.494
2026-07-29 04:30:00,45.18,45.21,45.16,45.21,292.491
2026-07-29 04:35:00,45.21,45.41,45.21,45.4,1009.697
2026-07-29 04:40:00,45.39,45.43,45.24,45.24,1384.757
2026-07-29 04:45:00,45.25,45.28,45.07,45.27,1754.107
2026-07-29 04:50:00,45.27,45.33,45.2,45.21,2150.921
2026-07-29 04:55:00,45.21,45.21,45.11,45.16,1490.775
2026-07-29 05:00:00,45.17,45.23,45.14,45.16,1265.518
2026-07-29 05:05:00,45.16,45.2,45.1,45.19,521.169
2026-07-29 05:10:00,45.18,45.26,45.12,45.15,2499.041
2026-07-29 05:15:00,45.15,45.17,45.07,45.17,1579.777
2026-07-29 05:20:00,45.16,45.28,45.13,45.26,579.8
2026-07-29 05:25:00,45.27,45.34,45.27,45.32,329.462
2026-07-29 05:30:00,45.32,45.32,45.21,45.31,2448.823
2026-07-29 05:35:00,45.32,45.37,45.29,45.33,2344.187
2026-07-29 05:40:00,45.33,45.39,45.33,45.38,427.714
2026-07-29 05:45:00,45.38,45.4,45.35,45.35,1210.394
2026-07-29 05:50:00,45.35,45.37,45.25,45.34,3812.058
2026-07-29 05:55:00,45.35,45.36,45.29,45.3,2144.969
2026-07-29 06:00:00,45.29,45.35,45.25,45.31,4511.515
2026-07-29 06:05:00,45.3,45.35,45.29,45.33,509.352
2026-07-29 06:10:00,45.33,45.41,45.31,45.39,1266.49
2026-07-29 06:15:00,45.39,45.47,45.37,45.45,869.909
2026-07-29 06:20:00,45.45,45.54,45.41,45.42,3188.909
2026-07-29 06:25:00,45.43,45.5,45.36,45.39,7751.224
2026-07-29 06:30:00,45.4,45.42,45.31,45.34,2737.994
2026-07-29 06:35:00,45.35,45.44,45.35,45.41,703.843
2026-07-29 06:40:00,45.41,45.41,45.39,45.41,214.826
2026-07-29 06:45:00,45.4,45.41,45.35,45.35,563.21
2026-07-29 06:50:00,45.36,45.38,45.3,45.33,882.771
2026-07-29 06:55:00,45.33,45.36,45.24,45.28,2875.596
2026-07-29 07:00:00,45.28,45.29,45.2,45.23,941.437
2026-07-29 07:05:00,45.22,45.23,45.17,45.21,830.998
2026-07-29 07:10:00,45.21,45.26,45.19,45.21,301.966
2026-07-29 07:15:00,45.22,45.24,45.12,45.21,2500.9
2026-07-29 07:20:00,45.21,45.23,45.08,45.12,3528.787
2026-07-29 07:25:00,45.12,45.18,45.12,45.14,379.755
2026-07-29 07:30:00,45.14,45.19,45.14,45.17,187.357
2026-07-29 07:35:00,45.16,45.17,45.13,45.17,234.669
2026-07-29 07:40:00,45.17,45.23,45.17,45.18,276.592
2026-07-29 07:45:00,45.19,45.22,45.17,45.22,407.736
2026-07-29 07:50:00,45.22,45.22,45.13,45.13,556.94
2026-07-29 07:55:00,45.14,45.26,45.11,45.25,1018.955
2026-07-29 08:00:00,45.25,45.25,45.13,45.18,576.25
2026-07-29 08:05:00,45.18,45.25,45.14,45.15,1484.593
2026-07-29 08:10:00,45.15,45.19,45.13,45.14,801.465
2026-07-29 08:15:00,45.14,45.14,45.06,45.12,602.085
2026-07-29 08:20:00,45.13,45.16,45.06,45.1,2434.712
2026-07-29 08:25:00,45.1,45.11,45.04,45.05,882.252
2026-07-29 08:30:00,45.05,45.09,45.04,45.08,739.687
2026-07-29 08:35:00,45.07,45.1,45.07,45.08,387.663
2026-07-29 08:40:00,45.08,45.19,45.07,45.18,921.95
2026-07-29 08:45:00,45.17,45.22,45.17,45.18,251.215
2026-07-29 08:50:00,45.17,45.19,45.14,45.14,389.787
2026-07-29 08:55:00,45.13,45.17,45.13,45.16,537.977
2026-07-29 09:00:00,45.16,45.21,45.15,45.19,465.718
2026-07-29 09:05:00,45.2,45.26,45.2,45.25,795.133
2026-07-29 09:10:00,45.26,45.28,45.24,45.28,941.069
2026-07-29 09:15:00,45.28,45.33,45.27,45.31,378.236
2026-07-29 09:20:00,45.31,45.36,45.29,45.36,310.778
2026-07-29 09:25:00,45.37,45.46,45.36,45.44,844.441
2026-07-29 09:30:00,45.44,45.51,45.43,45.47,916.75
2026-07-29 09:35:00,45.46,45.46,45.38,45.42,785.434
2026-07-29 09:40:00,45.42,45.49,45.41,45.41,625.077
2026-07-29 09:45:00,45.42,45.42,45.38,45.41,264.977
2026-07-29 09:50:00,45.4,45.45,45.4,45.44,474.997
2026-07-29 09:55:00,45.44,45.49,45.4,45.43,1202.751
2026-07-29 10:00:00,45.44,45.49,45.42,45.45,846.74
2026-07-29 10:05:00,45.45,45.47,45.39,45.45,1062.391
2026-07-29 10:10:00,45.44,45.45,45.39,45.43,484.05
2026-07-29 10:15:00,45.43,45.44,45.4,45.4,459.661
2026-07-29 10:20:00,45.41,45.47,45.4,45.44,460.21
2026-07-29 10:25:00,45.43,45.44,45.36,45.37,504.234
2026-07-29 10:30:00,45.37,45.37,45.31,45.33,574.57
2026-07-29 10:35:00,45.34,45.37,45.29,45.32,736.096
2026-07-29 10:40:00,45.31,45.38,45.3,45.38,453.119
2026-07-29 10:45:00,45.38,45.38,45.32,45.33,337.325
2026-07-29 10:50:00,45.32,45.33,45.17,45.19,401.189
2026-07-29 10:55:00,45.19,45.22,45.16,45.22,806.138
2026-07-29 11:00:00,45.22,45.26,45.21,45.26,634.437
2026-07-29 11:05:00,45.26,45.33,45.26,45.33,744.602
2026-07-29 11:10:00,45.33,45.38,45.32,45.37,1018.56
2026-07-29 11:15:00,45.36,45.41,45.35,45.35,797.732
2026-07-29 11:20:00,45.36,45.38,45.31,45.34,1305.402
2026-07-29 11:25:00,45.33,45.39,45.31,45.33,377.239
2026-07-29 11:30:00,45.33,45.36,45.29,45.3,342.888
2026-07-29 11:35:00,45.29,45.33,45.29,45.33,567.671
2026-07-29 11:40:00,45.32,45.35,45.31,45.32,613.208
2026-07-29 11:45:00,45.32,45.44,45.32,45.42,2193.556
2026-07-29 11:50:00,45.42,45.43,45.36,45.4,1769.637
2026-07-29 11:55:00,45.39,45.39,45.23,45.34,3143.601
2026-07-29 12:00:00,45.35,45.38,45.28,45.29,1201.981
2026-07-29 12:05:00,45.29,45.31,45.27,45.27,293.448
2026-07-29 12:10:00,45.28,45.32,45.26,45.31,674.671
2026-07-29 12:15:00,45.3,45.3,45.21,45.25,917.874
2026-07-29 12:20:00,45.25,45.31,45.24,45.3,697.778
2026-07-29 12:25:00,45.29,45.37,45.25,45.26,2498.812
2026-07-29 12:30:00,45.25,45.31,45.23,45.31,304.789
2026-07-29 12:35:00,45.31,45.32,45.19,45.26,2997.396
2026-07-29 12:40:00,45.26,45.26,45.23,45.26,437.801
2026-07-29 12:45:00,45.26,45.3,45.25,45.3,347.297
2026-07-29 12:50:00,45.3,45.31,45.26,45.27,736.471
2026-07-29 12:55:00,45.28,45.33,45.27,45.32,911.476
2026-07-29 13:00:00,45.31,45.35,45.23,45.34,1596.324
2026-07-29 13:05:00,45.34,45.35,45.17,45.28,2775.396
2026-07-29 13:10:00,45.29,45.29,45.26,45.29,367.103
2026-07-29 13:15:00,45.29,45.29,45.25,45.27,210.713
2026-07-29 13:20:00,45.26,45.3,45.24,45.29,375.653
2026-07-29 13:25:00,45.28,45.31,45.26,45.31,1051.557
2026-07-29 13:30:00,45.31,45.43,45.3,45.4,681.993
2026-07-29 13:35:00,45.4,45.42,45.3,45.38,582.079
2026-07-29 13:40:00,45.37,45.4,45.33,45.38,1078.628
2026-07-29 13:45:00,45.38,45.4,45.25,45.37,3111.091
2026-07-29 13:50:00,45.36,45.38,45.25,45.3,839.915
2026-07-29 13:55:00,45.3,45.41,45.21,45.4,1841.292
2026-07-29 14:00:00,45.41,45.44,45.29,45.35,3883.13
2026-07-29 14:05:00,45.35,45.39,45.23,45.24,487.045
2026-07-29 14:10:00,45.24,45.24,45.09,45.1,3197.5
2026-07-29 14:15:00,45.1,45.18,45.08,45.14,572.367
2026-07-29 14:20:00,45.14,45.2,45.11,45.12,1191.061
2026-07-29 14:25:00,45.12,45.15,45.05,45.13,2957.855
2026-07-29 14:30:00,45.12,45.21,45.1,45.11,891.282
2026-07-29 14:35:00,45.11,45.11,45.08,45.1,525.909
2026-07-29 14:40:00,45.09,45.14,45.06,45.09,365.635
2026-07-29 14:45:00,45.1,45.1,44.98,45.04,7196.1
2026-07-29 14:50:00,45.04,45.07,44.97,45.01,3018.917
2026-07-29 14:55:00,45.01,45.01,44.9,44.97,3476.049
2026-07-29 15:00:00,44.98,44.98,44.85,44.87,3160.572
2026-07-29 15:05:00,44.87,45.05,44.86,45.02,4327.487
2026-07-29 15:10:00,45.03,45.11,44.98,45.11,864.129
2026-07-29 15:15:00,45.11,45.12,45.0,45.0,991.993
2026-07-29 15:20:00,45.0,45.06,44.97,45.05,971.382
2026-07-29 15:25:00,45.04,45.09,44.98,45.04,2248.998
2026-07-29 15:30:00,45.05,45.09,45.02,45.06,852.167
2026-07-29 15:35:00,45.07,45.13,45.02,45.03,822.631
2026-07-29 15:40:00,45.02,45.07,45.0,45.01,567.381
2026-07-29 15:45:00,45.01,45.03,44.97,45.01,1570.562
2026-07-29 15:50:00,45.02,45.02,44.92,44.92,893.9
2026-07-29 15:55:00,44.93,45.0,44.89,44.99,699.312
2026-07-29 16:00:00,44.99,45.0,44.92,44.98,844.962
2026-07-29 16:05:00,44.99,45.05,44.98,45.01,826.823
2026-07-29 16:10:00,45.0,45.08,45.0,45.06,572.461
2026-07-29 16:15:00,45.05,45.07,45.03,45.06,329.942
2026-07-29 16:20:00,45.06,45.22,45.03,45.17,489.189
2026-07-29 16:25:00,45.18,45.19,45.08,45.12,1327.825
2026-07-29 16:30:00,45.11,45.16,45.11,45.13,557.114
2026-07-29 16:35:00,45.14,45.14,45.07,45.1,2001.328
2026-07-29 16:40:00,45.11,45.11,45.03,45.07,350.564
2026-07-29 16:45:00,45.07,45.17,45.06,45.13,347.993
2026-07-29 16:50:00,45.13,45.19,45.13,45.19,288.364
2026-07-29 16:55:00,45.19,45.25,45.19,45.22,470.15
2026-07-29 17:00:00,45.21,45.3,45.21,45.27,449.229
2026-07-29 17:05:00,45.27,45.27,45.23,45.25,408.847
2026-07-29 17:10:00,45.25,45.35,45.25,45.33,319.447
2026-07-29 17:15:00,45.34,45.35,45.3,45.32,738.502
2026-07-29 17:20:00,45.32,45.36,45.27,45.32,718.367
2026-07-29 17:25:00,45.32,45.36,45.3,45.31,274.51
2026-07-29 17:30:00,45.31,45.37,45.31,45.36,306.342
2026-07-29 17:35:00,45.35,45.38,45.32,45.37,710.515
2026-07-29 17:40:00,45.37,45.42,45.36,45.39,1200.41
2026-07-29 17:45:00,45.39,45.4,45.35,45.38,905.484
2026-07-29 17:50:00,45.38,45.47,45.38,45.44,649.879
2026-07-29 17:55:00,45.44,45.51,45.43,45.51,953.69
2026-07-29 18:00:00,45.5,45.8,45.5,45.63,5560.156
2026-07-29 18:05:00,45.63,45.69,45.54,45.58,2525.7
2026-07-29 18:10:00,45.58,45.64,45.52,45.54,648.929
2026-07-29 18:15:00,45.54,45.58,45.46,45.5,839.125
2026-07-29 18:20:00,45.49,45.49,45.37,45.4,640.84
2026-07-29 18:25:00,45.39,45.4,45.31,45.39,1833.273
2026-07-29 18:30:00,45.39,45.42,45.22,45.26,1798.511
2026-07-29 18:35:00,45.27,45.48,45.22,45.46,833.899
2026-07-29 18:40:00,45.45,45.6,45.44,45.56,1413.902
2026-07-29 18:45:00,45.56,45.58,45.53,45.58,802.445
2026-07-29 18:50:00,45.58,45.63,45.53,45.63,1516.746
2026-07-29 18:55:00,45.62,45.63,45.55,45.59,638.34
2026-07-29 19:00:00,45.6,45.63,45.53,45.53,1287.82
2026-07-29 19:05:00,45.53,45.55,45.43,45.43,852.582
2026-07-29 19:10:00,45.43,45.47,45.36,45.43,1226.926
2026-07-29 19:15:00,45.43,45.47,45.37,45.41,924.289
2026-07-29 19:20:00,45.4,45.4,45.29,45.32,601.514
2026-07-29 19:25:00,45.32,45.32,45.18,45.21,606.92
2026-07-29 19:30:00,45.22,45.26,45.14,45.2,1077.52
2026-07-29 19:35:00,45.21,45.29,45.2,45.21,399.61
2026-07-29 19:40:00,45.2,45.23,45.17,45.19,496.078
2026-07-29 19:45:00,45.19,45.19,45.0,45.08,953.58
2026-07-29 19:50:00,45.08,45.1,44.93,44.99,1792.519
2026-07-29 19:55:00,44.98,45.02,44.96,44.97,295.862
2026-07-29 20:00:00,44.97,45.0,44.66,44.76,2735.324
2026-07-29 20:05:00,44.76,44.89,44.73,44.73,905.63
2026-07-29 20:10:00,44.73,44.88,44.73,44.88,632.646
2026-07-29 20:15:00,44.87,44.95,44.86,44.93,402.787
2026-07-29 20:20:00,44.93,44.97,44.51,44.57,6529.338
2026-07-29 20:25:00,44.56,44.6,44.33,44.48,2446.667
2026-07-29 20:30:00,44.47,44.54,44.38,44.54,747.246
2026-07-29 20:35:00,44.53,44.67,44.53,44.66,660.313
2026-07-29 20:40:00,44.66,44.67,44.58,44.58,641.473
2026-07-29 20:45:00,44.59,44.61,44.51,44.52,458.76
2026-07-29 20:50:00,44.53,44.57,44.48,44.56,390.227
2026-07-29 20:55:00,44.57,44.59,44.46,44.48,871.392
2026-07-29 21:00:00,44.47,44.48,44.4,44.4,1012.392
2026-07-29 21:05:00,44.4,44.49,44.34,44.47,1964.976
2026-07-29 21:10:00,44.48,44.63,44.47,44.62,1774.267
2026-07-29 21:15:00,44.62,44.62,44.53,44.58,860.689
2026-07-29 21:20:00,44.58,44.66,44.57,44.66,1089.88
2026-07-29 21:25:00,44.67,44.7,44.59,44.7,1032.351
2026-07-29 21:30:00,44.7,44.79,44.7,44.75,508.531
2026-07-29 21:35:00,44.76,44.78,44.69,44.72,702.815
2026-07-29 21:40:00,44.72,44.75,44.69,44.73,579.762
2026-07-29 21:45:00,44.72,44.73,44.68,44.7,403.747
2026-07-29 21:50:00,44.69,44.75,44.67,44.74,397.456
2026-07-29 21:55:00,44.74,44.85,44.71,44.83,1842.651
2026-07-29 22:00:00,44.83,45.0,44.83,44.99,1910.751
2026-07-29 22:05:00,44.99,45.13,44.99,45.04,1064.285
2026-07-29 22:10:00,45.04,45.12,45.04,45.06,1199.958
2026-07-29 22:15:00,45.05,45.12,45.0,45.08,1905.646
2026-07-29 22:20:00,45.08,45.1,45.04,45.06,457.664
2026-07-29 22:25:00,45.06,45.16,45.05,45.15,2081.013
2026-07-29 22:30:00,45.16,45.16,45.09,45.12,1966.089
2026-07-29 22:35:00,45.12,45.12,45.09,45.09,600.448
2026-07-29 22:40:00,45.1,45.17,45.07,45.16,402.741
2026-07-29 22:45:00,45.16,45.16,45.11,45.13,413.925
2026-07-29 22:50:00,45.14,45.19,45.13,45.19,1471.624
2026-07-29 22:55:00,45.2,45.23,45.17,45.23,1605.737
2026-07-29 23:00:00,45.23,45.26,45.19,45.23,2083.536
2026-07-29 23:05:00,45.23,45.26,45.18,45.19,1005.637
2026-07-29 23:10:00,45.19,45.19,45.1,45.13,965.908
2026-07-29 23:15:00,45.14,45.22,45.13,45.22,163.493
2026-07-29 23:20:00,45.22,45.3,45.22,45.3,905.346
2026-07-29 23:25:00,45.29,45.34,45.27,45.29,1403.141
2026-07-29 23:30:00,45.3,45.34,45.29,45.32,348.769
2026-07-29 23:35:00,45.32,45.38,45.31,45.37,1970.989
2026-07-29 23:40:00,45.37,45.44,45.35,45.43,914.554
2026-07-29 23:45:00,45.44,45.46,45.41,45.42,886.003
2026-07-29 23:50:00,45.42,45.53,45.42,45.51,1353.705
2026-07-29 23:55:00,45.52,45.52,45.43,45.45,469.036
2026-07-30 00:00:00,45.45,45.53,45.44,45.53,1233.344
2026-07-30 00:05:00,45.53,45.54,45.44,45.46,2738.362
2026-07-30 00:10:00,45.46,45.46,45.32,45.37,1392.213
2026-07-30 00:15:00,45.37,45.4,45.27,45.35,2834.731
2026-07-30 00:20:00,45.35,45.38,45.3,45.35,1714.581
2026-07-30 00:25:00,45.35,45.37,45.31,45.36,1730.609
2026-07-30 00:30:00,45.36,45.4,45.3,45.31,1258.672
2026-07-30 00:35:00,45.31,45.31,45.19,45.23,536.231
2026-07-30 00:40:00,45.22,45.23,45.13,45.17,515.652
2026-07-30 00:45:00,45.17,45.2,45.13,45.18,254.591
2026-07-30 00:50:00,45.18,45.18,45.06,45.07,229.651
2026-07-30 00:55:00,45.07,45.12,45.06,45.1,561.505
2026-07-30 01:00:00,45.1,45.23,45.1,45.23,419.963
2026-07-30 01:05:00,45.24,45.27,45.19,45.22,625.002
2026-07-30 01:10:00,45.22,45.22,45.14,45.14,160.809
2026-07-30 01:15:00,45.14,45.21,45.14,45.2,186.369
2026-07-30 01:20:00,45.2,45.28,45.19,45.28,185.026
2026-07-30 01:25:00,45.29,45.3,45.28,45.29,309.964
2026-07-30 01:30:00,45.28,45.37,45.28,45.37,341.566
2026-07-30 01:35:00,45.38,45.43,45.34,45.34,417.522
2026-07-30 01:40:00,45.34,45.42,45.34,45.38,695.165
2026-07-30 01:45:00,45.38,45.45,45.34,45.38,755.694
2026-07-30 01:50:00,45.38,45.45,45.36,45.44,1034.043
2026-07-30 01:55:00,45.43,45.48,45.4,45.41,325.15
2026-07-30 02:00:00,45.41,45.45,45.39,45.4,380.958
2026-07-30 02:05:00,45.41,45.47,45.4,45.42,214.59
2026-07-30 02:10:00,45.42,45.46,45.39,45.41,315.348
2026-07-30 02:15:00,45.4,45.43,45.39,45.41,261.945
2026-07-30 02:20:00,45.42,45.45,45.42,45.42,163.571
2026-07-30 02:25:00,45.42,45.43,45.37,45.37,268.927
2026-07-30 02:30:00,45.37,45.38,45.32,45.32,190.629
2026-07-30 02:35:00,45.32,45.34,45.25,45.34,911.967
2026-07-30 02:40:00,45.35,45.37,45.32,45.37,167.838
2026-07-30 02:45:00,45.36,45.37,45.33,45.34,251.216
2026-07-30 02:50:00,45.34,45.37,45.31,45.33,776.114
2026-07-30 02:55:00,45.33,45.33,45.3,45.31,1680.398
2026-07-30 03:00:00,45.31,45.47,45.29,45.44,787.363
2026-07-30 03:05:00,45.44,45.52,45.44,45.46,618.101
2026-07-30 03:10:00,45.47,45.49,45.41,45.44,415.891
2026-07-30 03:15:00,45.44,45.5,45.44,45.48,1897.703
2026-07-30 03:20:00,45.48,45.52,45.45,45.5,1961.294
2026-07-30 03:25:00,45.49,45.61,45.49,45.59,2295.875
2026-07-30 03:30:00,45.59,45.59,45.52,45.52,392.354
2026-07-30 03:35:00,45.52,45.53,45.45,45.49,534.348
2026-07-30 03:40:00,45.49,45.51,45.46,45.47,373.832
2026-07-30 03:45:00,45.47,45.49,45.44,45.48,384.242
2026-07-30 03:50:00,45.48,45.48,45.46,45.46,118.58
2026-07-30 03:55:00,45.46,45.47,45.43,45.44,264.968
2026-07-30 04:00:00,45.44,45.45,45.4,45.4,160.892
2026-07-30 04:05:00,45.41,45.41,45.33,45.33,339.162
2026-07-30 04:10:00,45.33,45.4,45.33,45.4,252.438
2026-07-30 04:15:00,45.4,45.4,45.35,45.35,178.418
2026-07-30 04:20:00,45.35,45.4,45.35,45.37,373.978
2026-07-30 04:25:00,45.38,45.41,45.37,45.38,1014.71
2026-07-30 04:30:00,45.38,45.44,45.38,45.44,159.892
2026-07-30 04:35:00,45.44,45.46,45.34,45.34,484.113
2026-07-30 04:40:00,45.35,45.4,45.34,45.4,389.423
2026-07-30 04:45:00,45.4,45.4,45.36,45.38,316.071
2026-07-30 04:50:00,45.38,45.4,45.35,45.37,474.001
2026-07-30 04:55:00,45.38,45.38,45.31,45.37,312.776
2026-07-30 05:00:00,45.37,45.38,45.32,45.36,249.142
2026-07-30 05:05:00,45.37,45.41,45.36,45.39,228.042
2026-07-30 05:10:00,45.39,45.44,45.38,45.42,274.419
2026-07-30 05:15:00,45.42,45.43,45.4,45.43,361.25
2026-07-30 05:20:00,45.42,45.44,45.38,45.4,303.263
2026-07-30 05:25:00,45.4,45.44,45.39,45.43,143.026
2026-07-30 05:30:00,45.42,45.54,45.41,45.5,274.436
2026-07-30 05:35:00,45.5,45.51,45.46,45.48,763.586
2026-07-30 05:40:00,45.48,45.53,45.48,45.52,133.121
2026-07-30 05:45:00,45.52,45.54,45.49,45.5,462.733
2026-07-30 05:50:00,45.5,45.51,45.49,45.49,109.171
2026-07-30 05:55:00,45.48,45.48,45.44,45.48,265.838
2026-07-30 06:00:00,45.47,45.48,45.44,45.47,240.119
2026-07-30 06:05:00,45.48,45.51,45.44,45.44,307.672
2026-07-30 06:10:00,45.44,45.47,45.41,45.47,162.789
2026-07-30 06:15:00,45.46,45.48,45.45,45.47,141.289
2026-07-30 06:20:00,45.46,45.49,45.46,45.49,585.601
2026-07-30 06:25:00,45.49,45.54,45.49,45.51,164.333
2026-07-30 06:30:00,45.52,45.53,45.49,45.49,177.256
2026-07-30 06:35:00,45.49,45.51,45.49,45.51,78.748
2026-07-30 06:40:00,45.51,45.52,45.5,45.5,173.131
2026-07-30 06:45:00,45.51,45.53,45.47,45.5,182.604
2026-07-30 06:50:00,45.51,45.51,45.48,45.5,100.442
2026-07-30 06:55:00,45.51,45.51,45.47,45.51,281.62
2026-07-30 07:00:00,45.51,45.59,45.5,45.55,700.013
2026-07-30 07:05:00,45.54,45.55,45.5,45.54,1145.488
2026-07-30 07:10:00,45.54,45.57,45.51,45.52,306.134
2026-07-30 07:15:00,45.52,45.53,45.47,45.52,338.737
2026-07-30 07:20:00,45.52,45.53,45.5,45.53,136.705
2026-07-30 07:25:00,45.53,45.53,45.43,45.44,146.613
2026-07-30 07:30:00,45.43,45.44,45.39,45.4,140.189
2026-07-30 07:35:00,45.39,45.44,45.35,45.44,643.04
2026-07-30 07:40:00,45.44,45.48,45.43,45.45,245.075
2026-07-30 07:45:00,45.45,45.45,45.39,45.4,366.217
2026-07-30 07:50:00,45.4,45.47,45.37,45.38,436.01
2026-07-30 07:55:00,45.38,45.39,45.3,45.36,2825.103
2026-07-30 08:00:00,45.36,45.37,45.27,45.28,646.84
2026-07-30 08:05:00,45.29,45.35,45.27,45.34,368.29
2026-07-30 08:10:00,45.34,45.39,45.33,45.36,194.455
2026-07-30 08:15:00,45.35,45.37,45.31,45.31,164.629
2026-07-30 08:20:00,45.32,45.37,45.3,45.36,534.561
2026-07-30 08:25:00,45.35,45.44,45.34,45.39,365.808
2026-07-30 08:30:00,45.39,45.43,45.37,45.41,1119.313
2026-07-30 08:35:00,45.41,45.42,45.36,45.36,206.363
2026-07-30 08:40:00,45.36,45.41,45.34,45.38,213.075
2026-07-30 08:45:00,45.39,45.4,45.33,45.35,223.09
2026-07-30 08:50:00,45.36,45.37,45.33,45.34,217.042
2026-07-30 08:55:00,45.34,45.37,45.34,45.37,225.599
2026-07-30 09:00:00,45.37,45.4,45.35,45.36,968.251
2026-07-30 09:05:00,45.35,45.36,45.32,45.36,195.736
2026-07-30 09:10:00,45.35,45.36,45.29,45.35,519.306
2026-07-30 09:15:00,45.35,45.36,45.27,45.32,942.257
2026-07-30 09:20:00,45.32,45.34,45.26,45.3,1643.291
2026-07-30 09:25:00,45.3,45.32,45.21,45.24,1940.601
2026-07-30 09:30:00,45.24,45.3,45.19,45.28,736.16
2026-07-30 09:35:00,45.28,45.3,45.24,45.26,550.437
2026-07-30 09:40:00,45.26,45.27,45.22,45.24,1223.163
2026-07-30 09:45:00,45.24,45.25,45.2,45.22,945.431
2026-07-30 09:50:00,45.21,45.22,45.18,45.21,485.306
2026-07-30 09:55:00,45.21,45.21,45.09,45.16,1798.301
2026-07-30 10:00:00,45.15,45.29,45.15,45.26,779.61
2026-07-30 10:05:00,45.27,45.29,45.26,45.29,421.837
2026-07-30 10:10:00,45.29,45.36,45.29,45.36,339.59
2026-07-30 10:15:00,45.35,45.41,45.3,45.39,663.247
2026-07-30 10:20:00,45.39,45.41,45.36,45.36,332.354
2026-07-30 10:25:00,45.37,45.38,45.33,45.36,1260.769
2026-07-30 10:30:00,45.36,45.37,45.29,45.3,391.79
2026-07-30 10:35:00,45.3,45.3,45.28,45.3,301.909
2026-07-30 10:40:00,45.3,45.3,45.17,45.22,1238.882
2026-07-30 10:45:00,45.21,45.23,45.15,45.16,882.082
2026-07-30 10:50:00,45.16,45.16,45.13,45.13,139.695
2026-07-30 10:55:00,45.14,45.21,45.14,45.21,441.048
2026-07-30 11:00:00,45.21,45.22,45.14,45.16,546.748
2026-07-30 11:05:00,45.16,45.2,45.15,45.2,1100.192
2026-07-30 11:10:00,45.2,45.26,45.13,45.19,902.418
2026-07-30 11:15:00,45.19,45.19,45.15,45.17,248.077
2026-07-30 11:20:00,45.18,45.2,45.14,45.2,343.216
2026-07-30 11:25:00,45.19,45.21,45.18,45.21,393.39
2026-07-30 11:30:00,45.2,45.21,45.12,45.13,491.922
2026-07-30 11:35:00,45.12,45.21,45.12,45.17,233.546
2026-07-30 11:40:00,45.16,45.22,45.16,45.2,1094.091
2026-07-30 11:45:00,45.19,45.26,45.19,45.25,556.306
2026-07-30 11:50:00,45.24,45.43,45.24,45.42,2567.985
2026-07-30 11:55:00,45.42,45.58,45.42,45.48,1800.61
2026-07-30 12:00:00,45.47,45.49,45.4,45.43,1131.349
2026-07-30 12:05:00,45.43,45.45,45.4,45.45,899.196
2026-07-30 12:10:00,45.45,45.45,45.33,45.44,2029.586
2026-07-30 12:15:00,45.44,45.44,45.34,45.38,417.553
2026-07-30 12:20:00,45.38,45.38,45.31,45.32,741.464
2026-07-30 12:25:00,45.32,45.34,45.23,45.27,747.754
2026-07-30 12:30:00,45.28,45.34,45.22,45.29,1127.662
2026-07-30 12:35:00,45.29,45.35,45.26,45.28,1364.284
2026-07-30 12:40:00,45.27,45.27,45.2,45.2,367.862
2026-07-30 12:45:00,45.21,45.23,45.2,45.23,127.691
2026-07-30 12:50:00,45.23,45.31,45.23,45.31,316.469
2026-07-30 12:55:00,45.31,45.31,45.27,45.27,473.175
2026-07-30 13:00:00,45.27,45.27,45.19,45.21,865.582
2026-07-30 13:05:00,45.22,45.26,45.22,45.24,211.604
2026-07-30 13:10:00,45.24,45.26,45.21,45.26,410.353
2026-07-30 13:15:00,45.26,45.27,45.23,45.26,300.168
2026-07-30 13:20:00,45.26,45.28,45.25,45.28,344.257
2026-07-30 13:25:00,45.28,45.3,45.26,45.29,457.662
2026-07-30 13:30:00,45.29,45.3,45.2,45.21,807.941
2026-07-30 13:35:00,45.2,45.29,45.18,45.28,710.036
2026-07-30 13:40:00,45.28,45.38,45.25,45.38,320.838
2026-07-30 13:45:00,45.37,45.45,45.31,45.43,530.968
2026-07-30 13:50:00,45.44,45.5,45.41,45.46,1932.474
2026-07-30 13:55:00,45.45,45.46,45.42,45.46,321.012
2026-07-30 14:00:00,45.45,45.48,45.43,45.44,559.771
2026-07-30 14:05:00,45.44,45.46,45.35,45.37,724.774
2026-07-30 14:10:00,45.37,45.39,45.33,45.34,619.285
2026-07-30 14:15:00,45.34,45.38,45.23,45.24,558.247
2026-07-30 14:20:00,45.24,45.3,45.22,45.29,626.008
2026-07-30 14:25:00,45.3,45.36,45.28,45.3,712.117
2026-07-30 14:30:00,45.3,45.38,45.29,45.3,1248.441
2026-07-30 14:35:00,45.31,45.35,45.26,45.32,1298.51
2026-07-30 14:40:00,45.32,45.37,45.31,45.34,339.679
2026-07-30 14:45:00,45.34,45.36,45.27,45.36,939.864
2026-07-30 14:50:00,45.36,45.41,45.33,45.33,683.167
2026-07-30 14:55:00,45.33,45.33,45.22,45.26,520.456
2026-07-30 15:00:00,45.26,45.3,45.2,45.28,539.575
2026-07-30 15:05:00,45.29,45.38,45.28,45.38,307.972
2026-07-30 15:10:00,45.38,45.38,45.23,45.27,624.318
2026-07-30 15:15:00,45.26,45.29,45.23,45.28,1098.819
2026-07-30 15:20:00,45.28,45.31,45.25,45.26,464.251
2026-07-30 15:25:00,45.26,45.28,45.18,45.19,481.909
2026-07-30 15:30:00,45.19,45.21,44.88,44.91,3183.23
2026-07-30 15:35:00,44.92,45.0,44.92,44.99,479.839
2026-07-30 15:40:00,44.99,45.13,44.97,45.12,1171.028
2026-07-30 15:45:00,45.12,45.17,45.1,45.17,661.284
2026-07-30 15:50:00,45.17,45.17,45.12,45.16,631.876
2026-07-30 15:55:00,45.17,45.18,45.05,45.17,1336.403
2026-07-30 16:00:00,45.16,45.24,45.13,45.22,549.831
2026-07-30 16:05:00,45.23,45.26,45.18,45.2,531.912
2026-07-30 16:10:00,45.2,45.25,45.18,45.24,403.232
2026-07-30 16:15:00,45.24,45.24,45.14,45.17,1126.331
2026-07-30 16:20:00,45.17,45.2,45.09,45.19,2089.325
2026-07-30 16:25:00,45.19,45.24,45.18,45.23,1045.807
2026-07-30 16:30:00,45.23,45.3,45.2,45.3,1307.784
2026-07-30 16:35:00,45.3,45.39,45.29,45.38,1188.248
2026-07-30 16:40:00,45.37,45.38,45.28,45.32,1496.741
2026-07-30 16:45:00,45.31,45.34,45.27,45.29,805.453
2026-07-30 16:50:00,45.29,45.38,45.28,45.37,1383.754
2026-07-30 16:55:00,45.37,45.4,45.35,45.4,1348.998
2026-07-30 17:00:00,45.4,45.42,45.37,45.41,1155.515
2026-07-30 17:05:00,45.42,45.45,45.38,45.39,1388.431
2026-07-30 17:10:00,45.39,45.42,45.3,45.35,1386.861
2026-07-30 17:15:00,45.34,45.39,45.3,45.39,618.054
2026-07-30 17:20:00,45.39,45.39,45.32,45.34,851.712
2026-07-30 17:25:00,45.34,45.36,45.31,45.34,239.601
2026-07-30 17:30:00,45.35,45.38,45.31,45.32,362.287
2026-07-30 17:35:00,45.32,45.36,45.3,45.34,853.933
2026-07-30 17:40:00,45.33,45.4,45.33,45.38,500.335
2026-07-30 17:45:00,45.37,45.43,45.37,45.39,318.062
2026-07-30 17:50:00,45.39,45.4,45.33,45.34,335.553
2026-07-30 17:55:00,45.34,45.42,45.34,45.38,502.125
2026-07-30 18:00:00,45.39,45.4,45.36,45.37,806.269
2026-07-30 18:05:00,45.38,45.41,45.31,45.33,1736.376
2026-07-30 18:10:00,45.32,45.33,45.25,45.25,1296.764
2026-07-30 18:15:00,45.25,45.27,45.21,45.26,464.429
2026-07-30 18:20:00,45.25,45.32,45.24,45.32,682.091
2026-07-30 18:25:00,45.32,45.39,45.3,45.39,2228.99
2026-07-30 18:30:00,45.38,45.43,45.35,45.39,1461.637
2026-07-30 18:35:00,45.39,45.42,45.33,45.36,1131.972
2026-07-30 18:40:00,45.35,45.36,45.27,45.3,618.862
2026-07-30 18:45:00,45.31,45.39,45.3,45.37,1039.893
2026-07-30 18:50:00,45.38,45.4,45.36,45.37,1441.931
2026-07-30 18:55:00,45.36,45.37,45.31,45.32,1820.194
2026-07-30 19:00:00,45.32,45.33,45.25,45.31,982.822
2026-07-30 19:05:00,45.31,45.37,45.3,45.36,287.444
2026-07-30 19:10:00,45.36,45.38,45.35,45.36,294.111
2026-07-30 19:15:00,45.35,45.38,45.33,45.38,186.473
2026-07-30 19:20:00,45.38,45.53,45.38,45.48,1714.504
2026-07-30 19:25:00,45.47,45.58,45.47,45.55,2393.482
2026-07-30 19:30:00,45.56,45.57,45.47,45.48,653.088
2026-07-30 19:35:00,45.48,45.5,45.46,45.5,594.048
2026-07-30 19:40:00,45.49,45.49,45.46,45.48,326.838
2026-07-30 19:45:00,45.47,45.56,45.44,45.47,1085.898
2026-07-30 19:50:00,45.46,45.49,45.42,45.48,665.587
2026-07-30 19:55:00,45.47,45.47,45.42,45.43,488.787
2026-07-30 20:00:00,45.44,45.52,45.41,45.45,1630.233
2026-07-30 20:05:00,45.45,45.48,45.43,45.45,405.815
2026-07-30 20:10:00,45.45,45.49,45.42,45.48,1587.8
2026-07-30 20:15:00,45.48,45.54,45.47,45.54,1623.022
2026-07-30 20:20:00,45.54,45.55,45.51,45.52,1472.281
2026-07-30 20:25:00,45.52,45.53,45.48,45.48,961.567
2026-07-30 20:30:00,45.49,45.56,45.43,45.55,1692.315
2026-07-30 20:35:00,45.56,45.61,45.53,45.61,1921.918
2026-07-30 20:40:00,45.61,45.65,45.57,45.6,1519.649
2026-07-30 20:45:00,45.59,45.61,45.53,45.56,984.471
2026-07-30 20:50:00,45.56,45.67,45.55,45.67,959.994
2026-07-30 20:55:00,45.67,45.74,45.67,45.68,1483.489
2026-07-30 21:00:00,45.69,45.72,45.65,45.66,1440.311
2026-07-30 21:05:00,45.67,45.76,45.66,45.76,819.68
2026-07-30 21:10:00,45.76,45.78,45.7,45.75,1521.65
2026-07-30 21:15:00,45.75,45.77,45.65,45.67,1129.148
2026-07-30 21:20:00,45.67,45.68,45.67,45.68,163.162
2026-07-30 21:25:00,45.67,45.77,45.65,45.75,1142.092
2026-07-30 21:30:00,45.76,45.8,45.75,45.77,1792.731
2026-07-30 21:35:00,45.77,45.83,45.75,45.83,1407.04
2026-07-30 21:40:00,45.82,45.83,45.77,45.82,894.633
2026-07-30 21:45:00,45.82,45.83,45.77,45.82,709.734
2026-07-30 21:50:00,45.82,45.82,45.77,45.78,1085.415
2026-07-30 21:55:00,45.78,45.83,45.72,45.81,1617.89
2026-07-30 22:00:00,45.8,45.8,45.59,45.67,5605.305
2026-07-30 22:05:00,45.68,45.82,45.68,45.81,855.045
2026-07-30 22:10:00,45.82,45.83,45.74,45.8,1453.72
2026-07-30 22:15:00,45.79,45.84,45.75,45.78,1127.228
2026-07-30 22:20:00,45.79,45.81,45.73,45.8,488.212
2026-07-30 22:25:00,45.8,45.83,45.8,45.81,308.099
2026-07-30 22:30:00,45.82,45.82,45.78,45.82,517.481
2026-07-30 22:35:00,45.82,45.82,45.76,45.76,428.857
2026-07-30 22:40:00,45.76,45.76,45.71,45.76,261.837
2026-07-30 22:45:00,45.76,45.76,45.69,45.7,243.928
2026-07-30 22:50:00,45.7,45.72,45.67,45.69,829.042
2026-07-30 22:55:00,45.7,45.71,45.66,45.7,445.792
2026-07-30 23:00:00,45.7,45.71,45.67,45.68,296.246
2026-07-30 23:05:00,45.68,45.73,45.67,45.71,326.406
2026-07-30 23:10:00,45.71,45.76,45.69,45.76,385.172
2026-07-30 23:15:00,45.75,45.76,45.73,45.74,146.976
2026-07-30 23:20:00,45.74,45.78,45.73,45.76,286.848
2026-07-30 23:25:00,45.76,45.79,45.75,45.78,582.91
2026-07-30 23:30:00,45.78,45.81,45.75,45.8,739.549
2026-07-30 23:35:00,45.79,45.82,45.79,45.8,627.88
2026-07-30 23:40:00,45.8,45.8,45.62,45.64,653.069
2026-07-30 23:45:00,45.65,45.68,45.62,45.67,275.28
2026-07-30 23:50:00,45.67,45.67,45.56,45.59,544.057
2026-07-30 23:55:00,45.59,45.59,45.56,45.58,169.352
2026-07-31 00:00:00,45.58,45.63,45.57,45.62,407.036
2026-07-31 00:05:00,45.63,45.7,45.62,45.7,828.342
2026-07-31 00:10:00,45.69,45.71,45.65,45.67,478.492
2026-07-31 00:15:00,45.67,45.68,45.62,45.64,641.643
2026-07-31 00:20:00,45.65,45.67,45.62,45.65,483.817
2026-07-31 00:25:00,45.64,45.64,45.57,45.6,444.911
2026-07-31 00:30:00,45.6,45.61,45.55,45.58,269.055
2026-07-31 00:35:00,45.58,45.64,45.55,45.63,403.118
2026-07-31 00:40:00,45.63,45.76,45.63,45.76,277.224
2026-07-31 00:45:00,45.77,45.79,45.72,45.77,354.788
2026-07-31 00:50:00,45.77,45.77,45.7,45.72,593.071
2026-07-31 00:55:00,45.72,45.73,45.64,45.67,1029.675
2026-07-31 01:00:00,45.68,45.81,45.68,45.81,662.699
2026-07-31 01:05:00,45.81,45.9,45.79,45.88,2080.671
2026-07-31 01:10:00,45.88,45.89,45.81,45.86,292.796
2026-07-31 01:15:00,45.86,45.86,45.78,45.83,849.871
2026-07-31 01:20:00,45.82,45.86,45.8,45.84,291.048
2026-07-31 01:25:00,45.85,45.91,45.82,45.85,1176.25
2026-07-31 01:30:00,45.84,45.84,45.74,45.77,672.086
2026-07-31 01:35:00,45.76,45.76,45.65,45.69,333.824
2026-07-31 01:40:00,45.7,45.74,45.68,45.7,821.605
2026-07-31 01:45:00,45.7,45.74,45.58,45.62,1342.924
2026-07-31 01:50:00,45.62,45.63,45.55,45.57,1347.198
2026-07-31 01:55:00,45.57,45.62,45.52,45.59,1069.249
2026-07-31 02:00:00,45.59,45.62,45.45,45.5,697.733
2026-07-31 02:05:00,45.5,45.6,45.49,45.59,181.709
2026-07-31 02:10:00,45.59,45.6,45.54,45.55,296.606
2026-07-31 02:15:00,45.54,45.54,45.48,45.49,537.718
2026-07-31 02:20:00,45.49,45.49,45.41,45.42,302.19
2026-07-31 02:25:00,45.41,45.44,45.34,45.35,487.301
2026-07-31 02:30:00,45.34,45.37,45.29,45.36,347.594
2026-07-31 02:35:00,45.36,45.36,45.29,45.32,139.897
2026-07-31 02:40:00,45.31,45.32,45.26,45.28,256.931
2026-07-31 02:45:00,45.28,45.34,45.27,45.32,159.142
2026-07-31 02:50:00,45.33,45.38,45.31,45.37,147.593
2026-07-31 02:55:00,45.37,45.37,45.3,45.33,148.161
2026-07-31 03:00:00,45.33,45.34,45.28,45.34,166.311
2026-07-31 03:05:00,45.33,45.41,45.31,45.33,617.22
2026-07-31 03:10:00,45.34,45.34,45.26,45.27,946.544
2026-07-31 03:15:00,45.28,45.37,45.28,45.37,747.712
2026-07-31 03:20:00,45.38,45.4,45.33,45.37,463.187
2026-07-31 03:25:00,45.38,45.41,45.37,45.39,85.059
2026-07-31 03:30:00,45.39,45.41,45.37,45.38,88.641
2026-07-31 03:35:00,45.38,45.4,45.37,45.38,140.877
2026-07-31 03:40:00,45.37,45.4,45.37,45.4,234.716
2026-07-31 03:45:00,45.39,45.4,45.34,45.35,240.617
2026-07-31 03:50:00,45.35,45.43,45.34,45.41,250.932
2026-07-31 03:55:00,45.41,45.42,45.39,45.41,294.29
2026-07-31 04:00:00,45.4,45.4,45.38,45.39,152.222
2026-07-31 04:05:00,45.39,45.4,45.35,45.38,238.448
2026-07-31 04:10:00,45.38,45.38,45.33,45.34,615.808
2026-07-31 04:15:00,45.33,45.34,45.31,45.33,187.303
2026-07-31 04:20:00,45.34,45.34,45.21,45.23,648.843
2026-07-31 04:25:00,45.23,45.31,45.22,45.31,328.864
2026-07-31 04:30:00,45.3,45.32,45.29,45.31,210.233
2026-07-31 04:35:00,45.32,45.34,45.26,45.3,223.922
2026-07-31 04:40:00,45.29,45.29,45.26,45.28,212.714
2026-07-31 04:45:00,45.29,45.32,45.29,45.31,122.852
2026-07-31 04:50:00,45.32,45.35,45.31,45.35,230.038
2026-07-31 04:55:00,45.35,45.38,45.35,45.38,170.21
2026-07-31 05:00:00,45.37,45.47,45.37,45.47,261.618
2026-07-31 05:05:00,45.47,45.49,45.44,45.47,284.962
2026-07-31 05:10:00,45.47,45.5,45.44,45.44,345.279
2026-07-31 05:15:00,45.45,45.49,45.43,45.43,152.068
2026-07-31 05:20:00,45.44,45.47,45.43,45.47,319.092
2026-07-31 05:25:00,45.46,45.46,45.38,45.39,172.8
2026-07-31 05:30:00,45.39,45.41,45.34,45.35,164.277
2026-07-31 05:35:00,45.35,45.4,45.34,45.39,201.394
2026-07-31 05:40:00,45.38,45.39,45.36,45.37,308.543
2026-07-31 05:45:00,45.36,45.42,45.36,45.41,138.49
2026-07-31 05:50:00,45.41,45.48,45.41,45.48,418.447
2026-07-31 05:55:00,45.48,45.48,45.41,45.44,1717.806
2026-07-31 06:00:00,45.44,45.46,45.4,45.41,519.302
2026-07-31 06:05:00,45.41,45.45,45.39,45.4,372.381
2026-07-31 06:10:00,45.4,45.41,45.37,45.38,229.848
2026-07-31 06:15:00,45.37,45.39,45.34,45.39,264.397
2026-07-31 06:20:00,45.39,45.4,45.35,45.35,220.411
2026-07-31 06:25:00,45.34,45.45,45.34,45.45,485.051
2026-07-31 06:30:00,45.45,45.45,45.41,45.43,351.879
2026-07-31 06:35:00,45.42,45.43,45.36,45.36,374.277
2026-07-31 06:40:00,45.36,45.37,45.22,45.25,2245.433
2026-07-31 06:45:00,45.25,45.29,45.22,45.28,292.22
2026-07-31 06:50:00,45.29,45.35,45.28,45.33,793.08
2026-07-31 06:55:00,45.32,45.38,45.32,45.35,295.681
2026-07-31 07:00:00,45.36,45.36,45.27,45.29,651.826
2026-07-31 07:05:00,45.29,45.29,45.16,45.26,980.019
2026-07-31 07:10:00,45.26,45.29,45.22,45.24,1223.337
2026-07-31 07:15:00,45.23,45.24,45.15,45.24,214.664
2026-07-31 07:20:00,45.24,45.24,45.17,45.22,285.539
2026-07-31 07:25:00,45.22,45.25,45.21,45.21,384.956
2026-07-31 07:30:00,45.2,45.31,45.18,45.29,254.287
2026-07-31 07:35:00,45.28,45.33,45.26,45.33,208.112
2026-07-31 07:40:00,45.33,45.35,45.3,45.32,168.548
2026-07-31 07:45:00,45.32,45.38,45.32,45.36,339.83
2026-07-31 07:50:00,45.37,45.43,45.36,45.39,243.104
2026-07-31 07:55:00,45.39,45.39,45.31,45.38,482.054
2026-07-31 08:00:00,45.37,45.38,45.3,45.34,953.857
2026-07-31 08:05:00,45.35,45.39,45.3,45.3,201.324
2026-07-31 08:10:00,45.31,45.42,45.3,45.4,304.575
2026-07-31 08:15:00,45.4,45.45,45.38,45.43,901.944
2026-07-31 08:20:00,45.42,45.43,45.32,45.32,510.504
2026-07-31 08:25:00,45.32,45.39,45.32,45.38,324.193
2026-07-31 08:30:00,45.37,45.42,45.37,45.4,376.17
2026-07-31 08:35:00,45.4,45.4,45.28,45.29,643.111
2026-07-31 08:40:00,45.28,45.29,45.21,45.25,943.667
2026-07-31 08:45:00,45.25,45.34,45.24,45.31,664.418
2026-07-31 08:50:00,45.3,45.32,45.25,45.26,662.962
2026-07-31 08:55:00,45.25,45.29,45.2,45.24,743.657
2026-07-31 09:00:00,45.23,45.24,45.19,45.23,1065.046
2026-07-31 09:05:00,45.22,45.23,45.15,45.16,996.169
2026-07-31 09:10:00,45.16,45.2,45.16,45.2,297.26
2026-07-31 09:15:00,45.19,45.24,45.16,45.16,509.977
2026-07-31 09:20:00,45.16,45.18,45.13,45.16,352.981
2026-07-31 09:25:00,45.16,45.16,45.12,45.14,258.118
2026-07-31 09:30:00,45.14,45.18,45.12,45.15,615.187
2026-07-31 09:35:00,45.16,45.27,45.15,45.21,2638.106
2026-07-31 09:40:00,45.22,45.25,45.06,45.08,1448.479
2026-07-31 09:45:00,45.07,45.12,45.03,45.12,605.57
2026-07-31 09:50:00,45.12,45.13,45.05,45.05,788.244
2026-07-31 09:55:00,45.05,45.07,44.99,45.01,450.671
2026-07-31 10:00:00,45.0,45.05,44.96,44.97,635.049
2026-07-31 10:05:00,44.97,45.04,44.94,45.02,889.638
2026-07-31 10:10:00,45.03,45.09,45.02,45.08,357.165
2026-07-31 10:15:00,45.07,45.15,45.06,45.15,181.171
2026-07-31 10:20:00,45.14,45.16,45.14,45.15,289.739
2026-07-31 10:25:00,45.15,45.17,45.08,45.09,432.075
2026-07-31 10:30:00,45.09,45.13,45.08,45.11,688.285
2026-07-31 10:35:00,45.12,45.12,45.04,45.09,825.717
2026-07-31 10:40:00,45.09,45.13,45.09,45.12,212.374
2026-07-31 10:45:00,45.12,45.15,45.05,45.05,992.743
2026-07-31 10:50:00,45.06,45.12,45.05,45.11,776.828
2026-07-31 10:55:00,45.12,45.12,45.06,45.08,903.195
2026-07-31 11:00:00,45.08,45.15,45.05,45.13,1390.17
2026-07-31 11:05:00,45.13,45.17,45.04,45.05,589.49
2026-07-31 11:10:00,45.05,45.05,45.01,45.03,784.946
2026-07-31 11:15:00,45.03,45.06,45.0,45.06,408.583
2026-07-31 11:20:00,45.06,45.14,45.06,45.14,319.042
2026-07-31 11:25:00,45.13,45.13,44.99,44.99,1131.04
2026-07-31 11:30:00,44.99,45.0,44.95,44.96,522.397
2026-07-31 11:35:00,44.96,44.99,44.94,44.95,425.312
2026-07-31 11:40:00,44.95,45.0,44.94,44.97,2211.814
2026-07-31 11:45:00,44.97,45.0,44.97,44.98,468.219
2026-07-31 11:50:00,44.98,45.0,44.94,44.96,942.884
2026-07-31 11:55:00,44.96,44.96,44.86,44.88,813.625
2026-07-31 12:00:00,44.89,44.92,44.84,44.85,515.88
2026-07-31 12:05:00,44.85,44.85,44.75,44.78,1046.945
2026-07-31 12:10:00,44.79,44.89,44.76,44.86,1312.939
2026-07-31 12:15:00,44.86,44.97,44.85,44.95,1079.119
2026-07-31 12:20:00,44.95,45.02,44.95,45.02,806.299
2026-07-31 12:25:00,45.02,45.06,45.01,45.03,542.481
2026-07-31 12:30:00,45.03,45.03,44.94,44.96,794.219
2026-07-31 12:35:00,44.96,45.0,44.94,44.98,750.486
2026-07-31 12:40:00,44.98,45.02,44.96,45.01,683.75
2026-07-31 12:45:00,45.01,45.06,44.98,45.05,714.059
2026-07-31 12:50:00,45.05,45.11,45.03,45.1,1071.928
2026-07-31 12:55:00,45.1,45.2,45.1,45.16,2460.305
2026-07-31 13:00:00,45.16,45.27,45.16,45.19,1402.389
2026-07-31 13:05:00,45.19,45.21,45.11,45.12,732.908
2026-07-31 13:10:00,45.12,45.19,45.12,45.14,458.086
2026-07-31 13:15:00,45.14,45.19,45.14,45.18,218.139
2026-07-31 13:20:00,45.18,45.26,45.16,45.25,319.24
2026-07-31 13:25:00,45.25,45.28,45.23,45.23,506.465
2026-07-31 13:30:00,45.23,45.33,45.16,45.3,1046.88
2026-07-31 13:35:00,45.3,45.31,45.21,45.25,420.18
2026-07-31 13:40:00,45.25,45.27,45.15,45.15,1570.336
2026-07-31 13:45:00,45.15,45.16,44.99,45.09,2715.116
2026-07-31 13:50:00,45.08,45.1,45.02,45.06,3430.368
2026-07-31 13:55:00,45.06,45.09,44.98,45.03,1803.477
2026-07-31 14:00:00,45.03,45.04,44.91,44.93,1501.414
2026-07-31 14:05:00,44.92,44.96,44.8,44.88,1364.298
2026-07-31 14:10:00,44.87,45.23,44.72,45.13,2535.546
2026-07-31 14:15:00,45.12,45.17,45.04,45.09,1044.751
2026-07-31 14:20:00,45.08,45.16,45.02,45.04,675.213
2026-07-31 14:25:00,45.04,45.05,44.89,44.95,1592.595
2026-07-31 14:30:00,44.95,45.02,44.95,45.02,364.752
2026-07-31 14:35:00,45.03,45.08,44.92,44.94,641.496
2026-07-31 14:40:00,44.93,44.98,44.92,44.94,474.205
2026-07-31 14:45:00,44.94,44.96,44.86,44.95,730.945
2026-07-31 14:50:00,44.96,44.97,44.86,44.86,1085.117
2026-07-31 14:55:00,44.87,44.89,44.8,44.87,839.136
2026-07-31 15:00:00,44.86,44.94,44.81,44.94,367.777
2026-07-31 15:05:00,44.93,44.94,44.88,44.89,382.135
2026-07-31 15:10:00,44.89,44.93,44.87,44.93,227.977
2026-07-31 15:15:00,44.93,45.0,44.86,44.88,900.231
2026-07-31 15:20:00,44.88,44.9,44.84,44.85,514.397
2026-07-31 15:25:00,44.85,44.9,44.83,44.9,433.857
2026-07-31 15:30:00,44.89,44.92,44.84,44.9,634.985
2026-07-31 15:35:00,44.9,45.05,44.89,45.02,1570.119
2026-07-31 15:40:00,45.02,45.02,44.95,44.98,619.211
2026-07-31 15:45:00,44.97,44.99,44.91,44.93,256.977
2026-07-31 15:50:00,44.93,44.99,44.92,44.98,289.626
2026-07-31 15:55:00,44.99,45.01,44.9,44.92,444.136
2026-07-31 16:00:00,44.92,44.97,44.88,44.95,432.277
2026-07-31 16:05:00,44.94,45.0,44.93,44.98,397.432
2026-07-31 16:10:00,44.97,44.99,44.92,44.93,426.879
2026-07-31 16:15:00,44.94,44.95,44.8,44.86,713.003
2026-07-31 16:20:00,44.85,44.9,44.76,44.84,1037.265
2026-07-31 16:25:00,44.83,44.83,44.76,44.8,340.474
2026-07-31 16:30:00,44.81,44.82,44.76,44.8,296.109
2026-07-31 16:35:00,44.8,44.8,44.71,44.73,413.107
2026-07-31 16:40:00,44.72,44.76,44.65,44.72,3653.09
2026-07-31 16:45:00,44.72,44.79,44.72,44.77,206.099
2026-07-31 16:50:00,44.78,44.84,44.78,44.83,533.786
2026-07-31 16:55:00,44.83,44.83,44.79,44.8,388.411
2026-07-31 17:00:00,44.8,44.85,44.74,44.78,1243.086
2026-07-31 17:05:00,44.78,44.84,44.76,44.8,1691.266
2026-07-31 17:10:00,44.8,44.86,44.79,44.82,570.225
2026-07-31 17:15:00,44.81,44.88,44.8,44.87,688.52
2026-07-31 17:20:00,44.87,44.9,44.82,44.9,403.637
2026-07-31 17:25:00,44.89,44.92,44.86,44.91,666.918
2026-07-31 17:30:00,44.91,44.95,44.88,44.92,373.486
2026-07-31 17:35:00,44.93,44.95,44.89,44.89,404.775
2026-07-31 17:40:00,44.88,44.89,44.85,44.89,530.678
2026-07-31 17:45:00,44.89,44.91,44.88,44.9,339.736
2026-07-31 17:50:00,44.9,44.97,44.89,44.97,1432.905
2026-07-31 17:55:00,44.97,45.01,44.96,44.97,557.144
2026-07-31 18:00:00,44.96,45.0,44.91,44.97,609.981
2026-07-31 18:05:00,44.97,44.97,44.91,44.93,399.36
2026-07-31 18:10:00,44.93,44.94,44.84,44.85,319.461
2026-07-31 18:15:00,44.86,44.96,44.85,44.96,188.215
2026-07-31 18:20:00,44.96,45.0,44.95,44.99,298.637
2026-07-31 18:25:00,44.99,44.99,44.93,44.94,301.034
2026-07-31 18:30:00,44.94,44.97,44.89,44.91,375.777
2026-07-31 18:35:00,44.91,44.94,44.85,44.85,349.385
2026-07-31 18:40:00,44.85,44.93,44.84,44.93,271.128
2026-07-31 18:45:00,44.93,44.97,44.93,44.96,431.298
2026-07-31 18:50:00,44.95,44.99,44.95,44.96,320.933
2026-07-31 18:55:00,44.97,44.98,44.93,44.93,207.212
2026-07-31 19:00:00,44.93,44.97,44.87,44.88,457.09
2026-07-31 19:05:00,44.88,44.9,44.86,44.88,469.32
2026-07-31 19:10:00,44.89,45.02,44.85,44.99,2395.734
2026-07-31 19:15:00,44.99,45.0,44.94,44.97,180.923
2026-07-31 19:20:00,44.96,44.98,44.95,44.97,124.28
2026-07-31 19:25:00,44.97,45.0,44.94,45.0,470.94
2026-07-31 19:30:00,45.0,45.0,44.91,44.95,837.398
2026-07-31 19:35:00,44.95,44.96,44.88,44.91,448.176
2026-07-31 19:40:00,44.91,44.92,44.86,44.91,288.957
2026-07-31 19:45:00,44.92,44.96,44.92,44.93,479.014
2026-07-31 19:50:00,44.93,44.94,44.89,44.93,626.449
2026-07-31 19:55:00,44.93,44.94,44.87,44.89,432.983
2026-07-31 20:00:00,44.89,44.9,44.83,44.87,440.084
2026-07-31 20:05:00,44.87,44.91,44.84,44.91,397.573
2026-07-31 20:10:00,44.91,44.94,44.89,44.9,1026.415
2026-07-31 20:15:00,44.9,44.96,44.86,44.95,564.316
2026-07-31 20:20:00,44.96,44.98,44.85,44.85,566.912
2026-07-31 20:25:00,44.84,44.89,44.8,44.89,703.03
2026-07-31 20:30:00,44.88,44.95,44.86,44.95,353.616
2026-07-31 20:35:00,44.95,44.97,44.92,44.92,298.485
2026-07-31 20:40:00,44.93,44.93,44.78,44.82,1133.36
2026-07-31 20:45:00,44.82,44.86,44.75,44.77,711.657
2026-07-31 20:50:00,44.76,44.78,44.55,44.62,2409.017
2026-07-31 20:55:00,44.63,44.67,44.58,44.66,1256.059
2026-07-31 21:00:00,44.66,44.66,44.56,44.61,768.945
2026-07-31 21:05:00,44.61,44.67,44.61,44.64,507.843
2026-07-31 21:10:00,44.65,44.68,44.6,44.64,1009.027
2026-07-31 21:15:00,44.63,44.71,44.63,44.71,601.507
2026-07-31 21:20:00,44.71,44.75,44.7,44.73,714.901
2026-07-31 21:25:00,44.73,44.76,44.7,44.75,2809.892
2026-07-31 21:30:00,44.75,44.76,44.7,44.71,518.253
2026-07-31 21:35:00,44.71,44.72,44.62,44.71,1220.662
2026-07-31 21:40:00,44.71,44.75,44.71,44.75,347.646
2026-07-31 21:45:00,44.75,44.81,44.74,44.74,533.437
2026-07-31 21:50:00,44.75,44.76,44.64,44.65,394.558
2026-07-31 21:55:00,44.65,44.67,44.6,44.66,714.988
2026-07-31 22:00:00,44.66,44.68,44.6,44.68,606.567
2026-07-31 22:05:00,44.69,44.71,44.64,44.65,389.257
2026-07-31 22:10:00,44.64,44.67,44.61,44.66,459.551
2026-07-31 22:15:00,44.66,44.66,44.53,44.55,1590.06
2026-07-31 22:20:00,44.54,44.56,44.52,44.54,510.486
2026-07-31 22:25:00,44.53,44.58,44.47,44.49,720.596
2026-07-31 22:30:00,44.49,44.57,44.48,44.54,247.721
2026-07-31 22:35:00,44.54,44.54,44.41,44.5,424.299
2026-07-31 22:40:00,44.5,44.5,44.46,44.47,324.941
2026-07-31 22:45:00,44.46,44.48,44.4,44.42,1102.016
2026-07-31 22:50:00,44.42,44.43,44.29,44.35,763.263
2026-07-31 22:55:00,44.35,44.36,44.22,44.23,969.246
2026-07-31 23:00:00,44.23,44.34,44.23,44.33,913.787
2026-07-31 23:05:00,44.33,44.36,44.31,44.36,415.987
2026-07-31 23:10:00,44.35,44.36,44.19,44.22,2353.327
2026-07-31 23:15:00,44.22,44.25,44.18,44.24,319.864
2026-07-31 23:20:00,44.24,44.32,44.24,44.28,447.38
2026-07-31 23:25:00,44.29,44.33,44.28,44.31,316.549
2026-07-31 23:30:00,44.31,44.34,44.25,44.27,434.675
2026-07-31 23:35:00,44.26,44.3,44.24,44.3,519.228
2026-07-31 23:40:00,44.3,44.32,44.28,44.29,506.061
2026-07-31 23:45:00,44.29,44.29,44.26,44.29,187.204
2026-07-31 23:50:00,44.28,44.3,44.24,44.29,221.254
2026-07-31 23:55:00,44.29,44.31,44.28,44.31,155.765
2026-08-01 00:00:00,44.31,44.41,44.3,44.34,1834.719
2026-08-01 00:05:00,44.33,44.34,44.26,44.31,689.739
2026-08-01 00:10:00,44.3,44.31,44.21,44.31,582.216
2026-08-01 00:15:00,44.31,44.37,44.3,44.34,418.537
2026-08-01 00:20:00,44.33,44.34,44.29,44.29,268.993
2026-08-01 00:25:00,44.29,44.39,44.29,44.32,364.642
2026-08-01 00:30:00,44.32,44.37,44.3,44.37,215.526
2026-08-01 00:35:00,44.36,44.38,44.32,44.37,366.214
2026-08-01 00:40:00,44.36,44.39,44.34,44.38,144.936
2026-08-01 00:45:00,44.39,44.43,44.36,44.38,1032.899
2026-08-01 00:50:00,44.38,44.4,44.29,44.31,698.253
2026-08-01 00:55:00,44.31,44.31,44.18,44.3,676.414
2026-08-01 01:00:00,44.3,44.3,44.23,44.28,1018.195
2026-08-01 01:05:00,44.28,44.33,44.24,44.29,1062.752
2026-08-01 01:10:00,44.28,44.31,44.26,44.28,815.063
2026-08-01 01:15:00,44.29,44.32,44.24,44.24,469.674
2026-08-01 01:20:00,44.24,44.3,44.24,44.27,253.066
2026-08-01 01:25:00,44.26,44.29,44.25,44.27,612.479
2026-08-01 01:30:00,44.27,44.31,44.25,44.25,427.133
2026-08-01 01:35:00,44.25,44.3,44.24,44.29,205.579
2026-08-01 01:40:00,44.3,44.33,44.3,44.31,1089.768
2026-08-01 01:45:00,44.31,44.31,44.26,44.27,1831.361
2026-08-01 01:50:00,44.28,44.29,44.24,44.26,547.668
2026-08-01 01:55:00,44.26,44.28,44.24,44.27,514.752
2026-08-01 02:00:00,44.27,44.29,44.27,44.28,293.569
2026-08-01 02:05:00,44.29,44.31,44.27,44.28,297.78
2026-08-01 02:10:00,44.28,44.32,44.28,44.29,658.253
2026-08-01 02:15:00,44.29,44.39,44.29,44.38,918.587
2026-08-01 02:20:00,44.38,44.5,44.38,44.48,388.075
2026-08-01 02:25:00,44.48,44.5,44.47,44.49,256.049
2026-08-01 02:30:00,44.49,44.51,44.48,44.5,303.625
2026-08-01 02:35:00,44.51,44.54,44.5,44.5,280.756
2026-08-01 02:40:00,44.51,44.51,44.47,44.47,189.324
2026-08-01 02:45:00,44.47,44.54,44.47,44.5,320.755
2026-08-01 02:50:00,44.5,44.52,44.5,44.5,140.003
2026-08-01 02:55:00,44.51,44.53,44.46,44.53,420.43
2026-08-01 03:00:00,44.53,44.54,44.5,44.53,355.912
2026-08-01 03:05:00,44.54,44.58,44.51,44.57,316.721
2026-08-01 03:10:00,44.57,44.57,44.48,44.5,290.935
2026-08-01 03:15:00,44.51,44.54,44.5,44.53,223.806
2026-08-01 03:20:00,44.53,44.54,44.5,44.53,313.231
2026-08-01 03:25:00,44.53,44.53,44.49,44.53,521.57
2026-08-01 03:30:00,44.52,44.61,44.52,44.57,944.5
2026-08-01 03:35:00,44.56,44.61,44.56,44.56,352.383
2026-08-01 03:40:00,44.56,44.57,44.54,44.57,274.743
2026-08-01 03:45:00,44.57,44.58,44.53,44.56,650.745
2026-08-01 03:50:00,44.56,44.57,44.54,44.56,455.534
2026-08-01 03:55:00,44.57,44.61,44.56,44.59,386.705
2026-08-01 04:00:00,44.59,44.65,44.54,44.54,1561.593
2026-08-01 04:05:00,44.55,44.62,44.54,44.62,604.098
2026-08-01 04:10:00,44.62,44.68,44.61,44.65,999.278
2026-08-01 04:15:00,44.64,44.69,44.62,44.68,499.421
2026-08-01 04:20:00,44.67,44.68,44.64,44.65,451.741
2026-08-01 04:25:00,44.64,44.66,44.64,44.64,224.671
2026-08-01 04:30:00,44.65,44.65,44.58,44.59,284.618
2026-08-01 04:35:00,44.58,44.61,44.58,44.61,154.396
2026-08-01 04:40:00,44.61,44.65,44.6,44.65,156.432
2026-08-01 04:45:00,44.65,44.72,44.65,44.71,171.78
2026-08-01 04:50:00,44.72,44.75,44.71,44.75,176.405
2026-08-01 04:55:00,44.75,44.77,44.72,44.73,409.104
2026-08-01 05:00:00,44.73,44.75,44.67,44.7,552.679
2026-08-01 05:05:00,44.7,44.72,44.69,44.71,217.863
2026-08-01 05:10:00,44.71,44.72,44.64,44.66,837.123
2026-08-01 05:15:00,44.67,44.67,44.61,44.63,164.009
2026-08-01 05:20:00,44.62,44.63,44.58,44.59,199.098
2026-08-01 05:25:00,44.6,44.6,44.51,44.56,732.907
2026-08-01 05:30:00,44.56,44.6,44.54,44.57,567.044
2026-08-01 05:35:00,44.57,44.58,44.51,44.52,272.075
2026-08-01 05:40:00,44.52,44.52,44.47,44.49,433.495
2026-08-01 05:45:00,44.48,44.48,44.38,44.42,416.759
2026-08-01 05:50:00,44.42,44.45,44.39,44.45,277.655
2026-08-01 05:55:00,44.45,44.48,44.44,44.45,297.175
2026-08-01 06:00:00,44.45,44.57,44.45,44.54,803.021
2026-08-01 06:05:00,44.54,44.58,44.53,44.55,509.314
2026-08-01 06:10:00,44.55,44.6,44.54,44.58,634.695
2026-08-01 06:15:00,44.57,44.58,44.52,44.58,285.961
2026-08-01 06:20:00,44.58,44.63,44.58,44.62,472.992
2026-08-01 06:25:00,44.62,44.65,44.58,44.6,338.926
2026-08-01 06:30:00,44.6,44.66,44.6,44.63,278.036
2026-08-01 06:35:00,44.63,44.63,44.54,44.57,342.2
2026-08-01 06:40:00,44.56,44.59,44.56,44.59,302.472
2026-08-01 06:45:00,44.59,44.59,44.53,44.54,253.424
2026-08-01 06:50:00,44.54,44.59,44.54,44.58,562.38
2026-08-01 06:55:00,44.58,44.59,44.55,44.59,305.805
2026-08-01 07:00:00,44.59,44.59,44.56,44.57,137.17
2026-08-01 07:05:00,44.57,44.6,44.55,44.59,319.577
2026-08-01 07:10:00,44.6,44.68,44.6,44.62,2044.84
2026-08-01 07:15:00,44.62,44.65,44.59,44.6,719.796
2026-08-01 07:20:00,44.6,44.62,44.54,44.55,1153.203
2026-08-01 07:25:00,44.54,44.56,44.54,44.55,237.865
2026-08-01 07:30:00,44.55,44.56,44.54,44.56,294.994
2026-08-01 07:35:00,44.56,44.63,44.56,44.57,549.306
2026-08-01 07:40:00,44.56,44.57,44.54,44.55,364.272
2026-08-01 07:45:00,44.55,44.56,44.53,44.56,302.807
2026-08-01 07:50:00,44.57,44.58,44.52,44.55,597.371
2026-08-01 07:55:00,44.54,44.55,44.51,44.52,625.641
2026-08-01 08:00:00,44.52,44.61,44.52,44.55,1017.185
2026-08-01 08:05:00,44.54,44.57,44.47,44.51,604.671
2026-08-01 08:10:00,44.52,44.53,44.51,44.52,632.755
2026-08-01 08:15:00,44.53,44.54,44.51,44.52,270.148
2026-08-01 08:20:00,44.53,44.54,44.49,44.5,293.717
2026-08-01 08:25:00,44.5,44.5,44.47,44.48,231.787
2026-08-01 08:30:00,44.48,44.49,44.44,44.46,1421.895
2026-08-01 08:35:00,44.46,44.46,44.39,44.39,241.44
2026-08-01 08:40:00,44.39,44.42,44.38,44.4,683.272
2026-08-01 08:45:00,44.41,44.42,44.36,44.42,611.337
2026-08-01 08:50:00,44.42,44.43,44.39,44.41,544.782
2026-08-01 08:55:00,44.42,44.49,44.41,44.46,1389.817
2026-08-01 09:00:00,44.46,44.5,44.46,44.49,367.69
2026-08-01 09:05:00,44.5,44.5,44.46,44.46,473.141
2026-08-01 09:10:00,44.45,44.5,44.44,44.5,507.923
2026-08-01 09:15:00,44.5,44.53,44.49,44.51,338.999
2026-08-01 09:20:00,44.51,44.53,44.45,44.46,2266.03
2026-08-01 09:25:00,44.46,44.48,44.45,44.45,524.653
2026-08-01 09:30:00,44.46,44.48,44.44,44.48,606.253
2026-08-01 09:35:00,44.47,44.48,44.39,44.39,511.274
2026-08-01 09:40:00,44.4,44.4,44.37,44.39,369.22
2026-08-01 09:45:00,44.39,44.43,44.38,44.42,600.601
2026-08-01 09:50:00,44.42,44.42,44.38,44.39,444.639
2026-08-01 09:55:00,44.39,44.4,44.35,44.38,682.435
2026-08-01 10:00:00,44.38,44.42,44.3,44.3,408.488
2026-08-01 10:05:00,44.3,44.37,44.3,44.36,464.754
2026-08-01 10:10:00,44.35,44.45,44.35,44.4,415.948
2026-08-01 10:15:00,44.39,44.4,44.35,44.4,157.947
2026-08-01 10:20:00,44.39,44.39,44.27,44.27,1764.497
2026-08-01 10:25:00,44.27,44.29,44.26,44.26,434.859
2026-08-01 10:30:00,44.26,44.26,44.21,44.26,813.764
2026-08-01 10:35:00,44.26,44.26,44.22,44.24,542.646
2026-08-01 10:40:00,44.24,44.28,44.23,44.27,191.651
2026-08-01 10:45:00,44.28,44.34,44.28,44.34,222.36
2026-08-01 10:50:00,44.33,44.34,44.3,44.33,412.585
2026-08-01 10:55:00,44.32,44.34,44.31,44.34,244.797
2026-08-01 11:00:00,44.34,44.37,44.32,44.35,306.653
2026-08-01 11:05:00,44.35,44.35,44.32,44.33,265.067
2026-08-01 11:10:00,44.34,44.34,44.31,44.34,565.735
2026-08-01 11:15:00,44.33,44.34,44.26,44.3,349.524
2026-08-01 11:20:00,44.3,44.34,44.3,44.33,549.253
2026-08-01 11:25:00,44.33,44.36,44.32,44.36,136.8
2026-08-01 11:30:00,44.35,44.36,44.29,44.35,358.881
2026-08-01 11:35:00,44.35,44.41,44.34,44.4,293.848
2026-08-01 11:40:00,44.4,44.41,44.36,44.38,426.43
2026-08-01 11:45:00,44.38,44.38,44.34,44.36,340.735
2026-08-01 11:50:00,44.35,44.36,44.29,44.32,489.328
2026-08-01 11:55:00,44.33,44.35,44.31,44.35,209.287
2026-08-01 12:00:00,44.35,44.36,44.34,44.36,299.248
2026-08-01 12:05:00,44.36,44.4,44.34,44.35,842.25
2026-08-01 12:10:00,44.35,44.35,44.31,44.32,205.043
2026-08-01 12:15:00,44.31,44.32,44.29,44.32,333.698
2026-08-01 12:20:00,44.33,44.35,44.32,44.35,396.04
2026-08-01 12:25:00,44.35,44.36,44.27,44.3,997.08
2026-08-01 12:30:00,44.3,44.32,44.29,44.31,554.167
2026-08-01 12:35:00,44.32,44.32,44.29,44.3,102.147
2026-08-01 12:40:00,44.31,44.32,44.3,44.3,211.419
2026-08-01 12:45:00,44.31,44.36,44.3,44.35,306.958
2026-08-01 12:50:00,44.36,44.4,44.35,44.37,620.132
2026-08-01 12:55:00,44.38,44.4,44.37,44.38,263.666
2026-08-01 13:00:00,44.38,44.4,44.33,44.38,312.693
2026-08-01 13:05:00,44.38,44.39,44.27,44.29,2309.285
2026-08-01 13:10:00,44.28,44.33,44.27,44.3,694.468
2026-08-01 13:15:00,44.3,44.3,44.24,44.25,244.117
2026-08-01 13:20:00,44.25,44.28,44.24,44.28,810.678
2026-08-01 13:25:00,44.28,44.28,44.22,44.24,813.546
2026-08-01 13:30:00,44.24,44.33,44.24,44.33,722.441
2026-08-01 13:35:00,44.32,44.33,44.21,44.27,1425.581
2026-08-01 13:40:00,44.27,44.32,44.26,44.28,410.999
2026-08-01 13:45:00,44.28,44.28,44.21,44.25,1113.429
2026-08-01 13:50:00,44.24,44.31,44.24,44.3,350.982
2026-08-01 13:55:00,44.3,44.32,44.27,44.31,428.911
2026-08-01 14:00:00,44.31,44.32,44.27,44.29,451.951
2026-08-01 14:05:00,44.28,44.31,44.24,44.25,580.202
2026-08-01 14:10:00,44.25,44.26,44.14,44.17,2444.669
2026-08-01 14:15:00,44.16,44.21,44.16,44.18,1072.117
2026-08-01 14:20:00,44.17,44.21,44.17,44.2,728.977
2026-08-01 14:25:00,44.2,44.2,44.16,44.18,671.162
2026-08-01 14:30:00,44.18,44.19,44.09,44.12,1269.289
2026-08-01 14:35:00,44.13,44.15,44.12,44.14,208.744
2026-08-01 14:40:00,44.14,44.14,44.11,44.13,636.222
2026-08-01 14:45:00,44.13,44.16,44.11,44.14,1423.35
2026-08-01 14:50:00,44.14,44.16,44.13,44.14,431.5
2026-08-01 14:55:00,44.14,44.2,44.13,44.2,1011.109
2026-08-01 15:00:00,44.2,44.22,44.15,44.2,753.053
2026-08-01 15:05:00,44.19,44.2,44.18,44.19,331.318
2026-08-01 15:10:00,44.18,44.19,44.1,44.12,2625.444
2026-08-01 15:15:00,44.12,44.12,44.06,44.08,1318.872
2026-08-01 15:20:00,44.09,44.13,44.09,44.12,349.371
2026-08-01 15:25:00,44.13,44.13,44.08,44.11,554.655
2026-08-01 15:30:00,44.12,44.13,44.09,44.12,923.963
2026-08-01 15:35:00,44.12,44.17,44.11,44.15,409.277
2026-08-01 15:40:00,44.15,44.15,44.11,44.12,438.358
2026-08-01 15:45:00,44.12,44.14,44.11,44.14,235.59
2026-08-01 15:50:00,44.14,44.16,44.09,44.14,1444.485
2026-08-01 15:55:00,44.14,44.15,44.1,44.1,316.73
2026-08-01 16:00:00,44.1,44.22,44.08,44.2,1199.858
2026-08-01 16:05:00,44.2,44.24,44.08,44.1,1027.782
2026-08-01 16:10:00,44.09,44.14,44.05,44.12,706.995
2026-08-01 16:15:00,44.13,44.19,44.1,44.17,401.345
2026-08-01 16:20:00,44.16,44.18,44.15,44.18,505.472
2026-08-01 16:25:00,44.18,44.2,44.15,44.19,394.358
2026-08-01 16:30:00,44.19,44.19,44.14,44.19,225.949
2026-08-01 16:35:00,44.19,44.21,44.13,44.13,1413.864
2026-08-01 16:40:00,44.13,44.15,44.11,44.12,340.159
2026-08-01 16:45:00,44.12,44.12,44.09,44.1,445.925
2026-08-01 16:50:00,44.11,44.11,44.07,44.1,635.552
2026-08-01 16:55:00,44.11,44.11,43.97,44.06,2918.914
2026-08-01 17:00:00,44.06,44.11,44.01,44.1,1008.191
2026-08-01 17:05:00,44.1,44.17,44.09,44.14,1290.519
2026-08-01 17:10:00,44.15,44.15,44.05,44.1,495.889
2026-08-01 17:15:00,44.11,44.15,44.06,44.14,626.919
2026-08-01 17:20:00,44.14,44.2,44.13,44.13,1146.399
2026-08-01 17:25:00,44.14,44.14,44.05,44.09,679.815
2026-08-01 17:30:00,44.09,44.1,43.97,43.98,604.232
2026-08-01 17:35:00,43.97,44.03,43.91,43.94,1014.972
2026-08-01 17:40:00,43.94,43.98,43.94,43.95,453.591
2026-08-01 17:45:00,43.96,44.0,43.89,43.99,1102.69
2026-08-01 17:50:00,44.0,44.01,43.91,43.98,1292.23
2026-08-01 17:55:00,43.99,44.01,43.96,44.0,349.44
2026-08-01 18:00:00,44.0,44.01,43.91,44.01,653.14
2026-08-01 18:05:00,44.01,44.02,43.99,43.99,392.811
2026-08-01 18:10:00,44.0,44.02,43.96,44.0,513.001
2026-08-01 18:15:00,43.99,44.0,43.95,43.97,657.57
2026-08-01 18:20:00,43.98,43.98,43.89,43.92,1096.057
2026-08-01 18:25:00,43.92,43.97,43.92,43.96,426.694
2026-08-01 18:30:00,43.96,43.96,43.67,43.77,4745.755
2026-08-01 18:35:00,43.78,43.89,43.77,43.85,1023.726
2026-08-01 18:40:00,43.85,43.86,43.73,43.73,1163.648
2026-08-01 18:45:00,43.73,43.75,43.62,43.69,698.311
2026-08-01 18:50:00,43.68,43.8,43.65,43.78,926.821
2026-08-01 18:55:00,43.79,43.91,43.78,43.9,869.111
2026-08-01 19:00:00,43.89,44.11,43.86,44.02,3829.653
2026-08-01 19:05:00,44.01,44.02,43.97,43.99,971.352
2026-08-01 19:10:00,43.98,43.99,43.93,43.93,541.182
2026-08-01 19:15:00,43.93,43.95,43.88,43.94,391.009
2026-08-01 19:20:00,43.94,43.95,43.89,43.94,714.421
2026-08-01 19:25:00,43.94,43.97,43.9,43.96,717.206
2026-08-01 19:30:00,43.97,43.99,43.93,43.96,259.479
2026-08-01 19:35:00,43.97,43.98,43.94,43.95,339.06
2026-08-01 19:40:00,43.96,43.98,43.94,43.94,429.975
2026-08-01 19:45:00,43.95,44.01,43.95,44.01,282.02
2026-08-01 19:50:00,44.01,44.04,44.01,44.03,215.242
2026-08-01 19:55:00,44.03,44.07,44.01,44.02,736.771
2026-08-01 20:00:00,44.01,44.06,43.98,44.05,558.773
2026-08-01 20:05:00,44.04,44.06,43.98,44.01,410.49
2026-08-01 20:10:00,44.01,44.06,44.0,44.04,213.196
2026-08-01 20:15:00,44.04,44.05,44.02,44.05,212.822
2026-08-01 20:20:00,44.05,44.07,43.97,43.99,674.952
2026-08-01 20:25:00,43.99,44.01,43.96,43.99,303.966
2026-08-01 20:30:00,43.98,44.01,43.95,44.0,238.718
2026-08-01 20:35:00,44.0,44.03,43.95,43.97,188.685
2026-08-01 20:40:00,43.98,44.03,43.96,43.97,447.512
2026-08-01 20:45:00,43.97,44.02,43.96,44.02,315.756
2026-08-01 20:50:00,44.02,44.06,43.99,44.01,444.315
2026-08-01 20:55:00,44.01,44.08,44.0,44.05,739.802
2026-08-01 21:00:00,44.04,44.13,44.03,44.1,643.563
2026-08-01 21:05:00,44.1,44.11,44.05,44.07,338.677
2026-08-01 21:10:00,44.07,44.09,44.01,44.07,966.633
2026-08-01 21:15:00,44.07,44.15,44.07,44.14,308.223
2026-08-01 21:20:00,44.14,44.14,44.06,44.06,384.593
2026-08-01 21:25:00,44.07,44.11,44.04,44.1,229.228
2026-08-01 21:30:00,44.11,44.15,44.11,44.15,125.175
2026-08-01 21:35:00,44.16,44.16,44.08,44.08,228.948
2026-08-01 21:40:00,44.09,44.12,44.07,44.11,282.531
2026-08-01 21:45:00,44.1,44.13,44.1,44.13,156.582
2026-08-01 21:50:00,44.13,44.14,44.12,44.13,286.743
2026-08-01 21:55:00,44.13,44.17,44.12,44.17,410.021
2026-08-01 22:00:00,44.17,44.18,44.1,44.16,365.124
2026-08-01 22:05:00,44.15,44.16,44.14,44.16,129.085
2026-08-01 22:10:00,44.16,44.17,44.11,44.15,273.166
2026-08-01 22:15:00,44.16,44.18,44.16,44.18,269.374
2026-08-01 22:20:00,44.18,44.22,44.17,44.22,435.392
2026-08-01 22:25:00,44.21,44.26,44.21,44.24,187.621
2026-08-01 22:30:00,44.24,44.25,44.22,44.24,377.846
2026-08-01 22:35:00,44.25,44.25,44.22,44.22,385.434
2026-08-01 22:40:00,44.23,44.25,44.22,44.24,173.406
2026-08-01 22:45:00,44.24,44.24,44.21,44.22,282.986
2026-08-01 22:50:00,44.22,44.22,44.18,44.18,96.412
2026-08-01 22:55:00,44.18,44.23,44.18,44.23,267.959
2026-08-01 23:00:00,44.23,44.25,44.23,44.23,121.643
2026-08-01 23:05:00,44.24,44.24,44.19,44.19,135.383
2026-08-01 23:10:00,44.2,44.21,44.19,44.21,187.688
2026-08-01 23:15:00,44.21,44.21,44.18,44.19,227.951
2026-08-01 23:20:00,44.19,44.2,44.17,44.19,690.507
2026-08-01 23:25:00,44.19,44.19,44.15,44.15,369.676
2026-08-01 23:30:00,44.16,44.2,44.16,44.16,246.944
2026-08-01 23:35:00,44.16,44.2,44.15,44.18,353.946
2026-08-01 23:40:00,44.19,44.24,44.18,44.24,397.646
2026-08-01 23:45:00,44.24,44.26,44.23,44.24,288.993
2026-08-01 23:50:00,44.24,44.24,44.19,44.22,423.133
2026-08-01 23:55:00,44.22,44.25,44.21,44.25,135.825
2026-08-02 00:00:00,44.25,44.25,44.21,44.24,339.951
2026-08-02 00:05:00,44.25,44.27,44.19,44.22,1166.149
2026-08-02 00:10:00,44.22,44.24,44.2,44.21,360.486
2026-08-02 00:15:00,44.22,44.22,44.19,44.22,534.854
2026-08-02 00:20:00,44.22,44.24,44.2,44.21,1334.072
2026-08-02 00:25:00,44.22,44.28,44.2,44.23,1560.146
2026-08-02 00:30:00,44.23,44.25,44.21,44.21,429.165
2026-08-02 00:35:00,44.22,44.24,44.19,44.23,412.939
2026-08-02 00:40:00,44.23,44.26,44.21,44.26,486.688
2026-08-02 00:45:00,44.26,44.27,44.21,44.22,199.114
2026-08-02 00:50:00,44.21,44.24,44.14,44.15,411.441
2026-08-02 00:55:00,44.15,44.22,44.12,44.22,458.12
2026-08-02 01:00:00,44.23,44.27,44.21,44.27,558.076
2026-08-02 01:05:00,44.27,44.32,44.27,44.29,615.935
2026-08-02 01:10:00,44.3,44.34,44.28,44.34,1147.197
2026-08-02 01:15:00,44.34,44.38,44.3,44.32,277.802
2026-08-02 01:20:00,44.32,44.34,44.28,44.31,480.907
2026-08-02 01:25:00,44.31,44.57,44.31,44.48,5670.017
2026-08-02 01:30:00,44.48,44.51,44.42,44.51,648.867
2026-08-02 01:35:00,44.5,44.5,44.46,44.47,883.08
2026-08-02 01:40:00,44.48,44.72,44.48,44.62,4126.33
2026-08-02 01:45:00,44.62,44.62,44.56,44.57,445.403
2026-08-02 01:50:00,44.57,44.62,44.57,44.62,497.376
2026-08-02 01:55:00,44.61,44.63,44.57,44.57,358.227
2026-08-02 02:00:00,44.56,44.6,44.56,44.56,380.721
2026-08-02 02:05:00,44.56,44.8,44.56,44.67,1543.16
2026-08-02 02:10:00,44.68,44.74,44.68,44.73,719.553
2026-08-02 02:15:00,44.73,44.8,44.69,44.78,753.085
2026-08-02 02:20:00,44.79,44.79,44.69,44.75,449.469
2026-08-02 02:25:00,44.74,44.75,44.65,44.65,258.233
2026-08-02 02:30:00,44.65,44.67,44.62,44.62,369.819
2026-08-02 02:35:00,44.62,44.63,44.57,44.59,190.598
2026-08-02 02:40:00,44.59,44.63,44.58,44.62,515.686
2026-08-02 02:45:00,44.62,44.65,44.58,44.65,402.684
2026-08-02 02:50:00,44.65,44.68,44.64,44.65,714.211
2026-08-02 02:55:00,44.64,44.65,44.62,44.64,624.841
2026-08-02 03:00:00,44.65,44.66,44.62,44.62,241.647
2026-08-02 03:05:00,44.62,44.7,44.62,44.65,205.767
2026-08-02 03:10:00,44.65,44.67,44.64,44.66,255.694
2026-08-02 03:15:00,44.66,44.66,44.62,44.65,149.802
2026-08-02 03:20:00,44.65,44.71,44.63,44.68,478.976
2026-08-02 03:25:00,44.69,44.7,44.67,44.69,311.864
2026-08-02 03:30:00,44.69,44.74,44.69,44.73,356.903
2026-08-02 03:35:00,44.72,44.74,44.71,44.72,83.846
2026-08-02 03:40:00,44.72,44.72,44.68,44.68,281.91
2026-08-02 03:45:00,44.69,44.72,44.69,44.7,176.653
2026-08-02 03:50:00,44.7,44.71,44.66,44.7,717.768
2026-08-02 03:55:00,44.7,44.7,44.64,44.66,527.155
2026-08-02 04:00:00,44.66,44.75,44.66,44.72,810.375
2026-08-02 04:05:00,44.71,44.72,44.68,44.68,76.672
2026-08-02 04:10:00,44.69,44.69,44.64,44.64,314.924
2026-08-02 04:15:00,44.64,44.67,44.64,44.64,359.13
2026-08-02 04:20:00,44.65,44.66,44.63,44.64,548.77
2026-08-02 04:25:00,44.65,44.66,44.63,44.63,106.633
2026-08-02 04:30:00,44.64,44.68,44.62,44.65,339.907
2026-08-02 04:35:00,44.66,44.66,44.64,44.66,146.822
2026-08-02 04:40:00,44.66,44.66,44.64,44.65,183.762
2026-08-02 04:45:00,44.65,44.66,44.62,44.63,288.534
2026-08-02 04:50:00,44.64,44.64,44.58,44.59,1053.121
2026-08-02 04:55:00,44.6,44.64,44.59,44.6,975.964
2026-08-02 05:00:00,44.6,44.63,44.56,44.58,720.775
2026-08-02 05:05:00,44.57,44.7,44.57,44.65,529.573
2026-08-02 05:10:00,44.66,44.66,44.63,44.64,103.597
2026-08-02 05:15:00,44.64,44.65,44.61,44.64,167.368
2026-08-02 05:20:00,44.63,44.67,44.63,44.66,137.208
2026-08-02 05:25:00,44.66,44.68,44.66,44.67,277.705
2026-08-02 05:30:00,44.67,44.7,44.66,44.7,140.702
2026-08-02 05:35:00,44.69,44.7,44.65,44.68,206.426
2026-08-02 05:40:00,44.69,44.73,44.67,44.68,232.393
2026-08-02 05:45:00,44.69,44.72,44.68,44.71,220.358
2026-08-02 05:50:00,44.72,44.72,44.69,44.72,125.114
2026-08-02 05:55:00,44.71,44.72,44.65,44.69,329.609
2026-08-02 06:00:00,44.69,44.74,44.68,44.74,385.841
2026-08-02 06:05:00,44.73,44.75,44.7,44.71,139.529
2026-08-02 06:10:00,44.71,44.73,44.71,44.72,182.609
2026-08-02 06:15:00,44.73,44.76,44.72,44.75,220.267
2026-08-02 06:20:00,44.75,44.76,44.74,44.76,121.256
2026-08-02 06:25:00,44.76,44.8,44.75,44.79,178.871
2026-08-02 06:30:00,44.78,44.8,44.74,44.77,339.085
2026-08-02 06:35:00,44.77,44.81,44.76,44.8,556.544
2026-08-02 06:40:00,44.81,44.85,44.8,44.83,214.767
2026-08-02 06:45:00,44.83,44.86,44.83,44.84,158.498
2026-08-02 06:50:00,44.84,44.84,44.81,44.84,121.484
2026-08-02 06:55:00,44.83,44.85,44.82,44.84,182.658
2026-08-02 07:00:00,44.83,44.84,44.8,44.82,176.608
2026-08-02 07:05:00,44.82,44.83,44.78,44.82,479.68
2026-08-02 07:10:00,44.83,44.84,44.82,44.83,220.857
2026-08-02 07:15:00,44.82,44.86,44.82,44.84,256.046
2026-08-02 07:20:00,44.84,44.9,44.84,44.88,285.718
2026-08-02 07:25:00,44.88,44.89,44.86,44.87,283.598
2026-08-02 07:30:00,44.88,44.89,44.85,44.85,168.878
2026-08-02 07:35:00,44.86,44.86,44.82,44.83,128.91
2026-08-02 07:40:00,44.83,44.88,44.82,44.87,191.504
2026-08-02 07:45:00,44.86,44.87,44.82,44.82,294.082
2026-08-02 07:50:00,44.82,44.85,44.81,44.84,122.453
2026-08-02 07:55:00,44.84,44.85,44.82,44.84,281.045
2026-08-02 08:00:00,44.85,44.86,44.83,44.84,183.762
2026-08-02 08:05:00,44.84,44.86,44.82,44.83,1182.338
2026-08-02 08:10:00,44.83,44.84,44.8,44.8,103.236
2026-08-02 08:15:00,44.81,44.81,44.78,44.79,282.745
2026-08-02 08:20:00,44.79,44.79,44.77,44.77,347.966
2026-08-02 08:25:00,44.77,44.78,44.75,44.76,266.346
2026-08-02 08:30:00,44.77,44.77,44.75,44.76,206.589
2026-08-02 08:35:00,44.75,44.77,44.68,44.69,419.707
2026-08-02 08:40:00,44.68,44.75,44.68,44.74,659.808
2026-08-02 08:45:00,44.73,44.76,44.73,44.74,413.895
2026-08-02 08:50:00,44.74,44.74,44.72,44.74,191.954
2026-08-02 08:55:00,44.73,44.74,44.71,44.72,116.547
2026-08-02 09:00:00,44.71,44.74,44.65,44.66,575.373
2026-08-02 09:05:00,44.66,44.79,44.65,44.78,474.631
2026-08-02 09:10:00,44.78,44.79,44.78,44.79,80.649
2026-08-02 09:15:00,44.79,44.81,44.78,44.79,478.407
2026-08-02 09:20:00,44.79,44.79,44.77,44.78,144.178
2026-08-02 09:25:00,44.79,44.81,44.79,44.8,553.213
2026-08-02 09:30:00,44.8,44.81,44.76,44.78,264.0
2026-08-02 09:35:00,44.79,44.8,44.77,44.77,885.321
2026-08-02 09:40:00,44.77,44.86,44.76,44.86,202.319
2026-08-02 09:45:00,44.86,44.87,44.84,44.85,211.963
2026-08-02 09:50:00,44.85,44.85,44.83,44.84,145.537
2026-08-02 09:55:00,44.84,44.85,44.83,44.83,207.542
2026-08-02 10:00:00,44.84,44.84,44.79,44.81,326.531
2026-08-02 10:05:00,44.81,44.83,44.79,44.8,384.261
2026-08-02 10:10:00,44.8,44.81,44.78,44.78,233.522
2026-08-02 10:15:00,44.78,44.8,44.77,44.8,141.776
2026-08-02 10:20:00,44.8,44.8,44.71,44.75,483.651
2026-08-02 10:25:00,44.75,44.75,44.71,44.72,477.977
2026-08-02 10:30:00,44.72,44.76,44.71,44.71,610.418
2026-08-02 10:35:00,44.7,44.75,44.69,44.74,536.215
2026-08-02 10:40:00,44.73,44.75,44.7,44.72,442.439
2026-08-02 10:45:00,44.71,44.72,44.69,44.69,343.357
2026-08-02 10:50:00,44.69,44.72,44.68,44.72,164.953
2026-08-02 10:55:00,44.71,44.72,44.68,44.68,354.216
2026-08-02 11:00:00,44.69,44.69,44.67,44.68,226.598
2026-08-02 11:05:00,44.67,44.7,44.67,44.68,210.427
2026-08-02 11:10:00,44.68,44.69,44.65,44.68,314.932
2026-08-02 11:15:00,44.69,44.72,44.66,44.67,529.587
2026-08-02 11:20:00,44.67,44.67,44.62,44.63,635.982
2026-08-02 11:25:00,44.62,44.65,44.55,44.58,1505.563
2026-08-02 11:30:00,44.57,44.6,44.56,44.6,402.023
2026-08-02 11:35:00,44.6,44.62,44.59,44.6,379.661
2026-08-02 11:40:00,44.61,44.66,44.58,44.62,1074.47
2026-08-02 11:45:00,44.62,44.67,44.62,44.65,202.184
2026-08-02 11:50:00,44.65,44.7,44.6,44.65,386.413
2026-08-02 11:55:00,44.65,44.67,44.6,44.64,279.592
2026-08-02 12:00:00,44.64,44.68,44.63,44.65,278.401
2026-08-02 12:05:00,44.64,44.67,44.62,44.66,171.929
2026-08-02 12:10:00,44.66,44.7,44.65,44.69,120.646
2026-08-02 12:15:00,44.7,44.73,44.69,44.7,328.687
2026-08-02 12:20:00,44.7,44.7,44.64,44.65,115.508
2026-08-02 12:25:00,44.65,44.66,44.64,44.65,134.39
2026-08-02 12:30:00,44.65,44.66,44.64,44.65,109.638
2026-08-02 12:35:00,44.65,44.68,44.64,44.65,406.097
2026-08-02 12:40:00,44.66,44.71,44.65,44.71,580.754
2026-08-02 12:45:00,44.71,44.73,44.7,44.71,342.05
2026-08-02 12:50:00,44.71,44.73,44.71,44.73,207.391
2026-08-02 12:55:00,44.72,44.73,44.69,44.69,153.764
2026-08-02 13:00:00,44.69,44.7,44.6,44.67,563.377
2026-08-02 13:05:00,44.68,44.68,44.6,44.61,613.069
2026-08-02 13:10:00,44.61,44.62,44.59,44.6,123.754
2026-08-02 13:15:00,44.59,44.6,44.57,44.58,132.287
2026-08-02 13:20:00,44.59,44.59,44.57,44.58,117.605
2026-08-02 13:25:00,44.59,44.63,44.59,44.62,197.384
2026-08-02 13:30:00,44.62,44.71,44.62,44.69,833.226
2026-08-02 13:35:00,44.69,44.69,44.62,44.62,324.57
2026-08-02 13:40:00,44.62,44.67,44.62,44.67,225.137
2026-08-02 13:45:00,44.66,44.72,44.66,44.71,168.867
2026-08-02 13:50:00,44.72,44.72,44.69,44.7,196.123
2026-08-02 13:55:00,44.7,44.71,44.69,44.7,166.933
2026-08-02 14:00:00,44.7,44.7,44.63,44.63,397.164
2026-08-02 14:05:00,44.64,44.64,44.59,44.61,296.035
2026-08-02 14:10:00,44.6,44.62,44.6,44.62,141.374
2026-08-02 14:15:00,44.62,44.67,44.62,44.65,272.09
2026-08-02 14:20:00,44.64,44.66,44.63,44.63,279.052
2026-08-02 14:25:00,44.64,44.68,44.63,44.66,310.982
2026-08-02 14:30:00,44.66,44.67,44.61,44.65,256.883
2026-08-02 14:35:00,44.66,44.69,44.66,44.68,122.919
2026-08-02 14:40:00,44.69,44.75,44.67,44.74,338.927
2026-08-02 14:45:00,44.74,44.74,44.69,44.71,167.926
2026-08-02 14:50:00,44.71,44.72,44.67,44.68,315.69
2026-08-02 14:55:00,44.67,44.68,44.66,44.68,177.459
2026-08-02 15:00:00,44.67,44.71,44.67,44.69,397.992
2026-08-02 15:05:00,44.68,44.72,44.68,44.7,210.687
2026-08-02 15:10:00,44.7,44.75,44.69,44.74,250.829
2026-08-02 15:15:00,44.75,44.76,44.74,44.75,149.829
2026-08-02 15:20:00,44.75,44.77,44.74,44.75,351.966
2026-08-02 15:25:00,44.74,44.78,44.74,44.77,374.39
2026-08-02 15:30:00,44.77,44.79,44.75,44.79,457.697
2026-08-02 15:35:00,44.78,44.8,44.74,44.74,342.345
2026-08-02 15:40:00,44.74,44.78,44.74,44.77,208.932
2026-08-02 15:45:00,44.77,44.79,44.77,44.77,299.605
2026-08-02 15:50:00,44.78,44.78,44.74,44.76,288.242
2026-08-02 15:55:00,44.76,44.78,44.75,44.75,429.989
2026-08-02 16:00:00,44.75,44.76,44.71,44.73,299.477
2026-08-02 16:05:00,44.73,44.78,44.72,44.78,511.008
2026-08-02 16:10:00,44.78,44.79,44.75,44.76,168.269
2026-08-02 16:15:00,44.76,44.87,44.75,44.84,1329.044
2026-08-02 16:20:00,44.85,44.86,44.82,44.84,422.141
2026-08-02 16:25:00,44.85,44.85,44.8,44.81,411.87
2026-08-02 16:30:00,44.82,44.85,44.79,44.79,846.638
2026-08-02 16:35:00,44.8,44.81,44.78,44.81,312.331
2026-08-02 16:40:00,44.81,44.86,44.8,44.82,380.688
2026-08-02 16:45:00,44.83,44.88,44.82,44.86,304.759
2026-08-02 16:50:00,44.86,44.88,44.84,44.86,357.683
2026-08-02 16:55:00,44.86,44.87,44.84,44.85,249.453
2026-08-02 17:00:00,44.84,44.88,44.81,44.88,273.858
2026-08-02 17:05:00,44.88,44.88,44.85,44.87,574.002
2026-08-02 17:10:00,44.87,44.95,44.87,44.94,1076.082
2026-08-02 17:15:00,44.94,44.94,44.92,44.94,491.79
2026-08-02 17:20:00,44.94,45.02,44.93,45.02,838.184
2026-08-02 17:25:00,45.02,45.02,44.95,44.95,353.312
2026-08-02 17:30:00,44.95,44.97,44.95,44.97,182.384
2026-08-02 17:35:00,44.96,45.02,44.96,45.0,800.624
2026-08-02 17:40:00,45.0,45.01,44.95,44.99,1775.451
2026-08-02 17:45:00,44.99,45.01,44.98,45.01,114.583
2026-08-02 17:50:00,45.01,45.02,45.0,45.02,127.618
2026-08-02 17:55:00,45.02,45.03,44.99,44.99,247.234
2026-08-02 18:00:00,44.99,44.99,44.98,44.99,228.601
2026-08-02 18:05:00,44.98,45.0,44.95,44.99,329.584
2026-08-02 18:10:00,44.98,45.0,44.98,45.0,201.053
2026-08-02 18:15:00,45.0,45.0,44.99,44.99,233.899
2026-08-02 18:20:00,44.99,45.02,44.99,45.01,546.462
2026-08-02 18:25:00,45.01,45.01,44.99,45.01,146.249
2026-08-02 18:30:00,45.0,45.01,44.96,44.98,1032.185
2026-08-02 18:35:00,44.99,45.02,44.91,44.98,1181.784
2026-08-02 18:40:00,44.97,45.04,44.95,44.96,825.102
2026-08-02 18:45:00,44.96,44.96,44.91,44.91,123.898
2026-08-02 18:50:00,44.92,44.94,44.91,44.93,167.508
2026-08-02 18:55:00,44.93,44.97,44.92,44.95,157.996
2026-08-02 19:00:00,44.94,44.94,44.87,44.89,430.281
2026-08-02 19:05:00,44.88,44.94,44.82,44.85,1527.487
2026-08-02 19:10:00,44.86,44.88,44.85,44.88,252.86
2026-08-02 19:15:00,44.88,44.9,44.86,44.89,548.502
2026-08-02 19:20:00,44.9,44.93,44.89,44.92,169.412
2026-08-02 19:25:00,44.93,44.94,44.9,44.92,287.467
2026-08-02 19:30:00,44.92,44.93,44.9,44.92,1012.741
2026-08-02 19:35:00,44.93,44.95,44.91,44.93,229.637
2026-08-02 19:40:00,44.93,44.94,44.92,44.94,138.059
2026-08-02 19:45:00,44.94,44.97,44.93,44.97,115.918
2026-08-02 19:50:00,44.96,45.02,44.96,45.01,191.641
2026-08-02 19:55:00,45.02,45.05,45.0,45.05,827.704
2026-08-02 20:00:00,45.04,45.05,45.0,45.0,681.646
2026-08-02 20:05:00,45.0,45.02,44.99,45.01,166.207
2026-08-02 20:10:00,45.02,45.03,45.0,45.01,173.245
2026-08-02 20:15:00,45.0,45.02,44.97,44.98,109.896
2026-08-02 20:20:00,44.98,44.98,44.89,44.89,318.822
2026-08-02 20:25:00,44.88,44.89,44.83,44.85,377.682
2026-08-02 20:30:00,44.85,44.86,44.83,44.85,469.881
2026-08-02 20:35:00,44.86,44.86,44.81,44.83,160.767
2026-08-02 20:40:00,44.83,44.84,44.83,44.84,124.67
2026-08-02 20:45:00,44.84,44.88,44.83,44.87,1023.18
2026-08-02 20:50:00,44.86,44.87,44.85,44.86,200.923
2026-08-02 20:55:00,44.87,44.89,44.85,44.87,83.104
2026-08-02 21:00:00,44.88,44.9,44.84,44.9,96.865
2026-08-02 21:05:00,44.9,44.9,44.86,44.87,116.176
2026-08-02 21:10:00,44.86,44.91,44.86,44.89,229.859
2026-08-02 21:15:00,44.88,44.93,44.87,44.87,114.515
2026-08-02 21:20:00,44.88,44.9,44.87,44.89,84.635
2026-08-02 21:25:00,44.89,44.95,44.89,44.95,78.866
2026-08-02 21:30:00,44.95,44.95,44.93,44.95,218.802
2026-08-02 21:35:00,44.95,44.97,44.92,44.94,222.438
2026-08-02 21:40:00,44.94,45.01,44.87,44.96,957.483
2026-08-02 21:45:00,44.97,45.01,44.92,44.93,426.195
2026-08-02 21:50:00,44.94,44.94,44.91,44.92,92.472
2026-08-02 21:55:00,44.92,44.93,44.88,44.93,140.524
2026-08-02 22:00:00,44.93,45.02,44.93,44.99,549.06
2026-08-02 22:05:00,45.0,45.02,44.97,45.0,586.817
2026-08-02 22:10:00,45.01,45.03,44.99,45.0,175.653
2026-08-02 22:15:00,45.0,45.05,44.97,44.99,164.967
2026-08-02 22:20:00,44.99,45.01,44.97,44.97,180.994
2026-08-02 22:25:00,44.98,45.0,44.95,44.96,221.401
2026-08-02 22:30:00,44.96,44.97,44.89,44.9,707.725
2026-08-02 22:35:00,44.89,44.91,44.83,44.84,418.041
2026-08-02 22:40:00,44.84,44.87,44.78,44.85,2034.884
2026-08-02 22:45:00,44.85,44.86,44.82,44.83,163.02
2026-08-02 22:50:00,44.82,44.85,44.81,44.83,615.629
2026-08-02 22:55:00,44.83,44.83,44.77,44.81,303.713
2026-08-02 23:00:00,44.81,44.81,44.72,44.73,742.039
2026-08-02 23:05:00,44.73,44.74,44.68,44.7,243.61
2026-08-02 23:10:00,44.69,44.72,44.68,44.71,345.994
2026-08-02 23:15:00,44.71,44.73,44.7,44.72,1087.029
2026-08-02 23:20:00,44.72,44.73,44.69,44.71,336.806
2026-08-02 23:25:00,44.71,44.72,44.68,44.68,199.42
2026-08-02 23:30:00,44.68,44.72,44.66,44.71,144.844
2026-08-02 23:35:00,44.72,44.72,44.69,44.69,79.706
2026-08-02 23:40:00,44.7,44.7,44.68,44.68,108.462
2026-08-02 23:45:00,44.69,44.71,44.66,44.68,189.215
2026-08-02 23:50:00,44.68,44.7,44.67,44.67,270.395
2026-08-02 23:55:00,44.68,44.7,44.66,44.69,250.809
2026-08-03 00:00:00,44.7,44.71,44.65,44.65,504.26
2026-08-03 00:05:00,44.65,44.69,44.59,44.69,131.337
2026-08-03 00:10:00,44.69,44.75,44.66,44.69,1434.385
2026-08-03 00:15:00,44.68,44.73,44.67,44.71,173.94
2026-08-03 00:20:00,44.72,44.73,44.67,44.69,214.052
2026-08-03 00:25:00,44.69,44.69,44.63,44.65,399.961
2026-08-03 00:30:00,44.65,44.68,44.62,44.68,123.302
2026-08-03 00:35:00,44.69,44.75,44.67,44.75,96.58
2026-08-03 00:40:00,44.75,44.78,44.69,44.7,170.913
2026-08-03 00:45:00,44.7,44.72,44.67,44.71,208.72
2026-08-03 00:50:00,44.72,44.73,44.7,44.72,78.488
2026-08-03 00:55:00,44.72,44.75,44.72,44.74,85.751
2026-08-03 01:00:00,44.73,44.74,44.67,44.74,672.347
2026-08-03 01:05:00,44.73,44.74,44.69,44.71,53.145
2026-08-03 01:10:00,44.72,44.74,44.66,44.69,234.809
2026-08-03 01:15:00,44.68,44.71,44.67,44.7,135.29
2026-08-03 01:20:00,44.7,44.7,44.67,44.68,126.018
2026-08-03 01:25:00,44.69,44.73,44.63,44.66,469.137
2026-08-03 01:30:00,44.66,44.69,44.66,44.69,172.459
2026-08-03 01:35:00,44.68,44.68,44.62,44.63,107.345
2026-08-03 01:40:00,44.64,44.68,44.63,44.68,133.24
2026-08-03 01:45:00,44.67,44.69,44.64,44.68,190.8
2026-08-03 01:50:00,44.68,44.69,44.62,44.62,100.739
2026-08-03 01:55:00,44.62,44.64,44.62,44.64,57.359
2026-08-03 02:00:00,44.65,44.65,44.59,44.63,186.806
2026-08-03 02:05:00,44.63,44.63,44.57,44.57,124.717
2026-08-03 02:10:00,44.56,44.57,44.52,44.55,168.751
2026-08-03 02:15:00,44.56,44.59,44.54,44.59,169.799
2026-08-03 02:20:00,44.6,44.63,44.59,44.6,274.368
2026-08-03 02:25:00,44.59,44.6,44.52,44.53,152.364
2026-08-03 02:30:00,44.52,44.6,44.51,44.6,374.76
2026-08-03 02:35:00,44.59,44.63,44.59,44.62,155.794
2026-08-03 02:40:00,44.62,44.64,44.61,44.61,175.802
2026-08-03 02:45:00,44.61,44.61,44.57,44.58,379.403
2026-08-03 02:50:00,44.58,44.6,44.55,44.59,805.426
2026-08-03 02:55:00,44.6,44.6,44.55,44.58,388.121
2026-08-03 03:00:00,44.57,44.6,44.55,44.58,721.704
2026-08-03 03:05:00,44.58,44.59,44.55,44.56,147.742
2026-08-03 03:10:00,44.56,44.57,44.54,44.55,316.815
2026-08-03 03:15:00,44.54,44.58,44.52,44.55,332.317
2026-08-03 03:20:00,44.55,44.57,44.54,44.54,190.06
2026-08-03 03:25:00,44.55,44.58,44.54,44.58,160.953
2026-08-03 03:30:00,44.58,44.58,44.5,44.51,747.309
2026-08-03 03:35:00,44.52,44.54,44.5,44.51,282.996
2026-08-03 03:40:00,44.51,44.52,44.5,44.51,74.958
2026-08-03 03:45:00,44.51,44.52,44.33,44.45,974.584
2026-08-03 03:50:00,44.44,44.47,44.44,44.46,532.851
2026-08-03 03:55:00,44.47,44.47,44.44,44.45,472.161
2026-08-03 04:00:00,44.44,44.47,44.41,44.47,323.986
2026-08-03 04:05:00,44.47,44.49,44.44,44.44,117.803
2026-08-03 04:10:00,44.44,44.47,44.4,44.45,248.8
2026-08-03 04:15:00,44.44,44.48,44.44,44.46,528.274
2026-08-03 04:20:00,44.46,44.47,44.44,44.46,167.292
2026-08-03 04:25:00,44.47,44.54,44.47,44.51,649.264
2026-08-03 04:30:00,44.51,44.56,44.51,44.54,289.338
2026-08-03 04:35:00,44.55,44.56,44.54,44.56,105.876
2026-08-03 04:40:00,44.57,44.57,44.53,44.54,341.765
2026-08-03 04:45:00,44.54,44.55,44.51,44.52,105.666
2026-08-03 04:50:00,44.51,44.52,44.46,44.46,86.545
2026-08-03 04:55:00,44.46,44.47,44.41,44.41,64.158
2026-08-03 05:00:00,44.42,44.5,44.41,44.41,654.478
2026-08-03 05:05:00,44.41,44.47,44.36,44.47,364.867
2026-08-03 05:10:00,44.47,44.52,44.46,44.49,132.898
2026-08-03 05:15:00,44.48,44.5,44.46,44.48,258.942
2026-08-03 05:20:00,44.48,44.5,44.47,44.5,140.027
2026-08-03 05:25:00,44.49,44.52,44.47,44.47,418.132
2026-08-03 05:30:00,44.46,44.5,44.45,44.45,213.985
2026-08-03 05:35:00,44.44,44.48,44.43,44.48,222.178
2026-08-03 05:40:00,44.48,44.48,44.45,44.46,112.91
2026-08-03 05:45:00,44.47,44.5,44.46,44.49,129.656
2026-08-03 05:50:00,44.49,44.55,44.49,44.53,1198.626
2026-08-03 05:55:00,44.53,44.56,44.53,44.56,160.1
2026-08-03 06:00:00,44.56,44.57,44.55,44.57,48.659
2026-08-03 06:05:00,44.56,44.58,44.53,44.54,428.2
2026-08-03 06:10:00,44.53,44.55,44.51,44.54,149.837
2026-08-03 06:15:00,44.55,44.56,44.51,44.52,171.191
2026-08-03 06:20:00,44.52,44.52,44.49,44.5,108.019
2026-08-03 06:25:00,44.5,44.5,44.46,44.47,209.705
2026-08-03 06:30:00,44.48,44.51,44.45,44.45,268.142
2026-08-03 06:35:00,44.45,44.46,44.38,44.38,1037.764
2026-08-03 06:40:00,44.39,44.39,44.35,44.35,406.186
2026-08-03 06:45:00,44.36,44.44,44.35,44.44,353.63
2026-08-03 06:50:00,44.44,44.46,44.4,44.4,502.358
2026-08-03 06:55:00,44.4,44.4,44.37,44.38,346.597
2026-08-03 07:00:00,44.38,44.4,44.32,44.35,765.713
2026-08-03 07:05:00,44.34,44.36,44.31,44.32,494.301
2026-08-03 07:10:00,44.32,44.35,44.28,44.28,751.39
2026-08-03 07:15:00,44.28,44.32,44.25,44.3,1778.298
2026-08-03 07:20:00,44.3,44.36,44.29,44.35,326.19
2026-08-03 07:25:00,44.35,44.37,44.33,44.36,299.929
2026-08-03 07:30:00,44.35,44.38,44.34,44.38,375.57
2026-08-03 07:35:00,44.37,44.38,44.31,44.31,1977.077
2026-08-03 07:40:00,44.32,44.33,44.3,44.31,376.62
2026-08-03 07:45:00,44.3,44.31,44.11,44.18,5165.518
2026-08-03 07:50:00,44.17,44.18,44.14,44.16,549.901
2026-08-03 07:55:00,44.16,44.21,44.14,44.16,812.983
2026-08-03 08:00:00,44.16,44.19,44.13,44.13,495.522
2026-08-03 08:05:00,44.14,44.19,44.11,44.15,889.168
2026-08-03 08:10:00,44.14,44.18,44.12,44.17,396.414
2026-08-03 08:15:00,44.17,44.19,44.14,44.15,819.541
2026-08-03 08:20:00,44.14,44.15,44.04,44.1,1448.525
2026-08-03 08:25:00,44.1,44.1,44.04,44.07,1222.905
2026-08-03 08:30:00,44.08,44.1,44.03,44.07,1332.673
2026-08-03 08:35:00,44.07,44.09,44.04,44.06,756.314
2026-08-03 08:40:00,44.07,44.08,44.06,44.07,210.263
2026-08-03 08:45:00,44.07,44.09,44.06,44.08,438.158
2026-08-03 08:50:00,44.08,44.1,44.06,44.08,925.552
2026-08-03 08:55:00,44.07,44.11,44.05,44.09,936.172
2026-08-03 09:00:00,44.1,44.11,44.08,44.09,311.972
2026-08-03 09:05:00,44.09,44.09,44.05,44.07,747.677
2026-08-03 09:10:00,44.07,44.11,44.06,44.11,412.562
2026-08-03 09:15:00,44.1,44.11,44.08,44.1,341.98
2026-08-03 09:20:00,44.09,44.12,44.06,44.12,794.232
2026-08-03 09:25:00,44.12,44.13,44.09,44.09,580.561
2026-08-03 09:30:00,44.09,44.13,44.07,44.11,600.436
2026-08-03 09:35:00,44.11,44.11,44.07,44.07,275.996
2026-08-03 09:40:00,44.07,44.12,44.06,44.12,451.272
2026-08-03 09:45:00,44.11,44.2,44.09,44.17,1136.564
2026-08-03 09:50:00,44.17,44.39,44.16,44.39,3912.541
2026-08-03 09:55:00,44.38,44.45,44.38,44.41,609.319
2026-08-03 10:00:00,44.41,44.41,44.36,44.37,401.928
2026-08-03 10:05:00,44.38,44.38,44.31,44.31,569.622
2026-08-03 10:10:00,44.32,44.32,44.26,44.27,193.937
2026-08-03 10:15:00,44.27,44.32,44.27,44.3,815.699
2026-08-03 10:20:00,44.3,44.31,44.28,44.28,349.636
2026-08-03 10:25:00,44.28,44.29,44.25,44.25,437.396
2026-08-03 10:30:00,44.26,44.29,44.23,44.29,799.711
2026-08-03 10:35:00,44.29,44.31,44.27,44.3,817.781
2026-08-03 10:40:00,44.3,44.31,44.29,44.31,436.926
2026-08-03 10:45:00,44.31,44.31,44.24,44.25,468.463
2026-08-03 10:50:00,44.24,44.25,44.21,44.25,554.148
2026-08-03 10:55:00,44.25,44.28,44.24,44.26,541.973
2026-08-03 11:00:00,44.26,44.27,44.17,44.18,1042.789
2026-08-03 11:05:00,44.16,44.18,44.15,44.16,271.528
2026-08-03 11:10:00,44.16,44.17,44.11,44.16,730.216
2026-08-03 11:15:00,44.16,44.17,44.14,44.17,1025.874
2026-08-03 11:20:00,44.17,44.21,44.16,44.21,219.92
2026-08-03 11:25:00,44.2,44.21,44.2,44.2,268.785
2026-08-03 11:30:00,44.19,44.22,44.18,44.22,411.907
2026-08-03 11:35:00,44.22,44.23,44.21,44.22,383.018
2026-08-03 11:40:00,44.22,44.22,44.16,44.2,672.935
2026-08-03 11:45:00,44.19,44.19,44.14,44.16,376.26
2026-08-03 11:50:00,44.15,44.2,44.14,44.15,1666.803
2026-08-03 11:55:00,44.16,44.16,44.1,44.1,684.539
2026-08-03 12:00:00,44.11,44.15,44.09,44.12,562.52
2026-08-03 12:05:00,44.12,44.13,44.08,44.08,711.651
2026-08-03 12:10:00,44.09,44.12,44.05,44.12,1995.249
2026-08-03 12:15:00,44.12,44.14,44.1,44.13,1049.306
2026-08-03 12:20:00,44.12,44.13,44.1,44.13,356.164
2026-08-03 12:25:00,44.12,44.13,44.06,44.07,759.645
2026-08-03 12:30:00,44.07,44.07,44.04,44.06,1865.34
2026-08-03 12:35:00,44.06,44.1,44.05,44.06,846.549
2026-08-03 12:40:00,44.07,44.13,44.06,44.13,781.195
2026-08-03 12:45:00,44.13,44.13,44.09,44.1,413.857
2026-08-03 12:50:00,44.09,44.11,44.09,44.1,508.222
2026-08-03 12:55:00,44.09,44.12,44.09,44.09,464.794
2026-08-03 13:00:00,44.09,44.12,44.09,44.1,1037.905
2026-08-03 13:05:00,44.09,44.11,44.02,44.06,1778.607
2026-08-03 13:10:00,44.06,44.11,44.05,44.1,1369.386
2026-08-03 13:15:00,44.1,44.22,44.08,44.22,1238.969
2026-08-03 13:20:00,44.22,44.29,44.22,44.25,956.844
2026-08-03 13:25:00,44.25,44.26,44.11,44.13,865.08
2026-08-03 13:30:00,44.13,44.15,44.06,44.12,918.329
2026-08-03 13:35:00,44.13,44.26,44.12,44.21,739.827
2026-08-03 13:40:00,44.22,44.27,44.22,44.25,499.153
2026-08-03 13:45:00,44.25,44.34,44.2,44.26,1806.514
2026-08-03 13:50:00,44.25,44.4,44.24,44.38,1592.116
2026-08-03 13:55:00,44.38,44.43,44.38,44.41,1123.494
2026-08-03 14:00:00,44.41,44.43,44.33,44.37,842.353
2026-08-03 14:05:00,44.37,44.39,44.32,44.34,592.922
2026-08-03 14:10:00,44.35,44.43,44.35,44.36,1283.06
2026-08-03 14:15:00,44.37,44.42,44.34,44.35,1027.132
2026-08-03 14:20:00,44.34,44.38,44.24,44.37,1738.547
2026-08-03 14:25:00,44.38,44.5,44.38,44.47,1441.589
2026-08-03 14:30:00,44.46,44.48,44.33,44.36,5526.733
2026-08-03 14:35:00,44.37,44.43,44.35,44.42,517.079
2026-08-03 14:40:00,44.41,44.45,44.36,44.41,507.634
2026-08-03 14:45:00,44.41,44.41,44.36,44.37,199.117
2026-08-03 14:50:00,44.37,44.42,44.34,44.42,1157.529
2026-08-03 14:55:00,44.42,44.47,44.39,44.46,1874.063
2026-08-03 15:00:00,44.45,44.48,44.42,44.43,1967.172
2026-08-03 15:05:00,44.42,44.43,44.35,44.41,681.001
2026-08-03 15:10:00,44.42,44.43,44.37,44.41,741.502
2026-08-03 15:15:00,44.41,44.44,44.34,44.38,3361.434
2026-08-03 15:20:00,44.38,44.42,44.37,44.42,531.434
2026-08-03 15:25:00,44.43,44.44,44.36,44.41,2392.158
2026-08-03 15:30:00,44.4,44.47,44.4,44.4,952.638
2026-08-03 15:35:00,44.4,44.45,44.39,44.45,924.982
2026-08-03 15:40:00,44.45,44.47,44.37,44.42,712.913
2026-08-03 15:45:00,44.42,44.43,44.35,44.39,1759.489
2026-08-03 15:50:00,44.39,44.42,44.35,44.38,645.212
2026-08-03 15:55:00,44.38,44.38,44.24,44.28,1148.372
2026-08-03 16:00:00,44.28,44.36,44.23,44.3,571.08
2026-08-03 16:05:00,44.31,44.36,44.29,44.33,650.299
2026-08-03 16:10:00,44.34,44.35,44.18,44.2,2565.884
2026-08-03 16:15:00,44.2,44.35,44.16,44.35,1090.306
2026-08-03 16:20:00,44.34,44.46,44.34,44.43,294.045
2026-08-03 16:25:00,44.42,44.45,44.29,44.31,786.384
2026-08-03 16:30:00,44.31,44.31,44.25,44.28,696.08
2026-08-03 16:35:00,44.29,44.32,44.24,44.25,782.346
2026-08-03 16:40:00,44.24,44.26,44.17,44.25,263.875
2026-08-03 16:45:00,44.25,44.3,44.25,44.29,311.928
2026-08-03 16:50:00,44.3,44.3,44.24,44.25,282.832
2026-08-03 16:55:00,44.25,44.26,44.22,44.24,380.009
2026-08-03 17:00:00,44.24,44.26,44.19,44.26,528.673
2026-08-03 17:05:00,44.25,44.32,44.25,44.31,341.123
2026-08-03 17:10:00,44.3,44.31,44.26,44.29,555.249
2026-08-03 17:15:00,44.29,44.31,44.27,44.3,305.859
2026-08-03 17:20:00,44.3,44.38,44.27,44.36,863.652
2026-08-03 17:25:00,44.35,44.35,44.25,44.26,235.054
2026-08-03 17:30:00,44.26,44.26,44.21,44.24,339.285
2026-08-03 17:35:00,44.23,44.26,44.21,44.22,501.427
2026-08-03 17:40:00,44.21,44.23,44.19,44.2,197.848
2026-08-03 17:45:00,44.2,44.24,44.2,44.21,175.546
2026-08-03 17:50:00,44.22,44.22,44.14,44.16,372.549
2026-08-03 17:55:00,44.16,44.19,44.14,44.16,540.523
2026-08-03 18:00:00,44.16,44.18,44.13,44.18,449.667
2026-08-03 18:05:00,44.18,44.19,44.1,44.13,622.348
2026-08-03 18:10:00,44.13,44.21,44.11,44.2,548.218
2026-08-03 18:15:00,44.2,44.24,44.16,44.18,348.864
2026-08-03 18:20:00,44.17,44.18,44.11,44.13,1565.611
2026-08-03 18:25:00,44.12,44.13,44.09,44.11,1548.677
2026-08-03 18:30:00,44.12,44.2,44.1,44.19,745.03
2026-08-03 18:35:00,44.2,44.25,44.18,44.21,724.816
2026-08-03 18:40:00,44.21,44.22,44.16,44.19,338.345
2026-08-03 18:45:00,44.19,44.23,44.17,44.21,334.921
2026-08-03 18:50:00,44.2,44.23,44.17,44.23,265.767
2026-08-03 18:55:00,44.23,44.25,44.22,44.24,232.472
2026-08-03 19:00:00,44.24,44.27,44.21,44.21,484.973
2026-08-03 19:05:00,44.22,44.24,44.2,44.24,237.697
2026-08-03 19:10:00,44.23,44.25,44.21,44.24,250.452
2026-08-03 19:15:00,44.25,44.31,44.24,44.3,610.561
2026-08-03 19:20:00,44.3,44.3,44.26,44.28,196.71
2026-08-03 19:25:00,44.28,44.34,44.28,44.32,385.958
2026-08-03 19:30:00,44.32,44.37,44.3,44.37,449.216
2026-08-03 19:35:00,44.37,44.37,44.29,44.3,372.948
2026-08-03 19:40:00,44.3,44.34,44.28,44.33,620.795
2026-08-03 19:45:00,44.34,44.36,44.32,44.32,227.38
2026-08-03 19:50:00,44.33,44.36,44.32,44.33,384.135
2026-08-03 19:55:00,44.32,44.35,44.29,44.32,805.147
2026-08-03 20:00:00,44.32,44.37,44.31,44.37,417.295
2026-08-03 20:05:00,44.37,44.47,44.34,44.45,1021.415
2026-08-03 20:10:00,44.45,44.46,44.42,44.43,208.136
2026-08-03 20:15:00,44.43,44.46,44.41,44.44,209.578
2026-08-03 20:20:00,44.45,44.48,44.43,44.44,164.764
2026-08-03 20:25:00,44.44,44.48,44.44,44.47,196.195
2026-08-03 20:30:00,44.47,44.49,44.41,44.44,1303.886
2026-08-03 20:35:00,44.44,44.45,44.43,44.44,127.726
2026-08-03 20:40:00,44.44,44.48,44.44,44.47,232.915
2026-08-03 20:45:00,44.47,44.51,44.39,44.4,1114.391
2026-08-03 20:50:00,44.41,44.46,44.39,44.46,311.488
2026-08-03 20:55:00,44.46,44.51,44.45,44.5,182.157
2026-08-03 21:00:00,44.5,44.5,44.45,44.45,242.21
2026-08-03 21:05:00,44.44,44.48,44.43,44.47,306.03
2026-08-03 21:10:00,44.47,44.47,44.37,44.43,774.499
2026-08-03 21:15:00,44.43,44.48,44.43,44.44,450.468
2026-08-03 21:20:00,44.44,44.47,44.43,44.45,180.097
2026-08-03 21:25:00,44.45,44.45,44.43,44.44,208.453
2026-08-03 21:30:00,44.44,44.51,44.43,44.46,443.014
2026-08-03 21:35:00,44.46,44.5,44.46,44.49,93.656
2026-08-03 21:40:00,44.49,44.51,44.45,44.45,402.052
2026-08-03 21:45:00,44.46,44.47,44.39,44.42,790.165
2026-08-03 21:50:00,44.42,44.45,44.42,44.45,182.956
2026-08-03 21:55:00,44.45,44.45,44.34,44.34,571.819
2026-08-03 22:00:00,44.34,44.36,44.19,44.23,486.719
2026-08-03 22:05:00,44.22,44.23,44.16,44.22,530.403
2026-08-03 22:10:00,44.23,44.24,44.2,44.22,255.485
2026-08-03 22:15:00,44.22,44.3,44.2,44.22,522.921
2026-08-03 22:20:00,44.22,44.23,44.2,44.23,199.573
2026-08-03 22:25:00,44.23,44.24,44.19,44.2,238.207
2026-08-03 22:30:00,44.2,44.21,44.18,44.21,94.216
2026-08-03 22:35:00,44.21,44.21,44.17,44.17,129.331
2026-08-03 22:40:00,44.17,44.19,44.16,44.17,331.915
2026-08-03 22:45:00,44.17,44.2,44.16,44.19,208.824
2026-08-03 22:50:00,44.19,44.23,44.18,44.22,152.14
2026-08-03 22:55:00,44.23,44.23,44.19,44.21,361.923
2026-08-03 23:00:00,44.21,44.23,44.17,44.21,273.595
2026-08-03 23:05:00,44.22,44.23,44.2,44.22,137.006
2026-08-03 23:10:00,44.22,44.23,44.2,44.21,161.951
2026-08-03 23:15:00,44.21,44.28,44.21,44.24,353.358
2026-08-03 23:20:00,44.24,44.26,44.22,44.25,206.368
2026-08-03 23:25:00,44.24,44.28,44.24,44.28,86.649
2026-08-03 23:30:00,44.27,44.28,44.23,44.25,308.665
2026-08-03 23:35:00,44.24,44.26,44.18,44.24,2050.356
2026-08-03 23:40:00,44.24,44.28,44.22,44.27,190.29
2026-08-03 23:45:00,44.28,44.31,44.26,44.3,119.134
2026-08-03 23:50:00,44.3,44.31,44.27,44.29,202.644
2026-08-03 23:55:00,44.29,44.3,44.28,44.3,269.068
2026-08-04 00:00:00,44.3,44.3,44.23,44.28,293.323
2026-08-04 00:05:00,44.28,44.33,44.25,44.3,1062.275
2026-08-04 00:10:00,44.31,44.33,44.19,44.22,697.425
2026-08-04 00:15:00,44.22,44.26,44.2,44.24,378.263
2026-08-04 00:20:00,44.25,44.27,44.21,44.24,333.088
2026-08-04 00:25:00,44.23,44.24,44.19,44.21,341.546
2026-08-04 00:30:00,44.21,44.21,44.16,44.18,220.721
2026-08-04 00:35:00,44.17,44.2,44.14,44.17,244.571
2026-08-04 00:40:00,44.18,44.21,44.16,44.21,226.703
2026-08-04 00:45:00,44.2,44.22,44.15,44.19,210.752
2026-08-04 00:50:00,44.18,44.21,44.16,44.18,142.176
2026-08-04 00:55:00,44.18,44.18,44.15,44.18,255.125
2026-08-04 01:00:00,44.18,44.21,44.15,44.16,289.479
2026-08-04 01:05:00,44.16,44.2,44.15,44.16,139.168
2026-08-04 01:10:00,44.15,44.17,44.11,44.12,226.064
2026-08-04 01:15:00,44.12,44.14,44.07,44.11,595.692
2026-08-04 01:20:00,44.12,44.14,44.11,44.11,347.347
2026-08-04 01:25:00,44.11,44.11,44.07,44.1,160.899
2026-08-04 01:30:00,44.1,44.25,44.1,44.24,402.495
2026-08-04 01:35:00,44.25,44.28,44.23,44.23,156.037
2026-08-04 01:40:00,44.24,44.36,44.24,44.3,449.672
2026-08-04 01:45:00,44.31,44.34,44.29,44.31,337.334
2026-08-04 01:50:00,44.32,44.39,44.29,44.37,1342.771
2026-08-04 01:55:00,44.36,44.39,44.35,44.36,123.877
2026-08-04 02:00:00,44.36,44.37,44.31,44.32,138.533
2026-08-04 02:05:00,44.32,44.32,44.29,44.32,276.618
2026-08-04 02:10:00,44.32,44.34,44.3,44.32,133.336
2026-08-04 02:15:00,44.32,44.32,44.28,44.3,147.037
2026-08-04 02:20:00,44.3,44.32,44.26,44.31,148.735
2026-08-04 02:25:00,44.32,44.37,44.3,44.34,294.004
2026-08-04 02:30:00,44.34,44.44,44.34,44.44,196.797
2026-08-04 02:35:00,44.44,44.5,44.41,44.42,206.988
2026-08-04 02:40:00,44.42,44.42,44.4,44.41,109.877
2026-08-04 02:45:00,44.41,44.42,44.39,44.4,220.131
2026-08-04 02:50:00,44.39,44.39,44.36,44.37,284.853
2026-08-04 02:55:00,44.37,44.37,44.34,44.35,121.618
2026-08-04 03:00:00,44.35,44.36,44.34,44.35,137.183
2026-08-04 03:05:00,44.35,44.36,44.33,44.34,192.205
2026-08-04 03:10:00,44.34,44.34,44.27,44.28,414.024
2026-08-04 03:15:00,44.28,44.29,44.23,44.25,429.024
2026-08-04 03:20:00,44.25,44.28,44.25,44.25,278.777
2026-08-04 03:25:00,44.26,44.31,44.25,44.31,216.951
2026-08-04 03:30:00,44.31,44.38,44.31,44.38,348.713
2026-08-04 03:35:00,44.38,44.41,44.37,44.4,129.315
2026-08-04 03:40:00,44.4,44.4,44.38,44.38,223.665
2026-08-04 03:45:00,44.39,44.4,44.38,44.39,204.651
2026-08-04 03:50:00,44.39,44.42,44.39,44.39,150.968
2026-08-04 03:55:00,44.39,44.39,44.37,44.37,147.372
2026-08-04 04:00:00,44.38,44.39,44.36,44.37,296.765
2026-08-04 04:05:00,44.38,44.42,44.37,44.42,268.937
2026-08-04 04:10:00,44.42,44.43,44.41,44.43,265.686
2026-08-04 04:15:00,44.42,44.45,44.4,44.45,350.102
2026-08-04 04:20:00,44.45,44.47,44.42,44.43,333.137
2026-08-04 04:25:00,44.42,44.43,44.41,44.42,105.831
2026-08-04 04:30:00,44.41,44.42,44.4,44.41,136.044
2026-08-04 04:35:00,44.41,44.49,44.4,44.49,381.809
2026-08-04 04:40:00,44.49,44.49,44.44,44.46,361.242
2026-08-04 04:45:00,44.47,44.56,44.46,44.51,905.274
2026-08-04 04:50:00,44.52,44.52,44.5,44.51,97.677
2026-08-04 04:55:00,44.51,44.52,44.44,44.45,162.313
2026-08-04 05:00:00,44.45,44.47,44.4,44.41,221.493
2026-08-04 05:05:00,44.42,44.42,44.4,44.42,239.904
2026-08-04 05:10:00,44.42,44.43,44.4,44.4,312.015
2026-08-04 05:15:00,44.41,44.42,44.38,44.4,338.586
2026-08-04 05:20:00,44.41,44.41,44.38,44.38,210.849
2026-08-04 05:25:00,44.39,44.39,44.37,44.38,146.297
2026-08-04 05:30:00,44.38,44.43,44.38,44.42,181.615
2026-08-04 05:35:00,44.42,44.43,44.41,44.42,150.331
2026-08-04 05:40:00,44.42,44.43,44.4,44.42,321.866
2026-08-04 05:45:00,44.42,44.44,44.41,44.43,123.859
2026-08-04 05:50:00,44.43,44.45,44.42,44.45,285.836
2026-08-04 05:55:00,44.45,44.51,44.45,44.5,204.04
2026-08-04 06:00:00,44.51,44.51,44.42,44.42,644.798
2026-08-04 06:05:00,44.42,44.51,44.41,44.48,1428.092
2026-08-04 06:10:00,44.47,44.49,44.46,44.47,343.02
2026-08-04 06:15:00,44.48,44.57,44.47,44.54,794.277
2026-08-04 06:20:00,44.55,44.56,44.51,44.53,559.737
2026-08-04 06:25:00,44.53,44.54,44.51,44.51,471.943
2026-08-04 06:30:00,44.51,44.57,44.49,44.57,1225.303
2026-08-04 06:35:00,44.57,44.58,44.5,44.5,583.523
2026-08-04 06:40:00,44.5,44.53,44.48,44.51,665.169
2026-08-04 06:45:00,44.51,44.52,44.4,44.41,478.672
2026-08-04 06:50:00,44.41,44.41,44.38,44.39,216.786
2026-08-04 06:55:00,44.38,44.38,44.31,44.34,703.586
2026-08-04 07:00:00,44.34,44.34,44.28,44.32,623.816
2026-08-04 07:05:00,44.32,44.34,44.18,44.18,645.549
2026-08-04 07:10:00,44.18,44.18,44.13,44.14,634.05
2026-08-04 07:15:00,44.13,44.13,44.05,44.09,1252.962
2026-08-04 07:20:00,44.08,44.14,44.07,44.14,1300.525
2026-08-04 07:25:00,44.14,44.22,44.14,44.21,659.634
2026-08-04 07:30:00,44.21,44.27,44.2,44.26,603.122
2026-08-04 07:35:00,44.26,44.26,44.23,44.24,200.705
2026-08-04 07:40:00,44.24,44.27,44.19,44.22,515.362
2026-08-04 07:45:00,44.22,44.27,44.21,44.25,359.263
2026-08-04 07:50:00,44.26,44.33,44.25,44.28,1066.525
2026-08-04 07:55:00,44.27,44.31,44.27,44.3,228.079
2026-08-04 08:00:00,44.3,44.34,44.28,44.31,670.845
2026-08-04 08:05:00,44.32,44.33,44.27,44.28,390.766
2026-08-04 08:10:00,44.28,44.28,44.23,44.24,212.27
2026-08-04 08:15:00,44.25,44.25,44.23,44.24,301.727
2026-08-04 08:20:00,44.24,44.24,44.22,44.23,156.056
2026-08-04 08:25:00,44.23,44.25,44.2,44.23,325.11
2026-08-04 08:30:00,44.22,44.23,44.2,44.2,333.825
2026-08-04 08:35:00,44.21,44.25,44.2,44.24,543.746
2026-08-04 08:40:00,44.24,44.25,44.19,44.25,360.993
2026-08-04 08:45:00,44.24,44.24,44.21,44.24,83.626
2026-08-04 08:50:00,44.24,44.24,44.2,44.2,377.458
2026-08-04 08:55:00,44.2,44.21,44.2,44.21,153.58
2026-08-04 09:00:00,44.2,44.25,44.19,44.25,737.314
2026-08-04 09:05:00,44.25,44.31,44.25,44.31,603.108
2026-08-04 09:10:00,44.3,44.32,44.27,44.3,353.621
2026-08-04 09:15:00,44.3,44.3,44.23,44.24,334.602
2026-08-04 09:20:00,44.24,44.29,44.22,44.24,999.281
2026-08-04 09:25:00,44.24,44.33,44.23,44.32,628.502
2026-08-04 09:30:00,44.33,44.34,44.29,44.3,668.489
2026-08-04 09:35:00,44.31,44.37,44.28,44.29,490.28
2026-08-04 09:40:00,44.29,44.33,44.28,44.3,594.409
2026-08-04 09:45:00,44.29,44.29,44.24,44.28,484.835
2026-08-04 09:50:00,44.28,44.28,44.21,44.27,1823.203
2026-08-04 09:55:00,44.27,44.31,44.26,44.31,156.305
2026-08-04 10:00:00,44.3,44.31,44.25,44.28,470.442
2026-08-04 10:05:00,44.27,44.28,44.26,44.27,140.501
2026-08-04 10:10:00,44.27,44.29,44.26,44.27,306.334
2026-08-04 10:15:00,44.27,44.3,44.26,44.3,751.111
2026-08-04 10:20:00,44.3,44.31,44.26,44.27,489.901
2026-08-04 10:25:00,44.27,44.3,44.24,44.25,530.348
2026-08-04 10:30:00,44.24,44.25,44.21,44.22,682.973
2026-08-04 10:35:00,44.22,44.23,44.2,44.22,389.961
2026-08-04 10:40:00,44.22,44.3,44.21,44.3,824.055
2026-08-04 10:45:00,44.29,44.37,44.28,44.33,640.102
2026-08-04 10:50:00,44.32,44.35,44.29,44.3,319.029
2026-08-04 10:55:00,44.3,44.3,44.28,44.3,220.69
2026-08-04 11:00:00,44.3,44.32,44.28,44.29,339.661
2026-08-04 11:05:00,44.3,44.31,44.25,44.27,422.604
2026-08-04 11:10:00,44.27,44.28,44.24,44.27,765.405
2026-08-04 11:15:00,44.25,44.26,44.24,44.25,243.661
2026-08-04 11:20:00,44.25,44.26,44.21,44.22,620.061
2026-08-04 11:25:00,44.21,44.4,44.21,44.39,1768.815
2026-08-04 11:30:00,44.4,44.43,44.36,44.38,3654.941
2026-08-04 11:35:00,44.37,44.38,44.29,44.33,747.249
2026-08-04 11:40:00,44.33,44.34,44.24,44.28,2476.467
2026-08-04 11:45:00,44.28,44.35,44.28,44.34,431.283
2026-08-04 11:50:00,44.34,44.35,44.32,44.33,1278.0
2026-08-04 11:55:00,44.33,44.38,44.33,44.36,524.179
2026-08-04 12:00:00,44.36,44.36,44.27,44.29,672.634
2026-08-04 12:05:00,44.29,44.32,44.27,44.32,309.45
2026-08-04 12:10:00,44.31,44.33,44.3,44.3,280.677
2026-08-04 12:15:00,44.31,44.31,44.22,44.28,1381.372
2026-08-04 12:20:00,44.27,44.31,44.25,44.27,869.115
2026-08-04 12:25:00,44.26,44.31,44.26,44.31,165.965
2026-08-04 12:30:00,44.31,44.35,44.28,44.34,973.037
2026-08-04 12:35:00,44.34,44.43,44.34,44.41,865.22
2026-08-04 12:40:00,44.42,44.43,44.38,44.38,352.638
2026-08-04 12:45:00,44.39,44.39,44.3,44.33,788.644
2026-08-04 12:50:00,44.33,44.36,44.31,44.32,575.551
2026-08-04 12:55:00,44.32,44.33,44.27,44.28,504.465
2026-08-04 13:00:00,44.28,44.32,44.26,44.3,450.496
2026-08-04 13:05:00,44.31,44.32,44.28,44.31,454.352
2026-08-04 13:10:00,44.31,44.33,44.3,44.31,569.781
2026-08-04 13:15:00,44.31,44.34,44.29,44.29,555.342
2026-08-04 13:20:00,44.3,44.4,44.2,44.23,3309.096
2026-08-04 13:25:00,44.23,44.3,44.22,44.29,493.536
2026-08-04 13:30:00,44.28,44.32,44.23,44.3,1360.197
2026-08-04 13:35:00,44.3,44.38,44.26,44.3,3271.233
2026-08-04 13:40:00,44.3,44.31,44.27,44.29,275.127
2026-08-04 13:45:00,44.29,44.29,44.17,44.21,1283.19
2026-08-04 13:50:00,44.22,44.28,44.19,44.21,5514.665
2026-08-04 13:55:00,44.21,44.3,44.15,44.2,4362.626
2026-08-04 14:00:00,44.2,44.25,44.14,44.24,721.201
2026-08-04 14:05:00,44.25,44.29,44.22,44.23,280.17
2026-08-04 14:10:00,44.23,44.26,44.21,44.24,1429.11
2026-08-04 14:15:00,44.24,44.32,44.17,44.19,1965.934
2026-08-04 14:20:00,44.19,44.27,44.17,44.24,784.124
2026-08-04 14:25:00,44.25,44.31,44.22,44.26,757.443
2026-08-04 14:30:00,44.26,44.31,44.23,44.29,1744.848
2026-08-04 14:35:00,44.29,44.34,44.26,44.34,1070.494
2026-08-04 14:40:00,44.34,44.45,44.33,44.43,2200.879
2026-08-04 14:45:00,44.44,44.49,44.42,44.44,1345.849
2026-08-04 14:50:00,44.43,44.48,44.42,44.47,1814.157
2026-08-04 14:55:00,44.47,44.54,44.46,44.5,1665.009
2026-08-04 15:00:00,44.5,44.55,44.49,44.51,717.009
2026-08-04 15:05:00,44.5,44.53,44.45,44.49,718.521
2026-08-04 15:10:00,44.49,44.51,44.46,44.48,651.382
2026-08-04 15:15:00,44.47,44.48,44.43,44.43,382.343
2026-08-04 15:20:00,44.44,44.44,44.42,44.42,183.216
2026-08-04 15:25:00,44.41,44.42,44.24,44.3,1309.282
2026-08-04 15:30:00,44.31,44.39,44.31,44.35,491.237
2026-08-04 15:35:00,44.34,44.35,44.3,44.31,694.438
2026-08-04 15:40:00,44.31,44.39,44.31,44.36,708.828
2026-08-04 15:45:00,44.36,44.52,44.35,44.47,774.605
2026-08-04 15:50:00,44.47,44.47,44.34,44.41,2612.57
2026-08-04 15:55:00,44.41,44.45,44.37,44.38,1425.621
2026-08-04 16:00:00,44.38,44.44,44.37,44.42,921.516
2026-08-04 16:05:00,44.43,44.44,44.38,44.42,1228.706
2026-08-04 16:10:00,44.42,44.47,44.4,44.42,936.536
2026-08-04 16:15:00,44.43,44.45,44.39,44.45,1581.742
2026-08-04 16:20:00,44.45,44.49,44.44,44.47,254.122
2026-08-04 16:25:00,44.46,44.49,44.44,44.46,487.388
2026-08-04 16:30:00,44.46,44.51,44.44,44.51,675.601
2026-08-04 16:35:00,44.5,44.53,44.48,44.52,925.827
2026-08-04 16:40:00,44.52,44.55,44.5,44.52,991.277
2026-08-04 16:45:00,44.51,44.63,44.51,44.58,1373.671
2026-08-04 16:50:00,44.58,44.62,44.54,44.56,2315.586
2026-08-04 16:55:00,44.55,44.65,44.46,44.64,1810.774
2026-08-04 17:00:00,44.64,44.67,44.56,44.62,1825.121
2026-08-04 17:05:00,44.62,44.74,44.6,44.73,926.322
2026-08-04 17:10:00,44.72,44.73,44.67,44.67,2439.798
2026-08-04 17:15:00,44.68,44.78,44.67,44.7,1351.584
2026-08-04 17:20:00,44.7,44.77,44.68,44.7,612.193
2026-08-04 17:25:00,44.71,44.76,44.69,44.75,743.367
2026-08-04 17:30:00,44.75,44.76,44.69,44.74,757.369
2026-08-04 17:35:00,44.73,44.77,44.73,44.74,464.449
2026-08-04 17:40:00,44.75,44.75,44.68,44.69,288.294
2026-08-04 17:45:00,44.69,44.69,44.65,44.65,126.562
2026-08-04 17:50:00,44.64,44.64,44.58,44.6,1012.776
2026-08-04 17:55:00,44.59,44.63,44.53,44.54,1158.328
2026-08-04 18:00:00,44.53,44.62,44.53,44.62,404.025
2026-08-04 18:05:00,44.62,44.64,44.58,44.58,1410.09
2026-08-04 18:10:00,44.58,44.63,44.56,44.63,210.461
2026-08-04 18:15:00,44.64,44.68,44.62,44.68,267.295
2026-08-04 18:20:00,44.68,44.72,44.64,44.71,1039.433
2026-08-04 18:25:00,44.71,44.77,44.7,44.76,1171.981
2026-08-04 18:30:00,44.76,44.86,44.75,44.75,1877.862
2026-08-04 18:35:00,44.76,44.77,44.7,44.71,398.544
2026-08-04 18:40:00,44.71,44.72,44.68,44.72,332.771
2026-08-04 18:45:00,44.72,44.77,44.71,44.72,400.275
2026-08-04 18:50:00,44.72,44.76,44.71,44.74,276.0
2026-08-04 18:55:00,44.75,44.76,44.71,44.75,381.377
2026-08-04 19:00:00,44.75,44.75,44.73,44.74,201.538
2026-08-04 19:05:00,44.73,44.77,44.72,44.77,709.596
2026-08-04 19:10:00,44.76,44.82,44.76,44.79,567.884
2026-08-04 19:15:00,44.79,44.82,44.78,44.79,579.133
2026-08-04 19:20:00,44.78,44.79,44.73,44.75,319.439
2026-08-04 19:25:00,44.74,44.79,44.74,44.78,219.684
2026-08-04 19:30:00,44.78,44.85,44.78,44.83,305.996
2026-08-04 19:35:00,44.83,44.87,44.81,44.83,799.016
2026-08-04 19:40:00,44.83,44.83,44.79,44.8,208.743
2026-08-04 19:45:00,44.8,44.8,44.7,44.77,778.169
2026-08-04 19:50:00,44.77,44.77,44.71,44.72,397.085
2026-08-04 19:55:00,44.72,44.73,44.67,44.71,368.717
2026-08-04 20:00:00,44.7,44.71,44.61,44.65,728.888
2026-08-04 20:05:00,44.64,44.69,44.62,44.67,190.265
2026-08-04 20:10:00,44.67,44.68,44.65,44.67,150.869
2026-08-04 20:15:00,44.67,44.68,44.57,44.58,1792.82
2026-08-04 20:20:00,44.58,44.64,44.58,44.64,223.844
2026-08-04 20:25:00,44.64,44.68,44.63,44.67,166.973
2026-08-04 20:30:00,44.68,44.71,44.67,44.69,277.026
2026-08-04 20:35:00,44.69,44.82,44.69,44.82,497.047
2026-08-04 20:40:00,44.82,44.9,44.82,44.9,1719.718
2026-08-04 20:45:00,44.9,44.99,44.89,44.99,1880.737
2026-08-04 20:50:00,44.99,44.99,44.93,44.95,2049.099
2026-08-04 20:55:00,44.95,44.96,44.86,44.88,491.944
2026-08-04 21:00:00,44.88,44.93,44.87,44.93,1411.631
2026-08-04 21:05:00,44.93,44.93,44.87,44.92,1369.017
2026-08-04 21:10:00,44.92,44.97,44.88,44.91,976.393
2026-08-04 21:15:00,44.91,44.93,44.88,44.89,338.324
2026-08-04 21:20:00,44.89,44.92,44.87,44.91,441.986
2026-08-04 21:25:00,44.9,44.91,44.85,44.86,1178.03
2026-08-04 21:30:00,44.86,44.88,44.84,44.86,642.494
2026-08-04 21:35:00,44.86,44.86,44.84,44.85,79.428
2026-08-04 21:40:00,44.86,44.87,44.82,44.84,423.29
2026-08-04 21:45:00,44.84,44.95,44.84,44.95,539.512
2026-08-04 21:50:00,44.95,44.95,44.9,44.93,1364.759
2026-08-04 21:55:00,44.94,44.97,44.93,44.96,959.967
2026-08-04 22:00:00,44.96,44.96,44.87,44.89,1897.856
2026-08-04 22:05:00,44.89,44.91,44.86,44.89,859.682
2026-08-04 22:10:00,44.89,44.96,44.89,44.96,1237.006
2026-08-04 22:15:00,44.96,44.99,44.9,44.94,1015.414
2026-08-04 22:20:00,44.94,44.97,44.89,44.95,1035.896
2026-08-04 22:25:00,44.95,44.95,44.92,44.93,155.282
2026-08-04 22:30:00,44.92,44.99,44.92,44.99,956.578
2026-08-04 22:35:00,44.99,44.99,44.9,44.93,1136.684
2026-08-04 22:40:00,44.93,44.96,44.93,44.95,952.294
2026-08-04 22:45:00,44.95,44.96,44.93,44.94,783.952
2026-08-04 22:50:00,44.95,44.95,44.91,44.93,788.644
2026-08-04 22:55:00,44.93,44.96,44.93,44.96,540.907
2026-08-04 23:00:00,44.96,44.97,44.91,44.94,1522.275
2026-08-04 23:05:00,44.95,45.04,44.93,45.0,2401.912
2026-08-04 23:10:00,45.0,45.08,45.0,45.08,1776.545
2026-08-04 23:15:00,45.07,45.17,45.05,45.08,2250.836
2026-08-04 23:20:00,45.07,45.09,45.03,45.04,503.866
2026-08-04 23:25:00,45.04,45.05,45.0,45.0,935.23
2026-08-04 23:30:00,44.99,45.04,44.97,44.99,506.944
2026-08-04 23:35:00,44.99,44.99,44.91,44.93,585.517
2026-08-04 23:40:00,44.92,44.95,44.92,44.92,293.01
2026-08-04 23:45:00,44.91,44.93,44.91,44.93,85.959
2026-08-04 23:50:00,44.93,44.93,44.87,44.88,249.761
2026-08-04 23:55:00,44.87,44.88,44.82,44.85,917.913
2026-08-05 00:00:00,44.84,44.92,44.84,44.92,978.983
2026-08-05 00:05:00,44.92,44.98,44.83,44.93,2026.027
2026-08-05 00:10:00,44.93,45.03,44.91,45.03,2311.994
2026-08-05 00:15:00,45.03,45.03,44.86,44.99,819.953
2026-08-05 00:20:00,44.98,44.98,44.92,44.96,561.072
2026-08-05 00:25:00,44.96,45.04,44.94,45.04,759.037
2026-08-05 00:30:00,45.04,45.13,45.04,45.11,1645.386
2026-08-05 00:35:00,45.12,45.14,45.09,45.11,759.619
2026-08-05 00:40:00,45.09,45.09,44.94,45.01,1118.921
2026-08-05 00:45:00,45.02,45.05,44.98,44.99,915.918
2026-08-05 00:50:00,44.99,45.13,44.98,45.12,920.316
2026-08-05 00:55:00,45.13,45.14,45.09,45.11,694.029
2026-08-05 01:00:00,45.11,45.11,45.04,45.09,1002.076
2026-08-05 01:05:00,45.09,45.16,45.08,45.16,687.879
2026-08-05 01:10:00,45.17,45.2,45.11,45.15,804.126
2026-08-05 01:15:00,45.14,45.19,45.04,45.19,808.112
2026-08-05 01:20:00,45.18,45.21,45.16,45.21,229.59
2026-08-05 01:25:00,45.2,45.21,45.14,45.19,537.881
2026-08-05 01:30:00,45.19,45.22,45.17,45.2,413.441
2026-08-05 01:35:00,45.19,45.29,45.18,45.29,549.252
2026-08-05 01:40:00,45.29,45.3,45.17,45.18,1397.109
2026-08-05 01:45:00,45.18,45.23,45.15,45.19,700.789
2026-08-05 01:50:00,45.19,45.25,45.17,45.25,227.613
2026-08-05 01:55:00,45.25,45.26,45.23,45.26,161.964
2026-08-05 02:00:00,45.25,45.31,45.23,45.27,1494.776
2026-08-05 02:05:00,45.27,45.27,45.19,45.21,321.432
2026-08-05 02:10:00,45.2,45.23,45.2,45.22,294.622
2026-08-05 02:15:00,45.21,45.22,45.09,45.11,856.959
2026-08-05 02:20:00,45.1,45.14,45.09,45.1,1283.744
2026-08-05 02:25:00,45.11,45.15,45.11,45.13,419.449
2026-08-05 02:30:00,45.12,45.15,45.11,45.15,198.3
2026-08-05 02:35:00,45.15,45.15,45.11,45.14,199.026
2026-08-05 02:40:00,45.14,45.17,45.13,45.14,260.098
2026-08-05 02:45:00,45.14,45.15,45.12,45.14,536.413
2026-08-05 02:50:00,45.14,45.25,45.14,45.25,1163.479
2026-08-05 02:55:00,45.25,45.29,45.25,45.29,598.89
2026-08-05 03:00:00,45.29,45.35,45.14,45.2,1608.275
2026-08-05 03:05:00,45.21,45.21,45.13,45.14,1059.756
2026-08-05 03:10:00,45.13,45.15,44.99,44.99,1416.65
2026-08-05 03:15:00,44.99,45.01,44.74,44.8,3244.013
2026-08-05 03:20:00,44.8,44.85,44.79,44.83,1030.765
2026-08-05 03:25:00,44.82,44.83,44.8,44.8,327.273
2026-08-05 03:30:00,44.8,44.84,44.78,44.84,253.408
2026-08-05 03:35:00,44.84,44.87,44.83,44.86,313.847
2026-08-05 03:40:00,44.87,44.87,44.8,44.83,592.2
2026-08-05 03:45:00,44.83,44.86,44.83,44.84,277.41
2026-08-05 03:50:00,44.84,44.87,44.83,44.87,217.327
2026-08-05 03:55:00,44.86,44.86,44.82,44.83,290.232
2026-08-05 04:00:00,44.83,44.85,44.81,44.83,292.326
2026-08-05 04:05:00,44.82,44.84,44.82,44.84,100.27
2026-08-05 04:10:00,44.84,44.87,44.82,44.86,184.844
2026-08-05 04:15:00,44.86,44.86,44.81,44.82,197.912
2026-08-05 04:20:00,44.82,44.84,44.79,44.8,653.736
2026-08-05 04:25:00,44.8,44.8,44.74,44.77,1014.016
2026-08-05 04:30:00,44.78,44.81,44.77,44.8,196.844
2026-08-05 04:35:00,44.81,44.82,44.78,44.79,198.647
2026-08-05 04:40:00,44.78,44.81,44.78,44.79,125.465
2026-08-05 04:45:00,44.79,44.81,44.79,44.8,245.84
2026-08-05 04:50:00,44.79,44.82,44.77,44.82,191.955
2026-08-05 04:55:00,44.82,44.89,44.81,44.87,504.303
2026-08-05 05:00:00,44.88,44.96,44.87,44.93,455.003
2026-08-05 05:05:00,44.93,44.98,44.93,44.96,208.197
2026-08-05 05:10:00,44.96,44.99,44.95,44.96,476.046
2026-08-05 05:15:00,44.96,45.01,44.95,44.97,323.515
2026-08-05 05:20:00,44.98,45.0,44.97,44.99,301.143
2026-08-05 05:25:00,44.98,45.03,44.95,44.96,469.85
2026-08-05 05:30:00,44.96,44.96,44.93,44.95,257.967
2026-08-05 05:35:00,44.94,44.98,44.92,44.97,713.792
2026-08-05 05:40:00,44.98,44.98,44.95,44.98,80.417
2026-08-05 05:45:00,44.98,45.02,44.98,44.99,178.079
2026-08-05 05:50:00,45.0,45.0,44.97,44.99,209.626
2026-08-05 05:55:00,44.99,45.02,44.98,45.01,211.164
2026-08-05 06:00:00,45.01,45.02,44.94,44.98,1018.825
2026-08-05 06:05:00,44.98,44.98,44.95,44.95,189.232
2026-08-05 06:10:00,44.95,44.99,44.95,44.96,426.562
2026-08-05 06:15:00,44.96,45.0,44.95,44.99,272.56
2026-08-05 06:20:00,44.99,45.0,44.97,45.0,291.291
2026-08-05 06:25:00,45.0,45.01,44.99,45.01,81.912
2026-08-05 06:30:00,45.0,45.02,44.98,44.99,155.173
2026-08-05 06:35:00,44.98,45.03,44.96,45.02,258.801
2026-08-05 06:40:00,45.02,45.03,44.91,44.92,1216.177
2026-08-05 06:45:00,44.91,44.96,44.88,44.96,383.925
2026-08-05 06:50:00,44.95,44.95,44.91,44.91,279.016
2026-08-05 06:55:00,44.9,44.94,44.85,44.9,1798.809
2026-08-05 07:00:00,44.9,44.93,44.87,44.9,904.538
2026-08-05 07:05:00,44.9,44.97,44.88,44.94,517.964
2026-08-05 07:10:00,44.94,44.96,44.86,44.89,1191.081
2026-08-05 07:15:00,44.89,44.9,44.86,44.87,225.523
2026-08-05 07:20:00,44.86,44.86,44.83,44.85,380.617
2026-08-05 07:25:00,44.84,44.88,44.84,44.86,282.024
2026-08-05 07:30:00,44.87,44.89,44.85,44.85,436.426
2026-08-05 07:35:00,44.85,44.87,44.85,44.87,310.083
2026-08-05 07:40:00,44.87,44.88,44.83,44.84,551.816
2026-08-05 07:45:00,44.84,44.89,44.83,44.89,331.31
2026-08-05 07:50:00,44.89,44.89,44.85,44.85,622.768
2026-08-05 07:55:00,44.85,44.9,44.84,44.9,419.938
2026-08-05 08:00:00,44.9,44.91,44.88,44.9,142.046
2026-08-05 08:05:00,44.89,44.92,44.85,44.87,422.369
2026-08-05 08:10:00,44.88,44.9,44.87,44.87,547.028
2026-08-05 08:15:00,44.88,44.88,44.84,44.86,216.571
2026-08-05 08:20:00,44.87,44.89,44.86,44.88,519.616
2026-08-05 08:25:00,44.88,44.92,44.87,44.92,274.474
2026-08-05 08:30:00,44.92,44.94,44.9,44.94,800.967
2026-08-05 08:35:00,44.94,44.95,44.91,44.95,646.866
2026-08-05 08:40:00,44.94,44.96,44.9,44.94,1278.559
2026-08-05 08:45:00,44.94,44.94,44.89,44.9,403.088
2026-08-05 08:50:00,44.89,44.91,44.88,44.89,188.831
2026-08-05 08:55:00,44.88,44.9,44.85,44.88,1064.435
2026-08-05 09:00:00,44.88,44.92,44.87,44.89,363.833
2026-08-05 09:05:00,44.89,44.92,44.88,44.92,216.45
2026-08-05 09:10:00,44.91,44.92,44.86,44.87,480.205
2026-08-05 09:15:00,44.87,44.88,44.85,44.86,261.072
2026-08-05 09:20:00,44.86,44.88,44.85,44.85,238.061
2026-08-05 09:25:00,44.86,44.89,44.84,44.89,491.006
2026-08-05 09:30:00,44.89,44.94,44.88,44.94,442.484
2026-08-05 09:35:00,44.94,44.95,44.87,44.95,1171.977
2026-08-05 09:40:00,44.95,44.98,44.91,44.95,761.424
2026-08-05 09:45:00,44.95,45.0,44.93,44.95,1223.515
2026-08-05 09:50:00,44.96,44.99,44.94,44.95,346.426
2026-08-05 09:55:00,44.95,44.95,44.91,44.92,334.556
2026-08-05 10:00:00,44.93,44.94,44.9,44.93,488.715
2026-08-05 10:05:00,44.94,45.05,44.94,44.99,1442.281
2026-08-05 10:10:00,44.99,44.99,44.93,44.95,367.818
2026-08-05 10:15:00,44.94,44.94,44.91,44.93,228.229
2026-08-05 10:20:00,44.93,44.95,44.93,44.95,213.295
2026-08-05 10:25:00,44.95,44.95,44.85,44.93,2993.132
2026-08-05 10:30:00,44.93,44.96,44.9,44.95,643.931
2026-08-05 10:35:00,44.94,44.95,44.93,44.94,184.393
2026-08-05 10:40:00,44.95,44.96,44.87,44.9,3514.066
2026-08-05 10:45:00,44.9,44.91,44.73,44.75,3237.724
2026-08-05 10:50:00,44.76,44.79,44.75,44.77,354.374
2026-08-05 10:55:00,44.77,44.79,44.75,44.78,481.036
2026-08-05 11:00:00,44.78,44.82,44.78,44.82,412.095
2026-08-05 11:05:00,44.82,44.9,44.82,44.9,1048.254
2026-08-05 11:10:00,44.89,44.9,44.84,44.86,464.042
2026-08-05 11:15:00,44.86,44.88,44.84,44.87,351.541
2026-08-05 11:20:00,44.87,44.87,44.84,44.87,105.531
2026-08-05 11:25:00,44.87,44.87,44.82,44.82,215.053
2026-08-05 11:30:00,44.82,44.87,44.81,44.81,532.911
2026-08-05 11:35:00,44.81,44.82,44.78,44.79,927.318
2026-08-05 11:40:00,44.79,44.8,44.77,44.78,628.569
2026-08-05 11:45:00,44.78,44.84,44.75,44.84,668.047
2026-08-05 11:50:00,44.84,44.85,44.78,44.79,316.676
2026-08-05 11:55:00,44.8,44.8,44.74,44.76,850.491
2026-08-05 12:00:00,44.76,44.8,44.74,44.77,1182.509
2026-08-05 12:05:00,44.76,44.8,44.76,44.79,522.482
2026-08-05 12:10:00,44.79,44.83,44.77,44.81,719.2
2026-08-05 12:15:00,44.81,44.95,44.8,44.94,961.003
2026-08-05 12:20:00,44.94,45.0,44.86,44.91,912.527
2026-08-05 12:25:00,44.91,44.99,44.91,44.97,658.725
2026-08-05 12:30:00,44.97,44.99,44.92,44.96,821.801
2026-08-05 12:35:00,44.96,44.98,44.94,44.96,318.025
2026-08-05 12:40:00,44.95,44.99,44.93,44.96,1128.077
2026-08-05 12:45:00,44.95,45.02,44.93,45.02,668.723
2026-08-05 12:50:00,45.02,45.04,44.99,45.01,255.018
2026-08-05 12:55:00,45.0,45.04,45.0,45.01,452.366
2026-08-05 13:00:00,45.0,45.05,45.0,45.04,619.18
2026-08-05 13:05:00,45.04,45.08,45.02,45.02,1308.204
2026-08-05 13:10:00,45.03,45.1,44.99,45.1,1104.009
2026-08-05 13:15:00,45.1,45.21,45.1,45.18,2765.437
2026-08-05 13:20:00,45.18,45.18,45.13,45.14,370.135
2026-08-05 13:25:00,45.13,45.15,45.05,45.06,893.18
2026-08-05 13:30:00,45.06,45.08,44.86,44.88,1061.743
2026-08-05 13:35:00,44.88,45.1,44.82,45.04,1463.84
2026-08-05 13:40:00,45.04,45.07,44.96,44.97,1244.953
2026-08-05 13:45:00,44.97,45.03,44.91,45.03,637.925
2026-08-05 13:50:00,45.03,45.07,44.95,45.02,2010.08
2026-08-05 13:55:00,45.02,45.04,44.99,45.04,536.985
2026-08-05 14:00:00,45.03,45.08,45.02,45.07,369.687
2026-08-05 14:05:00,45.07,45.13,45.07,45.09,730.791
2026-08-05 14:10:00,45.09,45.14,45.09,45.12,627.907
2026-08-05 14:15:00,45.12,45.21,45.07,45.18,1315.138
2026-08-05 14:20:00,45.17,45.17,45.06,45.08,2063.038
2026-08-05 14:25:00,45.09,45.1,45.04,45.07,352.221
2026-08-05 14:30:00,45.06,45.13,45.04,45.05,434.635
2026-08-05 14:35:00,45.06,45.12,44.99,45.01,1440.926
2026-08-05 14:40:00,45.02,45.08,44.96,45.07,1317.408
2026-08-05 14:45:00,45.08,45.13,45.08,45.12,369.832
2026-08-05 14:50:00,45.13,45.18,45.08,45.14,1093.242
2026-08-05 14:55:00,45.14,45.2,45.13,45.2,671.379
2026-08-05 15:00:00,45.2,45.26,45.13,45.22,1714.105
2026-08-05 15:05:00,45.22,45.27,45.18,45.25,442.669
2026-08-05 15:10:00,45.25,45.25,45.03,45.04,2240.275
2026-08-05 15:15:00,45.04,45.06,44.95,45.06,1193.321
2026-08-05 15:20:00,45.06,45.08,44.94,45.01,655.083
2026-08-05 15:25:00,45.01,45.06,45.0,45.03,390.991
2026-08-05 15:30:00,45.04,45.06,45.0,45.06,439.933
2026-08-05 15:35:00,45.05,45.11,45.03,45.1,467.334
2026-08-05 15:40:00,45.1,45.1,45.03,45.04,312.36
2026-08-05 15:45:00,45.04,45.11,45.02,45.09,527.601
2026-08-05 15:50:00,45.09,45.09,45.01,45.02,356.02
2026-08-05 15:55:00,45.03,45.07,44.97,45.01,2122.799
2026-08-05 16:00:00,45.01,45.07,45.01,45.05,276.842
2026-08-05 16:05:00,45.04,45.12,45.04,45.09,375.023
2026-08-05 16:10:00,45.1,45.12,45.06,45.12,517.472
2026-08-05 16:15:00,45.11,45.18,45.1,45.17,1111.2
2026-08-05 16:20:00,45.17,45.25,45.17,45.22,483.826
2026-08-05 16:25:00,45.22,45.29,45.21,45.28,653.642
2026-08-05 16:30:00,45.28,45.28,45.22,45.24,237.156
2026-08-05 16:35:00,45.23,45.24,45.2,45.23,869.745
2026-08-05 16:40:00,45.23,45.25,45.2,45.22,1015.436
2026-08-05 16:45:00,45.21,45.21,45.11,45.14,484.903
2026-08-05 16:50:00,45.15,45.15,45.12,45.14,374.045
2026-08-05 16:55:00,45.15,45.23,45.14,45.19,463.655
2026-08-05 17:00:00,45.2,45.24,45.19,45.23,748.346
2026-08-05 17:05:00,45.24,45.25,45.16,45.16,631.621
2026-08-05 17:10:00,45.17,45.22,45.16,45.17,428.402
2026-08-05 17:15:00,45.18,45.23,45.17,45.22,298.101
2026-08-05 17:20:00,45.22,45.24,45.2,45.24,191.392
2026-08-05 17:25:00,45.24,45.27,45.23,45.25,365.475
2026-08-05 17:30:00,45.26,45.28,45.23,45.25,346.815
2026-08-05 17:35:00,45.25,45.41,45.25,45.37,671.741
2026-08-05 17:40:00,45.37,45.4,45.36,45.37,236.434
2026-08-05 17:45:00,45.37,45.43,45.37,45.42,330.064
2026-08-05 17:50:00,45.41,45.44,45.38,45.41,585.577
2026-08-05 17:55:00,45.41,45.41,45.36,45.38,471.26
2026-08-05 18:00:00,45.38,45.39,45.35,45.37,379.003
2026-08-05 18:05:00,45.37,45.39,45.33,45.34,899.28
2026-08-05 18:10:00,45.33,45.35,45.28,45.32,970.05
2026-08-05 18:15:00,45.32,45.35,45.29,45.3,356.816
2026-08-05 18:20:00,45.29,45.4,45.29,45.33,1128.028
2026-08-05 18:25:00,45.33,45.34,45.3,45.3,287.967
2026-08-05 18:30:00,45.3,45.31,45.27,45.31,409.451
2026-08-05 18:35:00,45.3,45.35,45.26,45.31,2042.345
2026-08-05 18:40:00,45.31,45.31,45.29,45.31,280.343
2026-08-05 18:45:00,45.31,45.32,45.27,45.28,569.964
2026-08-05 18:50:00,45.27,45.34,45.27,45.34,510.687
2026-08-05 18:55:00,45.34,45.37,45.33,45.36,269.338
2026-08-05 19:00:00,45.35,45.37,45.34,45.36,209.156
2026-08-05 19:05:00,45.35,45.36,45.29,45.3,816.855
2026-08-05 19:10:00,45.3,45.33,45.25,45.33,549.914
2026-08-05 19:15:00,45.33,45.34,45.28,45.3,673.513
2026-08-05 19:20:00,45.31,45.34,45.3,45.34,116.06
2026-08-05 19:25:00,45.34,45.34,45.22,45.24,976.65
2026-08-05 19:30:00,45.24,45.26,45.21,45.22,686.4
2026-08-05 19:35:00,45.22,45.27,45.2,45.26,486.175
2026-08-05 19:40:00,45.27,45.29,45.26,45.28,212.53
2026-08-05 19:45:00,45.28,45.31,45.28,45.3,241.145
2026-08-05 19:50:00,45.3,45.35,45.3,45.32,589.82
2026-08-05 19:55:00,45.33,45.33,45.25,45.27,368.97
2026-08-05 20:00:00,45.27,45.32,45.22,45.26,703.379
2026-08-05 20:05:00,45.26,45.27,45.22,45.26,697.54
2026-08-05 20:10:00,45.27,45.35,45.27,45.34,291.689
2026-08-05 20:15:00,45.34,45.34,45.29,45.31,774.103
2026-08-05 20:20:00,45.31,45.4,45.3,45.4,932.316
2026-08-05 20:25:00,45.4,45.42,45.39,45.41,221.092
2026-08-05 20:30:00,45.42,45.43,45.31,45.38,2718.385
2026-08-05 20:35:00,45.37,45.4,45.36,45.38,297.001
2026-08-05 20:40:00,45.39,45.41,45.36,45.41,568.657
2026-08-05 20:45:00,45.4,45.4,45.36,45.39,374.058
2026-08-05 20:50:00,45.39,45.41,45.36,45.4,329.075
2026-08-05 20:55:00,45.4,45.4,45.32,45.33,712.311
2026-08-05 21:00:00,45.33,45.33,45.21,45.24,1980.956
2026-08-05 21:05:00,45.23,45.25,45.21,45.22,231.469
2026-08-05 21:10:00,45.22,45.29,45.21,45.28,183.304
2026-08-05 21:15:00,45.29,45.29,45.26,45.27,271.776
2026-08-05 21:20:00,45.28,45.29,45.25,45.27,447.616
2026-08-05 21:25:00,45.26,45.28,45.2,45.21,601.405
2026-08-05 21:30:00,45.22,45.22,45.19,45.19,581.335
2026-08-05 21:35:00,45.2,45.21,45.12,45.18,508.357
2026-08-05 21:40:00,45.17,45.2,45.15,45.19,276.705
2026-08-05 21:45:00,45.19,45.28,45.17,45.27,2484.913
2026-08-05 21:50:00,45.28,45.33,45.26,45.27,673.373
2026-08-05 21:55:00,45.27,45.3,45.24,45.27,407.267
2026-08-05 22:00:00,45.26,45.28,45.23,45.26,329.891
2026-08-05 22:05:00,45.25,45.32,45.24,45.25,559.086
2026-08-05 22:10:00,45.25,45.31,45.25,45.26,346.124
2026-08-05 22:15:00,45.26,45.32,45.26,45.32,208.048
2026-08-05 22:20:00,45.32,45.33,45.28,45.3,550.708
2026-08-05 22:25:00,45.3,45.31,45.27,45.29,169.655
2026-08-05 22:30:00,45.3,45.33,45.28,45.32,439.257
2026-08-05 22:35:00,45.32,45.33,45.3,45.3,256.739
2026-08-05 22:40:00,45.3,45.3,45.26,45.29,713.3
2026-08-05 22:45:00,45.28,45.3,45.27,45.28,87.907
2026-08-05 22:50:00,45.28,45.28,45.27,45.28,101.298
2026-08-05 22:55:00,45.27,45.28,45.25,45.26,188.974
2026-08-05 23:00:00,45.25,45.25,45.19,45.23,512.364
2026-08-05 23:05:00,45.22,45.26,45.21,45.26,222.41
2026-08-05 23:10:00,45.26,45.31,45.26,45.31,137.874
2026-08-05 23:15:00,45.3,45.32,45.29,45.32,94.079
2026-08-05 23:20:00,45.32,45.35,45.32,45.34,111.259
2026-08-05 23:25:00,45.34,45.36,45.33,45.35,110.063
2026-08-05 23:30:00,45.34,45.35,45.29,45.34,259.657
2026-08-05 23:35:00,45.34,45.37,45.34,45.34,118.946
2026-08-05 23:40:00,45.34,45.38,45.29,45.29,457.921
2026-08-05 23:45:00,45.29,45.34,45.24,45.34,1270.009
2026-08-05 23:50:00,45.34,45.36,45.33,45.34,422.283
2026-08-05 23:55:00,45.34,45.34,45.31,45.33,133.674
2026-08-06 00:00:00,45.33,45.39,45.32,45.37,347.221
2026-08-06 00:05:00,45.38,45.47,45.37,45.4,1288.277
2026-08-06 00:10:00,45.39,45.4,45.36,45.37,221.362
2026-08-06 00:15:00,45.36,45.41,45.36,45.4,144.482
2026-08-06 00:20:00,45.39,45.4,45.37,45.39,85.461
2026-08-06 00:25:00,45.4,45.43,45.39,45.42,199.538
2026-08-06 00:30:00,45.42,45.44,45.42,45.44,512.66
2026-08-06 00:35:00,45.44,45.44,45.4,45.4,151.445
2026-08-06 00:40:00,45.4,45.42,45.39,45.41,179.658
2026-08-06 00:45:00,45.4,45.41,45.37,45.39,312.824
2026-08-06 00:50:00,45.38,45.38,45.35,45.38,180.422
2026-08-06 00:55:00,45.38,45.39,45.36,45.38,262.213
2026-08-06 01:00:00,45.37,45.4,45.35,45.36,492.966
2026-08-06 01:05:00,45.35,45.38,45.3,45.38,1009.384
2026-08-06 01:10:00,45.38,45.38,45.34,45.35,274.025
2026-08-06 01:15:00,45.34,45.34,45.3,45.31,203.42
2026-08-06 01:20:00,45.3,45.3,45.25,45.26,328.428
2026-08-06 01:25:00,45.26,45.27,45.18,45.19,397.756
2026-08-06 01:30:00,45.19,45.27,45.15,45.23,382.794
2026-08-06 01:35:00,45.22,45.24,45.21,45.24,100.6
2026-08-06 01:40:00,45.24,45.25,45.23,45.23,134.628
2026-08-06 01:45:00,45.22,45.3,45.22,45.29,429.578
2026-08-06 01:50:00,45.29,45.31,45.28,45.29,360.213
2026-08-06 01:55:00,45.29,45.31,45.25,45.25,131.225
2026-08-06 02:00:00,45.25,45.25,45.2,45.24,201.678
2026-08-06 02:05:00,45.24,45.25,45.2,45.21,508.601
2026-08-06 02:10:00,45.21,45.21,45.1,45.1,612.706
2026-08-06 02:15:00,45.1,45.12,44.98,45.0,2316.732
2026-08-06 02:20:00,45.0,45.03,44.94,44.98,1228.11
2026-08-06 02:25:00,44.98,45.04,44.98,45.04,647.623
2026-08-06 02:30:00,45.03,45.06,45.01,45.05,244.45
2026-08-06 02:35:00,45.05,45.06,45.0,45.03,256.965
2026-08-06 02:40:00,45.02,45.04,45.02,45.04,219.922
2026-08-06 02:45:00,45.03,45.04,44.98,45.03,657.756
2026-08-06 02:50:00,45.03,45.03,44.98,44.99,315.539
2026-08-06 02:55:00,44.99,45.0,44.98,44.99,144.495
2026-08-06 03:00:00,44.98,44.98,44.95,44.98,201.59
2026-08-06 03:05:00,44.97,44.99,44.92,44.96,362.259
2026-08-06 03:10:00,44.95,45.0,44.92,44.98,2329.269
2026-08-06 03:15:00,44.98,44.98,44.94,44.95,94.193
2026-08-06 03:20:00,44.94,44.97,44.93,44.93,150.677
2026-08-06 03:25:00,44.93,44.96,44.93,44.96,115.742
2026-08-06 03:30:00,44.96,44.96,44.91,44.92,229.167
2026-08-06 03:35:00,44.93,44.99,44.92,44.98,124.011
2026-08-06 03:40:00,44.98,44.99,44.95,44.95,118.254
2026-08-06 03:45:00,44.95,44.98,44.93,44.98,221.79
2026-08-06 03:50:00,44.98,44.98,44.95,44.95,119.599
2026-08-06 03:55:00,44.95,44.96,44.94,44.96,275.905
2026-08-06 04:00:00,44.95,44.99,44.89,44.93,445.928
2026-08-06 04:05:00,44.93,44.99,44.93,44.99,142.003
2026-08-06 04:10:00,44.99,45.04,44.99,45.03,82.284
2026-08-06 04:15:00,45.04,45.1,45.03,45.1,146.853
2026-08-06 04:20:00,45.1,45.15,45.1,45.11,105.144
2026-08-06 04:25:00,45.11,45.14,45.11,45.11,298.01
2026-08-06 04:30:00,45.1,45.14,45.1,45.12,334.601
2026-08-06 04:35:00,45.11,45.13,45.09,45.09,327.881
2026-08-06 04:40:00,45.09,45.09,45.07,45.08,185.49
2026-08-06 04:45:00,45.07,45.08,45.04,45.05,194.074
2026-08-06 04:50:00,45.06,45.11,45.06,45.11,202.196
2026-08-06 04:55:00,45.1,45.11,45.06,45.09,734.245
2026-08-06 05:00:00,45.1,45.11,45.08,45.08,500.467
2026-08-06 05:05:00,45.08,45.19,45.07,45.17,384.178
2026-08-06 05:10:00,45.16,45.17,45.11,45.13,506.261
2026-08-06 05:15:00,45.14,45.17,45.07,45.1,843.294
2026-08-06 05:20:00,45.1,45.14,45.08,45.14,410.479
2026-08-06 05:25:00,45.14,45.15,45.06,45.07,300.494
2026-08-06 05:30:00,45.07,45.07,45.02,45.05,176.04
2026-08-06 05:35:00,45.05,45.07,45.04,45.04,110.582
2026-08-06 05:40:00,45.05,45.06,45.04,45.06,77.178
2026-08-06 05:45:00,45.06,45.07,45.04,45.05,308.992
2026-08-06 05:50:00,45.05,45.08,45.04,45.05,331.396
2026-08-06 05:55:00,45.05,45.08,45.03,45.08,262.772
2026-08-06 06:00:00,45.07,45.08,45.05,45.08,137.505
2026-08-06 06:05:00,45.08,45.09,45.05,45.07,329.541
2026-08-06 06:10:00,45.08,45.08,45.03,45.03,170.095
2026-08-06 06:15:00,45.03,45.04,45.02,45.03,112.065
2026-08-06 06:20:00,45.03,45.07,45.02,45.07,912.043
2026-08-06 06:25:00,45.06,45.08,45.03,45.03,355.351
2026-08-06 06:30:00,45.03,45.06,45.03,45.06,131.411
2026-08-06 06:35:00,45.05,45.07,45.04,45.07,433.026
2026-08-06 06:40:00,45.07,45.1,45.06,45.07,603.091
2026-08-06 06:45:00,45.08,45.08,45.06,45.06,183.741
2026-08-06 06:50:00,45.06,45.09,45.06,45.08,122.406
2026-08-06 06:55:00,45.08,45.08,45.06,45.08,221.947
2026-08-06 07:00:00,45.07,45.08,45.0,45.0,1023.141
2026-08-06 07:05:00,45.01,45.02,44.98,44.98,315.258
2026-08-06 07:10:00,44.98,45.06,44.97,45.04,286.564
2026-08-06 07:15:00,45.03,45.05,45.02,45.04,165.655
2026-08-06 07:20:00,45.04,45.06,45.03,45.04,500.843
2026-08-06 07:25:00,45.05,45.06,45.02,45.04,201.079
2026-08-06 07:30:00,45.04,45.09,45.02,45.06,448.776
2026-08-06 07:35:00,45.06,45.12,45.03,45.03,692.252
2026-08-06 07:40:00,45.03,45.05,45.01,45.03,625.962
2026-08-06 07:45:00,45.02,45.05,45.01,45.03,662.21
2026-08-06 07:50:00,45.02,45.07,45.02,45.07,259.506
2026-08-06 07:55:00,45.07,45.08,45.02,45.03,170.389
2026-08-06 08:00:00,45.04,45.05,45.02,45.03,246.3
2026-08-06 08:05:00,45.04,45.05,45.01,45.02,402.105
2026-08-06 08:10:00,45.03,45.04,45.01,45.01,325.695
2026-08-06 08:15:00,45.02,45.02,44.97,45.01,906.808
2026-08-06 08:20:00,45.01,45.08,45.0,45.05,525.01
2026-08-06 08:25:00,45.05,45.07,45.04,45.05,446.715
2026-08-06 08:30:00,45.06,45.09,45.05,45.06,501.081
2026-08-06 08:35:00,45.07,45.07,45.05,45.07,375.696
2026-08-06 08:40:00,45.07,45.09,45.02,45.06,768.427
2026-08-06 08:45:00,45.06,45.06,45.03,45.05,667.309
2026-08-06 08:50:00,45.04,45.14,45.04,45.1,1276.304
2026-08-06 08:55:00,45.1,45.12,45.09,45.11,200.491
2026-08-06 09:00:00,45.11,45.13,45.08,45.09,1281.048
2026-08-06 09:05:00,45.09,45.14,45.07,45.09,1083.5
2026-08-06 09:10:00,45.08,45.08,44.97,45.0,887.696
2026-08-06 09:15:00,44.99,45.02,44.98,45.01,472.012
2026-08-06 09:20:00,45.01,45.06,45.0,45.01,510.855
2026-08-06 09:25:00,45.01,45.03,44.96,44.98,530.052
2026-08-06 09:30:00,44.98,45.07,44.95,45.06,787.662
2026-08-06 09:35:00,45.07,45.07,45.0,45.01,981.597
2026-08-06 09:40:00,45.0,45.01,44.96,44.98,324.135
2026-08-06 09:45:00,44.98,44.99,44.95,44.99,395.147
2026-08-06 09:50:00,44.99,45.0,44.97,44.98,175.368
2026-08-06 09:55:00,44.98,45.02,44.93,44.98,1693.196
2026-08-06 10:00:00,44.98,44.98,44.94,44.96,911.09
2026-08-06 10:05:00,44.96,44.96,44.94,44.96,186.039
2026-08-06 10:10:00,44.96,44.96,44.87,44.94,1242.753
2026-08-06 10:15:00,44.95,45.0,44.94,45.0,228.547
2026-08-06 10:20:00,44.99,44.99,44.95,44.99,1141.068
2026-08-06 10:25:00,44.99,44.99,44.94,44.98,700.403
2026-08-06 10:30:00,44.98,44.98,44.95,44.96,395.585
2026-08-06 10:35:00,44.96,45.0,44.94,44.98,1364.07
2026-08-06 10:40:00,44.97,44.98,44.91,44.92,423.404
2026-08-06 10:45:00,44.92,44.92,44.88,44.89,639.358
2026-08-06 10:50:00,44.89,44.94,44.88,44.92,640.436
2026-08-06 10:55:00,44.91,44.93,44.89,44.9,286.972
2026-08-06 11:00:00,44.91,44.91,44.85,44.86,350.719
2026-08-06 11:05:00,44.86,44.87,44.75,44.82,4005.532
2026-08-06 11:10:00,44.82,44.86,44.81,44.84,307.502
2026-08-06 11:15:00,44.85,44.93,44.85,44.91,620.661
2026-08-06 11:20:00,44.91,44.96,44.87,44.92,1912.815
2026-08-06 11:25:00,44.92,44.93,44.91,44.92,314.22
2026-08-06 11:30:00,44.92,44.96,44.91,44.96,640.449
2026-08-06 11:35:00,44.96,44.97,44.94,44.95,652.752
2026-08-06 11:40:00,44.95,44.95,44.9,44.92,948.89
2026-08-06 11:45:00,44.91,44.95,44.91,44.93,961.498
2026-08-06 11:50:00,44.94,44.96,44.91,44.95,932.618
2026-08-06 11:55:00,44.96,45.06,44.95,45.06,1419.367
2026-08-06 12:00:00,45.06,45.14,45.06,45.13,1655.999
2026-08-06 12:05:00,45.14,45.14,45.04,45.06,877.063
2026-08-06 12:10:00,45.06,45.12,45.05,45.11,712.485
2026-08-06 12:15:00,45.11,45.13,45.1,45.11,441.105
2026-08-06 12:20:00,45.11,45.15,45.1,45.15,752.726
2026-08-06 12:25:00,45.15,45.22,45.14,45.21,370.991
2026-08-06 12:30:00,45.22,45.29,45.2,45.27,1537.653
2026-08-06 12:35:00,45.27,45.4,45.27,45.39,949.014
2026-08-06 12:40:00,45.4,45.4,45.34,45.35,561.157
2026-08-06 12:45:00,45.35,45.36,45.3,45.35,851.569
2026-08-06 12:50:00,45.34,45.34,45.29,45.29,2054.262
2026-08-06 12:55:00,45.28,45.28,45.18,45.2,674.369
2026-08-06 13:00:00,45.2,45.21,45.15,45.17,707.18
2026-08-06 13:05:00,45.18,45.18,45.06,45.08,762.526
2026-08-06 13:10:00,45.09,45.18,45.08,45.17,627.12
2026-08-06 13:15:00,45.18,45.21,45.16,45.17,574.259
2026-08-06 13:20:00,45.18,45.23,45.18,45.2,847.791
2026-08-06 13:25:00,45.19,45.24,45.12,45.24,2411.31
2026-08-06 13:30:00,45.23,45.35,45.18,45.34,3380.666
2026-08-06 13:35:00,45.34,45.41,45.29,45.41,1532.652
2026-08-06 13:40:00,45.41,45.53,45.37,45.4,8107.436
2026-08-06 13:45:00,45.4,45.45,45.35,45.45,1488.473
2026-08-06 13:50:00,45.44,45.5,45.4,45.43,1623.854
2026-08-06 13:55:00,45.43,45.5,45.42,45.48,699.605
2026-08-06 14:00:00,45.48,45.52,45.45,45.51,1940.099
2026-08-06 14:05:00,45.52,45.56,45.48,45.49,724.09
2026-08-06 14:10:00,45.49,45.5,45.45,45.45,416.425
2026-08-06 14:15:00,45.44,45.49,45.41,45.45,1331.097
2026-08-06 14:20:00,45.45,45.51,45.44,45.46,835.987
2026-08-06 14:25:00,45.46,45.46,45.4,45.41,238.322
2026-08-06 14:30:00,45.4,45.47,45.35,45.46,487.788
2026-08-06 14:35:00,45.46,45.51,45.46,45.49,501.614
2026-08-06 14:40:00,45.49,45.57,45.48,45.51,991.213
2026-08-06 14:45:00,45.51,45.61,45.5,45.52,1197.159
2026-08-06 14:50:00,45.52,45.54,45.49,45.53,528.33
2026-08-06 14:55:00,45.54,45.58,45.52,45.56,1147.88
2026-08-06 15:00:00,45.56,45.68,45.55,45.64,2736.739
2026-08-06 15:05:00,45.63,45.68,45.61,45.64,407.831
2026-08-06 15:10:00,45.64,45.69,45.6,45.65,1049.542
2026-08-06 15:15:00,45.65,45.69,45.62,45.63,777.262
2026-08-06 15:20:00,45.62,45.73,45.6,45.72,508.056
2026-08-06 15:25:00,45.72,45.73,45.67,45.73,397.355
2026-08-06 15:30:00,45.73,45.73,45.64,45.65,409.726
2026-08-06 15:35:00,45.64,45.73,45.62,45.72,1450.906
2026-08-06 15:40:00,45.71,45.74,45.65,45.73,658.777
2026-08-06 15:45:00,45.73,45.77,45.69,45.76,786.609
2026-08-06 15:50:00,45.76,45.77,45.69,45.72,1231.292
2026-08-06 15:55:00,45.72,45.73,45.68,45.71,731.492
2026-08-06 16:00:00,45.71,45.77,45.68,45.77,683.324
2026-08-06 16:05:00,45.77,45.77,45.66,45.66,436.23
2026-08-06 16:10:00,45.67,45.72,45.61,45.64,726.139
2026-08-06 16:15:00,45.64,45.78,45.64,45.78,916.003
2026-08-06 16:20:00,45.78,45.78,45.61,45.66,692.753
2026-08-06 16:25:00,45.65,45.67,45.61,45.62,1913.661
2026-08-06 16:30:00,45.61,45.66,45.59,45.63,922.754
2026-08-06 16:35:00,45.63,45.69,45.59,45.69,554.807
2026-08-06 16:40:00,45.69,45.71,45.68,45.69,277.574
2026-08-06 16:45:00,45.69,45.75,45.66,45.75,773.211
2026-08-06 16:50:00,45.75,45.77,45.73,45.74,436.239
2026-08-06 16:55:00,45.74,45.76,45.73,45.75,305.643
2026-08-06 17:00:00,45.74,45.82,45.74,45.79,771.988
2026-08-06 17:05:00,45.79,45.82,45.74,45.78,728.239
2026-08-06 17:10:00,45.79,45.85,45.74,45.76,950.366
2026-08-06 17:15:00,45.76,45.77,45.67,45.67,922.518
2026-08-06 17:20:00,45.68,45.74,45.68,45.69,383.153
2026-08-06 17:25:00,45.7,45.74,45.69,45.7,563.263
2026-08-06 17:30:00,45.7,45.77,45.69,45.7,628.679
2026-08-06 17:35:00,45.7,45.76,45.69,45.72,512.761
2026-08-06 17:40:00,45.73,45.74,45.65,45.68,587.347
2026-08-06 17:45:00,45.68,45.72,45.67,45.69,735.232
2026-08-06 17:50:00,45.69,45.71,45.67,45.7,201.279
2026-08-06 17:55:00,45.7,45.72,45.64,45.65,706.0
2026-08-06 18:00:00,45.65,45.69,45.61,45.61,450.268
2026-08-06 18:05:00,45.6,45.61,45.51,45.54,463.58
2026-08-06 18:10:00,45.55,45.59,45.51,45.57,362.381
2026-08-06 18:15:00,45.58,45.61,45.55,45.59,284.008
2026-08-06 18:20:00,45.59,45.63,45.57,45.57,715.303
2026-08-06 18:25:00,45.57,45.58,45.55,45.57,610.501
2026-08-06 18:30:00,45.57,45.57,45.46,45.47,833.106
2026-08-06 18:35:00,45.47,45.52,45.46,45.48,450.848
2026-08-06 18:40:00,45.47,45.48,45.41,45.42,556.916
2026-08-06 18:45:00,45.41,45.46,45.39,45.44,513.322
2026-08-06 18:50:00,45.44,45.47,45.43,45.43,415.827
2026-08-06 18:55:00,45.43,45.55,45.43,45.52,1183.663
2026-08-06 19:00:00,45.51,45.55,45.49,45.55,269.771
2026-08-06 19:05:00,45.55,45.55,45.46,45.47,528.456
2026-08-06 19:10:00,45.46,45.52,45.44,45.51,645.547
2026-08-06 19:15:00,45.51,45.51,45.44,45.48,650.486
2026-08-06 19:20:00,45.47,45.53,45.47,45.49,183.874
2026-08-06 19:25:00,45.49,45.49,45.41,45.46,204.521
2026-08-06 19:30:00,45.46,45.48,45.41,45.45,322.769
2026-08-06 19:35:00,45.44,45.49,45.44,45.49,310.517
2026-08-06 19:40:00,45.48,45.49,45.46,45.46,343.994
2026-08-06 19:45:00,45.46,45.48,45.41,45.41,375.543
2026-08-06 19:50:00,45.4,45.45,45.37,45.41,1005.535
2026-08-06 19:55:00,45.42,45.44,45.39,45.39,345.882
2026-08-06 20:00:00,45.4,45.48,45.4,45.47,546.669
2026-08-06 20:05:00,45.48,45.48,45.43,45.47,181.911
2026-08-06 20:10:00,45.46,45.51,45.46,45.51,345.418
2026-08-06 20:15:00,45.51,45.57,45.49,45.5,833.736
2026-08-06 20:20:00,45.49,45.5,45.45,45.47,660.709
2026-08-06 20:25:00,45.47,45.52,45.46,45.47,531.272
2026-08-06 20:30:00,45.47,45.53,45.46,45.53,205.341
2026-08-06 20:35:00,45.53,45.55,45.52,45.54,324.796
2026-08-06 20:40:00,45.55,45.58,45.49,45.5,844.34
2026-08-06 20:45:00,45.5,45.54,45.46,45.52,468.043
2026-08-06 20:50:00,45.52,45.59,45.52,45.55,1030.041
2026-08-06 20:55:00,45.55,45.57,45.52,45.52,221.028
2026-08-06 21:00:00,45.52,45.57,45.51,45.56,417.47
2026-08-06 21:05:00,45.55,45.57,45.51,45.51,720.92
2026-08-06 21:10:00,45.52,45.56,45.5,45.53,393.975
2026-08-06 21:15:00,45.53,45.54,45.51,45.54,209.165
2026-08-06 21:20:00,45.54,45.6,45.53,45.57,394.703
2026-08-06 21:25:00,45.57,45.58,45.56,45.58,254.302
2026-08-06 21:30:00,45.57,45.61,45.57,45.59,483.086
2026-08-06 21:35:00,45.6,45.68,45.6,45.65,743.481
2026-08-06 21:40:00,45.65,45.66,45.59,45.6,342.535
2026-08-06 21:45:00,45.61,45.61,45.59,45.6,47.822
2026-08-06 21:50:00,45.59,45.59,45.55,45.55,619.956
2026-08-06 21:55:00,45.55,45.57,45.53,45.54,298.548
2026-08-06 22:00:00,45.53,45.53,45.44,45.5,339.574
2026-08-06 22:05:00,45.5,45.55,45.47,45.48,279.566
2026-08-06 22:10:00,45.49,45.54,45.47,45.54,847.578
2026-08-06 22:15:00,45.54,45.54,45.47,45.48,492.486
2026-08-06 22:20:00,45.47,45.48,45.41,45.42,245.246
2026-08-06 22:25:00,45.43,45.5,45.42,45.44,644.78
2026-08-06 22:30:00,45.44,45.5,45.44,45.5,345.797
2026-08-06 22:35:00,45.48,45.48,45.46,45.48,182.564
2026-08-06 22:40:00,45.48,45.5,45.44,45.44,303.481
2026-08-06 22:45:00,45.45,45.47,45.44,45.47,283.126
2026-08-06 22:50:00,45.46,45.5,45.46,45.47,331.912
2026-08-06 22:55:00,45.47,45.48,45.46,45.46,185.136
2026-08-06 23:00:00,45.47,45.47,45.43,45.45,250.442
2026-08-06 23:05:00,45.45,45.45,45.42,45.45,168.01
2026-08-06 23:10:00,45.44,45.46,45.44,45.45,443.248
2026-08-06 23:15:00,45.45,45.46,45.4,45.4,183.223
2026-08-06 23:20:00,45.4,45.41,45.34,45.41,630.218
2026-08-06 23:25:00,45.4,45.41,45.36,45.41,354.343
2026-08-06 23:30:00,45.4,45.43,45.39,45.43,392.098
2026-08-06 23:35:00,45.42,45.42,45.37,45.41,256.577
2026-08-06 23:40:00,45.4,45.43,45.39,45.41,327.44
2026-08-06 23:45:00,45.41,45.45,45.41,45.43,607.608
2026-08-06 23:50:00,45.44,45.46,45.43,45.46,115.18
2026-08-06 23:55:00,45.46,45.46,45.44,45.45,217.661
2026-08-07 00:00:00,45.46,45.46,45.39,45.46,1393.729
2026-08-07 00:05:00,45.46,45.51,45.45,45.5,606.205
2026-08-07 00:10:00,45.51,45.55,45.47,45.47,672.735
2026-08-07 00:15:00,45.47,45.48,45.44,45.45,184.129
2026-08-07 00:20:00,45.44,45.54,45.44,45.54,451.556
2026-08-07 00:25:00,45.54,45.6,45.52,45.53,737.775
2026-08-07 00:30:00,45.54,45.6,45.5,45.59,1390.528
2026-08-07 00:35:00,45.59,45.59,45.5,45.54,1079.473
2026-08-07 00:40:00,45.54,45.55,45.51,45.55,232.898
2026-08-07 00:45:00,45.55,45.57,45.51,45.52,262.399
2026-08-07 00:50:00,45.51,45.58,45.51,45.57,449.747
2026-08-07 00:55:00,45.56,45.58,45.53,45.57,306.975
2026-08-07 01:00:00,45.57,45.67,45.57,45.63,754.45
2026-08-07 01:05:00,45.63,45.68,45.59,45.6,598.14
2026-08-07 01:10:00,45.59,45.64,45.59,45.64,320.729
2026-08-07 01:15:00,45.63,45.65,45.6,45.63,284.169
2026-08-07 01:20:00,45.62,45.63,45.57,45.58,171.631
2026-08-07 01:25:00,45.58,45.66,45.58,45.62,474.764
2026-08-07 01:30:00,45.63,45.67,45.62,45.64,242.61
2026-08-07 01:35:00,45.63,45.66,45.6,45.6,280.939
2026-08-07 01:40:00,45.59,45.69,45.56,45.66,1009.78
2026-08-07 01:45:00,45.66,45.67,45.64,45.66,320.663
2026-08-07 01:50:00,45.66,45.67,45.59,45.61,445.414
2026-08-07 01:55:00,45.6,45.63,45.59,45.63,295.242
2026-08-07 02:00:00,45.63,45.68,45.62,45.67,514.211
2026-08-07 02:05:00,45.66,45.66,45.59,45.6,169.988
2026-08-07 02:10:00,45.6,45.63,45.53,45.63,372.466
2026-08-07 02:15:00,45.63,45.71,45.63,45.69,1050.55
2026-08-07 02:20:00,45.69,45.69,45.62,45.66,502.47
2026-08-07 02:25:00,45.66,45.66,45.6,45.61,225.076
2026-08-07 02:30:00,45.6,45.64,45.58,45.61,402.257
2026-08-07 02:35:00,45.62,45.63,45.56,45.57,274.818
2026-08-07 02:40:00,45.57,45.61,45.55,45.59,506.156
2026-08-07 02:45:00,45.59,45.62,45.58,45.6,205.947
2026-08-07 02:50:00,45.6,45.63,45.59,45.59,161.058
2026-08-07 02:55:00,45.59,45.6,45.53,45.53,359.843
2026-08-07 03:00:00,45.54,45.55,45.48,45.52,1443.616
2026-08-07 03:05:00,45.53,45.57,45.52,45.56,150.694
2026-08-07 03:10:00,45.55,45.57,45.53,45.56,151.265
2026-08-07 03:15:00,45.56,45.57,45.55,45.55,169.887
2026-08-07 03:20:00,45.55,45.57,45.52,45.56,217.347
2026-08-07 03:25:00,45.55,45.56,45.54,45.55,124.798
2026-08-07 03:30:00,45.55,45.64,45.55,45.59,1296.854
2026-08-07 03:35:00,45.58,45.63,45.57,45.58,479.329
2026-08-07 03:40:00,45.58,45.6,45.56,45.58,142.691
2026-08-07 03:45:00,45.57,45.57,45.54,45.57,258.726
2026-08-07 03:50:00,45.57,45.58,45.49,45.51,181.27
2026-08-07 03:55:00,45.52,45.52,45.45,45.49,410.746
2026-08-07 04:00:00,45.49,45.49,45.39,45.46,1036.455
2026-08-07 04:05:00,45.45,45.48,45.44,45.47,214.417
2026-08-07 04:10:00,45.47,45.48,45.44,45.45,400.388
2026-08-07 04:15:00,45.45,45.48,45.43,45.48,858.908
2026-08-07 04:20:00,45.47,45.52,45.47,45.51,237.109
2026-08-07 04:25:00,45.51,45.51,45.43,45.46,1161.04
2026-08-07 04:30:00,45.46,45.49,45.45,45.48,144.375
2026-08-07 04:35:00,45.48,45.48,45.41,45.41,261.674
2026-08-07 04:40:00,45.42,45.43,45.38,45.42,441.459
2026-08-07 04:45:00,45.43,45.43,45.38,45.38,419.407
2026-08-07 04:50:00,45.38,45.39,45.33,45.37,372.759
2026-08-07 04:55:00,45.38,45.43,45.37,45.43,276.801
2026-08-07 05:00:00,45.43,45.48,45.43,45.48,235.396
2026-08-07 05:05:00,45.48,45.49,45.46,45.48,196.716
2026-08-07 05:10:00,45.47,45.48,45.45,45.48,141.581
2026-08-07 05:15:00,45.47,45.48,45.45,45.45,117.909
2026-08-07 05:20:00,45.46,45.48,45.43,45.44,211.106
2026-08-07 05:25:00,45.45,45.45,45.42,45.42,234.558
2026-08-07 05:30:00,45.42,45.42,45.36,45.36,176.458
2026-08-07 05:35:00,45.37,45.41,45.36,45.41,285.586
2026-08-07 05:40:00,45.41,45.44,45.4,45.43,214.035
2026-08-07 05:45:00,45.43,45.49,45.42,45.47,373.041
2026-08-07 05:50:00,45.48,45.52,45.47,45.49,305.374
2026-08-07 05:55:00,45.49,45.49,45.46,45.49,415.137
2026-08-07 06:00:00,45.49,45.52,45.47,45.5,1377.697
2026-08-07 06:05:00,45.5,45.52,45.49,45.51,169.912
2026-08-07 06:10:00,45.51,45.57,45.5,45.57,629.385
2026-08-07 06:15:00,45.57,45.65,45.57,45.64,1198.885
2026-08-07 06:20:00,45.63,45.64,45.61,45.63,355.513
2026-08-07 06:25:00,45.63,45.64,45.6,45.63,247.032
2026-08-07 06:30:00,45.62,45.62,45.57,45.58,235.2
2026-08-07 06:35:00,45.57,45.6,45.54,45.58,587.074
2026-08-07 06:40:00,45.58,45.6,45.56,45.58,499.206
2026-08-07 06:45:00,45.58,45.59,45.54,45.54,204.87
2026-08-07 06:50:00,45.55,45.58,45.54,45.57,214.868
2026-08-07 06:55:00,45.57,45.61,45.56,45.57,334.945
2026-08-07 07:00:00,45.57,45.59,45.52,45.59,398.529
2026-08-07 07:05:00,45.59,45.63,45.58,45.61,182.331
2026-08-07 07:10:00,45.62,45.63,45.6,45.61,154.859
2026-08-07 07:15:00,45.62,45.65,45.61,45.65,336.775
2026-08-07 07:20:00,45.64,45.71,45.63,45.69,2303.737
2026-08-07 07:25:00,45.69,45.7,45.65,45.67,287.657
2026-08-07 07:30:00,45.66,45.68,45.65,45.67,716.389
2026-08-07 07:35:00,45.66,45.68,45.65,45.65,246.736
2026-08-07 07:40:00,45.65,45.65,45.59,45.6,499.211
2026-08-07 07:45:00,45.59,45.6,45.58,45.59,341.775
2026-08-07 07:50:00,45.58,45.62,45.58,45.61,165.673
2026-08-07 07:55:00,45.62,45.62,45.58,45.58,134.557
2026-08-07 08:00:00,45.59,45.64,45.58,45.61,479.994
2026-08-07 08:05:00,45.62,45.64,45.62,45.64,137.211
2026-08-07 08:10:00,45.64,45.68,45.63,45.67,205.818
2026-08-07 08:15:00,45.67,45.68,45.64,45.67,196.409
2026-08-07 08:20:00,45.68,45.68,45.64,45.65,318.07
2026-08-07 08:25:00,45.65,45.68,45.64,45.68,264.356
2026-08-07 08:30:00,45.68,45.73,45.67,45.72,272.698
2026-08-07 08:35:00,45.72,45.74,45.69,45.73,251.032
2026-08-07 08:40:00,45.72,45.84,45.72,45.84,1207.69
2026-08-07 08:45:00,45.84,45.84,45.78,45.8,321.366
2026-08-07 08:50:00,45.8,45.82,45.79,45.82,219.566
2026-08-07 08:55:00,45.82,45.85,45.82,45.84,270.443
2026-08-07 09:00:00,45.83,45.85,45.79,45.81,449.084
2026-08-07 09:05:00,45.8,45.81,45.77,45.79,543.363
2026-08-07 09:10:00,45.8,45.84,45.78,45.79,1187.052
2026-08-07 09:15:00,45.79,45.8,45.74,45.76,847.674
2026-08-07 09:20:00,45.76,45.84,45.76,45.84,196.518
2026-08-07 09:25:00,45.84,45.86,45.78,45.8,705.129
2026-08-07 09:30:00,45.81,45.94,45.8,45.94,878.9
2026-08-07 09:35:00,45.94,45.97,45.89,45.9,943.118
2026-08-07 09:40:00,45.9,45.92,45.85,45.86,303.493
2026-08-07 09:45:00,45.86,45.86,45.78,45.78,924.482
2026-08-07 09:50:00,45.79,45.79,45.71,45.73,819.96
2026-08-07 09:55:00,45.72,45.75,45.72,45.75,411.94
2026-08-07 10:00:00,45.75,45.78,45.71,45.76,956.236
2026-08-07 10:05:00,45.76,45.8,45.75,45.79,701.854
2026-08-07 10:10:00,45.8,45.82,45.79,45.82,859.74
2026-08-07 10:15:00,45.81,45.84,45.8,45.82,650.137
2026-08-07 10:20:00,45.81,45.82,45.76,45.77,547.064
2026-08-07 10:25:00,45.77,45.84,45.77,45.81,419.151
2026-08-07 10:30:00,45.81,45.82,45.76,45.81,889.704
2026-08-07 10:35:00,45.81,45.81,45.78,45.79,668.438
2026-08-07 10:40:00,45.78,45.78,45.72,45.76,551.104
2026-08-07 10:45:00,45.76,45.78,45.75,45.76,542.339
2026-08-07 10:50:00,45.76,45.78,45.71,45.73,2477.523
2026-08-07 10:55:00,45.72,45.72,45.69,45.71,443.989
2026-08-07 11:00:00,45.7,45.76,45.7,45.76,438.448
2026-08-07 11:05:00,45.76,45.78,45.75,45.78,150.22
2026-08-07 11:10:00,45.78,45.79,45.77,45.79,251.119
2026-08-07 11:15:00,45.78,45.81,45.77,45.77,774.61
2026-08-07 11:20:00,45.77,45.84,45.74,45.82,1717.596
2026-08-07 11:25:00,45.82,45.87,45.78,45.78,985.251
2026-08-07 11:30:00,45.79,45.8,45.76,45.78,931.298
2026-08-07 11:35:00,45.79,45.82,45.78,45.8,479.324
2026-08-07 11:40:00,45.81,45.85,45.79,45.83,2019.317
2026-08-07 11:45:00,45.83,45.85,45.75,45.75,507.98
2026-08-07 11:50:00,45.75,45.76,45.71,45.76,692.902
2026-08-07 11:55:00,45.76,45.76,45.67,45.7,3096.953
2026-08-07 12:00:00,45.71,45.78,45.66,45.77,3491.852
2026-08-07 12:05:00,45.77,45.79,45.72,45.79,1148.84
2026-08-07 12:10:00,45.79,45.83,45.78,45.79,964.422
2026-08-07 12:15:00,45.8,45.83,45.77,45.78,712.473
2026-08-07 12:20:00,45.78,45.79,45.74,45.79,629.264
2026-08-07 12:25:00,45.78,45.84,45.77,45.84,1410.405
2026-08-07 12:30:00,45.85,46.02,45.75,45.75,4492.782
2026-08-07 12:35:00,45.74,45.8,45.73,45.73,555.976
2026-08-07 12:40:00,45.74,45.77,45.72,45.76,1319.53
2026-08-07 12:45:00,45.75,45.81,45.75,45.78,389.611
2026-08-07 12:50:00,45.79,45.84,45.74,45.81,1395.642
2026-08-07 12:55:00,45.81,45.82,45.76,45.8,536.446
2026-08-07 13:00:00,45.8,45.8,45.71,45.75,1175.765
2026-08-07 13:05:00,45.75,45.8,45.74,45.78,355.047
2026-08-07 13:10:00,45.77,45.78,45.75,45.76,603.896
2026-08-07 13:15:00,45.76,45.77,45.72,45.75,447.416
2026-08-07 13:20:00,45.76,45.77,45.71,45.72,368.873
2026-08-07 13:25:00,45.71,45.75,45.69,45.75,305.635
2026-08-07 13:30:00,45.74,45.79,45.72,45.79,657.702
2026-08-07 13:35:00,45.79,45.87,45.78,45.83,706.307
2026-08-07 13:40:00,45.84,45.85,45.8,45.83,1428.711
2026-08-07 13:45:00,45.83,45.83,45.72,45.77,932.865
2026-08-07 13:50:00,45.77,45.79,45.74,45.77,900.703
2026-08-07 13:55:00,45.77,45.78,45.71,45.73,504.887
2026-08-07 14:00:00,45.72,45.74,45.64,45.66,792.763
2026-08-07 14:05:00,45.65,45.67,45.63,45.66,603.049
2026-08-07 14:10:00,45.66,45.69,45.61,45.62,693.19
2026-08-07 14:15:00,45.62,45.72,45.6,45.7,748.017
2026-08-07 14:20:00,45.71,45.72,45.66,45.72,524.181
2026-08-07 14:25:00,45.71,45.74,45.71,45.74,165.739
2026-08-07 14:30:00,45.74,45.76,45.71,45.76,467.198
2026-08-07 14:35:00,45.75,45.81,45.74,45.76,604.177
2026-08-07 14:40:00,45.75,45.78,45.74,45.75,508.863
2026-08-07 14:45:00,45.74,45.81,45.74,45.74,1254.952
2026-08-07 14:50:00,45.74,45.76,45.63,45.66,2534.822
2026-08-07 14:55:00,45.67,45.69,45.64,45.64,438.378
2026-08-07 15:00:00,45.64,45.7,45.6,45.6,2471.588
2026-08-07 15:05:00,45.6,45.7,45.59,45.7,1561.388
2026-08-07 15:10:00,45.7,45.8,45.65,45.8,1860.713
2026-08-07 15:15:00,45.8,45.92,45.79,45.85,1058.153
2026-08-07 15:20:00,45.85,45.94,45.81,45.89,1853.568
2026-08-07 15:25:00,45.89,45.92,45.88,45.9,750.195
2026-08-07 15:30:00,45.91,46.05,45.88,45.89,2617.081
2026-08-07 15:35:00,45.89,46.0,45.88,45.96,1838.322
2026-08-07 15:40:00,45.96,46.03,45.95,46.0,3429.094
2026-08-07 15:45:00,46.01,46.06,45.97,46.04,1597.883
2026-08-07 15:50:00,46.04,46.05,45.93,45.93,1530.596
2026-08-07 15:55:00,45.94,45.96,45.89,45.96,1111.17
2026-08-07 16:00:00,45.96,46.06,45.94,46.04,1096.647
2026-08-07 16:05:00,46.04,46.07,46.0,46.02,1684.665
2026-08-07 16:10:00,46.03,46.07,45.97,46.04,1251.143
2026-08-07 16:15:00,46.03,46.03,45.95,45.97,545.776
2026-08-07 16:20:00,45.96,46.0,45.92,45.92,953.016
2026-08-07 16:25:00,45.93,45.95,45.86,45.88,1285.187
2026-08-07 16:30:00,45.87,46.0,45.85,46.0,1301.299
2026-08-07 16:35:00,45.99,46.01,45.95,45.98,384.257
2026-08-07 16:40:00,45.98,46.02,45.93,45.95,1734.056
2026-08-07 16:45:00,45.95,45.96,45.91,45.96,388.556
2026-08-07 16:50:00,45.95,45.98,45.92,45.92,348.821
2026-08-07 16:55:00,45.92,45.93,45.84,45.84,712.807
2026-08-07 17:00:00,45.84,45.86,45.77,45.81,897.102
2026-08-07 17:05:00,45.8,45.84,45.74,45.75,996.323
2026-08-07 17:10:00,45.76,45.77,45.73,45.74,422.637
2026-08-07 17:15:00,45.73,45.79,45.71,45.78,651.356
2026-08-07 17:20:00,45.78,45.78,45.73,45.73,244.913
2026-08-07 17:25:00,45.74,45.74,45.69,45.71,617.852
2026-08-07 17:30:00,45.71,45.73,45.66,45.69,1883.211
2026-08-07 17:35:00,45.68,45.69,45.64,45.68,733.382
2026-08-07 17:40:00,45.67,45.69,45.47,45.47,2279.46
2026-08-07 17:45:00,45.47,45.5,45.42,45.43,1686.885
2026-08-07 17:50:00,45.43,45.49,45.42,45.49,641.228
2026-08-07 17:55:00,45.49,45.5,45.46,45.47,962.052
2026-08-07 18:00:00,45.46,45.49,45.43,45.45,2200.194
2026-08-07 18:05:00,45.45,45.49,45.44,45.49,287.283
2026-08-07 18:10:00,45.48,45.51,45.48,45.49,312.184
2026-08-07 18:15:00,45.5,45.5,45.48,45.5,213.89
2026-08-07 18:20:00,45.5,45.5,45.42,45.43,1262.115
2026-08-07 18:25:00,45.43,45.48,45.4,45.41,871.961
2026-08-07 18:30:00,45.41,45.46,45.41,45.44,1005.376
2026-08-07 18:35:00,45.44,45.45,45.41,45.41,442.196
2026-08-07 18:40:00,45.41,45.42,45.39,45.39,317.109
2026-08-07 18:45:00,45.39,45.42,45.38,45.41,1261.294
2026-08-07 18:50:00,45.41,45.44,45.4,45.44,150.721
2026-08-07 18:55:00,45.44,45.46,45.41,45.45,491.129
2026-08-07 19:00:00,45.45,45.5,45.43,45.47,352.841
2026-08-07 19:05:00,45.47,45.5,45.45,45.49,826.408
2026-08-07 19:10:00,45.49,45.51,45.47,45.49,348.024
2026-08-07 19:15:00,45.49,45.57,45.47,45.53,1307.559
2026-08-07 19:20:00,45.54,45.57,45.53,45.57,363.786
2026-08-07 19:25:00,45.56,45.57,45.35,45.41,5673.737
2026-08-07 19:30:00,45.41,45.41,45.34,45.35,798.442
2026-08-07 19:35:00,45.35,45.36,45.28,45.36,1120.051
2026-08-07 19:40:00,45.36,45.37,45.34,45.37,226.98
2026-08-07 19:45:00,45.36,45.39,45.36,45.39,281.586
2026-08-07 19:50:00,45.38,45.38,45.36,45.37,263.309
2026-08-07 19:55:00,45.37,45.39,45.37,45.39,176.712
2026-08-07 20:00:00,45.39,45.42,45.37,45.4,959.073
2026-08-07 20:05:00,45.41,45.46,45.38,45.46,1211.871
2026-08-07 20:10:00,45.45,45.47,45.42,45.47,598.938
2026-08-07 20:15:00,45.46,45.48,45.46,45.47,188.523
2026-08-07 20:20:00,45.48,45.48,45.43,45.48,606.721
2026-08-07 20:25:00,45.48,45.54,45.46,45.54,1644.731
2026-08-07 20:30:00,45.53,45.53,45.48,45.5,762.756
2026-08-07 20:35:00,45.51,45.52,45.5,45.52,174.771
2026-08-07 20:40:00,45.52,45.53,45.49,45.5,460.061
2026-08-07 20:45:00,45.49,45.56,45.49,45.55,392.169
2026-08-07 20:50:00,45.55,45.55,45.52,45.54,235.027
2026-08-07 20:55:00,45.54,45.54,45.51,45.54,317.588
2026-08-07 21:00:00,45.54,45.55,45.52,45.53,260.132
2026-08-07 21:05:00,45.52,45.56,45.52,45.56,145.642
2026-08-07 21:10:00,45.56,45.57,45.54,45.57,673.0
2026-08-07 21:15:00,45.56,45.58,45.51,45.54,646.879
2026-08-07 21:20:00,45.53,45.54,45.51,45.54,378.419
2026-08-07 21:25:00,45.54,45.59,45.51,45.58,603.525
2026-08-07 21:30:00,45.59,45.6,45.52,45.59,1712.584
2026-08-07 21:35:00,45.59,45.62,45.58,45.6,876.869
2026-08-07 21:40:00,45.6,45.65,45.51,45.52,1230.154
2026-08-07 21:45:00,45.53,45.54,45.5,45.52,296.473
2026-08-07 21:50:00,45.52,45.53,45.48,45.5,267.22
2026-08-07 21:55:00,45.51,45.51,45.47,45.48,410.845
2026-08-07 22:00:00,45.48,45.56,45.45,45.55,1147.173
2026-08-07 22:05:00,45.55,45.55,45.51,45.53,613.927
2026-08-07 22:10:00,45.53,45.55,45.53,45.55,147.749
2026-08-07 22:15:00,45.55,45.6,45.55,45.56,256.25
2026-08-07 22:20:00,45.55,45.56,45.51,45.51,218.075
2026-08-07 22:25:00,45.51,45.51,45.4,45.47,1967.228
2026-08-07 22:30:00,45.46,45.49,45.45,45.46,366.124
2026-08-07 22:35:00,45.45,45.46,45.41,45.44,387.52
2026-08-07 22:40:00,45.45,45.47,45.44,45.47,170.414
2026-08-07 22:45:00,45.47,45.49,45.46,45.47,265.076
2026-08-07 22:50:00,45.47,45.48,45.46,45.47,268.83
2026-08-07 22:55:00,45.47,45.47,45.45,45.45,194.723
2026-08-07 23:00:00,45.45,45.49,45.43,45.48,950.877
2026-08-07 23:05:00,45.49,45.51,45.48,45.5,193.854
2026-08-07 23:10:00,45.5,45.51,45.5,45.5,91.22
2026-08-07 23:15:00,45.51,45.52,45.5,45.51,165.752
2026-08-07 23:20:00,45.5,45.52,45.5,45.51,92.867
2026-08-07 23:25:00,45.52,45.53,45.51,45.52,77.079
2026-08-07 23:30:00,45.51,45.53,45.51,45.53,91.806
2026-08-07 23:35:00,45.52,45.55,45.52,45.55,109.406
2026-08-07 23:40:00,45.54,45.64,45.54,45.64,806.352
2026-08-07 23:45:00,45.64,45.64,45.6,45.61,221.317
2026-08-07 23:50:00,45.61,45.62,45.59,45.6,184.219
2026-08-07 23:55:00,45.6,45.61,45.54,45.54,638.471
2026-08-08 00:00:00,45.55,45.55,45.5,45.51,215.274
2026-08-08 00:05:00,45.51,45.54,45.5,45.51,420.153
2026-08-08 00:10:00,45.51,45.51,45.44,45.47,484.073
2026-08-08 00:15:00,45.46,45.49,45.46,45.48,108.542
2026-08-08 00:20:00,45.47,45.5,45.47,45.5,93.59
2026-08-08 00:25:00,45.5,45.51,45.5,45.51,164.533
2026-08-08 00:30:00,45.51,45.55,45.5,45.51,342.493
2026-08-08 00:35:00,45.52,45.52,45.51,45.51,96.102
2026-08-08 00:40:00,45.52,45.54,45.5,45.53,194.036
2026-08-08 00:45:00,45.54,45.55,45.52,45.52,263.845
2026-08-08 00:50:00,45.53,45.53,45.5,45.51,148.336
2026-08-08 00:55:00,45.51,45.52,45.49,45.49,222.773
2026-08-08 01:00:00,45.49,45.53,45.49,45.53,155.818
2026-08-08 01:05:00,45.52,45.56,45.51,45.54,652.907
2026-08-08 01:10:00,45.54,45.6,45.54,45.59,355.021
2026-08-08 01:15:00,45.59,45.61,45.58,45.6,243.671
2026-08-08 01:20:00,45.6,45.6,45.57,45.57,63.199
2026-08-08 01:25:00,45.57,45.6,45.57,45.6,151.628
2026-08-08 01:30:00,45.6,45.64,45.6,45.61,209.516
2026-08-08 01:35:00,45.61,45.61,45.59,45.6,79.929
2026-08-08 01:40:00,45.59,45.61,45.59,45.6,171.63
2026-08-08 01:45:00,45.59,45.59,45.55,45.55,274.637
2026-08-08 01:50:00,45.55,45.56,45.54,45.54,113.666
2026-08-08 01:55:00,45.55,45.56,45.53,45.55,125.107
2026-08-08 02:00:00,45.56,45.56,45.55,45.56,186.569
2026-08-08 02:05:00,45.56,45.62,45.55,45.62,737.437
2026-08-08 02:10:00,45.62,45.64,45.62,45.64,401.531
2026-08-08 02:15:00,45.64,45.64,45.61,45.62,182.379
2026-08-08 02:20:00,45.62,45.63,45.61,45.63,225.568
2026-08-08 02:25:00,45.62,45.63,45.62,45.63,170.197
2026-08-08 02:30:00,45.62,45.63,45.61,45.62,147.416
2026-08-08 02:35:00,45.61,45.62,45.61,45.62,171.959
2026-08-08 02:40:00,45.61,45.61,45.57,45.58,241.25
2026-08-08 02:45:00,45.58,45.59,45.57,45.57,325.945
2026-08-08 02:50:00,45.57,45.58,45.57,45.58,122.699
2026-08-08 02:55:00,45.57,45.58,45.56,45.57,207.212
2026-08-08 03:00:00,45.57,45.61,45.56,45.61,507.287
2026-08-08 03:05:00,45.61,45.61,45.6,45.6,157.226
2026-08-08 03:10:00,45.6,45.62,45.59,45.59,198.184
2026-08-08 03:15:00,45.6,45.6,45.57,45.6,451.999
2026-08-08 03:20:00,45.6,45.61,45.58,45.61,89.86
2026-08-08 03:25:00,45.61,45.62,45.59,45.6,192.641
2026-08-08 03:30:00,45.61,45.63,45.61,45.63,107.39
2026-08-08 03:35:00,45.62,45.66,45.61,45.62,425.884
2026-08-08 03:40:00,45.63,45.63,45.55,45.55,523.811
2026-08-08 03:45:00,45.56,45.58,45.54,45.57,158.609
2026-08-08 03:50:00,45.58,45.58,45.55,45.55,91.084
2026-08-08 03:55:00,45.56,45.6,45.56,45.59,110.417
2026-08-08 04:00:00,45.59,45.59,45.56,45.58,181.739
2026-08-08 04:05:00,45.58,45.58,45.55,45.56,132.063
2026-08-08 04:10:00,45.55,45.57,45.54,45.55,295.626
2026-08-08 04:15:00,45.54,45.55,45.53,45.54,103.06
2026-08-08 04:20:00,45.54,45.54,45.48,45.51,275.271
2026-08-08 04:25:00,45.51,45.53,45.5,45.51,119.528
2026-08-08 04:30:00,45.52,45.55,45.51,45.52,177.896
2026-08-08 04:35:00,45.52,45.53,45.52,45.52,61.537
2026-08-08 04:40:00,45.53,45.56,45.52,45.56,293.529
2026-08-08 04:45:00,45.56,45.57,45.55,45.55,209.489
2026-08-08 04:50:00,45.56,45.56,45.5,45.54,446.509
2026-08-08 04:55:00,45.55,45.55,45.52,45.53,243.393
2026-08-08 05:00:00,45.53,45.54,45.52,45.54,184.701
2026-08-08 05:05:00,45.54,45.54,45.52,45.53,183.481
2026-08-08 05:10:00,45.52,45.57,45.52,45.56,448.497
2026-08-08 05:15:00,45.56,45.56,45.54,45.55,64.795
2026-08-08 05:20:00,45.55,45.58,45.54,45.58,211.852
2026-08-08 05:25:00,45.58,45.59,45.56,45.57,265.744
2026-08-08 05:30:00,45.57,45.58,45.53,45.58,610.619
2026-08-08 05:35:00,45.58,45.59,45.57,45.59,108.35
2026-08-08 05:40:00,45.58,45.59,45.56,45.56,160.955
2026-08-08 05:45:00,45.56,45.57,45.54,45.55,167.297
2026-08-08 05:50:00,45.55,45.55,45.53,45.54,111.624
2026-08-08 05:55:00,45.54,45.55,45.5,45.5,277.74
2026-08-08 06:00:00,45.51,45.54,45.49,45.5,411.318
2026-08-08 06:05:00,45.49,45.5,45.48,45.5,69.382
2026-08-08 06:10:00,45.5,45.53,45.5,45.53,134.091
2026-08-08 06:15:00,45.53,45.57,45.52,45.56,586.994
2026-08-08 06:20:00,45.55,45.58,45.55,45.58,204.341
2026-08-08 06:25:00,45.57,45.59,45.55,45.59,255.556
2026-08-08 06:30:00,45.59,45.6,45.57,45.58,224.296
2026-08-08 06:35:00,45.58,45.58,45.56,45.57,335.441
2026-08-08 06:40:00,45.56,45.6,45.56,45.59,242.245
2026-08-08 06:45:00,45.59,45.59,45.57,45.57,155.469
2026-08-08 06:50:00,45.58,45.6,45.57,45.57,183.186
2026-08-08 06:55:00,45.58,45.58,45.55,45.57,445.008
2026-08-08 07:00:00,45.57,45.58,45.56,45.58,265.17
2026-08-08 07:05:00,45.58,45.58,45.54,45.55,858.783
2026-08-08 07:10:00,45.55,45.57,45.54,45.55,607.987
2026-08-08 07:15:00,45.54,45.56,45.54,45.56,271.588
2026-08-08 07:20:00,45.55,45.56,45.55,45.56,114.024
2026-08-08 07:25:00,45.56,45.58,45.55,45.56,239.558
2026-08-08 07:30:00,45.55,45.57,45.55,45.57,86.413
2026-08-08 07:35:00,45.56,45.58,45.56,45.58,309.873
2026-08-08 07:40:00,45.57,45.58,45.51,45.55,1127.358
2026-08-08 07:45:00,45.56,45.56,45.55,45.55,120.126
2026-08-08 07:50:00,45.55,45.56,45.52,45.55,357.553
2026-08-08 07:55:00,45.56,45.56,45.52,45.54,144.122
2026-08-08 08:00:00,45.54,45.54,45.51,45.51,285.35
2026-08-08 08:05:00,45.52,45.52,45.5,45.51,238.377
2026-08-08 08:10:00,45.52,45.53,45.51,45.53,109.29
2026-08-08 08:15:00,45.53,45.53,45.51,45.51,185.964
2026-08-08 08:20:00,45.52,45.53,45.51,45.52,97.776
2026-08-08 08:25:00,45.53,45.62,45.52,45.62,166.528
2026-08-08 08:30:00,45.61,45.64,45.61,45.63,406.433
2026-08-08 08:35:00,45.62,45.64,45.59,45.63,306.638
2026-08-08 08:40:00,45.64,45.64,45.56,45.58,415.782
2026-08-08 08:45:00,45.58,45.58,45.55,45.56,430.772
2026-08-08 08:50:00,45.56,45.56,45.55,45.56,134.111
2026-08-08 08:55:00,45.56,45.58,45.55,45.58,339.174
2026-08-08 09:00:00,45.57,45.6,45.57,45.57,250.26
2026-08-08 09:05:00,45.58,45.58,45.57,45.58,199.25
2026-08-08 09:10:00,45.57,45.59,45.57,45.58,637.771
2026-08-08 09:15:00,45.58,45.6,45.57,45.6,473.469
2026-08-08 09:20:00,45.59,45.6,45.57,45.59,153.654
2026-08-08 09:25:00,45.59,45.59,45.54,45.57,446.315
2026-08-08 09:30:00,45.57,45.63,45.57,45.6,544.972
2026-08-08 09:35:00,45.6,45.6,45.58,45.58,220.183
2026-08-08 09:40:00,45.59,45.59,45.54,45.55,517.761
2026-08-08 09:45:00,45.55,45.56,45.52,45.55,536.961
2026-08-08 09:50:00,45.54,45.62,45.54,45.57,1107.838
2026-08-08 09:55:00,45.56,45.6,45.55,45.6,398.885
2026-08-08 10:00:00,45.6,45.62,45.58,45.59,156.302
2026-08-08 10:05:00,45.58,45.6,45.58,45.6,218.456
2026-08-08 10:10:00,45.59,45.59,45.53,45.55,503.504
2026-08-08 10:15:00,45.55,45.55,45.48,45.53,1324.047
2026-08-08 10:20:00,45.54,45.57,45.53,45.57,466.228
2026-08-08 10:25:00,45.57,45.57,45.5,45.51,267.117
2026-08-08 10:30:00,45.51,45.55,45.49,45.55,501.751
2026-08-08 10:35:00,45.54,45.55,45.52,45.54,369.502
2026-08-08 10:40:00,45.54,45.55,45.53,45.54,127.672
2026-08-08 10:45:00,45.55,45.56,45.54,45.55,443.071
2026-08-08 10:50:00,45.55,45.56,45.55,45.56,193.06
2026-08-08 10:55:00,45.56,45.64,45.56,45.63,643.291
2026-08-08 11:00:00,45.64,45.69,45.63,45.63,434.906
2026-08-08 11:05:00,45.64,45.65,45.62,45.63,313.327
2026-08-08 11:10:00,45.63,45.67,45.62,45.65,279.404
2026-08-08 11:15:00,45.65,45.66,45.57,45.62,949.774
2026-08-08 11:20:00,45.62,45.62,45.58,45.58,178.853
2026-08-08 11:25:00,45.58,45.59,45.56,45.58,509.595
2026-08-08 11:30:00,45.59,45.59,45.57,45.58,218.663
2026-08-08 11:35:00,45.57,45.59,45.55,45.57,632.674
2026-08-08 11:40:00,45.57,45.57,45.53,45.54,375.482
2026-08-08 11:45:00,45.54,45.57,45.53,45.57,216.932
2026-08-08 11:50:00,45.57,45.57,45.53,45.56,864.306
2026-08-08 11:55:00,45.56,45.58,45.55,45.57,138.917
2026-08-08 12:00:00,45.57,45.58,45.54,45.55,334.913
2026-08-08 12:05:00,45.54,45.55,45.5,45.52,232.787
2026-08-08 12:10:00,45.53,45.58,45.53,45.58,184.413
2026-08-08 12:15:00,45.58,45.61,45.58,45.61,246.392
2026-08-08 12:20:00,45.6,45.6,45.58,45.59,306.78
2026-08-08 12:25:00,45.59,45.61,45.58,45.61,314.666
2026-08-08 12:30:00,45.61,45.61,45.58,45.61,292.572
2026-08-08 12:35:00,45.61,45.63,45.6,45.63,241.561
2026-08-08 12:40:00,45.63,45.65,45.62,45.65,221.377
2026-08-08 12:45:00,45.65,45.66,45.6,45.61,622.628
2026-08-08 12:50:00,45.61,45.67,45.61,45.65,770.343
2026-08-08 12:55:00,45.65,45.65,45.62,45.63,207.421
2026-08-08 13:00:00,45.63,45.64,45.62,45.63,220.862
2026-08-08 13:05:00,45.62,45.66,45.62,45.63,277.703
2026-08-08 13:10:00,45.63,45.65,45.63,45.63,251.383
2026-08-08 13:15:00,45.63,45.65,45.62,45.63,436.647
2026-08-08 13:20:00,45.63,45.63,45.59,45.6,297.538
2026-08-08 13:25:00,45.6,45.65,45.6,45.65,249.01
2026-08-08 13:30:00,45.65,45.65,45.62,45.63,203.957
2026-08-08 13:35:00,45.63,45.64,45.6,45.62,696.709
2026-08-08 13:40:00,45.61,45.64,45.61,45.62,403.323
2026-08-08 13:45:00,45.63,45.65,45.62,45.65,237.78
2026-08-08 13:50:00,45.65,45.65,45.62,45.63,493.138
2026-08-08 13:55:00,45.64,45.66,45.63,45.66,180.186
2026-08-08 14:00:00,45.66,45.67,45.65,45.65,257.526
2026-08-08 14:05:00,45.65,45.66,45.64,45.66,323.563
2026-08-08 14:10:00,45.65,45.66,45.62,45.63,304.772
2026-08-08 14:15:00,45.63,45.64,45.62,45.64,135.766
2026-08-08 14:20:00,45.64,45.67,45.63,45.67,303.689
2026-08-08 14:25:00,45.67,45.69,45.65,45.68,437.83
2026-08-08 14:30:00,45.68,45.73,45.67,45.71,384.512
2026-08-08 14:35:00,45.72,45.77,45.71,45.72,786.052
2026-08-08 14:40:00,45.72,45.72,45.7,45.7,263.616
2026-08-08 14:45:00,45.71,45.75,45.7,45.74,663.07
2026-08-08 14:50:00,45.74,45.79,45.74,45.76,1302.64
2026-08-08 14:55:00,45.77,45.85,45.76,45.79,2703.679
2026-08-08 15:00:00,45.79,45.87,45.79,45.82,840.812
2026-08-08 15:05:00,45.81,45.83,45.8,45.81,266.29
2026-08-08 15:10:00,45.81,45.84,45.8,45.81,283.006
2026-08-08 15:15:00,45.81,45.81,45.79,45.8,123.947
2026-08-08 15:20:00,45.8,45.8,45.79,45.8,132.671
2026-08-08 15:25:00,45.8,45.81,45.79,45.8,195.015
2026-08-08 15:30:00,45.81,45.81,45.76,45.79,354.242
2026-08-08 15:35:00,45.79,45.8,45.74,45.77,1244.446
2026-08-08 15:40:00,45.78,45.88,45.77,45.88,701.831
2026-08-08 15:45:00,45.88,45.88,45.85,45.86,217.039
2026-08-08 15:50:00,45.86,45.9,45.86,45.9,267.903
2026-08-08 15:55:00,45.9,45.91,45.88,45.88,319.372
2026-08-08 16:00:00,45.88,45.9,45.85,45.86,276.723
2026-08-08 16:05:00,45.86,45.9,45.85,45.86,360.204
2026-08-08 16:10:00,45.86,45.87,45.83,45.83,368.337
2026-08-08 16:15:00,45.83,45.85,45.83,45.84,139.979
2026-08-08 16:20:00,45.84,45.91,45.82,45.83,619.964
2026-08-08 16:25:00,45.83,45.85,45.82,45.85,264.351
2026-08-08 16:30:00,45.85,45.86,45.83,45.84,486.242
2026-08-08 16:35:00,45.84,45.86,45.83,45.84,314.758
2026-08-08 16:40:00,45.85,45.86,45.78,45.79,836.63
2026-08-08 16:45:00,45.78,45.84,45.77,45.79,605.261
2026-08-08 16:50:00,45.79,45.85,45.79,45.84,541.279
2026-08-08 16:55:00,45.83,45.84,45.81,45.82,284.123
2026-08-08 17:00:00,45.82,45.85,45.81,45.82,252.379
2026-08-08 17:05:00,45.82,45.82,45.79,45.8,469.275
2026-08-08 17:10:00,45.81,45.84,45.8,45.84,328.698
2026-08-08 17:15:00,45.84,45.85,45.83,45.84,148.516
2026-08-08 17:20:00,45.83,45.85,45.8,45.8,433.013
2026-08-08 17:25:00,45.8,45.84,45.79,45.84,259.275
2026-08-08 17:30:00,45.84,45.87,45.83,45.87,377.067
2026-08-08 17:35:00,45.87,45.88,45.83,45.88,558.448
2026-08-08 17:40:00,45.88,45.88,45.86,45.88,191.707
2026-08-08 17:45:00,45.88,45.89,45.87,45.89,343.425
2026-08-08 17:50:00,45.89,45.9,45.84,45.85,978.52
2026-08-08 17:55:00,45.86,45.88,45.85,45.88,681.132
2026-08-08 18:00:00,45.87,45.9,45.87,45.89,688.167
2026-08-08 18:05:00,45.88,45.89,45.85,45.88,936.0
2026-08-08 18:10:00,45.88,45.91,45.87,45.91,520.202
2026-08-08 18:15:00,45.9,45.9,45.86,45.86,913.771
2026-08-08 18:20:00,45.86,45.91,45.86,45.9,707.689
2026-08-08 18:25:00,45.9,45.92,45.88,45.92,684.518
2026-08-08 18:30:00,45.92,45.93,45.89,45.92,608.682
2026-08-08 18:35:00,45.91,45.96,45.91,45.95,1408.869
2026-08-08 18:40:00,45.95,45.98,45.94,45.95,540.017
2026-08-08 18:45:00,45.94,45.95,45.93,45.94,275.279
2026-08-08 18:50:00,45.94,45.94,45.9,45.93,726.194
2026-08-08 18:55:00,45.92,45.96,45.92,45.95,331.625
2026-08-08 19:00:00,45.95,45.96,45.92,45.92,275.657
2026-08-08 19:05:00,45.93,45.93,45.89,45.91,606.406
2026-08-08 19:10:00,45.9,45.93,45.89,45.9,392.488
2026-08-08 19:15:00,45.9,45.93,45.89,45.9,961.595
2026-08-08 19:20:00,45.91,45.91,45.9,45.9,124.257
2026-08-08 19:25:00,45.9,45.9,45.86,45.86,259.48
2026-08-08 19:30:00,45.87,45.88,45.85,45.87,289.582
2026-08-08 19:35:00,45.87,45.91,45.86,45.91,170.627
2026-08-08 19:40:00,45.91,45.92,45.91,45.92,159.207
2026-08-08 19:45:00,45.91,45.97,45.91,45.96,756.874
2026-08-08 19:50:00,45.96,46.01,45.95,46.0,512.144
2026-08-08 19:55:00,46.01,46.01,45.98,45.99,177.286
2026-08-08 20:00:00,45.98,45.98,45.96,45.96,179.823
2026-08-08 20:05:00,45.97,45.97,45.94,45.95,133.885
2026-08-08 20:10:00,45.95,45.99,45.94,45.99,197.427
2026-08-08 20:15:00,45.98,45.99,45.98,45.99,150.56
2026-08-08 20:20:00,45.99,46.0,45.98,45.98,667.433
2026-08-08 20:25:00,45.99,45.99,45.98,45.98,172.135
2026-08-08 20:30:00,45.99,46.02,45.98,46.02,159.868
2026-08-08 20:35:00,46.01,46.12,46.0,46.06,1243.589
2026-08-08 20:40:00,46.05,46.1,46.03,46.06,763.371
2026-08-08 20:45:00,46.07,46.09,46.03,46.08,549.978
2026-08-08 20:50:00,46.08,46.1,46.07,46.08,210.176
2026-08-08 20:55:00,46.08,46.09,46.06,46.08,277.693
2026-08-08 21:00:00,46.09,46.1,46.04,46.05,719.116
2026-08-08 21:05:00,46.05,46.05,46.04,46.05,89.434
2026-08-08 21:10:00,46.05,46.06,46.03,46.03,367.914
2026-08-08 21:15:00,46.03,46.08,46.02,46.07,630.584
2026-08-08 21:20:00,46.06,46.08,46.05,46.05,279.243
2026-08-08 21:25:00,46.05,46.06,46.04,46.06,128.517
2026-08-08 21:30:00,46.05,46.06,46.04,46.05,191.799
2026-08-08 21:35:00,46.05,46.09,46.04,46.09,297.803
2026-08-08 21:40:00,46.09,46.1,46.07,46.08,279.205
2026-08-08 21:45:00,46.09,46.1,46.08,46.09,128.699
2026-08-08 21:50:00,46.09,46.1,46.07,46.08,402.951
2026-08-08 21:55:00,46.08,46.08,46.05,46.08,483.282
2026-08-08 22:00:00,46.08,46.11,46.05,46.08,878.599
2026-08-08 22:05:00,46.09,46.09,46.03,46.05,401.509
2026-08-08 22:10:00,46.05,46.08,46.04,46.06,335.28
2026-08-08 22:15:00,46.06,46.08,46.06,46.06,251.668
2026-08-08 22:20:00,46.07,46.07,46.04,46.04,304.929
2026-08-08 22:25:00,46.04,46.05,46.03,46.04,313.598
2026-08-08 22:30:00,46.05,46.06,45.99,46.0,784.261
2026-08-08 22:35:00,46.01,46.02,45.99,46.0,443.961
2026-08-08 22:40:00,46.0,46.0,45.98,45.99,229.043
2026-08-08 22:45:00,45.98,46.02,45.98,46.01,262.128
2026-08-08 22:50:00,46.01,46.04,46.01,46.03,500.742
2026-08-08 22:55:00,46.03,46.03,46.01,46.01,236.504
2026-08-08 23:00:00,46.01,46.02,45.97,45.98,501.426
2026-08-08 23:05:00,45.98,46.0,45.98,45.98,314.386
2026-08-08 23:10:00,45.98,45.98,45.97,45.97,112.479
2026-08-08 23:15:00,45.98,46.02,45.97,46.01,250.021
2026-08-08 23:20:00,46.02,46.02,46.0,46.01,124.887
2026-08-08 23:25:00,46.01,46.01,45.95,45.95,496.587
2026-08-08 23:30:00,45.95,45.95,45.93,45.95,315.298
2026-08-08 23:35:00,45.95,45.96,45.94,45.96,151.144
2026-08-08 23:40:00,45.96,46.01,45.96,46.01,226.153
2026-08-08 23:45:00,46.0,46.04,46.0,46.04,462.36
2026-08-08 23:50:00,46.04,46.04,46.01,46.02,246.833
2026-08-08 23:55:00,46.03,46.03,46.01,46.02,164.031
2026-08-09 00:00:00,46.01,46.03,46.0,46.03,309.389
2026-08-09 00:05:00,46.04,46.07,46.02,46.05,334.677
2026-08-09 00:10:00,46.05,46.06,46.05,46.05,142.835
2026-08-09 00:15:00,46.06,46.06,46.01,46.02,158.523
2026-08-09 00:20:00,46.01,46.02,46.0,46.01,111.37
2026-08-09 00:25:00,46.01,46.01,45.98,45.98,262.832
2026-08-09 00:30:00,45.99,46.08,45.98,46.05,456.84
2026-08-09 00:35:00,46.05,46.1,46.04,46.09,258.128
2026-08-09 00:40:00,46.09,46.1,46.06,46.08,473.813
2026-08-09 00:45:00,46.08,46.08,46.02,46.02,177.678
2026-08-09 00:50:00,46.02,46.07,46.02,46.06,211.013
2026-08-09 00:55:00,46.06,46.17,46.05,46.12,1965.273
2026-08-09 01:00:00,46.11,46.15,46.09,46.14,252.57
2026-08-09 01:05:00,46.15,46.17,46.14,46.15,418.104
2026-08-09 01:10:00,46.14,46.15,46.13,46.14,107.603
2026-08-09 01:15:00,46.14,46.14,46.12,46.12,66.987
2026-08-09 01:20:00,46.12,46.12,46.09,46.09,105.078
2026-08-09 01:25:00,46.1,46.11,46.02,46.03,601.654
2026-08-09 01:30:00,46.03,46.08,46.01,46.07,338.427
2026-08-09 01:35:00,46.07,46.08,46.06,46.06,134.476
2026-08-09 01:40:00,46.06,46.1,46.06,46.1,84.27
2026-08-09 01:45:00,46.1,46.13,46.09,46.1,302.025
2026-08-09 01:50:00,46.11,46.12,46.08,46.09,694.261
2026-08-09 01:55:00,46.09,46.12,46.09,46.09,125.188
2026-08-09 02:00:00,46.09,46.09,46.03,46.05,430.835
2026-08-09 02:05:00,46.06,46.06,46.02,46.03,157.562
2026-08-09 02:10:00,46.02,46.05,45.99,46.0,757.552
2026-08-09 02:15:00,46.0,46.01,45.96,45.98,290.657
2026-08-09 02:20:00,45.99,45.99,45.96,45.96,434.147
2026-08-09 02:25:00,45.96,45.97,45.96,45.97,102.385
2026-08-09 02:30:00,45.97,45.97,45.94,45.97,183.297
2026-08-09 02:35:00,45.97,45.98,45.96,45.97,110.974
2026-08-09 02:40:00,45.97,45.97,45.95,45.95,137.582
2026-08-09 02:45:00,45.95,45.98,45.9,45.93,711.573
2026-08-09 02:50:00,45.93,45.93,45.9,45.91,239.578
2026-08-09 02:55:00,45.9,45.93,45.9,45.93,414.41
2026-08-09 03:00:00,45.93,45.93,45.89,45.93,180.212
2026-08-09 03:05:00,45.93,45.94,45.89,45.89,186.03
2026-08-09 03:10:00,45.89,45.91,45.88,45.89,289.745
2026-08-09 03:15:00,45.9,45.93,45.89,45.93,112.571
2026-08-09 03:20:00,45.93,45.96,45.93,45.96,445.042
2026-08-09 03:25:00,45.95,46.01,45.95,46.01,134.686
2026-08-09 03:30:00,46.0,46.03,45.99,46.02,278.836
2026-08-09 03:35:00,46.02,46.04,46.0,46.04,84.865
2026-08-09 03:40:00,46.03,46.03,45.98,45.99,284.73
2026-08-09 03:45:00,45.98,46.02,45.98,46.01,173.601
2026-08-09 03:50:00,46.02,46.02,45.97,45.97,76.126
2026-08-09 03:55:00,45.98,45.98,45.95,45.95,107.91
2026-08-09 04:00:00,45.96,46.01,45.94,46.01,427.335
2026-08-09 04:05:00,46.0,46.01,45.99,45.99,86.567
2026-08-09 04:10:00,46.0,46.03,45.99,46.03,414.306
2026-08-09 04:15:00,46.02,46.06,46.0,46.01,296.06
2026-08-09 04:20:00,46.0,46.01,45.98,46.01,1038.02
2026-08-09 04:25:00,46.01,46.01,46.0,46.0,203.937
2026-08-09 04:30:00,46.0,46.01,45.96,45.99,563.17
2026-08-09 04:35:00,45.98,45.99,45.97,45.99,147.764
2026-08-09 04:40:00,45.98,45.99,45.95,45.96,281.979
2026-08-09 04:45:00,45.96,46.0,45.96,45.98,295.312
2026-08-09 04:50:00,45.97,45.97,45.95,45.96,159.497
2026-08-09 04:55:00,45.95,45.96,45.95,45.96,43.347
2026-08-09 05:00:00,45.96,46.0,45.95,45.99,146.36
2026-08-09 05:05:00,46.0,46.01,45.99,46.01,367.888
2026-08-09 05:10:00,46.01,46.01,46.0,46.01,241.087
2026-08-09 05:15:00,46.01,46.04,46.01,46.02,680.21
2026-08-09 05:20:00,46.02,46.03,46.01,46.03,59.904
2026-08-09 05:25:00,46.03,46.06,46.01,46.02,240.76
2026-08-09 05:30:00,46.03,46.04,46.02,46.03,65.342
2026-08-09 05:35:00,46.04,46.04,45.95,45.95,432.828
2026-08-09 05:40:00,45.95,45.96,45.9,45.92,629.276
2026-08-09 05:45:00,45.91,45.95,45.91,45.95,193.147
2026-08-09 05:50:00,45.95,45.95,45.92,45.94,342.172
2026-08-09 05:55:00,45.93,45.98,45.93,45.97,118.99
2026-08-09 06:00:00,45.97,45.99,45.97,45.98,128.93
2026-08-09 06:05:00,45.98,46.01,45.97,45.99,341.446
2026-08-09 06:10:00,45.98,46.02,45.98,46.01,149.244
2026-08-09 06:15:00,46.01,46.08,46.01,46.07,228.338
2026-08-09 06:20:00,46.08,46.11,46.05,46.1,384.876
2026-08-09 06:25:00,46.1,46.12,46.09,46.1,302.024
2026-08-09 06:30:00,46.09,46.11,46.09,46.09,136.069
2026-08-09 06:35:00,46.09,46.1,46.03,46.07,2107.088
2026-08-09 06:40:00,46.07,46.08,46.06,46.08,155.31
2026-08-09 06:45:00,46.08,46.1,46.07,46.09,179.564
2026-08-09 06:50:00,46.09,46.1,46.08,46.1,126.241
2026-08-09 06:55:00,46.1,46.1,46.08,46.09,139.867
2026-08-09 07:00:00,46.08,46.09,46.05,46.08,242.893
2026-08-09 07:05:00,46.07,46.08,46.01,46.02,451.541
2026-08-09 07:10:00,46.01,46.06,45.94,46.03,654.827
2026-08-09 07:15:00,46.03,46.03,45.99,46.0,223.526
2026-08-09 07:20:00,46.0,46.02,45.99,46.01,123.542
2026-08-09 07:25:00,46.02,46.09,46.02,46.09,627.087
2026-08-09 07:30:00,46.09,46.1,46.07,46.08,163.357
2026-08-09 07:35:00,46.09,46.11,46.07,46.09,334.161
2026-08-09 07:40:00,46.08,46.14,46.08,46.14,300.604
2026-08-09 07:45:00,46.14,46.15,46.12,46.15,128.727
2026-08-09 07:50:00,46.15,46.17,46.15,46.16,436.294
2026-08-09 07:55:00,46.16,46.22,46.15,46.18,1828.48
2026-08-09 08:00:00,46.18,46.19,46.14,46.19,500.856
2026-08-09 08:05:00,46.19,46.21,46.16,46.2,965.462
2026-08-09 08:10:00,46.19,46.2,46.16,46.19,456.528
2026-08-09 08:15:00,46.18,46.22,46.18,46.21,209.58
2026-08-09 08:20:00,46.22,46.26,46.19,46.21,634.659
2026-08-09 08:25:00,46.21,46.37,46.18,46.3,1278.241
2026-08-09 08:30:00,46.31,46.32,46.26,46.28,557.432
2026-08-09 08:35:00,46.27,46.27,46.16,46.16,256.972
2026-08-09 08:40:00,46.15,46.15,46.11,46.12,378.327
2026-08-09 08:45:00,46.12,46.19,46.12,46.18,427.393
2026-08-09 08:50:00,46.18,46.24,46.16,46.23,676.884
2026-08-09 08:55:00,46.24,46.28,46.23,46.27,230.249
2026-08-09 09:00:00,46.27,46.31,46.26,46.29,353.394
2026-08-09 09:05:00,46.29,46.31,46.26,46.31,906.267
2026-08-09 09:10:00,46.31,46.31,46.26,46.3,318.894
2026-08-09 09:15:00,46.29,46.3,46.25,46.26,201.188
2026-08-09 09:20:00,46.26,46.26,46.23,46.24,433.225
2026-08-09 09:25:00,46.24,46.25,46.19,46.2,286.423
2026-08-09 09:30:00,46.19,46.25,46.18,46.22,532.64
2026-08-09 09:35:00,46.23,46.26,46.22,46.26,280.533
2026-08-09 09:40:00,46.25,46.26,46.23,46.25,532.566
2026-08-09 09:45:00,46.25,46.26,46.16,46.17,2705.692
2026-08-09 09:50:00,46.18,46.22,46.16,46.22,337.514
2026-08-09 09:55:00,46.22,46.23,46.2,46.23,173.93
2026-08-09 10:00:00,46.23,46.24,46.18,46.2,387.63
2026-08-09 10:05:00,46.19,46.19,46.12,46.16,409.345
2026-08-09 10:10:00,46.16,46.17,46.14,46.17,261.843
2026-08-09 10:15:00,46.17,46.2,46.14,46.15,724.1
2026-08-09 10:20:00,46.15,46.17,46.12,46.17,592.296
2026-08-09 10:25:00,46.16,46.17,46.13,46.16,206.965
2026-08-09 10:30:00,46.16,46.17,46.14,46.16,142.11
2026-08-09 10:35:00,46.15,46.17,46.12,46.13,245.121
2026-08-09 10:40:00,46.12,46.13,46.11,46.12,255.392
2026-08-09 10:45:00,46.11,46.15,46.11,46.15,243.014
2026-08-09 10:50:00,46.15,46.15,46.07,46.08,303.342
2026-08-09 10:55:00,46.08,46.13,46.06,46.12,755.482
2026-08-09 11:00:00,46.12,46.13,46.11,46.13,240.375
2026-08-09 11:05:00,46.13,46.15,46.12,46.15,146.679
2026-08-09 11:10:00,46.15,46.17,46.13,46.17,137.835
2026-08-09 11:15:00,46.16,46.17,46.15,46.17,206.294
2026-08-09 11:20:00,46.17,46.19,46.16,46.18,412.48
2026-08-09 11:25:00,46.18,46.21,46.18,46.18,298.352
2026-08-09 11:30:00,46.19,46.22,46.18,46.22,189.297
2026-08-09 11:35:00,46.21,46.24,46.21,46.23,245.852
2026-08-09 11:40:00,46.22,46.24,46.21,46.24,423.691
2026-08-09 11:45:00,46.24,46.28,46.24,46.27,285.329
2026-08-09 11:50:00,46.27,46.27,46.24,46.24,274.233
2026-08-09 11:55:00,46.25,46.32,46.24,46.27,295.378
2026-08-09 12:00:00,46.27,46.27,46.23,46.24,166.387
2026-08-09 12:05:00,46.24,46.34,46.23,46.31,894.963
2026-08-09 12:10:00,46.31,46.31,46.23,46.27,1322.162
2026-08-09 12:15:00,46.27,46.29,46.26,46.27,458.965
2026-08-09 12:20:00,46.26,46.27,46.24,46.25,300.666
2026-08-09 12:25:00,46.25,46.25,46.24,46.25,300.968
2026-08-09 12:30:00,46.24,46.25,46.2,46.21,274.553
2026-08-09 12:35:00,46.21,46.23,46.18,46.21,558.929
2026-08-09 12:40:00,46.21,46.22,46.19,46.2,701.21
2026-08-09 12:45:00,46.2,46.2,46.18,46.19,237.878
2026-08-09 12:50:00,46.19,46.2,46.18,46.19,309.684
2026-08-09 12:55:00,46.19,46.2,46.16,46.2,337.045
2026-08-09 13:00:00,46.19,46.25,46.19,46.21,753.682
2026-08-09 13:05:00,46.21,46.26,46.21,46.25,300.369
2026-08-09 13:10:00,46.25,46.25,46.23,46.25,267.772
2026-08-09 13:15:00,46.24,46.27,46.24,46.27,889.93
2026-08-09 13:20:00,46.27,46.27,46.24,46.27,191.598
2026-08-09 13:25:00,46.27,46.29,46.23,46.28,791.028
2026-08-09 13:30:00,46.28,46.28,46.24,46.26,556.096
2026-08-09 13:35:00,46.25,46.29,46.24,46.28,480.942
2026-08-09 13:40:00,46.28,46.31,46.27,46.31,256.555
2026-08-09 13:45:00,46.31,46.34,46.29,46.34,475.262
2026-08-09 13:50:00,46.34,46.39,46.32,46.35,3281.339
2026-08-09 13:55:00,46.35,46.37,46.33,46.37,594.388
2026-08-09 14:00:00,46.36,46.38,46.31,46.38,1278.681
2026-08-09 14:05:00,46.38,46.39,46.33,46.36,695.708
2026-08-09 14:10:00,46.37,46.47,46.36,46.45,893.288
2026-08-09 14:15:00,46.45,46.46,46.39,46.4,686.085
2026-08-09 14:20:00,46.4,46.4,46.34,46.35,457.665
2026-08-09 14:25:00,46.34,46.37,46.34,46.37,283.389
2026-08-09 14:30:00,46.36,46.37,46.31,46.33,334.569
2026-08-09 14:35:00,46.33,46.35,46.33,46.34,80.813
2026-08-09 14:40:00,46.34,46.34,46.31,46.33,228.217
2026-08-09 14:45:00,46.33,46.34,46.32,46.34,176.128
2026-08-09 14:50:00,46.34,46.44,46.34,46.42,776.263
2026-08-09 14:55:00,46.43,46.44,46.4,46.4,360.316
2026-08-09 15:00:00,46.41,46.48,46.37,46.48,770.728
2026-08-09 15:05:00,46.47,46.48,46.44,46.45,578.83
2026-08-09 15:10:00,46.45,46.45,46.38,46.4,1193.661
2026-08-09 15:15:00,46.39,46.42,46.38,46.39,253.714
2026-08-09 15:20:00,46.39,46.39,46.34,46.35,283.081
2026-08-09 15:25:00,46.35,46.4,46.34,46.39,350.907
2026-08-09 15:30:00,46.4,46.46,46.39,46.45,746.821
2026-08-09 15:35:00,46.46,46.47,46.43,46.47,1113.899
2026-08-09 15:40:00,46.47,46.47,46.45,46.46,436.314
2026-08-09 15:45:00,46.46,46.5,46.42,46.49,882.62
2026-08-09 15:50:00,46.49,46.49,46.44,46.44,343.115
2026-08-09 15:55:00,46.45,46.48,46.44,46.45,292.154
2026-08-09 16:00:00,46.45,46.48,46.42,46.43,382.074
2026-08-09 16:05:00,46.43,46.43,46.39,46.39,275.766
2026-08-09 16:10:00,46.4,46.45,46.39,46.43,1119.37
2026-08-09 16:15:00,46.44,46.46,46.39,46.42,1609.721
2026-08-09 16:20:00,46.43,46.44,46.4,46.41,328.57
2026-08-09 16:25:00,46.42,46.44,46.39,46.4,320.778
2026-08-09 16:30:00,46.41,46.41,46.38,46.4,215.071
2026-08-09 16:35:00,46.4,46.43,46.4,46.42,210.685
2026-08-09 16:40:00,46.43,46.43,46.41,46.43,248.305
2026-08-09 16:45:00,46.42,46.43,46.37,46.37,274.285
2026-08-09 16:50:00,46.36,46.36,46.24,46.31,589.439
2026-08-09 16:55:00,46.3,46.32,46.27,46.32,256.637
2026-08-09 17:00:00,46.32,46.33,46.29,46.33,521.949
2026-08-09 17:05:00,46.33,46.34,46.28,46.28,266.631
2026-08-09 17:10:00,46.29,46.3,46.22,46.24,1621.224
2026-08-09 17:15:00,46.24,46.28,46.21,46.27,432.458
2026-08-09 17:20:00,46.26,46.28,46.26,46.27,132.893
2026-08-09 17:25:00,46.27,46.27,46.24,46.25,584.148
2026-08-09 17:30:00,46.25,46.25,46.19,46.2,909.384
2026-08-09 17:35:00,46.21,46.23,46.2,46.22,666.226
2026-08-09 17:40:00,46.22,46.23,46.2,46.2,743.914
2026-08-09 17:45:00,46.2,46.24,46.19,46.23,603.33
2026-08-09 17:50:00,46.23,46.23,46.22,46.23,111.164
2026-08-09 17:55:00,46.22,46.22,46.18,46.2,971.322
2026-08-09 18:00:00,46.21,46.23,46.18,46.2,514.094
2026-08-09 18:05:00,46.2,46.25,46.19,46.25,709.825
2026-08-09 18:10:00,46.25,46.25,46.21,46.24,771.968
2026-08-09 18:15:00,46.24,46.24,46.21,46.24,323.256
2026-08-09 18:20:00,46.23,46.24,46.2,46.21,389.498
2026-08-09 18:25:00,46.21,46.24,46.2,46.24,227.695
2026-08-09 18:30:00,46.24,46.26,46.23,46.25,120.455
2026-08-09 18:35:00,46.25,46.26,46.21,46.22,1222.496
2026-08-09 18:40:00,46.22,46.22,46.2,46.21,410.409
2026-08-09 18:45:00,46.21,46.21,46.2,46.21,161.017
2026-08-09 18:50:00,46.21,46.23,46.2,46.23,152.363
2026-08-09 18:55:00,46.22,46.25,46.21,46.25,164.693
2026-08-09 19:00:00,46.24,46.24,46.22,46.24,313.486
2026-08-09 19:05:00,46.24,46.24,46.2,46.21,306.146
2026-08-09 19:10:00,46.2,46.22,46.17,46.21,1285.927
2026-08-09 19:15:00,46.21,46.22,46.16,46.2,1468.027
2026-08-09 19:20:00,46.21,46.22,46.18,46.19,429.567
2026-08-09 19:25:00,46.18,46.19,46.16,46.19,964.064
2026-08-09 19:30:00,46.19,46.2,46.19,46.2,151.037
2026-08-09 19:35:00,46.19,46.2,46.16,46.18,491.33
2026-08-09 19:40:00,46.18,46.18,46.15,46.15,259.151
2026-08-09 19:45:00,46.15,46.16,46.14,46.15,216.76
2026-08-09 19:50:00,46.16,46.16,46.14,46.15,346.72
2026-08-09 19:55:00,46.14,46.15,46.13,46.15,213.648
2026-08-09 20:00:00,46.14,46.15,46.12,46.12,164.74
2026-08-09 20:05:00,46.12,46.15,46.12,46.14,288.156
2026-08-09 20:10:00,46.14,46.14,46.1,46.11,128.783
2026-08-09 20:15:00,46.11,46.14,46.1,46.13,215.101
2026-08-09 20:20:00,46.13,46.15,46.13,46.15,101.322
2026-08-09 20:25:00,46.15,46.16,46.14,46.15,278.131
2026-08-09 20:30:00,46.15,46.16,46.11,46.13,936.772
2026-08-09 20:35:00,46.13,46.13,46.09,46.1,648.235
2026-08-09 20:40:00,46.1,46.11,46.09,46.11,465.287
2026-08-09 20:45:00,46.11,46.11,46.06,46.07,285.46
2026-08-09 20:50:00,46.07,46.1,46.06,46.1,306.01
2026-08-09 20:55:00,46.1,46.12,46.09,46.1,644.113
2026-08-09 21:00:00,46.11,46.11,46.08,46.09,356.324
2026-08-09 21:05:00,46.09,46.13,46.04,46.04,1195.771
2026-08-09 21:10:00,46.05,46.06,46.01,46.06,579.471
2026-08-09 21:15:00,46.05,46.06,45.99,46.02,484.684
2026-08-09 21:20:00,46.02,46.06,46.01,46.05,347.342
2026-08-09 21:25:00,46.06,46.06,46.03,46.04,264.46
2026-08-09 21:30:00,46.05,46.07,46.04,46.04,365.254
2026-08-09 21:35:00,46.04,46.11,46.04,46.08,680.314
2026-08-09 21:40:00,46.08,46.09,46.03,46.08,573.078
2026-08-09 21:45:00,46.09,46.1,46.08,46.1,93.375
2026-08-09 21:50:00,46.1,46.11,46.08,46.11,269.378
2026-08-09 21:55:00,46.1,46.13,46.08,46.13,242.576
2026-08-09 22:00:00,46.13,46.13,46.07,46.09,774.588
2026-08-09 22:05:00,46.09,46.09,46.07,46.08,366.449
2026-08-09 22:10:00,46.09,46.22,46.06,46.16,737.48
2026-08-09 22:15:00,46.16,46.18,46.12,46.13,343.022
2026-08-09 22:20:00,46.14,46.14,46.08,46.09,176.406
2026-08-09 22:25:00,46.09,46.09,46.05,46.05,350.561
2026-08-09 22:30:00,46.05,46.07,45.95,45.98,573.521
2026-08-09 22:35:00,45.97,45.97,45.72,45.74,2032.048
2026-08-09 22:40:00,45.74,45.76,45.7,45.75,858.274
2026-08-09 22:45:00,45.74,45.74,45.67,45.69,547.235
2026-08-09 22:50:00,45.69,45.71,45.61,45.69,735.393
2026-08-09 22:55:00,45.69,45.7,45.66,45.67,280.376
2026-08-09 23:00:00,45.67,45.67,45.62,45.65,334.919
2026-08-09 23:05:00,45.65,45.66,45.6,45.63,396.981
2026-08-09 23:10:00,45.63,45.65,45.62,45.62,248.074
2026-08-09 23:15:00,45.63,45.64,45.59,45.63,425.782
2026-08-09 23:20:00,45.63,45.63,45.55,45.6,724.471
2026-08-09 23:25:00,45.59,45.61,45.52,45.55,636.751
2026-08-09 23:30:00,45.55,45.55,45.42,45.44,914.804
2026-08-09 23:35:00,45.43,45.55,45.43,45.5,691.245
2026-08-09 23:40:00,45.49,45.49,45.47,45.49,274.792
2026-08-09 23:45:00,45.49,45.5,45.48,45.48,127.346
2026-08-09 23:50:00,45.49,45.49,45.43,45.46,466.369
2026-08-09 23:55:00,45.45,45.46,45.4,45.46,276.366
2026-08-10 00:00:00,45.46,45.46,45.38,45.41,635.798
2026-08-10 00:05:00,45.41,45.44,45.33,45.42,2375.01
2026-08-10 00:10:00,45.41,45.6,45.36,45.55,727.551
2026-08-10 00:15:00,45.54,45.54,45.48,45.5,276.951
2026-08-10 00:20:00,45.5,45.52,45.38,45.39,855.388
2026-08-10 00:25:00,45.39,45.49,45.33,45.48,2582.99
2026-08-10 00:30:00,45.47,45.52,45.43,45.51,851.102
2026-08-10 00:35:00,45.51,45.52,45.44,45.46,368.607
2026-08-10 00:40:00,45.46,45.51,45.41,45.43,658.138
2026-08-10 00:45:00,45.42,45.54,45.42,45.54,201.293
2026-08-10 00:50:00,45.54,45.59,45.54,45.58,170.81
2026-08-10 00:55:00,45.57,45.6,45.51,45.51,156.896
2026-08-10 01:00:00,45.52,45.58,45.49,45.52,851.712
2026-08-10 01:05:00,45.53,45.53,45.47,45.49,188.511
2026-08-10 01:10:00,45.5,45.56,45.49,45.56,214.957
2026-08-10 01:15:00,45.56,45.6,45.54,45.58,256.358
2026-08-10 01:20:00,45.59,45.64,45.58,45.63,464.49
2026-08-10 01:25:00,45.63,45.63,45.58,45.59,188.508
2026-08-10 01:30:00,45.59,45.59,45.56,45.57,209.451
2026-08-10 01:35:00,45.58,45.62,45.53,45.6,748.912
2026-08-10 01:40:00,45.6,45.61,45.57,45.59,164.058
2026-08-10 01:45:00,45.59,45.75,45.56,45.72,506.212
2026-08-10 01:50:00,45.73,45.78,45.67,45.68,305.335
2026-08-10 01:55:00,45.69,45.69,45.62,45.64,515.27
2026-08-10 02:00:00,45.64,45.64,45.58,45.6,696.21
2026-08-10 02:05:00,45.6,45.61,45.56,45.59,428.186
2026-08-10 02:10:00,45.58,45.61,45.53,45.55,405.124
2026-08-10 02:15:00,45.54,45.56,45.43,45.45,548.507
2026-08-10 02:20:00,45.45,45.49,45.44,45.45,181.564
2026-08-10 02:25:00,45.46,45.46,45.34,45.35,604.387
2026-08-10 02:30:00,45.36,45.38,45.34,45.36,493.556
2026-08-10 02:35:00,45.37,45.41,45.34,45.41,638.249
2026-08-10 02:40:00,45.41,45.55,45.41,45.54,749.66
2026-08-10 02:45:00,45.54,45.54,45.49,45.5,543.509
2026-08-10 02:50:00,45.5,45.55,45.49,45.5,743.752
2026-08-10 02:55:00,45.5,45.51,45.46,45.51,341.111
2026-08-10 03:00:00,45.51,45.53,45.46,45.46,235.607
2026-08-10 03:05:00,45.46,45.47,45.43,45.46,343.672
2026-08-10 03:10:00,45.46,45.46,45.36,45.37,439.944
2026-08-10 03:15:00,45.38,45.45,45.35,45.43,976.846
2026-08-10 03:20:00,45.42,45.47,45.42,45.46,252.942
2026-08-10 03:25:00,45.45,45.47,45.4,45.4,832.934
2026-08-10 03:30:00,45.41,45.42,45.4,45.42,730.451
2026-08-10 03:35:00,45.42,45.44,45.4,45.42,150.82
2026-08-10 03:40:00,45.41,45.44,45.4,45.41,290.735
2026-08-10 03:45:00,45.4,45.42,45.4,45.4,335.679
2026-08-10 03:50:00,45.4,45.41,45.35,45.36,505.261
2026-08-10 03:55:00,45.36,45.36,45.32,45.35,436.788
2026-08-10 04:00:00,45.34,45.4,45.33,45.38,400.099
2026-08-10 04:05:00,45.38,45.4,45.36,45.39,190.352
2026-08-10 04:10:00,45.4,45.42,45.38,45.42,107.845
2026-08-10 04:15:00,45.42,45.43,45.39,45.42,419.956
2026-08-10 04:20:00,45.43,45.44,45.4,45.4,114.38
2026-08-10 04:25:00,45.4,45.4,45.33,45.33,515.459
2026-08-10 04:30:00,45.33,45.35,45.32,45.33,285.79
2026-08-10 04:35:00,45.34,45.37,45.32,45.34,471.094
2026-08-10 04:40:00,45.34,45.34,45.21,45.3,2080.502
2026-08-10 04:45:00,45.3,45.4,45.3,45.32,857.608
2026-08-10 04:50:00,45.33,45.38,45.29,45.31,372.605
2026-08-10 04:55:00,45.31,45.32,45.29,45.3,63.227
2026-08-10 05:00:00,45.29,45.37,45.29,45.36,182.881
2026-08-10 05:05:00,45.37,45.39,45.36,45.39,105.828
2026-08-10 05:10:00,45.39,45.39,45.36,45.37,127.153
2026-08-10 05:15:00,45.38,45.41,45.37,45.38,353.974
2026-08-10 05:20:00,45.38,45.44,45.38,45.43,312.052
2026-08-10 05:25:00,45.43,45.43,45.4,45.43,97.651
2026-08-10 05:30:00,45.43,45.44,45.38,45.43,316.165
2026-08-10 05:35:00,45.43,45.46,45.42,45.44,96.475
2026-08-10 05:40:00,45.43,45.47,45.42,45.46,393.182
2026-08-10 05:45:00,45.45,45.49,45.45,45.48,292.683
2026-08-10 05:50:00,45.48,45.51,45.46,45.5,1587.609
2026-08-10 05:55:00,45.51,45.52,45.46,45.46,227.294
2026-08-10 06:00:00,45.47,45.53,45.46,45.52,812.175
2026-08-10 06:05:00,45.51,45.56,45.5,45.5,136.701
2026-08-10 06:10:00,45.49,45.5,45.47,45.48,45.376
2026-08-10 06:15:00,45.47,45.51,45.46,45.51,521.038
2026-08-10 06:20:00,45.5,45.5,45.46,45.46,155.421
2026-08-10 06:25:00,45.46,45.47,45.45,45.46,133.761
2026-08-10 06:30:00,45.46,45.51,45.46,45.49,573.144
2026-08-10 06:35:00,45.49,45.52,45.49,45.51,139.599
2026-08-10 06:40:00,45.51,45.58,45.49,45.56,805.449
2026-08-10 06:45:00,45.56,45.58,45.55,45.57,146.798
2026-08-10 06:50:00,45.57,45.58,45.52,45.55,369.128
2026-08-10 06:55:00,45.55,45.58,45.5,45.58,1005.336
2026-08-10 07:00:00,45.57,45.57,45.53,45.54,118.581
2026-08-10 07:05:00,45.54,45.54,45.5,45.52,352.442
2026-08-10 07:10:00,45.51,45.52,45.5,45.51,273.656
2026-08-10 07:15:00,45.51,45.52,45.47,45.51,279.772
2026-08-10 07:20:00,45.52,45.57,45.52,45.57,168.818
2026-08-10 07:25:00,45.56,45.58,45.55,45.57,151.627
2026-08-10 07:30:00,45.57,45.59,45.56,45.58,277.659
2026-08-10 07:35:00,45.57,45.59,45.55,45.57,265.971
2026-08-10 07:40:00,45.56,45.59,45.56,45.57,342.553
2026-08-10 07:45:00,45.58,45.59,45.55,45.56,1363.95
2026-08-10 07:50:00,45.56,45.58,45.55,45.56,374.148
2026-08-10 07:55:00,45.56,45.58,45.56,45.57,171.25
2026-08-10 08:00:00,45.57,45.59,45.56,45.59,212.429
2026-08-10 08:05:00,45.58,45.58,45.53,45.54,476.955
2026-08-10 08:10:00,45.53,45.56,45.53,45.54,186.355
2026-08-10 08:15:00,45.54,45.55,45.51,45.55,295.852
2026-08-10 08:20:00,45.55,45.57,45.54,45.55,421.531
2026-08-10 08:25:00,45.55,45.56,45.47,45.47,629.385
2026-08-10 08:30:00,45.47,45.51,45.45,45.49,386.933
2026-08-10 08:35:00,45.5,45.51,45.49,45.49,301.633
2026-08-10 08:40:00,45.5,45.51,45.42,45.47,1688.121
2026-08-10 08:45:00,45.46,45.48,45.44,45.45,396.121
2026-08-10 08:50:00,45.46,45.46,45.36,45.42,1476.138
2026-08-10 08:55:00,45.41,45.46,45.41,45.45,557.338
2026-08-10 09:00:00,45.45,45.48,45.4,45.43,2211.961
2026-08-10 09:05:00,45.44,45.45,45.43,45.43,610.142
2026-08-10 09:10:00,45.44,45.47,45.42,45.47,255.722
2026-08-10 09:15:00,45.46,45.47,45.45,45.46,239.54
2026-08-10 09:20:00,45.46,45.47,45.43,45.46,463.001
2026-08-10 09:25:00,45.46,45.47,45.45,45.47,351.728
2026-08-10 09:30:00,45.46,45.46,45.39,45.44,567.057
2026-08-10 09:35:00,45.44,45.52,45.43,45.48,2534.121
2026-08-10 09:40:00,45.48,45.52,45.47,45.51,1668.623
2026-08-10 09:45:00,45.51,45.53,45.46,45.5,723.483
2026-08-10 09:50:00,45.5,45.51,45.44,45.46,636.702
2026-08-10 09:55:00,45.46,45.5,45.45,45.46,378.379
2026-08-10 10:00:00,45.46,45.49,45.45,45.48,361.647
2026-08-10 10:05:00,45.49,45.49,45.46,45.47,524.517
2026-08-10 10:10:00,45.48,45.48,45.45,45.47,191.663
2026-08-10 10:15:00,45.46,45.51,45.46,45.48,610.373
2026-08-10 10:20:00,45.48,45.56,45.47,45.55,780.261
2026-08-10 10:25:00,45.55,45.57,45.51,45.52,437.705
2026-08-10 10:30:00,45.52,45.55,45.51,45.54,256.856
2026-08-10 10:35:00,45.53,45.54,45.5,45.51,592.112
2026-08-10 10:40:00,45.51,45.54,45.49,45.52,905.097
2026-08-10 10:45:00,45.52,45.54,45.49,45.5,430.33
2026-08-10 10:50:00,45.5,45.51,45.45,45.45,555.863
2026-08-10 10:55:00,45.46,45.46,45.38,45.39,1272.996
2026-08-10 11:00:00,45.4,45.41,45.33,45.34,1394.078
2026-08-10 11:05:00,45.33,45.39,45.32,45.39,385.969
2026-08-10 11:10:00,45.39,45.4,45.33,45.35,891.143
2026-08-10 11:15:00,45.34,45.39,45.34,45.39,531.927
2026-08-10 11:20:00,45.38,45.41,45.37,45.39,448.943
2026-08-10 11:25:00,45.39,45.41,45.37,45.38,1365.201
2026-08-10 11:30:00,45.38,45.41,45.38,45.4,254.572
2026-08-10 11:35:00,45.41,45.41,45.38,45.4,460.328
2026-08-10 11:40:00,45.4,45.42,45.31,45.35,2977.487
2026-08-10 11:45:00,45.35,45.38,45.32,45.34,294.004
2026-08-10 11:50:00,45.34,45.36,45.33,45.36,177.306
2026-08-10 11:55:00,45.36,45.4,45.36,45.4,709.97
2026-08-10 12:00:00,45.4,45.43,45.37,45.38,894.924
2026-08-10 12:05:00,45.38,45.41,45.36,45.4,617.371
2026-08-10 12:10:00,45.4,45.41,45.37,45.38,272.706
2026-08-10 12:15:00,45.37,45.45,45.35,45.42,933.051
2026-08-10 12:20:00,45.42,45.48,45.42,45.47,422.556
2026-08-10 12:25:00,45.46,45.51,45.44,45.45,1167.249
2026-08-10 12:30:00,45.45,45.45,45.42,45.43,458.239
2026-08-10 12:35:00,45.42,45.45,45.41,45.45,274.353
2026-08-10 12:40:00,45.44,45.49,45.4,45.49,535.368
2026-08-10 12:45:00,45.49,45.49,45.44,45.45,431.91
2026-08-10 12:50:00,45.45,45.46,45.39,45.44,566.832
2026-08-10 12:55:00,45.44,45.44,45.38,45.41,1142.471
2026-08-10 13:00:00,45.4,45.46,45.4,45.45,378.875
2026-08-10 13:05:00,45.45,45.47,45.44,45.46,305.071
2026-08-10 13:10:00,45.46,45.48,45.42,45.46,1321.909
2026-08-10 13:15:00,45.46,45.5,45.41,45.49,1411.91
2026-08-10 13:20:00,45.49,45.52,45.46,45.51,512.386
2026-08-10 13:25:00,45.51,45.53,45.49,45.52,245.032
2026-08-10 13:30:00,45.53,45.53,45.42,45.42,888.395
2026-08-10 13:35:00,45.42,45.51,45.38,45.41,727.199
2026-08-10 13:40:00,45.41,45.45,45.35,45.36,1154.211
2026-08-10 13:45:00,45.36,45.37,45.25,45.29,580.456
2026-08-10 13:50:00,45.29,45.38,45.28,45.33,1116.857
2026-08-10 13:55:00,45.32,45.37,45.24,45.36,1844.614
2026-08-10 14:00:00,45.35,45.41,45.35,45.39,726.636
2026-08-10 14:05:00,45.39,45.42,45.36,45.38,628.628
2026-08-10 14:10:00,45.37,45.43,45.34,45.42,896.52
2026-08-10 14:15:00,45.42,45.45,45.4,45.42,590.32
2026-08-10 14:20:00,45.41,45.41,45.38,45.38,260.759
2026-08-10 14:25:00,45.39,45.52,45.38,45.5,969.646
2026-08-10 14:30:00,45.5,45.52,45.48,45.51,303.823
2026-08-10 14:35:00,45.51,45.55,45.48,45.48,464.614
2026-08-10 14:40:00,45.49,45.56,45.49,45.52,696.473
2026-08-10 14:45:00,45.52,45.54,45.48,45.51,1130.692
2026-08-10 14:50:00,45.51,45.51,45.45,45.46,223.148
2026-08-10 14:55:00,45.47,45.48,45.41,45.42,814.046
2026-08-10 15:00:00,45.42,45.44,45.37,45.42,441.665
2026-08-10 15:05:00,45.41,45.42,45.36,45.37,1084.685
2026-08-10 15:10:00,45.36,45.38,45.1,45.18,2349.168
2026-08-10 15:15:00,45.17,45.24,45.14,45.17,1105.974
2026-08-10 15:20:00,45.16,45.18,45.1,45.12,620.926
2026-08-10 15:25:00,45.12,45.2,45.07,45.2,944.21
2026-08-10 15:30:00,45.2,45.24,45.19,45.21,781.796
2026-08-10 15:35:00,45.21,45.21,45.15,45.16,644.14
2026-08-10 15:40:00,45.16,45.22,45.16,45.21,726.35
2026-08-10 15:45:00,45.21,45.21,45.16,45.17,365.304
2026-08-10 15:50:00,45.17,45.23,45.16,45.17,808.237
2026-08-10 15:55:00,45.17,45.24,45.15,45.24,726.033
2026-08-10 16:00:00,45.23,45.27,45.18,45.27,415.31
2026-08-10 16:05:00,45.27,45.29,45.22,45.22,498.58
2026-08-10 16:10:00,45.23,45.23,45.13,45.13,424.582
2026-08-10 16:15:00,45.14,45.18,45.11,45.12,630.622
2026-08-10 16:20:00,45.13,45.23,45.07,45.22,725.683
2026-08-10 16:25:00,45.22,45.27,45.22,45.25,354.653
2026-08-10 16:30:00,45.26,45.3,45.23,45.25,1947.574
2026-08-10 16:35:00,45.24,45.31,45.24,45.31,427.288
2026-08-10 16:40:00,45.32,45.32,45.23,45.24,400.185
2026-08-10 16:45:00,45.24,45.24,45.15,45.16,906.414
2026-08-10 16:50:00,45.15,45.19,45.13,45.15,505.777
2026-08-10 16:55:00,45.15,45.16,45.1,45.14,2379.907
2026-08-10 17:00:00,45.14,45.16,45.08,45.09,851.689
2026-08-10 17:05:00,45.09,45.17,45.08,45.17,2394.61
2026-08-10 17:10:00,45.17,45.25,45.17,45.23,687.255
2026-08-10 17:15:00,45.23,45.23,45.2,45.2,298.478
2026-08-10 17:20:00,45.2,45.26,45.2,45.26,1298.35
2026-08-10 17:25:00,45.26,45.28,45.23,45.24,228.295
2026-08-10 17:30:00,45.24,45.29,45.23,45.28,294.308
2026-08-10 17:35:00,45.28,45.28,45.24,45.26,299.926
2026-08-10 17:40:00,45.25,45.32,45.13,45.13,1792.671
2026-08-10 17:45:00,45.13,45.13,45.09,45.11,811.772
2026-08-10 17:50:00,45.12,45.12,45.06,45.07,982.792
2026-08-10 17:55:00,45.07,45.08,45.06,45.07,225.127
2026-08-10 18:00:00,45.07,45.09,45.04,45.08,948.253
2026-08-10 18:05:00,45.08,45.14,45.06,45.13,723.032
2026-08-10 18:10:00,45.14,45.17,45.12,45.14,887.574
2026-08-10 18:15:00,45.14,45.17,45.11,45.15,882.523
2026-08-10 18:20:00,45.16,45.19,45.15,45.19,310.606
2026-08-10 18:25:00,45.19,45.19,45.15,45.17,444.372
2026-08-10 18:30:00,45.16,45.18,45.13,45.14,504.301
2026-08-10 18:35:00,45.14,45.14,45.05,45.08,1332.387
2026-08-10 18:40:00,45.07,45.09,45.06,45.07,571.277
2026-08-10 18:45:00,45.07,45.08,45.0,45.08,1609.26
2026-08-10 18:50:00,45.07,45.07,45.03,45.05,1148.734
2026-08-10 18:55:00,45.06,45.09,45.06,45.08,361.829
2026-08-10 19:00:00,45.07,45.09,45.05,45.06,530.513
2026-08-10 19:05:00,45.05,45.08,45.01,45.02,1764.156
2026-08-10 19:10:00,45.01,45.1,45.01,45.1,1835.956
2026-08-10 19:15:00,45.1,45.14,45.05,45.12,2246.551
2026-08-10 19:20:00,45.12,45.15,45.05,45.06,4069.729
2026-08-10 19:25:00,45.06,45.07,45.03,45.05,2888.295
2026-08-10 19:30:00,45.05,45.12,45.04,45.12,877.85
2026-08-10 19:35:00,45.12,45.12,45.08,45.1,353.782
2026-08-10 19:40:00,45.1,45.18,45.09,45.17,554.48
2026-08-10 19:45:00,45.17,45.2,45.15,45.16,322.703
2026-08-10 19:50:00,45.15,45.16,45.14,45.14,193.874
2026-08-10 19:55:00,45.15,45.15,45.13,45.13,631.415
2026-08-10 20:00:00,45.13,45.14,45.1,45.12,888.255
2026-08-10 20:05:00,45.12,45.14,45.11,45.14,175.865
2026-08-10 20:10:00,45.13,45.16,45.11,45.12,641.269
2026-08-10 20:15:00,45.13,45.16,45.12,45.16,263.493
2026-08-10 20:20:00,45.16,45.18,45.13,45.15,644.391
2026-08-10 20:25:00,45.14,45.16,45.14,45.15,281.294
2026-08-10 20:30:00,45.15,45.2,45.14,45.16,762.632
2026-08-10 20:35:00,45.15,45.15,45.12,45.12,401.683
2026-08-10 20:40:00,45.13,45.15,45.12,45.13,981.955
2026-08-10 20:45:00,45.13,45.14,45.1,45.11,476.611
2026-08-10 20:50:00,45.11,45.11,45.05,45.05,428.008
2026-08-10 20:55:00,45.05,45.07,45.0,45.06,4959.823
2026-08-10 21:00:00,45.05,45.07,45.04,45.06,743.068
2026-08-10 21:05:00,45.06,45.15,45.06,45.15,445.126
2026-08-10 21:10:00,45.14,45.18,45.12,45.14,1457.444
2026-08-10 21:15:00,45.14,45.15,45.13,45.15,218.705
2026-08-10 21:20:00,45.14,45.15,45.12,45.14,127.342
2026-08-10 21:25:00,45.14,45.18,45.13,45.18,491.482
2026-08-10 21:30:00,45.18,45.18,45.16,45.17,158.438
2026-08-10 21:35:00,45.17,45.17,45.14,45.14,359.789
2026-08-10 21:40:00,45.13,45.14,45.08,45.09,458.503
2026-08-10 21:45:00,45.09,45.12,45.08,45.11,242.56
2026-08-10 21:50:00,45.1,45.11,45.07,45.09,341.185
2026-08-10 21:55:00,45.08,45.16,45.08,45.09,1461.013
2026-08-10 22:00:00,45.1,45.13,45.07,45.07,630.844
2026-08-10 22:05:00,45.06,45.14,45.03,45.14,444.297
2026-08-10 22:10:00,45.14,45.17,45.13,45.16,213.545
2026-08-10 22:15:00,45.17,45.21,45.16,45.18,1126.513
2026-08-10 22:20:00,45.19,45.19,45.14,45.18,518.619
2026-08-10 22:25:00,45.17,45.18,45.15,45.18,383.009
2026-08-10 22:30:00,45.18,45.18,45.14,45.15,642.861
2026-08-10 22:35:00,45.14,45.17,45.13,45.13,446.367
2026-08-10 22:40:00,45.13,45.15,45.13,45.15,250.78
2026-08-10 22:45:00,45.15,45.19,45.15,45.18,554.816
2026-08-10 22:50:00,45.18,45.19,45.18,45.19,123.015
2026-08-10 22:55:00,45.19,45.19,45.18,45.19,80.99
2026-08-10 23:00:00,45.18,45.18,45.15,45.16,765.841
2026-08-10 23:05:00,45.17,45.21,45.17,45.21,444.423
2026-08-10 23:10:00,45.21,45.21,45.17,45.18,691.909
2026-08-10 23:15:00,45.17,45.22,45.17,45.2,201.868
2026-08-10 23:20:00,45.21,45.21,45.16,45.18,403.286
2026-08-10 23:25:00,45.17,45.2,45.17,45.2,427.987
2026-08-10 23:30:00,45.19,45.2,45.15,45.16,485.745
2026-08-10 23:35:00,45.15,45.16,45.12,45.13,220.539
2026-08-10 23:40:00,45.13,45.15,45.12,45.15,237.786
2026-08-10 23:45:00,45.15,45.16,45.14,45.14,196.428
2026-08-10 23:50:00,45.15,45.18,45.15,45.16,299.213
2026-08-10 23:55:00,45.16,45.16,45.12,45.14,158.934
2026-08-11 00:00:00,45.14,45.18,45.1,45.18,679.566
2026-08-11 00:05:00,45.18,45.18,45.14,45.15,349.443
2026-08-11 00:10:00,45.14,45.17,45.12,45.16,279.588
2026-08-11 00:15:00,45.17,45.18,45.15,45.16,327.578
2026-08-11 00:20:00,45.17,45.2,45.15,45.17,279.251
2026-08-11 00:25:00,45.17,45.19,45.16,45.19,269.344
2026-08-11 00:30:00,45.18,45.19,45.09,45.13,538.707
2026-08-11 00:35:00,45.12,45.13,45.08,45.08,178.125
2026-08-11 00:40:00,45.09,45.15,45.09,45.15,508.363
2026-08-11 00:45:00,45.14,45.16,45.14,45.16,305.862
2026-08-11 00:50:00,45.15,45.18,45.15,45.18,144.522
2026-08-11 00:55:00,45.18,45.19,45.15,45.16,517.286
2026-08-11 01:00:00,45.15,45.16,45.1,45.15,388.607
2026-08-11 01:05:00,45.15,45.17,45.14,45.16,94.306
2026-08-11 01:10:00,45.15,45.21,45.15,45.2,159.422
2026-08-11 01:15:00,45.2,45.21,45.18,45.19,69.787
2026-08-11 01:20:00,45.18,45.23,45.18,45.21,172.25
2026-08-11 01:25:00,45.22,45.24,45.18,45.24,190.003
2026-08-11 01:30:00,45.23,45.25,45.22,45.23,250.459
2026-08-11 01:35:00,45.22,45.23,45.21,45.21,108.737
2026-08-11 01:40:00,45.21,45.21,45.18,45.2,329.974
2026-08-11 01:45:00,45.2,45.25,45.2,45.25,182.864
2026-08-11 01:50:00,45.25,45.28,45.24,45.27,379.361
2026-08-11 01:55:00,45.27,45.28,45.26,45.28,84.296
2026-08-11 02:00:00,45.28,45.3,45.25,45.3,373.588
2026-08-11 02:05:00,45.29,45.3,45.27,45.29,74.581
2026-08-11 02:10:00,45.28,45.31,45.28,45.28,149.179
2026-08-11 02:15:00,45.29,45.3,45.29,45.3,140.304
2026-08-11 02:20:00,45.3,45.3,45.27,45.29,92.135
2026-08-11 02:25:00,45.28,45.3,45.28,45.28,150.353
2026-08-11 02:30:00,45.28,45.29,45.25,45.26,113.735
2026-08-11 02:35:00,45.25,45.26,45.22,45.24,181.87
2026-08-11 02:40:00,45.24,45.26,45.22,45.23,430.167
2026-08-11 02:45:00,45.23,45.23,45.22,45.23,114.878
2026-08-11 02:50:00,45.22,45.23,45.2,45.21,212.64
2026-08-11 02:55:00,45.2,45.22,45.2,45.22,168.105
2026-08-11 03:00:00,45.22,45.23,45.21,45.23,72.163
2026-08-11 03:05:00,45.23,45.24,45.22,45.23,163.78
2026-08-11 03:10:00,45.23,45.23,45.21,45.22,141.308
2026-08-11 03:15:00,45.22,45.25,45.21,45.22,292.102
2026-08-11 03:20:00,45.22,45.24,45.22,45.24,281.168
2026-08-11 03:25:00,45.24,45.26,45.23,45.24,385.85
2026-08-11 03:30:00,45.23,45.24,45.23,45.24,57.222
2026-08-11 03:35:00,45.24,45.26,45.23,45.26,99.572
2026-08-11 03:40:00,45.25,45.26,45.24,45.25,117.734
2026-08-11 03:45:00,45.25,45.25,45.24,45.25,84.757
2026-08-11 03:50:00,45.24,45.25,45.23,45.23,67.394
2026-08-11 03:55:00,45.24,45.24,45.23,45.23,63.278
2026-08-11 04:00:00,45.23,45.25,45.22,45.22,279.554
2026-08-11 04:05:00,45.22,45.23,45.21,45.21,111.696
2026-08-11 04:10:00,45.22,45.22,45.21,45.21,45.728
2026-08-11 04:15:00,45.21,45.22,45.21,45.22,433.424
2026-08-11 04:20:00,45.22,45.22,45.2,45.2,169.645
2026-08-11 04:25:00,45.2,45.22,45.19,45.21,432.513
2026-08-11 04:30:00,45.21,45.21,45.18,45.18,231.893
2026-08-11 04:35:00,45.18,45.18,45.17,45.18,193.711
2026-08-11 04:40:00,45.18,45.19,45.17,45.19,129.54
2026-08-11 04:45:00,45.19,45.19,45.17,45.19,255.357
2026-08-11 04:50:00,45.19,45.19,45.16,45.18,255.076
2026-08-11 04:55:00,45.17,45.18,45.16,45.17,245.684
2026-08-11 05:00:00,45.16,45.2,45.16,45.19,195.584
2026-08-11 05:05:00,45.2,45.2,45.17,45.18,261.492
2026-08-11 05:10:00,45.17,45.18,45.17,45.18,119.37
2026-08-11 05:15:00,45.17,45.18,45.14,45.14,286.315
2026-08-11 05:20:00,45.13,45.14,45.07,45.08,251.528
2026-08-11 05:25:00,45.07,45.09,45.05,45.09,367.77
2026-08-11 05:30:00,45.08,45.14,45.07,45.13,250.722
2026-08-11 05:35:00,45.13,45.16,45.13,45.15,106.91
2026-08-11 05:40:00,45.15,45.15,45.13,45.13,247.012
2026-08-11 05:45:00,45.13,45.15,45.13,45.15,147.474
2026-08-11 05:50:00,45.14,45.15,45.13,45.13,268.392
2026-08-11 05:55:00,45.12,45.13,45.1,45.11,218.202
2026-08-11 06:00:00,45.11,45.11,45.07,45.07,460.421
2026-08-11 06:05:00,45.07,45.17,45.06,45.16,558.124
2026-08-11 06:10:00,45.17,45.22,45.16,45.19,556.841
2026-08-11 06:15:00,45.18,45.21,45.17,45.17,202.583
2026-08-11 06:20:00,45.17,45.17,45.16,45.17,109.876
2026-08-11 06:25:00,45.16,45.17,45.13,45.14,171.847
2026-08-11 06:30:00,45.13,45.14,45.09,45.1,301.45
2026-08-11 06:35:00,45.11,45.13,45.09,45.13,233.119
2026-08-11 06:40:00,45.13,45.13,45.11,45.11,108.512
2026-08-11 06:45:00,45.12,45.12,45.08,45.09,135.07
2026-08-11 06:50:00,45.09,45.1,45.04,45.05,316.963
2026-08-11 06:55:00,45.05,45.11,45.05,45.11,196.81
2026-08-11 07:00:00,45.11,45.13,45.1,45.12,304.806
2026-08-11 07:05:00,45.12,45.12,45.09,45.1,815.65
2026-08-11 07:10:00,45.1,45.11,45.08,45.08,502.271
2026-08-11 07:15:00,45.08,45.08,45.01,45.05,1516.451
2026-08-11 07:20:00,45.04,45.08,45.03,45.07,1003.217
2026-08-11 07:25:00,45.07,45.08,45.05,45.07,584.914
2026-08-11 07:30:00,45.07,45.13,45.06,45.1,561.826
2026-08-11 07:35:00,45.1,45.16,45.1,45.16,152.412
2026-08-11 07:40:00,45.16,45.16,45.14,45.16,204.485
2026-08-11 07:45:00,45.16,45.19,45.15,45.16,732.744
2026-08-11 07:50:00,45.17,45.2,45.15,45.16,373.824
2026-08-11 07:55:00,45.16,45.17,45.14,45.17,442.948
2026-08-11 08:00:00,45.16,45.22,45.16,45.21,529.573
2026-08-11 08:05:00,45.2,45.21,45.19,45.19,78.524
2026-08-11 08:10:00,45.19,45.19,45.14,45.15,1176.393
2026-08-11 08:15:00,45.15,45.17,45.14,45.14,745.14
2026-08-11 08:20:00,45.15,45.17,45.14,45.16,916.243
2026-08-11 08:25:00,45.16,45.18,45.15,45.16,355.472
2026-08-11 08:30:00,45.17,45.17,45.14,45.15,339.112
2026-08-11 08:35:00,45.15,45.16,45.13,45.16,251.396
2026-08-11 08:40:00,45.16,45.2,45.15,45.2,526.971
2026-08-11 08:45:00,45.19,45.21,45.18,45.2,356.95
2026-08-11 08:50:00,45.21,45.27,45.21,45.27,426.184
2026-08-11 08:55:00,45.27,45.29,45.26,45.28,786.734
2026-08-11 09:00:00,45.27,45.33,45.27,45.29,1682.212
2026-08-11 09:05:00,45.3,45.3,45.29,45.3,89.036
2026-08-11 09:10:00,45.3,45.34,45.3,45.33,325.042
2026-08-11 09:15:00,45.33,45.42,45.32,45.41,897.566
2026-08-11 09:20:00,45.4,45.44,45.39,45.43,1114.212
2026-08-11 09:25:00,45.43,45.48,45.42,45.48,415.438
2026-08-11 09:30:00,45.47,45.53,45.47,45.52,694.747
2026-08-11 09:35:00,45.52,45.57,45.49,45.51,1083.511
2026-08-11 09:40:00,45.51,45.57,45.5,45.55,843.796
2026-08-11 09:45:00,45.56,45.57,45.52,45.56,534.599
2026-08-11 09:50:00,45.56,45.56,45.51,45.53,323.656
2026-08-11 09:55:00,45.53,45.58,45.53,45.58,404.531
2026-08-11 10:00:00,45.57,45.57,45.51,45.51,630.387
2026-08-11 10:05:00,45.52,45.52,45.45,45.45,359.944
2026-08-11 10:10:00,45.46,45.47,45.43,45.44,186.905
2026-08-11 10:15:00,45.43,45.48,45.42,45.47,709.505
2026-08-11 10:20:00,45.46,45.47,45.44,45.47,158.333
2026-08-11 10:25:00,45.46,45.51,45.46,45.51,268.984
2026-08-11 10:30:00,45.51,45.51,45.46,45.48,464.556
2026-08-11 10:35:00,45.48,45.48,45.43,45.43,369.557
2026-08-11 10:40:00,45.44,45.44,45.4,45.42,1049.773
2026-08-11 10:45:00,45.41,45.45,45.41,45.45,860.128
2026-08-11 10:50:00,45.44,45.47,45.44,45.47,485.107
2026-08-11 10:55:00,45.46,45.47,45.45,45.47,257.812
2026-08-11 11:00:00,45.46,45.51,45.46,45.48,592.816
2026-08-11 11:05:00,45.48,45.49,45.42,45.43,448.985
2026-08-11 11:10:00,45.43,45.44,45.41,45.41,304.071
2026-08-11 11:15:00,45.42,45.42,45.36,45.39,296.775
2026-08-11 11:20:00,45.4,45.47,45.39,45.44,581.435
2026-08-11 11:25:00,45.45,45.46,45.44,45.45,319.147
2026-08-11 11:30:00,45.46,45.46,45.44,45.46,203.838
2026-08-11 11:35:00,45.46,45.51,45.45,45.49,436.795
2026-08-11 11:40:00,45.49,45.5,45.46,45.47,806.839
2026-08-11 11:45:00,45.48,45.51,45.48,45.51,189.735
2026-08-11 11:50:00,45.51,45.52,45.5,45.52,296.142
2026-08-11 11:55:00,45.52,45.52,45.47,45.48,900.248
2026-08-11 12:00:00,45.49,45.49,45.42,45.43,891.127
2026-08-11 12:05:00,45.42,45.45,45.42,45.45,243.191
2026-08-11 12:10:00,45.45,45.46,45.42,45.44,432.882
2026-08-11 12:15:00,45.44,45.44,45.33,45.35,1001.633
2026-08-11 12:20:00,45.35,45.38,45.34,45.35,992.366
2026-08-11 12:25:00,45.36,45.38,45.34,45.37,400.766
2026-08-11 12:30:00,45.36,45.38,45.33,45.36,1802.348
2026-08-11 12:35:00,45.36,45.36,45.33,45.33,354.207
2026-08-11 12:40:00,45.34,45.36,45.32,45.36,579.709
2026-08-11 12:45:00,45.36,45.36,45.33,45.34,318.747
2026-08-11 12:50:00,45.34,45.36,45.33,45.36,784.185
2026-08-11 12:55:00,45.36,45.37,45.35,45.37,329.427
2026-08-11 13:00:00,45.36,45.37,45.32,45.36,1201.692
2026-08-11 13:05:00,45.36,45.45,45.35,45.45,636.748
2026-08-11 13:10:00,45.45,45.47,45.44,45.45,465.027
2026-08-11 13:15:00,45.44,45.47,45.42,45.44,523.881
2026-08-11 13:20:00,45.45,45.47,45.4,45.46,1929.67
2026-08-11 13:25:00,45.45,45.45,45.39,45.41,438.964
2026-08-11 13:30:00,45.41,45.42,45.35,45.35,336.401
2026-08-11 13:35:00,45.36,45.4,45.33,45.39,328.637
2026-08-11 13:40:00,45.39,45.42,45.34,45.34,681.005
2026-08-11 13:45:00,45.34,45.38,45.31,45.38,862.722
2026-08-11 13:50:00,45.38,45.39,45.17,45.17,1661.673
2026-08-11 13:55:00,45.18,45.18,45.02,45.04,1792.455
2026-08-11 14:00:00,45.04,45.16,45.0,45.15,2540.187
2026-08-11 14:05:00,45.15,45.16,45.06,45.09,517.178
2026-08-11 14:10:00,45.1,45.1,45.04,45.07,699.97
2026-08-11 14:15:00,45.07,45.12,45.06,45.06,413.831
2026-08-11 14:20:00,45.07,45.07,44.97,45.02,1280.237
2026-08-11 14:25:00,45.02,45.09,45.0,45.07,651.958
2026-08-11 14:30:00,45.08,45.08,45.03,45.06,1029.066
2026-08-11 14:35:00,45.07,45.09,45.03,45.07,1612.741
2026-08-11 14:40:00,45.07,45.12,45.05,45.1,652.146
2026-08-11 14:45:00,45.09,45.12,45.06,45.06,391.494
2026-08-11 14:50:00,45.06,45.06,44.93,45.02,3297.465
2026-08-11 14:55:00,45.02,45.06,44.93,45.05,4715.613
2026-08-11 15:00:00,45.04,45.07,45.0,45.0,3035.718
2026-08-11 15:05:00,45.0,45.15,44.99,45.14,2733.574
2026-08-11 15:10:00,45.15,45.17,45.08,45.09,505.888
2026-08-11 15:15:00,45.09,45.14,45.07,45.12,696.922
2026-08-11 15:20:00,45.13,45.18,45.11,45.13,450.395
2026-08-11 15:25:00,45.14,45.15,45.07,45.11,510.078
2026-08-11 15:30:00,45.12,45.13,45.06,45.06,308.463
2026-08-11 15:35:00,45.07,45.07,44.97,45.02,2496.479
2026-08-11 15:40:00,45.02,45.05,44.93,45.03,1761.419
2026-08-11 15:45:00,45.03,45.1,45.0,45.03,1627.644
2026-08-11 15:50:00,45.02,45.05,45.01,45.02,254.465
2026-08-11 15:55:00,45.02,45.06,45.01,45.04,1217.971
2026-08-11 16:00:00,45.04,45.17,45.01,45.16,966.736
2026-08-11 16:05:00,45.16,45.19,45.12,45.19,859.495
2026-08-11 16:10:00,45.18,45.19,45.13,45.16,852.905
2026-08-11 16:15:00,45.16,45.17,45.12,45.17,648.652
2026-08-11 16:20:00,45.17,45.17,45.12,45.14,732.217
2026-08-11 16:25:00,45.14,45.16,45.04,45.04,994.304
2026-08-11 16:30:00,45.04,45.14,45.04,45.08,665.861
2026-08-11 16:35:00,45.08,45.1,45.03,45.03,1171.273
2026-08-11 16:40:00,45.03,45.07,45.03,45.03,771.835
2026-08-11 16:45:00,45.03,45.06,45.02,45.05,791.451
2026-08-11 16:50:00,45.05,45.07,45.03,45.06,371.34
2026-08-11 16:55:00,45.06,45.06,45.05,45.06,344.634
2026-08-11 17:00:00,45.06,45.11,45.05,45.09,519.807
2026-08-11 17:05:00,45.09,45.1,45.07,45.09,273.611
2026-08-11 17:10:00,45.1,45.13,45.09,45.12,329.59
2026-08-11 17:15:00,45.12,45.18,45.11,45.15,467.069
2026-08-11 17:20:00,45.15,45.22,45.15,45.21,1162.85
2026-08-11 17:25:00,45.21,45.24,45.19,45.23,1098.193
2026-08-11 17:30:00,45.23,45.24,45.19,45.19,487.948
2026-08-11 17:35:00,45.19,45.23,45.19,45.2,714.234
2026-08-11 17:40:00,45.21,45.27,45.2,45.26,1441.062
2026-08-11 17:45:00,45.25,45.27,45.23,45.24,599.849
2026-08-11 17:50:00,45.24,45.28,45.22,45.28,387.506
2026-08-11 17:55:00,45.28,45.33,45.25,45.28,2601.868
2026-08-11 18:00:00,45.27,45.32,45.26,45.27,1054.852
2026-08-11 18:05:00,45.27,45.31,45.26,45.26,670.782
2026-08-11 18:10:00,45.26,45.34,45.19,45.34,1982.581
2026-08-11 18:15:00,45.34,45.42,45.34,45.41,1447.004
2026-08-11 18:20:00,45.41,45.42,45.35,45.37,988.33
2026-08-11 18:25:00,45.36,45.38,45.34,45.34,748.267
2026-08-11 18:30:00,45.34,45.36,45.23,45.3,1188.284
2026-08-11 18:35:00,45.31,45.33,45.25,45.25,280.997
2026-08-11 18:40:00,45.25,45.34,45.21,45.34,1276.323
2026-08-11 18:45:00,45.33,45.4,45.33,45.37,543.539
2026-08-11 18:50:00,45.38,45.4,45.37,45.39,387.175
2026-08-11 18:55:00,45.39,45.43,45.36,45.39,1008.959
2026-08-11 19:00:00,45.39,45.4,45.32,45.33,1050.077
2026-08-11 19:05:00,45.33,45.38,45.32,45.38,698.351
2026-08-11 19:10:00,45.39,45.39,45.33,45.34,696.099
2026-08-11 19:15:00,45.34,45.41,45.33,45.41,879.046
2026-08-11 19:20:00,45.4,45.43,45.31,45.33,1118.892
2026-08-11 19:25:00,45.34,45.39,45.34,45.38,1385.356
2026-08-11 19:30:00,45.38,45.42,45.38,45.41,547.948
2026-08-11 19:35:00,45.42,45.44,45.41,45.44,483.037
2026-08-11 19:40:00,45.44,45.47,45.42,45.46,487.579
2026-08-11 19:45:00,45.47,45.5,45.46,45.49,782.976
2026-08-11 19:50:00,45.49,45.53,45.48,45.51,929.119
2026-08-11 19:55:00,45.51,45.53,45.5,45.51,290.878
2026-08-11 20:00:00,45.51,45.51,45.47,45.5,501.852
2026-08-11 20:05:00,45.5,45.56,45.5,45.53,556.646
2026-08-11 20:10:00,45.53,45.54,45.52,45.53,339.355
2026-08-11 20:15:00,45.53,45.55,45.52,45.52,289.957
2026-08-11 20:20:00,45.53,45.54,45.5,45.51,240.847
2026-08-11 20:25:00,45.51,45.55,45.5,45.54,1037.605
2026-08-11 20:30:00,45.54,45.55,45.49,45.5,183.961
2026-08-11 20:35:00,45.5,45.52,45.49,45.52,288.278
2026-08-11 20:40:00,45.52,45.53,45.5,45.51,161.962
2026-08-11 20:45:00,45.51,45.53,45.49,45.5,301.432
2026-08-11 20:50:00,45.5,45.52,45.45,45.46,350.926
2026-08-11 20:55:00,45.46,45.5,45.46,45.49,204.672
2026-08-11 21:00:00,45.5,45.5,45.46,45.47,730.531
2026-08-11 21:05:00,45.47,45.48,45.47,45.48,241.894
2026-08-11 21:10:00,45.48,45.52,45.46,45.52,501.622
2026-08-11 21:15:00,45.52,45.54,45.5,45.51,209.964
2026-08-11 21:20:00,45.52,45.53,45.51,45.53,167.987
2026-08-11 21:25:00,45.53,45.55,45.49,45.5,266.758
2026-08-11 21:30:00,45.5,45.5,45.48,45.5,239.714
2026-08-11 21:35:00,45.5,45.5,45.43,45.49,834.859
2026-08-11 21:40:00,45.5,45.51,45.43,45.46,675.96
2026-08-11 21:45:00,45.46,45.48,45.45,45.47,113.677
2026-08-11 21:50:00,45.47,45.49,45.45,45.48,362.601
2026-08-11 21:55:00,45.48,45.53,45.47,45.51,301.894
2026-08-11 22:00:00,45.5,45.57,45.49,45.51,406.957
2026-08-11 22:05:00,45.51,45.51,45.48,45.49,124.274
2026-08-11 22:10:00,45.49,45.51,45.43,45.5,464.18
2026-08-11 22:15:00,45.5,45.53,45.48,45.5,639.653
2026-08-11 22:20:00,45.49,45.5,45.46,45.48,421.636
2026-08-11 22:25:00,45.49,45.51,45.48,45.51,295.859
2026-08-11 22:30:00,45.5,45.53,45.48,45.53,217.21
2026-08-11 22:35:00,45.53,45.53,45.51,45.52,214.221
2026-08-11 22:40:00,45.51,45.53,45.47,45.48,388.501
2026-08-11 22:45:00,45.47,45.48,45.42,45.45,188.073
2026-08-11 22:50:00,45.45,45.48,45.43,45.48,290.343
2026-08-11 22:55:00,45.48,45.5,45.47,45.48,212.471
2026-08-11 23:00:00,45.48,45.49,45.48,45.48,91.198
2026-08-11 23:05:00,45.48,45.48,45.47,45.47,147.293
2026-08-11 23:10:00,45.48,45.5,45.48,45.49,258.088
2026-08-11 23:15:00,45.49,45.53,45.49,45.52,161.276
2026-08-11 23:20:00,45.52,45.54,45.51,45.53,172.88
2026-08-11 23:25:00,45.54,45.57,45.49,45.49,428.669
2026-08-11 23:30:00,45.49,45.51,45.45,45.5,370.887
2026-08-11 23:35:00,45.49,45.51,45.49,45.51,57.993
2026-08-11 23:40:00,45.51,45.52,45.5,45.52,143.358
2026-08-11 23:45:00,45.52,45.52,45.5,45.51,198.595
2026-08-11 23:50:00,45.51,45.52,45.5,45.51,188.863
2026-08-11 23:55:00,45.52,45.52,45.5,45.5,77.886
2026-08-12 00:00:00,45.51,45.51,45.47,45.5,316.643
2026-08-12 00:05:00,45.5,45.53,45.47,45.5,354.673
2026-08-12 00:10:00,45.5,45.52,45.5,45.51,199.578
2026-08-12 00:15:00,45.52,45.52,45.46,45.48,143.002
2026-08-12 00:20:00,45.47,45.54,45.47,45.52,564.136
2026-08-12 00:25:00,45.52,45.54,45.49,45.5,278.98
2026-08-12 00:30:00,45.51,45.59,45.49,45.59,428.934
2026-08-12 00:35:00,45.59,45.59,45.53,45.53,197.464
2026-08-12 00:40:00,45.54,45.56,45.53,45.55,207.577
2026-08-12 00:45:00,45.56,45.56,45.52,45.54,161.631
2026-08-12 00:50:00,45.54,45.56,45.53,45.56,82.876
2026-08-12 00:55:00,45.56,45.56,45.51,45.55,325.798
2026-08-12 01:00:00,45.55,45.61,45.55,45.59,1201.971
2026-08-12 01:05:00,45.6,45.61,45.58,45.58,1418.228
2026-08-12 01:10:00,45.59,45.6,45.57,45.58,386.159
2026-08-12 01:15:00,45.57,45.59,45.56,45.59,331.818
2026-08-12 01:20:00,45.58,45.59,45.52,45.53,353.807
2026-08-12 01:25:00,45.53,45.55,45.52,45.53,193.316
2026-08-12 01:30:00,45.52,45.53,45.48,45.52,172.421
2026-08-12 01:35:00,45.52,45.52,45.51,45.51,86.365
2026-08-12 01:40:00,45.51,45.56,45.51,45.56,313.075
2026-08-12 01:45:00,45.55,45.57,45.51,45.55,310.54
2026-08-12 01:50:00,45.54,45.56,45.5,45.5,300.445
2026-08-12 01:55:00,45.5,45.51,45.44,45.45,452.164
2026-08-12 02:00:00,45.46,45.46,45.44,45.45,162.528
2026-08-12 02:05:00,45.45,45.47,45.41,45.43,1085.881
2026-08-12 02:10:00,45.43,45.45,45.39,45.45,360.759
2026-08-12 02:15:00,45.45,45.46,45.44,45.46,94.078
2026-08-12 02:20:00,45.45,45.45,45.41,45.43,305.41
2026-08-12 02:25:00,45.43,45.44,45.42,45.43,145.962
2026-08-12 02:30:00,45.43,45.46,45.43,45.43,279.081
2026-08-12 02:35:00,45.43,45.43,45.4,45.4,139.304
2026-08-12 02:40:00,45.39,45.41,45.39,45.41,114.923
2026-08-12 02:45:00,45.4,45.44,45.4,45.44,153.622
2026-08-12 02:50:00,45.45,45.47,45.44,45.47,143.719
2026-08-12 02:55:00,45.47,45.47,45.44,45.44,125.558
2026-08-12 03:00:00,45.44,45.45,45.39,45.4,548.117
2026-08-12 03:05:00,45.4,45.42,45.39,45.4,250.835
2026-08-12 03:10:00,45.4,45.4,45.38,45.39,135.181
2026-08-12 03:15:00,45.4,45.41,45.39,45.4,97.197
2026-08-12 03:20:00,45.4,45.44,45.38,45.43,696.892
2026-08-12 03:25:00,45.44,45.44,45.41,45.42,181.514
2026-08-12 03:30:00,45.42,45.45,45.41,45.44,298.271
2026-08-12 03:35:00,45.44,45.46,45.39,45.4,401.343
2026-08-12 03:40:00,45.41,45.45,45.4,45.41,414.372
2026-08-12 03:45:00,45.42,45.42,45.38,45.4,192.824
2026-08-12 03:50:00,45.39,45.4,45.35,45.37,224.792
2026-08-12 03:55:00,45.37,45.38,45.36,45.38,189.486
2026-08-12 04:00:00,45.37,45.38,45.35,45.37,214.954
2026-08-12 04:05:00,45.37,45.37,45.3,45.32,409.141
2026-08-12 04:10:00,45.32,45.35,45.3,45.32,379.892
2026-08-12 04:15:00,45.32,45.33,45.31,45.32,155.239
2026-08-12 04:20:00,45.33,45.38,45.32,45.36,243.566
2026-08-12 04:25:00,45.36,45.37,45.34,45.36,192.294
2026-08-12 04:30:00,45.35,45.35,45.32,45.35,94.585
2026-08-12 04:35:00,45.35,45.37,45.34,45.37,121.662
2026-08-12 04:40:00,45.37,45.43,45.36,45.41,448.941
2026-08-12 04:45:00,45.42,45.42,45.39,45.4,208.676
2026-08-12 04:50:00,45.39,45.41,45.39,45.4,149.9
2026-08-12 04:55:00,45.41,45.41,45.4,45.41,182.155
2026-08-12 05:00:00,45.41,45.42,45.38,45.39,159.142
2026-08-12 05:05:00,45.38,45.39,45.36,45.39,245.309
2026-08-12 05:10:00,45.39,45.43,45.38,45.43,114.374
2026-08-12 05:15:00,45.43,45.45,45.42,45.44,82.218
2026-08-12 05:20:00,45.45,45.45,45.41,45.42,112.697
2026-08-12 05:25:00,45.42,45.44,45.41,45.44,105.788
2026-08-12 05:30:00,45.44,45.44,45.34,45.38,3817.08
2026-08-12 05:35:00,45.38,45.38,45.3,45.32,1220.236
2026-08-12 05:40:00,45.32,45.32,45.3,45.31,45.407
2026-08-12 05:45:00,45.32,45.32,45.28,45.28,303.127
2026-08-12 05:50:00,45.29,45.31,45.27,45.3,478.512
2026-08-12 05:55:00,45.31,45.32,45.3,45.32,114.965
2026-08-12 06:00:00,45.32,45.37,45.27,45.37,688.617
2026-08-12 06:05:00,45.37,45.38,45.32,45.32,705.267
2026-08-12 06:10:00,45.32,45.32,45.31,45.31,114.04
2026-08-12 06:15:00,45.31,45.33,45.29,45.3,502.448
2026-08-12 06:20:00,45.31,45.33,45.29,45.29,401.553
2026-08-12 06:25:00,45.29,45.29,45.28,45.29,97.154
2026-08-12 06:30:00,45.29,45.29,45.25,45.29,396.015
2026-08-12 06:35:00,45.29,45.31,45.28,45.31,103.373
2026-08-12 06:40:00,45.31,45.33,45.27,45.28,524.973
2026-08-12 06:45:00,45.27,45.32,45.27,45.32,321.913
2026-08-12 06:50:00,45.32,45.32,45.28,45.31,209.04
2026-08-12 06:55:00,45.31,45.31,45.29,45.31,140.807
2026-08-12 07:00:00,45.3,45.34,45.3,45.34,150.241
2026-08-12 07:05:00,45.33,45.35,45.29,45.31,416.01
2026-08-12 07:10:00,45.31,45.31,45.3,45.3,221.748
2026-08-12 07:15:00,45.31,45.31,45.29,45.29,236.655
2026-08-12 07:20:00,45.29,45.34,45.29,45.32,1231.909
2026-08-12 07:25:00,45.32,45.32,45.27,45.27,312.965
2026-08-12 07:30:00,45.27,45.31,45.25,45.3,433.581
2026-08-12 07:35:00,45.3,45.3,45.26,45.28,452.0
2026-08-12 07:40:00,45.28,45.28,45.25,45.25,514.345
2026-08-12 07:45:00,45.25,45.25,45.2,45.24,471.606
2026-08-12 07:50:00,45.23,45.25,45.23,45.25,188.379
2026-08-12 07:55:00,45.25,45.3,45.24,45.3,601.843
2026-08-12 08:00:00,45.29,45.3,45.25,45.28,718.767
2026-08-12 08:05:00,45.28,45.32,45.28,45.32,244.138
2026-08-12 08:10:00,45.31,45.34,45.31,45.32,244.342
2026-08-12 08:15:00,45.33,45.38,45.32,45.37,429.701
2026-08-12 08:20:00,45.37,45.38,45.32,45.33,541.065
2026-08-12 08:25:00,45.33,45.37,45.32,45.35,537.893
2026-08-12 08:30:00,45.35,45.35,45.3,45.31,918.332
2026-08-12 08:35:00,45.31,45.32,45.28,45.32,715.405
2026-08-12 08:40:00,45.32,45.32,45.29,45.3,138.73
2026-08-12 08:45:00,45.3,45.31,45.29,45.31,116.95
2026-08-12 08:50:00,45.31,45.32,45.29,45.31,279.825
2026-08-12 08:55:00,45.32,45.32,45.28,45.29,370.781
2026-08-12 09:00:00,45.29,45.32,45.27,45.32,442.763
2026-08-12 09:05:00,45.32,45.32,45.3,45.31,678.711
2026-08-12 09:10:00,45.31,45.34,45.3,45.33,376.376
2026-08-12 09:15:00,45.33,45.39,45.33,45.38,731.803
2026-08-12 09:20:00,45.37,45.38,45.34,45.38,1452.489
2026-08-12 09:25:00,45.38,45.43,45.36,45.37,1938.505
2026-08-12 09:30:00,45.37,45.42,45.36,45.39,1137.319
2026-08-12 09:35:00,45.39,45.41,45.37,45.4,512.236
2026-08-12 09:40:00,45.41,45.41,45.37,45.39,401.129
2026-08-12 09:45:00,45.38,45.48,45.38,45.47,1174.742
2026-08-12 09:50:00,45.46,45.48,45.44,45.46,619.759
2026-08-12 09:55:00,45.46,45.48,45.45,45.47,211.344
2026-08-12 10:00:00,45.47,45.53,45.45,45.46,1006.665
2026-08-12 10:05:00,45.46,45.46,45.44,45.45,674.924
2026-08-12 10:10:00,45.46,45.46,45.44,45.45,252.012
2026-08-12 10:15:00,45.46,45.46,45.42,45.43,351.13
2026-08-12 10:20:00,45.43,45.48,45.42,45.43,493.535
2026-08-12 10:25:00,45.43,45.46,45.39,45.44,1977.096
2026-08-12 10:30:00,45.44,45.45,45.41,45.44,562.768
2026-08-12 10:35:00,45.44,45.46,45.42,45.45,197.044
2026-08-12 10:40:00,45.46,45.49,45.44,45.45,458.689
2026-08-12 10:45:00,45.45,45.48,45.41,45.46,1345.543
2026-08-12 10:50:00,45.46,45.47,45.46,45.47,206.814
2026-08-12 10:55:00,45.46,45.47,45.42,45.43,252.613
2026-08-12 11:00:00,45.43,45.46,45.4,45.4,817.068
2026-08-12 11:05:00,45.4,45.41,45.36,45.38,886.589
2026-08-12 11:10:00,45.38,45.39,45.35,45.37,427.884
2026-08-12 11:15:00,45.37,45.4,45.36,45.37,597.944
2026-08-12 11:20:00,45.37,45.39,45.37,45.38,431.162
2026-08-12 11:25:00,45.37,45.4,45.36,45.38,614.322
2026-08-12 11:30:00,45.38,45.42,45.37,45.38,643.891
2026-08-12 11:35:00,45.39,45.46,45.36,45.46,764.048
2026-08-12 11:40:00,45.46,45.48,45.43,45.46,466.117
2026-08-12 11:45:00,45.46,45.48,45.46,45.47,172.473
2026-08-12 11:50:00,45.47,45.48,45.46,45.47,349.086
2026-08-12 11:55:00,45.47,45.47,45.44,45.45,363.788
2026-08-12 12:00:00,45.45,45.47,45.44,45.46,332.933
2026-08-12 12:05:00,45.46,45.48,45.45,45.48,206.904
2026-08-12 12:10:00,45.47,45.48,45.46,45.48,295.013
2026-08-12 12:15:00,45.48,45.51,45.47,45.5,350.535
2026-08-12 12:20:00,45.49,45.5,45.46,45.47,337.699
2026-08-12 12:25:00,45.47,45.66,45.45,45.61,4975.968
2026-08-12 12:30:00,45.61,45.67,45.28,45.56,10140.795
2026-08-12 12:35:00,45.57,45.59,45.51,45.55,1644.353
2026-08-12 12:40:00,45.55,45.57,45.49,45.5,558.26
2026-08-12 12:45:00,45.5,45.52,45.46,45.46,599.287
2026-08-12 12:50:00,45.47,45.53,45.46,45.52,506.308
2026-08-12 12:55:00,45.53,45.53,45.48,45.49,743.766
2026-08-12 13:00:00,45.5,45.53,45.47,45.48,576.541
2026-08-12 13:05:00,45.47,45.51,45.43,45.5,1054.559
2026-08-12 13:10:00,45.5,45.52,45.43,45.45,280.35
2026-08-12 13:15:00,45.45,45.49,45.45,45.48,481.692
2026-08-12 13:20:00,45.48,45.49,45.45,45.46,275.402
2026-08-12 13:25:00,45.45,45.47,45.44,45.47,967.098
2026-08-12 13:30:00,45.48,45.53,45.46,45.51,1493.336
2026-08-12 13:35:00,45.52,45.57,45.49,45.51,842.975
2026-08-12 13:40:00,45.51,45.55,45.47,45.55,743.374
2026-08-12 13:45:00,45.55,45.59,45.52,45.55,1371.763
2026-08-12 13:50:00,45.55,45.64,45.51,45.62,1571.262
2026-08-12 13:55:00,45.62,45.66,45.59,45.59,949.552
2026-08-12 14:00:00,45.59,45.61,45.44,45.46,788.852
2026-08-12 14:05:00,45.45,45.46,45.39,45.46,531.43
2026-08-12 14:10:00,45.46,45.51,45.43,45.43,1244.166
2026-08-12 14:15:00,45.44,45.44,45.2,45.29,4736.193
2026-08-12 14:20:00,45.29,45.3,45.05,45.08,2543.789
2026-08-12 14:25:00,45.07,45.12,45.07,45.1,620.989
2026-08-12 14:30:00,45.09,45.11,45.01,45.04,2142.585
2026-08-12 14:35:00,45.05,45.05,44.99,45.02,2121.897
2026-08-12 14:40:00,45.02,45.11,45.01,45.11,1074.17
2026-08-12 14:45:00,45.11,45.14,45.08,45.1,924.472
2026-08-12 14:50:00,45.09,45.11,45.04,45.05,2107.581
2026-08-12 14:55:00,45.05,45.08,44.99,45.01,4001.669
2026-08-12 15:00:00,45.0,45.13,44.96,45.12,2457.777
2026-08-12 15:05:00,45.12,45.14,45.11,45.13,646.468
2026-08-12 15:10:00,45.12,45.14,45.09,45.13,997.956
2026-08-12 15:15:00,45.13,45.19,45.13,45.17,792.642
2026-08-12 15:20:00,45.16,45.17,45.12,45.14,419.942
2026-08-12 15:25:00,45.14,45.14,44.98,45.09,3038.199
2026-08-12 15:30:00,45.1,45.11,45.06,45.09,900.096
2026-08-12 15:35:00,45.09,45.13,45.09,45.11,622.187
2026-08-12 15:40:00,45.11,45.14,45.08,45.12,1257.945
2026-08-12 15:45:00,45.12,45.13,45.1,45.11,549.998
2026-08-12 15:50:00,45.11,45.12,45.09,45.1,443.365
2026-08-12 15:55:00,45.1,45.1,45.06,45.07,510.671
2026-08-12 16:00:00,45.07,45.13,45.06,45.12,1926.865
2026-08-12 16:05:00,45.13,45.13,45.1,45.1,420.706
2026-08-12 16:10:00,45.11,45.14,45.08,45.14,351.919
2026-08-12 16:15:00,45.14,45.15,45.05,45.1,1470.16
2026-08-12 16:20:00,45.1,45.13,45.09,45.12,1206.282
2026-08-12 16:25:00,45.12,45.15,45.11,45.12,472.155
2026-08-12 16:30:00,45.12,45.15,45.09,45.12,765.456
2026-08-12 16:35:00,45.11,45.12,45.11,45.12,253.84
2026-08-12 16:40:00,45.12,45.13,45.1,45.12,236.156
2026-08-12 16:45:00,45.11,45.12,45.09,45.11,264.725
2026-08-12 16:50:00,45.11,45.14,45.1,45.13,648.781
2026-08-12 16:55:00,45.14,45.15,45.13,45.15,150.492
2026-08-12 17:00:00,45.14,45.18,45.14,45.17,219.775
2026-08-12 17:05:00,45.18,45.23,45.16,45.16,1158.254
2026-08-12 17:10:00,45.17,45.17,45.13,45.16,847.486
2026-08-12 17:15:00,45.15,45.16,45.13,45.15,448.9
2026-08-12 17:20:00,45.15,45.15,45.04,45.08,5180.842
2026-08-12 17:25:00,45.09,45.1,45.03,45.09,1062.121
2026-08-12 17:30:00,45.1,45.16,45.07,45.16,1094.667
2026-08-12 17:35:00,45.16,45.19,45.15,45.18,355.784
2026-08-12 17:40:00,45.18,45.18,45.15,45.15,489.01
2026-08-12 17:45:00,45.16,45.18,45.14,45.18,401.453
2026-08-12 17:50:00,45.18,45.19,45.15,45.15,366.287
2026-08-12 17:55:00,45.16,45.19,45.15,45.18,469.417
2026-08-12 18:00:00,45.18,45.18,45.12,45.15,461.36
2026-08-12 18:05:00,45.15,45.16,45.12,45.13,249.278
2026-08-12 18:10:00,45.13,45.16,45.06,45.1,4218.891
2026-08-12 18:15:00,45.09,45.09,45.03,45.05,1191.985
2026-08-12 18:20:00,45.05,45.07,45.02,45.07,1389.972
2026-08-12 18:25:00,45.06,45.08,45.05,45.08,945.697
2026-08-12 18:30:00,45.08,45.13,45.04,45.1,1301.26
2026-08-12 18:35:00,45.1,45.11,45.09,45.11,674.301
2026-08-12 18:40:00,45.11,45.14,45.1,45.14,199.79
2026-08-12 18:45:00,45.14,45.15,45.13,45.14,189.599
2026-08-12 18:50:00,45.14,45.14,45.09,45.1,556.993
2026-08-12 18:55:00,45.1,45.1,45.09,45.1,223.673
2026-08-12 19:00:00,45.09,45.1,45.09,45.1,333.842
2026-08-12 19:05:00,45.1,45.15,45.09,45.12,1024.969
2026-08-12 19:10:00,45.12,45.12,45.08,45.08,459.335
2026-08-12 19:15:00,45.09,45.09,45.05,45.06,1097.716
2026-08-12 19:20:00,45.07,45.07,44.8,44.83,7842.935
2026-08-12 19:25:00,44.83,44.84,44.67,44.8,5767.247
2026-08-12 19:30:00,44.79,44.81,44.71,44.72,1760.322
2026-08-12 19:35:00,44.73,44.83,44.72,44.83,771.575
2026-08-12 19:40:00,44.83,44.86,44.78,44.79,478.584
2026-08-12 19:45:00,44.79,44.82,44.79,44.82,385.229
2026-08-12 19:50:00,44.81,44.81,44.78,44.79,616.069
2026-08-12 19:55:00,44.8,44.81,44.78,44.79,427.804
2026-08-12 20:00:00,44.78,44.81,44.72,44.8,1882.137
2026-08-12 20:05:00,44.81,44.82,44.78,44.82,1054.729
2026-08-12 20:10:00,44.82,44.86,44.81,44.86,1066.321
2026-08-12 20:15:00,44.85,44.87,44.83,44.85,1303.306
2026-08-12 20:20:00,44.85,44.88,44.82,44.87,628.711
2026-08-12 20:25:00,44.87,44.89,44.86,44.88,283.697
2026-08-12 20:30:00,44.87,44.88,44.82,44.87,606.524
2026-08-12 20:35:00,44.87,44.88,44.84,44.84,477.85
2026-08-12 20:40:00,44.84,44.86,44.83,44.84,592.726
2026-08-12 20:45:00,44.83,44.85,44.81,44.83,643.486
2026-08-12 20:50:00,44.83,44.83,44.8,44.81,407.24
2026-08-12 20:55:00,44.81,44.84,44.8,44.83,355.835
2026-08-12 21:00:00,44.84,44.87,44.83,44.86,363.137
2026-08-12 21:05:00,44.86,44.86,44.85,44.86,140.771
2026-08-12 21:10:00,44.86,44.87,44.83,44.86,1243.307
2026-08-12 21:15:00,44.86,44.88,44.83,44.87,463.827
2026-08-12 21:20:00,44.87,44.87,44.76,44.79,1030.797
2026-08-12 21:25:00,44.78,44.8,44.73,44.78,1519.593
2026-08-12 21:30:00,44.79,44.79,44.7,44.78,818.52
2026-08-12 21:35:00,44.78,44.79,44.73,44.79,916.33
2026-08-12 21:40:00,44.79,44.89,44.78,44.85,1800.857
2026-08-12 21:45:00,44.84,44.87,44.82,44.86,1364.044
2026-08-12 21:50:00,44.86,44.96,44.85,44.93,2581.474
2026-08-12 21:55:00,44.92,44.97,44.81,44.83,1750.049
2026-08-12 22:00:00,44.82,44.9,44.78,44.87,3578.972
2026-08-12 22:05:00,44.86,44.95,44.86,44.94,2058.694
2026-08-12 22:10:00,44.94,44.94,44.89,44.9,337.246
2026-08-12 22:15:00,44.89,44.94,44.89,44.94,419.549
2026-08-12 22:20:00,44.93,44.94,44.9,44.92,372.15
2026-08-12 22:25:00,44.93,44.93,44.92,44.93,292.458
2026-08-12 22:30:00,44.93,44.93,44.9,44.93,173.794
2026-08-12 22:35:00,44.92,44.94,44.92,44.94,413.422
2026-08-12 22:40:00,44.94,44.95,44.89,44.92,383.39
2026-08-12 22:45:00,44.93,44.93,44.89,44.89,529.388
2026-08-12 22:50:00,44.9,44.9,44.84,44.86,357.253
2026-08-12 22:55:00,44.86,44.87,44.84,44.87,176.185
2026-08-12 23:00:00,44.87,44.89,44.85,44.88,316.623
2026-08-12 23:05:00,44.89,44.89,44.84,44.86,523.213
2026-08-12 23:10:00,44.87,44.87,44.8,44.87,1808.636
2026-08-12 23:15:00,44.88,44.89,44.87,44.89,159.309
2026-08-12 23:20:00,44.88,44.9,44.88,44.89,212.998
2026-08-12 23:25:00,44.89,44.91,44.88,44.91,210.585
2026-08-12 23:30:00,44.91,44.96,44.9,44.96,684.873
2026-08-12 23:35:00,44.95,44.95,44.92,44.94,204.842
2026-08-12 23:40:00,44.94,44.94,44.91,44.94,309.684
2026-08-12 23:45:00,44.94,44.94,44.9,44.93,588.247
2026-08-12 23:50:00,44.93,44.94,44.92,44.93,261.334
2026-08-12 23:55:00,44.94,44.96,44.86,44.89,969.674
2026-08-13 00:00:00,44.89,44.91,44.85,44.88,1234.259
2026-08-13 00:05:00,44.88,44.94,44.88,44.92,741.641
2026-08-13 00:10:00,44.91,44.94,44.89,44.94,133.021
2026-08-13 00:15:00,44.94,45.0,44.94,44.96,447.118
2026-08-13 00:20:00,44.96,44.96,44.9,44.91,147.068
2026-08-13 00:25:00,44.9,44.95,44.85,44.94,835.76
2026-08-13 00:30:00,44.94,44.96,44.91,44.93,311.313
2026-08-13 00:35:00,44.93,44.96,44.92,44.95,256.536
2026-08-13 00:40:00,44.95,44.95,44.89,44.91,290.908
2026-08-13 00:45:00,44.9,44.91,44.85,44.9,540.232
2026-08-13 00:50:00,44.89,44.9,44.85,44.85,195.063
2026-08-13 00:55:00,44.86,44.86,44.83,44.83,338.292
2026-08-13 01:00:00,44.83,44.88,44.81,44.86,484.538
2026-08-13 01:05:00,44.85,44.86,44.82,44.82,206.138
2026-08-13 01:10:00,44.82,44.85,44.78,44.85,1335.159
2026-08-13 01:15:00,44.85,44.85,44.81,44.82,186.926
2026-08-13 01:20:00,44.81,44.82,44.75,44.76,640.198
2026-08-13 01:25:00,44.76,44.76,44.7,44.75,339.096
2026-08-13 01:30:00,44.75,44.79,44.75,44.79,194.784
2026-08-13 01:35:00,44.78,44.83,44.78,44.82,153.754
2026-08-13 01:40:00,44.82,44.83,44.76,44.76,276.366
2026-08-13 01:45:00,44.76,44.81,44.75,44.8,285.768
2026-08-13 01:50:00,44.81,44.89,44.8,44.88,630.564
2026-08-13 01:55:00,44.89,44.89,44.86,44.87,119.04
2026-08-13 02:00:00,44.87,44.87,44.84,44.84,160.084
2026-08-13 02:05:00,44.85,44.85,44.8,44.83,295.282
2026-08-13 02:10:00,44.83,44.83,44.8,44.82,167.3
2026-08-13 02:15:00,44.82,44.83,44.81,44.82,134.213
2026-08-13 02:20:00,44.81,44.83,44.8,44.81,133.827
2026-08-13 02:25:00,44.81,44.86,44.8,44.85,165.992
2026-08-13 02:30:00,44.84,44.85,44.81,44.84,95.915
2026-08-13 02:35:00,44.85,44.86,44.81,44.81,84.757
2026-08-13 02:40:00,44.82,44.86,44.81,44.85,425.894
2026-08-13 02:45:00,44.86,44.87,44.84,44.86,168.777
2026-08-13 02:50:00,44.86,44.89,44.86,44.89,175.295
2026-08-13 02:55:00,44.89,44.9,44.88,44.9,119.74
2026-08-13 03:00:00,44.9,44.91,44.89,44.91,228.753
2026-08-13 03:05:00,44.9,44.9,44.88,44.89,610.074
2026-08-13 03:10:00,44.88,44.92,44.87,44.88,312.756
2026-08-13 03:15:00,44.89,44.92,44.87,44.92,258.043
2026-08-13 03:20:00,44.92,44.94,44.92,44.93,356.72
2026-08-13 03:25:00,44.93,44.94,44.92,44.93,269.948
2026-08-13 03:30:00,44.94,44.96,44.93,44.96,345.06
2026-08-13 03:35:00,44.95,44.96,44.93,44.94,249.03
2026-08-13 03:40:00,44.94,44.95,44.93,44.93,201.725
2026-08-13 03:45:00,44.94,44.96,44.93,44.96,133.66
2026-08-13 03:50:00,44.95,44.98,44.95,44.96,452.684
2026-08-13 03:55:00,44.95,44.98,44.95,44.97,258.342
2026-08-13 04:00:00,44.97,44.97,44.94,44.95,517.709
2026-08-13 04:05:00,44.94,44.95,44.92,44.93,115.199
2026-08-13 04:10:00,44.92,44.94,44.91,44.94,448.104
2026-08-13 04:15:00,44.94,44.94,44.91,44.93,233.468
2026-08-13 04:20:00,44.92,44.94,44.91,44.93,439.903
2026-08-13 04:25:00,44.93,44.93,44.92,44.93,40.014
2026-08-13 04:30:00,44.92,44.94,44.92,44.94,238.193
2026-08-13 04:35:00,44.94,44.96,44.9,44.92,445.592
2026-08-13 04:40:00,44.92,44.95,44.91,44.93,431.393
2026-08-13 04:45:00,44.94,44.95,44.92,44.92,229.312
2026-08-13 04:50:00,44.93,44.93,44.92,44.93,116.533
2026-08-13 04:55:00,44.93,44.94,44.91,44.92,272.348
2026-08-13 05:00:00,44.92,44.92,44.87,44.89,1524.494
2026-08-13 05:05:00,44.89,44.94,44.87,44.91,484.222
2026-08-13 05:10:00,44.9,44.92,44.9,44.91,199.656
2026-08-13 05:15:00,44.92,45.02,44.92,45.0,843.914
2026-08-13 05:20:00,45.0,45.0,44.98,44.99,451.852
2026-08-13 05:25:00,44.99,45.02,44.99,45.01,345.662
2026-08-13 05:30:00,45.01,45.04,44.98,45.03,1942.598
2026-08-13 05:35:00,45.02,45.06,45.02,45.05,111.076
2026-08-13 05:40:00,45.06,45.06,45.02,45.04,364.807
2026-08-13 05:45:00,45.04,45.08,45.04,45.06,1417.875
2026-08-13 05:50:00,45.06,45.06,45.05,45.05,40.841
2026-08-13 05:55:00,45.05,45.06,45.04,45.05,214.978
2026-08-13 06:00:00,45.05,45.07,45.01,45.05,544.123
2026-08-13 06:05:00,45.05,45.05,45.01,45.02,270.364
2026-08-13 06:10:00,45.03,45.06,44.98,44.98,548.608
2026-08-13 06:15:00,44.98,45.01,44.97,45.01,262.132
2026-08-13 06:20:00,45.01,45.03,45.0,45.03,223.541
2026-08-13 06:25:00,45.03,45.03,45.0,45.0,137.936
2026-08-13 06:30:00,45.01,45.01,44.98,44.99,362.936
2026-08-13 06:35:00,44.98,45.0,44.98,44.99,135.345
2026-08-13 06:40:00,44.98,44.99,44.98,44.99,218.67
2026-08-13 06:45:00,44.99,45.03,44.98,45.01,334.863
2026-08-13 06:50:00,45.01,45.02,44.99,45.01,457.497
2026-08-13 06:55:00,45.02,45.04,45.01,45.03,229.602
2026-08-13 07:00:00,45.03,45.03,45.01,45.01,220.415
2026-08-13 07:05:00,45.0,45.03,45.0,45.03,215.693
2026-08-13 07:10:00,45.02,45.03,45.02,45.02,62.179
2026-08-13 07:15:00,45.03,45.03,44.97,44.97,205.469
2026-08-13 07:20:00,44.97,44.99,44.97,44.99,201.191
2026-08-13 07:25:00,44.99,45.0,44.97,44.99,444.032
2026-08-13 07:30:00,44.99,44.99,44.95,44.96,782.179
2026-08-13 07:35:00,44.96,44.98,44.94,44.94,361.018
2026-08-13 07:40:00,44.94,44.95,44.93,44.93,236.001
2026-08-13 07:45:00,44.92,44.93,44.91,44.92,174.168
2026-08-13 07:50:00,44.92,44.92,44.88,44.9,989.877
2026-08-13 07:55:00,44.9,44.91,44.88,44.89,222.859
2026-08-13 08:00:00,44.89,44.9,44.88,44.89,135.173
2026-08-13 08:05:00,44.9,44.91,44.87,44.87,343.83
2026-08-13 08:10:00,44.87,44.88,44.84,44.87,293.213
2026-08-13 08:15:00,44.87,44.87,44.84,44.87,466.675
2026-08-13 08:20:00,44.87,44.88,44.86,44.88,231.06
2026-08-13 08:25:00,44.88,44.88,44.86,44.88,282.429
2026-08-13 08:30:00,44.87,44.89,44.86,44.88,394.897
2026-08-13 08:35:00,44.88,44.89,44.87,44.89,155.588
2026-08-13 08:40:00,44.88,44.91,44.83,44.86,1150.577
2026-08-13 08:45:00,44.86,44.87,44.84,44.86,465.927
2026-08-13 08:50:00,44.87,44.89,44.86,44.88,647.166
2026-08-13 08:55:00,44.87,44.89,44.86,44.88,561.165
2026-08-13 09:00:00,44.88,44.88,44.85,44.88,338.472
2026-08-13 09:05:00,44.88,44.89,44.86,44.86,299.373
2026-08-13 09:10:00,44.87,44.89,44.86,44.87,854.355
2026-08-13 09:15:00,44.88,44.91,44.87,44.91,427.307
2026-08-13 09:20:00,44.91,44.91,44.88,44.89,820.637
2026-08-13 09:25:00,44.89,44.9,44.88,44.89,385.396
2026-08-13 09:30:00,44.89,44.93,44.89,44.92,296.702
2026-08-13 09:35:00,44.92,44.97,44.9,44.97,379.546
2026-08-13 09:40:00,44.96,44.96,44.91,44.96,915.507
2026-08-13 09:45:00,44.96,44.97,44.95,44.97,347.106
2026-08-13 09:50:00,44.96,44.97,44.96,44.97,300.559
2026-08-13 09:55:00,44.96,44.97,44.96,44.96,243.446
2026-08-13 10:00:00,44.97,44.97,44.9,44.91,411.145
2026-08-13 10:05:00,44.91,44.95,44.89,44.91,734.762
2026-08-13 10:10:00,44.91,44.95,44.91,44.93,480.631
2026-08-13 10:15:00,44.93,44.94,44.92,44.93,250.454
2026-08-13 10:20:00,44.93,44.93,44.91,44.91,435.989
2026-08-13 10:25:00,44.91,44.93,44.85,44.86,733.139
2026-08-13 10:30:00,44.87,44.87,44.85,44.86,363.575
2026-08-13 10:35:00,44.86,44.88,44.83,44.84,588.512
2026-08-13 10:40:00,44.83,44.86,44.82,44.85,360.16
2026-08-13 10:45:00,44.85,44.86,44.84,44.86,272.246
2026-08-13 10:50:00,44.86,44.86,44.83,44.84,116.316
2026-08-13 10:55:00,44.84,44.88,44.84,44.86,620.756
2026-08-13 11:00:00,44.86,44.87,44.84,44.86,670.068
2026-08-13 11:05:00,44.85,44.86,44.84,44.85,208.056
2026-08-13 11:10:00,44.85,44.85,44.81,44.83,635.625
2026-08-13 11:15:00,44.82,44.82,44.78,44.79,378.044
2026-08-13 11:20:00,44.79,44.79,44.76,44.78,158.053
2026-08-13 11:25:00,44.78,44.79,44.77,44.78,270.301
2026-08-13 11:30:00,44.78,44.78,44.72,44.75,1084.204
2026-08-13 11:35:00,44.76,44.77,44.73,44.75,545.67
2026-08-13 11:40:00,44.74,44.75,44.7,44.72,398.001
2026-08-13 11:45:00,44.72,44.73,44.7,44.7,306.77
2026-08-13 11:50:00,44.71,44.71,44.68,44.7,922.691
2026-08-13 11:55:00,44.7,44.71,44.69,44.71,224.411
2026-08-13 12:00:00,44.7,44.7,44.67,44.68,560.93
2026-08-13 12:05:00,44.69,44.73,44.69,44.72,297.323
2026-08-13 12:10:00,44.71,44.8,44.7,44.77,1552.923
2026-08-13 12:15:00,44.77,44.88,44.77,44.86,1760.076
2026-08-13 12:20:00,44.87,44.87,44.81,44.83,508.329
2026-08-13 12:25:00,44.83,44.85,44.82,44.85,157.71
2026-08-13 12:30:00,44.85,44.91,44.8,44.87,1589.629
2026-08-13 12:35:00,44.86,44.88,44.85,44.85,253.54
2026-08-13 12:40:00,44.85,44.91,44.83,44.86,1950.283
2026-08-13 12:45:00,44.86,44.87,44.84,44.86,193.752
2026-08-13 12:50:00,44.87,44.88,44.86,44.88,195.428
2026-08-13 12:55:00,44.88,44.9,44.87,44.89,331.502
2026-08-13 13:00:00,44.89,44.93,44.87,44.9,887.098
2026-08-13 13:05:00,44.9,44.94,44.88,44.92,534.957
2026-08-13 13:10:00,44.91,44.93,44.91,44.92,393.468
2026-08-13 13:15:00,44.92,44.93,44.9,44.93,167.076
2026-08-13 13:20:00,44.93,44.93,44.9,44.91,336.331
2026-08-13 13:25:00,44.9,44.93,44.89,44.92,314.411
2026-08-13 13:30:00,44.92,44.99,44.91,44.99,471.251
2026-08-13 13:35:00,44.99,45.0,44.96,44.99,906.575
2026-08-13 13:40:00,44.99,45.03,44.95,44.96,1044.117
2026-08-13 13:45:00,44.96,44.97,44.88,44.89,712.346
2026-08-13 13:50:00,44.89,44.89,44.75,44.76,1140.017
2026-08-13 13:55:00,44.76,44.79,44.72,44.74,1210.404
2026-08-13 14:00:00,44.74,44.76,44.72,44.75,492.222
2026-08-13 14:05:00,44.75,44.75,44.67,44.68,726.919
2026-08-13 14:10:00,44.69,44.81,44.66,44.79,799.546
2026-08-13 14:15:00,44.79,44.88,44.79,44.88,1033.194
2026-08-13 14:20:00,44.87,44.93,44.84,44.88,1417.352
2026-08-13 14:25:00,44.87,44.92,44.83,44.89,1922.822
2026-08-13 14:30:00,44.89,44.94,44.87,44.92,764.302
2026-08-13 14:35:00,44.92,44.95,44.92,44.92,419.864
2026-08-13 14:40:00,44.93,44.93,44.88,44.93,412.55
2026-08-13 14:45:00,44.93,44.94,44.87,44.88,277.669
2026-08-13 14:50:00,44.89,44.9,44.84,44.88,805.245
2026-08-13 14:55:00,44.87,44.9,44.85,44.88,702.951
2026-08-13 15:00:00,44.88,44.94,44.88,44.92,379.472
2026-08-13 15:05:00,44.92,44.92,44.87,44.88,1035.332
2026-08-13 15:10:00,44.88,44.91,44.88,44.9,571.357
2026-08-13 15:15:00,44.9,44.92,44.88,44.92,215.268
2026-08-13 15:20:00,44.91,44.92,44.87,44.9,818.707
2026-08-13 15:25:00,44.9,44.91,44.82,44.85,997.037
2026-08-13 15:30:00,44.85,44.86,44.82,44.83,430.141
2026-08-13 15:35:00,44.83,44.87,44.83,44.86,323.736
2026-08-13 15:40:00,44.86,44.87,44.84,44.85,573.882
2026-08-13 15:45:00,44.85,44.86,44.82,44.82,390.156
2026-08-13 15:50:00,44.83,44.83,44.77,44.78,633.142
2026-08-13 15:55:00,44.78,44.8,44.72,44.72,587.973
2026-08-13 16:00:00,44.72,44.76,44.7,44.74,720.845
2026-08-13 16:05:00,44.74,44.78,44.73,44.76,479.062
2026-08-13 16:10:00,44.76,44.8,44.75,44.8,926.746
2026-08-13 16:15:00,44.8,44.83,44.8,44.82,339.658
2026-08-13 16:20:00,44.82,44.86,44.8,44.84,459.106
2026-08-13 16:25:00,44.85,44.85,44.79,44.8,347.468
2026-08-13 16:30:00,44.79,44.82,44.78,44.8,646.496
2026-08-13 16:35:00,44.8,44.82,44.73,44.77,801.975
2026-08-13 16:40:00,44.76,44.78,44.71,44.78,1314.209
2026-08-13 16:45:00,44.79,44.8,44.75,44.8,695.356
2026-08-13 16:50:00,44.8,44.82,44.76,44.77,1080.924
2026-08-13 16:55:00,44.77,44.77,44.75,44.77,232.742
2026-08-13 17:00:00,44.76,44.78,44.74,44.75,446.351
2026-08-13 17:05:00,44.75,44.77,44.74,44.77,732.497
2026-08-13 17:10:00,44.77,44.82,44.77,44.8,598.113
2026-08-13 17:15:00,44.81,44.83,44.79,44.8,352.453
2026-08-13 17:20:00,44.8,44.81,44.71,44.76,1323.097
2026-08-13 17:25:00,44.76,44.76,44.73,44.74,336.911
2026-08-13 17:30:00,44.74,44.78,44.73,44.74,252.727
2026-08-13 17:35:00,44.74,44.75,44.7,44.72,735.171
2026-08-13 17:40:00,44.73,44.76,44.72,44.76,465.927
2026-08-13 17:45:00,44.76,44.78,44.75,44.76,274.238
2026-08-13 17:50:00,44.76,44.79,44.76,44.78,439.775
2026-08-13 17:55:00,44.78,44.78,44.75,44.76,313.773
2026-08-13 18:00:00,44.76,44.77,44.74,44.74,488.997
2026-08-13 18:05:00,44.75,44.76,44.72,44.73,272.646
2026-08-13 18:10:00,44.72,44.74,44.72,44.74,344.766
2026-08-13 18:15:00,44.74,44.76,44.71,44.73,1053.378
2026-08-13 18:20:00,44.73,44.74,44.71,44.71,705.311
2026-08-13 18:25:00,44.72,44.72,44.68,44.68,555.726
2026-08-13 18:30:00,44.69,44.7,44.68,44.69,189.153
2026-08-13 18:35:00,44.69,44.69,44.64,44.65,742.174
2026-08-13 18:40:00,44.65,44.66,44.63,44.66,882.248
2026-08-13 18:45:00,44.65,44.7,44.63,44.7,1314.926
2026-08-13 18:50:00,44.7,44.76,44.69,44.75,326.083
2026-08-13 18:55:00,44.75,44.75,44.71,44.72,471.799
2026-08-13 19:00:00,44.72,44.72,44.67,44.71,279.341
2026-08-13 19:05:00,44.71,44.77,44.7,44.73,411.222
2026-08-13 19:10:00,44.74,44.74,44.69,44.72,1155.747
2026-08-13 19:15:00,44.71,44.75,44.7,44.73,1086.364
2026-08-13 19:20:00,44.73,44.75,44.71,44.72,459.225
2026-08-13 19:25:00,44.73,44.74,44.71,44.74,221.83
2026-08-13 19:30:00,44.74,44.75,44.72,44.75,302.597
2026-08-13 19:35:00,44.75,44.76,44.73,44.76,401.357
2026-08-13 19:40:00,44.76,44.77,44.74,44.77,866.99
2026-08-13 19:45:00,44.77,44.77,44.75,44.76,1037.931
2026-08-13 19:50:00,44.76,44.77,44.74,44.76,1181.499
2026-08-13 19:55:00,44.76,44.78,44.75,44.77,857.955
2026-08-13 20:00:00,44.77,44.78,44.76,44.77,522.17
2026-08-13 20:05:00,44.76,44.79,44.76,44.79,999.672
2026-08-13 20:10:00,44.79,44.79,44.77,44.78,165.542
2026-08-13 20:15:00,44.78,44.8,44.78,44.79,210.033
2026-08-13 20:20:00,44.8,44.8,44.75,44.75,687.376
2026-08-13 20:25:00,44.75,44.76,44.75,44.76,245.171
2026-08-13 20:30:00,44.76,44.76,44.75,44.76,250.935
2026-08-13 20:35:00,44.76,44.77,44.75,44.76,924.371
2026-08-13 20:40:00,44.76,44.76,44.74,44.74,276.078
2026-08-13 20:45:00,44.75,44.75,44.73,44.74,307.39
2026-08-13 20:50:00,44.74,44.76,44.73,44.75,707.64
2026-08-13 20:55:00,44.75,44.76,44.74,44.76,522.604
2026-08-13 21:00:00,44.76,44.76,44.73,44.75,213.55
2026-08-13 21:05:00,44.74,44.76,44.74,44.76,500.036
2026-08-13 21:10:00,44.76,44.77,44.75,44.77,1160.96
2026-08-13 21:15:00,44.77,44.78,44.76,44.78,273.199
2026-08-13 21:20:00,44.78,44.78,44.74,44.75,882.499
2026-08-13 21:25:00,44.75,44.75,44.74,44.75,98.251
2026-08-13 21:30:00,44.75,44.77,44.74,44.75,394.626
2026-08-13 21:35:00,44.75,44.75,44.72,44.73,193.584
2026-08-13 21:40:00,44.72,44.73,44.7,44.73,284.672
2026-08-13 21:45:00,44.73,44.74,44.7,44.71,401.306
2026-08-13 21:50:00,44.72,44.76,44.7,44.73,2042.578
2026-08-13 21:55:00,44.72,44.75,44.7,44.72,503.796
2026-08-13 22:00:00,44.72,44.8,44.71,44.76,1717.313
2026-08-13 22:05:00,44.76,44.76,44.72,44.75,428.381
2026-08-13 22:10:00,44.75,44.79,44.74,44.76,2459.42
2026-08-13 22:15:00,44.76,44.77,44.73,44.77,1981.282
2026-08-13 22:20:00,44.77,44.84,44.76,44.84,859.395
2026-08-13 22:25:00,44.83,44.84,44.83,44.84,159.755
2026-08-13 22:30:00,44.84,44.87,44.83,44.85,630.844
2026-08-13 22:35:00,44.85,44.86,44.83,44.84,405.68
2026-08-13 22:40:00,44.85,44.85,44.84,44.85,123.495
2026-08-13 22:45:00,44.85,44.87,44.82,44.82,543.062
2026-08-13 22:50:00,44.83,44.84,44.83,44.84,541.736
2026-08-13 22:55:00,44.84,44.85,44.82,44.85,302.073
2026-08-13 23:00:00,44.85,44.85,44.8,44.82,337.044
2026-08-13 23:05:00,44.82,44.83,44.81,44.82,755.416
2026-08-13 23:10:00,44.83,44.83,44.82,44.82,310.821
2026-08-13 23:15:00,44.83,44.83,44.8,44.8,383.376
2026-08-13 23:20:00,44.81,44.81,44.75,44.79,1433.065
2026-08-13 23:25:00,44.79,44.79,44.78,44.79,218.504
2026-08-13 23:30:00,44.79,44.81,44.78,44.8,225.119
2026-08-13 23:35:00,44.79,44.81,44.79,44.81,177.279
2026-08-13 23:40:00,44.81,44.87,44.81,44.82,522.543
2026-08-13 23:45:00,44.82,44.85,44.82,44.83,1116.803
2026-08-13 23:50:00,44.83,44.87,44.82,44.86,300.739
2026-08-13 23:55:00,44.86,44.86,44.82,44.82,790.667
2026-08-14 00:00:00,44.82,44.87,44.82,44.85,659.373
2026-08-14 00:05:00,44.85,44.86,44.77,44.81,618.673
2026-08-14 00:10:00,44.8,44.81,44.78,44.78,248.9
2026-08-14 00:15:00,44.79,44.82,44.78,44.81,336.919
2026-08-14 00:20:00,44.8,44.82,44.8,44.82,121.111
2026-08-14 00:25:00,44.82,44.82,44.75,44.78,508.697
2026-08-14 00:30:00,44.77,44.8,44.76,44.8,511.322
2026-08-14 00:35:00,44.81,44.83,44.81,44.83,94.912
2026-08-14 00:40:00,44.83,44.83,44.77,44.79,931.745
2026-08-14 00:45:00,44.79,44.79,44.75,44.77,340.878
2026-08-14 00:50:00,44.77,44.78,44.76,44.76,205.391
2026-08-14 00:55:00,44.76,44.76,44.73,44.74,228.386
2026-08-14 01:00:00,44.74,44.76,44.71,44.76,403.422
2026-08-14 01:05:00,44.76,44.79,44.75,44.78,290.364
2026-08-14 01:10:00,44.78,44.78,44.76,44.77,217.023
2026-08-14 01:15:00,44.77,44.77,44.74,44.75,289.184
2026-08-14 01:20:00,44.75,44.8,44.73,44.78,1059.824
2026-08-14 01:25:00,44.78,44.81,44.75,44.79,852.054
2026-08-14 01:30:00,44.79,44.79,44.76,44.78,221.678
2026-08-14 01:35:00,44.77,44.8,44.77,44.8,167.734
2026-08-14 01:40:00,44.79,44.81,44.79,44.81,100.109
2026-08-14 01:45:00,44.81,44.81,44.78,44.79,1079.8
2026-08-14 01:50:00,44.79,44.8,44.79,44.8,109.714
2026-08-14 01:55:00,44.8,44.8,44.77,44.79,116.713
2026-08-14 02:00:00,44.79,44.81,44.78,44.81,128.045
2026-08-14 02:05:00,44.8,44.83,44.8,44.82,263.117
2026-08-14 02:10:00,44.82,44.82,44.77,44.79,601.887
2026-08-14 02:15:00,44.79,44.81,44.79,44.79,136.565
2026-08-14 02:20:00,44.8,44.81,44.77,44.77,387.542
2026-08-14 02:25:00,44.77,44.79,44.76,44.77,889.886
2026-08-14 02:30:00,44.77,44.84,44.77,44.84,851.057
2026-08-14 02:35:00,44.84,44.85,44.83,44.84,171.594
2026-08-14 02:40:00,44.84,44.85,44.82,44.83,517.41
2026-08-14 02:45:00,44.84,44.87,44.84,44.87,162.662
2026-08-14 02:50:00,44.87,44.87,44.84,44.86,328.028
2026-08-14 02:55:00,44.85,44.86,44.84,44.85,237.081
2026-08-14 03:00:00,44.85,44.85,44.84,44.85,91.649
2026-08-14 03:05:00,44.85,44.87,44.85,44.87,213.498
2026-08-14 03:10:00,44.86,44.87,44.84,44.87,301.393
2026-08-14 03:15:00,44.86,44.94,44.86,44.93,292.652
2026-08-14 03:20:00,44.94,44.94,44.91,44.92,154.743
2026-08-14 03:25:00,44.92,44.94,44.89,44.94,467.516
2026-08-14 03:30:00,44.94,44.94,44.91,44.93,270.221
2026-08-14 03:35:00,44.93,44.93,44.88,44.89,675.119
2026-08-14 03:40:00,44.9,44.91,44.88,44.89,239.367
2026-08-14 03:45:00,44.9,44.9,44.85,44.86,726.951
2026-08-14 03:50:00,44.85,44.86,44.85,44.85,245.602
2026-08-14 03:55:00,44.85,44.87,44.81,44.82,436.809
2026-08-14 04:00:00,44.82,44.84,44.79,44.83,343.012
2026-08-14 04:05:00,44.84,44.84,44.8,44.81,557.375
2026-08-14 04:10:00,44.82,44.82,44.76,44.77,440.386
2026-08-14 04:15:00,44.76,44.82,44.76,44.79,183.117
2026-08-14 04:20:00,44.79,44.8,44.78,44.79,105.507
2026-08-14 04:25:00,44.78,44.8,44.78,44.8,111.681
2026-08-14 04:30:00,44.79,44.81,44.79,44.8,547.318
2026-08-14 04:35:00,44.8,44.81,44.78,44.81,214.072
2026-08-14 04:40:00,44.81,44.83,44.8,44.81,217.842
2026-08-14 04:45:00,44.81,44.81,44.78,44.78,95.8
2026-08-14 04:50:00,44.77,44.81,44.77,44.78,435.863
2026-08-14 04:55:00,44.78,44.79,44.76,44.77,42.575
2026-08-14 05:00:00,44.76,44.78,44.76,44.78,101.527
2026-08-14 05:05:00,44.77,44.78,44.77,44.77,137.106
2026-08-14 05:10:00,44.78,44.78,44.74,44.75,893.47
2026-08-14 05:15:00,44.75,44.75,44.71,44.71,197.542
2026-08-14 05:20:00,44.72,44.74,44.71,44.74,265.382
2026-08-14 05:25:00,44.74,44.76,44.74,44.76,81.386
2026-08-14 05:30:00,44.75,44.78,44.75,44.76,856.157
2026-08-14 05:35:00,44.77,44.79,44.76,44.78,444.199
2026-08-14 05:40:00,44.79,44.79,44.78,44.79,114.128
2026-08-14 05:45:00,44.79,44.79,44.78,44.78,62.825
2026-08-14 05:50:00,44.79,44.81,44.78,44.81,73.711
2026-08-14 05:55:00,44.8,44.82,44.79,44.8,420.123
2026-08-14 06:00:00,44.8,44.81,44.79,44.79,507.434
2026-08-14 06:05:00,44.79,44.8,44.79,44.79,218.68
2026-08-14 06:10:00,44.79,44.79,44.76,44.77,313.888
2026-08-14 06:15:00,44.77,44.77,44.74,44.75,144.363
2026-08-14 06:20:00,44.75,44.77,44.74,44.75,245.417
2026-08-14 06:25:00,44.75,44.76,44.73,44.73,280.048
2026-08-14 06:30:00,44.73,44.76,44.73,44.73,314.559
2026-08-14 06:35:00,44.74,44.75,44.73,44.75,180.066
2026-08-14 06:40:00,44.75,44.75,44.74,44.74,170.474
2026-08-14 06:45:00,44.75,44.77,44.74,44.75,299.66
2026-08-14 06:50:00,44.76,44.78,44.71,44.74,655.247
2026-08-14 06:55:00,44.74,44.76,44.72,44.73,405.855
2026-08-14 07:00:00,44.72,44.73,44.69,44.73,783.201
2026-08-14 07:05:00,44.73,44.73,44.71,44.73,208.945
2026-08-14 07:10:00,44.73,44.73,44.71,44.72,262.831
2026-08-14 07:15:00,44.71,44.72,44.71,44.72,117.845
2026-08-14 07:20:00,44.71,44.72,44.71,44.72,164.332
2026-08-14 07:25:00,44.72,44.74,44.71,44.73,534.534
2026-08-14 07:30:00,44.73,44.73,44.7,44.7,222.788
2026-08-14 07:35:00,44.71,44.71,44.6,44.62,1351.712
2026-08-14 07:40:00,44.62,44.65,44.61,44.65,134.953
2026-08-14 07:45:00,44.65,44.68,44.64,44.68,275.921
2026-08-14 07:50:00,44.68,44.7,44.68,44.7,134.218
2026-08-14 07:55:00,44.7,44.7,44.64,44.65,414.87
2026-08-14 08:00:00,44.65,44.68,44.52,44.53,1506.076
2026-08-14 08:05:00,44.52,44.53,44.49,44.52,917.778
2026-08-14 08:10:00,44.52,44.53,44.51,44.52,174.143
2026-08-14 08:15:00,44.52,44.56,44.5,44.51,307.969
2026-08-14 08:20:00,44.51,44.54,44.49,44.5,756.323
2026-08-14 08:25:00,44.5,44.53,44.49,44.52,346.89
2026-08-14 08:30:00,44.53,44.58,44.51,44.57,324.861
2026-08-14 08:35:00,44.58,44.6,44.57,44.6,826.755
2026-08-14 08:40:00,44.6,44.61,44.57,44.58,422.169
2026-08-14 08:45:00,44.58,44.66,44.57,44.62,1199.134
2026-08-14 08:50:00,44.62,44.62,44.6,44.6,494.088
2026-08-14 08:55:00,44.6,44.63,44.6,44.63,423.79
2026-08-14 09:00:00,44.63,44.66,44.63,44.64,1115.112
2026-08-14 09:05:00,44.65,44.65,44.62,44.62,400.673
2026-08-14 09:10:00,44.62,44.67,44.62,44.67,556.78
2026-08-14 09:15:00,44.66,44.67,44.65,44.67,301.637
2026-08-14 09:20:00,44.67,44.68,44.65,44.67,209.931
2026-08-14 09:25:00,44.67,44.76,44.66,44.74,2024.593
2026-08-14 09:30:00,44.74,44.74,44.7,44.72,949.521
2026-08-14 09:35:00,44.72,44.72,44.65,44.66,568.156
2026-08-14 09:40:00,44.66,44.66,44.61,44.61,367.123
2026-08-14 09:45:00,44.62,44.68,44.62,44.67,407.459
2026-08-14 09:50:00,44.67,44.7,44.67,44.7,381.938
2026-08-14 09:55:00,44.7,44.7,44.67,44.68,222.624
2026-08-14 10:00:00,44.67,44.7,44.64,44.69,488.849
2026-08-14 10:05:00,44.69,44.69,44.67,44.68,119.409
2026-08-14 10:10:00,44.67,44.69,44.67,44.68,461.538
2026-08-14 10:15:00,44.67,44.71,44.65,44.7,375.199
2026-08-14 10:20:00,44.7,44.71,44.67,44.68,345.835
2026-08-14 10:25:00,44.67,44.68,44.66,44.68,516.822
2026-08-14 10:30:00,44.68,44.69,44.66,44.67,264.373
2026-08-14 10:35:00,44.66,44.67,44.61,44.62,312.139
2026-08-14 10:40:00,44.62,44.62,44.6,44.61,243.364
2026-08-14 10:45:00,44.6,44.61,44.55,44.57,892.839
2026-08-14 10:50:00,44.57,44.58,44.55,44.55,490.403
2026-08-14 10:55:00,44.56,44.56,44.52,44.55,1056.844
2026-08-14 11:00:00,44.55,44.58,44.54,44.58,332.457
2026-08-14 11:05:00,44.57,44.58,44.54,44.55,749.526
2026-08-14 11:10:00,44.55,44.57,44.49,44.52,688.376
2026-08-14 11:15:00,44.52,44.57,44.51,44.57,755.591
2026-08-14 11:20:00,44.56,44.57,44.55,44.57,471.577
2026-08-14 11:25:00,44.57,44.57,44.54,44.55,414.072
2026-08-14 11:30:00,44.55,44.56,44.55,44.56,229.081
2026-08-14 11:35:00,44.56,44.6,44.56,44.58,233.835
2026-08-14 11:40:00,44.58,44.59,44.54,44.55,308.333
2026-08-14 11:45:00,44.56,44.58,44.55,44.56,490.475
2026-08-14 11:50:00,44.55,44.58,44.55,44.58,1023.142
2026-08-14 11:55:00,44.58,44.58,44.55,44.56,192.539
2026-08-14 12:00:00,44.57,44.58,44.55,44.56,561.567
2026-08-14 12:05:00,44.56,44.56,44.39,44.4,4438.735
2026-08-14 12:10:00,44.39,44.44,44.35,44.44,602.858
2026-08-14 12:15:00,44.44,44.47,44.43,44.44,545.544
2026-08-14 12:20:00,44.43,44.5,44.43,44.5,363.213
2026-08-14 12:25:00,44.49,44.5,44.46,44.48,339.986
2026-08-14 12:30:00,44.47,44.5,44.44,44.47,845.77
2026-08-14 12:35:00,44.47,44.47,44.41,44.42,914.524
2026-08-14 12:40:00,44.41,44.43,44.4,44.42,691.138
2026-08-14 12:45:00,44.42,44.42,44.39,44.42,558.583
2026-08-14 12:50:00,44.42,44.43,44.38,44.38,520.207
2026-08-14 12:55:00,44.39,44.41,44.38,44.41,563.15
2026-08-14 13:00:00,44.41,44.41,44.37,44.38,268.238
2026-08-14 13:05:00,44.38,44.4,44.37,44.39,479.572
2026-08-14 13:10:00,44.39,44.45,44.37,44.44,508.759
2026-08-14 13:15:00,44.44,44.44,44.41,44.42,810.704
2026-08-14 13:20:00,44.43,44.48,44.43,44.48,503.734
2026-08-14 13:25:00,44.48,44.51,44.46,44.48,149.754
2026-08-14 13:30:00,44.48,44.49,44.45,44.46,638.458
2026-08-14 13:35:00,44.47,44.47,44.4,44.42,534.359
2026-08-14 13:40:00,44.43,44.46,44.41,44.42,508.752
2026-08-14 13:45:00,44.42,44.45,44.4,44.41,512.568
2026-08-14 13:50:00,44.4,44.42,44.3,44.32,2670.082
2026-08-14 13:55:00,44.32,44.34,44.19,44.21,2736.172
2026-08-14 14:00:00,44.22,44.23,44.16,44.19,1094.088
2026-08-14 14:05:00,44.18,44.27,44.18,44.26,813.669
2026-08-14 14:10:00,44.25,44.29,44.22,44.22,789.374
2026-08-14 14:15:00,44.23,44.26,44.23,44.24,561.366
2026-08-14 14:20:00,44.23,44.25,44.23,44.23,442.828
2026-08-14 14:25:00,44.22,44.23,44.0,44.05,6326.206
2026-08-14 14:30:00,44.04,44.1,44.0,44.09,915.235
2026-08-14 14:35:00,44.1,44.14,44.09,44.12,1728.663
2026-08-14 14:40:00,44.12,44.16,44.12,44.14,1366.097
2026-08-14 14:45:00,44.14,44.14,44.03,44.08,1256.829
2026-08-14 14:50:00,44.08,44.09,44.04,44.07,1213.609
2026-08-14 14:55:00,44.07,44.07,43.98,44.0,715.721
2026-08-14 15:00:00,43.99,44.01,43.78,43.81,5227.871
2026-08-14 15:05:00,43.8,43.88,43.75,43.79,2370.086
2026-08-14 15:10:00,43.8,43.82,43.73,43.78,1403.051
2026-08-14 15:15:00,43.77,43.81,43.77,43.79,457.054
2026-08-14 15:20:00,43.79,43.88,43.79,43.87,796.937
2026-08-14 15:25:00,43.88,43.89,43.81,43.89,701.269
2026-08-14 15:30:00,43.88,43.9,43.79,43.83,618.41
2026-08-14 15:35:00,43.83,43.94,43.83,43.93,965.039
2026-08-14 15:40:00,43.93,43.94,43.9,43.9,765.573
2026-08-14 15:45:00,43.91,43.93,43.88,43.9,504.797
2026-08-14 15:50:00,43.9,43.94,43.88,43.93,480.143
2026-08-14 15:55:00,43.94,43.94,43.91,43.93,441.203
2026-08-14 16:00:00,43.93,43.97,43.89,43.95,775.794
2026-08-14 16:05:00,43.94,43.99,43.93,43.96,1717.303
2026-08-14 16:10:00,43.96,43.96,43.94,43.95,949.886
2026-08-14 16:15:00,43.95,43.95,43.9,43.91,1540.237
2026-08-14 16:20:00,43.9,43.94,43.83,43.91,1223.447
2026-08-14 16:25:00,43.92,43.96,43.9,43.95,299.478
2026-08-14 16:30:00,43.96,43.97,43.94,43.95,1064.268
2026-08-14 16:35:00,43.96,43.98,43.92,43.96,2948.617
2026-08-14 16:40:00,43.96,43.96,43.89,43.92,1468.256
2026-08-14 16:45:00,43.93,43.96,43.91,43.96,811.148
2026-08-14 16:50:00,43.96,43.97,43.93,43.95,754.399
2026-08-14 16:55:00,43.95,44.08,43.95,44.07,2512.903
2026-08-14 17:00:00,44.08,44.14,44.07,44.08,1811.116
2026-08-14 17:05:00,44.08,44.08,43.97,43.99,2614.426
2026-08-14 17:10:00,43.99,44.03,43.96,44.02,3566.622
2026-08-14 17:15:00,44.02,44.02,43.95,43.99,3163.334
2026-08-14 17:20:00,43.99,44.01,43.93,43.99,4261.732
2026-08-14 17:25:00,44.0,44.01,43.94,43.95,3789.244
2026-08-14 17:30:00,43.95,43.96,43.93,43.94,792.451
2026-08-14 17:35:00,43.94,43.94,43.91,43.92,187.006
2026-08-14 17:40:00,43.92,43.93,43.85,43.91,1931.887
2026-08-14 17:45:00,43.91,43.94,43.9,43.94,552.751
2026-08-14 17:50:00,43.94,43.94,43.82,43.83,962.65
2026-08-14 17:55:00,43.82,43.84,43.8,43.84,518.589
2026-08-14 18:00:00,43.84,43.85,43.77,43.84,504.882
2026-08-14 18:05:00,43.84,43.85,43.8,43.82,174.231
2026-08-14 18:10:00,43.82,43.84,43.8,43.8,292.417
2026-08-14 18:15:00,43.81,43.84,43.8,43.84,373.376
2026-08-14 18:20:00,43.83,43.91,43.83,43.9,2273.084
2026-08-14 18:25:00,43.91,43.99,43.91,43.98,2670.627
2026-08-14 18:30:00,43.97,44.01,43.95,43.95,3901.723
2026-08-14 18:35:00,43.95,43.96,43.91,43.94,480.015
2026-08-14 18:40:00,43.93,43.97,43.84,43.86,492.59
2026-08-14 18:45:00,43.86,43.86,43.72,43.78,1400.233
2026-08-14 18:50:00,43.77,43.78,43.74,43.77,247.235
2026-08-14 18:55:00,43.77,43.77,43.71,43.72,727.68
2026-08-14 19:00:00,43.72,43.75,43.66,43.67,1446.945
2026-08-14 19:05:00,43.67,43.68,43.62,43.65,1796.266
2026-08-14 19:10:00,43.65,43.65,43.54,43.54,3602.149
2026-08-14 19:15:00,43.55,43.55,43.39,43.46,8454.843
2026-08-14 19:20:00,43.47,43.51,43.43,43.44,1275.857
2026-08-14 19:25:00,43.43,43.59,43.41,43.59,2185.713
2026-08-14 19:30:00,43.58,43.6,43.54,43.6,1340.805
2026-08-14 19:35:00,43.59,43.64,43.58,43.61,1045.596
2026-08-14 19:40:00,43.61,43.65,43.61,43.64,672.037
2026-08-14 19:45:00,43.64,43.69,43.63,43.69,1115.612
2026-08-14 19:50:00,43.68,43.7,43.67,43.68,335.622
2026-08-14 19:55:00,43.69,43.69,43.63,43.64,1235.743
2026-08-14 20:00:00,43.64,43.72,43.61,43.72,1814.379
2026-08-14 20:05:00,43.71,43.72,43.68,43.7,215.573
2026-08-14 20:10:00,43.69,43.7,43.61,43.64,2365.887
2026-08-14 20:15:00,43.63,43.66,43.63,43.66,293.824
2026-08-14 20:20:00,43.65,43.65,43.61,43.63,820.449
2026-08-14 20:25:00,43.64,43.64,43.59,43.59,749.702
2026-08-14 20:30:00,43.6,43.6,43.59,43.6,136.011
2026-08-14 20:35:00,43.59,43.65,43.59,43.63,1157.745
2026-08-14 20:40:00,43.63,43.63,43.61,43.63,606.961
2026-08-14 20:45:00,43.64,43.64,43.6,43.61,418.28
2026-08-14 20:50:00,43.62,43.62,43.56,43.57,413.989
2026-08-14 20:55:00,43.56,43.56,43.54,43.55,371.176
2026-08-14 21:00:00,43.55,43.61,43.54,43.61,430.854
2026-08-14 21:05:00,43.61,43.61,43.56,43.59,721.827
2026-08-14 21:10:00,43.6,43.62,43.59,43.61,651.189
2026-08-14 21:15:00,43.61,43.62,43.59,43.59,230.901
2026-08-14 21:20:00,43.59,43.61,43.58,43.61,126.074
2026-08-14 21:25:00,43.61,43.65,43.59,43.63,1465.24
2026-08-14 21:30:00,43.63,43.67,43.61,43.64,1579.425
2026-08-14 21:35:00,43.64,43.64,43.56,43.57,330.171
2026-08-14 21:40:00,43.56,43.59,43.54,43.55,329.433
2026-08-14 21:45:00,43.55,43.57,43.53,43.56,524.369
2026-08-14 21:50:00,43.57,43.59,43.55,43.56,332.869
2026-08-14 21:55:00,43.55,43.59,43.55,43.59,111.303
2026-08-14 22:00:00,43.58,43.65,43.57,43.64,580.453
2026-08-14 22:05:00,43.64,43.68,43.64,43.65,387.913
2026-08-14 22:10:00,43.65,43.66,43.63,43.64,171.631
2026-08-14 22:15:00,43.65,43.67,43.61,43.67,515.069
2026-08-14 22:20:00,43.67,43.67,43.63,43.66,331.778
2026-08-14 22:25:00,43.65,43.66,43.61,43.61,379.346
2026-08-14 22:30:00,43.61,43.64,43.59,43.62,743.399
2026-08-14 22:35:00,43.61,43.62,43.58,43.6,320.051
2026-08-14 22:40:00,43.61,43.63,43.6,43.61,290.239
2026-08-14 22:45:00,43.61,43.64,43.61,43.63,326.909
2026-08-14 22:50:00,43.63,43.64,43.61,43.64,322.015
2026-08-14 22:55:00,43.64,43.64,43.6,43.62,335.472
2026-08-14 23:00:00,43.62,43.69,43.62,43.68,372.252
2026-08-14 23:05:00,43.69,43.69,43.64,43.65,887.348
2026-08-14 23:10:00,43.65,43.66,43.65,43.65,223.683
2026-08-14 23:15:00,43.65,43.68,43.63,43.63,899.788
2026-08-14 23:20:00,43.64,43.69,43.64,43.69,799.784
2026-08-14 23:25:00,43.69,43.74,43.68,43.71,1639.256
2026-08-14 23:30:00,43.71,43.71,43.69,43.7,66.064
2026-08-14 23:35:00,43.7,43.74,43.68,43.73,1084.471
2026-08-14 23:40:00,43.73,43.75,43.71,43.74,558.336
2026-08-14 23:45:00,43.73,43.78,43.73,43.78,412.714
2026-08-14 23:50:00,43.78,43.8,43.77,43.79,522.079
2026-08-14 23:55:00,43.78,43.86,43.78,43.86,844.767
2026-08-15 00:00:00,43.86,43.91,43.84,43.87,755.368
2026-08-15 00:05:00,43.87,43.88,43.76,43.78,981.978
2026-08-15 00:10:00,43.78,43.81,43.75,43.79,722.864
2026-08-15 00:15:00,43.79,43.8,43.78,43.79,256.475
2026-08-15 00:20:00,43.79,43.79,43.75,43.79,432.662
2026-08-15 00:25:00,43.78,43.81,43.75,43.78,623.213
2026-08-15 00:30:00,43.78,43.79,43.77,43.78,232.717
2026-08-15 00:35:00,43.77,43.78,43.74,43.75,382.527
2026-08-15 00:40:00,43.76,43.78,43.75,43.75,644.41
2026-08-15 00:45:00,43.76,43.78,43.74,43.75,394.698
2026-08-15 00:50:00,43.75,43.75,43.73,43.75,235.094
2026-08-15 00:55:00,43.75,43.75,43.69,43.69,123.533
2026-08-15 01:00:00,43.7,43.7,43.68,43.69,214.47
2026-08-15 01:05:00,43.69,43.69,43.67,43.69,127.79
2026-08-15 01:10:00,43.69,43.69,43.68,43.69,172.524
2026-08-15 01:15:00,43.68,43.7,43.67,43.7,168.261
2026-08-15 01:20:00,43.7,43.76,43.69,43.76,416.061
2026-08-15 01:25:00,43.76,43.77,43.75,43.77,287.083
2026-08-15 01:30:00,43.77,43.8,43.76,43.8,216.001
2026-08-15 01:35:00,43.79,43.8,43.75,43.77,326.783
2026-08-15 01:40:00,43.77,43.82,43.76,43.82,512.57
2026-08-15 01:45:00,43.82,43.88,43.81,43.84,466.098
2026-08-15 01:50:00,43.85,43.86,43.78,43.79,1446.83
2026-08-15 01:55:00,43.79,43.88,43.78,43.86,3362.398
2026-08-15 02:00:00,43.86,43.88,43.84,43.87,336.773
2026-08-15 02:05:00,43.87,43.87,43.81,43.81,321.233
2026-08-15 02:10:00,43.8,43.85,43.79,43.84,281.606
2026-08-15 02:15:00,43.84,43.87,43.83,43.86,463.065
2026-08-15 02:20:00,43.87,43.9,43.86,43.9,228.196
2026-08-15 02:25:00,43.9,43.96,43.9,43.96,315.006
2026-08-15 02:30:00,43.96,43.97,43.9,43.95,435.433
2026-08-15 02:35:00,43.95,44.0,43.95,43.98,371.624
2026-08-15 02:40:00,43.98,43.99,43.96,43.97,151.984
2026-08-15 02:45:00,43.98,43.98,43.95,43.97,472.32
2026-08-15 02:50:00,43.96,44.01,43.96,43.99,167.059
2026-08-15 02:55:00,44.0,44.03,43.99,44.03,165.99
2026-08-15 03:00:00,44.03,44.04,43.95,43.99,1764.492
2026-08-15 03:05:00,44.0,44.02,43.99,44.02,310.388
2026-08-15 03:10:00,44.01,44.05,44.01,44.03,253.879
2026-08-15 03:15:00,44.02,44.06,44.01,44.04,318.55
2026-08-15 03:20:00,44.03,44.03,44.01,44.02,180.536
2026-08-15 03:25:00,44.02,44.03,43.99,44.03,464.164
2026-08-15 03:30:00,44.03,44.04,43.92,43.92,1156.601
2026-08-15 03:35:00,43.92,43.93,43.87,43.88,261.984
2026-08-15 03:40:00,43.89,43.95,43.89,43.95,344.981
2026-08-15 03:45:00,43.94,43.96,43.93,43.94,138.948
2026-08-15 03:50:00,43.94,44.01,43.94,44.01,514.907
2026-08-15 03:55:00,44.01,44.03,44.0,44.0,153.283
2026-08-15 04:00:00,44.0,44.11,44.0,44.07,1345.165
2026-08-15 04:05:00,44.07,44.07,44.01,44.04,308.22
2026-08-15 04:10:00,44.03,44.06,44.01,44.04,240.616
2026-08-15 04:15:00,44.04,44.09,44.04,44.07,680.565
2026-08-15 04:20:00,44.07,44.09,44.05,44.07,777.772
2026-08-15 04:25:00,44.08,44.11,44.07,44.1,182.209
2026-08-15 04:30:00,44.11,44.12,44.08,44.09,83.195
2026-08-15 04:35:00,44.08,44.11,44.08,44.08,748.286
2026-08-15 04:40:00,44.08,44.13,44.07,44.1,634.384
2026-08-15 04:45:00,44.09,44.1,44.08,44.09,165.264
2026-08-15 04:50:00,44.08,44.09,44.01,44.04,751.304
2026-08-15 04:55:00,44.04,44.04,44.01,44.02,420.119
2026-08-15 05:00:00,44.03,44.08,44.02,44.07,93.595
2026-08-15 05:05:00,44.07,44.1,44.07,44.09,201.669
2026-08-15 05:10:00,44.1,44.11,44.09,44.11,126.056
2026-08-15 05:15:00,44.11,44.11,44.05,44.07,503.061
2026-08-15 05:20:00,44.06,44.08,44.04,44.05,226.284
2026-08-15 05:25:00,44.05,44.05,44.02,44.03,89.116
2026-08-15 05:30:00,44.02,44.04,44.0,44.03,457.681
2026-08-15 05:35:00,44.03,44.03,44.0,44.01,151.61
2026-08-15 05:40:00,44.01,44.05,43.99,44.01,600.364
2026-08-15 05:45:00,44.02,44.04,44.01,44.02,165.42
2026-08-15 05:50:00,44.02,44.02,44.0,44.0,202.874
2026-08-15 05:55:00,44.0,44.01,43.99,44.0,240.144
2026-08-15 06:00:00,44.01,44.06,44.0,44.04,384.077
2026-08-15 06:05:00,44.04,44.12,44.0,44.07,3811.448
2026-08-15 06:10:00,44.07,44.1,43.99,44.01,1033.749
2026-08-15 06:15:00,44.01,44.07,44.01,44.07,270.97
2026-08-15 06:20:00,44.07,44.09,44.06,44.09,226.331
2026-08-15 06:25:00,44.09,44.1,44.06,44.07,431.95
2026-08-15 06:30:00,44.07,44.08,44.04,44.04,204.441
2026-08-15 06:35:00,44.03,44.06,44.02,44.06,223.539
2026-08-15 06:40:00,44.06,44.08,44.05,44.07,379.246
2026-08-15 06:45:00,44.08,44.09,44.06,44.07,189.16
2026-08-15 06:50:00,44.07,44.09,44.06,44.08,325.577
2026-08-15 06:55:00,44.08,44.1,44.08,44.09,168.23
2026-08-15 07:00:00,44.1,44.1,44.06,44.08,762.426
2026-08-15 07:05:00,44.09,44.11,44.06,44.06,852.202
2026-08-15 07:10:00,44.07,44.11,44.07,44.11,344.21
2026-08-15 07:15:00,44.11,44.11,44.06,44.06,455.459
2026-08-15 07:20:00,44.07,44.07,44.02,44.03,579.678
2026-08-15 07:25:00,44.03,44.05,44.02,44.04,251.644
2026-08-15 07:30:00,44.03,44.05,44.03,44.04,191.461
2026-08-15 07:35:00,44.05,44.06,44.04,44.05,195.138
2026-08-15 07:40:00,44.04,44.04,44.02,44.03,149.619
2026-08-15 07:45:00,44.02,44.05,44.02,44.05,115.969
2026-08-15 07:50:00,44.05,44.06,44.04,44.05,157.932
2026-08-15 07:55:00,44.05,44.05,44.01,44.01,347.418
2026-08-15 08:00:00,44.02,44.03,44.01,44.03,311.398
2026-08-15 08:05:00,44.03,44.05,43.93,43.98,3004.013
2026-08-15 08:10:00,43.98,43.98,43.97,43.97,107.883
2026-08-15 08:15:00,43.98,43.98,43.97,43.98,84.73
2026-08-15 08:20:00,43.97,44.0,43.96,44.0,363.582
2026-08-15 08:25:00,43.99,44.01,43.99,44.01,332.205
2026-08-15 08:30:00,44.01,44.04,44.01,44.02,291.331
2026-08-15 08:35:00,44.03,44.04,44.0,44.01,413.595
2026-08-15 08:40:00,44.01,44.02,43.98,43.99,403.66
2026-08-15 08:45:00,43.99,44.01,43.98,44.0,179.868
2026-08-15 08:50:00,44.01,44.01,43.96,43.96,366.733
2026-08-15 08:55:00,43.96,43.99,43.95,43.98,546.775
2026-08-15 09:00:00,43.98,43.99,43.95,43.96,222.566
2026-08-15 09:05:00,43.96,43.99,43.95,43.99,208.981
2026-08-15 09:10:00,43.99,44.01,43.98,44.0,143.998
2026-08-15 09:15:00,44.0,44.04,43.99,44.04,411.776
2026-08-15 09:20:00,44.04,44.07,44.02,44.06,562.926
2026-08-15 09:25:00,44.07,44.07,44.01,44.02,1057.25
2026-08-15 09:30:00,44.02,44.02,44.0,44.02,280.562
2026-08-15 09:35:00,44.02,44.05,44.01,44.04,600.253
2026-08-15 09:40:00,44.04,44.04,44.0,44.03,349.397
2026-08-15 09:45:00,44.04,44.05,44.03,44.05,190.425
2026-08-15 09:50:00,44.04,44.07,44.02,44.07,281.396
2026-08-15 09:55:00,44.07,44.07,44.06,44.07,130.063
2026-08-15 10:00:00,44.06,44.08,44.04,44.05,295.777
2026-08-15 10:05:00,44.04,44.08,44.04,44.06,703.217
2026-08-15 10:10:00,44.07,44.09,44.06,44.08,329.217
2026-08-15 10:15:00,44.08,44.08,44.06,44.07,288.776
2026-08-15 10:20:00,44.06,44.08,44.06,44.08,88.467
2026-08-15 10:25:00,44.07,44.08,44.05,44.06,346.488
2026-08-15 10:30:00,44.06,44.12,44.05,44.1,763.466
2026-08-15 10:35:00,44.11,44.11,44.06,44.07,355.082
2026-08-15 10:40:00,44.07,44.08,44.06,44.08,434.232
2026-08-15 10:45:00,44.08,44.08,44.04,44.05,478.198
2026-08-15 10:50:00,44.04,44.05,44.04,44.05,212.289
2026-08-15 10:55:00,44.04,44.08,44.04,44.08,223.961
2026-08-15 11:00:00,44.08,44.08,44.07,44.08,124.721
2026-08-15 11:05:00,44.08,44.1,44.07,44.1,167.278
2026-08-15 11:10:00,44.1,44.11,44.09,44.1,168.018
2026-08-15 11:15:00,44.11,44.11,44.01,44.01,1751.823
2026-08-15 11:20:00,44.01,44.02,43.98,44.0,467.965
2026-08-15 11:25:00,43.99,44.01,43.99,44.01,131.394
2026-08-15 11:30:00,44.01,44.05,44.01,44.02,489.342
2026-08-15 11:35:00,44.03,44.06,44.02,44.05,157.728
2026-08-15 11:40:00,44.06,44.07,44.03,44.06,690.051
2026-08-15 11:45:00,44.06,44.09,44.05,44.07,414.496
2026-08-15 11:50:00,44.07,44.08,44.05,44.06,378.63
2026-08-15 11:55:00,44.06,44.06,44.02,44.05,996.801
2026-08-15 12:00:00,44.05,44.08,44.04,44.05,254.172
2026-08-15 12:05:00,44.05,44.1,44.04,44.09,447.949
2026-08-15 12:10:00,44.09,44.1,44.08,44.09,114.792
2026-08-15 12:15:00,44.09,44.12,44.09,44.11,243.078
2026-08-15 12:20:00,44.11,44.14,44.1,44.12,620.408
2026-08-15 12:25:00,44.11,44.12,44.06,44.09,1365.435
2026-08-15 12:30:00,44.09,44.1,44.08,44.09,254.19
2026-08-15 12:35:00,44.1,44.12,44.09,44.11,309.991
2026-08-15 12:40:00,44.11,44.11,44.09,44.1,302.057
2026-08-15 12:45:00,44.09,44.1,44.07,44.08,174.818
2026-08-15 12:50:00,44.08,44.11,44.06,44.11,744.116
2026-08-15 12:55:00,44.11,44.14,44.1,44.14,248.354
2026-08-15 13:00:00,44.13,44.14,44.13,44.14,143.0
2026-08-15 13:05:00,44.14,44.15,44.13,44.15,202.951
2026-08-15 13:10:00,44.14,44.17,44.14,44.16,431.493
2026-08-15 13:15:00,44.16,44.16,44.12,44.13,258.059
2026-08-15 13:20:00,44.13,44.16,44.12,44.14,325.471
2026-08-15 13:25:00,44.15,44.16,44.12,44.12,504.155
2026-08-15 13:30:00,44.13,44.15,44.12,44.15,363.651
2026-08-15 13:35:00,44.15,44.15,44.14,44.15,118.923
2026-08-15 13:40:00,44.15,44.16,44.11,44.12,744.457
2026-08-15 13:45:00,44.12,44.16,44.11,44.15,1119.033
2026-08-15 13:50:00,44.15,44.17,44.14,44.17,255.661
2026-08-15 13:55:00,44.17,44.17,44.14,44.16,493.787
2026-08-15 14:00:00,44.16,44.16,44.14,44.15,176.878
2026-08-15 14:05:00,44.15,44.17,44.14,44.17,199.148
2026-08-15 14:10:00,44.17,44.2,44.16,44.18,1053.863
2026-08-15 14:15:00,44.18,44.2,44.18,44.2,307.326
2026-08-15 14:20:00,44.19,44.2,44.16,44.17,543.824
2026-08-15 14:25:00,44.17,44.19,44.12,44.14,621.449
2026-08-15 14:30:00,44.13,44.14,44.07,44.09,552.287
2026-08-15 14:35:00,44.09,44.09,44.05,44.07,334.707
2026-08-15 14:40:00,44.07,44.1,44.07,44.1,346.353
2026-08-15 14:45:00,44.11,44.13,44.1,44.13,217.382
2026-08-15 14:50:00,44.12,44.15,44.12,44.15,180.918
2026-08-15 14:55:00,44.15,44.15,44.12,44.13,755.714
2026-08-15 15:00:00,44.12,44.12,44.1,44.12,442.405
2026-08-15 15:05:00,44.12,44.13,44.1,44.11,323.015
2026-08-15 15:10:00,44.1,44.15,44.1,44.15,223.433
2026-08-15 15:15:00,44.15,44.21,44.15,44.21,240.202
2026-08-15 15:20:00,44.2,44.21,44.18,44.2,243.231
2026-08-15 15:25:00,44.19,44.21,44.19,44.2,478.488
2026-08-15 15:30:00,44.19,44.21,44.19,44.2,264.687
2026-08-15 15:35:00,44.21,44.23,44.2,44.22,173.602
2026-08-15 15:40:00,44.22,44.26,44.2,44.26,444.388
2026-08-15 15:45:00,44.26,44.29,44.24,44.29,492.625
2026-08-15 15:50:00,44.29,44.29,44.27,44.28,383.199
2026-08-15 15:55:00,44.29,44.29,44.25,44.26,837.286
2026-08-15 16:00:00,44.27,44.29,44.26,44.27,429.039
2026-08-15 16:05:00,44.27,44.3,44.26,44.26,554.546
2026-08-15 16:10:00,44.27,44.28,44.26,44.27,190.507
2026-08-15 16:15:00,44.27,44.27,44.23,44.25,471.206
2026-08-15 16:20:00,44.25,44.25,44.15,44.18,770.112
2026-08-15 16:25:00,44.18,44.18,44.16,44.17,274.786
2026-08-15 16:30:00,44.17,44.18,44.16,44.16,624.232
2026-08-15 16:35:00,44.16,44.17,44.16,44.17,179.31
2026-08-15 16:40:00,44.17,44.17,44.15,44.15,256.322
2026-08-15 16:45:00,44.16,44.16,44.15,44.16,271.326
2026-08-15 16:50:00,44.16,44.16,44.15,44.15,135.407
2026-08-15 16:55:00,44.16,44.16,44.14,44.16,595.614
2026-08-15 17:00:00,44.15,44.16,44.13,44.14,322.575
2026-08-15 17:05:00,44.14,44.15,44.12,44.14,1232.396
2026-08-15 17:10:00,44.13,44.13,44.12,44.12,366.429
2026-08-15 17:15:00,44.12,44.14,44.04,44.12,2729.371
2026-08-15 17:20:00,44.11,44.13,44.08,44.1,568.62
2026-08-15 17:25:00,44.1,44.2,44.1,44.2,700.492
2026-08-15 17:30:00,44.2,44.25,44.2,44.23,1192.946
2026-08-15 17:35:00,44.22,44.25,44.22,44.22,1068.615
2026-08-15 17:40:00,44.22,44.24,44.22,44.24,202.816
2026-08-15 17:45:00,44.23,44.24,44.21,44.21,335.562
2026-08-15 17:50:00,44.21,44.24,44.2,44.23,438.638
2026-08-15 17:55:00,44.23,44.23,44.21,44.23,388.527
2026-08-15 18:00:00,44.22,44.23,44.2,44.21,364.483
2026-08-15 18:05:00,44.21,44.21,44.17,44.18,222.559
2026-08-15 18:10:00,44.17,44.21,44.17,44.19,567.723
2026-08-15 18:15:00,44.19,44.2,44.18,44.19,207.105
2026-08-15 18:20:00,44.19,44.19,44.16,44.17,129.582
2026-08-15 18:25:00,44.16,44.18,44.15,44.15,700.096
2026-08-15 18:30:00,44.15,44.28,44.15,44.26,4610.299
2026-08-15 18:35:00,44.27,44.29,44.24,44.26,657.686
2026-08-15 18:40:00,44.25,44.31,44.25,44.3,579.428
2026-08-15 18:45:00,44.31,44.32,44.3,44.3,741.887
2026-08-15 18:50:00,44.3,44.3,44.27,44.28,257.357
2026-08-15 18:55:00,44.28,44.29,44.26,44.27,129.071
2026-08-15 19:00:00,44.27,44.28,44.26,44.28,152.517
2026-08-15 19:05:00,44.29,44.29,44.28,44.29,85.782
2026-08-15 19:10:00,44.29,44.29,44.28,44.29,224.569
2026-08-15 19:15:00,44.28,44.31,44.28,44.3,154.599
2026-08-15 19:20:00,44.31,44.32,44.29,44.29,482.803
2026-08-15 19:25:00,44.3,44.31,44.25,44.31,2076.711
2026-08-15 19:30:00,44.31,44.34,44.29,44.31,1179.664
2026-08-15 19:35:00,44.3,44.33,44.3,44.32,672.942
2026-08-15 19:40:00,44.33,44.34,44.24,44.27,939.975
2026-08-15 19:45:00,44.27,44.28,44.26,44.28,210.243
2026-08-15 19:50:00,44.27,44.28,44.24,44.25,410.629
2026-08-15 19:55:00,44.25,44.25,44.24,44.25,163.009
2026-08-15 20:00:00,44.25,44.26,44.22,44.26,900.356
2026-08-15 20:05:00,44.26,44.26,44.22,44.23,732.247
2026-08-15 20:10:00,44.24,44.26,44.19,44.19,1013.449
2026-08-15 20:15:00,44.2,44.2,44.16,44.16,331.835
2026-08-15 20:20:00,44.17,44.18,44.16,44.18,107.52
2026-08-15 20:25:00,44.17,44.18,44.15,44.16,220.687
2026-08-15 20:30:00,44.16,44.18,44.15,44.17,332.034
2026-08-15 20:35:00,44.17,44.18,44.15,44.17,425.608
2026-08-15 20:40:00,44.18,44.2,44.17,44.2,262.07
2026-08-15 20:45:00,44.2,44.21,44.19,44.2,445.019
2026-08-15 20:50:00,44.2,44.21,44.19,44.2,266.662
2026-08-15 20:55:00,44.21,44.23,44.19,44.2,720.854
2026-08-15 21:00:00,44.2,44.21,44.15,44.16,371.439
2026-08-15 21:05:00,44.16,44.16,44.13,44.15,542.762
2026-08-15 21:10:00,44.15,44.16,44.12,44.12,193.179
2026-08-15 21:15:00,44.12,44.15,44.12,44.15,228.869
2026-08-15 21:20:00,44.14,44.14,44.09,44.09,547.514
2026-08-15 21:25:00,44.1,44.11,44.09,44.11,747.966
2026-08-15 21:30:00,44.11,44.11,44.07,44.08,367.165
2026-08-15 21:35:00,44.09,44.11,44.09,44.09,168.911
2026-08-15 21:40:00,44.09,44.1,44.08,44.09,347.358
2026-08-15 21:45:00,44.1,44.11,44.09,44.11,150.932
2026-08-15 21:50:00,44.11,44.11,44.09,44.1,480.779
2026-08-15 21:55:00,44.09,44.12,44.09,44.1,627.527
2026-08-15 22:00:00,44.1,44.15,44.09,44.14,378.809
2026-08-15 22:05:00,44.13,44.14,44.13,44.14,134.44
2026-08-15 22:10:00,44.14,44.16,44.14,44.16,60.089
2026-08-15 22:15:00,44.15,44.16,44.13,44.14,333.997
2026-08-15 22:20:00,44.15,44.16,44.14,44.16,598.903
2026-08-15 22:25:00,44.15,44.19,44.14,44.18,455.795
2026-08-15 22:30:00,44.19,44.2,44.18,44.2,56.789
2026-08-15 22:35:00,44.19,44.2,44.15,44.17,546.684
2026-08-15 22:40:00,44.17,44.17,44.16,44.16,144.657
2026-08-15 22:45:00,44.17,44.18,44.16,44.18,467.936
2026-08-15 22:50:00,44.18,44.18,44.16,44.17,122.039
2026-08-15 22:55:00,44.17,44.17,44.16,44.16,137.024
2026-08-15 23:00:00,44.15,44.16,44.13,44.15,334.655
2026-08-15 23:05:00,44.16,44.16,44.15,44.16,72.76
2026-08-15 23:10:00,44.16,44.16,44.08,44.11,719.632
2026-08-15 23:15:00,44.1,44.14,44.08,44.13,306.958
2026-08-15 23:20:00,44.12,44.13,44.1,44.11,325.893
2026-08-15 23:25:00,44.11,44.11,44.07,44.1,430.14
2026-08-15 23:30:00,44.11,44.11,44.05,44.08,567.027
2026-08-15 23:35:00,44.08,44.1,44.07,44.1,156.09
2026-08-15 23:40:00,44.1,44.12,44.1,44.12,161.611
2026-08-15 23:45:00,44.12,44.14,44.11,44.12,225.707
2026-08-15 23:50:00,44.13,44.13,44.11,44.13,308.355
2026-08-15 23:55:00,44.12,44.12,44.09,44.12,495.849
2026-08-16 00:00:00,44.11,44.12,44.1,44.12,328.76
2026-08-16 00:05:00,44.12,44.22,44.11,44.22,243.326
2026-08-16 00:10:00,44.23,44.23,44.13,44.13,778.721
2026-08-16 00:15:00,44.14,44.15,44.12,44.14,279.594
2026-08-16 00:20:00,44.14,44.15,44.11,44.13,232.115
2026-08-16 00:25:00,44.13,44.17,44.12,44.14,139.189
2026-08-16 00:30:00,44.14,44.15,44.12,44.12,73.786
2026-08-16 00:35:00,44.12,44.13,44.12,44.13,77.063
2026-08-16 00:40:00,44.12,44.14,44.1,44.13,195.688
2026-08-16 00:45:00,44.14,44.17,44.14,44.15,118.919
2026-08-16 00:50:00,44.15,44.18,44.14,44.17,113.398
2026-08-16 00:55:00,44.17,44.23,44.17,44.21,515.103
2026-08-16 01:00:00,44.2,44.21,44.19,44.21,137.971
2026-08-16 01:05:00,44.21,44.22,44.2,44.2,149.421
2026-08-16 01:10:00,44.19,44.22,44.18,44.22,257.616
2026-08-16 01:15:00,44.22,44.26,44.21,44.25,79.154
2026-08-16 01:20:00,44.25,44.26,44.23,44.26,108.26
2026-08-16 01:25:00,44.25,44.26,44.22,44.22,667.189
2026-08-16 01:30:00,44.22,44.22,44.21,44.21,159.075
2026-08-16 01:35:00,44.22,44.24,44.18,44.18,260.876
2026-08-16 01:40:00,44.18,44.24,44.17,44.24,272.151
2026-08-16 01:45:00,44.24,44.24,44.23,44.24,63.238
2026-08-16 01:50:00,44.24,44.24,44.22,44.22,133.307
2026-08-16 01:55:00,44.22,44.24,44.22,44.24,123.929
2026-08-16 02:00:00,44.24,44.26,44.21,44.23,846.987
2026-08-16 02:05:00,44.23,44.23,44.22,44.22,89.706
2026-08-16 02:10:00,44.23,44.23,44.21,44.22,202.55
2026-08-16 02:15:00,44.21,44.25,44.21,44.24,181.699
2026-08-16 02:20:00,44.25,44.28,44.24,44.25,313.027
2026-08-16 02:25:00,44.25,44.28,44.25,44.26,170.195
2026-08-16 02:30:00,44.25,44.32,44.25,44.29,249.024
2026-08-16 02:35:00,44.28,44.3,44.27,44.28,250.179
2026-08-16 02:40:00,44.27,44.29,44.27,44.29,156.867
2026-08-16 02:45:00,44.29,44.3,44.26,44.29,244.906
2026-08-16 02:50:00,44.29,44.29,44.28,44.28,83.125
2026-08-16 02:55:00,44.28,44.29,44.27,44.28,215.955
2026-08-16 03:00:00,44.28,44.31,44.28,44.31,103.404
2026-08-16 03:05:00,44.3,44.33,44.3,44.32,313.034
2026-08-16 03:10:00,44.33,44.33,44.3,44.31,362.948
2026-08-16 03:15:00,44.31,44.31,44.3,44.31,106.145
2026-08-16 03:20:00,44.31,44.31,44.29,44.3,147.308
2026-08-16 03:25:00,44.3,44.3,44.29,44.29,149.173
2026-08-16 03:30:00,44.3,44.3,44.28,44.3,182.251
2026-08-16 03:35:00,44.3,44.32,44.29,44.32,71.795
2026-08-16 03:40:00,44.31,44.32,44.28,44.29,486.252
2026-08-16 03:45:00,44.29,44.33,44.29,44.32,435.504
2026-08-16 03:50:00,44.31,44.33,44.27,44.28,377.973
2026-08-16 03:55:00,44.28,44.28,44.24,44.25,112.255
2026-08-16 04:00:00,44.24,44.25,44.23,44.23,184.585
2026-08-16 04:05:00,44.24,44.28,44.24,44.26,360.166
2026-08-16 04:10:00,44.26,44.28,44.25,44.28,131.9
2026-08-16 04:15:00,44.27,44.28,44.25,44.28,161.803
2026-08-16 04:20:00,44.29,44.3,44.28,44.3,71.976
2026-08-16 04:25:00,44.3,44.31,44.3,44.31,67.111
2026-08-16 04:30:00,44.31,44.31,44.28,44.28,211.226
2026-08-16 04:35:00,44.29,44.29,44.27,44.28,99.889
2026-08-16 04:40:00,44.28,44.29,44.28,44.29,66.491
2026-08-16 04:45:00,44.29,44.29,44.27,44.27,66.077
2026-08-16 04:50:00,44.28,44.28,44.27,44.27,61.086
2026-08-16 04:55:00,44.28,44.28,44.24,44.26,279.008
2026-08-16 05:00:00,44.26,44.29,44.25,44.29,201.35
2026-08-16 05:05:00,44.28,44.29,44.28,44.29,125.262
2026-08-16 05:10:00,44.29,44.29,44.27,44.27,86.623
2026-08-16 05:15:00,44.28,44.28,44.25,44.26,152.275
2026-08-16 05:20:00,44.26,44.27,44.23,44.27,490.194
2026-08-16 05:25:00,44.26,44.27,44.24,44.25,145.712
2026-08-16 05:30:00,44.25,44.25,44.22,44.22,123.118
2026-08-16 05:35:00,44.23,44.25,44.23,44.25,270.599
2026-08-16 05:40:00,44.25,44.25,44.19,44.19,764.334
2026-08-16 05:45:00,44.19,44.2,44.17,44.18,176.579
2026-08-16 05:50:00,44.18,44.19,44.17,44.17,453.889
2026-08-16 05:55:00,44.17,44.18,44.16,44.17,348.046
2026-08-16 06:00:00,44.18,44.21,44.17,44.21,129.823
2026-08-16 06:05:00,44.2,44.22,44.19,44.21,285.874
2026-08-16 06:10:00,44.22,44.22,44.19,44.19,197.37
2026-08-16 06:15:00,44.19,44.2,44.17,44.18,92.581
2026-08-16 06:20:00,44.18,44.19,44.15,44.19,318.725
2026-08-16 06:25:00,44.19,44.21,44.15,44.19,947.568
2026-08-16 06:30:00,44.19,44.2,44.16,44.17,237.346
2026-08-16 06:35:00,44.17,44.19,44.16,44.19,193.962
2026-08-16 06:40:00,44.19,44.2,44.18,44.2,187.094
2026-08-16 06:45:00,44.19,44.22,44.19,44.2,180.432
2026-08-16 06:50:00,44.21,44.21,44.2,44.21,197.427
2026-08-16 06:55:00,44.21,44.23,44.2,44.23,165.884
2026-08-16 07:00:00,44.23,44.23,44.2,44.21,138.714
2026-08-16 07:05:00,44.21,44.24,44.2,44.24,291.614
2026-08-16 07:10:00,44.24,44.25,44.23,44.25,191.033
2026-08-16 07:15:00,44.24,44.26,44.24,44.26,210.127
2026-08-16 07:20:00,44.26,44.29,44.26,44.27,213.598
2026-08-16 07:25:00,44.27,44.28,44.26,44.28,215.066
2026-08-16 07:30:00,44.28,44.3,44.27,44.28,385.795
2026-08-16 07:35:00,44.28,44.29,44.28,44.29,215.451
2026-08-16 07:40:00,44.29,44.29,44.24,44.25,467.846
2026-08-16 07:45:00,44.24,44.29,44.24,44.28,260.852
2026-08-16 07:50:00,44.28,44.32,44.28,44.28,220.3
2026-08-16 07:55:00,44.29,44.31,44.28,44.3,152.056
2026-08-16 08:00:00,44.3,44.31,44.3,44.31,52.891
2026-08-16 08:05:00,44.31,44.33,44.3,44.33,152.33
2026-08-16 08:10:00,44.33,44.35,44.33,44.34,167.269
2026-08-16 08:15:00,44.34,44.36,44.34,44.36,93.888
2026-08-16 08:20:00,44.35,44.36,44.34,44.34,166.758
2026-08-16 08:25:00,44.35,44.36,44.34,44.35,104.359
2026-08-16 08:30:00,44.35,44.37,44.34,44.36,566.005
2026-08-16 08:35:00,44.37,44.39,44.36,44.38,103.874
2026-08-16 08:40:00,44.38,44.39,44.34,44.36,674.946
2026-08-16 08:45:00,44.36,44.36,44.35,44.35,93.24
2026-08-16 08:50:00,44.36,44.39,44.35,44.37,552.87
2026-08-16 08:55:00,44.37,44.4,44.36,44.4,340.412
2026-08-16 09:00:00,44.4,44.41,44.37,44.39,580.415
2026-08-16 09:05:00,44.39,44.42,44.38,44.41,547.81
2026-08-16 09:10:00,44.4,44.41,44.38,44.4,219.281
2026-08-16 09:15:00,44.4,44.4,44.38,44.4,280.623
2026-08-16 09:20:00,44.4,44.42,44.39,44.42,362.564
2026-08-16 09:25:00,44.42,44.42,44.4,44.41,116.063
2026-08-16 09:30:00,44.41,44.42,44.4,44.42,449.447
2026-08-16 09:35:00,44.42,44.42,44.41,44.41,182.62
2026-08-16 09:40:00,44.4,44.41,44.38,44.39,242.362
2026-08-16 09:45:00,44.39,44.41,44.38,44.41,323.137
2026-08-16 09:50:00,44.41,44.42,44.4,44.42,112.667
2026-08-16 09:55:00,44.42,44.42,44.4,44.41,160.862
2026-08-16 10:00:00,44.41,44.42,44.4,44.41,296.467
2026-08-16 10:05:00,44.4,44.42,44.4,44.4,194.389
2026-08-16 10:10:00,44.39,44.4,44.38,44.38,126.947
2026-08-16 10:15:00,44.39,44.39,44.35,44.36,584.177
2026-08-16 10:20:00,44.35,44.36,44.33,44.34,557.053
2026-08-16 10:25:00,44.34,44.37,44.34,44.37,373.834
2026-08-16 10:30:00,44.37,44.37,44.33,44.37,266.303
2026-08-16 10:35:00,44.37,44.38,44.36,44.38,295.668
2026-08-16 10:40:00,44.37,44.38,44.37,44.37,84.093
2026-08-16 10:45:00,44.38,44.38,44.37,44.38,70.634
2026-08-16 10:50:00,44.38,44.38,44.37,44.37,111.141
2026-08-16 10:55:00,44.38,44.38,44.36,44.36,194.351
2026-08-16 11:00:00,44.37,44.38,44.36,44.38,143.042
2026-08-16 11:05:00,44.37,44.38,44.36,44.36,138.551
2026-08-16 11:10:00,44.37,44.37,44.36,44.37,208.681
2026-08-16 11:15:00,44.36,44.38,44.36,44.38,198.742
2026-08-16 11:20:00,44.38,44.38,44.37,44.38,168.676
2026-08-16 11:25:00,44.38,44.42,44.32,44.4,2700.835
2026-08-16 11:30:00,44.39,44.4,44.38,44.39,141.401
2026-08-16 11:35:00,44.39,44.41,44.38,44.41,520.526
2026-08-16 11:40:00,44.4,44.42,44.4,44.42,318.599
2026-08-16 11:45:00,44.41,44.42,44.38,44.38,359.182
2026-08-16 11:50:00,44.38,44.4,44.38,44.4,157.873
2026-08-16 11:55:00,44.4,44.42,44.39,44.42,148.809
2026-08-16 12:00:00,44.41,44.41,44.38,44.39,412.234
2026-08-16 12:05:00,44.39,44.4,44.36,44.38,866.675
2026-08-16 12:10:00,44.38,44.38,44.35,44.36,303.921
2026-08-16 12:15:00,44.36,44.36,44.32,44.33,884.749
2026-08-16 12:20:00,44.34,44.35,44.33,44.35,197.196
2026-08-16 12:25:00,44.34,44.36,44.34,44.34,589.512
2026-08-16 12:30:00,44.34,44.34,44.33,44.34,184.065
2026-08-16 12:35:00,44.33,44.34,44.31,44.32,184.081
2026-08-16 12:40:00,44.32,44.33,44.27,44.32,540.302
2026-08-16 12:45:00,44.32,44.33,44.31,44.32,402.373
2026-08-16 12:50:00,44.32,44.33,44.31,44.32,144.318
2026-08-16 12:55:00,44.32,44.33,44.31,44.32,276.803
2026-08-16 13:00:00,44.32,44.32,44.3,44.31,286.434
2026-08-16 13:05:00,44.3,44.31,44.28,44.29,269.228
2026-08-16 13:10:00,44.28,44.3,44.28,44.3,187.799
2026-08-16 13:15:00,44.3,44.33,44.3,44.33,415.663
2026-08-16 13:20:00,44.32,44.32,44.29,44.3,101.699
2026-08-16 13:25:00,44.3,44.3,44.29,44.3,95.068
2026-08-16 13:30:00,44.29,44.3,44.28,44.29,193.409
2026-08-16 13:35:00,44.29,44.29,44.26,44.27,241.823
2026-08-16 13:40:00,44.26,44.26,44.25,44.26,235.939
2026-08-16 13:45:00,44.26,44.27,44.24,44.26,201.185
2026-08-16 13:50:00,44.27,44.31,44.26,44.3,173.414
2026-08-16 13:55:00,44.31,44.32,44.3,44.32,145.889
2026-08-16 14:00:00,44.31,44.32,44.3,44.32,358.845
2026-08-16 14:05:00,44.32,44.32,44.31,44.31,145.164
2026-08-16 14:10:00,44.32,44.32,44.29,44.29,249.537
2026-08-16 14:15:00,44.3,44.33,44.29,44.32,417.472
2026-08-16 14:20:00,44.33,44.34,44.32,44.34,146.088
2026-08-16 14:25:00,44.33,44.36,44.32,44.33,644.732
2026-08-16 14:30:00,44.32,44.35,44.32,44.35,207.365
2026-08-16 14:35:00,44.35,44.35,44.34,44.35,105.54
2026-08-16 14:40:00,44.35,44.38,44.35,44.37,461.168
2026-08-16 14:45:00,44.37,44.37,44.36,44.37,75.187
2026-08-16 14:50:00,44.37,44.37,44.35,44.35,590.542
2026-08-16 14:55:00,44.36,44.37,44.34,44.37,405.084
2026-08-16 15:00:00,44.36,44.39,44.36,44.39,285.187
2026-08-16 15:05:00,44.38,44.42,44.38,44.42,157.604
2026-08-16 15:10:00,44.42,44.44,44.41,44.42,384.474
2026-08-16 15:15:00,44.42,44.43,44.41,44.43,479.918
2026-08-16 15:20:00,44.43,44.62,44.42,44.6,4960.614
2026-08-16 15:25:00,44.6,44.82,44.59,44.81,4116.04
2026-08-16 15:30:00,44.8,44.81,44.67,44.7,1282.082
2026-08-16 15:35:00,44.71,44.75,44.69,44.74,563.472
2026-08-16 15:40:00,44.74,44.77,44.71,44.75,512.825
2026-08-16 15:45:00,44.76,44.8,44.74,44.75,1028.095
2026-08-16 15:50:00,44.75,44.75,44.72,44.73,414.991
2026-08-16 15:55:00,44.73,44.73,44.7,44.73,691.358
2026-08-16 16:00:00,44.73,44.76,44.67,44.68,413.372
2026-08-16 16:05:00,44.68,44.69,44.62,44.66,1379.276
2026-08-16 16:10:00,44.67,44.68,44.66,44.66,336.286
2026-08-16 16:15:00,44.67,44.69,44.64,44.68,949.56
2026-08-16 16:20:00,44.67,44.67,44.6,44.61,423.191
2026-08-16 16:25:00,44.62,44.64,44.56,44.56,929.689
2026-08-16 16:30:00,44.57,44.6,44.55,44.57,596.609
2026-08-16 16:35:00,44.57,44.58,44.56,44.58,246.598
2026-08-16 16:40:00,44.58,44.58,44.53,44.54,326.382
2026-08-16 16:45:00,44.54,44.6,44.53,44.56,1022.47
2026-08-16 16:50:00,44.56,44.59,44.53,44.59,791.924
2026-08-16 16:55:00,44.59,44.61,44.55,44.56,441.441
2026-08-16 17:00:00,44.57,44.58,44.53,44.56,338.405
2026-08-16 17:05:00,44.56,44.56,44.54,44.55,473.481
2026-08-16 17:10:00,44.55,44.56,44.53,44.56,282.7
2026-08-16 17:15:00,44.56,44.56,44.52,44.55,427.637
2026-08-16 17:20:00,44.55,44.56,44.51,44.52,624.306
2026-08-16 17:25:00,44.52,44.52,44.5,44.5,548.212
2026-08-16 17:30:00,44.51,44.51,44.48,44.49,242.162
2026-08-16 17:35:00,44.5,44.56,44.49,44.56,1565.199
2026-08-16 17:40:00,44.56,44.57,44.51,44.53,383.184
2026-08-16 17:45:00,44.53,44.53,44.49,44.5,204.918
2026-08-16 17:50:00,44.49,44.53,44.49,44.52,241.687
2026-08-16 17:55:00,44.53,44.55,44.5,44.51,1274.87
2026-08-16 18:00:00,44.51,44.53,44.5,44.5,294.801
2026-08-16 18:05:00,44.5,44.52,44.49,44.52,228.321
2026-08-16 18:10:00,44.52,44.53,44.49,44.52,265.834
2026-08-16 18:15:00,44.52,44.53,44.52,44.53,288.105
2026-08-16 18:20:00,44.53,44.54,44.48,44.48,839.282
2026-08-16 18:25:00,44.48,44.5,44.46,44.48,251.55
2026-08-16 18:30:00,44.47,44.49,44.47,44.48,133.776
2026-08-16 18:35:00,44.49,44.5,44.48,44.5,207.726
2026-08-16 18:40:00,44.5,44.52,44.49,44.51,302.922
2026-08-16 18:45:00,44.52,44.53,44.52,44.53,104.811
2026-08-16 18:50:00,44.52,44.54,44.51,44.52,337.138
2026-08-16 18:55:00,44.52,44.52,44.49,44.5,209.228
2026-08-16 19:00:00,44.49,44.55,44.49,44.55,666.69
2026-08-16 19:05:00,44.55,44.56,44.54,44.55,236.325
2026-08-16 19:10:00,44.55,44.55,44.54,44.54,145.805
2026-08-16 19:15:00,44.53,44.54,44.49,44.5,629.34
2026-08-16 19:20:00,44.5,44.52,44.5,44.51,266.588
2026-08-16 19:25:00,44.52,44.57,44.51,44.56,1020.929
2026-08-16 19:30:00,44.55,44.56,44.53,44.54,1024.177
2026-08-16 19:35:00,44.54,44.6,44.53,44.57,1907.703
2026-08-16 19:40:00,44.56,44.57,44.53,44.54,239.077
2026-08-16 19:45:00,44.54,44.56,44.54,44.56,230.913
2026-08-16 19:50:00,44.56,44.57,44.53,44.56,681.048
2026-08-16 19:55:00,44.57,44.57,44.55,44.55,118.585
2026-08-16 20:00:00,44.55,44.58,44.55,44.56,215.074
2026-08-16 20:05:00,44.56,44.57,44.56,44.56,121.569
2026-08-16 20:10:00,44.57,44.58,44.55,44.56,185.743
2026-08-16 20:15:00,44.56,44.56,44.54,44.55,177.312
2026-08-16 20:20:00,44.55,44.55,44.54,44.55,124.485
2026-08-16 20:25:00,44.55,44.56,44.52,44.55,545.485
2026-08-16 20:30:00,44.55,44.56,44.55,44.56,172.286
2026-08-16 20:35:00,44.56,44.57,44.54,44.55,114.472
2026-08-16 20:40:00,44.55,44.6,44.53,44.59,1069.489
2026-08-16 20:45:00,44.58,44.59,44.53,44.57,895.09
2026-08-16 20:50:00,44.57,44.57,44.47,44.48,384.737
2026-08-16 20:55:00,44.48,44.48,44.46,44.47,456.306
2026-08-16 21:00:00,44.47,44.47,44.36,44.38,484.741
2026-08-16 21:05:00,44.38,44.38,44.29,44.36,568.166
2026-08-16 21:10:00,44.37,44.38,44.35,44.36,663.514
2026-08-16 21:15:00,44.37,44.4,44.36,44.39,660.825
2026-08-16 21:20:00,44.39,44.4,44.36,44.37,280.168
2026-08-16 21:25:00,44.37,44.39,44.36,44.39,125.156
2026-08-16 21:30:00,44.39,44.39,44.19,44.25,3031.103
2026-08-16 21:35:00,44.25,44.28,44.1,44.12,1356.638
2026-08-16 21:40:00,44.12,44.15,44.06,44.13,853.052
2026-08-16 21:45:00,44.14,44.19,44.09,44.18,150.198
2026-08-16 21:50:00,44.19,44.24,44.19,44.23,214.076
2026-08-16 21:55:00,44.22,44.22,44.15,44.17,608.97
2026-08-16 22:00:00,44.16,44.16,44.05,44.1,809.14
2026-08-16 22:05:00,44.11,44.18,44.11,44.18,322.146
2026-08-16 22:10:00,44.18,44.18,44.09,44.16,806.029
2026-08-16 22:15:00,44.16,44.19,44.16,44.18,117.376
2026-08-16 22:20:00,44.19,44.19,44.16,44.16,127.68
2026-08-16 22:25:00,44.16,44.16,44.14,44.15,146.384
2026-08-16 22:30:00,44.15,44.15,44.08,44.11,375.927
2026-08-16 22:35:00,44.11,44.11,44.07,44.09,239.115
2026-08-16 22:40:00,44.09,44.12,44.07,44.12,266.471
2026-08-16 22:45:00,44.12,44.13,44.1,44.13,300.542
2026-08-16 22:50:00,44.13,44.15,44.08,44.12,682.44
2026-08-16 22:55:00,44.12,44.14,44.1,44.13,265.244
2026-08-16 23:00:00,44.13,44.18,44.11,44.17,223.89
2026-08-16 23:05:00,44.17,44.17,44.16,44.17,181.252
2026-08-16 23:10:00,44.17,44.17,44.12,44.12,257.18
2026-08-16 23:15:00,44.12,44.18,44.11,44.18,340.297
2026-08-16 23:20:00,44.18,44.25,44.17,44.23,1262.05
2026-08-16 23:25:00,44.22,44.25,44.21,44.24,696.009
2026-08-16 23:30:00,44.24,44.25,44.22,44.24,294.878
2026-08-16 23:35:00,44.24,44.25,44.18,44.22,467.548
2026-08-16 23:40:00,44.21,44.25,44.21,44.25,718.33
2026-08-16 23:45:00,44.24,44.25,44.21,44.22,348.499
2026-08-16 23:50:00,44.23,44.24,44.18,44.19,317.845
2026-08-16 23:55:00,44.18,44.19,44.13,44.16,1740.317
2026-08-17 00:00:00,44.16,44.19,44.14,44.19,120.213
2026-08-17 00:05:00,44.18,44.19,44.14,44.17,363.767
2026-08-17 00:10:00,44.17,44.19,44.1,44.13,357.372
2026-08-17 00:15:00,44.13,44.14,44.1,44.13,253.309
2026-08-17 00:20:00,44.12,44.13,44.1,44.1,116.835
2026-08-17 00:25:00,44.11,44.18,44.1,44.18,246.156
2026-08-17 00:30:00,44.18,44.19,44.12,44.12,154.506
2026-08-17 00:35:00,44.12,44.14,44.1,44.13,486.99
2026-08-17 00:40:00,44.12,44.19,44.1,44.18,367.112
2026-08-17 00:45:00,44.17,44.18,44.13,44.14,346.111
2026-08-17 00:50:00,44.15,44.15,44.13,44.13,126.131
2026-08-17 00:55:00,44.14,44.19,44.13,44.16,206.686
2026-08-17 01:00:00,44.15,44.3,44.13,44.29,306.22
2026-08-17 01:05:00,44.28,44.34,44.25,44.28,330.388
2026-08-17 01:10:00,44.27,44.28,44.25,44.27,191.177
2026-08-17 01:15:00,44.27,44.31,44.25,44.29,67.117
2026-08-17 01:20:00,44.29,44.36,44.29,44.34,442.779
2026-08-17 01:25:00,44.34,44.37,44.34,44.34,335.407
2026-08-17 01:30:00,44.35,44.39,44.35,44.36,192.576
2026-08-17 01:35:00,44.37,44.38,44.31,44.35,535.756
2026-08-17 01:40:00,44.36,44.37,44.34,44.36,78.206
2026-08-17 01:45:00,44.35,44.36,44.34,44.36,97.833
2026-08-17 01:50:00,44.36,44.36,44.33,44.33,95.246
2026-08-17 01:55:00,44.34,44.34,44.31,44.32,236.875
2026-08-17 02:00:00,44.33,44.36,44.3,44.31,651.917
2026-08-17 02:05:00,44.31,44.31,44.27,44.3,185.196
2026-08-17 02:10:00,44.31,44.32,44.3,44.3,102.343
2026-08-17 02:15:00,44.31,44.34,44.3,44.31,301.135
2026-08-17 02:20:00,44.32,44.34,44.32,44.33,121.547
2026-08-17 02:25:00,44.33,44.37,44.32,44.36,279.499
2026-08-17 02:30:00,44.36,44.44,44.35,44.43,1858.315
2026-08-17 02:35:00,44.44,44.46,44.41,44.42,342.851
2026-08-17 02:40:00,44.42,44.43,44.4,44.4,159.67
2026-08-17 02:45:00,44.4,44.42,44.39,44.39,146.534
2026-08-17 02:50:00,44.39,44.48,44.39,44.47,219.742
2026-08-17 02:55:00,44.46,44.47,44.42,44.43,476.229
2026-08-17 03:00:00,44.43,44.45,44.4,44.41,288.945
2026-08-17 03:05:00,44.41,44.41,44.39,44.4,675.948
2026-08-17 03:10:00,44.4,44.4,44.37,44.4,180.514
2026-08-17 03:15:00,44.4,44.43,44.38,44.39,401.654
2026-08-17 03:20:00,44.39,44.4,44.37,44.38,86.427
2026-08-17 03:25:00,44.37,44.39,44.37,44.38,118.992
2026-08-17 03:30:00,44.38,44.38,44.31,44.33,477.725
2026-08-17 03:35:00,44.33,44.35,44.31,44.31,574.561
2026-08-17 03:40:00,44.32,44.33,44.27,44.27,1995.162
2026-08-17 03:45:00,44.27,44.29,44.26,44.27,855.126
2026-08-17 03:50:00,44.28,44.31,44.27,44.31,181.768
2026-08-17 03:55:00,44.3,44.33,44.24,44.26,487.608
2026-08-17 04:00:00,44.25,44.29,44.25,44.28,720.067
2026-08-17 04:05:00,44.27,44.31,44.27,44.29,308.357
2026-08-17 04:10:00,44.29,44.3,44.28,44.29,183.42
2026-08-17 04:15:00,44.29,44.29,44.26,44.28,232.022
2026-08-17 04:20:00,44.28,44.32,44.26,44.3,297.315
2026-08-17 04:25:00,44.29,44.32,44.28,44.3,139.684
2026-08-17 04:30:00,44.31,44.31,44.28,44.29,106.732
2026-08-17 04:35:00,44.29,44.29,44.26,44.26,111.278
2026-08-17 04:40:00,44.26,44.31,44.26,44.26,277.355
2026-08-17 04:45:00,44.26,44.31,44.26,44.29,447.861
2026-08-17 04:50:00,44.3,44.31,44.27,44.27,230.718
2026-08-17 04:55:00,44.28,44.28,44.26,44.27,85.704
2026-08-17 05:00:00,44.27,44.28,44.25,44.28,104.477
2026-08-17 05:05:00,44.27,44.28,44.25,44.25,114.215
2026-08-17 05:10:00,44.26,44.3,44.25,44.29,154.894
2026-08-17 05:15:00,44.29,44.32,44.29,44.31,86.923
2026-08-17 05:20:00,44.32,44.32,44.25,44.29,1892.248
2026-08-17 05:25:00,44.28,44.29,44.25,44.27,366.785
2026-08-17 05:30:00,44.27,44.28,44.26,44.28,224.479
2026-08-17 05:35:00,44.27,44.27,44.24,44.27,271.662
2026-08-17 05:40:00,44.27,44.3,44.26,44.28,596.91
2026-08-17 05:45:00,44.27,44.28,44.26,44.27,368.914
2026-08-17 05:50:00,44.26,44.27,44.26,44.26,49.878
2026-08-17 05:55:00,44.27,44.27,44.25,44.25,139.397
2026-08-17 06:00:00,44.26,44.28,44.23,44.23,946.354
2026-08-17 06:05:00,44.24,44.26,44.23,44.26,112.406
2026-08-17 06:10:00,44.26,44.27,44.24,44.26,119.655
2026-08-17 06:15:00,44.26,44.29,44.26,44.29,208.442
2026-08-17 06:20:00,44.29,44.3,44.26,44.26,141.906
2026-08-17 06:25:00,44.26,44.28,44.21,44.24,1938.509
2026-08-17 06:30:00,44.24,44.25,44.23,44.23,86.052
2026-08-17 06:35:00,44.24,44.28,44.24,44.27,911.014
2026-08-17 06:40:00,44.27,44.29,44.27,44.28,150.21
2026-08-17 06:45:00,44.28,44.32,44.26,44.27,867.163
2026-08-17 06:50:00,44.28,44.28,44.2,44.21,929.143
2026-08-17 06:55:00,44.2,44.22,44.18,44.19,566.952
2026-08-17 07:00:00,44.2,44.21,44.17,44.2,400.948
2026-08-17 07:05:00,44.2,44.2,44.15,44.16,699.022
2026-08-17 07:10:00,44.16,44.17,44.14,44.14,417.591
2026-08-17 07:15:00,44.15,44.17,44.13,44.14,1143.986
2026-08-17 07:20:00,44.15,44.17,44.15,44.17,361.354
2026-08-17 07:25:00,44.17,44.17,44.12,44.17,866.687
2026-08-17 07:30:00,44.17,44.18,44.15,44.17,949.636
2026-08-17 07:35:00,44.16,44.18,44.14,44.16,526.664
2026-08-17 07:40:00,44.16,44.17,44.14,44.15,245.208
2026-08-17 07:45:00,44.15,44.17,44.14,44.16,261.652
2026-08-17 07:50:00,44.17,44.17,44.14,44.15,188.95
2026-08-17 07:55:00,44.16,44.16,44.12,44.13,607.922
2026-08-17 08:00:00,44.14,44.14,44.05,44.06,1178.071
2026-08-17 08:05:00,44.07,44.11,44.05,44.1,1019.776
2026-08-17 08:10:00,44.1,44.11,44.08,44.1,218.328
2026-08-17 08:15:00,44.1,44.13,43.84,43.95,9330.257
2026-08-17 08:20:00,43.95,43.95,43.89,43.93,1476.714
2026-08-17 08:25:00,43.93,43.94,43.89,43.93,599.715
2026-08-17 08:30:00,43.94,43.95,43.92,43.94,424.709
2026-08-17 08:35:00,43.94,43.94,43.89,43.93,977.09
2026-08-17 08:40:00,43.93,43.93,43.9,43.92,720.52
2026-08-17 08:45:00,43.92,43.92,43.86,43.87,730.257
2026-08-17 08:50:00,43.88,43.88,43.86,43.87,348.309
2026-08-17 08:55:00,43.88,43.9,43.87,43.88,432.125
2026-08-17 09:00:00,43.87,43.9,43.86,43.9,400.715
2026-08-17 09:05:00,43.9,43.93,43.89,43.93,489.034
2026-08-17 09:10:00,43.92,43.94,43.92,43.94,473.361
2026-08-17 09:15:00,43.94,43.95,43.91,43.93,270.452
2026-08-17 09:20:00,43.93,43.94,43.84,43.85,691.574
2026-08-17 09:25:00,43.85,43.88,43.84,43.87,896.262
2026-08-17 09:30:00,43.87,44.06,43.87,44.04,2163.218
2026-08-17 09:35:00,44.03,44.11,44.01,44.08,1876.683
2026-08-17 09:40:00,44.07,44.08,44.03,44.08,627.386
2026-08-17 09:45:00,44.08,44.08,44.01,44.02,878.288
2026-08-17 09:50:00,44.01,44.05,44.01,44.04,825.797
2026-08-17 09:55:00,44.04,44.04,43.99,44.02,1049.774
2026-08-17 10:00:00,44.01,44.03,43.99,44.0,1067.28
2026-08-17 10:05:00,44.0,44.0,43.98,44.0,222.791
2026-08-17 10:10:00,44.0,44.04,43.98,44.04,825.858
2026-08-17 10:15:00,44.04,44.04,44.0,44.0,761.084
2026-08-17 10:20:00,44.01,44.02,44.0,44.01,281.634
2026-08-17 10:25:00,44.0,44.08,44.0,44.08,495.815
2026-08-17 10:30:00,44.08,44.1,44.04,44.06,975.704
2026-08-17 10:35:00,44.06,44.09,44.06,44.08,372.083
2026-08-17 10:40:00,44.07,44.2,44.05,44.17,3293.319
2026-08-17 10:45:00,44.18,44.25,44.15,44.16,2589.47
2026-08-17 10:50:00,44.16,44.21,44.14,44.2,973.325
2026-08-17 10:55:00,44.2,44.2,44.17,44.18,313.625
2026-08-17 11:00:00,44.18,44.23,44.17,44.22,740.893
2026-08-17 11:05:00,44.22,44.22,44.2,44.21,369.469
2026-08-17 11:10:00,44.2,44.21,44.19,44.21,243.521
2026-08-17 11:15:00,44.21,44.22,44.18,44.21,293.508
2026-08-17 11:20:00,44.21,44.22,44.19,44.21,578.927
2026-08-17 11:25:00,44.21,44.21,44.2,44.21,279.85
2026-08-17 11:30:00,44.21,44.25,44.2,44.24,471.714
2026-08-17 11:35:00,44.24,44.26,44.23,44.26,203.651
2026-08-17 11:40:00,44.26,44.27,44.25,44.27,144.93
2026-08-17 11:45:00,44.26,44.27,44.26,44.26,188.25
2026-08-17 11:50:00,44.25,44.25,44.21,44.21,640.615
2026-08-17 11:55:00,44.22,44.23,44.2,44.22,420.307
2026-08-17 12:00:00,44.21,44.24,44.21,44.21,323.833
2026-08-17 12:05:00,44.21,44.24,44.2,44.23,414.705
2026-08-17 12:10:00,44.23,44.24,44.22,44.22,283.635
2026-08-17 12:15:00,44.23,44.24,44.22,44.24,277.441
2026-08-17 12:20:00,44.24,44.24,44.22,44.22,297.813
2026-08-17 12:25:00,44.23,44.24,44.19,44.22,782.975
2026-08-17 12:30:00,44.22,44.24,44.19,44.19,310.534
2026-08-17 12:35:00,44.2,44.24,44.17,44.17,640.786
2026-08-17 12:40:00,44.18,44.2,44.15,44.17,415.729
2026-08-17 12:45:00,44.16,44.2,44.16,44.2,310.415
2026-08-17 12:50:00,44.19,44.2,44.17,44.19,330.799
2026-08-17 12:55:00,44.19,44.21,44.18,44.19,843.449
2026-08-17 13:00:00,44.19,44.21,44.18,44.21,587.514
2026-08-17 13:05:00,44.21,44.24,44.2,44.23,530.426
2026-08-17 13:10:00,44.23,44.24,44.21,44.22,642.502
2026-08-17 13:15:00,44.22,44.23,44.18,44.23,1225.495
2026-08-17 13:20:00,44.23,44.23,44.22,44.23,178.11
2026-08-17 13:25:00,44.23,44.26,44.22,44.25,684.006
2026-08-17 13:30:00,44.24,44.3,44.23,44.3,848.447
2026-08-17 13:35:00,44.29,44.32,44.27,44.28,343.248
2026-08-17 13:40:00,44.27,44.42,44.27,44.34,5567.027
2026-08-17 13:45:00,44.34,44.37,44.29,44.34,2986.704
2026-08-17 13:50:00,44.34,44.34,44.28,44.29,441.828
2026-08-17 13:55:00,44.29,44.29,44.27,44.29,454.528
2026-08-17 14:00:00,44.29,44.33,44.28,44.3,920.912
2026-08-17 14:05:00,44.31,44.32,44.3,44.3,277.729
2026-08-17 14:10:00,44.31,44.33,44.3,44.32,427.65
2026-08-17 14:15:00,44.32,44.34,44.29,44.3,750.24
2026-08-17 14:20:00,44.3,44.31,44.27,44.29,1266.196
2026-08-17 14:25:00,44.29,44.3,44.27,44.3,164.151
2026-08-17 14:30:00,44.3,44.39,44.29,44.39,757.597
2026-08-17 14:35:00,44.39,44.39,44.36,44.39,1027.703
2026-08-17 14:40:00,44.39,44.39,44.34,44.38,284.242
2026-08-17 14:45:00,44.38,44.44,44.37,44.44,432.083
2026-08-17 14:50:00,44.44,44.49,44.43,44.46,1248.42
2026-08-17 14:55:00,44.46,44.5,44.45,44.5,728.667
2026-08-17 15:00:00,44.49,44.5,44.46,44.47,561.261
2026-08-17 15:05:00,44.47,44.48,44.36,44.37,924.321
2026-08-17 15:10:00,44.38,44.4,44.36,44.36,322.84
2026-08-17 15:15:00,44.37,44.41,44.34,44.37,960.79
2026-08-17 15:20:00,44.37,44.37,44.36,44.37,150.537
2026-08-17 15:25:00,44.37,44.45,44.36,44.43,1004.217
2026-08-17 15:30:00,44.43,44.43,44.36,44.36,460.195
2026-08-17 15:35:00,44.36,44.38,44.36,44.38,390.861
2026-08-17 15:40:00,44.38,44.39,44.36,44.38,298.72
2026-08-17 15:45:00,44.39,44.42,44.38,44.41,1277.628
2026-08-17 15:50:00,44.41,44.41,44.33,44.36,1834.228
2026-08-17 15:55:00,44.36,44.36,44.34,44.35,458.374
2026-08-17 16:00:00,44.34,44.37,44.33,44.37,524.51
2026-08-17 16:05:00,44.37,44.39,44.36,44.37,497.982
2026-08-17 16:10:00,44.37,44.39,44.35,44.36,348.881
2026-08-17 16:15:00,44.37,44.42,44.36,44.42,195.383
2026-08-17 16:20:00,44.42,44.49,44.42,44.48,337.63
2026-08-17 16:25:00,44.48,44.49,44.46,44.47,261.031
2026-08-17 16:30:00,44.47,44.48,44.43,44.47,1525.245
2026-08-17 16:35:00,44.47,44.5,44.45,44.5,227.556
2026-08-17 16:40:00,44.5,44.56,44.49,44.54,2950.118
2026-08-17 16:45:00,44.53,44.57,44.51,44.56,1482.404
2026-08-17 16:50:00,44.56,44.56,44.47,44.48,3238.109
2026-08-17 16:55:00,44.48,44.53,44.45,44.53,1925.353
2026-08-17 17:00:00,44.53,44.53,44.43,44.44,1195.788
2026-08-17 17:05:00,44.44,44.46,44.42,44.46,280.317
2026-08-17 17:10:00,44.46,44.48,44.42,44.43,438.766
2026-08-17 17:15:00,44.44,44.51,44.41,44.5,798.083
2026-08-17 17:20:00,44.5,44.54,44.5,44.51,214.084
2026-08-17 17:25:00,44.51,44.53,44.48,44.52,322.448
2026-08-17 17:30:00,44.52,44.52,44.48,44.52,393.783
2026-08-17 17:35:00,44.52,44.62,44.5,44.61,4881.498
2026-08-17 17:40:00,44.61,44.64,44.47,44.49,5111.674
2026-08-17 17:45:00,44.49,44.59,44.48,44.57,1321.454
2026-08-17 17:50:00,44.57,44.6,44.54,44.54,929.188
2026-08-17 17:55:00,44.55,44.57,44.54,44.54,417.04
2026-08-17 18:00:00,44.55,44.56,44.54,44.55,305.726
2026-08-17 18:05:00,44.55,44.56,44.54,44.55,247.576
2026-08-17 18:10:00,44.55,44.57,44.54,44.55,388.153
2026-08-17 18:15:00,44.55,44.56,44.49,44.51,808.708
2026-08-17 18:20:00,44.5,44.64,44.5,44.59,4758.548
2026-08-17 18:25:00,44.59,44.64,44.58,44.6,428.532
2026-08-17 18:30:00,44.61,44.62,44.59,44.6,199.671
2026-08-17 18:35:00,44.6,44.63,44.59,44.6,588.516
2026-08-17 18:40:00,44.61,44.64,44.59,44.64,375.561
2026-08-17 18:45:00,44.64,44.64,44.6,44.63,726.044
2026-08-17 18:50:00,44.63,44.66,44.62,44.64,1407.448
2026-08-17 18:55:00,44.64,44.65,44.61,44.64,637.025
2026-08-17 19:00:00,44.64,44.65,44.59,44.6,603.84
2026-08-17 19:05:00,44.6,44.64,44.58,44.63,928.991
2026-08-17 19:10:00,44.62,44.62,44.57,44.58,726.309
2026-08-17 19:15:00,44.58,44.59,44.57,44.58,173.85
2026-08-17 19:20:00,44.59,44.6,44.55,44.58,557.941
2026-08-17 19:25:00,44.58,44.61,44.57,44.6,312.543
2026-08-17 19:30:00,44.6,44.6,44.54,44.55,361.239
2026-08-17 19:35:00,44.56,44.56,44.53,44.54,310.562
2026-08-17 19:40:00,44.54,44.55,44.52,44.53,317.4
2026-08-17 19:45:00,44.52,44.53,44.52,44.53,236.857
2026-08-17 19:50:00,44.53,44.53,44.49,44.49,262.438
2026-08-17 19:55:00,44.49,44.51,44.48,44.5,1021.244
2026-08-17 20:00:00,44.49,44.5,44.45,44.46,671.797
2026-08-17 20:05:00,44.46,44.46,44.44,44.46,504.792
2026-08-17 20:10:00,44.45,44.49,44.43,44.45,1674.15
2026-08-17 20:15:00,44.45,44.48,44.45,44.45,308.129
2026-08-17 20:20:00,44.45,44.47,44.44,44.47,1215.521
2026-08-17 20:25:00,44.46,44.5,44.45,44.5,813.472
2026-08-17 20:30:00,44.5,44.5,44.49,44.5,195.993
2026-08-17 20:35:00,44.5,44.54,44.49,44.54,162.675
2026-08-17 20:40:00,44.54,44.58,44.53,44.58,225.269
2026-08-17 20:45:00,44.58,44.6,44.54,44.55,690.542
2026-08-17 20:50:00,44.55,44.57,44.54,44.56,708.364
2026-08-17 20:55:00,44.55,44.59,44.55,44.56,233.871
2026-08-17 21:00:00,44.57,44.59,44.56,44.59,129.936
2026-08-17 21:05:00,44.59,44.59,44.58,44.59,188.292
2026-08-17 21:10:00,44.6,44.6,44.57,44.57,216.461
2026-08-17 21:15:00,44.57,44.59,44.56,44.57,205.728
2026-08-17 21:20:00,44.57,44.59,44.55,44.57,216.245
2026-08-17 21:25:00,44.57,44.58,44.56,44.58,146.662
2026-08-17 21:30:00,44.57,44.59,44.56,44.59,260.907
2026-08-17 21:35:00,44.59,44.59,44.57,44.59,205.664
2026-08-17 21:40:00,44.59,44.62,44.57,44.62,537.798
2026-08-17 21:45:00,44.62,44.62,44.59,44.61,344.488
2026-08-17 21:50:00,44.61,44.63,44.6,44.61,792.254
2026-08-17 21:55:00,44.6,44.63,44.56,44.56,501.7
2026-08-17 22:00:00,44.57,44.6,44.56,44.58,434.806
2026-08-17 22:05:00,44.58,44.6,44.52,44.55,951.731
2026-08-17 22:10:00,44.55,44.56,44.53,44.53,638.589
2026-08-17 22:15:00,44.54,44.54,44.52,44.54,68.133
2026-08-17 22:20:00,44.53,44.54,44.5,44.52,724.046
2026-08-17 22:25:00,44.51,44.52,44.49,44.49,138.562
2026-08-17 22:30:00,44.49,44.49,44.47,44.48,152.583
2026-08-17 22:35:00,44.47,44.5,44.47,44.47,330.845
2026-08-17 22:40:00,44.47,44.48,44.44,44.47,269.34
2026-08-17 22:45:00,44.46,44.48,44.42,44.48,605.688
2026-08-17 22:50:00,44.47,44.47,44.44,44.45,222.553
2026-08-17 22:55:00,44.46,44.46,44.44,44.45,215.585
2026-08-17 23:00:00,44.46,44.49,44.45,44.49,164.512
2026-08-17 23:05:00,44.49,44.5,44.45,44.48,608.854
2026-08-17 23:10:00,44.49,44.51,44.47,44.47,825.248
2026-08-17 23:15:00,44.47,44.48,44.42,44.46,484.199
2026-08-17 23:20:00,44.46,44.49,44.44,44.48,955.068
2026-08-17 23:25:00,44.47,44.5,44.47,44.49,138.85
2026-08-17 23:30:00,44.49,44.56,44.48,44.56,766.502
2026-08-17 23:35:00,44.55,44.55,44.53,44.54,275.229
2026-08-17 23:40:00,44.53,44.54,44.51,44.53,107.983
2026-08-17 23:45:00,44.53,44.56,44.52,44.56,202.543
2026-08-17 23:50:00,44.56,44.59,44.54,44.58,650.248
2026-08-17 23:55:00,44.58,44.6,44.56,44.57,360.635
2026-08-18 00:00:00,44.57,44.58,44.54,44.55,182.312
2026-08-18 00:05:00,44.55,44.57,44.53,44.55,217.777
2026-08-18 00:10:00,44.54,44.58,44.53,44.56,655.965
2026-08-18 00:15:00,44.56,44.6,44.56,44.58,356.845
2026-08-18 00:20:00,44.58,44.6,44.56,44.58,296.896
2026-08-18 00:25:00,44.58,44.62,44.57,44.6,324.218
2026-08-18 00:30:00,44.6,44.6,44.58,44.59,109.584
2026-08-18 00:35:00,44.59,44.6,44.58,44.59,154.381
2026-08-18 00:40:00,44.58,44.61,44.57,44.6,228.988
2026-08-18 00:45:00,44.59,44.64,44.59,44.61,756.13
2026-08-18 00:50:00,44.62,44.65,44.62,44.64,365.355
2026-08-18 00:55:00,44.64,44.65,44.63,44.64,175.357
2026-08-18 01:00:00,44.64,44.65,44.59,44.59,589.1
2026-08-18 01:05:00,44.6,44.61,44.57,44.57,566.309
2026-08-18 01:10:00,44.57,44.61,44.57,44.61,227.644
2026-08-18 01:15:00,44.61,44.62,44.59,44.6,231.494
2026-08-18 01:20:00,44.6,44.6,44.58,44.59,124.717
2026-08-18 01:25:00,44.59,44.59,44.55,44.55,64.116
2026-08-18 01:30:00,44.55,44.58,44.52,44.52,259.174
2026-08-18 01:35:00,44.52,44.55,44.52,44.52,724.132
2026-08-18 01:40:00,44.52,44.53,44.51,44.51,132.389
2026-08-18 01:45:00,44.5,44.51,44.46,44.48,369.325
2026-08-18 01:50:00,44.48,44.51,44.43,44.45,1790.63
2026-08-18 01:55:00,44.45,44.47,44.42,44.47,250.804
2026-08-18 02:00:00,44.48,44.49,44.47,44.48,183.69
2026-08-18 02:05:00,44.49,44.54,44.48,44.53,996.718
2026-08-18 02:10:00,44.52,44.52,44.49,44.49,104.834
2026-08-18 02:15:00,44.5,44.5,44.47,44.49,626.921
2026-08-18 02:20:00,44.49,44.5,44.29,44.39,6863.165
2026-08-18 02:25:00,44.38,44.38,44.3,44.32,380.896
2026-08-18 02:30:00,44.32,44.35,44.3,44.3,366.748
2026-08-18 02:35:00,44.3,44.32,44.27,44.31,729.502
2026-08-18 02:40:00,44.32,44.32,44.23,44.25,509.846
2026-08-18 02:45:00,44.25,44.26,44.2,44.24,693.975
2026-08-18 02:50:00,44.24,44.28,44.22,44.23,272.375
2026-08-18 02:55:00,44.22,44.22,44.15,44.19,505.65
2026-08-18 03:00:00,44.19,44.24,44.17,44.21,672.148
2026-08-18 03:05:00,44.2,44.24,44.2,44.21,295.643
2026-08-18 03:10:00,44.21,44.22,44.2,44.21,139.342
2026-08-18 03:15:00,44.22,44.27,44.21,44.27,388.418
2026-08-18 03:20:00,44.26,44.28,44.21,44.23,909.872
2026-08-18 03:25:00,44.23,44.25,44.19,44.19,910.054
2026-08-18 03:30:00,44.2,44.21,44.17,44.19,772.739
2026-08-18 03:35:00,44.19,44.24,44.18,44.24,452.168
2026-08-18 03:40:00,44.24,44.28,44.23,44.28,387.025
2026-08-18 03:45:00,44.28,44.36,44.26,44.34,844.261
2026-08-18 03:50:00,44.34,44.35,44.31,44.34,336.357
2026-08-18 03:55:00,44.34,44.35,44.3,44.33,1016.955
2026-08-18 04:00:00,44.33,44.33,44.27,44.3,624.689
2026-08-18 04:05:00,44.3,44.33,44.29,44.33,265.024
2026-08-18 04:10:00,44.33,44.35,44.32,44.34,618.858
2026-08-18 04:15:00,44.33,44.35,44.32,44.34,418.548
2026-08-18 04:20:00,44.34,44.35,44.33,44.35,69.053
2026-08-18 04:25:00,44.35,44.37,44.34,44.37,75.82
2026-08-18 04:30:00,44.37,44.39,44.35,44.36,349.95
2026-08-18 04:35:00,44.36,44.37,44.36,44.37,128.966
2026-08-18 04:40:00,44.37,44.37,44.32,44.33,353.487
2026-08-18 04:45:00,44.32,44.33,44.29,44.3,129.415
2026-08-18 04:50:00,44.3,44.33,44.29,44.33,276.167
2026-08-18 04:55:00,44.33,44.33,44.31,44.33,52.524
2026-08-18 05:00:00,44.33,44.33,44.3,44.31,300.071
2026-08-18 05:05:00,44.3,44.34,44.3,44.34,467.893
2026-08-18 05:10:00,44.34,44.36,44.32,44.32,208.276
2026-08-18 05:15:00,44.33,44.33,44.32,44.33,180.91
2026-08-18 05:20:00,44.33,44.34,44.31,44.32,357.382
2026-08-18 05:25:00,44.32,44.32,44.29,44.3,530.637
2026-08-18 05:30:00,44.29,44.29,44.24,44.24,287.667
2026-08-18 05:35:00,44.24,44.27,44.2,44.27,994.273
2026-08-18 05:40:00,44.27,44.3,44.26,44.3,156.747
2026-08-18 05:45:00,44.3,44.3,44.26,44.29,537.272
2026-08-18 05:50:00,44.28,44.28,44.22,44.25,1766.614
2026-08-18 05:55:00,44.25,44.27,44.24,44.27,462.67
2026-08-18 06:00:00,44.27,44.27,44.24,44.25,797.253
2026-08-18 06:05:00,44.25,44.27,44.24,44.27,229.852
2026-08-18 06:10:00,44.26,44.34,44.26,44.33,784.493
2026-08-18 06:15:00,44.32,44.4,44.32,44.4,319.315
2026-08-18 06:20:00,44.4,44.45,44.4,44.45,543.544
2026-08-18 06:25:00,44.45,44.47,44.44,44.47,435.302
2026-08-18 06:30:00,44.46,44.53,44.46,44.52,336.236
2026-08-18 06:35:00,44.52,44.59,44.51,44.57,758.839
2026-08-18 06:40:00,44.56,44.58,44.56,44.58,320.526
2026-08-18 06:45:00,44.58,44.6,44.53,44.53,251.602
2026-08-18 06:50:00,44.54,44.55,44.52,44.54,298.735
2026-08-18 06:55:00,44.54,44.55,44.51,44.55,154.351
2026-08-18 07:00:00,44.54,44.57,44.51,44.54,633.11
2026-08-18 07:05:00,44.54,44.54,44.49,44.54,724.465
2026-08-18 07:10:00,44.55,44.55,44.5,44.53,646.865
2026-08-18 07:15:00,44.53,44.57,44.53,44.56,204.519
2026-08-18 07:20:00,44.57,44.58,44.54,44.57,251.929
2026-08-18 07:25:00,44.57,44.57,44.54,44.55,280.608
2026-08-18 07:30:00,44.54,44.56,44.53,44.55,1047.537
2026-08-18 07:35:00,44.56,44.61,44.55,44.6,423.716
2026-08-18 07:40:00,44.59,44.6,44.56,44.56,354.091
2026-08-18 07:45:00,44.57,44.57,44.54,44.55,810.296
2026-08-18 07:50:00,44.54,44.55,44.53,44.53,231.47
2026-08-18 07:55:00,44.54,44.57,44.53,44.53,541.768
2026-08-18 08:00:00,44.52,44.54,44.48,44.5,2113.332
2026-08-18 08:05:00,44.5,44.5,44.44,44.45,300.941
2026-08-18 08:10:00,44.44,44.51,44.44,44.5,499.301
2026-08-18 08:15:00,44.49,44.62,44.49,44.6,1022.997
2026-08-18 08:20:00,44.61,44.61,44.56,44.57,363.315
2026-08-18 08:25:00,44.58,44.61,44.57,44.58,136.825
2026-08-18 08:30:00,44.58,44.59,44.56,44.56,540.282
2026-08-18 08:35:00,44.57,44.62,44.57,44.61,211.244
2026-08-18 08:40:00,44.62,44.62,44.58,44.59,303.685
2026-08-18 08:45:00,44.59,44.61,44.57,44.57,908.342
2026-08-18 08:50:00,44.58,44.61,44.58,44.59,560.144
2026-08-18 08:55:00,44.6,44.62,44.58,44.6,387.026
2026-08-18 09:00:00,44.6,44.61,44.59,44.6,195.658
2026-08-18 09:05:00,44.59,44.6,44.59,44.6,243.463
2026-08-18 09:10:00,44.6,44.61,44.59,44.6,154.771
2026-08-18 09:15:00,44.6,44.62,44.55,44.61,617.117
2026-08-18 09:20:00,44.6,44.64,44.58,44.62,827.513
2026-08-18 09:25:00,44.62,44.63,44.58,44.62,784.176
2026-08-18 09:30:00,44.61,44.7,44.61,44.67,1504.948
2026-08-18 09:35:00,44.66,44.67,44.55,44.55,565.257
2026-08-18 09:40:00,44.56,44.56,44.51,44.53,1130.119
2026-08-18 09:45:00,44.52,44.57,44.5,44.57,915.23
2026-08-18 09:50:00,44.57,44.57,44.54,44.57,207.031
2026-08-18 09:55:00,44.57,44.62,44.54,44.61,1698.973
2026-08-18 10:00:00,44.61,44.62,44.59,44.61,602.217
2026-08-18 10:05:00,44.6,44.61,44.55,44.57,280.193
2026-08-18 10:10:00,44.57,44.59,44.56,44.58,236.163
2026-08-18 10:15:00,44.58,44.63,44.57,44.63,265.74
2026-08-18 10:20:00,44.63,44.63,44.59,44.59,1194.932
2026-08-18 10:25:00,44.6,44.6,44.58,44.58,256.472
2026-08-18 10:30:00,44.59,44.62,44.58,44.6,715.918
2026-08-18 10:35:00,44.6,44.61,44.55,44.55,1128.326
2026-08-18 10:40:00,44.55,44.57,44.55,44.55,240.053
2026-08-18 10:45:00,44.56,44.57,44.55,44.57,189.413
2026-08-18 10:50:00,44.57,44.59,44.54,44.55,653.25
2026-08-18 10:55:00,44.54,44.55,44.49,44.49,447.047
2026-08-18 11:00:00,44.49,44.56,44.49,44.54,746.211
2026-08-18 11:05:00,44.54,44.54,44.51,44.54,275.426
2026-08-18 11:10:00,44.54,44.55,44.52,44.53,425.662
2026-08-18 11:15:00,44.53,44.55,44.53,44.54,487.667
2026-08-18 11:20:00,44.54,44.57,44.53,44.56,390.732
2026-08-18 11:25:00,44.55,44.57,44.54,44.55,480.965
2026-08-18 11:30:00,44.54,44.54,44.51,44.54,491.271
2026-08-18 11:35:00,44.54,44.56,44.54,44.56,208.683
2026-08-18 11:40:00,44.56,44.6,44.56,44.6,1132.652
2026-08-18 11:45:00,44.59,44.61,44.57,44.58,402.538
2026-08-18 11:50:00,44.57,44.58,44.54,44.55,819.134
2026-08-18 11:55:00,44.55,44.57,44.54,44.56,319.091
2026-08-18 12:00:00,44.57,44.58,44.54,44.56,640.085
2026-08-18 12:05:00,44.55,44.58,44.54,44.55,516.061
2026-08-18 12:10:00,44.54,44.55,44.51,44.54,676.273
2026-08-18 12:15:00,44.53,44.54,44.5,44.5,460.987
2026-08-18 12:20:00,44.5,44.56,44.5,44.55,1434.113
2026-08-18 12:25:00,44.55,44.58,44.55,44.57,324.17
2026-08-18 12:30:00,44.58,44.59,44.56,44.58,367.761
2026-08-18 12:35:00,44.59,44.6,44.55,44.59,1093.02
2026-08-18 12:40:00,44.59,44.6,44.55,44.58,368.121
2026-08-18 12:45:00,44.57,44.59,44.55,44.59,953.392
2026-08-18 12:50:00,44.58,44.59,44.58,44.59,305.319
2026-08-18 12:55:00,44.59,44.59,44.54,44.55,401.124
2026-08-18 13:00:00,44.54,44.56,44.51,44.55,660.451
2026-08-18 13:05:00,44.56,44.56,44.5,44.51,645.757
2026-08-18 13:10:00,44.51,44.54,44.5,44.54,324.472
2026-08-18 13:15:00,44.54,44.55,44.51,44.55,910.983
2026-08-18 13:20:00,44.55,44.55,44.52,44.54,193.621
2026-08-18 13:25:00,44.55,44.59,44.54,44.57,568.137
2026-08-18 13:30:00,44.57,44.61,44.54,44.55,1306.508
2026-08-18 13:35:00,44.56,44.59,44.54,44.59,786.048
2026-08-18 13:40:00,44.58,44.59,44.55,44.56,265.567
2026-08-18 13:45:00,44.55,44.57,44.51,44.56,1449.511
2026-08-18 13:50:00,44.56,44.59,44.5,44.51,1379.989
2026-08-18 13:55:00,44.51,44.51,44.4,44.45,1578.948
2026-08-18 14:00:00,44.46,44.53,44.45,44.53,517.0
2026-08-18 14:05:00,44.53,44.54,44.47,44.47,663.467
2026-08-18 14:10:00,44.48,44.48,44.44,44.45,830.635
2026-08-18 14:15:00,44.46,44.57,44.45,44.57,276.621
2026-08-18 14:20:00,44.57,44.66,44.55,44.65,998.725
2026-08-18 14:25:00,44.65,44.75,44.64,44.74,754.866
2026-08-18 14:30:00,44.73,44.73,44.62,44.65,2322.584
2026-08-18 14:35:00,44.65,44.66,44.56,44.56,296.749
2026-08-18 14:40:00,44.57,44.57,44.5,44.51,1474.825
2026-08-18 14:45:00,44.51,44.53,44.47,44.49,917.962
2026-08-18 14:50:00,44.49,44.51,44.4,44.44,886.083
2026-08-18 14:55:00,44.44,44.44,44.37,44.4,741.199
2026-08-18 15:00:00,44.4,44.43,44.35,44.37,1183.788
2026-08-18 15:05:00,44.37,44.39,44.3,44.31,817.762
2026-08-18 15:10:00,44.31,44.33,44.29,44.32,545.635
2026-08-18 15:15:00,44.32,44.37,44.31,44.34,439.258
2026-08-18 15:20:00,44.34,44.37,44.32,44.36,961.586
2026-08-18 15:25:00,44.35,44.42,44.34,44.41,1585.815
2026-08-18 15:30:00,44.41,44.41,44.33,44.35,2025.948
2026-08-18 15:35:00,44.35,44.36,44.31,44.33,579.098
2026-08-18 15:40:00,44.33,44.34,44.27,44.27,1160.652
2026-08-18 15:45:00,44.27,44.34,44.26,44.31,1845.431
2026-08-18 15:50:00,44.3,44.31,44.18,44.22,4028.022
2026-08-18 15:55:00,44.22,44.23,44.19,44.22,593.194
2026-08-18 16:00:00,44.21,44.25,44.2,44.24,923.51
2026-08-18 16:05:00,44.25,44.34,44.25,44.31,902.006
2026-08-18 16:10:00,44.3,44.3,44.24,44.25,854.128
2026-08-18 16:15:00,44.24,44.26,44.23,44.26,370.23
2026-08-18 16:20:00,44.26,44.3,44.25,44.3,249.986
2026-08-18 16:25:00,44.3,44.31,44.28,44.3,726.049
2026-08-18 16:30:00,44.29,44.36,44.28,44.36,313.53
2026-08-18 16:35:00,44.36,44.42,44.36,44.41,444.866
2026-08-18 16:40:00,44.41,44.44,44.4,44.41,448.857
2026-08-18 16:45:00,44.41,44.47,44.41,44.45,866.613
2026-08-18 16:50:00,44.44,44.45,44.41,44.44,400.479
2026-08-18 16:55:00,44.43,44.44,44.41,44.44,585.117
2026-08-18 17:00:00,44.44,44.44,44.32,44.32,954.852
2026-08-18 17:05:00,44.32,44.33,44.29,44.32,771.013
2026-08-18 17:10:00,44.32,44.32,44.27,44.3,260.86
2026-08-18 17:15:00,44.3,44.31,44.28,44.3,261.229
2026-08-18 17:20:00,44.3,44.32,44.29,44.32,214.858
2026-08-18 17:25:00,44.32,44.33,44.31,44.33,138.763
2026-08-18 17:30:00,44.32,44.33,44.31,44.31,934.53
2026-08-18 17:35:00,44.31,44.33,44.28,44.32,404.906
2026-08-18 17:40:00,44.33,44.35,44.32,44.34,223.124
2026-08-18 17:45:00,44.34,44.35,44.28,44.31,410.399
2026-08-18 17:50:00,44.31,44.32,44.29,44.32,358.831
2026-08-18 17:55:00,44.31,44.33,44.29,44.32,349.894
2026-08-18 18:00:00,44.32,44.32,44.31,44.31,233.336
2026-08-18 18:05:00,44.32,44.36,44.31,44.34,549.25
2026-08-18 18:10:00,44.34,44.38,44.33,44.38,520.686
2026-08-18 18:15:00,44.38,44.44,44.37,44.42,381.333
2026-08-18 18:20:00,44.42,44.43,44.4,44.41,508.771
2026-08-18 18:25:00,44.41,44.48,44.41,44.48,441.812
2026-08-18 18:30:00,44.47,44.47,44.41,44.43,558.921
2026-08-18 18:35:00,44.43,44.45,44.4,44.45,404.999
2026-08-18 18:40:00,44.45,44.45,44.42,44.43,184.318
2026-08-18 18:45:00,44.43,44.53,44.42,44.52,2163.597
2026-08-18 18:50:00,44.51,44.52,44.48,44.48,519.243
2026-08-18 18:55:00,44.49,44.54,44.48,44.54,263.586
2026-08-18 19:00:00,44.54,44.54,44.5,44.52,350.068
2026-08-18 19:05:00,44.52,44.53,44.51,44.52,404.563
2026-08-18 19:10:00,44.51,44.52,44.5,44.52,350.671
2026-08-18 19:15:00,44.52,44.55,44.51,44.52,667.216
2026-08-18 19:20:00,44.53,44.56,44.53,44.56,156.939
2026-08-18 19:25:00,44.56,44.6,44.56,44.59,321.406
2026-08-18 19:30:00,44.59,44.6,44.56,44.59,778.616
2026-08-18 19:35:00,44.59,44.6,44.58,44.6,285.618
2026-08-18 19:40:00,44.6,44.61,44.53,44.54,2311.666
2026-08-18 19:45:00,44.53,44.58,44.53,44.58,378.757
2026-08-18 19:50:00,44.58,44.58,44.55,44.56,300.071
2026-08-18 19:55:00,44.56,44.57,44.53,44.54,183.114
2026-08-18 20:00:00,44.53,44.55,44.51,44.51,574.771
2026-08-18 20:05:00,44.51,44.56,44.5,44.54,603.386
2026-08-18 20:10:00,44.54,44.56,44.54,44.56,238.407
2026-08-18 20:15:00,44.56,44.57,44.54,44.54,750.143
2026-08-18 20:20:00,44.54,44.54,44.49,44.51,588.611
2026-08-18 20:25:00,44.51,44.51,44.45,44.49,2138.368
2026-08-18 20:30:00,44.5,44.57,44.49,44.56,980.882
2026-08-18 20:35:00,44.56,44.56,44.53,44.55,301.451
2026-08-18 20:40:00,44.55,44.56,44.53,44.53,809.437
2026-08-18 20:45:00,44.54,44.59,44.54,44.55,1260.435
2026-08-18 20:50:00,44.54,44.58,44.53,44.58,1263.729
2026-08-18 20:55:00,44.58,44.61,44.58,44.6,800.42
2026-08-18 21:00:00,44.6,44.62,44.58,44.61,988.257
2026-08-18 21:05:00,44.6,44.61,44.55,44.56,1712.762
2026-08-18 21:10:00,44.56,44.62,44.56,44.61,931.29
2026-08-18 21:15:00,44.6,44.61,44.53,44.54,2289.412
2026-08-18 21:20:00,44.53,44.56,44.51,44.52,540.767
2026-08-18 21:25:00,44.53,44.53,44.5,44.5,241.301
2026-08-18 21:30:00,44.51,44.51,44.49,44.5,233.052
2026-08-18 21:35:00,44.49,44.55,44.49,44.53,930.058
2026-08-18 21:40:00,44.53,44.53,44.48,44.48,670.41
2026-08-18 21:45:00,44.48,44.52,44.47,44.52,195.303
2026-08-18 21:50:00,44.52,44.52,44.49,44.52,440.039
2026-08-18 21:55:00,44.52,44.52,44.47,44.48,485.946
2026-08-18 22:00:00,44.49,44.49,44.43,44.43,811.445
2026-08-18 22:05:00,44.44,44.46,44.41,44.46,369.526
2026-08-18 22:10:00,44.46,44.48,44.45,44.45,337.609
2026-08-18 22:15:00,44.45,44.45,44.44,44.44,106.802
2026-08-18 22:20:00,44.45,44.45,44.44,44.44,139.535
2026-08-18 22:25:00,44.43,44.48,44.43,44.47,249.763
2026-08-18 22:30:00,44.48,44.48,44.46,44.47,73.022
2026-08-18 22:35:00,44.47,44.47,44.43,44.44,411.898
2026-08-18 22:40:00,44.43,44.44,44.38,44.4,833.436
2026-08-18 22:45:00,44.4,44.41,44.38,44.39,264.981
2026-08-18 22:50:00,44.38,44.39,44.38,44.38,55.491
2026-08-18 22:55:00,44.38,44.42,44.33,44.37,1586.711
2026-08-18 23:00:00,44.37,44.41,44.35,44.41,273.702
2026-08-18 23:05:00,44.41,44.42,44.4,44.41,152.092
2026-08-18 23:10:00,44.42,44.43,44.4,44.42,214.313
2026-08-18 23:15:00,44.41,44.42,44.41,44.42,63.077
2026-08-18 23:20:00,44.42,44.45,44.41,44.45,358.282
2026-08-18 23:25:00,44.45,44.46,44.43,44.44,202.201
2026-08-18 23:30:00,44.44,44.47,44.43,44.47,281.785
2026-08-18 23:35:00,44.47,44.5,44.46,44.49,489.972
2026-08-18 23:40:00,44.49,44.49,44.47,44.48,226.721
2026-08-18 23:45:00,44.47,44.63,44.46,44.52,3979.284
2026-08-18 23:50:00,44.52,44.52,44.3,44.31,2130.633
2026-08-18 23:55:00,44.3,44.39,44.27,44.38,2032.524
2026-08-19 00:00:00,44.39,44.4,44.35,44.36,678.539
2026-08-19 00:05:00,44.36,44.43,44.35,44.41,1004.093
2026-08-19 00:10:00,44.41,44.42,44.36,44.38,311.886
2026-08-19 00:15:00,44.37,44.37,44.35,44.36,216.858
2026-08-19 00:20:00,44.37,44.44,44.37,44.4,978.553
2026-08-19 00:25:00,44.4,44.4,44.37,44.37,109.326
2026-08-19 00:30:00,44.37,44.4,44.36,44.39,311.139
2026-08-19 00:35:00,44.4,44.43,44.39,44.43,454.844
2026-08-19 00:40:00,44.42,44.43,44.37,44.38,157.341
2026-08-19 00:45:00,44.37,44.45,44.37,44.45,132.804
2026-08-19 00:50:00,44.45,44.45,44.41,44.44,237.269
2026-08-19 00:55:00,44.45,44.45,44.37,44.37,318.64
2026-08-19 01:00:00,44.37,44.38,44.36,44.37,219.068
2026-08-19 01:05:00,44.37,44.41,44.36,44.39,196.381
2026-08-19 01:10:00,44.39,44.4,44.36,44.36,197.161
2026-08-19 01:15:00,44.36,44.38,44.35,44.38,175.469
2026-08-19 01:20:00,44.38,44.41,44.38,44.4,171.962
2026-08-19 01:25:00,44.39,44.42,44.38,44.42,258.259
2026-08-19 01:30:00,44.42,44.43,44.39,44.42,243.997
2026-08-19 01:35:00,44.43,44.43,44.41,44.42,220.04
2026-08-19 01:40:00,44.42,44.42,44.41,44.42,136.727
2026-08-19 01:45:00,44.42,44.43,44.41,44.42,130.22
2026-08-19 01:50:00,44.43,44.45,44.42,44.45,909.719
2026-08-19 01:55:00,44.45,44.47,44.43,44.44,146.995
2026-08-19 02:00:00,44.43,44.44,44.39,44.4,336.721
2026-08-19 02:05:00,44.39,44.39,44.36,44.37,351.489
2026-08-19 02:10:00,44.37,44.4,44.35,44.36,347.277
2026-08-19 02:15:00,44.36,44.36,44.34,44.35,55.069
2026-08-19 02:20:00,44.35,44.39,44.34,44.37,374.361
2026-08-19 02:25:00,44.38,44.42,44.38,44.42,236.117
2026-08-19 02:30:00,44.42,44.44,44.39,44.4,864.939
2026-08-19 02:35:00,44.4,44.42,44.39,44.4,222.62
2026-08-19 02:40:00,44.4,44.41,44.4,44.41,111.807
2026-08-19 02:45:00,44.41,44.42,44.38,44.38,201.962
2026-08-19 02:50:00,44.38,44.39,44.37,44.38,164.576
2026-08-19 02:55:00,44.37,44.41,44.37,44.4,349.036
2026-08-19 03:00:00,44.4,44.41,44.39,44.41,282.116
2026-08-19 03:05:00,44.41,44.41,44.38,44.41,340.552
2026-08-19 03:10:00,44.41,44.47,44.4,44.47,328.483
2026-08-19 03:15:00,44.47,44.55,44.47,44.55,251.685
2026-08-19 03:20:00,44.54,44.57,44.5,44.5,223.24
2026-08-19 03:25:00,44.51,44.54,44.5,44.53,225.275
2026-08-19 03:30:00,44.52,44.53,44.5,44.5,165.321
2026-08-19 03:35:00,44.5,44.53,44.5,44.53,82.207
2026-08-19 03:40:00,44.52,44.55,44.52,44.54,171.901
2026-08-19 03:45:00,44.54,44.54,44.51,44.52,383.025
2026-08-19 03:50:00,44.53,44.54,44.44,44.44,702.786
2026-08-19 03:55:00,44.44,44.44,44.39,44.4,404.676
2026-08-19 04:00:00,44.39,44.39,44.37,44.39,117.726
2026-08-19 04:05:00,44.39,44.39,44.38,44.39,203.971
2026-08-19 04:10:00,44.38,44.39,44.38,44.38,187.939
2026-08-19 04:15:00,44.39,44.42,44.38,44.42,349.32
2026-08-19 04:20:00,44.42,44.44,44.42,44.43,96.327
2026-08-19 04:25:00,44.43,44.44,44.43,44.44,184.753
2026-08-19 04:30:00,44.43,44.43,44.4,44.42,259.528
2026-08-19 04:35:00,44.42,44.44,44.41,44.42,333.247
2026-08-19 04:40:00,44.42,44.44,44.41,44.44,267.786
2026-08-19 04:45:00,44.44,44.45,44.37,44.4,1708.816
2026-08-19 04:50:00,44.41,44.41,44.39,44.39,161.996
2026-08-19 04:55:00,44.4,44.41,44.38,44.4,314.207
2026-08-19 05:00:00,44.4,44.44,44.39,44.44,279.704
2026-08-19 05:05:00,44.45,44.46,44.45,44.46,34.233
2026-08-19 05:10:00,44.45,44.48,44.45,44.46,1682.901
2026-08-19 05:15:00,44.47,44.47,44.43,44.44,365.197
2026-08-19 05:20:00,44.44,44.44,44.43,44.44,153.088
2026-08-19 05:25:00,44.44,44.47,44.43,44.46,332.042
2026-08-19 05:30:00,44.46,44.47,44.46,44.47,168.282
2026-08-19 05:35:00,44.47,44.48,44.46,44.47,182.789
2026-08-19 05:40:00,44.47,44.48,44.44,44.45,188.598
2026-08-19 05:45:00,44.45,44.45,44.41,44.42,323.046
2026-08-19 05:50:00,44.42,44.42,44.4,44.42,309.64
2026-08-19 05:55:00,44.41,44.46,44.4,44.41,685.146
2026-08-19 06:00:00,44.42,44.44,44.41,44.42,167.746
2026-08-19 06:05:00,44.42,44.43,44.4,44.41,389.606
2026-08-19 06:10:00,44.4,44.42,44.4,44.42,124.053
2026-08-19 06:15:00,44.42,44.47,44.41,44.47,481.904
2026-08-19 06:20:00,44.48,44.54,44.47,44.54,1434.678
2026-08-19 06:25:00,44.54,44.54,44.51,44.51,120.883
2026-08-19 06:30:00,44.5,44.51,44.46,44.48,644.71
2026-08-19 06:35:00,44.49,44.53,44.48,44.52,183.63
2026-08-19 06:40:00,44.53,44.55,44.52,44.54,1137.001
2026-08-19 06:45:00,44.54,44.55,44.51,44.52,1231.946
2026-08-19 06:50:00,44.53,44.53,44.51,44.51,164.694
2026-08-19 06:55:00,44.52,44.53,44.51,44.52,298.116
2026-08-19 07:00:00,44.52,44.53,44.49,44.49,377.736
2026-08-19 07:05:00,44.5,44.51,44.49,44.5,301.092
2026-08-19 07:10:00,44.49,44.56,44.49,44.53,734.632
2026-08-19 07:15:00,44.53,44.54,44.5,44.52,198.457
2026-08-19 07:20:00,44.52,44.54,44.51,44.54,242.061
2026-08-19 07:25:00,44.54,44.57,44.53,44.56,527.581
2026-08-19 07:30:00,44.57,44.6,44.55,44.6,720.472
2026-08-19 07:35:00,44.6,44.6,44.57,44.58,450.846
2026-08-19 07:40:00,44.58,44.58,44.53,44.53,339.511
2026-08-19 07:45:00,44.54,44.57,44.51,44.57,906.744
2026-08-19 07:50:00,44.57,44.59,44.54,44.59,934.559
2026-08-19 07:55:00,44.58,44.58,44.52,44.52,211.505
2026-08-19 08:00:00,44.52,44.53,44.49,44.51,462.368
2026-08-19 08:05:00,44.51,44.55,44.49,44.54,1167.1
2026-08-19 08:10:00,44.55,44.59,44.54,44.57,795.337
2026-08-19 08:15:00,44.57,44.61,44.56,44.61,647.357
2026-08-19 08:20:00,44.61,44.66,44.6,44.65,1302.78
2026-08-19 08:25:00,44.65,44.68,44.64,44.66,709.856
2026-08-19 08:30:00,44.66,44.68,44.65,44.67,337.613
2026-08-19 08:35:00,44.66,44.74,44.66,44.71,852.547
2026-08-19 08:40:00,44.72,44.8,44.7,44.76,3713.182
2026-08-19 08:45:00,44.77,44.92,44.77,44.84,8160.452
2026-08-19 08:50:00,44.84,44.98,44.84,44.95,3279.638
2026-08-19 08:55:00,44.95,45.0,44.94,44.97,2148.656
2026-08-19 09:00:00,44.97,45.05,44.96,45.03,2504.76
2026-08-19 09:05:00,45.02,45.07,44.98,45.0,1451.531
2026-08-19 09:10:00,45.0,45.05,45.0,45.01,819.489
2026-08-19 09:15:00,45.01,45.07,44.95,45.05,1078.373
2026-08-19 09:20:00,45.06,45.07,45.0,45.01,703.446
2026-08-19 09:25:00,45.0,45.0,44.93,44.95,1029.569
2026-08-19 09:30:00,44.95,45.0,44.95,44.98,829.382
2026-08-19 09:35:00,44.98,45.0,44.97,44.97,700.546
2026-08-19 09:40:00,44.97,44.98,44.88,44.89,971.081
2026-08-19 09:45:00,44.89,44.91,44.88,44.91,442.739
2026-08-19 09:50:00,44.9,44.91,44.88,44.89,160.925
2026-08-19 09:55:00,44.89,44.9,44.87,44.89,246.272
2026-08-19 10:00:00,44.9,44.9,44.85,44.89,598.354
2026-08-19 10:05:00,44.88,44.9,44.84,44.84,331.549
2026-08-19 10:10:00,44.84,44.84,44.79,44.79,992.025
2026-08-19 10:15:00,44.8,44.81,44.78,44.81,153.732
2026-08-19 10:20:00,44.8,44.84,44.8,44.82,255.186
2026-08-19 10:25:00,44.82,44.83,44.8,44.81,566.167
2026-08-19 10:30:00,44.82,44.83,44.81,44.83,120.113
2026-08-19 10:35:00,44.83,44.83,44.79,44.81,616.322
2026-08-19 10:40:00,44.8,44.81,44.79,44.81,227.524
2026-08-19 10:45:00,44.81,44.81,44.78,44.79,215.694
2026-08-19 10:50:00,44.8,44.83,44.79,44.82,494.123
2026-08-19 10:55:00,44.82,44.9,44.81,44.89,394.729
2026-08-19 11:00:00,44.89,44.9,44.88,44.88,382.621
2026-08-19 11:05:00,44.89,45.0,44.87,44.91,3592.497
2026-08-19 11:10:00,44.92,44.92,44.87,44.87,956.317
2026-08-19 11:15:00,44.87,44.87,44.81,44.84,967.189
2026-08-19 11:20:00,44.84,44.86,44.83,44.86,295.696
2026-08-19 11:25:00,44.86,44.86,44.78,44.8,1337.161
2026-08-19 11:30:00,44.8,44.86,44.8,44.86,406.315
2026-08-19 11:35:00,44.85,44.86,44.77,44.78,734.882
2026-08-19 11:40:00,44.77,44.8,44.77,44.8,569.362
2026-08-19 11:45:00,44.8,44.81,44.79,44.79,432.781
2026-08-19 11:50:00,44.8,44.84,44.79,44.84,725.164
2026-08-19 11:55:00,44.84,44.85,44.81,44.83,595.324
2026-08-19 12:00:00,44.83,44.89,44.82,44.84,1879.325
2026-08-19 12:05:00,44.85,44.86,44.83,44.86,513.856
2026-08-19 12:10:00,44.86,44.87,44.83,44.84,727.496
2026-08-19 12:15:00,44.85,44.85,44.82,44.83,515.704
2026-08-19 12:20:00,44.83,44.84,44.81,44.81,462.851
2026-08-19 12:25:00,44.82,44.83,44.81,44.81,431.378
2026-08-19 12:30:00,44.82,44.92,44.81,44.91,960.65
2026-08-19 12:35:00,44.92,44.98,44.9,44.93,834.632
2026-08-19 12:40:00,44.93,45.0,44.92,44.99,995.924
2026-08-19 12:45:00,44.99,45.0,44.94,44.99,886.975
2026-08-19 12:50:00,44.99,44.99,44.91,44.92,666.3
2026-08-19 12:55:00,44.92,44.94,44.9,44.92,392.398
2026-08-19 13:00:00,44.91,44.92,44.89,44.91,419.882
2026-08-19 13:05:00,44.91,44.95,44.91,44.92,1290.755
2026-08-19 13:10:00,44.93,44.93,44.87,44.88,1332.067
2026-08-19 13:15:00,44.87,44.9,44.87,44.89,432.051
2026-08-19 13:20:00,44.89,44.95,44.88,44.94,750.509
2026-08-19 13:25:00,44.94,45.03,44.91,45.02,408.562
2026-08-19 13:30:00,45.03,45.06,45.0,45.04,1163.546
2026-08-19 13:35:00,45.05,45.06,44.96,44.97,2080.314
2026-08-19 13:40:00,44.97,45.02,44.95,44.98,954.271
2026-08-19 13:45:00,44.98,44.99,44.94,44.95,852.437
2026-08-19 13:50:00,44.95,44.96,44.91,44.96,622.14
2026-08-19 13:55:00,44.96,44.97,44.93,44.95,1260.257
2026-08-19 14:00:00,44.96,45.01,44.94,45.01,1413.756
2026-08-19 14:05:00,45.01,45.05,44.99,45.05,1089.44
2026-08-19 14:10:00,45.05,45.09,45.05,45.08,1500.655
2026-08-19 14:15:00,45.09,45.09,44.97,44.99,1795.353
2026-08-19 14:20:00,45.0,45.05,45.0,45.05,938.248
2026-08-19 14:25:00,45.05,45.08,45.02,45.07,660.74
2026-08-19 14:30:00,45.06,45.12,45.05,45.12,2197.284
2026-08-19 14:35:00,45.12,45.18,45.12,45.17,757.602
2026-08-19 14:40:00,45.16,45.17,45.12,45.15,1409.037
2026-08-19 14:45:00,45.15,45.18,45.13,45.18,1309.537
2026-08-19 14:50:00,45.18,45.32,45.18,45.32,2064.018
2026-08-19 14:55:00,45.32,45.4,45.29,45.31,2775.204
2026-08-19 15:00:00,45.31,45.34,45.2,45.3,2396.643
2026-08-19 15:05:00,45.31,45.45,45.3,45.4,3332.438
2026-08-19 15:10:00,45.4,45.42,45.34,45.39,1528.765
2026-08-19 15:15:00,45.39,45.44,45.31,45.32,2819.284
2026-08-19 15:20:00,45.32,45.47,45.28,45.44,2485.317
2026-08-19 15:25:00,45.44,45.96,45.4,45.86,17292.92
2026-08-19 15:30:00,45.87,45.89,45.71,45.84,5307.261
2026-08-19 15:35:00,45.84,46.14,45.84,46.13,6184.944
2026-08-19 15:40:00,46.13,46.19,46.0,46.03,4634.484
2026-08-19 15:45:00,46.03,46.06,45.76,45.77,8161.628
2026-08-19 15:50:00,45.77,46.02,45.65,45.65,8490.191
2026-08-19 15:55:00,45.66,45.77,45.65,45.7,1756.528
2026-08-19 16:00:00,45.7,45.84,45.65,45.83,3239.156
2026-08-19 16:05:00,45.83,45.9,45.78,45.79,1311.593
2026-08-19 16:10:00,45.79,45.79,45.65,45.65,1488.608
2026-08-19 16:15:00,45.65,45.76,45.65,45.73,2136.268
2026-08-19 16:20:00,45.73,45.85,45.7,45.85,1311.244
2026-08-19 16:25:00,45.85,45.89,45.83,45.88,1548.088
2026-08-19 16:30:00,45.87,45.88,45.72,45.84,2855.68
2026-08-19 16:35:00,45.84,45.92,45.84,45.9,1455.41
2026-08-19 16:40:00,45.89,45.9,45.8,45.84,1395.883
2026-08-19 16:45:00,45.84,45.93,45.83,45.9,832.658
2026-08-19 16:50:00,45.91,45.94,45.85,45.88,1692.9
2026-08-19 16:55:00,45.88,45.9,45.82,45.83,1068.297
2026-08-19 17:00:00,45.83,45.85,45.73,45.76,753.552
2026-08-19 17:05:00,45.76,45.79,45.72,45.76,1632.371
2026-08-19 17:10:00,45.76,45.81,45.72,45.74,992.678
2026-08-19 17:15:00,45.73,45.77,45.61,45.63,857.553
2026-08-19 17:20:00,45.63,45.66,45.6,45.62,1508.214
2026-08-19 17:25:00,45.62,45.66,45.56,45.66,690.972
2026-08-19 17:30:00,45.67,45.69,45.59,45.63,584.35
2026-08-19 17:35:00,45.62,45.67,45.61,45.64,619.308
2026-08-19 17:40:00,45.64,45.69,45.59,45.67,1193.2
2026-08-19 17:45:00,45.67,45.77,45.67,45.73,1676.266
2026-08-19 17:50:00,45.72,45.76,45.72,45.75,566.806
2026-08-19 17:55:00,45.75,45.78,45.72,45.75,451.585
2026-08-19 18:00:00,45.75,45.83,45.7,45.77,1321.144
2026-08-19 18:05:00,45.78,45.79,45.66,45.68,590.065
2026-08-19 18:10:00,45.68,45.73,45.65,45.73,875.771
2026-08-19 18:15:00,45.72,45.77,45.72,45.76,393.566
2026-08-19 18:20:00,45.77,45.78,45.66,45.68,853.135
2026-08-19 18:25:00,45.67,45.78,45.67,45.77,610.823
2026-08-19 18:30:00,45.76,45.77,45.74,45.77,431.38
2026-08-19 18:35:00,45.76,45.81,45.75,45.8,724.742
2026-08-19 18:40:00,45.79,45.87,45.79,45.86,893.157
2026-08-19 18:45:00,45.87,45.88,45.75,45.87,926.964
2026-08-19 18:50:00,45.87,45.9,45.84,45.89,471.147
2026-08-19 18:55:00,45.89,45.91,45.86,45.9,1520.746
2026-08-19 19:00:00,45.89,45.93,45.87,45.88,1444.941
2026-08-19 19:05:00,45.88,45.93,45.88,45.9,1093.564
2026-08-19 19:10:00,45.89,45.96,45.8,45.81,1172.57
2026-08-19 19:15:00,45.82,45.95,45.82,45.93,521.474
2026-08-19 19:20:00,45.93,45.97,45.92,45.97,354.989
2026-08-19 19:25:00,45.96,45.97,45.86,45.95,1100.899
2026-08-19 19:30:00,45.96,45.99,45.94,45.98,780.792
2026-08-19 19:35:00,45.98,46.01,45.97,46.01,567.607
2026-08-19 19:40:00,46.01,46.02,45.99,46.0,318.275
2026-08-19 19:45:00,46.01,46.02,45.98,46.01,524.465
2026-08-19 19:50:00,46.0,46.03,46.0,46.02,1391.55
2026-08-19 19:55:00,46.01,46.07,46.01,46.04,577.728
2026-08-19 20:00:00,46.04,46.1,46.03,46.09,1696.279
2026-08-19 20:05:00,46.09,46.19,46.04,46.18,932.096
2026-08-19 20:10:00,46.18,46.2,46.16,46.19,1535.984
2026-08-19 20:15:00,46.19,46.19,46.14,46.16,933.419
2026-08-19 20:20:00,46.17,46.2,46.17,46.2,699.221
2026-08-19 20:25:00,46.2,46.23,46.16,46.19,932.418
2026-08-19 20:30:00,46.19,46.21,46.15,46.16,392.614
2026-08-19 20:35:00,46.16,46.22,46.14,46.18,1392.197
2026-08-19 20:40:00,46.19,46.21,46.12,46.13,1945.022
2026-08-19 20:45:00,46.13,46.13,46.07,46.13,1172.913
2026-08-19 20:50:00,46.13,46.89,46.13,46.68,16868.882
2026-08-19 20:55:00,46.67,46.68,46.55,46.62,2769.933
2026-08-19 21:00:00,46.63,46.89,46.32,46.8,8063.29
2026-08-19 21:05:00,46.8,47.19,46.7,47.09,12921.169
2026-08-19 21:10:00,47.09,47.21,46.73,46.97,13259.842
2026-08-19 21:15:00,46.98,47.01,46.77,46.79,1758.876
2026-08-19 21:20:00,46.79,46.86,46.74,46.78,2565.222
2026-08-19 21:25:00,46.77,46.94,46.74,46.87,2783.302
2026-08-19 21:30:00,46.87,46.95,46.78,46.89,2687.491
2026-08-19 21:35:00,46.88,46.9,46.7,46.71,1458.265
2026-08-19 21:40:00,46.71,46.84,46.69,46.84,995.395
2026-08-19 21:45:00,46.84,47.1,46.84,47.04,2178.186
2026-08-19 21:50:00,47.04,47.21,47.03,47.19,2752.982
2026-08-19 21:55:00,47.19,47.23,47.05,47.14,2404.053
2026-08-19 22:00:00,47.15,47.24,46.9,46.9,2122.908
2026-08-19 22:05:00,46.91,46.96,46.85,46.86,2056.671
2026-08-19 22:10:00,46.87,46.88,46.69,46.73,1447.806
2026-08-19 22:15:00,46.73,46.77,46.72,46.75,556.933
2026-08-19 22:20:00,46.75,46.76,46.69,46.7,635.2
2026-08-19 22:25:00,46.7,46.72,46.62,46.63,864.792
2026-08-19 22:30:00,46.63,46.66,46.46,46.52,1449.796
2026-08-19 22:35:00,46.52,46.67,46.46,46.66,1038.854
2026-08-19 22:40:00,46.65,46.71,46.63,46.64,730.609
2026-08-19 22:45:00,46.63,46.98,46.5,46.58,11837.536
2026-08-19 22:50:00,46.58,46.61,46.46,46.5,998.998
2026-08-19 22:55:00,46.51,46.65,46.49,46.65,646.724
2026-08-19 23:00:00,46.64,46.66,46.56,46.62,531.829
2026-08-19 23:05:00,46.63,46.7,46.6,46.67,930.988
2026-08-19 23:10:00,46.67,46.67,46.57,46.57,1387.663
2026-08-19 23:15:00,46.57,46.58,46.5,46.53,695.171
2026-08-19 23:20:00,46.53,46.53,46.5,46.51,1720.003
2026-08-19 23:25:00,46.52,46.65,46.51,46.65,584.163
2026-08-19 23:30:00,46.65,46.71,46.59,46.6,990.445
2026-08-19 23:35:00,46.61,46.7,46.61,46.69,545.662
2026-08-19 23:40:00,46.69,46.77,46.68,46.74,819.766
2026-08-19 23:45:00,46.73,46.74,46.64,46.64,1236.499
2026-08-19 23:50:00,46.64,46.72,46.64,46.71,692.505
2026-08-19 23:55:00,46.71,46.8,46.71,46.8,450.678
2026-08-20 00:00:00,46.8,46.92,46.79,46.88,778.592
2026-08-20 00:05:00,46.88,46.94,46.84,46.93,489.715
2026-08-20 00:10:00,46.93,46.96,46.83,46.87,1005.509
2026-08-20 00:15:00,46.87,46.99,46.86,46.99,971.232
2026-08-20 00:20:00,46.98,47.03,46.98,47.02,908.965
2026-08-20 00:25:00,47.01,47.06,46.97,46.97,523.162
2026-08-20 00:30:00,46.97,47.07,46.93,47.07,901.537
2026-08-20 00:35:00,47.07,47.09,47.01,47.09,537.236
2026-08-20 00:40:00,47.08,47.13,47.03,47.11,953.783
2026-08-20 00:45:00,47.12,47.29,47.11,47.27,1766.179
2026-08-20 00:50:00,47.28,47.29,47.07,47.16,1170.874
2026-08-20 00:55:00,47.15,47.15,47.05,47.09,1003.785
2026-08-20 01:00:00,47.1,47.19,47.08,47.14,598.189
2026-08-20 01:05:00,47.13,47.13,46.97,46.99,531.062
2026-08-20 01:10:00,46.98,47.03,46.9,47.0,410.505
2026-08-20 01:15:00,47.0,47.02,46.87,46.97,2201.99
2026-08-20 01:20:00,46.97,47.02,46.93,46.95,463.063
2026-08-20 01:25:00,46.96,47.02,46.95,46.98,992.213
2026-08-20 01:30:00,46.98,47.04,46.91,47.04,477.077
2026-08-20 01:35:00,47.04,47.07,47.0,47.04,578.065
2026-08-20 01:40:00,47.04,47.04,46.96,46.97,672.921
2026-08-20 01:45:00,46.98,47.09,46.97,47.08,765.341
2026-08-20 01:50:00,47.09,47.12,47.07,47.11,290.106
2026-08-20 01:55:00,47.11,47.12,47.07,47.1,186.187
2026-08-20 02:00:00,47.1,47.12,47.07,47.09,199.909
2026-08-20 02:05:00,47.08,47.12,47.05,47.12,265.708
2026-08-20 02:10:00,47.11,47.11,47.05,47.1,343.421
2026-08-20 02:15:00,47.09,47.1,47.03,47.07,920.383
2026-08-20 02:20:00,47.08,47.09,47.0,47.01,443.328
2026-08-20 02:25:00,47.01,47.02,46.98,47.0,527.31
2026-08-20 02:30:00,46.99,47.04,46.97,47.03,543.354
2026-08-20 02:35:00,47.03,47.05,46.95,46.97,387.771
2026-08-20 02:40:00,46.97,46.97,46.92,46.93,780.241
2026-08-20 02:45:00,46.92,46.94,46.91,46.94,91.411
2026-08-20 02:50:00,46.94,46.94,46.86,46.89,426.916
2026-08-20 02:55:00,46.88,46.88,46.77,46.79,388.31
2026-08-20 03:00:00,46.78,46.78,46.67,46.67,465.294
2026-08-20 03:05:00,46.67,46.7,46.54,46.57,2738.364
2026-08-20 03:10:00,46.56,46.6,46.48,46.59,1353.578
2026-08-20 03:15:00,46.59,46.73,46.59,46.73,456.958
2026-08-20 03:20:00,46.74,46.78,46.71,46.74,598.838
2026-08-20 03:25:00,46.74,46.74,46.63,46.64,410.82
2026-08-20 03:30:00,46.65,46.75,46.63,46.72,2679.26
2026-08-20 03:35:00,46.72,46.73,46.68,46.69,877.124
2026-08-20 03:40:00,46.68,46.74,46.68,46.73,1147.015
2026-08-20 03:45:00,46.74,46.81,46.74,46.8,314.924
2026-08-20 03:50:00,46.81,46.83,46.77,46.78,199.522
2026-08-20 03:55:00,46.78,46.79,46.75,46.75,326.49
2026-08-20 04:00:00,46.76,46.8,46.72,46.8,439.437
2026-08-20 04:05:00,46.8,46.88,46.79,46.88,369.846
2026-08-20 04:10:00,46.88,46.89,46.86,46.89,321.409
2026-08-20 04:15:00,46.89,46.93,46.88,46.88,717.092
2026-08-20 04:20:00,46.89,46.89,46.85,46.87,1663.204
2026-08-20 04:25:00,46.86,46.91,46.86,46.87,360.764
2026-08-20 04:30:00,46.87,46.87,46.77,46.78,577.714
2026-08-20 04:35:00,46.78,46.81,46.77,46.79,644.057
2026-08-20 04:40:00,46.78,46.87,46.77,46.85,1293.344
2026-08-20 04:45:00,46.85,46.88,46.83,46.86,355.819
2026-08-20 04:50:00,46.86,46.95,46.86,46.92,975.96
2026-08-20 04:55:00,46.92,46.93,46.86,46.89,1276.521
2026-08-20 05:00:00,46.89,46.91,46.87,46.87,400.776
2026-08-20 05:05:00,46.87,46.92,46.86,46.91,579.535
2026-08-20 05:10:00,46.9,46.91,46.84,46.85,225.63
2026-08-20 05:15:00,46.85,46.89,46.81,46.88,745.174
2026-08-20 05:20:00,46.88,46.88,46.84,46.87,224.417
2026-08-20 05:25:00,46.87,46.89,46.83,46.83,454.058
2026-08-20 05:30:00,46.84,46.87,46.83,46.86,106.217
2026-08-20 05:35:00,46.87,46.89,46.85,46.86,148.234
2026-08-20 05:40:00,46.85,46.86,46.84,46.86,149.649
2026-08-20 05:45:00,46.86,46.86,46.81,46.81,380.1
2026-08-20 05:50:00,46.82,46.82,46.74,46.78,723.502
2026-08-20 05:55:00,46.77,46.83,46.75,46.81,310.088
2026-08-20 06:00:00,46.81,46.86,46.81,46.84,376.725
2026-08-20 06:05:00,46.84,46.87,46.77,46.78,1401.458
2026-08-20 06:10:00,46.79,46.84,46.74,46.84,1251.482
2026-08-20 06:15:00,46.84,46.91,46.82,46.89,1857.836
2026-08-20 06:20:00,46.88,46.99,46.85,46.99,990.0
2026-08-20 06:25:00,46.98,47.01,46.97,46.98,402.93
2026-08-20 06:30:00,46.99,47.03,46.98,47.01,340.904
2026-08-20 06:35:00,47.01,47.05,47.0,47.02,788.339
2026-08-20 06:40:00,47.01,47.06,47.01,47.04,282.129
2026-08-20 06:45:00,47.04,47.05,46.95,46.96,384.354
2026-08-20 06:50:00,46.95,46.98,46.95,46.96,144.487
2026-08-20 06:55:00,46.96,46.99,46.95,46.99,322.602
2026-08-20 07:00:00,46.98,46.98,46.95,46.96,1084.837
2026-08-20 07:05:00,46.97,47.0,46.95,46.98,416.627
2026-08-20 07:10:00,46.98,47.0,46.95,46.96,809.713
2026-08-20 07:15:00,46.95,46.98,46.83,46.86,931.419
2026-08-20 07:20:00,46.85,46.89,46.83,46.84,741.334
2026-08-20 07:25:00,46.85,46.89,46.85,46.86,246.928
2026-08-20 07:30:00,46.85,46.86,46.8,46.85,843.212
2026-08-20 07:35:00,46.86,46.86,46.76,46.79,492.414
2026-08-20 07:40:00,46.79,46.79,46.72,46.75,437.192
2026-08-20 07:45:00,46.73,46.81,46.69,46.78,336.074
2026-08-20 07:50:00,46.79,46.85,46.77,46.83,640.683
2026-08-20 07:55:00,46.83,46.85,46.81,46.85,356.714
2026-08-20 08:00:00,46.85,46.9,46.83,46.87,515.216
2026-08-20 08:05:00,46.88,47.11,46.83,47.09,820.577
2026-08-20 08:10:00,47.09,47.37,47.06,47.37,3541.921
2026-08-20 08:15:00,47.36,47.57,47.34,47.47,2904.452
2026-08-20 08:20:00,47.47,47.48,47.26,47.31,2195.061
2026-08-20 08:25:00,47.31,47.41,47.27,47.39,1196.34
2026-08-20 08:30:00,47.39,47.39,47.26,47.31,1202.853
2026-08-20 08:35:00,47.31,47.42,47.26,47.39,1501.42
2026-08-20 08:40:00,47.39,47.47,47.37,47.47,514.308
2026-08-20 08:45:00,47.46,47.62,47.4,47.5,2685.842
2026-08-20 08:50:00,47.49,47.63,47.47,47.61,1827.268
2026-08-20 08:55:00,47.62,47.67,47.54,47.55,3135.33
2026-08-20 09:00:00,47.55,47.58,47.45,47.5,1153.784
2026-08-20 09:05:00,47.51,47.71,47.48,47.6,5269.122
2026-08-20 09:10:00,47.59,47.6,47.48,47.59,944.648
2026-08-20 09:15:00,47.59,47.61,47.54,47.54,1001.965
2026-08-20 09:20:00,47.53,47.53,47.2,47.53,9930.239
2026-08-20 09:25:00,47.52,47.52,47.42,47.46,1537.936
2026-08-20 09:30:00,47.45,47.5,47.37,47.41,897.796
2026-08-20 09:35:00,47.41,47.51,47.4,47.43,494.849
2026-08-20 09:40:00,47.42,47.45,47.35,47.39,1014.659
2026-08-20 09:45:00,47.38,47.41,47.3,47.32,2454.054
2026-08-20 09:50:00,47.32,47.32,47.2,47.22,1880.658
2026-08-20 09:55:00,47.22,47.23,47.15,47.2,1770.651
2026-08-20 10:00:00,47.2,47.33,47.16,47.29,1157.502
2026-08-20 10:05:00,47.29,47.33,47.27,47.31,1587.675
2026-08-20 10:10:00,47.31,47.41,47.29,47.4,1104.259
2026-08-20 10:15:00,47.39,47.52,47.38,47.51,1364.94
2026-08-20 10:20:00,47.51,47.59,47.4,47.47,4015.733
2026-08-20 10:25:00,47.47,47.47,47.4,47.44,745.361
2026-08-20 10:30:00,47.45,47.48,47.41,47.44,2010.314
2026-08-20 10:35:00,47.43,47.44,47.4,47.41,810.835
2026-08-20 10:40:00,47.41,47.42,47.35,47.36,641.098
2026-08-20 10:45:00,47.36,47.41,47.35,47.37,604.187
2026-08-20 10:50:00,47.36,47.38,47.33,47.34,420.009
2026-08-20 10:55:00,47.34,47.39,47.33,47.38,223.69
2026-08-20 11:00:00,47.38,47.42,47.33,47.4,977.17
2026-08-20 11:05:00,47.41,47.41,47.31,47.35,617.918
2026-08-20 11:10:00,47.34,47.34,47.25,47.31,1282.842
2026-08-20 11:15:00,47.31,47.32,47.27,47.31,375.089
2026-08-20 11:20:00,47.31,47.36,47.27,47.34,612.793
2026-08-20 11:25:00,47.35,47.4,47.34,47.35,311.859
2026-08-20 11:30:00,47.34,47.55,47.31,47.52,1706.936
2026-08-20 11:35:00,47.53,47.55,47.36,47.54,2402.014
2026-08-20 11:40:00,47.54,47.55,47.51,47.53,924.02
2026-08-20 11:45:00,47.52,47.58,47.51,47.56,1374.072
2026-08-20 11:50:00,47.55,47.55,47.43,47.43,796.338
2026-08-20 11:55:00,47.42,47.42,47.33,47.37,443.567
2026-08-20 12:00:00,47.37,47.42,47.3,47.31,1110.287
2026-08-20 12:05:00,47.3,47.32,47.12,47.18,1422.991
2026-08-20 12:10:00,47.19,47.34,47.19,47.27,649.163
2026-08-20 12:15:00,47.26,47.33,47.25,47.31,459.204
2026-08-20 12:20:00,47.3,47.35,47.27,47.35,889.003
2026-08-20 12:25:00,47.35,47.35,47.29,47.29,1110.643
2026-08-20 12:30:00,47.3,47.33,47.23,47.26,967.07
2026-08-20 12:35:00,47.26,47.34,47.21,47.34,1599.521
2026-08-20 12:40:00,47.34,47.41,47.28,47.3,1424.041
2026-08-20 12:45:00,47.3,47.31,47.2,47.26,563.164
2026-08-20 12:50:00,47.27,47.49,47.27,47.49,786.658
2026-08-20 12:55:00,47.49,47.5,47.46,47.46,280.287
2026-08-20 13:00:00,47.47,47.55,47.45,47.48,1326.114
2026-08-20 13:05:00,47.49,47.51,47.42,47.47,2142.001
2026-08-20 13:10:00,47.46,47.48,47.4,47.42,612.705
2026-08-20 13:15:00,47.42,47.42,47.31,47.32,942.335
2026-08-20 13:20:00,47.33,47.39,47.33,47.37,739.886
2026-08-20 13:25:00,47.36,47.36,47.27,47.36,783.489
2026-08-20 13:30:00,47.35,47.36,47.16,47.23,1600.748
2026-08-20 13:35:00,47.22,47.34,47.11,47.15,4377.804
2026-08-20 13:40:00,47.16,47.28,47.12,47.26,1046.969
2026-08-20 13:45:00,47.27,47.34,47.23,47.34,815.254
2026-08-20 13:50:00,47.34,47.42,47.25,47.39,1611.258
2026-08-20 13:55:00,47.39,47.44,47.38,47.41,860.759
2026-08-20 14:00:00,47.41,47.45,47.38,47.43,585.402
2026-08-20 14:05:00,47.42,47.45,47.38,47.4,959.803
2026-08-20 14:10:00,47.41,47.56,47.41,47.52,1248.721
2026-08-20 14:15:00,47.52,47.54,47.43,47.43,1749.44
2026-08-20 14:20:00,47.43,47.53,47.41,47.5,508.692
2026-08-20 14:25:00,47.51,47.52,47.41,47.47,603.965
2026-08-20 14:30:00,47.46,47.5,47.4,47.44,1393.066
2026-08-20 14:35:00,47.44,47.53,47.43,47.45,1920.998
2026-08-20 14:40:00,47.45,47.47,47.4,47.4,1112.728
2026-08-20 14:45:00,47.41,47.44,47.34,47.38,2675.561
2026-08-20 14:50:00,47.39,47.58,47.39,47.55,1417.839
2026-08-20 14:55:00,47.54,47.81,47.54,47.79,2163.625
2026-08-20 15:00:00,47.79,47.99,47.73,47.97,3161.458
2026-08-20 15:05:00,47.97,47.98,47.68,47.74,2916.027
2026-08-20 15:10:00,47.74,47.82,47.72,47.8,1256.576
2026-08-20 15:15:00,47.8,47.84,47.71,47.81,2846.214
2026-08-20 15:20:00,47.8,47.84,47.61,47.68,2864.231
2026-08-20 15:25:00,47.68,47.91,47.68,47.91,2159.286
2026-08-20 15:30:00,47.91,47.98,47.83,47.88,2205.788
2026-08-20 15:35:00,47.87,47.87,47.69,47.73,1640.948
2026-08-20 15:40:00,47.73,47.84,47.73,47.79,714.251
2026-08-20 15:45:00,47.8,47.9,47.75,47.88,2151.957
2026-08-20 15:50:00,47.87,48.07,47.85,48.06,8626.879
2026-08-20 15:55:00,48.07,48.24,47.98,48.03,5396.658
2026-08-20 16:00:00,48.03,48.04,47.77,47.83,2119.006
2026-08-20 16:05:00,47.83,47.94,47.83,47.94,1679.043
2026-08-20 16:10:00,47.93,47.93,47.78,47.78,2101.362
2026-08-20 16:15:00,47.79,47.82,47.72,47.77,2024.645
2026-08-20 16:20:00,47.77,47.81,47.7,47.73,980.278
2026-08-20 16:25:00,47.72,47.89,47.72,47.88,736.326
2026-08-20 16:30:00,47.89,48.0,47.81,47.93,898.696
2026-08-20 16:35:00,47.92,48.13,47.89,48.13,1425.634
2026-08-20 16:40:00,48.13,48.29,48.1,48.24,2814.004
2026-08-20 16:45:00,48.23,48.32,48.2,48.27,2356.066
2026-08-20 16:50:00,48.27,48.45,48.26,48.44,2127.622
2026-08-20 16:55:00,48.44,48.56,48.37,48.5,4368.103
2026-08-20 17:00:00,48.51,48.54,48.39,48.48,2089.557
2026-08-20 17:05:00,48.49,48.57,48.44,48.5,2404.232
2026-08-20 17:10:00,48.5,48.52,48.39,48.4,1810.639
2026-08-20 17:15:00,48.4,48.4,48.3,48.36,1160.347
2026-08-20 17:20:00,48.35,48.38,48.26,48.26,1067.535
2026-08-20 17:25:00,48.27,48.32,48.09,48.23,6213.459
2026-08-20 17:30:00,48.23,48.28,48.21,48.27,1302.512
2026-08-20 17:35:00,48.26,48.42,48.25,48.4,2008.699
2026-08-20 17:40:00,48.39,48.4,48.11,48.23,2310.614
2026-08-20 17:45:00,48.22,48.37,48.18,48.36,1050.411
2026-08-20 17:50:00,48.36,48.43,48.32,48.42,1770.899
2026-08-20 17:55:00,48.43,48.43,48.3,48.32,6745.408
2026-08-20 18:00:00,48.32,48.38,48.15,48.22,2143.868
2026-08-20 18:05:00,48.21,48.25,48.1,48.17,4054.609
2026-08-20 18:10:00,48.16,48.26,48.11,48.24,4074.649
2026-08-20 18:15:00,48.24,48.51,48.16,48.51,17909.091
2026-08-20 18:20:00,48.51,48.6,48.36,48.37,2844.793
2026-08-20 18:25:00,48.38,48.38,48.16,48.16,1606.544
2026-08-20 18:30:00,48.15,48.15,47.87,47.92,2507.068
2026-08-20 18:35:00,47.93,48.0,47.88,47.92,1093.916
2026-08-20 18:40:00,47.93,48.04,47.91,47.99,2232.884
2026-08-20 18:45:00,47.99,48.12,47.99,48.06,1224.339
2026-08-20 18:50:00,48.06,48.19,48.05,48.18,1142.248
2026-08-20 18:55:00,48.18,48.22,48.02,48.03,1138.107
2026-08-20 19:00:00,48.04,48.08,48.0,48.05,1002.811
2026-08-20 19:05:00,48.05,48.16,48.02,48.16,1201.269
2026-08-20 19:10:00,48.15,48.21,48.12,48.14,1523.255
2026-08-20 19:15:00,48.15,48.19,48.12,48.12,767.285
2026-08-20 19:20:00,48.12,48.17,48.04,48.14,793.211
2026-08-20 19:25:00,48.15,48.15,48.01,48.03,591.146
2026-08-20 19:30:00,48.02,48.02,47.91,47.98,780.876
2026-08-20 19:35:00,47.97,48.03,47.94,48.01,816.98
2026-08-20 19:40:00,48.01,48.04,47.97,47.97,2452.381
2026-08-20 19:45:00,47.97,47.97,47.88,47.93,1711.894
2026-08-20 19:50:00,47.93,47.94,47.89,47.9,667.747
2026-08-20 19:55:00,47.89,47.89,47.75,47.84,2930.001
2026-08-20 20:00:00,47.84,47.97,47.77,47.96,1396.391
2026-08-20 20:05:00,47.96,48.02,47.95,48.0,666.267
2026-08-20 20:10:00,48.01,48.04,47.96,48.0,508.502
2026-08-20 20:15:00,48.01,48.01,47.86,47.91,2561.313
2026-08-20 20:20:00,47.91,47.94,47.84,47.92,1083.501
2026-08-20 20:25:00,47.92,48.02,47.92,48.01,743.789
2026-08-20 20:30:00,48.02,48.18,48.02,48.17,826.958
2026-08-20 20:35:00,48.17,48.26,48.15,48.17,695.064
2026-08-20 20:40:00,48.16,48.17,48.06,48.16,1079.299
2026-08-20 20:45:00,48.15,48.2,48.14,48.17,1016.645
2026-08-20 20:50:00,48.17,48.17,48.04,48.06,766.33
2026-08-20 20:55:00,48.07,48.12,48.02,48.09,1085.562
2026-08-20 21:00:00,48.1,48.12,48.06,48.07,543.88
2026-08-20 21:05:00,48.08,48.17,48.04,48.16,961.523
2026-08-20 21:10:00,48.15,48.18,48.13,48.13,1242.793
2026-08-20 21:15:00,48.12,48.19,48.11,48.13,1317.27
2026-08-20 21:20:00,48.13,48.13,48.06,48.06,424.042
2026-08-20 21:25:00,48.05,48.12,48.02,48.03,655.59
2026-08-20 21:30:00,48.02,48.19,48.02,48.19,1010.231
2026-08-20 21:35:00,48.19,48.22,48.08,48.08,875.361
2026-08-20 21:40:00,48.07,48.18,48.07,48.14,1599.021
2026-08-20 21:45:00,48.14,48.16,48.1,48.1,545.997
2026-08-20 21:50:00,48.1,48.14,48.08,48.1,1365.866
2026-08-20 21:55:00,48.09,48.14,48.06,48.14,491.529
2026-08-20 22:00:00,48.13,48.14,48.02,48.02,1364.213
2026-08-20 22:05:00,48.03,48.08,48.02,48.06,421.013
2026-08-20 22:10:00,48.06,48.09,48.02,48.03,313.582
2026-08-20 22:15:00,48.02,48.02,47.92,47.93,564.874
2026-08-20 22:20:00,47.94,48.06,47.94,48.05,404.137
2026-08-20 22:25:00,48.04,48.05,47.99,48.0,334.099
2026-08-20 22:30:00,48.0,48.02,47.92,48.0,460.993
2026-08-20 22:35:00,48.0,48.02,47.91,47.96,1337.572
2026-08-20 22:40:00,47.95,47.95,47.91,47.91,338.415
2026-08-20 22:45:00,47.92,47.95,47.88,47.92,1295.87
2026-08-20 22:50:00,47.92,47.96,47.9,47.92,627.214
2026-08-20 22:55:00,47.92,47.93,47.77,47.83,1772.698
2026-08-20 23:00:00,47.84,47.85,47.68,47.75,2344.985
2026-08-20 23:05:00,47.75,47.8,47.74,47.79,583.924
2026-08-20 23:10:00,47.79,47.86,47.78,47.79,584.126
2026-08-20 23:15:00,47.8,47.83,47.77,47.81,517.357
2026-08-20 23:20:00,47.81,47.88,47.8,47.87,744.96
2026-08-20 23:25:00,47.87,48.02,47.87,48.0,1594.418
2026-08-20 23:30:00,48.0,48.12,47.99,47.99,1972.206
2026-08-20 23:35:00,47.99,48.03,47.91,47.92,1144.218
2026-08-20 23:40:00,47.92,47.93,47.87,47.89,569.227
2026-08-20 23:45:00,47.89,47.9,47.85,47.87,610.185
2026-08-20 23:50:00,47.87,47.91,47.85,47.91,207.13
2026-08-20 23:55:00,47.92,47.92,47.77,47.82,1118.723
2026-08-21 00:00:00,47.81,47.92,47.77,47.78,674.626
2026-08-21 00:05:00,47.78,47.96,47.78,47.92,634.284
2026-08-21 00:10:00,47.92,48.03,47.92,48.03,1584.514
2026-08-21 00:15:00,48.02,48.16,47.93,48.1,543.356
2026-08-21 00:20:00,48.09,48.16,48.03,48.11,806.853
2026-08-21 00:25:00,48.1,48.15,48.05,48.06,1837.654
2026-08-21 00:30:00,48.07,48.22,48.05,48.15,503.05
2026-08-21 00:35:00,48.14,48.14,47.96,48.02,587.725
2026-08-21 00:40:00,48.01,48.01,47.9,47.99,837.944
2026-08-21 00:45:00,47.99,48.09,47.94,48.05,600.37
2026-08-21 00:50:00,48.04,48.06,47.98,47.98,482.37
2026-08-21 00:55:00,47.98,48.04,47.93,47.96,2593.866
2026-08-21 01:00:00,47.96,48.08,47.95,48.03,1197.778
2026-08-21 01:05:00,48.02,48.11,47.98,48.11,383.805
2026-08-21 01:10:00,48.1,48.12,48.06,48.07,965.958
2026-08-21 01:15:00,48.06,48.35,48.03,48.24,2377.617
2026-08-21 01:20:00,48.24,48.25,47.94,48.05,1582.754
2026-08-21 01:25:00,48.04,48.12,48.0,48.11,730.385
2026-08-21 01:30:00,48.1,48.3,48.07,48.25,2145.913
2026-08-21 01:35:00,48.24,48.26,48.08,48.11,1362.842
2026-08-21 01:40:00,48.11,48.24,48.06,48.21,1585.405
2026-08-21 01:45:00,48.2,48.53,48.2,48.49,5503.699
2026-08-21 01:50:00,48.49,48.5,48.41,48.42,1359.592
2026-08-21 01:55:00,48.41,48.42,48.34,48.4,1641.428
2026-08-21 02:00:00,48.41,48.44,48.24,48.38,1115.779
2026-08-21 02:05:00,48.39,48.43,48.34,48.37,263.421
2026-08-21 02:10:00,48.38,48.38,48.2,48.29,889.932
2026-08-21 02:15:00,48.28,48.29,48.16,48.26,987.378
2026-08-21 02:20:00,48.25,48.25,48.16,48.19,633.169
2026-08-21 02:25:00,48.19,48.34,48.19,48.31,661.39
2026-08-21 02:30:00,48.32,48.35,48.13,48.25,507.758
2026-08-21 02:35:00,48.25,48.32,48.21,48.29,551.258
2026-08-21 02:40:00,48.3,48.33,48.27,48.27,567.642
2026-08-21 02:45:00,48.27,48.27,48.1,48.13,1341.031
2026-08-21 02:50:00,48.13,48.18,48.11,48.11,1063.104
2026-08-21 02:55:00,48.12,48.14,48.09,48.09,902.861
2026-08-21 03:00:00,48.09,48.16,48.08,48.11,1459.787
2026-08-21 03:05:00,48.11,48.11,47.97,48.03,2468.247
2026-08-21 03:10:00,48.03,48.16,48.01,48.07,2387.569
2026-08-21 03:15:00,48.06,48.12,48.03,48.11,1536.571
2026-08-21 03:20:00,48.1,48.2,48.09,48.2,824.584
2026-08-21 03:25:00,48.19,48.3,48.19,48.29,1414.929
2026-08-21 03:30:00,48.29,48.41,48.28,48.35,1098.371
2026-08-21 03:35:00,48.35,48.41,48.26,48.34,502.66
2026-08-21 03:40:00,48.33,48.36,48.29,48.3,239.018
2026-08-21 03:45:00,48.3,48.4,48.3,48.37,1067.324
2026-08-21 03:50:00,48.37,48.47,48.35,48.47,924.567
2026-08-21 03:55:00,48.46,48.47,48.32,48.32,534.03
2026-08-21 04:00:00,48.33,48.5,48.33,48.49,475.176
2026-08-21 04:05:00,48.49,48.5,48.39,48.43,580.788
2026-08-21 04:10:00,48.44,48.51,48.37,48.42,4027.002
2026-08-21 04:15:00,48.41,48.49,48.37,48.43,566.402
2026-08-21 04:20:00,48.44,48.57,48.41,48.49,595.034
2026-08-21 04:25:00,48.49,48.49,48.36,48.37,1780.034
2026-08-21 04:30:00,48.37,48.56,48.34,48.49,4907.602
2026-08-21 04:35:00,48.49,48.5,48.42,48.43,726.947
2026-08-21 04:40:00,48.42,48.69,48.41,48.64,6223.132
2026-08-21 04:45:00,48.64,48.67,48.61,48.66,1280.074
2026-08-21 04:50:00,48.65,48.68,48.65,48.67,424.328
2026-08-21 04:55:00,48.68,48.75,48.67,48.74,2336.532
2026-08-21 05:00:00,48.73,48.76,48.57,48.57,2393.234
2026-08-21 05:05:00,48.58,48.7,48.58,48.69,1412.103
2026-08-21 05:10:00,48.68,48.74,48.65,48.68,1236.239
2026-08-21 05:15:00,48.68,48.77,48.65,48.74,1590.965
2026-08-21 05:20:00,48.74,48.78,48.63,48.67,818.03
2026-08-21 05:25:00,48.67,48.67,48.5,48.59,1073.63
2026-08-21 05:30:00,48.6,48.66,48.55,48.61,334.648
2026-08-21 05:35:00,48.61,48.88,48.61,48.76,4448.045
2026-08-21 05:40:00,48.76,48.77,48.7,48.75,1190.986
2026-08-21 05:45:00,48.75,48.76,48.7,48.71,1245.161
2026-08-21 05:50:00,48.71,48.76,48.69,48.74,1681.301
2026-08-21 05:55:00,48.74,48.76,48.63,48.66,1904.275
2026-08-21 06:00:00,48.67,48.68,48.62,48.67,905.515
2026-08-21 06:05:00,48.68,48.75,48.65,48.73,1047.722
2026-08-21 06:10:00,48.73,48.73,48.62,48.63,947.02
2026-08-21 06:15:00,48.63,48.7,48.63,48.68,486.27
2026-08-21 06:20:00,48.68,48.73,48.53,48.59,1683.679
2026-08-21 06:25:00,48.59,48.73,48.58,48.67,2279.838
2026-08-21 06:30:00,48.67,48.82,48.67,48.82,1248.194
2026-08-21 06:35:00,48.82,48.95,48.78,48.93,2822.024
2026-08-21 06:40:00,48.94,48.98,48.9,48.93,2965.572
2026-08-21 06:45:00,48.93,48.97,48.77,48.96,3376.179
2026-08-21 06:50:00,48.96,48.96,48.78,48.78,1119.735
2026-08-21 06:55:00,48.79,48.87,48.74,48.86,593.1
2026-08-21 07:00:00,48.86,49.0,48.81,48.95,1988.546
2026-08-21 07:05:00,48.95,49.02,48.91,49.01,3024.758
2026-08-21 07:10:00,49.0,49.12,48.93,49.11,2021.325
2026-08-21 07:15:00,49.11,49.33,49.07,49.23,5558.662
2026-08-21 07:20:00,49.23,49.25,49.14,49.15,2324.221
2026-08-21 07:25:00,49.14,49.25,49.14,49.2,1821.789
2026-08-21 07:30:00,49.19,49.55,49.16,49.32,9693.889
2026-08-21 07:35:00,49.32,49.51,49.26,49.46,3305.21
2026-08-21 07:40:00,49.46,49.64,49.45,49.58,3493.032
2026-08-21 07:45:00,49.57,49.98,49.52,49.72,8581.195
2026-08-21 07:50:00,49.72,49.76,49.55,49.57,1990.117
2026-08-21 07:55:00,49.57,49.71,49.56,49.66,3089.897
2026-08-21 08:00:00,49.67,50.0,49.66,49.88,4683.581
2026-08-21 08:05:00,49.88,50.61,49.88,50.55,18542.29
2026-08-21 08:10:00,50.56,50.63,50.34,50.42,11597.263
2026-08-21 08:15:00,50.43,50.65,50.3,50.55,7043.671
2026-08-21 08:20:00,50.55,50.56,50.33,50.49,2882.656
2026-08-21 08:25:00,50.49,50.75,50.48,50.68,4480.694
2026-08-21 08:30:00,50.69,50.87,50.68,50.78,5941.883
2026-08-21 08:35:00,50.78,50.96,50.71,50.87,3153.068
2026-08-21 08:40:00,50.87,50.98,50.83,50.88,1674.115
2026-08-21 08:45:00,50.87,51.03,50.85,50.96,6231.544
2026-08-21 08:50:00,50.96,51.33,50.96,51.29,5229.149
2026-08-21 08:55:00,51.3,51.49,51.11,51.48,9501.737
2026-08-21 09:00:00,51.49,51.53,50.42,50.58,24109.312
2026-08-21 09:05:00,50.58,50.66,49.83,50.19,11869.12
2026-08-21 09:10:00,50.2,50.33,50.06,50.1,2653.642
2026-08-21 09:15:00,50.11,50.14,49.84,49.87,3500.789
2026-08-21 09:20:00,49.87,50.08,49.71,49.88,7035.707
2026-08-21 09:25:00,49.88,50.24,49.69,50.15,7270.46
2026-08-21 09:30:00,50.15,50.48,50.04,50.4,12083.577
2026-08-21 09:35:00,50.39,50.63,50.35,50.61,8321.015
2026-08-21 09:40:00,50.61,50.77,50.58,50.7,4637.92
2026-08-21 09:45:00,50.7,50.83,50.62,50.83,3552.974
2026-08-21 09:50:00,50.82,50.82,50.62,50.69,1560.038
2026-08-21 09:55:00,50.68,50.71,50.33,50.7,4731.212
2026-08-21 10:00:00,50.7,50.74,50.44,50.46,1714.117
2026-08-21 10:05:00,50.47,50.6,50.4,50.52,2523.526
2026-08-21 10:10:00,50.53,50.68,50.53,50.63,4327.619
2026-08-21 10:15:00,50.64,50.81,50.62,50.8,2709.447
2026-08-21 10:20:00,50.81,50.81,50.6,50.72,2006.534
2026-08-21 10:25:00,50.72,50.73,50.46,50.73,2226.695
2026-08-21 10:30:00,50.73,50.77,50.5,50.54,3506.534
2026-08-21 10:35:00,50.53,50.68,50.49,50.66,1735.399
2026-08-21 10:40:00,50.66,50.71,50.6,50.65,1196.625
2026-08-21 10:45:00,50.66,50.76,50.6,50.75,3461.865
2026-08-21 10:50:00,50.76,50.88,50.66,50.85,2080.498
2026-08-21 10:55:00,50.85,51.01,50.84,50.89,3000.749
2026-08-21 11:00:00,50.88,50.97,50.77,50.96,910.173
2026-08-21 11:05:00,50.96,51.04,50.84,50.85,3362.054
2026-08-21 11:10:00,50.85,50.93,50.54,50.8,3065.136
2026-08-21 11:15:00,50.8,50.81,50.62,50.69,2601.302
2026-08-21 11:20:00,50.68,50.88,50.63,50.75,2812.257
2026-08-21 11:25:00,50.74,50.75,50.63,50.67,1663.303
2026-08-21 11:30:00,50.68,50.73,50.18,50.21,3854.477
2026-08-21 11:35:00,50.22,50.47,50.19,50.37,2389.233
2026-08-21 11:40:00,50.36,50.41,50.21,50.23,3890.768
2026-08-21 11:45:00,50.24,50.28,49.97,50.11,5477.031
2026-08-21 11:50:00,50.12,50.36,50.05,50.28,1852.506
2026-08-21 11:55:00,50.29,50.32,50.11,50.21,2554.447
2026-08-21 12:00:00,50.21,50.33,50.12,50.21,1418.05
2026-08-21 12:05:00,50.22,50.44,50.2,50.4,1115.854
2026-08-21 12:10:00,50.39,50.44,50.22,50.4,1427.09
2026-08-21 12:15:00,50.4,50.42,50.3,50.36,1647.269
2026-08-21 12:20:00,50.36,50.38,50.23,50.37,1954.264
2026-08-21 12:25:00,50.36,50.44,50.31,50.38,1107.774
2026-08-21 12:30:00,50.39,50.41,50.24,50.33,2653.716
2026-08-21 12:35:00,50.33,50.64,50.33,50.64,2406.635
2026-08-21 12:40:00,50.64,50.71,50.62,50.68,803.188
2026-08-21 12:45:00,50.68,50.73,50.49,50.7,2443.25
2026-08-21 12:50:00,50.7,50.78,50.7,50.75,2369.454
2026-08-21 12:55:00,50.75,50.8,50.46,50.57,8662.354
2026-08-21 13:00:00,50.58,50.73,50.52,50.72,1822.829
2026-08-21 13:05:00,50.73,50.8,50.64,50.71,1447.481
2026-08-21 13:10:00,50.71,50.72,50.61,50.68,899.111
2026-08-21 13:15:00,50.68,50.69,50.49,50.56,1180.039
2026-08-21 13:20:00,50.55,50.55,50.48,50.55,469.235
2026-08-21 13:25:00,50.55,50.64,50.52,50.6,1289.627
2026-08-21 13:30:00,50.59,50.59,50.28,50.4,4183.447
2026-08-21 13:35:00,50.4,50.5,50.17,50.5,3480.762
2026-08-21 13:40:00,50.49,50.7,50.49,50.7,1802.194
2026-08-21 13:45:00,50.7,50.89,50.63,50.84,1604.988
2026-08-21 13:50:00,50.84,50.95,50.76,50.8,2384.526
2026-08-21 13:55:00,50.79,50.94,50.74,50.91,942.516
2026-08-21 14:00:00,50.92,50.93,50.68,50.68,1904.678
2026-08-21 14:05:00,50.68,50.93,50.67,50.84,1210.62
2026-08-21 14:10:00,50.85,50.93,50.72,50.79,1354.478
2026-08-21 14:15:00,50.8,50.88,50.59,50.6,1783.158
2026-08-21 14:20:00,50.6,50.82,50.54,50.79,2352.36
2026-08-21 14:25:00,50.8,51.1,50.79,51.04,3415.485
2026-08-21 14:30:00,51.05,51.17,51.02,51.15,2067.55
2026-08-21 14:35:00,51.15,51.2,50.91,50.91,3554.355
2026-08-21 14:40:00,50.92,51.12,50.89,51.1,1816.296
2026-08-21 14:45:00,51.1,51.33,51.07,51.32,2603.824
2026-08-21 14:50:00,51.31,51.48,51.31,51.4,2656.227
2026-08-21 14:55:00,51.41,51.53,51.4,51.49,1751.188
2026-08-21 15:00:00,51.5,51.58,51.46,51.5,2201.077
2026-08-21 15:05:00,51.5,51.72,51.44,51.71,2955.102
2026-08-21 15:10:00,51.71,51.79,51.54,51.78,2751.419
2026-08-21 15:15:00,51.78,51.89,51.62,51.71,5078.687
2026-08-21 15:20:00,51.71,51.88,51.64,51.88,4934.561
2026-08-21 15:25:00,51.88,52.01,51.74,51.79,3482.226
2026-08-21 15:30:00,51.79,52.05,51.55,51.62,3502.57
2026-08-21 15:35:00,51.62,51.86,51.55,51.82,2292.398
2026-08-21 15:40:00,51.82,52.07,51.8,52.03,2903.328
2026-08-21 15:45:00,52.02,52.06,51.73,51.79,3488.077
2026-08-21 15:50:00,51.79,51.97,51.76,51.77,2235.003
2026-08-21 15:55:00,51.77,51.93,51.73,51.83,2022.555
2026-08-21 16:00:00,51.84,51.94,51.65,51.67,2050.714
2026-08-21 16:05:00,51.67,51.73,51.25,51.36,9656.399
2026-08-21 16:10:00,51.35,51.46,51.14,51.14,6667.309
2026-08-21 16:15:00,51.13,51.49,51.1,51.46,4272.617
2026-08-21 16:20:00,51.45,51.59,51.37,51.57,2654.11
2026-08-21 16:25:00,51.58,51.78,51.56,51.78,2095.932
2026-08-21 16:30:00,51.78,51.86,51.68,51.86,2789.895
2026-08-21 16:35:00,51.86,51.99,51.76,51.93,1751.28
2026-08-21 16:40:00,51.93,52.02,51.78,51.97,2225.309
2026-08-21 16:45:00,51.97,52.23,51.97,52.13,4704.382
2026-08-21 16:50:00,52.13,52.21,51.95,51.95,1486.547
2026-08-21 16:55:00,51.94,52.11,51.81,51.82,3198.989
2026-08-21 17:00:00,51.83,51.98,51.81,51.93,2424.414
2026-08-21 17:05:00,51.93,52.04,51.91,51.94,3211.91
2026-08-21 17:10:00,51.94,51.95,51.67,51.78,2124.892
2026-08-21 17:15:00,51.77,51.77,51.45,51.47,2298.63
2026-08-21 17:20:00,51.47,51.47,51.22,51.23,3052.014
2026-08-21 17:25:00,51.24,51.57,51.24,51.57,1527.98
2026-08-21 17:30:00,51.56,51.58,51.45,51.58,968.316
2026-08-21 17:35:00,51.58,51.73,51.54,51.73,1239.611
2026-08-21 17:40:00,51.72,51.74,51.55,51.61,952.251
2026-08-21 17:45:00,51.62,51.77,51.58,51.7,3593.51
2026-08-21 17:50:00,51.71,51.79,51.63,51.66,978.608
2026-08-21 17:55:00,51.65,51.91,51.64,51.9,6216.41
2026-08-21 18:00:00,51.9,51.94,51.8,51.82,1206.495
2026-08-21 18:05:00,51.82,51.92,51.8,51.8,1840.54
2026-08-21 18:10:00,51.81,51.88,51.74,51.84,2057.648
2026-08-21 18:15:00,51.85,51.93,51.77,51.89,1805.012
2026-08-21 18:20:00,51.89,51.93,51.82,51.87,1202.944
2026-08-21 18:25:00,51.87,52.1,51.86,52.05,1806.158
2026-08-21 18:30:00,52.04,52.04,51.9,51.93,726.944
2026-08-21 18:35:00,51.92,51.92,51.75,51.87,1503.642
2026-08-21 18:40:00,51.87,51.87,51.63,51.67,3845.838
2026-08-21 18:45:00,51.66,51.67,51.45,51.48,11619.891
2026-08-21 18:50:00,51.48,51.65,51.47,51.61,1145.631
2026-08-21 18:55:00,51.61,51.67,51.55,51.64,1410.161
2026-08-21 19:00:00,51.64,51.65,51.29,51.31,7297.713
2026-08-21 19:05:00,51.31,51.61,51.31,51.61,1215.159
2026-08-21 19:10:00,51.61,51.79,51.57,51.79,1576.558
2026-08-21 19:15:00,51.79,51.92,51.65,51.77,2118.166
2026-08-21 19:20:00,51.77,51.9,51.71,51.9,565.267
2026-08-21 19:25:00,51.9,52.22,51.9,52.15,2665.889
2026-08-21 19:30:00,52.16,52.36,52.1,52.16,3706.32
2026-08-21 19:35:00,52.17,52.22,52.03,52.07,1554.151
2026-08-21 19:40:00,52.06,52.06,51.78,51.79,2069.244
2026-08-21 19:45:00,51.8,51.8,51.64,51.79,3072.201
2026-08-21 19:50:00,51.78,51.78,51.56,51.73,2767.63
2026-08-21 19:55:00,51.73,51.75,51.61,51.64,1678.502
2026-08-21 20:00:00,51.64,51.81,51.44,51.81,2133.553
2026-08-21 20:05:00,51.8,51.81,51.65,51.73,2779.265
2026-08-21 20:10:00,51.73,51.87,51.69,51.79,1005.594
2026-08-21 20:15:00,51.79,52.04,51.79,52.04,1744.804
2026-08-21 20:20:00,52.04,52.26,52.03,52.19,2209.201
2026-08-21 20:25:00,52.19,52.2,52.07,52.12,1009.232
2026-08-21 20:30:00,52.11,52.18,52.06,52.14,779.794
2026-08-21 20:35:00,52.13,52.19,52.05,52.09,1053.135
2026-08-21 20:40:00,52.08,52.36,52.08,52.27,1656.686
2026-08-21 20:45:00,52.27,52.35,52.19,52.34,1109.573
2026-08-21 20:50:00,52.34,52.4,52.28,52.38,2600.365
2026-08-21 20:55:00,52.37,52.4,52.23,52.38,3858.069
2026-08-21 21:00:00,52.37,52.47,52.32,52.47,1396.952
2026-08-21 21:05:00,52.46,52.47,52.05,52.12,2721.785
2026-08-21 21:10:00,52.12,52.44,52.12,52.35,3363.292
2026-08-21 21:15:00,52.36,52.43,52.35,52.38,995.987
2026-08-21 21:20:00,52.38,52.47,52.31,52.41,2334.409
2026-08-21 21:25:00,52.41,52.41,52.2,52.23,2163.078
2026-08-21 21:30:00,52.23,52.64,52.23,52.54,9595.728
2026-08-21 21:35:00,52.54,52.55,52.4,52.49,1546.373
2026-08-21 21:40:00,52.48,52.66,52.43,52.56,1300.989
2026-08-21 21:45:00,52.56,52.62,52.46,52.53,797.386
2026-08-21 21:50:00,52.53,52.67,52.42,52.67,1889.457
2026-08-21 21:55:00,52.67,52.8,52.6,52.68,3829.663
2026-08-21 22:00:00,52.68,53.02,52.51,52.96,9998.892
2026-08-21 22:05:00,52.96,53.29,52.92,53.26,5131.975
2026-08-21 22:10:00,53.27,53.31,53.04,53.12,2128.588
2026-08-21 22:15:00,53.13,53.27,52.89,53.23,4750.315
2026-08-21 22:20:00,53.24,53.52,53.05,53.39,4716.765
2026-08-21 22:25:00,53.39,53.46,53.29,53.38,2541.778
2026-08-21 22:30:00,53.38,53.38,52.74,53.13,3666.587
2026-08-21 22:35:00,53.12,53.31,53.08,53.27,1536.595
2026-08-21 22:40:00,53.28,53.68,53.26,53.59,8620.236
2026-08-21 22:45:00,53.58,54.07,53.45,54.03,15213.948
2026-08-21 22:50:00,54.03,54.19,53.87,54.09,4185.806
2026-08-21 22:55:00,54.09,54.09,53.75,53.79,3699.852
2026-08-21 23:00:00,53.8,53.95,53.68,53.78,4224.473
2026-08-21 23:05:00,53.78,53.78,53.46,53.59,3489.141
2026-08-21 23:10:00,53.58,53.62,53.42,53.5,1999.93
2026-08-21 23:15:00,53.5,53.59,53.38,53.53,2173.705
2026-08-21 23:20:00,53.52,53.76,53.43,53.61,2264.468
2026-08-21 23:25:00,53.6,53.64,53.39,53.53,1834.873
2026-08-21 23:30:00,53.53,53.67,53.42,53.49,3611.926
2026-08-21 23:35:00,53.49,53.5,53.23,53.27,1303.983
2026-08-21 23:40:00,53.27,53.37,53.0,53.2,2441.746
2026-08-21 23:45:00,53.2,53.29,53.1,53.1,1732.323
2026-08-21 23:50:00,53.09,53.15,52.93,53.13,1546.437
2026-08-21 23:55:00,53.12,53.22,53.08,53.17,1561.633
2026-08-22 00:00:00,53.17,53.26,52.9,53.05,2616.423
2026-08-22 00:05:00,53.04,53.04,52.68,52.97,3823.838
2026-08-22 00:10:00,52.96,53.18,52.9,53.17,1831.715
2026-08-22 00:15:00,53.17,53.34,53.13,53.34,1877.319
2026-08-22 00:20:00,53.34,53.51,53.31,53.51,1608.213
2026-08-22 00:25:00,53.51,53.58,53.34,53.36,1741.43
2026-08-22 00:30:00,53.36,53.53,53.34,53.42,1881.708
2026-08-22 00:35:00,53.42,53.63,53.4,53.57,5385.158
2026-08-22 00:40:00,53.56,53.6,53.42,53.49,2503.2
2026-08-22 00:45:00,53.49,53.62,53.4,53.61,2828.565
2026-08-22 00:50:00,53.61,53.66,53.46,53.52,1730.052
2026-08-22 00:55:00,53.51,53.89,53.51,53.87,1903.214
2026-08-22 01:00:00,53.86,54.0,53.84,53.99,1771.655
2026-08-22 01:05:00,53.99,54.16,53.55,53.73,9794.035
2026-08-22 01:10:00,53.74,53.83,53.57,53.58,2737.863
2026-08-22 01:15:00,53.58,53.8,53.57,53.68,1592.591
2026-08-22 01:20:00,53.68,53.89,53.68,53.8,2310.905
2026-08-22 01:25:00,53.8,53.9,53.52,53.72,4247.656
2026-08-22 01:30:00,53.71,54.0,53.71,53.92,1357.82
2026-08-22 01:35:00,53.92,53.92,53.74,53.78,3855.148
2026-08-22 01:40:00,53.78,53.92,53.53,53.55,6473.32
2026-08-22 01:45:00,53.55,53.69,53.16,53.26,16418.009
2026-08-22 01:50:00,53.27,53.31,53.11,53.24,2914.213
2026-08-22 01:55:00,53.24,53.43,53.06,53.18,2456.899
2026-08-22 02:00:00,53.19,53.45,53.18,53.4,2466.327
2026-08-22 02:05:00,53.4,53.47,53.37,53.42,648.342
2026-08-22 02:10:00,53.42,53.72,53.42,53.71,1897.549
2026-08-22 02:15:00,53.72,53.93,53.7,53.88,3153.445
2026-08-22 02:20:00,53.88,53.93,53.78,53.84,2138.815
2026-08-22 02:25:00,53.84,54.0,53.79,53.95,2694.274
2026-08-22 02:30:00,53.96,54.0,53.86,53.89,1699.475
2026-08-22 02:35:00,53.89,54.0,53.66,53.99,5270.049
2026-08-22 02:40:00,54.0,54.42,53.95,54.37,33694.743
2026-08-22 02:45:00,54.38,54.47,54.21,54.32,4367.483
2026-08-22 02:50:00,54.32,54.37,54.08,54.23,5621.394
2026-08-22 02:55:00,54.22,54.64,54.18,54.5,4032.342
2026-08-22 03:00:00,54.5,54.52,54.31,54.31,5779.509
2026-08-22 03:05:00,54.31,54.38,54.12,54.23,6012.37
2026-08-22 03:10:00,54.22,54.38,54.17,54.31,4287.758
2026-08-22 03:15:00,54.31,54.9,54.31,54.84,9191.41
2026-08-22 03:20:00,54.85,54.98,54.8,54.94,4867.897
2026-08-22 03:25:00,54.94,55.0,54.92,54.99,11482.656
2026-08-22 03:30:00,54.99,55.0,54.66,54.79,9083.234
2026-08-22 03:35:00,54.79,54.86,54.63,54.67,1746.245
2026-08-22 03:40:00,54.66,54.66,53.91,54.02,13420.18
2026-08-22 03:45:00,54.01,54.38,54.01,54.38,6510.393
2026-08-22 03:50:00,54.37,54.78,54.35,54.38,14333.737
2026-08-22 03:55:00,54.39,54.45,54.22,54.25,3103.261
2026-08-22 04:00:00,54.25,54.37,53.8,53.86,11873.702
2026-08-22 04:05:00,53.87,54.21,53.84,54.17,3807.653
2026-08-22 04:10:00,54.18,54.6,54.18,54.54,9334.01
2026-08-22 04:15:00,54.54,54.56,54.32,54.37,3306.414
2026-08-22 04:20:00,54.37,54.49,54.33,54.33,1302.847
2026-08-22 04:25:00,54.33,54.39,54.25,54.37,1600.276
2026-08-22 04:30:00,54.37,54.99,54.29,54.82,7596.465
2026-08-22 04:35:00,54.82,54.93,54.79,54.83,2051.279
2026-08-22 04:40:00,54.82,55.25,54.82,55.2,30132.589
2026-08-22 04:45:00,55.19,55.45,54.81,55.15,12972.936
2026-08-22 04:50:00,55.15,55.27,54.93,55.07,4917.282
2026-08-22 04:55:00,55.06,55.18,54.89,54.91,5621.204
2026-08-22 05:00:00,54.91,55.19,54.85,54.87,3722.167
2026-08-22 05:05:00,54.86,54.89,52.77,52.79,13978.012
2026-08-22 05:10:00,52.8,52.98,50.32,51.92,84378.638
2026-08-22 05:15:00,51.91,52.4,51.3,52.03,24056.259
2026-08-22 05:20:00,52.03,52.3,51.21,52.04,29660.651
2026-08-22 05:25:00,52.03,52.34,51.96,52.22,5245.711
2026-08-22 05:30:00,52.23,52.27,51.64,52.2,5383.215
2026-08-22 05:35:00,52.21,52.47,51.85,51.87,7635.715
2026-08-22 05:40:00,51.86,52.02,51.53,51.74,4279.946
2026-08-22 05:45:00,51.75,52.17,51.67,52.12,3933.851
2026-08-22 05:50:00,52.12,52.36,51.81,51.95,8003.713
2026-08-22 05:55:00,51.94,52.13,51.91,52.01,2660.847
2026-08-22 06:00:00,52.01,52.12,51.82,51.88,4410.971
2026-08-22 06:05:00,51.89,51.89,51.42,51.67,6387.263
2026-08-22 06:10:00,51.68,51.72,51.55,51.64,3913.309
2026-08-22 06:15:00,51.64,51.86,51.64,51.78,3242.926
2026-08-22 06:20:00,51.78,52.09,51.77,52.09,2188.376
2026-08-22 06:25:00,52.09,52.14,51.83,51.86,3129.099
2026-08-22 06:30:00,51.86,51.86,51.28,51.49,5679.693
2026-08-22 06:35:00,51.49,52.08,51.48,52.02,3014.328
2026-08-22 06:40:00,52.01,52.07,51.91,51.94,1265.17
2026-08-22 06:45:00,51.94,52.15,51.94,52.07,2081.058
2026-08-22 06:50:00,52.06,52.15,51.57,52.01,7415.065
2026-08-22 06:55:00,52.01,52.06,51.93,52.02,1360.682
2026-08-22 07:00:00,52.01,52.23,51.99,52.17,1723.663
2026-08-22 07:05:00,52.17,52.29,51.98,51.98,1636.152
2026-08-22 07:10:00,51.99,52.03,51.79,51.96,2208.195
2026-08-22 07:15:00,51.96,52.01,51.67,51.8,1944.068
2026-08-22 07:20:00,51.8,52.15,51.78,52.12,1859.419
2026-08-22 07:25:00,52.12,52.3,52.09,52.3,1143.178
2026-08-22 07:30:00,52.29,52.45,52.18,52.28,2074.415
2026-08-22 07:35:00,52.29,52.32,52.15,52.18,1440.194
2026-08-22 07:40:00,52.19,52.2,51.98,52.06,1180.527
2026-08-22 07:45:00,52.07,52.14,51.92,51.99,838.89
2026-08-22 07:50:00,51.98,52.07,51.89,52.04,1993.825
2026-08-22 07:55:00,52.05,52.07,51.9,51.93,1554.801
2026-08-22 08:00:00,51.94,52.06,51.72,51.72,2660.998
2026-08-22 08:05:00,51.72,52.01,51.72,51.93,1695.979
2026-08-22 08:10:00,51.93,52.16,51.93,52.08,1132.14
2026-08-22 08:15:00,52.08,52.08,51.75,51.76,932.366
2026-08-22 08:20:00,51.76,51.88,51.61,51.64,2489.863
2026-08-22 08:25:00,51.64,51.68,51.29,51.31,3988.721
2026-08-22 08:30:00,51.32,51.32,51.09,51.2,4534.118
2026-08-22 08:35:00,51.2,51.31,50.96,51.04,5483.166
2026-08-22 08:40:00,51.05,51.37,50.96,51.3,3485.739
2026-08-22 08:45:00,51.29,51.32,51.18,51.31,4533.192
2026-08-22 08:50:00,51.31,51.35,51.23,51.27,2092.701
2026-08-22 08:55:00,51.27,51.39,51.21,51.35,2370.936
2026-08-22 09:00:00,51.36,51.39,50.98,51.08,5080.594
2026-08-22 09:05:00,51.08,51.64,51.03,51.6,4329.267
2026-08-22 09:10:00,51.59,51.75,51.5,51.74,4611.086
2026-08-22 09:15:00,51.75,51.89,51.65,51.8,1592.072
2026-08-22 09:20:00,51.8,51.93,51.77,51.82,1929.191
2026-08-22 09:25:00,51.83,51.93,51.75,51.9,2486.774
2026-08-22 09:30:00,51.9,51.9,51.74,51.75,1223.515
2026-08-22 09:35:00,51.75,51.87,51.73,51.79,1901.828
2026-08-22 09:40:00,51.79,51.88,51.79,51.86,657.961
2026-08-22 09:45:00,51.86,51.87,51.5,51.59,2009.588
2026-08-22 09:50:00,51.59,51.7,51.53,51.64,1288.448
2026-08-22 09:55:00,51.64,51.71,51.55,51.68,2119.679
2026-08-22 10:00:00,51.69,51.71,51.24,51.41,3335.894
2026-08-22 10:05:00,51.4,51.42,51.07,51.16,3287.615
2026-08-22 10:10:00,51.16,51.24,51.02,51.05,3754.143
2026-08-22 10:15:00,51.06,51.07,50.72,50.77,8840.72
2026-08-22 10:20:00,50.77,50.85,50.49,50.58,3523.797
2026-08-22 10:25:00,50.58,51.0,50.52,50.98,3268.16
2026-08-22 10:30:00,50.99,51.03,50.57,50.96,9451.582
2026-08-22 10:35:00,50.96,51.22,50.96,51.18,2295.682
2026-08-22 10:40:00,51.18,51.33,51.16,51.3,792.237
2026-08-22 10:45:00,51.31,51.33,51.1,51.2,1737.751
2026-08-22 10:50:00,51.2,51.25,51.14,51.16,477.944
2026-08-22 10:55:00,51.16,51.33,51.07,51.32,1296.462
2026-08-22 11:00:00,51.32,51.33,51.02,51.18,2502.405
2026-08-22 11:05:00,51.19,51.29,51.12,51.14,745.001
2026-08-22 11:10:00,51.13,51.24,51.13,51.19,728.528
2026-08-22 11:15:00,51.18,51.2,51.06,51.09,1066.687
2026-08-22 11:20:00,51.09,51.21,51.07,51.1,963.583
2026-08-22 11:25:00,51.1,51.28,51.08,51.23,827.509
2026-08-22 11:30:00,51.23,51.39,51.2,51.3,1423.92
2026-08-22 11:35:00,51.3,51.43,51.27,51.37,1888.726
2026-08-22 11:40:00,51.38,51.51,51.35,51.46,1166.479
2026-08-22 11:45:00,51.47,51.48,51.31,51.33,1825.423
2026-08-22 11:50:00,51.33,51.37,51.29,51.34,775.259
2026-08-22 11:55:00,51.33,51.45,51.31,51.4,3088.885
2026-08-22 12:00:00,51.41,51.56,51.28,51.33,1434.068
2026-08-22 12:05:00,51.33,51.5,51.31,51.5,877.517
2026-08-22 12:10:00,51.5,51.67,51.5,51.65,2670.808
2026-08-22 12:15:00,51.66,51.71,51.55,51.61,1311.185
2026-08-22 12:20:00,51.62,51.73,51.62,51.66,1561.289
2026-08-22 12:25:00,51.65,51.7,51.57,51.67,982.362
2026-08-22 12:30:00,51.68,51.68,51.5,51.61,1388.384
2026-08-22 12:35:00,51.61,51.71,51.58,51.66,654.471
2026-08-22 12:40:00,51.66,51.81,51.66,51.81,2717.259
2026-08-22 12:45:00,51.8,51.85,51.75,51.79,1238.774
2026-08-22 12:50:00,51.79,51.79,51.62,51.69,769.823
2026-08-22 12:55:00,51.69,51.7,51.65,51.66,521.261
2026-08-22 13:00:00,51.66,51.67,51.49,51.61,1861.217
2026-08-22 13:05:00,51.61,51.96,51.61,51.9,2346.593
2026-08-22 13:10:00,51.91,51.92,51.74,51.77,1507.779
2026-08-22 13:15:00,51.77,51.96,51.67,51.69,997.505
2026-08-22 13:20:00,51.69,51.84,51.64,51.83,834.104
2026-08-22 13:25:00,51.83,51.95,51.8,51.85,1629.395
2026-08-22 13:30:00,51.85,51.92,51.72,51.73,1300.888
2026-08-22 13:35:00,51.73,51.88,51.64,51.79,1579.408
2026-08-22 13:40:00,51.8,51.83,51.74,51.81,935.383
2026-08-22 13:45:00,51.82,52.02,51.82,52.02,1511.094
2026-08-22 13:50:00,52.02,52.18,52.02,52.12,1849.891
2026-08-22 13:55:00,52.12,52.21,52.12,52.21,724.557
2026-08-22 14:00:00,52.21,52.28,52.05,52.07,2027.529
2026-08-22 14:05:00,52.07,52.08,51.64,51.91,7138.378
2026-08-22 14:10:00,51.91,52.01,51.74,51.83,2009.608
2026-08-22 14:15:00,51.83,51.95,51.73,51.9,1253.827
2026-08-22 14:20:00,51.91,52.05,51.84,51.96,1234.936
2026-08-22 14:25:00,51.96,52.05,51.86,52.02,1437.892
2026-08-22 14:30:00,52.02,52.19,51.94,52.19,818.823
2026-08-22 14:35:00,52.19,52.25,51.94,51.98,1873.567
2026-08-22 14:40:00,51.99,52.04,51.6,51.61,3409.165
2026-08-22 14:45:00,51.61,51.7,51.49,51.59,5018.489
2026-08-22 14:50:00,51.6,51.83,51.58,51.63,6348.038
2026-08-22 14:55:00,51.63,51.92,51.63,51.89,1212.978
2026-08-22 15:00:00,51.9,52.16,51.76,51.94,1764.048
2026-08-22 15:05:00,51.94,52.09,51.87,51.91,1693.047
2026-08-22 15:10:00,51.91,52.01,51.74,51.75,861.908
2026-08-22 15:15:00,51.75,51.9,51.63,51.68,1324.428
2026-08-22 15:20:00,51.68,51.73,51.44,51.68,2384.204
2026-08-22 15:25:00,51.68,51.79,51.61,51.78,1531.194
2026-08-22 15:30:00,51.79,52.03,51.74,51.99,2263.739
2026-08-22 15:35:00,52.0,52.13,51.9,52.0,2334.163
2026-08-22 15:40:00,52.0,52.02,51.89,51.97,1546.945
2026-08-22 15:45:00,51.97,52.0,51.84,51.92,3048.554
2026-08-22 15:50:00,51.93,51.93,51.78,51.9,1147.98
2026-08-22 15:55:00,51.91,52.0,51.88,51.94,2115.441
2026-08-22 16:00:00,51.94,52.08,51.82,52.06,2826.207
2026-08-22 16:05:00,52.06,52.2,51.91,51.91,1353.313
2026-08-22 16:10:00,51.91,52.03,51.75,52.03,1155.065
2026-08-22 16:15:00,52.03,52.33,52.0,52.29,1655.317
2026-08-22 16:20:00,52.29,52.33,52.2,52.32,1568.524
2026-08-22 16:25:00,52.33,52.36,52.26,52.28,1469.195
2026-08-22 16:30:00,52.28,52.46,52.2,52.2,2408.22
2026-08-22 16:35:00,52.2,52.42,52.16,52.39,968.557
2026-08-22 16:40:00,52.38,52.56,52.36,52.48,2783.944
2026-08-22 16:45:00,52.47,52.53,52.35,52.37,1123.883
2026-08-22 16:50:00,52.36,52.4,52.24,52.25,1395.469
2026-08-22 16:55:00,52.25,52.35,52.24,52.3,2170.486
2026-08-22 17:00:00,52.3,52.42,52.25,52.28,1432.086
2026-08-22 17:05:00,52.29,52.38,52.21,52.29,1209.5
2026-08-22 17:10:00,52.29,52.39,52.27,52.39,1290.44
2026-08-22 17:15:00,52.39,52.61,52.38,52.56,2178.224
2026-08-22 17:20:00,52.56,52.6,52.44,52.56,2322.393
2026-08-22 17:25:00,52.56,52.63,52.35,52.46,1470.836
2026-08-22 17:30:00,52.47,52.73,52.47,52.67,1347.274
2026-08-22 17:35:00,52.67,52.76,52.62,52.62,1416.418
2026-08-22 17:40:00,52.63,52.75,52.63,52.7,924.517
2026-08-22 17:45:00,52.7,52.71,52.62,52.67,1488.215
2026-08-22 17:50:00,52.67,52.73,52.64,52.66,805.823
2026-08-22 17:55:00,52.66,52.68,52.58,52.63,651.031
2026-08-22 18:00:00,52.62,52.7,52.59,52.67,1182.703
2026-08-22 18:05:00,52.68,52.75,52.61,52.65,831.226
2026-08-22 18:10:00,52.66,52.7,52.61,52.69,913.883
2026-08-22 18:15:00,52.69,52.78,52.69,52.73,1125.636
2026-08-22 18:20:00,52.72,52.97,52.72,52.94,1881.679
2026-08-22 18:25:00,52.94,53.02,52.82,52.85,1197.889
2026-08-22 18:30:00,52.86,52.98,52.83,52.95,1441.642
2026-08-22 18:35:00,52.94,52.95,52.8,52.82,1518.579
2026-08-22 18:40:00,52.82,52.92,52.78,52.84,917.803
2026-08-22 18:45:00,52.83,52.88,52.73,52.81,2164.282
2026-08-22 18:50:00,52.81,52.82,52.61,52.81,1342.546
2026-08-22 18:55:00,52.81,52.98,52.77,52.96,1924.096
2026-08-22 19:00:00,52.96,53.01,52.89,52.93,707.113
2026-08-22 19:05:00,52.93,52.98,52.81,52.92,945.91
2026-08-22 19:10:00,52.92,52.96,52.88,52.93,432.628
2026-08-22 19:15:00,52.94,52.99,52.91,52.93,1493.979
2026-08-22 19:20:00,52.93,53.0,52.88,52.96,711.576
2026-08-22 19:25:00,52.96,53.07,52.95,53.05,1153.867
2026-08-22 19:30:00,53.05,53.2,53.05,53.17,1445.742
2026-08-22 19:35:00,53.17,53.25,53.09,53.18,1790.902
2026-08-22 19:40:00,53.18,53.31,53.18,53.27,6479.566
2026-08-22 19:45:00,53.27,53.38,53.24,53.33,935.723
2026-08-22 19:50:00,53.32,53.73,53.32,53.48,7558.757
2026-08-22 19:55:00,53.48,53.48,53.2,53.2,871.321
2026-08-22 20:00:00,53.2,53.32,53.08,53.25,1248.815
2026-08-22 20:05:00,53.25,53.41,53.19,53.37,1798.389
2026-08-22 20:10:00,53.38,53.5,53.37,53.38,2743.312
2026-08-22 20:15:00,53.39,53.45,53.2,53.21,1346.858
2026-08-22 20:20:00,53.2,53.26,52.96,53.03,2681.642
2026-08-22 20:25:00,53.04,53.22,53.02,53.15,1363.314
2026-08-22 20:30:00,53.15,53.19,53.07,53.07,1266.623
2026-08-22 20:35:00,53.07,53.29,53.03,53.29,805.835
2026-08-22 20:40:00,53.29,53.36,53.14,53.22,1199.925
2026-08-22 20:45:00,53.22,53.24,53.0,53.01,1441.456
2026-08-22 20:50:00,53.01,53.01,52.83,52.86,2533.848
2026-08-22 20:55:00,52.85,52.95,52.78,52.94,2981.637
2026-08-22 21:00:00,52.93,52.93,52.57,52.61,5313.695
2026-08-22 21:05:00,52.61,52.77,52.61,52.74,540.175
2026-08-22 21:10:00,52.73,52.74,52.46,52.47,2167.302
2026-08-22 21:15:00,52.47,52.73,52.46,52.73,1008.323
2026-08-22 21:20:00,52.73,52.82,52.67,52.72,407.032
2026-08-22 21:25:00,52.71,52.81,52.67,52.75,464.335
2026-08-22 21:30:00,52.74,52.74,52.43,52.49,939.386
2026-08-22 21:35:00,52.5,52.51,52.2,52.33,832.429
2026-08-22 21:40:00,52.32,52.39,52.12,52.37,606.719
2026-08-22 21:45:00,52.37,52.37,52.09,52.18,1012.13
2026-08-22 21:50:00,52.17,52.18,51.87,52.02,1644.593
2026-08-22 21:55:00,52.03,52.07,51.88,51.97,826.832
2026-08-22 22:00:00,51.97,52.25,51.77,52.0,2003.716
2026-08-22 22:05:00,52.0,52.4,52.0,52.35,1003.288
2026-08-22 22:10:00,52.34,52.5,52.33,52.44,1156.466
2026-08-22 22:15:00,52.44,52.53,52.42,52.44,471.456
2026-08-22 22:20:00,52.45,52.59,52.45,52.53,654.972
2026-08-22 22:25:00,52.54,52.67,52.54,52.65,732.63
2026-08-22 22:30:00,52.65,52.66,52.4,52.55,1286.947
2026-08-22 22:35:00,52.55,52.74,52.48,52.49,1887.793
2026-08-22 22:40:00,52.5,52.66,52.5,52.55,785.55
2026-08-22 22:45:00,52.55,52.61,52.46,52.59,3459.978
2026-08-22 22:50:00,52.59,52.67,52.55,52.65,976.304
2026-08-22 22:55:00,52.64,52.67,52.54,52.58,766.983
2026-08-22 23:00:00,52.59,52.69,52.45,52.67,1215.476
2026-08-22 23:05:00,52.68,52.71,52.62,52.62,816.7
2026-08-22 23:10:00,52.62,52.66,52.5,52.58,592.386
2026-08-22 23:15:00,52.58,52.64,52.52,52.64,531.996
2026-08-22 23:20:00,52.65,52.69,52.4,52.42,849.697
2026-08-22 23:25:00,52.43,52.57,52.43,52.45,1370.958
2026-08-22 23:30:00,52.45,52.48,52.09,52.11,2698.01
2026-08-22 23:35:00,52.12,52.38,52.12,52.38,530.493
2026-08-22 23:40:00,52.37,52.41,52.34,52.39,601.471
2026-08-22 23:45:00,52.39,52.45,52.37,52.44,719.41
2026-08-22 23:50:00,52.43,52.55,52.43,52.54,1309.141
2026-08-22 23:55:00,52.55,52.55,52.45,52.45,640.023
2026-08-23 00:00:00,52.46,52.57,52.35,52.47,2768.409
2026-08-23 00:05:00,52.47,52.52,52.32,52.34,1634.598
2026-08-23 00:10:00,52.33,52.4,52.24,52.36,1069.543
2026-08-23 00:15:00,52.37,52.47,52.33,52.44,357.542
2026-08-23 00:20:00,52.43,52.47,52.37,52.43,1531.948
2026-08-23 00:25:00,52.43,52.6,52.42,52.54,1317.88
2026-08-23 00:30:00,52.54,52.67,52.54,52.59,679.318
2026-08-23 00:35:00,52.59,52.92,52.59,52.72,1883.098
2026-08-23 00:40:00,52.73,52.77,52.65,52.65,783.416
2026-08-23 00:45:00,52.65,52.79,52.6,52.78,825.915
2026-08-23 00:50:00,52.79,52.8,52.7,52.8,612.853
2026-08-23 00:55:00,52.8,52.85,52.76,52.77,718.04
2026-08-23 01:00:00,52.77,52.77,52.56,52.56,1112.621
2026-08-23 01:05:00,52.56,52.65,52.43,52.55,1079.224
2026-08-23 01:10:00,52.56,52.68,52.53,52.65,913.183
2026-08-23 01:15:00,52.65,52.66,52.39,52.43,688.611
2026-08-23 01:20:00,52.43,52.5,52.39,52.4,1359.778
2026-08-23 01:25:00,52.39,52.44,52.34,52.4,823.507
2026-08-23 01:30:00,52.41,52.51,52.32,52.39,2109.679
2026-08-23 01:35:00,52.38,52.38,52.31,52.33,1762.833
2026-08-23 01:40:00,52.33,52.42,52.24,52.41,2466.954
2026-08-23 01:45:00,52.4,52.48,52.28,52.28,1098.929
2026-08-23 01:50:00,52.28,52.3,52.21,52.21,345.885
2026-08-23 01:55:00,52.21,52.21,52.01,52.04,1971.786
2026-08-23 02:00:00,52.04,52.05,51.88,51.9,1419.602
2026-08-23 02:05:00,51.9,51.93,51.73,51.87,1084.949
2026-08-23 02:10:00,51.86,51.86,51.57,51.58,1510.161
2026-08-23 02:15:00,51.59,51.78,51.59,51.7,621.107
2026-08-23 02:20:00,51.69,51.7,51.5,51.55,2151.066
2026-08-23 02:25:00,51.55,51.6,51.38,51.54,1930.12
2026-08-23 02:30:00,51.54,51.73,51.51,51.72,750.502
2026-08-23 02:35:00,51.72,51.74,51.57,51.63,620.56
2026-08-23 02:40:00,51.64,51.71,51.6,51.65,642.826
2026-08-23 02:45:00,51.65,51.75,51.6,51.67,683.936
2026-08-23 02:50:00,51.67,51.92,51.58,51.62,3039.478
2026-08-23 02:55:00,51.62,51.62,51.54,51.56,683.838
2026-08-23 03:00:00,51.55,51.62,51.48,51.51,1315.601
2026-08-23 03:05:00,51.51,51.54,51.39,51.41,769.862
2026-08-23 03:10:00,51.41,51.52,51.33,51.45,855.181
2026-08-23 03:15:00,51.46,51.59,51.39,51.46,664.298
2026-08-23 03:20:00,51.47,51.47,51.21,51.28,1732.961
2026-08-23 03:25:00,51.28,51.32,51.22,51.22,384.815
2026-08-23 03:30:00,51.22,51.23,51.08,51.15,2071.625
2026-08-23 03:35:00,51.16,51.23,51.12,51.15,915.62
2026-08-23 03:40:00,51.14,51.21,51.08,51.12,992.421
2026-08-23 03:45:00,51.11,51.3,51.11,51.29,604.514
2026-08-23 03:50:00,51.28,51.29,51.22,51.24,465.301
2026-08-23 03:55:00,51.25,51.27,51.17,51.22,644.422
2026-08-23 04:00:00,51.21,51.27,51.07,51.13,983.074
2026-08-23 04:05:00,51.13,51.35,51.02,51.2,6589.813
2026-08-23 04:10:00,51.2,51.48,51.16,51.47,1382.056
2026-08-23 04:15:00,51.47,51.52,51.19,51.23,2890.893
2026-08-23 04:20:00,51.23,51.26,51.18,51.24,1065.809
2026-08-23 04:25:00,51.25,51.32,51.21,51.31,780.038
2026-08-23 04:30:00,51.31,51.32,51.15,51.19,527.805
2026-08-23 04:35:00,51.18,51.21,51.08,51.18,1796.302
2026-08-23 04:40:00,51.18,51.19,51.08,51.12,705.202
2026-08-23 04:45:00,51.13,51.13,50.7,50.82,36686.271
2026-08-23 04:50:00,50.81,51.19,50.79,51.19,1675.671
2026-08-23 04:55:00,51.18,51.23,51.12,51.13,1856.28
2026-08-23 05:00:00,51.12,51.29,51.08,51.2,1581.04
2026-08-23 05:05:00,51.2,51.29,50.96,51.06,1619.517
2026-08-23 05:10:00,51.05,51.24,50.9,50.92,2750.837
2026-08-23 05:15:00,50.92,51.1,50.62,51.1,3779.961
2026-08-23 05:20:00,51.11,51.23,50.99,51.23,2873.489
2026-08-23 05:25:00,51.24,51.34,51.14,51.24,1466.77
2026-08-23 05:30:00,51.24,51.34,51.1,51.13,677.76
2026-08-23 05:35:00,51.13,51.22,51.03,51.11,483.194
2026-08-23 05:40:00,51.12,51.52,51.01,51.03,6884.722
2026-08-23 05:45:00,51.03,51.1,50.89,51.08,1238.058
2026-08-23 05:50:00,51.08,51.1,50.88,50.92,1896.381
2026-08-23 05:55:00,50.92,50.92,50.74,50.75,1384.958
2026-08-23 06:00:00,50.75,50.84,50.68,50.83,1465.963
2026-08-23 06:05:00,50.82,50.85,50.7,50.75,2025.4
2026-08-23 06:10:00,50.74,51.0,50.74,50.93,709.092
2026-08-23 06:15:00,50.92,51.15,50.91,51.13,1884.981
2026-08-23 06:20:00,51.13,51.22,51.05,51.15,1674.186
2026-08-23 06:25:00,51.15,51.17,51.1,51.16,336.081
2026-08-23 06:30:00,51.16,51.39,51.16,51.32,407.801
2026-08-23 06:35:00,51.33,51.33,51.17,51.24,562.692
2026-08-23 06:40:00,51.24,51.3,51.22,51.27,234.989
2026-08-23 06:45:00,51.28,51.28,51.16,51.17,546.838
2026-08-23 06:50:00,51.18,51.2,51.15,51.17,440.578
2026-08-23 06:55:00,51.18,51.2,51.07,51.2,372.822
2026-08-23 07:00:00,51.2,51.22,51.11,51.2,1712.095
2026-08-23 07:05:00,51.19,51.38,51.19,51.36,865.688
2026-08-23 07:10:00,51.36,51.44,51.35,51.41,376.781
2026-08-23 07:15:00,51.41,51.49,51.41,51.45,912.201
2026-08-23 07:20:00,51.44,51.44,51.34,51.4,335.55
2026-08-23 07:25:00,51.4,51.44,51.34,51.35,443.39
2026-08-23 07:30:00,51.34,51.38,51.31,51.31,284.208
2026-08-23 07:35:00,51.31,51.36,51.24,51.36,603.088
2026-08-23 07:40:00,51.35,51.4,51.26,51.31,728.064
2026-08-23 07:45:00,51.31,51.39,51.2,51.3,821.382
2026-08-23 07:50:00,51.31,51.43,51.29,51.33,814.298
2026-08-23 07:55:00,51.33,51.34,51.21,51.24,660.45
2026-08-23 08:00:00,51.24,51.29,51.16,51.28,645.242
2026-08-23 08:05:00,51.29,51.49,51.28,51.45,1466.471
2026-08-23 08:10:00,51.45,51.6,51.45,51.57,1970.426
2026-08-23 08:15:00,51.56,51.83,51.55,51.8,937.253
2026-08-23 08:20:00,51.8,51.85,51.76,51.85,457.53
2026-08-23 08:25:00,51.85,51.89,51.79,51.79,999.627
2026-08-23 08:30:00,51.8,51.89,51.8,51.83,810.008
2026-08-23 08:35:00,51.83,51.87,51.77,51.77,2359.312
2026-08-23 08:40:00,51.78,51.93,51.77,51.85,1127.566
2026-08-23 08:45:00,51.85,51.88,51.77,51.77,500.152
2026-08-23 08:50:00,51.78,51.82,51.7,51.73,440.362
2026-08-23 08:55:00,51.73,51.79,51.7,51.74,1547.421
2026-08-23 09:00:00,51.75,51.87,51.71,51.85,571.01
2026-08-23 09:05:00,51.85,52.0,51.84,52.0,547.596
2026-08-23 09:10:00,51.99,51.99,51.87,51.9,555.222
2026-08-23 09:15:00,51.9,51.93,51.81,51.91,516.213
2026-08-23 09:20:00,51.91,51.91,51.73,51.77,533.646
2026-08-23 09:25:00,51.77,51.91,51.76,51.86,3036.048
2026-08-23 09:30:00,51.86,51.86,51.73,51.77,1223.61
2026-08-23 09:35:00,51.77,51.82,51.67,51.81,653.985
2026-08-23 09:40:00,51.82,51.83,51.77,51.8,468.125
2026-08-23 09:45:00,51.81,51.82,51.69,51.78,841.927
2026-08-23 09:50:00,51.78,51.88,51.78,51.83,584.842
2026-08-23 09:55:00,51.83,51.85,51.79,51.83,501.866
2026-08-23 10:00:00,51.82,51.91,51.82,51.9,568.851
2026-08-23 10:05:00,51.91,51.92,51.83,51.85,393.321
2026-08-23 10:10:00,51.85,51.98,51.83,51.96,1310.242
2026-08-23 10:15:00,51.95,51.97,51.91,51.95,561.309
2026-08-23 10:20:00,51.95,52.19,51.95,52.1,1017.21
2026-08-23 10:25:00,52.1,52.14,52.03,52.06,1023.176
2026-08-23 10:30:00,52.06,52.21,52.06,52.19,1622.436
2026-08-23 10:35:00,52.19,52.19,52.14,52.17,1225.276
2026-08-23 10:40:00,52.18,52.29,52.15,52.26,809.355
2026-08-23 10:45:00,52.26,52.29,52.21,52.22,1254.914
2026-08-23 10:50:00,52.22,52.23,52.1,52.13,883.332
2026-08-23 10:55:00,52.13,52.17,52.08,52.13,448.504
2026-08-23 11:00:00,52.14,52.19,52.08,52.1,602.292
2026-08-23 11:05:00,52.1,52.23,52.09,52.2,538.582
2026-08-23 11:10:00,52.21,52.24,52.18,52.21,769.317
2026-08-23 11:15:00,52.21,52.28,52.18,52.26,472.876
2026-08-23 11:20:00,52.26,52.48,52.25,52.47,1076.559
2026-08-23 11:25:00,52.47,52.47,52.28,52.3,384.018
2026-08-23 11:30:00,52.31,52.33,51.86,52.25,7120.1
2026-08-23 11:35:00,52.26,52.41,52.24,52.39,1463.971
2026-08-23 11:40:00,52.38,52.38,52.26,52.3,424.392
2026-08-23 11:45:00,52.29,52.38,52.21,52.23,2131.486
2026-08-23 11:50:00,52.22,52.33,52.21,52.3,1079.164
2026-08-23 11:55:00,52.3,52.33,52.25,52.29,777.026
2026-08-23 12:00:00,52.28,52.3,52.23,52.24,585.031
2026-08-23 12:05:00,52.23,52.25,52.01,52.19,1033.142
2026-08-23 12:10:00,52.19,52.2,52.09,52.19,781.27
2026-08-23 12:15:00,52.18,52.32,52.15,52.28,1181.368
2026-08-23 12:20:00,52.27,52.33,52.26,52.27,345.377
2026-08-23 12:25:00,52.27,52.29,52.17,52.22,1734.202
2026-08-23 12:30:00,52.23,52.39,52.23,52.36,736.588
2026-08-23 12:35:00,52.35,52.42,52.33,52.37,845.914
2026-08-23 12:40:00,52.38,52.47,52.37,52.46,789.127
2026-08-23 12:45:00,52.45,52.45,52.33,52.33,1097.145
2026-08-23 12:50:00,52.33,52.36,52.3,52.32,724.495
2026-08-23 12:55:00,52.32,52.58,52.32,52.54,2668.102
2026-08-23 13:00:00,52.54,52.6,52.48,52.48,11601.721
2026-08-23 13:05:00,52.49,52.51,52.44,52.47,867.963
2026-08-23 13:10:00,52.48,52.49,52.41,52.43,475.028
2026-08-23 13:15:00,52.43,52.84,52.43,52.76,6376.808
2026-08-23 13:20:00,52.76,52.77,52.53,52.64,1632.928
2026-08-23 13:25:00,52.63,52.66,52.56,52.58,680.092
2026-08-23 13:30:00,52.57,52.68,52.53,52.62,651.594
2026-08-23 13:35:00,52.61,52.8,52.57,52.8,1044.464
2026-08-23 13:40:00,52.8,52.84,52.71,52.8,1293.839
2026-08-23 13:45:00,52.8,52.9,52.75,52.86,1349.439
2026-08-23 13:50:00,52.86,53.0,52.86,52.98,1905.772
2026-08-23 13:55:00,52.98,53.09,52.94,53.0,2609.648
2026-08-23 14:00:00,53.01,53.15,53.01,53.04,1067.774
2026-08-23 14:05:00,53.04,53.05,52.87,53.01,1808.382
2026-08-23 14:10:00,53.02,53.2,53.01,53.12,627.31
2026-08-23 14:15:00,53.12,53.15,53.08,53.11,1279.821
2026-08-23 14:20:00,53.11,53.16,53.05,53.08,923.643
2026-08-23 14:25:00,53.09,53.16,53.03,53.05,559.678
2026-08-23 14:30:00,53.05,53.09,53.0,53.02,500.797
2026-08-23 14:35:00,53.02,53.04,52.75,52.75,2206.323
2026-08-23 14:40:00,52.75,52.8,51.68,52.09,14909.599
2026-08-23 14:45:00,52.09,52.29,51.96,52.07,10438.331
2026-08-23 14:50:00,52.07,52.2,52.01,52.13,2031.151
2026-08-23 14:55:00,52.13,52.15,52.05,52.13,720.944
2026-08-23 15:00:00,52.13,52.16,51.85,52.1,1651.84
2026-08-23 15:05:00,52.1,52.17,51.92,52.08,1499.337
2026-08-23 15:10:00,52.07,52.1,51.9,51.91,572.958
2026-08-23 15:15:00,51.92,51.96,51.66,51.71,2812.612
2026-08-23 15:20:00,51.71,52.05,51.71,52.01,954.869
2026-08-23 15:25:00,52.02,52.07,51.97,52.0,421.499
2026-08-23 15:30:00,52.01,52.15,52.01,52.12,648.783
2026-08-23 15:35:00,52.12,52.3,52.12,52.28,1105.902
2026-08-23 15:40:00,52.28,52.28,52.2,52.25,1729.583
2026-08-23 15:45:00,52.25,52.25,52.15,52.16,770.364
2026-08-23 15:50:00,52.16,52.21,52.04,52.05,613.744
2026-08-23 15:55:00,52.05,52.09,51.99,52.02,1441.712
2026-08-23 16:00:00,52.03,52.18,52.03,52.16,426.097
2026-08-23 16:05:00,52.16,52.17,51.93,51.93,1243.534
2026-08-23 16:10:00,51.94,52.06,51.94,52.02,1273.375
2026-08-23 16:15:00,52.02,52.02,51.92,51.96,815.674
2026-08-23 16:20:00,51.96,52.07,51.91,52.02,1186.415
2026-08-23 16:25:00,52.02,52.03,51.97,52.02,455.525
2026-08-23 16:30:00,52.02,52.19,51.99,52.18,791.656
2026-08-23 16:35:00,52.18,52.19,52.1,52.14,563.77
2026-08-23 16:40:00,52.14,52.2,52.12,52.15,1081.809
2026-08-23 16:45:00,52.15,52.19,52.11,52.12,455.589
2026-08-23 16:50:00,52.12,52.21,52.12,52.18,643.459
2026-08-23 16:55:00,52.19,52.3,52.17,52.29,680.411
2026-08-23 17:00:00,52.29,52.35,52.08,52.21,1581.735
2026-08-23 17:05:00,52.2,52.4,52.2,52.39,1992.86
2026-08-23 17:10:00,52.39,52.41,52.35,52.37,472.219
2026-08-23 17:15:00,52.36,52.5,52.24,52.49,1078.469
2026-08-23 17:20:00,52.49,52.5,52.41,52.42,793.25
2026-08-23 17:25:00,52.42,52.45,52.31,52.36,798.095
2026-08-23 17:30:00,52.35,52.39,52.21,52.35,1063.933
2026-08-23 17:35:00,52.35,52.43,52.33,52.34,451.845
2026-08-23 17:40:00,52.34,52.38,52.3,52.34,621.724
2026-08-23 17:45:00,52.34,52.45,52.31,52.33,459.067
2026-08-23 17:50:00,52.32,52.39,52.29,52.3,493.568
2026-08-23 17:55:00,52.31,52.36,52.29,52.35,441.187
2026-08-23 18:00:00,52.35,52.37,52.28,52.36,1176.047
2026-08-23 18:05:00,52.35,52.35,52.24,52.3,698.574
2026-08-23 18:10:00,52.3,52.46,52.29,52.43,1696.072
2026-08-23 18:15:00,52.43,52.44,52.31,52.32,852.031
2026-08-23 18:20:00,52.32,52.34,52.24,52.28,599.725
2026-08-23 18:25:00,52.28,52.4,52.28,52.38,249.548
2026-08-23 18:30:00,52.38,52.4,52.29,52.29,376.727
2026-08-23 18:35:00,52.3,52.38,52.3,52.31,368.27
2026-08-23 18:40:00,52.31,52.37,52.29,52.35,387.228
2026-08-23 18:45:00,52.36,52.39,52.3,52.34,1621.606
2026-08-23 18:50:00,52.35,52.5,52.35,52.37,988.369
2026-08-23 18:55:00,52.36,52.45,52.36,52.43,413.106
2026-08-23 19:00:00,52.42,52.43,52.33,52.33,912.512
2026-08-23 19:05:00,52.34,52.35,52.17,52.18,626.186
2026-08-23 19:10:00,52.19,52.2,52.06,52.14,1044.051
2026-08-23 19:15:00,52.15,52.17,52.09,52.15,1143.23
2026-08-23 19:20:00,52.15,52.23,52.15,52.21,556.643
2026-08-23 19:25:00,52.22,52.22,52.15,52.21,933.481
2026-08-23 19:30:00,52.21,52.21,52.06,52.21,525.06
2026-08-23 19:35:00,52.2,52.29,52.16,52.28,367.367
2026-08-23 19:40:00,52.29,52.44,52.26,52.4,1849.026
2026-08-23 19:45:00,52.4,52.48,52.33,52.35,717.561
2026-08-23 19:50:00,52.34,52.35,52.32,52.33,278.756
2026-08-23 19:55:00,52.33,52.34,52.3,52.3,336.802
2026-08-23 20:00:00,52.31,52.38,52.17,52.18,2006.913
2026-08-23 20:05:00,52.18,52.28,52.17,52.28,284.875
2026-08-23 20:10:00,52.28,52.34,52.22,52.32,1252.052
2026-08-23 20:15:00,52.33,52.46,52.31,52.41,430.261
2026-08-23 20:20:00,52.41,52.45,52.36,52.42,911.268
2026-08-23 20:25:00,52.42,52.48,52.42,52.46,364.083
2026-08-23 20:30:00,52.45,52.45,52.28,52.34,2055.377
2026-08-23 20:35:00,52.33,52.33,52.29,52.32,366.1
2026-08-23 20:40:00,52.32,52.32,52.23,52.3,689.934
2026-08-23 20:45:00,52.3,52.32,52.26,52.3,296.767
2026-08-23 20:50:00,52.29,52.37,52.29,52.36,793.252
2026-08-23 20:55:00,52.36,52.42,52.34,52.37,415.737
2026-08-23 21:00:00,52.37,52.64,52.36,52.64,660.589
2026-08-23 21:05:00,52.63,52.65,52.53,52.61,363.919
2026-08-23 21:10:00,52.61,52.69,52.57,52.63,1046.87
2026-08-23 21:15:00,52.64,52.74,52.64,52.7,591.257
2026-08-23 21:20:00,52.71,52.72,52.63,52.64,517.022
2026-08-23 21:25:00,52.65,52.8,52.63,52.8,856.205
2026-08-23 21:30:00,52.79,52.83,52.73,52.75,2109.395
2026-08-23 21:35:00,52.74,52.74,52.53,52.61,1091.34
2026-08-23 21:40:00,52.61,52.64,52.57,52.58,580.153
2026-08-23 21:45:00,52.58,52.66,52.55,52.66,663.545
2026-08-23 21:50:00,52.66,52.71,52.61,52.67,428.838
2026-08-23 21:55:00,52.67,52.68,52.44,52.45,1242.691
2026-08-23 22:00:00,52.45,52.64,52.18,52.28,2044.961
2026-08-23 22:05:00,52.29,52.33,52.18,52.32,619.099
2026-08-23 22:10:00,52.32,52.4,52.3,52.39,671.59
2026-08-23 22:15:00,52.38,52.41,52.24,52.39,1957.711
2026-08-23 22:20:00,52.39,52.44,52.28,52.44,736.435
2026-08-23 22:25:00,52.44,52.48,52.38,52.39,1074.517
2026-08-23 22:30:00,52.38,52.45,52.34,52.4,242.868
2026-08-23 22:35:00,52.4,52.46,52.34,52.43,343.44
2026-08-23 22:40:00,52.43,52.46,52.33,52.35,377.092
2026-08-23 22:45:00,52.35,52.48,52.27,52.44,811.472
2026-08-23 22:50:00,52.43,52.48,52.39,52.39,404.726
2026-08-23 22:55:00,52.39,52.4,52.28,52.35,367.601
2026-08-23 23:00:00,52.35,52.39,52.26,52.33,538.8
2026-08-23 23:05:00,52.33,52.36,52.23,52.36,288.149
2026-08-23 23:10:00,52.36,52.4,52.29,52.37,567.767
2026-08-23 23:15:00,52.37,52.55,52.35,52.51,378.267
2026-08-23 23:20:00,52.5,52.51,52.32,52.39,459.074
2026-08-23 23:25:00,52.39,52.5,52.32,52.48,426.596
2026-08-23 23:30:00,52.49,52.66,52.46,52.49,1111.264
2026-08-23 23:35:00,52.49,52.57,52.37,52.39,1770.256
2026-08-23 23:40:00,52.38,52.43,52.29,52.36,848.305
2026-08-23 23:45:00,52.35,52.41,52.33,52.36,654.784
2026-08-23 23:50:00,52.35,52.42,52.24,52.28,1290.926
2026-08-23 23:55:00,52.27,52.34,52.26,52.28,526.249
2026-08-24 00:00:00,52.29,52.4,51.95,51.99,5242.222
2026-08-24 00:05:00,51.99,52.04,51.88,52.0,2366.192
2026-08-24 00:10:00,51.99,52.04,51.87,51.91,2709.283
2026-08-24 00:15:00,51.91,52.0,51.81,51.84,1071.864
2026-08-24 00:20:00,51.83,51.86,51.74,51.78,1503.53
2026-08-24 00:25:00,51.77,51.86,51.62,51.79,2821.028
2026-08-24 00:30:00,51.8,52.09,51.78,52.06,3358.163
2026-08-24 00:35:00,52.05,52.13,51.88,51.89,1426.28
2026-08-24 00:40:00,51.9,51.93,51.71,51.71,1066.957
2026-08-24 00:45:00,51.71,51.97,51.62,51.83,5933.963
2026-08-24 00:50:00,51.83,51.94,51.81,51.92,262.23
2026-08-24 00:55:00,51.91,52.15,51.88,52.14,510.265
2026-08-24 01:00:00,52.15,52.19,52.01,52.08,738.898
2026-08-24 01:05:00,52.09,52.11,51.89,51.96,2024.793
2026-08-24 01:10:00,51.97,52.12,51.96,51.97,604.481
2026-08-24 01:15:00,51.96,51.98,51.81,51.87,3232.249
2026-08-24 01:20:00,51.86,51.86,51.67,51.67,1398.547
2026-08-24 01:25:00,51.67,51.82,51.67,51.71,642.917
2026-08-24 01:30:00,51.71,51.81,51.67,51.78,747.389
2026-08-24 01:35:00,51.78,51.79,51.54,51.69,1354.138
2026-08-24 01:40:00,51.69,51.73,51.63,51.65,586.162
2026-08-24 01:45:00,51.64,51.67,51.57,51.63,359.49
2026-08-24 01:50:00,51.63,51.68,51.59,51.66,1025.636
2026-08-24 01:55:00,51.66,51.66,51.35,51.44,3293.613
2026-08-24 02:00:00,51.44,51.55,51.34,51.53,1571.861
2026-08-24 02:05:00,51.52,51.55,51.28,51.4,1641.854
2026-08-24 02:10:00,51.4,51.66,51.36,51.64,523.261
2026-08-24 02:15:00,51.64,51.83,51.64,51.83,1001.522
2026-08-24 02:20:00,51.82,51.86,51.78,51.82,1009.554
2026-08-24 02:25:00,51.83,51.89,51.79,51.89,608.467
2026-08-24 02:30:00,51.9,51.99,51.88,51.98,1226.068
2026-08-24 02:35:00,51.98,52.0,51.9,51.96,670.712
2026-08-24 02:40:00,51.96,52.01,51.89,51.97,604.521
2026-08-24 02:45:00,51.96,51.96,51.72,51.83,932.11
2026-08-24 02:50:00,51.84,51.88,51.75,51.83,781.722
2026-08-24 02:55:00,51.83,51.94,51.83,51.91,212.528
2026-08-24 03:00:00,51.92,51.94,51.79,51.79,779.385
2026-08-24 03:05:00,51.78,51.78,51.72,51.73,497.144
2026-08-24 03:10:00,51.74,51.77,51.66,51.66,759.166
2026-08-24 03:15:00,51.65,51.67,51.6,51.67,567.083
2026-08-24 03:20:00,51.66,51.83,51.62,51.83,283.474
2026-08-24 03:25:00,51.83,51.88,51.65,51.65,453.969
2026-08-24 03:30:00,51.65,51.75,51.48,51.75,2820.221
2026-08-24 03:35:00,51.75,51.77,51.64,51.74,585.153
2026-08-24 03:40:00,51.73,51.77,51.7,51.73,939.117
2026-08-24 03:45:00,51.73,51.84,51.72,51.81,625.694
2026-08-24 03:50:00,51.82,51.88,51.73,51.76,804.194
2026-08-24 03:55:00,51.77,51.77,51.69,51.7,626.288
2026-08-24 04:00:00,51.7,51.89,51.7,51.88,556.811
2026-08-24 04:05:00,51.88,51.91,51.81,51.81,639.638
2026-08-24 04:10:00,51.82,51.92,51.82,51.91,931.396
2026-08-24 04:15:00,51.92,52.01,51.92,51.96,1158.236
2026-08-24 04:20:00,51.96,52.02,51.93,51.93,1902.225
2026-08-24 04:25:00,51.94,52.03,51.94,52.03,561.779
2026-08-24 04:30:00,52.03,52.08,52.03,52.07,415.192
2026-08-24 04:35:00,52.07,52.11,52.04,52.11,883.076
2026-08-24 04:40:00,52.11,52.23,52.01,52.23,1077.617
2026-08-24 04:45:00,52.24,52.28,51.96,51.96,1051.943
2026-08-24 04:50:00,51.97,52.06,51.84,51.95,2246.743
2026-08-24 04:55:00,51.96,52.01,51.89,51.99,557.756
2026-08-24 05:00:00,51.98,52.02,51.83,51.84,854.445
2026-08-24 05:05:00,51.85,52.03,51.78,51.97,1779.575
2026-08-24 05:10:00,51.96,52.2,51.91,52.18,1895.133
2026-08-24 05:15:00,52.18,52.23,52.07,52.13,897.532
2026-08-24 05:20:00,52.12,52.18,52.01,52.03,1254.571
2026-08-24 05:25:00,52.03,52.09,51.98,51.98,408.195
2026-08-24 05:30:00,51.97,51.97,51.85,51.89,1281.71
2026-08-24 05:35:00,51.89,51.95,51.79,51.9,1826.293
2026-08-24 05:40:00,51.89,52.18,51.86,52.05,2504.295
2026-08-24 05:45:00,52.06,52.11,52.03,52.03,188.274
2026-08-24 05:50:00,52.03,52.11,51.94,52.11,479.874
2026-08-24 05:55:00,52.1,52.1,52.05,52.07,449.104
2026-08-24 06:00:00,52.07,52.12,52.05,52.07,1384.477
2026-08-24 06:05:00,52.07,52.15,51.87,52.11,2360.579
2026-08-24 06:10:00,52.11,52.25,52.05,52.19,3531.585
2026-08-24 06:15:00,52.18,52.22,52.16,52.17,628.624
2026-08-24 06:20:00,52.17,52.22,52.12,52.22,616.869
2026-08-24 06:25:00,52.22,52.23,52.12,52.15,484.436
2026-08-24 06:30:00,52.14,52.16,51.97,51.97,651.597
2026-08-24 06:35:00,51.98,52.06,51.91,51.91,1059.348
2026-08-24 06:40:00,51.92,51.95,51.83,51.92,609.965
2026-08-24 06:45:00,51.92,52.09,51.84,52.07,1605.82
2026-08-24 06:50:00,52.06,52.12,52.04,52.06,653.206
2026-08-24 06:55:00,52.06,52.19,52.04,52.15,682.942
2026-08-24 07:00:00,52.16,52.22,52.08,52.2,852.998
2026-08-24 07:05:00,52.19,52.27,52.18,52.27,892.319
2026-08-24 07:10:00,52.27,52.51,52.27,52.48,2109.456
2026-08-24 07:15:00,52.48,52.48,52.33,52.4,747.064
2026-08-24 07:20:00,52.39,52.41,52.31,52.37,624.536
2026-08-24 07:25:00,52.36,52.4,52.26,52.34,789.423
2026-08-24 07:30:00,52.33,52.35,52.2,52.22,2073.004
2026-08-24 07:35:00,52.22,52.22,52.15,52.17,443.725
2026-08-24 07:40:00,52.18,52.18,52.05,52.08,412.956
2026-08-24 07:45:00,52.07,52.22,52.07,52.16,424.386
2026-08-24 07:50:00,52.16,52.2,52.05,52.15,1056.763
2026-08-24 07:55:00,52.15,52.16,52.1,52.15,592.564
2026-08-24 08:00:00,52.16,52.17,51.92,52.0,1268.217
2026-08-24 08:05:00,51.99,52.23,51.99,52.15,1251.105
2026-08-24 08:10:00,52.15,52.15,52.04,52.11,988.634
2026-08-24 08:15:00,52.12,52.12,51.88,51.96,1311.725
2026-08-24 08:20:00,51.97,52.01,51.9,51.91,792.313
2026-08-24 08:25:00,51.91,51.96,51.76,51.82,3511.466
2026-08-24 08:30:00,51.81,51.82,51.61,51.82,6654.31
2026-08-24 08:35:00,51.83,51.98,51.82,51.95,1016.115
2026-08-24 08:40:00,51.94,52.04,51.92,52.01,353.488
2026-08-24 08:45:00,52.02,52.02,51.89,51.99,886.075
2026-08-24 08:50:00,51.99,52.14,51.97,51.99,5095.043
2026-08-24 08:55:00,52.0,52.01,51.92,51.95,400.963
2026-08-24 09:00:00,51.94,52.18,51.92,52.13,958.917
2026-08-24 09:05:00,52.14,52.24,52.13,52.21,1027.513
2026-08-24 09:10:00,52.21,52.21,52.05,52.18,2995.8
2026-08-24 09:15:00,52.18,52.71,52.18,52.65,5974.453
2026-08-24 09:20:00,52.65,53.08,52.59,52.83,12467.586
2026-08-24 09:25:00,52.83,53.34,52.83,53.33,8601.926
2026-08-24 09:30:00,53.34,53.58,53.3,53.5,6024.163
2026-08-24 09:35:00,53.49,53.49,52.94,53.0,4925.416
2026-08-24 09:40:00,52.99,53.17,52.89,52.94,3921.261
2026-08-24 09:45:00,52.93,53.13,52.91,52.95,4736.59
2026-08-24 09:50:00,52.94,53.3,52.79,53.26,8116.125
2026-08-24 09:55:00,53.26,53.4,53.09,53.17,5383.311
2026-08-24 10:00:00,53.17,53.45,53.06,53.25,9873.646
2026-08-24 10:05:00,53.24,53.71,53.12,53.61,5449.037
2026-08-24 10:10:00,53.61,54.02,53.53,53.72,12371.284
2026-08-24 10:15:00,53.71,54.19,53.71,54.08,11561.561
2026-08-24 10:20:00,54.07,54.1,53.73,53.82,5431.934
2026-08-24 10:25:00,53.82,53.83,53.47,53.51,4608.263
2026-08-24 10:30:00,53.51,53.81,53.42,53.46,7845.84
2026-08-24 10:35:00,53.46,53.47,53.26,53.36,2846.086
2026-08-24 10:40:00,53.36,53.4,53.0,53.12,3159.31
2026-08-24 10:45:00,53.12,53.28,53.04,53.08,7116.059
2026-08-24 10:50:00,53.08,53.15,52.72,52.76,12028.273
2026-08-24 10:55:00,52.77,52.83,52.52,52.57,4073.588
2026-08-24 11:00:00,52.57,52.69,52.4,52.65,3722.738
2026-08-24 11:05:00,52.66,52.69,52.56,52.66,1763.729
2026-08-24 11:10:00,52.67,52.79,52.64,52.75,2451.127
2026-08-24 11:15:00,52.74,52.95,52.7,52.91,5991.489
2026-08-24 11:20:00,52.91,52.92,52.74,52.83,1959.871
2026-08-24 11:25:00,52.83,52.89,52.76,52.81,1126.728
2026-08-24 11:30:00,52.8,53.0,52.77,52.99,1625.438
2026-08-24 11:35:00,52.98,53.25,52.97,53.11,3022.0
2026-08-24 11:40:00,53.11,53.23,53.03,53.2,6102.317
2026-08-24 11:45:00,53.2,53.21,52.9,52.94,1901.459
2026-08-24 11:50:00,52.94,53.01,52.84,52.97,3980.698
2026-08-24 11:55:00,52.97,53.02,52.9,53.01,997.547
2026-08-24 12:00:00,53.01,53.01,52.81,52.84,1948.528
2026-08-24 12:05:00,52.85,52.85,52.79,52.85,576.601
2026-08-24 12:10:00,52.84,52.91,52.8,52.81,595.558
2026-08-24 12:15:00,52.8,52.87,52.56,52.8,2575.819
2026-08-24 12:20:00,52.8,52.91,52.74,52.9,776.721
2026-08-24 12:25:00,52.9,52.99,52.67,52.79,3580.484
2026-08-24 12:30:00,52.79,52.92,52.61,52.91,4189.196
2026-08-24 12:35:00,52.91,53.09,52.91,53.07,1048.636
2026-08-24 12:40:00,53.07,53.16,53.0,53.15,1271.365
2026-08-24 12:45:00,53.14,53.25,53.13,53.21,1410.215
2026-08-24 12:50:00,53.22,53.54,53.2,53.44,5079.931
2026-08-24 12:55:00,53.44,53.73,53.37,53.46,3126.282
2026-08-24 13:00:00,53.46,53.49,53.35,53.42,1707.76
2026-08-24 13:05:00,53.42,53.48,53.34,53.43,1456.599
2026-08-24 13:10:00,53.42,53.5,53.38,53.39,1394.725
2026-08-24 13:15:00,53.39,53.39,53.1,53.23,4500.23
2026-08-24 13:20:00,53.22,53.26,53.0,53.08,2172.701
2026-08-24 13:25:00,53.08,53.13,52.98,53.12,1815.996
2026-08-24 13:30:00,53.12,53.14,52.51,52.78,4033.217
2026-08-24 13:35:00,52.78,52.83,52.57,52.62,3642.037
2026-08-24 13:40:00,52.61,52.65,52.16,52.23,5265.006
2026-08-24 13:45:00,52.22,52.26,51.83,52.19,10626.522
2026-08-24 13:50:00,52.19,52.2,51.84,52.01,3390.808
2026-08-24 13:55:00,52.02,52.1,51.91,52.08,3097.441
2026-08-24 14:00:00,52.08,52.32,51.98,51.99,9992.661
2026-08-24 14:05:00,52.0,52.08,51.93,52.06,6733.46
2026-08-24 14:10:00,52.06,52.17,52.04,52.11,8867.599
2026-08-24 14:15:00,52.11,52.17,52.06,52.13,9832.422
2026-08-24 14:20:00,52.14,52.55,52.09,52.14,5415.815
2026-08-24 14:25:00,52.15,52.48,52.12,52.47,1516.004
2026-08-24 14:30:00,52.47,52.68,52.39,52.67,3990.274
2026-08-24 14:35:00,52.66,52.69,52.6,52.63,3241.871
2026-08-24 14:40:00,52.62,52.7,52.5,52.65,3770.211
2026-08-24 14:45:00,52.64,52.7,52.41,52.58,6612.074
2026-08-24 14:50:00,52.58,52.61,52.4,52.57,3185.592
2026-08-24 14:55:00,52.57,52.69,52.55,52.63,939.325
2026-08-24 15:00:00,52.62,52.82,52.56,52.7,7311.788
2026-08-24 15:05:00,52.69,52.83,52.58,52.6,2842.699
2026-08-24 15:10:00,52.6,52.68,52.55,52.61,1670.28
2026-08-24 15:15:00,52.6,52.77,52.57,52.74,1484.578
2026-08-24 15:20:00,52.74,52.87,52.7,52.84,6540.488
2026-08-24 15:25:00,52.84,52.93,52.78,52.87,4013.236
2026-08-24 15:30:00,52.85,52.94,52.72,52.73,3348.957
2026-08-24 15:35:00,52.73,52.88,52.62,52.67,1891.286
2026-08-24 15:40:00,52.67,52.84,52.17,52.51,10240.764
2026-08-24 15:45:00,52.51,52.68,52.34,52.52,6679.12
2026-08-24 15:50:00,52.52,52.57,52.39,52.42,3307.152
2026-08-24 15:55:00,52.41,52.42,52.14,52.37,6347.722
2026-08-24 16:00:00,52.37,52.67,52.36,52.62,2220.044
2026-08-24 16:05:00,52.62,52.81,52.59,52.59,1271.71
2026-08-24 16:10:00,52.59,52.61,52.46,52.46,1932.649
2026-08-24 16:15:00,52.46,52.68,52.41,52.65,1615.66
2026-08-24 16:20:00,52.65,52.68,52.49,52.62,4570.7
2026-08-24 16:25:00,52.63,52.72,52.58,52.65,2183.496
2026-08-24 16:30:00,52.66,52.75,52.66,52.73,1239.864
2026-08-24 16:35:00,52.73,52.81,52.64,52.67,1708.245
2026-08-24 16:40:00,52.66,52.78,52.51,52.64,2427.904
2026-08-24 16:45:00,52.64,52.73,52.58,52.66,1667.47
2026-08-24 16:50:00,52.66,52.7,52.35,52.42,1560.064
2026-08-24 16:55:00,52.41,52.6,52.4,52.41,1563.222
2026-08-24 17:00:00,52.42,52.43,52.0,52.22,2451.09
2026-08-24 17:05:00,52.23,52.47,52.16,52.47,1383.965
2026-08-24 17:10:00,52.46,52.46,52.33,52.33,1226.567
2026-08-24 17:15:00,52.32,52.42,52.05,52.3,2242.276
2026-08-24 17:20:00,52.29,52.29,51.86,52.01,5403.629
2026-08-24 17:25:00,52.01,52.15,51.66,51.71,3699.456
2026-08-24 17:30:00,51.71,51.92,51.66,51.72,6164.608
2026-08-24 17:35:00,51.71,51.98,51.66,51.97,2042.045
2026-08-24 17:40:00,51.97,52.03,51.66,51.67,2444.818
2026-08-24 17:45:00,51.68,52.02,51.67,52.01,5426.686
2026-08-24 17:50:00,52.01,52.03,51.79,51.83,2340.477
2026-08-24 17:55:00,51.84,51.87,51.75,51.83,1517.601
2026-08-24 18:00:00,51.84,52.03,51.82,52.02,1326.107
2026-08-24 18:05:00,52.02,52.09,51.95,51.99,1301.627
2026-08-24 18:10:00,51.99,52.05,51.92,52.03,1343.73
2026-08-24 18:15:00,52.03,52.09,52.01,52.07,1503.266
2026-08-24 18:20:00,52.06,52.13,52.03,52.05,872.645
2026-08-24 18:25:00,52.05,52.17,52.02,52.07,1799.449
2026-08-24 18:30:00,52.08,52.15,51.98,51.99,901.075
2026-08-24 18:35:00,52.0,52.03,51.76,51.87,1005.005
2026-08-24 18:40:00,51.88,51.99,51.88,51.97,1394.184
2026-08-24 18:45:00,51.98,52.09,51.98,52.07,712.867
2026-08-24 18:50:00,52.07,52.09,51.87,51.97,1310.427
2026-08-24 18:55:00,51.96,52.0,51.9,51.92,866.842
2026-08-24 19:00:00,51.92,52.0,51.84,51.85,2436.062
2026-08-24 19:05:00,51.85,51.88,51.69,51.79,2019.516
2026-08-24 19:10:00,51.78,51.96,51.76,51.87,1065.008
2026-08-24 19:15:00,51.86,51.91,51.62,51.67,1012.833
2026-08-24 19:20:00,51.67,51.73,51.56,51.7,1337.482
2026-08-24 19:25:00,51.69,51.91,51.69,51.89,885.645
2026-08-24 19:30:00,51.9,51.91,51.71,51.77,1476.222
2026-08-24 19:35:00,51.77,51.95,51.73,51.88,2110.549
2026-08-24 19:40:00,51.87,51.89,51.63,51.73,2069.454
2026-08-24 19:45:00,51.74,51.76,51.58,51.66,682.348
2026-08-24 19:50:00,51.66,51.67,51.48,51.56,2779.191
2026-08-24 19:55:00,51.56,51.61,51.53,51.61,1585.763
2026-08-24 20:00:00,51.61,51.67,51.39,51.42,1745.918
2026-08-24 20:05:00,51.43,51.77,51.42,51.77,904.855
2026-08-24 20:10:00,51.77,51.78,51.58,51.64,869.771
2026-08-24 20:15:00,51.64,51.64,51.48,51.48,1598.758
2026-08-24 20:20:00,51.49,51.57,51.44,51.46,684.978
2026-08-24 20:25:00,51.47,51.64,51.39,51.49,6093.933
2026-08-24 20:30:00,51.5,51.62,51.39,51.6,1061.994
2026-08-24 20:35:00,51.6,51.81,51.59,51.73,811.162
2026-08-24 20:40:00,51.72,51.73,51.67,51.68,660.47
2026-08-24 20:45:00,51.67,51.7,51.61,51.61,2100.295
2026-08-24 20:50:00,51.61,51.66,51.59,51.65,358.834
2026-08-24 20:55:00,51.65,51.78,51.65,51.76,443.86
2026-08-24 21:00:00,51.77,51.87,51.72,51.86,861.446
2026-08-24 21:05:00,51.86,51.87,51.76,51.79,439.406
2026-08-24 21:10:00,51.78,51.86,51.68,51.86,3589.922
2026-08-24 21:15:00,51.86,51.88,51.75,51.76,873.036
2026-08-24 21:20:00,51.76,51.82,51.72,51.82,461.731
2026-08-24 21:25:00,51.81,51.82,51.66,51.69,340.631
2026-08-24 21:30:00,51.7,51.79,51.7,51.71,428.969
2026-08-24 21:35:00,51.71,51.79,51.67,51.79,228.765
2026-08-24 21:40:00,51.79,51.85,51.76,51.82,839.204
2026-08-24 21:45:00,51.82,51.88,51.8,51.86,665.935
2026-08-24 21:50:00,51.85,51.86,51.75,51.78,527.274
2026-08-24 21:55:00,51.79,51.87,51.78,51.86,818.676
2026-08-24 22:00:00,51.85,51.91,51.71,51.84,804.599
2026-08-24 22:05:00,51.84,51.87,51.81,51.83,227.023
2026-08-24 22:10:00,51.83,51.84,51.75,51.75,1217.403
2026-08-24 22:15:00,51.75,51.77,51.72,51.72,793.912
2026-08-24 22:20:00,51.72,51.76,51.71,51.71,190.056
2026-08-24 22:25:00,51.72,51.72,51.68,51.72,481.194
2026-08-24 22:30:00,51.71,51.75,51.57,51.68,1358.863
2026-08-24 22:35:00,51.69,51.74,51.65,51.71,386.282
2026-08-24 22:40:00,51.7,51.7,51.57,51.59,501.371
2026-08-24 22:45:00,51.58,51.62,51.56,51.57,342.15
2026-08-24 22:50:00,51.58,51.59,51.5,51.53,755.747
2026-08-24 22:55:00,51.52,51.55,51.41,51.54,789.5
2026-08-24 23:00:00,51.55,51.58,51.25,51.41,2019.868
2026-08-24 23:05:00,51.42,51.51,51.35,51.48,1167.05
2026-08-24 23:10:00,51.47,51.52,51.42,51.44,610.899
2026-08-24 23:15:00,51.44,51.48,51.4,51.43,432.635
2026-08-24 23:20:00,51.42,51.6,51.42,51.59,601.5
2026-08-24 23:25:00,51.59,51.65,51.56,51.57,369.836
2026-08-24 23:30:00,51.57,51.63,51.55,51.56,769.525
2026-08-24 23:35:00,51.54,51.7,51.52,51.69,304.484
2026-08-24 23:40:00,51.68,51.75,51.66,51.71,528.145
2026-08-24 23:45:00,51.72,51.75,51.63,51.69,649.357
2026-08-24 23:50:00,51.68,51.68,51.55,51.6,811.85
2026-08-24 23:55:00,51.6,51.66,51.55,51.66,913.711
2026-08-25 00:00:00,51.65,51.7,51.62,51.63,646.883
2026-08-25 00:05:00,51.62,51.82,51.55,51.67,1870.858
2026-08-25 00:10:00,51.67,51.76,51.63,51.64,1006.594
2026-08-25 00:15:00,51.63,51.63,51.42,51.49,615.303
2026-08-25 00:20:00,51.48,51.71,51.44,51.62,268.66
2026-08-25 00:25:00,51.62,51.71,51.61,51.69,715.213
2026-08-25 00:30:00,51.68,51.71,51.63,51.67,1327.116
2026-08-25 00:35:00,51.67,51.77,51.66,51.7,2478.609
2026-08-25 00:40:00,51.7,52.0,51.67,52.0,1965.935
2026-08-25 00:45:00,52.01,52.15,51.99,52.06,2090.657
2026-08-25 00:50:00,52.07,52.18,52.01,52.18,782.227
2026-08-25 00:55:00,52.18,52.18,52.1,52.14,368.895
2026-08-25 01:00:00,52.14,52.31,52.11,52.31,1968.606
2026-08-25 01:05:00,52.3,52.38,52.2,52.27,1904.397
2026-08-25 01:10:00,52.27,52.28,52.13,52.14,860.905
2026-08-25 01:15:00,52.14,52.23,52.0,52.16,1620.195
2026-08-25 01:20:00,52.17,52.18,52.05,52.12,924.276
2026-08-25 01:25:00,52.12,52.27,52.09,52.23,1099.636
2026-08-25 01:30:00,52.22,52.31,52.16,52.26,1397.114
2026-08-25 01:35:00,52.25,52.33,52.19,52.26,806.688
2026-08-25 01:40:00,52.27,52.32,52.23,52.23,924.942
2026-08-25 01:45:00,52.24,52.42,52.22,52.34,2156.418
2026-08-25 01:50:00,52.33,52.36,52.24,52.31,910.518
2026-08-25 01:55:00,52.32,52.39,52.28,52.33,851.09
2026-08-25 02:00:00,52.33,52.35,52.25,52.27,879.55
2026-08-25 02:05:00,52.26,52.29,52.16,52.18,454.86
2026-08-25 02:10:00,52.18,52.19,52.08,52.11,464.331
2026-08-25 02:15:00,52.11,52.63,52.09,52.62,3344.963
2026-08-25 02:20:00,52.62,52.73,52.5,52.61,2911.776
2026-08-25 02:25:00,52.6,52.81,52.59,52.8,1110.312
2026-08-25 02:30:00,52.8,52.88,52.7,52.75,1098.184
2026-08-25 02:35:00,52.75,52.78,52.67,52.76,1728.062
2026-08-25 02:40:00,52.76,52.99,52.67,52.67,3290.575
2026-08-25 02:45:00,52.66,52.7,52.53,52.54,700.743
2026-08-25 02:50:00,52.54,52.54,52.36,52.44,839.097
2026-08-25 02:55:00,52.44,52.56,52.44,52.51,1082.509
2026-08-25 03:00:00,52.52,52.65,52.48,52.6,1801.114
2026-08-25 03:05:00,52.61,52.72,52.6,52.68,967.225
2026-08-25 03:10:00,52.68,52.75,52.64,52.71,556.257
2026-08-25 03:15:00,52.7,52.73,52.56,52.64,1424.624
2026-08-25 03:20:00,52.64,52.68,52.48,52.53,2260.266
2026-08-25 03:25:00,52.52,52.68,52.49,52.66,1267.241
2026-08-25 03:30:00,52.66,52.73,52.58,52.71,1132.288
2026-08-25 03:35:00,52.71,52.73,52.59,52.64,1080.64
2026-08-25 03:40:00,52.65,52.65,52.46,52.5,1522.806
2026-08-25 03:45:00,52.5,52.55,52.34,52.41,1657.957
2026-08-25 03:50:00,52.41,52.52,52.41,52.47,898.95
2026-08-25 03:55:00,52.46,52.46,52.25,52.33,4395.821
2026-08-25 04:00:00,52.33,52.48,52.3,52.31,735.929
2026-08-25 04:05:00,52.31,52.35,52.15,52.31,1691.696
2026-08-25 04:10:00,52.3,52.43,52.25,52.43,719.219
2026-08-25 04:15:00,52.43,52.43,52.33,52.36,1519.434
2026-08-25 04:20:00,52.37,52.52,52.33,52.52,451.193
2026-08-25 04:25:00,52.51,52.52,52.31,52.36,492.221
2026-08-25 04:30:00,52.35,52.45,52.25,52.35,645.903
2026-08-25 04:35:00,52.36,52.42,52.31,52.35,752.046
2026-08-25 04:40:00,52.34,52.4,52.32,52.37,1558.495
2026-08-25 04:45:00,52.37,52.46,52.34,52.43,638.606
2026-08-25 04:50:00,52.44,52.46,52.37,52.37,965.853
2026-08-25 04:55:00,52.36,52.4,52.3,52.4,270.343
2026-08-25 05:00:00,52.39,52.57,52.36,52.53,884.668
2026-08-25 05:05:00,52.54,52.62,52.54,52.61,458.558
2026-08-25 05:10:00,52.6,52.63,52.56,52.57,361.493
2026-08-25 05:15:00,52.56,52.59,52.51,52.57,547.109
2026-08-25 05:20:00,52.57,52.61,52.52,52.57,408.275
2026-08-25 05:25:00,52.57,52.74,52.57,52.69,1038.534
2026-08-25 05:30:00,52.69,52.71,52.64,52.71,503.835
2026-08-25 05:35:00,52.71,52.73,52.65,52.73,340.113
2026-08-25 05:40:00,52.74,52.77,52.63,52.63,1255.801
2026-08-25 05:45:00,52.63,52.7,52.61,52.7,436.015
2026-08-25 05:50:00,52.7,52.72,52.64,52.69,922.274
2026-08-25 05:55:00,52.69,52.75,52.62,52.63,531.668
2026-08-25 06:00:00,52.63,52.68,52.62,52.63,545.123
2026-08-25 06:05:00,52.63,52.69,52.62,52.66,406.898
2026-08-25 06:10:00,52.66,52.66,52.53,52.57,933.218
2026-08-25 06:15:00,52.58,52.65,52.55,52.56,765.405
2026-08-25 06:20:00,52.56,52.6,52.52,52.55,1402.256
2026-08-25 06:25:00,52.55,52.58,52.48,52.49,957.616
2026-08-25 06:30:00,52.48,52.48,52.29,52.43,1237.281
2026-08-25 06:35:00,52.43,52.43,52.11,52.37,5643.343
2026-08-25 06:40:00,52.37,52.4,52.31,52.32,1786.471
2026-08-25 06:45:00,52.32,52.35,52.09,52.11,1643.846
2026-08-25 06:50:00,52.11,52.12,51.92,51.94,1774.97
2026-08-25 06:55:00,51.94,52.03,51.89,52.03,383.077
2026-08-25 07:00:00,52.02,52.17,51.99,52.16,1634.035
2026-08-25 07:05:00,52.16,52.27,52.14,52.18,2221.093
2026-08-25 07:10:00,52.17,52.42,52.09,52.18,8050.823
2026-08-25 07:15:00,52.18,52.2,52.12,52.14,566.304
2026-08-25 07:20:00,52.14,52.21,52.1,52.15,1974.277
2026-08-25 07:25:00,52.15,52.26,52.14,52.24,438.606
2026-08-25 07:30:00,52.24,52.25,52.07,52.08,1035.816
2026-08-25 07:35:00,52.09,52.11,52.03,52.05,499.481
2026-08-25 07:40:00,52.06,52.17,52.06,52.12,727.08
2026-08-25 07:45:00,52.12,52.14,51.57,51.68,3276.825
2026-08-25 07:50:00,51.68,51.76,51.3,51.69,4726.321
2026-08-25 07:55:00,51.68,51.76,51.64,51.67,851.784
2026-08-25 08:00:00,51.68,51.77,51.56,51.65,1223.89
2026-08-25 08:05:00,51.65,51.72,51.61,51.7,610.898
2026-08-25 08:10:00,51.69,51.76,51.69,51.74,286.198
2026-08-25 08:15:00,51.74,51.86,51.73,51.83,899.183
2026-08-25 08:20:00,51.84,51.99,51.84,51.94,1230.377
2026-08-25 08:25:00,51.94,52.0,51.88,51.89,977.967
2026-08-25 08:30:00,51.89,51.93,51.86,51.91,552.057
2026-08-25 08:35:00,51.91,51.94,51.82,51.82,362.735
2026-08-25 08:40:00,51.83,51.93,51.81,51.93,956.488
2026-08-25 08:45:00,51.93,51.94,51.68,51.68,1387.737
2026-08-25 08:50:00,51.68,51.71,51.61,51.68,1359.089
2026-08-25 08:55:00,51.69,51.71,51.64,51.67,781.081
2026-08-25 09:00:00,51.68,51.71,51.45,51.48,1286.173
2026-08-25 09:05:00,51.49,51.53,51.38,51.49,1951.695
2026-08-25 09:10:00,51.5,51.58,51.46,51.53,1529.958
2026-08-25 09:15:00,51.52,51.62,51.49,51.6,829.708
2026-08-25 09:20:00,51.6,51.69,51.6,51.67,1750.807
2026-08-25 09:25:00,51.66,51.67,51.55,51.62,638.985
2026-08-25 09:30:00,51.62,51.77,51.62,51.75,464.189
2026-08-25 09:35:00,51.75,51.79,51.71,51.71,816.856
2026-08-25 09:40:00,51.72,51.77,51.71,51.72,277.819
2026-08-25 09:45:00,51.71,51.75,51.62,51.62,458.079
2026-08-25 09:50:00,51.63,51.63,50.97,51.19,12058.36
2026-08-25 09:55:00,51.19,51.32,51.12,51.31,2037.893
2026-08-25 10:00:00,51.3,51.31,51.13,51.29,1010.426
2026-08-25 10:05:00,51.28,51.38,51.26,51.35,1378.796
2026-08-25 10:10:00,51.35,51.41,51.31,51.34,943.644
2026-08-25 10:15:00,51.34,51.43,51.34,51.41,967.523
2026-08-25 10:20:00,51.4,51.52,51.4,51.48,1228.409
2026-08-25 10:25:00,51.48,51.49,51.42,51.42,804.102
2026-08-25 10:30:00,51.42,51.47,51.41,51.43,468.791
2026-08-25 10:35:00,51.43,51.44,51.39,51.4,635.138
2026-08-25 10:40:00,51.41,51.45,51.41,51.45,389.799
2026-08-25 10:45:00,51.45,51.55,51.41,51.45,988.717
2026-08-25 10:50:00,51.45,51.54,51.43,51.53,788.325
2026-08-25 10:55:00,51.53,51.53,51.44,51.44,287.068
2026-08-25 11:00:00,51.45,51.45,51.37,51.39,452.55
2026-08-25 11:05:00,51.38,51.49,51.38,51.44,667.374
2026-08-25 11:10:00,51.44,51.44,51.23,51.23,588.115
2026-08-25 11:15:00,51.24,51.37,51.23,51.33,460.843
2026-08-25 11:20:00,51.33,51.43,51.33,51.41,975.079
2026-08-25 11:25:00,51.4,51.4,51.24,51.3,672.534
2026-08-25 11:30:00,51.3,51.38,51.25,51.35,1500.607
2026-08-25 11:35:00,51.35,51.39,51.33,51.36,449.53
2026-08-25 11:40:00,51.35,51.36,51.26,51.28,330.414
2026-08-25 11:45:00,51.29,51.31,51.16,51.2,1209.501
2026-08-25 11:50:00,51.2,51.29,51.15,51.17,1790.5
2026-08-25 11:55:00,51.17,51.2,51.03,51.09,5026.92
2026-08-25 12:00:00,51.09,51.17,50.86,51.08,4256.623
2026-08-25 12:05:00,51.07,51.07,50.83,51.01,2185.332
2026-08-25 12:10:00,51.01,51.22,51.01,51.21,2084.868
2026-08-25 12:15:00,51.21,51.22,51.13,51.18,1350.509
2026-08-25 12:20:00,51.18,51.2,51.02,51.15,1078.153
2026-08-25 12:25:00,51.16,51.2,50.99,51.18,1326.196
2026-08-25 12:30:00,51.18,51.3,51.13,51.29,963.035
2026-08-25 12:35:00,51.29,51.31,51.23,51.24,792.394
2026-08-25 12:40:00,51.24,51.29,51.11,51.25,690.785
2026-08-25 12:45:00,51.26,51.37,51.24,51.37,599.234
2026-08-25 12:50:00,51.37,51.41,51.36,51.39,789.636
2026-08-25 12:55:00,51.39,51.41,51.32,51.34,631.232
2026-08-25 13:00:00,51.33,51.36,51.25,51.31,1279.934
2026-08-25 13:05:00,51.3,51.3,51.09,51.13,731.721
2026-08-25 13:10:00,51.13,51.17,51.06,51.1,1138.2
2026-08-25 13:15:00,51.09,51.09,50.93,50.98,1236.701
2026-08-25 13:20:00,50.99,51.05,50.78,50.91,1565.119
2026-08-25 13:25:00,50.9,51.01,50.8,50.84,1137.222
2026-08-25 13:30:00,50.84,51.21,50.8,51.2,1408.846
2026-08-25 13:35:00,51.19,51.32,51.17,51.17,1073.144
2026-08-25 13:40:00,51.17,51.23,50.92,50.95,795.798
2026-08-25 13:45:00,50.95,50.97,50.7,50.89,3611.328
2026-08-25 13:50:00,50.88,50.89,50.31,50.57,7694.399
2026-08-25 13:55:00,50.57,50.79,50.51,50.77,3339.837
2026-08-25 14:00:00,50.77,50.91,50.62,50.9,1967.804
2026-08-25 14:05:00,50.9,51.14,50.89,51.14,1339.357
2026-08-25 14:10:00,51.13,51.22,50.98,51.01,1302.761
2026-08-25 14:15:00,51.01,51.04,50.91,50.93,1449.927
2026-08-25 14:20:00,50.93,51.0,50.84,50.96,2793.801
2026-08-25 14:25:00,50.97,51.18,50.96,51.12,1072.023
2026-08-25 14:30:00,51.11,51.27,50.96,51.18,2458.684
2026-08-25 14:35:00,51.18,51.19,51.04,51.05,759.285
2026-08-25 14:40:00,51.06,51.11,50.99,51.07,495.517
2026-08-25 14:45:00,51.07,51.14,50.96,50.99,2938.394
2026-08-25 14:50:00,50.99,51.05,50.95,50.99,1670.554
2026-08-25 14:55:00,50.99,51.04,50.91,50.92,676.503
2026-08-25 15:00:00,50.92,50.98,50.81,50.83,1372.98
2026-08-25 15:05:00,50.84,50.97,50.84,50.94,1024.993
2026-08-25 15:10:00,50.94,50.97,50.87,50.88,829.308
2026-08-25 15:15:00,50.88,51.06,50.8,51.02,1799.134
2026-08-25 15:20:00,51.02,51.12,51.0,51.05,1608.1
2026-08-25 15:25:00,51.04,51.07,50.93,51.07,769.004
2026-08-25 15:30:00,51.07,51.11,50.93,51.0,3290.58
2026-08-25 15:35:00,51.0,51.15,50.99,51.1,2416.869
2026-08-25 15:40:00,51.1,51.12,51.03,51.09,714.945
2026-08-25 15:45:00,51.08,51.09,51.0,51.06,990.89
2026-08-25 15:50:00,51.05,51.11,50.98,51.1,675.393
2026-08-25 15:55:00,51.1,51.2,51.09,51.19,1030.388
2026-08-25 16:00:00,51.18,51.25,51.03,51.18,4001.885
2026-08-25 16:05:00,51.17,51.22,51.09,51.09,1240.71
2026-08-25 16:10:00,51.1,51.14,50.97,51.04,3264.886
2026-08-25 16:15:00,51.05,51.1,51.01,51.09,769.232
2026-08-25 16:20:00,51.08,51.08,50.91,50.98,2478.156
2026-08-25 16:25:00,50.98,51.05,50.93,51.03,790.488
2026-08-25 16:30:00,51.03,51.15,51.0,51.08,465.471
2026-08-25 16:35:00,51.09,51.11,51.03,51.1,709.529
2026-08-25 16:40:00,51.09,51.15,51.06,51.11,476.629
2026-08-25 16:45:00,51.11,51.19,51.08,51.08,643.617
2026-08-25 16:50:00,51.08,51.14,51.04,51.06,560.549
2026-08-25 16:55:00,51.06,51.06,50.98,51.05,363.568
2026-08-25 17:00:00,51.04,51.05,50.96,50.98,1017.53
2026-08-25 17:05:00,50.97,51.01,50.72,50.81,3031.327
2026-08-25 17:10:00,50.81,50.84,50.71,50.84,1013.757
2026-08-25 17:15:00,50.84,50.93,50.83,50.9,2170.259
2026-08-25 17:20:00,50.9,50.96,50.75,50.75,1067.125
2026-08-25 17:25:00,50.75,50.84,50.73,50.76,845.247
2026-08-25 17:30:00,50.77,50.96,50.77,50.9,1184.903
2026-08-25 17:35:00,50.91,50.94,50.86,50.87,528.573
2026-08-25 17:40:00,50.87,50.99,50.87,50.95,910.424
2026-08-25 17:45:00,50.96,51.11,50.95,51.09,1971.134
2026-08-25 17:50:00,51.09,51.09,50.99,51.02,820.465
2026-08-25 17:55:00,51.01,51.07,51.0,51.04,992.804
2026-08-25 18:00:00,51.03,51.06,50.98,51.0,727.792
2026-08-25 18:05:00,50.99,51.06,50.98,51.05,614.706
2026-08-25 18:10:00,51.06,51.1,51.03,51.06,1412.636
2026-08-25 18:15:00,51.07,51.11,51.03,51.1,1162.822
2026-08-25 18:20:00,51.1,51.22,51.08,51.16,781.176
2026-08-25 18:25:00,51.15,51.17,51.1,51.15,1109.773
2026-08-25 18:30:00,51.16,51.16,51.07,51.08,381.631
2026-08-25 18:35:00,51.08,51.15,51.06,51.13,257.708
2026-08-25 18:40:00,51.14,51.2,51.09,51.2,474.896
2026-08-25 18:45:00,51.2,51.23,51.15,51.17,1556.35
2026-08-25 18:50:00,51.18,51.19,51.04,51.05,848.006
2026-08-25 18:55:00,51.05,51.14,51.03,51.12,487.51
2026-08-25 19:00:00,51.11,51.13,51.03,51.03,353.103
2026-08-25 19:05:00,51.03,51.1,51.0,51.09,632.039
2026-08-25 19:10:00,51.08,51.14,51.05,51.11,949.754
2026-08-25 19:15:00,51.12,51.12,51.01,51.12,2264.655
2026-08-25 19:20:00,51.12,51.12,51.03,51.07,865.507
2026-08-25 19:25:00,51.06,51.06,50.86,50.86,564.756
2026-08-25 19:30:00,50.86,50.86,50.8,50.86,736.326
2026-08-25 19:35:00,50.86,50.91,50.79,50.79,286.634
2026-08-25 19:40:00,50.79,50.85,50.74,50.76,2004.324
2026-08-25 19:45:00,50.76,50.79,50.73,50.73,671.178
2026-08-25 19:50:00,50.72,50.87,50.71,50.83,1244.584
2026-08-25 19:55:00,50.83,50.85,50.81,50.84,364.503
2026-08-25 20:00:00,50.84,50.88,50.43,50.6,2118.97
2026-08-25 20:05:00,50.6,50.75,50.54,50.75,1737.743
2026-08-25 20:10:00,50.74,50.79,50.68,50.79,1081.677
2026-08-25 20:15:00,50.79,50.84,50.69,50.84,419.952
2026-08-25 20:20:00,50.83,50.85,50.73,50.84,378.436
2026-08-25 20:25:00,50.84,50.84,50.67,50.68,364.458
2026-08-25 20:30:00,50.67,50.73,50.61,50.68,778.671
2026-08-25 20:35:00,50.68,50.73,50.44,50.46,852.221
2026-08-25 20:40:00,50.46,50.51,50.29,50.37,1343.749
2026-08-25 20:45:00,50.38,50.46,49.8,50.16,11562.822
2026-08-25 20:50:00,50.17,50.28,50.11,50.13,2497.589
2026-08-25 20:55:00,50.14,50.15,50.05,50.07,1630.124
2026-08-25 21:00:00,50.07,50.21,50.03,50.13,2013.471
2026-08-25 21:05:00,50.13,50.17,49.45,49.77,8123.644
2026-08-25 21:10:00,49.78,50.12,49.7,50.08,4397.768
2026-08-25 21:15:00,50.07,50.12,50.0,50.07,870.739
2026-08-25 21:20:00,50.08,50.08,49.87,49.94,949.978
2026-08-25 21:25:00,49.95,50.19,49.9,50.18,768.877
2026-08-25 21:30:00,50.18,50.26,50.15,50.25,1845.948
2026-08-25 21:35:00,50.25,50.38,50.25,50.34,1693.502
2026-08-25 21:40:00,50.35,50.39,50.33,50.37,1779.149
2026-08-25 21:45:00,50.38,50.4,50.32,50.34,1590.93
2026-08-25 21:50:00,50.34,50.35,50.29,50.32,1590.572
2026-08-25 21:55:00,50.32,50.38,50.29,50.33,1463.662
2026-08-25 22:00:00,50.34,50.64,50.34,50.64,2251.122
2026-08-25 22:05:00,50.64,50.69,50.59,50.66,1889.249
2026-08-25 22:10:00,50.66,50.74,50.64,50.69,1308.715
2026-08-25 22:15:00,50.69,50.73,50.65,50.73,1991.69
2026-08-25 22:20:00,50.74,50.75,50.6,50.62,1785.178
2026-08-25 22:25:00,50.62,50.62,50.44,50.47,1921.505
2026-08-25 22:30:00,50.46,50.57,50.42,50.54,1301.06
2026-08-25 22:35:00,50.54,50.55,50.43,50.44,1236.808
2026-08-25 22:40:00,50.43,50.47,50.39,50.41,1100.23
2026-08-25 22:45:00,50.41,50.48,50.39,50.47,1418.265
2026-08-25 22:50:00,50.47,50.49,50.44,50.44,1291.956
2026-08-25 22:55:00,50.44,50.56,50.44,50.51,1583.529
2026-08-25 23:00:00,50.51,50.57,50.49,50.53,1138.0
2026-08-25 23:05:00,50.53,50.55,50.4,50.4,1121.682
2026-08-25 23:10:00,50.4,50.41,50.35,50.39,1545.549
2026-08-25 23:15:00,50.39,50.44,50.24,50.25,1751.763
2026-08-25 23:20:00,50.25,50.29,50.2,50.2,2231.828
2026-08-25 23:25:00,50.21,50.28,50.2,50.24,1601.951
2026-08-25 23:30:00,50.24,50.25,50.14,50.16,1314.033
2026-08-25 23:35:00,50.15,50.16,50.07,50.1,1871.27
2026-08-25 23:40:00,50.09,50.09,49.92,50.0,2778.683
2026-08-25 23:45:00,49.99,50.0,49.92,49.95,1725.612
2026-08-25 23:50:00,49.95,49.97,49.86,49.89,3858.789
2026-08-25 23:55:00,49.88,49.96,49.86,49.95,1751.323
2026-08-26 00:00:00,49.95,50.02,49.81,50.01,2302.402
2026-08-26 00:05:00,50.01,50.03,49.87,49.88,2135.964
2026-08-26 00:10:00,49.88,49.92,49.74,49.77,2088.716
2026-08-26 00:15:00,49.77,49.93,49.74,49.89,2464.612
2026-08-26 00:20:00,49.89,49.94,49.82,49.92,1594.849
2026-08-26 00:25:00,49.92,49.99,49.86,49.99,1550.155
2026-08-26 00:30:00,49.98,50.13,49.96,50.08,2471.565
2026-08-26 00:35:00,50.08,50.12,49.99,50.0,2185.759
2026-08-26 00:40:00,50.0,50.15,49.96,50.07,1522.394
2026-08-26 00:45:00,50.07,50.21,50.06,50.16,1549.915
2026-08-26 00:50:00,50.16,50.26,50.16,50.23,1646.606
2026-08-26 00:55:00,50.24,50.34,50.22,50.23,1454.11
2026-08-26 01:00:00,50.24,50.43,50.2,50.42,2348.874
2026-08-26 01:05:00,50.42,50.49,50.36,50.36,1795.49
2026-08-26 01:10:00,50.36,50.39,50.3,50.32,1321.675
2026-08-26 01:15:00,50.31,50.39,50.24,50.29,2980.616
2026-08-26 01:20:00,50.29,50.33,50.22,50.22,2206.362
2026-08-26 01:25:00,50.22,50.22,50.09,50.12,2312.018
2026-08-26 01:30:00,50.12,50.43,50.12,50.41,2051.389
2026-08-26 01:35:00,50.41,50.45,50.35,50.37,1547.283
2026-08-26 01:40:00,50.37,50.38,50.32,50.35,1274.016
2026-08-26 01:45:00,50.34,50.37,50.3,50.33,1424.669
2026-08-26 01:50:00,50.33,50.33,50.28,50.3,1609.187
2026-08-26 01:55:00,50.3,50.35,50.29,50.31,1554.523
2026-08-26 02:00:00,50.31,50.36,50.13,50.18,2335.636
2026-08-26 02:05:00,50.18,50.21,50.02,50.02,1621.492
2026-08-26 02:10:00,50.02,50.1,50.02,50.06,1386.122
2026-08-26 02:15:00,50.05,50.3,50.05,50.21,2154.484
2026-08-26 02:20:00,50.21,50.32,50.21,50.29,1720.16
2026-08-26 02:25:00,50.29,50.44,50.29,50.42,1700.461
2026-08-26 02:30:00,50.42,50.46,50.35,50.4,2029.1
2026-08-26 02:35:00,50.4,50.42,50.35,50.36,1364.932
2026-08-26 02:40:00,50.36,50.42,50.36,50.41,1507.282
2026-08-26 02:45:00,50.42,50.49,50.4,50.43,1615.288
2026-08-26 02:50:00,50.43,50.46,50.38,50.41,4022.045
2026-08-26 02:55:00,50.41,50.46,50.41,50.44,1414.025
2026-08-26 03:00:00,50.44,50.55,50.43,50.49,1491.487
2026-08-26 03:05:00,50.49,50.56,50.45,50.47,1257.424
2026-08-26 03:10:00,50.46,50.51,50.43,50.48,1664.6
2026-08-26 03:15:00,50.48,50.49,50.35,50.4,1212.591
2026-08-26 03:20:00,50.4,50.48,50.4,50.44,1017.716
2026-08-26 03:25:00,50.43,50.45,50.37,50.4,1173.689
2026-08-26 03:30:00,50.4,50.4,50.3,50.33,1319.99
2026-08-26 03:35:00,50.34,50.42,50.32,50.37,1454.6
2026-08-26 03:40:00,50.37,50.41,50.33,50.4,1374.419
2026-08-26 03:45:00,50.4,50.44,50.3,50.33,1564.587
2026-08-26 03:50:00,50.32,50.34,50.26,50.3,1580.612
2026-08-26 03:55:00,50.3,50.41,50.3,50.32,2154.277
2026-08-26 04:00:00,50.32,50.33,50.23,50.26,1557.736
2026-08-26 04:05:00,50.26,50.4,50.26,50.38,2263.275
2026-08-26 04:10:00,50.38,50.4,50.21,50.25,1830.477
2026-08-26 04:15:00,50.25,50.36,50.24,50.36,1804.473
2026-08-26 04:20:00,50.36,50.4,50.3,50.38,1723.06
2026-08-26 04:25:00,50.38,50.42,50.34,50.35,1373.53
2026-08-26 04:30:00,50.36,50.4,50.28,50.3,1480.913
2026-08-26 04:35:00,50.3,50.4,50.29,50.33,1910.42
2026-08-26 04:40:00,50.33,50.4,50.33,50.33,1069.773
2026-08-26 04:45:00,50.33,50.33,50.16,50.18,1924.948
2026-08-26 04:50:00,50.18,50.21,50.02,50.05,6066.426
2026-08-26 04:55:00,50.05,50.06,49.94,50.0,2115.22
2026-08-26 05:00:00,50.0,50.08,49.97,50.0,1676.287
2026-08-26 05:05:00,49.99,50.0,49.87,49.97,1334.329
2026-08-26 05:10:00,49.97,50.06,49.96,50.0,2117.652
2026-08-26 05:15:00,50.0,50.05,49.96,49.97,1840.176
2026-08-26 05:20:00,49.97,50.22,49.96,50.19,1561.154
2026-08-26 05:25:00,50.19,50.29,50.14,50.28,2409.657
2026-08-26 05:30:00,50.29,50.46,50.26,50.44,2108.188
2026-08-26 05:35:00,50.44,50.44,50.32,50.35,2011.272
2026-08-26 05:40:00,50.35,50.43,50.32,50.38,1627.629
2026-08-26 05:45:00,50.38,50.39,50.32,50.34,1299.041
2026-08-26 05:50:00,50.34,50.35,50.3,50.31,1309.197
2026-08-26 05:55:00,50.31,50.38,50.31,50.37,1681.755
2026-08-26 06:00:00,50.36,50.39,50.3,50.37,1606.444
2026-08-26 06:05:00,50.37,50.42,50.36,50.41,1749.682
2026-08-26 06:10:00,50.41,50.41,50.32,50.32,1926.623
2026-08-26 06:15:00,50.32,50.37,50.28,50.3,1794.215
2026-08-26 06:20:00,50.31,50.44,50.28,50.3,5124.627
2026-08-26 06:25:00,50.3,50.33,50.12,50.13,3060.005
2026-08-26 06:30:00,50.13,50.19,50.09,50.13,2433.329
2026-08-26 06:35:00,50.13,50.18,50.0,50.06,2369.826
2026-08-26 06:40:00,50.06,50.13,50.04,50.11,1675.987
2026-08-26 06:45:00,50.11,50.13,50.03,50.07,2219.799
2026-08-26 06:50:00,50.07,50.13,50.06,50.12,1806.774
2026-08-26 06:55:00,50.12,50.18,50.1,50.16,1696.697
2026-08-26 07:00:00,50.15,50.2,50.05,50.18,1909.479
2026-08-26 07:05:00,50.18,50.27,50.13,50.13,1515.197
2026-08-26 07:10:00,50.13,50.2,50.13,50.17,1526.568
2026-08-26 07:15:00,50.18,50.23,50.12,50.2,1888.386
2026-08-26 07:20:00,50.2,50.37,50.2,50.23,1940.844
2026-08-26 07:25:00,50.23,50.27,50.18,50.18,1808.72
2026-08-26 07:30:00,50.18,50.18,50.04,50.08,541.961
2026-08-26 07:35:00,50.08,50.16,50.07,50.1,941.082
2026-08-26 07:40:00,50.1,50.19,50.1,50.19,568.479
2026-08-26 07:45:00,50.19,50.23,50.15,50.22,671.75
2026-08-26 07:50:00,50.23,50.27,50.18,50.18,554.197
2026-08-26 07:55:00,50.17,50.23,50.14,50.19,1018.937
2026-08-26 08:00:00,50.2,50.28,50.14,50.19,489.143
2026-08-26 08:05:00,50.18,50.32,50.15,50.31,483.912
2026-08-26 08:10:00,50.3,50.39,50.3,50.32,460.485
2026-08-26 08:15:00,50.31,50.44,50.26,50.29,1031.662
2026-08-26 08:20:00,50.29,50.31,50.23,50.31,419.492
2026-08-26 08:25:00,50.32,50.41,50.32,50.36,1027.672
2026-08-26 08:30:00,50.37,50.41,50.25,50.38,966.387
2026-08-26 08:35:00,50.38,50.44,50.38,50.39,614.498
2026-08-26 08:40:00,50.4,50.44,50.37,50.42,631.851
2026-08-26 08:45:00,50.42,50.43,50.37,50.39,165.026
2026-08-26 08:50:00,50.39,50.42,50.24,50.24,4647.162
2026-08-26 08:55:00,50.24,50.26,50.13,50.22,1136.106
2026-08-26 09:00:00,50.21,50.37,50.21,50.34,865.002
2026-08-26 09:05:00,50.33,50.38,50.22,50.25,1699.386
2026-08-26 09:10:00,50.26,50.31,50.23,50.25,492.658
2026-08-26 09:15:00,50.24,50.24,50.08,50.1,1572.449
2026-08-26 09:20:00,50.11,50.16,50.03,50.04,1104.719
2026-08-26 09:25:00,50.04,50.17,50.04,50.12,869.191
2026-08-26 09:30:00,50.11,50.17,50.06,50.12,1002.214
2026-08-26 09:35:00,50.12,50.13,50.03,50.04,760.28
2026-08-26 09:40:00,50.04,50.1,49.99,50.0,793.872
2026-08-26 09:45:00,50.0,50.15,49.95,50.15,747.664
2026-08-26 09:50:00,50.15,50.21,50.11,50.11,1544.257
2026-08-26 09:55:00,50.12,50.16,50.1,50.14,977.145
2026-08-26 10:00:00,50.13,50.14,49.99,50.01,543.411
2026-08-26 10:05:00,50.02,50.06,49.96,50.0,1158.846
2026-08-26 10:10:00,50.0,50.1,49.96,50.09,659.015
2026-08-26 10:15:00,50.09,50.25,50.08,50.25,752.129
2026-08-26 10:20:00,50.25,50.35,50.2,50.35,791.196
2026-08-26 10:25:00,50.35,50.4,50.3,50.38,2900.829
2026-08-26 10:30:00,50.37,50.39,50.31,50.39,918.165
2026-08-26 10:35:00,50.39,50.54,50.34,50.48,1205.325
2026-08-26 10:40:00,50.49,50.54,50.44,50.5,1062.451
2026-08-26 10:45:00,50.5,50.62,50.48,50.62,453.085
2026-08-26 10:50:00,50.62,50.69,50.6,50.67,861.854
2026-08-26 10:55:00,50.67,50.72,50.66,50.71,909.471
2026-08-26 11:00:00,50.71,50.82,50.7,50.8,1648.626
2026-08-26 11:05:00,50.8,50.83,50.74,50.76,754.507
2026-08-26 11:10:00,50.76,50.79,50.63,50.65,801.051
2026-08-26 11:15:00,50.65,50.7,50.62,50.65,539.063
2026-08-26 11:20:00,50.65,50.69,50.62,50.69,593.189
2026-08-26 11:25:00,50.69,50.69,50.61,50.63,334.615
2026-08-26 11:30:00,50.62,50.65,50.6,50.6,378.971
2026-08-26 11:35:00,50.6,50.64,50.39,50.51,1148.313
2026-08-26 11:40:00,50.52,50.66,50.48,50.65,527.263
2026-08-26 11:45:00,50.64,50.67,50.51,50.51,2430.693
2026-08-26 11:50:00,50.52,50.67,50.51,50.67,551.739
2026-08-26 11:55:00,50.66,50.68,50.55,50.56,2391.758
2026-08-26 12:00:00,50.57,50.69,50.57,50.68,959.967
2026-08-26 12:05:00,50.68,50.68,50.54,50.57,446.433
2026-08-26 12:10:00,50.57,50.62,50.56,50.58,690.581
2026-08-26 12:15:00,50.58,50.64,50.51,50.63,1693.471
2026-08-26 12:20:00,50.64,50.83,50.64,50.81,341.912
2026-08-26 12:25:00,50.82,50.92,50.82,50.87,2111.761
2026-08-26 12:30:00,50.87,50.87,50.25,50.73,4551.165
2026-08-26 12:35:00,50.72,50.79,50.63,50.68,657.139
2026-08-26 12:40:00,50.68,50.73,50.48,50.49,1737.205
2026-08-26 12:45:00,50.49,50.54,50.36,50.44,3893.084
2026-08-26 12:50:00,50.44,50.51,50.41,50.46,634.288
2026-08-26 12:55:00,50.45,50.57,50.42,50.46,2382.961
2026-08-26 13:00:00,50.45,50.45,50.27,50.27,3296.488
2026-08-26 13:05:00,50.28,50.28,50.05,50.11,5453.189
2026-08-26 13:10:00,50.11,50.13,49.97,50.02,1494.772
2026-08-26 13:15:00,50.03,50.07,49.97,49.99,918.038
2026-08-26 13:20:00,50.0,50.1,49.9,49.95,1360.861
2026-08-26 13:25:00,49.96,50.01,49.87,49.9,4116.356
2026-08-26 13:30:00,49.91,50.17,49.9,50.12,2125.502
2026-08-26 13:35:00,50.12,50.27,50.08,50.19,1790.687
2026-08-26 13:40:00,50.18,50.27,50.14,50.24,1418.28
2026-08-26 13:45:00,50.23,50.28,50.1,50.13,670.005
2026-08-26 13:50:00,50.13,50.13,50.0,50.06,1756.615
2026-08-26 13:55:00,50.05,50.2,50.03,50.2,428.75
2026-08-26 14:00:00,50.19,50.32,50.07,50.27,1079.375
2026-08-26 14:05:00,50.28,50.28,50.2,50.26,442.365
2026-08-26 14:10:00,50.25,50.31,50.2,50.26,720.898
2026-08-26 14:15:00,50.26,50.3,50.22,50.22,724.142
2026-08-26 14:20:00,50.23,50.27,50.17,50.17,3091.175
2026-08-26 14:25:00,50.17,50.19,50.07,50.09,969.486
2026-08-26 14:30:00,50.09,50.15,50.03,50.07,904.33
2026-08-26 14:35:00,50.06,50.15,49.98,50.05,1822.156
2026-08-26 14:40:00,50.05,50.06,49.87,49.88,3225.291
2026-08-26 14:45:00,49.88,49.92,49.58,49.67,5693.709
2026-08-26 14:50:00,49.67,49.77,49.57,49.65,3310.486
2026-08-26 14:55:00,49.66,49.7,49.47,49.53,6899.701
2026-08-26 15:00:00,49.53,49.63,49.28,49.33,8846.188
2026-08-26 15:05:00,49.34,49.65,49.33,49.59,1055.884
2026-08-26 15:10:00,49.58,49.58,49.41,49.46,1163.104
2026-08-26 15:15:00,49.47,49.48,49.25,49.27,6369.529
2026-08-26 15:20:00,49.27,49.35,49.18,49.35,3598.392
2026-08-26 15:25:00,49.35,49.55,49.35,49.5,720.886
2026-08-26 15:30:00,49.49,49.53,49.32,49.34,1777.068
2026-08-26 15:35:00,49.33,49.45,49.31,49.41,1602.357
2026-08-26 15:40:00,49.42,49.52,49.38,49.47,1433.002
2026-08-26 15:45:00,49.47,49.6,49.47,49.6,787.077
2026-08-26 15:50:00,49.6,49.64,49.54,49.59,572.897
2026-08-26 15:55:00,49.59,49.65,49.53,49.55,328.109
2026-08-26 16:00:00,49.54,49.69,49.49,49.69,891.06
2026-08-26 16:05:00,49.68,49.76,49.66,49.72,1248.92
2026-08-26 16:10:00,49.72,49.74,49.69,49.71,1177.675
2026-08-26 16:15:00,49.71,49.73,49.55,49.57,976.306
2026-08-26 16:20:00,49.57,49.72,49.54,49.59,1282.057
2026-08-26 16:25:00,49.6,49.64,49.49,49.64,3283.881
2026-08-26 16:30:00,49.62,49.69,49.58,49.65,411.715
2026-08-26 16:35:00,49.65,49.75,49.57,49.57,1570.091
2026-08-26 16:40:00,49.56,49.62,49.51,49.55,1386.252
2026-08-26 16:45:00,49.55,49.82,49.55,49.77,588.699
2026-08-26 16:50:00,49.78,49.83,49.72,49.77,536.091
2026-08-26 16:55:00,49.77,49.84,49.72,49.77,523.313
2026-08-26 17:00:00,49.77,49.81,49.72,49.78,290.906
2026-08-26 17:05:00,49.78,49.87,49.74,49.85,494.275
2026-08-26 17:10:00,49.85,49.88,49.81,49.85,785.844
2026-08-26 17:15:00,49.86,49.91,49.85,49.91,1199.896
2026-08-26 17:20:00,49.91,49.94,49.85,49.9,445.144
2026-08-26 17:25:00,49.9,50.04,49.89,50.0,721.184
2026-08-26 17:30:00,49.99,50.03,49.97,50.03,414.844
2026-08-26 17:35:00,50.03,50.04,49.97,50.01,377.35
2026-08-26 17:40:00,50.02,50.04,49.91,49.91,1154.784
2026-08-26 17:45:00,49.91,49.93,49.83,49.84,695.515
2026-08-26 17:50:00,49.85,49.9,49.81,49.89,569.42
2026-08-26 17:55:00,49.88,49.96,49.88,49.95,341.671
2026-08-26 18:00:00,49.95,49.98,49.87,49.92,427.514
2026-08-26 18:05:00,49.92,49.95,49.89,49.93,406.512
2026-08-26 18:10:00,49.93,50.04,49.9,49.93,3904.738
2026-08-26 18:15:00,49.92,50.0,49.9,49.94,297.38
2026-08-26 18:20:00,49.94,50.0,49.82,49.84,1003.337
2026-08-26 18:25:00,49.85,49.89,49.81,49.86,744.306
2026-08-26 18:30:00,49.85,49.96,49.85,49.92,1374.789
2026-08-26 18:35:00,49.92,49.94,49.85,49.89,479.16
2026-08-26 18:40:00,49.89,49.89,49.79,49.83,272.502
2026-08-26 18:45:00,49.83,49.91,49.83,49.88,1760.791
2026-08-26 18:50:00,49.89,49.91,49.81,49.91,406.56
2026-08-26 18:55:00,49.9,50.0,49.89,49.93,581.376
2026-08-26 19:00:00,49.93,49.98,49.89,49.91,559.379
2026-08-26 19:05:00,49.91,49.91,49.84,49.86,560.005
2026-08-26 19:10:00,49.86,49.93,49.85,49.88,509.358
2026-08-26 19:15:00,49.87,49.92,49.86,49.89,809.905
2026-08-26 19:20:00,49.89,49.95,49.85,49.92,1078.959
2026-08-26 19:25:00,49.91,50.01,49.89,49.97,1360.989
2026-08-26 19:30:00,49.98,49.98,49.85,49.87,3425.792
2026-08-26 19:35:00,49.88,49.89,49.76,49.76,765.675
2026-08-26 19:40:00,49.77,49.82,49.76,49.78,1156.487
2026-08-26 19:45:00,49.79,49.87,49.78,49.87,626.012
2026-08-26 19:50:00,49.88,49.89,49.82,49.83,320.077
2026-08-26 19:55:00,49.83,49.87,49.82,49.84,239.569
2026-08-26 20:00:00,49.84,49.89,49.8,49.88,409.588
2026-08-26 20:05:00,49.89,49.9,49.86,49.88,394.73
2026-08-26 20:10:00,49.88,49.89,49.84,49.84,285.987
2026-08-26 20:15:00,49.83,49.87,49.82,49.82,793.655
2026-08-26 20:20:00,49.82,49.83,49.61,49.75,963.424
2026-08-26 20:25:00,49.75,49.85,49.75,49.85,352.783
2026-08-26 20:30:00,49.85,49.87,49.74,49.77,701.09
2026-08-26 20:35:00,49.78,49.87,49.74,49.87,1462.796
2026-08-26 20:40:00,49.87,49.9,49.84,49.86,921.647
2026-08-26 20:45:00,49.86,49.9,49.84,49.9,129.914
2026-08-26 20:50:00,49.9,49.9,49.87,49.89,85.364
2026-08-26 20:55:00,49.9,49.9,49.87,49.9,5121.672
2026-08-26 21:00:00,49.9,49.9,49.79,49.84,5870.33
2026-08-26 21:05:00,49.85,49.9,49.82,49.89,8719.794
2026-08-26 21:10:00,49.89,49.98,49.86,49.91,18194.505
2026-08-26 21:15:00,49.92,49.99,49.88,49.96,1734.393
2026-08-26 21:20:00,49.97,50.02,49.93,50.02,872.631
2026-08-26 21:25:00,50.03,50.12,49.86,49.92,4016.169
2026-08-26 21:30:00,49.91,50.03,49.82,49.9,2620.827
2026-08-26 21:35:00,49.91,49.96,49.89,49.9,1740.465
2026-08-26 21:40:00,49.9,49.9,49.83,49.84,305.216
2026-08-26 21:45:00,49.84,49.89,49.8,49.89,1323.841
2026-08-26 21:50:00,49.89,50.04,49.89,50.04,484.651
2026-08-26 21:55:00,50.04,50.18,50.03,50.1,1128.256
2026-08-26 22:00:00,50.11,50.3,50.07,50.29,1203.239
2026-08-26 22:05:00,50.28,50.28,50.18,50.19,416.494
2026-08-26 22:10:00,50.18,50.28,50.17,50.26,1712.932
2026-08-26 22:15:00,50.25,50.45,50.25,50.38,1941.068
2026-08-26 22:20:00,50.37,50.46,50.36,50.4,642.751
2026-08-26 22:25:00,50.4,50.46,50.38,50.41,977.548
2026-08-26 22:30:00,50.4,50.41,50.24,50.27,1914.081
2026-08-26 22:35:00,50.27,50.29,50.06,50.06,1886.701
2026-08-26 22:40:00,50.06,50.19,49.99,50.16,909.776
2026-08-26 22:45:00,50.15,50.16,50.05,50.07,653.562
2026-08-26 22:50:00,50.08,50.08,50.01,50.03,212.291
2026-08-26 22:55:00,50.04,50.14,50.02,50.07,621.404
2026-08-26 23:00:00,50.07,50.15,50.03,50.13,561.539
2026-08-26 23:05:00,50.13,50.13,50.04,50.04,333.945
2026-08-26 23:10:00,50.04,50.09,50.03,50.08,438.55
2026-08-26 23:15:00,50.07,50.16,50.05,50.15,298.413
2026-08-26 23:20:00,50.14,50.29,50.13,50.26,592.521
2026-08-26 23:25:00,50.25,50.37,50.22,50.31,536.154
2026-08-26 23:30:00,50.31,50.37,50.27,50.29,436.874
2026-08-26 23:35:00,50.28,50.41,50.28,50.4,746.501
2026-08-26 23:40:00,50.4,50.48,50.36,50.47,859.376
2026-08-26 23:45:00,50.46,50.51,50.41,50.47,735.884
2026-08-26 23:50:00,50.48,50.52,50.44,50.46,412.679
2026-08-26 23:55:00,50.47,50.58,50.46,50.51,1882.019
2026-08-27 00:00:00,50.5,50.5,50.33,50.33,1089.106
2026-08-27 00:05:00,50.32,50.36,50.27,50.32,809.088
2026-08-27 00:10:00,50.32,50.33,50.23,50.28,866.012
2026-08-27 00:15:00,50.28,50.31,50.19,50.31,609.256
2026-08-27 00:20:00,50.3,50.33,50.25,50.25,272.414
2026-08-27 00:25:00,50.25,50.25,50.19,50.25,548.594
2026-08-27 00:30:00,50.24,50.24,50.17,50.19,261.062
2026-08-27 00:35:00,50.19,50.21,50.11,50.16,1057.361
2026-08-27 00:40:00,50.16,50.16,50.02,50.11,800.168
2026-08-27 00:45:00,50.11,50.11,50.05,50.08,170.779
2026-08-27 00:50:00,50.08,50.14,50.02,50.03,244.684
2026-08-27 00:55:00,50.03,50.03,49.87,49.9,1656.011
2026-08-27 01:00:00,49.89,49.95,49.86,49.9,773.799
2026-08-27 01:05:00,49.91,49.96,49.84,49.89,798.489
2026-08-27 01:10:00,49.9,49.94,49.85,49.86,393.912
2026-08-27 01:15:00,49.87,49.92,49.78,49.86,383.643
2026-08-27 01:20:00,49.86,50.0,49.86,49.99,809.926
2026-08-27 01:25:00,49.99,50.18,49.99,50.15,1832.619
2026-08-27 01:30:00,50.15,50.2,50.01,50.06,1096.372
2026-08-27 01:35:00,50.07,50.13,50.02,50.09,383.828
2026-08-27 01:40:00,50.08,50.08,49.93,49.93,167.368
2026-08-27 01:45:00,49.92,50.07,49.92,50.07,365.168
2026-08-27 01:50:00,50.08,50.1,50.01,50.07,1162.018
2026-08-27 01:55:00,50.07,50.07,49.96,49.97,862.263
2026-08-27 02:00:00,49.97,50.03,49.95,50.0,978.224
2026-08-27 02:05:00,50.0,50.11,49.98,50.11,365.432
2026-08-27 02:10:00,50.1,50.12,50.01,50.05,494.619
2026-08-27 02:15:00,50.04,50.06,50.0,50.01,637.502
2026-08-27 02:20:00,50.02,50.06,49.94,49.95,460.743
2026-08-27 02:25:00,49.95,49.96,49.91,49.95,160.051
2026-08-27 02:30:00,49.95,50.01,49.9,50.0,1445.772
2026-08-27 02:35:00,50.0,50.01,49.94,49.95,220.196
2026-08-27 02:40:00,49.94,49.95,49.9,49.91,1490.729
2026-08-27 02:45:00,49.91,49.99,49.9,49.94,434.838
2026-08-27 02:50:00,49.95,49.99,49.93,49.94,334.335
2026-08-27 02:55:00,49.95,49.96,49.91,49.91,403.013
2026-08-27 03:00:00,49.92,49.94,49.91,49.93,157.288
2026-08-27 03:05:00,49.93,49.97,49.91,49.92,87.983
2026-08-27 03:10:00,49.93,49.95,49.78,49.79,564.658
2026-08-27 03:15:00,49.8,49.9,49.77,49.9,472.469
2026-08-27 03:20:00,49.91,50.05,49.84,50.01,333.233
2026-08-27 03:25:00,50.02,50.14,49.97,50.09,4584.245
2026-08-27 03:30:00,50.09,50.09,50.0,50.04,348.647
2026-08-27 03:35:00,50.04,50.04,49.95,49.98,255.072
2026-08-27 03:40:00,49.97,50.0,49.96,49.97,256.648
2026-08-27 03:45:00,49.97,50.01,49.94,49.96,333.553
2026-08-27 03:50:00,49.95,49.95,49.88,49.91,1367.523
2026-08-27 03:55:00,49.9,49.96,49.89,49.96,238.375
2026-08-27 04:00:00,49.96,50.03,49.93,49.99,569.62
2026-08-27 04:05:00,50.0,50.0,49.9,49.98,502.252
2026-08-27 04:10:00,49.99,50.0,49.95,49.98,413.914
2026-08-27 04:15:00,49.99,50.04,49.96,50.02,671.807
2026-08-27 04:20:00,50.01,50.01,49.98,50.0,167.133
2026-08-27 04:25:00,50.0,50.02,49.93,49.94,3344.384
2026-08-27 04:30:00,49.94,49.94,49.86,49.87,147.781
2026-08-27 04:35:00,49.86,49.88,49.7,49.82,2381.565
2026-08-27 04:40:00,49.81,49.9,49.78,49.86,780.783
2026-08-27 04:45:00,49.86,49.87,49.7,49.74,794.579
2026-08-27 04:50:00,49.74,49.74,49.68,49.74,318.254
2026-08-27 04:55:00,49.74,49.75,49.66,49.72,833.348
2026-08-27 05:00:00,49.73,49.79,49.71,49.72,476.063
2026-08-27 05:05:00,49.72,49.8,49.69,49.79,531.105
2026-08-27 05:10:00,49.78,49.79,49.67,49.69,293.731
2026-08-27 05:15:00,49.69,49.72,49.59,49.64,941.402
2026-08-27 05:20:00,49.64,49.69,49.57,49.69,3255.657
2026-08-27 05:25:00,49.69,49.72,49.57,49.57,512.127
2026-08-27 05:30:00,49.57,49.58,49.39,49.51,2481.857
2026-08-27 05:35:00,49.51,49.6,49.45,49.59,408.017
2026-08-27 05:40:00,49.58,49.65,49.49,49.54,2722.095
2026-08-27 05:45:00,49.54,49.71,49.53,49.7,651.567
2026-08-27 05:50:00,49.7,49.8,49.67,49.77,999.83
2026-08-27 05:55:00,49.77,49.79,49.7,49.76,690.418
2026-08-27 06:00:00,49.75,49.8,49.74,49.75,500.299
2026-08-27 06:05:00,49.75,49.76,49.71,49.73,373.777
2026-08-27 06:10:00,49.73,49.73,49.57,49.6,2678.813
2026-08-27 06:15:00,49.61,49.62,49.53,49.58,1526.119
2026-08-27 06:20:00,49.59,49.66,49.59,49.63,437.981
2026-08-27 06:25:00,49.62,49.65,49.58,49.59,740.164
2026-08-27 06:30:00,49.59,49.65,49.58,49.65,714.645
2026-08-27 06:35:00,49.65,49.69,49.65,49.65,462.892
2026-08-27 06:40:00,49.66,49.71,49.64,49.71,200.702
2026-08-27 06:45:00,49.71,49.77,49.69,49.76,707.163
2026-08-27 06:50:00,49.76,49.78,49.74,49.76,177.628
2026-08-27 06:55:00,49.75,49.79,49.74,49.75,155.831
2026-08-27 07:00:00,49.76,49.76,49.72,49.74,374.509
2026-08-27 07:05:00,49.74,49.75,49.71,49.74,342.516
2026-08-27 07:10:00,49.73,49.84,49.71,49.8,655.362
2026-08-27 07:15:00,49.8,49.85,49.78,49.83,306.303
2026-08-27 07:20:00,49.83,49.84,49.81,49.81,668.204
2026-08-27 07:25:00,49.81,49.82,49.77,49.8,746.814
2026-08-27 07:30:00,49.79,49.83,49.76,49.78,1277.729
2026-08-27 07:35:00,49.78,49.79,49.65,49.68,2595.276
2026-08-27 07:40:00,49.67,49.75,49.62,49.69,1350.507
2026-08-27 07:45:00,49.69,49.74,49.69,49.69,349.743
2026-08-27 07:50:00,49.7,49.76,49.69,49.73,730.806
2026-08-27 07:55:00,49.73,49.8,49.73,49.79,801.583
2026-08-27 08:00:00,49.79,49.85,49.73,49.85,7421.992
2026-08-27 08:05:00,49.85,49.97,49.77,49.97,26821.114
2026-08-27 08:10:00,49.97,49.98,49.78,49.85,3915.275
2026-08-27 08:15:00,49.84,49.86,49.66,49.72,1769.679
2026-08-27 08:20:00,49.73,49.86,49.7,49.86,2340.956
2026-08-27 08:25:00,49.86,50.02,49.85,49.98,3264.174
2026-08-27 08:30:00,49.98,50.04,49.96,50.01,1995.012
2026-08-27 08:35:00,50.0,50.1,49.88,50.01,5798.906
2026-08-27 08:40:00,50.01,50.28,50.0,50.19,5102.414
2026-08-27 08:45:00,50.2,50.27,50.17,50.2,3988.232
2026-08-27 08:50:00,50.21,50.25,50.16,50.18,1156.666
2026-08-27 08:55:00,50.17,50.22,50.13,50.21,651.016
2026-08-27 09:00:00,50.2,50.2,50.08,50.16,2159.438
2026-08-27 09:05:00,50.15,50.2,50.05,50.2,1400.442
2026-08-27 09:10:00,50.2,50.2,50.1,50.14,1825.37
2026-08-27 09:15:00,50.14,50.19,50.07,50.19,876.371
2026-08-27 09:20:00,50.18,50.28,50.18,50.26,1030.753
2026-08-27 09:25:00,50.26,50.5,50.25,50.49,4848.181
2026-08-27 09:30:00,50.49,50.51,50.42,50.42,2719.918
2026-08-27 09:35:00,50.42,50.47,50.36,50.47,1476.018
2026-08-27 09:40:00,50.47,50.48,50.37,50.42,1065.623
2026-08-27 09:45:00,50.43,50.44,50.39,50.39,1130.774
2026-08-27 09:50:00,50.39,50.39,50.21,50.29,1215.2
2026-08-27 09:55:00,50.28,50.28,50.19,50.26,1364.759
2026-08-27 10:00:00,50.26,50.3,50.19,50.24,1451.675
2026-08-27 10:05:00,50.24,50.34,50.22,50.34,618.424
2026-08-27 10:10:00,50.34,50.35,50.03,50.11,856.956
2026-08-27 10:15:00,50.12,50.16,50.0,50.12,3165.345
2026-08-27 10:20:00,50.12,50.16,50.0,50.04,1206.683
2026-08-27 10:25:00,50.03,50.03,49.61,49.87,3532.669
2026-08-27 10:30:00,49.87,49.89,49.75,49.85,1584.053
2026-08-27 10:35:00,49.85,49.88,49.6,49.64,4908.287
2026-08-27 10:40:00,49.64,49.89,49.64,49.83,861.695
2026-08-27 10:45:00,49.82,49.87,49.78,49.81,627.665
2026-08-27 10:50:00,49.81,49.91,49.81,49.9,348.663
2026-08-27 10:55:00,49.9,49.95,49.88,49.93,473.387
2026-08-27 11:00:00,49.92,50.1,49.9,50.07,1012.166
2026-08-27 11:05:00,50.07,50.12,49.99,50.0,1195.852
2026-08-27 11:10:00,49.99,50.01,49.95,49.98,996.7
2026-08-27 11:15:00,49.99,50.01,49.95,49.98,678.957
2026-08-27 11:20:00,49.99,50.0,49.95,49.99,420.853
2026-08-27 11:25:00,49.99,49.99,49.77,49.82,536.135
2026-08-27 11:30:00,49.82,49.92,49.73,49.91,704.842
2026-08-27 11:35:00,49.9,49.96,49.85,49.87,918.459
2026-08-27 11:40:00,49.87,49.99,49.87,49.98,341.43
2026-08-27 11:45:00,49.98,49.98,49.78,49.78,2132.374
2026-08-27 11:50:00,49.78,49.9,49.66,49.89,727.88
2026-08-27 11:55:00,49.88,49.89,49.8,49.86,397.868
2026-08-27 12:00:00,49.87,49.97,49.87,49.93,464.836
2026-08-27 12:05:00,49.92,49.92,49.81,49.84,781.312
2026-08-27 12:10:00,49.84,49.92,49.84,49.91,452.372
2026-08-27 12:15:00,49.9,49.93,49.85,49.86,1004.654
2026-08-27 12:20:00,49.86,49.93,49.83,49.93,657.768
2026-08-27 12:25:00,49.93,49.96,49.91,49.93,1130.765
2026-08-27 12:30:00,49.93,49.94,49.84,49.86,903.023
2026-08-27 12:35:00,49.86,49.86,49.68,49.73,2427.542
2026-08-27 12:40:00,49.73,49.76,49.67,49.68,882.215
2026-08-27 12:45:00,49.68,49.75,49.68,49.73,1351.678
2026-08-27 12:50:00,49.73,49.77,49.69,49.75,437.013
2026-08-27 12:55:00,49.75,49.78,49.63,49.67,702.779
2026-08-27 13:00:00,49.67,49.75,49.67,49.7,683.116
2026-08-27 13:05:00,49.7,49.77,49.67,49.74,381.676
2026-08-27 13:10:00,49.73,49.78,49.72,49.75,374.054
2026-08-27 13:15:00,49.75,49.88,49.75,49.8,923.66
2026-08-27 13:20:00,49.81,49.98,49.78,49.97,737.624
2026-08-27 13:25:00,49.97,50.19,49.96,50.18,1861.077
2026-08-27 13:30:00,50.18,50.18,49.81,49.85,3221.503
2026-08-27 13:35:00,49.86,49.96,49.83,49.95,487.285
2026-08-27 13:40:00,49.96,50.04,49.86,49.94,2025.589
2026-08-27 13:45:00,49.95,49.98,49.67,49.74,1319.776
2026-08-27 13:50:00,49.75,49.97,49.75,49.94,937.161
2026-08-27 13:55:00,49.94,50.1,49.91,50.08,1337.719
2026-08-27 14:00:00,50.07,50.14,49.98,50.1,741.89
2026-08-27 14:05:00,50.1,50.18,49.9,49.92,3071.142
2026-08-27 14:10:00,49.91,49.94,49.81,49.88,859.706
2026-08-27 14:15:00,49.88,50.08,49.86,50.08,639.509
2026-08-27 14:20:00,50.07,50.19,50.03,50.15,790.269
2026-08-27 14:25:00,50.14,50.19,50.07,50.18,751.934
2026-08-27 14:30:00,50.18,50.18,50.08,50.12,774.534
2026-08-27 14:35:00,50.13,50.4,50.13,50.31,4086.097
2026-08-27 14:40:00,50.32,50.47,50.31,50.39,2217.387
2026-08-27 14:45:00,50.39,50.43,50.25,50.31,1293.034
2026-08-27 14:50:00,50.32,50.36,50.24,50.28,1281.488
2026-08-27 14:55:00,50.28,50.38,50.14,50.25,4652.115
2026-08-27 15:00:00,50.26,50.34,50.2,50.29,1995.388
2026-08-27 15:05:00,50.28,50.5,50.26,50.45,1984.689
2026-08-27 15:10:00,50.45,50.53,50.42,50.48,1608.998
2026-08-27 15:15:00,50.47,50.53,50.39,50.5,2289.107
2026-08-27 15:20:00,50.49,50.49,50.06,50.09,7106.425
2026-08-27 15:25:00,50.09,50.11,49.95,50.04,10529.611
2026-08-27 15:30:00,50.03,50.11,49.91,49.98,2457.705
2026-08-27 15:35:00,49.98,50.19,49.97,50.13,1446.337
2026-08-27 15:40:00,50.12,50.22,50.09,50.19,699.945
2026-08-27 15:45:00,50.18,50.23,50.15,50.16,1737.215
2026-08-27 15:50:00,50.17,50.19,50.08,50.19,2701.0
2026-08-27 15:55:00,50.19,50.2,50.15,50.19,1079.357
2026-08-27 16:00:00,50.18,50.26,50.15,50.26,1043.306
2026-08-27 16:05:00,50.25,50.31,50.1,50.13,1452.853
2026-08-27 16:10:00,50.13,50.35,50.12,50.32,1160.119
2026-08-27 16:15:00,50.32,50.52,50.28,50.43,9003.845
2026-08-27 16:20:00,50.43,50.5,50.38,50.48,3442.311
2026-08-27 16:25:00,50.48,50.51,50.39,50.4,685.502
2026-08-27 16:30:00,50.4,50.46,50.36,50.43,739.009
2026-08-27 16:35:00,50.42,50.44,50.34,50.34,1422.41
2026-08-27 16:40:00,50.34,50.48,50.2,50.47,2623.66
2026-08-27 16:45:00,50.47,50.49,50.39,50.4,1092.57
2026-08-27 16:50:00,50.39,50.4,50.23,50.31,3537.309
2026-08-27 16:55:00,50.31,50.31,50.25,50.25,460.213
2026-08-27 17:00:00,50.25,50.25,50.02,50.13,1019.704
2026-08-27 17:05:00,50.13,50.23,50.07,50.2,1426.552
2026-08-27 17:10:00,50.2,50.27,50.18,50.26,1010.053
2026-08-27 17:15:00,50.26,50.46,50.25,50.43,1218.656
2026-08-27 17:20:00,50.43,50.5,50.34,50.48,903.274
2026-08-27 17:25:00,50.49,50.49,50.32,50.34,1309.784
2026-08-27 17:30:00,50.33,50.39,50.33,50.34,827.908
2026-08-27 17:35:00,50.34,50.43,50.34,50.39,1648.852
2026-08-27 17:40:00,50.38,50.43,50.22,50.22,1122.336
2026-08-27 17:45:00,50.23,50.35,50.2,50.29,978.489
2026-08-27 17:50:00,50.29,50.31,50.21,50.24,569.949
2026-08-27 17:55:00,50.24,50.26,50.16,50.17,615.668
2026-08-27 18:00:00,50.17,50.18,50.06,50.11,1733.358
2026-08-27 18:05:00,50.11,50.19,50.08,50.14,1819.415
2026-08-27 18:10:00,50.15,50.15,49.8,49.94,3833.594
2026-08-27 18:15:00,49.94,50.03,49.77,49.81,2231.835
2026-08-27 18:20:00,49.81,49.86,49.7,49.85,1473.008
2026-08-27 18:25:00,49.86,49.88,49.76,49.78,1310.895
2026-08-27 18:30:00,49.79,49.87,49.77,49.79,1443.562
2026-08-27 18:35:00,49.79,49.87,49.78,49.86,546.952
2026-08-27 18:40:00,49.86,49.87,49.79,49.85,392.247
2026-08-27 18:45:00,49.85,49.9,49.83,49.88,366.423
2026-08-27 18:50:00,49.87,49.88,49.81,49.87,435.292
2026-08-27 18:55:00,49.88,49.98,49.85,49.97,335.344
2026-08-27 19:00:00,49.98,50.03,49.96,49.99,488.279
2026-08-27 19:05:00,49.99,50.0,49.93,49.93,574.482
2026-08-27 19:10:00,49.93,49.98,49.92,49.97,349.157
2026-08-27 19:15:00,49.96,50.04,49.95,50.02,530.049
2026-08-27 19:20:00,50.01,50.03,49.93,49.94,400.503
2026-08-27 19:25:00,49.95,49.98,49.9,49.98,555.495
2026-08-27 19:30:00,49.98,50.02,49.96,49.96,542.588
2026-08-27 19:35:00,49.97,49.99,49.92,49.96,598.825
2026-08-27 19:40:00,49.97,49.97,49.94,49.95,226.129
2026-08-27 19:45:00,49.96,50.11,49.96,50.04,1394.921
2026-08-27 19:50:00,50.04,50.08,49.99,50.08,564.679
2026-08-27 19:55:00,50.08,50.09,49.97,49.99,921.2
2026-08-27 20:00:00,49.99,49.99,49.88,49.9,304.525
2026-08-27 20:05:00,49.89,50.0,49.88,49.93,764.756
2026-08-27 20:10:00,49.94,49.94,49.87,49.87,301.764
2026-08-27 20:15:00,49.87,50.01,49.86,50.0,405.413
2026-08-27 20:20:00,50.0,50.12,50.0,50.06,622.33
2026-08-27 20:25:00,50.06,50.07,50.0,50.0,329.067
2026-08-27 20:30:00,50.0,50.03,49.99,50.01,151.777
2026-08-27 20:35:00,50.02,50.04,49.97,50.0,689.777
2026-08-27 20:40:00,49.99,50.04,49.99,50.02,837.892
2026-08-27 20:45:00,50.02,50.07,50.0,50.01,792.406
2026-08-27 20:50:00,50.01,50.01,49.9,49.91,378.793
2026-08-27 20:55:00,49.91,50.0,49.9,49.99,441.829
2026-08-27 21:00:00,50.0,50.0,49.86,49.95,909.834
2026-08-27 21:05:00,49.94,50.0,49.91,49.99,409.824
2026-08-27 21:10:00,50.0,50.05,49.97,50.01,804.14
2026-08-27 21:15:00,50.0,50.0,49.88,49.88,256.969
2026-08-27 21:20:00,49.88,49.95,49.85,49.9,438.324
2026-08-27 21:25:00,49.91,49.91,49.85,49.87,963.504
2026-08-27 21:30:00,49.87,49.95,49.84,49.94,335.197
2026-08-27 21:35:00,49.93,49.93,49.82,49.84,707.967
2026-08-27 21:40:00,49.83,49.83,49.79,49.82,328.751
2026-08-27 21:45:00,49.83,49.94,49.83,49.94,329.524
2026-08-27 21:50:00,49.94,49.97,49.93,49.94,350.239
2026-08-27 21:55:00,49.93,50.0,49.93,50.0,178.998
2026-08-27 22:00:00,50.0,50.12,49.99,50.12,509.741
2026-08-27 22:05:00,50.12,50.12,50.06,50.06,419.686
2026-08-27 22:10:00,50.05,50.12,50.03,50.12,289.891
2026-08-27 22:15:00,50.11,50.21,50.11,50.18,512.486
2026-08-27 22:20:00,50.17,50.21,50.13,50.13,228.213
2026-08-27 22:25:00,50.14,50.14,50.08,50.12,798.52
2026-08-27 22:30:00,50.13,50.17,50.07,50.12,1042.286
2026-08-27 22:35:00,50.11,50.11,50.01,50.05,574.553
2026-08-27 22:40:00,50.04,50.04,50.01,50.02,152.403
2026-08-27 22:45:00,50.01,50.01,49.98,49.98,342.588
2026-08-27 22:50:00,49.98,50.0,49.94,49.97,505.184
2026-08-27 22:55:00,49.98,49.99,49.96,49.99,263.369
2026-08-27 23:00:00,49.98,50.0,49.94,49.95,455.778
2026-08-27 23:05:00,49.95,50.0,49.95,49.96,382.125
2026-08-27 23:10:00,49.96,49.97,49.93,49.93,215.79
2026-08-27 23:15:00,49.93,49.96,49.91,49.95,174.166
2026-08-27 23:20:00,49.96,49.99,49.91,49.97,828.012
2026-08-27 23:25:00,49.97,49.98,49.95,49.96,567.803
2026-08-27 23:30:00,49.95,49.97,49.93,49.94,221.724
2026-08-27 23:35:00,49.94,49.99,49.93,49.95,1610.209
2026-08-27 23:40:00,49.95,49.95,49.9,49.91,455.281
2026-08-27 23:45:00,49.9,49.92,49.87,49.89,286.55
2026-08-27 23:50:00,49.89,49.96,49.89,49.92,286.887
2026-08-27 23:55:00,49.92,49.92,49.9,49.92,275.098
2026-08-28 00:00:00,49.92,49.93,49.82,49.84,648.057
2026-08-28 00:05:00,49.84,49.84,49.69,49.7,839.259
2026-08-28 00:10:00,49.69,49.73,49.66,49.7,414.769
2026-08-28 00:15:00,49.7,49.85,49.7,49.82,1046.422
2026-08-28 00:20:00,49.82,49.9,49.77,49.84,807.296
2026-08-28 00:25:00,49.83,49.99,49.77,49.99,783.048
2026-08-28 00:30:00,49.99,50.09,49.94,50.01,879.505
2026-08-28 00:35:00,50.01,50.08,50.0,50.08,476.231
2026-08-28 00:40:00,50.09,50.09,50.0,50.02,1199.611
2026-08-28 00:45:00,50.02,50.04,49.99,50.02,415.137
2026-08-28 00:50:00,50.02,50.06,50.0,50.03,552.635
2026-08-28 00:55:00,50.03,50.19,50.03,50.07,710.404
2026-08-28 01:00:00,50.08,50.2,50.08,50.17,730.766
2026-08-28 01:05:00,50.16,50.16,50.09,50.13,212.223
2026-08-28 01:10:00,50.13,50.14,50.05,50.1,732.961
2026-08-28 01:15:00,50.1,50.29,50.06,50.23,1244.942
2026-08-28 01:20:00,50.23,50.33,50.23,50.31,1249.134
2026-08-28 01:25:00,50.32,50.42,50.31,50.41,1442.824
2026-08-28 01:30:00,50.4,50.49,50.36,50.41,1766.546
2026-08-28 01:35:00,50.4,50.4,50.18,50.23,1348.984
2026-08-28 01:40:00,50.24,50.27,50.17,50.23,638.453
2026-08-28 01:45:00,50.23,50.23,50.07,50.1,750.769
2026-08-28 01:50:00,50.1,50.17,50.06,50.1,1148.112
2026-08-28 01:55:00,50.1,50.12,49.95,49.98,720.196
2026-08-28 02:00:00,49.98,49.98,49.9,49.95,440.854
2026-08-28 02:05:00,49.96,49.96,49.85,49.87,289.261
2026-08-28 02:10:00,49.87,49.89,49.68,49.69,2224.115
2026-08-28 02:15:00,49.68,49.72,49.6,49.63,2625.562
2026-08-28 02:20:00,49.63,49.64,49.37,49.46,3082.589
2026-08-28 02:25:00,49.46,49.57,49.29,49.36,2760.498
2026-08-28 02:30:00,49.36,49.43,49.21,49.43,2663.056
2026-08-28 02:35:00,49.43,49.5,49.41,49.44,2017.066
2026-08-28 02:40:00,49.43,49.49,49.4,49.43,479.627
2026-08-28 02:45:00,49.43,49.43,49.26,49.34,1108.162
2026-08-28 02:50:00,49.34,49.35,48.96,49.24,7297.21
2026-08-28 02:55:00,49.25,49.38,49.2,49.35,910.837
2026-08-28 03:00:00,49.35,49.38,49.24,49.29,1397.812
2026-08-28 03:05:00,49.3,49.35,49.17,49.18,1046.424
2026-08-28 03:10:00,49.18,49.37,49.14,49.26,3182.309
2026-08-28 03:15:00,49.26,49.39,49.26,49.39,879.674
2026-08-28 03:20:00,49.39,49.42,49.36,49.39,361.654
2026-08-28 03:25:00,49.39,49.41,49.36,49.4,1028.67
2026-08-28 03:30:00,49.4,49.46,49.4,49.44,1832.851
2026-08-28 03:35:00,49.45,49.47,49.38,49.41,1455.6
2026-08-28 03:40:00,49.41,49.41,49.31,49.31,451.247
2026-08-28 03:45:00,49.32,49.41,49.31,49.4,516.009
2026-08-28 03:50:00,49.39,49.42,49.35,49.4,206.653
2026-08-28 03:55:00,49.4,49.4,49.34,49.36,308.284
2026-08-28 04:00:00,49.35,49.38,49.27,49.28,563.29
2026-08-28 04:05:00,49.27,49.31,49.12,49.14,973.255
2026-08-28 04:10:00,49.14,49.39,49.12,49.38,829.372
2026-08-28 04:15:00,49.38,49.49,49.38,49.43,1129.264
2026-08-28 04:20:00,49.43,49.46,49.35,49.38,445.204
2026-08-28 04:25:00,49.37,49.41,49.32,49.34,445.663
2026-08-28 04:30:00,49.35,49.36,49.21,49.23,525.683
2026-08-28 04:35:00,49.23,49.24,49.15,49.18,480.227
2026-08-28 04:40:00,49.17,49.25,49.17,49.2,1615.678
2026-08-28 04:45:00,49.19,49.21,49.15,49.19,539.462
2026-08-28 04:50:00,49.19,49.25,49.19,49.23,623.486
2026-08-28 04:55:00,49.23,49.33,49.2,49.25,911.877
2026-08-28 05:00:00,49.24,49.28,49.19,49.26,332.793
2026-08-28 05:05:00,49.25,49.25,49.14,49.16,368.657
2026-08-28 05:10:00,49.16,49.17,49.1,49.16,291.474
2026-08-28 05:15:00,49.17,49.18,49.03,49.03,414.485
2026-08-28 05:20:00,49.04,49.06,49.0,49.04,969.1
2026-08-28 05:25:00,49.04,49.11,49.04,49.11,485.99
2026-08-28 05:30:00,49.11,49.26,49.1,49.25,936.261
2026-08-28 05:35:00,49.25,49.31,49.23,49.26,225.025
2026-08-28 05:40:00,49.27,49.27,49.24,49.25,224.699
2026-08-28 05:45:00,49.25,49.32,49.24,49.32,238.122
2026-08-28 05:50:00,49.32,49.33,49.24,49.24,232.57
2026-08-28 05:55:00,49.25,49.25,49.17,49.19,462.715
2026-08-28 06:00:00,49.2,49.28,49.2,49.26,324.035
2026-08-28 06:05:00,49.25,49.29,49.24,49.27,968.144
2026-08-28 06:10:00,49.27,49.31,49.25,49.3,245.396
2026-08-28 06:15:00,49.3,49.3,49.25,49.25,211.949
2026-08-28 06:20:00,49.25,49.31,49.23,49.29,431.853
2026-08-28 06:25:00,49.3,49.32,49.27,49.28,338.031
2026-08-28 06:30:00,49.28,49.34,49.27,49.34,325.711
2026-08-28 06:35:00,49.34,49.39,49.31,49.33,329.729
2026-08-28 06:40:00,49.33,49.36,49.31,49.35,258.947
2026-08-28 06:45:00,49.35,49.42,49.33,49.42,191.301
2026-08-28 06:50:00,49.41,49.44,49.4,49.42,272.494
2026-08-28 06:55:00,49.41,49.44,49.38,49.39,196.074
2026-08-28 07:00:00,49.38,49.4,49.33,49.33,364.649
2026-08-28 07:05:00,49.33,49.33,49.16,49.18,360.085
2026-08-28 07:10:00,49.18,49.21,49.15,49.18,212.311
2026-08-28 07:15:00,49.19,49.25,49.19,49.22,371.474
2026-08-28 07:20:00,49.21,49.23,49.18,49.22,565.076
2026-08-28 07:25:00,49.22,49.28,49.22,49.27,169.141
2026-08-28 07:30:00,49.27,49.27,49.23,49.23,227.287
2026-08-28 07:35:00,49.24,49.25,49.21,49.21,829.837
2026-08-28 07:40:00,49.22,49.22,49.17,49.19,465.303
2026-08-28 07:45:00,49.19,49.25,49.18,49.24,212.848
2026-08-28 07:50:00,49.24,49.25,49.16,49.16,1029.8
2026-08-28 07:55:00,49.17,49.2,49.15,49.2,346.53
2026-08-28 08:00:00,49.2,49.3,49.19,49.23,1223.293
2026-08-28 08:05:00,49.23,49.23,49.17,49.21,638.371
2026-08-28 08:10:00,49.21,49.23,49.19,49.2,677.062
2026-08-28 08:15:00,49.19,49.26,49.18,49.25,542.701
2026-08-28 08:20:00,49.26,49.26,49.21,49.22,613.118
2026-08-28 08:25:00,49.21,49.25,49.1,49.12,2397.833
2026-08-28 08:30:00,49.11,49.17,49.1,49.13,472.239
2026-08-28 08:35:00,49.13,49.14,49.07,49.08,351.58
2026-08-28 08:40:00,49.09,49.12,49.01,49.02,444.835
2026-08-28 08:45:00,49.02,49.04,48.95,48.98,989.103
2026-08-28 08:50:00,48.97,49.04,48.94,49.03,624.846
2026-08-28 08:55:00,49.03,49.03,48.95,48.99,293.889
2026-08-28 09:00:00,48.99,49.03,48.88,48.99,1119.585
2026-08-28 09:05:00,48.99,49.09,48.98,49.05,1364.484
2026-08-28 09:10:00,49.05,49.11,49.05,49.05,531.09
2026-08-28 09:15:00,49.05,49.11,49.05,49.11,255.832
2026-08-28 09:20:00,49.11,49.11,49.06,49.09,397.353
2026-08-28 09:25:00,49.09,49.11,49.07,49.1,357.794
2026-08-28 09:30:00,49.09,49.1,49.0,49.03,750.756
2026-08-28 09:35:00,49.02,49.05,48.98,49.05,934.424
2026-08-28 09:40:00,49.04,49.05,48.9,48.9,585.471
2026-08-28 09:45:00,48.91,49.0,48.91,48.91,527.593
2026-08-28 09:50:00,48.9,48.98,48.78,48.92,2328.96
2026-08-28 09:55:00,48.93,49.09,48.91,48.94,4199.865
2026-08-28 10:00:00,48.95,48.96,48.72,48.74,2829.563
2026-08-28 10:05:00,48.74,48.78,48.68,48.72,2072.313
2026-08-28 10:10:00,48.72,48.83,48.7,48.81,1055.464
2026-08-28 10:15:00,48.81,48.84,48.79,48.82,642.868
2026-08-28 10:20:00,48.81,48.83,48.78,48.79,1106.176
2026-08-28 10:25:00,48.79,48.86,48.79,48.83,829.375
2026-08-28 10:30:00,48.83,48.9,48.83,48.86,645.596
2026-08-28 10:35:00,48.86,48.91,48.85,48.9,624.17
2026-08-28 10:40:00,48.91,48.93,48.87,48.87,384.667
2026-08-28 10:45:00,48.88,48.95,48.87,48.93,625.784
2026-08-28 10:50:00,48.93,49.0,48.93,48.99,298.647
2026-08-28 10:55:00,49.0,49.09,48.99,49.08,741.553
2026-08-28 11:00:00,49.08,49.17,49.06,49.15,698.792
2026-08-28 11:05:00,49.14,49.15,49.1,49.13,439.322
2026-08-28 11:10:00,49.12,49.14,49.09,49.13,1106.513
2026-08-28 11:15:00,49.13,49.19,49.11,49.18,667.571
2026-08-28 11:20:00,49.17,49.18,49.13,49.14,490.783
2026-08-28 11:25:00,49.14,49.14,49.06,49.08,400.414
2026-08-28 11:30:00,49.08,49.12,49.08,49.11,413.352
2026-08-28 11:35:00,49.11,49.11,49.03,49.03,237.091
2026-08-28 11:40:00,49.03,49.08,49.01,49.07,480.475
2026-08-28 11:45:00,49.07,49.14,49.06,49.12,285.593
2026-08-28 11:50:00,49.12,49.14,49.07,49.13,223.084
2026-08-28 11:55:00,49.12,49.13,49.1,49.11,334.589
2026-08-28 12:00:00,49.12,49.14,49.1,49.14,393.47
2026-08-28 12:05:00,49.14,49.17,49.12,49.13,279.422
2026-08-28 12:10:00,49.14,49.14,49.0,49.01,2602.219
2026-08-28 12:15:00,49.0,49.05,48.94,48.94,3205.701
2026-08-28 12:20:00,48.95,48.99,48.88,48.88,2004.451
2026-08-28 12:25:00,48.89,48.92,48.78,48.82,3547.581
2026-08-28 12:30:00,48.81,48.83,48.73,48.73,4060.582
2026-08-28 12:35:00,48.74,49.09,48.72,49.01,8615.797
2026-08-28 12:40:00,49.01,49.08,48.99,49.01,2254.563
2026-08-28 12:45:00,49.02,49.05,48.97,49.03,1044.036
2026-08-28 12:50:00,49.02,49.06,49.0,49.05,807.704
2026-08-28 12:55:00,49.05,49.07,49.04,49.05,470.679
2026-08-28 13:00:00,49.04,49.16,49.02,49.13,2304.869
2026-08-28 13:05:00,49.12,49.13,48.99,48.99,1018.44
2026-08-28 13:10:00,48.99,49.0,48.95,48.97,834.228
2026-08-28 13:15:00,48.98,49.02,48.95,49.01,316.417
2026-08-28 13:20:00,49.01,49.03,48.92,48.93,630.167
2026-08-28 13:25:00,48.92,49.0,48.82,48.91,1640.033
2026-08-28 13:30:00,48.91,48.99,48.89,48.92,845.732
2026-08-28 13:35:00,48.92,49.01,48.91,48.96,1037.584
2026-08-28 13:40:00,48.95,48.98,48.82,48.91,3473.749
2026-08-28 13:45:00,48.91,49.05,48.87,48.97,2298.507
2026-08-28 13:50:00,48.97,49.12,48.97,49.11,842.906
2026-08-28 13:55:00,49.1,49.14,49.04,49.05,1577.428
2026-08-28 14:00:00,49.06,49.36,48.62,48.69,6609.556
2026-08-28 14:05:00,48.7,48.86,48.43,48.78,6030.938
2026-08-28 14:10:00,48.77,48.82,48.5,48.63,1223.16
2026-08-28 14:15:00,48.64,48.87,48.55,48.87,1177.955
2026-08-28 14:20:00,48.87,48.98,48.81,48.89,917.944
2026-08-28 14:25:00,48.89,49.05,48.82,49.01,1749.596
2026-08-28 14:30:00,49.02,49.21,48.91,49.21,1940.377
2026-08-28 14:35:00,49.22,49.48,49.21,49.36,2533.127
2026-08-28 14:40:00,49.36,49.44,49.29,49.38,1698.957
2026-08-28 14:45:00,49.36,49.39,49.14,49.16,7602.106
2026-08-28 14:50:00,49.16,49.31,49.16,49.31,1605.967
2026-08-28 14:55:00,49.31,49.39,49.3,49.36,1223.858
2026-08-28 15:00:00,49.36,49.5,49.22,49.23,1355.986
2026-08-28 15:05:00,49.24,49.24,48.97,48.99,3832.063
2026-08-28 15:10:00,49.0,49.05,48.96,49.01,1763.021
2026-08-28 15:15:00,49.02,49.23,49.01,49.2,830.233
2026-08-28 15:20:00,49.2,49.25,49.1,49.25,1799.175
2026-08-28 15:25:00,49.25,49.32,49.2,49.27,639.33
2026-08-28 15:30:00,49.27,49.29,49.15,49.19,838.615
2026-08-28 15:35:00,49.19,49.27,49.17,49.2,555.546
2026-08-28 15:40:00,49.2,49.2,48.93,48.94,727.142
2026-08-28 15:45:00,48.95,49.01,48.86,48.88,873.552
2026-08-28 15:50:00,48.88,48.9,48.7,48.76,3385.262
2026-08-28 15:55:00,48.77,48.77,48.51,48.58,1440.165
2026-08-28 16:00:00,48.57,48.61,48.22,48.38,5843.334
2026-08-28 16:05:00,48.37,48.72,48.37,48.59,1457.061
2026-08-28 16:10:00,48.59,48.63,48.31,48.31,1272.076
2026-08-28 16:15:00,48.32,48.43,48.19,48.4,1566.322
2026-08-28 16:20:00,48.39,48.51,48.13,48.2,2094.521
2026-08-28 16:25:00,48.2,48.48,48.0,48.44,5540.354
2026-08-28 16:30:00,48.43,48.67,48.39,48.48,2759.962
2026-08-28 16:35:00,48.48,48.73,48.47,48.7,3004.227
2026-08-28 16:40:00,48.71,48.75,48.67,48.7,1543.184
2026-08-28 16:45:00,48.71,48.85,48.71,48.82,1675.954
2026-08-28 16:50:00,48.83,48.91,48.75,48.8,5618.352
2026-08-28 16:55:00,48.8,48.89,48.79,48.87,2282.452
2026-08-28 17:00:00,48.86,48.96,48.76,48.9,3985.313
2026-08-28 17:05:00,48.88,49.0,48.87,48.96,1221.2
2026-08-28 17:10:00,48.95,48.96,48.82,48.92,8484.846
2026-08-28 17:15:00,48.92,48.93,48.84,48.9,1456.953
2026-08-28 17:20:00,48.89,48.94,48.83,48.89,745.335
2026-08-28 17:25:00,48.89,48.94,48.84,48.89,453.005
2026-08-28 17:30:00,48.89,48.97,48.85,48.92,420.759
2026-08-28 17:35:00,48.93,48.93,48.83,48.89,767.566
2026-08-28 17:40:00,48.88,48.93,48.86,48.87,530.462
2026-08-28 17:45:00,48.88,49.1,48.87,49.09,3386.782
2026-08-28 17:50:00,49.09,49.1,49.05,49.06,1223.014
2026-08-28 17:55:00,49.06,49.08,49.03,49.06,1036.16
2026-08-28 18:00:00,49.06,49.09,48.99,48.99,1342.921
2026-08-28 18:05:00,48.98,49.02,48.93,48.94,561.442
2026-08-28 18:10:00,48.95,48.95,48.86,48.86,680.074
2026-08-28 18:15:00,48.86,48.9,48.74,48.78,1048.011
2026-08-28 18:20:00,48.77,48.79,48.71,48.71,537.958
2026-08-28 18:25:00,48.72,48.81,48.71,48.77,409.655
2026-08-28 18:30:00,48.77,48.8,48.7,48.78,711.279
2026-08-28 18:35:00,48.78,48.78,48.67,48.69,857.406
2026-08-28 18:40:00,48.69,48.76,48.68,48.72,779.903
2026-08-28 18:45:00,48.72,48.76,48.61,48.63,823.206
2026-08-28 18:50:00,48.62,48.83,48.6,48.83,1585.581
2026-08-28 18:55:00,48.83,48.9,48.8,48.89,569.145
2026-08-28 19:00:00,48.9,49.03,48.89,48.93,1090.148
2026-08-28 19:05:00,48.93,49.02,48.93,49.02,645.835
2026-08-28 19:10:00,49.03,49.04,48.98,48.99,998.519
2026-08-28 19:15:00,48.99,49.01,48.96,49.0,767.021
2026-08-28 19:20:00,49.0,49.08,48.99,49.02,945.465
2026-08-28 19:25:00,49.03,49.12,49.03,49.09,333.036
2026-08-28 19:30:00,49.08,49.11,49.06,49.09,471.14
2026-08-28 19:35:00,49.09,49.13,49.08,49.11,259.405
2026-08-28 19:40:00,49.11,49.2,49.11,49.14,1304.519
2026-08-28 19:45:00,49.15,49.16,49.12,49.16,661.812
2026-08-28 19:50:00,49.16,49.22,49.14,49.15,1286.082
2026-08-28 19:55:00,49.15,49.24,49.15,49.2,706.772
2026-08-28 20:00:00,49.21,49.28,49.19,49.25,763.488
2026-08-28 20:05:00,49.26,49.38,49.22,49.38,1107.81
2026-08-28 20:10:00,49.38,49.41,49.23,49.28,3616.97
2026-08-28 20:15:00,49.28,49.28,49.19,49.19,740.771
2026-08-28 20:20:00,49.19,49.29,49.16,49.29,1177.173
2026-08-28 20:25:00,49.28,49.42,49.27,49.42,1102.276
2026-08-28 20:30:00,49.41,49.42,49.26,49.27,698.955
2026-08-28 20:35:00,49.27,49.46,49.22,49.43,1202.929
2026-08-28 20:40:00,49.44,49.45,49.4,49.42,1160.8
2026-08-28 20:45:00,49.43,49.43,49.37,49.38,1082.356
2026-08-28 20:50:00,49.39,49.49,49.38,49.48,1415.305
2026-08-28 20:55:00,49.48,49.57,49.44,49.56,2394.867
2026-08-28 21:00:00,49.57,49.6,49.39,49.4,1056.271
2026-08-28 21:05:00,49.4,49.48,49.38,49.38,1079.763
2026-08-28 21:10:00,49.38,49.43,49.26,49.42,4347.796
2026-08-28 21:15:00,49.42,49.43,49.3,49.31,2038.7
2026-08-28 21:20:00,49.31,49.31,49.16,49.25,1866.483
2026-08-28 21:25:00,49.25,49.35,49.25,49.35,252.619
2026-08-28 21:30:00,49.34,49.38,49.25,49.28,2385.145
2026-08-28 21:35:00,49.28,49.34,49.27,49.31,973.525
2026-08-28 21:40:00,49.31,49.35,49.26,49.31,934.103
2026-08-28 21:45:00,49.3,49.3,49.14,49.15,361.215
2026-08-28 21:50:00,49.15,49.24,49.12,49.22,909.601
2026-08-28 21:55:00,49.21,49.24,49.14,49.24,3202.085
2026-08-28 22:00:00,49.25,49.37,49.25,49.29,1009.438
2026-08-28 22:05:00,49.29,49.35,49.23,49.23,2522.75
2026-08-28 22:10:00,49.24,49.29,49.24,49.28,422.094
2026-08-28 22:15:00,49.29,49.29,49.24,49.28,237.802
2026-08-28 22:20:00,49.28,49.36,49.26,49.3,2830.186
2026-08-28 22:25:00,49.29,49.33,49.29,49.31,823.0
2026-08-28 22:30:00,49.31,49.33,49.29,49.32,365.136
2026-08-28 22:35:00,49.32,49.33,49.29,49.31,539.648
2026-08-28 22:40:00,49.32,49.33,49.31,49.33,533.225
2026-08-28 22:45:00,49.33,49.37,49.32,49.33,933.515
2026-08-28 22:50:00,49.33,49.42,49.32,49.4,768.621
2026-08-28 22:55:00,49.39,49.4,49.32,49.32,617.538
2026-08-28 23:00:00,49.32,49.33,49.24,49.27,924.226
2026-08-28 23:05:00,49.27,49.32,49.26,49.32,1410.521
2026-08-28 23:10:00,49.31,49.31,49.26,49.31,2145.868
2026-08-28 23:15:00,49.31,49.31,49.26,49.3,253.318
2026-08-28 23:20:00,49.29,49.3,49.26,49.27,563.615
2026-08-28 23:25:00,49.28,49.31,49.27,49.29,1637.446
2026-08-28 23:30:00,49.29,49.31,49.28,49.28,236.712
2026-08-28 23:35:00,49.28,49.32,49.27,49.28,492.192
2026-08-28 23:40:00,49.29,49.3,49.28,49.3,63.746
2026-08-28 23:45:00,49.3,49.3,49.28,49.28,234.844
2026-08-28 23:50:00,49.28,49.32,49.28,49.32,187.312
2026-08-28 23:55:00,49.32,49.33,49.31,49.33,78.727
2026-08-29 00:00:00,49.32,49.42,49.3,49.41,897.447
2026-08-29 00:05:00,49.41,49.44,49.31,49.44,614.461
2026-08-29 00:10:00,49.45,49.49,49.42,49.46,1410.872
2026-08-29 00:15:00,49.46,49.51,49.44,49.44,355.112
2026-08-29 00:20:00,49.45,49.5,49.45,49.46,916.222
2026-08-29 00:25:00,49.47,49.49,49.44,49.45,246.147
2026-08-29 00:30:00,49.45,49.46,49.3,49.3,394.86
2026-08-29 00:35:00,49.3,49.37,49.29,49.31,396.508
2026-08-29 00:40:00,49.32,49.33,49.27,49.27,149.062
2026-08-29 00:45:00,49.26,49.27,49.21,49.21,125.632
2026-08-29 00:50:00,49.21,49.22,49.18,49.21,445.577
2026-08-29 00:55:00,49.21,49.22,49.19,49.19,351.669
2026-08-29 01:00:00,49.19,49.22,49.11,49.12,842.324
2026-08-29 01:05:00,49.12,49.13,49.07,49.12,570.742
2026-08-29 01:10:00,49.12,49.15,49.1,49.1,244.001
2026-08-29 01:15:00,49.1,49.16,49.1,49.14,224.619
2026-08-29 01:20:00,49.13,49.16,49.13,49.16,153.537
2026-08-29 01:25:00,49.16,49.19,49.13,49.16,582.713
2026-08-29 01:30:00,49.17,49.19,49.09,49.17,2226.963
2026-08-29 01:35:00,49.17,49.17,49.09,49.13,910.462
2026-08-29 01:40:00,49.12,49.14,49.08,49.1,1033.817
2026-08-29 01:45:00,49.1,49.13,49.06,49.13,189.326
2026-08-29 01:50:00,49.12,49.19,49.12,49.19,222.588
2026-08-29 01:55:00,49.19,49.2,49.17,49.19,355.345
2026-08-29 02:00:00,49.2,49.26,49.18,49.2,484.726
2026-08-29 02:05:00,49.2,49.25,49.2,49.25,336.531
2026-08-29 02:10:00,49.24,49.25,49.17,49.17,246.286
2026-08-29 02:15:00,49.16,49.18,49.13,49.13,257.993
2026-08-29 02:20:00,49.12,49.12,49.04,49.05,380.214
2026-08-29 02:25:00,49.05,49.08,49.05,49.08,174.383
2026-08-29 02:30:00,49.08,49.13,49.07,49.08,215.975
2026-08-29 02:35:00,49.07,49.07,48.99,49.05,4644.587
2026-08-29 02:40:00,49.05,49.06,48.95,48.97,1851.549
2026-08-29 02:45:00,48.97,49.0,48.92,48.98,995.42
2026-08-29 02:50:00,48.97,48.98,48.97,48.98,381.324
2026-08-29 02:55:00,48.98,49.0,48.97,48.99,1359.352
2026-08-29 03:00:00,48.99,49.0,48.99,48.99,149.115
2026-08-29 03:05:00,48.99,48.99,48.96,48.98,504.904
2026-08-29 03:10:00,48.97,49.02,48.97,49.01,294.316
2026-08-29 03:15:00,49.01,49.02,48.92,48.98,1267.225
2026-08-29 03:20:00,48.97,49.02,48.97,49.01,218.195
2026-08-29 03:25:00,49.01,49.02,48.99,49.0,236.2
2026-08-29 03:30:00,49.0,49.0,48.97,48.98,271.403
2026-08-29 03:35:00,48.98,48.98,48.92,48.93,431.742
2026-08-29 03:40:00,48.92,48.97,48.89,48.95,459.447
2026-08-29 03:45:00,48.94,48.97,48.92,48.97,218.058
2026-08-29 03:50:00,48.96,48.97,48.93,48.94,333.431
2026-08-29 03:55:00,48.93,48.94,48.91,48.91,162.206
2026-08-29 04:00:00,48.92,48.97,48.91,48.97,155.328
2026-08-29 04:05:00,48.97,49.02,48.96,49.01,231.6
2026-08-29 04:10:00,49.0,49.03,49.0,49.03,86.419
2026-08-29 04:15:00,49.04,49.05,49.02,49.03,69.689
2026-08-29 04:20:00,49.03,49.11,49.03,49.1,142.761
2026-08-29 04:25:00,49.1,49.12,49.06,49.07,267.574
2026-08-29 04:30:00,49.08,49.1,49.06,49.06,135.145
2026-08-29 04:35:00,49.07,49.13,49.06,49.12,238.18
2026-08-29 04:40:00,49.12,49.13,49.08,49.08,256.137
2026-08-29 04:45:00,49.08,49.14,49.08,49.13,465.768
2026-08-29 04:50:00,49.14,49.14,49.1,49.13,219.434
2026-08-29 04:55:00,49.13,49.15,49.1,49.1,376.494
2026-08-29 05:00:00,49.09,49.15,49.07,49.13,335.684
2026-08-29 05:05:00,49.13,49.16,49.11,49.16,211.583
2026-08-29 05:10:00,49.16,49.19,49.13,49.19,232.763
2026-08-29 05:15:00,49.19,49.19,49.14,49.17,194.761
2026-08-29 05:20:00,49.17,49.17,49.15,49.16,113.689
2026-08-29 05:25:00,49.16,49.17,49.14,49.15,145.954
2026-08-29 05:30:00,49.15,49.17,49.13,49.15,291.805
2026-08-29 05:35:00,49.14,49.21,49.13,49.21,589.858
2026-08-29 05:40:00,49.21,49.23,49.17,49.21,236.664
2026-08-29 05:45:00,49.21,49.22,49.2,49.21,150.347
2026-08-29 05:50:00,49.2,49.21,49.18,49.19,145.635
2026-08-29 05:55:00,49.18,49.2,49.17,49.19,264.07
2026-08-29 06:00:00,49.19,49.2,49.13,49.14,275.023
2026-08-29 06:05:00,49.15,49.16,49.11,49.16,575.153
2026-08-29 06:10:00,49.16,49.18,49.09,49.11,1194.441
2026-08-29 06:15:00,49.1,49.14,49.09,49.09,133.135
2026-08-29 06:20:00,49.09,49.09,49.01,49.06,381.325
2026-08-29 06:25:00,49.07,49.07,49.02,49.04,227.3
2026-08-29 06:30:00,49.05,49.07,49.03,49.07,320.57
2026-08-29 06:35:00,49.07,49.14,49.06,49.1,2172.526
2026-08-29 06:40:00,49.1,49.16,49.09,49.16,1155.516
2026-08-29 06:45:00,49.16,49.25,49.11,49.24,1758.183
2026-08-29 06:50:00,49.24,49.32,49.24,49.32,209.439
2026-08-29 06:55:00,49.31,49.38,49.29,49.31,2130.631
2026-08-29 07:00:00,49.31,49.33,49.29,49.33,360.24
2026-08-29 07:05:00,49.33,49.34,49.24,49.25,309.814
2026-08-29 07:10:00,49.26,49.27,49.24,49.25,204.763
2026-08-29 07:15:00,49.26,49.26,49.18,49.21,2370.762
2026-08-29 07:20:00,49.22,49.25,49.17,49.18,400.715
2026-08-29 07:25:00,49.18,49.2,49.17,49.19,142.239
2026-08-29 07:30:00,49.18,49.25,49.18,49.25,187.794
2026-08-29 07:35:00,49.26,49.28,49.24,49.27,310.343
2026-08-29 07:40:00,49.27,49.28,49.24,49.25,230.632
2026-08-29 07:45:00,49.25,49.25,49.19,49.24,1253.747
2026-08-29 07:50:00,49.23,49.27,49.23,49.27,559.831
2026-08-29 07:55:00,49.27,49.3,49.24,49.25,760.039
2026-08-29 08:00:00,49.24,49.25,49.2,49.2,2325.923
2026-08-29 08:05:00,49.2,49.26,49.14,49.23,4117.899
2026-08-29 08:10:00,49.22,49.24,49.18,49.19,533.606
2026-08-29 08:15:00,49.19,49.25,49.16,49.24,342.073
2026-08-29 08:20:00,49.24,49.34,49.24,49.31,563.051
2026-08-29 08:25:00,49.31,49.31,49.2,49.21,3246.393
2026-08-29 08:30:00,49.21,49.21,49.12,49.14,264.293
2026-08-29 08:35:00,49.14,49.14,49.03,49.07,2593.82
2026-08-29 08:40:00,49.07,49.11,49.06,49.08,272.279
2026-08-29 08:45:00,49.09,49.09,48.98,49.0,1789.848
2026-08-29 08:50:00,48.99,49.0,48.94,48.98,911.385
2026-08-29 08:55:00,48.98,49.06,48.98,49.06,188.905
2026-08-29 09:00:00,49.05,49.05,48.93,48.95,2569.002
2026-08-29 09:05:00,48.96,48.99,48.93,48.99,321.299
2026-08-29 09:10:00,48.99,49.01,48.95,49.0,352.282
2026-08-29 09:15:00,49.01,49.01,48.98,48.99,279.554
2026-08-29 09:20:00,48.99,48.99,48.86,48.96,2423.149
2026-08-29 09:25:00,48.96,48.96,48.95,48.96,354.121
2026-08-29 09:30:00,48.96,49.0,48.95,49.0,177.391
2026-08-29 09:35:00,49.0,49.0,48.94,48.97,341.957
2026-08-29 09:40:00,48.97,48.97,48.86,48.91,2826.656
2026-08-29 09:45:00,48.91,48.93,48.9,48.93,193.261
2026-08-29 09:50:00,48.92,48.94,48.83,48.88,2641.725
2026-08-29 09:55:00,48.88,48.91,48.87,48.87,456.292
2026-08-29 10:00:00,48.88,48.88,48.77,48.81,816.493
2026-08-29 10:05:00,48.81,48.83,48.7,48.76,3032.368
2026-08-29 10:10:00,48.76,48.79,48.75,48.78,460.044
2026-08-29 10:15:00,48.78,48.86,48.77,48.84,1555.417
2026-08-29 10:20:00,48.84,48.85,48.78,48.84,929.409
2026-08-29 10:25:00,48.84,48.86,48.83,48.84,232.454
2026-08-29 10:30:00,48.84,48.84,48.8,48.81,345.063
2026-08-29 10:35:00,48.8,48.84,48.77,48.8,1202.543
2026-08-29 10:40:00,48.81,48.83,48.78,48.82,316.01
2026-08-29 10:45:00,48.82,48.86,48.82,48.85,333.986
2026-08-29 10:50:00,48.86,48.89,48.83,48.85,343.077
2026-08-29 10:55:00,48.84,48.86,48.8,48.81,2543.993
2026-08-29 11:00:00,48.81,48.84,48.79,48.84,451.193
2026-08-29 11:05:00,48.84,48.84,48.81,48.82,304.32
2026-08-29 11:10:00,48.82,48.85,48.81,48.83,799.458
2026-08-29 11:15:00,48.82,48.86,48.82,48.84,156.688
2026-08-29 11:20:00,48.84,48.84,48.74,48.78,423.25
2026-08-29 11:25:00,48.78,48.81,48.77,48.81,333.567
2026-08-29 11:30:00,48.81,48.81,48.76,48.76,295.051
2026-08-29 11:35:00,48.76,48.8,48.74,48.75,488.226
2026-08-29 11:40:00,48.75,48.8,48.74,48.76,694.548
2026-08-29 11:45:00,48.76,48.79,48.76,48.77,1017.333
2026-08-29 11:50:00,48.77,48.79,48.75,48.75,170.105
2026-08-29 11:55:00,48.75,48.76,48.72,48.73,435.472
2026-08-29 12:00:00,48.72,48.78,48.72,48.77,322.609
2026-08-29 12:05:00,48.76,48.79,48.73,48.75,696.405
2026-08-29 12:10:00,48.75,48.82,48.74,48.82,153.738
2026-08-29 12:15:00,48.82,48.87,48.81,48.83,780.156
2026-08-29 12:20:00,48.84,48.87,48.77,48.78,541.432
2026-08-29 12:25:00,48.78,48.78,48.75,48.78,428.688
2026-08-29 12:30:00,48.77,48.79,48.71,48.72,642.521
2026-08-29 12:35:00,48.73,48.78,48.72,48.78,593.794
2026-08-29 12:40:00,48.78,48.82,48.77,48.82,229.617
2026-08-29 12:45:00,48.82,48.82,48.79,48.8,276.166
2026-08-29 12:50:00,48.8,48.8,48.74,48.78,661.413
2026-08-29 12:55:00,48.78,48.8,48.78,48.8,69.44
2026-08-29 13:00:00,48.79,48.8,48.75,48.76,194.438
2026-08-29 13:05:00,48.76,48.78,48.75,48.78,918.095
2026-08-29 13:10:00,48.77,48.8,48.74,48.8,351.368
2026-08-29 13:15:00,48.8,48.84,48.79,48.81,380.291
2026-08-29 13:20:00,48.81,48.84,48.79,48.84,342.831
2026-08-29 13:25:00,48.84,48.85,48.82,48.84,180.032
2026-08-29 13:30:00,48.83,48.85,48.82,48.84,178.337
2026-08-29 13:35:00,48.84,48.89,48.83,48.86,372.56
2026-08-29 13:40:00,48.86,48.89,48.86,48.88,317.21
2026-08-29 13:45:00,48.88,48.89,48.85,48.89,307.117
2026-08-29 13:50:00,48.89,48.91,48.88,48.91,254.661
2026-08-29 13:55:00,48.91,48.97,48.9,48.94,412.143
2026-08-29 14:00:00,48.94,48.96,48.92,48.95,195.848
2026-08-29 14:05:00,48.94,49.01,48.94,49.0,762.253
2026-08-29 14:10:00,49.0,49.03,48.96,49.03,565.514
2026-08-29 14:15:00,49.02,49.05,49.0,49.02,916.764
2026-08-29 14:20:00,49.03,49.07,49.02,49.06,384.643
2026-08-29 14:25:00,49.06,49.07,49.03,49.06,421.669
2026-08-29 14:30:00,49.07,49.08,49.06,49.07,227.428
2026-08-29 14:35:00,49.06,49.12,49.06,49.1,635.675
2026-08-29 14:40:00,49.1,49.21,49.1,49.18,744.256
2026-08-29 14:45:00,49.18,49.29,49.18,49.21,749.237
2026-08-29 14:50:00,49.21,49.24,49.19,49.2,1477.487
2026-08-29 14:55:00,49.2,49.22,49.15,49.17,1822.835
2026-08-29 15:00:00,49.17,49.18,49.13,49.15,336.696
2026-08-29 15:05:00,49.15,49.18,49.14,49.18,269.45
2026-08-29 15:10:00,49.17,49.18,49.15,49.18,698.484
2026-08-29 15:15:00,49.18,49.18,49.13,49.18,1203.272
2026-08-29 15:20:00,49.18,49.19,49.13,49.14,2289.118
2026-08-29 15:25:00,49.14,49.14,49.09,49.1,1019.358
2026-08-29 15:30:00,49.1,49.1,48.99,49.06,565.703
2026-08-29 15:35:00,49.07,49.07,49.01,49.04,561.053
2026-08-29 15:40:00,49.04,49.05,49.02,49.02,306.944
2026-08-29 15:45:00,49.02,49.1,49.01,49.09,811.511
2026-08-29 15:50:00,49.09,49.11,49.05,49.06,367.98
2026-08-29 15:55:00,49.06,49.09,49.02,49.09,165.748
2026-08-29 16:00:00,49.09,49.13,49.08,49.12,507.301
2026-08-29 16:05:00,49.12,49.14,49.08,49.14,1312.398
2026-08-29 16:10:00,49.14,49.19,49.13,49.15,963.854
2026-08-29 16:15:00,49.16,49.21,49.12,49.13,729.212
2026-08-29 16:20:00,49.14,49.15,49.05,49.08,236.092
2026-08-29 16:25:00,49.08,49.08,49.04,49.06,183.598
2026-08-29 16:30:00,49.07,49.11,49.02,49.1,972.459
2026-08-29 16:35:00,49.09,49.1,49.05,49.05,397.106
2026-08-29 16:40:00,49.06,49.08,49.04,49.07,444.376
2026-08-29 16:45:00,49.07,49.08,49.03,49.07,675.915
2026-08-29 16:50:00,49.07,49.07,48.93,48.93,1216.577
2026-08-29 16:55:00,48.93,48.94,48.87,48.89,794.702
2026-08-29 17:00:00,48.88,48.96,48.87,48.95,246.394
2026-08-29 17:05:00,48.95,48.96,48.91,48.93,700.31
2026-08-29 17:10:00,48.94,48.96,48.93,48.94,165.353
2026-08-29 17:15:00,48.94,48.96,48.82,48.86,3168.753
2026-08-29 17:20:00,48.87,48.87,48.8,48.84,126.465
2026-08-29 17:25:00,48.85,48.86,48.8,48.81,412.814
2026-08-29 17:30:00,48.81,48.84,48.8,48.8,204.906
2026-08-29 17:35:00,48.81,48.81,48.69,48.75,2595.651
2026-08-29 17:40:00,48.74,48.79,48.7,48.76,2520.675
2026-08-29 17:45:00,48.76,48.84,48.76,48.84,368.383
2026-08-29 17:50:00,48.84,48.84,48.79,48.8,354.664
2026-08-29 17:55:00,48.8,48.8,48.71,48.78,2540.58
2026-08-29 18:00:00,48.77,48.8,48.74,48.75,716.266
2026-08-29 18:05:00,48.74,48.75,48.73,48.74,553.33
2026-08-29 18:10:00,48.74,48.74,48.67,48.72,2802.933
2026-08-29 18:15:00,48.73,48.74,48.6,48.66,2568.238
2026-08-29 18:20:00,48.66,48.71,48.64,48.71,1038.783
2026-08-29 18:25:00,48.7,48.71,48.67,48.69,679.943
2026-08-29 18:30:00,48.69,48.79,48.5,48.64,11381.654
2026-08-29 18:35:00,48.64,48.72,48.63,48.69,714.404
2026-08-29 18:40:00,48.7,48.73,48.68,48.71,2817.964
2026-08-29 18:45:00,48.71,48.84,48.71,48.82,2562.212
2026-08-29 18:50:00,48.82,48.82,48.71,48.75,1216.675
2026-08-29 18:55:00,48.75,48.81,48.74,48.78,973.059
2026-08-29 19:00:00,48.78,48.8,48.76,48.8,431.014
2026-08-29 19:05:00,48.79,48.81,48.78,48.8,439.902
2026-08-29 19:10:00,48.8,48.83,48.69,48.83,3620.281
2026-08-29 19:15:00,48.84,48.9,48.83,48.9,1954.365
2026-08-29 19:20:00,48.89,48.92,48.85,48.88,524.702
2026-08-29 19:25:00,48.87,48.91,48.87,48.91,235.046
2026-08-29 19:30:00,48.91,48.92,48.86,48.87,450.032
2026-08-29 19:35:00,48.87,48.91,48.84,48.88,730.553
2026-08-29 19:40:00,48.87,48.93,48.86,48.93,242.592
2026-08-29 19:45:00,48.93,48.94,48.89,48.9,612.473
2026-08-29 19:50:00,48.9,48.9,48.87,48.87,329.812
2026-08-29 19:55:00,48.88,48.9,48.86,48.9,254.967
2026-08-29 20:00:00,48.89,48.94,48.87,48.93,354.901
2026-08-29 20:05:00,48.94,48.95,48.92,48.94,267.66
2026-08-29 20:10:00,48.94,49.02,48.87,49.01,5763.651
2026-08-29 20:15:00,49.01,49.07,49.0,49.06,2951.316
2026-08-29 20:20:00,49.06,49.06,49.0,49.0,286.819
2026-08-29 20:25:00,49.0,49.03,48.98,49.03,432.71
2026-08-29 20:30:00,49.03,49.03,48.94,48.97,505.676
2026-08-29 20:35:00,48.96,49.0,48.96,48.99,373.924
2026-08-29 20:40:00,48.99,49.03,48.98,49.0,491.087
2026-08-29 20:45:00,49.0,49.0,48.91,48.96,2368.356
2026-08-29 20:50:00,48.96,48.98,48.93,48.97,282.716
2026-08-29 20:55:00,48.98,48.99,48.91,48.93,1081.382
2026-08-29 21:00:00,48.93,48.99,48.84,48.85,2005.908
2026-08-29 21:05:00,48.85,48.91,48.81,48.85,2352.702
2026-08-29 21:10:00,48.85,48.97,48.85,48.94,1159.233
2026-08-29 21:15:00,48.94,49.0,48.93,48.99,484.766
2026-08-29 21:20:00,49.0,49.0,48.92,48.92,427.44
2026-08-29 21:25:00,48.92,48.92,48.77,48.8,2449.806
2026-08-29 21:30:00,48.81,48.86,48.8,48.85,273.888
2026-08-29 21:35:00,48.86,48.87,48.84,48.85,341.802
2026-08-29 21:40:00,48.84,48.86,48.84,48.85,305.595
2026-08-29 21:45:00,48.86,48.9,48.85,48.9,197.885
2026-08-29 21:50:00,48.89,48.93,48.89,48.92,197.927
2026-08-29 21:55:00,48.93,48.93,48.9,48.92,655.171
2026-08-29 22:00:00,48.92,48.96,48.89,48.94,777.528
2026-08-29 22:05:00,48.93,48.95,48.93,48.94,92.565
2026-08-29 22:10:00,48.94,48.97,48.91,48.92,280.761
2026-08-29 22:15:00,48.92,48.96,48.91,48.92,232.219
2026-08-29 22:20:00,48.92,48.93,48.91,48.92,77.41
2026-08-29 22:25:00,48.92,48.96,48.91,48.95,233.991
2026-08-29 22:30:00,48.96,48.96,48.91,48.95,293.864
2026-08-29 22:35:00,48.95,48.95,48.93,48.94,125.832
2026-08-29 22:40:00,48.94,48.94,48.89,48.91,219.272
2026-08-29 22:45:00,48.9,48.94,48.9,48.94,368.962
2026-08-29 22:50:00,48.94,48.96,48.93,48.94,304.951
2026-08-29 22:55:00,48.95,48.96,48.94,48.96,61.695
2026-08-29 23:00:00,48.96,48.96,48.88,48.89,647.21
2026-08-29 23:05:00,48.9,48.91,48.88,48.89,575.554
2026-08-29 23:10:00,48.88,48.92,48.88,48.91,467.319
2026-08-29 23:15:00,48.9,48.93,48.89,48.92,136.207
2026-08-29 23:20:00,48.92,48.92,48.87,48.88,297.738
2026-08-29 23:25:00,48.87,48.92,48.87,48.92,338.522
2026-08-29 23:30:00,48.92,48.95,48.88,48.89,170.086
2026-08-29 23:35:00,48.89,48.96,48.88,48.96,180.218
2026-08-29 23:40:00,48.97,48.99,48.95,48.96,759.081
2026-08-29 23:45:00,48.96,48.99,48.95,48.99,154.058
2026-08-29 23:50:00,49.0,49.03,48.99,49.01,304.914
2026-08-29 23:55:00,49.01,49.02,49.01,49.02,122.28
2026-08-30 00:00:00,49.02,49.02,48.91,48.96,811.468
2026-08-30 00:05:00,48.95,48.97,48.88,48.9,2627.006
2026-08-30 00:10:00,48.89,48.91,48.87,48.89,370.147
2026-08-30 00:15:00,48.89,48.97,48.88,48.92,809.567
2026-08-30 00:20:00,48.92,48.92,48.86,48.87,336.198
2026-08-30 00:25:00,48.87,48.9,48.78,48.78,989.144
2026-08-30 00:30:00,48.79,48.81,48.77,48.78,627.59
2026-08-30 00:35:00,48.78,48.86,48.77,48.81,272.595
2026-08-30 00:40:00,48.8,48.86,48.8,48.82,425.171
2026-08-30 00:45:00,48.82,48.83,48.82,48.83,101.204
2026-08-30 00:50:00,48.83,48.85,48.8,48.81,413.328
2026-08-30 00:55:00,48.81,48.81,48.79,48.79,59.096
2026-08-30 01:00:00,48.8,48.84,48.8,48.84,80.296
2026-08-30 01:05:00,48.83,48.84,48.78,48.79,129.667
2026-08-30 01:10:00,48.79,48.81,48.77,48.78,432.074
2026-08-30 01:15:00,48.78,48.8,48.74,48.77,186.203
2026-08-30 01:20:00,48.78,48.85,48.78,48.8,243.641
2026-08-30 01:25:00,48.8,48.8,48.77,48.79,282.195
2026-08-30 01:30:00,48.79,48.8,48.76,48.77,501.033
2026-08-30 01:35:00,48.77,48.84,48.77,48.82,307.123
2026-08-30 01:40:00,48.82,48.84,48.81,48.83,91.73
2026-08-30 01:45:00,48.82,48.85,48.81,48.82,166.388
2026-08-30 01:50:00,48.82,48.83,48.8,48.81,145.422
2026-08-30 01:55:00,48.81,48.82,48.78,48.82,104.187
2026-08-30 02:00:00,48.81,48.85,48.8,48.85,280.993
2026-08-30 02:05:00,48.85,48.85,48.78,48.8,329.786
2026-08-30 02:10:00,48.81,48.83,48.8,48.82,81.407
2026-08-30 02:15:00,48.82,48.85,48.82,48.84,98.649
2026-08-30 02:20:00,48.85,48.89,48.85,48.88,229.917
2026-08-30 02:25:00,48.87,48.92,48.87,48.9,1494.135
2026-08-30 02:30:00,48.9,48.92,48.87,48.89,160.962
2026-08-30 02:35:00,48.9,48.93,48.88,48.93,308.845
2026-08-30 02:40:00,48.93,48.96,48.89,48.89,203.663
2026-08-30 02:45:00,48.89,48.91,48.89,48.9,95.667
2026-08-30 02:50:00,48.9,48.97,48.9,48.95,277.551
2026-08-30 02:55:00,48.95,48.96,48.91,48.92,162.78
2026-08-30 03:00:00,48.93,48.94,48.9,48.91,511.565
2026-08-30 03:05:00,48.91,48.91,48.88,48.91,118.316
2026-08-30 03:10:00,48.91,48.92,48.89,48.91,58.317
2026-08-30 03:15:00,48.91,48.92,48.88,48.91,140.858
2026-08-30 03:20:00,48.9,48.92,48.86,48.92,233.515
2026-08-30 03:25:00,48.92,48.94,48.91,48.94,68.649
2026-08-30 03:30:00,48.94,48.95,48.9,48.95,685.406
2026-08-30 03:35:00,48.94,48.95,48.93,48.94,186.377
2026-08-30 03:40:00,48.94,48.95,48.9,48.91,120.817
2026-08-30 03:45:00,48.9,48.91,48.88,48.89,218.06
2026-08-30 03:50:00,48.89,48.89,48.87,48.89,189.732
2026-08-30 03:55:00,48.89,48.9,48.88,48.9,171.319
2026-08-30 04:00:00,48.9,48.92,48.88,48.92,143.176
2026-08-30 04:05:00,48.91,48.93,48.88,48.9,136.69
2026-08-30 04:10:00,48.9,48.92,48.89,48.92,398.926
2026-08-30 04:15:00,48.91,48.93,48.9,48.91,138.082
2026-08-30 04:20:00,48.91,48.91,48.87,48.87,101.788
2026-08-30 04:25:00,48.86,48.92,48.86,48.91,556.834
2026-08-30 04:30:00,48.9,48.9,48.87,48.87,158.667
2026-08-30 04:35:00,48.88,48.88,48.84,48.84,304.773
2026-08-30 04:40:00,48.84,48.85,48.82,48.83,199.736
2026-08-30 04:45:00,48.83,48.83,48.75,48.78,432.643
2026-08-30 04:50:00,48.77,48.84,48.77,48.83,273.807
2026-08-30 04:55:00,48.83,48.85,48.82,48.83,379.854
2026-08-30 05:00:00,48.84,48.93,48.82,48.93,200.079
2026-08-30 05:05:00,48.93,48.95,48.89,48.9,193.893
2026-08-30 05:10:00,48.91,48.92,48.89,48.92,286.313
2026-08-30 05:15:00,48.92,48.92,48.9,48.91,88.063
2026-08-30 05:20:00,48.91,48.93,48.9,48.93,132.727
2026-08-30 05:25:00,48.93,48.94,48.92,48.94,185.516
2026-08-30 05:30:00,48.94,48.95,48.91,48.92,247.774
2026-08-30 05:35:00,48.92,48.92,48.87,48.9,631.519
2026-08-30 05:40:00,48.9,48.91,48.89,48.9,144.455
2026-08-30 05:45:00,48.9,48.91,48.88,48.91,228.467
2026-08-30 05:50:00,48.91,48.93,48.9,48.93,375.497
2026-08-30 05:55:00,48.92,48.97,48.91,48.97,205.3
2026-08-30 06:00:00,48.97,48.99,48.94,48.96,793.825
2026-08-30 06:05:00,48.95,48.96,48.92,48.93,275.782
2026-08-30 06:10:00,48.92,48.93,48.9,48.92,132.456
2026-08-30 06:15:00,48.92,48.95,48.9,48.95,358.595
2026-08-30 06:20:00,48.95,48.98,48.93,48.98,72.578
2026-08-30 06:25:00,48.98,48.99,48.97,48.98,125.383
2026-08-30 06:30:00,48.98,48.98,48.96,48.97,109.349
2026-08-30 06:35:00,48.97,49.01,48.96,48.99,294.768
2026-08-30 06:40:00,48.99,49.02,48.98,49.0,347.963
2026-08-30 06:45:00,49.0,49.05,49.0,49.03,150.936
2026-08-30 06:50:00,49.03,49.04,49.0,49.03,132.524
2026-08-30 06:55:00,49.04,49.06,49.01,49.06,877.588
2026-08-30 07:00:00,49.06,49.06,48.98,48.99,599.875
2026-08-30 07:05:00,49.0,49.0,48.94,48.94,335.723
2026-08-30 07:10:00,48.95,48.97,48.94,48.96,98.228
2026-08-30 07:15:00,48.97,48.97,48.92,48.94,332.362
2026-08-30 07:20:00,48.94,48.95,48.93,48.93,105.508
2026-08-30 07:25:00,48.94,48.95,48.93,48.95,119.892
2026-08-30 07:30:00,48.95,48.95,48.91,48.91,324.135
2026-08-30 07:35:00,48.92,48.93,48.88,48.89,378.419
2026-08-30 07:40:00,48.89,48.9,48.85,48.87,263.383
2026-08-30 07:45:00,48.87,48.92,48.87,48.91,613.725
2026-08-30 07:50:00,48.92,48.94,48.91,48.94,365.352
2026-08-30 07:55:00,48.94,48.96,48.89,48.91,1166.659
2026-08-30 08:00:00,48.92,48.99,48.91,48.98,994.277
2026-08-30 08:05:00,48.98,49.04,48.97,49.02,557.354
2026-08-30 08:10:00,49.02,49.03,48.98,49.01,622.255
2026-08-30 08:15:00,49.01,49.03,49.0,49.03,826.604
2026-08-30 08:20:00,49.03,49.03,48.98,49.0,589.133
2026-08-30 08:25:00,49.0,49.01,48.98,49.01,69.77
2026-08-30 08:30:00,49.01,49.02,48.99,49.01,136.735
2026-08-30 08:35:00,49.01,49.01,48.94,48.95,423.244
2026-08-30 08:40:00,48.95,48.99,48.93,48.98,362.979
2026-08-30 08:45:00,48.98,48.98,48.93,48.96,217.545
2026-08-30 08:50:00,48.96,48.99,48.95,48.99,296.979
2026-08-30 08:55:00,48.98,49.04,48.98,49.03,705.108
2026-08-30 09:00:00,49.02,49.1,49.02,49.09,399.379
2026-08-30 09:05:00,49.09,49.14,49.09,49.1,471.097
2026-08-30 09:10:00,49.1,49.19,49.1,49.19,817.926
2026-08-30 09:15:00,49.19,49.2,49.15,49.16,334.133
2026-08-30 09:20:00,49.15,49.19,49.12,49.13,624.074
2026-08-30 09:25:00,49.13,49.13,49.03,49.03,400.443
2026-08-30 09:30:00,49.03,49.14,49.02,49.13,432.09
2026-08-30 09:35:00,49.14,49.14,49.06,49.07,412.509
2026-08-30 09:40:00,49.06,49.13,49.05,49.11,304.538
2026-08-30 09:45:00,49.12,49.13,49.09,49.09,240.262
2026-08-30 09:50:00,49.08,49.09,49.0,49.09,1873.124
2026-08-30 09:55:00,49.09,49.13,49.09,49.11,734.427
2026-08-30 10:00:00,49.1,49.13,49.09,49.09,252.564
2026-08-30 10:05:00,49.1,49.15,49.09,49.14,639.962
2026-08-30 10:10:00,49.13,49.15,49.12,49.12,159.494
2026-08-30 10:15:00,49.12,49.14,49.11,49.14,306.963
2026-08-30 10:20:00,49.13,49.19,49.13,49.19,301.967
2026-08-30 10:25:00,49.19,49.2,49.15,49.19,297.736
2026-08-30 10:30:00,49.19,49.25,49.19,49.25,223.635
2026-08-30 10:35:00,49.26,49.28,49.26,49.28,119.864
2026-08-30 10:40:00,49.28,49.3,49.27,49.28,358.45
2026-08-30 10:45:00,49.28,49.3,49.25,49.26,541.752
2026-08-30 10:50:00,49.27,49.27,49.24,49.27,237.682
2026-08-30 10:55:00,49.27,49.27,49.25,49.26,201.731
2026-08-30 11:00:00,49.26,49.28,49.25,49.27,517.56
2026-08-30 11:05:00,49.27,49.33,49.26,49.32,670.731
2026-08-30 11:10:00,49.32,49.32,49.28,49.31,920.538
2026-08-30 11:15:00,49.31,49.32,49.27,49.3,276.001
2026-08-30 11:20:00,49.3,49.31,49.25,49.27,229.754
2026-08-30 11:25:00,49.27,49.27,49.23,49.27,189.702
2026-08-30 11:30:00,49.27,49.27,49.21,49.22,437.137
2026-08-30 11:35:00,49.21,49.25,49.19,49.22,290.603
2026-08-30 11:40:00,49.22,49.24,49.19,49.21,705.952
2026-08-30 11:45:00,49.22,49.24,49.21,49.22,345.24
2026-08-30 11:50:00,49.23,49.3,49.2,49.29,1163.942
2026-08-30 11:55:00,49.29,49.37,49.28,49.37,1542.814
2026-08-30 12:00:00,49.37,49.38,49.3,49.38,872.633
2026-08-30 12:05:00,49.38,49.51,49.37,49.5,1748.165
2026-08-30 12:10:00,49.5,49.52,49.48,49.52,1093.76
2026-08-30 12:15:00,49.52,49.52,49.47,49.5,1310.131
2026-08-30 12:20:00,49.5,49.55,49.45,49.53,1587.145
2026-08-30 12:25:00,49.53,49.56,49.46,49.56,1954.246
2026-08-30 12:30:00,49.56,49.58,49.5,49.51,637.867
2026-08-30 12:35:00,49.51,49.71,49.5,49.71,2463.461
2026-08-30 12:40:00,49.7,49.75,49.59,49.66,4922.869
2026-08-30 12:45:00,49.66,49.74,49.64,49.74,1946.765
2026-08-30 12:50:00,49.73,49.81,49.72,49.73,4617.492
2026-08-30 12:55:00,49.73,49.73,49.67,49.69,577.079
2026-08-30 13:00:00,49.69,49.74,49.65,49.72,847.809
2026-08-30 13:05:00,49.72,49.72,49.63,49.63,545.817
2026-08-30 13:10:00,49.64,49.72,49.64,49.72,508.439
2026-08-30 13:15:00,49.72,49.72,49.65,49.65,747.115
2026-08-30 13:20:00,49.65,49.67,49.61,49.67,486.887
2026-08-30 13:25:00,49.67,49.68,49.65,49.68,114.335
2026-08-30 13:30:00,49.68,49.74,49.67,49.73,448.373
2026-08-30 13:35:00,49.74,49.79,49.73,49.76,712.678
2026-08-30 13:40:00,49.76,49.79,49.72,49.78,1011.857
2026-08-30 13:45:00,49.77,49.77,49.69,49.73,1270.014
2026-08-30 13:50:00,49.73,49.75,49.61,49.64,927.257
2026-08-30 13:55:00,49.65,49.7,49.62,49.67,728.655
2026-08-30 14:00:00,49.66,49.67,49.62,49.64,1125.767
2026-08-30 14:05:00,49.65,49.7,49.58,49.68,1001.623
2026-08-30 14:10:00,49.68,49.73,49.64,49.7,714.817
2026-08-30 14:15:00,49.7,49.72,49.67,49.69,398.973
2026-08-30 14:20:00,49.69,49.76,49.68,49.75,670.565
2026-08-30 14:25:00,49.74,49.76,49.73,49.74,396.196
2026-08-30 14:30:00,49.74,49.78,49.7,49.74,340.642
2026-08-30 14:35:00,49.75,49.77,49.72,49.74,256.187
2026-08-30 14:40:00,49.75,49.85,49.75,49.84,866.762
2026-08-30 14:45:00,49.83,49.87,49.8,49.83,446.264
2026-08-30 14:50:00,49.83,49.94,49.83,49.89,570.176
2026-08-30 14:55:00,49.9,49.98,49.88,49.89,1317.213
2026-08-30 15:00:00,49.89,49.94,49.8,49.81,1132.38
2026-08-30 15:05:00,49.81,49.9,49.8,49.85,388.748
2026-08-30 15:10:00,49.85,49.88,49.79,49.8,1043.403
2026-08-30 15:15:00,49.8,49.87,49.78,49.83,981.8
2026-08-30 15:20:00,49.83,50.0,49.83,49.97,544.655
2026-08-30 15:25:00,49.96,49.98,49.88,49.93,708.778
2026-08-30 15:30:00,49.93,49.97,49.93,49.96,592.244
2026-08-30 15:35:00,49.97,50.1,49.96,50.09,1629.187
2026-08-30 15:40:00,50.09,50.13,50.03,50.13,2191.317
2026-08-30 15:45:00,50.12,50.13,50.02,50.04,1391.799
2026-08-30 15:50:00,50.04,50.06,49.99,50.01,351.539
2026-08-30 15:55:00,50.01,50.06,49.99,50.02,648.502
2026-08-30 16:00:00,50.03,50.06,49.98,50.0,975.544
2026-08-30 16:05:00,49.99,50.03,49.93,49.96,555.85
2026-08-30 16:10:00,49.95,50.12,49.89,50.11,1817.714
2026-08-30 16:15:00,50.1,50.13,50.05,50.12,1410.566
2026-08-30 16:20:00,50.12,50.12,49.94,50.07,3704.051
2026-08-30 16:25:00,50.08,50.1,50.04,50.05,546.399
2026-08-30 16:30:00,50.06,50.11,50.03,50.1,1135.154
2026-08-30 16:35:00,50.1,50.12,50.0,50.01,687.092
2026-08-30 16:40:00,50.01,50.03,49.96,49.98,978.95
2026-08-30 16:45:00,49.97,49.99,49.92,49.94,762.302
2026-08-30 16:50:00,49.93,49.98,49.9,49.94,441.869
2026-08-30 16:55:00,49.95,50.08,49.94,50.07,706.35
2026-08-30 17:00:00,50.07,50.07,49.98,50.04,623.068
2026-08-30 17:05:00,50.04,50.04,49.96,50.0,846.994
2026-08-30 17:10:00,50.0,50.04,49.99,50.03,354.58
2026-08-30 17:15:00,50.03,50.04,49.92,49.95,485.395
2026-08-30 17:20:00,49.96,49.97,49.76,49.8,1040.501
2026-08-30 17:25:00,49.79,49.88,49.74,49.86,1676.393
2026-08-30 17:30:00,49.86,49.91,49.81,49.91,573.88
2026-08-30 17:35:00,49.91,49.94,49.88,49.92,577.829
2026-08-30 17:40:00,49.91,49.91,49.85,49.86,502.928
2026-08-30 17:45:00,49.87,49.91,49.85,49.89,283.588
2026-08-30 17:50:00,49.9,49.93,49.88,49.9,661.156
2026-08-30 17:55:00,49.9,49.92,49.88,49.92,541.766
2026-08-30 18:00:00,49.92,49.96,49.89,49.94,478.102
2026-08-30 18:05:00,49.95,49.96,49.84,49.84,1912.076
2026-08-30 18:10:00,49.85,49.85,49.8,49.84,265.566
2026-08-30 18:15:00,49.85,49.87,49.81,49.87,366.334
2026-08-30 18:20:00,49.86,49.87,49.79,49.83,582.631
2026-08-30 18:25:00,49.83,49.9,49.82,49.89,1049.495
2026-08-30 18:30:00,49.89,49.96,49.86,49.96,2918.683
2026-08-30 18:35:00,49.96,50.01,49.9,50.01,2054.157
2026-08-30 18:40:00,50.01,50.01,49.96,49.97,413.413
2026-08-30 18:45:00,49.97,49.99,49.93,49.96,902.116
2026-08-30 18:50:00,49.96,50.03,49.93,49.94,1806.127
2026-08-30 18:55:00,49.93,49.96,49.91,49.94,201.511
2026-08-30 19:00:00,49.93,49.94,49.85,49.88,295.412
2026-08-30 19:05:00,49.88,49.91,49.83,49.91,408.591
2026-08-30 19:10:00,49.91,49.93,49.81,49.9,837.475
2026-08-30 19:15:00,49.91,49.91,49.81,49.82,238.222
2026-08-30 19:20:00,49.81,49.81,49.75,49.76,180.947
2026-08-30 19:25:00,49.76,49.77,49.74,49.76,239.877
2026-08-30 19:30:00,49.76,49.78,49.69,49.72,654.632
2026-08-30 19:35:00,49.72,49.73,49.65,49.65,626.718
2026-08-30 19:40:00,49.65,49.68,49.59,49.6,478.465
2026-08-30 19:45:00,49.6,49.7,49.53,49.65,725.266
2026-08-30 19:50:00,49.65,49.69,49.62,49.66,887.669
2026-08-30 19:55:00,49.67,49.72,49.67,49.71,442.502
2026-08-30 20:00:00,49.71,49.78,49.71,49.73,538.031
2026-08-30 20:05:00,49.73,49.77,49.72,49.77,115.731
2026-08-30 20:10:00,49.78,49.79,49.72,49.73,605.153
2026-08-30 20:15:00,49.72,49.77,49.68,49.72,592.598
2026-08-30 20:20:00,49.72,49.73,49.68,49.72,781.781
2026-08-30 20:25:00,49.71,49.72,49.62,49.62,790.168
2026-08-30 20:30:00,49.62,49.62,49.46,49.53,682.961
2026-08-30 20:35:00,49.53,49.58,49.45,49.45,404.415
2026-08-30 20:40:00,49.45,49.45,49.17,49.22,2212.754
2026-08-30 20:45:00,49.21,49.41,49.21,49.35,1660.012
2026-08-30 20:50:00,49.35,49.44,49.34,49.39,418.304
2026-08-30 20:55:00,49.39,49.4,49.29,49.29,530.85
2026-08-30 21:00:00,49.29,49.31,48.88,49.1,2836.992
2026-08-30 21:05:00,49.09,49.15,49.08,49.13,616.092
2026-08-30 21:10:00,49.12,49.18,49.04,49.13,1093.078
2026-08-30 21:15:00,49.13,49.2,49.11,49.14,128.901
2026-08-30 21:20:00,49.13,49.17,49.06,49.13,292.54
2026-08-30 21:25:00,49.13,49.23,49.11,49.21,508.968
2026-08-30 21:30:00,49.21,49.28,49.2,49.26,292.642
2026-08-30 21:35:00,49.26,49.27,49.17,49.17,348.198
2026-08-30 21:40:00,49.16,49.16,49.11,49.14,628.711
2026-08-30 21:45:00,49.14,49.15,49.07,49.1,518.231
2026-08-30 21:50:00,49.09,49.13,49.06,49.06,311.572
2026-08-30 21:55:00,49.06,49.15,49.06,49.14,849.922
2026-08-30 22:00:00,49.14,49.3,49.01,49.26,2498.548
2026-08-30 22:05:00,49.27,49.27,49.12,49.12,174.879
2026-08-30 22:10:00,49.12,49.12,49.04,49.05,324.843
2026-08-30 22:15:00,49.05,49.05,48.95,48.99,307.419
2026-08-30 22:20:00,48.99,48.99,48.81,48.81,539.932
2026-08-30 22:25:00,48.81,48.82,48.76,48.82,345.001
2026-08-30 22:30:00,48.82,48.82,48.65,48.71,1034.575
2026-08-30 22:35:00,48.71,48.84,48.71,48.84,666.623
2026-08-30 22:40:00,48.84,48.9,48.82,48.86,310.401
2026-08-30 22:45:00,48.85,48.86,48.79,48.83,581.678
2026-08-30 22:50:00,48.83,48.83,48.76,48.82,572.172
2026-08-30 22:55:00,48.82,48.83,48.77,48.8,540.961
2026-08-30 23:00:00,48.81,48.81,48.69,48.69,534.884
2026-08-30 23:05:00,48.69,48.75,48.65,48.7,332.872
2026-08-30 23:10:00,48.69,48.76,48.67,48.68,318.945
2026-08-30 23:15:00,48.67,48.71,48.38,48.59,4196.835
2026-08-30 23:20:00,48.58,48.59,48.11,48.25,3358.574
2026-08-30 23:25:00,48.24,48.34,48.0,48.1,3926.1
2026-08-30 23:30:00,48.09,48.28,48.0,48.11,3485.678
2026-08-30 23:35:00,48.11,48.12,47.94,47.94,3649.633
2026-08-30 23:40:00,47.95,48.01,47.84,47.94,3575.25
2026-08-30 23:45:00,47.93,47.96,47.41,47.76,7614.827
2026-08-30 23:50:00,47.75,47.9,47.7,47.83,2732.062
2026-08-30 23:55:00,47.83,47.99,47.81,47.94,869.285
2026-08-31 00:00:00,47.94,48.09,47.72,48.08,2725.323
2026-08-31 00:05:00,48.08,48.11,47.94,48.0,1602.779
2026-08-31 00:10:00,47.99,48.17,47.97,48.17,565.756
2026-08-31 00:15:00,48.16,48.32,48.15,48.31,732.005
2026-08-31 00:20:00,48.3,48.37,48.3,48.35,392.124
2026-08-31 00:25:00,48.35,48.36,48.29,48.29,321.859
2026-08-31 00:30:00,48.28,48.39,48.27,48.37,828.767
2026-08-31 00:35:00,48.38,48.47,48.36,48.41,480.636
2026-08-31 00:40:00,48.42,48.45,48.41,48.43,214.81
2026-08-31 00:45:00,48.42,48.42,48.33,48.34,363.609
2026-08-31 00:50:00,48.34,48.43,48.34,48.41,434.394
2026-08-31 00:55:00,48.4,48.4,48.31,48.33,253.011
2026-08-31 01:00:00,48.34,48.39,48.18,48.19,677.855
2026-08-31 01:05:00,48.19,48.2,47.88,47.94,1982.912
2026-08-31 01:10:00,47.95,48.03,47.92,48.01,871.798
2026-08-31 01:15:00,47.99,48.13,47.99,48.13,1192.361
2026-08-31 01:20:00,48.14,48.18,48.07,48.17,685.835
2026-08-31 01:25:00,48.17,48.19,48.13,48.14,764.113
2026-08-31 01:30:00,48.14,48.19,48.09,48.12,731.352
2026-08-31 01:35:00,48.12,48.28,48.1,48.21,593.677
2026-08-31 01:40:00,48.21,48.22,48.12,48.12,234.119
2026-08-31 01:45:00,48.13,48.17,48.08,48.1,481.375
2026-08-31 01:50:00,48.11,48.11,48.03,48.03,232.658
2026-08-31 01:55:00,48.03,48.07,47.94,47.98,1270.888
2026-08-31 02:00:00,47.99,48.06,47.95,48.06,654.147
2026-08-31 02:05:00,48.06,48.13,48.03,48.13,466.757
2026-08-31 02:10:00,48.12,48.29,48.12,48.25,780.151
2026-08-31 02:15:00,48.25,48.31,48.24,48.26,911.878
2026-08-31 02:20:00,48.27,48.28,48.22,48.23,320.397
2026-08-31 02:25:00,48.23,48.26,48.2,48.2,185.624
2026-08-31 02:30:00,48.21,48.28,48.19,48.2,631.952
2026-08-31 02:35:00,48.19,48.2,48.15,48.16,156.622
2026-08-31 02:40:00,48.15,48.17,48.12,48.14,508.933
2026-08-31 02:45:00,48.14,48.21,48.09,48.12,577.549
2026-08-31 02:50:00,48.12,48.13,48.04,48.07,517.45
2026-08-31 02:55:00,48.07,48.14,48.04,48.13,617.59
2026-08-31 03:00:00,48.13,48.25,48.09,48.23,415.724
2026-08-31 03:05:00,48.22,48.28,48.2,48.28,363.973
2026-08-31 03:10:00,48.28,48.29,48.23,48.25,531.085
2026-08-31 03:15:00,48.25,48.29,48.2,48.2,441.386
2026-08-31 03:20:00,48.21,48.33,48.2,48.33,1251.116
2026-08-31 03:25:00,48.34,48.35,48.3,48.35,267.434
2026-08-31 03:30:00,48.34,48.35,48.32,48.33,489.819
2026-08-31 03:35:00,48.33,48.4,48.33,48.4,222.534
2026-08-31 03:40:00,48.4,48.48,48.38,48.48,1239.81
2026-08-31 03:45:00,48.48,48.5,48.44,48.46,210.884
2026-08-31 03:50:00,48.46,48.47,48.44,48.45,167.529
2026-08-31 03:55:00,48.45,48.45,48.42,48.44,117.637
2026-08-31 04:00:00,48.43,48.43,48.28,48.28,205.888
2026-08-31 04:05:00,48.27,48.34,48.27,48.3,291.851
2026-08-31 04:10:00,48.3,48.32,48.25,48.28,915.268
2026-08-31 04:15:00,48.29,48.32,48.1,48.17,4917.989
2026-08-31 04:20:00,48.16,48.19,48.06,48.11,713.486
2026-08-31 04:25:00,48.1,48.15,48.1,48.13,438.212
2026-08-31 04:30:00,48.12,48.17,48.11,48.15,217.925
2026-08-31 04:35:00,48.16,48.23,48.15,48.23,493.328
2026-08-31 04:40:00,48.23,48.24,48.17,48.22,367.087
2026-08-31 04:45:00,48.21,48.25,48.19,48.2,124.664
2026-08-31 04:50:00,48.19,48.3,48.19,48.29,394.393
2026-08-31 04:55:00,48.29,48.31,48.26,48.31,352.337
2026-08-31 05:00:00,48.31,48.32,48.23,48.32,267.603
2026-08-31 05:05:00,48.33,48.37,48.32,48.34,433.561
2026-08-31 05:10:00,48.35,48.42,48.34,48.41,167.118
2026-08-31 05:15:00,48.41,48.55,48.4,48.55,425.862
2026-08-31 05:20:00,48.55,48.62,48.49,48.61,1002.63
2026-08-31 05:25:00,48.61,48.67,48.54,48.6,813.337
2026-08-31 05:30:00,48.6,48.62,48.56,48.58,259.157
2026-08-31 05:35:00,48.58,48.59,48.51,48.53,323.012
2026-08-31 05:40:00,48.53,48.62,48.53,48.62,592.463
2026-08-31 05:45:00,48.62,48.65,48.56,48.56,749.702
2026-08-31 05:50:00,48.57,48.64,48.55,48.58,800.118
2026-08-31 05:55:00,48.58,48.62,48.55,48.58,644.77
2026-08-31 06:00:00,48.59,48.64,48.56,48.62,307.771
2026-08-31 06:05:00,48.61,48.65,48.53,48.59,808.216
2026-08-31 06:10:00,48.59,48.63,48.56,48.62,427.13
2026-08-31 06:15:00,48.63,48.74,48.63,48.72,709.83
2026-08-31 06:20:00,48.71,48.71,48.59,48.66,752.884
2026-08-31 06:25:00,48.67,48.79,48.66,48.72,2039.091
2026-08-31 06:30:00,48.71,48.71,48.62,48.63,631.544
2026-08-31 06:35:00,48.62,48.69,48.6,48.67,619.871
2026-08-31 06:40:00,48.67,48.7,48.62,48.62,480.961
2026-08-31 06:45:00,48.62,48.67,48.6,48.65,266.349
2026-08-31 06:50:00,48.65,48.69,48.63,48.69,207.924
2026-08-31 06:55:00,48.69,48.69,48.64,48.66,227.109
2026-08-31 07:00:00,48.66,48.68,48.6,48.61,546.538
2026-08-31 07:05:00,48.61,48.63,48.6,48.62,247.807
2026-08-31 07:10:00,48.63,48.67,48.61,48.64,497.3
2026-08-31 07:15:00,48.64,48.68,48.63,48.66,318.027
2026-08-31 07:20:00,48.65,48.69,48.64,48.68,348.55
2026-08-31 07:25:00,48.69,48.71,48.62,48.64,402.292
2026-08-31 07:30:00,48.63,48.63,48.55,48.59,463.758
2026-08-31 07:35:00,48.58,48.61,48.57,48.61,557.329
2026-08-31 07:40:00,48.6,48.64,48.58,48.64,566.122
2026-08-31 07:45:00,48.64,48.64,48.58,48.58,408.532
2026-08-31 07:50:00,48.59,48.63,48.55,48.63,1180.708
2026-08-31 07:55:00,48.63,48.66,48.61,48.62,565.255
2026-08-31 08:00:00,48.63,48.68,48.58,48.58,493.712
2026-08-31 08:05:00,48.58,48.6,48.47,48.6,1504.285
2026-08-31 08:10:00,48.6,48.72,48.58,48.6,742.297
2026-08-31 08:15:00,48.59,48.61,48.51,48.51,597.677
2026-08-31 08:20:00,48.5,48.54,48.47,48.51,614.607
2026-08-31 08:25:00,48.52,48.61,48.51,48.61,330.878
2026-08-31 08:30:00,48.6,48.65,48.58,48.62,353.448
2026-08-31 08:35:00,48.62,48.65,48.6,48.65,464.319
2026-08-31 08:40:00,48.65,48.81,48.65,48.68,866.907
2026-08-31 08:45:00,48.67,48.72,48.61,48.7,654.448
2026-08-31 08:50:00,48.7,48.74,48.66,48.71,358.666
2026-08-31 08:55:00,48.71,48.77,48.71,48.77,532.084
2026-08-31 09:00:00,48.76,48.77,48.7,48.71,936.574
2026-08-31 09:05:00,48.7,48.86,48.66,48.85,2658.571
2026-08-31 09:10:00,48.84,48.86,48.7,48.71,1525.292
2026-08-31 09:15:00,48.7,48.74,48.67,48.72,424.86
2026-08-31 09:20:00,48.71,48.73,48.65,48.72,1061.368
2026-08-31 09:25:00,48.72,48.73,48.64,48.64,367.786
2026-08-31 09:30:00,48.65,48.69,48.61,48.65,243.914
2026-08-31 09:35:00,48.65,48.65,48.61,48.64,173.371
2026-08-31 09:40:00,48.63,48.65,48.61,48.64,255.99
2026-08-31 09:45:00,48.64,48.72,48.64,48.68,399.428
2026-08-31 09:50:00,48.67,48.67,48.58,48.59,496.686
2026-08-31 09:55:00,48.58,48.61,48.57,48.59,356.578
2026-08-31 10:00:00,48.6,48.6,48.52,48.55,477.655
2026-08-31 10:05:00,48.55,48.55,48.47,48.51,1119.515
2026-08-31 10:10:00,48.5,48.65,48.49,48.63,817.176
2026-08-31 10:15:00,48.63,48.65,48.5,48.5,1005.284
2026-08-31 10:20:00,48.49,48.5,48.43,48.46,854.488
2026-08-31 10:25:00,48.46,48.53,48.45,48.48,653.282
2026-08-31 10:30:00,48.49,48.49,48.38,48.44,1937.12
2026-08-31 10:35:00,48.44,48.5,48.4,48.46,1243.392
2026-08-31 10:40:00,48.45,48.57,48.45,48.51,3087.218
2026-08-31 10:45:00,48.52,48.54,48.44,48.47,3114.426
2026-08-31 10:50:00,48.47,48.61,48.47,48.58,888.657
2026-08-31 10:55:00,48.58,48.58,48.5,48.58,816.807
2026-08-31 11:00:00,48.58,48.59,48.5,48.51,838.374
2026-08-31 11:05:00,48.51,48.55,48.49,48.53,518.289
2026-08-31 11:10:00,48.53,48.57,48.52,48.56,294.354
2026-08-31 11:15:00,48.56,48.61,48.51,48.61,864.839
2026-08-31 11:20:00,48.61,48.61,48.5,48.51,2165.275
2026-08-31 11:25:00,48.51,48.52,48.27,48.37,4423.087
2026-08-31 11:30:00,48.36,48.39,48.35,48.37,940.513
2026-08-31 11:35:00,48.37,48.45,48.36,48.45,1024.963
2026-08-31 11:40:00,48.45,48.46,48.39,48.41,796.976
2026-08-31 11:45:00,48.41,48.45,48.4,48.43,1260.258
2026-08-31 11:50:00,48.43,48.45,48.33,48.34,1149.43
2026-08-31 11:55:00,48.35,48.36,48.33,48.35,548.395
2026-08-31 12:00:00,48.35,48.48,48.3,48.48,1406.01
2026-08-31 12:05:00,48.47,48.55,48.44,48.53,1225.187
2026-08-31 12:10:00,48.53,48.61,48.52,48.53,1408.921
2026-08-31 12:15:00,48.54,48.67,48.48,48.65,2113.313
2026-08-31 12:20:00,48.65,48.66,48.52,48.53,826.662
2026-08-31 12:25:00,48.54,48.57,48.43,48.53,4064.626
2026-08-31 12:30:00,48.52,48.53,48.4,48.51,1533.106
2026-08-31 12:35:00,48.51,48.54,48.45,48.46,1216.101
2026-08-31 12:40:00,48.46,48.47,48.25,48.41,1799.652
2026-08-31 12:45:00,48.41,48.43,48.34,48.36,749.807
2026-08-31 12:50:00,48.35,48.43,48.35,48.42,679.476
2026-08-31 12:55:00,48.43,48.53,48.36,48.52,1091.851
2026-08-31 13:00:00,48.53,48.65,48.51,48.56,1456.36
2026-08-31 13:05:00,48.56,48.6,48.5,48.6,1327.959
2026-08-31 13:10:00,48.59,48.72,48.58,48.72,1026.732
2026-08-31 13:15:00,48.72,48.74,48.53,48.54,574.071
2026-08-31 13:20:00,48.54,48.56,48.44,48.45,3257.775
2026-08-31 13:25:00,48.44,48.45,48.33,48.43,871.977
2026-08-31 13:30:00,48.44,48.54,48.31,48.33,1004.856
2026-08-31 13:35:00,48.33,48.4,48.25,48.38,1179.206
2026-08-31 13:40:00,48.37,48.49,48.33,48.34,1482.955
2026-08-31 13:45:00,48.33,48.37,48.21,48.25,988.842
2026-08-31 13:50:00,48.26,48.29,48.14,48.22,1412.932
2026-08-31 13:55:00,48.22,48.3,48.19,48.22,1276.737
2026-08-31 14:00:00,48.22,48.3,48.2,48.26,996.474
2026-08-31 14:05:00,48.27,48.31,48.17,48.26,469.069
2026-08-31 14:10:00,48.26,48.27,48.16,48.2,736.123
2026-08-31 14:15:00,48.2,48.26,48.16,48.22,1096.054
2026-08-31 14:20:00,48.21,48.27,48.13,48.14,469.122
2026-08-31 14:25:00,48.13,48.26,48.11,48.25,408.941
2026-08-31 14:30:00,48.25,48.3,48.18,48.19,780.625
2026-08-31 14:35:00,48.18,48.37,48.18,48.35,926.469
2026-08-31 14:40:00,48.35,48.64,48.35,48.53,1225.961
2026-08-31 14:45:00,48.54,48.58,48.44,48.47,564.066
2026-08-31 14:50:00,48.47,48.47,48.38,48.43,733.775
2026-08-31 14:55:00,48.42,48.51,48.4,48.44,915.184
2026-08-31 15:00:00,48.45,48.49,48.39,48.42,633.9
2026-08-31 15:05:00,48.42,48.47,48.39,48.44,423.44
2026-08-31 15:10:00,48.44,48.44,48.35,48.36,1211.648
2026-08-31 15:15:00,48.36,48.43,48.32,48.35,719.556
2026-08-31 15:20:00,48.35,48.4,48.31,48.38,1318.244
2026-08-31 15:25:00,48.38,48.48,48.36,48.44,438.749
2026-08-31 15:30:00,48.43,48.52,48.39,48.45,1811.982
2026-08-31 15:35:00,48.45,48.48,48.42,48.43,415.079
2026-08-31 15:40:00,48.44,48.63,48.42,48.62,776.651
2026-08-31 15:45:00,48.61,48.63,48.55,48.58,1184.845
2026-08-31 15:50:00,48.58,48.62,48.56,48.6,448.523
2026-08-31 15:55:00,48.6,48.61,48.52,48.54,845.445
2026-08-31 16:00:00,48.53,48.62,48.49,48.55,1015.39
2026-08-31 16:05:00,48.55,48.62,48.51,48.53,1243.002
2026-08-31 16:10:00,48.53,48.63,48.52,48.57,542.795
2026-08-31 16:15:00,48.56,48.62,48.47,48.58,854.835
2026-08-31 16:20:00,48.6,48.6,48.48,48.48,2355.341
2026-08-31 16:25:00,48.48,48.48,48.35,48.39,4426.596
2026-08-31 16:30:00,48.4,48.47,48.35,48.35,2044.925
2026-08-31 16:35:00,48.36,48.45,48.35,48.36,1734.89
2026-08-31 16:40:00,48.35,48.42,48.29,48.38,6326.043
2026-08-31 16:45:00,48.39,48.41,48.26,48.35,1107.628
2026-08-31 16:50:00,48.34,48.43,48.34,48.4,3080.804
2026-08-31 16:55:00,48.4,48.47,48.35,48.36,568.759
2026-08-31 17:00:00,48.36,48.39,48.31,48.35,553.684
2026-08-31 17:05:00,48.35,48.42,48.34,48.42,773.948
2026-08-31 17:10:00,48.42,48.49,48.41,48.47,673.125
2026-08-31 17:15:00,48.47,48.48,48.39,48.44,309.52
2026-08-31 17:20:00,48.45,48.51,48.44,48.46,561.184
2026-08-31 17:25:00,48.45,48.46,48.36,48.39,475.823
2026-08-31 17:30:00,48.4,48.49,48.39,48.44,2246.743
2026-08-31 17:35:00,48.45,48.61,48.42,48.61,441.908
2026-08-31 17:40:00,48.61,48.69,48.57,48.59,627.638
2026-08-31 17:45:00,48.59,48.62,48.56,48.58,658.872
2026-08-31 17:50:00,48.59,48.64,48.59,48.61,1189.179
2026-08-31 17:55:00,48.6,48.61,48.55,48.58,327.592
2026-08-31 18:00:00,48.57,48.58,48.52,48.58,903.634
2026-08-31 18:05:00,48.58,48.59,48.53,48.56,426.416
2026-08-31 18:10:00,48.55,48.63,48.53,48.62,421.333
2026-08-31 18:15:00,48.63,48.82,48.63,48.81,1583.753
2026-08-31 18:20:00,48.81,48.83,48.74,48.77,605.144
2026-08-31 18:25:00,48.76,48.78,48.71,48.75,683.472
2026-08-31 18:30:00,48.75,48.82,48.73,48.75,1077.517
2026-08-31 18:35:00,48.75,48.82,48.74,48.79,418.398
2026-08-31 18:40:00,48.78,48.96,48.76,48.92,1001.761
2026-08-31 18:45:00,48.91,48.91,48.8,48.83,604.428
2026-08-31 18:50:00,48.83,48.83,48.81,48.82,200.547
2026-08-31 18:55:00,48.82,48.93,48.82,48.9,743.315
2026-08-31 19:00:00,48.9,48.95,48.9,48.93,397.449
2026-08-31 19:05:00,48.92,48.96,48.91,48.95,1019.919
2026-08-31 19:10:00,48.95,48.98,48.93,48.93,1576.475
2026-08-31 19:15:00,48.92,48.93,48.86,48.88,720.685
2026-08-31 19:20:00,48.87,48.95,48.86,48.94,981.788
2026-08-31 19:25:00,48.94,48.96,48.89,48.95,221.171
2026-08-31 19:30:00,48.96,48.97,48.86,48.88,504.783
2026-08-31 19:35:00,48.89,48.96,48.89,48.93,583.725
2026-08-31 19:40:00,48.93,48.93,48.86,48.9,553.203
2026-08-31 19:45:00,48.9,48.95,48.89,48.95,372.275
2026-08-31 19:50:00,48.96,48.98,48.93,48.94,433.444
2026-08-31 19:55:00,48.94,48.96,48.9,48.94,643.949
2026-08-31 20:00:00,48.95,49.0,48.92,48.93,1145.389
2026-08-31 20:05:00,48.92,48.95,48.86,48.89,1150.666
2026-08-31 20:10:00,48.9,48.91,48.85,48.89,348.286
2026-08-31 20:15:00,48.89,49.0,48.89,48.99,459.726
2026-08-31 20:20:00,49.0,49.05,48.94,48.95,571.614
2026-08-31 20:25:00,48.95,48.95,48.88,48.88,239.806
2026-08-31 20:30:00,48.89,48.92,48.84,48.85,196.394
2026-08-31 20:35:00,48.85,48.87,48.81,48.84,959.775
2026-08-31 20:40:00,48.84,48.9,48.84,48.88,967.844
2026-08-31 20:45:00,48.89,48.9,48.85,48.85,253.163
2026-08-31 20:50:00,48.86,48.89,48.85,48.85,765.185
2026-08-31 20:55:00,48.85,48.9,48.84,48.87,1315.214
2026-08-31 21:00:00,48.87,48.89,48.74,48.77,594.149
2026-08-31 21:05:00,48.78,48.79,48.69,48.79,490.566
2026-08-31 21:10:00,48.79,48.8,48.72,48.76,413.908
2026-08-31 21:15:00,48.76,48.78,48.71,48.71,396.543
2026-08-31 21:20:00,48.71,48.76,48.69,48.74,560.489
2026-08-31 21:25:00,48.75,48.78,48.73,48.77,677.72
2026-08-31 21:30:00,48.78,48.83,48.77,48.79,892.46
2026-08-31 21:35:00,48.79,48.82,48.75,48.77,379.813
2026-08-31 21:40:00,48.77,48.79,48.72,48.74,1090.379
2026-08-31 21:45:00,48.75,48.75,48.69,48.72,3974.457
2026-08-31 21:50:00,48.71,48.73,48.67,48.67,358.608
2026-08-31 21:55:00,48.67,48.68,48.63,48.64,1344.017
2026-08-31 22:00:00,48.64,48.7,48.62,48.62,864.391
2026-08-31 22:05:00,48.63,48.67,48.63,48.67,387.65
2026-08-31 22:10:00,48.67,48.7,48.63,48.64,423.369
2026-08-31 22:15:00,48.64,48.64,48.58,48.58,336.71
2026-08-31 22:20:00,48.58,48.59,48.55,48.57,588.85
2026-08-31 22:25:00,48.56,48.57,48.55,48.56,256.648
2026-08-31 22:30:00,48.56,48.59,48.56,48.58,289.629
2026-08-31 22:35:00,48.57,48.61,48.56,48.61,454.014
2026-08-31 22:40:00,48.61,48.62,48.54,48.59,2595.611
2026-08-31 22:45:00,48.58,48.58,48.56,48.56,173.401
2026-08-31 22:50:00,48.56,48.62,48.55,48.6,543.044
2026-08-31 22:55:00,48.6,48.6,48.55,48.58,822.759
2026-08-31 23:00:00,48.57,48.57,48.43,48.45,6042.671
2026-08-31 23:05:00,48.45,48.55,48.45,48.55,446.335
2026-08-31 23:10:00,48.55,48.56,48.49,48.5,251.78
2026-08-31 23:15:00,48.5,48.52,48.48,48.52,137.411
2026-08-31 23:20:00,48.51,48.52,48.49,48.51,225.665
2026-08-31 23:25:00,48.5,48.51,48.49,48.5,141.727
2026-08-31 23:30:00,48.51,48.51,48.48,48.49,202.527
2026-08-31 23:35:00,48.5,48.51,48.47,48.5,210.183
2026-08-31 23:40:00,48.51,48.53,48.5,48.52,166.33
2026-08-31 23:45:00,48.51,48.55,48.51,48.55,371.322
2026-08-31 23:50:00,48.54,48.55,48.51,48.53,182.719
2026-08-31 23:55:00,48.53,48.55,48.52,48.55,283.728
2026-09-01 00:00:00,48.55,48.59,48.51,48.58,761.356
2026-09-01 00:05:00,48.59,48.67,48.58,48.66,267.486
2026-09-01 00:10:00,48.67,48.68,48.65,48.67,223.113
2026-09-01 00:15:00,48.66,48.71,48.63,48.71,243.336
2026-09-01 00:20:00,48.7,48.73,48.68,48.73,427.065
2026-09-01 00:25:00,48.73,48.78,48.7,48.73,506.933
2026-09-01 00:30:00,48.73,48.77,48.66,48.69,1437.848
2026-09-01 00:35:00,48.7,48.84,48.69,48.8,1322.876
2026-09-01 00:40:00,48.8,48.8,48.72,48.74,504.065
2026-09-01 00:45:00,48.74,48.79,48.72,48.79,149.348
2026-09-01 00:50:00,48.79,48.81,48.72,48.73,365.719
2026-09-01 00:55:00,48.73,48.75,48.69,48.75,557.521
2026-09-01 01:00:00,48.76,48.78,48.72,48.76,295.416
2026-09-01 01:05:00,48.76,48.81,48.73,48.77,412.156
2026-09-01 01:10:00,48.76,48.78,48.72,48.73,136.31
2026-09-01 01:15:00,48.74,48.89,48.74,48.88,1095.499
2026-09-01 01:20:00,48.87,48.88,48.85,48.85,245.06
2026-09-01 01:25:00,48.85,48.85,48.72,48.78,394.189
2026-09-01 01:30:00,48.78,48.78,48.7,48.74,610.505
2026-09-01 01:35:00,48.74,48.8,48.73,48.78,336.067
2026-09-01 01:40:00,48.79,48.82,48.78,48.82,118.188
2026-09-01 01:45:00,48.82,48.82,48.77,48.79,138.726
2026-09-01 01:50:00,48.79,48.8,48.71,48.71,229.93
2026-09-01 01:55:00,48.71,48.71,48.68,48.71,301.187
2026-09-01 02:00:00,48.7,48.7,48.59,48.63,437.549
2026-09-01 02:05:00,48.62,48.65,48.6,48.63,417.269
2026-09-01 02:10:00,48.63,48.65,48.59,48.64,467.283
2026-09-01 02:15:00,48.65,48.67,48.63,48.67,282.006
2026-09-01 02:20:00,48.66,48.75,48.66,48.75,195.734
2026-09-01 02:25:00,48.74,48.79,48.69,48.71,1983.028
2026-09-01 02:30:00,48.72,48.8,48.7,48.78,309.945
2026-09-01 02:35:00,48.78,48.79,48.67,48.67,145.43
2026-09-01 02:40:00,48.67,48.7,48.63,48.65,1137.395
2026-09-01 02:45:00,48.66,48.76,48.64,48.75,567.895
2026-09-01 02:50:00,48.75,48.75,48.68,48.7,524.859
2026-09-01 02:55:00,48.7,48.77,48.69,48.76,211.618
2026-09-01 03:00:00,48.76,48.78,48.74,48.78,259.225
2026-09-01 03:05:00,48.78,48.79,48.75,48.79,257.687
2026-09-01 03:10:00,48.78,48.83,48.77,48.81,175.073
2026-09-01 03:15:00,48.82,48.85,48.81,48.84,290.651
2026-09-01 03:20:00,48.84,48.85,48.74,48.77,391.83
2026-09-01 03:25:00,48.76,48.83,48.74,48.82,353.766
2026-09-01 03:30:00,48.81,48.92,48.8,48.91,339.022
2026-09-01 03:35:00,48.91,49.01,48.9,49.01,616.778
2026-09-01 03:40:00,49.0,49.03,48.96,48.97,1415.086
2026-09-01 03:45:00,48.97,48.97,48.93,48.94,246.329
2026-09-01 03:50:00,48.95,48.99,48.94,48.98,449.95
2026-09-01 03:55:00,48.98,48.99,48.97,48.99,423.501
2026-09-01 04:00:00,48.99,49.03,48.97,48.98,1007.655
2026-09-01 04:05:00,48.98,48.99,48.87,48.89,2014.554
2026-09-01 04:10:00,48.9,48.92,48.82,48.85,454.846
2026-09-01 04:15:00,48.84,48.91,48.83,48.91,608.153
2026-09-01 04:20:00,48.91,48.95,48.91,48.94,522.75
2026-09-01 04:25:00,48.94,48.98,48.91,48.92,375.919
2026-09-01 04:30:00,48.92,48.92,48.86,48.86,742.424
2026-09-01 04:35:00,48.85,48.88,48.84,48.84,815.718
2026-09-01 04:40:00,48.84,48.84,48.8,48.8,697.573
2026-09-01 04:45:00,48.8,48.81,48.77,48.78,329.796
2026-09-01 04:50:00,48.78,48.79,48.74,48.74,354.54
2026-09-01 04:55:00,48.75,48.79,48.74,48.77,440.842
2026-09-01 05:00:00,48.77,48.84,48.76,48.84,157.749
2026-09-01 05:05:00,48.85,48.91,48.85,48.88,813.54
2026-09-01 05:10:00,48.87,48.87,48.81,48.83,308.564
2026-09-01 05:15:00,48.84,48.89,48.84,48.86,344.164
2026-09-01 05:20:00,48.86,48.86,48.8,48.83,896.01
2026-09-01 05:25:00,48.82,48.87,48.8,48.85,536.072
2026-09-01 05:30:00,48.86,49.03,48.86,49.02,1829.972
2026-09-01 05:35:00,49.03,49.06,49.0,49.02,1280.297
2026-09-01 05:40:00,49.01,49.1,49.0,49.1,507.813
2026-09-01 05:45:00,49.1,49.11,49.07,49.11,205.97
2026-09-01 05:50:00,49.11,49.14,49.07,49.12,1421.892
2026-09-01 05:55:00,49.13,49.18,49.13,49.14,600.171
2026-09-01 06:00:00,49.14,49.14,49.08,49.09,613.791
2026-09-01 06:05:00,49.1,49.1,49.05,49.06,567.786
2026-09-01 06:10:00,49.06,49.11,49.06,49.1,639.208
2026-09-01 06:15:00,49.11,49.11,49.04,49.05,749.24
2026-09-01 06:20:00,49.05,49.09,49.05,49.07,265.71
2026-09-01 06:25:00,49.06,49.13,49.06,49.13,671.885
2026-09-01 06:30:00,49.13,49.14,49.1,49.12,584.048
2026-09-01 06:35:00,49.12,49.15,49.06,49.13,981.94
2026-09-01 06:40:00,49.13,49.13,49.04,49.05,568.238
2026-09-01 06:45:00,49.05,49.05,48.91,48.93,511.463
2026-09-01 06:50:00,48.94,48.99,48.88,48.91,2255.267
2026-09-01 06:55:00,48.91,48.92,48.85,48.87,756.558
2026-09-01 07:00:00,48.86,48.92,48.86,48.92,1090.612
2026-09-01 07:05:00,48.91,48.99,48.91,48.97,892.075
2026-09-01 07:10:00,48.97,48.99,48.94,48.96,714.462
2026-09-01 07:15:00,48.95,48.97,48.93,48.94,390.696
2026-09-01 07:20:00,48.95,49.01,48.94,48.99,282.123
2026-09-01 07:25:00,48.99,49.01,48.94,48.96,392.073
2026-09-01 07:30:00,48.96,48.97,48.95,48.95,331.457
2026-09-01 07:35:00,48.96,48.97,48.8,48.83,4035.258
2026-09-01 07:40:00,48.82,48.84,48.79,48.82,2088.26
2026-09-01 07:45:00,48.82,48.94,48.82,48.92,1234.956
2026-09-01 07:50:00,48.92,48.94,48.88,48.92,673.627
2026-09-01 07:55:00,48.92,48.92,48.89,48.9,240.963
2026-09-01 08:00:00,48.91,48.92,48.85,48.87,505.826
2026-09-01 08:05:00,48.88,48.93,48.65,48.68,2123.479
2026-09-01 08:10:00,48.68,48.7,48.58,48.66,1303.196
2026-09-01 08:15:00,48.66,48.74,48.56,48.63,1150.55
2026-09-01 08:20:00,48.64,48.69,48.55,48.55,596.39
2026-09-01 08:25:00,48.55,48.59,48.37,48.41,2364.496
2026-09-01 08:30:00,48.42,48.47,48.35,48.47,518.507
2026-09-01 08:35:00,48.46,48.5,48.43,48.45,773.494
2026-09-01 08:40:00,48.44,48.51,48.37,48.51,1508.408
2026-09-01 08:45:00,48.5,48.55,48.38,48.41,1044.551
2026-09-01 08:50:00,48.41,48.45,48.35,48.42,907.835
2026-09-01 08:55:00,48.42,48.45,48.37,48.38,738.759
2026-09-01 09:00:00,48.38,48.43,48.3,48.4,1330.729
2026-09-01 09:05:00,48.41,48.43,48.32,48.42,1317.353
2026-09-01 09:10:00,48.43,48.45,48.38,48.42,1029.102
2026-09-01 09:15:00,48.41,48.5,48.4,48.5,696.97
2026-09-01 09:20:00,48.5,48.61,48.48,48.61,1121.541
2026-09-01 09:25:00,48.6,48.64,48.57,48.61,1126.363
2026-09-01 09:30:00,48.61,48.62,48.55,48.59,772.659
2026-09-01 09:35:00,48.59,48.59,48.52,48.53,550.77
2026-09-01 09:40:00,48.53,48.59,48.52,48.58,274.392
2026-09-01 09:45:00,48.59,48.59,48.5,48.52,1180.317
2026-09-01 09:50:00,48.52,48.58,48.52,48.55,333.461
2026-09-01 09:55:00,48.54,48.65,48.54,48.62,735.398
2026-09-01 10:00:00,48.62,48.64,48.59,48.6,516.721
2026-09-01 10:05:00,48.6,48.64,48.59,48.59,421.457
2026-09-01 10:10:00,48.6,48.75,48.58,48.73,1336.381
2026-09-01 10:15:00,48.72,48.77,48.65,48.73,1963.179
2026-09-01 10:20:00,48.73,48.9,48.73,48.9,2217.736
2026-09-01 10:25:00,48.9,48.92,48.83,48.86,1898.243
2026-09-01 10:30:00,48.87,48.97,48.86,48.91,955.746
2026-09-01 10:35:00,48.91,48.95,48.88,48.95,481.592
2026-09-01 10:40:00,48.95,49.03,48.94,49.01,2646.776
2026-09-01 10:45:00,49.01,49.05,48.97,48.99,2598.144
2026-09-01 10:50:00,48.99,48.99,48.89,48.9,1609.912
2026-09-01 10:55:00,48.9,48.98,48.89,48.98,1010.388
2026-09-01 11:00:00,48.97,49.06,48.9,49.06,1549.008
2026-09-01 11:05:00,49.06,49.06,48.92,48.94,2588.495
2026-09-01 11:10:00,48.95,48.96,48.82,48.85,2086.885
2026-09-01 11:15:00,48.85,48.89,48.83,48.86,249.51
2026-09-01 11:20:00,48.87,48.99,48.87,48.99,1085.347
2026-09-01 11:25:00,48.99,49.02,48.96,49.01,1053.065
2026-09-01 11:30:00,49.01,49.08,48.95,49.07,1398.633
2026-09-01 11:35:00,49.07,49.17,49.07,49.12,1387.366
2026-09-01 11:40:00,49.11,49.13,49.06,49.07,428.758
2026-09-01 11:45:00,49.07,49.12,49.04,49.05,1913.247
2026-09-01 11:50:00,49.06,49.17,49.06,49.13,1288.319
2026-09-01 11:55:00,49.12,49.14,49.06,49.09,816.067
2026-09-01 12:00:00,49.1,49.11,49.03,49.09,751.761
2026-09-01 12:05:00,49.1,49.19,49.04,49.15,1633.895
2026-09-01 12:10:00,49.15,49.18,49.08,49.1,343.977
2026-09-01 12:15:00,49.1,49.19,49.1,49.1,420.78
2026-09-01 12:20:00,49.09,49.18,49.06,49.17,649.406
2026-09-01 12:25:00,49.17,49.31,49.17,49.2,2591.176
2026-09-01 12:30:00,49.2,49.2,49.06,49.13,2112.922
2026-09-01 12:35:00,49.13,49.13,48.93,48.93,1179.745
2026-09-01 12:40:00,48.94,49.1,48.87,49.07,1690.896
2026-09-01 12:45:00,49.07,49.16,49.04,49.09,1405.812
2026-09-01 12:50:00,49.09,49.2,49.07,49.19,1860.608
2026-09-01 12:55:00,49.2,49.25,49.13,49.15,1002.706
2026-09-01 13:00:00,49.14,49.21,49.09,49.11,1377.625
2026-09-01 13:05:00,49.11,49.28,48.93,49.21,1954.055
2026-09-01 13:10:00,49.21,49.31,49.17,49.19,1445.233
2026-09-01 13:15:00,49.19,49.21,49.11,49.17,852.248
2026-09-01 13:20:00,49.17,49.48,49.16,49.47,2579.17
2026-09-01 13:25:00,49.47,49.57,49.38,49.44,4366.787
2026-09-01 13:30:00,49.44,49.46,49.22,49.29,1328.702
2026-09-01 13:35:00,49.29,49.34,49.13,49.17,1075.557
2026-09-01 13:40:00,49.17,49.37,49.08,49.33,1173.914
2026-09-01 13:45:00,49.34,49.5,49.33,49.43,1471.627
2026-09-01 13:50:00,49.43,49.5,49.42,49.47,2005.083
2026-09-01 13:55:00,49.46,49.49,49.42,49.45,675.915
2026-09-01 14:00:00,49.46,49.66,49.42,49.65,2507.088
2026-09-01 14:05:00,49.65,49.84,49.63,49.81,2764.691
2026-09-01 14:10:00,49.8,49.8,49.68,49.7,1876.119
2026-09-01 14:15:00,49.71,49.82,49.67,49.71,580.471
2026-09-01 14:20:00,49.71,49.72,49.62,49.66,878.958
2026-09-01 14:25:00,49.66,49.73,49.55,49.55,916.289
2026-09-01 14:30:00,49.56,49.65,49.52,49.64,1181.631
2026-09-01 14:35:00,49.64,49.7,49.61,49.68,1613.007
2026-09-01 14:40:00,49.68,49.72,49.64,49.7,2038.555
2026-09-01 14:45:00,49.7,49.72,49.62,49.63,1192.835
2026-09-01 14:50:00,49.63,49.68,49.55,49.61,1679.568
2026-09-01 14:55:00,49.6,49.71,49.54,49.64,1620.887
2026-09-01 15:00:00,49.63,49.64,49.38,49.45,2208.147
2026-09-01 15:05:00,49.45,49.52,49.32,49.36,2498.315
2026-09-01 15:10:00,49.36,49.52,49.34,49.48,1595.141
2026-09-01 15:15:00,49.47,49.52,49.38,49.38,1870.296
2026-09-01 15:20:00,49.38,49.45,49.34,49.41,1589.162
2026-09-01 15:25:00,49.41,49.56,49.4,49.56,808.232
2026-09-01 15:30:00,49.56,49.73,49.53,49.71,2824.397
2026-09-01 15:35:00,49.7,49.96,49.69,49.84,2913.214
2026-09-01 15:40:00,49.84,49.9,49.79,49.83,3099.89
2026-09-01 15:45:00,49.82,49.92,49.81,49.9,632.873
2026-09-01 15:50:00,49.9,49.99,49.87,49.92,1651.965
2026-09-01 15:55:00,49.92,49.95,49.85,49.89,1079.875
2026-09-01 16:00:00,49.89,49.92,49.69,49.73,1940.021
2026-09-01 16:05:00,49.73,49.77,49.61,49.61,845.707
2026-09-01 16:10:00,49.61,49.64,49.46,49.5,714.79
2026-09-01 16:15:00,49.49,49.55,49.49,49.5,816.07
2026-09-01 16:20:00,49.51,49.6,49.46,49.58,1817.313
2026-09-01 16:25:00,49.57,49.81,49.57,49.74,3152.192
2026-09-01 16:30:00,49.73,49.74,49.56,49.6,2316.155
2026-09-01 16:35:00,49.61,49.68,49.44,49.67,2208.155
2026-09-01 16:40:00,49.67,49.67,49.43,49.45,1404.792
2026-09-01 16:45:00,49.46,49.74,49.45,49.73,3234.232
2026-09-01 16:50:00,49.73,49.82,49.65,49.79,1639.993
2026-09-01 16:55:00,49.78,49.8,49.68,49.75,2024.716
2026-09-01 17:00:00,49.74,49.81,49.65,49.65,1134.0
2026-09-01 17:05:00,49.66,49.69,49.58,49.63,1077.666
2026-09-01 17:10:00,49.63,49.68,49.5,49.54,1341.393
2026-09-01 17:15:00,49.53,49.57,49.47,49.53,1743.567
2026-09-01 17:20:00,49.54,49.7,49.54,49.66,1626.819
2026-09-01 17:25:00,49.66,49.68,49.56,49.68,3335.686
2026-09-01 17:30:00,49.68,49.82,49.64,49.8,3093.995
2026-09-01 17:35:00,49.81,49.97,49.79,49.93,2144.248
2026-09-01 17:40:00,49.92,49.95,49.74,49.75,2251.94
2026-09-01 17:45:00,49.76,49.77,49.62,49.73,1136.623
2026-09-01 17:50:00,49.74,49.76,49.58,49.63,1903.322
2026-09-01 17:55:00,49.63,49.67,49.59,49.67,1816.686
2026-09-01 18:00:00,49.67,49.72,49.61,49.68,2292.924
2026-09-01 18:05:00,49.68,49.69,49.46,49.55,1196.003
2026-09-01 18:10:00,49.54,49.64,49.52,49.61,1647.822
2026-09-01 18:15:00,49.61,49.62,49.37,49.4,2271.395
2026-09-01 18:20:00,49.4,49.42,49.21,49.29,1560.85
2026-09-01 18:25:00,49.28,49.28,48.99,49.22,4431.993
2026-09-01 18:30:00,49.22,49.28,49.11,49.14,1614.128
2026-09-01 18:35:00,49.13,49.15,48.87,48.95,3753.237
2026-09-01 18:40:00,48.95,49.05,48.93,48.94,1677.914
2026-09-01 18:45:00,48.95,49.08,48.82,49.08,3380.649
2026-09-01 18:50:00,49.09,49.28,49.09,49.23,1173.096
2026-09-01 18:55:00,49.23,49.34,49.22,49.34,597.039
2026-09-01 19:00:00,49.35,49.46,49.34,49.45,1178.947
2026-09-01 19:05:00,49.46,49.46,49.23,49.27,583.1
2026-09-01 19:10:00,49.27,49.32,49.24,49.28,376.475
2026-09-01 19:15:00,49.27,49.4,49.25,49.35,554.755
2026-09-01 19:20:00,49.36,49.52,49.36,49.42,725.583
2026-09-01 19:25:00,49.43,49.58,49.4,49.58,859.358
2026-09-01 19:30:00,49.58,49.64,49.52,49.52,1789.52
2026-09-01 19:35:00,49.53,49.6,49.5,49.51,1189.461
2026-09-01 19:40:00,49.51,49.57,49.51,49.57,212.318
2026-09-01 19:45:00,49.57,49.6,49.49,49.5,627.908
2026-09-01 19:50:00,49.5,49.52,49.41,49.45,717.259
2026-09-01 19:55:00,49.45,49.53,49.45,49.53,986.327
2026-09-01 20:00:00,49.53,49.55,49.32,49.35,1461.458
2026-09-01 20:05:00,49.35,49.52,49.35,49.46,1024.761
2026-09-01 20:10:00,49.46,49.63,49.46,49.62,1408.968
2026-09-01 20:15:00,49.62,49.72,49.54,49.72,1165.791
2026-09-01 20:20:00,49.73,49.74,49.62,49.63,858.755
2026-09-01 20:25:00,49.62,49.66,49.59,49.64,957.505
2026-09-01 20:30:00,49.64,49.65,49.6,49.63,776.92
2026-09-01 20:35:00,49.63,49.71,49.62,49.67,748.259
2026-09-01 20:40:00,49.67,49.67,49.53,49.56,703.679
2026-09-01 20:45:00,49.57,49.58,49.49,49.5,314.965
2026-09-01 20:50:00,49.51,49.61,49.49,49.61,1047.311
2026-09-01 20:55:00,49.6,49.64,49.57,49.63,632.019
2026-09-01 21:00:00,49.63,49.76,49.54,49.63,1367.55
2026-09-01 21:05:00,49.64,49.64,49.5,49.52,1604.508
2026-09-01 21:10:00,49.52,49.52,49.35,49.42,1266.822
2026-09-01 21:15:00,49.43,49.45,49.29,49.44,2100.037
2026-09-01 21:20:00,49.44,49.67,49.44,49.66,2338.044
2026-09-01 21:25:00,49.66,49.68,49.58,49.65,3566.29
2026-09-01 21:30:00,49.64,49.65,49.44,49.45,1343.049
2026-09-01 21:35:00,49.45,49.63,49.44,49.58,1273.933
2026-09-01 21:40:00,49.58,49.69,49.56,49.65,1205.791
2026-09-01 21:45:00,49.64,49.82,49.64,49.82,1331.71
2026-09-01 21:50:00,49.81,49.97,49.81,49.94,1150.714
2026-09-01 21:55:00,49.93,49.98,49.87,49.96,772.559
2026-09-01 22:00:00,49.96,50.09,49.92,50.04,2785.622
2026-09-01 22:05:00,50.03,50.03,49.82,49.96,1631.412
2026-09-01 22:10:00,49.96,50.03,49.96,50.01,2018.268
2026-09-01 22:15:00,50.0,50.03,49.96,50.0,1698.144
2026-09-01 22:20:00,49.99,49.99,49.78,49.79,2348.736
2026-09-01 22:25:00,49.79,49.79,49.68,49.68,914.837
2026-09-01 22:30:00,49.68,49.73,49.63,49.7,967.094
2026-09-01 22:35:00,49.7,49.77,49.68,49.69,967.215
2026-09-01 22:40:00,49.69,49.69,49.56,49.57,612.998
2026-09-01 22:45:00,49.56,49.66,49.56,49.65,635.41
2026-09-01 22:50:00,49.66,49.68,49.55,49.56,626.967
2026-09-01 22:55:00,49.56,49.57,49.49,49.5,513.381
2026-09-01 23:00:00,49.5,49.56,49.47,49.47,1079.552
2026-09-01 23:05:00,49.47,49.57,49.44,49.53,712.185
2026-09-01 23:10:00,49.53,49.53,49.47,49.51,608.172
2026-09-01 23:15:00,49.51,49.51,49.43,49.51,707.675
2026-09-01 23:20:00,49.5,49.52,49.45,49.47,247.451
2026-09-01 23:25:00,49.48,49.5,49.39,49.49,1073.338
2026-09-01 23:30:00,49.5,49.57,49.47,49.54,825.494
2026-09-01 23:35:00,49.54,49.66,49.54,49.61,552.856
2026-09-01 23:40:00,49.61,49.65,49.6,49.61,650.12
2026-09-01 23:45:00,49.61,49.69,49.59,49.66,355.432
2026-09-01 23:50:00,49.66,49.68,49.57,49.61,541.995
2026-09-01 23:55:00,49.61,49.61,49.56,49.57,120.6
2026-09-02 00:00:00,49.56,49.73,49.56,49.73,1846.95
2026-09-02 00:05:00,49.73,49.85,49.73,49.81,675.185
2026-09-02 00:10:00,49.81,49.84,49.69,49.76,912.296
2026-09-02 00:15:00,49.76,49.84,49.76,49.83,1134.704
2026-09-02 00:20:00,49.83,49.86,49.7,49.7,811.832
2026-09-02 00:25:00,49.71,49.71,49.42,49.44,921.762
2026-09-02 00:30:00,49.45,49.56,49.39,49.49,613.349
2026-09-02 00:35:00,49.48,49.51,49.4,49.42,558.805
2026-09-02 00:40:00,49.42,49.42,49.14,49.26,6712.637
2026-09-02 00:45:00,49.26,49.32,49.07,49.32,3353.543
2026-09-02 00:50:00,49.32,49.37,49.23,49.23,744.745
2026-09-02 00:55:00,49.23,49.23,49.13,49.15,1342.406
2026-09-02 01:00:00,49.15,49.21,49.14,49.17,300.862
2026-09-02 01:05:00,49.16,49.22,49.13,49.22,690.849
2026-09-02 01:10:00,49.22,49.32,49.22,49.29,727.34
2026-09-02 01:15:00,49.28,49.31,49.21,49.26,947.043
2026-09-02 01:20:00,49.27,49.3,49.19,49.29,643.398
2026-09-02 01:25:00,49.29,49.29,49.1,49.11,401.807
2026-09-02 01:30:00,49.1,49.22,49.08,49.13,1623.847
2026-09-02 01:35:00,49.12,49.12,49.02,49.02,416.759
2026-09-02 01:40:00,49.03,49.1,48.96,48.99,1248.204
2026-09-02 01:45:00,49.0,49.06,48.91,48.92,837.89
2026-09-02 01:50:00,48.92,48.97,48.85,48.96,1351.221
2026-09-02 01:55:00,48.96,49.07,48.95,49.03,740.686
2026-09-02 02:00:00,49.02,49.08,49.0,49.02,773.76
2026-09-02 02:05:00,49.02,49.21,49.01,49.07,784.04
2026-09-02 02:10:00,49.06,49.17,49.06,49.07,394.676
2026-09-02 02:15:00,49.07,49.16,49.06,49.12,543.744
2026-09-02 02:20:00,49.12,49.23,49.12,49.22,320.017
2026-09-02 02:25:00,49.23,49.32,49.17,49.29,473.404
2026-09-02 02:30:00,49.29,49.33,49.25,49.3,789.952
2026-09-02 02:35:00,49.3,49.36,49.28,49.33,482.82
2026-09-02 02:40:00,49.33,49.34,49.29,49.33,832.37
2026-09-02 02:45:00,49.34,49.36,49.32,49.32,227.157
2026-09-02 02:50:00,49.32,49.33,49.25,49.28,1522.965
2026-09-02 02:55:00,49.27,49.34,49.27,49.32,262.293
2026-09-02 03:00:00,49.31,49.52,49.3,49.48,1626.902
2026-09-02 03:05:00,49.49,49.54,49.44,49.46,1086.004
2026-09-02 03:10:00,49.46,49.59,49.46,49.51,649.298
2026-09-02 03:15:00,49.51,49.52,49.38,49.4,1837.51
2026-09-02 03:20:00,49.4,49.5,49.38,49.38,3400.237
2026-09-02 03:25:00,49.39,49.52,49.38,49.41,1268.232
2026-09-02 03:30:00,49.41,49.41,49.32,49.32,998.735
2026-09-02 03:35:00,49.31,49.36,49.26,49.33,1485.134
2026-09-02 03:40:00,49.34,49.36,49.29,49.31,857.341
2026-09-02 03:45:00,49.31,49.32,49.25,49.25,246.64
2026-09-02 03:50:00,49.26,49.26,49.1,49.13,854.82
2026-09-02 03:55:00,49.14,49.18,49.12,49.18,434.629
2026-09-02 04:00:00,49.17,49.28,49.14,49.25,1897.908
2026-09-02 04:05:00,49.25,49.25,49.06,49.08,1324.977
2026-09-02 04:10:00,49.07,49.07,49.03,49.06,556.078
2026-09-02 04:15:00,49.06,49.08,49.0,49.08,1030.257
2026-09-02 04:20:00,49.08,49.2,49.08,49.17,1420.239
2026-09-02 04:25:00,49.16,49.17,49.11,49.12,297.258
2026-09-02 04:30:00,49.13,49.31,49.1,49.31,859.118
2026-09-02 04:35:00,49.3,49.36,49.27,49.32,1066.748
2026-09-02 04:40:00,49.32,49.4,49.31,49.39,1153.724
2026-09-02 04:45:00,49.4,49.48,49.38,49.48,539.742
2026-09-02 04:50:00,49.48,49.49,49.38,49.38,469.534
2026-09-02 04:55:00,49.39,49.44,49.36,49.42,1183.701
2026-09-02 05:00:00,49.42,49.48,49.29,49.3,995.404
2026-09-02 05:05:00,49.3,49.35,49.27,49.35,596.533
2026-09-02 05:10:00,49.35,49.5,49.35,49.49,741.994
2026-09-02 05:15:00,49.49,49.57,49.47,49.53,1067.836
2026-09-02 05:20:00,49.52,49.55,49.47,49.54,733.504
2026-09-02 05:25:00,49.53,49.54,49.5,49.52,442.968
2026-09-02 05:30:00,49.52,49.52,49.46,49.48,914.042
2026-09-02 05:35:00,49.48,49.49,49.41,49.44,554.132
2026-09-02 05:40:00,49.44,49.47,49.42,49.43,751.33
2026-09-02 05:45:00,49.43,49.52,49.42,49.5,804.845
2026-09-02 05:50:00,49.51,49.51,49.44,49.45,479.341
2026-09-02 05:55:00,49.46,49.47,49.44,49.44,1642.091
2026-09-02 06:00:00,49.45,49.53,49.4,49.42,906.936
2026-09-02 06:05:00,49.42,49.44,49.37,49.41,460.569
2026-09-02 06:10:00,49.41,49.42,49.31,49.31,413.42
2026-09-02 06:15:00,49.32,49.39,49.31,49.32,418.455
2026-09-02 06:20:00,49.32,49.39,49.31,49.38,648.318
2026-09-02 06:25:00,49.38,49.45,49.34,49.34,544.33
2026-09-02 06:30:00,49.35,49.5,49.3,49.49,849.823
2026-09-02 06:35:00,49.48,49.68,49.4,49.65,2839.966
2026-09-02 06:40:00,49.65,49.76,49.59,49.6,1563.87
2026-09-02 06:45:00,49.59,49.6,49.29,49.45,10965.909
2026-09-02 06:50:00,49.45,49.51,49.43,49.48,783.745
2026-09-02 06:55:00,49.48,49.5,49.44,49.49,453.274
2026-09-02 07:00:00,49.5,49.57,49.48,49.54,1252.86
2026-09-02 07:05:00,49.54,49.64,49.54,49.63,511.436
2026-09-02 07:10:00,49.63,49.75,49.55,49.57,3847.512
2026-09-02 07:15:00,49.57,49.57,49.49,49.5,639.47
2026-09-02 07:20:00,49.5,49.52,49.46,49.49,355.202
2026-09-02 07:25:00,49.49,49.49,49.39,49.4,596.969
2026-09-02 07:30:00,49.39,49.46,49.38,49.39,2521.574
2026-09-02 07:35:00,49.39,49.41,49.36,49.38,896.341
2026-09-02 07:40:00,49.39,49.43,49.27,49.32,3024.074
2026-09-02 07:45:00,49.31,49.37,49.19,49.22,4648.992
2026-09-02 07:50:00,49.22,49.28,49.01,49.09,4269.411
2026-09-02 07:55:00,49.09,49.2,49.09,49.19,1515.441
2026-09-02 08:00:00,49.2,49.21,49.04,49.11,1457.687
2026-09-02 08:05:00,49.11,49.16,49.03,49.09,3558.138
2026-09-02 08:10:00,49.09,49.17,49.06,49.13,1098.272
2026-09-02 08:15:00,49.14,49.16,49.1,49.1,1018.859
2026-09-02 08:20:00,49.1,49.1,49.05,49.1,543.288
2026-09-02 08:25:00,49.11,49.12,49.07,49.08,389.578
2026-09-02 08:30:00,49.07,49.07,49.0,49.02,393.913
2026-09-02 08:35:00,49.03,49.08,49.0,49.02,1374.089
2026-09-02 08:40:00,49.01,49.01,48.84,48.88,4454.554
2026-09-02 08:45:00,48.87,48.96,48.79,48.82,2026.071
2026-09-02 08:50:00,48.81,48.87,48.68,48.78,1830.586
2026-09-02 08:55:00,48.77,48.83,48.73,48.83,931.817
2026-09-02 09:00:00,48.83,48.94,48.83,48.88,1082.995
2026-09-02 09:05:00,48.87,48.92,48.86,48.88,609.971
2026-09-02 09:10:00,48.88,48.9,48.86,48.86,363.453
2026-09-02 09:15:00,48.86,48.9,48.84,48.84,573.574
2026-09-02 09:20:00,48.83,48.88,48.64,48.78,1938.128
2026-09-02 09:25:00,48.78,48.9,48.77,48.89,944.978
2026-09-02 09:30:00,48.89,48.89,48.68,48.76,976.853
2026-09-02 09:35:00,48.75,48.75,48.63,48.66,1184.108
2026-09-02 09:40:00,48.66,48.72,48.65,48.7,1035.046
2026-09-02 09:45:00,48.7,48.85,48.64,48.82,1743.051
2026-09-02 09:50:00,48.81,48.89,48.8,48.84,1083.883
2026-09-02 09:55:00,48.84,48.86,48.8,48.84,761.93
2026-09-02 10:00:00,48.84,48.84,48.7,48.71,1114.968
2026-09-02 10:05:00,48.71,48.74,48.62,48.69,1086.41
2026-09-02 10:10:00,48.7,48.77,48.67,48.77,712.477
2026-09-02 10:15:00,48.76,48.84,48.75,48.81,712.355
2026-09-02 10:20:00,48.81,48.84,48.72,48.73,861.601
2026-09-02 10:25:00,48.72,48.76,48.71,48.73,895.215
2026-09-02 10:30:00,48.73,48.73,48.63,48.67,864.425
2026-09-02 10:35:00,48.67,48.73,48.63,48.63,882.879
2026-09-02 10:40:00,48.63,48.68,48.59,48.63,833.009
2026-09-02 10:45:00,48.62,48.64,48.5,48.56,1214.074
2026-09-02 10:50:00,48.56,48.64,48.5,48.63,2485.886
2026-09-02 10:55:00,48.63,48.79,48.61,48.77,1523.066
2026-09-02 11:00:00,48.77,48.77,48.59,48.61,1671.077
2026-09-02 11:05:00,48.61,48.72,48.57,48.71,777.509
2026-09-02 11:10:00,48.7,48.72,48.62,48.7,488.433
2026-09-02 11:15:00,48.69,48.71,48.58,48.6,1073.237
2026-09-02 11:20:00,48.6,48.65,48.58,48.64,607.547
2026-09-02 11:25:00,48.64,48.67,48.58,48.65,757.923
2026-09-02 11:30:00,48.65,48.75,48.64,48.75,459.531
2026-09-02 11:35:00,48.75,48.84,48.74,48.81,978.233
2026-09-02 11:40:00,48.82,48.84,48.78,48.81,578.948
2026-09-02 11:45:00,48.81,48.81,48.72,48.75,2920.124
2026-09-02 11:50:00,48.75,48.77,48.7,48.74,1024.592
2026-09-02 11:55:00,48.74,48.82,48.74,48.82,291.089
2026-09-02 12:00:00,48.81,48.83,48.78,48.8,434.57
2026-09-02 12:05:00,48.8,48.86,48.8,48.84,1076.482
2026-09-02 12:10:00,48.84,48.88,48.81,48.87,972.021
2026-09-02 12:15:00,48.88,48.95,48.83,48.87,1742.153
2026-09-02 12:20:00,48.87,48.92,48.82,48.84,803.133
2026-09-02 12:25:00,48.85,48.93,48.83,48.88,1408.568
2026-09-02 12:30:00,48.88,48.88,48.8,48.8,458.736
2026-09-02 12:35:00,48.8,48.81,48.73,48.75,726.874
2026-09-02 12:40:00,48.75,48.78,48.74,48.76,542.718
2026-09-02 12:45:00,48.77,48.78,48.68,48.75,3928.287
2026-09-02 12:50:00,48.75,48.81,48.73,48.76,954.12
2026-09-02 12:55:00,48.76,48.78,48.74,48.75,419.138
2026-09-02 13:00:00,48.75,48.92,48.75,48.91,778.675
2026-09-02 13:05:00,48.9,48.96,48.9,48.91,728.033
2026-09-02 13:10:00,48.91,48.93,48.88,48.88,305.885
2026-09-02 13:15:00,48.88,48.98,48.87,48.95,473.392
2026-09-02 13:20:00,48.96,48.97,48.9,48.95,691.6
2026-09-02 13:25:00,48.94,49.04,48.86,48.89,1038.938
2026-09-02 13:30:00,48.88,48.91,48.81,48.91,920.983
2026-09-02 13:35:00,48.92,48.96,48.85,48.95,2202.987
2026-09-02 13:40:00,48.96,49.28,48.95,49.25,3283.097
2026-09-02 13:45:00,49.26,49.3,49.19,49.21,2920.937
2026-09-02 13:50:00,49.19,49.29,49.16,49.18,2187.731
2026-09-02 13:55:00,49.18,49.23,49.12,49.23,1040.174
2026-09-02 14:00:00,49.22,49.3,49.19,49.29,1375.96
2026-09-02 14:05:00,49.29,49.38,49.26,49.32,970.912
2026-09-02 14:10:00,49.32,49.39,49.28,49.34,537.03
2026-09-02 14:15:00,49.34,49.34,49.24,49.33,409.185
2026-09-02 14:20:00,49.32,49.4,49.28,49.29,595.897
2026-09-02 14:25:00,49.28,49.41,49.26,49.38,994.21
2026-09-02 14:30:00,49.38,49.38,49.19,49.3,965.099
2026-09-02 14:35:00,49.3,49.31,49.15,49.18,415.205
2026-09-02 14:40:00,49.19,49.29,49.18,49.28,544.399
2026-09-02 14:45:00,49.27,49.29,49.2,49.24,402.204
2026-09-02 14:50:00,49.23,49.25,49.13,49.14,372.138
2026-09-02 14:55:00,49.14,49.19,49.11,49.12,674.573
2026-09-02 15:00:00,49.11,49.18,48.97,49.14,772.245
2026-09-02 15:05:00,49.15,49.24,49.08,49.12,820.365
2026-09-02 15:10:00,49.12,49.14,49.06,49.12,2834.665
2026-09-02 15:15:00,49.12,49.42,49.1,49.39,2913.32
2026-09-02 15:20:00,49.39,49.4,49.25,49.28,1648.588
2026-09-02 15:25:00,49.29,49.39,49.25,49.34,2091.923
2026-09-02 15:30:00,49.34,49.56,49.29,49.51,2617.382
2026-09-02 15:35:00,49.51,49.51,49.34,49.37,4636.803
2026-09-02 15:40:00,49.37,49.49,49.36,49.41,984.129
2026-09-02 15:45:00,49.41,49.41,49.3,49.39,1913.99
2026-09-02 15:50:00,49.39,49.42,49.36,49.36,1012.483
2026-09-02 15:55:00,49.36,49.42,49.33,49.41,602.453
2026-09-02 16:00:00,49.41,49.43,49.33,49.37,845.175
2026-09-02 16:05:00,49.38,49.46,49.35,49.43,1220.75
2026-09-02 16:10:00,49.44,49.45,49.36,49.4,1551.793
2026-09-02 16:15:00,49.41,49.42,49.32,49.4,800.893
2026-09-02 16:20:00,49.4,49.44,49.35,49.41,1321.644
2026-09-02 16:25:00,49.4,49.51,49.36,49.5,1558.108
2026-09-02 16:30:00,49.51,49.67,49.46,49.51,3121.08
2026-09-02 16:35:00,49.51,49.52,49.43,49.49,1047.276
2026-09-02 16:40:00,49.49,49.51,49.39,49.39,714.887
2026-09-02 16:45:00,49.4,49.54,49.4,49.51,951.768
2026-09-02 16:50:00,49.51,49.56,49.48,49.53,1326.249
2026-09-02 16:55:00,49.53,49.54,49.36,49.38,1097.3
2026-09-02 17:00:00,49.38,49.5,49.37,49.5,1318.788
2026-09-02 17:05:00,49.5,49.55,49.41,49.46,2642.389
2026-09-02 17:10:00,49.46,49.51,49.4,49.42,1274.885
2026-09-02 17:15:00,49.41,49.44,49.11,49.31,6649.506
2026-09-02 17:20:00,49.31,49.46,49.3,49.45,2328.864
2026-09-02 17:25:00,49.45,49.52,49.43,49.52,1431.454
2026-09-02 17:30:00,49.52,49.52,49.4,49.43,678.137
2026-09-02 17:35:00,49.43,49.46,49.39,49.42,916.75
2026-09-02 17:40:00,49.42,49.52,49.38,49.48,4227.227
2026-09-02 17:45:00,49.48,49.57,49.44,49.53,2508.728
2026-09-02 17:50:00,49.53,49.55,49.5,49.5,468.554
2026-09-02 17:55:00,49.5,49.54,49.5,49.53,572.168
2026-09-02 18:00:00,49.54,49.59,49.48,49.59,1615.694
2026-09-02 18:05:00,49.59,49.6,49.52,49.52,853.784
2026-09-02 18:10:00,49.53,49.53,49.35,49.5,4361.775
2026-09-02 18:15:00,49.5,49.62,49.47,49.53,1364.825
2026-09-02 18:20:00,49.53,49.56,49.49,49.55,670.989
2026-09-02 18:25:00,49.56,49.63,49.56,49.59,387.873
2026-09-02 18:30:00,49.59,49.64,49.58,49.62,306.92
2026-09-02 18:35:00,49.62,49.66,49.53,49.55,3367.387
2026-09-02 18:40:00,49.54,49.6,49.53,49.59,615.214
2026-09-02 18:45:00,49.59,49.7,49.52,49.67,1819.576
2026-09-02 18:50:00,49.67,49.79,49.66,49.79,986.197
2026-09-02 18:55:00,49.78,49.79,49.72,49.72,741.737
2026-09-02 19:00:00,49.73,49.84,49.69,49.82,931.522
2026-09-02 19:05:00,49.81,49.85,49.78,49.82,1559.825
2026-09-02 19:10:00,49.83,49.85,49.81,49.84,429.699
2026-09-02 19:15:00,49.84,49.88,49.77,49.78,1573.909
2026-09-02 19:20:00,49.78,49.8,49.72,49.77,1145.062
2026-09-02 19:25:00,49.77,49.8,49.71,49.71,1706.7
2026-09-02 19:30:00,49.71,49.74,49.62,49.63,542.399
2026-09-02 19:35:00,49.63,49.66,49.6,49.66,367.277
2026-09-02 19:40:00,49.66,49.73,49.64,49.73,307.253
2026-09-02 19:45:00,49.73,49.82,49.72,49.74,3487.772
2026-09-02 19:50:00,49.74,49.75,49.69,49.7,797.895
2026-09-02 19:55:00,49.7,49.81,49.66,49.79,751.085
2026-09-02 20:00:00,49.8,50.0,49.8,50.0,2981.993
2026-09-02 20:05:00,50.0,50.02,49.94,49.96,1270.953
2026-09-02 20:10:00,49.96,49.96,49.85,49.88,1065.343
2026-09-02 20:15:00,49.88,49.88,49.72,49.79,3363.069
2026-09-02 20:20:00,49.8,49.92,49.79,49.9,2136.922
2026-09-02 20:25:00,49.9,49.9,49.82,49.86,707.379
2026-09-02 20:30:00,49.85,49.92,49.84,49.9,902.816
2026-09-02 20:35:00,49.89,49.92,49.81,49.84,3301.647
2026-09-02 20:40:00,49.84,49.84,49.72,49.73,644.278
2026-09-02 20:45:00,49.74,49.78,49.71,49.71,757.242
2026-09-02 20:50:00,49.71,49.78,49.7,49.73,640.319
2026-09-02 20:55:00,49.73,49.77,49.71,49.74,645.703
2026-09-02 21:00:00,49.74,49.79,49.73,49.74,1095.4
2026-09-02 21:05:00,49.73,49.74,49.66,49.67,701.736
2026-09-02 21:10:00,49.66,49.74,49.65,49.7,1083.778
2026-09-02 21:15:00,49.7,49.72,49.54,49.62,4757.626
2026-09-02 21:20:00,49.63,49.67,49.59,49.67,987.371
2026-09-02 21:25:00,49.67,49.69,49.61,49.68,709.154
2026-09-02 21:30:00,49.67,49.69,49.64,49.67,530.479
2026-09-02 21:35:00,49.67,49.84,49.67,49.84,581.638
2026-09-02 21:40:00,49.84,49.95,49.8,49.9,1263.27
2026-09-02 21:45:00,49.89,49.91,49.82,49.84,803.035
2026-09-02 21:50:00,49.84,49.89,49.83,49.89,747.603
2026-09-02 21:55:00,49.89,49.93,49.86,49.86,573.198
2026-09-02 22:00:00,49.86,49.87,49.76,49.77,396.18
2026-09-02 22:05:00,49.76,49.76,49.64,49.65,307.012
2026-09-02 22:10:00,49.65,49.69,49.6,49.67,775.803
2026-09-02 22:15:00,49.66,49.7,49.6,49.6,314.261
2026-09-02 22:20:00,49.6,49.6,49.55,49.56,224.362
2026-09-02 22:25:00,49.56,49.56,49.53,49.54,489.726
2026-09-02 22:30:00,49.53,49.64,49.52,49.61,724.744
2026-09-02 22:35:00,49.61,49.65,49.59,49.63,774.683
2026-09-02 22:40:00,49.63,49.66,49.58,49.65,811.038
2026-09-02 22:45:00,49.64,49.64,49.58,49.59,833.61
2026-09-02 22:50:00,49.59,49.61,49.56,49.59,443.527
2026-09-02 22:55:00,49.6,49.6,49.53,49.54,165.875
2026-09-02 23:00:00,49.53,49.62,49.5,49.59,1125.625
2026-09-02 23:05:00,49.6,49.64,49.58,49.62,542.003
2026-09-02 23:10:00,49.63,49.65,49.6,49.63,435.973
2026-09-02 23:15:00,49.64,49.64,49.58,49.59,297.522
2026-09-02 23:20:00,49.6,49.62,49.58,49.61,279.899
2026-09-02 23:25:00,49.61,49.64,49.59,49.62,3083.679
2026-09-02 23:30:00,49.62,49.68,49.6,49.6,1169.992
2026-09-02 23:35:00,49.6,49.62,49.58,49.58,375.139
2026-09-02 23:40:00,49.59,49.59,49.54,49.54,370.92
2026-09-02 23:45:00,49.55,49.63,49.55,49.61,588.343
2026-09-02 23:50:00,49.62,49.67,49.61,49.64,928.386
2026-09-02 23:55:00,49.64,49.7,49.63,49.69,169.222
2026-09-03 00:00:00,49.69,49.81,49.68,49.76,1423.778
2026-09-03 00:05:00,49.76,49.82,49.72,49.76,645.339
2026-09-03 00:10:00,49.76,49.82,49.74,49.76,433.239
2026-09-03 00:15:00,49.76,49.87,49.75,49.83,1504.706
2026-09-03 00:20:00,49.82,49.85,49.74,49.76,905.833
2026-09-03 00:25:00,49.76,49.76,49.69,49.7,228.985
2026-09-03 00:30:00,49.7,49.78,49.65,49.66,898.996
2026-09-03 00:35:00,49.65,49.8,49.6,49.79,1044.544
2026-09-03 00:40:00,49.78,49.84,49.71,49.73,602.086
2026-09-03 00:45:00,49.72,49.77,49.69,49.73,761.796
2026-09-03 00:50:00,49.73,49.78,49.66,49.67,656.06
2026-09-03 00:55:00,49.67,49.69,49.6,49.61,585.168
2026-09-03 01:00:00,49.61,49.64,49.48,49.58,1043.807
2026-09-03 01:05:00,49.59,49.78,49.59,49.73,853.031
2026-09-03 01:10:00,49.72,49.95,49.7,49.94,1285.424
2026-09-03 01:15:00,49.93,49.97,49.86,49.9,810.011
2026-09-03 01:20:00,49.91,50.0,49.89,49.95,577.014
2026-09-03 01:25:00,49.95,50.01,49.92,50.0,604.074
2026-09-03 01:30:00,50.01,50.08,49.95,50.07,1193.705
2026-09-03 01:35:00,50.07,50.08,49.93,50.02,1395.01
2026-09-03 01:40:00,50.02,50.02,49.85,49.85,1949.24
2026-09-03 01:45:00,49.85,49.85,49.76,49.79,1388.928
2026-09-03 01:50:00,49.79,49.91,49.75,49.89,1243.599
2026-09-03 01:55:00,49.88,49.89,49.76,49.77,769.13
2026-09-03 02:00:00,49.77,49.81,49.75,49.77,960.106
2026-09-03 02:05:00,49.77,49.9,49.77,49.85,3985.196
2026-09-03 02:10:00,49.86,50.02,49.86,50.0,1686.938
2026-09-03 02:15:00,50.01,50.02,49.96,49.99,740.297
2026-09-03 02:20:00,49.99,50.07,49.95,50.01,3519.197
2026-09-03 02:25:00,50.01,50.05,49.99,50.04,915.277
2026-09-03 02:30:00,50.04,50.24,50.02,50.2,2523.94
2026-09-03 02:35:00,50.19,50.22,50.1,50.12,2202.417
2026-09-03 02:40:00,50.12,50.19,50.12,50.13,623.99
2026-09-03 02:45:00,50.14,50.21,50.12,50.19,1562.474
2026-09-03 02:50:00,50.19,50.22,50.17,50.2,464.7
2026-09-03 02:55:00,50.19,50.26,50.17,50.24,799.046
2026-09-03 03:00:00,50.24,50.27,50.21,50.22,2389.568
2026-09-03 03:05:00,50.22,50.23,50.13,50.13,745.163
2026-09-03 03:10:00,50.13,50.22,50.1,50.22,1428.633
2026-09-03 03:15:00,50.21,50.21,50.11,50.2,389.699
2026-09-03 03:20:00,50.2,50.2,50.08,50.09,549.241
2026-09-03 03:25:00,50.08,50.15,50.08,50.13,670.671
2026-09-03 03:30:00,50.14,50.2,50.11,50.12,451.21
2026-09-03 03:35:00,50.12,50.14,50.08,50.14,316.815
2026-09-03 03:40:00,50.14,50.14,50.08,50.11,226.106
2026-09-03 03:45:00,50.11,50.14,50.1,50.14,313.907
2026-09-03 03:50:00,50.14,50.18,50.14,50.17,173.499
2026-09-03 03:55:00,50.18,50.21,50.13,50.15,503.377
2026-09-03 04:00:00,50.16,50.19,50.15,50.18,437.283
2026-09-03 04:05:00,50.17,50.26,50.16,50.23,986.182
2026-09-03 04:10:00,50.23,50.27,50.19,50.21,699.854
2026-09-03 04:15:00,50.21,50.21,50.12,50.16,475.524
2026-09-03 04:20:00,50.16,50.19,50.13,50.16,455.645
2026-09-03 04:25:00,50.15,50.15,50.1,50.1,298.789
2026-09-03 04:30:00,50.1,50.16,50.1,50.13,387.622
2026-09-03 04:35:00,50.12,50.13,50.09,50.1,343.19
2026-09-03 04:40:00,50.11,50.13,50.1,50.12,99.488
2026-09-03 04:45:00,50.12,50.21,50.12,50.18,495.286
2026-09-03 04:50:00,50.18,50.35,50.17,50.34,1596.622
2026-09-03 04:55:00,50.34,50.38,50.31,50.38,647.862
2026-09-03 05:00:00,50.37,50.41,50.27,50.27,753.555
2026-09-03 05:05:00,50.28,50.28,50.21,50.21,477.464
2026-09-03 05:10:00,50.22,50.23,50.14,50.18,642.061
2026-09-03 05:15:00,50.17,50.21,50.08,50.13,871.194
2026-09-03 05:20:00,50.12,50.13,49.84,49.98,4325.842
2026-09-03 05:25:00,49.99,49.99,49.84,49.92,485.577
2026-09-03 05:30:00,49.91,50.03,49.91,50.01,587.878
2026-09-03 05:35:00,50.02,50.07,49.98,50.04,864.362
2026-09-03 05:40:00,50.04,50.08,49.99,50.06,322.635
2026-09-03 05:45:00,50.07,50.14,50.02,50.14,421.503
2026-09-03 05:50:00,50.14,50.21,50.12,50.16,1153.28
2026-09-03 05:55:00,50.17,50.21,50.16,50.18,382.908
2026-09-03 06:00:00,50.18,50.2,50.09,50.12,303.727
2026-09-03 06:05:00,50.11,50.15,50.08,50.12,467.132
2026-09-03 06:10:00,50.12,50.18,50.1,50.11,672.552
2026-09-03 06:15:00,50.11,50.19,50.1,50.14,467.401
2026-09-03 06:20:00,50.15,50.24,50.15,50.21,606.235
2026-09-03 06:25:00,50.21,50.22,50.17,50.19,258.391
2026-09-03 06:30:00,50.18,50.26,50.15,50.26,588.525
2026-09-03 06:35:00,50.25,50.32,50.24,50.27,434.053
2026-09-03 06:40:00,50.28,50.32,50.27,50.32,447.536
2026-09-03 06:45:00,50.32,50.4,50.3,50.37,757.484
2026-09-03 06:50:00,50.37,50.4,50.33,50.35,468.561
2026-09-03 06:55:00,50.35,50.37,50.32,50.34,222.488
2026-09-03 07:00:00,50.34,50.53,50.34,50.52,1121.964
2026-09-03 07:05:00,50.51,50.55,50.46,50.46,2880.257
2026-09-03 07:10:00,50.46,50.56,50.42,50.53,879.913
2026-09-03 07:15:00,50.53,50.58,50.46,50.53,1224.49
2026-09-03 07:20:00,50.53,50.56,50.48,50.5,1210.951
2026-09-03 07:25:00,50.49,50.52,50.46,50.49,547.926
2026-09-03 07:30:00,50.48,50.5,50.31,50.43,5691.183
2026-09-03 07:35:00,50.43,50.47,50.43,50.47,475.018
2026-09-03 07:40:00,50.47,50.51,50.43,50.43,571.213
2026-09-03 07:45:00,50.42,50.46,50.33,50.34,449.749
2026-09-03 07:50:00,50.34,50.38,50.33,50.35,617.371
2026-09-03 07:55:00,50.36,50.45,50.32,50.44,562.197
2026-09-03 08:00:00,50.44,50.6,50.44,50.54,1680.678
2026-09-03 08:05:00,50.54,50.64,50.52,50.53,1320.845
2026-09-03 08:10:00,50.53,50.57,50.48,50.51,926.715
2026-09-03 08:15:00,50.5,50.57,50.49,50.56,352.059
2026-09-03 08:20:00,50.58,50.59,50.53,50.55,447.774
2026-09-03 08:25:00,50.56,50.77,50.55,50.76,3266.235
2026-09-03 08:30:00,50.76,50.92,50.71,50.85,7396.646
2026-09-03 08:35:00,50.85,51.01,50.81,50.83,13291.423
2026-09-03 08:40:00,50.83,50.9,50.79,50.83,686.382
2026-09-03 08:45:00,50.84,50.88,50.8,50.8,944.513
2026-09-03 08:50:00,50.8,50.84,50.78,50.82,631.583
2026-09-03 08:55:00,50.83,50.87,50.77,50.84,769.832
2026-09-03 09:00:00,50.85,50.94,50.82,50.86,1422.134
2026-09-03 09:05:00,50.87,50.89,50.79,50.88,647.743
2026-09-03 09:10:00,50.89,50.9,50.8,50.84,760.264
2026-09-03 09:15:00,50.84,50.89,50.76,50.79,769.535
2026-09-03 09:20:00,50.79,50.81,50.7,50.79,1505.968
2026-09-03 09:25:00,50.78,50.83,50.76,50.77,507.724
2026-09-03 09:30:00,50.76,50.8,50.7,50.7,1277.167
2026-09-03 09:35:00,50.71,50.77,50.67,50.71,820.547
2026-09-03 09:40:00,50.72,50.72,50.42,50.56,19356.849
2026-09-03 09:45:00,50.57,50.63,50.41,50.43,1221.802
2026-09-03 09:50:00,50.44,50.55,50.43,50.54,948.062
2026-09-03 09:55:00,50.54,50.6,50.52,50.56,859.226
2026-09-03 10:00:00,50.56,50.57,50.5,50.56,856.664
2026-09-03 10:05:00,50.56,50.62,50.52,50.61,997.741
2026-09-03 10:10:00,50.6,50.62,50.56,50.57,376.445
2026-09-03 10:15:00,50.58,50.66,50.52,50.65,1062.091
2026-09-03 10:20:00,50.66,50.76,50.66,50.71,858.717
2026-09-03 10:25:00,50.7,50.74,50.68,50.68,571.58
2026-09-03 10:30:00,50.69,50.69,50.61,50.61,830.765
2026-09-03 10:35:00,50.61,50.66,50.56,50.61,680.481
2026-09-03 10:40:00,50.61,50.61,50.47,50.51,557.079
2026-09-03 10:45:00,50.51,50.53,50.46,50.52,826.976
2026-09-03 10:50:00,50.52,50.64,50.51,50.6,1830.615
2026-09-03 10:55:00,50.6,50.68,50.6,50.64,595.692
2026-09-03 11:00:00,50.63,50.65,50.54,50.57,1107.711
2026-09-03 11:05:00,50.57,50.63,50.55,50.6,823.628
2026-09-03 11:10:00,50.59,50.6,50.56,50.59,286.563
2026-09-03 11:15:00,50.6,50.67,50.6,50.63,1120.022
2026-09-03 11:20:00,50.64,50.65,50.53,50.59,772.557
2026-09-03 11:25:00,50.59,50.61,50.57,50.61,365.324
2026-09-03 11:30:00,50.61,50.76,50.54,50.7,1220.242
2026-09-03 11:35:00,50.69,50.71,50.66,50.7,472.125
2026-09-03 11:40:00,50.71,50.76,50.68,50.75,1080.302
2026-09-03 11:45:00,50.75,50.91,50.73,50.82,3435.344
2026-09-03 11:50:00,50.83,50.99,50.83,50.9,2188.715
2026-09-03 11:55:00,50.91,51.0,50.9,50.94,1743.68
2026-09-03 12:00:00,50.94,50.99,50.92,50.96,1808.974
2026-09-03 12:05:00,50.97,51.01,50.95,50.98,868.682
2026-09-03 12:10:00,50.98,51.03,50.84,50.88,1727.963
2026-09-03 12:15:00,50.87,50.92,50.81,50.84,736.797
2026-09-03 12:20:00,50.84,50.85,50.81,50.82,732.701
2026-09-03 12:25:00,50.82,50.88,50.82,50.87,958.505
2026-09-03 12:30:00,50.89,51.06,50.84,50.94,2124.859
2026-09-03 12:35:00,50.94,51.02,50.9,50.95,721.207
2026-09-03 12:40:00,50.94,51.0,50.89,50.96,1180.462
2026-09-03 12:45:00,50.95,51.04,50.95,51.01,672.689
2026-09-03 12:50:00,51.01,51.05,50.98,51.03,1135.246
2026-09-03 12:55:00,51.02,51.1,50.99,51.03,770.57
2026-09-03 13:00:00,51.03,51.04,50.94,51.0,1216.332
2026-09-03 13:05:00,50.99,50.99,50.91,50.92,1943.489
2026-09-03 13:10:00,50.92,50.97,50.91,50.97,373.355
2026-09-03 13:15:00,50.97,50.97,50.91,50.94,1147.079
2026-09-03 13:20:00,50.93,51.01,50.92,50.98,716.499
2026-09-03 13:25:00,50.98,51.0,50.88,50.89,1416.675
2026-09-03 13:30:00,50.89,50.98,50.85,50.93,1215.252
2026-09-03 13:35:00,50.93,50.96,50.73,50.91,2039.097
2026-09-03 13:40:00,50.92,50.97,50.9,50.92,549.607
2026-09-03 13:45:00,50.92,50.94,50.8,50.83,1033.513
2026-09-03 13:50:00,50.83,50.87,50.75,50.75,443.365
2026-09-03 13:55:00,50.75,50.77,50.68,50.77,533.218
2026-09-03 14:00:00,50.76,50.79,50.69,50.73,594.677
2026-09-03 14:05:00,50.74,50.77,50.69,50.72,1053.901
2026-09-03 14:10:00,50.73,50.84,50.69,50.83,2219.054
2026-09-03 14:15:00,50.82,50.9,50.82,50.86,987.592
2026-09-03 14:20:00,50.86,50.92,50.86,50.87,1262.733
2026-09-03 14:25:00,50.87,50.97,50.84,50.97,744.043
2026-09-03 14:30:00,50.96,51.27,50.89,50.99,3472.155
2026-09-03 14:35:00,50.99,51.09,50.96,51.01,2075.649
2026-09-03 14:40:00,51.02,51.1,50.99,51.0,1220.006
2026-09-03 14:45:00,51.0,51.25,51.0,51.22,1666.358
2026-09-03 14:50:00,51.22,51.24,51.06,51.15,1745.04
2026-09-03 14:55:00,51.15,51.17,51.07,51.17,5399.956
2026-09-03 15:00:00,51.17,51.38,51.07,51.27,10396.47
2026-09-03 15:05:00,51.26,51.36,51.15,51.15,1469.159
2026-09-03 15:10:00,51.15,51.16,51.03,51.11,3137.57
2026-09-03 15:15:00,51.11,51.16,50.98,51.04,1521.334
2026-09-03 15:20:00,51.04,51.13,50.99,51.11,2038.982
2026-09-03 15:25:00,51.11,51.14,51.07,51.14,887.954
2026-09-03 15:30:00,51.14,51.23,51.09,51.22,992.091
2026-09-03 15:35:00,51.22,51.25,51.14,51.18,3264.733
2026-09-03 15:40:00,51.19,51.22,51.15,51.17,1268.86
2026-09-03 15:45:00,51.17,51.19,51.01,51.11,1487.922
2026-09-03 15:50:00,51.11,51.27,51.1,51.2,1700.86
2026-09-03 15:55:00,51.19,51.35,51.18,51.29,2859.002
2026-09-03 16:00:00,51.3,51.33,51.04,51.07,1384.736
2026-09-03 16:05:00,51.08,51.11,50.98,51.08,1921.937
2026-09-03 16:10:00,51.08,51.22,51.08,51.19,1349.034
2026-09-03 16:15:00,51.19,51.19,51.04,51.05,732.381
2026-09-03 16:20:00,51.06,51.16,51.04,51.1,976.768
2026-09-03 16:25:00,51.1,51.12,51.01,51.08,866.36
2026-09-03 16:30:00,51.08,51.22,51.08,51.22,706.812
2026-09-03 16:35:00,51.21,51.27,51.17,51.24,965.431
2026-09-03 16:40:00,51.24,51.24,51.18,51.19,515.132
2026-09-03 16:45:00,51.19,51.28,51.18,51.27,446.131
2026-09-03 16:50:00,51.27,51.32,51.25,51.28,1633.355
2026-09-03 16:55:00,51.27,51.34,51.27,51.31,2834.613
2026-09-03 17:00:00,51.31,51.31,51.22,51.29,443.026
2026-09-03 17:05:00,51.29,51.37,51.26,51.35,1615.09
2026-09-03 17:10:00,51.36,51.44,51.35,51.38,963.308
2026-09-03 17:15:00,51.38,51.42,51.34,51.35,1453.307
2026-09-03 17:20:00,51.34,51.34,51.27,51.28,1011.269
2026-09-03 17:25:00,51.29,51.33,51.26,51.29,843.105
2026-09-03 17:30:00,51.28,51.32,51.27,51.31,898.138
2026-09-03 17:35:00,51.31,51.36,51.28,51.36,304.287
2026-09-03 17:40:00,51.36,51.38,51.33,51.34,965.862
2026-09-03 17:45:00,51.33,51.39,51.31,51.38,621.549
2026-09-03 17:50:00,51.39,51.39,51.3,51.31,843.529
2026-09-03 17:55:00,51.32,51.33,51.27,51.3,525.92
2026-09-03 18:00:00,51.29,51.37,51.27,51.35,889.793
2026-09-03 18:05:00,51.35,51.37,51.29,51.36,698.743
2026-09-03 18:10:00,51.36,51.37,51.28,51.36,615.274
2026-09-03 18:15:00,51.36,51.36,51.24,51.25,503.745
2026-09-03 18:20:00,51.25,51.33,51.22,51.33,1993.35
2026-09-03 18:25:00,51.33,51.33,51.19,51.19,950.878
2026-09-03 18:30:00,51.2,51.32,51.19,51.27,759.942
2026-09-03 18:35:00,51.27,51.27,51.21,51.25,964.278
2026-09-03 18:40:00,51.25,51.25,51.21,51.22,388.919
2026-09-03 18:45:00,51.22,51.3,51.22,51.3,332.104
2026-09-03 18:50:00,51.29,51.36,51.29,51.33,1190.52
2026-09-03 18:55:00,51.33,51.37,51.32,51.34,422.941
2026-09-03 19:00:00,51.34,51.48,51.33,51.47,1183.809
2026-09-03 19:05:00,51.48,51.55,51.4,51.48,1709.513
2026-09-03 19:10:00,51.49,51.53,51.47,51.49,765.179
2026-09-03 19:15:00,51.49,51.58,51.47,51.58,546.874
2026-09-03 19:20:00,51.58,51.68,51.58,51.65,599.13
2026-09-03 19:25:00,51.64,51.7,51.6,51.68,1029.195
2026-09-03 19:30:00,51.69,51.76,51.61,51.76,1515.985
2026-09-03 19:35:00,51.75,51.78,51.67,51.75,1801.223
2026-09-03 19:40:00,51.74,51.75,51.68,51.69,3107.818
2026-09-03 19:45:00,51.69,51.69,51.51,51.55,1973.873
2026-09-03 19:50:00,51.56,51.67,51.55,51.65,555.759
2026-09-03 19:55:00,51.66,51.74,51.65,51.66,2891.198
2026-09-03 20:00:00,51.65,51.69,51.46,51.63,1281.967
2026-09-03 20:05:00,51.63,51.69,51.62,51.68,874.634
2026-09-03 20:10:00,51.69,51.69,51.56,51.6,761.328
2026-09-03 20:15:00,51.6,51.7,51.58,51.65,715.271
2026-09-03 20:20:00,51.65,51.67,51.59,51.62,549.323
2026-09-03 20:25:00,51.61,51.69,51.59,51.68,538.895
2026-09-03 20:30:00,51.67,51.71,51.65,51.65,624.742
2026-09-03 20:35:00,51.64,51.74,51.59,51.7,847.622
2026-09-03 20:40:00,51.7,51.73,51.66,51.71,652.711
2026-09-03 20:45:00,51.7,51.74,51.69,51.71,677.207
2026-09-03 20:50:00,51.71,51.72,51.69,51.7,230.316
2026-09-03 20:55:00,51.7,51.74,51.6,51.62,3225.71
2026-09-03 21:00:00,51.63,51.66,51.55,51.58,1015.444
2026-09-03 21:05:00,51.58,51.61,51.55,51.61,422.64
2026-09-03 21:10:00,51.61,51.81,51.61,51.77,756.328
2026-09-03 21:15:00,51.78,51.86,51.77,51.79,375.407
2026-09-03 21:20:00,51.78,51.82,51.7,51.7,307.131
2026-09-03 21:25:00,51.71,51.77,51.69,51.77,385.991
2026-09-03 21:30:00,51.78,51.87,51.76,51.79,549.995
2026-09-03 21:35:00,51.79,51.8,51.66,51.66,1072.769
2026-09-03 21:40:00,51.65,51.66,51.57,51.59,995.184
2026-09-03 21:45:00,51.59,51.72,51.58,51.72,887.53
2026-09-03 21:50:00,51.73,51.81,51.73,51.8,500.973
2026-09-03 21:55:00,51.8,51.8,51.7,51.7,427.378
2026-09-03 22:00:00,51.7,51.78,51.59,51.68,668.927
2026-09-03 22:05:00,51.68,51.69,51.54,51.56,602.29
2026-09-03 22:10:00,51.55,51.58,51.41,51.47,732.741
2026-09-03 22:15:00,51.48,51.59,51.48,51.58,468.497
2026-09-03 22:20:00,51.58,51.6,51.46,51.46,603.743
2026-09-03 22:25:00,51.46,51.47,51.23,51.32,3668.187
2026-09-03 22:30:00,51.32,51.35,51.18,51.3,1443.314
2026-09-03 22:35:00,51.29,51.43,51.27,51.34,392.392
2026-09-03 22:40:00,51.34,51.4,51.34,51.4,440.571
2026-09-03 22:45:00,51.4,51.45,51.25,51.3,4484.029
2026-09-03 22:50:00,51.3,51.31,51.24,51.3,682.037
2026-09-03 22:55:00,51.29,51.31,51.15,51.24,3114.48
2026-09-03 23:00:00,51.23,51.27,51.22,51.27,524.444
2026-09-03 23:05:00,51.28,51.35,51.28,51.33,903.694
2026-09-03 23:10:00,51.32,51.36,51.31,51.34,1088.51
2026-09-03 23:15:00,51.33,51.33,51.28,51.32,484.106
2026-09-03 23:20:00,51.31,51.32,51.24,51.26,480.513
2026-09-03 23:25:00,51.26,51.33,51.25,51.33,339.726
2026-09-03 23:30:00,51.33,51.34,51.27,51.34,256.714
2026-09-03 23:35:00,51.33,51.37,51.32,51.37,239.193
2026-09-03 23:40:00,51.38,51.52,51.35,51.46,1335.561
2026-09-03 23:45:00,51.46,51.49,51.44,51.49,593.44
2026-09-03 23:50:00,51.49,51.52,51.44,51.45,1274.433
2026-09-03 23:55:00,51.45,51.49,51.43,51.49,378.375
2026-09-04 00:00:00,51.49,51.61,51.44,51.46,2441.087
2026-09-04 00:05:00,51.46,51.48,51.39,51.48,904.589
2026-09-04 00:10:00,51.48,51.49,51.39,51.45,847.644
2026-09-04 00:15:00,51.46,51.54,51.45,51.49,876.177
2026-09-04 00:20:00,51.5,51.54,51.36,51.36,1414.445
2026-09-04 00:25:00,51.37,51.37,51.29,51.29,1353.089
2026-09-04 00:30:00,51.28,51.41,51.28,51.4,752.963
2026-09-04 00:35:00,51.41,51.45,51.4,51.44,224.596
2026-09-04 00:40:00,51.45,51.45,51.23,51.27,962.817
2026-09-04 00:45:00,51.27,51.3,51.22,51.24,727.316
2026-09-04 00:50:00,51.23,51.24,51.15,51.19,1301.281
2026-09-04 00:55:00,51.19,51.19,51.02,51.05,1819.233
2026-09-04 01:00:00,51.04,51.15,51.04,51.08,600.743
2026-09-04 01:05:00,51.07,51.13,51.05,51.1,309.563
2026-09-04 01:10:00,51.09,51.13,51.05,51.07,202.101
2026-09-04 01:15:00,51.07,51.11,51.07,51.09,145.824
2026-09-04 01:20:00,51.09,51.14,51.05,51.06,843.456
2026-09-04 01:25:00,51.05,51.07,51.01,51.02,442.696
2026-09-04 01:30:00,51.02,51.07,51.01,51.03,729.77
2026-09-04 01:35:00,51.03,51.08,51.02,51.03,335.26
2026-09-04 01:40:00,51.03,51.05,51.01,51.03,197.971
2026-09-04 01:45:00,51.03,51.07,51.0,51.04,267.884
2026-09-04 01:50:00,51.05,51.13,51.05,51.12,380.13
2026-09-04 01:55:00,51.12,51.14,51.1,51.11,326.892
2026-09-04 02:00:00,51.12,51.12,51.02,51.03,521.642
2026-09-04 02:05:00,51.03,51.07,51.03,51.04,196.605
2026-09-04 02:10:00,51.04,51.09,51.04,51.08,178.602
2026-09-04 02:15:00,51.09,51.1,51.03,51.04,444.65
2026-09-04 02:20:00,51.05,51.06,51.02,51.02,287.705
2026-09-04 02:25:00,51.03,51.05,51.01,51.03,361.342
2026-09-04 02:30:00,51.03,51.1,51.03,51.07,459.019
2026-09-04 02:35:00,51.08,51.11,51.02,51.11,403.52
2026-09-04 02:40:00,51.11,51.11,51.07,51.07,94.473
2026-09-04 02:45:00,51.08,51.08,51.03,51.06,108.144
2026-09-04 02:50:00,51.05,51.12,51.05,51.12,91.812
2026-09-04 02:55:00,51.12,51.17,51.12,51.17,513.677
2026-09-04 03:00:00,51.17,51.21,51.16,51.19,543.132
2026-09-04 03:05:00,51.18,51.24,51.18,51.22,551.768
2026-09-04 03:10:00,51.23,51.24,51.2,51.2,1500.659
2026-09-04 03:15:00,51.21,51.21,51.13,51.13,575.503
2026-09-04 03:20:00,51.14,51.14,51.07,51.1,1095.753
2026-09-04 03:25:00,51.1,51.1,51.07,51.08,204.502
2026-09-04 03:30:00,51.08,51.1,51.03,51.06,403.082
2026-09-04 03:35:00,51.05,51.09,51.05,51.07,313.83
2026-09-04 03:40:00,51.07,51.09,51.06,51.08,146.101
2026-09-04 03:45:00,51.08,51.1,51.06,51.08,102.475
2026-09-04 03:50:00,51.09,51.12,51.08,51.09,500.318
2026-09-04 03:55:00,51.09,51.1,51.08,51.09,103.336
2026-09-04 04:00:00,51.09,51.1,51.07,51.09,299.938
2026-09-04 04:05:00,51.09,51.1,51.06,51.08,194.918
2026-09-04 04:10:00,51.07,51.16,51.07,51.16,260.971
2026-09-04 04:15:00,51.16,51.26,51.15,51.24,1087.968
2026-09-04 04:20:00,51.24,51.28,51.21,51.28,768.971
2026-09-04 04:25:00,51.27,51.35,51.26,51.33,662.835
2026-09-04 04:30:00,51.33,51.34,51.3,51.33,310.211
2026-09-04 04:35:00,51.33,51.33,51.24,51.25,207.222
2026-09-04 04:40:00,51.25,51.25,51.15,51.19,316.065
2026-09-04 04:45:00,51.18,51.2,51.15,51.17,329.627
2026-09-04 04:50:00,51.17,51.17,51.14,51.15,201.542
2026-09-04 04:55:00,51.15,51.16,51.12,51.13,246.97
2026-09-04 05:00:00,51.13,51.13,51.07,51.08,697.586
2026-09-04 05:05:00,51.09,51.14,51.08,51.13,314.962
2026-09-04 05:10:00,51.13,51.13,51.07,51.08,205.9
2026-09-04 05:15:00,51.08,51.15,51.07,51.12,1028.511
2026-09-04 05:20:00,51.11,51.16,51.08,51.16,420.426
2026-09-04 05:25:00,51.16,51.17,51.05,51.05,552.003
2026-09-04 05:30:00,51.05,51.05,51.01,51.02,546.919
2026-09-04 05:35:00,51.03,51.06,51.0,51.01,967.712
2026-09-04 05:40:00,51.01,51.04,50.99,51.04,975.679
2026-09-04 05:45:00,51.04,51.05,50.82,50.85,12714.063
2026-09-04 05:50:00,50.85,50.85,50.74,50.8,1487.78
2026-09-04 05:55:00,50.81,50.9,50.8,50.86,646.84
2026-09-04 06:00:00,50.86,50.86,50.81,50.83,671.717
2026-09-04 06:05:00,50.83,50.9,50.81,50.9,758.864
2026-09-04 06:10:00,50.9,50.97,50.9,50.93,691.535
2026-09-04 06:15:00,50.93,50.93,50.89,50.92,204.544
2026-09-04 06:20:00,50.92,50.92,50.88,50.89,234.347
2026-09-04 06:25:00,50.89,50.9,50.82,50.83,361.781
2026-09-04 06:30:00,50.84,50.9,50.83,50.89,489.183
2026-09-04 06:35:00,50.89,50.96,50.84,50.95,980.084
2026-09-04 06:40:00,50.95,51.0,50.95,51.0,235.571
2026-09-04 06:45:00,51.0,51.01,50.97,50.98,1084.868
2026-09-04 06:50:00,50.98,50.99,50.93,50.97,227.158
2026-09-04 06:55:00,50.97,51.02,50.96,51.02,828.249
2026-09-04 07:00:00,51.03,51.06,50.99,51.01,960.046
2026-09-04 07:05:00,51.01,51.11,51.0,51.1,456.925
2026-09-04 07:10:00,51.11,51.16,51.1,51.13,257.575
2026-09-04 07:15:00,51.12,51.13,51.07,51.07,566.577
2026-09-04 07:20:00,51.08,51.08,51.04,51.05,1116.823
2026-09-04 07:25:00,51.05,51.1,51.04,51.08,160.649
2026-09-04 07:30:00,51.09,51.15,51.07,51.14,482.658
2026-09-04 07:35:00,51.14,51.17,51.09,51.16,919.135
2026-09-04 07:40:00,51.17,51.24,51.17,51.24,358.366
2026-09-04 07:45:00,51.23,51.26,51.15,51.21,491.858
2026-09-04 07:50:00,51.21,51.25,51.19,51.23,790.278
2026-09-04 07:55:00,51.23,51.25,51.18,51.21,1388.803
2026-09-04 08:00:00,51.21,51.22,51.16,51.16,548.271
2026-09-04 08:05:00,51.16,51.21,51.09,51.19,902.965
2026-09-04 08:10:00,51.18,51.2,51.12,51.17,505.12
2026-09-04 08:15:00,51.17,51.23,51.17,51.21,395.572
2026-09-04 08:20:00,51.21,51.21,51.15,51.15,336.77
2026-09-04 08:25:00,51.15,51.21,51.15,51.18,625.103
2026-09-04 08:30:00,51.19,51.21,51.09,51.15,1459.393
2026-09-04 08:35:00,51.15,51.19,51.11,51.11,491.134
2026-09-04 08:40:00,51.11,51.13,51.07,51.08,393.593
2026-09-04 08:45:00,51.07,51.22,51.02,51.12,2319.876
2026-09-04 08:50:00,51.12,51.32,51.12,51.3,1115.532
2026-09-04 08:55:00,51.3,51.36,51.28,51.34,1301.111
2026-09-04 09:00:00,51.34,51.36,51.29,51.34,2063.569
2026-09-04 09:05:00,51.33,51.38,51.32,51.37,510.337
2026-09-04 09:10:00,51.37,51.38,51.3,51.33,954.581
2026-09-04 09:15:00,51.33,51.44,51.33,51.39,2507.062
2026-09-04 09:20:00,51.38,51.38,51.18,51.18,1236.55
2026-09-04 09:25:00,51.18,51.24,51.16,51.2,513.607
2026-09-04 09:30:00,51.2,51.3,51.17,51.24,824.228
2026-09-04 09:35:00,51.25,51.37,51.2,51.32,1832.117
2026-09-04 09:40:00,51.32,51.34,51.26,51.27,364.297
2026-09-04 09:45:00,51.27,51.3,51.2,51.23,977.857
2026-09-04 09:50:00,51.23,51.25,51.17,51.25,766.201
2026-09-04 09:55:00,51.24,51.26,51.18,51.19,228.489
2026-09-04 10:00:00,51.19,51.24,51.16,51.22,804.905
2026-09-04 10:05:00,51.22,51.22,51.12,51.15,1652.035
2026-09-04 10:10:00,51.14,51.18,51.11,51.18,633.521
2026-09-04 10:15:00,51.18,51.18,51.07,51.08,724.134
2026-09-04 10:20:00,51.09,51.16,51.08,51.12,527.118
2026-09-04 10:25:00,51.12,51.21,51.11,51.19,1095.753
2026-09-04 10:30:00,51.2,51.23,51.15,51.17,573.208
2026-09-04 10:35:00,51.17,51.28,51.16,51.26,253.55
2026-09-04 10:40:00,51.27,51.28,51.2,51.23,428.371
2026-09-04 10:45:00,51.23,51.27,51.21,51.22,514.203
2026-09-04 10:50:00,51.21,51.25,51.19,51.25,635.229
2026-09-04 10:55:00,51.25,51.25,51.18,51.2,467.319
2026-09-04 11:00:00,51.21,51.21,51.11,51.15,671.081
2026-09-04 11:05:00,51.15,51.22,51.14,51.16,1056.185
2026-09-04 11:10:00,51.16,51.16,51.12,51.13,664.514
2026-09-04 11:15:00,51.13,51.25,51.12,51.19,2279.773
2026-09-04 11:20:00,51.2,51.26,51.19,51.25,645.134
2026-09-04 11:25:00,51.25,51.32,51.25,51.27,1214.152
2026-09-04 11:30:00,51.28,51.31,51.24,51.3,515.41
2026-09-04 11:35:00,51.31,51.39,51.31,51.33,566.459
2026-09-04 11:40:00,51.34,51.35,51.31,51.35,689.108
2026-09-04 11:45:00,51.35,51.37,51.32,51.32,299.378
2026-09-04 11:50:00,51.33,51.33,51.29,51.33,916.16
2026-09-04 11:55:00,51.33,51.35,51.31,51.31,147.77
2026-09-04 12:00:00,51.32,51.35,51.29,51.34,1730.725
2026-09-04 12:05:00,51.34,51.44,51.29,51.42,2247.813
2026-09-04 12:10:00,51.42,51.43,51.38,51.42,1143.483
2026-09-04 12:15:00,51.42,51.42,51.35,51.38,716.97
2026-09-04 12:20:00,51.39,51.41,51.29,51.32,877.954
2026-09-04 12:25:00,51.32,51.4,51.28,51.38,573.275
2026-09-04 12:30:00,51.37,51.37,49.93,50.31,27126.872
2026-09-04 12:35:00,50.31,50.54,50.23,50.54,2658.433
2026-09-04 12:40:00,50.54,50.63,50.38,50.39,2433.658
2026-09-04 12:45:00,50.39,50.41,50.17,50.39,3443.839
2026-09-04 12:50:00,50.39,50.54,50.31,50.53,1631.528
2026-09-04 12:55:00,50.52,50.55,50.38,50.46,4326.905
2026-09-04 13:00:00,50.45,50.51,50.36,50.45,2617.614
2026-09-04 13:05:00,50.46,50.48,50.35,50.41,1155.967
2026-09-04 13:10:00,50.41,50.45,50.34,50.41,1286.238
2026-09-04 13:15:00,50.42,50.55,50.4,50.53,765.977
2026-09-04 13:20:00,50.54,50.61,50.52,50.52,1029.048
2026-09-04 13:25:00,50.52,50.52,50.39,50.43,2045.657
2026-09-04 13:30:00,50.43,50.65,50.42,50.53,1906.387
2026-09-04 13:35:00,50.54,50.56,50.36,50.52,1109.656
2026-09-04 13:40:00,50.52,50.58,50.48,50.55,1256.229
2026-09-04 13:45:00,50.55,50.76,50.53,50.68,728.74
2026-09-04 13:50:00,50.67,50.67,50.49,50.55,853.408
2026-09-04 13:55:00,50.55,50.56,50.48,50.5,466.502
2026-09-04 14:00:00,50.49,50.56,50.44,50.44,577.734
2026-09-04 14:05:00,50.45,50.48,50.32,50.35,986.062
2026-09-04 14:10:00,50.34,50.37,50.25,50.3,2213.893
2026-09-04 14:15:00,50.3,50.36,50.21,50.21,2201.854
2026-09-04 14:20:00,50.2,50.34,50.11,50.28,1150.631
2026-09-04 14:25:00,50.28,50.34,50.26,50.31,447.811
2026-09-04 14:30:00,50.31,50.32,50.19,50.22,596.935
2026-09-04 14:35:00,50.23,50.3,50.1,50.16,1007.435
2026-09-04 14:40:00,50.16,50.16,49.91,50.0,3217.33
2026-09-04 14:45:00,50.0,50.08,49.84,49.84,2075.924
2026-09-04 14:50:00,49.84,49.97,49.8,49.95,1210.292
2026-09-04 14:55:00,49.95,50.09,49.94,50.03,852.646
2026-09-04 15:00:00,50.02,50.15,49.94,50.14,1117.858
2026-09-04 15:05:00,50.14,50.25,50.11,50.25,596.605
2026-09-04 15:10:00,50.24,50.24,50.15,50.23,808.545
2026-09-04 15:15:00,50.24,50.25,50.19,50.23,836.13
2026-09-04 15:20:00,50.23,50.27,50.21,50.27,604.243
2026-09-04 15:25:00,50.27,50.31,50.19,50.28,1373.919
2026-09-04 15:30:00,50.29,50.32,50.21,50.22,2520.655
2026-09-04 15:35:00,50.23,50.29,50.22,50.27,1517.112
2026-09-04 15:40:00,50.28,50.31,50.23,50.29,1650.935
2026-09-04 15:45:00,50.29,50.32,50.24,50.26,645.082
2026-09-04 15:50:00,50.26,50.3,50.24,50.27,453.415
2026-09-04 15:55:00,50.27,50.29,50.23,50.26,712.722
2026-09-04 16:00:00,50.27,50.27,50.21,50.22,803.826
2026-09-04 16:05:00,50.22,50.35,50.22,50.34,724.849
2026-09-04 16:10:00,50.34,50.41,50.33,50.34,1175.275
2026-09-04 16:15:00,50.35,50.42,50.35,50.39,783.406
2026-09-04 16:20:00,50.39,50.44,50.38,50.42,355.43
2026-09-04 16:25:00,50.42,50.45,50.4,50.45,317.644
2026-09-04 16:30:00,50.46,50.55,50.43,50.52,957.15
2026-09-04 16:35:00,50.53,50.53,50.44,50.46,1026.234
2026-09-04 16:40:00,50.46,50.47,50.43,50.47,688.656
2026-09-04 16:45:00,50.47,50.56,50.45,50.56,559.267
2026-09-04 16:50:00,50.56,50.59,50.54,50.58,793.426
2026-09-04 16:55:00,50.58,50.59,50.48,50.5,547.269
2026-09-04 17:00:00,50.51,50.51,50.44,50.45,435.894
2026-09-04 17:05:00,50.46,50.51,50.45,50.5,644.149
2026-09-04 17:10:00,50.5,50.5,50.42,50.42,463.023
2026-09-04 17:15:00,50.41,50.46,50.39,50.46,358.142
2026-09-04 17:20:00,50.46,50.48,50.43,50.46,597.969
2026-09-04 17:25:00,50.46,50.46,50.43,50.43,439.155
2026-09-04 17:30:00,50.43,50.49,50.41,50.44,944.168
2026-09-04 17:35:00,50.44,50.45,50.37,50.39,447.555
2026-09-04 17:40:00,50.38,50.38,50.29,50.33,501.498
2026-09-04 17:45:00,50.32,50.33,50.27,50.33,787.23
2026-09-04 17:50:00,50.33,50.33,50.27,50.31,677.033
2026-09-04 17:55:00,50.3,50.3,50.24,50.25,336.708
2026-09-04 18:00:00,50.25,50.36,50.24,50.35,527.005
2026-09-04 18:05:00,50.35,50.39,50.3,50.34,879.876
2026-09-04 18:10:00,50.34,50.35,50.29,50.31,382.256
2026-09-04 18:15:00,50.31,50.35,50.29,50.35,449.75
2026-09-04 18:20:00,50.35,50.38,50.35,50.36,209.358
2026-09-04 18:25:00,50.35,50.36,50.3,50.31,523.453
2026-09-04 18:30:00,50.31,50.38,50.31,50.38,594.653
2026-09-04 18:35:00,50.38,50.38,50.29,50.32,568.012
2026-09-04 18:40:00,50.33,50.42,50.32,50.42,278.078
2026-09-04 18:45:00,50.41,50.42,50.37,50.38,193.402
2026-09-04 18:50:00,50.39,50.45,50.38,50.44,488.154
2026-09-04 18:55:00,50.45,50.47,50.43,50.47,2050.744
2026-09-04 19:00:00,50.46,50.54,50.46,50.5,1570.81
2026-09-04 19:05:00,50.51,50.54,50.5,50.52,958.688
2026-09-04 19:10:00,50.52,50.54,50.46,50.54,779.918
2026-09-04 19:15:00,50.53,50.59,50.52,50.59,414.35
2026-09-04 19:20:00,50.59,50.62,50.56,50.61,589.63
2026-09-04 19:25:00,50.61,50.71,50.61,50.7,781.287
2026-09-04 19:30:00,50.7,50.71,50.63,50.64,1028.112
2026-09-04 19:35:00,50.63,50.64,50.55,50.57,676.133
2026-09-04 19:40:00,50.57,50.65,50.57,50.65,768.281
2026-09-04 19:45:00,50.65,50.67,50.62,50.67,605.046
2026-09-04 19:50:00,50.67,50.67,50.62,50.67,306.135
2026-09-04 19:55:00,50.67,50.69,50.65,50.68,542.085
2026-09-04 20:00:00,50.68,50.7,50.62,50.66,501.788
2026-09-04 20:05:00,50.65,50.69,50.63,50.68,592.379
2026-09-04 20:10:00,50.68,50.74,50.65,50.67,502.62
2026-09-04 20:15:00,50.67,50.72,50.67,50.71,274.753
2026-09-04 20:20:00,50.71,50.71,50.66,50.66,404.457
2026-09-04 20:25:00,50.65,50.7,50.64,50.7,429.491
2026-09-04 20:30:00,50.69,50.74,50.69,50.73,435.307
2026-09-04 20:35:00,50.73,50.8,50.72,50.8,368.574
2026-09-04 20:40:00,50.81,50.84,50.79,50.83,385.991
2026-09-04 20:45:00,50.83,50.83,50.79,50.8,434.001
2026-09-04 20:50:00,50.8,50.83,50.75,50.83,3314.469
2026-09-04 20:55:00,50.83,50.83,50.79,50.8,707.638
2026-09-04 21:00:00,50.8,50.84,50.77,50.82,766.216
2026-09-04 21:05:00,50.81,50.84,50.74,50.75,1191.659
2026-09-04 21:10:00,50.75,50.8,50.75,50.79,354.659
2026-09-04 21:15:00,50.79,50.82,50.77,50.82,556.424
2026-09-04 21:20:00,50.81,50.88,50.8,50.87,1202.588
2026-09-04 21:25:00,50.86,50.87,50.78,50.82,811.41
2026-09-04 21:30:00,50.82,50.86,50.82,50.85,250.967
2026-09-04 21:35:00,50.84,50.88,50.84,50.88,214.821
2026-09-04 21:40:00,50.88,50.91,50.79,50.87,1424.075
2026-09-04 21:45:00,50.87,50.88,50.83,50.84,327.525
2026-09-04 21:50:00,50.84,50.87,50.69,50.74,945.441
2026-09-04 21:55:00,50.75,50.77,50.63,50.71,1488.88
2026-09-04 22:00:00,50.71,50.76,50.65,50.75,3984.185
2026-09-04 22:05:00,50.75,50.76,50.64,50.65,371.805
2026-09-04 22:10:00,50.65,50.69,50.62,50.69,352.346
2026-09-04 22:15:00,50.68,50.69,50.65,50.67,305.493
2026-09-04 22:20:00,50.66,50.73,50.66,50.71,444.965
2026-09-04 22:25:00,50.71,50.73,50.7,50.72,413.974
2026-09-04 22:30:00,50.71,50.74,50.71,50.73,245.626
2026-09-04 22:35:00,50.73,50.8,50.72,50.79,321.453
2026-09-04 22:40:00,50.8,50.85,50.78,50.78,599.017
2026-09-04 22:45:00,50.79,50.79,50.73,50.75,541.165
2026-09-04 22:50:00,50.76,50.79,50.68,50.68,2607.343
2026-09-04 22:55:00,50.69,50.71,50.68,50.71,246.39
2026-09-04 23:00:00,50.71,50.72,50.66,50.72,302.35
2026-09-04 23:05:00,50.72,50.74,50.64,50.65,3155.88
2026-09-04 23:10:00,50.65,50.65,50.59,50.6,206.896
2026-09-04 23:15:00,50.6,50.68,50.59,50.66,2094.671
2026-09-04 23:20:00,50.65,50.69,50.64,50.65,889.31
2026-09-04 23:25:00,50.65,50.72,50.64,50.7,330.518
2026-09-04 23:30:00,50.7,50.72,50.66,50.67,348.826
2026-09-04 23:35:00,50.66,50.83,50.66,50.83,290.586
2026-09-04 23:40:00,50.83,50.87,50.75,50.75,1107.594
2026-09-04 23:45:00,50.76,50.82,50.76,50.8,374.282
2026-09-04 23:50:00,50.8,50.81,50.74,50.77,487.192
2026-09-04 23:55:00,50.77,50.77,50.75,50.76,470.094
2026-09-05 00:00:00,50.75,50.83,50.72,50.82,520.089
2026-09-05 00:05:00,50.82,50.86,50.78,50.86,479.091
2026-09-05 00:10:00,50.86,50.95,50.86,50.93,515.91
2026-09-05 00:15:00,50.93,50.97,50.91,50.96,511.283
2026-09-05 00:20:00,50.97,51.04,50.96,51.01,736.118
2026-09-05 00:25:00,51.01,51.06,51.01,51.02,1055.15
2026-09-05 00:30:00,51.02,51.06,50.98,50.99,725.651
2026-09-05 00:35:00,50.99,51.14,50.98,51.12,1032.615
2026-09-05 00:40:00,51.12,51.19,51.09,51.13,1426.888
2026-09-05 00:45:00,51.14,51.14,51.05,51.09,881.557
2026-09-05 00:50:00,51.08,51.21,51.08,51.17,640.104
2026-09-05 00:55:00,51.16,51.16,51.01,51.01,1628.29
2026-09-05 01:00:00,51.02,51.08,50.96,50.99,658.255
2026-09-05 01:05:00,50.98,51.03,50.95,51.03,1386.891
2026-09-05 01:10:00,51.03,51.06,50.98,50.99,425.089
2026-09-05 01:15:00,50.99,51.02,50.97,51.01,415.959
2026-09-05 01:20:00,51.0,51.55,50.99,51.55,6167.724
2026-09-05 01:25:00,51.55,51.93,51.45,51.87,5928.783
2026-09-05 01:30:00,51.87,51.87,51.56,51.56,4801.762
2026-09-05 01:35:00,51.56,51.56,51.47,51.5,1218.889
2026-09-05 01:40:00,51.51,51.51,51.41,51.43,603.993
2026-09-05 01:45:00,51.43,51.5,51.37,51.39,782.076
2026-09-05 01:50:00,51.38,51.64,51.36,51.5,2062.476
2026-09-05 01:55:00,51.49,51.57,51.33,51.34,5638.744
2026-09-05 02:00:00,51.35,51.46,51.3,51.34,2652.615
2026-09-05 02:05:00,51.35,51.49,51.34,51.47,649.536
2026-09-05 02:10:00,51.47,51.51,51.44,51.47,1158.777
2026-09-05 02:15:00,51.47,51.63,51.42,51.54,2232.213
2026-09-05 02:20:00,51.54,51.71,51.51,51.69,1103.886
2026-09-05 02:25:00,51.69,51.82,51.65,51.67,1179.871
2026-09-05 02:30:00,51.67,51.72,51.47,51.54,1530.654
2026-09-05 02:35:00,51.54,51.65,51.48,51.6,1110.559
2026-09-05 02:40:00,51.6,51.67,51.59,51.63,988.675
2026-09-05 02:45:00,51.63,51.93,51.62,51.93,4982.166
2026-09-05 02:50:00,51.92,52.14,51.87,52.06,4383.296
2026-09-05 02:55:00,52.07,52.26,52.07,52.21,7296.698
2026-09-05 03:00:00,52.21,52.49,52.16,52.24,3297.964
2026-09-05 03:05:00,52.24,52.45,52.17,52.22,2820.91
2026-09-05 03:10:00,52.22,52.29,52.15,52.26,2591.48
2026-09-05 03:15:00,52.27,52.45,52.26,52.45,2022.213
2026-09-05 03:20:00,52.45,52.74,52.44,52.53,5407.061
2026-09-05 03:25:00,52.52,52.74,52.48,52.71,1851.493
2026-09-05 03:30:00,52.72,52.75,52.56,52.74,1565.488
2026-09-05 03:35:00,52.75,52.77,52.61,52.63,1161.894
2026-09-05 03:40:00,52.64,52.77,52.6,52.76,2839.44
2026-09-05 03:45:00,52.75,52.83,52.64,52.76,6161.615
2026-09-05 03:50:00,52.76,52.8,52.41,52.45,3154.055
2026-09-05 03:55:00,52.45,52.52,52.31,52.49,3486.98
2026-09-05 04:00:00,52.48,52.51,52.23,52.39,7492.859
2026-09-05 04:05:00,52.4,52.52,52.35,52.39,1664.441
2026-09-05 04:10:00,52.39,52.42,52.27,52.33,2623.669
2026-09-05 04:15:00,52.33,52.54,52.23,52.51,3023.788
2026-09-05 04:20:00,52.51,52.59,52.42,52.53,2349.914
2026-09-05 04:25:00,52.52,52.58,52.47,52.48,1302.558
2026-09-05 04:30:00,52.47,52.51,52.37,52.37,926.132
2026-09-05 04:35:00,52.36,52.47,52.34,52.46,1139.651
2026-09-05 04:40:00,52.46,52.61,52.45,52.56,1305.14
2026-09-05 04:45:00,52.55,52.62,52.43,52.45,987.098
2026-09-05 04:50:00,52.45,52.61,52.39,52.56,1907.551
2026-09-05 04:55:00,52.56,52.74,52.54,52.6,1973.899
2026-09-05 05:00:00,52.6,52.72,52.36,52.47,2505.545
2026-09-05 05:05:00,52.47,52.62,52.47,52.58,1029.48
2026-09-05 05:10:00,52.58,52.63,52.54,52.55,1223.601
2026-09-05 05:15:00,52.55,52.71,52.53,52.65,2264.885
2026-09-05 05:20:00,52.65,52.87,52.65,52.84,2133.976
2026-09-05 05:25:00,52.84,52.95,52.77,52.94,4057.07
2026-09-05 05:30:00,52.95,52.95,52.73,52.74,1760.023
2026-09-05 05:35:00,52.75,52.89,52.71,52.88,2562.285
2026-09-05 05:40:00,52.89,52.89,52.72,52.72,2514.562
2026-09-05 05:45:00,52.73,52.81,52.68,52.78,2706.225
2026-09-05 05:50:00,52.78,52.85,52.75,52.79,2089.539
2026-09-05 05:55:00,52.8,52.9,52.78,52.79,1303.952
2026-09-05 06:00:00,52.79,52.93,52.78,52.91,1897.098
2026-09-05 06:05:00,52.91,53.2,52.91,53.17,3584.752
2026-09-05 06:10:00,53.17,53.69,53.16,53.61,6700.896
2026-09-05 06:15:00,53.62,53.84,53.59,53.62,6801.325
2026-09-05 06:20:00,53.63,53.74,53.58,53.67,3958.653
2026-09-05 06:25:00,53.67,53.68,53.29,53.38,4115.305
2026-09-05 06:30:00,53.38,53.72,53.38,53.67,3756.007
2026-09-05 06:35:00,53.66,53.79,53.64,53.72,2433.245
2026-09-05 06:40:00,53.71,53.83,53.65,53.76,3636.351
2026-09-05 06:45:00,53.77,53.85,53.69,53.71,2183.627
2026-09-05 06:50:00,53.7,53.77,53.61,53.66,4203.355
2026-09-05 06:55:00,53.66,53.72,53.51,53.6,3639.937
2026-09-05 07:00:00,53.61,53.98,53.58,53.89,8611.986
2026-09-05 07:05:00,53.89,54.09,53.63,53.64,10473.442
2026-09-05 07:10:00,53.64,54.01,53.57,53.92,5931.314
2026-09-05 07:15:00,53.93,54.09,53.91,54.06,3857.936
2026-09-05 07:20:00,54.06,54.33,53.99,54.19,13840.157
2026-09-05 07:25:00,54.19,54.31,54.12,54.14,6258.93
2026-09-05 07:30:00,54.14,54.37,54.11,54.18,8578.602
2026-09-05 07:35:00,54.17,54.2,53.92,53.94,8495.193
2026-09-05 07:40:00,53.94,54.12,53.94,54.05,3063.125
2026-09-05 07:45:00,54.05,54.11,53.99,54.0,2584.983
2026-09-05 07:50:00,54.01,54.04,53.66,53.8,4263.569
2026-09-05 07:55:00,53.8,53.89,53.71,53.75,5782.743
2026-09-05 08:00:00,53.76,53.9,53.76,53.78,2585.773
2026-09-05 08:05:00,53.78,53.8,53.61,53.63,7147.962
2026-09-05 08:10:00,53.63,53.66,53.4,53.49,11025.759
2026-09-05 08:15:00,53.49,53.5,53.31,53.31,1497.294
2026-09-05 08:20:00,53.31,53.4,53.11,53.18,8756.439
2026-09-05 08:25:00,53.19,53.22,53.13,53.19,2773.996
2026-09-05 08:30:00,53.19,53.19,52.94,53.14,5817.985
2026-09-05 08:35:00,53.13,53.33,53.11,53.18,2419.015
2026-09-05 08:40:00,53.17,53.17,53.05,53.05,1463.445
2026-09-05 08:45:00,53.05,53.11,53.02,53.04,1913.4
2026-09-05 08:50:00,53.04,53.16,53.0,53.11,3502.552
2026-09-05 08:55:00,53.11,53.14,53.04,53.05,1291.357
2026-09-05 09:00:00,53.06,53.12,52.95,53.05,4561.827
2026-09-05 09:05:00,53.06,53.07,52.94,53.01,1602.54
2026-09-05 09:10:00,53.01,53.02,52.9,52.94,2249.057
2026-09-05 09:15:00,52.94,52.97,52.84,52.86,2982.338
2026-09-05 09:20:00,52.86,52.92,52.86,52.89,703.525
2026-09-05 09:25:00,52.89,53.04,52.89,52.98,2223.419
2026-09-05 09:30:00,52.97,53.06,52.94,52.97,2404.526
2026-09-05 09:35:00,52.98,52.98,52.89,52.92,662.01
2026-09-05 09:40:00,52.91,53.02,52.86,53.0,7413.269
2026-09-05 09:45:00,53.0,53.04,52.94,53.02,1684.095
2026-09-05 09:50:00,53.02,53.09,52.98,53.07,1050.723
2026-09-05 09:55:00,53.07,53.14,53.02,53.02,2383.646
2026-09-05 10:00:00,53.02,53.05,52.92,52.97,2799.768
2026-09-05 10:05:00,52.97,53.05,52.91,53.02,1079.626
2026-09-05 10:10:00,53.02,53.12,52.98,53.11,1737.655
2026-09-05 10:15:00,53.11,53.12,53.05,53.06,693.521
2026-09-05 10:20:00,53.06,53.06,52.8,52.82,2411.945
2026-09-05 10:25:00,52.83,52.96,52.8,52.93,1438.39
2026-09-05 10:30:00,52.93,52.98,52.91,52.93,1368.687
2026-09-05 10:35:00,52.92,53.0,52.88,52.98,1085.85
2026-09-05 10:40:00,52.97,53.01,52.95,52.97,450.986
2026-09-05 10:45:00,52.97,52.99,52.93,52.93,732.015
2026-09-05 10:50:00,52.92,52.98,52.9,52.97,642.618
2026-09-05 10:55:00,52.98,53.02,52.91,52.93,591.257
2026-09-05 11:00:00,52.93,52.95,52.86,52.91,1045.823
2026-09-05 11:05:00,52.92,53.01,52.89,52.94,1175.938
2026-09-05 11:10:00,52.93,53.02,52.91,52.99,1437.615
2026-09-05 11:15:00,52.98,52.98,52.88,52.88,1849.546
2026-09-05 11:20:00,52.89,52.94,52.87,52.94,463.679
2026-09-05 11:25:00,52.93,52.96,52.92,52.94,549.654
2026-09-05 11:30:00,52.94,52.99,52.92,52.97,1063.724
2026-09-05 11:35:00,52.97,53.04,52.95,52.97,1197.77
2026-09-05 11:40:00,52.97,52.97,52.8,52.83,1544.234
2026-09-05 11:45:00,52.84,52.96,52.8,52.96,638.784
2026-09-05 11:50:00,52.96,53.03,52.95,52.96,991.561
2026-09-05 11:55:00,52.96,53.0,52.96,52.97,314.561
2026-09-05 12:00:00,52.97,53.03,52.9,52.94,1650.293
2026-09-05 12:05:00,52.93,53.04,52.9,53.04,981.574
2026-09-05 12:10:00,53.04,53.23,53.04,53.21,1402.84
2026-09-05 12:15:00,53.21,53.43,53.21,53.21,2975.428
2026-09-05 12:20:00,53.21,53.3,53.2,53.27,1722.142
2026-09-05 12:25:00,53.27,53.27,53.15,53.21,1414.436
2026-09-05 12:30:00,53.2,53.3,53.18,53.27,1020.031
2026-09-05 12:35:00,53.26,53.34,53.23,53.34,1271.267
2026-09-05 12:40:00,53.34,53.62,53.31,53.53,2727.381
2026-09-05 12:45:00,53.52,53.7,53.49,53.65,2174.141
2026-09-05 12:50:00,53.65,53.66,53.51,53.55,2051.942
2026-09-05 12:55:00,53.56,53.69,53.49,53.63,4211.807
2026-09-05 13:00:00,53.63,53.63,53.5,53.59,869.684
2026-09-05 13:05:00,53.59,53.85,53.56,53.83,2680.682
2026-09-05 13:10:00,53.84,53.92,53.78,53.83,1919.317
2026-09-05 13:15:00,53.83,54.11,53.77,54.09,4233.28
2026-09-05 13:20:00,54.1,54.1,53.92,53.92,2843.753
2026-09-05 13:25:00,53.91,53.93,53.81,53.87,1186.046
2026-09-05 13:30:00,53.88,54.03,53.75,53.96,3302.595
2026-09-05 13:35:00,53.96,53.99,53.76,53.8,1247.685
2026-09-05 13:40:00,53.8,53.94,53.7,53.75,1665.899
2026-09-05 13:45:00,53.76,53.85,53.76,53.8,1732.173
2026-09-05 13:50:00,53.79,53.86,53.61,53.82,2538.87
2026-09-05 13:55:00,53.83,53.95,53.83,53.83,1870.441
2026-09-05 14:00:00,53.82,53.99,53.82,53.99,2102.231
2026-09-05 14:05:00,53.98,54.05,53.91,54.0,3860.273
2026-09-05 14:10:00,54.0,54.01,53.72,53.76,2934.017
2026-09-05 14:15:00,53.76,53.86,53.76,53.79,1383.145
2026-09-05 14:20:00,53.79,53.96,53.79,53.93,1550.929
2026-09-05 14:25:00,53.94,54.04,53.94,54.0,2116.37
2026-09-05 14:30:00,54.01,54.03,53.93,53.95,920.215
2026-09-05 14:35:00,53.96,53.97,53.91,53.93,477.872
2026-09-05 14:40:00,53.92,53.95,53.75,53.75,2230.976
2026-09-05 14:45:00,53.75,53.8,53.66,53.68,4451.39
2026-09-05 14:50:00,53.69,53.76,53.64,53.75,1767.948
2026-09-05 14:55:00,53.76,53.87,53.76,53.8,868.709
2026-09-05 15:00:00,53.81,54.0,53.78,54.0,2140.649
2026-09-05 15:05:00,53.99,54.08,53.85,53.92,3875.222
2026-09-05 15:10:00,53.91,53.99,53.85,53.91,1540.58
2026-09-05 15:15:00,53.9,54.14,53.89,54.03,2202.687
2026-09-05 15:20:00,54.03,54.42,54.03,54.21,3767.164
2026-09-05 15:25:00,54.22,54.3,53.98,53.99,2774.107
2026-09-05 15:30:00,53.99,53.99,53.83,53.86,1019.561
2026-09-05 15:35:00,53.86,53.9,53.79,53.82,1015.434
2026-09-05 15:40:00,53.82,53.82,53.65,53.73,3074.463
2026-09-05 15:45:00,53.74,53.76,53.51,53.55,3025.882
2026-09-05 15:50:00,53.56,53.68,53.47,53.68,1880.953
2026-09-05 15:55:00,53.68,53.73,53.66,53.68,668.396
2026-09-05 16:00:00,53.69,53.77,53.68,53.74,1546.534
2026-09-05 16:05:00,53.74,53.81,53.7,53.71,1231.222
2026-09-05 16:10:00,53.71,53.83,53.7,53.76,442.154
2026-09-05 16:15:00,53.77,53.83,53.76,53.78,1241.374
2026-09-05 16:20:00,53.79,53.84,53.77,53.77,611.856
2026-09-05 16:25:00,53.77,53.85,53.7,53.74,1790.279
2026-09-05 16:30:00,53.74,54.0,53.73,53.99,2811.745
2026-09-05 16:35:00,53.99,54.11,53.91,54.02,2686.476
2026-09-05 16:40:00,54.03,54.26,54.02,54.24,2045.941
2026-09-05 16:45:00,54.25,54.4,54.19,54.38,1918.885
2026-09-05 16:50:00,54.39,54.45,54.27,54.36,2342.21
2026-09-05 16:55:00,54.35,54.45,54.35,54.4,1470.535
2026-09-05 17:00:00,54.4,54.57,54.28,54.56,4682.222
2026-09-05 17:05:00,54.57,54.66,54.4,54.65,7806.006
2026-09-05 17:10:00,54.65,54.83,54.65,54.77,3558.924
2026-09-05 17:15:00,54.77,54.79,54.61,54.63,6561.748
2026-09-05 17:20:00,54.63,54.69,54.6,54.68,1128.268
2026-09-05 17:25:00,54.68,54.7,54.45,54.64,3773.183
2026-09-05 17:30:00,54.64,54.83,54.64,54.8,3940.636
2026-09-05 17:35:00,54.79,54.88,54.7,54.71,1812.306
2026-09-05 17:40:00,54.71,54.79,54.69,54.79,2118.039
2026-09-05 17:45:00,54.78,54.9,54.76,54.89,3113.113
2026-09-05 17:50:00,54.89,54.93,54.8,54.88,1780.749
2026-09-05 17:55:00,54.89,54.97,54.77,54.94,2959.157
2026-09-05 18:00:00,54.93,54.93,54.77,54.8,4039.327
2026-09-05 18:05:00,54.8,54.81,54.67,54.78,1776.764
2026-09-05 18:10:00,54.77,54.81,54.7,54.78,1952.329
2026-09-05 18:15:00,54.78,54.85,54.73,54.82,1872.339
2026-09-05 18:20:00,54.83,54.93,54.8,54.85,2036.32
2026-09-05 18:25:00,54.85,54.97,54.83,54.86,2444.72
2026-09-05 18:30:00,54.86,55.0,54.86,54.86,2250.74
2026-09-05 18:35:00,54.87,55.08,54.86,55.07,6865.754
2026-09-05 18:40:00,55.06,55.13,54.83,54.95,3996.596
2026-09-05 18:45:00,54.96,54.96,54.6,54.61,2658.096
2026-09-05 18:50:00,54.61,54.68,54.5,54.53,2884.994
2026-09-05 18:55:00,54.53,54.59,54.47,54.52,2631.858
2026-09-05 19:00:00,54.51,54.51,54.38,54.47,1140.779
2026-09-05 19:05:00,54.47,54.54,54.46,54.53,1613.114
2026-09-05 19:10:00,54.53,54.66,54.52,54.61,1078.906
2026-09-05 19:15:00,54.62,54.68,54.59,54.65,1265.316
2026-09-05 19:20:00,54.65,54.67,54.54,54.61,819.791
2026-09-05 19:25:00,54.6,54.61,54.5,54.5,841.695
2026-09-05 19:30:00,54.51,54.52,54.37,54.37,651.475
2026-09-05 19:35:00,54.37,54.41,54.21,54.26,2675.017
2026-09-05 19:40:00,54.27,54.31,54.21,54.24,685.837
2026-09-05 19:45:00,54.25,54.31,54.1,54.12,2297.967
2026-09-05 19:50:00,54.12,54.25,54.06,54.22,1982.826
2026-09-05 19:55:00,54.23,54.26,54.19,54.25,896.164
2026-09-05 20:00:00,54.25,54.3,54.16,54.18,1100.347
2026-09-05 20:05:00,54.17,54.26,54.17,54.21,1348.135
2026-09-05 20:10:00,54.21,54.33,54.19,54.21,1235.225
2026-09-05 20:15:00,54.22,54.25,54.17,54.2,1176.623
2026-09-05 20:20:00,54.2,54.29,54.19,54.22,484.338
2026-09-05 20:25:00,54.22,54.23,53.99,54.04,1799.693
2026-09-05 20:30:00,54.04,54.04,53.77,53.79,7341.759
2026-09-05 20:35:00,53.79,53.83,53.66,53.77,2477.422
2026-09-05 20:40:00,53.77,53.89,53.77,53.85,961.477
2026-09-05 20:45:00,53.85,53.92,53.85,53.91,721.061
2026-09-05 20:50:00,53.91,53.96,53.84,53.86,1179.739
2026-09-05 20:55:00,53.86,53.93,53.86,53.88,328.376
2026-09-05 21:00:00,53.88,53.93,53.8,53.82,631.888
2026-09-05 21:05:00,53.82,53.86,53.8,53.86,305.285
2026-09-05 21:10:00,53.86,54.06,53.86,54.02,635.23
2026-09-05 21:15:00,54.03,54.13,53.99,54.13,838.732
2026-09-05 21:20:00,54.12,54.19,54.12,54.14,631.227
2026-09-05 21:25:00,54.14,54.24,54.13,54.19,501.583
2026-09-05 21:30:00,54.18,54.23,54.16,54.19,333.652
2026-09-05 21:35:00,54.19,54.28,54.17,54.28,136.287
2026-09-05 21:40:00,54.29,54.37,54.24,54.31,517.805
2026-09-05 21:45:00,54.32,54.36,54.3,54.36,387.895
2026-09-05 21:50:00,54.36,54.46,54.35,54.42,301.76
2026-09-05 21:55:00,54.42,54.54,54.38,54.52,689.617
2026-09-05 22:00:00,54.52,55.01,54.4,54.87,6017.186
2026-09-05 22:05:00,54.87,54.94,54.68,54.71,2877.498
2026-09-05 22:10:00,54.72,54.82,54.5,54.54,3687.189
2026-09-05 22:15:00,54.54,54.76,54.42,54.73,4975.531
2026-09-05 22:20:00,54.73,54.74,54.62,54.63,511.366
2026-09-05 22:25:00,54.64,54.8,54.58,54.8,2097.815
2026-09-05 22:30:00,54.81,55.21,54.81,55.15,2906.41
2026-09-05 22:35:00,55.15,55.22,55.07,55.16,2544.863
2026-09-05 22:40:00,55.17,55.35,55.17,55.19,4246.931
2026-09-05 22:45:00,55.19,55.22,54.94,55.02,2598.143
2026-09-05 22:50:00,55.03,55.05,54.97,55.0,1345.3
2026-09-05 22:55:00,55.0,55.04,54.78,54.85,1223.376
2026-09-05 23:00:00,54.84,54.88,54.76,54.83,924.689
2026-09-05 23:05:00,54.83,54.97,54.79,54.87,2398.184
2026-09-05 23:10:00,54.87,54.97,54.8,54.92,1057.392
2026-09-05 23:15:00,54.92,54.98,54.87,54.98,1142.365
2026-09-05 23:20:00,54.99,54.99,54.84,54.87,1112.869
2026-09-05 23:25:00,54.86,54.93,54.77,54.78,718.764
2026-09-05 23:30:00,54.79,54.85,54.79,54.85,721.234
2026-09-05 23:35:00,54.85,54.85,54.58,54.72,743.556
2026-09-05 23:40:00,54.73,54.73,54.57,54.58,951.256
2026-09-05 23:45:00,54.57,54.73,54.57,54.66,802.16
2026-09-05 23:50:00,54.66,54.73,54.66,54.73,483.16
2026-09-05 23:55:00,54.73,54.78,54.65,54.69,1022.747
2026-09-06 00:00:00,54.7,54.8,54.69,54.78,764.418
2026-09-06 00:05:00,54.78,54.79,54.52,54.67,2391.961
2026-09-06 00:10:00,54.66,54.78,54.66,54.77,1223.839
2026-09-06 00:15:00,54.78,54.78,54.6,54.61,898.173
2026-09-06 00:20:00,54.61,54.76,54.59,54.75,1208.911
2026-09-06 00:25:00,54.76,54.82,54.65,54.65,1147.514
2026-09-06 00:30:00,54.65,54.72,54.63,54.67,516.322
2026-09-06 00:35:00,54.67,54.67,54.48,54.55,854.921
2026-09-06 00:40:00,54.54,54.54,54.36,54.38,1981.751
2026-09-06 00:45:00,54.38,54.45,54.37,54.45,512.9
2026-09-06 00:50:00,54.45,54.48,54.42,54.44,355.438
2026-09-06 00:55:00,54.44,54.48,54.41,54.43,354.56
2026-09-06 01:00:00,54.43,54.51,54.33,54.46,1243.561
2026-09-06 01:05:00,54.45,54.55,54.44,54.5,892.733
2026-09-06 01:10:00,54.5,54.57,54.48,54.52,1042.225
2026-09-06 01:15:00,54.53,54.6,54.52,54.54,654.623
2026-09-06 01:20:00,54.54,54.56,54.47,54.52,619.571
2026-09-06 01:25:00,54.51,54.53,54.49,54.5,406.321
2026-09-06 01:30:00,54.5,54.57,54.49,54.52,329.521
2026-09-06 01:35:00,54.52,54.69,54.51,54.69,1046.809
2026-09-06 01:40:00,54.69,54.69,54.63,54.65,480.832
2026-09-06 01:45:00,54.65,54.81,54.61,54.81,1331.073
2026-09-06 01:50:00,54.8,54.89,54.79,54.84,855.242
2026-09-06 01:55:00,54.85,54.86,54.8,54.85,558.516
2026-09-06 02:00:00,54.84,54.92,54.79,54.83,1576.075
2026-09-06 02:05:00,54.83,54.92,54.8,54.89,1146.36
2026-09-06 02:10:00,54.88,54.89,54.76,54.77,972.746
2026-09-06 02:15:00,54.77,54.84,54.68,54.68,623.591
2026-09-06 02:20:00,54.67,54.71,54.63,54.71,1208.144
2026-09-06 02:25:00,54.71,54.81,54.71,54.8,462.852
2026-09-06 02:30:00,54.8,54.93,54.8,54.9,616.821
2026-09-06 02:35:00,54.89,54.95,54.81,54.94,528.876
2026-09-06 02:40:00,54.95,54.95,54.8,54.85,558.614
2026-09-06 02:45:00,54.84,54.87,54.68,54.69,2782.594
2026-09-06 02:50:00,54.69,54.72,54.58,54.65,1226.835
2026-09-06 02:55:00,54.66,54.7,54.64,54.68,200.23
2026-09-06 03:00:00,54.67,54.67,54.6,54.65,615.181
2026-09-06 03:05:00,54.65,54.65,54.58,54.62,2305.85
2026-09-06 03:10:00,54.61,54.77,54.61,54.75,572.5
2026-09-06 03:15:00,54.75,54.91,54.74,54.89,3234.432
2026-09-06 03:20:00,54.89,54.93,54.79,54.87,960.997
2026-09-06 03:25:00,54.86,54.86,54.76,54.82,414.311
2026-09-06 03:30:00,54.82,54.92,54.82,54.87,916.514
2026-09-06 03:35:00,54.88,55.17,54.88,55.1,3256.79
2026-09-06 03:40:00,55.11,55.14,54.95,55.02,2418.332
2026-09-06 03:45:00,55.02,55.03,54.73,54.79,3859.619
2026-09-06 03:50:00,54.8,54.82,54.75,54.79,1256.839
2026-09-06 03:55:00,54.8,54.83,54.7,54.74,588.532
2026-09-06 04:00:00,54.74,54.75,54.58,54.58,635.913
2026-09-06 04:05:00,54.59,54.59,54.45,54.53,2264.044
2026-09-06 04:10:00,54.52,54.55,54.49,54.5,843.823
2026-09-06 04:15:00,54.5,54.53,54.45,54.46,923.995
2026-09-06 04:20:00,54.46,54.49,54.34,54.49,1201.866
2026-09-06 04:25:00,54.48,54.48,54.42,54.46,402.054
2026-09-06 04:30:00,54.46,54.46,54.25,54.29,1722.772
2026-09-06 04:35:00,54.29,54.33,54.25,54.26,745.094
2026-09-06 04:40:00,54.25,54.37,54.21,54.32,791.941
2026-09-06 04:45:00,54.33,54.44,54.3,54.34,3177.918
2026-09-06 04:50:00,54.34,54.34,54.27,54.31,768.859
2026-09-06 04:55:00,54.3,54.32,54.27,54.28,507.383
2026-09-06 05:00:00,54.28,54.34,54.24,54.29,1020.894
2026-09-06 05:05:00,54.29,54.43,54.29,54.38,1534.174
2026-09-06 05:10:00,54.38,54.45,54.33,54.45,1775.577
2026-09-06 05:15:00,54.44,54.55,54.44,54.54,1692.401
2026-09-06 05:20:00,54.53,54.64,54.51,54.57,589.396
2026-09-06 05:25:00,54.58,54.61,54.53,54.56,247.872
2026-09-06 05:30:00,54.56,54.68,54.52,54.64,1719.967
2026-09-06 05:35:00,54.63,54.71,54.6,54.7,1203.502
2026-09-06 05:40:00,54.71,54.74,54.61,54.64,923.068
2026-09-06 05:45:00,54.64,54.66,53.92,54.33,14702.259
2026-09-06 05:50:00,54.34,54.43,54.3,54.3,734.592
2026-09-06 05:55:00,54.31,54.34,54.3,54.33,1128.328
2026-09-06 06:00:00,54.34,54.34,54.27,54.32,2238.38
2026-09-06 06:05:00,54.31,54.31,54.22,54.22,489.971
2026-09-06 06:10:00,54.22,54.25,54.14,54.19,2500.117
2026-09-06 06:15:00,54.18,54.19,54.12,54.15,950.475
2026-09-06 06:20:00,54.15,54.15,54.05,54.06,634.625
2026-09-06 06:25:00,54.06,54.14,54.06,54.11,941.825
2026-09-06 06:30:00,54.12,54.23,54.12,54.16,919.572
2026-09-06 06:35:00,54.16,54.19,54.14,54.18,324.477
2026-09-06 06:40:00,54.18,54.29,54.17,54.29,299.119
2026-09-06 06:45:00,54.29,54.29,54.2,54.25,1486.48
2026-09-06 06:50:00,54.25,54.33,54.25,54.29,628.333
2026-09-06 06:55:00,54.29,54.3,54.25,54.25,253.588
2026-09-06 07:00:00,54.25,54.33,54.22,54.22,608.986
2026-09-06 07:05:00,54.22,54.23,54.1,54.11,804.271
2026-09-06 07:10:00,54.11,54.14,53.88,54.0,2959.602
2026-09-06 07:15:00,54.0,54.16,53.98,54.09,2008.746
2026-09-06 07:20:00,54.1,54.1,53.7,53.95,9476.124
2026-09-06 07:25:00,53.95,53.98,53.91,53.92,1511.191
2026-09-06 07:30:00,53.93,53.97,53.85,53.85,1283.684
2026-09-06 07:35:00,53.85,53.89,53.78,53.81,2575.651
2026-09-06 07:40:00,53.82,53.83,53.72,53.76,2084.227
2026-09-06 07:45:00,53.77,53.81,53.66,53.76,4859.164
2026-09-06 07:50:00,53.76,53.79,53.44,53.7,7615.396
2026-09-06 07:55:00,53.7,54.03,53.7,53.94,4536.522
2026-09-06 08:00:00,53.94,54.02,53.87,54.02,4273.533
2026-09-06 08:05:00,54.02,54.24,54.0,54.2,3089.045
2026-09-06 08:10:00,54.19,54.25,54.1,54.25,2561.727
2026-09-06 08:15:00,54.26,54.38,54.13,54.14,3281.554
2026-09-06 08:20:00,54.13,54.17,54.05,54.08,1328.259
2026-09-06 08:25:00,54.08,54.08,54.0,54.03,2205.83
2026-09-06 08:30:00,54.03,54.22,54.03,54.2,1836.886
2026-09-06 08:35:00,54.2,54.2,54.11,54.15,1275.409
2026-09-06 08:40:00,54.15,54.18,54.1,54.15,495.042
2026-09-06 08:45:00,54.16,54.17,54.11,54.13,362.981
2026-09-06 08:50:00,54.13,54.18,54.1,54.18,1327.368
2026-09-06 08:55:00,54.18,54.21,54.12,54.15,623.889
2026-09-06 09:00:00,54.15,54.27,54.08,54.25,913.647
2026-09-06 09:05:00,54.25,54.4,54.23,54.35,1697.574
2026-09-06 09:10:00,54.34,54.4,54.32,54.37,737.884
2026-09-06 09:15:00,54.38,54.38,54.2,54.22,1991.295
2026-09-06 09:20:00,54.22,54.26,54.19,54.22,914.01
2026-09-06 09:25:00,54.23,54.23,54.08,54.15,2697.65
2026-09-06 09:30:00,54.14,54.28,54.1,54.21,1255.219
2026-09-06 09:35:00,54.2,54.24,54.19,54.2,399.708
2026-09-06 09:40:00,54.2,54.22,54.12,54.17,287.848
2026-09-06 09:45:00,54.17,54.2,54.14,54.17,227.717
2026-09-06 09:50:00,54.17,54.25,54.17,54.22,767.558
2026-09-06 09:55:00,54.21,54.25,54.21,54.21,502.692
2026-09-06 10:00:00,54.22,54.27,54.19,54.25,1345.709
2026-09-06 10:05:00,54.25,54.29,54.15,54.18,644.981
2026-09-06 10:10:00,54.17,54.24,54.14,54.24,648.334
2026-09-06 10:15:00,54.23,54.25,54.21,54.23,430.284
2026-09-06 10:20:00,54.22,54.26,54.22,54.22,301.084
2026-09-06 10:25:00,54.22,54.24,54.19,54.22,358.941
2026-09-06 10:30:00,54.22,54.35,54.21,54.33,1219.169
2026-09-06 10:35:00,54.32,54.39,54.29,54.38,5210.791
2026-09-06 10:40:00,54.38,54.46,54.24,54.28,4800.02
2026-09-06 10:45:00,54.27,54.3,54.24,54.27,1363.589
2026-09-06 10:50:00,54.27,54.35,54.26,54.3,269.783
2026-09-06 10:55:00,54.31,54.34,54.31,54.34,126.493
2026-09-06 11:00:00,54.35,54.35,54.28,54.33,597.51
2026-09-06 11:05:00,54.33,54.35,54.3,54.3,150.947
2026-09-06 11:10:00,54.3,54.33,54.29,54.33,217.502
2026-09-06 11:15:00,54.32,54.34,54.29,54.33,228.505
2026-09-06 11:20:00,54.32,54.33,54.29,54.31,386.899
2026-09-06 11:25:00,54.31,54.31,54.23,54.24,404.068
2026-09-06 11:30:00,54.24,54.48,54.23,54.47,2846.572
2026-09-06 11:35:00,54.47,54.53,54.44,54.53,1197.897
2026-09-06 11:40:00,54.53,54.63,54.46,54.62,1962.724
2026-09-06 11:45:00,54.61,54.67,54.55,54.58,1544.001
2026-09-06 11:50:00,54.58,54.58,54.5,54.55,834.009
2026-09-06 11:55:00,54.55,54.65,54.54,54.65,210.489
2026-09-06 12:00:00,54.64,54.64,54.58,54.61,942.001
2026-09-06 12:05:00,54.61,54.65,54.56,54.65,285.628
2026-09-06 12:10:00,54.65,54.65,54.51,54.62,4611.327
2026-09-06 12:15:00,54.62,54.7,54.61,54.63,784.257
2026-09-06 12:20:00,54.62,54.7,54.6,54.66,1957.748
2026-09-06 12:25:00,54.65,54.66,54.56,54.6,638.654
2026-09-06 12:30:00,54.59,54.61,54.51,54.57,731.636
2026-09-06 12:35:00,54.58,54.6,54.48,54.55,1598.31
2026-09-06 12:40:00,54.56,54.58,54.39,54.43,3155.268
2026-09-06 12:45:00,54.42,54.42,54.26,54.28,2281.115
2026-09-06 12:50:00,54.28,54.4,54.25,54.35,578.801
2026-09-06 12:55:00,54.35,54.36,54.29,54.31,371.995
2026-09-06 13:00:00,54.31,54.32,54.23,54.25,1327.163
2026-09-06 13:05:00,54.25,54.39,54.25,54.37,1182.199
2026-09-06 13:10:00,54.37,54.38,54.3,54.31,270.509
2026-09-06 13:15:00,54.31,54.32,54.16,54.18,2162.572
2026-09-06 13:20:00,54.18,54.19,54.07,54.14,936.595
2026-09-06 13:25:00,54.15,54.19,54.12,54.13,377.035
2026-09-06 13:30:00,54.13,54.2,54.04,54.16,669.244
2026-09-06 13:35:00,54.17,54.3,54.17,54.27,544.511
2026-09-06 13:40:00,54.26,54.47,54.25,54.42,1089.967
2026-09-06 13:45:00,54.42,54.54,54.38,54.5,2629.687
2026-09-06 13:50:00,54.5,54.57,54.48,54.57,400.334
2026-09-06 13:55:00,54.58,54.67,54.54,54.6,1244.204
2026-09-06 14:00:00,54.6,54.62,54.52,54.53,643.038
2026-09-06 14:05:00,54.53,54.53,54.46,54.51,683.989
2026-09-06 14:10:00,54.51,54.51,54.45,54.5,421.255
2026-09-06 14:15:00,54.5,54.54,54.33,54.41,1278.468
2026-09-06 14:20:00,54.4,54.4,54.17,54.17,2348.862
2026-09-06 14:25:00,54.16,54.26,54.09,54.1,4947.213
2026-09-06 14:30:00,54.09,54.21,53.81,54.21,3617.756
2026-09-06 14:35:00,54.21,54.34,54.19,54.3,911.518
2026-09-06 14:40:00,54.29,54.4,54.26,54.39,455.692
2026-09-06 14:45:00,54.38,54.39,54.15,54.24,1994.259
2026-09-06 14:50:00,54.25,54.39,54.23,54.35,857.612
2026-09-06 14:55:00,54.35,54.35,54.26,54.27,404.839
2026-09-06 15:00:00,54.26,54.26,53.98,54.24,1828.588
2026-09-06 15:05:00,54.23,54.4,54.23,54.26,1276.797
2026-09-06 15:10:00,54.27,54.34,54.25,54.33,543.522
2026-09-06 15:15:00,54.33,54.48,54.32,54.47,401.38
2026-09-06 15:20:00,54.47,54.5,54.36,54.41,598.041
2026-09-06 15:25:00,54.41,54.47,54.37,54.43,853.031
2026-09-06 15:30:00,54.42,54.46,54.31,54.39,348.61
2026-09-06 15:35:00,54.39,54.44,54.32,54.39,1027.851
2026-09-06 15:40:00,54.38,54.42,54.28,54.29,998.997
2026-09-06 15:45:00,54.29,54.31,54.23,54.3,374.701
2026-09-06 15:50:00,54.3,54.49,54.29,54.39,677.797
2026-09-06 15:55:00,54.39,54.52,54.38,54.5,2216.158
2026-09-06 16:00:00,54.5,54.54,54.46,54.5,501.732
2026-09-06 16:05:00,54.49,54.58,54.49,54.56,584.827
2026-09-06 16:10:00,54.57,54.79,54.57,54.78,1851.055
2026-09-06 16:15:00,54.78,54.8,54.69,54.7,1126.949
2026-09-06 16:20:00,54.7,54.71,54.56,54.56,1043.142
2026-09-06 16:25:00,54.57,54.7,54.52,54.68,1220.989
2026-09-06 16:30:00,54.69,54.73,54.61,54.66,456.054
2026-09-06 16:35:00,54.66,54.67,54.51,54.54,1338.531
2026-09-06 16:40:00,54.55,54.62,54.53,54.62,207.457
2026-09-06 16:45:00,54.62,54.62,54.54,54.58,232.499
2026-09-06 16:50:00,54.58,54.69,54.58,54.59,702.974
2026-09-06 16:55:00,54.58,54.65,54.57,54.61,682.812
2026-09-06 17:00:00,54.61,54.63,54.51,54.52,201.976
2026-09-06 17:05:00,54.52,54.53,54.41,54.43,612.465
2026-09-06 17:10:00,54.43,54.53,54.41,54.53,549.701
2026-09-06 17:15:00,54.53,54.6,54.52,54.57,438.258
2026-09-06 17:20:00,54.57,54.6,54.48,54.55,523.633
2026-09-06 17:25:00,54.55,54.56,54.48,54.51,276.929
2026-09-06 17:30:00,54.5,54.5,54.35,54.39,2727.815
2026-09-06 17:35:00,54.39,54.56,54.38,54.5,850.204
2026-09-06 17:40:00,54.5,54.54,54.46,54.46,788.766
2026-09-06 17:45:00,54.46,54.5,54.44,54.44,456.821
2026-09-06 17:50:00,54.44,54.44,54.38,54.41,445.236
2026-09-06 17:55:00,54.4,54.41,54.07,54.18,1829.795
2026-09-06 18:00:00,54.17,54.34,54.13,54.14,1857.063
2026-09-06 18:05:00,54.14,54.2,54.09,54.12,1163.086
2026-09-06 18:10:00,54.13,54.26,54.07,54.24,1023.86
2026-09-06 18:15:00,54.24,54.41,54.24,54.33,1040.493
2026-09-06 18:20:00,54.33,54.49,54.32,54.48,4048.659
2026-09-06 18:25:00,54.48,54.51,54.31,54.45,1198.99
2026-09-06 18:30:00,54.45,54.46,54.37,54.45,817.136
2026-09-06 18:35:00,54.46,54.46,54.37,54.46,324.018
2026-09-06 18:40:00,54.46,54.52,54.43,54.43,1246.264
2026-09-06 18:45:00,54.43,54.45,54.27,54.29,244.667
2026-09-06 18:50:00,54.3,54.44,54.2,54.22,3590.936
2026-09-06 18:55:00,54.22,54.26,54.22,54.22,702.567
2026-09-06 19:00:00,54.22,54.22,54.17,54.2,642.808
2026-09-06 19:05:00,54.2,54.23,54.17,54.2,1143.276
2026-09-06 19:10:00,54.19,54.25,54.13,54.24,1026.451
2026-09-06 19:15:00,54.24,54.3,54.18,54.18,897.824
2026-09-06 19:20:00,54.18,54.24,54.11,54.22,229.181
2026-09-06 19:25:00,54.22,54.23,54.13,54.18,623.77
2026-09-06 19:30:00,54.18,54.18,54.01,54.15,1140.813
2026-09-06 19:35:00,54.15,54.18,53.93,53.93,2958.215
2026-09-06 19:40:00,53.94,54.03,53.94,54.0,381.678
2026-09-06 19:45:00,53.99,54.05,53.99,54.05,180.852
2026-09-06 19:50:00,54.06,54.07,54.03,54.05,608.228
2026-09-06 19:55:00,54.06,54.11,54.05,54.1,222.738
2026-09-06 20:00:00,54.1,54.14,54.07,54.1,529.891
2026-09-06 20:05:00,54.1,54.13,54.09,54.12,640.884
2026-09-06 20:10:00,54.12,54.17,54.1,54.1,425.295
2026-09-06 20:15:00,54.11,54.18,54.1,54.18,224.144
2026-09-06 20:20:00,54.18,54.19,54.11,54.16,1162.677
2026-09-06 20:25:00,54.15,54.18,54.14,54.15,269.025
2026-09-06 20:30:00,54.15,54.24,54.14,54.23,718.908
2026-09-06 20:35:00,54.22,54.26,54.21,54.22,259.243
2026-09-06 20:40:00,54.22,54.27,54.2,54.23,778.685
2026-09-06 20:45:00,54.23,54.34,54.23,54.34,183.681
2026-09-06 20:50:00,54.35,54.43,54.32,54.42,294.049
2026-09-06 20:55:00,54.42,54.43,54.37,54.39,365.502
2026-09-06 21:00:00,54.4,54.54,54.39,54.47,2140.655
2026-09-06 21:05:00,54.47,54.59,54.43,54.55,1639.074
2026-09-06 21:10:00,54.56,54.64,54.53,54.56,946.21
2026-09-06 21:15:00,54.57,54.82,54.57,54.78,2107.439
2026-09-06 21:20:00,54.79,55.17,54.79,54.95,5181.814
2026-09-06 21:25:00,54.95,54.97,54.75,54.79,1095.367
2026-09-06 21:30:00,54.79,54.94,54.76,54.77,1826.869
2026-09-06 21:35:00,54.77,54.78,54.67,54.76,1167.195
2026-09-06 21:40:00,54.76,54.85,54.71,54.8,1135.94
2026-09-06 21:45:00,54.8,54.88,54.63,54.64,1602.019
2026-09-06 21:50:00,54.64,54.65,54.56,54.65,856.343
2026-09-06 21:55:00,54.65,54.66,54.61,54.65,329.633
2026-09-06 22:00:00,54.65,54.68,54.58,54.66,1019.603
2026-09-06 22:05:00,54.66,54.8,54.65,54.67,929.296
2026-09-06 22:10:00,54.67,54.75,54.65,54.72,619.928
2026-09-06 22:15:00,54.71,54.77,54.57,54.6,499.855
2026-09-06 22:20:00,54.61,54.76,54.6,54.75,517.858
2026-09-06 22:25:00,54.75,54.82,54.71,54.76,831.104
2026-09-06 22:30:00,54.76,54.85,54.76,54.79,786.063
2026-09-06 22:35:00,54.79,54.81,54.74,54.74,478.305
2026-09-06 22:40:00,54.74,54.77,54.64,54.65,711.823
2026-09-06 22:45:00,54.64,54.64,54.57,54.64,196.996
2026-09-06 22:50:00,54.65,54.66,54.6,54.64,329.464
2026-09-06 22:55:00,54.64,54.78,54.62,54.76,256.573
2026-09-06 23:00:00,54.75,54.83,54.7,54.77,432.026
2026-09-06 23:05:00,54.77,54.82,54.72,54.74,315.609
2026-09-06 23:10:00,54.74,54.76,54.69,54.72,390.046
2026-09-06 23:15:00,54.71,54.86,54.67,54.85,170.092
2026-09-06 23:20:00,54.85,54.87,54.82,54.84,975.782
2026-09-06 23:25:00,54.85,54.88,54.81,54.82,426.176
2026-09-06 23:30:00,54.82,54.87,54.8,54.81,308.386
2026-09-06 23:35:00,54.81,54.98,54.8,54.95,3937.413
2026-09-06 23:40:00,54.96,55.08,54.93,55.03,827.757
2026-09-06 23:45:00,55.04,55.1,55.03,55.05,1743.803
2026-09-06 23:50:00,55.05,55.07,54.97,54.99,1628.325
2026-09-06 23:55:00,55.0,55.0,54.92,54.97,398.668
2026-09-07 00:00:00,54.97,55.03,54.91,54.94,529.707
2026-09-07 00:05:00,54.94,55.05,54.89,54.98,1563.734
2026-09-07 00:10:00,54.98,55.03,54.98,55.0,441.036
2026-09-07 00:15:00,55.01,55.04,54.92,54.92,604.093
2026-09-07 00:20:00,54.92,55.47,54.92,55.32,5032.993
2026-09-07 00:25:00,55.33,55.98,55.33,55.97,5222.442
2026-09-07 00:30:00,55.98,56.07,55.71,55.74,3217.421
2026-09-07 00:35:00,55.75,56.05,55.75,56.04,2125.684
2026-09-07 00:40:00,56.04,56.29,55.91,56.17,6165.224
2026-09-07 00:45:00,56.16,56.17,55.86,55.9,2100.279
2026-09-07 00:50:00,55.89,56.06,55.71,55.8,2567.58
2026-09-07 00:55:00,55.8,55.86,55.41,55.46,2557.912
2026-09-07 01:00:00,55.47,55.54,55.3,55.31,1720.645
2026-09-07 01:05:00,55.31,55.38,54.8,54.8,4758.881
2026-09-07 01:10:00,54.81,54.94,54.71,54.78,1324.675
2026-09-07 01:15:00,54.77,54.77,54.54,54.63,1441.896
2026-09-07 01:20:00,54.63,54.64,54.45,54.49,2335.519
2026-09-07 01:25:00,54.48,54.56,54.44,54.55,1765.799
2026-09-07 01:30:00,54.55,54.69,54.44,54.65,1332.038
2026-09-07 01:35:00,54.64,54.64,54.36,54.39,1409.59
2026-09-07 01:40:00,54.39,54.4,54.28,54.29,560.736
2026-09-07 01:45:00,54.3,54.41,54.28,54.38,1021.178
2026-09-07 01:50:00,54.39,54.53,54.37,54.45,775.353
2026-09-07 01:55:00,54.46,54.53,54.35,54.37,431.276
2026-09-07 02:00:00,54.38,54.47,54.22,54.26,2109.071
2026-09-07 02:05:00,54.26,54.29,54.17,54.22,1262.72
2026-09-07 02:10:00,54.23,54.42,54.17,54.41,1959.113
2026-09-07 02:15:00,54.4,54.52,54.37,54.5,818.362
2026-09-07 02:20:00,54.5,54.53,54.4,54.5,1506.456
2026-09-07 02:25:00,54.5,54.68,54.5,54.64,1676.468
2026-09-07 02:30:00,54.64,54.73,54.61,54.62,862.687
2026-09-07 02:35:00,54.62,54.94,54.62,54.89,1254.564
2026-09-07 02:40:00,54.88,54.91,54.75,54.85,800.335
2026-09-07 02:45:00,54.84,54.84,54.75,54.83,512.031
2026-09-07 02:50:00,54.83,54.83,54.48,54.49,2034.402
2026-09-07 02:55:00,54.49,54.53,54.23,54.3,4580.945
2026-09-07 03:00:00,54.3,54.45,54.24,54.45,595.549
2026-09-07 03:05:00,54.45,54.46,54.3,54.33,245.16
2026-09-07 03:10:00,54.33,54.33,54.24,54.27,153.837
2026-09-07 03:15:00,54.28,54.29,54.19,54.2,2217.745
2026-09-07 03:20:00,54.21,54.29,54.16,54.27,1121.594
2026-09-07 03:25:00,54.27,54.27,53.92,53.95,8718.22
2026-09-07 03:30:00,53.95,54.14,53.94,54.11,3068.021
2026-09-07 03:35:00,54.11,54.11,53.9,53.93,834.377
2026-09-07 03:40:00,53.92,54.0,53.92,53.97,678.194
2026-09-07 03:45:00,53.96,54.16,53.95,54.15,2932.998
2026-09-07 03:50:00,54.15,54.22,54.13,54.22,618.656
2026-09-07 03:55:00,54.22,54.24,54.17,54.18,453.885
2026-09-07 04:00:00,54.17,54.24,54.16,54.18,444.581
2026-09-07 04:05:00,54.19,54.2,54.07,54.2,576.578
2026-09-07 04:10:00,54.2,54.24,54.16,54.24,388.81
2026-09-07 04:15:00,54.23,54.27,54.17,54.26,1257.617
2026-09-07 04:20:00,54.25,54.45,54.25,54.39,2061.498
2026-09-07 04:25:00,54.39,54.46,54.36,54.36,555.624
2026-09-07 04:30:00,54.37,54.42,54.32,54.36,290.684
2026-09-07 04:35:00,54.35,54.36,54.26,54.26,2089.327
2026-09-07 04:40:00,54.26,54.36,54.23,54.35,2751.42
2026-09-07 04:45:00,54.34,54.4,54.33,54.37,809.019
2026-09-07 04:50:00,54.38,54.41,54.34,54.35,960.389
2026-09-07 04:55:00,54.35,54.51,54.35,54.47,940.395
2026-09-07 05:00:00,54.46,54.51,54.44,54.47,366.612
2026-09-07 05:05:00,54.46,54.55,54.46,54.51,569.049
2026-09-07 05:10:00,54.52,54.58,54.46,54.55,463.673
2026-09-07 05:15:00,54.55,54.73,54.55,54.7,712.064
2026-09-07 05:20:00,54.71,54.71,54.63,54.66,895.6
2026-09-07 05:25:00,54.66,54.69,54.55,54.58,413.261
2026-09-07 05:30:00,54.57,54.73,54.56,54.67,459.674
2026-09-07 05:35:00,54.66,54.71,54.62,54.62,197.064
2026-09-07 05:40:00,54.63,54.64,54.58,54.61,340.494
2026-09-07 05:45:00,54.62,54.66,54.6,54.64,417.57
2026-09-07 05:50:00,54.63,54.63,54.5,54.5,630.372
2026-09-07 05:55:00,54.5,54.51,54.43,54.47,457.954
2026-09-07 06:00:00,54.46,54.72,54.44,54.7,780.036
2026-09-07 06:05:00,54.7,54.88,54.67,54.85,2643.57
2026-09-07 06:10:00,54.86,54.98,54.83,54.84,1467.531
2026-09-07 06:15:00,54.83,54.9,54.78,54.78,509.323
2026-09-07 06:20:00,54.77,54.78,54.67,54.76,447.465
2026-09-07 06:25:00,54.77,54.87,54.71,54.72,883.309
2026-09-07 06:30:00,54.73,54.77,54.63,54.63,773.588
2026-09-07 06:35:00,54.64,54.68,54.52,54.58,587.917
2026-09-07 06:40:00,54.57,54.65,54.53,54.54,411.009
2026-09-07 06:45:00,54.54,54.63,54.53,54.61,509.518
2026-09-07 06:50:00,54.62,54.62,54.46,54.52,2143.724
2026-09-07 06:55:00,54.51,54.57,54.49,54.51,410.808
2026-09-07 07:00:00,54.51,54.54,54.4,54.54,870.703
2026-09-07 07:05:00,54.54,54.67,54.49,54.66,401.664
2026-09-07 07:10:00,54.65,54.72,54.61,54.61,540.176
2026-09-07 07:15:00,54.61,54.76,54.55,54.7,1114.129
2026-09-07 07:20:00,54.69,54.82,54.53,54.53,931.554
2026-09-07 07:25:00,54.53,54.8,54.4,54.48,1186.141
2026-09-07 07:30:00,54.48,54.8,54.29,54.56,2718.496
2026-09-07 07:35:00,54.56,54.61,54.36,54.4,3294.725
2026-09-07 07:40:00,54.41,54.66,54.22,54.63,2337.191
2026-09-07 07:45:00,54.65,54.65,54.51,54.52,1222.901
2026-09-07 07:50:00,54.52,54.52,54.37,54.38,610.289
2026-09-07 07:55:00,54.38,54.52,54.37,54.5,1109.039
2026-09-07 08:00:00,54.5,54.56,54.48,54.5,1883.441
2026-09-07 08:05:00,54.5,54.77,54.5,54.77,1433.589
2026-09-07 08:10:00,54.77,54.85,54.74,54.77,1692.737
2026-09-07 08:15:00,54.77,54.96,54.77,54.88,1204.405
2026-09-07 08:20:00,54.88,54.91,54.58,54.64,741.466
2026-09-07 08:25:00,54.64,54.71,54.62,54.69,389.952
2026-09-07 08:30:00,54.69,54.77,54.68,54.72,810.787
2026-09-07 08:35:00,54.72,54.73,54.57,54.63,1318.472
2026-09-07 08:40:00,54.62,54.66,54.54,54.58,1460.205
2026-09-07 08:45:00,54.58,54.61,54.51,54.54,1018.367
2026-09-07 08:50:00,54.54,54.6,54.52,54.56,246.906
2026-09-07 08:55:00,54.55,54.57,54.52,54.57,314.262
2026-09-07 09:00:00,54.57,54.63,54.51,54.57,847.931
2026-09-07 09:05:00,54.57,54.96,54.57,54.96,4627.951
2026-09-07 09:10:00,54.96,55.39,54.96,55.35,2996.872
2026-09-07 09:15:00,55.35,55.71,55.22,55.55,6366.569
2026-09-07 09:20:00,55.54,55.92,55.51,55.81,3197.4
2026-09-07 09:25:00,55.81,56.09,55.64,56.07,6433.374
2026-09-07 09:30:00,56.08,56.24,55.82,55.95,16805.223
2026-09-07 09:35:00,55.95,56.0,55.69,55.81,2408.114
2026-09-07 09:40:00,55.82,56.08,55.73,56.01,3436.92
2026-09-07 09:45:00,56.01,56.09,55.77,55.79,4730.176
2026-09-07 09:50:00,55.8,55.84,55.53,55.62,2249.464
2026-09-07 09:55:00,55.62,55.67,55.52,55.52,1075.499
2026-09-07 10:00:00,55.52,56.0,55.52,55.84,7651.53
2026-09-07 10:05:00,55.85,56.18,55.78,55.97,7168.304
2026-09-07 10:10:00,55.96,56.39,55.89,56.32,4914.045
2026-09-07 10:15:00,56.33,56.48,56.14,56.22,2631.237
2026-09-07 10:20:00,56.21,56.36,56.13,56.16,4289.473
2026-09-07 10:25:00,56.15,56.33,56.12,56.12,1463.817
2026-09-07 10:30:00,56.12,56.16,55.88,55.91,1192.332
2026-09-07 10:35:00,55.91,56.12,55.91,56.0,1668.766
2026-09-07 10:40:00,56.0,56.08,55.93,55.97,1365.967
2026-09-07 10:45:00,55.97,56.06,55.94,56.0,1721.357
2026-09-07 10:50:00,56.0,56.22,55.9,56.06,2841.018
2026-09-07 10:55:00,56.06,56.09,55.88,55.99,1233.616
2026-09-07 11:00:00,55.99,56.08,55.89,56.03,1470.211
2026-09-07 11:05:00,56.04,56.09,55.89,55.91,1541.266
2026-09-07 11:10:00,55.91,55.96,55.83,55.94,983.51
2026-09-07 11:15:00,55.94,56.12,55.8,56.11,1799.818
2026-09-07 11:20:00,56.12,56.12,55.94,55.95,939.98
2026-09-07 11:25:00,55.95,56.02,55.91,55.95,871.867
2026-09-07 11:30:00,55.94,56.03,55.9,55.92,611.777
2026-09-07 11:35:00,55.92,55.98,55.69,55.76,2162.304
2026-09-07 11:40:00,55.76,55.99,55.73,55.9,1438.041
2026-09-07 11:45:00,55.91,55.96,55.84,55.86,1505.339
2026-09-07 11:50:00,55.86,55.9,55.8,55.84,770.568
2026-09-07 11:55:00,55.85,55.88,55.79,55.88,457.45
2026-09-07 12:00:00,55.88,56.15,55.88,56.06,1848.772
2026-09-07 12:05:00,56.07,56.45,56.07,56.23,2774.439
2026-09-07 12:10:00,56.23,56.29,56.17,56.21,753.088
2026-09-07 12:15:00,56.21,56.48,56.2,56.43,1519.892
2026-09-07 12:20:00,56.43,56.75,56.43,56.57,4271.235
2026-09-07 12:25:00,56.58,56.96,56.58,56.79,4805.571
2026-09-07 12:30:00,56.8,56.81,56.7,56.74,1811.095
2026-09-07 12:35:00,56.75,56.99,56.6,56.9,2838.468
2026-09-07 12:40:00,56.91,57.72,56.82,57.63,15766.871
2026-09-07 12:45:00,57.64,58.46,57.61,58.43,19476.609
2026-09-07 12:50:00,58.43,58.96,58.4,58.9,13937.61
2026-09-07 12:55:00,58.9,59.28,58.8,59.08,18736.93
2026-09-07 13:00:00,59.09,59.46,58.79,58.89,19780.699
2026-09-07 13:05:00,58.9,58.96,58.4,58.53,23659.601
2026-09-07 13:10:00,58.52,58.81,58.4,58.54,7709.251
2026-09-07 13:15:00,58.54,58.67,58.23,58.4,5565.477
2026-09-07 13:20:00,58.41,58.47,57.95,58.06,8343.27
2026-09-07 13:25:00,58.06,58.09,57.82,58.03,5357.64
2026-09-07 13:30:00,58.03,58.03,57.63,57.67,8686.605
2026-09-07 13:35:00,57.67,57.82,57.51,57.61,4082.175
2026-09-07 13:40:00,57.61,57.85,57.54,57.65,4006.918
2026-09-07 13:45:00,57.65,57.71,57.47,57.48,1652.873
2026-09-07 13:50:00,57.48,57.7,57.43,57.68,2707.821
2026-09-07 13:55:00,57.67,57.72,57.48,57.5,1952.953
2026-09-07 14:00:00,57.5,57.67,57.3,57.39,6053.99
2026-09-07 14:05:00,57.4,57.42,56.98,57.03,6997.102
2026-09-07 14:10:00,57.04,57.33,57.02,57.33,5234.044
2026-09-07 14:15:00,57.33,57.42,57.08,57.12,2159.428
2026-09-07 14:20:00,57.12,57.12,56.87,56.99,4240.004
2026-09-07 14:25:00,56.99,57.11,56.96,56.96,2300.753
2026-09-07 14:30:00,56.96,56.96,56.73,56.78,3954.878
2026-09-07 14:35:00,56.78,56.87,56.23,56.72,9267.684
2026-09-07 14:40:00,56.72,56.73,56.56,56.61,1764.151
2026-09-07 14:45:00,56.61,56.95,56.59,56.91,2039.274
2026-09-07 14:50:00,56.92,57.22,56.9,57.19,4626.083
2026-09-07 14:55:00,57.2,57.23,57.04,57.07,2142.007
2026-09-07 15:00:00,57.08,57.12,56.77,56.79,3698.265
2026-09-07 15:05:00,56.79,56.81,56.33,56.59,9847.446
2026-09-07 15:10:00,56.59,56.59,56.25,56.28,3376.986
2026-09-07 15:15:00,56.27,56.34,55.9,56.33,8385.394
2026-09-07 15:20:00,56.33,56.33,56.18,56.23,2067.767
2026-09-07 15:25:00,56.24,56.24,55.94,55.97,4236.598
2026-09-07 15:30:00,55.97,56.02,55.65,55.69,6665.071
2026-09-07 15:35:00,55.69,55.76,55.54,55.59,4261.602
2026-09-07 15:40:00,55.59,55.61,55.21,55.32,13409.566
2026-09-07 15:45:00,55.32,55.48,55.15,55.47,3266.42
2026-09-07 15:50:00,55.47,55.52,55.34,55.46,2229.48
2026-09-07 15:55:00,55.47,55.5,55.24,55.42,4190.238
2026-09-07 16:00:00,55.42,55.58,55.36,55.51,4262.004
2026-09-07 16:05:00,55.52,55.54,55.42,55.51,1127.168
2026-09-07 16:10:00,55.52,55.8,55.49,55.78,3789.599
2026-09-07 16:15:00,55.78,55.78,55.46,55.62,3511.63
2026-09-07 16:20:00,55.63,55.65,55.5,55.52,1863.464
2026-09-07 16:25:00,55.52,55.61,55.47,55.6,1142.447
2026-09-07 16:30:00,55.61,55.77,55.56,55.71,845.345
2026-09-07 16:35:00,55.71,55.88,55.67,55.88,2493.083
2026-09-07 16:40:00,55.88,56.0,55.8,55.86,2269.997
2026-09-07 16:45:00,55.85,55.89,55.74,55.78,3025.445
2026-09-07 16:50:00,55.77,55.79,55.73,55.76,671.046
2026-09-07 16:55:00,55.77,55.78,55.56,55.59,957.431
2026-09-07 17:00:00,55.59,55.62,55.52,55.6,929.974
2026-09-07 17:05:00,55.6,55.77,55.58,55.75,1603.02
2026-09-07 17:10:00,55.74,55.75,55.67,55.7,799.537
2026-09-07 17:15:00,55.7,55.73,55.55,55.61,3856.675
2026-09-07 17:20:00,55.6,55.65,55.54,55.56,1630.534
2026-09-07 17:25:00,55.55,55.55,55.42,55.5,1541.909
2026-09-07 17:30:00,55.51,55.52,55.27,55.31,2716.987
2026-09-07 17:35:00,55.32,55.46,55.27,55.38,2079.48
2026-09-07 17:40:00,55.37,55.46,55.37,55.44,633.357
2026-09-07 17:45:00,55.44,55.48,55.38,55.41,2512.314
2026-09-07 17:50:00,55.42,55.45,55.32,55.32,770.758
2026-09-07 17:55:00,55.31,55.32,55.18,55.23,1903.476
2026-09-07 18:00:00,55.23,55.29,55.1,55.29,2042.945
2026-09-07 18:05:00,55.29,55.42,55.21,55.25,857.558
2026-09-07 18:10:00,55.24,55.35,55.22,55.27,850.195
2026-09-07 18:15:00,55.26,55.28,55.1,55.13,1115.641
2026-09-07 18:20:00,55.13,55.16,55.09,55.15,944.986
2026-09-07 18:25:00,55.16,55.2,54.94,55.0,2763.793
2026-09-07 18:30:00,55.01,55.03,54.92,55.03,2048.555
2026-09-07 18:35:00,55.03,55.19,55.03,55.16,1191.663
2026-09-07 18:40:00,55.15,55.15,55.08,55.12,445.434
2026-09-07 18:45:00,55.12,55.2,55.1,55.15,1490.816
2026-09-07 18:50:00,55.15,55.23,55.11,55.21,1019.285
2026-09-07 18:55:00,55.21,55.24,55.08,55.12,419.845
2026-09-07 19:00:00,55.11,55.11,54.95,55.06,874.706
2026-09-07 19:05:00,55.05,55.1,54.93,54.94,612.932
2026-09-07 19:10:00,54.93,55.02,54.93,55.02,601.702
2026-09-07 19:15:00,55.02,55.03,54.95,54.97,1034.804
2026-09-07 19:20:00,54.98,55.15,54.97,55.12,889.314
2026-09-07 19:25:00,55.12,55.15,55.02,55.04,524.21
2026-09-07 19:30:00,55.05,55.15,55.02,55.09,1455.382
2026-09-07 19:35:00,55.09,55.19,55.08,55.17,810.984
2026-09-07 19:40:00,55.16,55.23,55.13,55.19,1603.85
2026-09-07 19:45:00,55.19,55.22,55.14,55.15,966.83
2026-09-07 19:50:00,55.15,55.29,55.14,55.21,1067.277
2026-09-07 19:55:00,55.21,55.34,55.2,55.27,724.277
2026-09-07 20:00:00,55.26,55.26,55.11,55.16,614.469
2026-09-07 20:05:00,55.15,55.15,54.98,55.05,1666.816
2026-09-07 20:10:00,55.05,55.06,54.96,54.97,1500.334
2026-09-07 20:15:00,54.96,55.11,54.96,55.08,975.579
2026-09-07 20:20:00,55.08,55.1,55.03,55.06,366.897
2026-09-07 20:25:00,55.07,55.08,55.01,55.08,550.269
2026-09-07 20:30:00,55.07,55.24,55.06,55.23,886.457
2026-09-07 20:35:00,55.24,55.25,55.19,55.22,1196.782
2026-09-07 20:40:00,55.22,55.29,55.2,55.25,2415.18
2026-09-07 20:45:00,55.25,55.29,55.19,55.28,577.562
2026-09-07 20:50:00,55.28,55.41,55.27,55.34,1059.936
2026-09-07 20:55:00,55.34,55.39,55.3,55.39,707.756
2026-09-07 21:00:00,55.39,55.54,55.36,55.5,1442.93
2026-09-07 21:05:00,55.51,55.59,55.49,55.5,838.365
2026-09-07 21:10:00,55.5,55.62,55.46,55.62,941.442
2026-09-07 21:15:00,55.61,55.61,55.51,55.58,1447.519
2026-09-07 21:20:00,55.58,55.72,55.56,55.65,3782.62
2026-09-07 21:25:00,55.64,55.68,55.62,55.65,721.22
2026-09-07 21:30:00,55.66,55.77,55.57,55.67,2491.053
2026-09-07 21:35:00,55.66,55.67,55.58,55.64,1157.73
2026-09-07 21:40:00,55.64,55.64,55.57,55.58,228.697
2026-09-07 21:45:00,55.58,55.59,55.52,55.56,785.866
2026-09-07 21:50:00,55.55,55.67,55.54,55.65,684.308
2026-09-07 21:55:00,55.66,55.72,55.61,55.62,670.607
2026-09-07 22:00:00,55.62,55.69,55.39,55.65,1770.969
2026-09-07 22:05:00,55.65,55.75,55.6,55.73,1082.354
2026-09-07 22:10:00,55.74,55.77,55.62,55.63,1545.182
2026-09-07 22:15:00,55.64,55.64,55.52,55.59,945.192
2026-09-07 22:20:00,55.58,55.65,55.52,55.65,526.684
2026-09-07 22:25:00,55.64,55.7,55.58,55.59,911.283
2026-09-07 22:30:00,55.58,55.58,55.33,55.33,672.927
2026-09-07 22:35:00,55.33,55.35,55.14,55.15,2670.939
2026-09-07 22:40:00,55.14,55.15,55.06,55.1,729.458
2026-09-07 22:45:00,55.1,55.29,55.1,55.28,837.309
2026-09-07 22:50:00,55.27,55.33,55.25,55.3,769.514
2026-09-07 22:55:00,55.31,55.33,55.25,55.28,262.173
2026-09-07 23:00:00,55.28,55.34,55.15,55.3,2778.519
2026-09-07 23:05:00,55.29,55.46,55.27,55.42,680.843
2026-09-07 23:10:00,55.42,55.5,55.42,55.49,519.242
2026-09-07 23:15:00,55.48,55.5,55.25,55.34,802.459
2026-09-07 23:20:00,55.34,55.34,55.18,55.2,258.871
2026-09-07 23:25:00,55.2,55.31,55.15,55.26,1705.457
2026-09-07 23:30:00,55.26,55.29,55.1,55.1,1297.065
2026-09-07 23:35:00,55.11,55.17,55.07,55.1,1237.327
2026-09-07 23:40:00,55.09,55.17,55.08,55.14,499.147
2026-09-07 23:45:00,55.14,55.28,55.13,55.27,1192.476
2026-09-07 23:50:00,55.28,55.32,55.26,55.27,1097.811
2026-09-07 23:55:00,55.27,55.29,55.21,55.21,558.396
2026-09-08 00:00:00,55.22,55.25,55.11,55.21,609.727
2026-09-08 00:05:00,55.21,55.43,55.21,55.37,1534.245
2026-09-08 00:10:00,55.38,55.41,55.31,55.39,727.622
2026-09-08 00:15:00,55.39,55.48,55.36,55.39,699.049
2026-09-08 00:20:00,55.39,55.42,55.28,55.37,435.238
2026-09-08 00:25:00,55.36,55.36,55.27,55.27,477.845
2026-09-08 00:30:00,55.26,55.49,55.25,55.49,346.274
2026-09-08 00:35:00,55.49,55.51,55.43,55.51,978.938
2026-09-08 00:40:00,55.5,55.58,55.49,55.57,744.995
2026-09-08 00:45:00,55.56,55.61,55.5,55.59,436.495
2026-09-08 00:50:00,55.6,55.61,55.51,55.59,1344.922
2026-09-08 00:55:00,55.59,55.68,55.58,55.67,729.773
2026-09-08 01:00:00,55.66,55.72,55.6,55.66,577.661
2026-09-08 01:05:00,55.66,55.71,55.56,55.71,1143.166
2026-09-08 01:10:00,55.71,55.74,55.57,55.57,1218.168
2026-09-08 01:15:00,55.57,55.69,55.56,55.63,963.612
2026-09-08 01:20:00,55.63,55.71,55.56,55.69,1832.034
2026-09-08 01:25:00,55.68,55.78,55.68,55.77,689.712
2026-09-08 01:30:00,55.76,55.76,55.55,55.58,2656.263
2026-09-08 01:35:00,55.59,55.68,55.57,55.65,412.096
2026-09-08 01:40:00,55.65,55.66,55.61,55.62,115.4
2026-09-08 01:45:00,55.63,55.66,55.61,55.66,565.359
2026-09-08 01:50:00,55.66,55.7,55.62,55.7,641.992
2026-09-08 01:55:00,55.71,55.88,55.71,55.86,1290.728
2026-09-08 02:00:00,55.85,55.85,55.72,55.74,936.003
2026-09-08 02:05:00,55.74,55.74,55.69,55.72,515.628
2026-09-08 02:10:00,55.72,55.8,55.66,55.8,688.445
2026-09-08 02:15:00,55.8,55.97,55.78,55.88,1259.958
2026-09-08 02:20:00,55.87,56.26,55.85,56.21,6483.41
2026-09-08 02:25:00,56.2,56.26,55.9,55.91,6527.514
2026-09-08 02:30:00,55.9,56.03,55.82,55.87,968.788
2026-09-08 02:35:00,55.87,55.9,55.69,55.7,1488.252
2026-09-08 02:40:00,55.69,55.75,55.6,55.74,2113.88
2026-09-08 02:45:00,55.74,55.77,55.65,55.71,711.988
2026-09-08 02:50:00,55.7,55.7,55.34,55.36,1132.397
2026-09-08 02:55:00,55.37,55.37,55.2,55.2,1115.002
2026-09-08 03:00:00,55.21,55.37,55.15,55.29,2963.462
2026-09-08 03:05:00,55.29,55.4,55.28,55.38,1453.109
2026-09-08 03:10:00,55.37,55.37,55.28,55.28,1127.219
2026-09-08 03:15:00,55.27,55.32,55.18,55.18,247.851
2026-09-08 03:20:00,55.18,55.3,55.11,55.16,1356.817
2026-09-08 03:25:00,55.17,55.26,55.11,55.18,984.163
2026-09-08 03:30:00,55.18,55.43,55.18,55.31,952.257
2026-09-08 03:35:00,55.31,55.4,55.31,55.35,1664.131
2026-09-08 03:40:00,55.35,55.38,55.29,55.32,1043.861
2026-09-08 03:45:00,55.32,55.32,55.2,55.23,397.018
2026-09-08 03:50:00,55.23,55.27,55.02,55.1,5460.982
2026-09-08 03:55:00,55.1,55.13,55.03,55.09,4739.877
2026-09-08 04:00:00,55.09,55.09,54.73,54.89,3785.38
2026-09-08 04:05:00,54.89,55.03,54.88,54.98,2857.084
2026-09-08 04:10:00,54.98,55.16,54.98,55.07,2580.645
2026-09-08 04:15:00,55.07,55.22,54.99,55.22,671.176
2026-09-08 04:20:00,55.23,55.24,55.13,55.14,712.943
2026-09-08 04:25:00,55.14,55.23,55.13,55.18,1021.028
2026-09-08 04:30:00,55.19,55.33,55.16,55.24,1178.856
2026-09-08 04:35:00,55.24,55.32,55.21,55.32,599.979
2026-09-08 04:40:00,55.31,55.33,55.25,55.32,1186.357
2026-09-08 04:45:00,55.32,55.37,55.3,55.3,308.556
2026-09-08 04:50:00,55.3,55.31,55.16,55.18,500.673
2026-09-08 04:55:00,55.18,55.19,55.12,55.12,480.847
2026-09-08 05:00:00,55.12,55.38,55.01,55.22,731.795
2026-09-08 05:05:00,55.21,55.37,55.16,55.28,912.82
2026-09-08 05:10:00,55.28,55.35,55.23,55.25,833.49
2026-09-08 05:15:00,55.25,55.46,55.21,55.45,1336.459
2026-09-08 05:20:00,55.44,55.46,55.24,55.36,1125.035
2026-09-08 05:25:00,55.35,55.42,55.32,55.36,741.365
2026-09-08 05:30:00,55.36,55.38,55.18,55.19,895.1
2026-09-08 05:35:00,55.18,55.26,55.15,55.21,831.577
2026-09-08 05:40:00,55.21,55.28,55.13,55.16,1562.571
2026-09-08 05:45:00,55.17,55.28,55.16,55.27,401.987
2026-09-08 05:50:00,55.27,55.28,55.04,55.04,692.72
2026-09-08 05:55:00,55.04,55.09,55.02,55.07,706.257
2026-09-08 06:00:00,55.07,55.15,55.03,55.1,708.512
2026-09-08 06:05:00,55.11,55.17,55.03,55.08,991.655
2026-09-08 06:10:00,55.07,55.07,54.94,55.0,2260.055
2026-09-08 06:15:00,55.01,55.03,54.78,54.79,1319.218
2026-09-08 06:20:00,54.79,54.86,54.53,54.8,4001.786
2026-09-08 06:25:00,54.81,54.86,54.72,54.72,1059.34
2026-09-08 06:30:00,54.72,54.78,54.67,54.69,1260.473
2026-09-08 06:35:00,54.7,54.86,54.62,54.81,2271.565
2026-09-08 06:40:00,54.81,54.81,54.71,54.76,557.208
2026-09-08 06:45:00,54.77,54.85,54.77,54.79,448.836
2026-09-08 06:50:00,54.79,54.87,54.77,54.77,704.952
2026-09-08 06:55:00,54.77,54.9,54.75,54.86,613.395
2026-09-08 07:00:00,54.86,54.91,54.84,54.87,514.583
2026-09-08 07:05:00,54.86,55.03,54.86,54.93,399.315
2026-09-08 07:10:00,54.93,54.97,54.92,54.93,148.693
2026-09-08 07:15:00,54.93,54.96,54.87,54.95,325.004
2026-09-08 07:20:00,54.95,55.06,54.95,55.04,407.561
2026-09-08 07:25:00,55.04,55.15,55.04,55.15,596.382
2026-09-08 07:30:00,55.15,55.24,55.15,55.22,603.96
2026-09-08 07:35:00,55.23,55.34,55.21,55.31,620.927
2026-09-08 07:40:00,55.31,55.36,55.19,55.21,558.946
2026-09-08 07:45:00,55.2,55.2,55.06,55.07,458.51
2026-09-08 07:50:00,55.07,55.11,55.0,55.08,820.678
2026-09-08 07:55:00,55.09,55.25,55.09,55.15,1541.9
2026-09-08 08:00:00,55.15,55.16,55.0,55.05,1105.544
2026-09-08 08:05:00,55.05,55.22,55.05,55.06,815.579
2026-09-08 08:10:00,55.07,55.12,54.98,55.09,350.467
2026-09-08 08:15:00,55.1,55.15,55.02,55.1,975.047
2026-09-08 08:20:00,55.11,55.15,55.06,55.15,606.837
2026-09-08 08:25:00,55.16,55.21,55.11,55.17,391.698
2026-09-08 08:30:00,55.16,55.35,55.12,55.35,532.589
2026-09-08 08:35:00,55.35,55.5,55.35,55.45,2300.743
2026-09-08 08:40:00,55.45,55.56,55.43,55.56,594.127
2026-09-08 08:45:00,55.55,55.62,55.48,55.5,1149.149
2026-09-08 08:50:00,55.51,55.54,55.45,55.48,494.81
2026-09-08 08:55:00,55.48,55.6,55.43,55.47,816.935
2026-09-08 09:00:00,55.47,55.49,55.32,55.32,424.232
2026-09-08 09:05:00,55.31,55.38,55.16,55.19,969.979
2026-09-08 09:10:00,55.19,55.25,55.14,55.23,634.277
2026-09-08 09:15:00,55.23,55.45,55.23,55.4,810.058
2026-09-08 09:20:00,55.39,55.52,55.34,55.5,1445.398
2026-09-08 09:25:00,55.49,55.55,55.48,55.51,814.165
2026-09-08 09:30:00,55.51,55.7,55.45,55.66,1108.989
2026-09-08 09:35:00,55.66,55.75,55.62,55.64,1433.405
2026-09-08 09:40:00,55.65,55.72,55.59,55.67,5114.009
2026-09-08 09:45:00,55.67,55.78,55.67,55.75,1499.843
2026-09-08 09:50:00,55.75,55.76,55.67,55.72,739.351
2026-09-08 09:55:00,55.72,55.78,55.68,55.72,1506.959
2026-09-08 10:00:00,55.72,55.74,55.63,55.68,1311.155
2026-09-08 10:05:00,55.68,55.68,55.53,55.58,1690.665
2026-09-08 10:10:00,55.59,55.67,55.58,55.62,667.101
2026-09-08 10:15:00,55.62,55.69,55.59,55.68,471.722
2026-09-08 10:20:00,55.69,55.84,55.69,55.79,1088.565
2026-09-08 10:25:00,55.78,55.78,55.66,55.67,504.38
2026-09-08 10:30:00,55.68,55.71,55.61,55.63,1365.28
2026-09-08 10:35:00,55.63,55.69,55.52,55.62,881.211
2026-09-08 10:40:00,55.61,55.74,55.56,55.74,1113.921
2026-09-08 10:45:00,55.73,55.75,55.62,55.66,1727.748
2026-09-08 10:50:00,55.66,55.73,55.66,55.73,740.256
2026-09-08 10:55:00,55.73,55.77,55.58,55.59,932.059
2026-09-08 11:00:00,55.59,55.69,55.58,55.6,839.88
2026-09-08 11:05:00,55.59,55.59,55.24,55.31,1459.72
2026-09-08 11:10:00,55.32,55.32,55.12,55.19,2245.416
2026-09-08 11:15:00,55.19,55.44,55.19,55.41,814.694
2026-09-08 11:20:00,55.41,55.56,55.41,55.55,1443.768
2026-09-08 11:25:00,55.55,55.55,55.4,55.4,830.672
2026-09-08 11:30:00,55.41,55.49,55.4,55.48,283.702
2026-09-08 11:35:00,55.47,55.52,55.39,55.39,226.65
2026-09-08 11:40:00,55.39,55.54,55.37,55.5,740.116
2026-09-08 11:45:00,55.49,55.49,55.36,55.42,583.415
2026-09-08 11:50:00,55.41,55.41,55.27,55.31,555.02
2026-09-08 11:55:00,55.31,55.43,55.3,55.42,671.942
2026-09-08 12:00:00,55.41,55.42,55.27,55.31,612.959
2026-09-08 12:05:00,55.31,55.39,55.23,55.38,516.439
2026-09-08 12:10:00,55.39,55.42,55.23,55.25,556.657
2026-09-08 12:15:00,55.25,55.32,55.24,55.27,309.121
2026-09-08 12:20:00,55.27,55.29,55.21,55.27,1196.336
2026-09-08 12:25:00,55.27,55.3,55.22,55.27,721.423
2026-09-08 12:30:00,55.27,55.46,55.22,55.43,2109.509
2026-09-08 12:35:00,55.42,55.7,55.41,55.59,1706.765
2026-09-08 12:40:00,55.6,55.63,55.22,55.24,8125.698
2026-09-08 12:45:00,55.24,55.39,55.24,55.3,3282.762
2026-09-08 12:50:00,55.3,55.5,55.28,55.5,1391.623
2026-09-08 12:55:00,55.5,55.53,55.42,55.43,566.09
2026-09-08 13:00:00,55.44,55.5,55.37,55.45,920.888
2026-09-08 13:05:00,55.44,55.64,55.41,55.45,1808.097
2026-09-08 13:10:00,55.46,55.78,55.45,55.56,5139.021
2026-09-08 13:15:00,55.56,55.56,55.38,55.39,2988.4
2026-09-08 13:20:00,55.39,55.46,55.28,55.28,1005.631
2026-09-08 13:25:00,55.28,55.35,55.26,55.29,3437.188
2026-09-08 13:30:00,55.3,55.33,54.82,55.0,3212.445
2026-09-08 13:35:00,55.0,55.03,54.83,54.84,2575.473
2026-09-08 13:40:00,54.85,54.88,54.54,54.76,4736.244
2026-09-08 13:45:00,54.76,54.89,54.64,54.84,2743.211
2026-09-08 13:50:00,54.83,54.84,54.62,54.81,2447.867
2026-09-08 13:55:00,54.82,55.06,54.77,54.89,2414.04
2026-09-08 14:00:00,54.89,54.97,54.73,54.78,1312.408
2026-09-08 14:05:00,54.78,54.81,54.53,54.71,9431.881
2026-09-08 14:10:00,54.71,54.88,54.65,54.78,3403.185
2026-09-08 14:15:00,54.78,54.85,54.73,54.81,2238.249
2026-09-08 14:20:00,54.81,54.92,54.8,54.86,2403.401
2026-09-08 14:25:00,54.85,54.88,54.74,54.81,1448.396
2026-09-08 14:30:00,54.81,54.86,54.73,54.82,2289.217
2026-09-08 14:35:00,54.83,54.85,54.66,54.7,3118.499
2026-09-08 14:40:00,54.7,54.75,54.57,54.7,5134.918
2026-09-08 14:45:00,54.7,54.87,54.69,54.7,4102.856
2026-09-08 14:50:00,54.71,54.73,54.37,54.51,3471.634
2026-09-08 14:55:00,54.51,54.66,54.44,54.61,2756.85
2026-09-08 15:00:00,54.61,54.95,54.61,54.87,5914.869
2026-09-08 15:05:00,54.86,54.94,54.79,54.93,1763.408
2026-09-08 15:10:00,54.94,55.06,54.91,54.97,2924.76
2026-09-08 15:15:00,54.96,55.07,54.89,55.05,5936.637
2026-09-08 15:20:00,55.06,55.06,54.82,54.91,5232.313
2026-09-08 15:25:00,54.91,55.2,54.91,55.0,6712.822
2026-09-08 15:30:00,55.0,55.13,54.94,55.02,4196.824
2026-09-08 15:35:00,55.03,55.18,55.01,55.11,2785.746
2026-09-08 15:40:00,55.12,55.19,55.06,55.16,1255.865
2026-09-08 15:45:00,55.17,55.27,55.05,55.09,1936.881
2026-09-08 15:50:00,55.09,55.09,54.96,55.02,3213.098
2026-09-08 15:55:00,55.02,55.15,54.96,55.0,2253.547
2026-09-08 16:00:00,54.99,55.0,54.72,54.76,7644.336
2026-09-08 16:05:00,54.77,54.82,54.68,54.69,2820.349
2026-09-08 16:10:00,54.7,54.71,54.54,54.7,2755.318
2026-09-08 16:15:00,54.7,54.72,54.6,54.67,1620.427
2026-09-08 16:20:00,54.67,54.67,54.47,54.48,1543.919
2026-09-08 16:25:00,54.48,54.54,54.34,54.41,2493.412
2026-09-08 16:30:00,54.42,54.46,54.34,54.35,4269.805
2026-09-08 16:35:00,54.34,54.66,54.31,54.66,2122.772
2026-09-08 16:40:00,54.66,54.74,54.53,54.55,1938.176
2026-09-08 16:45:00,54.55,54.6,54.52,54.58,1844.727
2026-09-08 16:50:00,54.57,54.65,54.42,54.55,1670.653
2026-09-08 16:55:00,54.55,54.55,54.41,54.5,1139.044
2026-09-08 17:00:00,54.5,54.66,54.47,54.53,1467.987
2026-09-08 17:05:00,54.53,54.57,54.36,54.36,945.939
2026-09-08 17:10:00,54.36,54.44,54.33,54.41,764.594
2026-09-08 17:15:00,54.42,54.44,54.26,54.32,2087.033
2026-09-08 17:20:00,54.31,54.31,54.2,54.22,1067.543
2026-09-08 17:25:00,54.22,54.3,54.14,54.27,2338.475
2026-09-08 17:30:00,54.28,54.38,54.26,54.38,1050.684
2026-09-08 17:35:00,54.38,54.5,54.38,54.39,566.12
2026-09-08 17:40:00,54.38,54.39,54.32,54.32,940.44
2026-09-08 17:45:00,54.32,54.37,54.22,54.25,1118.935
2026-09-08 17:50:00,54.25,54.41,54.25,54.35,1090.562
2026-09-08 17:55:00,54.35,54.39,54.2,54.2,2674.195
2026-09-08 18:00:00,54.2,54.33,54.18,54.25,1625.156
2026-09-08 18:05:00,54.25,54.44,54.24,54.38,1449.455
2026-09-08 18:10:00,54.39,54.45,54.33,54.36,1977.183
2026-09-08 18:15:00,54.36,54.47,54.36,54.45,818.638
2026-09-08 18:20:00,54.45,54.56,54.45,54.51,1635.263
2026-09-08 18:25:00,54.51,54.52,54.39,54.44,747.401
2026-09-08 18:30:00,54.44,54.5,54.4,54.4,900.327
2026-09-08 18:35:00,54.39,54.39,54.25,54.25,1082.731
2026-09-08 18:40:00,54.26,54.34,54.24,54.32,570.616
2026-09-08 18:45:00,54.31,54.36,53.95,53.96,3283.626
2026-09-08 18:50:00,53.97,54.08,53.85,53.98,4810.426
2026-09-08 18:55:00,53.97,54.04,53.92,53.99,1524.692
2026-09-08 19:00:00,53.99,54.13,53.92,54.08,1506.758
2026-09-08 19:05:00,54.08,54.09,54.0,54.03,682.02
2026-09-08 19:10:00,54.02,54.1,54.0,54.03,857.896
2026-09-08 19:15:00,54.03,54.14,54.02,54.09,2065.839
2026-09-08 19:20:00,54.08,54.14,54.0,54.06,1613.779
2026-09-08 19:25:00,54.06,54.22,54.02,54.22,1148.046
2026-09-08 19:30:00,54.22,54.28,54.14,54.23,1312.972
2026-09-08 19:35:00,54.23,54.3,54.15,54.29,607.103
2026-09-08 19:40:00,54.29,54.37,54.26,54.28,1504.781
2026-09-08 19:45:00,54.28,54.29,54.13,54.2,1966.152
2026-09-08 19:50:00,54.2,54.21,54.09,54.15,953.821
2026-09-08 19:55:00,54.15,54.21,54.08,54.21,460.069
2026-09-08 20:00:00,54.21,54.3,54.15,54.23,490.084
2026-09-08 20:05:00,54.23,54.28,54.19,54.23,1689.183
2026-09-08 20:10:00,54.24,54.44,54.24,54.39,1183.893
2026-09-08 20:15:00,54.4,54.4,54.23,54.27,704.166
2026-09-08 20:20:00,54.27,54.27,54.16,54.21,591.048
2026-09-08 20:25:00,54.21,54.25,54.16,54.24,1390.46
2026-09-08 20:30:00,54.23,54.25,54.03,54.05,1048.668
2026-09-08 20:35:00,54.06,54.17,54.06,54.13,618.328
2026-09-08 20:40:00,54.13,54.15,54.04,54.07,1801.769
2026-09-08 20:45:00,54.08,54.08,53.97,53.99,706.006
2026-09-08 20:50:00,53.99,54.14,53.99,54.12,662.309
2026-09-08 20:55:00,54.11,54.22,54.1,54.19,450.503
2026-09-08 21:00:00,54.19,54.24,54.13,54.21,446.906
2026-09-08 21:05:00,54.22,54.26,54.19,54.24,324.505
2026-09-08 21:10:00,54.25,54.29,54.22,54.25,459.092
2026-09-08 21:15:00,54.26,54.31,54.22,54.23,224.914
2026-09-08 21:20:00,54.23,54.23,54.15,54.15,534.681
2026-09-08 21:25:00,54.14,54.31,54.14,54.21,448.609
2026-09-08 21:30:00,54.2,54.24,54.12,54.18,545.698
2026-09-08 21:35:00,54.17,54.19,54.11,54.15,281.708
2026-09-08 21:40:00,54.14,54.21,54.06,54.19,491.525
2026-09-08 21:45:00,54.2,54.2,54.14,54.14,117.988
2026-09-08 21:50:00,54.14,54.14,54.04,54.07,208.894
2026-09-08 21:55:00,54.07,54.12,54.04,54.12,488.866
2026-09-08 22:00:00,54.12,54.33,54.11,54.29,542.94
2026-09-08 22:05:00,54.3,54.3,54.1,54.12,686.711
2026-09-08 22:10:00,54.11,54.21,54.11,54.21,279.36
2026-09-08 22:15:00,54.21,54.26,54.18,54.24,257.94
2026-09-08 22:20:00,54.24,54.33,54.23,54.32,368.109
2026-09-08 22:25:00,54.31,54.31,54.27,54.29,120.434
2026-09-08 22:30:00,54.29,54.3,54.25,54.26,709.115
2026-09-08 22:35:00,54.26,54.27,54.23,54.26,219.539
2026-09-08 22:40:00,54.27,54.33,54.26,54.27,455.261
2026-09-08 22:45:00,54.27,54.41,54.27,54.38,457.453
2026-09-08 22:50:00,54.39,54.39,54.32,54.34,243.492
2026-09-08 22:55:00,54.33,54.4,54.32,54.39,182.49
2026-09-08 23:00:00,54.39,54.45,54.39,54.41,252.527
2026-09-08 23:05:00,54.41,54.44,54.41,54.43,147.67
2026-09-08 23:10:00,54.42,54.44,54.34,54.35,1140.163
2026-09-08 23:15:00,54.34,54.34,54.28,54.32,479.879
2026-09-08 23:20:00,54.33,54.38,54.29,54.37,254.001
2026-09-08 23:25:00,54.36,54.38,54.32,54.36,259.443
2026-09-08 23:30:00,54.37,54.4,54.34,54.39,482.746
2026-09-08 23:35:00,54.38,54.38,54.31,54.38,431.021
2026-09-08 23:40:00,54.38,54.38,54.28,54.3,552.535
2026-09-08 23:45:00,54.3,54.33,54.28,54.28,254.062
2026-09-08 23:50:00,54.28,54.31,54.24,54.24,228.495
2026-09-08 23:55:00,54.25,54.3,54.25,54.3,269.115
2026-09-09 00:00:00,54.3,54.45,54.3,54.44,371.023
2026-09-09 00:05:00,54.44,54.49,54.42,54.42,560.914
2026-09-09 00:10:00,54.43,54.56,54.41,54.45,980.537
2026-09-09 00:15:00,54.45,54.45,54.36,54.4,382.249
2026-09-09 00:20:00,54.41,54.43,54.3,54.3,712.762
2026-09-09 00:25:00,54.31,54.33,54.22,54.33,1025.704
2026-09-09 00:30:00,54.32,54.32,54.23,54.3,650.584
2026-09-09 00:35:00,54.3,54.38,54.23,54.38,357.655
2026-09-09 00:40:00,54.39,54.41,54.3,54.37,338.325
2026-09-09 00:45:00,54.37,54.42,54.36,54.4,283.18
2026-09-09 00:50:00,54.39,54.4,54.33,54.37,265.39
2026-09-09 00:55:00,54.36,54.38,54.33,54.33,312.836
2026-09-09 01:00:00,54.34,54.38,54.24,54.24,275.83
2026-09-09 01:05:00,54.23,54.3,54.23,54.29,442.073
2026-09-09 01:10:00,54.28,54.38,54.26,54.27,452.174
2026-09-09 01:15:00,54.26,54.28,54.1,54.1,625.411
2026-09-09 01:20:00,54.1,54.2,54.09,54.2,409.017
2026-09-09 01:25:00,54.19,54.27,54.14,54.23,443.958
2026-09-09 01:30:00,54.21,54.22,54.15,54.21,274.247
2026-09-09 01:35:00,54.21,54.32,54.2,54.31,291.425
2026-09-09 01:40:00,54.31,54.34,54.25,54.28,159.319
2026-09-09 01:45:00,54.28,54.33,54.27,54.31,402.781
2026-09-09 01:50:00,54.31,54.34,54.23,54.27,574.415
2026-09-09 01:55:00,54.27,54.27,54.2,54.24,238.644
2026-09-09 02:00:00,54.23,54.25,54.14,54.18,524.657
2026-09-09 02:05:00,54.17,54.19,54.1,54.19,364.86
2026-09-09 02:10:00,54.19,54.2,54.07,54.1,427.724
2026-09-09 02:15:00,54.1,54.13,53.99,54.09,2381.541
2026-09-09 02:20:00,54.08,54.19,53.99,54.18,1168.184
2026-09-09 02:25:00,54.18,54.18,54.12,54.16,412.809
2026-09-09 02:30:00,54.15,54.18,54.1,54.14,267.102
2026-09-09 02:35:00,54.14,54.16,54.11,54.13,320.73
2026-09-09 02:40:00,54.13,54.22,54.12,54.2,668.413
2026-09-09 02:45:00,54.19,54.21,54.15,54.16,1887.191
2026-09-09 02:50:00,54.15,54.17,54.13,54.15,132.007
2026-09-09 02:55:00,54.14,54.14,53.96,54.08,3359.613
2026-09-09 03:00:00,54.08,54.09,54.01,54.06,820.596
2026-09-09 03:05:00,54.06,54.09,54.01,54.05,1524.281
2026-09-09 03:10:00,54.05,54.06,53.97,53.98,1874.474
2026-09-09 03:15:00,53.98,53.99,53.88,53.92,3103.373
2026-09-09 03:20:00,53.92,53.95,53.88,53.91,2169.78
2026-09-09 03:25:00,53.91,54.01,53.89,53.9,1672.822
2026-09-09 03:30:00,53.9,53.93,53.88,53.93,394.376
2026-09-09 03:35:00,53.92,53.99,53.91,53.97,749.809
2026-09-09 03:40:00,53.98,54.0,53.95,53.98,1153.598
2026-09-09 03:45:00,53.99,54.0,53.93,53.93,354.573
2026-09-09 03:50:00,53.94,53.94,53.7,53.73,3544.259
2026-09-09 03:55:00,53.73,53.79,53.7,53.73,2407.577
2026-09-09 04:00:00,53.73,54.04,53.72,53.89,2792.617
2026-09-09 04:05:00,53.9,53.98,53.8,53.8,3012.068
2026-09-09 04:10:00,53.8,53.88,53.78,53.86,483.073
2026-09-09 04:15:00,53.85,53.92,53.8,53.9,1847.829
2026-09-09 04:20:00,53.9,54.03,53.88,54.03,823.707
2026-09-09 04:25:00,54.03,54.17,54.01,54.14,850.517
2026-09-09 04:30:00,54.14,54.23,54.1,54.22,647.896
2026-09-09 04:35:00,54.22,54.28,54.2,54.24,426.188
2026-09-09 04:40:00,54.24,54.36,54.21,54.35,850.849
2026-09-09 04:45:00,54.36,54.43,54.27,54.42,711.486
2026-09-09 04:50:00,54.42,54.46,54.4,54.44,184.474
2026-09-09 04:55:00,54.43,54.47,54.42,54.43,725.625
2026-09-09 05:00:00,54.43,54.44,54.35,54.36,1097.625
2026-09-09 05:05:00,54.35,54.36,54.29,54.33,461.777
2026-09-09 05:10:00,54.32,54.42,54.3,54.38,491.813
2026-09-09 05:15:00,54.37,54.47,54.33,54.39,1359.332
2026-09-09 05:20:00,54.39,54.4,54.23,54.25,949.687
2026-09-09 05:25:00,54.26,54.3,54.21,54.25,421.142
2026-09-09 05:30:00,54.25,54.28,54.15,54.21,1025.724
2026-09-09 05:35:00,54.2,54.21,54.09,54.09,1182.627
2026-09-09 05:40:00,54.09,54.12,54.04,54.1,951.492
2026-09-09 05:45:00,54.09,54.1,53.98,54.0,893.616
2026-09-09 05:50:00,54.01,54.06,54.01,54.04,216.883
2026-09-09 05:55:00,54.04,54.07,54.01,54.07,329.254
2026-09-09 06:00:00,54.07,54.11,53.99,54.01,398.645
2026-09-09 06:05:00,54.0,54.2,53.98,54.09,1349.581
2026-09-09 06:10:00,54.1,54.25,54.09,54.24,301.307
2026-09-09 06:15:00,54.24,54.36,54.23,54.36,1324.895
2026-09-09 06:20:00,54.35,54.43,54.34,54.42,301.153
2026-09-09 06:25:00,54.41,54.46,54.41,54.42,710.888
2026-09-09 06:30:00,54.42,54.46,54.35,54.46,653.054
2026-09-09 06:35:00,54.46,54.58,54.46,54.56,1603.305
2026-09-09 06:40:00,54.55,54.55,54.5,54.52,311.106
2026-09-09 06:45:00,54.53,54.53,54.49,54.49,948.603
2026-09-09 06:50:00,54.5,54.51,54.44,54.45,406.83
2026-09-09 06:55:00,54.45,54.47,54.43,54.45,374.894
2026-09-09 07:00:00,54.44,54.53,54.42,54.53,328.876
2026-09-09 07:05:00,54.54,54.71,54.53,54.61,782.355
2026-09-09 07:10:00,54.61,54.65,54.54,54.54,720.443
2026-09-09 07:15:00,54.54,54.6,54.49,54.52,395.228
2026-09-09 07:20:00,54.53,54.54,54.5,54.52,548.88
2026-09-09 07:25:00,54.52,54.55,54.47,54.5,291.302
2026-09-09 07:30:00,54.5,54.53,54.49,54.51,368.325
2026-09-09 07:35:00,54.51,54.54,54.48,54.52,528.218
2026-09-09 07:40:00,54.52,54.52,54.47,54.5,182.455
2026-09-09 07:45:00,54.49,54.51,54.45,54.45,623.524
2026-09-09 07:50:00,54.45,54.48,54.41,54.43,586.854
2026-09-09 07:55:00,54.43,54.47,54.4,54.45,377.564
2026-09-09 08:00:00,54.45,54.5,54.4,54.49,698.843
2026-09-09 08:05:00,54.48,54.58,54.47,54.57,442.743
2026-09-09 08:10:00,54.57,54.63,54.56,54.57,1288.149
2026-09-09 08:15:00,54.57,54.65,54.55,54.6,1933.557
2026-09-09 08:20:00,54.6,54.73,54.59,54.7,1531.107
2026-09-09 08:25:00,54.7,54.78,54.64,54.71,1819.531
2026-09-09 08:30:00,54.72,54.73,54.63,54.68,2379.931
2026-09-09 08:35:00,54.68,54.74,54.6,54.61,1156.448
2026-09-09 08:40:00,54.6,54.61,54.53,54.55,1236.062
2026-09-09 08:45:00,54.56,54.6,54.51,54.58,717.611
2026-09-09 08:50:00,54.57,54.68,54.55,54.65,713.023
2026-09-09 08:55:00,54.66,54.77,54.65,54.74,1518.462
2026-09-09 09:00:00,54.74,54.75,54.64,54.67,709.407
2026-09-09 09:05:00,54.66,54.8,54.6,54.71,1766.765
2026-09-09 09:10:00,54.7,54.7,54.54,54.59,2537.44
2026-09-09 09:15:00,54.6,54.63,54.49,54.51,671.859
2026-09-09 09:20:00,54.5,54.52,54.42,54.44,331.355
2026-09-09 09:25:00,54.44,54.49,54.44,54.45,214.905
2026-09-09 09:30:00,54.46,54.49,54.35,54.38,452.277
2026-09-09 09:35:00,54.37,54.37,54.29,54.36,513.539
2026-09-09 09:40:00,54.36,54.36,54.22,54.23,684.534
2026-09-09 09:45:00,54.23,54.26,54.13,54.17,846.503
2026-09-09 09:50:00,54.16,54.21,54.09,54.11,1110.146
2026-09-09 09:55:00,54.11,54.16,54.08,54.12,346.016
2026-09-09 10:00:00,54.12,54.16,54.08,54.14,543.73
2026-09-09 10:05:00,54.14,54.18,54.11,54.12,1539.529
2026-09-09 10:10:00,54.12,54.12,53.89,53.95,4647.973
2026-09-09 10:15:00,53.94,54.02,53.86,54.02,1145.265
2026-09-09 10:20:00,54.02,54.15,54.02,54.09,1050.576
2026-09-09 10:25:00,54.08,54.18,54.03,54.11,498.776
2026-09-09 10:30:00,54.11,54.17,54.08,54.16,1318.633
2026-09-09 10:35:00,54.15,54.15,53.64,54.0,10883.94
2026-09-09 10:40:00,53.99,54.04,53.93,54.03,1102.309
2026-09-09 10:45:00,54.03,54.03,53.96,54.02,449.121
2026-09-09 10:50:00,54.02,54.02,53.92,53.95,879.92
2026-09-09 10:55:00,53.96,54.0,53.94,54.0,687.891
2026-09-09 11:00:00,54.0,54.01,53.74,53.8,1498.447
2026-09-09 11:05:00,53.8,53.85,53.55,53.85,4038.56
2026-09-09 11:10:00,53.85,53.91,53.73,53.76,778.336
2026-09-09 11:15:00,53.76,53.77,53.69,53.74,947.806
2026-09-09 11:20:00,53.74,53.88,53.72,53.76,1343.005
2026-09-09 11:25:00,53.76,53.88,53.67,53.81,4203.679
2026-09-09 11:30:00,53.81,53.98,53.79,53.92,1805.222
2026-09-09 11:35:00,53.91,54.01,53.88,54.01,1318.75
2026-09-09 11:40:00,54.01,54.12,54.0,54.07,1307.251
2026-09-09 11:45:00,54.07,54.24,54.05,54.24,1821.364
2026-09-09 11:50:00,54.23,54.35,54.22,54.32,1805.692
2026-09-09 11:55:00,54.32,54.33,54.27,54.32,1082.426
2026-09-09 12:00:00,54.32,54.42,54.27,54.28,962.553
2026-09-09 12:05:00,54.28,54.3,54.2,54.27,697.665
2026-09-09 12:10:00,54.27,54.28,54.17,54.24,765.219
2026-09-09 12:15:00,54.24,54.25,54.14,54.19,569.638
2026-09-09 12:20:00,54.19,54.22,54.12,54.18,1280.685
2026-09-09 12:25:00,54.18,54.19,54.06,54.14,831.771
2026-09-09 12:30:00,54.14,54.24,54.13,54.24,624.806
2026-09-09 12:35:00,54.24,54.26,54.1,54.19,1425.351
2026-09-09 12:40:00,54.19,54.19,54.03,54.15,2016.457
2026-09-09 12:45:00,54.16,54.26,54.14,54.2,844.134
2026-09-09 12:50:00,54.2,54.27,54.15,54.26,1028.506
2026-09-09 12:55:00,54.26,54.27,54.17,54.2,855.442
2026-09-09 13:00:00,54.2,54.35,54.17,54.33,1772.908
2026-09-09 13:05:00,54.34,54.39,54.3,54.38,1043.44
2026-09-09 13:10:00,54.37,54.39,54.3,54.32,1007.567
2026-09-09 13:15:00,54.33,54.37,54.25,54.37,1686.173
2026-09-09 13:20:00,54.37,54.39,54.33,54.38,1052.63
2026-09-09 13:25:00,54.38,54.39,54.29,54.31,740.996
2026-09-09 13:30:00,54.31,54.5,54.23,54.48,2103.468
2026-09-09 13:35:00,54.47,54.48,54.22,54.24,1484.437
2026-09-09 13:40:00,54.24,54.3,53.98,53.99,1701.043
2026-09-09 13:45:00,53.99,54.17,53.93,54.1,2124.733
2026-09-09 13:50:00,54.1,54.27,54.09,54.13,2341.581
2026-09-09 13:55:00,54.14,54.24,54.08,54.14,1506.392
2026-09-09 14:00:00,54.14,54.25,54.07,54.25,1374.154
2026-09-09 14:05:00,54.25,54.31,53.98,53.98,1900.711
2026-09-09 14:10:00,53.97,54.05,53.79,54.04,3984.059
2026-09-09 14:15:00,54.03,54.06,53.81,53.89,1990.413
2026-09-09 14:20:00,53.89,54.02,53.83,53.97,2774.818
2026-09-09 14:25:00,53.96,54.33,53.95,54.33,1188.247
2026-09-09 14:30:00,54.33,54.38,54.24,54.34,1421.646
2026-09-09 14:35:00,54.34,54.41,54.3,54.37,2598.37
2026-09-09 14:40:00,54.36,54.37,54.08,54.11,1006.184
2026-09-09 14:45:00,54.11,54.34,54.1,54.33,1260.592
2026-09-09 14:50:00,54.33,54.35,54.18,54.23,2206.971
2026-09-09 14:55:00,54.22,54.33,54.18,54.25,1694.874
2026-09-09 15:00:00,54.26,54.49,54.04,54.19,4130.63
2026-09-09 15:05:00,54.18,54.32,53.95,54.08,3212.181
2026-09-09 15:10:00,54.08,54.11,53.76,53.92,2527.963
2026-09-09 15:15:00,53.91,54.04,53.83,53.92,1813.261
2026-09-09 15:20:00,53.91,53.93,53.3,53.34,11384.022
2026-09-09 15:25:00,53.34,53.82,53.31,53.77,2200.749
2026-09-09 15:30:00,53.76,53.95,53.72,53.95,1473.763
2026-09-09 15:35:00,53.96,54.12,53.89,54.12,1933.336
2026-09-09 15:40:00,54.11,54.14,53.97,54.09,1120.096
2026-09-09 15:45:00,54.09,54.19,54.05,54.19,771.747
2026-09-09 15:50:00,54.18,54.27,54.07,54.16,2525.114
2026-09-09 15:55:00,54.16,54.16,53.98,54.06,1151.066
2026-09-09 16:00:00,54.06,54.23,54.04,54.13,2435.776
2026-09-09 16:05:00,54.13,54.24,53.96,53.96,2225.931
2026-09-09 16:10:00,53.95,54.11,53.94,54.09,770.2
2026-09-09 16:15:00,54.09,54.09,53.85,53.89,1742.24
2026-09-09 16:20:00,53.89,53.99,53.79,53.85,565.138
2026-09-09 16:25:00,53.85,54.0,53.85,53.93,2915.308
2026-09-09 16:30:00,53.94,54.3,53.93,54.16,2989.24
2026-09-09 16:35:00,54.16,54.19,54.09,54.12,1150.777
2026-09-09 16:40:00,54.12,54.2,54.07,54.19,867.97
2026-09-09 16:45:00,54.19,54.22,54.1,54.12,1231.374
2026-09-09 16:50:00,54.11,54.19,54.1,54.16,1269.513
2026-09-09 16:55:00,54.16,54.22,54.13,54.13,2160.368
2026-09-09 17:00:00,54.13,54.29,54.13,54.17,1472.396
2026-09-09 17:05:00,54.17,54.28,54.07,54.27,2326.217
2026-09-09 17:10:00,54.26,54.42,54.25,54.35,1667.832
2026-09-09 17:15:00,54.36,54.4,54.32,54.37,985.773
2026-09-09 17:20:00,54.37,54.48,54.34,54.48,1164.27
2026-09-09 17:25:00,54.48,54.57,54.47,54.51,2869.301
2026-09-09 17:30:00,54.51,54.54,54.37,54.42,1012.418
2026-09-09 17:35:00,54.41,54.53,54.41,54.44,1003.954
2026-09-09 17:40:00,54.44,54.53,54.38,54.51,1506.5
2026-09-09 17:45:00,54.51,54.52,54.42,54.52,789.579
2026-09-09 17:50:00,54.52,54.53,54.44,54.46,774.533
2026-09-09 17:55:00,54.45,54.46,54.36,54.38,287.419
2026-09-09 18:00:00,54.38,54.44,54.28,54.33,629.598
2026-09-09 18:05:00,54.33,54.42,54.26,54.31,274.433
2026-09-09 18:10:00,54.3,54.31,54.27,54.29,569.158
2026-09-09 18:15:00,54.28,54.33,54.25,54.25,310.753
2026-09-09 18:20:00,54.25,54.32,54.24,54.32,653.502
2026-09-09 18:25:00,54.31,54.32,54.19,54.19,1073.88
2026-09-09 18:30:00,54.19,54.26,54.15,54.21,418.808
2026-09-09 18:35:00,54.22,54.26,54.17,54.18,399.428
2026-09-09 18:40:00,54.19,54.25,54.18,54.23,680.88
2026-09-09 18:45:00,54.22,54.23,54.11,54.17,1007.946
2026-09-09 18:50:00,54.17,54.2,54.1,54.11,437.011
2026-09-09 18:55:00,54.1,54.22,54.08,54.14,728.789
2026-09-09 19:00:00,54.14,54.18,54.0,54.02,707.066
2026-09-09 19:05:00,54.03,54.06,53.97,54.0,1223.123
2026-09-09 19:10:00,54.0,54.06,54.0,54.05,874.6
2026-09-09 19:15:00,54.05,54.06,53.95,53.98,1504.008
2026-09-09 19:20:00,53.98,53.98,53.89,53.89,844.935
2026-09-09 19:25:00,53.89,53.9,53.79,53.83,475.991
2026-09-09 19:30:00,53.82,53.89,53.73,53.87,1388.828
2026-09-09 19:35:00,53.87,53.87,53.68,53.71,624.235
2026-09-09 19:40:00,53.71,53.81,53.7,53.75,761.51
2026-09-09 19:45:00,53.76,53.81,53.66,53.66,3135.099
2026-09-09 19:50:00,53.66,53.67,53.44,53.53,2645.624
2026-09-09 19:55:00,53.52,53.55,53.47,53.52,1007.946
2026-09-09 20:00:00,53.53,53.61,53.49,53.49,982.432
2026-09-09 20:05:00,53.48,53.63,53.47,53.62,1158.363
2026-09-09 20:10:00,53.62,53.65,53.54,53.57,644.94
2026-09-09 20:15:00,53.56,53.78,53.56,53.65,1061.318
2026-09-09 20:20:00,53.64,53.67,53.43,53.56,917.416
2026-09-09 20:25:00,53.56,53.57,53.26,53.41,4735.619
2026-09-09 20:30:00,53.4,53.64,53.4,53.6,1067.41
2026-09-09 20:35:00,53.59,53.74,53.58,53.66,968.579
2026-09-09 20:40:00,53.65,53.69,53.53,53.58,2279.057
2026-09-09 20:45:00,53.57,53.63,53.39,53.42,1411.595
2026-09-09 20:50:00,53.43,53.6,53.41,53.5,1444.008
2026-09-09 20:55:00,53.5,53.74,53.5,53.72,445.426
2026-09-09 21:00:00,53.72,53.72,53.6,53.64,1360.418
2026-09-09 21:05:00,53.64,53.68,53.56,53.57,3216.832
2026-09-09 21:10:00,53.58,53.64,53.5,53.58,1146.24
2026-09-09 21:15:00,53.59,53.6,53.43,53.47,416.413
2026-09-09 21:20:00,53.46,53.62,53.41,53.61,300.025
2026-09-09 21:25:00,53.61,53.73,53.61,53.69,431.706
2026-09-09 21:30:00,53.7,53.7,53.5,53.5,239.21
2026-09-09 21:35:00,53.51,53.51,53.33,53.39,1020.919
2026-09-09 21:40:00,53.39,53.45,53.34,53.37,811.585
2026-09-09 21:45:00,53.36,53.38,53.2,53.23,1375.198
2026-09-09 21:50:00,53.22,53.37,53.08,53.37,2713.826
2026-09-09 21:55:00,53.37,53.41,53.29,53.4,519.917
2026-09-09 22:00:00,53.41,53.49,53.24,53.27,1028.506
2026-09-09 22:05:00,53.26,53.26,52.43,52.88,9773.31
2026-09-09 22:10:00,52.89,53.17,52.89,53.06,3157.275
2026-09-09 22:15:00,53.05,53.22,53.03,53.21,2874.934
2026-09-09 22:20:00,53.21,53.23,53.14,53.22,1904.527
2026-09-09 22:25:00,53.23,53.31,53.21,53.25,510.948
2026-09-09 22:30:00,53.25,53.26,52.93,53.03,4123.278
2026-09-09 22:35:00,53.03,53.05,52.82,52.96,4190.533
2026-09-09 22:40:00,52.96,52.97,52.87,52.94,1713.811
2026-09-09 22:45:00,52.95,52.95,52.87,52.88,765.288
2026-09-09 22:50:00,52.87,52.9,52.78,52.81,778.644
2026-09-09 22:55:00,52.81,52.82,52.66,52.69,2038.318
2026-09-09 23:00:00,52.68,52.95,52.68,52.95,1706.059
2026-09-09 23:05:00,52.95,53.03,52.95,53.02,528.884
2026-09-09 23:10:00,53.01,53.03,52.95,52.99,472.247
2026-09-09 23:15:00,52.98,53.02,52.92,53.02,713.246
2026-09-09 23:20:00,53.01,53.05,52.96,53.01,337.114
2026-09-09 23:25:00,53.02,53.11,53.02,53.1,347.848
2026-09-09 23:30:00,53.11,53.11,53.06,53.09,548.914
2026-09-09 23:35:00,53.09,53.12,53.08,53.1,326.641
2026-09-09 23:40:00,53.1,53.11,53.07,53.08,326.326
2026-09-09 23:45:00,53.07,53.13,53.07,53.13,599.932
2026-09-09 23:50:00,53.12,53.16,53.12,53.16,288.722
2026-09-09 23:55:00,53.15,53.22,53.12,53.2,380.627
2026-09-10 00:00:00,53.19,53.25,53.17,53.24,558.409
2026-09-10 00:05:00,53.25,53.28,53.19,53.22,765.371
2026-09-10 00:10:00,53.23,53.31,53.18,53.2,258.522
2026-09-10 00:15:00,53.2,53.22,53.14,53.15,561.476
2026-09-10 00:20:00,53.15,53.28,53.13,53.24,293.951
2026-09-10 00:25:00,53.23,53.23,53.17,53.2,610.421
2026-09-10 00:30:00,53.19,53.19,53.05,53.18,604.857
2026-09-10 00:35:00,53.19,53.3,53.16,53.19,1212.924
2026-09-10 00:40:00,53.19,53.19,53.09,53.11,403.008
2026-09-10 00:45:00,53.11,53.24,53.04,53.13,1083.279
2026-09-10 00:50:00,53.12,53.2,53.07,53.11,1230.794
2026-09-10 00:55:00,53.11,53.11,52.93,53.02,2775.484
2026-09-10 01:00:00,53.01,53.23,53.01,53.23,2163.839
2026-09-10 01:05:00,53.23,53.41,53.21,53.31,3024.571
2026-09-10 01:10:00,53.3,53.31,53.11,53.14,1114.955
2026-09-10 01:15:00,53.14,53.17,53.01,53.11,1142.749
2026-09-10 01:20:00,53.11,53.13,52.93,53.06,1611.549
2026-09-10 01:25:00,53.06,53.06,52.89,52.91,289.568
2026-09-10 01:30:00,52.91,52.96,52.31,52.73,13051.7
2026-09-10 01:35:00,52.73,52.79,52.63,52.65,1599.144
2026-09-10 01:40:00,52.65,52.94,52.65,52.75,3179.621
2026-09-10 01:45:00,52.75,52.86,52.67,52.8,797.584
2026-09-10 01:50:00,52.8,52.83,52.65,52.68,864.685
2026-09-10 01:55:00,52.67,52.77,52.59,52.71,2409.709
2026-09-10 02:00:00,52.71,52.75,52.66,52.67,1229.101
2026-09-10 02:05:00,52.67,52.77,52.64,52.71,344.801
2026-09-10 02:10:00,52.71,52.73,52.65,52.73,628.839
2026-09-10 02:15:00,52.73,52.78,52.67,52.72,489.016
2026-09-10 02:20:00,52.72,52.78,52.68,52.68,338.502
2026-09-10 02:25:00,52.67,52.71,52.67,52.71,333.254
2026-09-10 02:30:00,52.71,52.83,52.68,52.83,333.006
2026-09-10 02:35:00,52.84,52.99,52.83,52.92,261.69
2026-09-10 02:40:00,52.92,53.01,52.92,52.97,1056.565
2026-09-10 02:45:00,52.96,52.99,52.95,52.99,502.266
2026-09-10 02:50:00,52.99,53.04,52.97,53.04,305.319
2026-09-10 02:55:00,53.04,53.05,52.99,53.02,796.674
2026-09-10 03:00:00,53.02,53.05,52.96,53.01,1921.26
2026-09-10 03:05:00,53.0,53.0,52.96,52.98,277.665
2026-09-10 03:10:00,52.98,53.0,52.95,52.96,463.784
2026-09-10 03:15:00,52.96,52.97,52.93,52.97,472.697
2026-09-10 03:20:00,52.97,53.02,52.95,52.95,1531.404
2026-09-10 03:25:00,52.95,52.97,52.79,52.94,1358.066
2026-09-10 03:30:00,52.94,53.01,52.77,52.92,3586.497
2026-09-10 03:35:00,52.92,52.92,52.78,52.87,1779.341
2026-09-10 03:40:00,52.87,52.96,52.86,52.91,1272.655
2026-09-10 03:45:00,52.91,53.01,52.9,52.97,439.773
2026-09-10 03:50:00,52.96,52.96,52.81,52.84,1250.826
2026-09-10 03:55:00,52.83,52.85,52.77,52.82,1295.049
2026-09-10 04:00:00,52.81,52.86,52.79,52.85,1073.41
2026-09-10 04:05:00,52.86,52.9,52.86,52.89,3316.782
2026-09-10 04:10:00,52.89,52.89,52.84,52.87,286.618
2026-09-10 04:15:00,52.87,52.96,52.86,52.96,709.007
2026-09-10 04:20:00,52.95,52.98,52.88,52.9,498.911
2026-09-10 04:25:00,52.9,52.98,52.89,52.91,540.83
2026-09-10 04:30:00,52.91,52.94,52.87,52.93,447.932
2026-09-10 04:35:00,52.93,52.94,52.84,52.87,387.415
2026-09-10 04:40:00,52.87,52.88,52.79,52.82,2002.816
2026-09-10 04:45:00,52.82,52.87,52.77,52.85,1451.117
2026-09-10 04:50:00,52.85,52.86,52.75,52.78,763.618
2026-09-10 04:55:00,52.77,52.77,52.65,52.72,3225.022
2026-09-10 05:00:00,52.71,52.83,52.62,52.64,587.762
2026-09-10 05:05:00,52.64,52.7,52.57,52.7,1103.315
2026-09-10 05:10:00,52.69,52.92,52.69,52.91,1560.28
2026-09-10 05:15:00,52.9,52.9,52.75,52.78,1114.028
2026-09-10 05:20:00,52.78,52.79,52.74,52.77,460.901
2026-09-10 05:25:00,52.77,52.88,52.74,52.86,540.974
2026-09-10 05:30:00,52.86,52.89,52.78,52.86,642.546
2026-09-10 05:35:00,52.87,52.92,52.83,52.85,864.432
2026-09-10 05:40:00,52.84,52.84,52.77,52.83,553.463
2026-09-10 05:45:00,52.83,52.89,52.82,52.85,465.82
2026-09-10 05:50:00,52.85,52.89,52.83,52.88,634.196
2026-09-10 05:55:00,52.88,52.91,52.85,52.89,313.385
2026-09-10 06:00:00,52.9,52.9,52.84,52.84,322.094
2026-09-10 06:05:00,52.84,52.87,52.8,52.81,297.566
2026-09-10 06:10:00,52.8,52.8,52.68,52.69,448.231
2026-09-10 06:15:00,52.68,52.68,52.59,52.66,403.859
2026-09-10 06:20:00,52.66,52.66,52.58,52.61,595.403
2026-09-10 06:25:00,52.62,52.67,52.59,52.67,393.85
2026-09-10 06:30:00,52.68,52.7,52.58,52.63,759.77
2026-09-10 06:35:00,52.62,52.69,52.59,52.69,1466.689
2026-09-10 06:40:00,52.69,52.72,52.62,52.63,262.044
2026-09-10 06:45:00,52.63,52.85,52.63,52.85,543.211
2026-09-10 06:50:00,52.84,52.95,52.84,52.89,711.527
2026-09-10 06:55:00,52.89,52.9,52.81,52.83,301.708
2026-09-10 07:00:00,52.84,52.84,52.59,52.62,549.275
2026-09-10 07:05:00,52.61,52.63,52.51,52.58,1470.612
2026-09-10 07:10:00,52.59,52.66,52.58,52.61,1013.732
2026-09-10 07:15:00,52.61,52.61,52.51,52.55,773.57
2026-09-10 07:20:00,52.55,52.55,52.46,52.46,464.646
2026-09-10 07:25:00,52.47,52.49,52.4,52.41,587.208
2026-09-10 07:30:00,52.4,52.4,52.26,52.29,2927.855
2026-09-10 07:35:00,52.29,52.34,52.27,52.28,1043.578
2026-09-10 07:40:00,52.28,52.39,52.25,52.37,1217.023
2026-09-10 07:45:00,52.38,52.48,52.36,52.46,640.298
2026-09-10 07:50:00,52.46,52.55,52.46,52.47,772.708
2026-09-10 07:55:00,52.48,52.48,52.38,52.44,450.779
2026-09-10 08:00:00,52.43,52.46,52.31,52.35,888.241
2026-09-10 08:05:00,52.35,52.44,52.3,52.4,1047.167
2026-09-10 08:10:00,52.39,52.43,52.35,52.39,1051.774
2026-09-10 08:15:00,52.39,52.41,52.34,52.37,1678.641
2026-09-10 08:20:00,52.37,52.51,52.36,52.49,335.73
2026-09-10 08:25:00,52.49,52.55,52.42,52.52,1746.078
2026-09-10 08:30:00,52.52,52.58,52.4,52.5,1998.571
2026-09-10 08:35:00,52.5,52.51,52.45,52.49,944.388
2026-09-10 08:40:00,52.48,52.51,52.41,52.46,900.357
2026-09-10 08:45:00,52.46,52.49,52.43,52.47,565.544
2026-09-10 08:50:00,52.46,52.48,52.43,52.45,381.81
2026-09-10 08:55:00,52.44,52.45,52.37,52.43,318.383
2026-09-10 09:00:00,52.43,52.52,52.42,52.49,554.688
2026-09-10 09:05:00,52.48,52.51,52.39,52.39,387.48
2026-09-10 09:10:00,52.39,52.47,52.38,52.47,303.313
2026-09-10 09:15:00,52.46,52.53,52.42,52.5,399.836
2026-09-10 09:20:00,52.51,52.54,52.47,52.52,331.964
2026-09-10 09:25:00,52.52,52.56,52.48,52.53,639.095
2026-09-10 09:30:00,52.52,52.52,52.32,52.43,960.739
2026-09-10 09:35:00,52.42,52.42,52.29,52.31,458.406
2026-09-10 09:40:00,52.31,52.31,52.19,52.29,1140.756
2026-09-10 09:45:00,52.3,52.35,52.22,52.35,276.07
2026-09-10 09:50:00,52.35,52.43,52.31,52.39,1015.628
2026-09-10 09:55:00,52.4,52.41,52.34,52.4,678.631
2026-09-10 10:00:00,52.4,52.49,52.35,52.42,759.875
2026-09-10 10:05:00,52.42,52.48,52.36,52.37,882.538
2026-09-10 10:10:00,52.37,52.45,52.36,52.43,969.359
2026-09-10 10:15:00,52.42,52.43,52.37,52.42,235.062
2026-09-10 10:20:00,52.41,52.43,52.35,52.36,397.12
2026-09-10 10:25:00,52.36,52.4,52.34,52.37,359.221
2026-09-10 10:30:00,52.36,52.37,52.23,52.25,982.86
2026-09-10 10:35:00,52.25,52.41,52.25,52.39,997.022
2026-09-10 10:40:00,52.4,52.43,52.38,52.4,375.872
2026-09-10 10:45:00,52.4,52.44,52.37,52.4,412.632
2026-09-10 10:50:00,52.41,52.41,52.35,52.35,1023.65
2026-09-10 10:55:00,52.36,52.48,52.27,52.28,2983.085
2026-09-10 11:00:00,52.27,52.29,52.13,52.19,1093.594
2026-09-10 11:05:00,52.2,52.29,52.11,52.24,5401.276
2026-09-10 11:10:00,52.24,52.34,52.23,52.34,233.345
2026-09-10 11:15:00,52.33,52.46,52.32,52.33,457.452
2026-09-10 11:20:00,52.33,52.36,52.29,52.32,550.932
2026-09-10 11:25:00,52.31,52.32,52.26,52.27,624.395
2026-09-10 11:30:00,52.27,52.35,52.27,52.29,875.339
2026-09-10 11:35:00,52.29,52.3,52.17,52.29,846.386
2026-09-10 11:40:00,52.29,52.34,52.24,52.27,945.774
2026-09-10 11:45:00,52.28,52.34,52.21,52.29,1221.591
2026-09-10 11:50:00,52.29,52.29,52.18,52.23,1013.955
2026-09-10 11:55:00,52.23,52.25,52.15,52.22,942.821
2026-09-10 12:00:00,52.21,52.29,52.18,52.2,1124.919
2026-09-10 12:05:00,52.2,52.27,52.18,52.18,1760.228
2026-09-10 12:10:00,52.19,52.22,52.18,52.21,715.193
2026-09-10 12:15:00,52.21,52.22,52.16,52.18,780.378
2026-09-10 12:20:00,52.18,52.26,52.15,52.24,1085.518
2026-09-10 12:25:00,52.24,52.49,52.24,52.46,2404.992
2026-09-10 12:30:00,52.47,52.57,52.1,52.17,5846.923
2026-09-10 12:35:00,52.17,52.38,52.03,52.11,2509.8
2026-09-10 12:40:00,52.11,52.26,52.08,52.2,1602.365
2026-09-10 12:45:00,52.2,52.24,51.62,52.08,7987.844
2026-09-10 12:50:00,52.08,52.17,51.85,51.89,4453.694
2026-09-10 12:55:00,51.88,51.89,51.74,51.84,3809.461
2026-09-10 13:00:00,51.84,52.14,51.8,52.07,4153.791
2026-09-10 13:05:00,52.06,52.1,51.96,52.03,1323.1
2026-09-10 13:10:00,52.03,52.1,51.81,51.89,2715.769
2026-09-10 13:15:00,51.89,51.98,51.86,51.89,2232.543
2026-09-10 13:20:00,51.88,52.22,51.88,52.08,1641.272
2026-09-10 13:25:00,52.07,52.21,52.03,52.17,1915.855
2026-09-10 13:30:00,52.16,52.2,52.04,52.16,3175.466
2026-09-10 13:35:00,52.15,52.34,52.11,52.33,2330.906
2026-09-10 13:40:00,52.33,52.47,52.3,52.36,2786.15
2026-09-10 13:45:00,52.36,52.48,52.31,52.45,1644.017
2026-09-10 13:50:00,52.45,52.49,52.2,52.39,2836.728
2026-09-10 13:55:00,52.39,52.59,52.38,52.42,3117.15
2026-09-10 14:00:00,52.43,52.55,52.43,52.5,1667.614
2026-09-10 14:05:00,52.51,52.55,52.35,52.38,2317.641
2026-09-10 14:10:00,52.39,52.46,52.26,52.27,1345.029
2026-09-10 14:15:00,52.28,52.28,52.07,52.22,3556.246
2026-09-10 14:20:00,52.22,52.49,52.18,52.39,2470.675
2026-09-10 14:25:00,52.39,52.49,52.33,52.41,1541.05
2026-09-10 14:30:00,52.41,52.49,52.37,52.45,943.362
2026-09-10 14:35:00,52.45,52.53,52.43,52.48,817.441
2026-09-10 14:40:00,52.47,52.57,52.45,52.45,1125.326
2026-09-10 14:45:00,52.46,52.55,52.39,52.4,715.011
2026-09-10 14:50:00,52.39,52.44,52.33,52.43,1027.321
2026-09-10 14:55:00,52.44,52.45,52.37,52.4,896.978
2026-09-10 15:00:00,52.39,52.39,52.16,52.18,3675.69
2026-09-10 15:05:00,52.17,52.33,52.17,52.27,906.314
2026-09-10 15:10:00,52.28,52.35,52.24,52.28,540.039
2026-09-10 15:15:00,52.28,52.32,52.15,52.16,904.497
2026-09-10 15:20:00,52.17,52.18,52.05,52.17,1066.306
2026-09-10 15:25:00,52.18,52.18,52.06,52.07,701.984
2026-09-10 15:30:00,52.07,52.22,52.06,52.18,618.343
2026-09-10 15:35:00,52.19,52.34,52.18,52.24,1698.77
2026-09-10 15:40:00,52.23,52.23,52.1,52.15,1016.599
2026-09-10 15:45:00,52.16,52.25,52.12,52.19,1596.73
2026-09-10 15:50:00,52.19,52.22,52.11,52.11,962.824
2026-09-10 15:55:00,52.12,52.24,52.08,52.24,1437.752
2026-09-10 16:00:00,52.24,52.28,52.03,52.04,1548.763
2026-09-10 16:05:00,52.03,52.17,51.96,51.96,1041.426
2026-09-10 16:10:00,51.97,52.07,51.91,51.98,1580.953
2026-09-10 16:15:00,51.98,52.0,51.77,51.78,1334.983
2026-09-10 16:20:00,51.79,52.0,51.79,51.92,1156.706
2026-09-10 16:25:00,51.91,51.92,51.83,51.88,991.978
2026-09-10 16:30:00,51.88,51.93,51.72,51.75,2804.768
2026-09-10 16:35:00,51.74,51.95,51.65,51.94,800.635
2026-09-10 16:40:00,51.94,51.99,51.8,51.98,4565.339
2026-09-10 16:45:00,51.98,52.25,51.98,52.15,1663.706
2026-09-10 16:50:00,52.15,52.24,52.09,52.19,1701.875
2026-09-10 16:55:00,52.18,52.28,52.16,52.27,828.503
2026-09-10 17:00:00,52.27,52.27,52.18,52.24,888.103
2026-09-10 17:05:00,52.24,52.36,52.24,52.3,650.607
2026-09-10 17:10:00,52.31,52.39,52.31,52.34,943.661
2026-09-10 17:15:00,52.33,52.33,52.24,52.27,792.155
2026-09-10 17:20:00,52.28,52.41,52.24,52.4,919.545
2026-09-10 17:25:00,52.4,52.43,52.28,52.41,744.628
2026-09-10 17:30:00,52.4,52.5,52.38,52.46,889.819
2026-09-10 17:35:00,52.46,52.55,52.29,52.3,1358.512
2026-09-10 17:40:00,52.29,52.35,52.26,52.33,938.664
2026-09-10 17:45:00,52.34,52.38,52.24,52.36,594.242
2026-09-10 17:50:00,52.36,52.44,52.33,52.43,615.572
2026-09-10 17:55:00,52.44,52.45,52.33,52.34,518.56
2026-09-10 18:00:00,52.34,52.38,52.17,52.19,786.645
2026-09-10 18:05:00,52.18,52.25,52.06,52.09,1196.13
2026-09-10 18:10:00,52.09,52.12,52.04,52.05,486.406
2026-09-10 18:15:00,52.05,52.11,52.01,52.05,1028.938
2026-09-10 18:20:00,52.05,52.22,52.04,52.18,1013.995
2026-09-10 18:25:00,52.19,52.21,52.16,52.2,488.107
2026-09-10 18:30:00,52.19,52.19,52.11,52.18,465.419
2026-09-10 18:35:00,52.17,52.21,52.12,52.18,565.424
2026-09-10 18:40:00,52.18,52.27,52.16,52.25,614.869
2026-09-10 18:45:00,52.25,52.34,52.23,52.31,679.45
2026-09-10 18:50:00,52.31,52.47,52.25,52.46,788.379
2026-09-10 18:55:00,52.46,52.5,52.36,52.44,761.263
2026-09-10 19:00:00,52.43,52.43,52.34,52.36,1060.233
2026-09-10 19:05:00,52.35,52.35,52.29,52.31,503.961
2026-09-10 19:10:00,52.32,52.36,52.28,52.34,752.711
2026-09-10 19:15:00,52.34,52.35,52.28,52.3,584.388
2026-09-10 19:20:00,52.31,52.44,52.31,52.44,1266.447
2026-09-10 19:25:00,52.44,52.48,52.38,52.41,1364.059
2026-09-10 19:30:00,52.41,52.41,52.3,52.35,471.074
2026-09-10 19:35:00,52.35,52.43,52.24,52.26,1312.732
2026-09-10 19:40:00,52.25,52.35,52.25,52.32,1130.71
2026-09-10 19:45:00,52.32,52.33,52.22,52.27,489.616
2026-09-10 19:50:00,52.28,52.29,52.18,52.2,1554.345
2026-09-10 19:55:00,52.2,52.22,52.13,52.14,407.988
2026-09-10 20:00:00,52.14,52.26,52.13,52.15,1668.468
2026-09-10 20:05:00,52.15,52.23,52.11,52.23,1403.171
2026-09-10 20:10:00,52.23,52.41,52.2,52.4,877.449
2026-09-10 20:15:00,52.41,52.44,52.37,52.41,1197.897
2026-09-10 20:20:00,52.42,52.45,52.32,52.34,1154.47
2026-09-10 20:25:00,52.34,52.43,52.34,52.41,431.578
2026-09-10 20:30:00,52.42,52.43,52.36,52.4,354.61
2026-09-10 20:35:00,52.4,52.4,52.34,52.38,311.67
2026-09-10 20:40:00,52.38,52.42,52.36,52.41,518.864
2026-09-10 20:45:00,52.4,52.42,52.36,52.42,220.358
2026-09-10 20:50:00,52.42,52.42,52.34,52.37,492.869
2026-09-10 20:55:00,52.38,52.38,52.33,52.36,365.708
2026-09-10 21:00:00,52.35,52.38,52.31,52.32,524.107
2026-09-10 21:05:00,52.32,52.43,52.3,52.42,214.08
2026-09-10 21:10:00,52.42,52.45,52.41,52.42,286.965
2026-09-10 21:15:00,52.42,52.43,52.35,52.35,168.173
2026-09-10 21:20:00,52.35,52.38,52.34,52.37,275.154
2026-09-10 21:25:00,52.36,52.39,52.33,52.38,307.068
2026-09-10 21:30:00,52.39,52.39,52.34,52.37,261.605
2026-09-10 21:35:00,52.38,52.38,52.3,52.33,218.617
2026-09-10 21:40:00,52.33,52.34,52.3,52.33,350.914
2026-09-10 21:45:00,52.33,52.42,52.32,52.41,257.15
2026-09-10 21:50:00,52.41,52.42,52.38,52.39,249.791
2026-09-10 21:55:00,52.39,52.42,52.34,52.39,552.138
2026-09-10 22:00:00,52.4,52.44,52.34,52.44,464.77
2026-09-10 22:05:00,52.44,52.5,52.38,52.49,360.23
2026-09-10 22:10:00,52.5,52.52,52.44,52.48,686.958
2026-09-10 22:15:00,52.48,52.58,52.47,52.57,370.16
2026-09-10 22:20:00,52.58,52.67,52.57,52.59,1415.478
2026-09-10 22:25:00,52.59,52.59,52.51,52.52,579.846
2026-09-10 22:30:00,52.53,52.53,52.35,52.43,643.807
2026-09-10 22:35:00,52.43,52.46,52.35,52.38,670.533
2026-09-10 22:40:00,52.38,52.38,52.31,52.35,231.284
2026-09-10 22:45:00,52.35,52.51,52.35,52.5,272.187
2026-09-10 22:50:00,52.5,52.51,52.38,52.44,634.846
2026-09-10 22:55:00,52.44,52.47,52.35,52.35,1028.836
2026-09-10 23:00:00,52.36,52.45,52.23,52.28,912.921
2026-09-10 23:05:00,52.27,52.36,52.16,52.28,1334.256
2026-09-10 23:10:00,52.27,52.33,52.02,52.05,1511.694
2026-09-10 23:15:00,52.05,52.14,51.98,52.07,1406.883
2026-09-10 23:20:00,52.08,52.23,52.07,52.09,704.664
2026-09-10 23:25:00,52.09,52.2,52.08,52.13,626.943
2026-09-10 23:30:00,52.13,52.22,52.12,52.2,390.073
2026-09-10 23:35:00,52.19,52.25,52.15,52.21,732.932
2026-09-10 23:40:00,52.22,52.25,52.19,52.24,402.572
2026-09-10 23:45:00,52.24,52.24,52.17,52.21,792.624
2026-09-10 23:50:00,52.21,52.21,52.1,52.12,444.786
2026-09-10 23:55:00,52.12,52.14,52.1,52.12,370.042
2026-09-11 00:00:00,52.12,52.28,52.12,52.25,1459.018
2026-09-11 00:05:00,52.25,52.36,52.2,52.36,458.003
2026-09-11 00:10:00,52.36,52.42,52.34,52.37,1124.088
2026-09-11 00:15:00,52.37,52.4,52.29,52.35,1885.162
2026-09-11 00:20:00,52.36,53.0,52.32,52.54,6601.336
2026-09-11 00:25:00,52.53,52.55,52.42,52.49,1790.131
2026-09-11 00:30:00,52.48,52.52,52.34,52.49,1043.608
2026-09-11 00:35:00,52.48,52.51,52.36,52.41,1366.925
2026-09-11 00:40:00,52.4,52.47,52.39,52.42,227.272
2026-09-11 00:45:00,52.42,52.48,52.36,52.38,813.647
2026-09-11 00:50:00,52.37,52.61,52.35,52.61,972.327
2026-09-11 00:55:00,52.6,52.66,52.6,52.61,1778.787
2026-09-11 01:00:00,52.62,52.73,52.57,52.73,1135.239
2026-09-11 01:05:00,52.72,52.77,52.7,52.75,886.907
2026-09-11 01:10:00,52.76,53.0,52.75,52.82,4740.793
2026-09-11 01:15:00,52.82,52.83,52.76,52.78,1211.447
2026-09-11 01:20:00,52.78,52.81,52.65,52.77,818.786
2026-09-11 01:25:00,52.78,52.78,52.65,52.65,835.99
2026-09-11 01:30:00,52.64,52.66,52.51,52.63,1091.093
2026-09-11 01:35:00,52.63,52.74,52.61,52.65,2121.802
2026-09-11 01:40:00,52.65,52.74,52.55,52.74,871.116
2026-09-11 01:45:00,52.75,52.82,52.63,52.8,920.418
2026-09-11 01:50:00,52.81,52.91,52.8,52.85,1360.728
2026-09-11 01:55:00,52.84,52.85,52.76,52.82,881.187
2026-09-11 02:00:00,52.82,52.86,52.74,52.86,490.609
2026-09-11 02:05:00,52.86,52.9,52.79,52.83,1425.416
2026-09-11 02:10:00,52.82,52.86,52.78,52.8,526.608
2026-09-11 02:15:00,52.79,52.79,52.73,52.75,512.899
2026-09-11 02:20:00,52.74,52.76,52.66,52.67,547.856
2026-09-11 02:25:00,52.67,52.67,52.52,52.59,832.02
2026-09-11 02:30:00,52.59,52.63,52.57,52.62,418.539
2026-09-11 02:35:00,52.63,52.81,52.61,52.81,303.532
2026-09-11 02:40:00,52.81,52.87,52.75,52.8,603.62
2026-09-11 02:45:00,52.8,52.82,52.74,52.82,344.308
2026-09-11 02:50:00,52.82,52.85,52.74,52.8,831.272
2026-09-11 02:55:00,52.81,52.86,52.78,52.83,303.022
2026-09-11 03:00:00,52.83,52.87,52.77,52.79,488.643
2026-09-11 03:05:00,52.79,52.79,52.72,52.74,571.433
2026-09-11 03:10:00,52.74,52.83,52.69,52.82,607.444
2026-09-11 03:15:00,52.83,52.84,52.72,52.78,892.018
2026-09-11 03:20:00,52.78,52.79,52.69,52.73,618.784
2026-09-11 03:25:00,52.73,52.88,52.71,52.87,772.887
2026-09-11 03:30:00,52.86,52.89,52.77,52.83,1690.186
2026-09-11 03:35:00,52.82,52.95,52.76,52.94,2825.497
2026-09-11 03:40:00,52.94,52.98,52.91,52.96,887.57
2026-09-11 03:45:00,52.97,53.05,52.88,52.9,940.183
2026-09-11 03:50:00,52.91,53.03,52.91,53.02,631.005
2026-09-11 03:55:00,53.02,53.11,53.0,53.09,1053.863
2026-09-11 04:00:00,53.09,53.12,53.03,53.12,429.422
2026-09-11 04:05:00,53.12,53.12,52.98,53.0,483.894
2026-09-11 04:10:00,53.0,53.07,52.95,53.07,768.996
2026-09-11 04:15:00,53.06,53.11,53.04,53.08,990.788
2026-09-11 04:20:00,53.08,53.21,53.05,53.2,978.24
2026-09-11 04:25:00,53.2,53.23,53.08,53.09,829.91
2026-09-11 04:30:00,53.09,53.1,52.87,52.91,1078.073
2026-09-11 04:35:00,52.91,52.98,52.89,52.96,608.226
2026-09-11 04:40:00,52.95,52.96,52.91,52.95,921.881
2026-09-11 04:45:00,52.94,52.94,52.79,52.85,1234.849
2026-09-11 04:50:00,52.85,52.92,52.77,52.83,1681.592
2026-09-11 04:55:00,52.84,52.85,52.82,52.82,480.156
2026-09-11 05:00:00,52.82,52.84,52.77,52.82,468.307
2026-09-11 05:05:00,52.82,52.88,52.82,52.88,299.734
2026-09-11 05:10:00,52.87,52.96,52.87,52.94,586.803
2026-09-11 05:15:00,52.94,52.94,52.89,52.89,258.131
2026-09-11 05:20:00,52.89,52.89,52.78,52.82,379.227
2026-09-11 05:25:00,52.82,52.87,52.79,52.85,634.716
2026-09-11 05:30:00,52.84,52.9,52.65,52.72,2324.201
2026-09-11 05:35:00,52.72,52.81,52.72,52.8,930.041
2026-09-11 05:40:00,52.79,52.83,52.77,52.83,316.964
2026-09-11 05:45:00,52.82,52.87,52.8,52.84,247.646
2026-09-11 05:50:00,52.85,52.92,52.84,52.91,414.825
2026-09-11 05:55:00,52.92,52.93,52.91,52.92,104.114
2026-09-11 06:00:00,52.93,53.11,52.93,53.07,3592.379
2026-09-11 06:05:00,53.06,53.16,53.05,53.16,650.188
2026-09-11 06:10:00,53.15,53.18,53.11,53.17,754.257
2026-09-11 06:15:00,53.16,53.18,53.11,53.12,505.52
2026-09-11 06:20:00,53.11,53.16,53.1,53.14,871.19
2026-09-11 06:25:00,53.14,53.16,53.09,53.14,586.777
2026-09-11 06:30:00,53.12,53.15,53.02,53.05,691.875
2026-09-11 06:35:00,53.05,53.15,53.05,53.15,445.613
2026-09-11 06:40:00,53.15,53.15,52.92,52.97,1933.133
2026-09-11 06:45:00,52.96,53.02,52.94,53.0,634.713
2026-09-11 06:50:00,53.01,53.01,52.86,52.89,1588.711
2026-09-11 06:55:00,52.9,52.99,52.9,52.99,580.027
2026-09-11 07:00:00,52.99,53.05,52.99,53.05,662.166
2026-09-11 07:05:00,53.04,53.11,53.04,53.11,277.712
2026-09-11 07:10:00,53.11,53.14,53.09,53.09,436.452
2026-09-11 07:15:00,53.1,53.18,53.08,53.17,397.339
2026-09-11 07:20:00,53.17,53.34,53.16,53.31,1271.359
2026-09-11 07:25:00,53.3,53.31,53.25,53.31,683.323
2026-09-11 07:30:00,53.3,53.31,53.22,53.23,1207.659
2026-09-11 07:35:00,53.23,53.28,53.21,53.22,897.904
2026-09-11 07:40:00,53.23,53.26,53.12,53.14,1436.745
2026-09-11 07:45:00,53.13,53.21,53.07,53.07,1776.039
2026-09-11 07:50:00,53.07,53.15,53.06,53.14,1160.729
2026-09-11 07:55:00,53.15,53.2,53.1,53.11,699.682
2026-09-11 08:00:00,53.11,53.19,53.1,53.13,516.992
2026-09-11 08:05:00,53.13,53.13,52.99,53.0,714.344
2026-09-11 08:10:00,53.0,53.13,52.99,53.12,572.118
2026-09-11 08:15:00,53.12,53.22,53.11,53.16,517.453
2026-09-11 08:20:00,53.16,53.28,53.09,53.21,919.224
2026-09-11 08:25:00,53.21,53.22,53.09,53.13,539.142
2026-09-11 08:30:00,53.13,53.23,53.12,53.17,949.866
2026-09-11 08:35:00,53.17,53.2,53.14,53.15,269.163
2026-09-11 08:40:00,53.15,53.17,53.12,53.14,442.218
2026-09-11 08:45:00,53.13,53.13,53.02,53.03,923.213
2026-09-11 08:50:00,53.03,53.08,52.99,53.06,347.961
2026-09-11 08:55:00,53.05,53.14,53.04,53.13,249.486
2026-09-11 09:00:00,53.13,53.13,53.0,53.02,1077.595
2026-09-11 09:05:00,53.02,53.05,52.98,53.0,669.895
2026-09-11 09:10:00,52.99,53.02,52.98,53.0,555.633
2026-09-11 09:15:00,52.99,53.03,52.89,52.93,2632.827
2026-09-11 09:20:00,52.93,52.96,52.91,52.91,332.787
2026-09-11 09:25:00,52.92,52.95,52.91,52.94,350.181
2026-09-11 09:30:00,52.94,52.95,52.84,52.85,347.11
2026-09-11 09:35:00,52.84,52.84,52.52,52.53,3378.301
2026-09-11 09:40:00,52.54,52.55,52.5,52.54,561.34
2026-09-11 09:45:00,52.53,52.58,52.52,52.57,601.857
2026-09-11 09:50:00,52.57,52.62,52.44,52.59,1159.151
2026-09-11 09:55:00,52.59,52.62,52.55,52.59,461.315
2026-09-11 10:00:00,52.58,52.7,52.48,52.69,911.671
2026-09-11 10:05:00,52.69,52.7,52.48,52.48,1120.244
2026-09-11 10:10:00,52.49,52.53,52.45,52.49,1257.898
2026-09-11 10:15:00,52.49,52.51,52.38,52.44,1430.052
2026-09-11 10:20:00,52.43,52.46,52.36,52.39,979.581
2026-09-11 10:25:00,52.39,52.41,52.31,52.35,748.988
2026-09-11 10:30:00,52.35,52.41,52.27,52.36,857.166
2026-09-11 10:35:00,52.37,52.38,52.34,52.34,460.002
2026-09-11 10:40:00,52.34,52.34,52.24,52.25,625.247
2026-09-11 10:45:00,52.25,52.3,52.22,52.26,322.731
2026-09-11 10:50:00,52.26,52.31,52.26,52.29,622.742
2026-09-11 10:55:00,52.29,52.3,52.21,52.21,725.119
2026-09-11 11:00:00,52.22,52.25,52.11,52.13,1009.233
2026-09-11 11:05:00,52.13,52.15,51.97,51.99,1838.207
2026-09-11 11:10:00,51.99,52.08,51.94,52.04,1593.881
2026-09-11 11:15:00,52.04,52.16,52.01,52.15,1231.778
2026-09-11 11:20:00,52.15,52.15,52.04,52.05,1277.358
2026-09-11 11:25:00,52.05,52.17,52.04,52.09,1394.531
2026-09-11 11:30:00,52.1,52.15,52.06,52.08,446.122
2026-09-11 11:35:00,52.08,52.18,52.07,52.17,784.4
2026-09-11 11:40:00,52.18,52.3,52.17,52.28,840.381
2026-09-11 11:45:00,52.29,52.33,52.26,52.32,688.968
2026-09-11 11:50:00,52.32,52.4,52.3,52.37,337.169
2026-09-11 11:55:00,52.37,52.41,52.34,52.39,518.906
2026-09-11 12:00:00,52.38,52.51,52.38,52.44,1124.428
2026-09-11 12:05:00,52.43,52.44,52.35,52.36,693.298
2026-09-11 12:10:00,52.37,52.44,52.34,52.38,1100.351
2026-09-11 12:15:00,52.38,52.47,52.34,52.38,1793.464
2026-09-11 12:20:00,52.39,52.46,52.37,52.39,1116.9
2026-09-11 12:25:00,52.4,52.75,52.36,52.52,3345.234
2026-09-11 12:30:00,52.52,52.95,52.07,52.82,12114.164
2026-09-11 12:35:00,52.83,53.3,52.78,53.26,6231.429
2026-09-11 12:40:00,53.25,53.29,53.11,53.13,2462.566
2026-09-11 12:45:00,53.14,53.31,52.98,53.18,4854.896
2026-09-11 12:50:00,53.18,53.33,53.16,53.26,1781.026
2026-09-11 12:55:00,53.25,53.39,53.24,53.37,3027.668
2026-09-11 13:00:00,53.37,53.38,53.16,53.18,2265.022
2026-09-11 13:05:00,53.18,53.34,53.12,53.12,1494.497
2026-09-11 13:10:00,53.13,53.29,53.13,53.28,881.404
2026-09-11 13:15:00,53.29,53.38,53.25,53.32,1937.54
2026-09-11 13:20:00,53.32,53.59,53.31,53.54,1658.589
2026-09-11 13:25:00,53.54,53.57,53.27,53.34,1686.054
2026-09-11 13:30:00,53.33,53.54,53.18,53.32,1640.456
2026-09-11 13:35:00,53.31,53.35,53.08,53.33,1751.906
2026-09-11 13:40:00,53.34,53.64,53.29,53.55,2265.011
2026-09-11 13:45:00,53.56,53.85,53.46,53.83,3427.359
2026-09-11 13:50:00,53.82,54.01,53.76,53.94,5647.825
2026-09-11 13:55:00,53.95,54.25,53.95,54.22,5803.629
2026-09-11 14:00:00,54.22,54.33,54.03,54.18,7076.522
2026-09-11 14:05:00,54.17,54.19,53.79,53.88,4522.027
2026-09-11 14:10:00,53.88,53.95,53.66,53.9,2676.58
2026-09-11 14:15:00,53.91,54.0,53.84,53.99,1771.24
2026-09-11 14:20:00,53.99,54.08,53.93,54.06,2362.685
2026-09-11 14:25:00,54.06,54.08,53.88,53.92,2335.475
2026-09-11 14:30:00,53.93,53.95,53.75,53.75,1324.622
2026-09-11 14:35:00,53.75,53.82,53.58,53.74,1916.716
2026-09-11 14:40:00,53.75,53.8,53.62,53.74,1813.547
2026-09-11 14:45:00,53.74,53.78,53.44,53.66,1859.499
2026-09-11 14:50:00,53.67,53.82,53.56,53.79,1186.901
2026-09-11 14:55:00,53.81,53.81,53.72,53.74,466.552
2026-09-11 15:00:00,53.76,53.87,53.63,53.87,989.908
2026-09-11 15:05:00,53.88,53.95,53.75,53.77,2544.841
2026-09-11 15:10:00,53.76,53.82,53.69,53.69,1125.438
2026-09-11 15:15:00,53.69,53.77,53.65,53.75,1575.491
2026-09-11 15:20:00,53.74,53.91,53.74,53.91,1869.412
2026-09-11 15:25:00,53.91,54.05,53.88,54.0,916.816
2026-09-11 15:30:00,53.99,54.15,53.95,54.13,1605.109
2026-09-11 15:35:00,54.14,54.21,53.98,54.2,4074.853
2026-09-11 15:40:00,54.19,54.2,54.0,54.0,2031.183
2026-09-11 15:45:00,53.99,54.14,53.95,53.98,2118.868
2026-09-11 15:50:00,53.98,54.0,53.17,53.28,3649.923
2026-09-11 15:55:00,53.27,53.45,53.07,53.34,3533.091
2026-09-11 16:00:00,53.34,53.64,53.31,53.63,1375.572
2026-09-11 16:05:00,53.64,53.78,53.59,53.67,1710.332
2026-09-11 16:10:00,53.68,53.74,53.55,53.63,1112.204
2026-09-11 16:15:00,53.63,53.71,53.45,53.53,2218.225
2026-09-11 16:20:00,53.53,53.59,53.4,53.56,1450.401
2026-09-11 16:25:00,53.57,53.78,53.56,53.69,3393.65
2026-09-11 16:30:00,53.7,53.93,53.61,53.91,1326.127
2026-09-11 16:35:00,53.92,53.95,53.73,53.73,828.858
2026-09-11 16:40:00,53.73,53.9,53.71,53.89,1213.317
2026-09-11 16:45:00,53.89,54.06,53.87,54.01,1215.611
2026-09-11 16:50:00,54.01,54.09,54.0,54.05,797.885
2026-09-11 16:55:00,54.05,54.09,53.98,54.07,831.403
2026-09-11 17:00:00,54.07,54.08,54.0,54.05,985.322
2026-09-11 17:05:00,54.06,54.1,53.92,53.94,662.821
2026-09-11 17:10:00,53.93,53.96,53.8,53.81,627.206
2026-09-11 17:15:00,53.81,53.99,53.8,53.99,783.29
2026-09-11 17:20:00,53.99,54.05,53.84,54.03,544.58
2026-09-11 17:25:00,54.03,54.13,54.03,54.08,473.043
2026-09-11 17:30:00,54.08,54.12,53.97,54.01,644.128
2026-09-11 17:35:00,54.01,54.01,53.78,53.8,786.759
2026-09-11 17:40:00,53.79,53.84,53.71,53.8,714.886
2026-09-11 17:45:00,53.8,53.95,53.77,53.92,705.972
2026-09-11 17:50:00,53.92,53.92,53.71,53.74,1176.655
2026-09-11 17:55:00,53.74,53.87,53.66,53.82,877.429
2026-09-11 18:00:00,53.81,53.85,53.42,53.53,1446.202
2026-09-11 18:05:00,53.53,53.53,53.24,53.33,1558.995
2026-09-11 18:10:00,53.33,53.39,53.23,53.36,3188.836
2026-09-11 18:15:00,53.36,53.59,53.31,53.58,860.414
2026-09-11 18:20:00,53.58,53.59,53.41,53.41,724.699
2026-09-11 18:25:00,53.41,53.47,53.3,53.46,783.65
2026-09-11 18:30:00,53.45,53.48,53.35,53.48,402.819
2026-09-11 18:35:00,53.48,53.48,53.33,53.36,627.397
2026-09-11 18:40:00,53.36,53.39,53.22,53.27,875.266
2026-09-11 18:45:00,53.27,53.38,53.13,53.2,985.585
2026-09-11 18:50:00,53.19,53.19,52.95,53.02,1420.884
2026-09-11 18:55:00,53.01,53.11,52.98,53.11,990.245
2026-09-11 19:00:00,53.11,53.13,52.92,53.09,3324.75
2026-09-11 19:05:00,53.09,53.29,53.09,53.2,878.622
2026-09-11 19:10:00,53.19,53.23,53.1,53.22,860.897
2026-09-11 19:15:00,53.22,53.24,53.09,53.16,1322.119
2026-09-11 19:20:00,53.17,53.37,53.13,53.37,498.425
2026-09-11 19:25:00,53.37,53.43,53.32,53.34,1115.129
2026-09-11 19:30:00,53.35,53.4,53.32,53.34,1151.109
2026-09-11 19:35:00,53.34,53.37,53.27,53.37,718.488
2026-09-11 19:40:00,53.37,53.47,53.37,53.47,492.545
2026-09-11 19:45:00,53.47,53.48,53.36,53.42,1482.939
2026-09-11 19:50:00,53.41,53.51,53.38,53.51,962.744
2026-09-11 19:55:00,53.5,53.53,53.47,53.49,425.845
2026-09-11 20:00:00,53.48,53.68,53.47,53.68,938.919
2026-09-11 20:05:00,53.68,53.71,53.58,53.65,1168.057
2026-09-11 20:10:00,53.65,53.7,53.63,53.67,604.403
2026-09-11 20:15:00,53.66,53.7,53.57,53.62,469.352
2026-09-11 20:20:00,53.62,53.66,53.61,53.65,253.361
2026-09-11 20:25:00,53.66,53.7,53.6,53.62,506.153
2026-09-11 20:30:00,53.61,53.66,53.46,53.66,1307.789
2026-09-11 20:35:00,53.66,53.78,53.66,53.77,489.52
2026-09-11 20:40:00,53.77,53.77,53.66,53.71,785.651
2026-09-11 20:45:00,53.71,53.74,53.49,53.55,603.864
2026-09-11 20:50:00,53.55,53.59,53.4,53.5,1448.012
2026-09-11 20:55:00,53.49,53.62,53.47,53.59,874.493
2026-09-11 21:00:00,53.58,53.59,53.52,53.59,472.561
2026-09-11 21:05:00,53.59,53.74,53.58,53.73,509.431
2026-09-11 21:10:00,53.73,53.8,53.73,53.8,545.702
2026-09-11 21:15:00,53.79,53.83,53.72,53.75,648.378
2026-09-11 21:20:00,53.75,53.75,53.44,53.46,1244.618
2026-09-11 21:25:00,53.45,53.49,53.42,53.42,444.731
2026-09-11 21:30:00,53.42,53.49,53.4,53.49,235.309
2026-09-11 21:35:00,53.49,53.49,53.36,53.38,503.147
2026-09-11 21:40:00,53.37,53.44,53.34,53.4,709.503
2026-09-11 21:45:00,53.4,53.41,53.28,53.29,1108.7
2026-09-11 21:50:00,53.28,53.28,53.12,53.14,1485.874
2026-09-11 21:55:00,53.13,53.13,53.01,53.09,1764.874
2026-09-11 22:00:00,53.1,53.28,52.95,53.28,967.569
2026-09-11 22:05:00,53.28,53.28,53.09,53.09,557.607
2026-09-11 22:10:00,53.09,53.28,53.09,53.24,886.216
2026-09-11 22:15:00,53.24,53.27,53.15,53.23,422.606
2026-09-11 22:20:00,53.23,53.3,53.17,53.24,389.77
2026-09-11 22:25:00,53.24,53.27,53.09,53.13,800.181
2026-09-11 22:30:00,53.12,53.14,52.96,52.98,663.165
2026-09-11 22:35:00,52.97,53.06,52.92,53.05,1222.563
2026-09-11 22:40:00,53.05,53.06,52.93,52.98,1304.028
2026-09-11 22:45:00,52.99,53.02,52.95,52.97,866.925
2026-09-11 22:50:00,52.96,52.98,52.85,52.93,824.782
2026-09-11 22:55:00,52.94,53.0,52.87,52.95,1911.651
2026-09-11 23:00:00,52.96,53.12,52.93,53.12,423.169
2026-09-11 23:05:00,53.12,53.2,53.09,53.2,390.302
2026-09-11 23:10:00,53.19,53.22,53.13,53.14,231.554
2026-09-11 23:15:00,53.15,53.17,53.13,53.16,175.886
2026-09-11 23:20:00,53.16,53.17,53.04,53.07,1277.225
2026-09-11 23:25:00,53.07,53.17,53.07,53.16,302.931
2026-09-11 23:30:00,53.16,53.23,53.16,53.19,177.047
2026-09-11 23:35:00,53.2,53.26,53.2,53.26,201.957
2026-09-11 23:40:00,53.25,53.32,53.22,53.25,1074.811
2026-09-11 23:45:00,53.25,53.33,53.25,53.25,274.992
2026-09-11 23:50:00,53.25,53.29,53.21,53.29,192.082
2026-09-11 23:55:00,53.29,53.3,53.27,53.29,295.796
2026-09-12 00:00:00,53.29,53.4,53.28,53.39,727.197
2026-09-12 00:05:00,53.38,53.42,53.32,53.33,530.41
2026-09-12 00:10:00,53.33,53.4,53.25,53.28,1713.076
2026-09-12 00:15:00,53.29,53.29,53.23,53.27,112.344
2026-09-12 00:20:00,53.27,53.27,53.23,53.27,246.34
2026-09-12 00:25:00,53.26,53.28,53.21,53.26,237.367
2026-09-12 00:30:00,53.25,53.29,53.2,53.27,961.545
2026-09-12 00:35:00,53.28,53.3,53.25,53.26,219.754
2026-09-12 00:40:00,53.26,53.26,53.17,53.19,530.827
2026-09-12 00:45:00,53.19,53.23,53.16,53.22,414.902
2026-09-12 00:50:00,53.23,53.27,53.2,53.26,512.628
2026-09-12 00:55:00,53.26,53.26,53.2,53.21,322.073
2026-09-12 01:00:00,53.2,53.28,53.13,53.27,944.59
2026-09-12 01:05:00,53.28,53.44,53.28,53.43,802.21
2026-09-12 01:10:00,53.43,53.52,53.42,53.49,899.475
2026-09-12 01:15:00,53.49,53.57,53.46,53.49,778.89
2026-09-12 01:20:00,53.49,53.52,53.44,53.51,478.717
2026-09-12 01:25:00,53.5,53.51,53.43,53.46,777.822
2026-09-12 01:30:00,53.46,53.5,53.41,53.49,441.283
2026-09-12 01:35:00,53.49,53.52,53.41,53.51,717.413
2026-09-12 01:40:00,53.5,53.65,53.47,53.63,1233.513
2026-09-12 01:45:00,53.63,53.72,53.6,53.71,517.31
2026-09-12 01:50:00,53.72,53.75,53.67,53.71,748.984
2026-09-12 01:55:00,53.7,53.71,53.65,53.67,402.031
2026-09-12 02:00:00,53.68,53.75,53.62,53.63,465.192
2026-09-12 02:05:00,53.63,53.77,53.63,53.75,255.226
2026-09-12 02:10:00,53.76,53.91,53.76,53.86,2891.755
2026-09-12 02:15:00,53.86,53.89,53.82,53.83,547.491
2026-09-12 02:20:00,53.83,53.91,53.82,53.9,1146.461
2026-09-12 02:25:00,53.89,53.93,53.86,53.9,378.529
2026-09-12 02:30:00,53.9,53.96,53.9,53.93,427.062
2026-09-12 02:35:00,53.92,53.97,53.91,53.96,789.707
2026-09-12 02:40:00,53.95,53.98,53.91,53.92,375.029
2026-09-12 02:45:00,53.93,54.02,53.9,54.02,897.823
2026-09-12 02:50:00,54.02,54.05,53.87,53.93,2202.78
2026-09-12 02:55:00,53.94,54.02,53.89,54.02,725.625
2026-09-12 03:00:00,54.01,54.06,53.91,54.05,469.69
2026-09-12 03:05:00,54.05,54.06,53.99,54.04,662.095
2026-09-12 03:10:00,54.04,54.08,53.95,53.97,661.024
2026-09-12 03:15:00,53.96,54.03,53.95,54.01,614.51
2026-09-12 03:20:00,54.01,54.02,53.87,53.9,645.673
2026-09-12 03:25:00,53.9,53.96,53.89,53.9,1054.913
2026-09-12 03:30:00,53.91,53.93,53.85,53.88,699.385
2026-09-12 03:35:00,53.88,53.9,53.87,53.88,115.744
2026-09-12 03:40:00,53.89,53.96,53.88,53.96,510.641
2026-09-12 03:45:00,53.97,53.97,53.89,53.92,405.03
2026-09-12 03:50:00,53.92,53.96,53.88,53.96,261.264
2026-09-12 03:55:00,53.95,54.02,53.94,54.01,250.486
2026-09-12 04:00:00,54.02,54.02,53.85,53.87,720.292
2026-09-12 04:05:00,53.87,53.9,53.79,53.8,525.719
2026-09-12 04:10:00,53.8,53.84,53.77,53.78,410.803
2026-09-12 04:15:00,53.77,53.78,53.7,53.77,1456.791
2026-09-12 04:20:00,53.77,53.8,53.73,53.79,348.073
2026-09-12 04:25:00,53.79,53.81,53.75,53.79,268.101
2026-09-12 04:30:00,53.79,53.86,53.79,53.85,238.418
2026-09-12 04:35:00,53.85,53.93,53.78,53.79,879.075
2026-09-12 04:40:00,53.79,53.82,53.74,53.74,1865.607
2026-09-12 04:45:00,53.74,53.74,53.65,53.74,665.477
2026-09-12 04:50:00,53.74,53.79,53.73,53.75,310.444
2026-09-12 04:55:00,53.75,53.77,53.74,53.75,230.779
2026-09-12 05:00:00,53.76,53.8,53.73,53.79,224.676
2026-09-12 05:05:00,53.79,53.82,53.77,53.81,132.015
2026-09-12 05:10:00,53.82,53.82,53.78,53.8,185.687
2026-09-12 05:15:00,53.8,53.84,53.78,53.79,367.16
2026-09-12 05:20:00,53.78,53.8,53.72,53.74,626.592
2026-09-12 05:25:00,53.74,53.75,53.62,53.63,490.123
2026-09-12 05:30:00,53.62,53.8,53.62,53.8,1020.634
2026-09-12 05:35:00,53.8,53.85,53.78,53.81,637.368
2026-09-12 05:40:00,53.8,53.83,53.78,53.79,381.98
2026-09-12 05:45:00,53.79,53.88,53.78,53.86,146.798
2026-09-12 05:50:00,53.87,53.87,53.81,53.82,184.945
2026-09-12 05:55:00,53.83,53.86,53.81,53.84,346.756
2026-09-12 06:00:00,53.83,53.83,53.78,53.8,141.963
2026-09-12 06:05:00,53.8,53.8,53.76,53.77,105.969
2026-09-12 06:10:00,53.77,53.77,53.68,53.68,368.629
2026-09-12 06:15:00,53.69,53.91,53.69,53.9,646.746
2026-09-12 06:20:00,53.9,53.92,53.89,53.89,78.579
2026-09-12 06:25:00,53.89,53.93,53.88,53.89,391.112
2026-09-12 06:30:00,53.89,53.93,53.87,53.87,399.892
2026-09-12 06:35:00,53.86,53.87,53.84,53.85,121.843
2026-09-12 06:40:00,53.86,53.9,53.84,53.84,2102.87
2026-09-12 06:45:00,53.84,53.89,53.81,53.81,1389.025
2026-09-12 06:50:00,53.81,53.82,53.73,53.82,426.956
2026-09-12 06:55:00,53.82,53.82,53.77,53.78,342.304
2026-09-12 07:00:00,53.79,53.81,53.75,53.81,235.198
2026-09-12 07:05:00,53.81,53.92,53.8,53.91,274.433
2026-09-12 07:10:00,53.91,53.98,53.89,53.96,226.864
2026-09-12 07:15:00,53.97,53.98,53.93,53.94,168.133
2026-09-12 07:20:00,53.94,53.99,53.92,53.96,401.689
2026-09-12 07:25:00,53.95,53.96,53.9,53.92,176.019
2026-09-12 07:30:00,53.91,53.92,53.89,53.91,83.523
2026-09-12 07:35:00,53.91,53.97,53.91,53.96,188.5
2026-09-12 07:40:00,53.95,54.11,53.95,54.07,581.304
2026-09-12 07:45:00,54.06,54.17,54.05,54.17,899.274
2026-09-12 07:50:00,54.17,54.17,54.09,54.09,223.021
2026-09-12 07:55:00,54.09,54.09,54.06,54.07,125.842
2026-09-12 08:00:00,54.07,54.07,54.0,54.07,499.357
2026-09-12 08:05:00,54.07,54.16,54.06,54.16,439.829
2026-09-12 08:10:00,54.16,54.16,54.05,54.08,480.224
2026-09-12 08:15:00,54.08,54.17,54.08,54.14,394.936
2026-09-12 08:20:00,54.15,54.19,54.14,54.14,445.697
2026-09-12 08:25:00,54.14,54.16,54.05,54.06,220.342
2026-09-12 08:30:00,54.06,54.08,54.03,54.05,259.165
2026-09-12 08:35:00,54.04,54.15,54.03,54.14,273.689
2026-09-12 08:40:00,54.14,54.14,54.1,54.11,300.377
2026-09-12 08:45:00,54.1,54.15,54.09,54.11,152.325
2026-09-12 08:50:00,54.1,54.21,54.1,54.2,339.592
2026-09-12 08:55:00,54.2,54.22,54.19,54.21,223.998
2026-09-12 09:00:00,54.21,54.23,54.17,54.17,222.259
2026-09-12 09:05:00,54.17,54.19,54.12,54.17,464.343
2026-09-12 09:10:00,54.18,54.23,54.18,54.19,395.545
2026-09-12 09:15:00,54.19,54.2,54.14,54.18,351.826
2026-09-12 09:20:00,54.18,54.21,54.14,54.16,493.281
2026-09-12 09:25:00,54.17,54.2,54.14,54.15,429.669
2026-09-12 09:30:00,54.15,54.17,54.08,54.1,304.143
2026-09-12 09:35:00,54.11,54.21,54.09,54.2,710.073
2026-09-12 09:40:00,54.2,54.21,54.08,54.08,586.266
2026-09-12 09:45:00,54.08,54.09,54.05,54.06,457.588
2026-09-12 09:50:00,54.07,54.16,54.07,54.14,685.067
2026-09-12 09:55:00,54.15,54.19,54.13,54.14,242.749
2026-09-12 10:00:00,54.13,54.13,54.1,54.1,300.452
2026-09-12 10:05:00,54.1,54.16,54.09,54.09,332.109
2026-09-12 10:10:00,54.09,54.1,54.06,54.07,749.08
2026-09-12 10:15:00,54.08,54.12,54.04,54.12,631.268
2026-09-12 10:20:00,54.13,54.23,54.13,54.19,460.198
2026-09-12 10:25:00,54.19,54.24,54.18,54.23,328.325
2026-09-12 10:30:00,54.23,54.23,54.17,54.18,326.893
2026-09-12 10:35:00,54.18,54.22,54.18,54.2,994.102
2026-09-12 10:40:00,54.21,54.25,54.19,54.19,215.686
2026-09-12 10:45:00,54.2,54.2,54.13,54.16,346.592
2026-09-12 10:50:00,54.15,54.15,54.13,54.14,140.808
2026-09-12 10:55:00,54.14,54.22,54.11,54.13,973.896
2026-09-12 11:00:00,54.13,54.15,54.1,54.15,622.06
2026-09-12 11:05:00,54.15,54.17,54.14,54.17,139.167
2026-09-12 11:10:00,54.16,54.25,54.16,54.25,253.114
2026-09-12 11:15:00,54.25,54.26,54.11,54.11,603.617
2026-09-12 11:20:00,54.11,54.11,53.99,54.0,324.532
2026-09-12 11:25:00,54.0,54.04,53.99,54.01,383.232
2026-09-12 11:30:00,54.01,54.05,54.0,54.01,203.907
2026-09-12 11:35:00,54.02,54.05,54.01,54.03,125.221
2026-09-12 11:40:00,54.03,54.07,54.03,54.07,165.414
2026-09-12 11:45:00,54.07,54.08,54.03,54.06,130.103
2026-09-12 11:50:00,54.06,54.1,54.05,54.09,271.355
2026-09-12 11:55:00,54.09,54.11,54.03,54.04,359.576
2026-09-12 12:00:00,54.04,54.05,54.02,54.03,206.006
2026-09-12 12:05:00,54.03,54.07,54.03,54.06,274.189
2026-09-12 12:10:00,54.06,54.06,53.99,54.0,333.83
2026-09-12 12:15:00,54.0,54.03,53.95,53.96,419.195
2026-09-12 12:20:00,53.96,54.0,53.93,54.0,390.77
2026-09-12 12:25:00,54.0,54.02,53.96,53.96,275.191
2026-09-12 12:30:00,53.96,54.01,53.96,54.01,183.034
2026-09-12 12:35:00,54.01,54.04,54.01,54.04,195.47
2026-09-12 12:40:00,54.04,54.05,53.96,53.96,284.202
2026-09-12 12:45:00,53.96,54.06,53.96,54.02,208.688
2026-09-12 12:50:00,54.02,54.02,53.9,53.94,390.854
2026-09-12 12:55:00,53.94,54.0,53.93,54.0,346.851
2026-09-12 13:00:00,54.0,54.01,53.95,53.99,438.109
2026-09-12 13:05:00,53.99,54.08,53.97,53.98,614.882
2026-09-12 13:10:00,53.97,53.97,53.8,53.82,1431.264
2026-09-12 13:15:00,53.81,53.83,53.79,53.8,585.179
2026-09-12 13:20:00,53.8,53.84,53.78,53.82,423.943
2026-09-12 13:25:00,53.82,53.85,53.76,53.82,501.29
2026-09-12 13:30:00,53.83,53.9,53.8,53.89,408.423
2026-09-12 13:35:00,53.89,53.9,53.86,53.88,240.775
2026-09-12 13:40:00,53.88,53.91,53.85,53.85,349.608
2026-09-12 13:45:00,53.85,53.86,53.81,53.84,83.098
2026-09-12 13:50:00,53.84,53.86,53.81,53.85,209.222
2026-09-12 13:55:00,53.86,53.88,53.86,53.87,152.409
2026-09-12 14:00:00,53.88,53.91,53.81,53.9,424.304
2026-09-12 14:05:00,53.9,53.99,53.9,53.93,495.859
2026-09-12 14:10:00,53.93,53.95,53.85,53.89,915.906
2026-09-12 14:15:00,53.9,53.95,53.89,53.95,592.025
2026-09-12 14:20:00,53.95,54.0,53.95,53.98,218.691
2026-09-12 14:25:00,53.98,54.06,53.98,54.06,598.742
2026-09-12 14:30:00,54.05,54.08,53.98,53.98,190.46
2026-09-12 14:35:00,53.98,54.03,53.98,54.01,80.319
2026-09-12 14:40:00,54.01,54.04,54.0,54.01,122.58
2026-09-12 14:45:00,54.01,54.05,54.01,54.04,211.155
2026-09-12 14:50:00,54.03,54.05,54.01,54.02,173.192
2026-09-12 14:55:00,54.02,54.02,53.99,54.01,216.832
2026-09-12 15:00:00,54.02,54.06,54.02,54.06,364.315
2026-09-12 15:05:00,54.06,54.21,54.06,54.14,938.704
2026-09-12 15:10:00,54.14,54.19,54.14,54.15,740.832
2026-09-12 15:15:00,54.15,54.18,54.11,54.13,533.233
2026-09-12 15:20:00,54.14,54.16,54.12,54.14,252.952
2026-09-12 15:25:00,54.15,54.25,54.15,54.19,812.679
2026-09-12 15:30:00,54.18,54.2,54.07,54.15,950.868
2026-09-12 15:35:00,54.14,54.16,54.08,54.16,1158.845
2026-09-12 15:40:00,54.15,54.17,54.12,54.16,196.222
2026-09-12 15:45:00,54.16,54.17,54.06,54.12,608.932
2026-09-12 15:50:00,54.13,54.14,54.04,54.05,202.39
2026-09-12 15:55:00,54.04,54.11,54.03,54.05,498.995
2026-09-12 16:00:00,54.04,54.14,54.04,54.09,252.036
2026-09-12 16:05:00,54.09,54.14,54.07,54.12,344.24
2026-09-12 16:10:00,54.12,54.12,54.06,54.07,128.404
2026-09-12 16:15:00,54.07,54.09,54.06,54.07,137.502
2026-09-12 16:20:00,54.06,54.06,53.99,54.02,680.009
2026-09-12 16:25:00,54.02,54.06,54.01,54.06,128.156
2026-09-12 16:30:00,54.07,54.1,54.06,54.09,80.201
2026-09-12 16:35:00,54.09,54.1,54.04,54.05,227.816
2026-09-12 16:40:00,54.04,54.06,54.03,54.04,152.301
2026-09-12 16:45:00,54.04,54.05,53.95,53.95,203.268
2026-09-12 16:50:00,53.96,53.97,53.93,53.95,366.441
2026-09-12 16:55:00,53.96,53.97,53.91,53.95,495.766
2026-09-12 17:00:00,53.94,54.0,53.89,53.99,658.492
2026-09-12 17:05:00,54.0,54.02,53.96,53.98,362.366
2026-09-12 17:10:00,53.98,53.98,53.92,53.94,149.498
2026-09-12 17:15:00,53.95,53.97,53.93,53.95,83.288
2026-09-12 17:20:00,53.95,53.96,53.87,53.89,540.016
2026-09-12 17:25:00,53.9,53.91,53.87,53.87,174.447
2026-09-12 17:30:00,53.88,53.91,53.86,53.9,204.008
2026-09-12 17:35:00,53.91,53.91,53.87,53.87,65.702
2026-09-12 17:40:00,53.87,53.93,53.86,53.91,70.458
2026-09-12 17:45:00,53.91,53.93,53.9,53.91,78.453
2026-09-12 17:50:00,53.9,53.98,53.9,53.98,76.096
2026-09-12 17:55:00,53.98,54.02,53.97,54.0,254.713
2026-09-12 18:00:00,53.99,53.99,53.83,53.85,563.882
2026-09-12 18:05:00,53.85,53.91,53.85,53.89,354.469
2026-09-12 18:10:00,53.9,53.9,53.82,53.82,718.951
2026-09-12 18:15:00,53.81,53.88,53.72,53.78,2619.241
2026-09-12 18:20:00,53.78,53.89,53.78,53.87,340.721
2026-09-12 18:25:00,53.87,53.88,53.84,53.86,231.967
2026-09-12 18:30:00,53.86,53.87,53.8,53.83,341.12
2026-09-12 18:35:00,53.83,53.85,53.79,53.83,310.524
2026-09-12 18:40:00,53.82,53.85,53.82,53.82,118.988
2026-09-12 18:45:00,53.82,53.82,53.77,53.77,248.721
2026-09-12 18:50:00,53.77,53.78,53.68,53.71,139.636
2026-09-12 18:55:00,53.71,53.75,53.7,53.74,282.961
2026-09-12 19:00:00,53.75,53.79,53.74,53.77,197.868
2026-09-12 19:05:00,53.77,53.83,53.75,53.76,491.142
2026-09-12 19:10:00,53.77,53.77,53.73,53.77,199.712
2026-09-12 19:15:00,53.77,53.77,53.67,53.75,501.738
2026-09-12 19:20:00,53.75,53.75,53.69,53.72,322.24
2026-09-12 19:25:00,53.72,53.76,53.7,53.72,243.424
2026-09-12 19:30:00,53.71,53.73,53.65,53.69,264.426
2026-09-12 19:35:00,53.7,53.7,53.61,53.61,261.3
2026-09-12 19:40:00,53.6,53.69,53.6,53.64,382.234
2026-09-12 19:45:00,53.65,53.7,53.65,53.7,117.001
2026-09-12 19:50:00,53.69,53.7,53.62,53.62,211.292
2026-09-12 19:55:00,53.63,53.71,53.62,53.68,617.983
2026-09-12 20:00:00,53.69,53.75,53.68,53.73,161.324
2026-09-12 20:05:00,53.73,53.79,53.73,53.77,296.867
2026-09-12 20:10:00,53.78,53.81,53.78,53.79,65.808
2026-09-12 20:15:00,53.79,53.81,53.77,53.78,106.61
2026-09-12 20:20:00,53.77,53.79,53.72,53.77,590.698
2026-09-12 20:25:00,53.76,53.8,53.76,53.79,199.175
2026-09-12 20:30:00,53.79,53.79,53.73,53.74,161.093
2026-09-12 20:35:00,53.73,53.78,53.73,53.77,104.924
2026-09-12 20:40:00,53.77,53.81,53.76,53.78,324.577
2026-09-12 20:45:00,53.78,53.8,53.76,53.78,167.25
2026-09-12 20:50:00,53.78,53.8,53.69,53.69,176.514
2026-09-12 20:55:00,53.69,53.69,53.66,53.68,124.834
2026-09-12 21:00:00,53.68,53.71,53.65,53.67,604.167
2026-09-12 21:05:00,53.67,53.75,53.67,53.73,147.864
2026-09-12 21:10:00,53.74,53.75,53.68,53.71,550.466
2026-09-12 21:15:00,53.7,53.71,53.64,53.66,134.44
2026-09-12 21:20:00,53.64,53.67,53.63,53.67,66.353
2026-09-12 21:25:00,53.67,53.72,53.66,53.68,434.299
2026-09-12 21:30:00,53.68,53.68,53.64,53.66,86.378
2026-09-12 21:35:00,53.66,53.66,53.63,53.64,78.121
2026-09-12 21:40:00,53.65,53.69,53.59,53.63,678.352
2026-09-12 21:45:00,53.62,53.62,53.48,53.53,1017.406
2026-09-12 21:50:00,53.53,53.6,53.52,53.59,142.916
2026-09-12 21:55:00,53.59,53.59,53.55,53.58,110.502
2026-09-12 22:00:00,53.57,53.59,53.5,53.59,107.617
2026-09-12 22:05:00,53.59,53.6,53.55,53.6,189.051
2026-09-12 22:10:00,53.6,53.61,53.51,53.56,228.443
2026-09-12 22:15:00,53.57,53.6,53.54,53.59,146.286
2026-09-12 22:20:00,53.6,53.67,53.6,53.61,124.275
2026-09-12 22:25:00,53.62,53.62,53.5,53.5,414.925
2026-09-12 22:30:00,53.5,53.55,53.48,53.49,1010.669
2026-09-12 22:35:00,53.48,53.52,53.48,53.51,133.982
2026-09-12 22:40:00,53.5,53.52,53.48,53.5,449.717
2026-09-12 22:45:00,53.51,53.52,53.5,53.51,17.631
2026-09-12 22:50:00,53.51,53.54,53.51,53.53,74.806
2026-09-12 22:55:00,53.53,53.54,53.51,53.54,35.941
2026-09-12 23:00:00,53.53,53.54,53.5,53.53,78.991
2026-09-12 23:05:00,53.52,53.55,53.5,53.55,158.449
2026-09-12 23:10:00,53.55,53.59,53.53,53.57,291.739
2026-09-12 23:15:00,53.57,53.62,53.55,53.57,766.501
2026-09-12 23:20:00,53.58,53.6,53.58,53.59,143.696
2026-09-12 23:25:00,53.59,53.61,53.58,53.59,34.156
2026-09-12 23:30:00,53.58,53.61,53.57,53.61,85.901
2026-09-12 23:35:00,53.61,53.61,53.58,53.59,130.94
2026-09-12 23:40:00,53.6,53.63,53.59,53.61,176.662
2026-09-12 23:45:00,53.62,53.63,53.6,53.61,151.385
2026-09-12 23:50:00,53.61,53.66,53.61,53.65,140.515
2026-09-12 23:55:00,53.66,53.68,53.65,53.67,163.736
2026-09-13 00:00:00,53.66,53.77,53.64,53.75,283.756
2026-09-13 00:05:00,53.74,53.79,53.69,53.73,554.319
2026-09-13 00:10:00,53.74,53.76,53.67,53.68,406.35
2026-09-13 00:15:00,53.69,53.71,53.67,53.71,142.722
2026-09-13 00:20:00,53.71,53.73,53.69,53.69,344.359
2026-09-13 00:25:00,53.69,53.74,53.68,53.73,208.63
2026-09-13 00:30:00,53.73,53.8,53.73,53.8,86.011
2026-09-13 00:35:00,53.79,53.84,53.79,53.83,80.406
2026-09-13 00:40:00,53.83,53.84,53.66,53.67,401.52
2026-09-13 00:45:00,53.67,53.77,53.67,53.73,146.485
2026-09-13 00:50:00,53.73,53.75,53.73,53.75,119.401
2026-09-13 00:55:00,53.75,53.78,53.75,53.78,14.137
2026-09-13 01:00:00,53.78,53.84,53.77,53.8,345.457
2026-09-13 01:05:00,53.79,53.82,53.76,53.81,321.698
2026-09-13 01:10:00,53.82,53.87,53.8,53.84,352.098
2026-09-13 01:15:00,53.84,53.85,53.79,53.84,231.258
2026-09-13 01:20:00,53.85,53.96,53.85,53.94,614.635
2026-09-13 01:25:00,53.94,53.95,53.84,53.88,649.251
2026-09-13 01:30:00,53.87,53.88,53.83,53.83,73.127
2026-09-13 01:35:00,53.84,53.9,53.82,53.9,368.535
2026-09-13 01:40:00,53.9,53.92,53.89,53.9,112.831
2026-09-13 01:45:00,53.91,53.93,53.89,53.9,65.647
2026-09-13 01:50:00,53.91,53.94,53.9,53.94,73.053
2026-09-13 01:55:00,53.93,53.94,53.9,53.92,104.998
2026-09-13 02:00:00,53.92,53.92,53.82,53.82,232.036
2026-09-13 02:05:00,53.82,53.83,53.78,53.81,180.436
2026-09-13 02:10:00,53.81,53.83,53.81,53.83,52.23
2026-09-13 02:15:00,53.83,53.84,53.8,53.82,148.817
2026-09-13 02:20:00,53.82,53.86,53.8,53.84,179.352
2026-09-13 02:25:00,53.84,53.84,53.79,53.81,257.923
2026-09-13 02:30:00,53.81,53.84,53.78,53.79,511.125
2026-09-13 02:35:00,53.79,53.84,53.75,53.75,345.408
2026-09-13 02:40:00,53.75,53.76,53.67,53.76,977.102
2026-09-13 02:45:00,53.76,53.76,53.68,53.74,2894.878
2026-09-13 02:50:00,53.73,53.77,53.67,53.71,546.637
2026-09-13 02:55:00,53.71,53.71,53.61,53.62,1222.379
2026-09-13 03:00:00,53.62,53.71,53.6,53.68,677.601
2026-09-13 03:05:00,53.68,53.68,53.64,53.67,150.856
2026-09-13 03:10:00,53.67,53.75,53.66,53.69,537.361
2026-09-13 03:15:00,53.68,53.68,53.58,53.64,387.026
2026-09-13 03:20:00,53.65,53.7,53.64,53.7,262.972
2026-09-13 03:25:00,53.7,53.76,53.64,53.64,1088.939
2026-09-13 03:30:00,53.65,53.65,53.55,53.61,534.669
2026-09-13 03:35:00,53.61,53.64,53.58,53.6,330.111
2026-09-13 03:40:00,53.6,53.64,53.59,53.63,178.506
2026-09-13 03:45:00,53.64,53.64,53.56,53.57,627.038
2026-09-13 03:50:00,53.57,53.59,53.52,53.58,352.216
2026-09-13 03:55:00,53.57,53.62,53.54,53.56,418.913
2026-09-13 04:00:00,53.54,53.63,53.53,53.6,285.879
2026-09-13 04:05:00,53.6,53.66,53.59,53.64,571.951
2026-09-13 04:10:00,53.64,53.73,53.64,53.68,370.261
2026-09-13 04:15:00,53.67,53.7,53.67,53.69,75.523
2026-09-13 04:20:00,53.69,53.69,53.6,53.67,280.863
2026-09-13 04:25:00,53.68,53.69,53.64,53.68,139.338
2026-09-13 04:30:00,53.68,53.69,53.66,53.66,117.994
2026-09-13 04:35:00,53.67,53.69,53.65,53.65,109.393
2026-09-13 04:40:00,53.65,53.76,53.64,53.73,782.926
2026-09-13 04:45:00,53.74,53.92,53.74,53.81,3591.894
2026-09-13 04:50:00,53.8,53.83,53.79,53.83,228.852
2026-09-13 04:55:00,53.83,53.84,53.81,53.83,169.161
2026-09-13 05:00:00,53.83,53.83,53.8,53.81,266.694
2026-09-13 05:05:00,53.82,53.83,53.8,53.82,186.859
2026-09-13 05:10:00,53.83,53.92,53.83,53.9,151.884
2026-09-13 05:15:00,53.9,54.1,53.89,54.06,1834.119
2026-09-13 05:20:00,54.06,54.6,54.05,54.33,16527.763
2026-09-13 05:25:00,54.33,54.33,54.12,54.2,1488.726
2026-09-13 05:30:00,54.2,54.2,54.14,54.16,496.886
2026-09-13 05:35:00,54.17,54.23,54.12,54.17,1504.691
2026-09-13 05:40:00,54.16,54.22,54.14,54.2,1321.026
2026-09-13 05:45:00,54.19,54.24,54.17,54.21,413.893
2026-09-13 05:50:00,54.22,54.32,54.21,54.26,1177.634
2026-09-13 05:55:00,54.26,54.34,54.26,54.29,658.82
2026-09-13 06:00:00,54.3,54.32,54.22,54.22,495.105
2026-09-13 06:05:00,54.22,54.26,54.16,54.17,587.776
2026-09-13 06:10:00,54.17,54.19,54.16,54.17,201.49
2026-09-13 06:15:00,54.18,54.2,54.16,54.2,56.939
2026-09-13 06:20:00,54.19,54.21,54.14,54.19,195.22
2026-09-13 06:25:00,54.2,54.25,54.19,54.23,374.071
2026-09-13 06:30:00,54.23,54.35,54.2,54.29,789.648
2026-09-13 06:35:00,54.29,54.32,54.21,54.22,736.949
2026-09-13 06:40:00,54.21,54.26,54.18,54.22,292.392
2026-09-13 06:45:00,54.22,54.24,54.17,54.23,293.9
2026-09-13 06:50:00,54.23,54.23,54.07,54.07,275.566
2026-09-13 06:55:00,54.07,54.08,53.92,54.05,729.362
2026-09-13 07:00:00,54.04,54.18,53.99,54.18,556.478
2026-09-13 07:05:00,54.17,54.23,54.17,54.22,341.477
2026-09-13 07:10:00,54.22,54.22,54.19,54.19,232.58
2026-09-13 07:15:00,54.19,54.3,54.18,54.26,666.398
2026-09-13 07:20:00,54.25,54.28,54.21,54.23,379.622
2026-09-13 07:25:00,54.23,54.25,54.2,54.24,492.155
2026-09-13 07:30:00,54.24,54.24,54.1,54.15,394.669
2026-09-13 07:35:00,54.14,54.14,54.01,54.07,953.121
2026-09-13 07:40:00,54.07,54.19,54.07,54.18,450.455
2026-09-13 07:45:00,54.18,54.23,54.16,54.19,1753.802
2026-09-13 07:50:00,54.18,54.18,54.15,54.17,124.384
2026-09-13 07:55:00,54.17,54.19,54.08,54.09,893.724
2026-09-13 08:00:00,54.09,54.14,54.04,54.13,934.096
2026-09-13 08:05:00,54.14,54.14,54.06,54.1,127.8
2026-09-13 08:10:00,54.09,54.1,53.95,53.98,307.044
2026-09-13 08:15:00,53.98,53.98,53.88,53.9,1062.476
2026-09-13 08:20:00,53.9,53.93,53.88,53.91,634.01
2026-09-13 08:25:00,53.91,53.92,53.88,53.9,457.137
2026-09-13 08:30:00,53.89,53.89,53.68,53.74,2561.949
2026-09-13 08:35:00,53.74,53.81,53.65,53.69,1007.105
2026-09-13 08:40:00,53.69,53.76,53.6,53.64,1374.775
2026-09-13 08:45:00,53.64,53.78,53.63,53.77,1026.112
2026-09-13 08:50:00,53.76,53.84,53.71,53.77,1051.741
2026-09-13 08:55:00,53.77,53.78,53.66,53.71,763.626
2026-09-13 09:00:00,53.71,53.83,53.7,53.79,461.839
2026-09-13 09:05:00,53.79,53.81,53.72,53.78,585.389
2026-09-13 09:10:00,53.77,53.77,53.71,53.75,514.246
2026-09-13 09:15:00,53.76,53.77,53.71,53.73,335.981
2026-09-13 09:20:00,53.73,53.78,53.51,53.64,1580.167
2026-09-13 09:25:00,53.64,53.64,53.42,53.49,1784.309
2026-09-13 09:30:00,53.5,53.56,53.37,53.44,1900.085
2026-09-13 09:35:00,53.45,53.71,53.45,53.67,1203.504
2026-09-13 09:40:00,53.66,53.71,53.63,53.69,591.547
2026-09-13 09:45:00,53.69,53.75,53.65,53.73,354.023
2026-09-13 09:50:00,53.74,53.78,53.68,53.77,936.323
2026-09-13 09:55:00,53.77,53.79,53.7,53.75,581.262
2026-09-13 10:00:00,53.75,53.95,53.74,53.87,3245.582
2026-09-13 10:05:00,53.86,53.92,53.76,53.8,2096.16
2026-09-13 10:10:00,53.79,54.0,53.78,53.89,5432.709
2026-09-13 10:15:00,53.9,53.99,53.86,53.87,1251.855
2026-09-13 10:20:00,53.88,53.88,53.76,53.79,588.724
2026-09-13 10:25:00,53.8,53.81,53.75,53.76,150.89
2026-09-13 10:30:00,53.77,53.77,53.69,53.69,553.315
2026-09-13 10:35:00,53.69,53.69,53.6,53.67,450.685
2026-09-13 10:40:00,53.67,53.67,53.54,53.58,242.378
2026-09-13 10:45:00,53.58,53.62,53.58,53.6,228.77
2026-09-13 10:50:00,53.6,53.61,53.53,53.56,251.116
2026-09-13 10:55:00,53.57,53.6,53.49,53.58,553.527
2026-09-13 11:00:00,53.59,53.69,53.5,53.64,771.592
2026-09-13 11:05:00,53.64,53.65,53.56,53.57,287.693
2026-09-13 11:10:00,53.57,53.67,53.57,53.62,598.74
2026-09-13 11:15:00,53.62,53.7,53.61,53.68,334.383
2026-09-13 11:20:00,53.69,53.7,53.67,53.69,206.362
2026-09-13 11:25:00,53.7,53.73,53.68,53.72,400.54
2026-09-13 11:30:00,53.73,53.73,53.67,53.73,346.088
2026-09-13 11:35:00,53.74,53.84,53.73,53.8,560.226
2026-09-13 11:40:00,53.8,53.82,53.79,53.82,320.567
2026-09-13 11:45:00,53.82,53.84,53.76,53.77,280.6
2026-09-13 11:50:00,53.77,53.83,53.77,53.8,195.316
2026-09-13 11:55:00,53.8,53.82,53.77,53.8,151.726
2026-09-13 12:00:00,53.8,53.8,53.73,53.73,166.389
2026-09-13 12:05:00,53.73,53.74,53.56,53.57,2625.293
2026-09-13 12:10:00,53.58,53.61,53.55,53.61,2329.509
2026-09-13 12:15:00,53.61,53.64,53.57,53.59,564.646
2026-09-13 12:20:00,53.58,53.66,53.57,53.59,744.416
2026-09-13 12:25:00,53.58,53.62,53.57,53.6,1382.323
2026-09-13 12:30:00,53.61,53.63,53.55,53.56,1061.53
2026-09-13 12:35:00,53.56,53.59,53.55,53.59,1534.732
2026-09-13 12:40:00,53.59,53.6,53.55,53.56,1549.19
2026-09-13 12:45:00,53.55,53.56,53.49,53.5,7167.393
2026-09-13 12:50:00,53.5,53.65,53.49,53.64,517.408
2026-09-13 12:55:00,53.63,53.67,53.61,53.63,380.295
2026-09-13 13:00:00,53.63,53.64,53.55,53.56,473.296
2026-09-13 13:05:00,53.56,53.66,53.55,53.64,949.886
2026-09-13 13:10:00,53.64,53.66,53.61,53.62,167.832
2026-09-13 13:15:00,53.62,53.63,53.54,53.54,360.066
2026-09-13 13:20:00,53.54,53.54,53.4,53.43,565.796
2026-09-13 13:25:00,53.43,53.43,53.27,53.33,1961.204
2026-09-13 13:30:00,53.33,53.49,53.32,53.46,379.374
2026-09-13 13:35:00,53.47,53.5,53.39,53.48,3022.288
2026-09-13 13:40:00,53.47,53.54,53.47,53.53,175.244
2026-09-13 13:45:00,53.53,53.67,53.52,53.66,1340.118
2026-09-13 13:50:00,53.66,53.76,53.61,53.69,627.079
2026-09-13 13:55:00,53.69,53.72,53.68,53.71,153.715
2026-09-13 14:00:00,53.71,53.8,53.69,53.76,397.797
2026-09-13 14:05:00,53.77,54.0,53.77,54.0,767.361
2026-09-13 14:10:00,54.0,54.03,53.94,53.98,1277.316
2026-09-13 14:15:00,53.98,54.09,53.96,54.0,761.356
2026-09-13 14:20:00,54.01,54.25,54.0,54.24,4065.619
2026-09-13 14:25:00,54.23,54.37,54.23,54.28,1628.002
2026-09-13 14:30:00,54.28,54.3,54.11,54.12,834.705
2026-09-13 14:35:00,54.12,54.24,54.09,54.18,421.089
2026-09-13 14:40:00,54.17,54.34,54.14,54.28,1659.523
2026-09-13 14:45:00,54.29,54.38,54.27,54.27,995.718
2026-09-13 14:50:00,54.27,54.3,54.24,54.29,1064.59
2026-09-13 14:55:00,54.29,54.3,54.23,54.28,1138.88
2026-09-13 15:00:00,54.28,54.31,54.09,54.09,615.343
2026-09-13 15:05:00,54.1,54.2,54.01,54.19,1918.58
2026-09-13 15:10:00,54.19,54.24,54.18,54.23,606.603
2026-09-13 15:15:00,54.23,54.25,54.06,54.1,1220.582
2026-09-13 15:20:00,54.1,54.29,54.1,54.27,392.841
2026-09-13 15:25:00,54.26,54.32,54.19,54.25,1658.133
2026-09-13 15:30:00,54.26,54.29,54.22,54.28,648.257
2026-09-13 15:35:00,54.28,54.42,54.22,54.4,901.295
2026-09-13 15:40:00,54.41,54.49,54.34,54.42,3126.528
2026-09-13 15:45:00,54.42,54.42,54.31,54.38,526.561
2026-09-13 15:50:00,54.38,54.48,54.37,54.42,1305.355
2026-09-13 15:55:00,54.43,54.61,54.35,54.51,8302.73
2026-09-13 16:00:00,54.51,54.6,54.45,54.48,1419.839
2026-09-13 16:05:00,54.48,54.54,54.37,54.49,1378.138
2026-09-13 16:10:00,54.49,54.55,54.41,54.41,860.783
2026-09-13 16:15:00,54.42,54.45,54.36,54.41,1024.574
2026-09-13 16:20:00,54.39,54.43,54.33,54.42,1171.877
2026-09-13 16:25:00,54.42,54.44,54.39,54.41,276.445
2026-09-13 16:30:00,54.41,54.46,54.36,54.37,313.816
2026-09-13 16:35:00,54.36,54.54,54.34,54.48,584.637
2026-09-13 16:40:00,54.48,54.53,54.48,54.52,458.639
2026-09-13 16:45:00,54.53,54.62,54.48,54.61,2266.298
2026-09-13 16:50:00,54.61,54.81,54.6,54.7,3512.09
2026-09-13 16:55:00,54.7,54.82,54.67,54.76,2486.576
2026-09-13 17:00:00,54.76,54.77,54.65,54.73,610.3
2026-09-13 17:05:00,54.73,54.76,54.71,54.74,209.712
