timestamp,open,high,low,close,volume
2026-07-15 17:10:00,0.1025,0.1025,0.1024,0.1024,16023.06
2026-07-15 17:15:00,0.1023,0.1026,0.1023,0.1024,142132.32
2026-07-15 17:20:00,0.1024,0.1027,0.1024,0.1026,29233.66
2026-07-15 17:25:00,0.1026,0.1026,0.1024,0.1026,21447.49
2026-07-15 17:30:00,0.1027,0.1028,0.1027,0.1027,80085.1
2026-07-15 17:35:00,0.1027,0.1028,0.1026,0.1027,12059.39
2026-07-15 17:40:00,0.1028,0.1028,0.1027,0.1028,49465.97
2026-07-15 17:45:00,0.1028,0.1031,0.1027,0.1029,166725.74
2026-07-15 17:50:00,0.103,0.103,0.1029,0.103,77741.62
2026-07-15 17:55:00,0.103,0.1031,0.103,0.1031,2826.09
2026-07-15 18:00:00,0.103,0.1032,0.103,0.103,31462.84
2026-07-15 18:05:00,0.1031,0.1031,0.1031,0.1031,3009.7
2026-07-15 18:10:00,0.103,0.1036,0.103,0.1036,161715.36
2026-07-15 18:15:00,0.1035,0.1038,0.1034,0.1037,125348.31
2026-07-15 18:20:00,0.1037,0.1046,0.1037,0.1038,1280755.32
2026-07-15 18:25:00,0.1038,0.1038,0.1034,0.1034,77418.5
2026-07-15 18:30:00,0.1035,0.1035,0.1033,0.1034,61303.92
2026-07-15 18:35:00,0.1034,0.1034,0.1031,0.1031,123269.62
2026-07-15 18:40:00,0.1031,0.1031,0.103,0.103,32179.7
2026-07-15 18:45:00,0.103,0.1031,0.1029,0.103,107431.78
2026-07-15 18:50:00,0.1029,0.1029,0.1027,0.1028,67159.3
2026-07-15 18:55:00,0.1029,0.1029,0.1026,0.1026,108929.71
2026-07-15 19:00:00,0.1026,0.1029,0.1026,0.1029,27540.12
2026-07-15 19:05:00,0.1028,0.1028,0.1026,0.1026,66933.24
2026-07-15 19:10:00,0.1026,0.1027,0.1024,0.1026,172239.78
2026-07-15 19:15:00,0.1026,0.1026,0.1025,0.1025,20651.39
2026-07-15 19:20:00,0.1025,0.1026,0.1024,0.1026,29617.97
2026-07-15 19:25:00,0.1025,0.1026,0.1023,0.1026,139882.77
2026-07-15 19:30:00,0.1025,0.1027,0.1025,0.1026,61816.1
2026-07-15 19:35:00,0.1025,0.1026,0.1024,0.1025,36296.79
2026-07-15 19:40:00,0.1026,0.1026,0.1026,0.1026,4008.7
2026-07-15 19:45:00,0.1025,0.1026,0.1023,0.1024,87895.07
2026-07-15 19:50:00,0.1024,0.1025,0.102,0.1021,177357.33
2026-07-15 19:55:00,0.1022,0.1022,0.1021,0.1022,18393.1
2026-07-15 20:00:00,0.1022,0.1025,0.1022,0.1025,88768.31
2026-07-15 20:05:00,0.1025,0.1026,0.1023,0.1025,199946.83
2026-07-15 20:10:00,0.1025,0.1026,0.1025,0.1026,81174.05
2026-07-15 20:15:00,0.1025,0.1027,0.1024,0.1027,28201.6
2026-07-15 20:20:00,0.1028,0.103,0.1028,0.1029,105426.59
2026-07-15 20:25:00,0.1029,0.1029,0.1028,0.1028,22395.47
2026-07-15 20:30:00,0.1028,0.1028,0.1027,0.1027,43521.56
2026-07-15 20:35:00,0.1026,0.1027,0.1026,0.1027,18086.63
2026-07-15 20:40:00,0.1027,0.1027,0.1026,0.1027,18685.95
2026-07-15 20:45:00,0.1026,0.1027,0.1026,0.1026,7177.14
2026-07-15 20:50:00,0.1026,0.1026,0.1026,0.1026,7699.21
2026-07-15 20:55:00,0.1026,0.1026,0.1022,0.1023,170973.18
2026-07-15 21:00:00,0.1023,0.1025,0.1023,0.1024,47020.14
2026-07-15 21:05:00,0.1023,0.1023,0.1023,0.1023,10603.36
2026-07-15 21:10:00,0.1022,0.1024,0.1021,0.1024,207389.72
2026-07-15 21:15:00,0.1023,0.1024,0.1023,0.1023,5705.32
2026-07-15 21:20:00,0.1023,0.1023,0.1023,0.1023,194.79
2026-07-15 21:25:00,0.1024,0.1025,0.1024,0.1024,45590.37
2026-07-15 21:30:00,0.1023,0.1023,0.1022,0.1022,121715.19
2026-07-15 21:35:00,0.1021,0.1021,0.102,0.102,8091.88
2026-07-15 21:40:00,0.1021,0.1024,0.1021,0.1023,41304.65
2026-07-15 21:45:00,0.1023,0.1023,0.1023,0.1023,14424.8
2026-07-15 21:50:00,0.1022,0.1022,0.1022,0.1022,1201.31
2026-07-15 21:55:00,0.1022,0.1022,0.1019,0.1021,202921.39
2026-07-15 22:00:00,0.1021,0.1024,0.102,0.1022,31316.56
2026-07-15 22:05:00,0.1022,0.1022,0.1022,0.1022,11091.86
2026-07-15 22:10:00,0.1021,0.1022,0.102,0.1022,19684.09
2026-07-15 22:15:00,0.1021,0.1022,0.1021,0.1021,31614.21
2026-07-15 22:20:00,0.1021,0.1023,0.1021,0.1021,86316.73
2026-07-15 22:25:00,0.1022,0.1024,0.1022,0.1024,13085.29
2026-07-15 22:30:00,0.1024,0.1025,0.1023,0.1024,115866.62
2026-07-15 22:35:00,0.1023,0.1036,0.1023,0.1033,499122.39
2026-07-15 22:40:00,0.1034,0.1034,0.1025,0.1025,184049.33
2026-07-15 22:45:00,0.1026,0.1028,0.1026,0.1026,149974.71
2026-07-15 22:50:00,0.1026,0.103,0.1024,0.1024,338316.88
2026-07-15 22:55:00,0.1025,0.1025,0.1024,0.1024,65834.38
2026-07-15 23:00:00,0.1024,0.1025,0.1024,0.1025,17541.61
2026-07-15 23:05:00,0.1024,0.1025,0.1023,0.1024,67764.95
2026-07-15 23:10:00,0.1025,0.1025,0.1024,0.1024,18365.14
2026-07-15 23:15:00,0.1024,0.1024,0.1024,0.1024,49160.88
2026-07-15 23:20:00,0.1024,0.1024,0.1024,0.1024,25017.1
2026-07-15 23:25:00,0.1024,0.1024,0.1023,0.1023,10233.05
2026-07-15 23:30:00,0.1023,0.1023,0.1023,0.1023,70.95
2026-07-15 23:35:00,0.1023,0.1023,0.1022,0.1022,20069.89
2026-07-15 23:40:00,0.1022,0.1022,0.1022,0.1022,16188.46
2026-07-15 23:45:00,0.1022,0.1022,0.1021,0.1022,10479.02
2026-07-15 23:50:00,0.1022,0.1022,0.1021,0.1022,24504.29
2026-07-15 23:55:00,0.1022,0.1023,0.1022,0.1022,51770.8
2026-07-16 00:00:00,0.1023,0.1025,0.1022,0.1024,110715.63
2026-07-16 00:05:00,0.1024,0.1024,0.1021,0.1023,66066.79
2026-07-16 00:10:00,0.1024,0.1025,0.1024,0.1025,42302.7
2026-07-16 00:15:00,0.1026,0.1026,0.1015,0.1019,2439840.81
2026-07-16 00:20:00,0.1018,0.1018,0.1016,0.1018,440445.39
2026-07-16 00:25:00,0.1018,0.1018,0.1016,0.1017,24313.09
2026-07-16 00:30:00,0.1017,0.1017,0.1015,0.1016,127575.63
2026-07-16 00:35:00,0.1016,0.1016,0.1013,0.1013,272222.68
2026-07-16 00:40:00,0.1012,0.1013,0.1008,0.101,585827.11
2026-07-16 00:45:00,0.101,0.1013,0.1009,0.1013,251944.45
2026-07-16 00:50:00,0.1013,0.1013,0.1011,0.1013,51295.41
2026-07-16 00:55:00,0.1012,0.1012,0.1009,0.1011,113322.31
2026-07-16 01:00:00,0.1011,0.1015,0.101,0.1014,184667.63
2026-07-16 01:05:00,0.1014,0.1014,0.1013,0.1013,149639.14
2026-07-16 01:10:00,0.1012,0.1014,0.1011,0.1012,110426.23
2026-07-16 01:15:00,0.1012,0.1015,0.1007,0.1012,1799485.31
2026-07-16 01:20:00,0.1012,0.1022,0.1012,0.1017,979637.3
2026-07-16 01:25:00,0.1016,0.1023,0.1016,0.102,333878.62
2026-07-16 01:30:00,0.1019,0.1026,0.1019,0.1019,470783.33
2026-07-16 01:35:00,0.102,0.1023,0.102,0.1022,131389.33
2026-07-16 01:40:00,0.1023,0.1024,0.102,0.1023,318945.0
2026-07-16 01:45:00,0.1023,0.1025,0.1023,0.1025,125771.49
2026-07-16 01:50:00,0.1026,0.1026,0.1024,0.1025,55185.02
2026-07-16 01:55:00,0.1026,0.1028,0.1026,0.1027,151587.01
2026-07-16 02:00:00,0.1026,0.1027,0.1026,0.1027,15502.04
2026-07-16 02:05:00,0.1026,0.1028,0.1026,0.1026,76609.72
2026-07-16 02:10:00,0.1025,0.1026,0.1025,0.1025,21832.74
2026-07-16 02:15:00,0.1024,0.1025,0.1024,0.1025,42101.71
2026-07-16 02:20:00,0.1025,0.1026,0.1025,0.1026,3009.29
2026-07-16 02:25:00,0.1026,0.1026,0.1025,0.1025,30903.75
2026-07-16 02:30:00,0.1025,0.1025,0.1024,0.1024,15714.36
2026-07-16 02:35:00,0.1025,0.1026,0.1024,0.1024,29044.21
2026-07-16 02:40:00,0.1023,0.1023,0.1022,0.1023,1717.96
2026-07-16 02:45:00,0.1022,0.1024,0.1022,0.1024,44470.89
2026-07-16 02:50:00,0.1024,0.1025,0.1024,0.1025,10024.96
2026-07-16 02:55:00,0.1025,0.1027,0.1025,0.1027,43135.57
2026-07-16 03:00:00,0.1027,0.1027,0.1026,0.1026,80257.7
2026-07-16 03:05:00,0.1027,0.1027,0.1026,0.1026,45967.51
2026-07-16 03:10:00,0.1026,0.1028,0.1026,0.1026,71855.95
2026-07-16 03:15:00,0.1026,0.1026,0.1023,0.1023,30015.62
2026-07-16 03:20:00,0.1023,0.1023,0.1022,0.1022,45753.92
2026-07-16 03:25:00,0.1021,0.1023,0.1021,0.1023,25593.2
2026-07-16 03:30:00,0.1022,0.1024,0.1022,0.1024,9673.95
2026-07-16 03:35:00,0.1024,0.1024,0.1022,0.1022,21255.64
2026-07-16 03:40:00,0.1022,0.1022,0.1021,0.1021,101764.49
2026-07-16 03:45:00,0.1021,0.1021,0.102,0.1021,46209.6
2026-07-16 03:50:00,0.102,0.1023,0.102,0.1023,18417.37
2026-07-16 03:55:00,0.1023,0.1023,0.1022,0.1023,38429.29
2026-07-16 04:00:00,0.1022,0.1023,0.1022,0.1023,5407.05
2026-07-16 04:05:00,0.1023,0.1023,0.1021,0.1021,14156.99
2026-07-16 04:10:00,0.1021,0.1025,0.1021,0.1025,37939.4
2026-07-16 04:15:00,0.1024,0.1024,0.1022,0.1022,22124.88
2026-07-16 04:20:00,0.1022,0.1022,0.102,0.1021,51531.07
2026-07-16 04:25:00,0.1021,0.1022,0.1021,0.1022,18072.61
2026-07-16 04:30:00,0.1022,0.1023,0.1021,0.1022,54237.44
2026-07-16 04:35:00,0.1022,0.1022,0.102,0.1022,12164.04
2026-07-16 04:40:00,0.1021,0.1023,0.1021,0.1023,16558.29
2026-07-16 04:45:00,0.1022,0.1022,0.1021,0.1022,62324.27
2026-07-16 04:50:00,0.1022,0.1023,0.1021,0.1023,47794.9
2026-07-16 04:55:00,0.1023,0.1023,0.1022,0.1023,60027.89
2026-07-16 05:00:00,0.1023,0.1026,0.1022,0.1025,80796.8
2026-07-16 05:05:00,0.1025,0.1026,0.1024,0.1025,61395.05
2026-07-16 05:10:00,0.1024,0.1027,0.1024,0.1027,47771.51
2026-07-16 05:15:00,0.1026,0.1028,0.1025,0.1026,46658.71
2026-07-16 05:20:00,0.1026,0.1027,0.1026,0.1027,22522.42
2026-07-16 05:25:00,0.1027,0.1028,0.1025,0.1025,55894.7
2026-07-16 05:30:00,0.1025,0.1026,0.1024,0.1024,209624.44
2026-07-16 05:35:00,0.1024,0.1025,0.1024,0.1025,49122.09
2026-07-16 05:40:00,0.1024,0.1025,0.1024,0.1025,47831.0
2026-07-16 05:45:00,0.1025,0.1025,0.1025,0.1025,0.0
2026-07-16 05:50:00,0.1025,0.1025,0.1024,0.1024,23368.75
2026-07-16 05:55:00,0.1024,0.1025,0.1023,0.1023,14541.15
2026-07-16 06:00:00,0.1024,0.1027,0.1024,0.1027,116873.55
2026-07-16 06:05:00,0.1027,0.1031,0.1024,0.1026,488974.94
2026-07-16 06:10:00,0.1026,0.1026,0.1025,0.1026,33276.95
2026-07-16 06:15:00,0.1025,0.1025,0.1025,0.1025,42452.18
2026-07-16 06:20:00,0.1025,0.1025,0.1024,0.1024,27268.29
2026-07-16 06:25:00,0.1024,0.1025,0.1024,0.1025,70934.99
2026-07-16 06:30:00,0.1024,0.1024,0.1022,0.1022,44433.79
2026-07-16 06:35:00,0.1022,0.1022,0.102,0.1022,85126.05
2026-07-16 06:40:00,0.1022,0.1022,0.1021,0.1022,16933.16
2026-07-16 06:45:00,0.1022,0.1024,0.1022,0.1024,22725.37
2026-07-16 06:50:00,0.1025,0.1025,0.1024,0.1024,21958.92
2026-07-16 06:55:00,0.1025,0.1026,0.1025,0.1025,43646.49
2026-07-16 07:00:00,0.1024,0.1024,0.1023,0.1024,34192.99
2026-07-16 07:05:00,0.1024,0.1024,0.1023,0.1023,10043.27
2026-07-16 07:10:00,0.1024,0.1024,0.1023,0.1023,23842.38
2026-07-16 07:15:00,0.1022,0.1022,0.1021,0.1021,24538.32
2026-07-16 07:20:00,0.1022,0.1023,0.1022,0.1022,1362.76
2026-07-16 07:25:00,0.1022,0.1022,0.102,0.1021,35477.02
2026-07-16 07:30:00,0.1022,0.1022,0.102,0.102,26107.08
2026-07-16 07:35:00,0.1021,0.1021,0.1006,0.1012,1558440.23
2026-07-16 07:40:00,0.1011,0.1012,0.1011,0.1011,130992.85
2026-07-16 07:45:00,0.101,0.1012,0.101,0.1011,59751.5
2026-07-16 07:50:00,0.1012,0.1012,0.101,0.1011,134421.88
2026-07-16 07:55:00,0.1012,0.1013,0.1012,0.1013,60296.21
2026-07-16 08:00:00,0.1012,0.1013,0.1011,0.1012,80430.94
2026-07-16 08:05:00,0.1012,0.1012,0.101,0.1011,69513.64
2026-07-16 08:10:00,0.1011,0.1011,0.1003,0.1004,707286.21
2026-07-16 08:15:00,0.1004,0.1006,0.1,0.1003,514877.57
2026-07-16 08:20:00,0.1003,0.1006,0.1001,0.1006,184467.18
2026-07-16 08:25:00,0.1006,0.101,0.1006,0.101,146620.01
2026-07-16 08:30:00,0.1011,0.1013,0.101,0.1012,60625.13
2026-07-16 08:35:00,0.1012,0.1014,0.1012,0.1014,152153.42
2026-07-16 08:40:00,0.1013,0.1014,0.1006,0.1007,183260.59
2026-07-16 08:45:00,0.1007,0.1009,0.1006,0.1008,81786.74
2026-07-16 08:50:00,0.1008,0.1008,0.1006,0.1006,48801.28
2026-07-16 08:55:00,0.1005,0.1006,0.1005,0.1006,95631.4
2026-07-16 09:00:00,0.1007,0.1008,0.1005,0.1006,27264.27
2026-07-16 09:05:00,0.1006,0.1007,0.1004,0.1004,80484.76
2026-07-16 09:10:00,0.1004,0.1006,0.1004,0.1005,68068.17
2026-07-16 09:15:00,0.1006,0.1006,0.1005,0.1005,36515.32
2026-07-16 09:20:00,0.1005,0.1006,0.1004,0.1005,20552.94
2026-07-16 09:25:00,0.1004,0.1005,0.1003,0.1004,93175.09
2026-07-16 09:30:00,0.1003,0.1006,0.1003,0.1004,8053.25
2026-07-16 09:35:00,0.1004,0.1005,0.1004,0.1004,39539.39
2026-07-16 09:40:00,0.1004,0.1006,0.1004,0.1005,4773.75
2026-07-16 09:45:00,0.1004,0.1004,0.1004,0.1004,69838.57
2026-07-16 09:50:00,0.1004,0.1004,0.1,0.1003,157686.72
2026-07-16 09:55:00,0.1003,0.1003,0.0998,0.1,541765.96
2026-07-16 10:00:00,0.0999,0.1002,0.0999,0.1002,142576.67
2026-07-16 10:05:00,0.1002,0.1003,0.1001,0.1002,39946.74
2026-07-16 10:10:00,0.1002,0.1003,0.1002,0.1003,18407.67
2026-07-16 10:15:00,0.1003,0.1004,0.1003,0.1004,49490.08
2026-07-16 10:20:00,0.1004,0.1004,0.1004,0.1004,16441.77
2026-07-16 10:25:00,0.1003,0.1004,0.1003,0.1004,42343.8
2026-07-16 10:30:00,0.1004,0.1004,0.0998,0.1002,851625.78
2026-07-16 10:35:00,0.1002,0.1002,0.1001,0.1001,43302.62
2026-07-16 10:40:00,0.1001,0.1001,0.1,0.1001,35651.61
2026-07-16 10:45:00,0.1001,0.1001,0.1,0.1001,27266.69
2026-07-16 10:50:00,0.1002,0.1002,0.1001,0.1001,28187.81
2026-07-16 10:55:00,0.1001,0.1001,0.1001,0.1001,4061.12
2026-07-16 11:00:00,0.1001,0.1001,0.0999,0.1,103244.37
2026-07-16 11:05:00,0.0999,0.0999,0.0998,0.0998,138474.83
2026-07-16 11:10:00,0.0998,0.1002,0.0998,0.1001,331805.9
2026-07-16 11:15:00,0.1001,0.1001,0.0999,0.0999,43102.43
2026-07-16 11:20:00,0.0998,0.1001,0.0998,0.1001,22803.73
2026-07-16 11:25:00,0.1002,0.1002,0.1,0.1,112755.38
2026-07-16 11:30:00,0.0999,0.1,0.0998,0.1,21820.36
2026-07-16 11:35:00,0.0999,0.1,0.0998,0.0998,15769.36
2026-07-16 11:40:00,0.0998,0.0999,0.0997,0.0999,148803.77
2026-07-16 11:45:00,0.0999,0.1,0.0994,0.0996,246348.43
2026-07-16 11:50:00,0.0996,0.0999,0.0996,0.0998,76926.81
2026-07-16 11:55:00,0.0999,0.0999,0.0999,0.0999,10676.69
2026-07-16 12:00:00,0.0999,0.1,0.0998,0.0998,40066.35
2026-07-16 12:05:00,0.0998,0.0998,0.0997,0.0998,28670.38
2026-07-16 12:10:00,0.0998,0.0998,0.0996,0.0997,32672.89
2026-07-16 12:15:00,0.0997,0.0997,0.0996,0.0997,29347.28
2026-07-16 12:20:00,0.0997,0.0999,0.0994,0.0998,302069.19
2026-07-16 12:25:00,0.0998,0.0998,0.0998,0.0998,12710.55
2026-07-16 12:30:00,0.0999,0.1,0.0997,0.0999,155532.08
2026-07-16 12:35:00,0.0999,0.0999,0.0995,0.0996,175063.01
2026-07-16 12:40:00,0.0996,0.0997,0.0995,0.0995,52875.72
2026-07-16 12:45:00,0.0994,0.0997,0.0994,0.0997,51084.62
2026-07-16 12:50:00,0.0997,0.0998,0.0996,0.0998,37373.17
2026-07-16 12:55:00,0.0997,0.0997,0.0995,0.0996,31019.39
2026-07-16 13:00:00,0.0995,0.0996,0.0995,0.0995,35453.98
2026-07-16 13:05:00,0.0996,0.0997,0.0996,0.0996,26390.0
2026-07-16 13:10:00,0.0997,0.1,0.0997,0.0999,36204.33
2026-07-16 13:15:00,0.0999,0.1003,0.0999,0.1001,139601.23
2026-07-16 13:20:00,0.1002,0.1005,0.1002,0.1005,95801.6
2026-07-16 13:25:00,0.1004,0.1006,0.1004,0.1006,28577.03
2026-07-16 13:30:00,0.1006,0.1008,0.1004,0.1006,317435.71
2026-07-16 13:35:00,0.1006,0.1008,0.1004,0.1004,180184.82
2026-07-16 13:40:00,0.1005,0.1007,0.1002,0.1003,96846.2
2026-07-16 13:45:00,0.1002,0.1004,0.1002,0.1003,14029.62
2026-07-16 13:50:00,0.1003,0.1006,0.1003,0.1005,78113.44
2026-07-16 13:55:00,0.1004,0.1006,0.1004,0.1006,33894.23
2026-07-16 14:00:00,0.1006,0.1009,0.1005,0.1007,79477.81
2026-07-16 14:05:00,0.1007,0.101,0.1007,0.1009,124161.49
2026-07-16 14:10:00,0.1009,0.101,0.1008,0.1009,87365.13
2026-07-16 14:15:00,0.101,0.1011,0.1009,0.101,15676.84
2026-07-16 14:20:00,0.1009,0.1009,0.1006,0.1006,128482.78
2026-07-16 14:25:00,0.1006,0.1009,0.1006,0.1008,64619.41
2026-07-16 14:30:00,0.1007,0.1007,0.1005,0.1007,38926.51
2026-07-16 14:35:00,0.1006,0.1008,0.1006,0.1006,63319.79
2026-07-16 14:40:00,0.1006,0.1007,0.1006,0.1007,54458.57
2026-07-16 14:45:00,0.1007,0.1008,0.1005,0.1005,85329.05
2026-07-16 14:50:00,0.1005,0.1005,0.1002,0.1002,89204.94
2026-07-16 14:55:00,0.1002,0.1003,0.0999,0.1002,157378.85
2026-07-16 15:00:00,0.1003,0.1003,0.0999,0.1,89590.65
2026-07-16 15:05:00,0.0999,0.0999,0.0997,0.0999,67240.98
2026-07-16 15:10:00,0.0999,0.0999,0.0997,0.0998,80978.3
2026-07-16 15:15:00,0.0998,0.1001,0.0998,0.1001,54343.6
2026-07-16 15:20:00,0.1001,0.1004,0.1001,0.1003,44458.69
2026-07-16 15:25:00,0.1004,0.1008,0.1004,0.1007,98694.23
2026-07-16 15:30:00,0.1007,0.1008,0.1005,0.1007,51413.5
2026-07-16 15:35:00,0.1007,0.1009,0.1007,0.1009,73967.41
2026-07-16 15:40:00,0.1009,0.1009,0.1006,0.1006,46482.38
2026-07-16 15:45:00,0.1006,0.1007,0.1004,0.1006,72633.28
2026-07-16 15:50:00,0.1007,0.1008,0.1006,0.1006,31720.99
2026-07-16 15:55:00,0.1005,0.1005,0.1004,0.1004,35401.4
2026-07-16 16:00:00,0.1004,0.1004,0.1001,0.1001,34457.96
2026-07-16 16:05:00,0.1001,0.1002,0.1001,0.1002,20364.81
2026-07-16 16:10:00,0.1001,0.1001,0.0999,0.1001,426400.77
2026-07-16 16:15:00,0.1,0.1003,0.0999,0.1003,352547.17
2026-07-16 16:20:00,0.1003,0.1003,0.1,0.1002,23553.45
2026-07-16 16:25:00,0.1002,0.1002,0.1002,0.1002,23106.58
2026-07-16 16:30:00,0.1003,0.1003,0.1003,0.1003,14132.19
2026-07-16 16:35:00,0.1003,0.1003,0.1002,0.1002,41596.4
2026-07-16 16:40:00,0.1002,0.1003,0.1,0.1,11065.27
2026-07-16 16:45:00,0.1,0.1001,0.1,0.1001,21044.46
2026-07-16 16:50:00,0.1001,0.1004,0.1001,0.1002,32967.89
2026-07-16 16:55:00,0.1003,0.1003,0.1002,0.1002,14905.05
2026-07-16 17:00:00,0.1002,0.1002,0.1,0.1001,32986.66
2026-07-16 17:05:00,0.1,0.1,0.0999,0.1,37351.4
2026-07-16 17:10:00,0.1,0.1,0.0996,0.0996,85923.33
2026-07-16 17:15:00,0.0996,0.0997,0.0988,0.0994,484614.57
2026-07-16 17:20:00,0.0995,0.0995,0.0994,0.0995,238617.94
2026-07-16 17:25:00,0.0994,0.0997,0.0993,0.0997,41762.24
2026-07-16 17:30:00,0.0998,0.0999,0.0997,0.0998,43506.35
2026-07-16 17:35:00,0.0998,0.1001,0.0998,0.1,167093.73
2026-07-16 17:40:00,0.1,0.1,0.0999,0.0999,121656.46
2026-07-16 17:45:00,0.0999,0.0999,0.0998,0.0998,50311.65
2026-07-16 17:50:00,0.0998,0.0998,0.0994,0.0995,77406.46
2026-07-16 17:55:00,0.0995,0.0995,0.0991,0.0994,129114.57
2026-07-16 18:00:00,0.0995,0.0996,0.0993,0.0993,52897.87
2026-07-16 18:05:00,0.0994,0.0995,0.0994,0.0995,32946.35
2026-07-16 18:10:00,0.0996,0.0997,0.0996,0.0996,13124.36
2026-07-16 18:15:00,0.0996,0.0997,0.0995,0.0997,5779.64
2026-07-16 18:20:00,0.0998,0.0999,0.0998,0.0999,43365.1
2026-07-16 18:25:00,0.0998,0.0998,0.0997,0.0997,14735.53
2026-07-16 18:30:00,0.0997,0.0997,0.0996,0.0997,32024.8
2026-07-16 18:35:00,0.0996,0.0996,0.0994,0.0995,47854.43
2026-07-16 18:40:00,0.0994,0.0996,0.0993,0.0995,44937.27
2026-07-16 18:45:00,0.0994,0.0996,0.0994,0.0995,40919.76
2026-07-16 18:50:00,0.0996,0.0997,0.0996,0.0996,27691.67
2026-07-16 18:55:00,0.0995,0.0996,0.0995,0.0996,20755.01
2026-07-16 19:00:00,0.0996,0.0997,0.0996,0.0997,36649.97
2026-07-16 19:05:00,0.0997,0.0997,0.0994,0.0994,46073.02
2026-07-16 19:10:00,0.0994,0.0994,0.0994,0.0994,31621.14
2026-07-16 19:15:00,0.0994,0.0995,0.0994,0.0995,14444.67
2026-07-16 19:20:00,0.0995,0.0996,0.0995,0.0995,43260.27
2026-07-16 19:25:00,0.0995,0.0997,0.0994,0.0996,79631.5
2026-07-16 19:30:00,0.0995,0.0996,0.0995,0.0995,29331.91
2026-07-16 19:35:00,0.0995,0.0995,0.0994,0.0995,45698.88
2026-07-16 19:40:00,0.0994,0.0995,0.0993,0.0993,10515.23
2026-07-16 19:45:00,0.0993,0.0993,0.0991,0.0992,94109.85
2026-07-16 19:50:00,0.0993,0.0995,0.0992,0.0993,108870.04
2026-07-16 19:55:00,0.0994,0.0994,0.0992,0.0992,41496.9
2026-07-16 20:00:00,0.0993,0.0993,0.099,0.0991,101596.26
2026-07-16 20:05:00,0.0991,0.0992,0.0991,0.0991,31353.8
2026-07-16 20:10:00,0.0991,0.0993,0.0991,0.0993,64166.97
2026-07-16 20:15:00,0.0993,0.0995,0.0993,0.0995,78064.76
2026-07-16 20:20:00,0.0995,0.1003,0.0995,0.1,695183.24
2026-07-16 20:25:00,0.1,0.1001,0.1,0.1,70586.39
2026-07-16 20:30:00,0.0999,0.0999,0.0994,0.0996,350076.16
2026-07-16 20:35:00,0.0996,0.0998,0.0996,0.0996,232059.93
2026-07-16 20:40:00,0.0996,0.0996,0.0995,0.0995,21765.89
2026-07-16 20:45:00,0.0995,0.0995,0.0995,0.0995,74857.51
2026-07-16 20:50:00,0.0995,0.0995,0.0994,0.0994,22021.56
2026-07-16 20:55:00,0.0995,0.0996,0.0995,0.0995,16674.25
2026-07-16 21:00:00,0.0994,0.0995,0.0994,0.0995,1384.91
2026-07-16 21:05:00,0.0996,0.0997,0.0996,0.0997,32359.87
2026-07-16 21:10:00,0.0996,0.0998,0.0996,0.0996,62643.08
2026-07-16 21:15:00,0.0998,0.0998,0.0997,0.0997,3031.38
2026-07-16 21:20:00,0.0997,0.0997,0.0997,0.0997,2355.25
2026-07-16 21:25:00,0.0997,0.0999,0.0997,0.0999,30041.01
2026-07-16 21:30:00,0.0998,0.1,0.0998,0.1,15419.18
2026-07-16 21:35:00,0.1,0.1002,0.0998,0.1002,81495.19
2026-07-16 21:40:00,0.1001,0.1002,0.1,0.1001,22751.19
2026-07-16 21:45:00,0.1,0.1,0.0998,0.0999,2899.17
2026-07-16 21:50:00,0.1,0.1,0.0999,0.0999,624.01
2026-07-16 21:55:00,0.0998,0.0998,0.0997,0.0997,30931.44
2026-07-16 22:00:00,0.0998,0.1,0.0998,0.1,41324.75
2026-07-16 22:05:00,0.1,0.1002,0.1,0.1,25388.59
2026-07-16 22:10:00,0.1,0.1002,0.1,0.1001,30445.39
2026-07-16 22:15:00,0.1,0.1001,0.0999,0.0999,57190.07
2026-07-16 22:20:00,0.0999,0.0999,0.0997,0.0998,37447.03
2026-07-16 22:25:00,0.0997,0.0998,0.0997,0.0997,70686.42
2026-07-16 22:30:00,0.0996,0.0999,0.0996,0.0997,34032.83
2026-07-16 22:35:00,0.0997,0.0998,0.0997,0.0998,27703.3
2026-07-16 22:40:00,0.0997,0.0997,0.0993,0.0994,93630.46
2026-07-16 22:45:00,0.0994,0.0995,0.0992,0.0992,144810.17
2026-07-16 22:50:00,0.0992,0.0992,0.0986,0.0988,298854.48
2026-07-16 22:55:00,0.0987,0.0992,0.0987,0.0992,209951.54
2026-07-16 23:00:00,0.0991,0.0991,0.099,0.099,51851.71
2026-07-16 23:05:00,0.0989,0.0989,0.0987,0.0988,211358.18
2026-07-16 23:10:00,0.0987,0.099,0.0987,0.099,164187.78
2026-07-16 23:15:00,0.099,0.099,0.0986,0.0986,68172.12
2026-07-16 23:20:00,0.0987,0.0988,0.0983,0.0985,246463.22
2026-07-16 23:25:00,0.0985,0.0987,0.0985,0.0985,82089.71
2026-07-16 23:30:00,0.0985,0.0986,0.0984,0.0985,125570.89
2026-07-16 23:35:00,0.0985,0.0986,0.0983,0.0985,124616.38
2026-07-16 23:40:00,0.0986,0.0988,0.0986,0.0987,100898.71
2026-07-16 23:45:00,0.0987,0.0988,0.0985,0.0985,198361.16
2026-07-16 23:50:00,0.0986,0.0988,0.0986,0.0987,64554.55
2026-07-16 23:55:00,0.0987,0.0987,0.0987,0.0987,23340.71
2026-07-17 00:00:00,0.0987,0.0988,0.0985,0.0986,85885.76
2026-07-17 00:05:00,0.0985,0.0986,0.0984,0.0985,41870.92
2026-07-17 00:10:00,0.0986,0.0986,0.0984,0.0985,25348.49
2026-07-17 00:15:00,0.0986,0.0989,0.0985,0.0989,98967.22
2026-07-17 00:20:00,0.0988,0.099,0.0987,0.0988,90104.49
2026-07-17 00:25:00,0.0989,0.099,0.0988,0.0988,64475.1
2026-07-17 00:30:00,0.0988,0.0988,0.0986,0.0986,121919.44
2026-07-17 00:35:00,0.0985,0.0986,0.0982,0.0986,210348.26
2026-07-17 00:40:00,0.0986,0.0989,0.0986,0.0989,36387.62
2026-07-17 00:45:00,0.0989,0.099,0.0988,0.0989,47422.97
2026-07-17 00:50:00,0.099,0.0991,0.099,0.099,138562.15
2026-07-17 00:55:00,0.099,0.0991,0.0989,0.099,608465.4
2026-07-17 01:00:00,0.0991,0.0992,0.099,0.0992,51459.72
2026-07-17 01:05:00,0.0991,0.0992,0.099,0.099,104670.98
2026-07-17 01:10:00,0.099,0.0992,0.099,0.0992,63046.26
2026-07-17 01:15:00,0.0992,0.0992,0.0989,0.0989,69448.47
2026-07-17 01:20:00,0.0988,0.0988,0.0987,0.0988,79069.79
2026-07-17 01:25:00,0.0988,0.0989,0.0988,0.0989,3533.62
2026-07-17 01:30:00,0.099,0.099,0.0987,0.0987,89899.19
2026-07-17 01:35:00,0.0987,0.0989,0.0987,0.0988,34349.63
2026-07-17 01:40:00,0.0987,0.0987,0.0984,0.0984,76994.24
2026-07-17 01:45:00,0.0985,0.0985,0.0978,0.098,218318.91
2026-07-17 01:50:00,0.098,0.098,0.0977,0.0979,77643.15
2026-07-17 01:55:00,0.0979,0.0979,0.0975,0.0978,106882.5
2026-07-17 02:00:00,0.0977,0.0979,0.0976,0.0979,66908.34
2026-07-17 02:05:00,0.0979,0.098,0.0974,0.0974,120064.42
2026-07-17 02:10:00,0.0974,0.0979,0.0973,0.0979,90336.62
2026-07-17 02:15:00,0.0978,0.0979,0.0978,0.0978,149728.68
2026-07-17 02:20:00,0.0978,0.0979,0.0977,0.0977,51644.63
2026-07-17 02:25:00,0.0978,0.0979,0.0977,0.0977,56868.32
2026-07-17 02:30:00,0.0977,0.0977,0.0976,0.0976,35383.79
2026-07-17 02:35:00,0.0976,0.0976,0.0973,0.0974,115376.89
2026-07-17 02:40:00,0.0974,0.0977,0.0973,0.0976,90756.16
2026-07-17 02:45:00,0.0977,0.0977,0.0975,0.0976,64112.97
2026-07-17 02:50:00,0.0976,0.0976,0.0975,0.0975,70097.72
2026-07-17 02:55:00,0.0975,0.0979,0.0975,0.0978,85661.7
2026-07-17 03:00:00,0.0978,0.098,0.0977,0.0979,92257.05
2026-07-17 03:05:00,0.0979,0.0983,0.0979,0.0982,126734.75
2026-07-17 03:10:00,0.0982,0.0983,0.0982,0.0983,29871.26
2026-07-17 03:15:00,0.0983,0.0987,0.0983,0.0987,174050.39
2026-07-17 03:20:00,0.0986,0.0986,0.0984,0.0985,114706.45
2026-07-17 03:25:00,0.0986,0.0987,0.0986,0.0986,27627.18
2026-07-17 03:30:00,0.0985,0.0986,0.0984,0.0984,42909.34
2026-07-17 03:35:00,0.0985,0.0986,0.0984,0.0984,50440.02
2026-07-17 03:40:00,0.0984,0.0984,0.0983,0.0983,23049.67
2026-07-17 03:45:00,0.0983,0.0984,0.0983,0.0983,111230.51
2026-07-17 03:50:00,0.0983,0.0983,0.0982,0.0983,10700.46
2026-07-17 03:55:00,0.0983,0.0983,0.0981,0.0981,52262.94
2026-07-17 04:00:00,0.098,0.0981,0.0979,0.098,112656.34
2026-07-17 04:05:00,0.098,0.098,0.0979,0.0979,32619.91
2026-07-17 04:10:00,0.0979,0.098,0.0978,0.0979,24866.21
2026-07-17 04:15:00,0.0979,0.098,0.0977,0.0977,72783.53
2026-07-17 04:20:00,0.0977,0.0978,0.0977,0.0977,345801.78
2026-07-17 04:25:00,0.0977,0.0977,0.0976,0.0977,75744.45
2026-07-17 04:30:00,0.0977,0.0977,0.0975,0.0976,61936.75
2026-07-17 04:35:00,0.0976,0.0976,0.0975,0.0976,33941.28
2026-07-17 04:40:00,0.0975,0.0979,0.0975,0.0978,86440.64
2026-07-17 04:45:00,0.0978,0.098,0.0978,0.0979,44485.47
2026-07-17 04:50:00,0.0979,0.0979,0.0978,0.0978,8730.19
2026-07-17 04:55:00,0.0978,0.0978,0.0977,0.0977,24300.2
2026-07-17 05:00:00,0.0977,0.0977,0.0975,0.0977,104325.52
2026-07-17 05:05:00,0.0977,0.0977,0.0974,0.0975,74220.02
2026-07-17 05:10:00,0.0976,0.0976,0.0974,0.0976,25535.81
2026-07-17 05:15:00,0.0976,0.0977,0.0975,0.0975,134203.02
2026-07-17 05:20:00,0.0974,0.0974,0.0972,0.0973,65076.4
2026-07-17 05:25:00,0.0973,0.0973,0.097,0.097,139341.84
2026-07-17 05:30:00,0.097,0.0972,0.097,0.097,84010.09
2026-07-17 05:35:00,0.097,0.0971,0.0969,0.097,73975.7
2026-07-17 05:40:00,0.097,0.0972,0.0967,0.0972,173915.68
2026-07-17 05:45:00,0.0971,0.0971,0.0965,0.0968,319102.49
2026-07-17 05:50:00,0.0968,0.0969,0.0966,0.0968,133096.64
2026-07-17 05:55:00,0.0968,0.0969,0.0965,0.0967,277723.91
2026-07-17 06:00:00,0.0968,0.0969,0.0964,0.0969,261687.74
2026-07-17 06:05:00,0.0969,0.097,0.0966,0.0967,75964.36
2026-07-17 06:10:00,0.0967,0.097,0.0967,0.097,26758.7
2026-07-17 06:15:00,0.0969,0.097,0.0969,0.0969,80312.39
2026-07-17 06:20:00,0.097,0.0973,0.097,0.0972,19197.83
2026-07-17 06:25:00,0.0972,0.0973,0.0972,0.0972,16802.66
2026-07-17 06:30:00,0.0972,0.0972,0.0971,0.0971,26161.96
2026-07-17 06:35:00,0.0971,0.0971,0.097,0.097,58604.99
2026-07-17 06:40:00,0.097,0.0971,0.0969,0.097,20108.5
2026-07-17 06:45:00,0.097,0.097,0.0969,0.0969,217355.25
2026-07-17 06:50:00,0.0969,0.097,0.0969,0.0969,149977.7
2026-07-17 06:55:00,0.097,0.0971,0.097,0.0971,113581.49
2026-07-17 07:00:00,0.0972,0.0972,0.0971,0.0971,14197.07
2026-07-17 07:05:00,0.0971,0.0971,0.0969,0.097,74921.47
2026-07-17 07:10:00,0.097,0.097,0.0968,0.0968,107047.09
2026-07-17 07:15:00,0.0969,0.0969,0.0967,0.0968,65185.62
2026-07-17 07:20:00,0.0967,0.0968,0.0965,0.0967,99753.07
2026-07-17 07:25:00,0.0966,0.0968,0.0966,0.0967,27421.9
2026-07-17 07:30:00,0.0968,0.0969,0.0965,0.0966,51192.49
2026-07-17 07:35:00,0.0965,0.0965,0.0963,0.0964,393222.39
2026-07-17 07:40:00,0.0965,0.0965,0.0963,0.0965,87767.22
2026-07-17 07:45:00,0.0964,0.0966,0.0964,0.0966,23688.22
2026-07-17 07:50:00,0.0966,0.0966,0.0964,0.0964,75873.15
2026-07-17 07:55:00,0.0964,0.0964,0.0962,0.0963,92492.98
2026-07-17 08:00:00,0.0962,0.0963,0.0961,0.0963,36165.34
2026-07-17 08:05:00,0.0964,0.0964,0.0962,0.0962,12589.43
2026-07-17 08:10:00,0.0962,0.0963,0.0961,0.0963,29132.09
2026-07-17 08:15:00,0.0962,0.0962,0.0955,0.0957,344149.57
2026-07-17 08:20:00,0.0957,0.0959,0.0957,0.0958,80280.82
2026-07-17 08:25:00,0.0958,0.096,0.0958,0.0959,59196.52
2026-07-17 08:30:00,0.0958,0.0958,0.0955,0.0956,139241.81
2026-07-17 08:35:00,0.0955,0.0956,0.0953,0.0953,190948.36
2026-07-17 08:40:00,0.0953,0.0957,0.0953,0.0956,156426.2
2026-07-17 08:45:00,0.0956,0.096,0.0955,0.096,283171.41
2026-07-17 08:50:00,0.096,0.0964,0.096,0.0963,309877.55
2026-07-17 08:55:00,0.0963,0.0964,0.0961,0.0961,166990.41
2026-07-17 09:00:00,0.0961,0.0963,0.0961,0.0962,35671.64
2026-07-17 09:05:00,0.0963,0.0965,0.0962,0.0965,116055.61
2026-07-17 09:10:00,0.0965,0.0966,0.0965,0.0966,63024.52
2026-07-17 09:15:00,0.0966,0.0966,0.0964,0.0964,105464.46
2026-07-17 09:20:00,0.0964,0.0967,0.0964,0.0967,53343.42
2026-07-17 09:25:00,0.0967,0.0967,0.0966,0.0967,33433.38
2026-07-17 09:30:00,0.0967,0.0967,0.0965,0.0966,16567.0
2026-07-17 09:35:00,0.0966,0.0969,0.0966,0.0968,71728.99
2026-07-17 09:40:00,0.0968,0.0968,0.0966,0.0966,100359.03
2026-07-17 09:45:00,0.0966,0.0968,0.0966,0.0967,33152.26
2026-07-17 09:50:00,0.0967,0.0969,0.0967,0.0969,113196.35
2026-07-17 09:55:00,0.0968,0.0968,0.0967,0.0968,28810.16
2026-07-17 10:00:00,0.0968,0.0969,0.0968,0.0969,82218.01
2026-07-17 10:05:00,0.097,0.0972,0.097,0.0971,50328.62
2026-07-17 10:10:00,0.097,0.0973,0.097,0.0973,37281.11
2026-07-17 10:15:00,0.0973,0.0974,0.0973,0.0974,42154.7
2026-07-17 10:20:00,0.0973,0.0974,0.0973,0.0973,38532.14
2026-07-17 10:25:00,0.0973,0.0973,0.0972,0.0973,20395.11
2026-07-17 10:30:00,0.0973,0.0975,0.0973,0.0974,43686.26
2026-07-17 10:35:00,0.0975,0.0976,0.0974,0.0975,41152.82
2026-07-17 10:40:00,0.0976,0.0976,0.0974,0.0974,27377.69
2026-07-17 10:45:00,0.0975,0.0977,0.0975,0.0976,99249.63
2026-07-17 10:50:00,0.0976,0.0977,0.0974,0.0977,35742.75
2026-07-17 10:55:00,0.0976,0.0977,0.0976,0.0976,2300.33
2026-07-17 11:00:00,0.0976,0.0978,0.0975,0.0977,74638.17
2026-07-17 11:05:00,0.0977,0.0977,0.0977,0.0977,8585.39
2026-07-17 11:10:00,0.0977,0.098,0.0977,0.0978,91204.67
2026-07-17 11:15:00,0.0977,0.0978,0.0977,0.0977,42177.58
2026-07-17 11:20:00,0.0976,0.0977,0.0975,0.0976,377622.46
2026-07-17 11:25:00,0.0976,0.0976,0.0975,0.0975,46150.63
2026-07-17 11:30:00,0.0976,0.0976,0.0975,0.0976,17968.54
2026-07-17 11:35:00,0.0976,0.0978,0.0976,0.0978,43758.53
2026-07-17 11:40:00,0.0978,0.0979,0.0977,0.0977,58255.08
2026-07-17 11:45:00,0.0977,0.0978,0.0977,0.0978,38186.49
2026-07-17 11:50:00,0.0977,0.0977,0.0975,0.0976,156471.2
2026-07-17 11:55:00,0.0977,0.0977,0.0975,0.0977,45573.59
2026-07-17 12:00:00,0.0976,0.0977,0.0975,0.0976,10706.33
2026-07-17 12:05:00,0.0976,0.0976,0.0975,0.0975,26142.34
2026-07-17 12:10:00,0.0974,0.0975,0.0974,0.0975,38591.05
2026-07-17 12:15:00,0.0975,0.0975,0.0972,0.0972,84505.11
2026-07-17 12:20:00,0.0972,0.0975,0.0972,0.0974,5423.52
2026-07-17 12:25:00,0.0974,0.0974,0.0972,0.0973,16103.67
2026-07-17 12:30:00,0.0973,0.0973,0.0973,0.0973,43131.05
2026-07-17 12:35:00,0.0973,0.0974,0.0973,0.0973,23737.22
2026-07-17 12:40:00,0.0972,0.0972,0.0971,0.0972,124230.7
2026-07-17 12:45:00,0.0972,0.0972,0.0967,0.0967,193638.85
2026-07-17 12:50:00,0.0967,0.0968,0.0967,0.0968,53744.05
2026-07-17 12:55:00,0.0968,0.0968,0.0966,0.0966,92700.6
2026-07-17 13:00:00,0.0966,0.0966,0.0963,0.0964,129581.65
2026-07-17 13:05:00,0.0964,0.0964,0.0953,0.0957,279028.1
2026-07-17 13:10:00,0.0957,0.0957,0.0953,0.0957,197087.88
2026-07-17 13:15:00,0.0957,0.0957,0.0954,0.0956,88840.21
2026-07-17 13:20:00,0.0956,0.0959,0.0956,0.0957,66179.19
2026-07-17 13:25:00,0.0957,0.0958,0.0954,0.0957,726872.57
2026-07-17 13:30:00,0.0957,0.0959,0.0953,0.0953,404113.12
2026-07-17 13:35:00,0.0954,0.0954,0.095,0.0951,409808.22
2026-07-17 13:40:00,0.0952,0.0954,0.095,0.0951,119362.26
2026-07-17 13:45:00,0.0951,0.0957,0.095,0.0957,270073.09
2026-07-17 13:50:00,0.0957,0.0959,0.0957,0.0959,159897.14
2026-07-17 13:55:00,0.0958,0.0962,0.0958,0.0962,105194.3
2026-07-17 14:00:00,0.0962,0.0965,0.0962,0.0964,109283.75
2026-07-17 14:05:00,0.0964,0.0968,0.0964,0.0967,211290.09
2026-07-17 14:10:00,0.0967,0.0968,0.0964,0.0965,86086.65
2026-07-17 14:15:00,0.0965,0.0966,0.0962,0.0962,148559.87
2026-07-17 14:20:00,0.0961,0.0962,0.0958,0.096,130521.85
2026-07-17 14:25:00,0.0961,0.0961,0.0959,0.0959,96856.33
2026-07-17 14:30:00,0.0959,0.0959,0.0954,0.0957,145167.6
2026-07-17 14:35:00,0.0957,0.096,0.0957,0.0959,203174.53
2026-07-17 14:40:00,0.0959,0.0959,0.0958,0.0958,39160.62
2026-07-17 14:45:00,0.0958,0.0958,0.0955,0.0956,214183.58
2026-07-17 14:50:00,0.0955,0.0957,0.0955,0.0957,71029.79
2026-07-17 14:55:00,0.0958,0.096,0.0956,0.0957,102514.12
2026-07-17 15:00:00,0.0957,0.0957,0.0953,0.0956,641798.6
2026-07-17 15:05:00,0.0956,0.0956,0.0952,0.0954,575927.51
2026-07-17 15:10:00,0.0955,0.0956,0.0951,0.0953,199882.14
2026-07-17 15:15:00,0.0953,0.0954,0.0951,0.0953,84661.89
2026-07-17 15:20:00,0.0953,0.0957,0.0952,0.0956,124224.0
2026-07-17 15:25:00,0.0956,0.0957,0.0955,0.0957,128858.26
2026-07-17 15:30:00,0.0958,0.0961,0.0953,0.0958,807945.97
2026-07-17 15:35:00,0.0957,0.0961,0.0957,0.0961,152390.41
2026-07-17 15:40:00,0.0961,0.0962,0.0958,0.0959,139349.6
2026-07-17 15:45:00,0.096,0.096,0.0958,0.0958,39457.46
2026-07-17 15:50:00,0.0959,0.0962,0.0958,0.0962,174483.24
2026-07-17 15:55:00,0.0962,0.0963,0.0962,0.0963,78565.32
2026-07-17 16:00:00,0.0963,0.0963,0.0958,0.0961,553912.82
2026-07-17 16:05:00,0.0962,0.0962,0.0961,0.0962,49067.66
2026-07-17 16:10:00,0.0963,0.0964,0.0963,0.0964,81082.63
2026-07-17 16:15:00,0.0964,0.0965,0.0963,0.0964,187492.26
2026-07-17 16:20:00,0.0964,0.0964,0.0961,0.0963,126081.02
2026-07-17 16:25:00,0.0964,0.0967,0.0964,0.0966,107764.03
2026-07-17 16:30:00,0.0965,0.0966,0.0965,0.0966,93361.3
2026-07-17 16:35:00,0.0967,0.0968,0.0966,0.0967,31217.52
2026-07-17 16:40:00,0.0967,0.0968,0.0966,0.0967,165626.03
2026-07-17 16:45:00,0.0967,0.0968,0.0966,0.0968,62486.26
2026-07-17 16:50:00,0.0968,0.0968,0.0967,0.0968,96919.16
2026-07-17 16:55:00,0.0968,0.0968,0.0965,0.0966,47373.44
2026-07-17 17:00:00,0.0966,0.0967,0.0965,0.0967,139495.75
2026-07-17 17:05:00,0.0967,0.0971,0.0967,0.0971,100229.72
2026-07-17 17:10:00,0.0971,0.0973,0.0969,0.0969,64827.54
2026-07-17 17:15:00,0.097,0.0971,0.0969,0.097,34230.18
2026-07-17 17:20:00,0.0969,0.0969,0.0967,0.0968,33639.3
2026-07-17 17:25:00,0.0968,0.0971,0.0968,0.097,49407.31
2026-07-17 17:30:00,0.0969,0.0969,0.0968,0.0968,20651.47
2026-07-17 17:35:00,0.0967,0.0968,0.0965,0.0965,75614.07
2026-07-17 17:40:00,0.0965,0.0965,0.0964,0.0965,9707.73
2026-07-17 17:45:00,0.0965,0.0967,0.0965,0.0966,22750.53
2026-07-17 17:50:00,0.0966,0.0966,0.0963,0.0964,123225.55
2026-07-17 17:55:00,0.0964,0.0964,0.0964,0.0964,31106.1
2026-07-17 18:00:00,0.0965,0.0966,0.0964,0.0965,35783.5
2026-07-17 18:05:00,0.0965,0.0965,0.0963,0.0965,36112.8
2026-07-17 18:10:00,0.0965,0.0966,0.0964,0.0966,27455.45
2026-07-17 18:15:00,0.0966,0.0966,0.0964,0.0964,30966.99
2026-07-17 18:20:00,0.0964,0.0965,0.0964,0.0965,38829.47
2026-07-17 18:25:00,0.0964,0.0966,0.0964,0.0966,112235.64
2026-07-17 18:30:00,0.0966,0.0967,0.0966,0.0966,37779.7
2026-07-17 18:35:00,0.0967,0.0967,0.0966,0.0966,19327.76
2026-07-17 18:40:00,0.0965,0.0966,0.0965,0.0966,17846.82
2026-07-17 18:45:00,0.0966,0.097,0.0966,0.097,66505.34
2026-07-17 18:50:00,0.097,0.0972,0.097,0.0971,39895.6
2026-07-17 18:55:00,0.0971,0.0971,0.097,0.097,58877.98
2026-07-17 19:00:00,0.0971,0.0973,0.097,0.0972,60870.76
2026-07-17 19:05:00,0.0971,0.0971,0.0968,0.0968,22866.42
2026-07-17 19:10:00,0.0968,0.0968,0.0966,0.0966,40713.68
2026-07-17 19:15:00,0.0965,0.0966,0.0965,0.0965,57072.64
2026-07-17 19:20:00,0.0965,0.0965,0.0964,0.0964,36425.55
2026-07-17 19:25:00,0.0963,0.0966,0.0963,0.0966,78585.59
2026-07-17 19:30:00,0.0967,0.0967,0.0965,0.0967,87314.58
2026-07-17 19:35:00,0.0966,0.0968,0.0966,0.0967,19208.63
2026-07-17 19:40:00,0.0966,0.0968,0.0966,0.0967,19426.02
2026-07-17 19:45:00,0.0968,0.0968,0.0967,0.0967,40241.13
2026-07-17 19:50:00,0.0967,0.0967,0.0965,0.0965,49232.91
2026-07-17 19:55:00,0.0966,0.0966,0.0965,0.0965,5531.4
2026-07-17 20:00:00,0.0964,0.0964,0.0963,0.0963,101524.32
2026-07-17 20:05:00,0.0964,0.0964,0.0963,0.0964,51687.97
2026-07-17 20:10:00,0.0964,0.0966,0.0964,0.0964,23002.31
2026-07-17 20:15:00,0.0965,0.0965,0.0963,0.0964,8964.56
2026-07-17 20:20:00,0.0964,0.0964,0.0963,0.0964,4324.05
2026-07-17 20:25:00,0.0964,0.0964,0.0964,0.0964,42039.52
2026-07-17 20:30:00,0.0964,0.0964,0.0963,0.0963,23387.43
2026-07-17 20:35:00,0.0963,0.0963,0.0962,0.0962,6820.07
2026-07-17 20:40:00,0.0962,0.0962,0.0961,0.0961,66571.41
2026-07-17 20:45:00,0.0962,0.0964,0.0961,0.0961,15863.74
2026-07-17 20:50:00,0.0961,0.0962,0.096,0.0962,19678.67
2026-07-17 20:55:00,0.0963,0.0963,0.0962,0.0962,24384.11
2026-07-17 21:00:00,0.0962,0.0964,0.0962,0.0963,5790.65
2026-07-17 21:05:00,0.0964,0.0964,0.0964,0.0964,238.52
2026-07-17 21:10:00,0.0963,0.0964,0.0963,0.0964,41650.64
2026-07-17 21:15:00,0.0963,0.0964,0.0963,0.0964,3316.3
2026-07-17 21:20:00,0.0963,0.0963,0.0963,0.0963,317.91
2026-07-17 21:25:00,0.0964,0.0965,0.0964,0.0964,69694.19
2026-07-17 21:30:00,0.0963,0.0964,0.0962,0.0962,10817.48
2026-07-17 21:35:00,0.0961,0.0962,0.0961,0.0962,43090.62
2026-07-17 21:40:00,0.0961,0.0962,0.0958,0.096,154473.34
2026-07-17 21:45:00,0.0959,0.096,0.0958,0.0958,26460.76
2026-07-17 21:50:00,0.0958,0.0959,0.0957,0.0958,97061.4
2026-07-17 21:55:00,0.0957,0.0958,0.0956,0.0958,100960.68
2026-07-17 22:00:00,0.0958,0.0958,0.0956,0.0956,23038.8
2026-07-17 22:05:00,0.0957,0.0957,0.0957,0.0957,13185.34
2026-07-17 22:10:00,0.0957,0.0958,0.0956,0.0957,38096.18
2026-07-17 22:15:00,0.0956,0.0957,0.0955,0.0956,63624.22
2026-07-17 22:20:00,0.0955,0.0955,0.0955,0.0955,14059.66
2026-07-17 22:25:00,0.0956,0.0956,0.0955,0.0956,22609.22
2026-07-17 22:30:00,0.0955,0.0956,0.0955,0.0956,7622.93
2026-07-17 22:35:00,0.0955,0.0956,0.0955,0.0955,3260.7
2026-07-17 22:40:00,0.0955,0.0956,0.0955,0.0956,129692.52
2026-07-17 22:45:00,0.0957,0.0957,0.0956,0.0956,2788.83
2026-07-17 22:50:00,0.0957,0.0958,0.0957,0.0958,12183.19
2026-07-17 22:55:00,0.0958,0.0958,0.0957,0.0957,4060.29
2026-07-17 23:00:00,0.0958,0.0958,0.0956,0.0957,48907.51
2026-07-17 23:05:00,0.0956,0.0956,0.0955,0.0956,12235.74
2026-07-17 23:10:00,0.0955,0.0956,0.0954,0.0955,28951.56
2026-07-17 23:15:00,0.0956,0.0957,0.0956,0.0957,2414.08
2026-07-17 23:20:00,0.0957,0.0958,0.0957,0.0958,12849.61
2026-07-17 23:25:00,0.0958,0.0959,0.0957,0.0959,26188.29
2026-07-17 23:30:00,0.0959,0.0961,0.0959,0.096,34725.12
2026-07-17 23:35:00,0.096,0.0961,0.096,0.096,36734.15
2026-07-17 23:40:00,0.0959,0.096,0.0959,0.096,29854.0
2026-07-17 23:45:00,0.096,0.096,0.0958,0.0959,119957.18
2026-07-17 23:50:00,0.0959,0.0969,0.0959,0.0961,1050482.54
2026-07-17 23:55:00,0.096,0.0963,0.096,0.096,623738.26
2026-07-18 00:00:00,0.096,0.0962,0.0959,0.0961,153628.42
2026-07-18 00:05:00,0.0961,0.0961,0.0961,0.0961,16227.23
2026-07-18 00:10:00,0.0961,0.0962,0.0961,0.0962,11393.45
2026-07-18 00:15:00,0.0963,0.0963,0.0962,0.0963,41133.17
2026-07-18 00:20:00,0.0962,0.0962,0.0961,0.0961,28885.64
2026-07-18 00:25:00,0.0962,0.0963,0.0962,0.0963,75074.85
2026-07-18 00:30:00,0.0963,0.0965,0.0962,0.0965,48439.27
2026-07-18 00:35:00,0.0965,0.0965,0.0964,0.0965,29601.92
2026-07-18 00:40:00,0.0966,0.0971,0.0965,0.0967,585238.18
2026-07-18 00:45:00,0.0967,0.0968,0.0966,0.0966,280220.97
2026-07-18 00:50:00,0.0966,0.0966,0.0965,0.0965,37387.72
2026-07-18 00:55:00,0.0964,0.0964,0.0964,0.0964,24855.75
2026-07-18 01:00:00,0.0964,0.0965,0.0963,0.0963,34980.14
2026-07-18 01:05:00,0.0964,0.0964,0.0963,0.0963,16594.01
2026-07-18 01:10:00,0.0963,0.0964,0.0963,0.0963,16620.26
2026-07-18 01:15:00,0.0963,0.0963,0.0962,0.0962,34613.84
2026-07-18 01:20:00,0.0963,0.0965,0.0963,0.0965,41334.34
2026-07-18 01:25:00,0.0964,0.0966,0.0964,0.0966,34130.29
2026-07-18 01:30:00,0.0965,0.0972,0.0965,0.0965,665261.35
2026-07-18 01:35:00,0.0965,0.0966,0.0965,0.0966,39827.31
2026-07-18 01:40:00,0.0965,0.0966,0.0965,0.0965,21215.59
2026-07-18 01:45:00,0.0965,0.0965,0.0965,0.0965,34605.75
2026-07-18 01:50:00,0.0966,0.0966,0.0965,0.0965,23081.81
2026-07-18 01:55:00,0.0965,0.0965,0.0965,0.0965,740.33
2026-07-18 02:00:00,0.0964,0.0965,0.0964,0.0964,16679.4
2026-07-18 02:05:00,0.0964,0.0964,0.0963,0.0964,57049.61
2026-07-18 02:10:00,0.0965,0.0966,0.0965,0.0965,15630.3
2026-07-18 02:15:00,0.0965,0.0966,0.0965,0.0966,76758.73
2026-07-18 02:20:00,0.0967,0.097,0.0967,0.097,70430.37
2026-07-18 02:25:00,0.097,0.0973,0.097,0.0971,69714.64
2026-07-18 02:30:00,0.0971,0.0972,0.0971,0.0972,45095.31
2026-07-18 02:35:00,0.0972,0.0976,0.0972,0.0974,282595.92
2026-07-18 02:40:00,0.0974,0.0975,0.0972,0.0975,138389.64
2026-07-18 02:45:00,0.0975,0.0975,0.0973,0.0975,245287.76
2026-07-18 02:50:00,0.0974,0.0974,0.0972,0.0972,138350.21
2026-07-18 02:55:00,0.0972,0.0974,0.0972,0.0974,71791.8
2026-07-18 03:00:00,0.0973,0.0975,0.0971,0.0972,273980.34
2026-07-18 03:05:00,0.0972,0.0976,0.0971,0.0974,437087.64
2026-07-18 03:10:00,0.0974,0.0975,0.0972,0.0972,94111.04
2026-07-18 03:15:00,0.0971,0.0972,0.0971,0.0971,218208.54
2026-07-18 03:20:00,0.097,0.0972,0.097,0.0972,107004.01
2026-07-18 03:25:00,0.0972,0.0972,0.0971,0.0971,16917.46
2026-07-18 03:30:00,0.097,0.0979,0.097,0.0974,1209652.38
2026-07-18 03:35:00,0.0974,0.0975,0.0974,0.0974,258319.58
2026-07-18 03:40:00,0.0974,0.0975,0.097,0.097,365237.82
2026-07-18 03:45:00,0.097,0.0971,0.097,0.0971,36741.78
2026-07-18 03:50:00,0.097,0.097,0.0968,0.0968,95406.41
2026-07-18 03:55:00,0.0968,0.0969,0.0968,0.0969,119191.5
2026-07-18 04:00:00,0.097,0.097,0.097,0.097,16519.49
2026-07-18 04:05:00,0.0969,0.0969,0.0968,0.0968,28057.19
2026-07-18 04:10:00,0.0968,0.0968,0.0968,0.0968,22721.39
2026-07-18 04:15:00,0.0968,0.0968,0.0966,0.0966,36830.31
2026-07-18 04:20:00,0.0967,0.0967,0.0965,0.0965,95660.47
2026-07-18 04:25:00,0.0965,0.0965,0.0964,0.0965,67043.12
2026-07-18 04:30:00,0.0964,0.0965,0.0964,0.0965,47295.77
2026-07-18 04:35:00,0.0964,0.0964,0.0963,0.0964,14187.13
2026-07-18 04:40:00,0.0965,0.0965,0.0964,0.0964,9117.8
2026-07-18 04:45:00,0.0964,0.0965,0.0963,0.0964,23479.15
2026-07-18 04:50:00,0.0964,0.0965,0.0964,0.0964,19258.94
2026-07-18 04:55:00,0.0965,0.0965,0.0964,0.0965,4916.07
2026-07-18 05:00:00,0.0964,0.0965,0.0964,0.0965,41119.58
2026-07-18 05:05:00,0.0965,0.0965,0.0964,0.0964,31401.33
2026-07-18 05:10:00,0.0963,0.0963,0.0962,0.0962,38373.3
2026-07-18 05:15:00,0.0961,0.0962,0.096,0.0962,109058.09
2026-07-18 05:20:00,0.0962,0.0962,0.0962,0.0962,10765.62
2026-07-18 05:25:00,0.0962,0.0962,0.0962,0.0962,17121.56
2026-07-18 05:30:00,0.0962,0.0962,0.0961,0.0962,2843.79
2026-07-18 05:35:00,0.0962,0.0963,0.0961,0.0963,169028.86
2026-07-18 05:40:00,0.0963,0.0963,0.0961,0.0961,31017.05
2026-07-18 05:45:00,0.0961,0.0964,0.0961,0.0962,113694.85
2026-07-18 05:50:00,0.0962,0.0962,0.096,0.096,37540.01
2026-07-18 05:55:00,0.096,0.096,0.0959,0.096,34075.7
2026-07-18 06:00:00,0.096,0.096,0.0959,0.096,22356.1
2026-07-18 06:05:00,0.096,0.096,0.0958,0.0958,23774.35
2026-07-18 06:10:00,0.0958,0.0959,0.0958,0.0958,79367.24
2026-07-18 06:15:00,0.0958,0.096,0.0958,0.096,35819.22
2026-07-18 06:20:00,0.096,0.096,0.096,0.096,8542.32
2026-07-18 06:25:00,0.0959,0.0959,0.0959,0.0959,3629.27
2026-07-18 06:30:00,0.0958,0.0958,0.0957,0.0958,34048.1
2026-07-18 06:35:00,0.0958,0.096,0.0957,0.0958,70099.1
2026-07-18 06:40:00,0.0958,0.0958,0.0958,0.0958,8433.59
2026-07-18 06:45:00,0.0959,0.0959,0.0959,0.0959,686.24
2026-07-18 06:50:00,0.0959,0.0959,0.0958,0.0959,6119.31
2026-07-18 06:55:00,0.0958,0.0958,0.0958,0.0958,25478.71
2026-07-18 07:00:00,0.0958,0.0959,0.0957,0.0959,22938.41
2026-07-18 07:05:00,0.0958,0.0958,0.0957,0.0957,17127.71
2026-07-18 07:10:00,0.0958,0.0958,0.0958,0.0958,1496.13
2026-07-18 07:15:00,0.0957,0.0958,0.0957,0.0957,2762.7
2026-07-18 07:20:00,0.0957,0.0958,0.0957,0.0958,20584.23
2026-07-18 07:25:00,0.0958,0.0958,0.0958,0.0958,13333.35
2026-07-18 07:30:00,0.0957,0.0958,0.0957,0.0958,85855.64
2026-07-18 07:35:00,0.0958,0.0958,0.0957,0.0958,8361.02
2026-07-18 07:40:00,0.0958,0.0959,0.0958,0.0959,25502.56
2026-07-18 07:45:00,0.096,0.0961,0.096,0.096,33299.98
2026-07-18 07:50:00,0.096,0.096,0.0959,0.0959,25930.82
2026-07-18 07:55:00,0.096,0.0961,0.096,0.0961,23124.33
2026-07-18 08:00:00,0.0961,0.0961,0.0958,0.0959,64194.58
2026-07-18 08:05:00,0.0958,0.0959,0.0958,0.0958,901.02
2026-07-18 08:10:00,0.0958,0.0959,0.0958,0.0959,8389.32
2026-07-18 08:15:00,0.0958,0.0959,0.0957,0.0958,43558.92
2026-07-18 08:20:00,0.0959,0.0959,0.0959,0.0959,535.33
2026-07-18 08:25:00,0.0959,0.0959,0.0959,0.0959,109263.29
2026-07-18 08:30:00,0.0959,0.0959,0.0958,0.0959,19785.16
2026-07-18 08:35:00,0.0959,0.0959,0.0957,0.0957,61794.02
2026-07-18 08:40:00,0.0958,0.0958,0.0956,0.0956,12738.55
2026-07-18 08:45:00,0.0957,0.0957,0.0954,0.0955,130253.21
2026-07-18 08:50:00,0.0955,0.0956,0.0955,0.0956,1863.98
2026-07-18 08:55:00,0.0956,0.0956,0.0953,0.0954,75801.43
2026-07-18 09:00:00,0.0955,0.0955,0.0953,0.0953,45913.12
2026-07-18 09:05:00,0.0952,0.0953,0.095,0.0952,191676.24
2026-07-18 09:10:00,0.0952,0.0952,0.0951,0.0951,5879.57
2026-07-18 09:15:00,0.0951,0.0951,0.0948,0.0948,282368.05
2026-07-18 09:20:00,0.0949,0.0952,0.0948,0.095,224438.41
2026-07-18 09:25:00,0.095,0.095,0.0948,0.0949,21063.0
2026-07-18 09:30:00,0.0949,0.095,0.0948,0.0949,32391.26
2026-07-18 09:35:00,0.0949,0.0951,0.0949,0.0951,7233.87
2026-07-18 09:40:00,0.095,0.095,0.095,0.095,204.81
2026-07-18 09:45:00,0.095,0.095,0.095,0.095,9430.33
2026-07-18 09:50:00,0.095,0.095,0.095,0.095,23154.2
2026-07-18 09:55:00,0.0951,0.0954,0.0951,0.0953,192408.72
2026-07-18 10:00:00,0.0954,0.0955,0.0954,0.0954,49472.92
2026-07-18 10:05:00,0.0955,0.0956,0.0955,0.0955,44569.74
2026-07-18 10:10:00,0.0955,0.0955,0.0954,0.0954,16104.74
2026-07-18 10:15:00,0.0955,0.0955,0.0954,0.0954,1926.45
2026-07-18 10:20:00,0.0954,0.0955,0.0954,0.0955,4748.91
2026-07-18 10:25:00,0.0955,0.0957,0.0955,0.0957,33900.41
2026-07-18 10:30:00,0.0956,0.0957,0.0955,0.0955,75203.24
2026-07-18 10:35:00,0.0954,0.0955,0.0954,0.0954,43777.86
2026-07-18 10:40:00,0.0954,0.0954,0.0952,0.0953,42972.76
2026-07-18 10:45:00,0.0953,0.0953,0.0953,0.0953,14230.38
2026-07-18 10:50:00,0.0953,0.0953,0.0952,0.0953,40594.61
2026-07-18 10:55:00,0.0952,0.0952,0.0952,0.0952,25495.13
2026-07-18 11:00:00,0.0953,0.0953,0.0952,0.0953,1973.52
2026-07-18 11:05:00,0.0952,0.0953,0.0952,0.0953,56597.86
2026-07-18 11:10:00,0.0952,0.0952,0.0951,0.0951,13873.43
2026-07-18 11:15:00,0.0952,0.0953,0.0952,0.0953,16717.08
2026-07-18 11:20:00,0.0953,0.0953,0.0953,0.0953,0.0
2026-07-18 11:25:00,0.0952,0.0952,0.0952,0.0952,59.19
2026-07-18 11:30:00,0.0952,0.0952,0.0952,0.0952,125.0
2026-07-18 11:35:00,0.0952,0.0953,0.095,0.0951,81761.7
2026-07-18 11:40:00,0.0951,0.0952,0.095,0.095,6797.56
2026-07-18 11:45:00,0.095,0.0951,0.095,0.0951,48819.0
2026-07-18 11:50:00,0.0951,0.0951,0.0951,0.0951,533.56
2026-07-18 11:55:00,0.0951,0.0952,0.095,0.0951,69224.15
2026-07-18 12:00:00,0.0951,0.0952,0.0951,0.0952,708.23
2026-07-18 12:05:00,0.0952,0.0955,0.0952,0.0952,140911.44
2026-07-18 12:10:00,0.0952,0.0953,0.0952,0.0953,23805.12
2026-07-18 12:15:00,0.0953,0.0953,0.095,0.0951,89511.72
2026-07-18 12:20:00,0.0952,0.0952,0.0948,0.0949,143968.03
2026-07-18 12:25:00,0.095,0.095,0.0948,0.0948,50898.44
2026-07-18 12:30:00,0.0948,0.0951,0.0948,0.0951,90419.7
2026-07-18 12:35:00,0.0951,0.0951,0.095,0.095,815.74
2026-07-18 12:40:00,0.0951,0.0951,0.0951,0.0951,19861.83
2026-07-18 12:45:00,0.0952,0.0953,0.0952,0.0952,36074.73
2026-07-18 12:50:00,0.0952,0.0953,0.0951,0.0952,3690.69
2026-07-18 12:55:00,0.0951,0.0952,0.0951,0.0952,16142.38
2026-07-18 13:00:00,0.0951,0.0952,0.095,0.095,33527.97
2026-07-18 13:05:00,0.0951,0.0951,0.095,0.0951,59791.96
2026-07-18 13:10:00,0.0951,0.0952,0.0949,0.0949,50971.55
2026-07-18 13:15:00,0.0948,0.095,0.0948,0.0949,42298.74
2026-07-18 13:20:00,0.0948,0.0949,0.0944,0.0946,329548.12
2026-07-18 13:25:00,0.0947,0.0948,0.0947,0.0948,3364.38
2026-07-18 13:30:00,0.0947,0.0949,0.0947,0.0948,26114.72
2026-07-18 13:35:00,0.0948,0.0948,0.0946,0.0946,39599.06
2026-07-18 13:40:00,0.0947,0.0948,0.0947,0.0947,27805.55
2026-07-18 13:45:00,0.0946,0.0947,0.0946,0.0947,17031.02
2026-07-18 13:50:00,0.0946,0.0947,0.0946,0.0947,16342.12
2026-07-18 13:55:00,0.0947,0.0948,0.0947,0.0948,26776.92
2026-07-18 14:00:00,0.0947,0.0947,0.0946,0.0946,12700.57
2026-07-18 14:05:00,0.0946,0.0947,0.0946,0.0947,42341.99
2026-07-18 14:10:00,0.0947,0.0948,0.0947,0.0948,32830.58
2026-07-18 14:15:00,0.0948,0.0948,0.0947,0.0947,1773.48
2026-07-18 14:20:00,0.0948,0.0949,0.0947,0.0949,100569.0
2026-07-18 14:25:00,0.0948,0.0951,0.0948,0.0951,75703.04
2026-07-18 14:30:00,0.095,0.0953,0.095,0.095,79490.81
2026-07-18 14:35:00,0.0951,0.0952,0.095,0.095,16732.42
2026-07-18 14:40:00,0.095,0.095,0.095,0.095,49850.25
2026-07-18 14:45:00,0.095,0.095,0.095,0.095,44021.26
2026-07-18 14:50:00,0.095,0.0952,0.095,0.0951,66105.25
2026-07-18 14:55:00,0.0952,0.0953,0.0951,0.0952,32735.92
2026-07-18 15:00:00,0.0953,0.0955,0.0952,0.0953,234871.3
2026-07-18 15:05:00,0.0954,0.0955,0.0954,0.0954,39794.07
2026-07-18 15:10:00,0.0953,0.0954,0.0952,0.0953,56274.58
2026-07-18 15:15:00,0.0953,0.0953,0.0948,0.0951,592561.17
2026-07-18 15:20:00,0.0951,0.0952,0.0951,0.0951,4533.46
2026-07-18 15:25:00,0.095,0.095,0.0948,0.0949,28223.49
2026-07-18 15:30:00,0.0949,0.095,0.0949,0.095,35025.19
2026-07-18 15:35:00,0.095,0.095,0.0949,0.0949,2871.14
2026-07-18 15:40:00,0.0949,0.095,0.0949,0.0949,7298.81
2026-07-18 15:45:00,0.0949,0.0949,0.0948,0.0949,107606.68
2026-07-18 15:50:00,0.095,0.095,0.0949,0.0949,24898.72
2026-07-18 15:55:00,0.0949,0.0949,0.0948,0.0948,12171.58
2026-07-18 16:00:00,0.0947,0.0948,0.0947,0.0948,23516.22
2026-07-18 16:05:00,0.0948,0.095,0.0948,0.0948,28810.23
2026-07-18 16:10:00,0.0949,0.0949,0.0948,0.0949,11923.74
2026-07-18 16:15:00,0.0949,0.095,0.0949,0.095,55693.28
2026-07-18 16:20:00,0.095,0.095,0.0948,0.0949,20198.9
2026-07-18 16:25:00,0.0948,0.0949,0.0948,0.0949,2666.2
2026-07-18 16:30:00,0.0949,0.095,0.0949,0.095,23166.47
2026-07-18 16:35:00,0.095,0.0951,0.0948,0.0948,64004.45
2026-07-18 16:40:00,0.0947,0.0948,0.0947,0.0947,21298.82
2026-07-18 16:45:00,0.0947,0.0948,0.0947,0.0947,23470.29
2026-07-18 16:50:00,0.0947,0.095,0.0947,0.0949,354034.46
2026-07-18 16:55:00,0.0949,0.0949,0.0948,0.0949,7783.32
2026-07-18 17:00:00,0.0948,0.0948,0.0947,0.0947,18118.69
2026-07-18 17:05:00,0.0948,0.0948,0.0947,0.0948,24137.16
2026-07-18 17:10:00,0.0948,0.0949,0.0948,0.0949,135045.44
2026-07-18 17:15:00,0.0949,0.095,0.0948,0.0949,53558.7
2026-07-18 17:20:00,0.095,0.0951,0.0948,0.0948,28968.17
2026-07-18 17:25:00,0.0949,0.0949,0.0948,0.0948,6763.61
2026-07-18 17:30:00,0.0949,0.095,0.0949,0.095,31580.02
2026-07-18 17:35:00,0.0951,0.0952,0.0951,0.0952,35442.16
2026-07-18 17:40:00,0.0952,0.0952,0.0951,0.0952,19180.24
2026-07-18 17:45:00,0.0952,0.0953,0.0951,0.0952,47032.64
2026-07-18 17:50:00,0.0953,0.0953,0.0953,0.0953,19613.1
2026-07-18 17:55:00,0.0952,0.0953,0.0952,0.0953,28671.47
2026-07-18 18:00:00,0.0953,0.0953,0.0952,0.0953,17432.94
2026-07-18 18:05:00,0.0953,0.0953,0.0953,0.0953,11110.94
2026-07-18 18:10:00,0.0952,0.0954,0.0952,0.0953,146101.17
2026-07-18 18:15:00,0.0953,0.0953,0.0952,0.0953,7666.28
2026-07-18 18:20:00,0.0953,0.0956,0.0952,0.0955,141693.86
2026-07-18 18:25:00,0.0956,0.0959,0.0955,0.0955,148969.38
2026-07-18 18:30:00,0.0954,0.0954,0.0952,0.0953,27224.59
2026-07-18 18:35:00,0.0953,0.0953,0.0953,0.0953,1091.87
2026-07-18 18:40:00,0.0952,0.0952,0.095,0.0951,23975.31
2026-07-18 18:45:00,0.0951,0.0952,0.095,0.0951,38496.79
2026-07-18 18:50:00,0.0951,0.0951,0.0951,0.0951,3680.23
2026-07-18 18:55:00,0.095,0.0954,0.095,0.0953,127609.98
2026-07-18 19:00:00,0.0953,0.0963,0.0953,0.0955,1090590.44
2026-07-18 19:05:00,0.0955,0.0955,0.0954,0.0954,48247.45
2026-07-18 19:10:00,0.0954,0.0954,0.0954,0.0954,33409.72
2026-07-18 19:15:00,0.0954,0.0955,0.0954,0.0954,77986.22
2026-07-18 19:20:00,0.0954,0.0954,0.0954,0.0954,12720.3
2026-07-18 19:25:00,0.0954,0.0954,0.0953,0.0953,22636.03
2026-07-18 19:30:00,0.0953,0.0953,0.0953,0.0953,24009.26
2026-07-18 19:35:00,0.0953,0.0953,0.0953,0.0953,10146.42
2026-07-18 19:40:00,0.0953,0.0953,0.0953,0.0953,1445.87
2026-07-18 19:45:00,0.0953,0.0954,0.0953,0.0954,1563.88
2026-07-18 19:50:00,0.0954,0.0954,0.0954,0.0954,50627.65
2026-07-18 19:55:00,0.0954,0.0954,0.0954,0.0954,1056.87
2026-07-18 20:00:00,0.0954,0.0954,0.0953,0.0953,3095.51
2026-07-18 20:05:00,0.0953,0.0953,0.0951,0.0953,33908.37
2026-07-18 20:10:00,0.0953,0.0954,0.0953,0.0953,10174.12
2026-07-18 20:15:00,0.0953,0.0953,0.0953,0.0953,5951.0
2026-07-18 20:20:00,0.0953,0.0954,0.0952,0.0952,29402.71
2026-07-18 20:25:00,0.0952,0.0953,0.0951,0.0951,3416.36
2026-07-18 20:30:00,0.0951,0.0952,0.095,0.0952,64370.94
2026-07-18 20:35:00,0.0952,0.0952,0.0951,0.0951,18419.75
2026-07-18 20:40:00,0.0951,0.0952,0.0951,0.0952,11359.92
2026-07-18 20:45:00,0.0952,0.0952,0.0951,0.0952,3428.83
2026-07-18 20:50:00,0.0951,0.0952,0.095,0.0952,43709.47
2026-07-18 20:55:00,0.0952,0.0952,0.0951,0.0951,3382.01
2026-07-18 21:00:00,0.0952,0.0952,0.0952,0.0952,35123.89
2026-07-18 21:05:00,0.0953,0.0953,0.0951,0.0951,44073.41
2026-07-18 21:10:00,0.0952,0.0953,0.0951,0.0953,60244.03
2026-07-18 21:15:00,0.0953,0.0954,0.0953,0.0953,113999.1
2026-07-18 21:20:00,0.0953,0.0953,0.0952,0.0952,2858.39
2026-07-18 21:25:00,0.0951,0.0951,0.0951,0.0951,1523.82
2026-07-18 21:30:00,0.0952,0.0952,0.0951,0.0951,16694.15
2026-07-18 21:35:00,0.0951,0.0951,0.0949,0.095,33596.54
2026-07-18 21:40:00,0.095,0.095,0.0949,0.095,42400.4
2026-07-18 21:45:00,0.0949,0.0949,0.0948,0.0949,10156.77
2026-07-18 21:50:00,0.0949,0.0951,0.0949,0.0951,64594.36
2026-07-18 21:55:00,0.0951,0.0952,0.0951,0.0952,26078.62
2026-07-18 22:00:00,0.0952,0.0952,0.0952,0.0952,8429.92
2026-07-18 22:05:00,0.0953,0.0954,0.0953,0.0954,51349.1
2026-07-18 22:10:00,0.0954,0.0956,0.0954,0.0955,19957.73
2026-07-18 22:15:00,0.0954,0.0955,0.0954,0.0954,682.09
2026-07-18 22:20:00,0.0954,0.0956,0.0954,0.0955,126983.81
2026-07-18 22:25:00,0.0954,0.0954,0.0954,0.0954,50061.37
2026-07-18 22:30:00,0.0953,0.0953,0.0953,0.0953,42039.35
2026-07-18 22:35:00,0.0954,0.0954,0.0953,0.0953,40883.93
2026-07-18 22:40:00,0.0953,0.0955,0.0953,0.0954,62631.98
2026-07-18 22:45:00,0.0954,0.0954,0.0954,0.0954,19004.5
2026-07-18 22:50:00,0.0955,0.0955,0.0955,0.0955,27756.61
2026-07-18 22:55:00,0.0954,0.0955,0.0953,0.0954,39378.46
2026-07-18 23:00:00,0.0954,0.0954,0.0954,0.0954,3426.17
2026-07-18 23:05:00,0.0954,0.0954,0.0953,0.0953,7189.07
2026-07-18 23:10:00,0.0953,0.0953,0.0952,0.0952,1541.23
2026-07-18 23:15:00,0.0953,0.0954,0.0953,0.0953,31721.2
2026-07-18 23:20:00,0.0953,0.0954,0.0953,0.0954,18419.16
2026-07-18 23:25:00,0.0955,0.0955,0.0955,0.0955,146.0
2026-07-18 23:30:00,0.0955,0.0955,0.0954,0.0954,435.96
2026-07-18 23:35:00,0.0954,0.0954,0.0954,0.0954,9121.79
2026-07-18 23:40:00,0.0953,0.0953,0.0953,0.0953,4172.76
2026-07-18 23:45:00,0.0954,0.0954,0.0954,0.0954,335.56
2026-07-18 23:50:00,0.0954,0.0954,0.0952,0.0953,86341.46
2026-07-18 23:55:00,0.0954,0.0954,0.0954,0.0954,1547.1
2026-07-19 00:00:00,0.0955,0.0956,0.0954,0.0955,39288.16
2026-07-19 00:05:00,0.0955,0.0955,0.0955,0.0955,6967.99
2026-07-19 00:10:00,0.0955,0.0955,0.0954,0.0954,56296.3
2026-07-19 00:15:00,0.0955,0.0956,0.0955,0.0956,30373.64
2026-07-19 00:20:00,0.0955,0.0956,0.0955,0.0956,69506.16
2026-07-19 00:25:00,0.0957,0.0958,0.0955,0.0956,14692.53
2026-07-19 00:30:00,0.0955,0.0956,0.0955,0.0956,4618.39
2026-07-19 00:35:00,0.0956,0.0956,0.0955,0.0955,11916.75
2026-07-19 00:40:00,0.0955,0.0956,0.0955,0.0956,6076.55
2026-07-19 00:45:00,0.0956,0.0957,0.0956,0.0957,22756.34
2026-07-19 00:50:00,0.0957,0.0958,0.0956,0.0957,6705.11
2026-07-19 00:55:00,0.0958,0.0958,0.0956,0.0956,5012.38
2026-07-19 01:00:00,0.0957,0.0957,0.0955,0.0955,13294.1
2026-07-19 01:05:00,0.0955,0.0955,0.0955,0.0955,106.46
2026-07-19 01:10:00,0.0955,0.0956,0.0955,0.0955,32690.97
2026-07-19 01:15:00,0.0955,0.0957,0.0955,0.0956,16831.07
2026-07-19 01:20:00,0.0956,0.0956,0.0956,0.0956,28618.64
2026-07-19 01:25:00,0.0956,0.0956,0.0955,0.0955,17386.87
2026-07-19 01:30:00,0.0955,0.0955,0.0954,0.0955,13683.95
2026-07-19 01:35:00,0.0955,0.0955,0.0955,0.0955,47375.82
2026-07-19 01:40:00,0.0954,0.0955,0.0954,0.0954,1488.39
2026-07-19 01:45:00,0.0954,0.0954,0.0954,0.0954,506.93
2026-07-19 01:50:00,0.0954,0.0954,0.0954,0.0954,14720.51
2026-07-19 01:55:00,0.0954,0.0954,0.0954,0.0954,0.0
2026-07-19 02:00:00,0.0955,0.0957,0.0953,0.0957,101134.67
2026-07-19 02:05:00,0.0958,0.0961,0.0958,0.0958,106092.11
2026-07-19 02:10:00,0.0958,0.096,0.0958,0.096,49123.25
2026-07-19 02:15:00,0.096,0.0961,0.0958,0.0958,24141.91
2026-07-19 02:20:00,0.0958,0.0958,0.0957,0.0957,29271.65
2026-07-19 02:25:00,0.0957,0.0957,0.0956,0.0957,12562.84
2026-07-19 02:30:00,0.0957,0.0961,0.0957,0.096,46706.28
2026-07-19 02:35:00,0.096,0.0962,0.096,0.096,32617.05
2026-07-19 02:40:00,0.0959,0.0959,0.0958,0.0958,37230.75
2026-07-19 02:45:00,0.0959,0.0959,0.0957,0.0958,16629.09
2026-07-19 02:50:00,0.0958,0.0958,0.0957,0.0958,7428.89
2026-07-19 02:55:00,0.0959,0.0959,0.0958,0.0959,7763.5
2026-07-19 03:00:00,0.0959,0.0959,0.0957,0.0958,11053.4
2026-07-19 03:05:00,0.0957,0.0958,0.0957,0.0957,13589.16
2026-07-19 03:10:00,0.0957,0.0957,0.0956,0.0956,7699.43
2026-07-19 03:15:00,0.0956,0.0956,0.0956,0.0956,1356.29
2026-07-19 03:20:00,0.0955,0.0955,0.0954,0.0954,32057.35
2026-07-19 03:25:00,0.0954,0.0954,0.0954,0.0954,19700.32
2026-07-19 03:30:00,0.0954,0.0955,0.0953,0.0955,1706.94
2026-07-19 03:35:00,0.0955,0.0955,0.0954,0.0954,15980.06
2026-07-19 03:40:00,0.0954,0.0955,0.0954,0.0955,6439.79
2026-07-19 03:45:00,0.0954,0.0954,0.0954,0.0954,3918.54
2026-07-19 03:50:00,0.0955,0.0955,0.0954,0.0954,5761.59
2026-07-19 03:55:00,0.0954,0.0954,0.0954,0.0954,2244.43
2026-07-19 04:00:00,0.0954,0.0955,0.0954,0.0954,33401.99
2026-07-19 04:05:00,0.0954,0.0954,0.0953,0.0954,20762.96
2026-07-19 04:10:00,0.0953,0.0953,0.0953,0.0953,19513.76
2026-07-19 04:15:00,0.0953,0.0953,0.0953,0.0953,8603.67
2026-07-19 04:20:00,0.0953,0.0953,0.0953,0.0953,148.46
2026-07-19 04:25:00,0.0954,0.0954,0.0954,0.0954,6774.71
2026-07-19 04:30:00,0.0955,0.0955,0.0954,0.0955,15764.17
2026-07-19 04:35:00,0.0955,0.0955,0.0954,0.0955,6567.1
2026-07-19 04:40:00,0.0955,0.0955,0.0955,0.0955,10266.65
2026-07-19 04:45:00,0.0954,0.0956,0.0954,0.0954,13546.47
2026-07-19 04:50:00,0.0954,0.0955,0.0954,0.0955,7823.84
2026-07-19 04:55:00,0.0955,0.0956,0.0954,0.0956,15160.04
2026-07-19 05:00:00,0.0955,0.0957,0.0955,0.0956,55587.09
2026-07-19 05:05:00,0.0956,0.0957,0.0956,0.0957,4821.59
2026-07-19 05:10:00,0.0957,0.0958,0.0957,0.0958,14978.9
2026-07-19 05:15:00,0.0957,0.0958,0.0956,0.0956,11676.88
2026-07-19 05:20:00,0.0956,0.0957,0.0956,0.0957,620.14
2026-07-19 05:25:00,0.0956,0.0956,0.0955,0.0955,26787.69
2026-07-19 05:30:00,0.0954,0.0955,0.0954,0.0954,11024.6
2026-07-19 05:35:00,0.0954,0.0954,0.0953,0.0954,1476.92
2026-07-19 05:40:00,0.0954,0.0954,0.0954,0.0954,2138.17
2026-07-19 05:45:00,0.0954,0.0955,0.0954,0.0955,15436.56
2026-07-19 05:50:00,0.0955,0.0955,0.0954,0.0954,22335.29
2026-07-19 05:55:00,0.0954,0.0955,0.0953,0.0954,14989.84
2026-07-19 06:00:00,0.0954,0.0954,0.0952,0.0953,60149.74
2026-07-19 06:05:00,0.0954,0.0954,0.0954,0.0954,52.43
2026-07-19 06:10:00,0.0953,0.0954,0.0953,0.0954,11218.75
2026-07-19 06:15:00,0.0954,0.0954,0.0954,0.0954,106.76
2026-07-19 06:20:00,0.0954,0.0954,0.0954,0.0954,8056.32
2026-07-19 06:25:00,0.0953,0.0954,0.0952,0.0953,122580.97
2026-07-19 06:30:00,0.0954,0.0954,0.0953,0.0954,8684.54
2026-07-19 06:35:00,0.0955,0.0955,0.0955,0.0955,52.46
2026-07-19 06:40:00,0.0955,0.0955,0.0955,0.0955,854.87
2026-07-19 06:45:00,0.0955,0.0955,0.0953,0.0954,22313.46
2026-07-19 06:50:00,0.0953,0.0954,0.0953,0.0954,2305.79
2026-07-19 06:55:00,0.0954,0.0955,0.0953,0.0953,43207.09
2026-07-19 07:00:00,0.0954,0.0954,0.0953,0.0953,1060.0
2026-07-19 07:05:00,0.0954,0.0954,0.0953,0.0953,18768.14
2026-07-19 07:10:00,0.0953,0.0953,0.0953,0.0953,0.0
2026-07-19 07:15:00,0.0953,0.0954,0.0953,0.0954,5942.92
2026-07-19 07:20:00,0.0954,0.0954,0.0954,0.0954,100.0
2026-07-19 07:25:00,0.0953,0.0953,0.0953,0.0953,582.0
2026-07-19 07:30:00,0.0953,0.0954,0.0953,0.0954,5568.62
2026-07-19 07:35:00,0.0953,0.0953,0.0953,0.0953,999.99
2026-07-19 07:40:00,0.0953,0.0954,0.0953,0.0953,77662.19
2026-07-19 07:45:00,0.0954,0.0954,0.0952,0.0952,40206.87
2026-07-19 07:50:00,0.0953,0.0953,0.0953,0.0953,729.83
2026-07-19 07:55:00,0.0952,0.0952,0.0944,0.095,1067676.92
2026-07-19 08:00:00,0.095,0.095,0.0949,0.095,73832.96
2026-07-19 08:05:00,0.0951,0.0951,0.095,0.095,39519.77
2026-07-19 08:10:00,0.095,0.0952,0.095,0.0951,77133.46
2026-07-19 08:15:00,0.095,0.0951,0.0949,0.0949,44958.29
2026-07-19 08:20:00,0.0949,0.095,0.0949,0.0949,41345.36
2026-07-19 08:25:00,0.0949,0.0949,0.0948,0.0948,7529.89
2026-07-19 08:30:00,0.0949,0.095,0.0949,0.0949,44133.94
2026-07-19 08:35:00,0.0949,0.0949,0.0948,0.0949,52904.6
2026-07-19 08:40:00,0.095,0.095,0.0949,0.0949,36370.84
2026-07-19 08:45:00,0.095,0.095,0.0949,0.095,46761.35
2026-07-19 08:50:00,0.095,0.0951,0.0949,0.095,18644.75
2026-07-19 08:55:00,0.0951,0.0951,0.0951,0.0951,30714.13
2026-07-19 09:00:00,0.0952,0.0952,0.0951,0.0952,123524.3
2026-07-19 09:05:00,0.0951,0.0952,0.0951,0.0952,7339.94
2026-07-19 09:10:00,0.0951,0.0951,0.0949,0.0949,14063.27
2026-07-19 09:15:00,0.095,0.095,0.0948,0.0948,25753.61
2026-07-19 09:20:00,0.0947,0.0948,0.0947,0.0948,39277.31
2026-07-19 09:25:00,0.0948,0.0949,0.0948,0.0949,109734.0
2026-07-19 09:30:00,0.0948,0.0949,0.0947,0.0947,147146.13
2026-07-19 09:35:00,0.0948,0.0948,0.0947,0.0947,44415.56
2026-07-19 09:40:00,0.0946,0.0947,0.0945,0.0946,139994.7
2026-07-19 09:45:00,0.0946,0.0946,0.0945,0.0945,44439.49
2026-07-19 09:50:00,0.0945,0.0948,0.0945,0.0946,54088.72
2026-07-19 09:55:00,0.0946,0.0947,0.0945,0.0947,25262.46
2026-07-19 10:00:00,0.0947,0.0947,0.0945,0.0946,39488.63
2026-07-19 10:05:00,0.0946,0.0946,0.0945,0.0945,8674.46
2026-07-19 10:10:00,0.0946,0.0946,0.0945,0.0946,8213.4
2026-07-19 10:15:00,0.0945,0.0945,0.0945,0.0945,17359.69
2026-07-19 10:20:00,0.0946,0.0946,0.0946,0.0946,12340.04
2026-07-19 10:25:00,0.0945,0.0946,0.0945,0.0945,8516.04
2026-07-19 10:30:00,0.0945,0.0948,0.0945,0.0947,198982.95
2026-07-19 10:35:00,0.0946,0.0947,0.0946,0.0946,5765.79
2026-07-19 10:40:00,0.0946,0.0948,0.0946,0.0947,16364.97
2026-07-19 10:45:00,0.0948,0.0952,0.0948,0.0948,90569.81
2026-07-19 10:50:00,0.0948,0.0949,0.0947,0.0948,5853.13
2026-07-19 10:55:00,0.0948,0.0948,0.0947,0.0947,12753.23
2026-07-19 11:00:00,0.0948,0.0948,0.0947,0.0948,30315.68
2026-07-19 11:05:00,0.0947,0.0949,0.0947,0.0948,32419.83
2026-07-19 11:10:00,0.0948,0.0948,0.0947,0.0947,6083.57
2026-07-19 11:15:00,0.0947,0.0948,0.0947,0.0948,33863.46
2026-07-19 11:20:00,0.0948,0.095,0.0948,0.0948,30841.65
2026-07-19 11:25:00,0.0948,0.0949,0.0948,0.0948,130321.46
2026-07-19 11:30:00,0.0948,0.0948,0.0947,0.0948,7888.68
2026-07-19 11:35:00,0.0948,0.0948,0.0948,0.0948,8119.04
2026-07-19 11:40:00,0.0948,0.0948,0.0947,0.0948,21519.03
2026-07-19 11:45:00,0.0947,0.0948,0.0946,0.0947,17461.99
2026-07-19 11:50:00,0.0946,0.0946,0.0946,0.0946,21316.69
2026-07-19 11:55:00,0.0946,0.0946,0.0943,0.0944,160280.84
2026-07-19 12:00:00,0.0944,0.0944,0.0934,0.094,682239.85
2026-07-19 12:05:00,0.094,0.094,0.0934,0.0937,495547.54
2026-07-19 12:10:00,0.0938,0.0938,0.0937,0.0937,148868.65
2026-07-19 12:15:00,0.0937,0.094,0.0937,0.094,100657.71
2026-07-19 12:20:00,0.094,0.0941,0.0939,0.0941,40306.54
2026-07-19 12:25:00,0.0941,0.0941,0.0937,0.0938,48878.55
2026-07-19 12:30:00,0.0938,0.094,0.0938,0.094,46038.23
2026-07-19 12:35:00,0.0939,0.094,0.0939,0.094,60609.75
2026-07-19 12:40:00,0.0939,0.094,0.0939,0.094,134506.33
2026-07-19 12:45:00,0.0939,0.0941,0.0939,0.0939,293236.84
2026-07-19 12:50:00,0.0939,0.0941,0.0939,0.0941,49414.21
2026-07-19 12:55:00,0.094,0.0942,0.094,0.0941,25319.97
2026-07-19 13:00:00,0.0941,0.0945,0.0939,0.0941,747060.79
2026-07-19 13:05:00,0.0941,0.0941,0.094,0.094,62190.14
2026-07-19 13:10:00,0.094,0.094,0.0939,0.0939,47662.06
2026-07-19 13:15:00,0.0939,0.0939,0.0938,0.0938,43801.53
2026-07-19 13:20:00,0.0939,0.0939,0.0939,0.0939,8721.91
2026-07-19 13:25:00,0.0939,0.0941,0.0938,0.0941,189417.18
2026-07-19 13:30:00,0.0941,0.0943,0.094,0.0942,390356.39
2026-07-19 13:35:00,0.0942,0.0942,0.0941,0.0941,57488.86
2026-07-19 13:40:00,0.0941,0.0942,0.0941,0.0942,23738.31
2026-07-19 13:45:00,0.0942,0.0942,0.0942,0.0942,52983.24
2026-07-19 13:50:00,0.0943,0.0944,0.0943,0.0944,35015.1
2026-07-19 13:55:00,0.0944,0.0945,0.0943,0.0943,51795.5
2026-07-19 14:00:00,0.0944,0.0944,0.0943,0.0944,36617.76
2026-07-19 14:05:00,0.0944,0.0944,0.0944,0.0944,28541.01
2026-07-19 14:10:00,0.0944,0.0945,0.0944,0.0945,13691.84
2026-07-19 14:15:00,0.0945,0.0945,0.0943,0.0943,25206.3
2026-07-19 14:20:00,0.0942,0.0942,0.0941,0.0941,17201.65
2026-07-19 14:25:00,0.0941,0.0942,0.0938,0.0942,142222.59
2026-07-19 14:30:00,0.0941,0.0942,0.094,0.0941,8575.09
2026-07-19 14:35:00,0.0942,0.0942,0.0941,0.0942,81571.23
2026-07-19 14:40:00,0.0941,0.0942,0.0941,0.0942,25471.57
2026-07-19 14:45:00,0.0943,0.0946,0.0943,0.0945,82103.57
2026-07-19 14:50:00,0.0946,0.0947,0.0944,0.0946,40390.65
2026-07-19 14:55:00,0.0945,0.0946,0.0944,0.0944,18476.67
2026-07-19 15:00:00,0.0944,0.0946,0.0943,0.0945,20025.57
2026-07-19 15:05:00,0.0945,0.0946,0.0944,0.0944,19675.29
2026-07-19 15:10:00,0.0944,0.0945,0.0944,0.0944,15867.81
2026-07-19 15:15:00,0.0944,0.0944,0.0944,0.0944,69523.58
2026-07-19 15:20:00,0.0943,0.0944,0.0942,0.0943,6096.19
2026-07-19 15:25:00,0.0944,0.0944,0.0941,0.0941,26651.55
2026-07-19 15:30:00,0.094,0.0942,0.0939,0.094,205690.82
2026-07-19 15:35:00,0.0941,0.0942,0.0941,0.0942,6238.15
2026-07-19 15:40:00,0.0942,0.0942,0.0941,0.0942,27941.15
2026-07-19 15:45:00,0.0942,0.0942,0.0941,0.0942,28448.27
2026-07-19 15:50:00,0.0942,0.0942,0.0941,0.0942,24485.37
2026-07-19 15:55:00,0.0942,0.0942,0.0941,0.0942,12066.08
2026-07-19 16:00:00,0.0942,0.0942,0.094,0.0941,34555.37
2026-07-19 16:05:00,0.0942,0.0943,0.094,0.094,31009.52
2026-07-19 16:10:00,0.0941,0.0941,0.094,0.0941,13450.65
2026-07-19 16:15:00,0.0941,0.0941,0.094,0.0941,12883.06
2026-07-19 16:20:00,0.0941,0.0942,0.0941,0.0942,58876.74
2026-07-19 16:25:00,0.0942,0.0942,0.0939,0.094,28409.58
2026-07-19 16:30:00,0.0941,0.0941,0.094,0.094,7096.93
2026-07-19 16:35:00,0.094,0.0941,0.0939,0.0941,16184.31
2026-07-19 16:40:00,0.0941,0.0941,0.094,0.0941,4010.58
2026-07-19 16:45:00,0.094,0.0941,0.094,0.094,18958.23
2026-07-19 16:50:00,0.094,0.094,0.0938,0.0938,75744.15
2026-07-19 16:55:00,0.0938,0.0939,0.0938,0.0938,42144.39
2026-07-19 17:00:00,0.0937,0.0937,0.093,0.0936,736070.54
2026-07-19 17:05:00,0.0937,0.0938,0.0936,0.0937,18593.54
2026-07-19 17:10:00,0.0936,0.0939,0.0936,0.0939,49556.19
2026-07-19 17:15:00,0.0939,0.094,0.0938,0.0938,38978.42
2026-07-19 17:20:00,0.0939,0.0939,0.0938,0.0939,71680.78
2026-07-19 17:25:00,0.0939,0.094,0.0938,0.0939,24542.45
2026-07-19 17:30:00,0.0939,0.0941,0.0939,0.0941,30301.28
2026-07-19 17:35:00,0.0941,0.0942,0.0941,0.0942,7750.35
2026-07-19 17:40:00,0.0942,0.0942,0.0941,0.0941,13341.85
2026-07-19 17:45:00,0.0941,0.0941,0.094,0.094,20526.72
2026-07-19 17:50:00,0.094,0.094,0.0939,0.0939,6379.16
2026-07-19 17:55:00,0.0939,0.094,0.0939,0.094,7090.37
2026-07-19 18:00:00,0.094,0.094,0.0937,0.0938,238456.49
2026-07-19 18:05:00,0.0938,0.0938,0.0933,0.0937,139157.63
2026-07-19 18:10:00,0.0937,0.0938,0.0937,0.0937,9170.37
2026-07-19 18:15:00,0.0937,0.0937,0.0936,0.0937,37417.58
2026-07-19 18:20:00,0.0937,0.0938,0.0937,0.0937,2541.66
2026-07-19 18:25:00,0.0938,0.0938,0.0936,0.0936,67549.35
2026-07-19 18:30:00,0.0936,0.0937,0.0935,0.0937,26757.22
2026-07-19 18:35:00,0.0938,0.0938,0.0937,0.0938,33965.62
2026-07-19 18:40:00,0.0939,0.0939,0.0938,0.0938,7671.88
2026-07-19 18:45:00,0.0937,0.0938,0.0936,0.0938,77739.56
2026-07-19 18:50:00,0.0938,0.0938,0.0937,0.0938,2177.5
2026-07-19 18:55:00,0.0938,0.0941,0.0938,0.094,44020.2
2026-07-19 19:00:00,0.0941,0.0941,0.0938,0.0939,40921.7
2026-07-19 19:05:00,0.0939,0.0941,0.0939,0.0941,31054.45
2026-07-19 19:10:00,0.0942,0.0942,0.094,0.0941,22644.52
2026-07-19 19:15:00,0.0941,0.0942,0.0941,0.0942,2591.58
2026-07-19 19:20:00,0.0942,0.0942,0.0942,0.0942,16095.69
2026-07-19 19:25:00,0.0942,0.0942,0.0941,0.0942,11110.69
2026-07-19 19:30:00,0.0942,0.0942,0.0941,0.0942,786.54
2026-07-19 19:35:00,0.0942,0.0944,0.0942,0.0943,16089.05
2026-07-19 19:40:00,0.0943,0.0944,0.0943,0.0944,1286.44
2026-07-19 19:45:00,0.0943,0.0943,0.0942,0.0943,4117.37
2026-07-19 19:50:00,0.0943,0.0946,0.0943,0.0945,222617.74
2026-07-19 19:55:00,0.0945,0.0951,0.0945,0.0946,690500.51
2026-07-19 20:00:00,0.0947,0.0948,0.0946,0.0946,609321.42
2026-07-19 20:05:00,0.0947,0.0947,0.0946,0.0947,375357.78
2026-07-19 20:10:00,0.0947,0.0947,0.0946,0.0946,46112.3
2026-07-19 20:15:00,0.0947,0.0947,0.0946,0.0946,13564.45
2026-07-19 20:20:00,0.0946,0.0947,0.0945,0.0947,16927.77
2026-07-19 20:25:00,0.0947,0.0947,0.0947,0.0947,8995.97
2026-07-19 20:30:00,0.0947,0.0947,0.0947,0.0947,5491.3
2026-07-19 20:35:00,0.0947,0.0947,0.0946,0.0947,66114.97
2026-07-19 20:40:00,0.0946,0.0946,0.0945,0.0945,14580.13
2026-07-19 20:45:00,0.0946,0.0947,0.0946,0.0947,7673.75
2026-07-19 20:50:00,0.0946,0.0947,0.0946,0.0946,22474.45
2026-07-19 20:55:00,0.0947,0.0947,0.0943,0.0945,257160.13
2026-07-19 21:00:00,0.0946,0.095,0.0945,0.0948,888010.77
2026-07-19 21:05:00,0.0947,0.0947,0.0946,0.0946,86929.54
2026-07-19 21:10:00,0.0946,0.0947,0.0946,0.0947,102025.67
2026-07-19 21:15:00,0.0947,0.0947,0.0947,0.0947,4083.8
2026-07-19 21:20:00,0.0947,0.0947,0.0946,0.0947,6098.95
2026-07-19 21:25:00,0.0947,0.0949,0.0947,0.0949,31296.84
2026-07-19 21:30:00,0.0948,0.0948,0.0947,0.0947,18504.11
2026-07-19 21:35:00,0.0947,0.0947,0.0945,0.0945,110954.96
2026-07-19 21:40:00,0.0944,0.0944,0.0943,0.0944,57648.17
2026-07-19 21:45:00,0.0943,0.0944,0.0943,0.0944,23274.88
2026-07-19 21:50:00,0.0944,0.0944,0.0942,0.0942,61472.59
2026-07-19 21:55:00,0.0943,0.0943,0.0941,0.0942,86418.77
2026-07-19 22:00:00,0.0942,0.0949,0.0942,0.0945,55670.95
2026-07-19 22:05:00,0.0945,0.0945,0.0943,0.0945,30659.39
2026-07-19 22:10:00,0.0946,0.0949,0.0946,0.0948,61734.68
2026-07-19 22:15:00,0.0949,0.0952,0.0949,0.0951,204650.15
2026-07-19 22:20:00,0.0951,0.0951,0.0949,0.0949,49142.97
2026-07-19 22:25:00,0.0949,0.095,0.0949,0.0949,36270.22
2026-07-19 22:30:00,0.0948,0.095,0.0948,0.095,73726.11
2026-07-19 22:35:00,0.095,0.095,0.0947,0.0949,16425.05
2026-07-19 22:40:00,0.0949,0.0951,0.0949,0.0951,14817.16
2026-07-19 22:45:00,0.095,0.095,0.0949,0.0949,33069.15
2026-07-19 22:50:00,0.0949,0.095,0.0949,0.0949,14623.36
2026-07-19 22:55:00,0.095,0.0951,0.095,0.0951,107601.54
2026-07-19 23:00:00,0.0952,0.0952,0.095,0.095,64464.07
2026-07-19 23:05:00,0.095,0.0951,0.0949,0.095,26096.51
2026-07-19 23:10:00,0.095,0.0951,0.0948,0.0949,189218.69
2026-07-19 23:15:00,0.0949,0.0949,0.0947,0.0948,66512.36
2026-07-19 23:20:00,0.0948,0.0949,0.0948,0.0948,44732.34
2026-07-19 23:25:00,0.0949,0.0949,0.0947,0.0947,99225.58
2026-07-19 23:30:00,0.0947,0.0948,0.0947,0.0948,27952.89
2026-07-19 23:35:00,0.0949,0.095,0.0947,0.0948,65069.35
2026-07-19 23:40:00,0.0948,0.0949,0.0948,0.0949,41093.58
2026-07-19 23:45:00,0.0949,0.0949,0.0949,0.0949,47464.87
2026-07-19 23:50:00,0.0949,0.095,0.0948,0.095,35993.02
2026-07-19 23:55:00,0.095,0.0951,0.095,0.095,97584.69
2026-07-20 00:00:00,0.095,0.095,0.0947,0.0949,106311.64
2026-07-20 00:05:00,0.0949,0.0953,0.0949,0.0953,66796.58
2026-07-20 00:10:00,0.0952,0.0957,0.0952,0.0957,86384.84
2026-07-20 00:15:00,0.0957,0.0958,0.0956,0.0956,73913.2
2026-07-20 00:20:00,0.0956,0.0956,0.0952,0.0953,57419.34
2026-07-20 00:25:00,0.0953,0.0954,0.0951,0.0953,45654.73
2026-07-20 00:30:00,0.0952,0.0952,0.0951,0.0951,88842.35
2026-07-20 00:35:00,0.095,0.0954,0.095,0.0953,171774.81
2026-07-20 00:40:00,0.0954,0.0955,0.0954,0.0954,28755.94
2026-07-20 00:45:00,0.0953,0.0953,0.0949,0.0949,102398.67
2026-07-20 00:50:00,0.0949,0.095,0.0945,0.0947,168101.45
2026-07-20 00:55:00,0.0948,0.0948,0.0946,0.0946,89816.83
2026-07-20 01:00:00,0.0947,0.0948,0.0946,0.0948,67481.01
2026-07-20 01:05:00,0.0949,0.0955,0.0949,0.0955,118246.69
2026-07-20 01:10:00,0.0955,0.0956,0.0952,0.0952,53613.17
2026-07-20 01:15:00,0.0951,0.0951,0.0948,0.0949,139646.07
2026-07-20 01:20:00,0.0948,0.0953,0.0948,0.0953,38255.35
2026-07-20 01:25:00,0.0953,0.0955,0.0951,0.0951,62558.79
2026-07-20 01:30:00,0.0951,0.0951,0.0949,0.0949,25350.16
2026-07-20 01:35:00,0.0949,0.095,0.0949,0.095,22427.44
2026-07-20 01:40:00,0.095,0.095,0.0943,0.0946,425901.55
2026-07-20 01:45:00,0.0946,0.0946,0.0945,0.0946,79092.91
2026-07-20 01:50:00,0.0945,0.0945,0.094,0.094,191741.77
2026-07-20 01:55:00,0.094,0.0942,0.094,0.0942,51734.18
2026-07-20 02:00:00,0.0942,0.0947,0.0942,0.0947,33915.69
2026-07-20 02:05:00,0.0947,0.0947,0.0946,0.0946,19147.18
2026-07-20 02:10:00,0.0946,0.0946,0.0944,0.0944,52983.83
2026-07-20 02:15:00,0.0943,0.0944,0.0942,0.0942,46059.31
2026-07-20 02:20:00,0.0941,0.0943,0.0941,0.0942,57014.62
2026-07-20 02:25:00,0.0942,0.0942,0.0942,0.0942,27507.41
2026-07-20 02:30:00,0.0942,0.0947,0.0942,0.0946,70769.1
2026-07-20 02:35:00,0.0946,0.0946,0.0945,0.0946,51774.6
2026-07-20 02:40:00,0.0946,0.095,0.0946,0.095,138390.41
2026-07-20 02:45:00,0.0949,0.0952,0.0949,0.0952,71179.55
2026-07-20 02:50:00,0.0952,0.0952,0.0951,0.0951,5800.15
2026-07-20 02:55:00,0.0951,0.0951,0.095,0.095,37487.45
2026-07-20 03:00:00,0.0949,0.0953,0.0949,0.0953,95476.86
2026-07-20 03:05:00,0.0952,0.0952,0.0951,0.0952,36329.74
2026-07-20 03:10:00,0.0952,0.0953,0.0951,0.0952,17979.62
2026-07-20 03:15:00,0.0952,0.0953,0.0951,0.0952,73267.69
2026-07-20 03:20:00,0.0951,0.0951,0.0949,0.095,33529.55
2026-07-20 03:25:00,0.095,0.095,0.0947,0.0949,54573.39
2026-07-20 03:30:00,0.0948,0.0949,0.0948,0.0949,5577.28
2026-07-20 03:35:00,0.0948,0.0948,0.0945,0.0948,394892.3
2026-07-20 03:40:00,0.0948,0.0948,0.0947,0.0948,35233.67
2026-07-20 03:45:00,0.0948,0.0949,0.0947,0.0947,29495.22
2026-07-20 03:50:00,0.0948,0.0948,0.0948,0.0948,33064.89
2026-07-20 03:55:00,0.0947,0.0948,0.0946,0.0948,52111.56
2026-07-20 04:00:00,0.0948,0.0949,0.0947,0.0947,36620.72
2026-07-20 04:05:00,0.0946,0.0946,0.0944,0.0944,103174.85
2026-07-20 04:10:00,0.0945,0.0945,0.0944,0.0944,39548.28
2026-07-20 04:15:00,0.0943,0.0943,0.0941,0.0943,65029.42
2026-07-20 04:20:00,0.0943,0.0943,0.0942,0.0942,19400.23
2026-07-20 04:25:00,0.0943,0.0944,0.0943,0.0944,13305.12
2026-07-20 04:30:00,0.0944,0.0945,0.0943,0.0944,128500.64
2026-07-20 04:35:00,0.0944,0.0946,0.0944,0.0945,47596.44
2026-07-20 04:40:00,0.0945,0.0945,0.0944,0.0944,4952.06
2026-07-20 04:45:00,0.0943,0.0944,0.0943,0.0943,39303.25
2026-07-20 04:50:00,0.0942,0.0942,0.0941,0.0941,38183.09
2026-07-20 04:55:00,0.094,0.0941,0.094,0.0941,14069.63
2026-07-20 05:00:00,0.0941,0.0941,0.0938,0.0939,48130.27
2026-07-20 05:05:00,0.0938,0.0942,0.0938,0.0939,148189.93
2026-07-20 05:10:00,0.0938,0.0938,0.0926,0.0932,739937.18
2026-07-20 05:15:00,0.0933,0.0934,0.0931,0.0934,93671.46
2026-07-20 05:20:00,0.0933,0.0933,0.0929,0.093,69735.29
2026-07-20 05:25:00,0.0929,0.0931,0.0929,0.0931,90103.11
2026-07-20 05:30:00,0.0931,0.0934,0.093,0.0932,398995.68
2026-07-20 05:35:00,0.0932,0.0933,0.0932,0.0932,122669.98
2026-07-20 05:40:00,0.0933,0.0933,0.0931,0.0931,89658.83
2026-07-20 05:45:00,0.0931,0.0931,0.093,0.0931,55041.05
2026-07-20 05:50:00,0.0931,0.0931,0.093,0.093,40907.33
2026-07-20 05:55:00,0.0929,0.0931,0.0929,0.0929,60403.46
2026-07-20 06:00:00,0.093,0.0932,0.0929,0.0932,56739.81
2026-07-20 06:05:00,0.0932,0.0932,0.093,0.0931,39193.57
2026-07-20 06:10:00,0.0931,0.0932,0.093,0.0931,13849.38
2026-07-20 06:15:00,0.0932,0.0933,0.0931,0.0932,49909.23
2026-07-20 06:20:00,0.0933,0.0934,0.0932,0.0932,42158.99
2026-07-20 06:25:00,0.0931,0.0933,0.0931,0.0933,20506.52
2026-07-20 06:30:00,0.0933,0.0933,0.0929,0.0931,185684.51
2026-07-20 06:35:00,0.0931,0.0931,0.0927,0.093,103728.33
2026-07-20 06:40:00,0.093,0.0931,0.0929,0.0931,239941.64
2026-07-20 06:45:00,0.0932,0.0932,0.0929,0.0931,37229.72
2026-07-20 06:50:00,0.0931,0.0932,0.093,0.0931,14973.88
2026-07-20 06:55:00,0.0932,0.0932,0.0929,0.0931,70625.17
2026-07-20 07:00:00,0.0932,0.0933,0.0931,0.0932,29455.26
2026-07-20 07:05:00,0.0932,0.0932,0.093,0.0931,33451.21
2026-07-20 07:10:00,0.0931,0.0932,0.0931,0.0932,11506.25
2026-07-20 07:15:00,0.0932,0.0932,0.093,0.0932,130170.21
2026-07-20 07:20:00,0.0933,0.0934,0.0932,0.0934,43240.99
2026-07-20 07:25:00,0.0933,0.0936,0.0933,0.0936,116797.93
2026-07-20 07:30:00,0.0935,0.0936,0.0935,0.0935,39777.07
2026-07-20 07:35:00,0.0936,0.0936,0.0934,0.0935,56660.98
2026-07-20 07:40:00,0.0934,0.0937,0.0934,0.0936,72837.78
2026-07-20 07:45:00,0.0936,0.0936,0.0934,0.0934,17542.23
2026-07-20 07:50:00,0.0934,0.0936,0.0934,0.0936,27919.52
2026-07-20 07:55:00,0.0937,0.0938,0.0936,0.0936,10108.42
2026-07-20 08:00:00,0.0935,0.0938,0.0935,0.0937,54070.76
2026-07-20 08:05:00,0.0936,0.0936,0.0934,0.0934,4634.81
2026-07-20 08:10:00,0.0934,0.0936,0.0934,0.0935,36860.07
2026-07-20 08:15:00,0.0935,0.0937,0.0934,0.0935,72134.71
2026-07-20 08:20:00,0.0934,0.0934,0.0933,0.0934,14831.69
2026-07-20 08:25:00,0.0933,0.0933,0.0931,0.0932,30494.14
2026-07-20 08:30:00,0.0933,0.0934,0.0931,0.0934,120032.86
2026-07-20 08:35:00,0.0934,0.0934,0.0927,0.093,616644.81
2026-07-20 08:40:00,0.093,0.0932,0.0929,0.0929,29174.38
2026-07-20 08:45:00,0.0929,0.0932,0.0929,0.0932,13306.24
2026-07-20 08:50:00,0.0932,0.0932,0.0931,0.0931,2903.97
2026-07-20 08:55:00,0.0931,0.0932,0.093,0.093,13327.01
2026-07-20 09:00:00,0.093,0.093,0.0927,0.0927,63283.66
2026-07-20 09:05:00,0.0926,0.0928,0.0926,0.0928,78817.96
2026-07-20 09:10:00,0.0929,0.0929,0.0928,0.0929,26473.33
2026-07-20 09:15:00,0.0929,0.093,0.0928,0.0928,24116.63
2026-07-20 09:20:00,0.0927,0.093,0.0927,0.093,21993.1
2026-07-20 09:25:00,0.093,0.0931,0.0929,0.093,18935.4
2026-07-20 09:30:00,0.093,0.0931,0.093,0.0931,41530.13
2026-07-20 09:35:00,0.093,0.0933,0.093,0.093,139377.01
2026-07-20 09:40:00,0.0931,0.0932,0.093,0.0931,36896.85
2026-07-20 09:45:00,0.093,0.0931,0.093,0.093,61101.08
2026-07-20 09:50:00,0.093,0.0933,0.093,0.0932,54544.33
2026-07-20 09:55:00,0.0932,0.0933,0.0931,0.0932,54830.55
2026-07-20 10:00:00,0.0933,0.0933,0.0932,0.0932,16786.32
2026-07-20 10:05:00,0.0932,0.0933,0.0932,0.0933,20303.19
2026-07-20 10:10:00,0.0934,0.0934,0.0933,0.0933,91406.4
2026-07-20 10:15:00,0.0933,0.0934,0.0932,0.0934,37425.1
2026-07-20 10:20:00,0.0933,0.0935,0.0932,0.0934,72336.44
2026-07-20 10:25:00,0.0934,0.0934,0.0933,0.0933,7264.58
2026-07-20 10:30:00,0.0933,0.0933,0.0932,0.0932,17551.73
2026-07-20 10:35:00,0.0932,0.0932,0.0932,0.0932,53490.46
2026-07-20 10:40:00,0.0932,0.0933,0.0932,0.0933,32514.22
2026-07-20 10:45:00,0.0932,0.0932,0.0931,0.0931,93530.45
2026-07-20 10:50:00,0.0931,0.0931,0.093,0.0931,4335.12
2026-07-20 10:55:00,0.0931,0.0931,0.0929,0.093,76189.49
2026-07-20 11:00:00,0.093,0.093,0.0926,0.0927,693776.68
2026-07-20 11:05:00,0.0927,0.093,0.0927,0.093,67884.43
2026-07-20 11:10:00,0.0929,0.0929,0.0929,0.0929,7289.01
2026-07-20 11:15:00,0.0929,0.0929,0.0927,0.0927,98757.76
2026-07-20 11:20:00,0.0928,0.0928,0.0926,0.0926,40723.56
2026-07-20 11:25:00,0.0926,0.0927,0.0925,0.0925,33931.19
2026-07-20 11:30:00,0.0926,0.0931,0.0926,0.0931,405834.08
2026-07-20 11:35:00,0.0931,0.0934,0.0931,0.0933,184115.51
2026-07-20 11:40:00,0.0933,0.0933,0.093,0.093,62598.11
2026-07-20 11:45:00,0.093,0.0931,0.0929,0.0931,148162.44
2026-07-20 11:50:00,0.0931,0.0933,0.093,0.0932,117163.85
2026-07-20 11:55:00,0.0931,0.0934,0.0931,0.0934,120994.2
2026-07-20 12:00:00,0.0934,0.0934,0.0929,0.093,277109.27
2026-07-20 12:05:00,0.093,0.0932,0.093,0.0932,56847.45
2026-07-20 12:10:00,0.0932,0.0932,0.0931,0.0932,99178.49
2026-07-20 12:15:00,0.0932,0.0933,0.0931,0.0931,28678.34
2026-07-20 12:20:00,0.0931,0.0933,0.0931,0.0932,16967.52
2026-07-20 12:25:00,0.0932,0.0933,0.0931,0.0933,28427.66
2026-07-20 12:30:00,0.0932,0.0933,0.0931,0.0932,19695.42
2026-07-20 12:35:00,0.0933,0.0933,0.0932,0.0932,47717.98
2026-07-20 12:40:00,0.0932,0.0932,0.0931,0.0931,21847.67
2026-07-20 12:45:00,0.0931,0.0933,0.0931,0.0933,45905.71
2026-07-20 12:50:00,0.0932,0.0932,0.093,0.0931,40444.56
2026-07-20 12:55:00,0.093,0.0931,0.0929,0.0931,155133.55
2026-07-20 13:00:00,0.0931,0.0931,0.0929,0.093,253121.49
2026-07-20 13:05:00,0.093,0.0931,0.093,0.0931,84465.92
2026-07-20 13:10:00,0.093,0.0931,0.0927,0.0927,472514.58
2026-07-20 13:15:00,0.0927,0.0928,0.0927,0.0928,147533.65
2026-07-20 13:20:00,0.0928,0.0929,0.0926,0.0926,221460.66
2026-07-20 13:25:00,0.0926,0.0926,0.0924,0.0926,100664.56
2026-07-20 13:30:00,0.0925,0.0928,0.0921,0.0928,404726.1
2026-07-20 13:35:00,0.0928,0.0929,0.0926,0.0926,184531.28
2026-07-20 13:40:00,0.0925,0.0928,0.0925,0.0927,52360.36
2026-07-20 13:45:00,0.0926,0.0926,0.0922,0.0926,114998.34
2026-07-20 13:50:00,0.0926,0.0926,0.0919,0.0922,577262.07
2026-07-20 13:55:00,0.0922,0.0923,0.0919,0.0922,168328.65
2026-07-20 14:00:00,0.0922,0.0924,0.0921,0.0924,90410.0
2026-07-20 14:05:00,0.0924,0.0926,0.0924,0.0925,87249.18
2026-07-20 14:10:00,0.0925,0.0925,0.0923,0.0924,36902.57
2026-07-20 14:15:00,0.0923,0.0923,0.092,0.0922,151931.73
2026-07-20 14:20:00,0.0921,0.0924,0.092,0.0923,59571.4
2026-07-20 14:25:00,0.0923,0.0926,0.0923,0.0926,47317.47
2026-07-20 14:30:00,0.0926,0.0926,0.0925,0.0925,22393.32
2026-07-20 14:35:00,0.0925,0.0925,0.0924,0.0924,26540.88
2026-07-20 14:40:00,0.0924,0.0925,0.0922,0.0924,51335.5
2026-07-20 14:45:00,0.0923,0.0926,0.0923,0.0924,187757.02
2026-07-20 14:50:00,0.0923,0.0925,0.0922,0.0923,194334.42
2026-07-20 14:55:00,0.0923,0.0924,0.0922,0.0924,27484.48
2026-07-20 15:00:00,0.0924,0.0929,0.0924,0.0928,211854.52
2026-07-20 15:05:00,0.0928,0.0931,0.0927,0.093,148541.02
2026-07-20 15:10:00,0.0931,0.0931,0.093,0.0931,55313.68
2026-07-20 15:15:00,0.0931,0.0932,0.093,0.0932,51260.87
2026-07-20 15:20:00,0.0932,0.0933,0.0931,0.0931,62877.39
2026-07-20 15:25:00,0.0931,0.0932,0.0931,0.0932,70972.5
2026-07-20 15:30:00,0.0932,0.0933,0.0931,0.0932,57222.46
2026-07-20 15:35:00,0.0932,0.0932,0.0929,0.0929,60057.34
2026-07-20 15:40:00,0.0928,0.0935,0.0928,0.0934,164127.8
2026-07-20 15:45:00,0.0935,0.0938,0.0935,0.0936,84504.1
2026-07-20 15:50:00,0.0936,0.0941,0.0936,0.094,150364.31
2026-07-20 15:55:00,0.094,0.0941,0.0938,0.0939,150796.61
2026-07-20 16:00:00,0.0938,0.0939,0.0938,0.0939,73744.8
2026-07-20 16:05:00,0.0938,0.0939,0.0935,0.0937,73601.77
2026-07-20 16:10:00,0.0938,0.094,0.0937,0.0939,51814.36
2026-07-20 16:15:00,0.0939,0.094,0.0938,0.0938,67751.43
2026-07-20 16:20:00,0.0939,0.0939,0.0937,0.0937,39504.92
2026-07-20 16:25:00,0.0938,0.0938,0.0934,0.0937,86042.79
2026-07-20 16:30:00,0.0938,0.0938,0.0935,0.0935,62124.8
2026-07-20 16:35:00,0.0935,0.0935,0.0934,0.0935,41444.26
2026-07-20 16:40:00,0.0936,0.0937,0.0931,0.0935,425621.72
2026-07-20 16:45:00,0.0935,0.0938,0.0935,0.0937,74789.63
2026-07-20 16:50:00,0.0938,0.0938,0.0936,0.0938,111068.81
2026-07-20 16:55:00,0.0937,0.0939,0.0937,0.0939,29173.52
2026-07-20 17:00:00,0.0938,0.0939,0.0938,0.0938,22867.66
2026-07-20 17:05:00,0.0937,0.0939,0.0937,0.0939,83477.94
2026-07-20 17:10:00,0.0939,0.0939,0.0937,0.0937,66586.0
2026-07-20 17:15:00,0.0936,0.0936,0.0935,0.0936,109498.44
2026-07-20 17:20:00,0.0936,0.0937,0.0936,0.0937,14124.84
2026-07-20 17:25:00,0.0937,0.0938,0.0937,0.0938,80246.87
2026-07-20 17:30:00,0.0939,0.0939,0.0937,0.0938,28414.75
2026-07-20 17:35:00,0.0938,0.0938,0.0936,0.0937,71549.42
2026-07-20 17:40:00,0.0936,0.0937,0.0936,0.0936,67366.3
2026-07-20 17:45:00,0.0936,0.0937,0.0936,0.0937,20241.69
2026-07-20 17:50:00,0.0937,0.094,0.0937,0.0939,125440.29
2026-07-20 17:55:00,0.0938,0.0938,0.0936,0.0937,43099.93
2026-07-20 18:00:00,0.0937,0.0942,0.0937,0.0941,261341.91
2026-07-20 18:05:00,0.0941,0.0941,0.094,0.094,52235.15
2026-07-20 18:10:00,0.094,0.0943,0.0939,0.0942,110599.44
2026-07-20 18:15:00,0.0942,0.0944,0.094,0.0941,195095.99
2026-07-20 18:20:00,0.094,0.0941,0.0938,0.0938,114949.54
2026-07-20 18:25:00,0.0939,0.0939,0.0938,0.0938,13110.52
2026-07-20 18:30:00,0.0938,0.0938,0.0936,0.0936,38094.61
2026-07-20 18:35:00,0.0936,0.0937,0.0935,0.0935,45819.57
2026-07-20 18:40:00,0.0935,0.0935,0.0934,0.0934,27724.39
2026-07-20 18:45:00,0.0933,0.0934,0.0933,0.0934,15098.7
2026-07-20 18:50:00,0.0934,0.0934,0.0933,0.0934,36096.94
2026-07-20 18:55:00,0.0934,0.0934,0.0932,0.0934,6267.64
2026-07-20 19:00:00,0.0933,0.0933,0.093,0.0931,42049.67
2026-07-20 19:05:00,0.093,0.0932,0.093,0.093,12898.87
2026-07-20 19:10:00,0.093,0.0931,0.0928,0.0928,65263.84
2026-07-20 19:15:00,0.0928,0.093,0.0928,0.0929,23900.87
2026-07-20 19:20:00,0.0929,0.0929,0.0928,0.0929,62609.71
2026-07-20 19:25:00,0.0928,0.0932,0.0927,0.093,249505.38
2026-07-20 19:30:00,0.0929,0.093,0.0927,0.0927,49568.3
2026-07-20 19:35:00,0.0928,0.0928,0.0925,0.0926,37415.07
2026-07-20 19:40:00,0.0926,0.0928,0.0926,0.0927,25336.01
2026-07-20 19:45:00,0.0928,0.0928,0.0926,0.0927,32587.67
2026-07-20 19:50:00,0.0926,0.0928,0.0926,0.0927,51910.18
2026-07-20 19:55:00,0.0928,0.0928,0.0928,0.0928,3017.81
2026-07-20 20:00:00,0.0928,0.0928,0.0925,0.0926,46850.49
2026-07-20 20:05:00,0.0925,0.0927,0.0925,0.0925,48816.27
2026-07-20 20:10:00,0.0925,0.0926,0.0924,0.0926,68973.18
2026-07-20 20:15:00,0.0925,0.0925,0.0925,0.0925,6647.36
2026-07-20 20:20:00,0.0926,0.0928,0.0926,0.0927,60386.6
2026-07-20 20:25:00,0.0928,0.0929,0.0927,0.0927,46621.78
2026-07-20 20:30:00,0.0927,0.0929,0.0927,0.0929,51469.1
2026-07-20 20:35:00,0.0929,0.0929,0.0927,0.0927,17694.39
2026-07-20 20:40:00,0.0927,0.0927,0.0927,0.0927,107856.49
2026-07-20 20:45:00,0.0928,0.0929,0.0926,0.0927,31961.23
2026-07-20 20:50:00,0.0927,0.0928,0.0927,0.0928,10708.51
2026-07-20 20:55:00,0.0928,0.0929,0.0928,0.0929,25871.33
2026-07-20 21:00:00,0.0928,0.093,0.0928,0.0929,11479.66
2026-07-20 21:05:00,0.0929,0.093,0.0928,0.0928,44201.11
2026-07-20 21:10:00,0.0929,0.0929,0.0929,0.0929,33782.99
2026-07-20 21:15:00,0.0929,0.0929,0.0928,0.0929,7724.99
2026-07-20 21:20:00,0.0929,0.0929,0.0927,0.0927,49446.35
2026-07-20 21:25:00,0.0927,0.0927,0.0927,0.0927,7570.69
2026-07-20 21:30:00,0.0927,0.0929,0.0927,0.0928,19395.15
2026-07-20 21:35:00,0.0929,0.093,0.0928,0.0928,23816.52
2026-07-20 21:40:00,0.0927,0.093,0.0926,0.0928,240103.97
2026-07-20 21:45:00,0.0928,0.093,0.0927,0.0928,136172.38
2026-07-20 21:50:00,0.0929,0.0939,0.0928,0.0938,848983.44
2026-07-20 21:55:00,0.0937,0.0945,0.0937,0.094,1721533.26
2026-07-20 22:00:00,0.0939,0.094,0.0935,0.094,359023.77
2026-07-20 22:05:00,0.0939,0.0941,0.0939,0.094,181604.46
2026-07-20 22:10:00,0.094,0.0941,0.0938,0.094,254784.94
2026-07-20 22:15:00,0.0941,0.0949,0.0941,0.0947,2470446.99
2026-07-20 22:20:00,0.0948,0.0949,0.0944,0.0948,370102.96
2026-07-20 22:25:00,0.0948,0.0952,0.0948,0.095,389543.31
2026-07-20 22:30:00,0.095,0.0953,0.095,0.095,383331.52
2026-07-20 22:35:00,0.095,0.0953,0.0949,0.0949,508560.15
2026-07-20 22:40:00,0.0949,0.0951,0.0946,0.0949,372530.3
2026-07-20 22:45:00,0.0949,0.095,0.0947,0.095,211574.55
2026-07-20 22:50:00,0.0949,0.095,0.0948,0.0949,45403.25
2026-07-20 22:55:00,0.095,0.0952,0.0949,0.0952,314870.49
2026-07-20 23:00:00,0.0952,0.0954,0.0952,0.0952,103393.0
2026-07-20 23:05:00,0.0953,0.0954,0.0952,0.0953,68405.74
2026-07-20 23:10:00,0.0952,0.0953,0.0952,0.0952,54267.13
2026-07-20 23:15:00,0.0953,0.0953,0.095,0.0951,196767.38
2026-07-20 23:20:00,0.0951,0.0951,0.0949,0.0951,66311.64
2026-07-20 23:25:00,0.0951,0.0952,0.0948,0.0949,163677.26
2026-07-20 23:30:00,0.0949,0.0951,0.0948,0.0951,141931.73
2026-07-20 23:35:00,0.0951,0.0951,0.095,0.0951,45849.81
2026-07-20 23:40:00,0.095,0.095,0.0943,0.0948,1012025.45
2026-07-20 23:45:00,0.0948,0.0949,0.0941,0.0941,1121981.15
2026-07-20 23:50:00,0.0941,0.0941,0.0939,0.0941,320054.82
2026-07-20 23:55:00,0.0942,0.0943,0.0941,0.0942,148229.73
2026-07-21 00:00:00,0.0941,0.0942,0.0937,0.0941,139477.2
2026-07-21 00:05:00,0.0941,0.0941,0.0939,0.0941,150172.08
2026-07-21 00:10:00,0.0941,0.0944,0.0941,0.0941,84558.14
2026-07-21 00:15:00,0.0942,0.0942,0.094,0.0942,70377.38
2026-07-21 00:20:00,0.0942,0.0943,0.094,0.0943,36825.22
2026-07-21 00:25:00,0.0943,0.0944,0.0942,0.0942,55819.38
2026-07-21 00:30:00,0.0942,0.0945,0.0942,0.0945,47411.77
2026-07-21 00:35:00,0.0945,0.0945,0.0944,0.0945,51345.94
2026-07-21 00:40:00,0.0946,0.0946,0.0945,0.0946,24077.44
2026-07-21 00:45:00,0.0946,0.0946,0.0945,0.0945,37903.99
2026-07-21 00:50:00,0.0945,0.0946,0.0944,0.0946,57944.29
2026-07-21 00:55:00,0.0946,0.0946,0.0945,0.0946,73982.52
2026-07-21 01:00:00,0.0946,0.0946,0.0943,0.0945,56609.39
2026-07-21 01:05:00,0.0946,0.0947,0.0944,0.0945,115182.22
2026-07-21 01:10:00,0.0945,0.0945,0.0942,0.0942,53908.32
2026-07-21 01:15:00,0.0942,0.0943,0.0939,0.0941,75551.33
2026-07-21 01:20:00,0.094,0.0941,0.0938,0.0938,58144.1
2026-07-21 01:25:00,0.0939,0.094,0.0938,0.0938,20050.52
2026-07-21 01:30:00,0.0938,0.0939,0.0937,0.0939,144724.97
2026-07-21 01:35:00,0.0939,0.0939,0.0935,0.0936,104160.41
2026-07-21 01:40:00,0.0936,0.0937,0.0935,0.0937,6721.95
2026-07-21 01:45:00,0.0937,0.0937,0.0937,0.0937,411.67
2026-07-21 01:50:00,0.0937,0.0937,0.0936,0.0936,5199.96
2026-07-21 01:55:00,0.0936,0.0936,0.0935,0.0936,105169.33
2026-07-21 02:00:00,0.0937,0.0937,0.0936,0.0937,1674.31
2026-07-21 02:05:00,0.0937,0.0937,0.0934,0.0935,38861.58
2026-07-21 02:10:00,0.0934,0.0934,0.0932,0.0933,147990.97
2026-07-21 02:15:00,0.0933,0.0933,0.0931,0.0931,38927.54
2026-07-21 02:20:00,0.0932,0.0935,0.0932,0.0935,39526.16
2026-07-21 02:25:00,0.0935,0.0935,0.0934,0.0934,9575.33
2026-07-21 02:30:00,0.0934,0.0934,0.0934,0.0934,23992.99
2026-07-21 02:35:00,0.0935,0.0936,0.0935,0.0936,51722.05
2026-07-21 02:40:00,0.0935,0.0935,0.0934,0.0935,19712.62
2026-07-21 02:45:00,0.0935,0.0936,0.0935,0.0936,25075.26
2026-07-21 02:50:00,0.0935,0.0938,0.0935,0.0938,90504.58
2026-07-21 02:55:00,0.0938,0.094,0.0938,0.094,111864.8
2026-07-21 03:00:00,0.0939,0.0941,0.0939,0.0941,96155.62
2026-07-21 03:05:00,0.0942,0.0948,0.0942,0.0946,286652.91
2026-07-21 03:10:00,0.0946,0.0946,0.0944,0.0945,27180.79
2026-07-21 03:15:00,0.0944,0.0945,0.0944,0.0945,12659.86
2026-07-21 03:20:00,0.0945,0.0945,0.0943,0.0944,34593.6
2026-07-21 03:25:00,0.0944,0.0945,0.0944,0.0945,61807.82
2026-07-21 03:30:00,0.0945,0.0947,0.0945,0.0946,29769.44
2026-07-21 03:35:00,0.0946,0.0947,0.0945,0.0947,21883.02
2026-07-21 03:40:00,0.0946,0.0948,0.0946,0.0948,88968.0
2026-07-21 03:45:00,0.0948,0.0949,0.0948,0.0948,80509.59
2026-07-21 03:50:00,0.0949,0.0951,0.0948,0.095,114631.63
2026-07-21 03:55:00,0.0951,0.0954,0.095,0.0953,141825.69
2026-07-21 04:00:00,0.0953,0.0957,0.0953,0.0954,514477.4
2026-07-21 04:05:00,0.0953,0.0954,0.0951,0.0951,149974.94
2026-07-21 04:10:00,0.0951,0.0951,0.0949,0.095,60105.11
2026-07-21 04:15:00,0.095,0.095,0.095,0.095,176155.6
2026-07-21 04:20:00,0.095,0.0951,0.0948,0.0948,84769.88
2026-07-21 04:25:00,0.0948,0.095,0.0948,0.0949,115736.71
2026-07-21 04:30:00,0.0948,0.0949,0.0947,0.0948,72295.43
2026-07-21 04:35:00,0.0948,0.095,0.0948,0.0948,92292.15
2026-07-21 04:40:00,0.0948,0.0949,0.0948,0.0949,14892.6
2026-07-21 04:45:00,0.095,0.095,0.0949,0.095,49185.53
2026-07-21 04:50:00,0.095,0.0951,0.0949,0.0949,87827.88
2026-07-21 04:55:00,0.0949,0.0951,0.0949,0.0949,87482.92
2026-07-21 05:00:00,0.095,0.0952,0.0949,0.0951,75530.33
2026-07-21 05:05:00,0.0951,0.0951,0.0949,0.0949,35532.42
2026-07-21 05:10:00,0.095,0.095,0.0948,0.0949,59416.26
2026-07-21 05:15:00,0.0948,0.0948,0.0945,0.0946,57582.95
2026-07-21 05:20:00,0.0946,0.0949,0.0946,0.0949,119544.33
2026-07-21 05:25:00,0.0949,0.0951,0.0947,0.095,419347.84
2026-07-21 05:30:00,0.0949,0.0956,0.0948,0.0955,1673283.94
2026-07-21 05:35:00,0.0955,0.0969,0.0955,0.0969,1085162.47
2026-07-21 05:40:00,0.0968,0.0968,0.0962,0.0965,850970.25
2026-07-21 05:45:00,0.0965,0.097,0.0965,0.0969,297524.78
2026-07-21 05:50:00,0.097,0.097,0.0968,0.0968,263438.43
2026-07-21 05:55:00,0.0968,0.0969,0.0965,0.0967,294395.92
2026-07-21 06:00:00,0.0966,0.0969,0.0965,0.0967,474640.35
2026-07-21 06:05:00,0.0967,0.0968,0.0962,0.0963,520949.28
2026-07-21 06:10:00,0.0963,0.0965,0.0961,0.0964,657854.66
2026-07-21 06:15:00,0.0965,0.0966,0.0964,0.0965,90273.33
2026-07-21 06:20:00,0.0964,0.0968,0.0963,0.0967,801262.6
2026-07-21 06:25:00,0.0966,0.0967,0.0963,0.0964,268521.17
2026-07-21 06:30:00,0.0964,0.0966,0.0963,0.0965,332858.55
2026-07-21 06:35:00,0.0965,0.0967,0.0964,0.0964,126355.29
2026-07-21 06:40:00,0.0964,0.0965,0.0964,0.0965,45569.23
2026-07-21 06:45:00,0.0965,0.0965,0.0962,0.0963,657125.77
2026-07-21 06:50:00,0.0963,0.0964,0.0961,0.0963,421270.5
2026-07-21 06:55:00,0.0963,0.0973,0.0961,0.0972,1608122.35
2026-07-21 07:00:00,0.0972,0.0974,0.0969,0.097,248573.04
2026-07-21 07:05:00,0.0971,0.0971,0.0967,0.0968,149061.96
2026-07-21 07:10:00,0.0968,0.0968,0.0966,0.0967,30879.03
2026-07-21 07:15:00,0.0967,0.097,0.0964,0.0969,572482.23
2026-07-21 07:20:00,0.0969,0.0969,0.0965,0.0965,197096.03
2026-07-21 07:25:00,0.0965,0.0965,0.0964,0.0964,31319.46
2026-07-21 07:30:00,0.0964,0.0966,0.0964,0.0966,155709.92
2026-07-21 07:35:00,0.0966,0.0968,0.0966,0.0967,222290.18
2026-07-21 07:40:00,0.0967,0.0968,0.0965,0.0965,74389.29
2026-07-21 07:45:00,0.0966,0.0968,0.0965,0.0968,222215.61
2026-07-21 07:50:00,0.0969,0.097,0.0968,0.097,57412.23
2026-07-21 07:55:00,0.097,0.0971,0.0969,0.0969,58789.06
2026-07-21 08:00:00,0.097,0.0971,0.0969,0.097,115588.94
2026-07-21 08:05:00,0.0969,0.097,0.0969,0.0969,2725.2
2026-07-21 08:10:00,0.0968,0.0969,0.0966,0.0969,247881.15
2026-07-21 08:15:00,0.0969,0.0969,0.0967,0.0969,60643.37
2026-07-21 08:20:00,0.0969,0.0972,0.0969,0.097,85213.87
2026-07-21 08:25:00,0.097,0.0971,0.0969,0.097,78404.93
2026-07-21 08:30:00,0.097,0.0971,0.0969,0.097,115091.77
2026-07-21 08:35:00,0.097,0.097,0.0969,0.0969,17460.79
2026-07-21 08:40:00,0.097,0.0972,0.0969,0.0971,241734.16
2026-07-21 08:45:00,0.0971,0.0972,0.0969,0.097,79906.22
2026-07-21 08:50:00,0.097,0.0971,0.097,0.0971,59937.16
2026-07-21 08:55:00,0.0971,0.0971,0.0969,0.0969,114178.8
2026-07-21 09:00:00,0.0969,0.0969,0.0967,0.0968,78638.59
2026-07-21 09:05:00,0.0968,0.0968,0.0967,0.0968,26115.19
2026-07-21 09:10:00,0.0968,0.0968,0.0966,0.0967,45816.04
2026-07-21 09:15:00,0.0967,0.097,0.0967,0.0969,241525.67
2026-07-21 09:20:00,0.0969,0.0969,0.0968,0.0969,63202.71
2026-07-21 09:25:00,0.0969,0.0969,0.0967,0.0968,49294.68
2026-07-21 09:30:00,0.0968,0.097,0.0968,0.097,10873.03
2026-07-21 09:35:00,0.097,0.097,0.097,0.097,24676.03
2026-07-21 09:40:00,0.097,0.0974,0.0969,0.0974,86444.5
2026-07-21 09:45:00,0.0974,0.0974,0.0972,0.0972,57316.73
2026-07-21 09:50:00,0.0973,0.0973,0.0971,0.0972,27227.23
2026-07-21 09:55:00,0.0972,0.0974,0.0972,0.0974,182667.72
2026-07-21 10:00:00,0.0974,0.0975,0.0974,0.0975,98606.84
2026-07-21 10:05:00,0.0974,0.0974,0.0971,0.0971,270087.55
2026-07-21 10:10:00,0.0971,0.0974,0.0971,0.0973,463428.59
2026-07-21 10:15:00,0.0973,0.0974,0.0972,0.0974,758923.56
2026-07-21 10:20:00,0.0974,0.0975,0.097,0.0971,1029829.93
2026-07-21 10:25:00,0.0971,0.0971,0.097,0.097,114975.38
2026-07-21 10:30:00,0.097,0.0976,0.0969,0.0971,1051238.72
2026-07-21 10:35:00,0.097,0.097,0.0966,0.0968,478939.61
2026-07-21 10:40:00,0.0967,0.0968,0.0967,0.0968,27516.86
2026-07-21 10:45:00,0.0968,0.0968,0.0966,0.0967,114221.46
2026-07-21 10:50:00,0.0967,0.0967,0.0964,0.0965,133751.93
2026-07-21 10:55:00,0.0965,0.0966,0.0965,0.0965,100401.45
2026-07-21 11:00:00,0.0966,0.0966,0.0964,0.0964,70388.95
2026-07-21 11:05:00,0.0964,0.0965,0.0963,0.0964,80200.76
2026-07-21 11:10:00,0.0964,0.0966,0.0964,0.0966,50923.28
2026-07-21 11:15:00,0.0966,0.0967,0.0965,0.0965,99852.42
2026-07-21 11:20:00,0.0965,0.0967,0.0965,0.0967,16268.87
2026-07-21 11:25:00,0.0966,0.0967,0.0966,0.0967,87370.7
2026-07-21 11:30:00,0.0967,0.0968,0.0966,0.0967,60872.15
2026-07-21 11:35:00,0.0968,0.0969,0.0967,0.0968,38705.56
2026-07-21 11:40:00,0.0967,0.0968,0.0966,0.0967,49525.62
2026-07-21 11:45:00,0.0968,0.0969,0.0968,0.0969,72812.24
2026-07-21 11:50:00,0.0969,0.097,0.0968,0.0968,58983.34
2026-07-21 11:55:00,0.0969,0.097,0.0969,0.0969,65224.5
2026-07-21 12:00:00,0.097,0.0971,0.0969,0.097,28009.45
2026-07-21 12:05:00,0.097,0.0974,0.097,0.0972,274642.18
2026-07-21 12:10:00,0.0971,0.0972,0.097,0.0971,118243.62
2026-07-21 12:15:00,0.097,0.0971,0.0969,0.0971,144261.89
2026-07-21 12:20:00,0.0971,0.0972,0.097,0.097,60315.7
2026-07-21 12:25:00,0.0971,0.0971,0.0969,0.0969,29894.37
2026-07-21 12:30:00,0.0969,0.097,0.0968,0.097,46885.53
2026-07-21 12:35:00,0.0969,0.0977,0.0968,0.0974,603196.17
2026-07-21 12:40:00,0.0974,0.0975,0.0973,0.0974,91569.77
2026-07-21 12:45:00,0.0975,0.0975,0.0972,0.0972,46176.94
2026-07-21 12:50:00,0.0972,0.0973,0.097,0.0971,75421.88
2026-07-21 12:55:00,0.0972,0.0972,0.0971,0.0971,10926.99
2026-07-21 13:00:00,0.0971,0.0973,0.0971,0.0972,119153.4
2026-07-21 13:05:00,0.0971,0.0971,0.097,0.097,20078.82
2026-07-21 13:10:00,0.097,0.0971,0.0969,0.0971,42866.16
2026-07-21 13:15:00,0.0971,0.0971,0.0969,0.0969,36838.02
2026-07-21 13:20:00,0.0969,0.097,0.0969,0.0969,40643.3
2026-07-21 13:25:00,0.0969,0.0969,0.0968,0.0968,52915.55
2026-07-21 13:30:00,0.0969,0.0969,0.0966,0.0967,142255.84
2026-07-21 13:35:00,0.0968,0.097,0.0967,0.0967,172126.54
2026-07-21 13:40:00,0.0967,0.0968,0.0965,0.0965,50006.33
2026-07-21 13:45:00,0.0966,0.0968,0.0965,0.0968,62712.07
2026-07-21 13:50:00,0.0968,0.097,0.0968,0.097,20179.37
2026-07-21 13:55:00,0.0971,0.0971,0.0969,0.0969,55219.64
2026-07-21 14:00:00,0.0969,0.0972,0.0969,0.097,111973.82
2026-07-21 14:05:00,0.097,0.0972,0.0969,0.0969,59229.03
2026-07-21 14:10:00,0.097,0.0972,0.097,0.0971,315053.26
2026-07-21 14:15:00,0.0972,0.0979,0.097,0.0976,609560.58
2026-07-21 14:20:00,0.0975,0.0975,0.0971,0.0971,244428.04
2026-07-21 14:25:00,0.0971,0.0971,0.097,0.097,165218.27
2026-07-21 14:30:00,0.0971,0.0972,0.097,0.0971,133503.17
2026-07-21 14:35:00,0.0971,0.0971,0.097,0.0971,35651.41
2026-07-21 14:40:00,0.097,0.0972,0.097,0.0971,105679.7
2026-07-21 14:45:00,0.0972,0.0972,0.097,0.0971,50522.79
2026-07-21 14:50:00,0.0971,0.0971,0.0969,0.0971,40768.88
2026-07-21 14:55:00,0.0971,0.0972,0.097,0.0971,195775.48
2026-07-21 15:00:00,0.0971,0.0971,0.0969,0.097,41962.05
2026-07-21 15:05:00,0.0969,0.0971,0.0969,0.097,30260.66
2026-07-21 15:10:00,0.0969,0.097,0.0969,0.0969,36725.63
2026-07-21 15:15:00,0.0969,0.0971,0.0968,0.0971,17807.94
2026-07-21 15:20:00,0.0972,0.0972,0.0969,0.097,106147.03
2026-07-21 15:25:00,0.0971,0.0971,0.0969,0.0969,78953.61
2026-07-21 15:30:00,0.0968,0.0968,0.0967,0.0967,40212.24
2026-07-21 15:35:00,0.0968,0.0971,0.0968,0.0971,82232.48
2026-07-21 15:40:00,0.0971,0.0971,0.097,0.097,29934.23
2026-07-21 15:45:00,0.0969,0.097,0.0968,0.097,131789.39
2026-07-21 15:50:00,0.0971,0.0972,0.0971,0.0971,29886.57
2026-07-21 15:55:00,0.0972,0.0973,0.0971,0.0972,28406.92
2026-07-21 16:00:00,0.0973,0.0974,0.0971,0.0973,80946.94
2026-07-21 16:05:00,0.0973,0.0973,0.0972,0.0972,43586.12
2026-07-21 16:10:00,0.0972,0.0973,0.0972,0.0972,45350.72
2026-07-21 16:15:00,0.0971,0.0972,0.0971,0.0972,52077.26
2026-07-21 16:20:00,0.0972,0.0972,0.097,0.097,122297.55
2026-07-21 16:25:00,0.097,0.097,0.0967,0.0967,76470.54
2026-07-21 16:30:00,0.0967,0.0967,0.0966,0.0967,62063.16
2026-07-21 16:35:00,0.0968,0.0968,0.0967,0.0968,70444.05
2026-07-21 16:40:00,0.0968,0.0969,0.0967,0.0967,47436.07
2026-07-21 16:45:00,0.0968,0.0968,0.0967,0.0968,59101.31
2026-07-21 16:50:00,0.0967,0.097,0.0967,0.097,117249.73
2026-07-21 16:55:00,0.0971,0.0974,0.0971,0.0974,99885.2
2026-07-21 17:00:00,0.0974,0.0975,0.0973,0.0974,27510.36
2026-07-21 17:05:00,0.0974,0.0974,0.0972,0.0973,48201.15
2026-07-21 17:10:00,0.0973,0.0973,0.0972,0.0973,47176.59
2026-07-21 17:15:00,0.0973,0.0974,0.0972,0.0972,10364.44
2026-07-21 17:20:00,0.0972,0.0973,0.0972,0.0973,21421.59
2026-07-21 17:25:00,0.0973,0.0973,0.097,0.097,24211.67
2026-07-21 17:30:00,0.097,0.0973,0.097,0.0973,39633.71
2026-07-21 17:35:00,0.0973,0.0974,0.0973,0.0974,30002.19
2026-07-21 17:40:00,0.0974,0.0974,0.0972,0.0973,21342.29
2026-07-21 17:45:00,0.0972,0.0972,0.0963,0.0969,311731.83
2026-07-21 17:50:00,0.097,0.0971,0.097,0.0971,44175.61
2026-07-21 17:55:00,0.097,0.0972,0.0969,0.0971,99038.75
2026-07-21 18:00:00,0.0972,0.0972,0.097,0.0972,40743.4
2026-07-21 18:05:00,0.0972,0.0972,0.0972,0.0972,60501.94
2026-07-21 18:10:00,0.0973,0.0973,0.0971,0.0972,31785.13
2026-07-21 18:15:00,0.0972,0.0973,0.0972,0.0973,27575.3
2026-07-21 18:20:00,0.0973,0.0974,0.0972,0.0974,40287.55
2026-07-21 18:25:00,0.0974,0.0974,0.0973,0.0974,27400.98
2026-07-21 18:30:00,0.0974,0.0974,0.0971,0.0973,57083.59
2026-07-21 18:35:00,0.0972,0.0974,0.0972,0.0974,53769.89
2026-07-21 18:40:00,0.0973,0.0974,0.0973,0.0974,12206.57
2026-07-21 18:45:00,0.0974,0.0974,0.0973,0.0974,19945.92
2026-07-21 18:50:00,0.0974,0.0975,0.0973,0.0974,33292.89
2026-07-21 18:55:00,0.0974,0.0974,0.0973,0.0974,9923.45
2026-07-21 19:00:00,0.0973,0.0974,0.0973,0.0974,21598.98
2026-07-21 19:05:00,0.0974,0.0974,0.0972,0.0974,30384.64
2026-07-21 19:10:00,0.0973,0.0973,0.0971,0.0972,45491.19
2026-07-21 19:15:00,0.0971,0.0974,0.0971,0.0974,53804.08
2026-07-21 19:20:00,0.0974,0.0974,0.0973,0.0973,31792.91
2026-07-21 19:25:00,0.0973,0.0973,0.0972,0.0972,9715.63
2026-07-21 19:30:00,0.0972,0.0973,0.0972,0.0972,18501.89
2026-07-21 19:35:00,0.0971,0.0978,0.0971,0.0977,215504.25
2026-07-21 19:40:00,0.0977,0.0978,0.0976,0.0977,73471.72
2026-07-21 19:45:00,0.0978,0.0984,0.0978,0.098,502264.73
2026-07-21 19:50:00,0.098,0.0982,0.098,0.098,93613.97
2026-07-21 19:55:00,0.0981,0.0982,0.0979,0.0979,86569.3
2026-07-21 20:00:00,0.098,0.098,0.0979,0.0979,25844.84
2026-07-21 20:05:00,0.098,0.098,0.0979,0.0979,41328.42
2026-07-21 20:10:00,0.0979,0.098,0.0978,0.0978,207337.42
2026-07-21 20:15:00,0.0978,0.0979,0.0977,0.0977,33305.08
2026-07-21 20:20:00,0.0978,0.0978,0.0975,0.0976,84861.6
2026-07-21 20:25:00,0.0976,0.0976,0.0975,0.0975,66516.15
2026-07-21 20:30:00,0.0975,0.0976,0.0974,0.0976,16246.27
2026-07-21 20:35:00,0.0976,0.0979,0.0976,0.0977,56245.96
2026-07-21 20:40:00,0.0978,0.0979,0.0977,0.0979,80653.03
2026-07-21 20:45:00,0.0978,0.0978,0.0976,0.0976,19255.34
2026-07-21 20:50:00,0.0976,0.0977,0.0975,0.0976,115831.25
2026-07-21 20:55:00,0.0976,0.0977,0.0975,0.0975,127590.51
2026-07-21 21:00:00,0.0976,0.0976,0.0975,0.0976,116882.83
2026-07-21 21:05:00,0.0976,0.0978,0.0976,0.0978,115515.25
2026-07-21 21:10:00,0.0978,0.0981,0.0978,0.098,101248.25
2026-07-21 21:15:00,0.0979,0.0981,0.0979,0.0981,41874.55
2026-07-21 21:20:00,0.0982,0.0984,0.0982,0.0984,118158.23
2026-07-21 21:25:00,0.0984,0.0984,0.0982,0.0982,75781.05
2026-07-21 21:30:00,0.0982,0.0982,0.098,0.0981,106735.35
2026-07-21 21:35:00,0.0981,0.0982,0.0981,0.0982,35500.9
2026-07-21 21:40:00,0.0981,0.0982,0.098,0.0981,50770.31
2026-07-21 21:45:00,0.0981,0.0981,0.098,0.098,6556.08
2026-07-21 21:50:00,0.0981,0.0983,0.0979,0.0983,122349.13
2026-07-21 21:55:00,0.0983,0.0983,0.0982,0.0982,31985.15
2026-07-21 22:00:00,0.0982,0.0983,0.098,0.0983,50324.58
2026-07-21 22:05:00,0.0983,0.0983,0.098,0.098,116436.43
2026-07-21 22:10:00,0.098,0.0981,0.098,0.098,44398.57
2026-07-21 22:15:00,0.0979,0.098,0.0979,0.0979,49498.91
2026-07-21 22:20:00,0.0978,0.0979,0.0978,0.0978,45954.53
2026-07-21 22:25:00,0.0977,0.0978,0.0977,0.0978,23983.16
2026-07-21 22:30:00,0.0977,0.0979,0.0977,0.0979,4886.19
2026-07-21 22:35:00,0.0978,0.0978,0.0977,0.0978,21662.86
2026-07-21 22:40:00,0.0978,0.0978,0.0978,0.0978,2838.13
2026-07-21 22:45:00,0.0977,0.0978,0.0977,0.0978,57675.34
2026-07-21 22:50:00,0.0979,0.0979,0.0978,0.0979,42564.02
2026-07-21 22:55:00,0.0979,0.098,0.0978,0.0979,41502.43
2026-07-21 23:00:00,0.0979,0.0979,0.0975,0.0976,129856.95
2026-07-21 23:05:00,0.0975,0.0977,0.0974,0.0976,39297.1
2026-07-21 23:10:00,0.0976,0.0976,0.0975,0.0975,55376.38
2026-07-21 23:15:00,0.0976,0.0976,0.0976,0.0976,9068.17
2026-07-21 23:20:00,0.0976,0.0977,0.0976,0.0976,58875.53
2026-07-21 23:25:00,0.0975,0.0976,0.0975,0.0976,22724.61
2026-07-21 23:30:00,0.0977,0.0978,0.0977,0.0978,40191.51
2026-07-21 23:35:00,0.0979,0.0979,0.0979,0.0979,3476.48
2026-07-21 23:40:00,0.0979,0.0979,0.0978,0.0979,15426.24
2026-07-21 23:45:00,0.0979,0.098,0.0979,0.098,38238.93
2026-07-21 23:50:00,0.098,0.0981,0.0978,0.0981,20881.82
2026-07-21 23:55:00,0.098,0.0982,0.098,0.0982,28268.69
2026-07-22 00:00:00,0.098,0.0988,0.098,0.0985,699606.97
2026-07-22 00:05:00,0.0985,0.0985,0.0982,0.0983,79951.33
2026-07-22 00:10:00,0.0983,0.0984,0.0982,0.0983,36078.8
2026-07-22 00:15:00,0.0984,0.0987,0.0984,0.0987,92817.83
2026-07-22 00:20:00,0.0987,0.0989,0.0985,0.0986,96427.08
2026-07-22 00:25:00,0.0986,0.0986,0.0984,0.0984,10613.2
2026-07-22 00:30:00,0.0985,0.0985,0.0983,0.0984,58081.16
2026-07-22 00:35:00,0.0984,0.0984,0.0982,0.0984,24690.01
2026-07-22 00:40:00,0.0983,0.0984,0.0983,0.0983,23654.43
2026-07-22 00:45:00,0.0983,0.0983,0.0982,0.0983,7213.21
2026-07-22 00:50:00,0.0983,0.0983,0.0983,0.0983,9970.97
2026-07-22 00:55:00,0.0983,0.0986,0.0983,0.0986,55575.9
2026-07-22 01:00:00,0.0985,0.0985,0.0983,0.0984,28688.38
2026-07-22 01:05:00,0.0983,0.0984,0.0983,0.0984,16912.01
2026-07-22 01:10:00,0.0983,0.0984,0.0982,0.0983,64695.37
2026-07-22 01:15:00,0.0983,0.0983,0.0982,0.0982,8843.77
2026-07-22 01:20:00,0.0982,0.0982,0.0979,0.098,66092.96
2026-07-22 01:25:00,0.098,0.0981,0.0979,0.0979,6800.94
2026-07-22 01:30:00,0.0979,0.098,0.0978,0.098,72860.63
2026-07-22 01:35:00,0.098,0.0981,0.0979,0.0981,20811.31
2026-07-22 01:40:00,0.0981,0.0981,0.0979,0.0981,26568.99
2026-07-22 01:45:00,0.0982,0.0985,0.0981,0.0984,31227.94
2026-07-22 01:50:00,0.0984,0.0986,0.0984,0.0986,26332.13
2026-07-22 01:55:00,0.0985,0.0985,0.0984,0.0985,7191.71
2026-07-22 02:00:00,0.0985,0.0985,0.0984,0.0985,108434.88
2026-07-22 02:05:00,0.0986,0.0986,0.0979,0.0981,705848.57
2026-07-22 02:10:00,0.0981,0.0982,0.0981,0.0982,16605.84
2026-07-22 02:15:00,0.0982,0.0982,0.098,0.0981,51316.95
2026-07-22 02:20:00,0.098,0.098,0.098,0.098,20509.4
2026-07-22 02:25:00,0.0981,0.0981,0.0979,0.098,32080.31
2026-07-22 02:30:00,0.098,0.098,0.0978,0.0978,14151.07
2026-07-22 02:35:00,0.0978,0.0979,0.0977,0.0977,28538.06
2026-07-22 02:40:00,0.0977,0.0978,0.0977,0.0978,61561.89
2026-07-22 02:45:00,0.0978,0.0979,0.0978,0.0979,9146.6
2026-07-22 02:50:00,0.0978,0.0978,0.0977,0.0977,13699.42
2026-07-22 02:55:00,0.0977,0.0978,0.0976,0.0976,102020.03
2026-07-22 03:00:00,0.0977,0.0977,0.0976,0.0976,45985.96
2026-07-22 03:05:00,0.0977,0.0977,0.0975,0.0976,18310.57
2026-07-22 03:10:00,0.0975,0.0976,0.0971,0.0972,261529.84
2026-07-22 03:15:00,0.0972,0.0973,0.0972,0.0973,69904.04
2026-07-22 03:20:00,0.0973,0.0974,0.0972,0.0974,26297.05
2026-07-22 03:25:00,0.0974,0.0975,0.0974,0.0975,28626.07
2026-07-22 03:30:00,0.0975,0.0976,0.0973,0.0973,12976.28
2026-07-22 03:35:00,0.0972,0.0973,0.0972,0.0972,34075.44
2026-07-22 03:40:00,0.0973,0.0974,0.0973,0.0973,26433.2
2026-07-22 03:45:00,0.0973,0.0975,0.0973,0.0975,27626.94
2026-07-22 03:50:00,0.0975,0.0975,0.0974,0.0974,19844.45
2026-07-22 03:55:00,0.0974,0.0974,0.0972,0.0972,31575.48
2026-07-22 04:00:00,0.0972,0.0974,0.097,0.0974,426767.45
2026-07-22 04:05:00,0.0974,0.0977,0.0974,0.0976,49097.15
2026-07-22 04:10:00,0.0976,0.0979,0.0976,0.0978,42825.06
2026-07-22 04:15:00,0.0978,0.0979,0.0977,0.0977,56733.66
2026-07-22 04:20:00,0.0977,0.0978,0.0977,0.0978,37480.27
2026-07-22 04:25:00,0.0977,0.0978,0.0976,0.0977,51683.8
2026-07-22 04:30:00,0.0977,0.0977,0.0976,0.0977,39996.98
2026-07-22 04:35:00,0.0977,0.0978,0.0977,0.0977,37603.24
2026-07-22 04:40:00,0.0977,0.0978,0.0977,0.0978,2743.71
2026-07-22 04:45:00,0.0978,0.0978,0.0977,0.0977,13668.2
2026-07-22 04:50:00,0.0977,0.0977,0.0976,0.0976,31898.87
2026-07-22 04:55:00,0.0977,0.0977,0.0977,0.0977,9517.84
2026-07-22 05:00:00,0.0977,0.0977,0.0976,0.0976,5197.25
2026-07-22 05:05:00,0.0976,0.0976,0.0974,0.0974,29984.51
2026-07-22 05:10:00,0.0973,0.0974,0.0971,0.0972,78972.01
2026-07-22 05:15:00,0.0972,0.0972,0.097,0.0971,77943.6
2026-07-22 05:20:00,0.097,0.097,0.0968,0.0968,76973.33
2026-07-22 05:25:00,0.0968,0.0969,0.0965,0.0966,169358.68
2026-07-22 05:30:00,0.0966,0.0968,0.0966,0.0968,9256.11
2026-07-22 05:35:00,0.0968,0.0968,0.0964,0.0966,73432.27
2026-07-22 05:40:00,0.0966,0.0966,0.0964,0.0966,27895.44
2026-07-22 05:45:00,0.0966,0.0967,0.0965,0.0966,74782.31
2026-07-22 05:50:00,0.0967,0.0969,0.0967,0.0968,50802.4
2026-07-22 05:55:00,0.0967,0.0968,0.0967,0.0967,13719.73
2026-07-22 06:00:00,0.0967,0.0968,0.0966,0.0966,65237.42
2026-07-22 06:05:00,0.0966,0.0966,0.0964,0.0965,55614.19
2026-07-22 06:10:00,0.0965,0.0968,0.0965,0.0967,15244.01
2026-07-22 06:15:00,0.0968,0.0969,0.0967,0.0967,92227.73
2026-07-22 06:20:00,0.0967,0.0967,0.0965,0.0967,35704.86
2026-07-22 06:25:00,0.0967,0.0967,0.0966,0.0967,33555.58
2026-07-22 06:30:00,0.0967,0.0969,0.0965,0.0969,29677.21
2026-07-22 06:35:00,0.097,0.0971,0.0967,0.0968,23420.93
2026-07-22 06:40:00,0.0968,0.0968,0.0967,0.0967,24910.79
2026-07-22 06:45:00,0.0966,0.0967,0.0964,0.0964,116879.23
2026-07-22 06:50:00,0.0965,0.0967,0.0965,0.0967,29995.51
2026-07-22 06:55:00,0.0967,0.0967,0.096,0.0964,768103.29
2026-07-22 07:00:00,0.0964,0.0964,0.0959,0.096,318833.21
2026-07-22 07:05:00,0.096,0.0961,0.096,0.096,73288.07
2026-07-22 07:10:00,0.0961,0.0961,0.096,0.096,16509.01
2026-07-22 07:15:00,0.0961,0.0961,0.0959,0.096,92202.26
2026-07-22 07:20:00,0.0959,0.0961,0.0959,0.0961,98887.8
2026-07-22 07:25:00,0.0961,0.0962,0.0961,0.0961,70071.46
2026-07-22 07:30:00,0.0961,0.0961,0.096,0.096,82384.23
2026-07-22 07:35:00,0.096,0.0961,0.096,0.096,60778.93
2026-07-22 07:40:00,0.0961,0.0962,0.096,0.0961,79353.42
2026-07-22 07:45:00,0.096,0.0962,0.096,0.096,135883.02
2026-07-22 07:50:00,0.0959,0.0961,0.0959,0.0961,22115.09
2026-07-22 07:55:00,0.0961,0.0961,0.096,0.0961,24734.53
2026-07-22 08:00:00,0.0961,0.0962,0.096,0.0961,154072.72
2026-07-22 08:05:00,0.0962,0.0965,0.0962,0.0964,98744.12
2026-07-22 08:10:00,0.0964,0.0964,0.0961,0.0962,107299.24
2026-07-22 08:15:00,0.0962,0.0962,0.0961,0.0962,48249.54
2026-07-22 08:20:00,0.0962,0.0963,0.0962,0.0963,30202.58
2026-07-22 08:25:00,0.0964,0.0964,0.0963,0.0963,37364.63
2026-07-22 08:30:00,0.0964,0.0965,0.0964,0.0964,37023.71
2026-07-22 08:35:00,0.0963,0.0964,0.096,0.0961,27671.86
2026-07-22 08:40:00,0.096,0.0961,0.096,0.096,51866.34
2026-07-22 08:45:00,0.0961,0.0962,0.096,0.096,56334.73
2026-07-22 08:50:00,0.0961,0.0961,0.096,0.0961,21755.11
2026-07-22 08:55:00,0.0961,0.0962,0.096,0.0962,9898.86
2026-07-22 09:00:00,0.0962,0.0963,0.0962,0.0963,50054.27
2026-07-22 09:05:00,0.0963,0.0964,0.0961,0.0963,51383.95
2026-07-22 09:10:00,0.0963,0.0963,0.0962,0.0962,7656.64
2026-07-22 09:15:00,0.0962,0.0963,0.0962,0.0963,15424.94
2026-07-22 09:20:00,0.0963,0.0964,0.0963,0.0964,643.49
2026-07-22 09:25:00,0.0964,0.0964,0.0964,0.0964,2074.68
2026-07-22 09:30:00,0.0963,0.0963,0.096,0.096,27788.89
2026-07-22 09:35:00,0.096,0.096,0.0959,0.096,74729.93
2026-07-22 09:40:00,0.096,0.0961,0.096,0.096,27571.91
2026-07-22 09:45:00,0.096,0.0962,0.096,0.096,79503.41
2026-07-22 09:50:00,0.0961,0.0962,0.096,0.0961,69321.44
2026-07-22 09:55:00,0.0962,0.0964,0.0962,0.0964,165369.03
2026-07-22 10:00:00,0.0963,0.0963,0.0963,0.0963,30728.62
2026-07-22 10:05:00,0.0963,0.0964,0.0962,0.0964,43227.08
2026-07-22 10:10:00,0.0964,0.0965,0.0963,0.0964,47299.9
2026-07-22 10:15:00,0.0964,0.0966,0.0963,0.0966,31476.95
2026-07-22 10:20:00,0.0966,0.0966,0.0966,0.0966,36018.26
2026-07-22 10:25:00,0.0966,0.0966,0.0966,0.0966,25524.49
2026-07-22 10:30:00,0.0967,0.0967,0.0966,0.0967,47274.14
2026-07-22 10:35:00,0.0967,0.0968,0.0967,0.0967,28629.95
2026-07-22 10:40:00,0.0967,0.097,0.0967,0.097,75690.7
2026-07-22 10:45:00,0.0971,0.0971,0.0969,0.097,236750.04
2026-07-22 10:50:00,0.097,0.0971,0.097,0.0971,21930.21
2026-07-22 10:55:00,0.097,0.0971,0.097,0.0971,20635.26
2026-07-22 11:00:00,0.097,0.0971,0.097,0.0971,7873.22
2026-07-22 11:05:00,0.0971,0.0971,0.0969,0.0969,20338.84
2026-07-22 11:10:00,0.0969,0.0969,0.0967,0.0967,36928.4
2026-07-22 11:15:00,0.0967,0.0967,0.0966,0.0966,1012.79
2026-07-22 11:20:00,0.0967,0.0967,0.0966,0.0967,27160.49
2026-07-22 11:25:00,0.0967,0.0967,0.0965,0.0965,20870.17
2026-07-22 11:30:00,0.0965,0.0967,0.0965,0.0966,14106.07
2026-07-22 11:35:00,0.0966,0.0968,0.0966,0.0966,5211.35
2026-07-22 11:40:00,0.0966,0.0968,0.0964,0.0966,345898.38
2026-07-22 11:45:00,0.0967,0.0968,0.0967,0.0968,41243.56
2026-07-22 11:50:00,0.0968,0.0969,0.0968,0.0969,34441.47
2026-07-22 11:55:00,0.0969,0.0969,0.0968,0.0969,29155.48
2026-07-22 12:00:00,0.0968,0.0969,0.0966,0.0967,20412.98
2026-07-22 12:05:00,0.0967,0.0967,0.0966,0.0966,38354.31
2026-07-22 12:10:00,0.0967,0.0969,0.0966,0.0969,10584.11
2026-07-22 12:15:00,0.0969,0.0969,0.0967,0.0967,4858.16
2026-07-22 12:20:00,0.0967,0.0967,0.0966,0.0966,767.17
2026-07-22 12:25:00,0.0967,0.0968,0.0967,0.0968,6021.4
2026-07-22 12:30:00,0.0969,0.0969,0.0965,0.0965,39970.98
2026-07-22 12:35:00,0.0964,0.0965,0.0964,0.0964,41561.35
2026-07-22 12:40:00,0.0965,0.0966,0.0965,0.0965,52643.5
2026-07-22 12:45:00,0.0965,0.0966,0.0963,0.0963,92511.68
2026-07-22 12:50:00,0.0962,0.0965,0.0962,0.0965,13602.86
2026-07-22 12:55:00,0.0965,0.0965,0.0959,0.0964,440282.63
2026-07-22 13:00:00,0.0963,0.0965,0.0963,0.0965,40015.75
2026-07-22 13:05:00,0.0965,0.0967,0.0965,0.0967,54509.52
2026-07-22 13:10:00,0.0968,0.0968,0.0966,0.0966,20093.45
2026-07-22 13:15:00,0.0966,0.0967,0.0966,0.0967,75623.75
2026-07-22 13:20:00,0.0966,0.0966,0.0965,0.0965,20669.99
2026-07-22 13:25:00,0.0964,0.0966,0.0964,0.0965,70138.33
2026-07-22 13:30:00,0.0966,0.0967,0.0965,0.0967,206873.82
2026-07-22 13:35:00,0.0967,0.097,0.0966,0.097,249181.89
2026-07-22 13:40:00,0.097,0.0971,0.0968,0.097,154479.16
2026-07-22 13:45:00,0.097,0.0971,0.0969,0.097,28979.06
2026-07-22 13:50:00,0.097,0.0973,0.0969,0.097,283519.92
2026-07-22 13:55:00,0.097,0.0971,0.0969,0.0971,23895.82
2026-07-22 14:00:00,0.097,0.0973,0.097,0.0972,96010.9
2026-07-22 14:05:00,0.0972,0.0977,0.0972,0.0973,228622.96
2026-07-22 14:10:00,0.0974,0.0975,0.0973,0.0974,122814.82
2026-07-22 14:15:00,0.0973,0.0973,0.097,0.0971,32269.89
2026-07-22 14:20:00,0.0971,0.0971,0.0968,0.0969,97496.29
2026-07-22 14:25:00,0.097,0.097,0.0968,0.0968,38061.23
2026-07-22 14:30:00,0.0968,0.0972,0.0968,0.0971,18262.72
2026-07-22 14:35:00,0.097,0.0972,0.097,0.0972,22730.76
2026-07-22 14:40:00,0.0972,0.0973,0.0971,0.0972,107791.37
2026-07-22 14:45:00,0.0971,0.0973,0.0971,0.0973,56263.33
2026-07-22 14:50:00,0.0973,0.0975,0.0973,0.0975,76711.08
2026-07-22 14:55:00,0.0974,0.0976,0.0974,0.0976,58353.68
2026-07-22 15:00:00,0.0977,0.0979,0.0975,0.0978,115909.94
2026-07-22 15:05:00,0.0978,0.098,0.0977,0.0978,103324.08
2026-07-22 15:10:00,0.0979,0.098,0.0977,0.0978,34322.58
2026-07-22 15:15:00,0.0978,0.0979,0.0978,0.0978,13579.16
2026-07-22 15:20:00,0.0979,0.0982,0.0979,0.098,217866.0
2026-07-22 15:25:00,0.098,0.0982,0.0979,0.0979,141379.53
2026-07-22 15:30:00,0.098,0.0981,0.0979,0.098,108527.92
2026-07-22 15:35:00,0.0981,0.0981,0.0979,0.098,85339.32
2026-07-22 15:40:00,0.0981,0.0983,0.0979,0.0983,56389.62
2026-07-22 15:45:00,0.0982,0.0982,0.098,0.0982,37134.09
2026-07-22 15:50:00,0.0981,0.0981,0.098,0.098,48938.76
2026-07-22 15:55:00,0.098,0.098,0.0979,0.0979,44232.7
2026-07-22 16:00:00,0.0979,0.098,0.0979,0.0979,50718.49
2026-07-22 16:05:00,0.0979,0.0984,0.0979,0.0984,66877.42
2026-07-22 16:10:00,0.0983,0.0984,0.0982,0.0983,39995.48
2026-07-22 16:15:00,0.0983,0.0984,0.0982,0.0984,70144.95
2026-07-22 16:20:00,0.0984,0.0987,0.0983,0.0985,377044.05
2026-07-22 16:25:00,0.0984,0.0991,0.0983,0.0988,463336.67
2026-07-22 16:30:00,0.0989,0.0989,0.0987,0.0989,434903.38
2026-07-22 16:35:00,0.0989,0.099,0.0987,0.0989,158701.11
2026-07-22 16:40:00,0.0989,0.099,0.0988,0.0988,89497.7
2026-07-22 16:45:00,0.0987,0.0988,0.0986,0.0987,84163.2
2026-07-22 16:50:00,0.0986,0.0988,0.0986,0.0986,47100.29
2026-07-22 16:55:00,0.0987,0.099,0.0987,0.0989,65229.0
2026-07-22 17:00:00,0.0989,0.0989,0.0988,0.0989,111536.99
2026-07-22 17:05:00,0.0989,0.099,0.0988,0.0988,35803.93
2026-07-22 17:10:00,0.0988,0.099,0.0988,0.0988,104324.34
2026-07-22 17:15:00,0.0987,0.0988,0.0987,0.0987,24512.51
2026-07-22 17:20:00,0.0986,0.0986,0.0983,0.0984,135195.55
2026-07-22 17:25:00,0.0984,0.0985,0.0981,0.0981,144368.92
2026-07-22 17:30:00,0.0981,0.0984,0.0981,0.0983,105658.43
2026-07-22 17:35:00,0.0983,0.0984,0.0983,0.0984,9845.82
2026-07-22 17:40:00,0.0985,0.0987,0.0985,0.0986,85227.13
2026-07-22 17:45:00,0.0986,0.0986,0.0984,0.0984,80003.31
2026-07-22 17:50:00,0.0983,0.0984,0.0982,0.0983,4149.97
2026-07-22 17:55:00,0.0982,0.0983,0.0982,0.0982,32743.88
2026-07-22 18:00:00,0.0982,0.0983,0.0981,0.0983,19101.68
2026-07-22 18:05:00,0.0983,0.0983,0.0981,0.0982,109305.64
2026-07-22 18:10:00,0.0981,0.0983,0.098,0.0983,169658.58
2026-07-22 18:15:00,0.0983,0.0984,0.0983,0.0984,44965.2
2026-07-22 18:20:00,0.0983,0.0984,0.098,0.0981,143173.44
2026-07-22 18:25:00,0.0981,0.0981,0.098,0.098,46344.62
2026-07-22 18:30:00,0.098,0.0981,0.0977,0.0978,102901.97
2026-07-22 18:35:00,0.0978,0.0979,0.0976,0.0976,55112.85
2026-07-22 18:40:00,0.0977,0.0981,0.0977,0.0981,226118.26
2026-07-22 18:45:00,0.0981,0.0984,0.0981,0.0983,84772.95
2026-07-22 18:50:00,0.0983,0.0984,0.0982,0.0983,21197.37
2026-07-22 18:55:00,0.0984,0.0984,0.0983,0.0983,2327.41
2026-07-22 19:00:00,0.0983,0.0983,0.0981,0.0982,93200.94
2026-07-22 19:05:00,0.0983,0.0983,0.0981,0.0981,11956.54
2026-07-22 19:10:00,0.0981,0.0982,0.098,0.098,26306.9
2026-07-22 19:15:00,0.0981,0.0982,0.0981,0.0982,3768.58
2026-07-22 19:20:00,0.0982,0.0982,0.0981,0.0981,19886.73
2026-07-22 19:25:00,0.0981,0.0982,0.0981,0.0982,13407.08
2026-07-22 19:30:00,0.0981,0.0982,0.0981,0.0982,14500.78
2026-07-22 19:35:00,0.0982,0.0982,0.0981,0.0981,2305.56
2026-07-22 19:40:00,0.098,0.0982,0.098,0.0981,92241.17
2026-07-22 19:45:00,0.0982,0.0982,0.098,0.0982,26984.16
2026-07-22 19:50:00,0.0982,0.0983,0.0981,0.0982,115537.31
2026-07-22 19:55:00,0.0982,0.0982,0.0982,0.0982,12374.1
2026-07-22 20:00:00,0.0981,0.0984,0.098,0.0982,303249.79
2026-07-22 20:05:00,0.0981,0.0982,0.0981,0.0982,18523.79
2026-07-22 20:10:00,0.0982,0.0983,0.0982,0.0983,9557.31
2026-07-22 20:15:00,0.0984,0.0985,0.0982,0.0984,64633.29
2026-07-22 20:20:00,0.0985,0.0985,0.0983,0.0984,18713.98
2026-07-22 20:25:00,0.0984,0.0984,0.0983,0.0984,25440.35
2026-07-22 20:30:00,0.0984,0.0984,0.0983,0.0983,17916.58
2026-07-22 20:35:00,0.0982,0.0983,0.0981,0.0982,10437.02
2026-07-22 20:40:00,0.0982,0.0982,0.0982,0.0982,876.68
2026-07-22 20:45:00,0.0982,0.0982,0.098,0.0982,26062.36
2026-07-22 20:50:00,0.0982,0.0982,0.0981,0.0981,13144.82
2026-07-22 20:55:00,0.0981,0.0983,0.0981,0.0982,19895.34
2026-07-22 21:00:00,0.0982,0.0984,0.0982,0.0983,41309.67
2026-07-22 21:05:00,0.0984,0.0985,0.0983,0.0984,44471.12
2026-07-22 21:10:00,0.0983,0.0983,0.0982,0.0982,15602.95
2026-07-22 21:15:00,0.0981,0.0981,0.098,0.098,9776.68
2026-07-22 21:20:00,0.098,0.098,0.0979,0.098,43141.81
2026-07-22 21:25:00,0.098,0.098,0.0979,0.0979,30934.78
2026-07-22 21:30:00,0.0978,0.0979,0.0978,0.0978,30061.43
2026-07-22 21:35:00,0.0978,0.0981,0.0978,0.0981,71073.19
2026-07-22 21:40:00,0.0981,0.0981,0.0979,0.0981,41930.19
2026-07-22 21:45:00,0.098,0.098,0.098,0.098,4892.65
2026-07-22 21:50:00,0.0979,0.0981,0.0979,0.098,64159.64
2026-07-22 21:55:00,0.0979,0.0981,0.0979,0.0981,28869.58
2026-07-22 22:00:00,0.098,0.0981,0.0978,0.098,47426.83
2026-07-22 22:05:00,0.098,0.098,0.0979,0.0979,19608.02
2026-07-22 22:10:00,0.0979,0.098,0.0979,0.098,19477.89
2026-07-22 22:15:00,0.098,0.0981,0.0979,0.0979,11291.39
2026-07-22 22:20:00,0.0979,0.0979,0.0978,0.0978,3935.78
2026-07-22 22:25:00,0.0978,0.098,0.0978,0.0979,12112.44
2026-07-22 22:30:00,0.0979,0.0979,0.0978,0.0978,2555.9
2026-07-22 22:35:00,0.0978,0.0978,0.0975,0.0975,65809.4
2026-07-22 22:40:00,0.0976,0.0976,0.0974,0.0975,55969.86
2026-07-22 22:45:00,0.0975,0.0976,0.0974,0.0976,16245.5
2026-07-22 22:50:00,0.0975,0.0976,0.0975,0.0976,48070.84
2026-07-22 22:55:00,0.0976,0.0976,0.0974,0.0974,351244.0
2026-07-22 23:00:00,0.0974,0.0974,0.0969,0.097,233460.54
2026-07-22 23:05:00,0.0969,0.097,0.0968,0.097,15305.95
2026-07-22 23:10:00,0.0969,0.0969,0.0964,0.0965,151060.9
2026-07-22 23:15:00,0.0966,0.0967,0.0965,0.0966,76868.91
2026-07-22 23:20:00,0.0966,0.0967,0.0966,0.0967,441.04
2026-07-22 23:25:00,0.0967,0.0968,0.0967,0.0967,8983.82
2026-07-22 23:30:00,0.0968,0.0969,0.0968,0.0968,23714.85
2026-07-22 23:35:00,0.0968,0.0968,0.0968,0.0968,250.0
2026-07-22 23:40:00,0.0968,0.0968,0.0968,0.0968,27182.57
2026-07-22 23:45:00,0.0969,0.097,0.0968,0.0969,16193.63
2026-07-22 23:50:00,0.0969,0.097,0.0969,0.0969,7842.33
2026-07-22 23:55:00,0.097,0.097,0.0969,0.0969,3497.79
2026-07-23 00:00:00,0.0968,0.097,0.0968,0.097,31760.13
2026-07-23 00:05:00,0.097,0.097,0.0969,0.0969,249727.54
2026-07-23 00:10:00,0.0969,0.097,0.0968,0.0969,14935.24
2026-07-23 00:15:00,0.0969,0.097,0.0969,0.097,28922.74
2026-07-23 00:20:00,0.0971,0.0974,0.097,0.0973,84723.45
2026-07-23 00:25:00,0.0974,0.0975,0.0974,0.0974,93923.2
2026-07-23 00:30:00,0.0973,0.0974,0.0973,0.0974,43539.25
2026-07-23 00:35:00,0.0974,0.0975,0.0973,0.0973,112604.61
2026-07-23 00:40:00,0.0973,0.0974,0.0973,0.0974,9081.36
2026-07-23 00:45:00,0.0974,0.0975,0.0974,0.0974,10850.78
2026-07-23 00:50:00,0.0974,0.0976,0.0974,0.0974,79045.77
2026-07-23 00:55:00,0.0973,0.0973,0.0971,0.0971,186750.92
2026-07-23 01:00:00,0.097,0.0972,0.097,0.0971,50791.46
2026-07-23 01:05:00,0.0972,0.0972,0.0969,0.0969,17722.58
2026-07-23 01:10:00,0.0969,0.0969,0.0969,0.0969,5230.92
2026-07-23 01:15:00,0.0969,0.0969,0.0967,0.0968,48160.07
2026-07-23 01:20:00,0.0968,0.097,0.0968,0.097,15127.33
2026-07-23 01:25:00,0.0969,0.097,0.0969,0.0969,9921.28
2026-07-23 01:30:00,0.0969,0.0969,0.0965,0.0968,50673.21
2026-07-23 01:35:00,0.0967,0.0967,0.0966,0.0966,13271.69
2026-07-23 01:40:00,0.0967,0.0968,0.0966,0.0968,3914.14
2026-07-23 01:45:00,0.0968,0.0968,0.0968,0.0968,24731.04
2026-07-23 01:50:00,0.0968,0.0969,0.0968,0.0969,21509.82
2026-07-23 01:55:00,0.097,0.097,0.0969,0.0969,33757.8
2026-07-23 02:00:00,0.0968,0.0969,0.0966,0.0968,23601.8
2026-07-23 02:05:00,0.0968,0.0968,0.0966,0.0968,225780.97
2026-07-23 02:10:00,0.0967,0.0967,0.0966,0.0966,22859.13
2026-07-23 02:15:00,0.0966,0.0968,0.0965,0.0967,11791.76
2026-07-23 02:20:00,0.0968,0.0969,0.0965,0.0965,290103.9
2026-07-23 02:25:00,0.0965,0.0966,0.0963,0.0966,51815.75
2026-07-23 02:30:00,0.0966,0.0967,0.0966,0.0967,11183.52
2026-07-23 02:35:00,0.0967,0.0967,0.0966,0.0966,5047.28
2026-07-23 02:40:00,0.0966,0.0967,0.0966,0.0966,7693.88
2026-07-23 02:45:00,0.0966,0.0967,0.0966,0.0966,35665.87
2026-07-23 02:50:00,0.0966,0.0967,0.0966,0.0967,9913.83
2026-07-23 02:55:00,0.0968,0.0969,0.0968,0.0968,9068.19
2026-07-23 03:00:00,0.0968,0.0968,0.0965,0.0965,32873.31
2026-07-23 03:05:00,0.0965,0.0965,0.0963,0.0964,40281.98
2026-07-23 03:10:00,0.0964,0.0964,0.0962,0.0964,27355.41
2026-07-23 03:15:00,0.0963,0.0963,0.0962,0.0962,26834.07
2026-07-23 03:20:00,0.0963,0.0964,0.0963,0.0963,8658.05
2026-07-23 03:25:00,0.0962,0.0962,0.0961,0.0962,27914.27
2026-07-23 03:30:00,0.0962,0.0963,0.0962,0.0963,15773.83
2026-07-23 03:35:00,0.0963,0.0964,0.0962,0.0964,12295.87
2026-07-23 03:40:00,0.0964,0.0964,0.0962,0.0964,9711.96
2026-07-23 03:45:00,0.0964,0.0965,0.0962,0.0963,28363.4
2026-07-23 03:50:00,0.0963,0.0963,0.0962,0.0962,26844.34
2026-07-23 03:55:00,0.0962,0.0962,0.0962,0.0962,17447.06
2026-07-23 04:00:00,0.0962,0.0962,0.096,0.0962,129865.62
2026-07-23 04:05:00,0.0961,0.0961,0.0959,0.0961,45201.27
2026-07-23 04:10:00,0.096,0.0962,0.096,0.0962,29800.9
2026-07-23 04:15:00,0.0962,0.0962,0.0961,0.0961,13261.94
2026-07-23 04:20:00,0.0962,0.0964,0.0962,0.0964,10860.79
2026-07-23 04:25:00,0.0964,0.0964,0.0964,0.0964,27382.92
2026-07-23 04:30:00,0.0964,0.0964,0.0963,0.0963,174729.81
2026-07-23 04:35:00,0.0963,0.0963,0.0963,0.0963,12525.02
2026-07-23 04:40:00,0.0963,0.0963,0.0962,0.0962,31263.11
2026-07-23 04:45:00,0.0963,0.0964,0.0962,0.0962,34033.5
2026-07-23 04:50:00,0.0961,0.0962,0.0961,0.0962,27003.04
2026-07-23 04:55:00,0.0962,0.0964,0.0962,0.0963,21501.61
2026-07-23 05:00:00,0.0963,0.0964,0.0961,0.0963,9629.78
2026-07-23 05:05:00,0.0963,0.0963,0.0962,0.0962,5303.32
2026-07-23 05:10:00,0.0963,0.0963,0.0961,0.0961,43047.82
2026-07-23 05:15:00,0.0961,0.0964,0.0961,0.0962,181428.91
2026-07-23 05:20:00,0.0962,0.0963,0.0961,0.0962,12636.81
2026-07-23 05:25:00,0.0963,0.0966,0.0963,0.0965,38228.63
2026-07-23 05:30:00,0.0966,0.0968,0.0966,0.0967,29532.65
2026-07-23 05:35:00,0.0967,0.0968,0.0966,0.0967,9335.0
2026-07-23 05:40:00,0.0966,0.0967,0.0966,0.0966,1266.04
2026-07-23 05:45:00,0.0965,0.0966,0.0963,0.0963,33629.03
2026-07-23 05:50:00,0.0963,0.0963,0.0962,0.0962,17913.84
2026-07-23 05:55:00,0.0963,0.0963,0.0962,0.0962,18491.03
2026-07-23 06:00:00,0.0963,0.0963,0.0963,0.0963,2336.86
2026-07-23 06:05:00,0.0963,0.0963,0.0962,0.0963,10505.57
2026-07-23 06:10:00,0.0963,0.0965,0.0963,0.0964,20796.97
2026-07-23 06:15:00,0.0964,0.0964,0.0964,0.0964,11970.6
2026-07-23 06:20:00,0.0964,0.0966,0.0963,0.0963,17202.32
2026-07-23 06:25:00,0.0963,0.0966,0.0963,0.0965,29214.55
2026-07-23 06:30:00,0.0965,0.0966,0.0965,0.0965,14324.94
2026-07-23 06:35:00,0.0965,0.0965,0.0964,0.0965,15114.34
2026-07-23 06:40:00,0.0965,0.0965,0.0964,0.0964,25084.09
2026-07-23 06:45:00,0.0965,0.0965,0.0963,0.0964,55513.95
2026-07-23 06:50:00,0.0964,0.0964,0.0964,0.0964,6831.64
2026-07-23 06:55:00,0.0964,0.0964,0.0964,0.0964,14936.28
2026-07-23 07:00:00,0.0965,0.0965,0.0963,0.0964,24756.95
2026-07-23 07:05:00,0.0964,0.0965,0.0963,0.0964,8670.96
2026-07-23 07:10:00,0.0964,0.0964,0.0956,0.0958,144543.27
2026-07-23 07:15:00,0.0959,0.0959,0.0958,0.0958,16258.37
2026-07-23 07:20:00,0.0957,0.0959,0.0957,0.0958,26572.03
2026-07-23 07:25:00,0.0958,0.0958,0.0958,0.0958,11213.49
2026-07-23 07:30:00,0.0959,0.0959,0.0958,0.0958,32070.92
2026-07-23 07:35:00,0.0958,0.0959,0.0957,0.0959,47064.72
2026-07-23 07:40:00,0.0959,0.0959,0.0958,0.0958,27343.71
2026-07-23 07:45:00,0.0958,0.0959,0.0958,0.0959,42605.38
2026-07-23 07:50:00,0.0958,0.0958,0.0958,0.0958,90632.59
2026-07-23 07:55:00,0.0959,0.096,0.0959,0.0959,11991.05
2026-07-23 08:00:00,0.0959,0.0959,0.0958,0.0959,15402.64
2026-07-23 08:05:00,0.0959,0.0961,0.0959,0.096,26764.98
2026-07-23 08:10:00,0.096,0.0961,0.096,0.0961,13627.57
2026-07-23 08:15:00,0.0961,0.0962,0.096,0.0962,21447.4
2026-07-23 08:20:00,0.0963,0.0963,0.0962,0.0962,12766.57
2026-07-23 08:25:00,0.0962,0.0966,0.0962,0.0965,141901.2
2026-07-23 08:30:00,0.0966,0.0967,0.0965,0.0966,100266.85
2026-07-23 08:35:00,0.0967,0.0968,0.0966,0.0967,43703.83
2026-07-23 08:40:00,0.0968,0.0969,0.0967,0.0967,45455.77
2026-07-23 08:45:00,0.0967,0.0968,0.0966,0.0968,25145.46
2026-07-23 08:50:00,0.0967,0.0968,0.0966,0.0967,24466.85
2026-07-23 08:55:00,0.0967,0.0967,0.0966,0.0967,30879.37
2026-07-23 09:00:00,0.0966,0.0967,0.0964,0.0967,48423.15
2026-07-23 09:05:00,0.0967,0.0967,0.0966,0.0967,77552.44
2026-07-23 09:10:00,0.0966,0.0967,0.0966,0.0967,17865.0
2026-07-23 09:15:00,0.0967,0.0968,0.0966,0.0968,21117.71
2026-07-23 09:20:00,0.0968,0.0969,0.0967,0.0967,38052.1
2026-07-23 09:25:00,0.0967,0.0967,0.0966,0.0967,8439.03
2026-07-23 09:30:00,0.0966,0.0967,0.0966,0.0967,20632.73
2026-07-23 09:35:00,0.0966,0.0966,0.0966,0.0966,10903.41
2026-07-23 09:40:00,0.0966,0.0966,0.0964,0.0965,19132.22
2026-07-23 09:45:00,0.0965,0.0965,0.0963,0.0963,69460.05
2026-07-23 09:50:00,0.0963,0.0963,0.0961,0.0961,93012.25
2026-07-23 09:55:00,0.0961,0.0961,0.096,0.096,38138.16
2026-07-23 10:00:00,0.096,0.0962,0.096,0.0962,57580.01
2026-07-23 10:05:00,0.0962,0.0962,0.0961,0.0961,21638.8
2026-07-23 10:10:00,0.0961,0.0962,0.0961,0.0962,6060.43
2026-07-23 10:15:00,0.0962,0.0962,0.0962,0.0962,674.66
2026-07-23 10:20:00,0.0962,0.0963,0.0962,0.0962,26236.23
2026-07-23 10:25:00,0.0962,0.0963,0.0962,0.0962,15400.15
2026-07-23 10:30:00,0.0962,0.0963,0.0961,0.0963,75287.96
2026-07-23 10:35:00,0.0963,0.0963,0.0962,0.0962,30185.03
2026-07-23 10:40:00,0.0962,0.0962,0.0961,0.0961,8701.92
2026-07-23 10:45:00,0.0961,0.0962,0.0961,0.0962,35910.57
2026-07-23 10:50:00,0.0961,0.0961,0.096,0.0961,11547.53
2026-07-23 10:55:00,0.0961,0.0961,0.0959,0.096,44539.09
2026-07-23 11:00:00,0.096,0.096,0.0958,0.0959,65134.01
2026-07-23 11:05:00,0.0959,0.0959,0.0958,0.0958,5182.15
2026-07-23 11:10:00,0.0959,0.096,0.0959,0.096,38416.55
2026-07-23 11:15:00,0.096,0.096,0.096,0.096,14405.72
2026-07-23 11:20:00,0.096,0.096,0.096,0.096,16564.69
2026-07-23 11:25:00,0.0959,0.0959,0.0958,0.0958,53779.81
2026-07-23 11:30:00,0.0959,0.0959,0.0958,0.0958,45610.59
2026-07-23 11:35:00,0.0958,0.0959,0.0957,0.0957,47058.68
2026-07-23 11:40:00,0.0956,0.0957,0.0954,0.0955,77678.76
2026-07-23 11:45:00,0.0956,0.0956,0.0955,0.0955,197.76
2026-07-23 11:50:00,0.0956,0.0956,0.0955,0.0955,80494.11
2026-07-23 11:55:00,0.0955,0.0955,0.0954,0.0954,19216.48
2026-07-23 12:00:00,0.0954,0.0956,0.0954,0.0956,21292.79
2026-07-23 12:05:00,0.0955,0.0955,0.0954,0.0955,10849.64
2026-07-23 12:10:00,0.0955,0.0956,0.0954,0.0956,16985.35
2026-07-23 12:15:00,0.0956,0.0957,0.0952,0.0956,341204.39
2026-07-23 12:20:00,0.0956,0.0957,0.0956,0.0956,570.6
2026-07-23 12:25:00,0.0955,0.0956,0.0955,0.0956,21062.98
2026-07-23 12:30:00,0.0955,0.0956,0.0953,0.0954,22733.94
2026-07-23 12:35:00,0.0954,0.0954,0.0948,0.095,604510.7
2026-07-23 12:40:00,0.095,0.0951,0.0948,0.0949,71993.87
2026-07-23 12:45:00,0.0949,0.095,0.0947,0.095,105877.68
2026-07-23 12:50:00,0.0951,0.0953,0.0951,0.0952,53744.82
2026-07-23 12:55:00,0.0951,0.0952,0.0951,0.0951,17422.17
2026-07-23 13:00:00,0.095,0.0951,0.0948,0.0949,51889.77
2026-07-23 13:05:00,0.0948,0.0949,0.0947,0.0948,63828.07
2026-07-23 13:10:00,0.0948,0.0949,0.0947,0.0948,28983.26
2026-07-23 13:15:00,0.0948,0.0948,0.0946,0.0946,190372.05
2026-07-23 13:20:00,0.0947,0.0949,0.0946,0.0947,123686.15
2026-07-23 13:25:00,0.0948,0.0948,0.0945,0.0946,115694.17
2026-07-23 13:30:00,0.0947,0.095,0.0946,0.095,131020.9
2026-07-23 13:35:00,0.095,0.0951,0.0948,0.0948,51758.11
2026-07-23 13:40:00,0.0949,0.0949,0.0948,0.0948,171978.82
2026-07-23 13:45:00,0.0948,0.0948,0.0945,0.0946,320422.02
2026-07-23 13:50:00,0.0947,0.095,0.0945,0.0949,190474.76
2026-07-23 13:55:00,0.0949,0.095,0.0942,0.0942,201312.95
2026-07-23 14:00:00,0.0942,0.0944,0.0939,0.0943,713206.1
2026-07-23 14:05:00,0.0943,0.0944,0.0941,0.0942,178274.82
2026-07-23 14:10:00,0.0943,0.0944,0.0941,0.0944,142177.91
2026-07-23 14:15:00,0.0944,0.0946,0.0944,0.0944,47969.52
2026-07-23 14:20:00,0.0945,0.0946,0.0944,0.0945,210565.44
2026-07-23 14:25:00,0.0944,0.0946,0.0944,0.0944,86767.95
2026-07-23 14:30:00,0.0944,0.0945,0.0943,0.0944,23128.68
2026-07-23 14:35:00,0.0944,0.0946,0.0944,0.0946,41764.17
2026-07-23 14:40:00,0.0946,0.0946,0.0944,0.0945,42535.54
2026-07-23 14:45:00,0.0944,0.0946,0.0943,0.0943,68771.07
2026-07-23 14:50:00,0.0943,0.0943,0.0941,0.0941,62072.22
2026-07-23 14:55:00,0.0941,0.0941,0.094,0.094,22646.92
2026-07-23 15:00:00,0.094,0.094,0.0939,0.0939,83865.87
2026-07-23 15:05:00,0.0939,0.0939,0.0938,0.0938,66739.82
2026-07-23 15:10:00,0.0937,0.0937,0.0936,0.0937,130855.68
2026-07-23 15:15:00,0.0937,0.0937,0.0936,0.0937,36315.2
2026-07-23 15:20:00,0.0937,0.0941,0.0933,0.0941,592424.6
2026-07-23 15:25:00,0.0941,0.0942,0.0938,0.094,204897.39
2026-07-23 15:30:00,0.0939,0.0943,0.0938,0.0939,586949.81
2026-07-23 15:35:00,0.0938,0.094,0.0938,0.0939,233556.55
2026-07-23 15:40:00,0.0939,0.094,0.0938,0.0939,30134.28
2026-07-23 15:45:00,0.0939,0.094,0.0938,0.094,54666.53
2026-07-23 15:50:00,0.0939,0.094,0.0939,0.094,25560.66
2026-07-23 15:55:00,0.094,0.094,0.0939,0.094,54550.8
2026-07-23 16:00:00,0.094,0.0941,0.0937,0.0937,151160.11
2026-07-23 16:05:00,0.0936,0.0938,0.0935,0.0938,53824.76
2026-07-23 16:10:00,0.0938,0.0939,0.0938,0.0939,15948.09
2026-07-23 16:15:00,0.094,0.094,0.0938,0.0938,32421.22
2026-07-23 16:20:00,0.0938,0.094,0.0936,0.094,18276.53
2026-07-23 16:25:00,0.0941,0.0944,0.0941,0.0942,73325.94
2026-07-23 16:30:00,0.0942,0.0943,0.094,0.0941,263652.05
2026-07-23 16:35:00,0.0942,0.0944,0.0942,0.0943,34524.66
2026-07-23 16:40:00,0.0943,0.0943,0.0941,0.0942,24698.1
2026-07-23 16:45:00,0.0942,0.0943,0.0942,0.0942,27592.74
2026-07-23 16:50:00,0.0941,0.0942,0.0941,0.0941,26465.88
2026-07-23 16:55:00,0.0941,0.0942,0.0941,0.0941,16149.09
2026-07-23 17:00:00,0.094,0.0941,0.094,0.0941,25643.62
2026-07-23 17:05:00,0.094,0.094,0.0939,0.094,25848.84
2026-07-23 17:10:00,0.094,0.0941,0.094,0.094,18289.67
2026-07-23 17:15:00,0.094,0.094,0.0939,0.0939,23339.46
2026-07-23 17:20:00,0.094,0.0941,0.094,0.094,16387.79
2026-07-23 17:25:00,0.094,0.094,0.0939,0.0939,8323.8
2026-07-23 17:30:00,0.0939,0.094,0.0939,0.094,36504.39
2026-07-23 17:35:00,0.0939,0.0939,0.0937,0.0938,30672.86
2026-07-23 17:40:00,0.0939,0.0939,0.0937,0.0938,31707.5
2026-07-23 17:45:00,0.0938,0.0938,0.0938,0.0938,22757.63
2026-07-23 17:50:00,0.0938,0.0938,0.0937,0.0937,64423.14
2026-07-23 17:55:00,0.0936,0.0936,0.0927,0.0931,509572.21
2026-07-23 18:00:00,0.093,0.0931,0.093,0.093,52206.57
2026-07-23 18:05:00,0.0929,0.0931,0.0928,0.093,58386.17
2026-07-23 18:10:00,0.093,0.0932,0.093,0.0931,73735.6
2026-07-23 18:15:00,0.0932,0.0932,0.093,0.0931,59392.77
2026-07-23 18:20:00,0.0931,0.0931,0.093,0.0931,75202.22
2026-07-23 18:25:00,0.0931,0.0933,0.0931,0.0933,44897.23
2026-07-23 18:30:00,0.0934,0.0934,0.0933,0.0934,3566.04
2026-07-23 18:35:00,0.0934,0.0934,0.0931,0.0931,21170.86
2026-07-23 18:40:00,0.0931,0.0932,0.093,0.0931,19637.76
2026-07-23 18:45:00,0.0932,0.0933,0.0932,0.0932,54094.19
2026-07-23 18:50:00,0.0931,0.0934,0.0931,0.0933,102517.82
2026-07-23 18:55:00,0.0933,0.0934,0.0933,0.0933,23305.07
2026-07-23 19:00:00,0.0934,0.0934,0.0933,0.0933,14187.61
2026-07-23 19:05:00,0.0934,0.0934,0.0933,0.0933,17631.72
2026-07-23 19:10:00,0.0933,0.0933,0.093,0.093,80533.77
2026-07-23 19:15:00,0.093,0.0932,0.093,0.093,62572.17
2026-07-23 19:20:00,0.093,0.0931,0.093,0.0931,21903.94
2026-07-23 19:25:00,0.0932,0.0933,0.0932,0.0932,4881.83
2026-07-23 19:30:00,0.0932,0.0933,0.0931,0.0931,28778.88
2026-07-23 19:35:00,0.0931,0.0933,0.0931,0.0932,101347.34
2026-07-23 19:40:00,0.0931,0.0931,0.093,0.093,18001.25
2026-07-23 19:45:00,0.093,0.093,0.0927,0.0928,41794.57
2026-07-23 19:50:00,0.0928,0.0929,0.0927,0.0928,138725.78
2026-07-23 19:55:00,0.0928,0.0931,0.0928,0.093,187697.79
2026-07-23 20:00:00,0.093,0.0933,0.093,0.0933,57067.98
2026-07-23 20:05:00,0.0933,0.0934,0.0932,0.0934,33825.5
2026-07-23 20:10:00,0.0934,0.0935,0.0933,0.0935,31732.83
2026-07-23 20:15:00,0.0935,0.0936,0.0935,0.0936,41956.49
2026-07-23 20:20:00,0.0937,0.0938,0.0936,0.0938,108063.4
2026-07-23 20:25:00,0.0938,0.094,0.0938,0.0938,94308.08
2026-07-23 20:30:00,0.0939,0.0939,0.0937,0.0937,43359.54
2026-07-23 20:35:00,0.0937,0.0937,0.0936,0.0936,45254.43
2026-07-23 20:40:00,0.0935,0.0935,0.0934,0.0934,43950.84
2026-07-23 20:45:00,0.0935,0.0935,0.0934,0.0934,12146.59
2026-07-23 20:50:00,0.0935,0.0935,0.0933,0.0933,65118.4
2026-07-23 20:55:00,0.0933,0.0934,0.0933,0.0933,22159.28
2026-07-23 21:00:00,0.0933,0.0935,0.0933,0.0934,82118.87
2026-07-23 21:05:00,0.0934,0.0934,0.0931,0.0931,11817.44
2026-07-23 21:10:00,0.0931,0.0931,0.093,0.093,15640.96
2026-07-23 21:15:00,0.093,0.093,0.0928,0.0929,103931.02
2026-07-23 21:20:00,0.0928,0.0929,0.0928,0.0929,35000.85
2026-07-23 21:25:00,0.093,0.093,0.0929,0.0929,33688.26
2026-07-23 21:30:00,0.0929,0.0931,0.0928,0.093,62151.69
2026-07-23 21:35:00,0.093,0.0931,0.0927,0.0927,88980.67
2026-07-23 21:40:00,0.0928,0.0928,0.0925,0.0925,130636.42
2026-07-23 21:45:00,0.0926,0.0928,0.0926,0.0927,25706.3
2026-07-23 21:50:00,0.0927,0.0927,0.0924,0.0924,31414.38
2026-07-23 21:55:00,0.0924,0.0925,0.0924,0.0925,17888.74
2026-07-23 22:00:00,0.0925,0.0926,0.0924,0.0925,72083.24
2026-07-23 22:05:00,0.0925,0.0926,0.0925,0.0926,802.45
2026-07-23 22:10:00,0.0925,0.0925,0.0922,0.0923,89569.29
2026-07-23 22:15:00,0.0923,0.0923,0.092,0.0923,148217.06
2026-07-23 22:20:00,0.0923,0.0927,0.0923,0.0926,123995.1
2026-07-23 22:25:00,0.0927,0.0928,0.0927,0.0928,39850.19
2026-07-23 22:30:00,0.0928,0.0929,0.0928,0.0928,32114.35
2026-07-23 22:35:00,0.0929,0.0929,0.0928,0.0928,12467.24
2026-07-23 22:40:00,0.0928,0.0928,0.0928,0.0928,250.0
2026-07-23 22:45:00,0.0928,0.0929,0.0928,0.0928,23330.54
2026-07-23 22:50:00,0.0929,0.0929,0.0928,0.0928,11192.15
2026-07-23 22:55:00,0.0929,0.093,0.0929,0.0929,29943.83
2026-07-23 23:00:00,0.0929,0.0931,0.0929,0.0929,49334.36
2026-07-23 23:05:00,0.0928,0.0929,0.0928,0.0928,1531.16
2026-07-23 23:10:00,0.0928,0.0928,0.0928,0.0928,8609.38
2026-07-23 23:15:00,0.0929,0.0929,0.0928,0.0929,14169.46
2026-07-23 23:20:00,0.0928,0.0929,0.0928,0.0929,24540.09
2026-07-23 23:25:00,0.0929,0.0929,0.0927,0.0927,3608.13
2026-07-23 23:30:00,0.0927,0.0927,0.0926,0.0927,143530.91
2026-07-23 23:35:00,0.0927,0.0927,0.0926,0.0927,50496.18
2026-07-23 23:40:00,0.0926,0.0927,0.0926,0.0927,10256.69
2026-07-23 23:45:00,0.0927,0.0927,0.0927,0.0927,90910.8
2026-07-23 23:50:00,0.0926,0.0927,0.0926,0.0926,94566.28
2026-07-23 23:55:00,0.0926,0.0926,0.0924,0.0926,119091.54
2026-07-24 00:00:00,0.0926,0.0926,0.0924,0.0925,70069.32
2026-07-24 00:05:00,0.0924,0.0924,0.0922,0.0923,99632.82
2026-07-24 00:10:00,0.0923,0.0924,0.0922,0.0923,150451.17
2026-07-24 00:15:00,0.0923,0.0925,0.0923,0.0924,37697.54
2026-07-24 00:20:00,0.0924,0.0926,0.0924,0.0925,99308.23
2026-07-24 00:25:00,0.0925,0.0925,0.0924,0.0924,48969.28
2026-07-24 00:30:00,0.0924,0.0924,0.0919,0.0922,210147.63
2026-07-24 00:35:00,0.0922,0.0924,0.0921,0.0922,175069.68
2026-07-24 00:40:00,0.0922,0.0923,0.0922,0.0923,135040.63
2026-07-24 00:45:00,0.0924,0.0926,0.0924,0.0925,65410.78
2026-07-24 00:50:00,0.0925,0.0925,0.0924,0.0924,37251.47
2026-07-24 00:55:00,0.0923,0.0927,0.0923,0.0927,91283.47
2026-07-24 01:00:00,0.0927,0.0929,0.0926,0.0929,88917.14
2026-07-24 01:05:00,0.0929,0.093,0.0929,0.0929,132886.13
2026-07-24 01:10:00,0.0928,0.0928,0.0928,0.0928,37568.04
2026-07-24 01:15:00,0.0928,0.0929,0.0928,0.0929,48459.23
2026-07-24 01:20:00,0.0929,0.093,0.0928,0.093,62157.91
2026-07-24 01:25:00,0.0931,0.0932,0.093,0.0931,43974.49
2026-07-24 01:30:00,0.0931,0.0935,0.0931,0.0935,98737.13
2026-07-24 01:35:00,0.0934,0.0934,0.0932,0.0933,76114.7
2026-07-24 01:40:00,0.0933,0.0934,0.0932,0.0932,51713.96
2026-07-24 01:45:00,0.0933,0.0933,0.0931,0.0932,40752.76
2026-07-24 01:50:00,0.0932,0.0933,0.0931,0.0932,129094.05
2026-07-24 01:55:00,0.0932,0.0932,0.0931,0.0932,30148.61
2026-07-24 02:00:00,0.0932,0.0934,0.0932,0.0934,79332.01
2026-07-24 02:05:00,0.0933,0.0933,0.0932,0.0933,40784.47
2026-07-24 02:10:00,0.0933,0.0934,0.0932,0.0932,4939.14
2026-07-24 02:15:00,0.0933,0.0933,0.0932,0.0933,68331.52
2026-07-24 02:20:00,0.0933,0.0934,0.0933,0.0934,57982.79
2026-07-24 02:25:00,0.0934,0.0939,0.0934,0.0937,342354.73
2026-07-24 02:30:00,0.0936,0.0936,0.0934,0.0934,587462.6
2026-07-24 02:35:00,0.0933,0.0934,0.0932,0.0933,47407.53
2026-07-24 02:40:00,0.0934,0.0934,0.0934,0.0934,23311.41
2026-07-24 02:45:00,0.0934,0.0935,0.0931,0.0931,84835.48
2026-07-24 02:50:00,0.0931,0.0935,0.0931,0.0934,160960.67
2026-07-24 02:55:00,0.0935,0.0942,0.0935,0.0937,533422.36
2026-07-24 03:00:00,0.0936,0.0938,0.0935,0.0938,83549.36
2026-07-24 03:05:00,0.0937,0.0939,0.0937,0.0939,83594.5
2026-07-24 03:10:00,0.0938,0.0941,0.0938,0.094,35346.63
2026-07-24 03:15:00,0.094,0.0942,0.094,0.094,69392.07
2026-07-24 03:20:00,0.0939,0.0941,0.0939,0.0941,35338.54
2026-07-24 03:25:00,0.0941,0.0943,0.0941,0.0942,80390.13
2026-07-24 03:30:00,0.0942,0.0942,0.0941,0.0942,27200.43
2026-07-24 03:35:00,0.0941,0.0941,0.0941,0.0941,41381.8
2026-07-24 03:40:00,0.0941,0.0942,0.0941,0.0942,14111.84
2026-07-24 03:45:00,0.0942,0.0942,0.0941,0.0942,62638.41
2026-07-24 03:50:00,0.0942,0.0942,0.094,0.094,91765.04
2026-07-24 03:55:00,0.094,0.0941,0.094,0.0941,13713.12
2026-07-24 04:00:00,0.0941,0.0942,0.094,0.0942,112925.38
2026-07-24 04:05:00,0.0942,0.0942,0.0941,0.0942,37945.34
2026-07-24 04:10:00,0.0942,0.0942,0.0941,0.0942,18239.64
2026-07-24 04:15:00,0.0942,0.0942,0.094,0.0941,24554.28
2026-07-24 04:20:00,0.0941,0.0945,0.0941,0.0944,198456.8
2026-07-24 04:25:00,0.0944,0.0944,0.0943,0.0943,22148.7
2026-07-24 04:30:00,0.0943,0.0944,0.0943,0.0943,6135.0
2026-07-24 04:35:00,0.0943,0.0943,0.0941,0.0941,27657.61
2026-07-24 04:40:00,0.094,0.0941,0.094,0.0941,20440.68
2026-07-24 04:45:00,0.094,0.094,0.094,0.094,1156.16
2026-07-24 04:50:00,0.094,0.0941,0.094,0.094,40151.29
2026-07-24 04:55:00,0.094,0.094,0.094,0.094,4179.59
2026-07-24 05:00:00,0.094,0.094,0.0939,0.094,22596.07
2026-07-24 05:05:00,0.094,0.0944,0.094,0.0942,52277.28
2026-07-24 05:10:00,0.0942,0.0943,0.0942,0.0942,74126.64
2026-07-24 05:15:00,0.0942,0.0942,0.0941,0.0942,61131.92
2026-07-24 05:20:00,0.0942,0.0942,0.094,0.094,6995.08
2026-07-24 05:25:00,0.0941,0.0941,0.0941,0.0941,14647.07
2026-07-24 05:30:00,0.0941,0.0941,0.0941,0.0941,6197.18
2026-07-24 05:35:00,0.0942,0.0942,0.0941,0.0941,5997.74
2026-07-24 05:40:00,0.0941,0.0942,0.0941,0.0942,21981.85
2026-07-24 05:45:00,0.0943,0.0943,0.0942,0.0942,178.02
2026-07-24 05:50:00,0.0941,0.0941,0.094,0.094,26643.96
2026-07-24 05:55:00,0.0941,0.0942,0.0941,0.0942,104161.57
2026-07-24 06:00:00,0.0943,0.0944,0.0943,0.0943,47960.68
2026-07-24 06:05:00,0.0944,0.0945,0.0942,0.0944,86809.49
2026-07-24 06:10:00,0.0945,0.0945,0.0942,0.0942,28890.54
2026-07-24 06:15:00,0.0942,0.0945,0.0942,0.0945,182029.38
2026-07-24 06:20:00,0.0945,0.0946,0.0944,0.0946,82914.28
2026-07-24 06:25:00,0.0947,0.0947,0.0944,0.0944,40381.51
2026-07-24 06:30:00,0.0945,0.0946,0.0944,0.0945,38219.24
2026-07-24 06:35:00,0.0945,0.0945,0.0944,0.0944,53629.96
2026-07-24 06:40:00,0.0944,0.0944,0.0944,0.0944,13235.54
2026-07-24 06:45:00,0.0943,0.0944,0.0943,0.0943,9070.76
2026-07-24 06:50:00,0.0943,0.0943,0.0943,0.0943,813.62
2026-07-24 06:55:00,0.0943,0.0944,0.0943,0.0944,610.44
2026-07-24 07:00:00,0.0945,0.0945,0.0945,0.0945,13903.02
2026-07-24 07:05:00,0.0945,0.0945,0.0944,0.0945,38029.2
2026-07-24 07:10:00,0.0946,0.0949,0.0946,0.0948,81817.68
2026-07-24 07:15:00,0.0947,0.0947,0.0946,0.0946,29722.85
2026-07-24 07:20:00,0.0946,0.0947,0.0946,0.0946,75603.34
2026-07-24 07:25:00,0.0945,0.0945,0.0943,0.0944,80009.47
2026-07-24 07:30:00,0.0944,0.0945,0.0942,0.0942,33869.69
2026-07-24 07:35:00,0.0942,0.0942,0.094,0.0941,155840.1
2026-07-24 07:40:00,0.0941,0.0941,0.0938,0.0941,37635.93
2026-07-24 07:45:00,0.0941,0.0943,0.0941,0.0942,51343.33
2026-07-24 07:50:00,0.0942,0.0944,0.0942,0.0943,21158.78
2026-07-24 07:55:00,0.0944,0.0944,0.0944,0.0944,10621.56
2026-07-24 08:00:00,0.0944,0.0944,0.0943,0.0944,38919.11
2026-07-24 08:05:00,0.0944,0.0945,0.0943,0.0945,28820.78
2026-07-24 08:10:00,0.0945,0.0945,0.0943,0.0944,50925.45
2026-07-24 08:15:00,0.0944,0.0944,0.0942,0.0943,93310.7
2026-07-24 08:20:00,0.0942,0.0943,0.0942,0.0942,29399.91
2026-07-24 08:25:00,0.0942,0.0943,0.0942,0.0943,11751.7
2026-07-24 08:30:00,0.0944,0.0945,0.0943,0.0944,14904.27
2026-07-24 08:35:00,0.0944,0.0946,0.0943,0.0945,50667.71
2026-07-24 08:40:00,0.0945,0.0947,0.0945,0.0947,208544.97
2026-07-24 08:45:00,0.0947,0.0947,0.0946,0.0946,17392.1
2026-07-24 08:50:00,0.0945,0.0945,0.0944,0.0944,93995.72
2026-07-24 08:55:00,0.0943,0.0943,0.0941,0.0942,77493.71
2026-07-24 09:00:00,0.0942,0.0942,0.0942,0.0942,11225.81
2026-07-24 09:05:00,0.0942,0.0942,0.0939,0.0941,186382.97
2026-07-24 09:10:00,0.094,0.094,0.0938,0.0938,38817.84
2026-07-24 09:15:00,0.0938,0.0938,0.0937,0.0937,57151.64
2026-07-24 09:20:00,0.0937,0.0939,0.0937,0.0939,15003.69
2026-07-24 09:25:00,0.0939,0.0939,0.0939,0.0939,13293.02
2026-07-24 09:30:00,0.0939,0.0939,0.0938,0.0938,51128.16
2026-07-24 09:35:00,0.0939,0.0939,0.0938,0.0938,31762.52
2026-07-24 09:40:00,0.0939,0.094,0.0939,0.094,50148.39
2026-07-24 09:45:00,0.0941,0.0942,0.094,0.094,83579.8
2026-07-24 09:50:00,0.094,0.0941,0.094,0.0941,14961.71
2026-07-24 09:55:00,0.0941,0.0941,0.0941,0.0941,0.0
2026-07-24 10:00:00,0.0942,0.0942,0.0941,0.0941,89660.16
2026-07-24 10:05:00,0.094,0.0941,0.0939,0.0939,43041.31
2026-07-24 10:10:00,0.0939,0.0939,0.0938,0.0938,29559.4
2026-07-24 10:15:00,0.0938,0.0938,0.0937,0.0937,9256.01
2026-07-24 10:20:00,0.0936,0.0936,0.0936,0.0936,56386.41
2026-07-24 10:25:00,0.0936,0.0936,0.0936,0.0936,17762.81
2026-07-24 10:30:00,0.0936,0.0937,0.0936,0.0936,1267.59
2026-07-24 10:35:00,0.0936,0.0937,0.0936,0.0936,55348.72
2026-07-24 10:40:00,0.0936,0.0936,0.0936,0.0936,19692.07
2026-07-24 10:45:00,0.0935,0.0937,0.0934,0.0937,113972.1
2026-07-24 10:50:00,0.0935,0.0935,0.0934,0.0934,63903.21
2026-07-24 10:55:00,0.0934,0.0935,0.0934,0.0935,27974.2
2026-07-24 11:00:00,0.0934,0.0935,0.0927,0.0934,1511040.7
2026-07-24 11:05:00,0.0933,0.0934,0.0932,0.0932,60207.91
2026-07-24 11:10:00,0.0932,0.0932,0.093,0.093,99410.78
2026-07-24 11:15:00,0.093,0.0931,0.0929,0.0931,26855.77
2026-07-24 11:20:00,0.0931,0.0931,0.093,0.093,16305.14
2026-07-24 11:25:00,0.0931,0.0931,0.093,0.0931,8523.39
2026-07-24 11:30:00,0.093,0.0931,0.0929,0.0929,54731.69
2026-07-24 11:35:00,0.0929,0.0929,0.0929,0.0929,9496.46
2026-07-24 11:40:00,0.0929,0.0929,0.0928,0.0928,63304.68
2026-07-24 11:45:00,0.0928,0.0928,0.0927,0.0928,56292.76
2026-07-24 11:50:00,0.0928,0.0929,0.0928,0.0929,40992.1
2026-07-24 11:55:00,0.093,0.093,0.0929,0.093,127752.51
2026-07-24 12:00:00,0.0929,0.0929,0.0927,0.0927,123723.86
2026-07-24 12:05:00,0.0928,0.0929,0.0928,0.0929,22583.86
2026-07-24 12:10:00,0.0928,0.0928,0.0927,0.0927,162282.85
2026-07-24 12:15:00,0.0927,0.0927,0.0925,0.0926,63104.7
2026-07-24 12:20:00,0.0926,0.0928,0.0925,0.0928,163913.8
2026-07-24 12:25:00,0.0928,0.0929,0.0927,0.0929,136208.07
2026-07-24 12:30:00,0.0928,0.0928,0.0927,0.0927,24493.5
2026-07-24 12:35:00,0.0927,0.0927,0.0927,0.0927,21600.53
2026-07-24 12:40:00,0.0926,0.0927,0.0925,0.0925,55076.08
2026-07-24 12:45:00,0.0925,0.0925,0.0924,0.0924,101734.57
2026-07-24 12:50:00,0.0925,0.0925,0.0925,0.0925,19895.68
2026-07-24 12:55:00,0.0925,0.0925,0.0923,0.0924,42376.51
2026-07-24 13:00:00,0.0924,0.0924,0.0923,0.0923,38452.17
2026-07-24 13:05:00,0.0923,0.0923,0.091,0.0916,1554400.61
2026-07-24 13:10:00,0.0916,0.0919,0.0915,0.0916,161101.09
2026-07-24 13:15:00,0.0915,0.092,0.0915,0.092,108519.89
2026-07-24 13:20:00,0.0919,0.092,0.0918,0.092,65212.82
2026-07-24 13:25:00,0.0919,0.0919,0.0918,0.0918,32410.06
2026-07-24 13:30:00,0.0919,0.0921,0.0918,0.0921,245090.55
2026-07-24 13:35:00,0.0921,0.0921,0.0918,0.0918,75852.38
2026-07-24 13:40:00,0.0917,0.092,0.0917,0.092,39847.15
2026-07-24 13:45:00,0.092,0.0921,0.0919,0.092,22495.83
2026-07-24 13:50:00,0.092,0.092,0.0914,0.0914,500252.99
2026-07-24 13:55:00,0.0914,0.0919,0.0913,0.0919,143428.43
2026-07-24 14:00:00,0.0919,0.092,0.0917,0.0918,56779.33
2026-07-24 14:05:00,0.0918,0.092,0.0918,0.092,98049.23
2026-07-24 14:10:00,0.0919,0.0921,0.0917,0.0917,89111.61
2026-07-24 14:15:00,0.0917,0.0918,0.0915,0.0917,80324.48
2026-07-24 14:20:00,0.0917,0.0918,0.0916,0.0918,137622.49
2026-07-24 14:25:00,0.0918,0.0919,0.0917,0.0919,78273.83
2026-07-24 14:30:00,0.0919,0.0919,0.0917,0.0918,42965.99
2026-07-24 14:35:00,0.0918,0.0919,0.0917,0.0917,188207.46
2026-07-24 14:40:00,0.0917,0.0918,0.0916,0.0916,22065.97
2026-07-24 14:45:00,0.0916,0.0917,0.0914,0.0917,160129.33
2026-07-24 14:50:00,0.0917,0.0921,0.0917,0.092,122032.58
2026-07-24 14:55:00,0.0919,0.0921,0.0919,0.0921,54998.3
2026-07-24 15:00:00,0.0922,0.0922,0.0918,0.0919,110552.18
2026-07-24 15:05:00,0.0919,0.092,0.0918,0.0918,85271.89
2026-07-24 15:10:00,0.0917,0.0922,0.0917,0.0922,128958.96
2026-07-24 15:15:00,0.0923,0.0924,0.092,0.0921,164437.76
2026-07-24 15:20:00,0.0921,0.0922,0.0921,0.0922,23277.49
2026-07-24 15:25:00,0.0922,0.0923,0.0922,0.0922,51461.59
2026-07-24 15:30:00,0.0922,0.0923,0.0921,0.0923,40225.32
2026-07-24 15:35:00,0.0924,0.0926,0.0923,0.0926,231511.34
2026-07-24 15:40:00,0.0926,0.0927,0.0925,0.0926,113459.28
2026-07-24 15:45:00,0.0926,0.0926,0.0924,0.0926,106535.78
2026-07-24 15:50:00,0.0926,0.0927,0.0923,0.0924,76202.83
2026-07-24 15:55:00,0.0925,0.0926,0.0924,0.0924,11161.59
2026-07-24 16:00:00,0.0923,0.0923,0.0923,0.0923,30031.77
2026-07-24 16:05:00,0.0924,0.0926,0.0924,0.0925,43589.27
2026-07-24 16:10:00,0.0925,0.0929,0.0922,0.0925,249566.01
2026-07-24 16:15:00,0.0926,0.0928,0.0924,0.0925,315976.4
2026-07-24 16:20:00,0.0925,0.0927,0.0925,0.0926,16931.88
2026-07-24 16:25:00,0.0925,0.0927,0.0924,0.0925,327596.66
2026-07-24 16:30:00,0.0926,0.0926,0.0924,0.0924,49044.1
2026-07-24 16:35:00,0.0923,0.0923,0.0921,0.0922,53768.7
2026-07-24 16:40:00,0.0921,0.0922,0.0921,0.0921,3548.58
2026-07-24 16:45:00,0.0922,0.0922,0.092,0.0921,42857.3
2026-07-24 16:50:00,0.0921,0.0922,0.0921,0.0922,2865.52
2026-07-24 16:55:00,0.0921,0.0925,0.0921,0.0924,99122.02
2026-07-24 17:00:00,0.0925,0.0925,0.0924,0.0925,11782.25
2026-07-24 17:05:00,0.0926,0.0927,0.0924,0.0926,166959.54
2026-07-24 17:10:00,0.0926,0.0926,0.0925,0.0925,43623.67
2026-07-24 17:15:00,0.0925,0.0927,0.0925,0.0927,31817.24
2026-07-24 17:20:00,0.0927,0.0927,0.0927,0.0927,564.66
2026-07-24 17:25:00,0.0927,0.0929,0.0927,0.0928,34987.03
2026-07-24 17:30:00,0.0928,0.093,0.0928,0.093,39872.37
2026-07-24 17:35:00,0.093,0.0931,0.0928,0.0929,38933.98
2026-07-24 17:40:00,0.093,0.093,0.0929,0.0929,230.47
2026-07-24 17:45:00,0.0929,0.093,0.0928,0.0929,2559.86
2026-07-24 17:50:00,0.0929,0.093,0.0929,0.093,14664.32
2026-07-24 17:55:00,0.093,0.0931,0.093,0.093,17557.57
2026-07-24 18:00:00,0.0929,0.093,0.0929,0.093,281.29
2026-07-24 18:05:00,0.093,0.093,0.0929,0.0929,18714.32
2026-07-24 18:10:00,0.0929,0.093,0.0928,0.0929,3686.94
2026-07-24 18:15:00,0.0929,0.0929,0.0926,0.0927,50673.74
2026-07-24 18:20:00,0.0926,0.0927,0.0924,0.0924,36650.53
2026-07-24 18:25:00,0.0924,0.0925,0.0923,0.0923,23273.15
2026-07-24 18:30:00,0.0924,0.0924,0.0922,0.0922,36127.92
2026-07-24 18:35:00,0.0922,0.0922,0.0921,0.0922,10880.53
2026-07-24 18:40:00,0.0922,0.0922,0.0922,0.0922,2229.75
2026-07-24 18:45:00,0.0923,0.0925,0.0923,0.0924,31007.55
2026-07-24 18:50:00,0.0924,0.0925,0.0924,0.0925,15923.49
2026-07-24 18:55:00,0.0925,0.0925,0.0925,0.0925,15900.61
2026-07-24 19:00:00,0.0925,0.0925,0.0922,0.0922,18246.26
2026-07-24 19:05:00,0.0922,0.0924,0.0921,0.0921,34274.4
2026-07-24 19:10:00,0.0922,0.0922,0.0919,0.0919,34055.24
2026-07-24 19:15:00,0.092,0.0921,0.0919,0.092,32734.57
2026-07-24 19:20:00,0.0921,0.0922,0.0921,0.0921,21301.25
2026-07-24 19:25:00,0.0921,0.0921,0.0921,0.0921,4141.07
2026-07-24 19:30:00,0.0922,0.0923,0.0921,0.0922,520039.17
2026-07-24 19:35:00,0.0922,0.0924,0.0922,0.0924,57925.05
2026-07-24 19:40:00,0.0924,0.0924,0.0922,0.0922,32038.89
2026-07-24 19:45:00,0.0922,0.0922,0.0921,0.0921,5384.37
2026-07-24 19:50:00,0.0922,0.0922,0.0921,0.0922,32959.18
2026-07-24 19:55:00,0.0922,0.0923,0.0922,0.0923,21825.66
2026-07-24 20:00:00,0.0923,0.0924,0.0923,0.0923,11237.71
2026-07-24 20:05:00,0.0922,0.0922,0.0921,0.0922,11584.98
2026-07-24 20:10:00,0.0921,0.0923,0.0921,0.0923,2721.85
2026-07-24 20:15:00,0.0923,0.0924,0.0923,0.0923,729.84
2026-07-24 20:20:00,0.0923,0.0923,0.0922,0.0923,23981.2
2026-07-24 20:25:00,0.0923,0.0923,0.0922,0.0922,3927.55
2026-07-24 20:30:00,0.0922,0.0922,0.0921,0.0922,5392.0
2026-07-24 20:35:00,0.0921,0.0921,0.092,0.092,25607.74
2026-07-24 20:40:00,0.0921,0.0921,0.092,0.0921,1979.32
2026-07-24 20:45:00,0.092,0.0922,0.092,0.0921,26051.11
2026-07-24 20:50:00,0.092,0.0922,0.092,0.0922,37912.3
2026-07-24 20:55:00,0.0923,0.0923,0.0922,0.0922,7075.22
2026-07-24 21:00:00,0.0923,0.0923,0.0921,0.0921,20230.67
2026-07-24 21:05:00,0.0921,0.0921,0.092,0.0921,21476.54
2026-07-24 21:10:00,0.092,0.0921,0.0919,0.0921,302044.01
2026-07-24 21:15:00,0.092,0.0922,0.092,0.0921,44169.38
2026-07-24 21:20:00,0.0921,0.0923,0.0921,0.0923,127161.01
2026-07-24 21:25:00,0.0924,0.0925,0.0924,0.0924,36233.12
2026-07-24 21:30:00,0.0925,0.0926,0.0925,0.0926,4383.85
2026-07-24 21:35:00,0.0926,0.0928,0.0925,0.0925,42575.55
2026-07-24 21:40:00,0.0924,0.0925,0.0924,0.0925,11998.15
2026-07-24 21:45:00,0.0925,0.0925,0.0924,0.0925,34323.95
2026-07-24 21:50:00,0.0925,0.0926,0.0924,0.0925,20893.5
2026-07-24 21:55:00,0.0925,0.0925,0.092,0.0921,99931.7
2026-07-24 22:00:00,0.092,0.0922,0.092,0.0922,84714.76
2026-07-24 22:05:00,0.0923,0.0923,0.0921,0.0921,15797.72
2026-07-24 22:10:00,0.0922,0.0923,0.0922,0.0923,17906.7
2026-07-24 22:15:00,0.0923,0.0924,0.0923,0.0924,12768.96
2026-07-24 22:20:00,0.0923,0.0924,0.0922,0.0923,53482.77
2026-07-24 22:25:00,0.0923,0.0924,0.0921,0.0923,274148.29
2026-07-24 22:30:00,0.0923,0.0924,0.0923,0.0924,20671.98
2026-07-24 22:35:00,0.0923,0.0924,0.0923,0.0924,629.24
2026-07-24 22:40:00,0.0924,0.0924,0.0924,0.0924,3921.47
2026-07-24 22:45:00,0.0924,0.0924,0.0923,0.0923,7745.8
2026-07-24 22:50:00,0.0924,0.0924,0.0924,0.0924,108.28
2026-07-24 22:55:00,0.0924,0.0924,0.0923,0.0923,2809.82
2026-07-24 23:00:00,0.0923,0.0924,0.0923,0.0924,28675.51
2026-07-24 23:05:00,0.0924,0.0926,0.0923,0.0925,172826.37
2026-07-24 23:10:00,0.0925,0.0925,0.0925,0.0925,6355.53
2026-07-24 23:15:00,0.0925,0.0925,0.0924,0.0924,6205.71
2026-07-24 23:20:00,0.0925,0.0926,0.0925,0.0926,11878.53
2026-07-24 23:25:00,0.0926,0.0927,0.0926,0.0926,11443.81
2026-07-24 23:30:00,0.0926,0.0926,0.0926,0.0926,493.87
2026-07-24 23:35:00,0.0925,0.0929,0.0924,0.0925,889659.95
2026-07-24 23:40:00,0.0924,0.0925,0.0923,0.0925,488108.37
2026-07-24 23:45:00,0.0925,0.0925,0.0924,0.0924,3577.97
2026-07-24 23:50:00,0.0925,0.0925,0.0925,0.0925,21307.91
2026-07-24 23:55:00,0.0925,0.0926,0.0925,0.0926,1288.49
2026-07-25 00:00:00,0.0926,0.0926,0.0924,0.0925,14288.01
2026-07-25 00:05:00,0.0925,0.0925,0.0925,0.0925,4025.51
2026-07-25 00:10:00,0.0924,0.0925,0.0924,0.0925,19568.79
2026-07-25 00:15:00,0.0924,0.0925,0.0924,0.0924,12348.64
2026-07-25 00:20:00,0.0925,0.0926,0.0925,0.0926,3373.53
2026-07-25 00:25:00,0.0926,0.0927,0.0926,0.0927,20961.24
2026-07-25 00:30:00,0.0927,0.0927,0.0926,0.0926,56297.43
2026-07-25 00:35:00,0.0926,0.0926,0.0924,0.0924,163830.21
2026-07-25 00:40:00,0.0924,0.0924,0.0923,0.0923,63925.32
2026-07-25 00:45:00,0.0923,0.0923,0.0923,0.0923,8789.42
2026-07-25 00:50:00,0.0923,0.0923,0.0921,0.0922,269295.19
2026-07-25 00:55:00,0.0922,0.0925,0.0922,0.0925,45218.73
2026-07-25 01:00:00,0.0926,0.0927,0.0926,0.0926,12587.8
2026-07-25 01:05:00,0.0925,0.0925,0.0923,0.0923,2065.28
2026-07-25 01:10:00,0.0923,0.0923,0.0923,0.0923,66155.84
2026-07-25 01:15:00,0.0923,0.0923,0.0922,0.0922,10214.67
2026-07-25 01:20:00,0.0922,0.0922,0.0922,0.0922,3650.67
2026-07-25 01:25:00,0.0922,0.0922,0.0922,0.0922,5025.62
2026-07-25 01:30:00,0.0922,0.0922,0.0922,0.0922,13775.4
2026-07-25 01:35:00,0.0922,0.0923,0.0922,0.0922,17079.1
2026-07-25 01:40:00,0.0921,0.0922,0.0921,0.0922,9551.26
2026-07-25 01:45:00,0.0922,0.0922,0.0922,0.0922,125.0
2026-07-25 01:50:00,0.0922,0.0922,0.0922,0.0922,0.0
2026-07-25 01:55:00,0.0922,0.0922,0.0921,0.0921,3292.59
2026-07-25 02:00:00,0.092,0.0921,0.0919,0.0921,84605.08
2026-07-25 02:05:00,0.092,0.092,0.092,0.092,59108.19
2026-07-25 02:10:00,0.092,0.092,0.092,0.092,766.86
2026-07-25 02:15:00,0.092,0.092,0.0919,0.0919,6168.95
2026-07-25 02:20:00,0.0919,0.0919,0.0919,0.0919,23838.9
2026-07-25 02:25:00,0.0919,0.092,0.0919,0.092,16075.28
2026-07-25 02:30:00,0.0921,0.0922,0.092,0.0921,20921.51
2026-07-25 02:35:00,0.0921,0.0921,0.092,0.0921,31616.8
2026-07-25 02:40:00,0.0922,0.0922,0.0922,0.0922,33109.64
2026-07-25 02:45:00,0.0921,0.0921,0.092,0.092,5971.89
2026-07-25 02:50:00,0.092,0.0921,0.092,0.0921,16268.54
2026-07-25 02:55:00,0.092,0.092,0.0919,0.0919,1125.0
2026-07-25 03:00:00,0.092,0.092,0.0919,0.092,27529.22
2026-07-25 03:05:00,0.092,0.092,0.0919,0.092,30935.89
2026-07-25 03:10:00,0.092,0.0921,0.092,0.092,89012.93
2026-07-25 03:15:00,0.092,0.092,0.0919,0.0919,16196.13
2026-07-25 03:20:00,0.0919,0.0919,0.0919,0.0919,1629.91
2026-07-25 03:25:00,0.0919,0.0919,0.0918,0.0919,10949.33
2026-07-25 03:30:00,0.0919,0.0919,0.0919,0.0919,5148.47
2026-07-25 03:35:00,0.0919,0.0919,0.0918,0.0918,20597.67
2026-07-25 03:40:00,0.0918,0.0919,0.0918,0.0919,3210.53
2026-07-25 03:45:00,0.0919,0.0919,0.0918,0.0918,5242.47
2026-07-25 03:50:00,0.0917,0.0918,0.0917,0.0918,110388.89
2026-07-25 03:55:00,0.0918,0.0918,0.0918,0.0918,557.2
2026-07-25 04:00:00,0.0919,0.0919,0.0919,0.0919,25064.81
2026-07-25 04:05:00,0.0919,0.0919,0.0917,0.0919,17703.46
2026-07-25 04:10:00,0.0919,0.092,0.0919,0.092,32108.12
2026-07-25 04:15:00,0.0919,0.092,0.0919,0.092,10303.71
2026-07-25 04:20:00,0.092,0.092,0.092,0.092,19325.67
2026-07-25 04:25:00,0.092,0.092,0.0919,0.0919,555.18
2026-07-25 04:30:00,0.092,0.092,0.0919,0.0919,73826.65
2026-07-25 04:35:00,0.0919,0.0919,0.0918,0.0919,12129.42
2026-07-25 04:40:00,0.0919,0.092,0.0919,0.092,87191.95
2026-07-25 04:45:00,0.092,0.092,0.092,0.092,8486.66
2026-07-25 04:50:00,0.092,0.0921,0.092,0.0921,12048.93
2026-07-25 04:55:00,0.0921,0.0921,0.092,0.092,7974.45
2026-07-25 05:00:00,0.092,0.092,0.092,0.092,0.0
2026-07-25 05:05:00,0.092,0.0921,0.092,0.092,3581.58
2026-07-25 05:10:00,0.0919,0.0919,0.0919,0.0919,2396.84
2026-07-25 05:15:00,0.0919,0.0919,0.0917,0.0918,54624.75
2026-07-25 05:20:00,0.0918,0.0919,0.0918,0.0919,31908.38
2026-07-25 05:25:00,0.0919,0.0919,0.0918,0.0918,1041.33
2026-07-25 05:30:00,0.0919,0.0919,0.0918,0.0918,8120.12
2026-07-25 05:35:00,0.0917,0.0917,0.0916,0.0916,32615.95
2026-07-25 05:40:00,0.0916,0.0916,0.0916,0.0916,10956.34
2026-07-25 05:45:00,0.0916,0.0916,0.0916,0.0916,0.0
2026-07-25 05:50:00,0.0916,0.0916,0.0916,0.0916,19345.15
2026-07-25 05:55:00,0.0916,0.0916,0.0916,0.0916,8326.53
2026-07-25 06:00:00,0.0915,0.0916,0.0915,0.0915,14301.68
2026-07-25 06:05:00,0.0915,0.0916,0.0914,0.0916,14118.42
2026-07-25 06:10:00,0.0916,0.0916,0.0915,0.0916,48356.59
2026-07-25 06:15:00,0.0916,0.0916,0.0915,0.0915,10795.13
2026-07-25 06:20:00,0.0915,0.0915,0.0914,0.0914,11601.89
2026-07-25 06:25:00,0.0914,0.0915,0.0913,0.0915,236329.85
2026-07-25 06:30:00,0.0914,0.0914,0.0913,0.0913,21394.47
2026-07-25 06:35:00,0.0913,0.0914,0.0913,0.0914,7919.75
2026-07-25 06:40:00,0.0914,0.0914,0.0913,0.0914,5747.86
2026-07-25 06:45:00,0.0915,0.0915,0.0913,0.0913,1858.31
2026-07-25 06:50:00,0.0913,0.0915,0.0913,0.0915,19320.4
2026-07-25 06:55:00,0.0915,0.0916,0.0915,0.0916,24082.66
2026-07-25 07:00:00,0.0917,0.0917,0.0916,0.0917,45753.76
2026-07-25 07:05:00,0.0917,0.0917,0.0915,0.0915,7774.8
2026-07-25 07:10:00,0.0916,0.0917,0.0915,0.0917,44007.76
2026-07-25 07:15:00,0.0916,0.0916,0.0914,0.0915,111872.02
2026-07-25 07:20:00,0.0915,0.0916,0.0915,0.0916,20796.04
2026-07-25 07:25:00,0.0916,0.0916,0.0916,0.0916,110.69
2026-07-25 07:30:00,0.0917,0.0917,0.0915,0.0916,17135.36
2026-07-25 07:35:00,0.0915,0.0915,0.0915,0.0915,2303.19
2026-07-25 07:40:00,0.0915,0.0915,0.0914,0.0915,11078.27
2026-07-25 07:45:00,0.0915,0.0916,0.0915,0.0916,2616.69
2026-07-25 07:50:00,0.0915,0.0916,0.0915,0.0915,21838.38
2026-07-25 07:55:00,0.0916,0.0916,0.0915,0.0916,1736.62
2026-07-25 08:00:00,0.0915,0.0915,0.0914,0.0914,5309.94
2026-07-25 08:05:00,0.0914,0.0914,0.0913,0.0913,43773.78
2026-07-25 08:10:00,0.0914,0.0915,0.0914,0.0914,12287.44
2026-07-25 08:15:00,0.0914,0.0916,0.0914,0.0916,21451.31
2026-07-25 08:20:00,0.0916,0.0917,0.0916,0.0916,44884.71
2026-07-25 08:25:00,0.0916,0.0917,0.0916,0.0916,33514.91
2026-07-25 08:30:00,0.0917,0.0917,0.0916,0.0916,14404.87
2026-07-25 08:35:00,0.0916,0.0916,0.0916,0.0916,309.79
2026-07-25 08:40:00,0.0916,0.0918,0.0916,0.0917,9154.5
2026-07-25 08:45:00,0.0916,0.0916,0.0916,0.0916,14627.75
2026-07-25 08:50:00,0.0916,0.0916,0.0915,0.0915,2829.8
2026-07-25 08:55:00,0.0915,0.0915,0.0914,0.0914,2706.27
2026-07-25 09:00:00,0.0915,0.0916,0.0914,0.0914,39100.36
2026-07-25 09:05:00,0.0915,0.0915,0.0914,0.0915,29310.45
2026-07-25 09:10:00,0.0915,0.0915,0.0915,0.0915,125.0
2026-07-25 09:15:00,0.0916,0.0916,0.0916,0.0916,1444.87
2026-07-25 09:20:00,0.0916,0.0916,0.0916,0.0916,128294.41
2026-07-25 09:25:00,0.0916,0.0918,0.0916,0.0918,63285.43
2026-07-25 09:30:00,0.0917,0.0918,0.0917,0.0918,485.5
2026-07-25 09:35:00,0.0918,0.0918,0.0917,0.0917,27832.7
2026-07-25 09:40:00,0.0918,0.0918,0.0917,0.0917,7509.95
2026-07-25 09:45:00,0.0918,0.0919,0.0917,0.0919,3089.76
2026-07-25 09:50:00,0.0919,0.0919,0.0918,0.0919,4788.09
2026-07-25 09:55:00,0.0919,0.0919,0.0917,0.0917,43300.08
2026-07-25 10:00:00,0.0918,0.0918,0.0917,0.0917,429.08
2026-07-25 10:05:00,0.0917,0.0917,0.0916,0.0916,50374.69
2026-07-25 10:10:00,0.0917,0.0917,0.0917,0.0917,5825.73
2026-07-25 10:15:00,0.0918,0.0918,0.0918,0.0918,1707.79
2026-07-25 10:20:00,0.0918,0.0918,0.0917,0.0917,24966.62
2026-07-25 10:25:00,0.0917,0.0918,0.0916,0.0917,30160.32
2026-07-25 10:30:00,0.0916,0.0916,0.0916,0.0916,6399.72
2026-07-25 10:35:00,0.0917,0.0918,0.0916,0.0917,54439.63
2026-07-25 10:40:00,0.0917,0.0918,0.0916,0.0916,55229.11
2026-07-25 10:45:00,0.0917,0.0917,0.0917,0.0917,215.55
2026-07-25 10:50:00,0.0918,0.0919,0.0917,0.0917,14196.25
2026-07-25 10:55:00,0.0917,0.0919,0.0917,0.0919,84508.44
2026-07-25 11:00:00,0.0919,0.0921,0.0919,0.0921,131507.16
2026-07-25 11:05:00,0.0922,0.0923,0.0921,0.0922,55464.16
2026-07-25 11:10:00,0.0921,0.0921,0.092,0.0921,19564.21
2026-07-25 11:15:00,0.0922,0.0922,0.0922,0.0922,3634.16
2026-07-25 11:20:00,0.0921,0.0922,0.0921,0.0921,22163.2
2026-07-25 11:25:00,0.0921,0.0921,0.0921,0.0921,33360.83
2026-07-25 11:30:00,0.0921,0.0921,0.0918,0.0918,44158.26
2026-07-25 11:35:00,0.0918,0.0919,0.0918,0.0919,23464.01
2026-07-25 11:40:00,0.0919,0.092,0.0918,0.0918,197415.0
2026-07-25 11:45:00,0.0919,0.0919,0.0918,0.0918,21382.72
2026-07-25 11:50:00,0.0919,0.0919,0.0918,0.0918,2818.88
2026-07-25 11:55:00,0.0918,0.0918,0.0918,0.0918,0.0
2026-07-25 12:00:00,0.0918,0.0919,0.0918,0.0918,67889.94
2026-07-25 12:05:00,0.0919,0.092,0.0919,0.092,22018.24
2026-07-25 12:10:00,0.092,0.0921,0.092,0.0921,16364.87
2026-07-25 12:15:00,0.0921,0.0921,0.0921,0.0921,36644.83
2026-07-25 12:20:00,0.0921,0.0921,0.092,0.092,40821.26
2026-07-25 12:25:00,0.0921,0.0922,0.0921,0.0922,9316.81
2026-07-25 12:30:00,0.0922,0.0922,0.092,0.0921,34054.36
2026-07-25 12:35:00,0.0922,0.0923,0.0922,0.0923,49319.76
2026-07-25 12:40:00,0.0924,0.0924,0.0923,0.0923,63348.29
2026-07-25 12:45:00,0.0923,0.0925,0.0923,0.0923,65038.32
2026-07-25 12:50:00,0.0924,0.0924,0.0923,0.0923,621.83
2026-07-25 12:55:00,0.0923,0.0924,0.0923,0.0923,2365.98
2026-07-25 13:00:00,0.0924,0.0925,0.0923,0.0924,124838.77
2026-07-25 13:05:00,0.0925,0.0925,0.0924,0.0924,79279.08
2026-07-25 13:10:00,0.0925,0.0925,0.0923,0.0924,15252.16
2026-07-25 13:15:00,0.0924,0.0924,0.0923,0.0924,18707.6
2026-07-25 13:20:00,0.0924,0.0924,0.0923,0.0924,34674.18
2026-07-25 13:25:00,0.0924,0.0924,0.0923,0.0924,39764.22
2026-07-25 13:30:00,0.0925,0.0925,0.0924,0.0925,45351.38
2026-07-25 13:35:00,0.0925,0.0925,0.0924,0.0924,19090.74
2026-07-25 13:40:00,0.0924,0.0926,0.0924,0.0926,73950.17
2026-07-25 13:45:00,0.0926,0.0928,0.0926,0.0927,109662.4
2026-07-25 13:50:00,0.0927,0.0927,0.0924,0.0924,39267.34
2026-07-25 13:55:00,0.0924,0.0925,0.0922,0.0925,156134.78
2026-07-25 14:00:00,0.0925,0.0925,0.0924,0.0924,39658.41
2026-07-25 14:05:00,0.0925,0.0925,0.0924,0.0924,25060.65
2026-07-25 14:10:00,0.0924,0.0925,0.0923,0.0925,5772.57
2026-07-25 14:15:00,0.0925,0.0926,0.0925,0.0926,38049.78
2026-07-25 14:20:00,0.0926,0.0926,0.0926,0.0926,19368.46
2026-07-25 14:25:00,0.0927,0.0927,0.0926,0.0926,11829.69
2026-07-25 14:30:00,0.0926,0.0928,0.0926,0.0928,12256.72
2026-07-25 14:35:00,0.0928,0.0929,0.0928,0.0928,15049.46
2026-07-25 14:40:00,0.0928,0.0929,0.0928,0.0929,73592.53
2026-07-25 14:45:00,0.093,0.093,0.0929,0.093,33374.93
2026-07-25 14:50:00,0.093,0.0932,0.093,0.0932,52197.59
2026-07-25 14:55:00,0.0931,0.0932,0.0929,0.0929,216504.66
2026-07-25 15:00:00,0.0929,0.093,0.0929,0.0929,100969.8
2026-07-25 15:05:00,0.0929,0.0929,0.0928,0.0928,67796.9
2026-07-25 15:10:00,0.0928,0.0929,0.0928,0.0929,11938.49
2026-07-25 15:15:00,0.0929,0.0929,0.0927,0.0928,101449.49
2026-07-25 15:20:00,0.0929,0.093,0.0928,0.0928,27328.23
2026-07-25 15:25:00,0.0927,0.0927,0.0926,0.0927,8008.17
2026-07-25 15:30:00,0.0926,0.0927,0.0926,0.0926,30131.46
2026-07-25 15:35:00,0.0927,0.0928,0.0926,0.0927,27963.5
2026-07-25 15:40:00,0.0927,0.0928,0.0926,0.0928,25296.64
2026-07-25 15:45:00,0.0928,0.0929,0.0928,0.0929,51107.78
2026-07-25 15:50:00,0.0929,0.093,0.0928,0.093,16049.57
2026-07-25 15:55:00,0.093,0.093,0.0929,0.0929,51545.65
2026-07-25 16:00:00,0.0929,0.0931,0.0929,0.0931,707.82
2026-07-25 16:05:00,0.0931,0.0932,0.0929,0.093,44388.65
2026-07-25 16:10:00,0.093,0.093,0.0929,0.0929,2600.1
2026-07-25 16:15:00,0.0929,0.093,0.0929,0.0929,1663.81
2026-07-25 16:20:00,0.0929,0.0929,0.0927,0.0928,12865.31
2026-07-25 16:25:00,0.0928,0.0928,0.0928,0.0928,6999.72
2026-07-25 16:30:00,0.0929,0.0929,0.0928,0.0928,9736.18
2026-07-25 16:35:00,0.0928,0.0931,0.0928,0.0931,7026.48
2026-07-25 16:40:00,0.093,0.0931,0.093,0.0931,15840.4
2026-07-25 16:45:00,0.0931,0.0932,0.0931,0.0931,19470.04
2026-07-25 16:50:00,0.0931,0.0931,0.093,0.093,25555.47
2026-07-25 16:55:00,0.093,0.0931,0.0929,0.093,4012.32
2026-07-25 17:00:00,0.093,0.093,0.0929,0.0929,30815.0
2026-07-25 17:05:00,0.0929,0.093,0.0928,0.0929,109361.84
2026-07-25 17:10:00,0.0929,0.093,0.0929,0.0929,3246.26
2026-07-25 17:15:00,0.0929,0.0929,0.0929,0.0929,2703.61
2026-07-25 17:20:00,0.0929,0.0929,0.0928,0.0928,14020.73
2026-07-25 17:25:00,0.0928,0.0928,0.0927,0.0928,15542.35
2026-07-25 17:30:00,0.0929,0.093,0.0929,0.093,163858.03
2026-07-25 17:35:00,0.093,0.093,0.093,0.093,243.32
2026-07-25 17:40:00,0.093,0.0931,0.093,0.0931,6343.96
2026-07-25 17:45:00,0.0931,0.0931,0.093,0.093,22116.06
2026-07-25 17:50:00,0.0929,0.0929,0.0929,0.0929,15060.07
2026-07-25 17:55:00,0.0929,0.093,0.0929,0.093,14864.34
2026-07-25 18:00:00,0.0931,0.0934,0.0931,0.0933,90159.12
2026-07-25 18:05:00,0.0933,0.0933,0.0931,0.0931,1312.32
2026-07-25 18:10:00,0.0932,0.0933,0.0932,0.0932,14023.35
2026-07-25 18:15:00,0.0931,0.0933,0.0931,0.0933,88163.12
2026-07-25 18:20:00,0.0932,0.0932,0.0931,0.0932,16508.94
2026-07-25 18:25:00,0.0931,0.0931,0.093,0.0931,52543.93
2026-07-25 18:30:00,0.0931,0.0932,0.093,0.0932,69726.15
2026-07-25 18:35:00,0.0932,0.0932,0.0931,0.0931,17344.91
2026-07-25 18:40:00,0.093,0.093,0.0929,0.0929,15504.7
2026-07-25 18:45:00,0.0929,0.093,0.0929,0.0929,52933.1
2026-07-25 18:50:00,0.093,0.093,0.0928,0.0929,63643.31
2026-07-25 18:55:00,0.0928,0.0929,0.0928,0.0929,22982.44
2026-07-25 19:00:00,0.0928,0.0929,0.0928,0.0929,13632.83
2026-07-25 19:05:00,0.0929,0.0929,0.0928,0.0928,2958.37
2026-07-25 19:10:00,0.0927,0.0929,0.0927,0.0929,101607.84
2026-07-25 19:15:00,0.0929,0.0929,0.0928,0.0928,5304.96
2026-07-25 19:20:00,0.0928,0.0928,0.0926,0.0927,99719.62
2026-07-25 19:25:00,0.0927,0.0928,0.0925,0.0926,82717.37
2026-07-25 19:30:00,0.0926,0.0926,0.0925,0.0925,23688.31
2026-07-25 19:35:00,0.0926,0.0926,0.0926,0.0926,5325.0
2026-07-25 19:40:00,0.0927,0.0927,0.0927,0.0927,654.41
2026-07-25 19:45:00,0.0927,0.0927,0.0927,0.0927,4381.85
2026-07-25 19:50:00,0.0927,0.0928,0.0927,0.0928,5666.39
2026-07-25 19:55:00,0.0929,0.0929,0.0928,0.0929,33110.69
2026-07-25 20:00:00,0.0929,0.0929,0.0928,0.0928,26941.21
2026-07-25 20:05:00,0.0928,0.0929,0.0928,0.0928,13383.04
2026-07-25 20:10:00,0.0928,0.093,0.0928,0.0929,23075.65
2026-07-25 20:15:00,0.0928,0.093,0.0928,0.0929,20341.45
2026-07-25 20:20:00,0.0929,0.0929,0.0929,0.0929,17351.75
2026-07-25 20:25:00,0.0928,0.093,0.0928,0.0928,213247.49
2026-07-25 20:30:00,0.0929,0.0929,0.0927,0.0928,68760.43
2026-07-25 20:35:00,0.0928,0.0929,0.0927,0.0927,34083.15
2026-07-25 20:40:00,0.0927,0.0927,0.0927,0.0927,93835.4
2026-07-25 20:45:00,0.0927,0.0927,0.0927,0.0927,125.0
2026-07-25 20:50:00,0.0927,0.0927,0.0926,0.0926,9161.4
2026-07-25 20:55:00,0.0925,0.0928,0.0925,0.0927,433783.59
2026-07-25 21:00:00,0.0927,0.0927,0.0924,0.0925,126379.25
2026-07-25 21:05:00,0.0924,0.0925,0.0924,0.0925,1494.56
2026-07-25 21:10:00,0.0924,0.0924,0.0923,0.0923,42993.34
2026-07-25 21:15:00,0.0923,0.0925,0.0923,0.0925,58821.38
2026-07-25 21:20:00,0.0925,0.0925,0.0925,0.0925,27105.16
2026-07-25 21:25:00,0.0926,0.0929,0.0926,0.0929,121002.67
2026-07-25 21:30:00,0.0929,0.0931,0.0929,0.0931,32339.8
2026-07-25 21:35:00,0.0931,0.0932,0.0931,0.0931,50947.68
2026-07-25 21:40:00,0.0932,0.0934,0.0932,0.0932,139189.58
2026-07-25 21:45:00,0.0932,0.0933,0.0931,0.0931,193238.75
2026-07-25 21:50:00,0.0931,0.0931,0.0931,0.0931,11826.12
2026-07-25 21:55:00,0.0931,0.0932,0.093,0.093,23112.2
2026-07-25 22:00:00,0.0929,0.093,0.0929,0.093,5162.09
2026-07-25 22:05:00,0.093,0.093,0.0929,0.0929,13733.91
2026-07-25 22:10:00,0.0929,0.0929,0.0929,0.0929,12046.82
2026-07-25 22:15:00,0.0929,0.0929,0.0928,0.0929,78944.23
2026-07-25 22:20:00,0.0928,0.0928,0.0928,0.0928,6589.21
2026-07-25 22:25:00,0.0928,0.0928,0.0928,0.0928,26741.44
2026-07-25 22:30:00,0.0927,0.0928,0.0926,0.0926,20493.19
2026-07-25 22:35:00,0.0927,0.0928,0.0926,0.0926,70254.33
2026-07-25 22:40:00,0.0926,0.0927,0.0926,0.0927,48085.52
2026-07-25 22:45:00,0.0926,0.0926,0.0925,0.0926,58831.59
2026-07-25 22:50:00,0.0926,0.0926,0.0926,0.0926,1099.38
2026-07-25 22:55:00,0.0926,0.0927,0.0926,0.0927,22347.36
2026-07-25 23:00:00,0.0926,0.0926,0.0926,0.0926,19891.11
2026-07-25 23:05:00,0.0926,0.0926,0.0925,0.0925,8973.43
2026-07-25 23:10:00,0.0925,0.0926,0.0925,0.0926,21523.44
2026-07-25 23:15:00,0.0926,0.0926,0.0925,0.0925,947.95
2026-07-25 23:20:00,0.0925,0.0925,0.0925,0.0925,9846.36
2026-07-25 23:25:00,0.0925,0.0926,0.0924,0.0924,23002.65
2026-07-25 23:30:00,0.0924,0.0924,0.0924,0.0924,0.0
2026-07-25 23:35:00,0.0924,0.0924,0.0924,0.0924,13976.93
2026-07-25 23:40:00,0.0924,0.0925,0.0924,0.0924,69506.44
2026-07-25 23:45:00,0.0924,0.0924,0.0922,0.0923,138058.19
2026-07-25 23:50:00,0.0922,0.0925,0.0922,0.0923,311413.93
2026-07-25 23:55:00,0.0923,0.0923,0.0922,0.0923,60828.32
2026-07-26 00:00:00,0.0923,0.0923,0.0923,0.0923,17972.43
2026-07-26 00:05:00,0.0923,0.0924,0.0923,0.0924,32765.77
2026-07-26 00:10:00,0.0924,0.0924,0.0923,0.0924,3063.88
2026-07-26 00:15:00,0.0923,0.0924,0.0923,0.0924,4160.19
2026-07-26 00:20:00,0.0925,0.0925,0.0923,0.0923,11649.96
2026-07-26 00:25:00,0.0923,0.0924,0.0923,0.0924,93200.15
2026-07-26 00:30:00,0.0924,0.0925,0.0924,0.0924,31354.04
2026-07-26 00:35:00,0.0924,0.0924,0.0923,0.0923,100490.17
2026-07-26 00:40:00,0.0923,0.0927,0.0923,0.0925,489714.27
2026-07-26 00:45:00,0.0926,0.0926,0.0926,0.0926,1140.62
2026-07-26 00:50:00,0.0926,0.0928,0.0925,0.0928,117777.8
2026-07-26 00:55:00,0.0928,0.0928,0.0926,0.0926,118502.01
2026-07-26 01:00:00,0.0927,0.0927,0.0927,0.0927,13120.19
2026-07-26 01:05:00,0.0926,0.0927,0.0925,0.0925,30813.38
2026-07-26 01:10:00,0.0925,0.0925,0.0924,0.0925,46610.27
2026-07-26 01:15:00,0.0925,0.0925,0.0925,0.0925,529.45
2026-07-26 01:20:00,0.0925,0.0925,0.0924,0.0924,144001.78
2026-07-26 01:25:00,0.0925,0.0925,0.0924,0.0924,1222.76
2026-07-26 01:30:00,0.0925,0.0926,0.0925,0.0926,17833.39
2026-07-26 01:35:00,0.0926,0.0926,0.0925,0.0925,24730.05
2026-07-26 01:40:00,0.0925,0.0925,0.0924,0.0924,57920.3
2026-07-26 01:45:00,0.0924,0.0924,0.0924,0.0924,43866.91
2026-07-26 01:50:00,0.0925,0.0925,0.0925,0.0925,25436.25
2026-07-26 01:55:00,0.0926,0.0926,0.0925,0.0925,11138.87
2026-07-26 02:00:00,0.0925,0.0925,0.0924,0.0924,28455.19
2026-07-26 02:05:00,0.0923,0.0923,0.0921,0.0923,62873.85
2026-07-26 02:10:00,0.0923,0.0923,0.0923,0.0923,9206.64
2026-07-26 02:15:00,0.0923,0.0923,0.0923,0.0923,0.0
2026-07-26 02:20:00,0.0924,0.0924,0.0922,0.0922,21354.87
2026-07-26 02:25:00,0.0923,0.0923,0.0923,0.0923,125.0
2026-07-26 02:30:00,0.0924,0.0924,0.0922,0.0922,7185.48
2026-07-26 02:35:00,0.0923,0.0924,0.0923,0.0924,28761.2
2026-07-26 02:40:00,0.0923,0.0924,0.0923,0.0924,5531.35
2026-07-26 02:45:00,0.0924,0.0926,0.0924,0.0926,34149.02
2026-07-26 02:50:00,0.0926,0.0927,0.0926,0.0927,29054.09
2026-07-26 02:55:00,0.0927,0.0928,0.0927,0.0927,24035.6
2026-07-26 03:00:00,0.0927,0.0927,0.0925,0.0926,60891.77
2026-07-26 03:05:00,0.0925,0.0925,0.0924,0.0924,46718.0
2026-07-26 03:10:00,0.0925,0.0927,0.0925,0.0927,809.26
2026-07-26 03:15:00,0.0926,0.0926,0.0926,0.0926,601.0
2026-07-26 03:20:00,0.0927,0.0927,0.0926,0.0926,32247.2
2026-07-26 03:25:00,0.0926,0.0927,0.0926,0.0926,32737.97
2026-07-26 03:30:00,0.0925,0.0927,0.0925,0.0927,24087.81
2026-07-26 03:35:00,0.0928,0.0929,0.0928,0.0929,17560.6
2026-07-26 03:40:00,0.0928,0.0928,0.0927,0.0927,12130.16
2026-07-26 03:45:00,0.0927,0.0928,0.0927,0.0928,53779.78
2026-07-26 03:50:00,0.0928,0.0928,0.0927,0.0928,57028.91
2026-07-26 03:55:00,0.0927,0.0927,0.0926,0.0927,56665.5
2026-07-26 04:00:00,0.0928,0.0928,0.0926,0.0927,44823.03
2026-07-26 04:05:00,0.0928,0.0928,0.0927,0.0927,730.3
2026-07-26 04:10:00,0.0927,0.0927,0.0927,0.0927,11959.95
2026-07-26 04:15:00,0.0926,0.0928,0.0926,0.0928,321.14
2026-07-26 04:20:00,0.0928,0.093,0.0928,0.093,62283.54
2026-07-26 04:25:00,0.093,0.0931,0.093,0.0931,3048.37
2026-07-26 04:30:00,0.093,0.0931,0.093,0.0931,26454.21
2026-07-26 04:35:00,0.0931,0.0931,0.0931,0.0931,5379.58
2026-07-26 04:40:00,0.0931,0.0933,0.0931,0.0932,165468.16
2026-07-26 04:45:00,0.0933,0.0933,0.0932,0.0933,67294.47
2026-07-26 04:50:00,0.0932,0.0932,0.0931,0.0931,233535.44
2026-07-26 04:55:00,0.093,0.093,0.0928,0.0928,247352.68
2026-07-26 05:00:00,0.0928,0.0928,0.0926,0.0927,18995.24
2026-07-26 05:05:00,0.0927,0.0928,0.0926,0.0928,9420.39
2026-07-26 05:10:00,0.0928,0.093,0.0928,0.093,52221.93
2026-07-26 05:15:00,0.093,0.093,0.0929,0.093,20518.26
2026-07-26 05:20:00,0.093,0.093,0.0929,0.0929,39262.75
2026-07-26 05:25:00,0.093,0.093,0.0928,0.0928,12754.52
2026-07-26 05:30:00,0.0928,0.0928,0.0928,0.0928,1250.0
2026-07-26 05:35:00,0.0929,0.0929,0.0928,0.0929,19658.71
2026-07-26 05:40:00,0.0929,0.093,0.0929,0.093,10541.89
2026-07-26 05:45:00,0.093,0.093,0.093,0.093,23997.39
2026-07-26 05:50:00,0.093,0.093,0.0928,0.093,308309.54
2026-07-26 05:55:00,0.0929,0.0929,0.0928,0.0928,20523.09
2026-07-26 06:00:00,0.0928,0.0929,0.0928,0.0929,14027.75
2026-07-26 06:05:00,0.0929,0.0929,0.0926,0.0927,125742.31
2026-07-26 06:10:00,0.0927,0.0927,0.0926,0.0926,53099.61
2026-07-26 06:15:00,0.0926,0.0927,0.0926,0.0926,9272.49
2026-07-26 06:20:00,0.0925,0.0925,0.0924,0.0924,51701.04
2026-07-26 06:25:00,0.0925,0.0925,0.0924,0.0925,4908.87
2026-07-26 06:30:00,0.0925,0.0926,0.0925,0.0926,7042.83
2026-07-26 06:35:00,0.0927,0.0927,0.0926,0.0927,41423.87
2026-07-26 06:40:00,0.0927,0.0927,0.0925,0.0925,11771.85
2026-07-26 06:45:00,0.0926,0.0927,0.0926,0.0926,44151.14
2026-07-26 06:50:00,0.0926,0.0926,0.0924,0.0925,375272.42
2026-07-26 06:55:00,0.0925,0.0927,0.0925,0.0927,14877.96
2026-07-26 07:00:00,0.0927,0.0927,0.0926,0.0926,23742.55
2026-07-26 07:05:00,0.0926,0.0928,0.0926,0.0926,44562.86
2026-07-26 07:10:00,0.0926,0.0927,0.0925,0.0927,464927.16
2026-07-26 07:15:00,0.0928,0.0929,0.0928,0.0928,10973.88
2026-07-26 07:20:00,0.0928,0.0929,0.0926,0.0926,35757.28
2026-07-26 07:25:00,0.0926,0.0926,0.0925,0.0925,1837.69
2026-07-26 07:30:00,0.0926,0.0926,0.0925,0.0925,21030.52
2026-07-26 07:35:00,0.0925,0.0925,0.0924,0.0924,22195.64
2026-07-26 07:40:00,0.0924,0.0925,0.0923,0.0924,35333.63
2026-07-26 07:45:00,0.0923,0.0925,0.0923,0.0925,52642.78
2026-07-26 07:50:00,0.0925,0.0926,0.0925,0.0926,72391.91
2026-07-26 07:55:00,0.0926,0.0926,0.0925,0.0926,17779.12
2026-07-26 08:00:00,0.0925,0.0927,0.0925,0.0926,1662.36
2026-07-26 08:05:00,0.0926,0.0926,0.0926,0.0926,5437.54
2026-07-26 08:10:00,0.0925,0.0925,0.0925,0.0925,25969.39
2026-07-26 08:15:00,0.0925,0.0925,0.0924,0.0925,6693.22
2026-07-26 08:20:00,0.0924,0.0926,0.0924,0.0925,46953.07
2026-07-26 08:25:00,0.0926,0.0926,0.0925,0.0926,12514.74
2026-07-26 08:30:00,0.0926,0.0926,0.0926,0.0926,8024.33
2026-07-26 08:35:00,0.0926,0.0926,0.0925,0.0926,6633.36
2026-07-26 08:40:00,0.0926,0.0926,0.0924,0.0925,13080.01
2026-07-26 08:45:00,0.0925,0.0926,0.0925,0.0926,12285.89
2026-07-26 08:50:00,0.0926,0.0926,0.0926,0.0926,36476.25
2026-07-26 08:55:00,0.0925,0.0928,0.0925,0.0927,413783.19
2026-07-26 09:00:00,0.0928,0.093,0.0928,0.093,212159.68
2026-07-26 09:05:00,0.0931,0.0931,0.0928,0.0929,75495.17
2026-07-26 09:10:00,0.093,0.093,0.093,0.093,1000.0
2026-07-26 09:15:00,0.093,0.093,0.093,0.093,20818.98
2026-07-26 09:20:00,0.0929,0.093,0.0929,0.093,932.1
2026-07-26 09:25:00,0.093,0.093,0.093,0.093,322.58
2026-07-26 09:30:00,0.0929,0.0929,0.0928,0.0928,16497.26
2026-07-26 09:35:00,0.0928,0.0929,0.0928,0.0929,15205.22
2026-07-26 09:40:00,0.093,0.093,0.093,0.093,5035.91
2026-07-26 09:45:00,0.093,0.093,0.093,0.093,11290.31
2026-07-26 09:50:00,0.093,0.093,0.0928,0.0929,38549.73
2026-07-26 09:55:00,0.0929,0.0929,0.0927,0.0927,6417.61
2026-07-26 10:00:00,0.0927,0.0928,0.0927,0.0928,12187.56
2026-07-26 10:05:00,0.0929,0.093,0.0928,0.0929,10224.07
2026-07-26 10:10:00,0.0929,0.0929,0.0929,0.0929,7410.05
2026-07-26 10:15:00,0.0929,0.093,0.0929,0.093,26472.19
2026-07-26 10:20:00,0.0929,0.0932,0.0929,0.0932,30267.98
2026-07-26 10:25:00,0.0932,0.0932,0.0931,0.0931,15679.49
2026-07-26 10:30:00,0.093,0.0937,0.093,0.0934,295073.48
2026-07-26 10:35:00,0.0934,0.0934,0.0933,0.0933,23156.39
2026-07-26 10:40:00,0.0934,0.0936,0.0934,0.0936,14634.16
2026-07-26 10:45:00,0.0935,0.0936,0.0935,0.0935,45999.54
2026-07-26 10:50:00,0.0935,0.0935,0.0934,0.0934,209294.38
2026-07-26 10:55:00,0.0933,0.0937,0.0932,0.0937,590711.81
2026-07-26 11:00:00,0.0937,0.0938,0.0935,0.0935,156755.17
2026-07-26 11:05:00,0.0934,0.0934,0.0932,0.0933,48755.43
2026-07-26 11:10:00,0.0933,0.0933,0.0932,0.0933,22445.58
2026-07-26 11:15:00,0.0933,0.0934,0.0933,0.0934,11730.17
2026-07-26 11:20:00,0.0933,0.0935,0.0933,0.0934,41562.62
2026-07-26 11:25:00,0.0934,0.0935,0.0934,0.0934,15675.65
2026-07-26 11:30:00,0.0934,0.0934,0.0934,0.0934,0.0
2026-07-26 11:35:00,0.0934,0.0935,0.0933,0.0933,36704.51
2026-07-26 11:40:00,0.0933,0.0933,0.0933,0.0933,9912.98
2026-07-26 11:45:00,0.0933,0.0933,0.0932,0.0932,12192.61
2026-07-26 11:50:00,0.0931,0.0932,0.0931,0.0931,123651.46
2026-07-26 11:55:00,0.0931,0.0931,0.0929,0.093,285982.07
2026-07-26 12:00:00,0.093,0.0931,0.093,0.0931,19299.58
2026-07-26 12:05:00,0.0932,0.0932,0.093,0.093,40803.51
2026-07-26 12:10:00,0.093,0.0932,0.093,0.0932,16865.38
2026-07-26 12:15:00,0.0933,0.0933,0.0931,0.0931,22345.02
2026-07-26 12:20:00,0.093,0.093,0.0929,0.0929,14709.77
2026-07-26 12:25:00,0.093,0.0932,0.093,0.0932,1807.46
2026-07-26 12:30:00,0.0932,0.0932,0.0931,0.0932,19658.29
2026-07-26 12:35:00,0.0931,0.0932,0.0931,0.0931,2001.74
2026-07-26 12:40:00,0.0931,0.0931,0.093,0.093,245.81
2026-07-26 12:45:00,0.093,0.0931,0.093,0.0931,7782.54
2026-07-26 12:50:00,0.093,0.093,0.0929,0.0929,74890.72
2026-07-26 12:55:00,0.0929,0.0929,0.0929,0.0929,4454.77
2026-07-26 13:00:00,0.093,0.093,0.0927,0.0927,76081.28
2026-07-26 13:05:00,0.0927,0.0927,0.0927,0.0927,2455.45
2026-07-26 13:10:00,0.0927,0.0927,0.0927,0.0927,34668.46
2026-07-26 13:15:00,0.0927,0.0928,0.0927,0.0928,29342.52
2026-07-26 13:20:00,0.0928,0.0929,0.0927,0.0928,41499.7
2026-07-26 13:25:00,0.0929,0.0929,0.0927,0.0927,15715.44
2026-07-26 13:30:00,0.0926,0.0927,0.0925,0.0927,24992.89
2026-07-26 13:35:00,0.0927,0.0928,0.0927,0.0927,28695.41
2026-07-26 13:40:00,0.0928,0.0928,0.0928,0.0928,5235.54
2026-07-26 13:45:00,0.0928,0.0928,0.0928,0.0928,6275.77
2026-07-26 13:50:00,0.0929,0.0929,0.0929,0.0929,13948.94
2026-07-26 13:55:00,0.093,0.093,0.093,0.093,21670.55
2026-07-26 14:00:00,0.093,0.093,0.0929,0.0929,20990.8
2026-07-26 14:05:00,0.093,0.0932,0.093,0.093,87005.96
2026-07-26 14:10:00,0.093,0.093,0.0929,0.093,61899.54
2026-07-26 14:15:00,0.0929,0.0929,0.0928,0.0929,5405.73
2026-07-26 14:20:00,0.0928,0.0929,0.0928,0.0928,28661.61
2026-07-26 14:25:00,0.0928,0.0928,0.0927,0.0927,64352.31
2026-07-26 14:30:00,0.0927,0.0929,0.0926,0.0929,83615.99
2026-07-26 14:35:00,0.0928,0.0929,0.0927,0.0927,38765.87
2026-07-26 14:40:00,0.0928,0.093,0.0927,0.093,682171.81
2026-07-26 14:45:00,0.0929,0.0932,0.0929,0.0931,85134.0
2026-07-26 14:50:00,0.0931,0.0932,0.093,0.093,110123.19
2026-07-26 14:55:00,0.093,0.093,0.0929,0.0929,18075.29
2026-07-26 15:00:00,0.0929,0.0931,0.0929,0.0929,54487.08
2026-07-26 15:05:00,0.0929,0.093,0.0929,0.0929,6407.89
2026-07-26 15:10:00,0.093,0.093,0.093,0.093,816.4
2026-07-26 15:15:00,0.093,0.0934,0.093,0.0934,45357.73
2026-07-26 15:20:00,0.0933,0.0935,0.0933,0.0934,31280.34
2026-07-26 15:25:00,0.0934,0.0934,0.0933,0.0933,57282.23
2026-07-26 15:30:00,0.0933,0.0934,0.0932,0.0934,125810.42
2026-07-26 15:35:00,0.0934,0.0936,0.0934,0.0936,70346.43
2026-07-26 15:40:00,0.0936,0.0936,0.0935,0.0936,7246.87
2026-07-26 15:45:00,0.0936,0.0938,0.0936,0.0937,96099.44
2026-07-26 15:50:00,0.0938,0.0938,0.0937,0.0937,23462.34
2026-07-26 15:55:00,0.0937,0.0937,0.0936,0.0936,15618.15
2026-07-26 16:00:00,0.0936,0.0938,0.0936,0.0937,10574.26
2026-07-26 16:05:00,0.0936,0.0937,0.0935,0.0935,22757.56
2026-07-26 16:10:00,0.0936,0.0937,0.0936,0.0936,12117.22
2026-07-26 16:15:00,0.0937,0.0937,0.0937,0.0937,7607.55
2026-07-26 16:20:00,0.0936,0.0937,0.0936,0.0937,41408.38
2026-07-26 16:25:00,0.0938,0.0941,0.0938,0.0941,166526.83
2026-07-26 16:30:00,0.0941,0.0943,0.094,0.094,128149.83
2026-07-26 16:35:00,0.0939,0.0939,0.0938,0.0938,41692.6
2026-07-26 16:40:00,0.0939,0.0939,0.0938,0.0938,3385.13
2026-07-26 16:45:00,0.0937,0.0938,0.0937,0.0938,75787.68
2026-07-26 16:50:00,0.0938,0.0938,0.0937,0.0937,3683.29
2026-07-26 16:55:00,0.0937,0.0937,0.0936,0.0937,7422.37
2026-07-26 17:00:00,0.0936,0.0936,0.0934,0.0935,39622.45
2026-07-26 17:05:00,0.0935,0.0935,0.0934,0.0935,19728.0
2026-07-26 17:10:00,0.0935,0.0936,0.0935,0.0936,1088.48
2026-07-26 17:15:00,0.0935,0.0936,0.0935,0.0935,9440.42
2026-07-26 17:20:00,0.0935,0.0935,0.0935,0.0935,35656.19
2026-07-26 17:25:00,0.0935,0.0935,0.0935,0.0935,9409.16
2026-07-26 17:30:00,0.0935,0.0936,0.0935,0.0935,12526.55
2026-07-26 17:35:00,0.0935,0.0936,0.0934,0.0934,22489.28
2026-07-26 17:40:00,0.0934,0.0935,0.0934,0.0935,6418.13
2026-07-26 17:45:00,0.0935,0.0935,0.0934,0.0934,5032.05
2026-07-26 17:50:00,0.0935,0.0935,0.0935,0.0935,5385.18
2026-07-26 17:55:00,0.0935,0.0935,0.0934,0.0934,2814.23
2026-07-26 18:00:00,0.0934,0.0934,0.0933,0.0934,12284.08
2026-07-26 18:05:00,0.0933,0.0934,0.0933,0.0934,270.75
2026-07-26 18:10:00,0.0934,0.0934,0.0933,0.0934,1647.8
2026-07-26 18:15:00,0.0933,0.0934,0.0933,0.0934,17919.78
2026-07-26 18:20:00,0.0934,0.0934,0.0934,0.0934,5110.0
2026-07-26 18:25:00,0.0933,0.0933,0.0932,0.0933,12769.67
2026-07-26 18:30:00,0.0933,0.0933,0.0932,0.0933,8034.33
2026-07-26 18:35:00,0.0933,0.0933,0.0932,0.0933,17017.52
2026-07-26 18:40:00,0.0933,0.0933,0.0932,0.0932,43630.9
2026-07-26 18:45:00,0.0932,0.0932,0.0932,0.0932,17247.3
2026-07-26 18:50:00,0.0932,0.0934,0.0932,0.0932,36614.06
2026-07-26 18:55:00,0.0933,0.0933,0.0933,0.0933,1745.35
2026-07-26 19:00:00,0.0932,0.0932,0.0932,0.0932,24153.7
2026-07-26 19:05:00,0.0932,0.0933,0.0932,0.0933,52974.75
2026-07-26 19:10:00,0.0933,0.0933,0.0931,0.0931,81936.55
2026-07-26 19:15:00,0.0932,0.0933,0.0931,0.0933,152898.1
2026-07-26 19:20:00,0.0932,0.0933,0.0931,0.0932,340449.86
2026-07-26 19:25:00,0.0932,0.0933,0.0932,0.0933,201.82
2026-07-26 19:30:00,0.0933,0.0935,0.0933,0.0934,20552.19
2026-07-26 19:35:00,0.0934,0.0934,0.0933,0.0933,6980.93
2026-07-26 19:40:00,0.0932,0.0932,0.0932,0.0932,1000.01
2026-07-26 19:45:00,0.0932,0.0933,0.0932,0.0933,4400.26
2026-07-26 19:50:00,0.0932,0.0933,0.0932,0.0932,702.99
2026-07-26 19:55:00,0.0933,0.0933,0.0933,0.0933,183.77
2026-07-26 20:00:00,0.0933,0.0933,0.0932,0.0932,9437.12
2026-07-26 20:05:00,0.0932,0.0932,0.0932,0.0932,9605.54
2026-07-26 20:10:00,0.0932,0.0932,0.0932,0.0932,1265.31
2026-07-26 20:15:00,0.0932,0.0932,0.0932,0.0932,8966.79
2026-07-26 20:20:00,0.0932,0.0933,0.0931,0.0932,150285.2
2026-07-26 20:25:00,0.0931,0.0933,0.0931,0.0933,177234.76
2026-07-26 20:30:00,0.0933,0.0934,0.0933,0.0933,24778.3
2026-07-26 20:35:00,0.0932,0.0933,0.0932,0.0932,10113.58
2026-07-26 20:40:00,0.0932,0.0932,0.0932,0.0932,220.17
2026-07-26 20:45:00,0.0932,0.0932,0.0932,0.0932,21057.09
2026-07-26 20:50:00,0.0932,0.0933,0.0932,0.0933,37826.12
2026-07-26 20:55:00,0.0932,0.0932,0.0932,0.0932,23879.23
2026-07-26 21:00:00,0.0932,0.0933,0.0932,0.0933,21187.0
2026-07-26 21:05:00,0.0933,0.0933,0.0933,0.0933,35409.28
2026-07-26 21:10:00,0.0933,0.0934,0.0933,0.0934,1118.31
2026-07-26 21:15:00,0.0933,0.0934,0.0933,0.0934,25981.83
2026-07-26 21:20:00,0.0935,0.0935,0.0934,0.0935,13688.26
2026-07-26 21:25:00,0.0936,0.0937,0.0936,0.0936,42304.08
2026-07-26 21:30:00,0.0937,0.0937,0.0937,0.0937,12076.99
2026-07-26 21:35:00,0.0937,0.0937,0.0937,0.0937,141.27
2026-07-26 21:40:00,0.0937,0.0937,0.0936,0.0937,20057.11
2026-07-26 21:45:00,0.0936,0.0938,0.0936,0.0938,8030.8
2026-07-26 21:50:00,0.0939,0.094,0.0938,0.0939,91400.04
2026-07-26 21:55:00,0.0938,0.0938,0.0936,0.0936,35925.21
2026-07-26 22:00:00,0.0936,0.0944,0.0936,0.0943,105120.82
2026-07-26 22:05:00,0.0944,0.0944,0.0942,0.0943,112342.49
2026-07-26 22:10:00,0.0942,0.0943,0.0942,0.0943,34262.49
2026-07-26 22:15:00,0.0943,0.0943,0.0942,0.0943,104364.64
2026-07-26 22:20:00,0.0944,0.0945,0.0944,0.0945,90545.44
2026-07-26 22:25:00,0.0945,0.0945,0.0944,0.0945,168847.26
2026-07-26 22:30:00,0.0945,0.0948,0.0945,0.0948,295243.35
2026-07-26 22:35:00,0.0948,0.095,0.0945,0.0948,812833.7
2026-07-26 22:40:00,0.0948,0.095,0.0948,0.0948,182514.4
2026-07-26 22:45:00,0.0948,0.0949,0.0948,0.0949,41604.65
2026-07-26 22:50:00,0.0949,0.0949,0.0948,0.0948,49242.59
2026-07-26 22:55:00,0.0947,0.0949,0.0947,0.0949,30558.9
2026-07-26 23:00:00,0.0949,0.095,0.0949,0.095,42684.54
2026-07-26 23:05:00,0.095,0.0954,0.095,0.0954,85793.03
2026-07-26 23:10:00,0.0954,0.0954,0.095,0.095,102459.18
2026-07-26 23:15:00,0.095,0.0951,0.0949,0.0949,56775.43
2026-07-26 23:20:00,0.0949,0.0949,0.0949,0.0949,29992.27
2026-07-26 23:25:00,0.0949,0.0949,0.0948,0.0949,28827.33
2026-07-26 23:30:00,0.0949,0.095,0.0948,0.095,19243.93
2026-07-26 23:35:00,0.095,0.095,0.0949,0.0949,27739.49
2026-07-26 23:40:00,0.095,0.095,0.095,0.095,17865.37
2026-07-26 23:45:00,0.095,0.0952,0.095,0.0952,47502.87
2026-07-26 23:50:00,0.0953,0.0953,0.0952,0.0952,19379.16
2026-07-26 23:55:00,0.0952,0.0952,0.0952,0.0952,22190.5
2026-07-27 00:00:00,0.0951,0.0952,0.095,0.0951,143807.13
2026-07-27 00:05:00,0.0951,0.0951,0.0948,0.0948,47627.72
2026-07-27 00:10:00,0.0948,0.0951,0.0948,0.0951,44161.32
2026-07-27 00:15:00,0.0951,0.0951,0.0949,0.095,22282.52
2026-07-27 00:20:00,0.095,0.0952,0.095,0.0951,25802.67
2026-07-27 00:25:00,0.0952,0.0953,0.0952,0.0953,30132.66
2026-07-27 00:30:00,0.0953,0.0955,0.0952,0.0954,66549.65
2026-07-27 00:35:00,0.0954,0.0955,0.0953,0.0955,95531.18
2026-07-27 00:40:00,0.0954,0.0957,0.0954,0.0956,40795.77
2026-07-27 00:45:00,0.0956,0.0957,0.0955,0.0955,72365.03
2026-07-27 00:50:00,0.0955,0.0957,0.0954,0.0954,145458.74
2026-07-27 00:55:00,0.0954,0.0955,0.0953,0.0953,30204.33
2026-07-27 01:00:00,0.0953,0.0954,0.0953,0.0954,55151.01
2026-07-27 01:05:00,0.0954,0.0954,0.0954,0.0954,18340.58
2026-07-27 01:10:00,0.0955,0.0955,0.0953,0.0953,21971.34
2026-07-27 01:15:00,0.0953,0.0953,0.0952,0.0953,14946.57
2026-07-27 01:20:00,0.0952,0.0952,0.0951,0.0952,23715.55
2026-07-27 01:25:00,0.0952,0.0952,0.0952,0.0952,7629.99
2026-07-27 01:30:00,0.0952,0.0953,0.0951,0.0952,9732.97
2026-07-27 01:35:00,0.0951,0.0952,0.0947,0.0952,90506.55
2026-07-27 01:40:00,0.0952,0.0952,0.0951,0.0952,23571.5
2026-07-27 01:45:00,0.0952,0.0955,0.0951,0.0954,114038.12
2026-07-27 01:50:00,0.0955,0.0955,0.0954,0.0954,31894.01
2026-07-27 01:55:00,0.0955,0.0957,0.0954,0.0957,348874.5
2026-07-27 02:00:00,0.0957,0.0957,0.0956,0.0957,66054.52
2026-07-27 02:05:00,0.0957,0.0958,0.0957,0.0958,46978.67
2026-07-27 02:10:00,0.0958,0.0958,0.0955,0.0956,63835.72
2026-07-27 02:15:00,0.0955,0.0956,0.0955,0.0956,115052.66
2026-07-27 02:20:00,0.0956,0.0956,0.0956,0.0956,12053.42
2026-07-27 02:25:00,0.0956,0.0959,0.0956,0.0957,29396.96
2026-07-27 02:30:00,0.0957,0.0958,0.0956,0.0957,9457.17
2026-07-27 02:35:00,0.0957,0.096,0.0957,0.0958,152242.5
2026-07-27 02:40:00,0.0957,0.0958,0.0956,0.0958,12396.33
2026-07-27 02:45:00,0.0957,0.0957,0.0956,0.0956,14948.21
2026-07-27 02:50:00,0.0956,0.0956,0.0954,0.0956,84335.42
2026-07-27 02:55:00,0.0956,0.0958,0.0956,0.0958,25681.63
2026-07-27 03:00:00,0.0958,0.096,0.0957,0.0957,31442.57
2026-07-27 03:05:00,0.0957,0.0958,0.0956,0.0956,124671.21
2026-07-27 03:10:00,0.0955,0.0956,0.0955,0.0956,4005.75
2026-07-27 03:15:00,0.0956,0.0957,0.0956,0.0957,31790.97
2026-07-27 03:20:00,0.0956,0.0956,0.0954,0.0954,86974.55
2026-07-27 03:25:00,0.0954,0.0955,0.0952,0.0954,65413.14
2026-07-27 03:30:00,0.0953,0.0953,0.0952,0.0952,23784.67
2026-07-27 03:35:00,0.0952,0.0954,0.0952,0.0953,26273.99
2026-07-27 03:40:00,0.0954,0.0954,0.0954,0.0954,1273.68
2026-07-27 03:45:00,0.0955,0.0956,0.0955,0.0955,3830.69
2026-07-27 03:50:00,0.0954,0.0955,0.0954,0.0955,30104.03
2026-07-27 03:55:00,0.0954,0.0956,0.0954,0.0954,47443.42
2026-07-27 04:00:00,0.0954,0.0958,0.0954,0.0958,50187.82
2026-07-27 04:05:00,0.0958,0.0958,0.0956,0.0956,34590.96
2026-07-27 04:10:00,0.0956,0.0956,0.0954,0.0956,48976.66
2026-07-27 04:15:00,0.0956,0.0956,0.0955,0.0956,19696.34
2026-07-27 04:20:00,0.0957,0.0958,0.0956,0.0956,25093.41
2026-07-27 04:25:00,0.0956,0.0956,0.0953,0.0953,28889.26
2026-07-27 04:30:00,0.0953,0.0953,0.0952,0.0952,21941.18
2026-07-27 04:35:00,0.0953,0.0953,0.0952,0.0952,40169.66
2026-07-27 04:40:00,0.0952,0.0954,0.0952,0.0953,20934.7
2026-07-27 04:45:00,0.0953,0.0953,0.0952,0.0952,20094.2
2026-07-27 04:50:00,0.0951,0.0951,0.095,0.095,114449.61
2026-07-27 04:55:00,0.095,0.0951,0.0949,0.0949,33302.79
2026-07-27 05:00:00,0.0949,0.095,0.0948,0.095,8831.76
2026-07-27 05:05:00,0.0949,0.095,0.0949,0.095,8575.85
2026-07-27 05:10:00,0.095,0.0951,0.095,0.0951,17577.22
2026-07-27 05:15:00,0.095,0.095,0.0949,0.095,74023.58
2026-07-27 05:20:00,0.0951,0.0951,0.095,0.095,16044.83
2026-07-27 05:25:00,0.095,0.095,0.0949,0.0949,687.11
2026-07-27 05:30:00,0.095,0.0951,0.0949,0.0949,13600.28
2026-07-27 05:35:00,0.0949,0.095,0.0949,0.095,60119.41
2026-07-27 05:40:00,0.095,0.0951,0.0949,0.095,56706.77
2026-07-27 05:45:00,0.095,0.0951,0.0948,0.0949,28629.21
2026-07-27 05:50:00,0.095,0.095,0.095,0.095,23753.52
2026-07-27 05:55:00,0.095,0.0952,0.0949,0.0951,35017.93
2026-07-27 06:00:00,0.095,0.0952,0.095,0.0952,22142.18
2026-07-27 06:05:00,0.0952,0.0956,0.0951,0.0952,175460.97
2026-07-27 06:10:00,0.0953,0.0953,0.0952,0.0952,49914.41
2026-07-27 06:15:00,0.0953,0.0953,0.095,0.0951,46963.07
2026-07-27 06:20:00,0.0951,0.0951,0.0948,0.0949,95850.07
2026-07-27 06:25:00,0.0949,0.0949,0.0947,0.0949,106649.89
2026-07-27 06:30:00,0.0948,0.095,0.0948,0.0949,43547.24
2026-07-27 06:35:00,0.0949,0.0949,0.0948,0.0949,32333.44
2026-07-27 06:40:00,0.0949,0.0949,0.0947,0.0948,63357.67
2026-07-27 06:45:00,0.0949,0.0949,0.0946,0.0947,50432.06
2026-07-27 06:50:00,0.0947,0.0948,0.0945,0.0948,73319.71
2026-07-27 06:55:00,0.0948,0.0948,0.0946,0.0947,38279.62
2026-07-27 07:00:00,0.0947,0.0947,0.0945,0.0946,384100.05
2026-07-27 07:05:00,0.0946,0.0947,0.0944,0.0944,27920.18
2026-07-27 07:10:00,0.0945,0.0945,0.0944,0.0945,33183.23
2026-07-27 07:15:00,0.0945,0.0947,0.0944,0.0947,16514.64
2026-07-27 07:20:00,0.0947,0.0947,0.0946,0.0946,6605.03
2026-07-27 07:25:00,0.0945,0.0947,0.0945,0.0946,46668.21
2026-07-27 07:30:00,0.0945,0.0946,0.0944,0.0945,57591.97
2026-07-27 07:35:00,0.0945,0.0945,0.0944,0.0944,10875.75
2026-07-27 07:40:00,0.0943,0.0945,0.0942,0.0944,51204.89
2026-07-27 07:45:00,0.0945,0.0945,0.0944,0.0945,5374.13
2026-07-27 07:50:00,0.0945,0.0945,0.0945,0.0945,23907.14
2026-07-27 07:55:00,0.0945,0.0946,0.0944,0.0946,32533.89
2026-07-27 08:00:00,0.0945,0.0945,0.0943,0.0943,80057.02
2026-07-27 08:05:00,0.0943,0.0944,0.0943,0.0943,20232.65
2026-07-27 08:10:00,0.0942,0.0943,0.0942,0.0942,5571.56
2026-07-27 08:15:00,0.0942,0.0945,0.0942,0.0945,24664.01
2026-07-27 08:20:00,0.0945,0.0945,0.0945,0.0945,45231.14
2026-07-27 08:25:00,0.0945,0.0946,0.0944,0.0945,27634.91
2026-07-27 08:30:00,0.0944,0.0945,0.0943,0.0943,84286.0
2026-07-27 08:35:00,0.0943,0.0943,0.0942,0.0942,21127.09
2026-07-27 08:40:00,0.0942,0.0943,0.0941,0.0941,98782.71
2026-07-27 08:45:00,0.0941,0.0943,0.0941,0.0942,25303.27
2026-07-27 08:50:00,0.0942,0.0943,0.0942,0.0943,19035.83
2026-07-27 08:55:00,0.0943,0.0946,0.0943,0.0944,293978.96
2026-07-27 09:00:00,0.0944,0.0945,0.0941,0.0943,508488.91
2026-07-27 09:05:00,0.0943,0.0945,0.0942,0.0943,560335.73
2026-07-27 09:10:00,0.0942,0.0944,0.0939,0.094,323917.38
2026-07-27 09:15:00,0.094,0.0941,0.0939,0.0939,94909.68
2026-07-27 09:20:00,0.0939,0.0941,0.0939,0.0941,12873.05
2026-07-27 09:25:00,0.0941,0.0941,0.0941,0.0941,42874.97
2026-07-27 09:30:00,0.0941,0.0943,0.0941,0.0943,18039.44
2026-07-27 09:35:00,0.0943,0.0945,0.0943,0.0945,20555.52
2026-07-27 09:40:00,0.0946,0.0947,0.0946,0.0947,67144.0
2026-07-27 09:45:00,0.0948,0.0949,0.0946,0.0949,34114.41
2026-07-27 09:50:00,0.0949,0.095,0.0948,0.0948,20376.38
2026-07-27 09:55:00,0.0948,0.0949,0.0946,0.0946,67594.27
2026-07-27 10:00:00,0.0947,0.0948,0.0947,0.0948,47609.53
2026-07-27 10:05:00,0.0947,0.0948,0.0947,0.0947,15431.7
2026-07-27 10:10:00,0.0948,0.0948,0.0947,0.0948,13190.15
2026-07-27 10:15:00,0.0947,0.0948,0.0947,0.0948,12410.82
2026-07-27 10:20:00,0.0948,0.095,0.0948,0.095,37586.65
2026-07-27 10:25:00,0.095,0.095,0.0949,0.0949,3589.12
2026-07-27 10:30:00,0.0949,0.095,0.0948,0.0948,9417.08
2026-07-27 10:35:00,0.0949,0.095,0.0948,0.095,11777.14
2026-07-27 10:40:00,0.0949,0.095,0.0948,0.0949,61186.0
2026-07-27 10:45:00,0.0949,0.0949,0.0948,0.0948,29531.14
2026-07-27 10:50:00,0.0948,0.0949,0.0948,0.0948,1355.71
2026-07-27 10:55:00,0.0949,0.0949,0.0948,0.0948,46173.87
2026-07-27 11:00:00,0.0948,0.0948,0.0947,0.0947,20414.59
2026-07-27 11:05:00,0.0946,0.0947,0.0946,0.0947,17821.69
2026-07-27 11:10:00,0.0946,0.0946,0.0945,0.0945,25989.09
2026-07-27 11:15:00,0.0946,0.0947,0.0946,0.0947,1111.52
2026-07-27 11:20:00,0.0947,0.0947,0.0947,0.0947,20932.41
2026-07-27 11:25:00,0.0946,0.0946,0.0944,0.0944,27063.09
2026-07-27 11:30:00,0.0943,0.0946,0.0943,0.0945,66942.74
2026-07-27 11:35:00,0.0946,0.0948,0.0946,0.0947,21260.11
2026-07-27 11:40:00,0.0947,0.0948,0.0947,0.0948,27415.33
2026-07-27 11:45:00,0.0947,0.0948,0.0947,0.0948,6840.73
2026-07-27 11:50:00,0.0948,0.0948,0.0946,0.0946,75864.46
2026-07-27 11:55:00,0.0945,0.0948,0.0945,0.0946,413089.52
2026-07-27 12:00:00,0.0946,0.0948,0.0946,0.0948,463533.86
2026-07-27 12:05:00,0.0948,0.0949,0.0946,0.0948,169417.01
2026-07-27 12:10:00,0.0947,0.0947,0.0943,0.0944,227975.02
2026-07-27 12:15:00,0.0943,0.0943,0.0942,0.0942,13786.38
2026-07-27 12:20:00,0.0941,0.0942,0.0941,0.0941,250588.18
2026-07-27 12:25:00,0.094,0.0942,0.094,0.0941,33657.56
2026-07-27 12:30:00,0.0942,0.0943,0.094,0.0941,50979.27
2026-07-27 12:35:00,0.0942,0.0943,0.0941,0.0943,95692.24
2026-07-27 12:40:00,0.0944,0.0945,0.0944,0.0945,30865.85
2026-07-27 12:45:00,0.0945,0.0948,0.0945,0.0947,115230.52
2026-07-27 12:50:00,0.0946,0.0947,0.0946,0.0947,6989.2
2026-07-27 12:55:00,0.0947,0.0949,0.0947,0.0948,36420.89
2026-07-27 13:00:00,0.0949,0.0949,0.0947,0.0948,74032.84
2026-07-27 13:05:00,0.0947,0.0948,0.0947,0.0948,67781.92
2026-07-27 13:10:00,0.0949,0.0949,0.0948,0.0948,33470.28
2026-07-27 13:15:00,0.0948,0.0949,0.0948,0.0949,41903.98
2026-07-27 13:20:00,0.0948,0.0949,0.0948,0.0949,26712.91
2026-07-27 13:25:00,0.0948,0.0948,0.0946,0.0946,38106.98
2026-07-27 13:30:00,0.0945,0.0946,0.0942,0.0944,288250.67
2026-07-27 13:35:00,0.0944,0.0951,0.0944,0.095,85244.18
2026-07-27 13:40:00,0.095,0.0952,0.095,0.0951,81303.76
2026-07-27 13:45:00,0.0951,0.0952,0.095,0.0951,51115.94
2026-07-27 13:50:00,0.095,0.095,0.0946,0.0947,120722.24
2026-07-27 13:55:00,0.0947,0.0947,0.0945,0.0945,173265.12
2026-07-27 14:00:00,0.0945,0.0947,0.0943,0.0947,176890.77
2026-07-27 14:05:00,0.0946,0.0946,0.0944,0.0946,17116.59
2026-07-27 14:10:00,0.0946,0.0946,0.0945,0.0946,5945.45
2026-07-27 14:15:00,0.0947,0.0947,0.0944,0.0944,20095.55
2026-07-27 14:20:00,0.0943,0.0943,0.0929,0.0932,1094896.95
2026-07-27 14:25:00,0.0933,0.0933,0.0928,0.0929,151176.8
2026-07-27 14:30:00,0.0929,0.0929,0.0916,0.092,1106203.37
2026-07-27 14:35:00,0.0919,0.0922,0.0912,0.0917,399661.47
2026-07-27 14:40:00,0.0917,0.0917,0.091,0.0911,640053.92
2026-07-27 14:45:00,0.0911,0.0917,0.0911,0.0916,242275.38
2026-07-27 14:50:00,0.0916,0.0918,0.0915,0.0915,88520.81
2026-07-27 14:55:00,0.0915,0.0918,0.0915,0.0917,75754.99
2026-07-27 15:00:00,0.0917,0.0917,0.0915,0.0916,59148.12
2026-07-27 15:05:00,0.0916,0.0917,0.0914,0.0914,16103.22
2026-07-27 15:10:00,0.0914,0.0916,0.0913,0.0915,114573.11
2026-07-27 15:15:00,0.0915,0.0915,0.0912,0.0914,170660.96
2026-07-27 15:20:00,0.0915,0.0916,0.0914,0.0914,83090.14
2026-07-27 15:25:00,0.0914,0.0914,0.0913,0.0914,31410.62
2026-07-27 15:30:00,0.0914,0.0915,0.0913,0.0913,60452.66
2026-07-27 15:35:00,0.0912,0.0912,0.0906,0.0911,330654.42
2026-07-27 15:40:00,0.0911,0.0913,0.0909,0.0913,159935.88
2026-07-27 15:45:00,0.0913,0.0914,0.0912,0.0913,31239.65
2026-07-27 15:50:00,0.0914,0.0914,0.0912,0.0912,20620.07
2026-07-27 15:55:00,0.0912,0.0912,0.0911,0.0911,48802.9
2026-07-27 16:00:00,0.0911,0.0912,0.0908,0.0912,171672.88
2026-07-27 16:05:00,0.0913,0.0914,0.0912,0.0914,133337.93
2026-07-27 16:10:00,0.0914,0.0914,0.0912,0.0912,68539.99
2026-07-27 16:15:00,0.0912,0.0913,0.091,0.0913,38483.52
2026-07-27 16:20:00,0.0913,0.0915,0.0912,0.0915,95673.61
2026-07-27 16:25:00,0.0916,0.0919,0.0916,0.0918,111223.51
2026-07-27 16:30:00,0.0918,0.0921,0.0917,0.092,48485.73
2026-07-27 16:35:00,0.092,0.0922,0.092,0.0921,82863.53
2026-07-27 16:40:00,0.0921,0.0922,0.092,0.092,71677.04
2026-07-27 16:45:00,0.092,0.0921,0.092,0.0921,13662.98
2026-07-27 16:50:00,0.092,0.0921,0.0919,0.0919,21452.48
2026-07-27 16:55:00,0.0919,0.092,0.0918,0.0919,63395.03
2026-07-27 17:00:00,0.0919,0.092,0.0917,0.0917,56008.19
2026-07-27 17:05:00,0.0917,0.0918,0.0917,0.0918,33934.78
2026-07-27 17:10:00,0.0918,0.092,0.0918,0.0919,8759.5
2026-07-27 17:15:00,0.0919,0.0919,0.0919,0.0919,1886.66
2026-07-27 17:20:00,0.092,0.0921,0.092,0.092,42403.5
2026-07-27 17:25:00,0.0919,0.0919,0.0917,0.0918,121639.99
2026-07-27 17:30:00,0.0918,0.0919,0.0918,0.0918,7960.11
2026-07-27 17:35:00,0.0918,0.0918,0.0917,0.0917,18824.28
2026-07-27 17:40:00,0.0916,0.0917,0.0916,0.0917,38303.84
2026-07-27 17:45:00,0.0916,0.0916,0.0914,0.0915,94306.42
2026-07-27 17:50:00,0.0914,0.0914,0.0913,0.0913,8470.82
2026-07-27 17:55:00,0.0914,0.0914,0.0914,0.0914,20700.41
2026-07-27 18:00:00,0.0915,0.0915,0.0914,0.0914,3411.93
2026-07-27 18:05:00,0.0914,0.0915,0.0913,0.0914,28330.2
2026-07-27 18:10:00,0.0914,0.0914,0.0913,0.0914,5860.82
2026-07-27 18:15:00,0.0913,0.0914,0.0912,0.0912,38134.23
2026-07-27 18:20:00,0.0912,0.0912,0.091,0.0911,9612.4
2026-07-27 18:25:00,0.0911,0.0911,0.0911,0.0911,8498.6
2026-07-27 18:30:00,0.0912,0.0912,0.091,0.091,55608.01
2026-07-27 18:35:00,0.091,0.091,0.0909,0.0909,40375.56
2026-07-27 18:40:00,0.0908,0.091,0.0906,0.0909,526287.41
2026-07-27 18:45:00,0.0909,0.0909,0.0906,0.0906,81137.65
2026-07-27 18:50:00,0.0907,0.0909,0.0905,0.0908,53623.94
2026-07-27 18:55:00,0.0909,0.091,0.0909,0.0909,87773.05
2026-07-27 19:00:00,0.0909,0.0909,0.0908,0.0908,8998.08
2026-07-27 19:05:00,0.0908,0.0912,0.0908,0.0911,96882.28
2026-07-27 19:10:00,0.0911,0.0913,0.0911,0.0913,15013.24
2026-07-27 19:15:00,0.0913,0.0913,0.0912,0.0912,1143.51
2026-07-27 19:20:00,0.0912,0.0913,0.0912,0.0913,13386.32
2026-07-27 19:25:00,0.0913,0.0913,0.0912,0.0913,50118.51
2026-07-27 19:30:00,0.0913,0.0916,0.0913,0.0915,36874.9
2026-07-27 19:35:00,0.0915,0.0916,0.0914,0.0914,23280.48
2026-07-27 19:40:00,0.0913,0.0913,0.0912,0.0912,2868.24
2026-07-27 19:45:00,0.0913,0.0913,0.0913,0.0913,5569.8
2026-07-27 19:50:00,0.0914,0.0914,0.0912,0.0914,87070.57
2026-07-27 19:55:00,0.0914,0.0914,0.0913,0.0914,13176.0
2026-07-27 20:00:00,0.0915,0.0916,0.0914,0.0914,79244.51
2026-07-27 20:05:00,0.0914,0.0914,0.0913,0.0913,97638.05
2026-07-27 20:10:00,0.0913,0.0913,0.0913,0.0913,2768.75
2026-07-27 20:15:00,0.0913,0.0913,0.0912,0.0913,22364.6
2026-07-27 20:20:00,0.0913,0.0914,0.0913,0.0914,11818.07
2026-07-27 20:25:00,0.0915,0.0916,0.0914,0.0916,15035.97
2026-07-27 20:30:00,0.0916,0.0916,0.0915,0.0915,3338.9
2026-07-27 20:35:00,0.0916,0.0916,0.0913,0.0913,42756.44
2026-07-27 20:40:00,0.0913,0.0913,0.0913,0.0913,20451.98
2026-07-27 20:45:00,0.0912,0.0913,0.0911,0.0912,92234.09
2026-07-27 20:50:00,0.0912,0.0913,0.0912,0.0913,15188.72
2026-07-27 20:55:00,0.0913,0.0913,0.0913,0.0913,4171.3
2026-07-27 21:00:00,0.0912,0.0912,0.0912,0.0912,45667.46
2026-07-27 21:05:00,0.0911,0.0912,0.0911,0.0912,2612.08
2026-07-27 21:10:00,0.0911,0.0912,0.0911,0.0912,46109.41
2026-07-27 21:15:00,0.0911,0.0911,0.091,0.0911,13628.01
2026-07-27 21:20:00,0.0911,0.0911,0.0911,0.0911,3360.39
2026-07-27 21:25:00,0.0911,0.0911,0.091,0.091,14813.18
2026-07-27 21:30:00,0.0909,0.0909,0.0908,0.0908,106659.83
2026-07-27 21:35:00,0.0908,0.0909,0.0907,0.0908,12473.97
2026-07-27 21:40:00,0.0908,0.0909,0.0908,0.0908,41493.74
2026-07-27 21:45:00,0.0908,0.0909,0.0908,0.0909,8092.92
2026-07-27 21:50:00,0.0908,0.0909,0.0908,0.0909,6385.62
2026-07-27 21:55:00,0.0909,0.0909,0.0905,0.0906,87064.06
2026-07-27 22:00:00,0.0906,0.0906,0.0891,0.0898,1373542.42
2026-07-27 22:05:00,0.0898,0.0899,0.0897,0.0897,56764.33
2026-07-27 22:10:00,0.0898,0.0898,0.0897,0.0898,62052.35
2026-07-27 22:15:00,0.0898,0.0898,0.0896,0.0897,72716.88
2026-07-27 22:20:00,0.0897,0.0897,0.0894,0.0895,21700.3
2026-07-27 22:25:00,0.0895,0.0895,0.0888,0.0893,318766.63
2026-07-27 22:30:00,0.0892,0.0892,0.0891,0.0891,139094.01
2026-07-27 22:35:00,0.0891,0.0892,0.089,0.089,120727.92
2026-07-27 22:40:00,0.089,0.089,0.0877,0.088,1105920.28
2026-07-27 22:45:00,0.088,0.0881,0.0874,0.0879,264134.0
2026-07-27 22:50:00,0.0879,0.0879,0.0869,0.0875,636190.55
2026-07-27 22:55:00,0.0875,0.0877,0.0864,0.0868,860591.58
2026-07-27 23:00:00,0.0868,0.0868,0.0859,0.0863,1362773.29
2026-07-27 23:05:00,0.0863,0.087,0.0862,0.0865,251130.53
2026-07-27 23:10:00,0.0865,0.0868,0.0864,0.0868,159953.18
2026-07-27 23:15:00,0.0868,0.0871,0.0866,0.087,146922.54
2026-07-27 23:20:00,0.0871,0.0874,0.0871,0.0872,304049.29
2026-07-27 23:25:00,0.0872,0.0873,0.0872,0.0872,45403.24
2026-07-27 23:30:00,0.0872,0.0874,0.0871,0.0871,128182.6
2026-07-27 23:35:00,0.0872,0.0873,0.0871,0.0872,119595.56
2026-07-27 23:40:00,0.0872,0.0872,0.0869,0.087,40405.44
2026-07-27 23:45:00,0.087,0.0871,0.0868,0.0869,201788.92
2026-07-27 23:50:00,0.087,0.0871,0.087,0.0871,19611.35
2026-07-27 23:55:00,0.0872,0.0873,0.0872,0.0872,52345.93
2026-07-28 00:00:00,0.0873,0.0876,0.0872,0.0876,97122.96
2026-07-28 00:05:00,0.0875,0.0875,0.0873,0.0874,112606.51
2026-07-28 00:10:00,0.0874,0.0875,0.0872,0.0874,75031.13
2026-07-28 00:15:00,0.0875,0.0878,0.0875,0.0877,171340.4
2026-07-28 00:20:00,0.0877,0.0877,0.0874,0.0875,64790.78
2026-07-28 00:25:00,0.0875,0.0876,0.0874,0.0876,46258.94
2026-07-28 00:30:00,0.0876,0.0879,0.0874,0.0879,49363.05
2026-07-28 00:35:00,0.0879,0.088,0.0879,0.088,47016.11
2026-07-28 00:40:00,0.088,0.088,0.0878,0.0878,81118.35
2026-07-28 00:45:00,0.0877,0.0878,0.0877,0.0877,54950.35
2026-07-28 00:50:00,0.0877,0.0878,0.0876,0.0876,43247.45
2026-07-28 00:55:00,0.0877,0.0878,0.0876,0.0878,81863.09
2026-07-28 01:00:00,0.0878,0.0879,0.0877,0.0877,57300.02
2026-07-28 01:05:00,0.0876,0.0876,0.0866,0.0871,422179.71
2026-07-28 01:10:00,0.0871,0.0874,0.087,0.0873,109552.07
2026-07-28 01:15:00,0.0874,0.0874,0.0871,0.0873,260626.59
2026-07-28 01:20:00,0.0872,0.0875,0.0872,0.0874,54224.55
2026-07-28 01:25:00,0.0874,0.0879,0.0874,0.0878,35044.3
2026-07-28 01:30:00,0.0878,0.0879,0.0878,0.0879,32677.06
2026-07-28 01:35:00,0.0879,0.0879,0.0876,0.0876,35586.68
2026-07-28 01:40:00,0.0875,0.0875,0.0873,0.0874,46494.16
2026-07-28 01:45:00,0.0875,0.0875,0.0873,0.0875,43573.35
2026-07-28 01:50:00,0.0874,0.0874,0.0871,0.0871,29709.57
2026-07-28 01:55:00,0.087,0.0871,0.087,0.0871,36090.1
2026-07-28 02:00:00,0.0871,0.0871,0.087,0.087,68909.02
2026-07-28 02:05:00,0.087,0.0871,0.0869,0.0871,45378.15
2026-07-28 02:10:00,0.0872,0.0873,0.0871,0.0873,80292.55
2026-07-28 02:15:00,0.0873,0.0873,0.0872,0.0873,117692.92
2026-07-28 02:20:00,0.0874,0.0875,0.0873,0.0874,7324.57
2026-07-28 02:25:00,0.0874,0.0874,0.0873,0.0874,25469.82
2026-07-28 02:30:00,0.0874,0.0875,0.0872,0.0873,24182.03
2026-07-28 02:35:00,0.0873,0.0873,0.0872,0.0872,59198.55
2026-07-28 02:40:00,0.0872,0.0872,0.0871,0.0872,48590.64
2026-07-28 02:45:00,0.0873,0.0873,0.0872,0.0872,5430.43
2026-07-28 02:50:00,0.0872,0.0873,0.0871,0.0873,72828.33
2026-07-28 02:55:00,0.0873,0.0874,0.0873,0.0874,12005.35
2026-07-28 03:00:00,0.0873,0.0873,0.0872,0.0872,25629.3
2026-07-28 03:05:00,0.0872,0.0873,0.0871,0.0871,94176.51
2026-07-28 03:10:00,0.087,0.0873,0.087,0.0873,6782.44
2026-07-28 03:15:00,0.0872,0.0874,0.0872,0.0874,27164.37
2026-07-28 03:20:00,0.0873,0.0874,0.0873,0.0874,34019.8
2026-07-28 03:25:00,0.0874,0.0874,0.0873,0.0873,9353.4
2026-07-28 03:30:00,0.0874,0.0874,0.0872,0.0874,11913.3
2026-07-28 03:35:00,0.0873,0.0875,0.0873,0.0875,55143.37
2026-07-28 03:40:00,0.0874,0.0875,0.0874,0.0875,66500.25
2026-07-28 03:45:00,0.0875,0.0876,0.0875,0.0875,34091.23
2026-07-28 03:50:00,0.0876,0.0877,0.0875,0.0876,20912.95
2026-07-28 03:55:00,0.0876,0.0878,0.0876,0.0878,38768.4
2026-07-28 04:00:00,0.0877,0.0878,0.0877,0.0878,12502.99
2026-07-28 04:05:00,0.0877,0.0877,0.0877,0.0877,13078.24
2026-07-28 04:10:00,0.0876,0.0876,0.0875,0.0875,136698.7
2026-07-28 04:15:00,0.0875,0.0876,0.0874,0.0875,36673.33
2026-07-28 04:20:00,0.0875,0.0876,0.0875,0.0876,50468.4
2026-07-28 04:25:00,0.0875,0.0876,0.0874,0.0875,21084.78
2026-07-28 04:30:00,0.0875,0.0875,0.0873,0.0873,22271.72
2026-07-28 04:35:00,0.0873,0.0873,0.087,0.087,208229.11
2026-07-28 04:40:00,0.087,0.0872,0.087,0.0871,33673.51
2026-07-28 04:45:00,0.0871,0.0874,0.0871,0.0873,44073.31
2026-07-28 04:50:00,0.0873,0.0874,0.0873,0.0874,56599.86
2026-07-28 04:55:00,0.0874,0.0874,0.0873,0.0874,87820.36
2026-07-28 05:00:00,0.0874,0.0876,0.0874,0.0875,82948.66
2026-07-28 05:05:00,0.0876,0.0877,0.0876,0.0876,41029.63
2026-07-28 05:10:00,0.0876,0.0877,0.0874,0.0874,198724.29
2026-07-28 05:15:00,0.0874,0.0876,0.0874,0.0875,74965.88
2026-07-28 05:20:00,0.0875,0.0876,0.0875,0.0875,461168.28
2026-07-28 05:25:00,0.0875,0.0875,0.0874,0.0875,63852.2
2026-07-28 05:30:00,0.0874,0.0875,0.0874,0.0875,31570.49
2026-07-28 05:35:00,0.0874,0.0876,0.0873,0.0876,187668.22
2026-07-28 05:40:00,0.0877,0.0878,0.0876,0.0878,40976.02
2026-07-28 05:45:00,0.0878,0.0879,0.0878,0.0878,43305.0
2026-07-28 05:50:00,0.0878,0.0879,0.0878,0.0878,64292.84
2026-07-28 05:55:00,0.0878,0.0878,0.0875,0.0875,30214.21
2026-07-28 06:00:00,0.0876,0.0876,0.0875,0.0875,94154.85
2026-07-28 06:05:00,0.0875,0.0877,0.0875,0.0877,110376.54
2026-07-28 06:10:00,0.0877,0.0878,0.0874,0.0875,325593.18
2026-07-28 06:15:00,0.0874,0.0876,0.0874,0.0875,77399.37
2026-07-28 06:20:00,0.0876,0.0877,0.0875,0.0876,45706.33
2026-07-28 06:25:00,0.0876,0.0877,0.0876,0.0877,39468.34
2026-07-28 06:30:00,0.0878,0.088,0.0877,0.0879,43918.27
2026-07-28 06:35:00,0.0879,0.088,0.0879,0.0879,9478.66
2026-07-28 06:40:00,0.0879,0.0879,0.0878,0.0878,11147.39
2026-07-28 06:45:00,0.0878,0.088,0.0878,0.088,7087.29
2026-07-28 06:50:00,0.088,0.0882,0.088,0.0881,133940.41
2026-07-28 06:55:00,0.088,0.088,0.088,0.088,26172.48
2026-07-28 07:00:00,0.088,0.088,0.0879,0.0879,17819.79
2026-07-28 07:05:00,0.0879,0.0879,0.0878,0.0878,10161.52
2026-07-28 07:10:00,0.0878,0.0879,0.0878,0.0878,48918.74
2026-07-28 07:15:00,0.0878,0.0879,0.0878,0.0879,7151.57
2026-07-28 07:20:00,0.0878,0.0878,0.0878,0.0878,3159.57
2026-07-28 07:25:00,0.0877,0.0877,0.0877,0.0877,22100.1
2026-07-28 07:30:00,0.0877,0.0878,0.0877,0.0878,51554.36
2026-07-28 07:35:00,0.0878,0.0878,0.0877,0.0877,11199.55
2026-07-28 07:40:00,0.0876,0.0876,0.0875,0.0875,11112.56
2026-07-28 07:45:00,0.0874,0.0875,0.0872,0.0874,33212.0
2026-07-28 07:50:00,0.0874,0.0874,0.0873,0.0873,15363.58
2026-07-28 07:55:00,0.0874,0.0875,0.0874,0.0875,1946.29
2026-07-28 08:00:00,0.0874,0.0876,0.0874,0.0876,26521.82
2026-07-28 08:05:00,0.0876,0.0877,0.0876,0.0877,10489.91
2026-07-28 08:10:00,0.0876,0.0876,0.0874,0.0874,124877.67
2026-07-28 08:15:00,0.0875,0.0875,0.0872,0.0874,64702.26
2026-07-28 08:20:00,0.0874,0.0875,0.0873,0.0874,17446.65
2026-07-28 08:25:00,0.0875,0.0877,0.0875,0.0876,38092.78
2026-07-28 08:30:00,0.0875,0.0876,0.0875,0.0875,52501.51
2026-07-28 08:35:00,0.0875,0.0876,0.0875,0.0875,31087.92
2026-07-28 08:40:00,0.0876,0.0877,0.0874,0.0875,201281.81
2026-07-28 08:45:00,0.0875,0.0876,0.0875,0.0876,14830.24
2026-07-28 08:50:00,0.0875,0.0875,0.0875,0.0875,4687.96
2026-07-28 08:55:00,0.0874,0.0875,0.0874,0.0874,65122.14
2026-07-28 09:00:00,0.0874,0.0874,0.0873,0.0874,47110.78
2026-07-28 09:05:00,0.0873,0.0873,0.0872,0.0872,93156.4
2026-07-28 09:10:00,0.0872,0.0873,0.087,0.0871,522431.78
2026-07-28 09:15:00,0.0871,0.0871,0.0871,0.0871,2496.85
2026-07-28 09:20:00,0.0871,0.0875,0.0871,0.0875,524988.17
2026-07-28 09:25:00,0.0875,0.0875,0.0873,0.0874,60132.36
2026-07-28 09:30:00,0.0874,0.0875,0.0874,0.0875,29578.63
2026-07-28 09:35:00,0.0874,0.0875,0.0874,0.0874,183751.18
2026-07-28 09:40:00,0.0875,0.0876,0.0874,0.0874,48471.72
2026-07-28 09:45:00,0.0874,0.0879,0.0873,0.0879,383045.92
2026-07-28 09:50:00,0.0879,0.0886,0.0877,0.0879,830062.22
2026-07-28 09:55:00,0.0878,0.0882,0.0877,0.088,182137.81
2026-07-28 10:00:00,0.088,0.0883,0.0879,0.0883,219380.39
2026-07-28 10:05:00,0.0883,0.0884,0.0883,0.0883,78623.53
2026-07-28 10:10:00,0.0883,0.0883,0.0882,0.0882,114450.07
2026-07-28 10:15:00,0.0882,0.0884,0.0882,0.0884,61271.29
2026-07-28 10:20:00,0.0884,0.0884,0.0883,0.0883,58832.03
2026-07-28 10:25:00,0.0883,0.0884,0.0881,0.0884,157171.25
2026-07-28 10:30:00,0.0883,0.0887,0.0883,0.0887,123799.35
2026-07-28 10:35:00,0.0886,0.0886,0.0885,0.0886,119041.1
2026-07-28 10:40:00,0.0886,0.0886,0.0884,0.0886,31419.69
2026-07-28 10:45:00,0.0886,0.0887,0.0886,0.0887,22062.5
2026-07-28 10:50:00,0.0887,0.0888,0.0887,0.0888,54940.83
2026-07-28 10:55:00,0.0888,0.0888,0.0887,0.0887,51884.43
2026-07-28 11:00:00,0.0888,0.0888,0.0884,0.0885,238630.61
2026-07-28 11:05:00,0.0885,0.0885,0.0883,0.0884,217983.17
2026-07-28 11:10:00,0.0883,0.0885,0.0882,0.0884,170723.32
2026-07-28 11:15:00,0.0883,0.0886,0.0882,0.0884,465415.42
2026-07-28 11:20:00,0.0884,0.0889,0.0883,0.0883,366045.28
2026-07-28 11:25:00,0.0884,0.0884,0.0862,0.0866,1643167.0
2026-07-28 11:30:00,0.0866,0.0872,0.0865,0.0866,493835.12
2026-07-28 11:35:00,0.0867,0.0868,0.0864,0.0864,272501.08
2026-07-28 11:40:00,0.0864,0.0864,0.0861,0.0863,321371.54
2026-07-28 11:45:00,0.0863,0.0866,0.0863,0.0864,50097.81
2026-07-28 11:50:00,0.0865,0.0866,0.0864,0.0864,54613.0
2026-07-28 11:55:00,0.0865,0.0866,0.0864,0.0865,78948.38
2026-07-28 12:00:00,0.0864,0.0864,0.086,0.0861,268541.68
2026-07-28 12:05:00,0.0861,0.0863,0.0861,0.0862,119971.6
2026-07-28 12:10:00,0.0862,0.0864,0.0861,0.0862,112025.13
2026-07-28 12:15:00,0.0862,0.087,0.0854,0.0867,1472110.88
2026-07-28 12:20:00,0.0868,0.087,0.0867,0.0869,230963.54
2026-07-28 12:25:00,0.0869,0.0871,0.0869,0.087,146818.92
2026-07-28 12:30:00,0.0871,0.0873,0.0868,0.0871,759198.56
2026-07-28 12:35:00,0.0871,0.0872,0.087,0.0871,43591.49
2026-07-28 12:40:00,0.0871,0.0873,0.0871,0.0872,52632.16
2026-07-28 12:45:00,0.0872,0.0875,0.0872,0.0874,322768.32
2026-07-28 12:50:00,0.0873,0.0874,0.0872,0.0873,117537.21
2026-07-28 12:55:00,0.0874,0.0874,0.0874,0.0874,62559.84
2026-07-28 13:00:00,0.0874,0.0875,0.0873,0.0874,55941.73
2026-07-28 13:05:00,0.0874,0.0875,0.0874,0.0874,54531.65
2026-07-28 13:10:00,0.0874,0.0874,0.0873,0.0874,22614.16
2026-07-28 13:15:00,0.0874,0.0874,0.0873,0.0874,33385.98
2026-07-28 13:20:00,0.0874,0.0874,0.0872,0.0872,61281.3
2026-07-28 13:25:00,0.0872,0.0872,0.087,0.087,57829.43
2026-07-28 13:30:00,0.087,0.0871,0.0866,0.087,203396.91
2026-07-28 13:35:00,0.0871,0.0872,0.0862,0.0863,152737.74
2026-07-28 13:40:00,0.0864,0.0867,0.0863,0.0863,210856.93
2026-07-28 13:45:00,0.0864,0.0865,0.0859,0.0864,247804.45
2026-07-28 13:50:00,0.0865,0.0868,0.0865,0.0867,78056.14
2026-07-28 13:55:00,0.0866,0.0867,0.0865,0.0867,90950.0
2026-07-28 14:00:00,0.0868,0.087,0.0868,0.087,93352.96
2026-07-28 14:05:00,0.087,0.0874,0.087,0.087,109210.86
2026-07-28 14:10:00,0.087,0.087,0.0869,0.0869,48496.61
2026-07-28 14:15:00,0.0869,0.0869,0.0863,0.0864,126387.86
2026-07-28 14:20:00,0.0865,0.0869,0.0864,0.0869,47144.45
2026-07-28 14:25:00,0.0868,0.0868,0.0868,0.0868,14764.44
2026-07-28 14:30:00,0.0868,0.0873,0.0868,0.0869,488704.32
2026-07-28 14:35:00,0.0869,0.0874,0.0869,0.087,199711.36
2026-07-28 14:40:00,0.0871,0.0874,0.087,0.0873,82692.54
2026-07-28 14:45:00,0.0873,0.0875,0.0871,0.0875,88484.61
2026-07-28 14:50:00,0.0875,0.0878,0.0875,0.0878,134297.76
2026-07-28 14:55:00,0.0877,0.0877,0.0875,0.0875,98502.86
2026-07-28 15:00:00,0.0875,0.0875,0.0873,0.0873,45374.97
2026-07-28 15:05:00,0.0873,0.0875,0.0872,0.0875,27110.87
2026-07-28 15:10:00,0.0874,0.0877,0.0874,0.0876,246787.11
2026-07-28 15:15:00,0.0875,0.0875,0.0873,0.0873,108954.82
2026-07-28 15:20:00,0.0874,0.0884,0.0874,0.0884,211505.07
2026-07-28 15:25:00,0.0883,0.0884,0.088,0.088,97808.68
2026-07-28 15:30:00,0.088,0.0882,0.088,0.0882,103208.46
2026-07-28 15:35:00,0.0881,0.0883,0.0881,0.0883,35361.89
2026-07-28 15:40:00,0.0882,0.0884,0.0881,0.0883,223144.83
2026-07-28 15:45:00,0.0884,0.0886,0.0882,0.0884,393135.11
2026-07-28 15:50:00,0.0884,0.0884,0.0882,0.0882,226659.87
2026-07-28 15:55:00,0.0881,0.0885,0.0881,0.0884,293201.98
2026-07-28 16:00:00,0.0884,0.0885,0.0883,0.0883,26857.67
2026-07-28 16:05:00,0.0883,0.0884,0.0883,0.0883,43667.47
2026-07-28 16:10:00,0.0882,0.0882,0.0882,0.0882,24030.0
2026-07-28 16:15:00,0.0883,0.0886,0.0883,0.0886,175079.98
2026-07-28 16:20:00,0.0887,0.0887,0.0884,0.0884,29753.22
2026-07-28 16:25:00,0.0884,0.0884,0.0883,0.0884,48375.02
2026-07-28 16:30:00,0.0883,0.0885,0.0883,0.0884,17646.4
2026-07-28 16:35:00,0.0884,0.0885,0.0884,0.0885,39067.57
2026-07-28 16:40:00,0.0886,0.0888,0.0886,0.0888,364843.32
2026-07-28 16:45:00,0.0888,0.0888,0.0886,0.0888,17197.96
2026-07-28 16:50:00,0.0887,0.0889,0.0887,0.0889,120459.79
2026-07-28 16:55:00,0.089,0.0893,0.0888,0.089,453973.34
2026-07-28 17:00:00,0.089,0.089,0.0888,0.089,39945.67
2026-07-28 17:05:00,0.089,0.0891,0.0888,0.0889,89757.8
2026-07-28 17:10:00,0.0889,0.089,0.0888,0.089,204599.06
2026-07-28 17:15:00,0.0889,0.0891,0.0889,0.089,96471.97
2026-07-28 17:20:00,0.0891,0.0895,0.0889,0.0894,382559.13
2026-07-28 17:25:00,0.0893,0.0896,0.0892,0.0895,163218.08
2026-07-28 17:30:00,0.0895,0.0895,0.0891,0.0893,196853.04
2026-07-28 17:35:00,0.0892,0.0893,0.089,0.089,178385.55
2026-07-28 17:40:00,0.089,0.0891,0.0889,0.0889,54574.82
2026-07-28 17:45:00,0.0889,0.0891,0.0888,0.089,167543.52
2026-07-28 17:50:00,0.089,0.089,0.0888,0.089,37994.06
2026-07-28 17:55:00,0.0891,0.0893,0.0891,0.0893,45524.75
2026-07-28 18:00:00,0.0893,0.0897,0.0893,0.0895,411685.38
2026-07-28 18:05:00,0.0895,0.0895,0.0891,0.0891,18134.11
2026-07-28 18:10:00,0.0892,0.0892,0.089,0.0891,23393.79
2026-07-28 18:15:00,0.0891,0.0896,0.0891,0.0893,320517.12
2026-07-28 18:20:00,0.0893,0.0894,0.0891,0.0892,53538.07
2026-07-28 18:25:00,0.0892,0.0892,0.0891,0.0891,2257.24
2026-07-28 18:30:00,0.0891,0.0892,0.089,0.0892,4274.27
2026-07-28 18:35:00,0.0892,0.0893,0.0892,0.0892,40531.73
2026-07-28 18:40:00,0.0892,0.0892,0.0891,0.0891,9304.72
2026-07-28 18:45:00,0.0891,0.0891,0.0889,0.089,97464.06
2026-07-28 18:50:00,0.089,0.0894,0.089,0.089,207688.68
2026-07-28 18:55:00,0.089,0.089,0.089,0.089,4961.93
2026-07-28 19:00:00,0.0891,0.0894,0.0891,0.0893,10992.96
2026-07-28 19:05:00,0.0893,0.0893,0.089,0.089,105444.62
2026-07-28 19:10:00,0.089,0.089,0.0888,0.0889,143904.99
2026-07-28 19:15:00,0.0889,0.0889,0.0888,0.0888,109927.88
2026-07-28 19:20:00,0.0889,0.089,0.0889,0.089,25565.2
2026-07-28 19:25:00,0.0889,0.0889,0.0888,0.0889,16943.74
2026-07-28 19:30:00,0.089,0.0892,0.089,0.089,15081.56
2026-07-28 19:35:00,0.0891,0.0891,0.089,0.089,10427.66
2026-07-28 19:40:00,0.089,0.089,0.0889,0.0889,73818.26
2026-07-28 19:45:00,0.0889,0.0891,0.0889,0.0891,9171.7
2026-07-28 19:50:00,0.0892,0.0893,0.0892,0.0893,9137.64
2026-07-28 19:55:00,0.0893,0.0894,0.0893,0.0894,14233.86
2026-07-28 20:00:00,0.0895,0.0895,0.0893,0.0894,52191.49
2026-07-28 20:05:00,0.0895,0.0895,0.0894,0.0895,117902.13
2026-07-28 20:10:00,0.0896,0.0897,0.0896,0.0897,39760.2
2026-07-28 20:15:00,0.0897,0.0897,0.0896,0.0897,1155.82
2026-07-28 20:20:00,0.0896,0.0896,0.0895,0.0895,2509.02
2026-07-28 20:25:00,0.0895,0.0896,0.0895,0.0896,9840.74
2026-07-28 20:30:00,0.0895,0.0895,0.0895,0.0895,69299.46
2026-07-28 20:35:00,0.0895,0.0897,0.0894,0.0895,33825.31
2026-07-28 20:40:00,0.0895,0.0896,0.0895,0.0896,8129.6
2026-07-28 20:45:00,0.0896,0.0897,0.0895,0.0896,18023.99
2026-07-28 20:50:00,0.0896,0.0896,0.0895,0.0896,9722.53
2026-07-28 20:55:00,0.0897,0.0897,0.0897,0.0897,28493.45
2026-07-28 21:00:00,0.0897,0.0897,0.0897,0.0897,6663.16
2026-07-28 21:05:00,0.0897,0.0898,0.0897,0.0897,4498.75
2026-07-28 21:10:00,0.0898,0.0898,0.0896,0.0896,21282.9
2026-07-28 21:15:00,0.0896,0.0896,0.0896,0.0896,5360.3
2026-07-28 21:20:00,0.0896,0.0897,0.0896,0.0897,11715.79
2026-07-28 21:25:00,0.0897,0.0897,0.0896,0.0896,49302.12
2026-07-28 21:30:00,0.0896,0.0898,0.0896,0.0898,3453.43
2026-07-28 21:35:00,0.0898,0.0898,0.0898,0.0898,7239.25
2026-07-28 21:40:00,0.0899,0.09,0.0898,0.0899,10485.41
2026-07-28 21:45:00,0.09,0.09,0.0898,0.0898,26880.58
2026-07-28 21:50:00,0.0897,0.0898,0.0896,0.0896,93795.12
2026-07-28 21:55:00,0.0897,0.0897,0.0896,0.0896,5128.22
2026-07-28 22:00:00,0.0895,0.0895,0.0894,0.0895,47630.0
2026-07-28 22:05:00,0.0896,0.0896,0.0896,0.0896,1118.63
2026-07-28 22:10:00,0.0895,0.0896,0.0895,0.0895,7502.46
2026-07-28 22:15:00,0.0895,0.0896,0.0894,0.0894,73161.1
2026-07-28 22:20:00,0.0894,0.0894,0.0893,0.0893,57394.26
2026-07-28 22:25:00,0.0893,0.0893,0.089,0.0892,143429.18
2026-07-28 22:30:00,0.0891,0.0891,0.089,0.089,18721.99
2026-07-28 22:35:00,0.089,0.089,0.089,0.089,12537.25
2026-07-28 22:40:00,0.089,0.089,0.089,0.089,921.54
2026-07-28 22:45:00,0.0889,0.0889,0.0888,0.0888,23014.26
2026-07-28 22:50:00,0.0887,0.0887,0.0886,0.0886,14528.99
2026-07-28 22:55:00,0.0886,0.0887,0.0886,0.0886,12436.79
2026-07-28 23:00:00,0.0887,0.0887,0.0886,0.0886,66280.36
2026-07-28 23:05:00,0.0886,0.0887,0.0886,0.0886,21136.17
2026-07-28 23:10:00,0.0886,0.0887,0.0886,0.0887,19800.34
2026-07-28 23:15:00,0.0887,0.0887,0.0887,0.0887,7116.7
2026-07-28 23:20:00,0.0888,0.0888,0.0887,0.0887,21929.23
2026-07-28 23:25:00,0.0887,0.0888,0.0886,0.0887,12781.28
2026-07-28 23:30:00,0.0888,0.089,0.0888,0.089,14247.47
2026-07-28 23:35:00,0.089,0.089,0.0889,0.089,92260.07
2026-07-28 23:40:00,0.089,0.0892,0.089,0.0892,3231.18
2026-07-28 23:45:00,0.0892,0.0893,0.0892,0.0893,4744.21
2026-07-28 23:50:00,0.0894,0.0894,0.0893,0.0893,3701.87
2026-07-28 23:55:00,0.0893,0.0893,0.0893,0.0893,22547.7
2026-07-29 00:00:00,0.0893,0.0899,0.0893,0.0897,277667.28
2026-07-29 00:05:00,0.0897,0.0898,0.0897,0.0897,62403.68
2026-07-29 00:10:00,0.0897,0.0898,0.0897,0.0897,5089.65
2026-07-29 00:15:00,0.0897,0.0898,0.0897,0.0897,8610.88
2026-07-29 00:20:00,0.0898,0.0899,0.0895,0.0895,170651.99
2026-07-29 00:25:00,0.0896,0.0897,0.0896,0.0896,25904.77
2026-07-29 00:30:00,0.0896,0.0896,0.0894,0.0896,25283.89
2026-07-29 00:35:00,0.0895,0.0897,0.0895,0.0897,62754.61
2026-07-29 00:40:00,0.0896,0.0897,0.0895,0.0897,5718.93
2026-07-29 00:45:00,0.0898,0.0899,0.0895,0.0895,3749.04
2026-07-29 00:50:00,0.0895,0.0897,0.0895,0.0896,15249.74
2026-07-29 00:55:00,0.0897,0.0897,0.0895,0.0895,23314.81
2026-07-29 01:00:00,0.0895,0.0896,0.0895,0.0895,6519.95
2026-07-29 01:05:00,0.0894,0.0894,0.0892,0.0893,10863.28
2026-07-29 01:10:00,0.0892,0.0892,0.089,0.0891,34969.61
2026-07-29 01:15:00,0.0891,0.0891,0.089,0.0891,28403.73
2026-07-29 01:20:00,0.0891,0.0893,0.0891,0.0893,18546.26
2026-07-29 01:25:00,0.0892,0.0893,0.0892,0.0892,19155.69
2026-07-29 01:30:00,0.0891,0.0892,0.0891,0.0891,7006.82
2026-07-29 01:35:00,0.089,0.089,0.0889,0.089,20399.32
2026-07-29 01:40:00,0.089,0.089,0.0889,0.0889,36943.83
2026-07-29 01:45:00,0.089,0.089,0.0889,0.0889,26502.55
2026-07-29 01:50:00,0.0889,0.0889,0.0887,0.0887,34547.51
2026-07-29 01:55:00,0.0887,0.0887,0.0885,0.0885,29234.07
2026-07-29 02:00:00,0.0885,0.0886,0.0883,0.0884,115518.6
2026-07-29 02:05:00,0.0885,0.0886,0.0885,0.0885,27423.05
2026-07-29 02:10:00,0.0885,0.0886,0.0885,0.0885,27272.84
2026-07-29 02:15:00,0.0885,0.0885,0.0883,0.0884,55772.72
2026-07-29 02:20:00,0.0884,0.0886,0.0884,0.0886,37596.1
2026-07-29 02:25:00,0.0886,0.089,0.0886,0.089,5722.05
2026-07-29 02:30:00,0.0891,0.0891,0.089,0.089,71759.19
2026-07-29 02:35:00,0.089,0.0891,0.089,0.0891,93553.6
2026-07-29 02:40:00,0.0892,0.0892,0.089,0.0892,35376.81
2026-07-29 02:45:00,0.0891,0.0892,0.089,0.089,21821.03
2026-07-29 02:50:00,0.089,0.0891,0.0889,0.0891,36312.05
2026-07-29 02:55:00,0.0891,0.0891,0.089,0.089,3712.47
2026-07-29 03:00:00,0.089,0.0891,0.089,0.089,6450.01
2026-07-29 03:05:00,0.089,0.0891,0.089,0.0891,26925.85
2026-07-29 03:10:00,0.0891,0.0891,0.0889,0.089,11951.24
2026-07-29 03:15:00,0.0889,0.089,0.0889,0.0889,6015.23
2026-07-29 03:20:00,0.0889,0.089,0.0888,0.0888,30217.09
2026-07-29 03:25:00,0.0888,0.0888,0.0887,0.0887,28210.04
2026-07-29 03:30:00,0.0886,0.0886,0.0883,0.0884,55050.43
2026-07-29 03:35:00,0.0885,0.0885,0.0885,0.0885,60150.16
2026-07-29 03:40:00,0.0885,0.0885,0.088,0.0883,287114.24
2026-07-29 03:45:00,0.0884,0.0884,0.088,0.0881,49816.85
2026-07-29 03:50:00,0.0881,0.0882,0.0881,0.0881,105821.75
2026-07-29 03:55:00,0.0881,0.0881,0.0874,0.0877,607730.71
2026-07-29 04:00:00,0.0876,0.0876,0.0871,0.0872,219241.06
2026-07-29 04:05:00,0.0872,0.0875,0.0867,0.0875,345917.81
2026-07-29 04:10:00,0.0874,0.0875,0.0872,0.0875,76641.93
2026-07-29 04:15:00,0.0875,0.0875,0.087,0.0871,118519.73
2026-07-29 04:20:00,0.0871,0.0873,0.087,0.0873,59066.64
2026-07-29 04:25:00,0.0874,0.0877,0.0874,0.0877,60900.3
2026-07-29 04:30:00,0.0877,0.0878,0.0877,0.0878,58168.22
2026-07-29 04:35:00,0.0878,0.0882,0.0878,0.0881,61461.31
2026-07-29 04:40:00,0.0881,0.0881,0.0879,0.0879,79908.3
2026-07-29 04:45:00,0.0879,0.0879,0.0878,0.0878,64373.81
2026-07-29 04:50:00,0.0879,0.0879,0.0878,0.0879,67806.3
2026-07-29 04:55:00,0.0879,0.088,0.0878,0.088,93004.25
2026-07-29 05:00:00,0.0879,0.0882,0.0879,0.0881,125708.8
2026-07-29 05:05:00,0.0881,0.0882,0.0881,0.0881,3360.13
2026-07-29 05:10:00,0.0882,0.0883,0.0882,0.0882,8294.47
2026-07-29 05:15:00,0.0881,0.0881,0.088,0.088,851.41
2026-07-29 05:20:00,0.088,0.0881,0.0879,0.0881,5092.64
2026-07-29 05:25:00,0.0881,0.0882,0.088,0.0882,25299.5
2026-07-29 05:30:00,0.0882,0.0882,0.088,0.0882,7156.21
2026-07-29 05:35:00,0.0883,0.0883,0.0882,0.0883,39425.62
2026-07-29 05:40:00,0.0883,0.0884,0.088,0.0881,89635.94
2026-07-29 05:45:00,0.0881,0.0882,0.088,0.0881,30216.01
2026-07-29 05:50:00,0.088,0.088,0.0879,0.088,19909.78
2026-07-29 05:55:00,0.088,0.088,0.0877,0.0877,72708.73
2026-07-29 06:00:00,0.0878,0.0878,0.0877,0.0877,16440.93
2026-07-29 06:05:00,0.0877,0.0877,0.0876,0.0876,8267.18
2026-07-29 06:10:00,0.0876,0.0878,0.0876,0.0878,3468.38
2026-07-29 06:15:00,0.0878,0.0879,0.0878,0.0879,39384.95
2026-07-29 06:20:00,0.0879,0.088,0.0879,0.0879,9359.92
2026-07-29 06:25:00,0.088,0.0882,0.088,0.0881,182185.33
2026-07-29 06:30:00,0.0881,0.0881,0.0879,0.088,52050.35
2026-07-29 06:35:00,0.0879,0.088,0.0878,0.0878,11804.04
2026-07-29 06:40:00,0.0878,0.0879,0.0878,0.0879,1189.21
2026-07-29 06:45:00,0.0879,0.088,0.0878,0.0878,59800.71
2026-07-29 06:50:00,0.0878,0.0879,0.0878,0.0879,6304.1
2026-07-29 06:55:00,0.0879,0.0879,0.0877,0.0879,8117.91
2026-07-29 07:00:00,0.0878,0.0878,0.0876,0.0876,91549.44
2026-07-29 07:05:00,0.0876,0.0877,0.0876,0.0877,38898.15
2026-07-29 07:10:00,0.0876,0.0877,0.0876,0.0877,45036.44
2026-07-29 07:15:00,0.0877,0.0877,0.0876,0.0876,18118.86
2026-07-29 07:20:00,0.0876,0.0876,0.0875,0.0876,13035.86
2026-07-29 07:25:00,0.0876,0.0877,0.0876,0.0877,1711.86
2026-07-29 07:30:00,0.0877,0.0877,0.0876,0.0876,15113.78
2026-07-29 07:35:00,0.0876,0.0876,0.0874,0.0875,67792.69
2026-07-29 07:40:00,0.0876,0.0876,0.0876,0.0876,114.15
2026-07-29 07:45:00,0.0876,0.0877,0.0876,0.0876,19046.49
2026-07-29 07:50:00,0.0877,0.0877,0.0876,0.0877,44685.02
2026-07-29 07:55:00,0.0876,0.088,0.0876,0.088,59039.4
2026-07-29 08:00:00,0.088,0.088,0.0878,0.0879,39254.31
2026-07-29 08:05:00,0.0878,0.088,0.0877,0.0878,163193.91
2026-07-29 08:10:00,0.0877,0.0877,0.0876,0.0876,56104.44
2026-07-29 08:15:00,0.0876,0.0876,0.0875,0.0875,8548.63
2026-07-29 08:20:00,0.0874,0.0874,0.0873,0.0873,8904.18
2026-07-29 08:25:00,0.0873,0.0873,0.0871,0.0871,68731.49
2026-07-29 08:30:00,0.0871,0.0873,0.0871,0.0873,17946.13
2026-07-29 08:35:00,0.0873,0.0873,0.0873,0.0873,20182.87
2026-07-29 08:40:00,0.0873,0.0875,0.0873,0.0875,4761.55
2026-07-29 08:45:00,0.0875,0.0876,0.0874,0.0874,26963.73
2026-07-29 08:50:00,0.0874,0.0874,0.0873,0.0874,12463.71
2026-07-29 08:55:00,0.0874,0.0874,0.0873,0.0873,6818.43
2026-07-29 09:00:00,0.0873,0.0876,0.0873,0.0876,8018.69
2026-07-29 09:05:00,0.0875,0.0876,0.0875,0.0875,53554.87
2026-07-29 09:10:00,0.0875,0.0876,0.0875,0.0875,2477.0
2026-07-29 09:15:00,0.0875,0.0876,0.0875,0.0876,14805.89
2026-07-29 09:20:00,0.0876,0.0878,0.0876,0.0877,58548.1
2026-07-29 09:25:00,0.0877,0.0877,0.0877,0.0877,1515.51
2026-07-29 09:30:00,0.0878,0.0879,0.0878,0.0879,68111.84
2026-07-29 09:35:00,0.0879,0.088,0.0879,0.0879,34435.47
2026-07-29 09:40:00,0.0879,0.088,0.0879,0.0879,89903.27
2026-07-29 09:45:00,0.0878,0.0878,0.0876,0.0877,34711.08
2026-07-29 09:50:00,0.0877,0.0878,0.0877,0.0878,54329.81
2026-07-29 09:55:00,0.0878,0.0879,0.0878,0.0878,45257.04
2026-07-29 10:00:00,0.0877,0.0879,0.0877,0.0879,10748.5
2026-07-29 10:05:00,0.0879,0.088,0.0878,0.0879,53735.95
2026-07-29 10:10:00,0.088,0.088,0.0872,0.0875,282617.07
2026-07-29 10:15:00,0.0876,0.0877,0.0876,0.0877,161189.32
2026-07-29 10:20:00,0.0877,0.0878,0.0877,0.0877,30619.05
2026-07-29 10:25:00,0.0877,0.0877,0.0876,0.0876,117004.5
2026-07-29 10:30:00,0.0876,0.0876,0.0875,0.0875,87550.47
2026-07-29 10:35:00,0.0874,0.0875,0.0874,0.0874,54589.34
2026-07-29 10:40:00,0.0874,0.0874,0.0874,0.0874,32599.24
2026-07-29 10:45:00,0.0874,0.0874,0.0873,0.0873,9888.92
2026-07-29 10:50:00,0.0872,0.0872,0.0869,0.0871,117707.54
2026-07-29 10:55:00,0.087,0.0871,0.087,0.0871,17354.07
2026-07-29 11:00:00,0.0871,0.0874,0.0871,0.0873,67020.7
2026-07-29 11:05:00,0.0872,0.0875,0.0872,0.0875,23677.17
2026-07-29 11:10:00,0.0875,0.0876,0.0875,0.0876,46118.31
2026-07-29 11:15:00,0.0876,0.0876,0.0874,0.0874,23199.64
2026-07-29 11:20:00,0.0874,0.0875,0.0874,0.0875,9868.16
2026-07-29 11:25:00,0.0874,0.0875,0.0874,0.0875,12285.66
2026-07-29 11:30:00,0.0874,0.0875,0.0873,0.0874,45351.26
2026-07-29 11:35:00,0.0875,0.0876,0.0874,0.0875,61297.89
2026-07-29 11:40:00,0.0876,0.0876,0.0875,0.0875,3528.53
2026-07-29 11:45:00,0.0875,0.0876,0.0874,0.0876,23668.37
2026-07-29 11:50:00,0.0876,0.0876,0.0875,0.0876,5423.04
2026-07-29 11:55:00,0.0876,0.0877,0.0876,0.0877,23109.89
2026-07-29 12:00:00,0.0876,0.0876,0.0874,0.0874,14908.17
2026-07-29 12:05:00,0.0874,0.0875,0.0873,0.0875,11412.9
2026-07-29 12:10:00,0.0874,0.0875,0.0873,0.0874,20465.32
2026-07-29 12:15:00,0.0874,0.0874,0.0869,0.087,352653.46
2026-07-29 12:20:00,0.0871,0.0871,0.087,0.087,15616.95
2026-07-29 12:25:00,0.087,0.0871,0.087,0.087,13084.87
2026-07-29 12:30:00,0.087,0.087,0.0869,0.0869,47140.56
2026-07-29 12:35:00,0.087,0.0871,0.0868,0.087,15180.84
2026-07-29 12:40:00,0.087,0.087,0.0869,0.0869,3727.39
2026-07-29 12:45:00,0.0869,0.0869,0.0868,0.0869,65752.59
2026-07-29 12:50:00,0.0869,0.087,0.0868,0.0868,11242.35
2026-07-29 12:55:00,0.0868,0.0869,0.0868,0.0869,14036.03
2026-07-29 13:00:00,0.0868,0.0868,0.0867,0.0868,22283.58
2026-07-29 13:05:00,0.0869,0.0869,0.0869,0.0869,10994.7
2026-07-29 13:10:00,0.0869,0.0869,0.0868,0.0868,8654.1
2026-07-29 13:15:00,0.0869,0.087,0.0868,0.0868,41234.99
2026-07-29 13:20:00,0.0867,0.0869,0.0866,0.0868,157125.61
2026-07-29 13:25:00,0.0868,0.0869,0.0868,0.0869,17359.84
2026-07-29 13:30:00,0.0869,0.0871,0.0868,0.087,251652.9
2026-07-29 13:35:00,0.087,0.087,0.0867,0.0868,63649.44
2026-07-29 13:40:00,0.0868,0.0871,0.0866,0.087,53209.2
2026-07-29 13:45:00,0.087,0.087,0.0869,0.087,69768.91
2026-07-29 13:50:00,0.087,0.087,0.0864,0.0868,101714.76
2026-07-29 13:55:00,0.0867,0.087,0.0863,0.0869,171195.61
2026-07-29 14:00:00,0.087,0.0871,0.0869,0.087,63441.11
2026-07-29 14:05:00,0.0871,0.0872,0.087,0.087,54588.04
2026-07-29 14:10:00,0.087,0.087,0.0866,0.0866,38547.91
2026-07-29 14:15:00,0.0866,0.0869,0.0866,0.0867,20443.83
2026-07-29 14:20:00,0.0867,0.0868,0.0865,0.0866,22587.42
2026-07-29 14:25:00,0.0865,0.0866,0.0863,0.0866,27860.75
2026-07-29 14:30:00,0.0866,0.0872,0.0865,0.0865,655881.75
2026-07-29 14:35:00,0.0865,0.0865,0.0864,0.0864,32405.74
2026-07-29 14:40:00,0.0865,0.0866,0.0863,0.0865,106251.48
2026-07-29 14:45:00,0.0864,0.0865,0.0862,0.0864,29956.18
2026-07-29 14:50:00,0.0865,0.0865,0.0865,0.0865,1998.74
2026-07-29 14:55:00,0.0865,0.0865,0.0863,0.0863,6250.56
2026-07-29 15:00:00,0.0863,0.0865,0.0863,0.0863,6772.24
2026-07-29 15:05:00,0.0863,0.0865,0.0863,0.0865,15844.56
2026-07-29 15:10:00,0.0864,0.0864,0.0863,0.0864,5305.05
2026-07-29 15:15:00,0.0864,0.0865,0.0861,0.0861,45118.62
2026-07-29 15:20:00,0.0862,0.0865,0.0862,0.0864,20299.44
2026-07-29 15:25:00,0.0863,0.0865,0.0863,0.0864,41657.47
2026-07-29 15:30:00,0.0864,0.0866,0.0864,0.0866,52966.83
2026-07-29 15:35:00,0.0866,0.0868,0.0866,0.0866,40848.53
2026-07-29 15:40:00,0.0866,0.0866,0.0866,0.0866,10651.73
2026-07-29 15:45:00,0.0865,0.0867,0.0865,0.0867,20519.64
2026-07-29 15:50:00,0.0867,0.0867,0.0865,0.0865,143144.18
2026-07-29 15:55:00,0.0865,0.0866,0.0864,0.0866,18023.04
2026-07-29 16:00:00,0.0866,0.0866,0.0863,0.0864,58884.5
2026-07-29 16:05:00,0.0864,0.0869,0.0864,0.0867,436904.76
2026-07-29 16:10:00,0.0867,0.0872,0.0867,0.0871,132666.86
2026-07-29 16:15:00,0.087,0.0874,0.087,0.0872,97740.7
2026-07-29 16:20:00,0.0872,0.0875,0.0872,0.0873,35832.2
2026-07-29 16:25:00,0.0873,0.0873,0.0869,0.087,22577.69
2026-07-29 16:30:00,0.087,0.087,0.0869,0.087,61761.83
2026-07-29 16:35:00,0.0869,0.0869,0.0865,0.0865,64504.49
2026-07-29 16:40:00,0.0866,0.0866,0.0862,0.0863,77436.38
2026-07-29 16:45:00,0.0864,0.0865,0.0862,0.0863,107669.04
2026-07-29 16:50:00,0.0863,0.0865,0.0863,0.0864,106702.03
2026-07-29 16:55:00,0.0864,0.0866,0.0864,0.0864,139756.02
2026-07-29 17:00:00,0.0865,0.0866,0.0865,0.0866,15126.48
2026-07-29 17:05:00,0.0866,0.0866,0.0865,0.0865,1353.82
2026-07-29 17:10:00,0.0865,0.0866,0.0865,0.0866,13772.03
2026-07-29 17:15:00,0.0866,0.0866,0.0865,0.0865,4058.02
2026-07-29 17:20:00,0.0865,0.0871,0.0865,0.0868,364498.08
2026-07-29 17:25:00,0.0868,0.0871,0.0868,0.087,109557.89
2026-07-29 17:30:00,0.087,0.0873,0.087,0.0871,62447.62
2026-07-29 17:35:00,0.0872,0.0873,0.087,0.0872,39526.31
2026-07-29 17:40:00,0.0873,0.0874,0.0873,0.0874,26164.07
2026-07-29 17:45:00,0.0874,0.0874,0.0873,0.0874,30467.72
2026-07-29 17:50:00,0.0874,0.0878,0.0874,0.0878,59026.69
2026-07-29 17:55:00,0.0877,0.088,0.0877,0.088,69021.67
2026-07-29 18:00:00,0.0881,0.0889,0.0881,0.0885,1174915.1
2026-07-29 18:05:00,0.0886,0.0886,0.0884,0.0885,52439.72
2026-07-29 18:10:00,0.0885,0.0886,0.0884,0.0884,76492.31
2026-07-29 18:15:00,0.0884,0.0885,0.088,0.0881,121261.57
2026-07-29 18:20:00,0.088,0.0881,0.0879,0.0879,13925.02
2026-07-29 18:25:00,0.0879,0.088,0.0878,0.088,91829.32
2026-07-29 18:30:00,0.088,0.0881,0.0873,0.0876,106699.34
2026-07-29 18:35:00,0.0876,0.0882,0.0874,0.0881,99470.0
2026-07-29 18:40:00,0.0881,0.0885,0.088,0.0885,111324.34
2026-07-29 18:45:00,0.0885,0.0885,0.0884,0.0885,68866.29
2026-07-29 18:50:00,0.0885,0.0889,0.0885,0.0888,95650.51
2026-07-29 18:55:00,0.0888,0.0888,0.0886,0.0887,37399.22
2026-07-29 19:00:00,0.0887,0.0889,0.0886,0.0888,80156.0
2026-07-29 19:05:00,0.0888,0.0888,0.0885,0.0885,34561.62
2026-07-29 19:10:00,0.0885,0.0888,0.0884,0.0886,187192.22
2026-07-29 19:15:00,0.0885,0.0886,0.0883,0.0884,47835.8
2026-07-29 19:20:00,0.0884,0.0884,0.088,0.0882,235015.64
2026-07-29 19:25:00,0.0881,0.0881,0.0879,0.088,53901.58
2026-07-29 19:30:00,0.088,0.0881,0.0877,0.0878,35164.39
2026-07-29 19:35:00,0.0878,0.0879,0.0877,0.0877,55241.2
2026-07-29 19:40:00,0.0876,0.0877,0.0874,0.0875,60049.01
2026-07-29 19:45:00,0.0874,0.0874,0.0869,0.0872,180481.11
2026-07-29 19:50:00,0.0872,0.0873,0.0868,0.0871,218868.05
2026-07-29 19:55:00,0.0871,0.0873,0.087,0.0871,425170.65
2026-07-29 20:00:00,0.0872,0.0873,0.0866,0.0868,472573.15
2026-07-29 20:05:00,0.0868,0.087,0.0868,0.0868,88176.96
2026-07-29 20:10:00,0.0868,0.0874,0.0868,0.0874,72729.91
2026-07-29 20:15:00,0.0874,0.0877,0.0874,0.0875,39595.64
2026-07-29 20:20:00,0.0875,0.0875,0.0873,0.0873,44618.46
2026-07-29 20:25:00,0.0872,0.0872,0.0863,0.0867,346672.28
2026-07-29 20:30:00,0.0867,0.0868,0.0866,0.0868,16833.7
2026-07-29 20:35:00,0.0869,0.0873,0.0869,0.0872,63146.13
2026-07-29 20:40:00,0.0872,0.0873,0.087,0.087,94177.33
2026-07-29 20:45:00,0.087,0.087,0.0868,0.0868,34143.13
2026-07-29 20:50:00,0.0868,0.087,0.0867,0.0869,87376.32
2026-07-29 20:55:00,0.0869,0.0869,0.0866,0.0867,24332.14
2026-07-29 21:00:00,0.0866,0.0866,0.0863,0.0863,108400.64
2026-07-29 21:05:00,0.0862,0.0865,0.0861,0.0865,379184.75
2026-07-29 21:10:00,0.0866,0.087,0.0866,0.0868,206177.93
2026-07-29 21:15:00,0.0868,0.0869,0.0867,0.0869,30894.01
2026-07-29 21:20:00,0.087,0.087,0.0869,0.087,57104.93
2026-07-29 21:25:00,0.0871,0.0873,0.0871,0.0873,43292.1
2026-07-29 21:30:00,0.0874,0.0874,0.0873,0.0874,2889.47
2026-07-29 21:35:00,0.0874,0.0875,0.0874,0.0875,6037.23
2026-07-29 21:40:00,0.0875,0.0876,0.0874,0.0874,29120.65
2026-07-29 21:45:00,0.0874,0.0874,0.0872,0.0872,33133.24
2026-07-29 21:50:00,0.0872,0.0875,0.0872,0.0874,8825.14
2026-07-29 21:55:00,0.0874,0.0876,0.0874,0.0876,7727.25
2026-07-29 22:00:00,0.0877,0.0879,0.0877,0.0879,113152.68
2026-07-29 22:05:00,0.0879,0.088,0.0879,0.088,68264.01
2026-07-29 22:10:00,0.088,0.0881,0.0879,0.0879,91192.42
2026-07-29 22:15:00,0.0879,0.0882,0.0879,0.0882,66454.88
2026-07-29 22:20:00,0.0882,0.0883,0.0882,0.0882,38406.92
2026-07-29 22:25:00,0.0881,0.0881,0.0881,0.0881,36486.4
2026-07-29 22:30:00,0.0881,0.0881,0.0879,0.0879,77739.27
2026-07-29 22:35:00,0.0879,0.088,0.0878,0.0878,142510.24
2026-07-29 22:40:00,0.0878,0.088,0.0878,0.088,41241.15
2026-07-29 22:45:00,0.0881,0.0881,0.088,0.088,15407.87
2026-07-29 22:50:00,0.0881,0.0883,0.088,0.0883,60786.84
2026-07-29 22:55:00,0.0884,0.0884,0.0883,0.0884,22827.34
2026-07-29 23:00:00,0.0884,0.0885,0.0883,0.0885,114408.6
2026-07-29 23:05:00,0.0885,0.0885,0.0884,0.0884,14299.91
2026-07-29 23:10:00,0.0884,0.0885,0.0884,0.0885,38805.7
2026-07-29 23:15:00,0.0885,0.0889,0.0885,0.0889,124946.04
2026-07-29 23:20:00,0.0889,0.089,0.0889,0.0889,52766.53
2026-07-29 23:25:00,0.0889,0.0889,0.0888,0.0889,270128.21
2026-07-29 23:30:00,0.0889,0.0893,0.0889,0.0889,285629.38
2026-07-29 23:35:00,0.0889,0.089,0.0887,0.0888,66318.74
2026-07-29 23:40:00,0.0888,0.0891,0.0888,0.0891,111168.3
2026-07-29 23:45:00,0.0891,0.0892,0.089,0.0891,102280.42
2026-07-29 23:50:00,0.0891,0.0895,0.0891,0.0894,504135.37
2026-07-29 23:55:00,0.0894,0.0894,0.0893,0.0893,87938.17
2026-07-30 00:00:00,0.0892,0.0893,0.0889,0.0889,74627.33
2026-07-30 00:05:00,0.089,0.0894,0.089,0.0893,187197.93
2026-07-30 00:10:00,0.0893,0.0893,0.0891,0.0892,139416.38
2026-07-30 00:15:00,0.0891,0.0892,0.0888,0.0889,148594.48
2026-07-30 00:20:00,0.0888,0.0889,0.0888,0.0889,17639.02
2026-07-30 00:25:00,0.0889,0.0889,0.0888,0.0888,74646.26
2026-07-30 00:30:00,0.0888,0.0888,0.0885,0.0885,32117.34
2026-07-30 00:35:00,0.0885,0.0887,0.0885,0.0886,186003.35
2026-07-30 00:40:00,0.0886,0.0886,0.0885,0.0885,97102.26
2026-07-30 00:45:00,0.0885,0.0887,0.0885,0.0886,47083.34
2026-07-30 00:50:00,0.0886,0.0886,0.0885,0.0885,66161.04
2026-07-30 00:55:00,0.0884,0.0886,0.0884,0.0886,57300.94
2026-07-30 01:00:00,0.0887,0.089,0.0887,0.089,101624.88
2026-07-30 01:05:00,0.089,0.0895,0.0889,0.0893,341169.08
2026-07-30 01:10:00,0.0892,0.0892,0.089,0.089,26597.51
2026-07-30 01:15:00,0.0889,0.0892,0.0889,0.089,231540.23
2026-07-30 01:20:00,0.089,0.0892,0.089,0.0892,39283.73
2026-07-30 01:25:00,0.0892,0.0893,0.0891,0.0892,18086.19
2026-07-30 01:30:00,0.0891,0.0898,0.0891,0.0897,111900.57
2026-07-30 01:35:00,0.0898,0.0898,0.0896,0.0896,55536.98
2026-07-30 01:40:00,0.0896,0.0898,0.0896,0.0898,67340.57
2026-07-30 01:45:00,0.0898,0.0904,0.0898,0.0904,404153.27
2026-07-30 01:50:00,0.0904,0.091,0.0904,0.0907,980309.97
2026-07-30 01:55:00,0.0908,0.0908,0.0907,0.0907,42094.31
2026-07-30 02:00:00,0.0907,0.0909,0.0906,0.0909,124166.5
2026-07-30 02:05:00,0.0908,0.0909,0.0908,0.0908,99525.79
2026-07-30 02:10:00,0.0909,0.091,0.0906,0.0906,272450.97
2026-07-30 02:15:00,0.0907,0.0907,0.0906,0.0907,102871.19
2026-07-30 02:20:00,0.0906,0.0908,0.0904,0.0908,100832.81
2026-07-30 02:25:00,0.0908,0.091,0.0906,0.0908,180456.46
2026-07-30 02:30:00,0.0909,0.0909,0.0904,0.0904,98500.96
2026-07-30 02:35:00,0.0904,0.0905,0.0903,0.0904,14923.15
2026-07-30 02:40:00,0.0905,0.0906,0.0905,0.0906,30362.6
2026-07-30 02:45:00,0.0906,0.0906,0.0903,0.0904,85950.03
2026-07-30 02:50:00,0.0904,0.0905,0.0904,0.0904,203737.72
2026-07-30 02:55:00,0.0905,0.0905,0.0903,0.0904,88297.06
2026-07-30 03:00:00,0.0904,0.0907,0.0904,0.0907,97675.74
2026-07-30 03:05:00,0.0907,0.0907,0.0906,0.0906,20060.37
2026-07-30 03:10:00,0.0905,0.0905,0.0902,0.0903,96554.32
2026-07-30 03:15:00,0.0904,0.0906,0.0903,0.0903,45071.04
2026-07-30 03:20:00,0.0903,0.0903,0.0901,0.0902,48962.81
2026-07-30 03:25:00,0.0902,0.0903,0.0901,0.0902,55924.59
2026-07-30 03:30:00,0.0902,0.0902,0.09,0.0901,27532.62
2026-07-30 03:35:00,0.0901,0.0902,0.09,0.0901,51669.21
2026-07-30 03:40:00,0.09,0.0904,0.09,0.0904,58050.22
2026-07-30 03:45:00,0.0904,0.0906,0.0904,0.0905,28842.5
2026-07-30 03:50:00,0.0906,0.0906,0.0905,0.0905,29197.97
2026-07-30 03:55:00,0.0905,0.0905,0.0905,0.0905,12619.4
2026-07-30 04:00:00,0.0905,0.0906,0.0903,0.0903,4757.65
2026-07-30 04:05:00,0.0904,0.0905,0.0904,0.0905,80867.51
2026-07-30 04:10:00,0.0905,0.0906,0.0905,0.0906,50274.36
2026-07-30 04:15:00,0.0905,0.0907,0.0903,0.0903,217149.74
2026-07-30 04:20:00,0.0903,0.0903,0.0903,0.0903,10018.13
2026-07-30 04:25:00,0.0903,0.0903,0.0902,0.0903,4523.87
2026-07-30 04:30:00,0.0903,0.0907,0.0903,0.0907,98404.94
2026-07-30 04:35:00,0.0906,0.0906,0.0903,0.0904,30913.46
2026-07-30 04:40:00,0.0903,0.0904,0.0903,0.0904,9446.59
2026-07-30 04:45:00,0.0903,0.0904,0.0903,0.0903,8809.91
2026-07-30 04:50:00,0.0903,0.0904,0.0903,0.0904,38987.22
2026-07-30 04:55:00,0.0904,0.0904,0.09,0.09,53007.81
2026-07-30 05:00:00,0.09,0.0901,0.0899,0.09,153657.82
2026-07-30 05:05:00,0.09,0.0901,0.0899,0.0901,29595.9
2026-07-30 05:10:00,0.0901,0.0902,0.0901,0.0902,50330.42
2026-07-30 05:15:00,0.0902,0.0902,0.09,0.09,24425.37
2026-07-30 05:20:00,0.09,0.09,0.0899,0.0899,4893.71
2026-07-30 05:25:00,0.0899,0.0901,0.0899,0.09,9578.13
2026-07-30 05:30:00,0.09,0.0903,0.09,0.0903,73114.32
2026-07-30 05:35:00,0.0903,0.0903,0.0901,0.0901,13679.02
2026-07-30 05:40:00,0.0902,0.0902,0.0902,0.0902,13042.49
2026-07-30 05:45:00,0.0902,0.0903,0.0901,0.0902,30334.16
2026-07-30 05:50:00,0.0902,0.0902,0.09,0.0901,13699.6
2026-07-30 05:55:00,0.0901,0.0902,0.0901,0.0902,32529.64
2026-07-30 06:00:00,0.0902,0.0902,0.0901,0.0902,75407.4
2026-07-30 06:05:00,0.0902,0.0903,0.0901,0.0902,79704.8
2026-07-30 06:10:00,0.0901,0.0902,0.09,0.0902,9358.31
2026-07-30 06:15:00,0.0901,0.0901,0.09,0.0901,3808.91
2026-07-30 06:20:00,0.0901,0.0901,0.09,0.0901,13961.52
2026-07-30 06:25:00,0.0902,0.0902,0.0901,0.0902,8838.85
2026-07-30 06:30:00,0.0902,0.0905,0.0901,0.0903,32243.83
2026-07-30 06:35:00,0.0902,0.0902,0.0901,0.0901,19353.95
2026-07-30 06:40:00,0.0901,0.0902,0.09,0.0902,24449.02
2026-07-30 06:45:00,0.0903,0.0903,0.0901,0.0901,30072.96
2026-07-30 06:50:00,0.0901,0.0901,0.09,0.0901,49221.61
2026-07-30 06:55:00,0.0901,0.0902,0.0901,0.0901,5137.67
2026-07-30 07:00:00,0.0902,0.0906,0.0902,0.0904,56325.82
2026-07-30 07:05:00,0.0904,0.0904,0.0903,0.0903,3060.99
2026-07-30 07:10:00,0.0903,0.0904,0.0903,0.0904,70742.11
2026-07-30 07:15:00,0.0903,0.0904,0.0902,0.0904,20587.2
2026-07-30 07:20:00,0.0904,0.0905,0.0904,0.0904,29075.04
2026-07-30 07:25:00,0.0905,0.0905,0.0903,0.0904,40157.4
2026-07-30 07:30:00,0.0903,0.0903,0.0901,0.0901,13819.74
2026-07-30 07:35:00,0.09,0.0903,0.09,0.0903,55496.22
2026-07-30 07:40:00,0.0903,0.0904,0.0903,0.0903,59145.79
2026-07-30 07:45:00,0.0902,0.0903,0.0902,0.0902,19362.46
2026-07-30 07:50:00,0.0902,0.0902,0.0896,0.0898,219732.09
2026-07-30 07:55:00,0.0898,0.0898,0.0897,0.0898,29787.27
2026-07-30 08:00:00,0.0897,0.0898,0.0896,0.0896,63791.97
2026-07-30 08:05:00,0.0896,0.0898,0.0878,0.0885,1907047.3
2026-07-30 08:10:00,0.0886,0.0886,0.0885,0.0885,74644.47
2026-07-30 08:15:00,0.0884,0.0885,0.0884,0.0885,153668.04
2026-07-30 08:20:00,0.0885,0.0885,0.0884,0.0885,219654.56
2026-07-30 08:25:00,0.0886,0.0888,0.0886,0.0887,49191.12
2026-07-30 08:30:00,0.0888,0.0888,0.0886,0.0887,145121.13
2026-07-30 08:35:00,0.0886,0.0886,0.0885,0.0885,57336.71
2026-07-30 08:40:00,0.0884,0.0886,0.0884,0.0886,191543.36
2026-07-30 08:45:00,0.0885,0.0886,0.0885,0.0885,14130.21
2026-07-30 08:50:00,0.0886,0.0886,0.0885,0.0885,5266.13
2026-07-30 08:55:00,0.0885,0.0885,0.0885,0.0885,175.38
2026-07-30 09:00:00,0.0885,0.0885,0.0884,0.0884,27980.94
2026-07-30 09:05:00,0.0884,0.0885,0.0884,0.0885,122099.3
2026-07-30 09:10:00,0.0884,0.0884,0.0872,0.0877,1610845.71
2026-07-30 09:15:00,0.0877,0.0878,0.0876,0.0877,210839.62
2026-07-30 09:20:00,0.0877,0.0878,0.0875,0.0877,142448.55
2026-07-30 09:25:00,0.0877,0.0877,0.0875,0.0876,132611.22
2026-07-30 09:30:00,0.0876,0.0878,0.0876,0.0877,70547.46
2026-07-30 09:35:00,0.0877,0.0877,0.0874,0.0874,95212.9
2026-07-30 09:40:00,0.0875,0.0875,0.0874,0.0874,127210.21
2026-07-30 09:45:00,0.0874,0.0874,0.0873,0.0874,47300.89
2026-07-30 09:50:00,0.0875,0.0875,0.0875,0.0875,2540.0
2026-07-30 09:55:00,0.0876,0.0876,0.0874,0.0874,37780.61
2026-07-30 10:00:00,0.0875,0.0879,0.0875,0.0876,527819.22
2026-07-30 10:05:00,0.0877,0.0877,0.0877,0.0877,14355.65
2026-07-30 10:10:00,0.0878,0.0878,0.0876,0.0876,87495.59
2026-07-30 10:15:00,0.0877,0.0878,0.0876,0.0876,71791.42
2026-07-30 10:20:00,0.0876,0.0879,0.0876,0.0879,25731.27
2026-07-30 10:25:00,0.0878,0.0878,0.0878,0.0878,3764.63
2026-07-30 10:30:00,0.0878,0.0878,0.0877,0.0877,26696.31
2026-07-30 10:35:00,0.0877,0.0877,0.0876,0.0877,69286.31
2026-07-30 10:40:00,0.0877,0.0877,0.0876,0.0877,31890.74
2026-07-30 10:45:00,0.0877,0.0877,0.0875,0.0875,45207.81
2026-07-30 10:50:00,0.0874,0.0874,0.0872,0.0872,126279.72
2026-07-30 10:55:00,0.0872,0.0874,0.0872,0.0873,11198.42
2026-07-30 11:00:00,0.0874,0.0875,0.0871,0.0873,116015.58
2026-07-30 11:05:00,0.0873,0.0874,0.0873,0.0874,23129.65
2026-07-30 11:10:00,0.0874,0.0876,0.0874,0.0874,52016.94
2026-07-30 11:15:00,0.0875,0.0875,0.0874,0.0875,20489.62
2026-07-30 11:20:00,0.0874,0.0874,0.0874,0.0874,14560.81
2026-07-30 11:25:00,0.0875,0.0875,0.0873,0.0874,22751.03
2026-07-30 11:30:00,0.0873,0.0874,0.0873,0.0874,56694.06
2026-07-30 11:35:00,0.0874,0.0877,0.0874,0.0877,92973.43
2026-07-30 11:40:00,0.0877,0.0882,0.0877,0.0878,323581.17
2026-07-30 11:45:00,0.0877,0.0877,0.0877,0.0877,10193.02
2026-07-30 11:50:00,0.0878,0.088,0.0878,0.0878,175756.95
2026-07-30 11:55:00,0.0878,0.0879,0.0876,0.0877,99526.45
2026-07-30 12:00:00,0.0877,0.0877,0.0876,0.0877,8963.45
2026-07-30 12:05:00,0.0878,0.0878,0.0876,0.0877,123332.57
2026-07-30 12:10:00,0.0877,0.0881,0.0877,0.088,104118.05
2026-07-30 12:15:00,0.0879,0.0879,0.0878,0.0878,98906.17
2026-07-30 12:20:00,0.0878,0.0879,0.0877,0.0878,20335.61
2026-07-30 12:25:00,0.0879,0.0879,0.0876,0.0877,55869.35
2026-07-30 12:30:00,0.0878,0.0879,0.0876,0.0877,118961.04
2026-07-30 12:35:00,0.0877,0.0877,0.0876,0.0877,8702.5
2026-07-30 12:40:00,0.0876,0.0876,0.0875,0.0875,111370.14
2026-07-30 12:45:00,0.0874,0.0876,0.0874,0.0876,46987.6
2026-07-30 12:50:00,0.0876,0.0876,0.0875,0.0876,72274.56
2026-07-30 12:55:00,0.0876,0.0877,0.0875,0.0875,61278.75
2026-07-30 13:00:00,0.0876,0.0876,0.0873,0.0873,48661.22
2026-07-30 13:05:00,0.0874,0.0878,0.0874,0.0875,224370.23
2026-07-30 13:10:00,0.0875,0.0875,0.0874,0.0874,24402.63
2026-07-30 13:15:00,0.0875,0.0875,0.0873,0.0874,69130.98
2026-07-30 13:20:00,0.0873,0.0874,0.0873,0.0874,15852.16
2026-07-30 13:25:00,0.0875,0.0876,0.0874,0.0875,56729.88
2026-07-30 13:30:00,0.0876,0.0877,0.0875,0.0876,153998.89
2026-07-30 13:35:00,0.0875,0.0876,0.0874,0.0875,38691.31
2026-07-30 13:40:00,0.0875,0.0882,0.0875,0.0881,233948.79
2026-07-30 13:45:00,0.0881,0.0884,0.0881,0.0884,48004.22
2026-07-30 13:50:00,0.0883,0.0886,0.0882,0.0885,211901.93
2026-07-30 13:55:00,0.0884,0.0887,0.0883,0.0885,641755.15
2026-07-30 14:00:00,0.0885,0.0887,0.0885,0.0885,128983.91
2026-07-30 14:05:00,0.0885,0.0886,0.0883,0.0885,278879.13
2026-07-30 14:10:00,0.0884,0.0886,0.0884,0.0885,34946.55
2026-07-30 14:15:00,0.0884,0.0884,0.0882,0.0882,40191.04
2026-07-30 14:20:00,0.0882,0.0886,0.0882,0.0886,121314.36
2026-07-30 14:25:00,0.0886,0.0888,0.0885,0.0886,74920.96
2026-07-30 14:30:00,0.0885,0.0887,0.0885,0.0887,86048.55
2026-07-30 14:35:00,0.0886,0.0886,0.0884,0.0884,69957.57
2026-07-30 14:40:00,0.0884,0.0885,0.0884,0.0885,9185.9
2026-07-30 14:45:00,0.0885,0.0885,0.0884,0.0884,45831.18
2026-07-30 14:50:00,0.0885,0.0885,0.0884,0.0884,11150.84
2026-07-30 14:55:00,0.0883,0.0884,0.0881,0.0883,103371.31
2026-07-30 15:00:00,0.0884,0.0884,0.0882,0.0883,64114.18
2026-07-30 15:05:00,0.0884,0.0885,0.0883,0.0885,56062.96
2026-07-30 15:10:00,0.0884,0.0884,0.0882,0.0882,39822.25
2026-07-30 15:15:00,0.0882,0.0884,0.0881,0.0883,36331.55
2026-07-30 15:20:00,0.0884,0.0887,0.0884,0.0886,178959.07
2026-07-30 15:25:00,0.0886,0.0887,0.0884,0.0884,71344.74
2026-07-30 15:30:00,0.0884,0.0885,0.0883,0.0884,2520.66
2026-07-30 15:35:00,0.0885,0.0886,0.0885,0.0885,14815.97
2026-07-30 15:40:00,0.0886,0.0887,0.0885,0.0887,19775.47
2026-07-30 15:45:00,0.0888,0.0888,0.0887,0.0887,119660.11
2026-07-30 15:50:00,0.0887,0.0888,0.0886,0.0887,109480.92
2026-07-30 15:55:00,0.0887,0.0887,0.0886,0.0887,28653.65
2026-07-30 16:00:00,0.0887,0.0889,0.0887,0.0889,133945.52
2026-07-30 16:05:00,0.0889,0.0889,0.0886,0.0886,107843.06
2026-07-30 16:10:00,0.0887,0.089,0.0887,0.0888,217457.79
2026-07-30 16:15:00,0.0889,0.0889,0.0886,0.0888,231713.25
2026-07-30 16:20:00,0.0887,0.0887,0.0885,0.0885,32549.48
2026-07-30 16:25:00,0.0885,0.0885,0.0884,0.0885,38710.26
2026-07-30 16:30:00,0.0885,0.0885,0.0884,0.0884,161582.66
2026-07-30 16:35:00,0.0885,0.0885,0.0883,0.0884,209867.66
2026-07-30 16:40:00,0.0884,0.0884,0.0877,0.088,884850.98
2026-07-30 16:45:00,0.0881,0.0882,0.0881,0.0882,35445.98
2026-07-30 16:50:00,0.0882,0.0883,0.0882,0.0883,29265.98
2026-07-30 16:55:00,0.0884,0.0885,0.0884,0.0884,29628.08
2026-07-30 17:00:00,0.0884,0.0884,0.0883,0.0883,3106.96
2026-07-30 17:05:00,0.0882,0.0882,0.0882,0.0882,62644.18
2026-07-30 17:10:00,0.0883,0.0883,0.0882,0.0882,15597.05
2026-07-30 17:15:00,0.0883,0.0884,0.0883,0.0884,48525.08
2026-07-30 17:20:00,0.0884,0.0886,0.0884,0.0886,49418.99
2026-07-30 17:25:00,0.0887,0.0887,0.0886,0.0886,31628.26
2026-07-30 17:30:00,0.0887,0.0888,0.0884,0.0886,140956.79
2026-07-30 17:35:00,0.0886,0.0887,0.0885,0.0886,51402.47
2026-07-30 17:40:00,0.0886,0.0889,0.0886,0.0889,52707.26
2026-07-30 17:45:00,0.0888,0.089,0.0888,0.0889,25496.32
2026-07-30 17:50:00,0.0888,0.0888,0.0887,0.0887,21427.43
2026-07-30 17:55:00,0.0887,0.0887,0.0886,0.0886,2158.53
2026-07-30 18:00:00,0.0886,0.0888,0.0886,0.0888,16813.71
2026-07-30 18:05:00,0.0888,0.0889,0.0887,0.0887,25165.04
2026-07-30 18:10:00,0.0887,0.0887,0.0886,0.0886,34475.6
2026-07-30 18:15:00,0.0886,0.0887,0.0885,0.0887,71455.24
2026-07-30 18:20:00,0.0887,0.0888,0.0887,0.0888,12693.83
2026-07-30 18:25:00,0.0887,0.0887,0.0887,0.0887,4071.56
2026-07-30 18:30:00,0.0887,0.0887,0.0887,0.0887,30895.15
2026-07-30 18:35:00,0.0887,0.0887,0.0886,0.0886,30802.96
2026-07-30 18:40:00,0.0885,0.0886,0.0885,0.0886,56160.35
2026-07-30 18:45:00,0.0887,0.0887,0.0886,0.0886,2793.42
2026-07-30 18:50:00,0.0887,0.0887,0.0886,0.0886,33034.08
2026-07-30 18:55:00,0.0886,0.0886,0.0886,0.0886,654.38
2026-07-30 19:00:00,0.0885,0.0887,0.0885,0.0887,5521.97
2026-07-30 19:05:00,0.0887,0.0888,0.0887,0.0888,54569.43
2026-07-30 19:10:00,0.0889,0.089,0.0889,0.0889,88357.77
2026-07-30 19:15:00,0.0889,0.0889,0.0889,0.0889,6889.47
2026-07-30 19:20:00,0.0889,0.089,0.0888,0.0888,312914.22
2026-07-30 19:25:00,0.0888,0.0892,0.0888,0.0891,89088.96
2026-07-30 19:30:00,0.0892,0.0892,0.0889,0.0889,433993.64
2026-07-30 19:35:00,0.0889,0.0891,0.0889,0.0891,104752.84
2026-07-30 19:40:00,0.089,0.0891,0.0889,0.0889,30816.12
2026-07-30 19:45:00,0.0889,0.0889,0.0889,0.0889,250.06
2026-07-30 19:50:00,0.0889,0.0891,0.0889,0.0891,38339.38
2026-07-30 19:55:00,0.089,0.0891,0.089,0.0891,28124.2
2026-07-30 20:00:00,0.0891,0.0895,0.0891,0.0893,423489.17
2026-07-30 20:05:00,0.0894,0.0894,0.0892,0.0892,18445.52
2026-07-30 20:10:00,0.0892,0.0893,0.0891,0.0892,34147.42
2026-07-30 20:15:00,0.0892,0.0892,0.0891,0.0892,24120.01
2026-07-30 20:20:00,0.0892,0.0893,0.0892,0.0893,9742.92
2026-07-30 20:25:00,0.0893,0.0893,0.0892,0.0892,6482.38
2026-07-30 20:30:00,0.0892,0.0892,0.0891,0.0892,46035.14
2026-07-30 20:35:00,0.0891,0.0891,0.0891,0.0891,3996.52
2026-07-30 20:40:00,0.0892,0.0892,0.0892,0.0892,5409.88
2026-07-30 20:45:00,0.0893,0.0894,0.0893,0.0894,28964.73
2026-07-30 20:50:00,0.0893,0.0893,0.0892,0.0892,14500.79
2026-07-30 20:55:00,0.0891,0.0891,0.089,0.089,11488.0
2026-07-30 21:00:00,0.089,0.089,0.089,0.089,5993.85
2026-07-30 21:05:00,0.089,0.0891,0.089,0.0891,15936.66
2026-07-30 21:10:00,0.0891,0.0893,0.089,0.0891,305979.09
2026-07-30 21:15:00,0.0892,0.0894,0.0892,0.0892,75149.06
2026-07-30 21:20:00,0.0891,0.0892,0.089,0.0891,31004.73
2026-07-30 21:25:00,0.0892,0.0892,0.0891,0.0891,270.64
2026-07-30 21:30:00,0.0891,0.0891,0.0891,0.0891,3853.57
2026-07-30 21:35:00,0.0891,0.0891,0.089,0.0891,4578.31
2026-07-30 21:40:00,0.089,0.0891,0.0888,0.0889,142033.17
2026-07-30 21:45:00,0.0888,0.0888,0.0888,0.0888,5687.86
2026-07-30 21:50:00,0.0888,0.0888,0.0888,0.0888,0.0
2026-07-30 21:55:00,0.0888,0.0888,0.0886,0.0888,18639.54
2026-07-30 22:00:00,0.0887,0.0888,0.0886,0.0888,19562.14
2026-07-30 22:05:00,0.0888,0.0889,0.0888,0.0889,2623.36
2026-07-30 22:10:00,0.0889,0.0889,0.0887,0.0888,10271.44
2026-07-30 22:15:00,0.0888,0.0888,0.0887,0.0887,2992.16
2026-07-30 22:20:00,0.0886,0.0887,0.0886,0.0887,99085.68
2026-07-30 22:25:00,0.0888,0.0889,0.0888,0.0889,34829.6
2026-07-30 22:30:00,0.0889,0.0889,0.0887,0.0888,80198.43
2026-07-30 22:35:00,0.0888,0.0888,0.0888,0.0888,0.0
2026-07-30 22:40:00,0.0887,0.0887,0.0887,0.0887,51677.63
2026-07-30 22:45:00,0.0888,0.0888,0.0888,0.0888,24956.81
2026-07-30 22:50:00,0.0887,0.0887,0.0887,0.0887,43168.34
2026-07-30 22:55:00,0.0887,0.0887,0.0887,0.0887,4067.65
2026-07-30 23:00:00,0.0886,0.0886,0.0885,0.0886,12927.15
2026-07-30 23:05:00,0.0887,0.0887,0.0885,0.0885,76110.59
2026-07-30 23:10:00,0.0885,0.0886,0.0885,0.0885,47490.14
2026-07-30 23:15:00,0.0885,0.0885,0.0885,0.0885,12826.1
2026-07-30 23:20:00,0.0885,0.0885,0.0885,0.0885,112.99
2026-07-30 23:25:00,0.0885,0.0885,0.0884,0.0884,25114.86
2026-07-30 23:30:00,0.0885,0.0886,0.0885,0.0886,20108.46
2026-07-30 23:35:00,0.0886,0.0887,0.0886,0.0887,49037.06
2026-07-30 23:40:00,0.0886,0.0886,0.0881,0.0882,148800.29
2026-07-30 23:45:00,0.0881,0.0882,0.0881,0.0882,37728.67
2026-07-30 23:50:00,0.0882,0.0882,0.088,0.088,108421.44
2026-07-30 23:55:00,0.088,0.0881,0.088,0.088,13104.95
2026-07-31 00:00:00,0.088,0.0881,0.088,0.088,54133.22
2026-07-31 00:05:00,0.088,0.0881,0.0878,0.0878,92506.78
2026-07-31 00:10:00,0.0878,0.0878,0.0878,0.0878,23608.36
2026-07-31 00:15:00,0.0878,0.0878,0.0877,0.0877,46390.36
2026-07-31 00:20:00,0.0877,0.0878,0.0877,0.0878,46963.45
2026-07-31 00:25:00,0.0878,0.0879,0.0878,0.0879,57676.67
2026-07-31 00:30:00,0.088,0.0881,0.0879,0.088,22316.6
2026-07-31 00:35:00,0.0879,0.0881,0.0879,0.0881,14891.56
2026-07-31 00:40:00,0.0881,0.0881,0.0881,0.0881,6328.95
2026-07-31 00:45:00,0.0882,0.0883,0.0881,0.0883,57655.46
2026-07-31 00:50:00,0.0882,0.0883,0.0881,0.0881,6792.98
2026-07-31 00:55:00,0.0881,0.0882,0.0881,0.0882,1562.57
2026-07-31 01:00:00,0.0883,0.0886,0.0883,0.0885,49506.33
2026-07-31 01:05:00,0.0885,0.089,0.0885,0.0889,143530.83
2026-07-31 01:10:00,0.0889,0.0889,0.0888,0.0889,25102.5
2026-07-31 01:15:00,0.0888,0.0888,0.0887,0.0887,23543.56
2026-07-31 01:20:00,0.0887,0.0888,0.0887,0.0888,16227.4
2026-07-31 01:25:00,0.0888,0.0889,0.0888,0.0889,14127.62
2026-07-31 01:30:00,0.0889,0.0889,0.0887,0.0887,32860.03
2026-07-31 01:35:00,0.0886,0.0886,0.0885,0.0886,111966.86
2026-07-31 01:40:00,0.0886,0.0886,0.0885,0.0885,34196.94
2026-07-31 01:45:00,0.0885,0.0885,0.088,0.0881,36153.03
2026-07-31 01:50:00,0.088,0.0882,0.088,0.0881,56976.51
2026-07-31 01:55:00,0.088,0.0881,0.0879,0.088,40137.2
2026-07-31 02:00:00,0.088,0.088,0.0878,0.0878,69886.01
2026-07-31 02:05:00,0.0879,0.088,0.0879,0.088,3234.96
2026-07-31 02:10:00,0.088,0.088,0.0878,0.0878,20190.06
2026-07-31 02:15:00,0.0878,0.0878,0.0877,0.0878,37958.93
2026-07-31 02:20:00,0.0878,0.0878,0.0877,0.0877,17960.8
2026-07-31 02:25:00,0.0877,0.0878,0.0877,0.0877,19784.53
2026-07-31 02:30:00,0.0876,0.0878,0.0875,0.0877,148857.24
2026-07-31 02:35:00,0.0877,0.0877,0.0876,0.0876,27465.33
2026-07-31 02:40:00,0.0875,0.0877,0.0875,0.0876,495365.26
2026-07-31 02:45:00,0.0876,0.0877,0.0876,0.0876,32366.58
2026-07-31 02:50:00,0.0876,0.0877,0.0875,0.0877,32559.95
2026-07-31 02:55:00,0.0876,0.0876,0.0875,0.0876,25480.14
2026-07-31 03:00:00,0.0876,0.0876,0.0875,0.0875,12856.64
2026-07-31 03:05:00,0.0876,0.0876,0.0875,0.0875,17507.79
2026-07-31 03:10:00,0.0875,0.0875,0.0874,0.0875,7389.05
2026-07-31 03:15:00,0.0875,0.0878,0.0875,0.0878,52350.74
2026-07-31 03:20:00,0.0879,0.0879,0.0879,0.0879,63847.92
2026-07-31 03:25:00,0.088,0.088,0.0879,0.0879,13160.55
2026-07-31 03:30:00,0.0879,0.088,0.0879,0.0879,150229.87
2026-07-31 03:35:00,0.088,0.0881,0.088,0.088,82472.05
2026-07-31 03:40:00,0.088,0.0881,0.088,0.088,24153.95
2026-07-31 03:45:00,0.0881,0.0881,0.0878,0.0879,162554.73
2026-07-31 03:50:00,0.0879,0.088,0.0879,0.088,5174.72
2026-07-31 03:55:00,0.088,0.088,0.0879,0.0879,24610.37
2026-07-31 04:00:00,0.0878,0.0878,0.0878,0.0878,29892.33
2026-07-31 04:05:00,0.0877,0.0877,0.0877,0.0877,29718.67
2026-07-31 04:10:00,0.0876,0.0876,0.0874,0.0875,161672.89
2026-07-31 04:15:00,0.0874,0.0874,0.0874,0.0874,30347.45
2026-07-31 04:20:00,0.0874,0.0874,0.0872,0.0872,27745.04
2026-07-31 04:25:00,0.0873,0.0873,0.0873,0.0873,35829.91
2026-07-31 04:30:00,0.0873,0.0873,0.0871,0.0872,162532.35
2026-07-31 04:35:00,0.0873,0.0873,0.087,0.087,289642.59
2026-07-31 04:40:00,0.0871,0.0871,0.0871,0.0871,16098.87
2026-07-31 04:45:00,0.0872,0.0872,0.087,0.0871,38710.68
2026-07-31 04:50:00,0.087,0.0871,0.087,0.0871,16036.97
2026-07-31 04:55:00,0.0871,0.0871,0.0871,0.0871,22297.78
2026-07-31 05:00:00,0.0871,0.0873,0.0871,0.0873,48521.08
2026-07-31 05:05:00,0.0873,0.0874,0.0872,0.0873,328493.81
2026-07-31 05:10:00,0.0874,0.0874,0.0873,0.0873,6527.73
2026-07-31 05:15:00,0.0873,0.0873,0.0872,0.0873,26065.94
2026-07-31 05:20:00,0.0873,0.0874,0.0873,0.0873,81076.6
2026-07-31 05:25:00,0.0873,0.0874,0.0871,0.0873,159407.33
2026-07-31 05:30:00,0.0873,0.0874,0.0872,0.0873,32268.45
2026-07-31 05:35:00,0.0873,0.0873,0.0873,0.0873,11446.19
2026-07-31 05:40:00,0.0873,0.0873,0.0872,0.0872,16625.75
2026-07-31 05:45:00,0.0872,0.0873,0.0872,0.0872,8067.97
2026-07-31 05:50:00,0.0873,0.0873,0.0873,0.0873,2506.54
2026-07-31 05:55:00,0.0873,0.0874,0.0873,0.0874,4640.44
2026-07-31 06:00:00,0.0873,0.0873,0.0872,0.0872,44021.49
2026-07-31 06:05:00,0.0873,0.0874,0.0872,0.0874,25195.59
2026-07-31 06:10:00,0.0874,0.0881,0.0873,0.0876,1177924.75
2026-07-31 06:15:00,0.0875,0.0876,0.0873,0.0874,95170.31
2026-07-31 06:20:00,0.0874,0.0875,0.0874,0.0875,20633.17
2026-07-31 06:25:00,0.0875,0.0876,0.0875,0.0876,1694.39
2026-07-31 06:30:00,0.0876,0.0877,0.0875,0.0876,102419.48
2026-07-31 06:35:00,0.0875,0.0875,0.0874,0.0874,80739.78
2026-07-31 06:40:00,0.0874,0.0874,0.0872,0.0873,28150.58
2026-07-31 06:45:00,0.0873,0.0873,0.0872,0.0873,12646.84
2026-07-31 06:50:00,0.0874,0.0876,0.0874,0.0876,16194.71
2026-07-31 06:55:00,0.0875,0.0875,0.0874,0.0875,30650.51
2026-07-31 07:00:00,0.0874,0.0874,0.0872,0.0872,72079.13
2026-07-31 07:05:00,0.0872,0.0872,0.087,0.0871,20854.95
2026-07-31 07:10:00,0.0871,0.0872,0.087,0.0871,41062.73
2026-07-31 07:15:00,0.0871,0.0872,0.0869,0.0872,179567.02
2026-07-31 07:20:00,0.0872,0.0872,0.0869,0.0871,131233.26
2026-07-31 07:25:00,0.0871,0.0873,0.0871,0.0872,100457.81
2026-07-31 07:30:00,0.0872,0.0876,0.0871,0.0875,32153.63
2026-07-31 07:35:00,0.0875,0.0876,0.0874,0.0876,40203.68
2026-07-31 07:40:00,0.0877,0.0877,0.0876,0.0877,36935.53
2026-07-31 07:45:00,0.0878,0.088,0.0877,0.088,191718.17
2026-07-31 07:50:00,0.088,0.0883,0.088,0.0882,58944.35
2026-07-31 07:55:00,0.0881,0.0882,0.0881,0.0882,16474.19
2026-07-31 08:00:00,0.0882,0.0883,0.0881,0.0883,24064.72
2026-07-31 08:05:00,0.0883,0.0883,0.0882,0.0882,98659.2
2026-07-31 08:10:00,0.0882,0.0883,0.0881,0.0882,91071.54
2026-07-31 08:15:00,0.0882,0.0882,0.088,0.088,160621.37
2026-07-31 08:20:00,0.088,0.088,0.0879,0.0879,53738.96
2026-07-31 08:25:00,0.0878,0.0879,0.0878,0.0879,64896.03
2026-07-31 08:30:00,0.0879,0.088,0.0879,0.088,23168.01
2026-07-31 08:35:00,0.088,0.088,0.0878,0.0878,78430.92
2026-07-31 08:40:00,0.0878,0.0878,0.0877,0.0877,54138.2
2026-07-31 08:45:00,0.0877,0.0879,0.0877,0.0879,18410.04
2026-07-31 08:50:00,0.088,0.088,0.0878,0.0879,35937.27
2026-07-31 08:55:00,0.0878,0.0879,0.0878,0.0879,5339.32
2026-07-31 09:00:00,0.088,0.088,0.0879,0.0879,4204.08
2026-07-31 09:05:00,0.0879,0.088,0.0878,0.0879,156549.76
2026-07-31 09:10:00,0.0879,0.0881,0.0879,0.0879,141805.54
2026-07-31 09:15:00,0.0879,0.0879,0.0876,0.0876,50110.52
2026-07-31 09:20:00,0.0876,0.0876,0.0874,0.0875,148871.47
2026-07-31 09:25:00,0.0876,0.0877,0.0876,0.0877,13081.65
2026-07-31 09:30:00,0.0877,0.0877,0.0876,0.0876,11885.15
2026-07-31 09:35:00,0.0877,0.0879,0.0877,0.0878,105100.87
2026-07-31 09:40:00,0.0878,0.0879,0.0877,0.0877,112985.55
2026-07-31 09:45:00,0.0876,0.0877,0.0876,0.0876,24318.02
2026-07-31 09:50:00,0.0876,0.0876,0.0865,0.0867,1292958.05
2026-07-31 09:55:00,0.0867,0.0867,0.0857,0.0863,1958872.16
2026-07-31 10:00:00,0.0863,0.0863,0.0856,0.0856,1045417.84
2026-07-31 10:05:00,0.0856,0.0858,0.0854,0.0858,164260.34
2026-07-31 10:10:00,0.0858,0.0859,0.0858,0.0859,162450.04
2026-07-31 10:15:00,0.0858,0.0859,0.0856,0.0859,76522.52
2026-07-31 10:20:00,0.086,0.086,0.086,0.086,48794.29
2026-07-31 10:25:00,0.0859,0.0859,0.0859,0.0859,41435.19
2026-07-31 10:30:00,0.0859,0.0859,0.0857,0.0858,68891.64
2026-07-31 10:35:00,0.0858,0.0859,0.0858,0.0858,66385.86
2026-07-31 10:40:00,0.0859,0.086,0.0859,0.0859,171758.22
2026-07-31 10:45:00,0.086,0.086,0.0857,0.0857,38287.97
2026-07-31 10:50:00,0.0856,0.0858,0.0856,0.0858,43209.72
2026-07-31 10:55:00,0.0858,0.0858,0.0855,0.0856,213158.02
2026-07-31 11:00:00,0.0856,0.0857,0.0855,0.0857,17252.54
2026-07-31 11:05:00,0.0857,0.0858,0.0854,0.0855,66550.41
2026-07-31 11:10:00,0.0855,0.0855,0.0852,0.0854,292752.94
2026-07-31 11:15:00,0.0854,0.0854,0.0852,0.0853,73787.55
2026-07-31 11:20:00,0.0854,0.0857,0.0853,0.0856,617055.05
2026-07-31 11:25:00,0.0856,0.0856,0.0855,0.0856,80266.6
2026-07-31 11:30:00,0.0855,0.0856,0.0854,0.0856,112653.16
2026-07-31 11:35:00,0.0855,0.0856,0.0853,0.0854,183188.41
2026-07-31 11:40:00,0.0854,0.0854,0.0849,0.0852,439957.48
2026-07-31 11:45:00,0.0852,0.0853,0.0851,0.0852,108942.94
2026-07-31 11:50:00,0.0851,0.0852,0.0851,0.0852,29524.15
2026-07-31 11:55:00,0.0852,0.0852,0.0852,0.0852,1824.55
2026-07-31 12:00:00,0.0851,0.0851,0.0847,0.0849,314285.48
2026-07-31 12:05:00,0.085,0.085,0.0848,0.0848,121886.52
2026-07-31 12:10:00,0.0848,0.0848,0.0845,0.0848,151984.0
2026-07-31 12:15:00,0.0847,0.085,0.0847,0.085,164040.82
2026-07-31 12:20:00,0.085,0.0852,0.0849,0.0851,125073.57
2026-07-31 12:25:00,0.0851,0.0854,0.0851,0.0853,20069.56
2026-07-31 12:30:00,0.0852,0.0852,0.085,0.085,219493.08
2026-07-31 12:35:00,0.085,0.0852,0.0849,0.0852,70870.28
2026-07-31 12:40:00,0.0852,0.0854,0.0852,0.0854,91608.6
2026-07-31 12:45:00,0.0853,0.0854,0.0853,0.0854,87361.24
2026-07-31 12:50:00,0.0854,0.0855,0.0853,0.0854,120970.84
2026-07-31 12:55:00,0.0855,0.0855,0.0854,0.0854,48347.96
2026-07-31 13:00:00,0.0855,0.0857,0.0855,0.0857,46451.39
2026-07-31 13:05:00,0.0857,0.0858,0.0857,0.0857,53538.99
2026-07-31 13:10:00,0.0857,0.0858,0.0857,0.0857,77969.26
2026-07-31 13:15:00,0.0858,0.086,0.0858,0.086,125323.04
2026-07-31 13:20:00,0.086,0.086,0.0859,0.086,59488.57
2026-07-31 13:25:00,0.0859,0.0859,0.0859,0.0859,3234.33
2026-07-31 13:30:00,0.086,0.0861,0.0857,0.086,230048.5
2026-07-31 13:35:00,0.086,0.086,0.0857,0.0857,57570.63
2026-07-31 13:40:00,0.0858,0.0858,0.0855,0.0855,68301.03
2026-07-31 13:45:00,0.0854,0.0855,0.0852,0.0854,113268.4
2026-07-31 13:50:00,0.0854,0.0854,0.0851,0.0852,205170.88
2026-07-31 13:55:00,0.0853,0.0854,0.0852,0.0852,188592.36
2026-07-31 14:00:00,0.0852,0.0853,0.0847,0.0848,147681.67
2026-07-31 14:05:00,0.0847,0.0849,0.0842,0.0847,840708.73
2026-07-31 14:10:00,0.0848,0.0851,0.0843,0.0851,461637.68
2026-07-31 14:15:00,0.0851,0.0856,0.0851,0.0855,476156.48
2026-07-31 14:20:00,0.0855,0.0856,0.0854,0.0854,118770.66
2026-07-31 14:25:00,0.0855,0.0855,0.0852,0.0852,94026.86
2026-07-31 14:30:00,0.0853,0.0854,0.0852,0.0854,44947.14
2026-07-31 14:35:00,0.0854,0.0854,0.085,0.0851,84903.05
2026-07-31 14:40:00,0.0851,0.0852,0.085,0.085,141990.07
2026-07-31 14:45:00,0.085,0.0854,0.085,0.0854,132872.53
2026-07-31 14:50:00,0.0854,0.0854,0.0848,0.0849,79816.69
2026-07-31 14:55:00,0.0849,0.0852,0.0847,0.0852,156682.44
2026-07-31 15:00:00,0.0851,0.0856,0.0851,0.0856,562283.27
2026-07-31 15:05:00,0.0856,0.0856,0.0854,0.0854,185600.13
2026-07-31 15:10:00,0.0855,0.0855,0.0853,0.0854,31917.71
2026-07-31 15:15:00,0.0854,0.0855,0.0852,0.0852,224532.66
2026-07-31 15:20:00,0.0852,0.0855,0.0852,0.0855,176460.78
2026-07-31 15:25:00,0.0854,0.0855,0.0851,0.0853,96316.87
2026-07-31 15:30:00,0.0854,0.0856,0.0853,0.0856,175537.93
2026-07-31 15:35:00,0.0856,0.0857,0.0856,0.0856,19368.9
2026-07-31 15:40:00,0.0856,0.0856,0.0852,0.0853,107844.56
2026-07-31 15:45:00,0.0853,0.0853,0.085,0.0852,60783.85
2026-07-31 15:50:00,0.0851,0.0852,0.0851,0.0851,136184.1
2026-07-31 15:55:00,0.0852,0.0852,0.0851,0.0852,53950.64
2026-07-31 16:00:00,0.0852,0.0853,0.0852,0.0852,194444.86
2026-07-31 16:05:00,0.0853,0.0855,0.0852,0.0855,75833.56
2026-07-31 16:10:00,0.0856,0.0857,0.0855,0.0856,71487.73
2026-07-31 16:15:00,0.0856,0.0856,0.0853,0.0856,185250.93
2026-07-31 16:20:00,0.0856,0.0859,0.0856,0.0858,76804.23
2026-07-31 16:25:00,0.0857,0.0858,0.0857,0.0858,50357.09
2026-07-31 16:30:00,0.0858,0.086,0.0858,0.0858,53990.54
2026-07-31 16:35:00,0.0858,0.0858,0.0856,0.0856,51325.88
2026-07-31 16:40:00,0.0857,0.0858,0.0855,0.0856,7738.81
2026-07-31 16:45:00,0.0857,0.0858,0.0857,0.0858,9092.02
2026-07-31 16:50:00,0.0858,0.086,0.0858,0.086,15590.44
2026-07-31 16:55:00,0.086,0.0861,0.0859,0.0859,28632.47
2026-07-31 17:00:00,0.0859,0.0862,0.0859,0.0861,261436.99
2026-07-31 17:05:00,0.0861,0.0862,0.0861,0.0862,21226.17
2026-07-31 17:10:00,0.0862,0.0863,0.0862,0.0863,16489.03
2026-07-31 17:15:00,0.0863,0.0865,0.0862,0.0865,107355.93
2026-07-31 17:20:00,0.0864,0.0864,0.0862,0.0864,34947.91
2026-07-31 17:25:00,0.0864,0.0865,0.0864,0.0865,12543.6
2026-07-31 17:30:00,0.0865,0.0866,0.0865,0.0866,53139.94
2026-07-31 17:35:00,0.0866,0.0868,0.0865,0.0866,44919.65
2026-07-31 17:40:00,0.0866,0.0867,0.0865,0.0866,29971.09
2026-07-31 17:45:00,0.0867,0.0868,0.0866,0.0867,23397.39
2026-07-31 17:50:00,0.0868,0.0871,0.0867,0.087,211354.55
2026-07-31 17:55:00,0.0871,0.0871,0.0868,0.0869,95609.28
2026-07-31 18:00:00,0.087,0.0871,0.087,0.0871,29353.21
2026-07-31 18:05:00,0.087,0.087,0.0869,0.0869,53521.31
2026-07-31 18:10:00,0.0869,0.087,0.0867,0.0867,62800.2
2026-07-31 18:15:00,0.0867,0.0868,0.0867,0.0868,62410.57
2026-07-31 18:20:00,0.0868,0.0871,0.0867,0.087,141452.9
2026-07-31 18:25:00,0.087,0.087,0.0867,0.0867,104103.42
2026-07-31 18:30:00,0.0867,0.0868,0.0867,0.0868,52991.52
2026-07-31 18:35:00,0.0867,0.0868,0.0864,0.0864,105474.57
2026-07-31 18:40:00,0.0863,0.0864,0.0863,0.0863,59660.28
2026-07-31 18:45:00,0.0864,0.0864,0.0863,0.0863,7133.22
2026-07-31 18:50:00,0.0863,0.0867,0.0863,0.0867,159203.28
2026-07-31 18:55:00,0.0866,0.0867,0.0865,0.0865,91305.17
2026-07-31 19:00:00,0.0866,0.0868,0.0864,0.0864,23977.22
2026-07-31 19:05:00,0.0864,0.0864,0.0862,0.0863,65510.55
2026-07-31 19:10:00,0.0862,0.0862,0.086,0.0861,31547.74
2026-07-31 19:15:00,0.0861,0.0862,0.086,0.0862,37311.17
2026-07-31 19:20:00,0.0861,0.0862,0.0861,0.0861,47776.33
2026-07-31 19:25:00,0.0861,0.0861,0.0861,0.0861,32592.57
2026-07-31 19:30:00,0.0861,0.0861,0.086,0.0861,25394.1
2026-07-31 19:35:00,0.086,0.086,0.086,0.086,16600.09
2026-07-31 19:40:00,0.0859,0.086,0.0858,0.086,30661.51
2026-07-31 19:45:00,0.086,0.0862,0.086,0.0862,31581.56
2026-07-31 19:50:00,0.0862,0.0862,0.0859,0.086,62576.66
2026-07-31 19:55:00,0.086,0.0861,0.0859,0.0859,28372.89
2026-07-31 20:00:00,0.0859,0.086,0.0858,0.0858,49501.48
2026-07-31 20:05:00,0.0858,0.086,0.0857,0.0858,106963.79
2026-07-31 20:10:00,0.0859,0.0859,0.0858,0.0859,4687.03
2026-07-31 20:15:00,0.086,0.0861,0.0859,0.0861,51271.59
2026-07-31 20:20:00,0.0861,0.0862,0.0861,0.0861,38431.13
2026-07-31 20:25:00,0.086,0.0861,0.086,0.086,48380.61
2026-07-31 20:30:00,0.0861,0.0861,0.086,0.086,10244.2
2026-07-31 20:35:00,0.086,0.086,0.0859,0.0859,45438.82
2026-07-31 20:40:00,0.0859,0.0859,0.0859,0.0859,36285.82
2026-07-31 20:45:00,0.0859,0.0859,0.0858,0.0858,5590.35
2026-07-31 20:50:00,0.0859,0.0859,0.0857,0.0857,252073.11
2026-07-31 20:55:00,0.0858,0.0858,0.0857,0.0857,41873.42
2026-07-31 21:00:00,0.0857,0.0857,0.0855,0.0857,37254.33
2026-07-31 21:05:00,0.0858,0.0858,0.0858,0.0858,38619.25
2026-07-31 21:10:00,0.0858,0.0859,0.0857,0.0859,60678.58
2026-07-31 21:15:00,0.0859,0.0859,0.0858,0.0858,4736.62
2026-07-31 21:20:00,0.0858,0.0858,0.0858,0.0858,111.09
2026-07-31 21:25:00,0.0858,0.0858,0.0857,0.0858,15963.71
2026-07-31 21:30:00,0.0858,0.0858,0.0856,0.0856,9863.6
2026-07-31 21:35:00,0.0856,0.0856,0.0855,0.0856,34057.6
2026-07-31 21:40:00,0.0856,0.0856,0.0855,0.0855,26307.35
2026-07-31 21:45:00,0.0855,0.0856,0.0855,0.0855,2773.88
2026-07-31 21:50:00,0.0855,0.0855,0.0853,0.0853,25076.52
2026-07-31 21:55:00,0.0853,0.0854,0.0853,0.0853,10831.87
2026-07-31 22:00:00,0.0853,0.0854,0.0852,0.0854,58713.04
2026-07-31 22:05:00,0.0854,0.0854,0.0853,0.0854,19869.8
2026-07-31 22:10:00,0.0855,0.0855,0.0855,0.0855,330.32
2026-07-31 22:15:00,0.0855,0.0855,0.0855,0.0855,3097.67
2026-07-31 22:20:00,0.0855,0.0856,0.0855,0.0856,347.84
2026-07-31 22:25:00,0.0856,0.0856,0.0856,0.0856,500.0
2026-07-31 22:30:00,0.0856,0.0856,0.0855,0.0856,51586.97
2026-07-31 22:35:00,0.0855,0.0855,0.0855,0.0855,44006.85
2026-07-31 22:40:00,0.0856,0.0856,0.0856,0.0856,6397.41
2026-07-31 22:45:00,0.0856,0.0856,0.0855,0.0855,23878.63
2026-07-31 22:50:00,0.0855,0.0855,0.0854,0.0854,70642.28
2026-07-31 22:55:00,0.0855,0.0855,0.0854,0.0854,1915.58
2026-07-31 23:00:00,0.0854,0.0854,0.0854,0.0854,24419.53
2026-07-31 23:05:00,0.0854,0.0854,0.0854,0.0854,7442.35
2026-07-31 23:10:00,0.0854,0.0854,0.0854,0.0854,1247.99
2026-07-31 23:15:00,0.0853,0.0853,0.0853,0.0853,9306.77
2026-07-31 23:20:00,0.0854,0.0855,0.0854,0.0855,29859.22
2026-07-31 23:25:00,0.0855,0.0855,0.0855,0.0855,26222.72
2026-07-31 23:30:00,0.0856,0.0856,0.0856,0.0856,7910.33
2026-07-31 23:35:00,0.0856,0.0856,0.0856,0.0856,9986.0
2026-07-31 23:40:00,0.0856,0.0856,0.0853,0.0854,434685.65
2026-07-31 23:45:00,0.0853,0.0853,0.0852,0.0852,26381.07
2026-07-31 23:50:00,0.0851,0.0852,0.085,0.0851,27407.99
2026-07-31 23:55:00,0.0851,0.0852,0.0851,0.0852,1072.73
2026-08-01 00:00:00,0.0853,0.0853,0.0852,0.0853,19098.89
2026-08-01 00:05:00,0.0853,0.0855,0.0853,0.0853,147015.83
2026-08-01 00:10:00,0.0853,0.0853,0.0853,0.0853,47257.83
2026-08-01 00:15:00,0.0853,0.0853,0.0852,0.0852,5693.92
2026-08-01 00:20:00,0.0853,0.0853,0.0852,0.0852,52938.78
2026-08-01 00:25:00,0.0853,0.0853,0.0853,0.0853,15138.35
2026-08-01 00:30:00,0.0853,0.0853,0.0851,0.0853,49066.78
2026-08-01 00:35:00,0.0854,0.0855,0.0854,0.0854,92112.36
2026-08-01 00:40:00,0.0854,0.0855,0.0854,0.0855,26163.05
2026-08-01 00:45:00,0.0856,0.0857,0.0856,0.0856,69803.3
2026-08-01 00:50:00,0.0856,0.0859,0.0855,0.0856,346244.51
2026-08-01 00:55:00,0.0855,0.0855,0.0853,0.0853,36495.3
2026-08-01 01:00:00,0.0854,0.0856,0.0854,0.0856,51772.09
2026-08-01 01:05:00,0.0856,0.0856,0.0855,0.0856,10882.16
2026-08-01 01:10:00,0.0856,0.0856,0.0855,0.0856,11520.51
2026-08-01 01:15:00,0.0857,0.0857,0.0857,0.0857,29813.99
2026-08-01 01:20:00,0.0857,0.0857,0.0855,0.0855,26075.16
2026-08-01 01:25:00,0.0856,0.0856,0.0855,0.0856,45770.41
2026-08-01 01:30:00,0.0857,0.0858,0.0857,0.0857,22968.63
2026-08-01 01:35:00,0.0857,0.0859,0.0857,0.0858,61661.11
2026-08-01 01:40:00,0.0858,0.0858,0.0857,0.0857,16404.18
2026-08-01 01:45:00,0.0857,0.0857,0.0856,0.0857,516.08
2026-08-01 01:50:00,0.0856,0.0859,0.0855,0.0857,154568.88
2026-08-01 01:55:00,0.0857,0.0858,0.0856,0.0856,31077.6
2026-08-01 02:00:00,0.0857,0.0859,0.0856,0.0857,101249.61
2026-08-01 02:05:00,0.0856,0.0857,0.0856,0.0856,12167.49
2026-08-01 02:10:00,0.0856,0.0858,0.0855,0.0857,31964.12
2026-08-01 02:15:00,0.0857,0.0857,0.0857,0.0857,0.0
2026-08-01 02:20:00,0.0857,0.0858,0.0857,0.0858,44804.69
2026-08-01 02:25:00,0.0859,0.0859,0.0859,0.0859,38654.45
2026-08-01 02:30:00,0.0859,0.086,0.0859,0.0859,17134.09
2026-08-01 02:35:00,0.0859,0.086,0.0858,0.0858,60622.99
2026-08-01 02:40:00,0.0857,0.0859,0.0857,0.0859,73531.52
2026-08-01 02:45:00,0.0858,0.0858,0.0858,0.0858,44296.02
2026-08-01 02:50:00,0.0858,0.0859,0.0857,0.0858,619.76
2026-08-01 02:55:00,0.0859,0.0859,0.0858,0.0858,14781.95
2026-08-01 03:00:00,0.0857,0.0857,0.0857,0.0857,24652.88
2026-08-01 03:05:00,0.0856,0.0857,0.0856,0.0857,4252.15
2026-08-01 03:10:00,0.0856,0.0856,0.0856,0.0856,15770.34
2026-08-01 03:15:00,0.0856,0.0856,0.0856,0.0856,9574.38
2026-08-01 03:20:00,0.0857,0.0857,0.0856,0.0856,35116.79
2026-08-01 03:25:00,0.0856,0.0856,0.0855,0.0855,31140.19
2026-08-01 03:30:00,0.0855,0.0856,0.0855,0.0855,14038.1
2026-08-01 03:35:00,0.0855,0.0856,0.0855,0.0855,29763.56
2026-08-01 03:40:00,0.0856,0.0856,0.0855,0.0855,13793.29
2026-08-01 03:45:00,0.0855,0.0855,0.0855,0.0855,5869.62
2026-08-01 03:50:00,0.0855,0.0856,0.0855,0.0856,16571.43
2026-08-01 03:55:00,0.0856,0.0856,0.0856,0.0856,309.93
2026-08-01 04:00:00,0.0857,0.0858,0.0857,0.0857,46845.6
2026-08-01 04:05:00,0.0857,0.0858,0.0857,0.0858,23549.92
2026-08-01 04:10:00,0.0858,0.0858,0.0858,0.0858,0.0
2026-08-01 04:15:00,0.0859,0.0859,0.0858,0.0859,40353.85
2026-08-01 04:20:00,0.0859,0.0859,0.0859,0.0859,452.09
2026-08-01 04:25:00,0.0859,0.0859,0.0859,0.0859,1159.49
2026-08-01 04:30:00,0.0858,0.0859,0.0858,0.0858,3742.31
2026-08-01 04:35:00,0.0857,0.0858,0.0857,0.0858,4323.84
2026-08-01 04:40:00,0.0858,0.0858,0.0858,0.0858,20892.01
2026-08-01 04:45:00,0.0858,0.0858,0.0858,0.0858,0.0
2026-08-01 04:50:00,0.0859,0.0859,0.0858,0.0859,5155.75
2026-08-01 04:55:00,0.0859,0.0862,0.0859,0.0861,60017.32
2026-08-01 05:00:00,0.0861,0.0862,0.086,0.086,9454.59
2026-08-01 05:05:00,0.0861,0.0861,0.0861,0.0861,9560.74
2026-08-01 05:10:00,0.0861,0.0861,0.086,0.086,8710.82
2026-08-01 05:15:00,0.086,0.086,0.0859,0.0859,8207.54
2026-08-01 05:20:00,0.0859,0.0859,0.0858,0.0858,7133.89
2026-08-01 05:25:00,0.0858,0.0858,0.0858,0.0858,1559.65
2026-08-01 05:30:00,0.0858,0.0858,0.0858,0.0858,11920.57
2026-08-01 05:35:00,0.0858,0.0858,0.0856,0.0856,37185.46
2026-08-01 05:40:00,0.0857,0.0857,0.0856,0.0857,22069.45
2026-08-01 05:45:00,0.0856,0.0856,0.0854,0.0854,24998.8
2026-08-01 05:50:00,0.0855,0.0856,0.0854,0.0855,4786.55
2026-08-01 05:55:00,0.0855,0.0857,0.0855,0.0857,16605.03
2026-08-01 06:00:00,0.0856,0.0856,0.0855,0.0855,9209.95
2026-08-01 06:05:00,0.0855,0.0855,0.0854,0.0854,3287.78
2026-08-01 06:10:00,0.0855,0.0855,0.0854,0.0854,21717.47
2026-08-01 06:15:00,0.0855,0.0855,0.0854,0.0855,98211.72
2026-08-01 06:20:00,0.0856,0.0857,0.0856,0.0856,10382.74
2026-08-01 06:25:00,0.0855,0.0856,0.0855,0.0856,29566.79
2026-08-01 06:30:00,0.0856,0.0856,0.0855,0.0855,4497.06
2026-08-01 06:35:00,0.0855,0.0856,0.0855,0.0855,49046.36
2026-08-01 06:40:00,0.0856,0.0856,0.0855,0.0855,2428.23
2026-08-01 06:45:00,0.0856,0.0856,0.0856,0.0856,11310.57
2026-08-01 06:50:00,0.0856,0.0857,0.0856,0.0857,18958.2
2026-08-01 06:55:00,0.0857,0.0857,0.0856,0.0856,11974.75
2026-08-01 07:00:00,0.0856,0.0857,0.0855,0.0857,44480.74
2026-08-01 07:05:00,0.0857,0.0857,0.0857,0.0857,9317.99
2026-08-01 07:10:00,0.0858,0.0859,0.0857,0.0857,44774.32
2026-08-01 07:15:00,0.0856,0.0856,0.0855,0.0856,19210.11
2026-08-01 07:20:00,0.0855,0.0855,0.0855,0.0855,8167.98
2026-08-01 07:25:00,0.0856,0.0856,0.0856,0.0856,206.75
2026-08-01 07:30:00,0.0856,0.0856,0.0855,0.0855,31093.87
2026-08-01 07:35:00,0.0855,0.0855,0.0854,0.0854,8034.67
2026-08-01 07:40:00,0.0855,0.0855,0.0854,0.0854,4592.89
2026-08-01 07:45:00,0.0855,0.0855,0.0855,0.0855,630.22
2026-08-01 07:50:00,0.0855,0.0855,0.0854,0.0855,83895.46
2026-08-01 07:55:00,0.0854,0.0855,0.0854,0.0854,82658.46
2026-08-01 08:00:00,0.0854,0.0855,0.0853,0.0853,9493.96
2026-08-01 08:05:00,0.0853,0.0853,0.0853,0.0853,0.0
2026-08-01 08:10:00,0.0853,0.0854,0.0853,0.0854,36481.86
2026-08-01 08:15:00,0.0854,0.0855,0.0854,0.0854,22531.89
2026-08-01 08:20:00,0.0855,0.0855,0.0854,0.0855,1707.79
2026-08-01 08:25:00,0.0854,0.0855,0.0854,0.0855,47889.97
2026-08-01 08:30:00,0.0855,0.0856,0.0854,0.0854,119814.7
2026-08-01 08:35:00,0.0855,0.0856,0.0854,0.0854,240105.36
2026-08-01 08:40:00,0.0855,0.0855,0.085,0.0851,594744.26
2026-08-01 08:45:00,0.0851,0.0852,0.0851,0.0851,14276.12
2026-08-01 08:50:00,0.085,0.0851,0.085,0.0851,28086.43
2026-08-01 08:55:00,0.0851,0.0852,0.0851,0.0851,21189.94
2026-08-01 09:00:00,0.085,0.0851,0.085,0.085,22444.86
2026-08-01 09:05:00,0.085,0.085,0.0849,0.085,6070.47
2026-08-01 09:10:00,0.0849,0.0851,0.0849,0.0851,9186.92
2026-08-01 09:15:00,0.085,0.085,0.085,0.085,8656.68
2026-08-01 09:20:00,0.085,0.085,0.0849,0.0849,2459.51
2026-08-01 09:25:00,0.0849,0.085,0.0849,0.0849,23953.98
2026-08-01 09:30:00,0.0849,0.085,0.0849,0.085,7585.97
2026-08-01 09:35:00,0.085,0.085,0.0849,0.085,12613.45
2026-08-01 09:40:00,0.085,0.0851,0.085,0.085,55063.04
2026-08-01 09:45:00,0.0851,0.0851,0.0851,0.0851,2117.5
2026-08-01 09:50:00,0.085,0.085,0.0849,0.0849,26084.22
2026-08-01 09:55:00,0.0849,0.085,0.0849,0.0849,48805.64
2026-08-01 10:00:00,0.085,0.085,0.0844,0.0846,208477.82
2026-08-01 10:05:00,0.0847,0.0849,0.0847,0.0849,51348.65
2026-08-01 10:10:00,0.0849,0.085,0.0848,0.0849,18643.13
2026-08-01 10:15:00,0.0849,0.085,0.0849,0.085,26009.18
2026-08-01 10:20:00,0.085,0.085,0.0849,0.0849,2211.43
2026-08-01 10:25:00,0.0849,0.0849,0.0848,0.0848,15620.47
2026-08-01 10:30:00,0.0848,0.0849,0.0848,0.0849,164358.6
2026-08-01 10:35:00,0.0848,0.0849,0.0848,0.0849,2126.82
2026-08-01 10:40:00,0.0849,0.085,0.0849,0.0849,7876.91
2026-08-01 10:45:00,0.085,0.085,0.0848,0.085,99022.06
2026-08-01 10:50:00,0.085,0.0851,0.085,0.0851,25156.19
2026-08-01 10:55:00,0.0851,0.0851,0.0851,0.0851,53737.82
2026-08-01 11:00:00,0.0851,0.0852,0.0851,0.0852,26396.36
2026-08-01 11:05:00,0.0852,0.0853,0.085,0.0851,39261.25
2026-08-01 11:10:00,0.0852,0.0852,0.0852,0.0852,142.15
2026-08-01 11:15:00,0.0852,0.0852,0.0852,0.0852,5685.81
2026-08-01 11:20:00,0.0852,0.0853,0.0852,0.0853,21922.4
2026-08-01 11:25:00,0.0852,0.0852,0.0852,0.0852,6560.0
2026-08-01 11:30:00,0.0851,0.0852,0.0851,0.0852,1193.57
2026-08-01 11:35:00,0.0852,0.0852,0.0851,0.0852,9104.29
2026-08-01 11:40:00,0.0853,0.0853,0.0853,0.0853,3516.99
2026-08-01 11:45:00,0.0852,0.0853,0.0852,0.0853,2187.43
2026-08-01 11:50:00,0.0853,0.0854,0.0852,0.0854,8651.34
2026-08-01 11:55:00,0.0853,0.0853,0.0853,0.0853,314.73
2026-08-01 12:00:00,0.0854,0.0854,0.0852,0.0852,31358.92
2026-08-01 12:05:00,0.0852,0.0853,0.0852,0.0853,1770.44
2026-08-01 12:10:00,0.0853,0.0853,0.0852,0.0852,7591.45
2026-08-01 12:15:00,0.0853,0.0853,0.0852,0.0852,1167.91
2026-08-01 12:20:00,0.0853,0.0853,0.0853,0.0853,2736.53
2026-08-01 12:25:00,0.0853,0.0853,0.0853,0.0853,4361.85
2026-08-01 12:30:00,0.0853,0.0854,0.0853,0.0854,5712.57
2026-08-01 12:35:00,0.0854,0.0855,0.0853,0.0853,32833.08
2026-08-01 12:40:00,0.0853,0.0853,0.0852,0.0853,29299.44
2026-08-01 12:45:00,0.0852,0.0853,0.0852,0.0853,14927.38
2026-08-01 12:50:00,0.0853,0.0853,0.0852,0.0852,1879.08
2026-08-01 12:55:00,0.0852,0.0853,0.0852,0.0852,9069.44
2026-08-01 13:00:00,0.0852,0.0853,0.0852,0.0853,6079.0
2026-08-01 13:05:00,0.0853,0.0854,0.0853,0.0854,12027.91
2026-08-01 13:10:00,0.0854,0.0855,0.0854,0.0855,13677.65
2026-08-01 13:15:00,0.0854,0.0855,0.0853,0.0853,11662.95
2026-08-01 13:20:00,0.0853,0.0853,0.0853,0.0853,0.0
2026-08-01 13:25:00,0.0854,0.0854,0.0854,0.0854,7488.61
2026-08-01 13:30:00,0.0853,0.0853,0.0853,0.0853,37396.47
2026-08-01 13:35:00,0.0854,0.0854,0.0853,0.0854,13410.14
2026-08-01 13:40:00,0.0854,0.0854,0.0853,0.0854,21605.26
2026-08-01 13:45:00,0.0853,0.0853,0.0853,0.0853,17314.99
2026-08-01 13:50:00,0.0853,0.0853,0.0853,0.0853,1284.19
2026-08-01 13:55:00,0.0853,0.0854,0.0853,0.0854,13082.22
2026-08-01 14:00:00,0.0854,0.0854,0.0853,0.0853,3763.86
2026-08-01 14:05:00,0.0854,0.0855,0.0854,0.0854,37821.69
2026-08-01 14:10:00,0.0854,0.0854,0.0853,0.0853,5195.78
2026-08-01 14:15:00,0.0853,0.0854,0.0853,0.0853,42148.55
2026-08-01 14:20:00,0.0853,0.0853,0.0853,0.0853,37740.2
2026-08-01 14:25:00,0.0852,0.0853,0.0852,0.0852,15017.22
2026-08-01 14:30:00,0.0853,0.0853,0.0852,0.0853,11860.35
2026-08-01 14:35:00,0.0853,0.0853,0.0853,0.0853,72399.94
2026-08-01 14:40:00,0.0853,0.0854,0.0853,0.0853,6228.55
2026-08-01 14:45:00,0.0854,0.0854,0.0854,0.0854,14653.89
2026-08-01 14:50:00,0.0855,0.0856,0.0853,0.0853,65442.46
2026-08-01 14:55:00,0.0853,0.0854,0.0852,0.0854,36410.03
2026-08-01 15:00:00,0.0854,0.0854,0.0854,0.0854,18273.8
2026-08-01 15:05:00,0.0854,0.0854,0.0853,0.0853,5425.25
2026-08-01 15:10:00,0.0854,0.0854,0.0854,0.0854,117.16
2026-08-01 15:15:00,0.0853,0.0853,0.0852,0.0852,84730.94
2026-08-01 15:20:00,0.0851,0.0852,0.0851,0.0851,76006.83
2026-08-01 15:25:00,0.0851,0.0852,0.085,0.0852,25990.55
2026-08-01 15:30:00,0.0851,0.0851,0.0851,0.0851,1001.52
2026-08-01 15:35:00,0.0852,0.0852,0.0852,0.0852,1429.32
2026-08-01 15:40:00,0.0852,0.0852,0.0852,0.0852,4143.7
2026-08-01 15:45:00,0.0851,0.0851,0.0849,0.085,365630.87
2026-08-01 15:50:00,0.0851,0.0851,0.085,0.085,9663.36
2026-08-01 15:55:00,0.085,0.085,0.0849,0.0849,9626.94
2026-08-01 16:00:00,0.0849,0.085,0.0848,0.085,73024.11
2026-08-01 16:05:00,0.0851,0.0851,0.0849,0.0849,124438.99
2026-08-01 16:10:00,0.0849,0.0852,0.0849,0.085,173070.32
2026-08-01 16:15:00,0.085,0.0851,0.085,0.0851,10401.03
2026-08-01 16:20:00,0.085,0.085,0.085,0.085,17736.38
2026-08-01 16:25:00,0.0849,0.0851,0.0849,0.085,12396.95
2026-08-01 16:30:00,0.0851,0.0851,0.085,0.085,75206.17
2026-08-01 16:35:00,0.0851,0.0851,0.0851,0.0851,11886.71
2026-08-01 16:40:00,0.0851,0.0851,0.0849,0.0849,20089.94
2026-08-01 16:45:00,0.0849,0.085,0.0849,0.0849,79690.03
2026-08-01 16:50:00,0.0849,0.0849,0.0848,0.0849,69171.6
2026-08-01 16:55:00,0.0848,0.0848,0.0847,0.0848,46852.98
2026-08-01 17:00:00,0.0848,0.0848,0.0847,0.0848,28758.63
2026-08-01 17:05:00,0.0849,0.085,0.0848,0.0849,124471.92
2026-08-01 17:10:00,0.0848,0.0848,0.0845,0.0846,120647.35
2026-08-01 17:15:00,0.0846,0.0847,0.0846,0.0847,92299.84
2026-08-01 17:20:00,0.0847,0.0848,0.0847,0.0847,28093.02
2026-08-01 17:25:00,0.0848,0.0848,0.0844,0.0846,78708.56
2026-08-01 17:30:00,0.0846,0.0846,0.0843,0.0843,55197.67
2026-08-01 17:35:00,0.0843,0.0845,0.0841,0.0843,150377.94
2026-08-01 17:40:00,0.0844,0.0845,0.0843,0.0844,23060.87
2026-08-01 17:45:00,0.0843,0.0844,0.0836,0.0838,520103.66
2026-08-01 17:50:00,0.0838,0.0838,0.0834,0.0837,255058.24
2026-08-01 17:55:00,0.0837,0.0839,0.0837,0.0838,24198.52
2026-08-01 18:00:00,0.0837,0.0837,0.0834,0.0836,156737.5
2026-08-01 18:05:00,0.0836,0.0836,0.0833,0.0835,150084.09
2026-08-01 18:10:00,0.0835,0.0835,0.0834,0.0834,119886.64
2026-08-01 18:15:00,0.0834,0.0834,0.0829,0.0832,261587.13
2026-08-01 18:20:00,0.0833,0.0833,0.0829,0.083,182747.36
2026-08-01 18:25:00,0.0831,0.0833,0.0831,0.0833,104665.23
2026-08-01 18:30:00,0.0833,0.0833,0.0823,0.0826,1164628.31
2026-08-01 18:35:00,0.0827,0.083,0.0827,0.0829,135330.69
2026-08-01 18:40:00,0.0829,0.083,0.0825,0.0825,98936.92
2026-08-01 18:45:00,0.0826,0.0826,0.0818,0.082,646292.93
2026-08-01 18:50:00,0.082,0.0825,0.0819,0.0824,282975.53
2026-08-01 18:55:00,0.0824,0.083,0.0824,0.0829,126663.57
2026-08-01 19:00:00,0.0829,0.0831,0.0829,0.0831,338026.1
2026-08-01 19:05:00,0.0832,0.0833,0.0831,0.0832,64374.36
2026-08-01 19:10:00,0.0832,0.0833,0.0832,0.0832,64227.93
2026-08-01 19:15:00,0.0832,0.0832,0.083,0.0831,39339.58
2026-08-01 19:20:00,0.083,0.083,0.0828,0.0829,127146.53
2026-08-01 19:25:00,0.0829,0.0831,0.0829,0.0831,58000.49
2026-08-01 19:30:00,0.0831,0.0831,0.083,0.083,35787.69
2026-08-01 19:35:00,0.083,0.083,0.0829,0.083,41651.76
2026-08-01 19:40:00,0.0829,0.083,0.0828,0.0829,63741.07
2026-08-01 19:45:00,0.0829,0.083,0.0829,0.083,41497.42
2026-08-01 19:50:00,0.083,0.0831,0.083,0.0831,1977.31
2026-08-01 19:55:00,0.083,0.0831,0.083,0.083,45970.46
2026-08-01 20:00:00,0.0829,0.0829,0.0828,0.0829,77118.2
2026-08-01 20:05:00,0.0829,0.0829,0.0827,0.0827,47413.57
2026-08-01 20:10:00,0.0827,0.0828,0.0826,0.0826,50761.66
2026-08-01 20:15:00,0.0826,0.0827,0.0826,0.0827,28851.84
2026-08-01 20:20:00,0.0828,0.0829,0.0827,0.0828,64071.82
2026-08-01 20:25:00,0.0827,0.0827,0.0825,0.0825,64261.82
2026-08-01 20:30:00,0.0825,0.0825,0.0824,0.0825,50328.04
2026-08-01 20:35:00,0.0826,0.0827,0.0825,0.0825,15937.6
2026-08-01 20:40:00,0.0826,0.0826,0.0825,0.0826,11068.65
2026-08-01 20:45:00,0.0826,0.0828,0.0826,0.0827,11938.09
2026-08-01 20:50:00,0.0827,0.0827,0.0826,0.0826,24011.06
2026-08-01 20:55:00,0.0827,0.0827,0.0827,0.0827,7132.02
2026-08-01 21:00:00,0.0828,0.0832,0.0828,0.083,146304.5
2026-08-01 21:05:00,0.0831,0.0831,0.083,0.083,15965.57
2026-08-01 21:10:00,0.0829,0.0829,0.0829,0.0829,50402.78
2026-08-01 21:15:00,0.083,0.0832,0.0829,0.0832,43559.15
2026-08-01 21:20:00,0.0831,0.0831,0.0831,0.0831,18662.02
2026-08-01 21:25:00,0.0831,0.0831,0.083,0.083,4684.31
2026-08-01 21:30:00,0.0831,0.0832,0.0831,0.0832,9997.7
2026-08-01 21:35:00,0.0832,0.0833,0.0832,0.0833,6315.96
2026-08-01 21:40:00,0.0833,0.0833,0.0833,0.0833,113476.74
2026-08-01 21:45:00,0.0832,0.0832,0.0832,0.0832,134.91
2026-08-01 21:50:00,0.0832,0.0832,0.0832,0.0832,9315.16
2026-08-01 21:55:00,0.0832,0.0833,0.0832,0.0833,33547.15
2026-08-01 22:00:00,0.0834,0.0834,0.0833,0.0834,55848.73
2026-08-01 22:05:00,0.0835,0.0835,0.0834,0.0835,2494.42
2026-08-01 22:10:00,0.0834,0.0834,0.0833,0.0833,11705.6
2026-08-01 22:15:00,0.0834,0.0834,0.0833,0.0833,11095.81
2026-08-01 22:20:00,0.0833,0.0833,0.0832,0.0832,3957.82
2026-08-01 22:25:00,0.0832,0.0833,0.0832,0.0833,7163.63
2026-08-01 22:30:00,0.0834,0.0834,0.0834,0.0834,539.32
2026-08-01 22:35:00,0.0833,0.0833,0.0833,0.0833,2965.22
2026-08-01 22:40:00,0.0832,0.0833,0.0832,0.0832,31042.47
2026-08-01 22:45:00,0.0833,0.0833,0.0832,0.0832,9648.76
2026-08-01 22:50:00,0.0832,0.0832,0.083,0.0831,64522.35
2026-08-01 22:55:00,0.0831,0.0831,0.083,0.083,110567.56
2026-08-01 23:00:00,0.0831,0.0831,0.083,0.083,4694.93
2026-08-01 23:05:00,0.0831,0.0831,0.0829,0.0831,27879.06
2026-08-01 23:10:00,0.0831,0.0831,0.0829,0.083,30975.68
2026-08-01 23:15:00,0.083,0.083,0.083,0.083,2762.86
2026-08-01 23:20:00,0.083,0.083,0.083,0.083,0.0
2026-08-01 23:25:00,0.0829,0.0829,0.0828,0.0828,57057.93
2026-08-01 23:30:00,0.0829,0.0829,0.0828,0.0828,24575.22
2026-08-01 23:35:00,0.0829,0.0829,0.0828,0.0829,82460.46
2026-08-01 23:40:00,0.0829,0.0829,0.0829,0.0829,1516.24
2026-08-01 23:45:00,0.0829,0.083,0.0829,0.083,880.83
2026-08-01 23:50:00,0.083,0.083,0.083,0.083,12398.07
2026-08-01 23:55:00,0.083,0.0831,0.083,0.0831,91623.51
2026-08-02 00:00:00,0.0831,0.0831,0.083,0.0831,39410.65
2026-08-02 00:05:00,0.0832,0.0832,0.083,0.083,33772.13
2026-08-02 00:10:00,0.083,0.0831,0.083,0.0831,31962.51
2026-08-02 00:15:00,0.0831,0.0832,0.0831,0.0832,17806.01
2026-08-02 00:20:00,0.0832,0.0832,0.0831,0.0832,15419.99
2026-08-02 00:25:00,0.0832,0.0832,0.083,0.0831,42295.17
2026-08-02 00:30:00,0.083,0.0831,0.083,0.0831,671.93
2026-08-02 00:35:00,0.083,0.083,0.0829,0.0829,6256.64
2026-08-02 00:40:00,0.083,0.083,0.0829,0.083,48325.17
2026-08-02 00:45:00,0.083,0.0831,0.083,0.083,32457.2
2026-08-02 00:50:00,0.083,0.0831,0.083,0.083,17693.19
2026-08-02 00:55:00,0.0831,0.0831,0.0831,0.0831,9671.43
2026-08-02 01:00:00,0.0832,0.0833,0.0831,0.0832,29439.61
2026-08-02 01:05:00,0.0833,0.0835,0.0833,0.0834,66664.71
2026-08-02 01:10:00,0.0834,0.0835,0.0833,0.0835,100199.75
2026-08-02 01:15:00,0.0835,0.0835,0.0834,0.0834,4489.5
2026-08-02 01:20:00,0.0834,0.0835,0.0834,0.0834,101677.01
2026-08-02 01:25:00,0.0835,0.0835,0.0834,0.0835,86291.94
2026-08-02 01:30:00,0.0835,0.0835,0.0834,0.0834,39874.81
2026-08-02 01:35:00,0.0835,0.0836,0.0835,0.0835,39580.41
2026-08-02 01:40:00,0.0835,0.0835,0.0835,0.0835,5988.02
2026-08-02 01:45:00,0.0835,0.0835,0.0834,0.0834,11177.73
2026-08-02 01:50:00,0.0834,0.0835,0.0834,0.0835,22341.14
2026-08-02 01:55:00,0.0835,0.0835,0.0834,0.0834,22176.06
2026-08-02 02:00:00,0.0834,0.0834,0.0833,0.0834,11030.6
2026-08-02 02:05:00,0.0835,0.0843,0.0835,0.084,334756.66
2026-08-02 02:10:00,0.0841,0.0842,0.0841,0.0842,83805.13
2026-08-02 02:15:00,0.0842,0.0844,0.0842,0.0844,117699.23
2026-08-02 02:20:00,0.0844,0.0844,0.0842,0.0843,106416.44
2026-08-02 02:25:00,0.0842,0.0842,0.0842,0.0842,10613.83
2026-08-02 02:30:00,0.0842,0.0843,0.0842,0.0842,41094.62
2026-08-02 02:35:00,0.0841,0.0842,0.084,0.084,46611.55
2026-08-02 02:40:00,0.084,0.0841,0.084,0.0841,19126.16
2026-08-02 02:45:00,0.0841,0.0844,0.0841,0.0844,39736.76
2026-08-02 02:50:00,0.0843,0.0845,0.0843,0.0845,35920.45
2026-08-02 02:55:00,0.0845,0.0845,0.0844,0.0844,1130.91
2026-08-02 03:00:00,0.0845,0.0846,0.0844,0.0845,155614.28
2026-08-02 03:05:00,0.0845,0.0845,0.0845,0.0845,43197.2
2026-08-02 03:10:00,0.0845,0.0845,0.0845,0.0845,96.64
2026-08-02 03:15:00,0.0844,0.0844,0.0844,0.0844,7068.41
2026-08-02 03:20:00,0.0844,0.0846,0.0844,0.0845,78056.0
2026-08-02 03:25:00,0.0844,0.0844,0.0844,0.0844,36160.49
2026-08-02 03:30:00,0.0844,0.0849,0.0844,0.0845,524860.56
2026-08-02 03:35:00,0.0844,0.0845,0.0844,0.0844,26319.61
2026-08-02 03:40:00,0.0844,0.0844,0.0844,0.0844,2316.78
2026-08-02 03:45:00,0.0844,0.0844,0.0844,0.0844,4152.86
2026-08-02 03:50:00,0.0843,0.0844,0.0843,0.0844,37772.41
2026-08-02 03:55:00,0.0843,0.0843,0.0842,0.0842,95455.05
2026-08-02 04:00:00,0.0843,0.0844,0.0843,0.0844,97290.0
2026-08-02 04:05:00,0.0845,0.0845,0.0842,0.0842,77779.01
2026-08-02 04:10:00,0.0842,0.0843,0.0842,0.0843,24815.49
2026-08-02 04:15:00,0.0844,0.0845,0.0844,0.0845,2564.44
2026-08-02 04:20:00,0.0845,0.0845,0.0844,0.0845,89404.32
2026-08-02 04:25:00,0.0845,0.0845,0.0844,0.0844,25123.77
2026-08-02 04:30:00,0.0844,0.0846,0.0844,0.0846,21232.77
2026-08-02 04:35:00,0.0847,0.0847,0.0845,0.0845,18241.09
2026-08-02 04:40:00,0.0846,0.0846,0.0844,0.0844,2374.08
2026-08-02 04:45:00,0.0844,0.0844,0.0844,0.0844,101.43
2026-08-02 04:50:00,0.0844,0.0847,0.0844,0.0847,46214.05
2026-08-02 04:55:00,0.0848,0.0848,0.0847,0.0848,44416.7
2026-08-02 05:00:00,0.0848,0.0849,0.0847,0.0847,14556.74
2026-08-02 05:05:00,0.0847,0.0847,0.0847,0.0847,67214.48
2026-08-02 05:10:00,0.0846,0.0847,0.0846,0.0847,5912.01
2026-08-02 05:15:00,0.0846,0.0846,0.0846,0.0846,19107.46
2026-08-02 05:20:00,0.0845,0.0847,0.0845,0.0847,22839.46
2026-08-02 05:25:00,0.0847,0.0847,0.0846,0.0846,572.67
2026-08-02 05:30:00,0.0847,0.0848,0.0847,0.0847,71298.58
2026-08-02 05:35:00,0.0847,0.0847,0.0846,0.0846,49879.35
2026-08-02 05:40:00,0.0846,0.0846,0.0846,0.0846,12242.76
2026-08-02 05:45:00,0.0846,0.0847,0.0846,0.0847,56978.18
2026-08-02 05:50:00,0.0847,0.0852,0.0847,0.0852,551386.11
2026-08-02 05:55:00,0.0851,0.0852,0.0851,0.0851,162285.76
2026-08-02 06:00:00,0.0851,0.0851,0.085,0.0851,40215.65
2026-08-02 06:05:00,0.0851,0.0851,0.085,0.085,54966.96
2026-08-02 06:10:00,0.085,0.0851,0.085,0.0851,29385.24
2026-08-02 06:15:00,0.0851,0.0851,0.085,0.085,40394.98
2026-08-02 06:20:00,0.085,0.0852,0.0849,0.085,226398.69
2026-08-02 06:25:00,0.0851,0.0851,0.085,0.085,6507.61
2026-08-02 06:30:00,0.085,0.085,0.0848,0.0848,89699.94
2026-08-02 06:35:00,0.0849,0.0849,0.0849,0.0849,27682.46
2026-08-02 06:40:00,0.0848,0.085,0.0848,0.0848,48311.48
2026-08-02 06:45:00,0.0848,0.0848,0.0848,0.0848,14223.12
2026-08-02 06:50:00,0.0848,0.0848,0.0847,0.0848,48495.22
2026-08-02 06:55:00,0.0849,0.0849,0.0849,0.0849,4295.88
2026-08-02 07:00:00,0.085,0.085,0.0849,0.0849,7479.23
2026-08-02 07:05:00,0.0849,0.0849,0.0849,0.0849,35392.9
2026-08-02 07:10:00,0.0849,0.0849,0.0849,0.0849,15806.56
2026-08-02 07:15:00,0.0849,0.0849,0.0849,0.0849,61608.35
2026-08-02 07:20:00,0.0849,0.0853,0.0849,0.0853,134539.6
2026-08-02 07:25:00,0.0853,0.0853,0.0852,0.0852,96575.74
2026-08-02 07:30:00,0.0853,0.0854,0.0852,0.0853,135203.01
2026-08-02 07:35:00,0.0853,0.0853,0.0852,0.0853,73469.87
2026-08-02 07:40:00,0.0853,0.0854,0.0853,0.0854,53021.2
2026-08-02 07:45:00,0.0854,0.0858,0.0854,0.0856,305132.36
2026-08-02 07:50:00,0.0856,0.0856,0.0854,0.0855,108985.73
2026-08-02 07:55:00,0.0855,0.0857,0.0855,0.0857,84992.69
2026-08-02 08:00:00,0.0857,0.0857,0.0855,0.0855,28942.51
2026-08-02 08:05:00,0.0855,0.0855,0.0852,0.0854,108417.3
2026-08-02 08:10:00,0.0854,0.0856,0.0853,0.0855,131617.8
2026-08-02 08:15:00,0.0855,0.0856,0.0855,0.0855,15702.39
2026-08-02 08:20:00,0.0855,0.0855,0.0852,0.0852,21671.98
2026-08-02 08:25:00,0.0852,0.0852,0.0851,0.0852,34673.89
2026-08-02 08:30:00,0.0851,0.0851,0.085,0.0851,15255.89
2026-08-02 08:35:00,0.0851,0.0852,0.085,0.085,96254.6
2026-08-02 08:40:00,0.085,0.0854,0.085,0.0853,80945.04
2026-08-02 08:45:00,0.0853,0.0854,0.0853,0.0853,24012.28
2026-08-02 08:50:00,0.0853,0.0853,0.0851,0.0852,255358.97
2026-08-02 08:55:00,0.0852,0.0852,0.085,0.085,196858.71
2026-08-02 09:00:00,0.085,0.085,0.0847,0.0847,110599.78
2026-08-02 09:05:00,0.0847,0.085,0.0847,0.085,92286.82
2026-08-02 09:10:00,0.0851,0.0851,0.085,0.0851,13151.37
2026-08-02 09:15:00,0.085,0.085,0.0849,0.0849,97348.97
2026-08-02 09:20:00,0.0849,0.085,0.0849,0.085,20966.0
2026-08-02 09:25:00,0.0851,0.0851,0.0849,0.085,35513.1
2026-08-02 09:30:00,0.085,0.0851,0.085,0.0851,16536.67
2026-08-02 09:35:00,0.0852,0.0852,0.0851,0.0851,19722.61
2026-08-02 09:40:00,0.0852,0.0852,0.0852,0.0852,2895.48
2026-08-02 09:45:00,0.0852,0.0852,0.0851,0.0852,27099.56
2026-08-02 09:50:00,0.0853,0.0857,0.0852,0.0854,671878.86
2026-08-02 09:55:00,0.0854,0.0854,0.0853,0.0854,7797.69
2026-08-02 10:00:00,0.0854,0.0854,0.0854,0.0854,10581.59
2026-08-02 10:05:00,0.0855,0.0857,0.0855,0.0857,267782.03
2026-08-02 10:10:00,0.0857,0.0857,0.0856,0.0857,73797.38
2026-08-02 10:15:00,0.0857,0.0858,0.0857,0.0857,33424.38
2026-08-02 10:20:00,0.0858,0.0858,0.0856,0.0857,190545.06
2026-08-02 10:25:00,0.0857,0.0859,0.0856,0.0858,97811.21
2026-08-02 10:30:00,0.0858,0.0858,0.0857,0.0857,309.87
2026-08-02 10:35:00,0.0857,0.0857,0.0856,0.0856,51948.81
2026-08-02 10:40:00,0.0856,0.0857,0.0856,0.0857,13026.94
2026-08-02 10:45:00,0.0857,0.0857,0.0857,0.0857,47653.1
2026-08-02 10:50:00,0.0858,0.0858,0.0856,0.0856,24937.51
2026-08-02 10:55:00,0.0856,0.0856,0.0856,0.0856,34698.69
2026-08-02 11:00:00,0.0855,0.0857,0.0855,0.0855,68911.33
2026-08-02 11:05:00,0.0856,0.0858,0.0856,0.0857,110832.93
2026-08-02 11:10:00,0.0858,0.0858,0.0857,0.0857,44450.28
2026-08-02 11:15:00,0.0856,0.0859,0.0856,0.0858,62324.09
2026-08-02 11:20:00,0.0858,0.0858,0.0857,0.0857,10540.34
2026-08-02 11:25:00,0.0856,0.0856,0.0855,0.0855,60397.31
2026-08-02 11:30:00,0.0855,0.0856,0.0853,0.0856,98882.26
2026-08-02 11:35:00,0.0857,0.0858,0.0856,0.0857,43032.84
2026-08-02 11:40:00,0.0858,0.0858,0.0855,0.0856,90605.39
2026-08-02 11:45:00,0.0856,0.0857,0.0856,0.0856,83280.25
2026-08-02 11:50:00,0.0855,0.0857,0.0854,0.0854,44265.95
2026-08-02 11:55:00,0.0855,0.0855,0.0853,0.0855,79221.82
2026-08-02 12:00:00,0.0855,0.0858,0.0855,0.0858,125624.81
2026-08-02 12:05:00,0.0858,0.0858,0.0857,0.0858,59873.14
2026-08-02 12:10:00,0.0859,0.0859,0.0857,0.0857,33215.37
2026-08-02 12:15:00,0.0856,0.0857,0.0856,0.0857,20960.17
2026-08-02 12:20:00,0.0856,0.0857,0.0856,0.0856,60860.43
2026-08-02 12:25:00,0.0857,0.0857,0.0856,0.0856,12166.72
2026-08-02 12:30:00,0.0856,0.0858,0.0856,0.0857,66022.16
2026-08-02 12:35:00,0.0858,0.0858,0.0856,0.0856,39773.12
2026-08-02 12:40:00,0.0857,0.0858,0.0857,0.0857,17858.12
2026-08-02 12:45:00,0.0857,0.0859,0.0857,0.0859,35489.94
2026-08-02 12:50:00,0.0859,0.086,0.0859,0.086,17348.38
2026-08-02 12:55:00,0.086,0.086,0.0857,0.086,113023.53
2026-08-02 13:00:00,0.0859,0.086,0.0859,0.0859,7831.84
2026-08-02 13:05:00,0.0859,0.086,0.0858,0.086,64834.08
2026-08-02 13:10:00,0.086,0.0861,0.086,0.086,58903.05
2026-08-02 13:15:00,0.0859,0.0859,0.0858,0.0859,450.44
2026-08-02 13:20:00,0.0858,0.0859,0.0858,0.0859,27735.1
2026-08-02 13:25:00,0.0859,0.0859,0.0859,0.0859,37738.85
2026-08-02 13:30:00,0.0859,0.0859,0.0859,0.0859,11710.75
2026-08-02 13:35:00,0.0858,0.0858,0.0856,0.0856,97895.29
2026-08-02 13:40:00,0.0856,0.0857,0.0855,0.0855,231844.89
2026-08-02 13:45:00,0.0856,0.0857,0.0856,0.0857,14581.98
2026-08-02 13:50:00,0.0856,0.0857,0.0855,0.0857,72188.43
2026-08-02 13:55:00,0.0857,0.0858,0.0857,0.0857,41177.89
2026-08-02 14:00:00,0.0857,0.0857,0.0856,0.0856,11871.86
2026-08-02 14:05:00,0.0856,0.0857,0.0855,0.0855,66366.3
2026-08-02 14:10:00,0.0855,0.0857,0.0855,0.0857,68196.21
2026-08-02 14:15:00,0.0858,0.0859,0.0858,0.0858,71600.19
2026-08-02 14:20:00,0.0858,0.0858,0.0857,0.0857,6453.44
2026-08-02 14:25:00,0.0858,0.0858,0.0858,0.0858,15437.85
2026-08-02 14:30:00,0.0858,0.0858,0.0857,0.0858,26869.39
2026-08-02 14:35:00,0.0859,0.0861,0.0859,0.086,105069.88
2026-08-02 14:40:00,0.0861,0.0861,0.0859,0.086,9683.22
2026-08-02 14:45:00,0.086,0.0861,0.0859,0.0859,47154.05
2026-08-02 14:50:00,0.0859,0.086,0.0858,0.0859,7750.67
2026-08-02 14:55:00,0.0858,0.0858,0.0858,0.0858,1165.81
2026-08-02 15:00:00,0.0858,0.0858,0.0858,0.0858,11276.78
2026-08-02 15:05:00,0.0858,0.0858,0.0858,0.0858,13023.6
2026-08-02 15:10:00,0.0858,0.086,0.0857,0.086,60519.77
2026-08-02 15:15:00,0.086,0.086,0.0857,0.0858,65296.46
2026-08-02 15:20:00,0.0858,0.0858,0.0855,0.0855,211576.33
2026-08-02 15:25:00,0.0855,0.0856,0.0853,0.0854,86599.58
2026-08-02 15:30:00,0.0854,0.0855,0.0854,0.0855,85279.44
2026-08-02 15:35:00,0.0854,0.0854,0.0854,0.0854,7663.68
2026-08-02 15:40:00,0.0853,0.0854,0.0853,0.0853,37572.76
2026-08-02 15:45:00,0.0853,0.0853,0.0853,0.0853,377.84
2026-08-02 15:50:00,0.0853,0.0853,0.0852,0.0853,12431.0
2026-08-02 15:55:00,0.0853,0.0853,0.0853,0.0853,1230.41
2026-08-02 16:00:00,0.0853,0.0854,0.0852,0.0852,200930.65
2026-08-02 16:05:00,0.0852,0.0854,0.0852,0.0854,57408.43
2026-08-02 16:10:00,0.0854,0.0855,0.0854,0.0854,124587.81
2026-08-02 16:15:00,0.0854,0.0854,0.0853,0.0854,201236.04
2026-08-02 16:20:00,0.0854,0.0857,0.0854,0.0857,19866.7
2026-08-02 16:25:00,0.0856,0.0856,0.0856,0.0856,2560.69
2026-08-02 16:30:00,0.0857,0.0858,0.0857,0.0858,41446.07
2026-08-02 16:35:00,0.0857,0.0858,0.0857,0.0858,13650.11
2026-08-02 16:40:00,0.0858,0.086,0.0858,0.086,47763.75
2026-08-02 16:45:00,0.0859,0.086,0.0859,0.0859,22015.62
2026-08-02 16:50:00,0.086,0.086,0.0859,0.086,35943.52
2026-08-02 16:55:00,0.086,0.0861,0.086,0.086,9697.87
2026-08-02 17:00:00,0.086,0.0862,0.086,0.0862,38040.5
2026-08-02 17:05:00,0.0862,0.0862,0.0862,0.0862,0.0
2026-08-02 17:10:00,0.0862,0.0862,0.0861,0.0862,131232.91
2026-08-02 17:15:00,0.0861,0.0862,0.0861,0.0861,83884.73
2026-08-02 17:20:00,0.0862,0.0866,0.0862,0.0864,112681.86
2026-08-02 17:25:00,0.0865,0.0866,0.0863,0.0865,161238.99
2026-08-02 17:30:00,0.0866,0.0869,0.0865,0.0866,410994.97
2026-08-02 17:35:00,0.0865,0.0866,0.0863,0.0863,143536.05
2026-08-02 17:40:00,0.0863,0.0863,0.0861,0.0861,23533.35
2026-08-02 17:45:00,0.0862,0.0862,0.0861,0.0862,16113.47
2026-08-02 17:50:00,0.0862,0.0863,0.0862,0.0863,1071.08
2026-08-02 17:55:00,0.0862,0.0862,0.086,0.086,58136.57
2026-08-02 18:00:00,0.086,0.0861,0.086,0.0861,11253.49
2026-08-02 18:05:00,0.0861,0.0861,0.086,0.086,9562.57
2026-08-02 18:10:00,0.086,0.086,0.086,0.086,1272.28
2026-08-02 18:15:00,0.086,0.086,0.0859,0.086,56989.12
2026-08-02 18:20:00,0.086,0.0861,0.086,0.0861,28232.6
2026-08-02 18:25:00,0.086,0.086,0.0859,0.086,45007.77
2026-08-02 18:30:00,0.086,0.086,0.086,0.086,8429.55
2026-08-02 18:35:00,0.0861,0.0862,0.086,0.0861,9115.99
2026-08-02 18:40:00,0.0861,0.0864,0.0861,0.0863,126831.53
2026-08-02 18:45:00,0.0862,0.0862,0.0862,0.0862,29788.12
2026-08-02 18:50:00,0.0863,0.0863,0.0861,0.0862,21024.96
2026-08-02 18:55:00,0.0862,0.0862,0.0861,0.0861,23407.73
2026-08-02 19:00:00,0.0861,0.0861,0.0859,0.086,35629.75
2026-08-02 19:05:00,0.0861,0.0861,0.086,0.086,91061.58
2026-08-02 19:10:00,0.086,0.086,0.0859,0.0859,229.17
2026-08-02 19:15:00,0.0859,0.0859,0.0859,0.0859,58954.66
2026-08-02 19:20:00,0.0859,0.0859,0.0857,0.0858,374183.27
2026-08-02 19:25:00,0.0858,0.0858,0.0858,0.0858,27318.85
2026-08-02 19:30:00,0.0858,0.086,0.0858,0.086,15427.31
2026-08-02 19:35:00,0.086,0.0861,0.086,0.086,5367.47
2026-08-02 19:40:00,0.0859,0.086,0.0859,0.086,1076.38
2026-08-02 19:45:00,0.086,0.086,0.086,0.086,43796.38
2026-08-02 19:50:00,0.086,0.086,0.086,0.086,125.0
2026-08-02 19:55:00,0.0859,0.0859,0.0859,0.0859,35450.78
2026-08-02 20:00:00,0.086,0.086,0.0859,0.0859,35883.1
2026-08-02 20:05:00,0.0859,0.0859,0.0859,0.0859,115.86
2026-08-02 20:10:00,0.0859,0.0859,0.0858,0.0858,5784.56
2026-08-02 20:15:00,0.0859,0.0859,0.0858,0.0859,1398.19
2026-08-02 20:20:00,0.0858,0.0858,0.0858,0.0858,4650.94
2026-08-02 20:25:00,0.0858,0.0858,0.0858,0.0858,0.0
2026-08-02 20:30:00,0.0857,0.0858,0.0857,0.0857,16599.33
2026-08-02 20:35:00,0.0857,0.0857,0.0856,0.0856,17754.84
2026-08-02 20:40:00,0.0856,0.0856,0.0856,0.0856,0.0
2026-08-02 20:45:00,0.0857,0.0858,0.0857,0.0858,26123.44
2026-08-02 20:50:00,0.0858,0.0858,0.0857,0.0857,1523.59
2026-08-02 20:55:00,0.0858,0.0858,0.0858,0.0858,26763.82
2026-08-02 21:00:00,0.0857,0.0858,0.0857,0.0858,5956.53
2026-08-02 21:05:00,0.0858,0.0858,0.0858,0.0858,25727.72
2026-08-02 21:10:00,0.0859,0.0859,0.0858,0.0858,19341.21
2026-08-02 21:15:00,0.0858,0.0858,0.0858,0.0858,36144.0
2026-08-02 21:20:00,0.0858,0.0859,0.0858,0.0859,111227.78
2026-08-02 21:25:00,0.086,0.0861,0.0859,0.086,65422.39
2026-08-02 21:30:00,0.086,0.0861,0.086,0.0861,219.26
2026-08-02 21:35:00,0.0861,0.0863,0.0861,0.0863,6955.41
2026-08-02 21:40:00,0.0862,0.0865,0.0862,0.0865,94600.11
2026-08-02 21:45:00,0.0866,0.0866,0.0865,0.0865,533.6
2026-08-02 21:50:00,0.0865,0.0865,0.0864,0.0864,30476.56
2026-08-02 21:55:00,0.0865,0.0865,0.0865,0.0865,5317.6
2026-08-02 22:00:00,0.0865,0.0868,0.0865,0.0868,112126.36
2026-08-02 22:05:00,0.0868,0.0868,0.0866,0.0866,26771.93
2026-08-02 22:10:00,0.0867,0.0869,0.0867,0.0869,67874.95
2026-08-02 22:15:00,0.0869,0.0878,0.0869,0.0877,807307.5
2026-08-02 22:20:00,0.0877,0.0879,0.0876,0.0876,208445.38
2026-08-02 22:25:00,0.0877,0.0877,0.0871,0.0872,198652.42
2026-08-02 22:30:00,0.0873,0.0873,0.0871,0.0871,133791.87
2026-08-02 22:35:00,0.0871,0.0872,0.0867,0.0867,61198.25
2026-08-02 22:40:00,0.0867,0.0868,0.0867,0.0868,81209.24
2026-08-02 22:45:00,0.0868,0.0869,0.0868,0.0868,119203.53
2026-08-02 22:50:00,0.0868,0.0869,0.0868,0.0868,24348.87
2026-08-02 22:55:00,0.0868,0.0868,0.0865,0.0867,98159.45
2026-08-02 23:00:00,0.0867,0.0869,0.0867,0.0867,69940.77
2026-08-02 23:05:00,0.0867,0.0871,0.0866,0.0869,366209.36
2026-08-02 23:10:00,0.087,0.087,0.0868,0.0868,97080.4
2026-08-02 23:15:00,0.0868,0.0868,0.0866,0.0868,200793.29
2026-08-02 23:20:00,0.0868,0.0868,0.0867,0.0867,82558.18
2026-08-02 23:25:00,0.0866,0.0867,0.0866,0.0867,28736.85
2026-08-02 23:30:00,0.0867,0.0867,0.0867,0.0867,107448.79
2026-08-02 23:35:00,0.0867,0.0868,0.0867,0.0867,30485.36
2026-08-02 23:40:00,0.0867,0.0867,0.0866,0.0866,14441.66
2026-08-02 23:45:00,0.0866,0.0868,0.0865,0.0866,36693.99
2026-08-02 23:50:00,0.0866,0.0866,0.0866,0.0866,21471.01
2026-08-02 23:55:00,0.0866,0.0866,0.0866,0.0866,82114.15
2026-08-03 00:00:00,0.0867,0.0869,0.0865,0.0866,257653.61
2026-08-03 00:05:00,0.0866,0.0866,0.0864,0.0864,34557.35
2026-08-03 00:10:00,0.0864,0.0865,0.0863,0.0864,166847.5
2026-08-03 00:15:00,0.0864,0.0866,0.0864,0.0866,169977.46
2026-08-03 00:20:00,0.0865,0.0866,0.0865,0.0866,344488.5
2026-08-03 00:25:00,0.0866,0.0869,0.0865,0.0866,385295.62
2026-08-03 00:30:00,0.0865,0.0868,0.0865,0.0867,201898.87
2026-08-03 00:35:00,0.0867,0.0869,0.0867,0.0869,130331.84
2026-08-03 00:40:00,0.0868,0.0868,0.0867,0.0867,337651.35
2026-08-03 00:45:00,0.0868,0.0868,0.0863,0.0866,268282.1
2026-08-03 00:50:00,0.0866,0.0867,0.0865,0.0865,73478.46
2026-08-03 00:55:00,0.0865,0.0866,0.0865,0.0866,27665.65
2026-08-03 01:00:00,0.0866,0.0867,0.0864,0.0865,139071.71
2026-08-03 01:05:00,0.0865,0.0865,0.0862,0.0863,66638.63
2026-08-03 01:10:00,0.0862,0.0862,0.086,0.0861,32976.13
2026-08-03 01:15:00,0.0861,0.0862,0.0861,0.0861,10883.2
2026-08-03 01:20:00,0.0862,0.0862,0.0861,0.0861,159303.13
2026-08-03 01:25:00,0.0862,0.0862,0.0859,0.0861,151632.56
2026-08-03 01:30:00,0.0861,0.0862,0.086,0.086,48148.2
2026-08-03 01:35:00,0.0861,0.0861,0.086,0.086,127052.89
2026-08-03 01:40:00,0.086,0.0862,0.086,0.086,160965.87
2026-08-03 01:45:00,0.0861,0.0861,0.086,0.086,25586.0
2026-08-03 01:50:00,0.0859,0.086,0.0859,0.0859,80648.68
2026-08-03 01:55:00,0.0859,0.0859,0.0858,0.0859,55653.55
2026-08-03 02:00:00,0.0859,0.0859,0.0858,0.0859,35585.48
2026-08-03 02:05:00,0.0858,0.0859,0.0857,0.0858,30883.7
2026-08-03 02:10:00,0.0857,0.0859,0.0857,0.0858,11888.12
2026-08-03 02:15:00,0.0858,0.0859,0.0858,0.0859,2623.32
2026-08-03 02:20:00,0.086,0.0861,0.0859,0.0861,49268.18
2026-08-03 02:25:00,0.086,0.086,0.0856,0.0857,72463.91
2026-08-03 02:30:00,0.0858,0.0858,0.0856,0.0857,17642.49
2026-08-03 02:35:00,0.0858,0.0858,0.0858,0.0858,21968.14
2026-08-03 02:40:00,0.0858,0.0858,0.0858,0.0858,8186.35
2026-08-03 02:45:00,0.0858,0.0858,0.0857,0.0857,6161.46
2026-08-03 02:50:00,0.0857,0.0857,0.0856,0.0856,55334.53
2026-08-03 02:55:00,0.0857,0.0857,0.0856,0.0857,91404.09
2026-08-03 03:00:00,0.0856,0.0857,0.0856,0.0857,32112.04
2026-08-03 03:05:00,0.0857,0.0858,0.0856,0.0858,31745.58
2026-08-03 03:10:00,0.0858,0.0858,0.0857,0.0857,9425.96
2026-08-03 03:15:00,0.0857,0.0858,0.0856,0.0857,11632.7
2026-08-03 03:20:00,0.0857,0.0857,0.0856,0.0856,9591.37
2026-08-03 03:25:00,0.0856,0.0857,0.0856,0.0857,30090.74
2026-08-03 03:30:00,0.0858,0.0859,0.0857,0.0859,27664.39
2026-08-03 03:35:00,0.0858,0.0858,0.0857,0.0858,48451.1
2026-08-03 03:40:00,0.0858,0.0858,0.0858,0.0858,3943.06
2026-08-03 03:45:00,0.0858,0.0858,0.0853,0.0856,156830.74
2026-08-03 03:50:00,0.0857,0.0859,0.0857,0.0859,63597.49
2026-08-03 03:55:00,0.0858,0.0858,0.0857,0.0857,2472.29
2026-08-03 04:00:00,0.0856,0.0857,0.0856,0.0857,101206.63
2026-08-03 04:05:00,0.0857,0.0858,0.0856,0.0856,34506.63
2026-08-03 04:10:00,0.0856,0.0856,0.0855,0.0856,40724.13
2026-08-03 04:15:00,0.0856,0.0861,0.0856,0.0859,199998.84
2026-08-03 04:20:00,0.0859,0.0862,0.0859,0.0862,47378.37
2026-08-03 04:25:00,0.0861,0.0862,0.0861,0.0862,15687.48
2026-08-03 04:30:00,0.0863,0.0863,0.086,0.086,343239.29
2026-08-03 04:35:00,0.086,0.086,0.0858,0.086,89981.31
2026-08-03 04:40:00,0.0859,0.086,0.0859,0.086,2409.18
2026-08-03 04:45:00,0.0859,0.0859,0.0857,0.0857,34330.74
2026-08-03 04:50:00,0.0857,0.0857,0.0856,0.0856,4895.39
2026-08-03 04:55:00,0.0856,0.0856,0.0854,0.0854,36216.41
2026-08-03 05:00:00,0.0855,0.0856,0.0855,0.0856,8642.73
2026-08-03 05:05:00,0.0856,0.0857,0.0856,0.0857,71203.92
2026-08-03 05:10:00,0.0857,0.0857,0.0857,0.0857,2788.96
2026-08-03 05:15:00,0.0856,0.0859,0.0856,0.0858,69908.08
2026-08-03 05:20:00,0.0859,0.0859,0.0858,0.0858,20045.41
2026-08-03 05:25:00,0.0858,0.086,0.0858,0.086,37105.81
2026-08-03 05:30:00,0.086,0.0861,0.0859,0.0859,21694.46
2026-08-03 05:35:00,0.0859,0.086,0.0859,0.086,26716.83
2026-08-03 05:40:00,0.086,0.086,0.0859,0.0859,47336.98
2026-08-03 05:45:00,0.0859,0.0861,0.0859,0.0861,8389.3
2026-08-03 05:50:00,0.0861,0.0862,0.0861,0.0862,19219.92
2026-08-03 05:55:00,0.0863,0.0866,0.0863,0.0866,128220.49
2026-08-03 06:00:00,0.0866,0.0868,0.0866,0.0867,34742.37
2026-08-03 06:05:00,0.0866,0.0867,0.0865,0.0866,41980.62
2026-08-03 06:10:00,0.0866,0.0866,0.0865,0.0865,19875.83
2026-08-03 06:15:00,0.0864,0.0865,0.0864,0.0864,50187.44
2026-08-03 06:20:00,0.0863,0.0863,0.0863,0.0863,27692.16
2026-08-03 06:25:00,0.0862,0.0863,0.0862,0.0862,27065.49
2026-08-03 06:30:00,0.0862,0.0862,0.0861,0.0861,7327.88
2026-08-03 06:35:00,0.0861,0.0861,0.0859,0.086,42922.19
2026-08-03 06:40:00,0.086,0.086,0.0858,0.0858,91524.88
2026-08-03 06:45:00,0.0857,0.086,0.0857,0.086,14528.62
2026-08-03 06:50:00,0.0861,0.0861,0.0859,0.086,20696.77
2026-08-03 06:55:00,0.0859,0.0859,0.0858,0.0859,108035.24
2026-08-03 07:00:00,0.0858,0.0859,0.0856,0.0856,208838.01
2026-08-03 07:05:00,0.0856,0.0858,0.0856,0.0857,87135.3
2026-08-03 07:10:00,0.0857,0.0857,0.0855,0.0855,78754.25
2026-08-03 07:15:00,0.0855,0.0856,0.0854,0.0856,84008.61
2026-08-03 07:20:00,0.0855,0.0857,0.0855,0.0857,16197.1
2026-08-03 07:25:00,0.0857,0.0858,0.0857,0.0858,38341.42
2026-08-03 07:30:00,0.0857,0.0858,0.0857,0.0857,22012.61
2026-08-03 07:35:00,0.0858,0.0858,0.0855,0.0856,59033.17
2026-08-03 07:40:00,0.0856,0.0856,0.0856,0.0856,26325.09
2026-08-03 07:45:00,0.0856,0.0857,0.0856,0.0857,8939.75
2026-08-03 07:50:00,0.0857,0.0857,0.0857,0.0857,28553.35
2026-08-03 07:55:00,0.0858,0.0858,0.0857,0.0857,31007.12
2026-08-03 08:00:00,0.0857,0.0857,0.0855,0.0855,99850.48
2026-08-03 08:05:00,0.0855,0.0856,0.0853,0.0854,306089.69
2026-08-03 08:10:00,0.0855,0.0855,0.0855,0.0855,35009.12
2026-08-03 08:15:00,0.0855,0.0856,0.0854,0.0855,42860.65
2026-08-03 08:20:00,0.0854,0.0854,0.0849,0.0853,533263.86
2026-08-03 08:25:00,0.0853,0.0853,0.085,0.0851,215494.76
2026-08-03 08:30:00,0.0852,0.0852,0.085,0.0852,35887.34
2026-08-03 08:35:00,0.0853,0.0854,0.0853,0.0854,29981.85
2026-08-03 08:40:00,0.0854,0.0855,0.0854,0.0855,4301.92
2026-08-03 08:45:00,0.0856,0.0858,0.0856,0.0857,30726.25
2026-08-03 08:50:00,0.0856,0.0858,0.0856,0.0858,51913.43
2026-08-03 08:55:00,0.0858,0.086,0.0858,0.086,149890.69
2026-08-03 09:00:00,0.0859,0.0859,0.0859,0.0859,10052.14
2026-08-03 09:05:00,0.0859,0.086,0.0858,0.086,178631.16
2026-08-03 09:10:00,0.086,0.086,0.0858,0.0859,33213.74
2026-08-03 09:15:00,0.0859,0.0859,0.0859,0.0859,19087.17
2026-08-03 09:20:00,0.0859,0.0861,0.0859,0.086,11955.24
2026-08-03 09:25:00,0.086,0.086,0.086,0.086,21702.38
2026-08-03 09:30:00,0.086,0.086,0.0859,0.086,34963.75
2026-08-03 09:35:00,0.086,0.086,0.0859,0.0859,17250.4
2026-08-03 09:40:00,0.086,0.0861,0.0859,0.086,3902.61
2026-08-03 09:45:00,0.0861,0.0862,0.086,0.0862,98467.84
2026-08-03 09:50:00,0.0862,0.0863,0.0861,0.0862,59490.93
2026-08-03 09:55:00,0.0862,0.0865,0.0862,0.0864,29257.0
2026-08-03 10:00:00,0.0865,0.0866,0.0864,0.0864,25725.27
2026-08-03 10:05:00,0.0864,0.0864,0.0862,0.0862,31206.62
2026-08-03 10:10:00,0.0863,0.0864,0.0863,0.0863,7773.75
2026-08-03 10:15:00,0.0863,0.0863,0.0863,0.0863,8085.28
2026-08-03 10:20:00,0.0863,0.0864,0.0862,0.0863,4724.52
2026-08-03 10:25:00,0.0862,0.0862,0.0861,0.0861,9300.86
2026-08-03 10:30:00,0.0861,0.0862,0.0861,0.0862,11463.57
2026-08-03 10:35:00,0.0862,0.0862,0.0862,0.0862,12326.39
2026-08-03 10:40:00,0.0863,0.0863,0.0863,0.0863,204.41
2026-08-03 10:45:00,0.0863,0.0863,0.0862,0.0862,32685.74
2026-08-03 10:50:00,0.0861,0.0861,0.086,0.0861,129143.7
2026-08-03 10:55:00,0.086,0.0861,0.086,0.0861,19149.35
2026-08-03 11:00:00,0.086,0.0861,0.0859,0.0859,9384.92
2026-08-03 11:05:00,0.086,0.0861,0.0859,0.086,24929.32
2026-08-03 11:10:00,0.086,0.086,0.086,0.086,6065.43
2026-08-03 11:15:00,0.086,0.0863,0.086,0.0862,56773.24
2026-08-03 11:20:00,0.0862,0.0865,0.0862,0.0864,96322.51
2026-08-03 11:25:00,0.0864,0.0864,0.0862,0.0862,16827.06
2026-08-03 11:30:00,0.0862,0.0862,0.0862,0.0862,14888.43
2026-08-03 11:35:00,0.0862,0.0863,0.0862,0.0863,31864.11
2026-08-03 11:40:00,0.0863,0.0864,0.0862,0.0864,60873.12
2026-08-03 11:45:00,0.0864,0.0864,0.0863,0.0863,23459.42
2026-08-03 11:50:00,0.0863,0.0863,0.0862,0.0863,45478.99
2026-08-03 11:55:00,0.0862,0.0863,0.0862,0.0862,28872.4
2026-08-03 12:00:00,0.0862,0.0863,0.0861,0.0861,153109.59
2026-08-03 12:05:00,0.0862,0.0863,0.0862,0.0863,78507.27
2026-08-03 12:10:00,0.0862,0.0864,0.0862,0.0863,195609.83
2026-08-03 12:15:00,0.0862,0.0864,0.0862,0.0864,17889.49
2026-08-03 12:20:00,0.0864,0.0864,0.0862,0.0862,33301.54
2026-08-03 12:25:00,0.0862,0.0862,0.0861,0.0862,38359.98
2026-08-03 12:30:00,0.0862,0.0863,0.0862,0.0862,18210.74
2026-08-03 12:35:00,0.0862,0.0867,0.0862,0.0864,300869.17
2026-08-03 12:40:00,0.0864,0.0865,0.0864,0.0865,8071.48
2026-08-03 12:45:00,0.0866,0.0866,0.0865,0.0866,121124.41
2026-08-03 12:50:00,0.0865,0.0866,0.0865,0.0865,43458.68
2026-08-03 12:55:00,0.0865,0.0865,0.0864,0.0864,10827.57
2026-08-03 13:00:00,0.0865,0.0866,0.0865,0.0865,40910.97
2026-08-03 13:05:00,0.0865,0.0865,0.0864,0.0865,68489.99
2026-08-03 13:10:00,0.0865,0.0867,0.0865,0.0866,42500.81
2026-08-03 13:15:00,0.0866,0.087,0.0866,0.0869,63489.43
2026-08-03 13:20:00,0.0869,0.0869,0.0868,0.0868,33454.94
2026-08-03 13:25:00,0.0868,0.0868,0.0864,0.0864,53432.43
2026-08-03 13:30:00,0.0864,0.0864,0.0861,0.0863,119207.58
2026-08-03 13:35:00,0.0862,0.0865,0.0861,0.0865,155590.0
2026-08-03 13:40:00,0.0865,0.0866,0.0865,0.0866,40559.96
2026-08-03 13:45:00,0.0866,0.0869,0.0865,0.0868,173516.71
2026-08-03 13:50:00,0.0867,0.0872,0.0867,0.0871,111196.94
2026-08-03 13:55:00,0.0871,0.0875,0.0871,0.0873,263490.11
2026-08-03 14:00:00,0.0873,0.0874,0.0871,0.0872,167090.18
2026-08-03 14:05:00,0.0872,0.0873,0.0871,0.0873,131466.55
2026-08-03 14:10:00,0.0872,0.0875,0.0871,0.0873,151419.4
2026-08-03 14:15:00,0.0872,0.0874,0.0871,0.0873,177866.59
2026-08-03 14:20:00,0.0872,0.0873,0.0871,0.0873,168933.58
2026-08-03 14:25:00,0.0873,0.0877,0.0873,0.0876,93694.53
2026-08-03 14:30:00,0.0875,0.0876,0.0874,0.0874,153310.08
2026-08-03 14:35:00,0.0873,0.0874,0.0872,0.0874,133651.51
2026-08-03 14:40:00,0.0874,0.0876,0.0872,0.0873,66271.59
2026-08-03 14:45:00,0.0873,0.0873,0.0872,0.0873,15453.67
2026-08-03 14:50:00,0.0873,0.0874,0.0872,0.0874,42780.08
2026-08-03 14:55:00,0.0874,0.0875,0.0874,0.0875,17089.78
2026-08-03 15:00:00,0.0875,0.0875,0.0873,0.0874,23558.62
2026-08-03 15:05:00,0.0873,0.0874,0.0872,0.0872,267548.16
2026-08-03 15:10:00,0.0872,0.0873,0.0871,0.0873,67535.34
2026-08-03 15:15:00,0.0872,0.0872,0.087,0.0871,158909.98
2026-08-03 15:20:00,0.0872,0.0872,0.0871,0.0872,30044.47
2026-08-03 15:25:00,0.0872,0.0873,0.0871,0.0871,258814.7
2026-08-03 15:30:00,0.0871,0.0872,0.0871,0.0871,7401.51
2026-08-03 15:35:00,0.0871,0.0872,0.0871,0.0872,16286.32
2026-08-03 15:40:00,0.0873,0.0874,0.087,0.0872,22173.06
2026-08-03 15:45:00,0.0873,0.0874,0.0872,0.0873,26163.02
2026-08-03 15:50:00,0.0873,0.0875,0.0873,0.0874,109053.06
2026-08-03 15:55:00,0.0876,0.0876,0.0874,0.0874,28207.82
2026-08-03 16:00:00,0.0875,0.0879,0.0875,0.0877,103231.99
2026-08-03 16:05:00,0.0877,0.0877,0.0875,0.0875,44156.92
2026-08-03 16:10:00,0.0875,0.0876,0.0875,0.0876,18967.72
2026-08-03 16:15:00,0.0877,0.0878,0.0876,0.0877,69332.34
2026-08-03 16:20:00,0.0877,0.0878,0.0877,0.0878,100416.68
2026-08-03 16:25:00,0.0878,0.0878,0.0877,0.0878,6019.21
2026-08-03 16:30:00,0.0878,0.088,0.0877,0.088,68779.56
2026-08-03 16:35:00,0.0879,0.0879,0.0877,0.0877,5760.68
2026-08-03 16:40:00,0.0877,0.0878,0.0876,0.0877,77062.99
2026-08-03 16:45:00,0.0878,0.088,0.0877,0.088,9836.47
2026-08-03 16:50:00,0.088,0.088,0.0878,0.0878,50184.52
2026-08-03 16:55:00,0.0878,0.0879,0.0878,0.0878,23168.84
2026-08-03 17:00:00,0.0878,0.0879,0.0878,0.0879,11514.85
2026-08-03 17:05:00,0.088,0.0883,0.088,0.0881,114231.25
2026-08-03 17:10:00,0.0882,0.0883,0.0882,0.0883,54832.9
2026-08-03 17:15:00,0.0882,0.0882,0.0882,0.0882,28782.46
2026-08-03 17:20:00,0.0881,0.0885,0.0881,0.0885,218160.39
2026-08-03 17:25:00,0.0885,0.0885,0.0882,0.0882,37128.02
2026-08-03 17:30:00,0.0882,0.0884,0.0882,0.0884,27393.43
2026-08-03 17:35:00,0.0883,0.0884,0.088,0.0882,132446.35
2026-08-03 17:40:00,0.0882,0.0882,0.0875,0.0876,389213.06
2026-08-03 17:45:00,0.0876,0.0876,0.0876,0.0876,29107.14
2026-08-03 17:50:00,0.0875,0.0875,0.0871,0.0872,258169.08
2026-08-03 17:55:00,0.0872,0.0874,0.0872,0.0873,91545.69
2026-08-03 18:00:00,0.0873,0.0875,0.0873,0.0875,17657.87
2026-08-03 18:05:00,0.0874,0.0874,0.0874,0.0874,8717.55
2026-08-03 18:10:00,0.0874,0.0875,0.0874,0.0875,27633.66
2026-08-03 18:15:00,0.0876,0.0876,0.0875,0.0875,14922.29
2026-08-03 18:20:00,0.0874,0.0875,0.0874,0.0874,135163.9
2026-08-03 18:25:00,0.0873,0.0873,0.0873,0.0873,17655.32
2026-08-03 18:30:00,0.0873,0.0874,0.0872,0.0873,66456.43
2026-08-03 18:35:00,0.0873,0.0873,0.0873,0.0873,0.0
2026-08-03 18:40:00,0.0873,0.0873,0.0873,0.0873,47914.43
2026-08-03 18:45:00,0.0873,0.0873,0.0872,0.0873,33818.53
2026-08-03 18:50:00,0.0873,0.0873,0.0872,0.0873,94576.21
2026-08-03 18:55:00,0.0874,0.0874,0.0873,0.0873,118887.21
2026-08-03 19:00:00,0.0873,0.0873,0.0873,0.0873,31860.87
2026-08-03 19:05:00,0.0873,0.0874,0.0872,0.0873,153270.22
2026-08-03 19:10:00,0.0873,0.0873,0.0872,0.0873,37395.6
2026-08-03 19:15:00,0.0872,0.0873,0.0872,0.0872,31958.4
2026-08-03 19:20:00,0.0872,0.0874,0.0872,0.0872,31949.22
2026-08-03 19:25:00,0.0872,0.0874,0.0872,0.0873,19868.0
2026-08-03 19:30:00,0.0872,0.0873,0.0872,0.0873,61116.93
2026-08-03 19:35:00,0.0873,0.0873,0.0871,0.0871,2832.17
2026-08-03 19:40:00,0.0872,0.0873,0.0872,0.0873,14180.09
2026-08-03 19:45:00,0.0873,0.0874,0.0873,0.0873,28796.24
2026-08-03 19:50:00,0.0872,0.0873,0.0872,0.0872,8581.47
2026-08-03 19:55:00,0.0871,0.0872,0.0871,0.0871,28670.66
2026-08-03 20:00:00,0.0871,0.0871,0.087,0.0871,80125.6
2026-08-03 20:05:00,0.087,0.0871,0.087,0.0871,33226.8
2026-08-03 20:10:00,0.0871,0.0871,0.0871,0.0871,112.61
2026-08-03 20:15:00,0.0872,0.0874,0.0872,0.0874,15890.54
2026-08-03 20:20:00,0.0874,0.0875,0.0873,0.0874,214457.54
2026-08-03 20:25:00,0.0874,0.0875,0.0874,0.0874,53007.14
2026-08-03 20:30:00,0.0874,0.0875,0.0874,0.0874,15115.75
2026-08-03 20:35:00,0.0874,0.0874,0.0874,0.0874,2624.07
2026-08-03 20:40:00,0.0874,0.0874,0.0874,0.0874,6190.19
2026-08-03 20:45:00,0.0874,0.0874,0.0872,0.0872,33415.58
2026-08-03 20:50:00,0.0872,0.0873,0.0872,0.0873,24785.99
2026-08-03 20:55:00,0.0874,0.0874,0.0873,0.0873,6894.43
2026-08-03 21:00:00,0.0874,0.0875,0.0873,0.0873,18355.03
2026-08-03 21:05:00,0.0873,0.0874,0.0873,0.0874,23992.15
2026-08-03 21:10:00,0.0874,0.0874,0.0873,0.0874,126969.72
2026-08-03 21:15:00,0.0874,0.0874,0.0872,0.0873,10606.71
2026-08-03 21:20:00,0.0873,0.0875,0.0873,0.0875,81107.55
2026-08-03 21:25:00,0.0875,0.0876,0.0874,0.0875,15118.79
2026-08-03 21:30:00,0.0875,0.0875,0.0875,0.0875,296.73
2026-08-03 21:35:00,0.0875,0.0876,0.0875,0.0876,1686.2
2026-08-03 21:40:00,0.0877,0.0878,0.0876,0.0878,40656.54
2026-08-03 21:45:00,0.0878,0.0878,0.0877,0.0877,59513.27
2026-08-03 21:50:00,0.0877,0.0877,0.0876,0.0876,99567.54
2026-08-03 21:55:00,0.0876,0.0876,0.0875,0.0875,189.39
2026-08-03 22:00:00,0.0875,0.0875,0.0874,0.0874,3827.1
2026-08-03 22:05:00,0.0873,0.0873,0.0871,0.0872,51307.33
2026-08-03 22:10:00,0.0872,0.0874,0.0872,0.0873,184310.22
2026-08-03 22:15:00,0.0873,0.0874,0.0873,0.0874,155994.84
2026-08-03 22:20:00,0.0874,0.0874,0.0873,0.0874,11823.96
2026-08-03 22:25:00,0.0874,0.0874,0.0872,0.0872,64985.75
2026-08-03 22:30:00,0.0872,0.0872,0.0871,0.0871,116515.29
2026-08-03 22:35:00,0.0871,0.0871,0.087,0.087,14487.68
2026-08-03 22:40:00,0.087,0.0871,0.087,0.0871,15734.43
2026-08-03 22:45:00,0.087,0.0872,0.087,0.0872,29625.17
2026-08-03 22:50:00,0.0873,0.0874,0.0873,0.0873,30984.67
2026-08-03 22:55:00,0.0873,0.0874,0.0873,0.0873,64671.33
2026-08-03 23:00:00,0.0873,0.0874,0.0873,0.0874,12015.23
2026-08-03 23:05:00,0.0874,0.0878,0.0873,0.0877,384174.73
2026-08-03 23:10:00,0.0877,0.088,0.0877,0.0878,122141.79
2026-08-03 23:15:00,0.0878,0.088,0.0877,0.0879,128589.9
2026-08-03 23:20:00,0.0879,0.088,0.0878,0.088,88784.51
2026-08-03 23:25:00,0.088,0.088,0.0879,0.0879,42236.36
2026-08-03 23:30:00,0.0878,0.0879,0.0878,0.0878,18647.19
2026-08-03 23:35:00,0.0879,0.088,0.0878,0.0879,9213.25
2026-08-03 23:40:00,0.0879,0.0882,0.0879,0.0882,85774.22
2026-08-03 23:45:00,0.0882,0.0883,0.0882,0.0883,17753.72
2026-08-03 23:50:00,0.0883,0.0883,0.0882,0.0882,36925.13
2026-08-03 23:55:00,0.0882,0.0883,0.0882,0.0883,4218.99
2026-08-04 00:00:00,0.0882,0.0884,0.0881,0.0884,79418.18
2026-08-04 00:05:00,0.0884,0.0885,0.0883,0.0884,66807.65
2026-08-04 00:10:00,0.0884,0.0887,0.0884,0.0886,172365.72
2026-08-04 00:15:00,0.0885,0.0886,0.0882,0.0882,74735.67
2026-08-04 00:20:00,0.0881,0.0882,0.088,0.0882,223716.95
2026-08-04 00:25:00,0.0882,0.0882,0.0882,0.0882,18308.31
2026-08-04 00:30:00,0.0881,0.0881,0.088,0.0881,69994.42
2026-08-04 00:35:00,0.0881,0.0881,0.0879,0.0881,31190.73
2026-08-04 00:40:00,0.0881,0.0882,0.0879,0.0882,202650.03
2026-08-04 00:45:00,0.0881,0.0882,0.0881,0.0882,27505.47
2026-08-04 00:50:00,0.0883,0.0883,0.088,0.0881,31466.1
2026-08-04 00:55:00,0.0881,0.0881,0.0879,0.088,27343.51
2026-08-04 01:00:00,0.088,0.0882,0.088,0.0881,71288.43
2026-08-04 01:05:00,0.0881,0.0882,0.0881,0.0882,9871.49
2026-08-04 01:10:00,0.0881,0.0882,0.088,0.0881,63356.4
2026-08-04 01:15:00,0.0881,0.0885,0.0881,0.0883,765535.7
2026-08-04 01:20:00,0.0883,0.0889,0.0883,0.0887,255213.03
2026-08-04 01:25:00,0.0887,0.0887,0.0887,0.0887,33143.66
2026-08-04 01:30:00,0.0888,0.089,0.0888,0.0889,111121.06
2026-08-04 01:35:00,0.089,0.089,0.0889,0.0889,19917.46
2026-08-04 01:40:00,0.089,0.0892,0.0889,0.0892,160239.31
2026-08-04 01:45:00,0.0892,0.0892,0.0891,0.0891,65435.12
2026-08-04 01:50:00,0.0891,0.0892,0.0889,0.0891,341682.27
2026-08-04 01:55:00,0.0891,0.0894,0.0891,0.0894,81879.1
2026-08-04 02:00:00,0.0894,0.0894,0.0892,0.0892,71337.21
2026-08-04 02:05:00,0.0892,0.0893,0.0892,0.0892,181904.59
2026-08-04 02:10:00,0.0892,0.0892,0.089,0.089,38145.61
2026-08-04 02:15:00,0.089,0.0892,0.089,0.0892,167303.73
2026-08-04 02:20:00,0.0892,0.0893,0.0891,0.0893,136676.09
2026-08-04 02:25:00,0.0893,0.0896,0.0893,0.0895,108688.95
2026-08-04 02:30:00,0.0895,0.0895,0.0894,0.0894,74852.07
2026-08-04 02:35:00,0.0894,0.0896,0.0894,0.0895,286183.82
2026-08-04 02:40:00,0.0894,0.0895,0.0893,0.0894,52392.42
2026-08-04 02:45:00,0.0894,0.0895,0.0894,0.0895,19877.44
2026-08-04 02:50:00,0.0894,0.0894,0.089,0.0891,61565.95
2026-08-04 02:55:00,0.0892,0.0892,0.089,0.0892,61992.03
2026-08-04 03:00:00,0.0892,0.0895,0.0892,0.0895,86400.9
2026-08-04 03:05:00,0.0894,0.0894,0.0891,0.0891,53599.7
2026-08-04 03:10:00,0.0891,0.0891,0.0888,0.0889,113575.68
2026-08-04 03:15:00,0.0889,0.089,0.0888,0.0888,271726.79
2026-08-04 03:20:00,0.0888,0.089,0.0888,0.0889,53565.08
2026-08-04 03:25:00,0.0888,0.0891,0.0888,0.0891,79477.05
2026-08-04 03:30:00,0.0891,0.0892,0.0891,0.0891,20695.0
2026-08-04 03:35:00,0.0891,0.0892,0.089,0.0892,18592.32
2026-08-04 03:40:00,0.0892,0.0892,0.0891,0.0891,20353.15
2026-08-04 03:45:00,0.0891,0.0891,0.089,0.0891,24313.62
2026-08-04 03:50:00,0.089,0.0891,0.089,0.0891,97500.35
2026-08-04 03:55:00,0.0891,0.0893,0.0891,0.0893,26082.31
2026-08-04 04:00:00,0.0892,0.0892,0.0891,0.0891,30557.97
2026-08-04 04:05:00,0.089,0.089,0.0889,0.089,50526.75
2026-08-04 04:10:00,0.089,0.0892,0.089,0.0892,82147.92
2026-08-04 04:15:00,0.0892,0.0894,0.0892,0.0894,148193.14
2026-08-04 04:20:00,0.0894,0.0894,0.0892,0.0892,110709.29
2026-08-04 04:25:00,0.0892,0.0892,0.089,0.089,37310.77
2026-08-04 04:30:00,0.089,0.0894,0.089,0.0894,99085.85
2026-08-04 04:35:00,0.0895,0.0896,0.0894,0.0896,66455.57
2026-08-04 04:40:00,0.0896,0.0896,0.0895,0.0895,9124.46
2026-08-04 04:45:00,0.0896,0.0899,0.0895,0.0896,125055.79
2026-08-04 04:50:00,0.0896,0.0897,0.0896,0.0896,20462.84
2026-08-04 04:55:00,0.0896,0.0896,0.0894,0.0895,36688.41
2026-08-04 05:00:00,0.0895,0.0895,0.0894,0.0895,22406.16
2026-08-04 05:05:00,0.0895,0.0896,0.0895,0.0895,18932.0
2026-08-04 05:10:00,0.0894,0.0895,0.0893,0.0894,84103.52
2026-08-04 05:15:00,0.0894,0.0894,0.089,0.0891,281537.21
2026-08-04 05:20:00,0.0891,0.0892,0.0891,0.0892,20287.1
2026-08-04 05:25:00,0.0893,0.0893,0.0892,0.0892,33059.55
2026-08-04 05:30:00,0.0892,0.0893,0.0891,0.0891,17350.51
2026-08-04 05:35:00,0.0891,0.0892,0.0891,0.0892,5427.61
2026-08-04 05:40:00,0.0891,0.0891,0.089,0.0891,10644.73
2026-08-04 05:45:00,0.0891,0.0891,0.089,0.0891,35924.41
2026-08-04 05:50:00,0.0892,0.0892,0.0892,0.0892,6587.39
2026-08-04 05:55:00,0.0892,0.0894,0.0892,0.0894,43252.79
2026-08-04 06:00:00,0.0894,0.0894,0.0893,0.0893,118489.27
2026-08-04 06:05:00,0.0892,0.0893,0.0892,0.0892,15431.96
2026-08-04 06:10:00,0.0893,0.0896,0.0892,0.0894,253867.26
2026-08-04 06:15:00,0.0894,0.0895,0.0893,0.0895,151781.53
2026-08-04 06:20:00,0.0895,0.0895,0.0894,0.0894,13922.51
2026-08-04 06:25:00,0.0893,0.0893,0.0891,0.0891,66337.7
2026-08-04 06:30:00,0.0891,0.0892,0.089,0.0891,6702.84
2026-08-04 06:35:00,0.0891,0.0891,0.0888,0.0888,190768.9
2026-08-04 06:40:00,0.0888,0.0888,0.0888,0.0888,20912.03
2026-08-04 06:45:00,0.0888,0.0888,0.0888,0.0888,13650.41
2026-08-04 06:50:00,0.0888,0.0888,0.0888,0.0888,30942.17
2026-08-04 06:55:00,0.0888,0.0888,0.0888,0.0888,262.8
2026-08-04 07:00:00,0.0887,0.0888,0.0887,0.0888,22440.47
2026-08-04 07:05:00,0.0888,0.0888,0.0887,0.0887,28151.5
2026-08-04 07:10:00,0.0887,0.0887,0.0885,0.0885,433347.01
2026-08-04 07:15:00,0.0885,0.0885,0.0884,0.0885,213031.29
2026-08-04 07:20:00,0.0885,0.0885,0.0884,0.0885,68828.63
2026-08-04 07:25:00,0.0885,0.0886,0.0885,0.0886,8733.94
2026-08-04 07:30:00,0.0887,0.0889,0.0886,0.0889,72303.75
2026-08-04 07:35:00,0.0888,0.0888,0.0887,0.0887,23115.77
2026-08-04 07:40:00,0.0888,0.0888,0.0887,0.0887,38121.05
2026-08-04 07:45:00,0.0888,0.0889,0.0888,0.0889,23647.38
2026-08-04 07:50:00,0.0889,0.0889,0.0888,0.0889,6562.78
2026-08-04 07:55:00,0.089,0.089,0.0889,0.0889,7755.56
2026-08-04 08:00:00,0.0889,0.0889,0.0889,0.0889,27170.31
2026-08-04 08:05:00,0.0889,0.0889,0.0889,0.0889,15283.8
2026-08-04 08:10:00,0.0889,0.0889,0.0889,0.0889,1418.99
2026-08-04 08:15:00,0.0888,0.0888,0.0888,0.0888,13582.0
2026-08-04 08:20:00,0.0888,0.0888,0.0887,0.0887,27211.56
2026-08-04 08:25:00,0.0887,0.0888,0.0887,0.0888,18758.3
2026-08-04 08:30:00,0.0887,0.0887,0.0886,0.0886,71741.34
2026-08-04 08:35:00,0.0886,0.0886,0.0885,0.0886,9565.65
2026-08-04 08:40:00,0.0886,0.0886,0.0886,0.0886,28182.32
2026-08-04 08:45:00,0.0886,0.0886,0.0885,0.0885,27985.59
2026-08-04 08:50:00,0.0885,0.0885,0.0885,0.0885,0.0
2026-08-04 08:55:00,0.0885,0.0885,0.0885,0.0885,31191.58
2026-08-04 09:00:00,0.0884,0.0885,0.0884,0.0884,11318.46
2026-08-04 09:05:00,0.0885,0.0885,0.0884,0.0885,71978.39
2026-08-04 09:10:00,0.0885,0.0885,0.0885,0.0885,35262.47
2026-08-04 09:15:00,0.0885,0.0885,0.0884,0.0884,49367.0
2026-08-04 09:20:00,0.0885,0.0887,0.0884,0.0886,199562.88
2026-08-04 09:25:00,0.0886,0.0886,0.0886,0.0886,8613.88
2026-08-04 09:30:00,0.0885,0.0886,0.0885,0.0885,28862.89
2026-08-04 09:35:00,0.0885,0.0885,0.0884,0.0884,48814.91
2026-08-04 09:40:00,0.0884,0.0885,0.0884,0.0885,10315.57
2026-08-04 09:45:00,0.0885,0.0886,0.0885,0.0885,52332.42
2026-08-04 09:50:00,0.0885,0.0887,0.0885,0.0886,13014.8
2026-08-04 09:55:00,0.0886,0.0887,0.0886,0.0887,2597.19
2026-08-04 10:00:00,0.0886,0.0887,0.0886,0.0886,22882.2
2026-08-04 10:05:00,0.0886,0.0886,0.0885,0.0886,26894.86
2026-08-04 10:10:00,0.0886,0.0886,0.0886,0.0886,3284.71
2026-08-04 10:15:00,0.0886,0.089,0.0885,0.0887,322597.64
2026-08-04 10:20:00,0.0887,0.0889,0.0887,0.0889,18711.47
2026-08-04 10:25:00,0.0888,0.0889,0.0887,0.0887,23307.68
2026-08-04 10:30:00,0.0887,0.0887,0.0885,0.0885,43675.99
2026-08-04 10:35:00,0.0886,0.0886,0.0886,0.0886,1029.7
2026-08-04 10:40:00,0.0886,0.0888,0.0886,0.0888,30257.87
2026-08-04 10:45:00,0.0889,0.0893,0.0889,0.0891,86419.91
2026-08-04 10:50:00,0.0891,0.0893,0.089,0.0891,76355.05
2026-08-04 10:55:00,0.0891,0.0891,0.0891,0.0891,21462.6
2026-08-04 11:00:00,0.0891,0.0892,0.089,0.0891,190594.93
2026-08-04 11:05:00,0.0891,0.0891,0.0888,0.0888,151182.08
2026-08-04 11:10:00,0.0888,0.0888,0.0888,0.0888,0.0
2026-08-04 11:15:00,0.0888,0.0888,0.0887,0.0887,32936.1
2026-08-04 11:20:00,0.0887,0.0888,0.0887,0.0887,12907.72
2026-08-04 11:25:00,0.0886,0.0886,0.0886,0.0886,43139.54
2026-08-04 11:30:00,0.0886,0.0886,0.0885,0.0885,35140.8
2026-08-04 11:35:00,0.0885,0.0885,0.0885,0.0885,0.0
2026-08-04 11:40:00,0.0885,0.0887,0.0885,0.0887,43248.38
2026-08-04 11:45:00,0.0887,0.0888,0.0887,0.0887,25357.41
2026-08-04 11:50:00,0.0888,0.089,0.0888,0.0889,70015.42
2026-08-04 11:55:00,0.089,0.089,0.0888,0.0888,19247.14
2026-08-04 12:00:00,0.0888,0.0888,0.0886,0.0886,22634.95
2026-08-04 12:05:00,0.0886,0.0886,0.0885,0.0885,297867.24
2026-08-04 12:10:00,0.0885,0.0886,0.0885,0.0885,2872.38
2026-08-04 12:15:00,0.0885,0.0885,0.0881,0.0884,137796.54
2026-08-04 12:20:00,0.0884,0.0885,0.0884,0.0885,7732.34
2026-08-04 12:25:00,0.0885,0.0885,0.0884,0.0884,2369.27
2026-08-04 12:30:00,0.0884,0.0884,0.0882,0.0884,32114.75
2026-08-04 12:35:00,0.0884,0.0885,0.0883,0.0884,24541.85
2026-08-04 12:40:00,0.0885,0.0885,0.0883,0.0883,23573.0
2026-08-04 12:45:00,0.0883,0.0883,0.0882,0.0882,48678.44
2026-08-04 12:50:00,0.0882,0.0883,0.088,0.088,124581.78
2026-08-04 12:55:00,0.088,0.0882,0.088,0.0881,40756.19
2026-08-04 13:00:00,0.088,0.088,0.0878,0.088,186761.84
2026-08-04 13:05:00,0.0879,0.088,0.0878,0.0879,106219.98
2026-08-04 13:10:00,0.0878,0.0879,0.0878,0.0879,57357.61
2026-08-04 13:15:00,0.0879,0.0879,0.0878,0.0878,21252.48
2026-08-04 13:20:00,0.0878,0.0881,0.0878,0.0878,354620.39
2026-08-04 13:25:00,0.0878,0.0879,0.0877,0.0878,110159.9
2026-08-04 13:30:00,0.0878,0.0881,0.0878,0.088,114615.78
2026-08-04 13:35:00,0.088,0.0882,0.088,0.0881,94644.8
2026-08-04 13:40:00,0.0881,0.0882,0.0881,0.0881,23811.42
2026-08-04 13:45:00,0.0881,0.0881,0.0878,0.0879,135452.46
2026-08-04 13:50:00,0.088,0.0881,0.0878,0.0878,265987.19
2026-08-04 13:55:00,0.0878,0.0878,0.0876,0.0877,98091.24
2026-08-04 14:00:00,0.0877,0.0878,0.0874,0.0877,219394.1
2026-08-04 14:05:00,0.0877,0.0878,0.0876,0.0876,86722.31
2026-08-04 14:10:00,0.0877,0.0877,0.0876,0.0876,42155.21
2026-08-04 14:15:00,0.0875,0.0876,0.0873,0.0873,89983.49
2026-08-04 14:20:00,0.0873,0.0875,0.0873,0.0874,31813.54
2026-08-04 14:25:00,0.0873,0.0876,0.0873,0.0875,66755.26
2026-08-04 14:30:00,0.0876,0.0877,0.0875,0.0877,62468.36
2026-08-04 14:35:00,0.0876,0.0877,0.0876,0.0877,25630.43
2026-08-04 14:40:00,0.0877,0.0885,0.0877,0.088,873228.43
2026-08-04 14:45:00,0.0879,0.0879,0.0877,0.0877,210168.54
2026-08-04 14:50:00,0.0877,0.0878,0.0877,0.0877,43489.79
2026-08-04 14:55:00,0.0877,0.0879,0.0877,0.0879,77192.45
2026-08-04 15:00:00,0.0879,0.0881,0.0879,0.088,34950.75
2026-08-04 15:05:00,0.0879,0.0879,0.0877,0.0877,77795.13
2026-08-04 15:10:00,0.0877,0.0878,0.0877,0.0878,24799.69
2026-08-04 15:15:00,0.0877,0.0877,0.0876,0.0876,69908.62
2026-08-04 15:20:00,0.0876,0.0876,0.0876,0.0876,0.0
2026-08-04 15:25:00,0.0876,0.0877,0.0875,0.0875,10143.41
2026-08-04 15:30:00,0.0876,0.0877,0.0874,0.0874,30292.94
2026-08-04 15:35:00,0.0875,0.0875,0.0874,0.0875,63223.35
2026-08-04 15:40:00,0.0875,0.0878,0.0875,0.0878,14885.13
2026-08-04 15:45:00,0.0879,0.0882,0.0879,0.0881,157698.82
2026-08-04 15:50:00,0.0881,0.0882,0.0881,0.0881,14026.09
2026-08-04 15:55:00,0.0882,0.0882,0.0881,0.0882,11061.94
2026-08-04 16:00:00,0.0882,0.0884,0.0881,0.0882,76662.3
2026-08-04 16:05:00,0.0882,0.0886,0.0882,0.0884,523525.35
2026-08-04 16:10:00,0.0883,0.0884,0.0883,0.0883,19312.64
2026-08-04 16:15:00,0.0884,0.0884,0.0883,0.0884,47738.19
2026-08-04 16:20:00,0.0884,0.0887,0.0882,0.0887,213392.97
2026-08-04 16:25:00,0.0887,0.0887,0.0882,0.0882,123560.5
2026-08-04 16:30:00,0.0881,0.0882,0.0881,0.0882,47477.27
2026-08-04 16:35:00,0.0882,0.0882,0.0881,0.0881,15672.09
2026-08-04 16:40:00,0.0882,0.0882,0.088,0.0881,25331.66
2026-08-04 16:45:00,0.0882,0.0883,0.0882,0.0883,14460.34
2026-08-04 16:50:00,0.0882,0.0882,0.088,0.088,24181.58
2026-08-04 16:55:00,0.088,0.0881,0.088,0.0881,32725.61
2026-08-04 17:00:00,0.0881,0.0883,0.0881,0.0883,33510.31
2026-08-04 17:05:00,0.0883,0.0884,0.0883,0.0884,81192.2
2026-08-04 17:10:00,0.0883,0.0883,0.0883,0.0883,9682.16
2026-08-04 17:15:00,0.0883,0.0883,0.0881,0.0881,59300.09
2026-08-04 17:20:00,0.0882,0.0883,0.0881,0.0881,62163.47
2026-08-04 17:25:00,0.0881,0.0881,0.0881,0.0881,18766.64
2026-08-04 17:30:00,0.0882,0.0883,0.0882,0.0883,10949.79
2026-08-04 17:35:00,0.0883,0.0883,0.0882,0.0882,9424.32
2026-08-04 17:40:00,0.0882,0.0883,0.0882,0.0883,8408.57
2026-08-04 17:45:00,0.0882,0.0882,0.0881,0.0881,2185.24
2026-08-04 17:50:00,0.0881,0.0881,0.0879,0.088,120843.79
2026-08-04 17:55:00,0.0881,0.0881,0.0881,0.0881,108.51
2026-08-04 18:00:00,0.0881,0.0882,0.0881,0.0882,28397.84
2026-08-04 18:05:00,0.0883,0.0885,0.0883,0.0884,42815.51
2026-08-04 18:10:00,0.0885,0.0886,0.0884,0.0886,40277.68
2026-08-04 18:15:00,0.0887,0.0888,0.0886,0.0886,34327.32
2026-08-04 18:20:00,0.0887,0.0887,0.0886,0.0887,14628.57
2026-08-04 18:25:00,0.0887,0.0887,0.0887,0.0887,25677.63
2026-08-04 18:30:00,0.0888,0.0888,0.0886,0.0886,38702.13
2026-08-04 18:35:00,0.0885,0.0886,0.0885,0.0886,80428.31
2026-08-04 18:40:00,0.0886,0.0886,0.0885,0.0886,56410.89
2026-08-04 18:45:00,0.0886,0.0888,0.0886,0.0887,29811.44
2026-08-04 18:50:00,0.0887,0.0887,0.0886,0.0887,67466.88
2026-08-04 18:55:00,0.0887,0.0887,0.0885,0.0885,6285.29
2026-08-04 19:00:00,0.0886,0.0889,0.0886,0.0887,268847.55
2026-08-04 19:05:00,0.0887,0.0887,0.0886,0.0887,64798.46
2026-08-04 19:10:00,0.0888,0.0888,0.0887,0.0887,18150.95
2026-08-04 19:15:00,0.0888,0.0889,0.0888,0.0888,187463.41
2026-08-04 19:20:00,0.0887,0.0888,0.0886,0.0886,103911.68
2026-08-04 19:25:00,0.0886,0.0886,0.0886,0.0886,14078.92
2026-08-04 19:30:00,0.0886,0.0887,0.0886,0.0887,43053.43
2026-08-04 19:35:00,0.0886,0.0888,0.0885,0.0886,346570.69
2026-08-04 19:40:00,0.0886,0.0887,0.0886,0.0887,21235.75
2026-08-04 19:45:00,0.0886,0.0886,0.0886,0.0886,28505.51
2026-08-04 19:50:00,0.0886,0.0887,0.0885,0.0885,27854.81
2026-08-04 19:55:00,0.0885,0.0886,0.0885,0.0886,43224.54
2026-08-04 20:00:00,0.0887,0.0887,0.0885,0.0885,47632.73
2026-08-04 20:05:00,0.0885,0.0886,0.0885,0.0886,8975.12
2026-08-04 20:10:00,0.0886,0.0886,0.0886,0.0886,26956.43
2026-08-04 20:15:00,0.0886,0.0887,0.0884,0.0884,91388.16
2026-08-04 20:20:00,0.0884,0.0886,0.0884,0.0886,38456.87
2026-08-04 20:25:00,0.0887,0.0887,0.0887,0.0887,15359.91
2026-08-04 20:30:00,0.0887,0.0888,0.0886,0.0886,81747.37
2026-08-04 20:35:00,0.0886,0.089,0.0886,0.089,354835.23
2026-08-04 20:40:00,0.089,0.0892,0.0889,0.0889,275448.99
2026-08-04 20:45:00,0.0889,0.089,0.0888,0.089,303656.0
2026-08-04 20:50:00,0.089,0.089,0.0889,0.0889,61264.89
2026-08-04 20:55:00,0.089,0.089,0.0889,0.0889,20352.44
2026-08-04 21:00:00,0.0889,0.0889,0.0889,0.0889,23204.03
2026-08-04 21:05:00,0.0888,0.0888,0.0888,0.0888,10327.02
2026-08-04 21:10:00,0.0888,0.0888,0.0887,0.0887,31462.92
2026-08-04 21:15:00,0.0887,0.0888,0.0887,0.0887,2948.54
2026-08-04 21:20:00,0.0887,0.0888,0.0887,0.0888,20002.78
2026-08-04 21:25:00,0.0889,0.0889,0.0888,0.0888,11150.78
2026-08-04 21:30:00,0.0887,0.0887,0.0887,0.0887,5536.53
2026-08-04 21:35:00,0.0887,0.0887,0.0887,0.0887,0.0
2026-08-04 21:40:00,0.0887,0.0889,0.0887,0.0889,45248.77
2026-08-04 21:45:00,0.0888,0.0888,0.0887,0.0887,17466.2
2026-08-04 21:50:00,0.0887,0.0888,0.0886,0.0886,25565.14
2026-08-04 21:55:00,0.0886,0.0886,0.0886,0.0886,15252.96
2026-08-04 22:00:00,0.0886,0.0887,0.0886,0.0886,21162.74
2026-08-04 22:05:00,0.0886,0.0886,0.0886,0.0886,18243.6
2026-08-04 22:10:00,0.0886,0.0888,0.0885,0.0887,127608.07
2026-08-04 22:15:00,0.0887,0.0887,0.0887,0.0887,9368.19
2026-08-04 22:20:00,0.0888,0.0889,0.0887,0.0889,12307.45
2026-08-04 22:25:00,0.0888,0.0889,0.0888,0.0889,25981.55
2026-08-04 22:30:00,0.0889,0.089,0.0889,0.089,44659.95
2026-08-04 22:35:00,0.089,0.089,0.0889,0.0889,5228.89
2026-08-04 22:40:00,0.089,0.0894,0.089,0.0892,388534.5
2026-08-04 22:45:00,0.0891,0.0892,0.0891,0.0892,108079.57
2026-08-04 22:50:00,0.0893,0.0893,0.0891,0.0892,17580.93
2026-08-04 22:55:00,0.0893,0.0895,0.0892,0.0895,181244.69
2026-08-04 23:00:00,0.0895,0.0895,0.0891,0.0892,88395.27
2026-08-04 23:05:00,0.0893,0.0894,0.0893,0.0894,5706.05
2026-08-04 23:10:00,0.0894,0.0894,0.0893,0.0893,58321.09
2026-08-04 23:15:00,0.0894,0.0896,0.0894,0.0894,77978.61
2026-08-04 23:20:00,0.0894,0.0894,0.0892,0.0892,27634.78
2026-08-04 23:25:00,0.0892,0.0892,0.0891,0.0891,23700.3
2026-08-04 23:30:00,0.0891,0.0892,0.0891,0.0891,26447.26
2026-08-04 23:35:00,0.0891,0.0892,0.0891,0.0892,23691.61
2026-08-04 23:40:00,0.0892,0.0893,0.0892,0.0892,16976.11
2026-08-04 23:45:00,0.0891,0.0892,0.0891,0.0891,26625.24
2026-08-04 23:50:00,0.0891,0.0892,0.089,0.0891,167320.17
2026-08-04 23:55:00,0.089,0.089,0.0889,0.0889,69169.55
2026-08-05 00:00:00,0.089,0.089,0.0889,0.089,38694.24
2026-08-05 00:05:00,0.089,0.0891,0.0888,0.0891,105326.06
2026-08-05 00:10:00,0.0891,0.0891,0.0889,0.0889,76692.59
2026-08-05 00:15:00,0.0888,0.0888,0.0888,0.0888,3137.4
2026-08-05 00:20:00,0.0888,0.0889,0.0888,0.0889,69204.19
2026-08-05 00:25:00,0.0889,0.0889,0.0888,0.0889,8214.16
2026-08-05 00:30:00,0.0889,0.089,0.0889,0.089,58119.68
2026-08-05 00:35:00,0.0891,0.0892,0.0889,0.0889,37662.18
2026-08-05 00:40:00,0.0888,0.0888,0.0887,0.0888,34697.14
2026-08-05 00:45:00,0.0888,0.0888,0.0888,0.0888,35167.64
2026-08-05 00:50:00,0.0887,0.0887,0.0885,0.0886,69930.64
2026-08-05 00:55:00,0.0887,0.0887,0.0887,0.0887,10309.32
2026-08-05 01:00:00,0.0887,0.0888,0.0886,0.0888,70122.81
2026-08-05 01:05:00,0.0888,0.0888,0.0888,0.0888,11279.22
2026-08-05 01:10:00,0.0888,0.0888,0.0888,0.0888,9741.1
2026-08-05 01:15:00,0.0887,0.0888,0.0887,0.0888,15021.82
2026-08-05 01:20:00,0.0888,0.089,0.0888,0.0889,15339.51
2026-08-05 01:25:00,0.0889,0.089,0.0889,0.089,16078.33
2026-08-05 01:30:00,0.089,0.089,0.0889,0.0889,18039.86
2026-08-05 01:35:00,0.0889,0.089,0.0889,0.089,36902.67
2026-08-05 01:40:00,0.0891,0.0891,0.0889,0.0889,142911.08
2026-08-05 01:45:00,0.0889,0.089,0.0889,0.0889,54736.42
2026-08-05 01:50:00,0.0889,0.089,0.0888,0.089,23525.82
2026-08-05 01:55:00,0.089,0.089,0.0889,0.0889,33483.74
2026-08-05 02:00:00,0.0889,0.0891,0.0888,0.0889,38091.67
2026-08-05 02:05:00,0.0889,0.089,0.0888,0.0889,32986.52
2026-08-05 02:10:00,0.0888,0.0889,0.0888,0.0889,21674.1
2026-08-05 02:15:00,0.089,0.089,0.0886,0.0887,54398.06
2026-08-05 02:20:00,0.0887,0.0889,0.0887,0.0887,102261.77
2026-08-05 02:25:00,0.0888,0.0889,0.0888,0.0889,89684.11
2026-08-05 02:30:00,0.0889,0.089,0.0889,0.089,31336.73
2026-08-05 02:35:00,0.0889,0.0889,0.0889,0.0889,46525.81
2026-08-05 02:40:00,0.0889,0.0891,0.0889,0.089,179930.94
2026-08-05 02:45:00,0.089,0.0891,0.089,0.089,18450.34
2026-08-05 02:50:00,0.089,0.089,0.089,0.089,125.0
2026-08-05 02:55:00,0.089,0.0891,0.089,0.0891,17197.08
2026-08-05 03:00:00,0.089,0.0891,0.089,0.089,37919.95
2026-08-05 03:05:00,0.0889,0.089,0.0889,0.089,36995.89
2026-08-05 03:10:00,0.0889,0.089,0.0887,0.0887,100173.56
2026-08-05 03:15:00,0.0887,0.0887,0.0881,0.0881,584695.8
2026-08-05 03:20:00,0.0881,0.0883,0.0881,0.0883,114486.21
2026-08-05 03:25:00,0.0882,0.0883,0.0882,0.0882,147960.31
2026-08-05 03:30:00,0.0881,0.0883,0.0881,0.0882,38731.0
2026-08-05 03:35:00,0.0883,0.0883,0.0883,0.0883,3671.57
2026-08-05 03:40:00,0.0882,0.0882,0.0882,0.0882,5861.34
2026-08-05 03:45:00,0.0883,0.0883,0.0882,0.0882,1066.28
2026-08-05 03:50:00,0.0882,0.0882,0.0882,0.0882,36345.0
2026-08-05 03:55:00,0.0882,0.0882,0.0881,0.0881,1584.22
2026-08-05 04:00:00,0.0881,0.0882,0.0881,0.0881,33015.61
2026-08-05 04:05:00,0.0881,0.0881,0.088,0.0881,7692.92
2026-08-05 04:10:00,0.0881,0.0882,0.0881,0.0882,12073.58
2026-08-05 04:15:00,0.0881,0.0882,0.0881,0.0882,19152.87
2026-08-05 04:20:00,0.0882,0.0882,0.0882,0.0882,23758.56
2026-08-05 04:25:00,0.0881,0.0881,0.0881,0.0881,1874.42
2026-08-05 04:30:00,0.0882,0.0883,0.0882,0.0882,33148.64
2026-08-05 04:35:00,0.0881,0.0882,0.0881,0.0882,23025.5
2026-08-05 04:40:00,0.0882,0.0882,0.0881,0.0881,40848.92
2026-08-05 04:45:00,0.088,0.088,0.088,0.088,3681.49
2026-08-05 04:50:00,0.088,0.0881,0.088,0.0881,35125.73
2026-08-05 04:55:00,0.088,0.0882,0.088,0.0881,108388.01
2026-08-05 05:00:00,0.088,0.0882,0.088,0.0881,49274.25
2026-08-05 05:05:00,0.0882,0.0883,0.0882,0.0883,3524.25
2026-08-05 05:10:00,0.0883,0.0883,0.0882,0.0883,7788.97
2026-08-05 05:15:00,0.0883,0.0883,0.0883,0.0883,8817.44
2026-08-05 05:20:00,0.0883,0.0883,0.0883,0.0883,32793.97
2026-08-05 05:25:00,0.0884,0.0886,0.0884,0.0886,40087.31
2026-08-05 05:30:00,0.0885,0.0885,0.0885,0.0885,12625.11
2026-08-05 05:35:00,0.0884,0.0884,0.0884,0.0884,57552.29
2026-08-05 05:40:00,0.0884,0.0884,0.0884,0.0884,0.0
2026-08-05 05:45:00,0.0884,0.0886,0.0884,0.0885,26329.51
2026-08-05 05:50:00,0.0885,0.0885,0.0885,0.0885,6688.8
2026-08-05 05:55:00,0.0884,0.0884,0.0884,0.0884,24437.15
2026-08-05 06:00:00,0.0884,0.0884,0.0882,0.0883,19776.85
2026-08-05 06:05:00,0.0883,0.0884,0.0883,0.0883,24727.64
2026-08-05 06:10:00,0.0883,0.0884,0.0882,0.0882,24829.15
2026-08-05 06:15:00,0.0883,0.0883,0.0883,0.0883,7118.25
2026-08-05 06:20:00,0.0883,0.0883,0.0883,0.0883,34553.2
2026-08-05 06:25:00,0.0882,0.0883,0.0882,0.0883,18736.61
2026-08-05 06:30:00,0.0884,0.0884,0.0884,0.0884,25619.4
2026-08-05 06:35:00,0.0885,0.0886,0.0885,0.0886,42077.44
2026-08-05 06:40:00,0.0887,0.0887,0.0886,0.0886,30423.36
2026-08-05 06:45:00,0.0887,0.0888,0.0887,0.0887,27542.65
2026-08-05 06:50:00,0.0888,0.0888,0.0887,0.0888,9739.27
2026-08-05 06:55:00,0.0888,0.0888,0.0887,0.0887,171294.76
2026-08-05 07:00:00,0.0886,0.0887,0.0886,0.0887,31068.96
2026-08-05 07:05:00,0.0887,0.0887,0.0887,0.0887,10297.77
2026-08-05 07:10:00,0.0887,0.0888,0.0887,0.0887,29332.1
2026-08-05 07:15:00,0.0886,0.0886,0.0885,0.0885,55025.01
2026-08-05 07:20:00,0.0885,0.0887,0.0884,0.0886,57756.95
2026-08-05 07:25:00,0.0886,0.0886,0.0886,0.0886,8690.7
2026-08-05 07:30:00,0.0887,0.0887,0.0887,0.0887,4895.43
2026-08-05 07:35:00,0.0886,0.0886,0.0886,0.0886,39958.51
2026-08-05 07:40:00,0.0886,0.0886,0.0884,0.0884,36343.24
2026-08-05 07:45:00,0.0885,0.0886,0.0884,0.0886,45087.23
2026-08-05 07:50:00,0.0885,0.0885,0.0885,0.0885,1524.51
2026-08-05 07:55:00,0.0886,0.0887,0.0886,0.0887,49468.58
2026-08-05 08:00:00,0.0887,0.0887,0.0886,0.0887,20694.51
2026-08-05 08:05:00,0.0888,0.0888,0.0887,0.0887,58636.43
2026-08-05 08:10:00,0.0887,0.0888,0.0887,0.0887,1680.4
2026-08-05 08:15:00,0.0887,0.0887,0.0887,0.0887,29792.64
2026-08-05 08:20:00,0.0888,0.089,0.0887,0.0889,214155.55
2026-08-05 08:25:00,0.0889,0.0892,0.0888,0.0891,119517.52
2026-08-05 08:30:00,0.0891,0.0893,0.089,0.0893,51116.37
2026-08-05 08:35:00,0.0892,0.0893,0.0892,0.0892,66528.54
2026-08-05 08:40:00,0.0892,0.0892,0.0889,0.0889,79471.61
2026-08-05 08:45:00,0.0888,0.0889,0.0887,0.0887,60823.43
2026-08-05 08:50:00,0.0887,0.0887,0.0886,0.0886,20133.71
2026-08-05 08:55:00,0.0886,0.0886,0.0885,0.0885,101489.31
2026-08-05 09:00:00,0.0885,0.0885,0.0885,0.0885,60141.01
2026-08-05 09:05:00,0.0885,0.0887,0.0885,0.0886,55852.46
2026-08-05 09:10:00,0.0886,0.0886,0.0884,0.0885,56708.09
2026-08-05 09:15:00,0.0885,0.0886,0.0885,0.0886,25872.4
2026-08-05 09:20:00,0.0886,0.0886,0.0885,0.0886,56101.92
2026-08-05 09:25:00,0.0886,0.0887,0.0886,0.0887,72516.68
2026-08-05 09:30:00,0.0887,0.0887,0.0886,0.0886,12400.35
2026-08-05 09:35:00,0.0886,0.0887,0.0886,0.0887,23777.47
2026-08-05 09:40:00,0.0886,0.0886,0.0884,0.0885,66225.44
2026-08-05 09:45:00,0.0885,0.0885,0.0884,0.0884,23580.32
2026-08-05 09:50:00,0.0885,0.0885,0.0884,0.0884,372.02
2026-08-05 09:55:00,0.0884,0.0884,0.0883,0.0883,15587.99
2026-08-05 10:00:00,0.0883,0.0884,0.0883,0.0884,267449.85
2026-08-05 10:05:00,0.0884,0.0884,0.0883,0.0883,11107.42
2026-08-05 10:10:00,0.0883,0.0883,0.0881,0.0882,83761.17
2026-08-05 10:15:00,0.0881,0.0881,0.0881,0.0881,179331.27
2026-08-05 10:20:00,0.0881,0.0882,0.0881,0.0882,640.94
2026-08-05 10:25:00,0.0883,0.0883,0.0883,0.0883,6759.0
2026-08-05 10:30:00,0.0884,0.0884,0.0884,0.0884,24365.29
2026-08-05 10:35:00,0.0884,0.0884,0.0884,0.0884,7225.28
2026-08-05 10:40:00,0.0884,0.0885,0.0884,0.0885,8580.79
2026-08-05 10:45:00,0.0884,0.0885,0.0882,0.0882,27470.02
2026-08-05 10:50:00,0.0882,0.0882,0.0881,0.0881,39565.68
2026-08-05 10:55:00,0.0881,0.0882,0.0881,0.0882,41933.71
2026-08-05 11:00:00,0.0882,0.0882,0.0881,0.0882,14868.58
2026-08-05 11:05:00,0.0883,0.0883,0.0882,0.0883,32642.66
2026-08-05 11:10:00,0.0883,0.0883,0.0883,0.0883,56801.26
2026-08-05 11:15:00,0.0883,0.0883,0.0882,0.0882,39971.26
2026-08-05 11:20:00,0.0882,0.0883,0.0881,0.0882,36733.76
2026-08-05 11:25:00,0.0882,0.0882,0.0882,0.0882,16539.89
2026-08-05 11:30:00,0.0882,0.0882,0.0882,0.0882,187.29
2026-08-05 11:35:00,0.0882,0.0882,0.0882,0.0882,43750.0
2026-08-05 11:40:00,0.0882,0.0882,0.0881,0.0882,15398.17
2026-08-05 11:45:00,0.0881,0.0881,0.0881,0.0881,33483.3
2026-08-05 11:50:00,0.0881,0.0882,0.088,0.0881,7405.39
2026-08-05 11:55:00,0.0881,0.0881,0.088,0.088,53606.94
2026-08-05 12:00:00,0.088,0.0883,0.088,0.0882,78553.23
2026-08-05 12:05:00,0.0882,0.0885,0.0882,0.0885,47421.72
2026-08-05 12:10:00,0.0885,0.0885,0.0884,0.0884,73684.35
2026-08-05 12:15:00,0.0883,0.0888,0.0883,0.0887,237710.94
2026-08-05 12:20:00,0.0887,0.0889,0.0887,0.0888,86458.52
2026-08-05 12:25:00,0.0888,0.0888,0.0888,0.0888,16416.56
2026-08-05 12:30:00,0.0888,0.0888,0.0885,0.0886,77981.36
2026-08-05 12:35:00,0.0886,0.0887,0.0885,0.0887,47294.82
2026-08-05 12:40:00,0.0886,0.0887,0.0886,0.0886,46058.85
2026-08-05 12:45:00,0.0886,0.0886,0.0886,0.0886,17826.0
2026-08-05 12:50:00,0.0887,0.0887,0.0884,0.0884,39314.97
2026-08-05 12:55:00,0.0884,0.0884,0.0884,0.0884,6765.79
2026-08-05 13:00:00,0.0884,0.0884,0.0882,0.0883,46011.31
2026-08-05 13:05:00,0.0882,0.0883,0.0881,0.0882,124688.64
2026-08-05 13:10:00,0.0882,0.0882,0.0879,0.088,108902.36
2026-08-05 13:15:00,0.0881,0.0881,0.088,0.0881,63742.59
2026-08-05 13:20:00,0.088,0.088,0.0879,0.0879,56314.74
2026-08-05 13:25:00,0.0879,0.0879,0.0878,0.0879,47303.56
2026-08-05 13:30:00,0.0878,0.0878,0.0866,0.0868,1176349.51
2026-08-05 13:35:00,0.0868,0.0871,0.0865,0.087,441653.54
2026-08-05 13:40:00,0.0869,0.0871,0.0869,0.0869,155440.49
2026-08-05 13:45:00,0.0869,0.087,0.0868,0.0868,162740.32
2026-08-05 13:50:00,0.0868,0.0871,0.0867,0.087,392189.34
2026-08-05 13:55:00,0.0869,0.0871,0.0868,0.087,142662.85
2026-08-05 14:00:00,0.087,0.0871,0.0869,0.0869,41009.1
2026-08-05 14:05:00,0.087,0.0873,0.087,0.0872,59909.36
2026-08-05 14:10:00,0.0873,0.0874,0.0873,0.0874,44439.76
2026-08-05 14:15:00,0.0874,0.0876,0.0874,0.0876,37034.35
2026-08-05 14:20:00,0.0875,0.0876,0.0874,0.0874,92069.88
2026-08-05 14:25:00,0.0874,0.0875,0.0873,0.0875,15135.72
2026-08-05 14:30:00,0.0874,0.0877,0.0873,0.0875,114746.88
2026-08-05 14:35:00,0.0876,0.0877,0.0876,0.0876,96547.65
2026-08-05 14:40:00,0.0876,0.0877,0.0876,0.0877,166782.97
2026-08-05 14:45:00,0.0878,0.0878,0.0877,0.0878,17957.84
2026-08-05 14:50:00,0.0879,0.0879,0.0876,0.0878,232947.99
2026-08-05 14:55:00,0.0878,0.0879,0.0878,0.0878,13274.59
2026-08-05 15:00:00,0.0877,0.088,0.0877,0.0879,76192.19
2026-08-05 15:05:00,0.0879,0.088,0.0878,0.088,86241.5
2026-08-05 15:10:00,0.088,0.088,0.0878,0.0878,166870.76
2026-08-05 15:15:00,0.0878,0.0878,0.0876,0.0877,117740.55
2026-08-05 15:20:00,0.0877,0.0877,0.0876,0.0877,52264.47
2026-08-05 15:25:00,0.0878,0.0879,0.0878,0.0879,18195.81
2026-08-05 15:30:00,0.0879,0.0881,0.0878,0.088,220782.82
2026-08-05 15:35:00,0.088,0.0882,0.088,0.0882,124294.69
2026-08-05 15:40:00,0.0882,0.0882,0.0879,0.0879,38069.25
2026-08-05 15:45:00,0.0878,0.0879,0.0875,0.0876,312334.95
2026-08-05 15:50:00,0.0877,0.0877,0.0874,0.0874,86090.17
2026-08-05 15:55:00,0.0873,0.0874,0.0872,0.0873,104218.7
2026-08-05 16:00:00,0.0872,0.0873,0.0872,0.0873,91614.04
2026-08-05 16:05:00,0.0874,0.0874,0.0873,0.0874,96147.49
2026-08-05 16:10:00,0.0873,0.0874,0.0873,0.0874,46467.61
2026-08-05 16:15:00,0.0874,0.0876,0.0874,0.0876,176442.83
2026-08-05 16:20:00,0.0875,0.0879,0.0875,0.0879,102845.76
2026-08-05 16:25:00,0.0879,0.0889,0.0879,0.0887,703069.66
2026-08-05 16:30:00,0.0886,0.0886,0.0882,0.0882,98417.16
2026-08-05 16:35:00,0.0882,0.0883,0.0881,0.0883,30531.36
2026-08-05 16:40:00,0.0883,0.0884,0.0883,0.0883,77011.68
2026-08-05 16:45:00,0.0883,0.0883,0.0881,0.0882,49624.61
2026-08-05 16:50:00,0.0882,0.0882,0.0882,0.0882,16339.59
2026-08-05 16:55:00,0.0883,0.0885,0.0883,0.0885,20252.96
2026-08-05 17:00:00,0.0885,0.0886,0.0885,0.0885,60281.17
2026-08-05 17:05:00,0.0885,0.0885,0.0883,0.0884,36878.16
2026-08-05 17:10:00,0.0884,0.0884,0.0883,0.0883,13050.32
2026-08-05 17:15:00,0.0884,0.0884,0.0882,0.0884,22946.78
2026-08-05 17:20:00,0.0884,0.0884,0.0884,0.0884,12749.01
2026-08-05 17:25:00,0.0885,0.0885,0.0885,0.0885,21466.66
2026-08-05 17:30:00,0.0885,0.089,0.0885,0.0889,175498.89
2026-08-05 17:35:00,0.0889,0.0893,0.0889,0.0891,111274.84
2026-08-05 17:40:00,0.0892,0.0894,0.0892,0.0893,183521.7
2026-08-05 17:45:00,0.0892,0.0893,0.0891,0.0892,48219.33
2026-08-05 17:50:00,0.0892,0.0894,0.0892,0.0893,47518.87
2026-08-05 17:55:00,0.0892,0.0893,0.089,0.0892,34253.56
2026-08-05 18:00:00,0.0891,0.0893,0.089,0.0893,73305.87
2026-08-05 18:05:00,0.0892,0.0893,0.089,0.089,289871.4
2026-08-05 18:10:00,0.0891,0.0892,0.089,0.0892,38494.79
2026-08-05 18:15:00,0.0891,0.0892,0.0883,0.0885,473434.19
2026-08-05 18:20:00,0.0884,0.0887,0.0884,0.0885,99872.88
2026-08-05 18:25:00,0.0884,0.0885,0.0884,0.0885,13314.79
2026-08-05 18:30:00,0.0884,0.0885,0.0883,0.0884,22332.99
2026-08-05 18:35:00,0.0884,0.0884,0.0884,0.0884,7245.51
2026-08-05 18:40:00,0.0885,0.0885,0.0884,0.0885,868.68
2026-08-05 18:45:00,0.0885,0.0885,0.0884,0.0884,8289.65
2026-08-05 18:50:00,0.0884,0.0885,0.0884,0.0884,11668.18
2026-08-05 18:55:00,0.0884,0.0885,0.0884,0.0885,9798.62
2026-08-05 19:00:00,0.0886,0.0886,0.0884,0.0886,24440.4
2026-08-05 19:05:00,0.0886,0.0886,0.0886,0.0886,7152.94
2026-08-05 19:10:00,0.0886,0.0886,0.0886,0.0886,4091.76
2026-08-05 19:15:00,0.0886,0.0886,0.0884,0.0884,21455.86
2026-08-05 19:20:00,0.0884,0.0884,0.0884,0.0884,54415.51
2026-08-05 19:25:00,0.0885,0.0885,0.0884,0.0884,4162.69
2026-08-05 19:30:00,0.0884,0.0885,0.0884,0.0885,44727.73
2026-08-05 19:35:00,0.0884,0.0885,0.0884,0.0884,7410.96
2026-08-05 19:40:00,0.0884,0.0885,0.0884,0.0884,17977.67
2026-08-05 19:45:00,0.0883,0.0883,0.0882,0.0883,10910.05
2026-08-05 19:50:00,0.0883,0.0883,0.0883,0.0883,20237.03
2026-08-05 19:55:00,0.0884,0.0884,0.0883,0.0883,5276.25
2026-08-05 20:00:00,0.0883,0.0883,0.0882,0.0882,88835.17
2026-08-05 20:05:00,0.0882,0.0883,0.0881,0.0883,63865.45
2026-08-05 20:10:00,0.0883,0.0884,0.0883,0.0884,27016.37
2026-08-05 20:15:00,0.0884,0.0884,0.0884,0.0884,16993.95
2026-08-05 20:20:00,0.0884,0.0886,0.0883,0.0884,161427.83
2026-08-05 20:25:00,0.0883,0.0884,0.0883,0.0884,632.46
2026-08-05 20:30:00,0.0885,0.0885,0.0885,0.0885,29463.57
2026-08-05 20:35:00,0.0885,0.0885,0.0884,0.0884,35152.59
2026-08-05 20:40:00,0.0885,0.0886,0.0885,0.0886,2330.35
2026-08-05 20:45:00,0.0886,0.0886,0.0885,0.0885,2450.45
2026-08-05 20:50:00,0.0885,0.0885,0.0884,0.0884,24932.96
2026-08-05 20:55:00,0.0884,0.0884,0.0883,0.0883,11588.52
2026-08-05 21:00:00,0.0883,0.0883,0.0881,0.0881,32394.84
2026-08-05 21:05:00,0.0881,0.0881,0.088,0.0881,28693.83
2026-08-05 21:10:00,0.0881,0.0881,0.0881,0.0881,20166.13
2026-08-05 21:15:00,0.0881,0.0881,0.0881,0.0881,3857.58
2026-08-05 21:20:00,0.088,0.0881,0.088,0.088,19646.36
2026-08-05 21:25:00,0.088,0.088,0.088,0.088,3487.84
2026-08-05 21:30:00,0.088,0.088,0.0879,0.0879,15621.5
2026-08-05 21:35:00,0.0879,0.0879,0.0879,0.0879,8467.22
2026-08-05 21:40:00,0.088,0.088,0.0879,0.088,9415.95
2026-08-05 21:45:00,0.0879,0.088,0.0879,0.088,2185.68
2026-08-05 21:50:00,0.088,0.0881,0.088,0.0881,5423.64
2026-08-05 21:55:00,0.088,0.088,0.0879,0.0879,12335.48
2026-08-05 22:00:00,0.0879,0.0879,0.0878,0.0878,7762.38
2026-08-05 22:05:00,0.0879,0.0879,0.0879,0.0879,1345.46
2026-08-05 22:10:00,0.0879,0.0879,0.0879,0.0879,5450.24
2026-08-05 22:15:00,0.0878,0.088,0.0878,0.088,39522.74
2026-08-05 22:20:00,0.0879,0.0879,0.0879,0.0879,21874.28
2026-08-05 22:25:00,0.0879,0.0879,0.0879,0.0879,6075.55
2026-08-05 22:30:00,0.0879,0.0879,0.0878,0.0878,34110.54
2026-08-05 22:35:00,0.0878,0.0878,0.0877,0.0878,939.68
2026-08-05 22:40:00,0.0878,0.0879,0.0878,0.0878,19074.39
2026-08-05 22:45:00,0.0878,0.0879,0.0877,0.0878,21221.46
2026-08-05 22:50:00,0.0878,0.0878,0.0877,0.0877,25449.0
2026-08-05 22:55:00,0.0877,0.0878,0.0876,0.0877,50198.77
2026-08-05 23:00:00,0.0876,0.0877,0.0875,0.0876,100533.04
2026-08-05 23:05:00,0.0876,0.0878,0.0876,0.0878,122461.93
2026-08-05 23:10:00,0.0878,0.0878,0.0878,0.0878,16391.35
2026-08-05 23:15:00,0.0878,0.0878,0.0878,0.0878,20776.42
2026-08-05 23:20:00,0.0878,0.0878,0.0878,0.0878,69999.38
2026-08-05 23:25:00,0.0879,0.088,0.0879,0.0879,27078.11
2026-08-05 23:30:00,0.0879,0.088,0.0879,0.088,9982.56
2026-08-05 23:35:00,0.0879,0.0881,0.0879,0.088,27703.64
2026-08-05 23:40:00,0.088,0.088,0.0879,0.0879,84428.39
2026-08-05 23:45:00,0.0879,0.088,0.0879,0.088,81195.18
2026-08-05 23:50:00,0.088,0.088,0.088,0.088,541.58
2026-08-05 23:55:00,0.088,0.088,0.088,0.088,30688.23
2026-08-06 00:00:00,0.088,0.0882,0.088,0.0881,127867.64
2026-08-06 00:05:00,0.0881,0.0883,0.0881,0.0883,29916.18
2026-08-06 00:10:00,0.0882,0.0883,0.0882,0.0883,54399.37
2026-08-06 00:15:00,0.0883,0.0884,0.0883,0.0883,10013.75
2026-08-06 00:20:00,0.0884,0.0885,0.0884,0.0885,42987.45
2026-08-06 00:25:00,0.0885,0.0886,0.0885,0.0885,3112.92
2026-08-06 00:30:00,0.0885,0.0885,0.0884,0.0884,5485.76
2026-08-06 00:35:00,0.0884,0.0884,0.0883,0.0884,2755.39
2026-08-06 00:40:00,0.0884,0.0884,0.0884,0.0884,18019.92
2026-08-06 00:45:00,0.0884,0.0884,0.0882,0.0882,114825.33
2026-08-06 00:50:00,0.0882,0.0884,0.0882,0.0883,21413.8
2026-08-06 00:55:00,0.0883,0.0883,0.0883,0.0883,3338.82
2026-08-06 01:00:00,0.0883,0.0885,0.0883,0.0885,210120.27
2026-08-06 01:05:00,0.0885,0.0885,0.0884,0.0884,27375.33
2026-08-06 01:10:00,0.0884,0.0884,0.0884,0.0884,1154.41
2026-08-06 01:15:00,0.0883,0.0883,0.0883,0.0883,19200.99
2026-08-06 01:20:00,0.0883,0.0883,0.0882,0.0882,21253.92
2026-08-06 01:25:00,0.0882,0.0882,0.0879,0.088,15955.77
2026-08-06 01:30:00,0.0879,0.088,0.0879,0.088,22567.26
2026-08-06 01:35:00,0.0879,0.088,0.0879,0.0879,17815.78
2026-08-06 01:40:00,0.0879,0.0879,0.0879,0.0879,9806.9
2026-08-06 01:45:00,0.0879,0.0879,0.0879,0.0879,6147.76
2026-08-06 01:50:00,0.0879,0.0879,0.0878,0.0878,45876.35
2026-08-06 01:55:00,0.0878,0.0879,0.0876,0.0876,111809.17
2026-08-06 02:00:00,0.0876,0.0876,0.0876,0.0876,25108.85
2026-08-06 02:05:00,0.0876,0.0876,0.0875,0.0876,20644.54
2026-08-06 02:10:00,0.0877,0.0877,0.0875,0.0875,79384.85
2026-08-06 02:15:00,0.0874,0.0875,0.0872,0.0873,85083.5
2026-08-06 02:20:00,0.0872,0.0873,0.0872,0.0873,101611.01
2026-08-06 02:25:00,0.0873,0.0873,0.0872,0.0872,25218.85
2026-08-06 02:30:00,0.0872,0.0873,0.0872,0.0873,38458.2
2026-08-06 02:35:00,0.0873,0.0874,0.0871,0.0872,42139.92
2026-08-06 02:40:00,0.0873,0.0874,0.0873,0.0874,15085.48
2026-08-06 02:45:00,0.0874,0.0874,0.0873,0.0874,19653.89
2026-08-06 02:50:00,0.0874,0.0875,0.0873,0.0873,5603.18
2026-08-06 02:55:00,0.0873,0.0873,0.0873,0.0873,5218.31
2026-08-06 03:00:00,0.0873,0.0873,0.0871,0.0872,24414.15
2026-08-06 03:05:00,0.0872,0.0872,0.087,0.0872,42331.22
2026-08-06 03:10:00,0.0872,0.0872,0.0872,0.0872,2212.21
2026-08-06 03:15:00,0.0872,0.0872,0.0871,0.0871,4945.76
2026-08-06 03:20:00,0.0872,0.0872,0.0872,0.0872,26953.2
2026-08-06 03:25:00,0.0872,0.0873,0.0872,0.0873,38315.43
2026-08-06 03:30:00,0.0872,0.0873,0.0872,0.0872,2668.12
2026-08-06 03:35:00,0.0872,0.0873,0.0872,0.0873,102683.17
2026-08-06 03:40:00,0.0873,0.0874,0.0873,0.0873,5557.02
2026-08-06 03:45:00,0.0873,0.0873,0.0873,0.0873,9568.98
2026-08-06 03:50:00,0.0872,0.0873,0.0872,0.0873,41337.81
2026-08-06 03:55:00,0.0873,0.0873,0.0873,0.0873,63286.01
2026-08-06 04:00:00,0.0873,0.0873,0.0872,0.0873,73486.29
2026-08-06 04:05:00,0.0874,0.0875,0.0874,0.0874,51878.2
2026-08-06 04:10:00,0.0874,0.0874,0.0874,0.0874,0.0
2026-08-06 04:15:00,0.0875,0.0877,0.0875,0.0877,36564.6
2026-08-06 04:20:00,0.0877,0.088,0.0877,0.0879,36818.2
2026-08-06 04:25:00,0.0879,0.0879,0.0878,0.0878,44514.64
2026-08-06 04:30:00,0.0878,0.0879,0.0878,0.0878,277170.07
2026-08-06 04:35:00,0.0878,0.0878,0.0878,0.0878,26953.33
2026-08-06 04:40:00,0.0878,0.0879,0.0877,0.0878,17911.54
2026-08-06 04:45:00,0.0877,0.0877,0.0876,0.0876,6467.9
2026-08-06 04:50:00,0.0877,0.0878,0.0877,0.0878,28646.71
2026-08-06 04:55:00,0.0878,0.0878,0.0878,0.0878,12124.31
2026-08-06 05:00:00,0.0879,0.0882,0.0879,0.0881,121134.08
2026-08-06 05:05:00,0.0881,0.0885,0.0881,0.0883,114840.77
2026-08-06 05:10:00,0.0883,0.0883,0.0882,0.0882,6508.45
2026-08-06 05:15:00,0.0883,0.0884,0.0882,0.0882,33191.47
2026-08-06 05:20:00,0.0882,0.0883,0.0882,0.0883,26336.32
2026-08-06 05:25:00,0.0882,0.0882,0.0881,0.0881,109734.31
2026-08-06 05:30:00,0.0881,0.0881,0.088,0.088,5992.91
2026-08-06 05:35:00,0.088,0.088,0.0879,0.0879,16644.58
2026-08-06 05:40:00,0.0879,0.0879,0.0879,0.0879,9831.21
2026-08-06 05:45:00,0.0879,0.0879,0.0879,0.0879,10468.97
2026-08-06 05:50:00,0.0879,0.0879,0.0878,0.0878,9489.37
2026-08-06 05:55:00,0.0878,0.0878,0.0878,0.0878,2721.34
2026-08-06 06:00:00,0.0878,0.0878,0.0877,0.0878,38376.31
2026-08-06 06:05:00,0.0878,0.0878,0.0877,0.0878,12716.8
2026-08-06 06:10:00,0.0878,0.0879,0.0878,0.0878,63263.09
2026-08-06 06:15:00,0.0877,0.0877,0.0877,0.0877,16787.29
2026-08-06 06:20:00,0.0877,0.0882,0.0877,0.088,65823.74
2026-08-06 06:25:00,0.0881,0.0882,0.088,0.088,35881.97
2026-08-06 06:30:00,0.088,0.088,0.088,0.088,17092.68
2026-08-06 06:35:00,0.088,0.088,0.0879,0.088,16421.91
2026-08-06 06:40:00,0.088,0.0881,0.088,0.088,4017.28
2026-08-06 06:45:00,0.088,0.0881,0.088,0.0881,19712.06
2026-08-06 06:50:00,0.088,0.088,0.0879,0.088,5869.89
2026-08-06 06:55:00,0.0879,0.0879,0.0879,0.0879,794.16
2026-08-06 07:00:00,0.0879,0.0879,0.0878,0.0878,20934.6
2026-08-06 07:05:00,0.0878,0.0879,0.0878,0.0879,29262.66
2026-08-06 07:10:00,0.0879,0.088,0.0879,0.088,7354.83
2026-08-06 07:15:00,0.088,0.0881,0.088,0.088,26038.94
2026-08-06 07:20:00,0.088,0.0881,0.0879,0.088,45104.98
2026-08-06 07:25:00,0.088,0.0881,0.088,0.0881,48775.45
2026-08-06 07:30:00,0.0881,0.0882,0.0881,0.0881,118374.72
2026-08-06 07:35:00,0.0881,0.0881,0.0879,0.088,61620.66
2026-08-06 07:40:00,0.0879,0.0879,0.0878,0.0879,8100.08
2026-08-06 07:45:00,0.0879,0.0879,0.0879,0.0879,3117.61
2026-08-06 07:50:00,0.0878,0.0879,0.0878,0.0879,23534.49
2026-08-06 07:55:00,0.0879,0.0879,0.0878,0.0878,11174.27
2026-08-06 08:00:00,0.0878,0.0879,0.0878,0.0879,63832.4
2026-08-06 08:05:00,0.0878,0.0879,0.0878,0.0879,60710.07
2026-08-06 08:10:00,0.0879,0.088,0.0877,0.0877,74302.8
2026-08-06 08:15:00,0.0877,0.0877,0.0876,0.0876,19804.37
2026-08-06 08:20:00,0.0877,0.0878,0.0877,0.0878,64152.97
2026-08-06 08:25:00,0.0878,0.0878,0.0878,0.0878,2742.11
2026-08-06 08:30:00,0.0878,0.0878,0.0878,0.0878,0.0
2026-08-06 08:35:00,0.0878,0.0878,0.0878,0.0878,16263.27
2026-08-06 08:40:00,0.0878,0.0879,0.0878,0.0879,26890.87
2026-08-06 08:45:00,0.0879,0.0879,0.0878,0.0878,15846.36
2026-08-06 08:50:00,0.0878,0.0881,0.0878,0.0879,27237.92
2026-08-06 08:55:00,0.0879,0.088,0.0879,0.088,11042.15
2026-08-06 09:00:00,0.0879,0.0879,0.0879,0.0879,23410.69
2026-08-06 09:05:00,0.0878,0.0878,0.0876,0.0876,89965.01
2026-08-06 09:10:00,0.0876,0.0876,0.0871,0.0872,144225.22
2026-08-06 09:15:00,0.0872,0.0873,0.0872,0.0872,21684.73
2026-08-06 09:20:00,0.0872,0.0873,0.0872,0.0872,46921.33
2026-08-06 09:25:00,0.0872,0.0873,0.0872,0.0873,45361.45
2026-08-06 09:30:00,0.0872,0.0872,0.087,0.0871,60605.78
2026-08-06 09:35:00,0.0871,0.0873,0.0871,0.0873,19750.97
2026-08-06 09:40:00,0.0873,0.0873,0.0871,0.0871,40367.29
2026-08-06 09:45:00,0.0871,0.0871,0.0869,0.0871,47777.2
2026-08-06 09:50:00,0.0872,0.0872,0.0872,0.0872,2358.11
2026-08-06 09:55:00,0.0872,0.0873,0.0871,0.0872,15770.54
2026-08-06 10:00:00,0.0872,0.0872,0.0869,0.087,292036.59
2026-08-06 10:05:00,0.087,0.0871,0.087,0.087,47595.4
2026-08-06 10:10:00,0.087,0.087,0.0869,0.0869,118619.06
2026-08-06 10:15:00,0.0869,0.0871,0.0869,0.087,213288.85
2026-08-06 10:20:00,0.0871,0.0871,0.0869,0.0869,10073.5
2026-08-06 10:25:00,0.0869,0.0869,0.0869,0.0869,9902.05
2026-08-06 10:30:00,0.0869,0.0869,0.0869,0.0869,10681.49
2026-08-06 10:35:00,0.0869,0.0869,0.0868,0.0868,12101.77
2026-08-06 10:40:00,0.0868,0.0869,0.0867,0.0867,21313.16
2026-08-06 10:45:00,0.0868,0.0869,0.0867,0.0868,3702.89
2026-08-06 10:50:00,0.0868,0.0868,0.0868,0.0868,0.0
2026-08-06 10:55:00,0.0867,0.0867,0.0867,0.0867,40866.58
2026-08-06 11:00:00,0.0867,0.0867,0.0865,0.0866,54900.0
2026-08-06 11:05:00,0.0865,0.0866,0.0865,0.0866,9338.54
2026-08-06 11:10:00,0.0867,0.0867,0.0866,0.0867,961.47
2026-08-06 11:15:00,0.0868,0.0868,0.0868,0.0868,14290.64
2026-08-06 11:20:00,0.0868,0.0869,0.0868,0.0869,10564.48
2026-08-06 11:25:00,0.0868,0.0868,0.0868,0.0868,2104.89
2026-08-06 11:30:00,0.0869,0.0869,0.0869,0.0869,441.94
2026-08-06 11:35:00,0.087,0.0872,0.087,0.0871,13747.87
2026-08-06 11:40:00,0.0871,0.0871,0.087,0.087,14284.44
2026-08-06 11:45:00,0.087,0.087,0.087,0.087,4676.86
2026-08-06 11:50:00,0.0871,0.0871,0.087,0.087,13665.9
2026-08-06 11:55:00,0.087,0.0871,0.087,0.0871,173.62
2026-08-06 12:00:00,0.087,0.087,0.0869,0.0869,13421.56
2026-08-06 12:05:00,0.0869,0.087,0.0869,0.0869,14437.14
2026-08-06 12:10:00,0.0868,0.0868,0.0868,0.0868,8395.31
2026-08-06 12:15:00,0.0868,0.0868,0.0868,0.0868,0.0
2026-08-06 12:20:00,0.0869,0.0869,0.0868,0.0869,14680.53
2026-08-06 12:25:00,0.0869,0.0869,0.0868,0.0868,13242.81
2026-08-06 12:30:00,0.0868,0.0868,0.0868,0.0868,8257.22
2026-08-06 12:35:00,0.0868,0.0869,0.0868,0.0869,49818.53
2026-08-06 12:40:00,0.0869,0.0869,0.0868,0.0868,1653.27
2026-08-06 12:45:00,0.0868,0.0868,0.0868,0.0868,5405.06
2026-08-06 12:50:00,0.0868,0.0868,0.0866,0.0866,19231.07
2026-08-06 12:55:00,0.0866,0.0867,0.0866,0.0866,65296.88
2026-08-06 13:00:00,0.0866,0.0866,0.0865,0.0865,22516.49
2026-08-06 13:05:00,0.0865,0.0865,0.0862,0.0863,131303.12
2026-08-06 13:10:00,0.0863,0.0865,0.0853,0.0854,1322631.45
2026-08-06 13:15:00,0.0854,0.0863,0.0854,0.0862,542879.43
2026-08-06 13:20:00,0.0863,0.0866,0.0863,0.0864,180981.47
2026-08-06 13:25:00,0.0864,0.0865,0.0864,0.0865,25508.97
2026-08-06 13:30:00,0.0865,0.0866,0.0864,0.0866,77061.46
2026-08-06 13:35:00,0.0866,0.0868,0.0866,0.0868,76409.22
2026-08-06 13:40:00,0.0868,0.0869,0.0867,0.0868,90328.32
2026-08-06 13:45:00,0.0868,0.0868,0.0866,0.0867,28040.97
2026-08-06 13:50:00,0.0868,0.0868,0.0867,0.0867,2878.65
2026-08-06 13:55:00,0.0868,0.0869,0.0868,0.0869,87997.83
2026-08-06 14:00:00,0.0868,0.0869,0.0867,0.0869,44899.62
2026-08-06 14:05:00,0.0869,0.0869,0.0869,0.0869,7207.92
2026-08-06 14:10:00,0.0869,0.0869,0.0868,0.0868,155357.14
2026-08-06 14:15:00,0.0867,0.0867,0.0865,0.0865,194212.8
2026-08-06 14:20:00,0.0866,0.0867,0.0866,0.0866,25962.68
2026-08-06 14:25:00,0.0866,0.0866,0.0865,0.0865,5870.81
2026-08-06 14:30:00,0.0865,0.0866,0.0863,0.0866,23330.86
2026-08-06 14:35:00,0.0866,0.0869,0.0866,0.0866,79237.72
2026-08-06 14:40:00,0.0866,0.087,0.0866,0.087,120101.92
2026-08-06 14:45:00,0.0869,0.0869,0.0868,0.0868,55653.22
2026-08-06 14:50:00,0.0867,0.0867,0.0867,0.0867,44271.94
2026-08-06 14:55:00,0.0868,0.0869,0.0868,0.0869,29534.79
2026-08-06 15:00:00,0.0869,0.087,0.0868,0.0868,61342.97
2026-08-06 15:05:00,0.0868,0.0872,0.0868,0.087,103847.24
2026-08-06 15:10:00,0.087,0.0871,0.0869,0.0869,20373.2
2026-08-06 15:15:00,0.087,0.0871,0.087,0.087,40293.15
2026-08-06 15:20:00,0.087,0.0871,0.087,0.0871,19514.16
2026-08-06 15:25:00,0.0871,0.0872,0.0871,0.0872,25487.38
2026-08-06 15:30:00,0.0873,0.0874,0.0873,0.0873,73703.06
2026-08-06 15:35:00,0.0873,0.0874,0.0873,0.0874,69708.83
2026-08-06 15:40:00,0.0874,0.0875,0.0873,0.0873,9833.06
2026-08-06 15:45:00,0.0873,0.0876,0.0873,0.0875,29631.48
2026-08-06 15:50:00,0.0876,0.0876,0.0874,0.0874,75205.92
2026-08-06 15:55:00,0.0874,0.0875,0.0873,0.0874,5963.77
2026-08-06 16:00:00,0.0874,0.0874,0.0873,0.0874,49438.56
2026-08-06 16:05:00,0.0874,0.0874,0.0873,0.0874,35035.7
2026-08-06 16:10:00,0.0874,0.0874,0.0873,0.0873,32397.42
2026-08-06 16:15:00,0.0873,0.0874,0.0873,0.0874,24907.34
2026-08-06 16:20:00,0.0873,0.0874,0.0873,0.0874,39711.3
2026-08-06 16:25:00,0.0874,0.0875,0.0873,0.0875,13055.56
2026-08-06 16:30:00,0.0876,0.0876,0.0875,0.0875,34986.61
2026-08-06 16:35:00,0.0876,0.088,0.0876,0.0878,328643.6
2026-08-06 16:40:00,0.0878,0.0882,0.0878,0.0881,146484.75
2026-08-06 16:45:00,0.0881,0.0882,0.088,0.0881,120048.45
2026-08-06 16:50:00,0.0881,0.0883,0.0881,0.0882,116236.73
2026-08-06 16:55:00,0.0883,0.0883,0.0882,0.0882,24977.19
2026-08-06 17:00:00,0.0883,0.0886,0.0883,0.0883,249710.62
2026-08-06 17:05:00,0.0883,0.0883,0.088,0.0881,8727.28
2026-08-06 17:10:00,0.0882,0.0882,0.0881,0.0882,41525.14
2026-08-06 17:15:00,0.0882,0.0882,0.0881,0.0881,2319.07
2026-08-06 17:20:00,0.0882,0.0882,0.0881,0.0881,8077.78
2026-08-06 17:25:00,0.0882,0.0882,0.0879,0.0879,126165.67
2026-08-06 17:30:00,0.088,0.0881,0.088,0.0881,73023.69
2026-08-06 17:35:00,0.088,0.088,0.0878,0.0878,40137.1
2026-08-06 17:40:00,0.0877,0.0879,0.0876,0.0878,144529.32
2026-08-06 17:45:00,0.0877,0.0878,0.0876,0.0877,15305.36
2026-08-06 17:50:00,0.0876,0.0877,0.0875,0.0876,10238.9
2026-08-06 17:55:00,0.0877,0.0877,0.0877,0.0877,1000.0
2026-08-06 18:00:00,0.0877,0.0877,0.0875,0.0876,22526.44
2026-08-06 18:05:00,0.0875,0.0876,0.0874,0.0875,25476.47
2026-08-06 18:10:00,0.0875,0.0877,0.0875,0.0877,10114.35
2026-08-06 18:15:00,0.0876,0.0877,0.0875,0.0877,32541.73
2026-08-06 18:20:00,0.0876,0.0877,0.0875,0.0875,33770.6
2026-08-06 18:25:00,0.0875,0.0875,0.0874,0.0874,29287.62
2026-08-06 18:30:00,0.0874,0.0874,0.0871,0.0872,196100.96
2026-08-06 18:35:00,0.0872,0.0872,0.0871,0.0871,28164.81
2026-08-06 18:40:00,0.0871,0.0871,0.0869,0.087,88866.39
2026-08-06 18:45:00,0.087,0.0871,0.0869,0.0869,68199.12
2026-08-06 18:50:00,0.0869,0.0869,0.0868,0.0869,34553.54
2026-08-06 18:55:00,0.0868,0.0869,0.0868,0.0869,35476.35
2026-08-06 19:00:00,0.0869,0.087,0.0868,0.087,20806.43
2026-08-06 19:05:00,0.0869,0.0869,0.0869,0.0869,14512.53
2026-08-06 19:10:00,0.087,0.087,0.0869,0.0869,7856.79
2026-08-06 19:15:00,0.0869,0.0869,0.0868,0.0869,15408.44
2026-08-06 19:20:00,0.0868,0.0869,0.0868,0.0869,2550.16
2026-08-06 19:25:00,0.0868,0.0868,0.0868,0.0868,8128.88
2026-08-06 19:30:00,0.0868,0.0868,0.0868,0.0868,0.0
2026-08-06 19:35:00,0.0868,0.0868,0.0868,0.0868,8748.3
2026-08-06 19:40:00,0.0867,0.0867,0.0866,0.0867,27070.42
2026-08-06 19:45:00,0.0867,0.0867,0.0867,0.0867,29983.08
2026-08-06 19:50:00,0.0867,0.0868,0.0866,0.0867,113377.48
2026-08-06 19:55:00,0.0867,0.0867,0.0866,0.0866,17436.55
2026-08-06 20:00:00,0.0866,0.0867,0.0866,0.0867,6134.5
2026-08-06 20:05:00,0.0867,0.0867,0.0867,0.0867,5936.34
2026-08-06 20:10:00,0.0867,0.0867,0.0867,0.0867,26576.19
2026-08-06 20:15:00,0.0867,0.0868,0.0866,0.0866,11349.36
2026-08-06 20:20:00,0.0866,0.0867,0.0866,0.0866,29343.11
2026-08-06 20:25:00,0.0866,0.0866,0.0865,0.0866,22920.35
2026-08-06 20:30:00,0.0866,0.0866,0.0866,0.0866,5898.67
2026-08-06 20:35:00,0.0867,0.0868,0.0867,0.0868,15985.14
2026-08-06 20:40:00,0.0868,0.087,0.0868,0.0869,13661.28
2026-08-06 20:45:00,0.0869,0.0869,0.0866,0.0866,12512.32
2026-08-06 20:50:00,0.0867,0.0867,0.0867,0.0867,10214.77
2026-08-06 20:55:00,0.0867,0.0867,0.0866,0.0866,38788.68
2026-08-06 21:00:00,0.0867,0.0867,0.0867,0.0867,95206.64
2026-08-06 21:05:00,0.0867,0.0867,0.0866,0.0866,6683.52
2026-08-06 21:10:00,0.0866,0.0866,0.0866,0.0866,29304.66
2026-08-06 21:15:00,0.0867,0.0868,0.0865,0.0865,39513.6
2026-08-06 21:20:00,0.0866,0.0866,0.0865,0.0866,8247.8
2026-08-06 21:25:00,0.0866,0.0866,0.0866,0.0866,0.0
2026-08-06 21:30:00,0.0865,0.0866,0.0865,0.0865,1359.05
2026-08-06 21:35:00,0.0865,0.0866,0.0865,0.0866,17073.32
2026-08-06 21:40:00,0.0866,0.0867,0.0865,0.0865,236985.98
2026-08-06 21:45:00,0.0865,0.0866,0.0864,0.0866,201417.36
2026-08-06 21:50:00,0.0867,0.0871,0.0867,0.087,178883.93
2026-08-06 21:55:00,0.087,0.087,0.087,0.087,0.0
2026-08-06 22:00:00,0.0869,0.087,0.0869,0.087,154590.12
2026-08-06 22:05:00,0.0869,0.0869,0.0869,0.0869,2774.6
2026-08-06 22:10:00,0.0869,0.087,0.0869,0.087,2516.73
2026-08-06 22:15:00,0.0869,0.0869,0.0867,0.0868,13410.95
2026-08-06 22:20:00,0.0868,0.0868,0.0866,0.0866,5073.04
2026-08-06 22:25:00,0.0866,0.0866,0.0865,0.0866,47150.24
2026-08-06 22:30:00,0.0865,0.0865,0.0863,0.0864,90606.16
2026-08-06 22:35:00,0.0864,0.0864,0.0864,0.0864,7233.81
2026-08-06 22:40:00,0.0864,0.0864,0.0862,0.0863,23869.31
2026-08-06 22:45:00,0.0864,0.0864,0.0861,0.0861,54292.4
2026-08-06 22:50:00,0.0862,0.0862,0.0862,0.0862,75709.26
2026-08-06 22:55:00,0.0862,0.0862,0.0862,0.0862,7335.16
2026-08-06 23:00:00,0.0861,0.0861,0.086,0.0861,87656.09
2026-08-06 23:05:00,0.0861,0.0861,0.0861,0.0861,1397.43
2026-08-06 23:10:00,0.0861,0.0862,0.0861,0.0862,27013.46
2026-08-06 23:15:00,0.0861,0.0862,0.0861,0.0861,56945.61
2026-08-06 23:20:00,0.086,0.086,0.0859,0.0859,24166.71
2026-08-06 23:25:00,0.086,0.0861,0.086,0.086,39632.67
2026-08-06 23:30:00,0.086,0.0861,0.086,0.0861,9212.41
2026-08-06 23:35:00,0.0861,0.0861,0.0859,0.0859,46044.4
2026-08-06 23:40:00,0.0859,0.086,0.0859,0.086,23538.29
2026-08-06 23:45:00,0.086,0.086,0.086,0.086,5704.66
2026-08-06 23:50:00,0.086,0.086,0.086,0.086,105019.31
2026-08-06 23:55:00,0.0861,0.0863,0.0861,0.0863,34788.15
2026-08-07 00:00:00,0.0862,0.0864,0.0862,0.0863,183453.0
2026-08-07 00:05:00,0.0864,0.0865,0.0864,0.0865,49265.43
2026-08-07 00:10:00,0.0866,0.0866,0.0865,0.0866,53294.04
2026-08-07 00:15:00,0.0866,0.0866,0.0865,0.0865,9898.68
2026-08-07 00:20:00,0.0865,0.0865,0.0865,0.0865,15155.6
2026-08-07 00:25:00,0.0866,0.0867,0.0866,0.0867,13266.28
2026-08-07 00:30:00,0.0866,0.0867,0.0866,0.0867,53452.34
2026-08-07 00:35:00,0.0867,0.0868,0.0867,0.0868,8843.85
2026-08-07 00:40:00,0.0868,0.0868,0.0867,0.0868,37316.38
2026-08-07 00:45:00,0.0868,0.0869,0.0867,0.0867,13818.12
2026-08-07 00:50:00,0.0867,0.0869,0.0867,0.0869,18288.68
2026-08-07 00:55:00,0.0869,0.0871,0.0868,0.0871,48642.72
2026-08-07 01:00:00,0.0871,0.0872,0.087,0.0872,87323.49
2026-08-07 01:05:00,0.0872,0.0872,0.0871,0.0872,22718.17
2026-08-07 01:10:00,0.0872,0.0872,0.0872,0.0872,7598.14
2026-08-07 01:15:00,0.0872,0.0873,0.0871,0.0873,59229.69
2026-08-07 01:20:00,0.0872,0.0872,0.0872,0.0872,3097.91
2026-08-07 01:25:00,0.0872,0.0874,0.0872,0.0873,167026.44
2026-08-07 01:30:00,0.0873,0.0876,0.0873,0.0876,112413.19
2026-08-07 01:35:00,0.0876,0.0877,0.0874,0.0874,48619.91
2026-08-07 01:40:00,0.0874,0.0876,0.0873,0.0876,32079.8
2026-08-07 01:45:00,0.0877,0.0877,0.0876,0.0876,37048.42
2026-08-07 01:50:00,0.0876,0.0876,0.0875,0.0875,71694.25
2026-08-07 01:55:00,0.0876,0.0876,0.0875,0.0876,40378.83
2026-08-07 02:00:00,0.0876,0.0879,0.0876,0.0876,207861.64
2026-08-07 02:05:00,0.0876,0.0876,0.0874,0.0874,442329.8
2026-08-07 02:10:00,0.0875,0.0875,0.0873,0.0874,71995.39
2026-08-07 02:15:00,0.0875,0.0878,0.0875,0.0876,245728.26
2026-08-07 02:20:00,0.0875,0.0875,0.0873,0.0874,29827.87
2026-08-07 02:25:00,0.0875,0.0876,0.0874,0.0875,30233.66
2026-08-07 02:30:00,0.0875,0.0876,0.0874,0.0875,45358.24
2026-08-07 02:35:00,0.0876,0.0876,0.0875,0.0876,61029.77
2026-08-07 02:40:00,0.0876,0.0879,0.0876,0.0879,214295.15
2026-08-07 02:45:00,0.0879,0.0879,0.0877,0.0877,47036.42
2026-08-07 02:50:00,0.0877,0.0878,0.0877,0.0877,27814.34
2026-08-07 02:55:00,0.0878,0.0878,0.0877,0.0878,26746.17
2026-08-07 03:00:00,0.0878,0.0878,0.0877,0.0878,32444.9
2026-08-07 03:05:00,0.0878,0.0879,0.0878,0.0879,5807.74
2026-08-07 03:10:00,0.0879,0.0879,0.0878,0.0878,11707.76
2026-08-07 03:15:00,0.0878,0.0882,0.0878,0.088,311004.9
2026-08-07 03:20:00,0.088,0.088,0.0878,0.0878,97159.71
2026-08-07 03:25:00,0.0878,0.0882,0.0878,0.0882,78813.83
2026-08-07 03:30:00,0.0882,0.0882,0.0881,0.0882,19860.48
2026-08-07 03:35:00,0.0881,0.0882,0.0881,0.0881,62758.99
2026-08-07 03:40:00,0.0881,0.0882,0.0881,0.0881,40103.08
2026-08-07 03:45:00,0.0881,0.0881,0.0879,0.0879,4139.69
2026-08-07 03:50:00,0.0879,0.0879,0.0877,0.0877,48116.93
2026-08-07 03:55:00,0.0877,0.0877,0.0876,0.0877,2404.63
2026-08-07 04:00:00,0.0876,0.0879,0.0875,0.0879,78539.13
2026-08-07 04:05:00,0.088,0.0881,0.088,0.0881,35845.74
2026-08-07 04:10:00,0.088,0.088,0.0878,0.0879,24775.59
2026-08-07 04:15:00,0.0879,0.088,0.0879,0.088,14185.69
2026-08-07 04:20:00,0.0881,0.0882,0.088,0.088,114744.45
2026-08-07 04:25:00,0.088,0.088,0.0879,0.0879,60348.19
2026-08-07 04:30:00,0.0878,0.0879,0.0874,0.0874,200679.63
2026-08-07 04:35:00,0.0874,0.0874,0.0873,0.0873,33302.97
2026-08-07 04:40:00,0.0873,0.0873,0.0872,0.0873,16525.11
2026-08-07 04:45:00,0.0873,0.0875,0.0872,0.0875,24709.59
2026-08-07 04:50:00,0.0874,0.0875,0.0873,0.0873,8245.45
2026-08-07 04:55:00,0.0873,0.0874,0.0873,0.0874,11215.0
2026-08-07 05:00:00,0.0875,0.0877,0.0874,0.0876,126019.69
2026-08-07 05:05:00,0.0876,0.0876,0.0875,0.0876,23527.22
2026-08-07 05:10:00,0.0875,0.0879,0.0875,0.0879,67742.86
2026-08-07 05:15:00,0.0879,0.0879,0.0876,0.0876,70792.68
2026-08-07 05:20:00,0.0876,0.0879,0.0876,0.0878,139544.36
2026-08-07 05:25:00,0.0878,0.0878,0.0877,0.0877,42683.81
2026-08-07 05:30:00,0.0877,0.0877,0.0874,0.0874,111129.8
2026-08-07 05:35:00,0.0875,0.0878,0.0875,0.0877,75222.59
2026-08-07 05:40:00,0.0877,0.0878,0.0876,0.0877,46205.66
2026-08-07 05:45:00,0.0877,0.0881,0.0877,0.0881,79721.46
2026-08-07 05:50:00,0.0881,0.0886,0.0881,0.0882,261094.53
2026-08-07 05:55:00,0.0882,0.0889,0.0882,0.0886,351951.76
2026-08-07 06:00:00,0.0887,0.0887,0.0885,0.0887,33512.1
2026-08-07 06:05:00,0.0887,0.0887,0.0885,0.0885,26530.87
2026-08-07 06:10:00,0.0885,0.0886,0.0884,0.0886,60885.72
2026-08-07 06:15:00,0.0887,0.0887,0.0885,0.0886,54441.61
2026-08-07 06:20:00,0.0887,0.0889,0.0886,0.0887,108405.31
2026-08-07 06:25:00,0.0887,0.0888,0.0887,0.0888,19001.26
2026-08-07 06:30:00,0.0888,0.0889,0.0887,0.0887,63642.74
2026-08-07 06:35:00,0.0887,0.0891,0.0887,0.0889,339786.3
2026-08-07 06:40:00,0.089,0.089,0.0889,0.089,34194.92
2026-08-07 06:45:00,0.0891,0.0891,0.0888,0.0889,134420.79
2026-08-07 06:50:00,0.0889,0.0894,0.0888,0.0892,292976.54
2026-08-07 06:55:00,0.0892,0.0893,0.0891,0.0892,214762.04
2026-08-07 07:00:00,0.0891,0.0891,0.089,0.0891,61756.91
2026-08-07 07:05:00,0.0891,0.0891,0.089,0.0891,25255.61
2026-08-07 07:10:00,0.0891,0.0891,0.0889,0.089,23004.87
2026-08-07 07:15:00,0.089,0.089,0.0888,0.0889,14087.37
2026-08-07 07:20:00,0.0889,0.0891,0.0889,0.089,135517.71
2026-08-07 07:25:00,0.089,0.089,0.0889,0.0889,60726.42
2026-08-07 07:30:00,0.0889,0.089,0.0889,0.089,18367.03
2026-08-07 07:35:00,0.089,0.089,0.0888,0.0888,16257.7
2026-08-07 07:40:00,0.0887,0.0889,0.0887,0.0888,26972.38
2026-08-07 07:45:00,0.0888,0.0888,0.0888,0.0888,36428.27
2026-08-07 07:50:00,0.0888,0.089,0.0888,0.089,11329.09
2026-08-07 07:55:00,0.089,0.0893,0.089,0.0893,98750.64
2026-08-07 08:00:00,0.0893,0.0894,0.0891,0.0891,43381.96
2026-08-07 08:05:00,0.0892,0.0892,0.089,0.089,58160.81
2026-08-07 08:10:00,0.089,0.0891,0.0889,0.089,67790.92
2026-08-07 08:15:00,0.0889,0.0891,0.0889,0.0891,78372.67
2026-08-07 08:20:00,0.089,0.089,0.0889,0.089,49427.74
2026-08-07 08:25:00,0.0889,0.0889,0.0888,0.0888,81528.35
2026-08-07 08:30:00,0.0888,0.0897,0.0888,0.0892,918087.93
2026-08-07 08:35:00,0.0891,0.0892,0.089,0.089,94138.65
2026-08-07 08:40:00,0.0889,0.0891,0.0888,0.0891,258160.21
2026-08-07 08:45:00,0.0891,0.0891,0.089,0.089,22274.53
2026-08-07 08:50:00,0.089,0.089,0.0888,0.0888,39615.99
2026-08-07 08:55:00,0.0889,0.0889,0.0889,0.0889,34541.34
2026-08-07 09:00:00,0.0888,0.0888,0.0887,0.0887,196623.97
2026-08-07 09:05:00,0.0887,0.0887,0.0886,0.0887,307373.63
2026-08-07 09:10:00,0.0886,0.0887,0.0886,0.0886,90911.9
2026-08-07 09:15:00,0.0886,0.0887,0.0885,0.0885,158994.79
2026-08-07 09:20:00,0.0885,0.0887,0.0885,0.0887,546938.43
2026-08-07 09:25:00,0.0887,0.0889,0.0886,0.0888,55123.2
2026-08-07 09:30:00,0.0888,0.0889,0.0887,0.0889,71683.21
2026-08-07 09:35:00,0.0889,0.089,0.0888,0.0889,15390.22
2026-08-07 09:40:00,0.0888,0.0889,0.0888,0.0889,19981.22
2026-08-07 09:45:00,0.0889,0.089,0.0887,0.0887,9029.72
2026-08-07 09:50:00,0.0887,0.0887,0.0887,0.0887,6105.39
2026-08-07 09:55:00,0.0887,0.0887,0.0887,0.0887,18409.15
2026-08-07 10:00:00,0.0888,0.0888,0.0887,0.0888,20240.36
2026-08-07 10:05:00,0.0888,0.0888,0.0887,0.0887,20220.02
2026-08-07 10:10:00,0.0886,0.0886,0.0885,0.0885,1566.98
2026-08-07 10:15:00,0.0886,0.0887,0.0885,0.0887,27621.91
2026-08-07 10:20:00,0.0886,0.0887,0.0886,0.0886,3936.52
2026-08-07 10:25:00,0.0886,0.0886,0.0886,0.0886,7576.08
2026-08-07 10:30:00,0.0886,0.0887,0.0886,0.0887,39386.98
2026-08-07 10:35:00,0.0886,0.0886,0.0885,0.0886,24454.04
2026-08-07 10:40:00,0.0886,0.0886,0.0885,0.0885,11830.21
2026-08-07 10:45:00,0.0886,0.0887,0.0886,0.0886,27948.22
2026-08-07 10:50:00,0.0886,0.0886,0.0885,0.0886,10192.97
2026-08-07 10:55:00,0.0886,0.0886,0.0886,0.0886,15437.0
2026-08-07 11:00:00,0.0887,0.0887,0.0886,0.0887,105538.69
2026-08-07 11:05:00,0.0887,0.0887,0.0886,0.0886,12735.58
2026-08-07 11:10:00,0.0887,0.0887,0.0886,0.0887,21677.82
2026-08-07 11:15:00,0.0886,0.0889,0.0886,0.0889,214648.73
2026-08-07 11:20:00,0.0889,0.0892,0.0889,0.0891,34835.16
2026-08-07 11:25:00,0.089,0.0891,0.0889,0.089,59192.5
2026-08-07 11:30:00,0.089,0.089,0.0887,0.0887,72714.68
2026-08-07 11:35:00,0.0887,0.0887,0.0887,0.0887,8074.87
2026-08-07 11:40:00,0.0887,0.0887,0.0886,0.0887,103236.37
2026-08-07 11:45:00,0.0886,0.0887,0.0886,0.0887,165773.28
2026-08-07 11:50:00,0.0886,0.0888,0.0886,0.0888,22606.24
2026-08-07 11:55:00,0.0888,0.0889,0.0887,0.0889,20734.39
2026-08-07 12:00:00,0.0889,0.089,0.0888,0.089,26936.32
2026-08-07 12:05:00,0.0891,0.0894,0.0891,0.0893,94576.29
2026-08-07 12:10:00,0.0894,0.0895,0.0893,0.0893,73564.07
2026-08-07 12:15:00,0.0893,0.0893,0.0891,0.0891,172867.13
2026-08-07 12:20:00,0.089,0.089,0.0889,0.0889,41304.28
2026-08-07 12:25:00,0.0889,0.0889,0.0887,0.0889,241369.87
2026-08-07 12:30:00,0.0889,0.0894,0.0885,0.0885,907119.58
2026-08-07 12:35:00,0.0886,0.0886,0.0884,0.0884,783633.03
2026-08-07 12:40:00,0.0883,0.0884,0.0883,0.0884,82393.69
2026-08-07 12:45:00,0.0884,0.0885,0.0884,0.0884,40452.42
2026-08-07 12:50:00,0.0884,0.0886,0.0884,0.0886,105129.97
2026-08-07 12:55:00,0.0885,0.0885,0.0882,0.0883,68668.06
2026-08-07 13:00:00,0.0884,0.0884,0.0882,0.0882,87492.95
2026-08-07 13:05:00,0.0882,0.0883,0.0881,0.0882,96092.0
2026-08-07 13:10:00,0.0882,0.0882,0.0879,0.0879,139246.47
2026-08-07 13:15:00,0.0879,0.088,0.0879,0.088,9223.5
2026-08-07 13:20:00,0.0881,0.0882,0.0881,0.0881,39969.47
2026-08-07 13:25:00,0.088,0.0881,0.088,0.0881,30248.18
2026-08-07 13:30:00,0.0881,0.0882,0.0879,0.0882,60059.51
2026-08-07 13:35:00,0.0882,0.0883,0.0881,0.0883,88873.73
2026-08-07 13:40:00,0.0883,0.0884,0.0881,0.0883,21086.92
2026-08-07 13:45:00,0.0883,0.0883,0.0881,0.0881,36875.6
2026-08-07 13:50:00,0.0882,0.0882,0.088,0.088,87504.96
2026-08-07 13:55:00,0.0879,0.088,0.0879,0.088,17167.29
2026-08-07 14:00:00,0.088,0.088,0.0877,0.0878,55396.13
2026-08-07 14:05:00,0.0877,0.0878,0.0877,0.0877,73569.25
2026-08-07 14:10:00,0.0878,0.0878,0.0876,0.0876,37159.63
2026-08-07 14:15:00,0.0877,0.0878,0.0876,0.0878,92364.65
2026-08-07 14:20:00,0.0878,0.088,0.0878,0.0879,4564.52
2026-08-07 14:25:00,0.0879,0.088,0.0878,0.0879,23380.86
2026-08-07 14:30:00,0.0878,0.0879,0.0877,0.0878,21649.65
2026-08-07 14:35:00,0.0878,0.0879,0.0877,0.0877,26937.4
2026-08-07 14:40:00,0.0877,0.0878,0.0875,0.0875,72390.37
2026-08-07 14:45:00,0.0875,0.0876,0.0874,0.0875,149758.29
2026-08-07 14:50:00,0.0874,0.0874,0.0868,0.0869,313522.22
2026-08-07 14:55:00,0.0869,0.0869,0.086,0.0866,2018195.25
2026-08-07 15:00:00,0.0865,0.0865,0.086,0.086,523435.07
2026-08-07 15:05:00,0.0861,0.0865,0.0861,0.0865,149410.96
2026-08-07 15:10:00,0.0866,0.0866,0.0865,0.0865,54707.71
2026-08-07 15:15:00,0.0865,0.0866,0.0864,0.0866,36122.24
2026-08-07 15:20:00,0.0866,0.0867,0.0865,0.0867,31700.09
2026-08-07 15:25:00,0.0867,0.0867,0.0866,0.0867,52679.82
2026-08-07 15:30:00,0.0867,0.0869,0.0867,0.0867,258976.39
2026-08-07 15:35:00,0.0867,0.0867,0.0867,0.0867,19594.57
2026-08-07 15:40:00,0.0867,0.087,0.0867,0.0869,63987.87
2026-08-07 15:45:00,0.0869,0.0869,0.0869,0.0869,28410.11
2026-08-07 15:50:00,0.0869,0.087,0.0868,0.0868,90131.12
2026-08-07 15:55:00,0.0868,0.0869,0.0868,0.0868,31089.09
2026-08-07 16:00:00,0.0867,0.0868,0.0867,0.0868,48932.04
2026-08-07 16:05:00,0.0868,0.0869,0.0868,0.0869,26540.85
2026-08-07 16:10:00,0.0869,0.087,0.0868,0.087,38704.87
2026-08-07 16:15:00,0.0871,0.0871,0.0869,0.0869,112937.14
2026-08-07 16:20:00,0.0869,0.087,0.0868,0.0868,125848.12
2026-08-07 16:25:00,0.0867,0.0868,0.0867,0.0868,18672.41
2026-08-07 16:30:00,0.0867,0.0868,0.0867,0.0868,29944.23
2026-08-07 16:35:00,0.0868,0.0868,0.0867,0.0867,30065.77
2026-08-07 16:40:00,0.0868,0.0868,0.0867,0.0867,47498.66
2026-08-07 16:45:00,0.0868,0.0868,0.0866,0.0867,46619.87
2026-08-07 16:50:00,0.0867,0.0868,0.0866,0.0867,116285.89
2026-08-07 16:55:00,0.0866,0.0866,0.0864,0.0864,7405.13
2026-08-07 17:00:00,0.0865,0.0865,0.0863,0.0865,176669.19
2026-08-07 17:05:00,0.0864,0.0865,0.0863,0.0865,60871.43
2026-08-07 17:10:00,0.0864,0.0864,0.0862,0.0863,31624.6
2026-08-07 17:15:00,0.0862,0.0863,0.0861,0.0862,154893.17
2026-08-07 17:20:00,0.0862,0.0862,0.0857,0.0857,263112.19
2026-08-07 17:25:00,0.0857,0.0858,0.0855,0.0856,358652.68
2026-08-07 17:30:00,0.0856,0.0859,0.0855,0.0858,370993.55
2026-08-07 17:35:00,0.0858,0.0861,0.0857,0.0861,80835.77
2026-08-07 17:40:00,0.0861,0.0863,0.0861,0.0862,99653.64
2026-08-07 17:45:00,0.0862,0.0862,0.0861,0.0862,19089.78
2026-08-07 17:50:00,0.0862,0.0862,0.086,0.0861,27364.78
2026-08-07 17:55:00,0.0862,0.0863,0.0862,0.0863,12380.26
2026-08-07 18:00:00,0.0862,0.0864,0.0862,0.0863,6932.42
2026-08-07 18:05:00,0.0863,0.0863,0.0863,0.0863,8941.13
2026-08-07 18:10:00,0.0863,0.0863,0.0863,0.0863,4342.95
2026-08-07 18:15:00,0.0864,0.0864,0.0863,0.0863,17525.1
2026-08-07 18:20:00,0.0863,0.0863,0.0862,0.0862,9433.7
2026-08-07 18:25:00,0.0861,0.0862,0.0861,0.0862,1860.73
2026-08-07 18:30:00,0.0863,0.0863,0.0862,0.0863,28981.36
2026-08-07 18:35:00,0.0862,0.0862,0.086,0.086,36380.62
2026-08-07 18:40:00,0.0859,0.086,0.0859,0.0859,134438.68
2026-08-07 18:45:00,0.086,0.0861,0.086,0.0861,14139.14
2026-08-07 18:50:00,0.086,0.086,0.0859,0.086,16827.18
2026-08-07 18:55:00,0.086,0.086,0.0859,0.086,12849.62
2026-08-07 19:00:00,0.086,0.0863,0.086,0.0862,117367.34
2026-08-07 19:05:00,0.0862,0.0863,0.0862,0.0863,17180.0
2026-08-07 19:10:00,0.0863,0.0864,0.0863,0.0863,12009.53
2026-08-07 19:15:00,0.0864,0.0866,0.0864,0.0865,32771.24
2026-08-07 19:20:00,0.0865,0.0865,0.0865,0.0865,1012.04
2026-08-07 19:25:00,0.0864,0.0865,0.0864,0.0864,1416.17
2026-08-07 19:30:00,0.0864,0.0864,0.0864,0.0864,52065.35
2026-08-07 19:35:00,0.0865,0.0865,0.0864,0.0864,6236.58
2026-08-07 19:40:00,0.0864,0.0865,0.0864,0.0865,4821.84
2026-08-07 19:45:00,0.0865,0.0865,0.0864,0.0864,6031.4
2026-08-07 19:50:00,0.0864,0.0865,0.0863,0.0864,129463.23
2026-08-07 19:55:00,0.0865,0.0866,0.0864,0.0865,35316.11
2026-08-07 20:00:00,0.0865,0.0865,0.0863,0.0863,75528.26
2026-08-07 20:05:00,0.0864,0.0864,0.0863,0.0864,12472.96
2026-08-07 20:10:00,0.0863,0.0863,0.0863,0.0863,1274.92
2026-08-07 20:15:00,0.0862,0.0863,0.0862,0.0863,2948.26
2026-08-07 20:20:00,0.0862,0.0863,0.0862,0.0863,14907.03
2026-08-07 20:25:00,0.0863,0.0863,0.0862,0.0862,21133.19
2026-08-07 20:30:00,0.0861,0.0861,0.086,0.086,11076.73
2026-08-07 20:35:00,0.086,0.086,0.086,0.086,78.98
2026-08-07 20:40:00,0.0861,0.0862,0.0861,0.0862,21925.84
2026-08-07 20:45:00,0.0862,0.0864,0.0862,0.0863,142700.5
2026-08-07 20:50:00,0.0863,0.0863,0.0862,0.0862,24464.79
2026-08-07 20:55:00,0.0863,0.0864,0.0863,0.0864,7083.06
2026-08-07 21:00:00,0.0864,0.0864,0.0863,0.0864,64337.35
2026-08-07 21:05:00,0.0864,0.0865,0.0864,0.0865,40674.65
2026-08-07 21:10:00,0.0865,0.0867,0.0865,0.0867,32354.15
2026-08-07 21:15:00,0.0867,0.0867,0.0865,0.0865,21775.72
2026-08-07 21:20:00,0.0865,0.0865,0.0865,0.0865,58600.49
2026-08-07 21:25:00,0.0865,0.0866,0.0865,0.0866,789.28
2026-08-07 21:30:00,0.0866,0.0866,0.0866,0.0866,927.04
2026-08-07 21:35:00,0.0866,0.0866,0.0865,0.0866,406.54
2026-08-07 21:40:00,0.0866,0.0867,0.0866,0.0866,44479.83
2026-08-07 21:45:00,0.0865,0.0865,0.0865,0.0865,14843.47
2026-08-07 21:50:00,0.0865,0.0865,0.0862,0.0863,23465.22
2026-08-07 21:55:00,0.0862,0.0862,0.0862,0.0862,4762.72
2026-08-07 22:00:00,0.0862,0.0862,0.0861,0.0862,14661.49
2026-08-07 22:05:00,0.0861,0.0862,0.0861,0.0862,13056.56
2026-08-07 22:10:00,0.0863,0.0863,0.0862,0.0863,16723.82
2026-08-07 22:15:00,0.0863,0.0863,0.0861,0.0861,110675.98
2026-08-07 22:20:00,0.0862,0.0862,0.0862,0.0862,232.01
2026-08-07 22:25:00,0.0861,0.0861,0.0861,0.0861,9272.09
2026-08-07 22:30:00,0.086,0.0861,0.086,0.086,18541.63
2026-08-07 22:35:00,0.086,0.086,0.086,0.086,125.0
2026-08-07 22:40:00,0.0861,0.0861,0.086,0.0861,22520.73
2026-08-07 22:45:00,0.0861,0.0862,0.0861,0.0861,212540.28
2026-08-07 22:50:00,0.0862,0.0862,0.0862,0.0862,3569.45
2026-08-07 22:55:00,0.0862,0.0862,0.0862,0.0862,3305.23
2026-08-07 23:00:00,0.0861,0.0862,0.0861,0.0862,16102.83
2026-08-07 23:05:00,0.0862,0.0862,0.0861,0.0861,36306.75
2026-08-07 23:10:00,0.0861,0.0861,0.0861,0.0861,18676.52
2026-08-07 23:15:00,0.0862,0.0863,0.0862,0.0863,646.06
2026-08-07 23:20:00,0.0863,0.0863,0.0863,0.0863,0.0
2026-08-07 23:25:00,0.0862,0.0863,0.0861,0.0862,41105.75
2026-08-07 23:30:00,0.0862,0.0862,0.0862,0.0862,125.0
2026-08-07 23:35:00,0.0862,0.0862,0.0862,0.0862,2780.74
2026-08-07 23:40:00,0.0861,0.0862,0.0861,0.0861,5175.71
2026-08-07 23:45:00,0.0861,0.0861,0.086,0.0861,36710.99
2026-08-07 23:50:00,0.0861,0.0862,0.0861,0.0862,12239.05
2026-08-07 23:55:00,0.0862,0.0862,0.086,0.0861,121204.7
2026-08-08 00:00:00,0.0861,0.0861,0.086,0.086,48566.53
2026-08-08 00:05:00,0.0861,0.0861,0.086,0.086,55968.55
2026-08-08 00:10:00,0.086,0.086,0.086,0.086,79.5
2026-08-08 00:15:00,0.0861,0.0861,0.0859,0.0859,29543.38
2026-08-08 00:20:00,0.086,0.086,0.0859,0.086,43862.52
2026-08-08 00:25:00,0.086,0.0861,0.0859,0.0861,175942.99
2026-08-08 00:30:00,0.0861,0.0861,0.0861,0.0861,0.0
2026-08-08 00:35:00,0.086,0.0861,0.086,0.086,43609.79
2026-08-08 00:40:00,0.0861,0.0861,0.0861,0.0861,10834.39
2026-08-08 00:45:00,0.0861,0.0861,0.0861,0.0861,2887.01
2026-08-08 00:50:00,0.0861,0.0862,0.0861,0.0861,4401.69
2026-08-08 00:55:00,0.0862,0.0862,0.0862,0.0862,5368.87
2026-08-08 01:00:00,0.0863,0.0864,0.0863,0.0864,49969.95
2026-08-08 01:05:00,0.0864,0.0865,0.0864,0.0865,88767.33
2026-08-08 01:10:00,0.0864,0.0865,0.0864,0.0864,33303.77
2026-08-08 01:15:00,0.0865,0.0865,0.0863,0.0864,36417.19
2026-08-08 01:20:00,0.0865,0.0865,0.0865,0.0865,115.6
2026-08-08 01:25:00,0.0865,0.0865,0.0865,0.0865,13571.13
2026-08-08 01:30:00,0.0866,0.0868,0.0865,0.0867,99699.42
2026-08-08 01:35:00,0.0868,0.0868,0.0868,0.0868,69609.48
2026-08-08 01:40:00,0.0867,0.0868,0.0867,0.0868,39590.25
2026-08-08 01:45:00,0.0867,0.0867,0.0866,0.0867,110500.11
2026-08-08 01:50:00,0.0867,0.0867,0.0866,0.0866,43111.54
2026-08-08 01:55:00,0.0866,0.0866,0.0866,0.0866,5934.65
2026-08-08 02:00:00,0.0866,0.0866,0.0865,0.0865,55576.03
2026-08-08 02:05:00,0.0865,0.0865,0.0865,0.0865,8268.32
2026-08-08 02:10:00,0.0864,0.0865,0.0864,0.0865,9270.77
2026-08-08 02:15:00,0.0865,0.0865,0.0864,0.0864,7573.04
2026-08-08 02:20:00,0.0864,0.0864,0.0863,0.0863,19318.23
2026-08-08 02:25:00,0.0862,0.0862,0.0862,0.0862,344.2
2026-08-08 02:30:00,0.0862,0.0864,0.0862,0.0863,116174.16
2026-08-08 02:35:00,0.0863,0.0864,0.0863,0.0864,25602.63
2026-08-08 02:40:00,0.0863,0.0864,0.0863,0.0864,9771.33
2026-08-08 02:45:00,0.0864,0.0864,0.0864,0.0864,16122.51
2026-08-08 02:50:00,0.0863,0.0863,0.0863,0.0863,6769.15
2026-08-08 02:55:00,0.0863,0.0865,0.0863,0.0864,198873.36
2026-08-08 03:00:00,0.0865,0.0866,0.0865,0.0866,38749.31
2026-08-08 03:05:00,0.0866,0.0867,0.0866,0.0867,81164.96
2026-08-08 03:10:00,0.0867,0.0867,0.0866,0.0866,7961.69
2026-08-08 03:15:00,0.0866,0.0867,0.0866,0.0866,25003.39
2026-08-08 03:20:00,0.0867,0.0868,0.0867,0.0868,4738.6
2026-08-08 03:25:00,0.0868,0.0869,0.0867,0.0869,66131.8
2026-08-08 03:30:00,0.0869,0.0871,0.0869,0.0871,183222.07
2026-08-08 03:35:00,0.0872,0.0873,0.0871,0.0871,56290.49
2026-08-08 03:40:00,0.0871,0.0871,0.087,0.087,115250.44
2026-08-08 03:45:00,0.0871,0.0872,0.0871,0.0872,49150.08
2026-08-08 03:50:00,0.0872,0.0873,0.0871,0.0873,78454.41
2026-08-08 03:55:00,0.0873,0.0875,0.0873,0.0875,185087.56
2026-08-08 04:00:00,0.0875,0.0875,0.0873,0.0874,103088.4
2026-08-08 04:05:00,0.0874,0.0874,0.0873,0.0873,55638.46
2026-08-08 04:10:00,0.0873,0.0874,0.0873,0.0873,4495.98
2026-08-08 04:15:00,0.0873,0.0874,0.0873,0.0874,11252.35
2026-08-08 04:20:00,0.0873,0.0874,0.0873,0.0874,27216.23
2026-08-08 04:25:00,0.0875,0.0875,0.0875,0.0875,16514.78
2026-08-08 04:30:00,0.0874,0.0874,0.0873,0.0874,46370.24
2026-08-08 04:35:00,0.0873,0.0874,0.0873,0.0874,10154.06
2026-08-08 04:40:00,0.0875,0.0876,0.0875,0.0876,57577.51
2026-08-08 04:45:00,0.0876,0.0876,0.0876,0.0876,12416.18
2026-08-08 04:50:00,0.0875,0.0875,0.0875,0.0875,57368.19
2026-08-08 04:55:00,0.0875,0.0875,0.0873,0.0874,43694.39
2026-08-08 05:00:00,0.0874,0.0874,0.0874,0.0874,3401.13
2026-08-08 05:05:00,0.0873,0.0875,0.0872,0.0875,40001.73
2026-08-08 05:10:00,0.0875,0.0876,0.0875,0.0876,12409.08
2026-08-08 05:15:00,0.0876,0.0876,0.0874,0.0874,26936.89
2026-08-08 05:20:00,0.0873,0.0875,0.0873,0.0875,16813.34
2026-08-08 05:25:00,0.0875,0.0875,0.0875,0.0875,3645.98
2026-08-08 05:30:00,0.0875,0.0875,0.0875,0.0875,7220.74
2026-08-08 05:35:00,0.0876,0.0876,0.0876,0.0876,92612.29
2026-08-08 05:40:00,0.0876,0.0876,0.0875,0.0875,26541.46
2026-08-08 05:45:00,0.0875,0.0875,0.0874,0.0874,8342.57
2026-08-08 05:50:00,0.0874,0.0874,0.0874,0.0874,29616.69
2026-08-08 05:55:00,0.0875,0.0875,0.0874,0.0874,13779.64
2026-08-08 06:00:00,0.0875,0.0875,0.0874,0.0874,8097.14
2026-08-08 06:05:00,0.0873,0.0874,0.0872,0.0873,102267.21
2026-08-08 06:10:00,0.0872,0.0872,0.087,0.087,31023.74
2026-08-08 06:15:00,0.087,0.0871,0.087,0.087,82072.84
2026-08-08 06:20:00,0.0869,0.0869,0.0869,0.0869,32730.48
2026-08-08 06:25:00,0.0869,0.0869,0.0867,0.0869,75076.53
2026-08-08 06:30:00,0.0869,0.0869,0.0869,0.0869,52233.3
2026-08-08 06:35:00,0.0868,0.0868,0.0868,0.0868,2181.4
2026-08-08 06:40:00,0.0868,0.0869,0.0868,0.0869,2084.9
2026-08-08 06:45:00,0.0869,0.0869,0.0869,0.0869,50229.41
2026-08-08 06:50:00,0.0869,0.0869,0.0868,0.0869,19440.11
2026-08-08 06:55:00,0.0868,0.0869,0.0868,0.0868,4311.3
2026-08-08 07:00:00,0.0868,0.0868,0.0867,0.0868,13056.88
2026-08-08 07:05:00,0.0867,0.0868,0.0867,0.0868,15458.01
2026-08-08 07:10:00,0.0868,0.0868,0.0867,0.0867,6023.56
2026-08-08 07:15:00,0.0867,0.0867,0.0867,0.0867,88088.47
2026-08-08 07:20:00,0.0868,0.0868,0.0868,0.0868,25093.41
2026-08-08 07:25:00,0.0868,0.0868,0.0867,0.0867,512.2
2026-08-08 07:30:00,0.0867,0.0867,0.0867,0.0867,7238.21
2026-08-08 07:35:00,0.0868,0.0871,0.0867,0.0868,353246.34
2026-08-08 07:40:00,0.0868,0.0871,0.0868,0.0871,155909.25
2026-08-08 07:45:00,0.087,0.0871,0.0869,0.0869,32560.59
2026-08-08 07:50:00,0.0869,0.087,0.0869,0.0869,9189.85
2026-08-08 07:55:00,0.087,0.087,0.0868,0.0868,73278.29
2026-08-08 08:00:00,0.0869,0.0869,0.0868,0.0868,13763.55
2026-08-08 08:05:00,0.0868,0.0868,0.0867,0.0867,17603.05
2026-08-08 08:10:00,0.0867,0.0868,0.0867,0.0868,7712.47
2026-08-08 08:15:00,0.0869,0.0869,0.0868,0.0868,19672.98
2026-08-08 08:20:00,0.0869,0.0869,0.0868,0.0869,3848.3
2026-08-08 08:25:00,0.0868,0.0868,0.0868,0.0868,12351.86
2026-08-08 08:30:00,0.0869,0.0869,0.0869,0.0869,14892.26
2026-08-08 08:35:00,0.0869,0.0869,0.0869,0.0869,9269.02
2026-08-08 08:40:00,0.0869,0.0871,0.0869,0.087,171325.79
2026-08-08 08:45:00,0.087,0.087,0.0869,0.087,27951.11
2026-08-08 08:50:00,0.087,0.087,0.087,0.087,48868.14
2026-08-08 08:55:00,0.087,0.087,0.087,0.087,88849.59
2026-08-08 09:00:00,0.0871,0.0873,0.0871,0.0873,101224.99
2026-08-08 09:05:00,0.0873,0.0873,0.0873,0.0873,7099.17
2026-08-08 09:10:00,0.0874,0.0874,0.0873,0.0873,33492.72
2026-08-08 09:15:00,0.0873,0.0874,0.0873,0.0874,2134.76
2026-08-08 09:20:00,0.0874,0.0874,0.0874,0.0874,26367.23
2026-08-08 09:25:00,0.0874,0.0876,0.0874,0.0874,75127.65
2026-08-08 09:30:00,0.0875,0.0878,0.0875,0.0877,157321.78
2026-08-08 09:35:00,0.0877,0.0877,0.0877,0.0877,31192.1
2026-08-08 09:40:00,0.0877,0.0877,0.0877,0.0877,5471.5
2026-08-08 09:45:00,0.0878,0.0878,0.0876,0.0876,1165804.36
2026-08-08 09:50:00,0.0876,0.0878,0.0876,0.0877,69035.74
2026-08-08 09:55:00,0.0877,0.0877,0.0876,0.0876,5702.73
2026-08-08 10:00:00,0.0876,0.0879,0.0876,0.0879,26920.38
2026-08-08 10:05:00,0.0879,0.088,0.0878,0.0879,34212.81
2026-08-08 10:10:00,0.0879,0.0879,0.0878,0.0878,20819.28
2026-08-08 10:15:00,0.0878,0.0878,0.0878,0.0878,7195.19
2026-08-08 10:20:00,0.0878,0.0884,0.0878,0.0882,266143.8
2026-08-08 10:25:00,0.0882,0.0882,0.0881,0.0881,85082.67
2026-08-08 10:30:00,0.0881,0.0882,0.0881,0.0881,113770.81
2026-08-08 10:35:00,0.0881,0.0881,0.0881,0.0881,24613.67
2026-08-08 10:40:00,0.0882,0.0882,0.0882,0.0882,3857.66
2026-08-08 10:45:00,0.0882,0.0883,0.0882,0.0883,24847.82
2026-08-08 10:50:00,0.0883,0.0887,0.0883,0.0887,206726.91
2026-08-08 10:55:00,0.0887,0.0892,0.0887,0.0889,599441.96
2026-08-08 11:00:00,0.089,0.0891,0.0889,0.0889,114484.85
2026-08-08 11:05:00,0.0889,0.0889,0.0887,0.0888,88814.62
2026-08-08 11:10:00,0.0889,0.0889,0.0887,0.0887,33863.58
2026-08-08 11:15:00,0.0887,0.0888,0.0887,0.0888,30442.17
2026-08-08 11:20:00,0.0888,0.0889,0.0888,0.0888,28273.1
2026-08-08 11:25:00,0.0888,0.089,0.0888,0.089,16336.29
2026-08-08 11:30:00,0.0889,0.0889,0.0889,0.0889,27410.17
2026-08-08 11:35:00,0.0889,0.089,0.0888,0.0888,87748.57
2026-08-08 11:40:00,0.0889,0.0889,0.0886,0.0886,24785.99
2026-08-08 11:45:00,0.0886,0.0888,0.0886,0.0888,87232.62
2026-08-08 11:50:00,0.0889,0.0889,0.0888,0.0888,62112.33
2026-08-08 11:55:00,0.0887,0.0889,0.0887,0.0888,70843.58
2026-08-08 12:00:00,0.0887,0.089,0.0887,0.0888,317059.03
2026-08-08 12:05:00,0.0888,0.0889,0.0888,0.0888,30284.03
2026-08-08 12:10:00,0.0888,0.0889,0.0888,0.0889,18829.51
2026-08-08 12:15:00,0.0889,0.089,0.0888,0.0889,21034.46
2026-08-08 12:20:00,0.0888,0.0892,0.0887,0.0892,217964.07
2026-08-08 12:25:00,0.0891,0.0893,0.0891,0.0893,58100.76
2026-08-08 12:30:00,0.0892,0.0895,0.089,0.0894,456774.38
2026-08-08 12:35:00,0.0895,0.0895,0.0893,0.0893,117868.85
2026-08-08 12:40:00,0.0893,0.0893,0.089,0.089,162697.91
2026-08-08 12:45:00,0.089,0.0892,0.0889,0.0891,86316.95
2026-08-08 12:50:00,0.0891,0.0894,0.0891,0.0893,81517.41
2026-08-08 12:55:00,0.0893,0.0893,0.0892,0.0892,112195.05
2026-08-08 13:00:00,0.0892,0.0893,0.0892,0.0893,47167.62
2026-08-08 13:05:00,0.0893,0.0893,0.0892,0.0892,67661.46
2026-08-08 13:10:00,0.0893,0.0893,0.0892,0.0892,10683.44
2026-08-08 13:15:00,0.0891,0.0894,0.0891,0.0893,66664.22
2026-08-08 13:20:00,0.0892,0.0892,0.0889,0.089,98804.89
2026-08-08 13:25:00,0.0889,0.0889,0.0887,0.0887,453221.02
2026-08-08 13:30:00,0.0887,0.0888,0.0887,0.0887,41021.18
2026-08-08 13:35:00,0.0887,0.0887,0.0885,0.0887,28444.52
2026-08-08 13:40:00,0.0886,0.0886,0.0885,0.0885,850.39
2026-08-08 13:45:00,0.0886,0.0886,0.0886,0.0886,792.33
2026-08-08 13:50:00,0.0886,0.0886,0.0884,0.0884,24786.24
2026-08-08 13:55:00,0.0884,0.0885,0.0884,0.0885,39918.17
2026-08-08 14:00:00,0.0884,0.0885,0.0883,0.0885,50515.19
2026-08-08 14:05:00,0.0885,0.0886,0.0884,0.0885,42791.59
2026-08-08 14:10:00,0.0885,0.0885,0.0883,0.0885,38627.68
2026-08-08 14:15:00,0.0885,0.0886,0.0885,0.0886,24728.76
2026-08-08 14:20:00,0.0886,0.0888,0.0886,0.0888,12745.58
2026-08-08 14:25:00,0.0888,0.0889,0.0887,0.0889,194306.69
2026-08-08 14:30:00,0.089,0.0891,0.0889,0.089,88045.4
2026-08-08 14:35:00,0.089,0.089,0.0888,0.0889,13571.26
2026-08-08 14:40:00,0.0889,0.0889,0.0887,0.0888,17533.3
2026-08-08 14:45:00,0.0888,0.0889,0.0888,0.0889,46255.45
2026-08-08 14:50:00,0.0889,0.089,0.0889,0.089,26972.15
2026-08-08 14:55:00,0.089,0.089,0.089,0.089,16688.59
2026-08-08 15:00:00,0.089,0.0891,0.089,0.0891,55038.32
2026-08-08 15:05:00,0.0891,0.0891,0.0888,0.0888,152496.1
2026-08-08 15:10:00,0.0888,0.0889,0.0888,0.0889,116068.52
2026-08-08 15:15:00,0.0889,0.0889,0.0888,0.0888,41965.86
2026-08-08 15:20:00,0.0889,0.0889,0.0887,0.0888,11347.3
2026-08-08 15:25:00,0.0887,0.0889,0.0886,0.0889,75828.49
2026-08-08 15:30:00,0.0889,0.0889,0.0887,0.0887,42253.39
2026-08-08 15:35:00,0.0888,0.0888,0.0887,0.0887,22763.33
2026-08-08 15:40:00,0.0888,0.0888,0.0888,0.0888,2083.25
2026-08-08 15:45:00,0.0888,0.0889,0.0888,0.0888,8440.54
2026-08-08 15:50:00,0.0889,0.0889,0.0888,0.0889,16049.37
2026-08-08 15:55:00,0.0888,0.089,0.0888,0.0889,61715.06
2026-08-08 16:00:00,0.089,0.0892,0.0889,0.0891,58111.68
2026-08-08 16:05:00,0.0891,0.0897,0.089,0.089,590522.21
2026-08-08 16:10:00,0.0891,0.0894,0.0891,0.0892,152532.32
2026-08-08 16:15:00,0.0893,0.0896,0.0893,0.0895,58587.56
2026-08-08 16:20:00,0.0894,0.0894,0.0892,0.0892,33359.91
2026-08-08 16:25:00,0.0891,0.0893,0.0888,0.089,281760.35
2026-08-08 16:30:00,0.089,0.0892,0.089,0.0892,52175.92
2026-08-08 16:35:00,0.0893,0.0894,0.0892,0.0894,117019.38
2026-08-08 16:40:00,0.0894,0.0894,0.0893,0.0893,2686.34
2026-08-08 16:45:00,0.0893,0.0894,0.0893,0.0893,51534.21
2026-08-08 16:50:00,0.0893,0.0894,0.0892,0.0894,27175.51
2026-08-08 16:55:00,0.0894,0.0894,0.0893,0.0894,29250.71
2026-08-08 17:00:00,0.0894,0.0894,0.0893,0.0893,52499.78
2026-08-08 17:05:00,0.0892,0.0894,0.0892,0.0894,8580.59
2026-08-08 17:10:00,0.0893,0.0893,0.0892,0.0892,44223.39
2026-08-08 17:15:00,0.0892,0.0892,0.089,0.0891,33354.59
2026-08-08 17:20:00,0.0891,0.0891,0.089,0.0891,11717.07
2026-08-08 17:25:00,0.0891,0.0892,0.0891,0.0892,13325.32
2026-08-08 17:30:00,0.0892,0.0893,0.0892,0.0892,15130.44
2026-08-08 17:35:00,0.0892,0.0893,0.0891,0.0891,46341.16
2026-08-08 17:40:00,0.0892,0.0893,0.0892,0.0892,5342.74
2026-08-08 17:45:00,0.0892,0.0892,0.0892,0.0892,7666.46
2026-08-08 17:50:00,0.0891,0.0892,0.0891,0.0892,4758.99
2026-08-08 17:55:00,0.0892,0.0892,0.0891,0.0891,3067.99
2026-08-08 18:00:00,0.0892,0.0892,0.0892,0.0892,36867.8
2026-08-08 18:05:00,0.0892,0.0892,0.0891,0.0891,8833.51
2026-08-08 18:10:00,0.089,0.0891,0.0889,0.089,33122.85
2026-08-08 18:15:00,0.089,0.0891,0.0889,0.0889,65729.97
2026-08-08 18:20:00,0.0889,0.0889,0.0888,0.0888,58976.84
2026-08-08 18:25:00,0.0888,0.0888,0.0887,0.0888,11611.66
2026-08-08 18:30:00,0.0889,0.0891,0.0889,0.0889,141890.25
2026-08-08 18:35:00,0.0889,0.0889,0.0889,0.0889,10705.31
2026-08-08 18:40:00,0.0889,0.0891,0.0889,0.0891,37534.18
2026-08-08 18:45:00,0.0891,0.0891,0.0891,0.0891,3892.71
2026-08-08 18:50:00,0.089,0.0891,0.089,0.0891,5006.0
2026-08-08 18:55:00,0.089,0.089,0.0889,0.0889,8291.83
2026-08-08 19:00:00,0.0889,0.0891,0.0889,0.089,56919.98
2026-08-08 19:05:00,0.089,0.089,0.089,0.089,1006.74
2026-08-08 19:10:00,0.0889,0.089,0.0889,0.089,8342.37
2026-08-08 19:15:00,0.0889,0.089,0.0889,0.0889,38264.73
2026-08-08 19:20:00,0.0889,0.089,0.0889,0.0889,27276.77
2026-08-08 19:25:00,0.0889,0.089,0.0889,0.089,17411.56
2026-08-08 19:30:00,0.0889,0.089,0.0889,0.089,14907.87
2026-08-08 19:35:00,0.0889,0.089,0.0889,0.0889,2391.36
2026-08-08 19:40:00,0.089,0.0891,0.089,0.0891,4068.63
2026-08-08 19:45:00,0.089,0.089,0.089,0.089,13762.91
2026-08-08 19:50:00,0.0891,0.0891,0.0891,0.0891,14134.76
2026-08-08 19:55:00,0.0892,0.0892,0.089,0.089,14636.6
2026-08-08 20:00:00,0.089,0.089,0.089,0.089,168.53
2026-08-08 20:05:00,0.0889,0.089,0.0889,0.089,8885.96
2026-08-08 20:10:00,0.089,0.0891,0.0889,0.0889,343694.63
2026-08-08 20:15:00,0.089,0.089,0.089,0.089,1118.5
2026-08-08 20:20:00,0.089,0.089,0.089,0.089,155.52
2026-08-08 20:25:00,0.089,0.089,0.089,0.089,3748.01
2026-08-08 20:30:00,0.0889,0.089,0.0889,0.0889,8932.97
2026-08-08 20:35:00,0.0889,0.0889,0.0889,0.0889,3729.69
2026-08-08 20:40:00,0.0888,0.0888,0.0888,0.0888,428.67
2026-08-08 20:45:00,0.0888,0.0889,0.0888,0.0889,163263.81
2026-08-08 20:50:00,0.0889,0.0889,0.0889,0.0889,16817.38
2026-08-08 20:55:00,0.0889,0.0889,0.0888,0.0888,8398.03
2026-08-08 21:00:00,0.0889,0.089,0.0889,0.089,14119.38
2026-08-08 21:05:00,0.0889,0.0889,0.0889,0.0889,2061.62
2026-08-08 21:10:00,0.0889,0.0889,0.0889,0.0889,9452.65
2026-08-08 21:15:00,0.0888,0.0889,0.0888,0.0889,18917.81
2026-08-08 21:20:00,0.0889,0.0891,0.0889,0.089,7197.76
2026-08-08 21:25:00,0.089,0.089,0.0889,0.089,130784.78
2026-08-08 21:30:00,0.089,0.0891,0.089,0.089,162654.62
2026-08-08 21:35:00,0.089,0.0891,0.089,0.0891,29117.72
2026-08-08 21:40:00,0.0891,0.0892,0.089,0.089,37290.28
2026-08-08 21:45:00,0.089,0.089,0.0889,0.0889,52029.66
2026-08-08 21:50:00,0.089,0.089,0.0889,0.089,2681.99
2026-08-08 21:55:00,0.0889,0.0889,0.0889,0.0889,83676.95
2026-08-08 22:00:00,0.0889,0.0889,0.0887,0.0887,33232.03
2026-08-08 22:05:00,0.0887,0.0887,0.0886,0.0886,82990.22
2026-08-08 22:10:00,0.0887,0.0887,0.0885,0.0885,1441.61
2026-08-08 22:15:00,0.0885,0.0887,0.0885,0.0887,52287.82
2026-08-08 22:20:00,0.0886,0.0886,0.0884,0.0886,144047.64
2026-08-08 22:25:00,0.0885,0.0886,0.0885,0.0886,1364.85
2026-08-08 22:30:00,0.0885,0.0885,0.0881,0.0883,115214.24
2026-08-08 22:35:00,0.0883,0.0883,0.0883,0.0883,0.0
2026-08-08 22:40:00,0.0883,0.0883,0.0883,0.0883,21296.29
2026-08-08 22:45:00,0.0883,0.0884,0.0883,0.0883,1371.91
2026-08-08 22:50:00,0.0883,0.0883,0.0883,0.0883,16914.24
2026-08-08 22:55:00,0.0883,0.0883,0.0882,0.0882,26808.77
2026-08-08 23:00:00,0.0882,0.0883,0.0882,0.0883,23933.87
2026-08-08 23:05:00,0.0883,0.0884,0.0883,0.0884,31340.99
2026-08-08 23:10:00,0.0884,0.0884,0.0884,0.0884,0.0
2026-08-08 23:15:00,0.0883,0.0884,0.0883,0.0884,17545.19
2026-08-08 23:20:00,0.0885,0.0885,0.0885,0.0885,25819.74
2026-08-08 23:25:00,0.0885,0.0886,0.0885,0.0886,21504.92
2026-08-08 23:30:00,0.0886,0.0886,0.0886,0.0886,0.0
2026-08-08 23:35:00,0.0887,0.0887,0.0886,0.0886,726.46
2026-08-08 23:40:00,0.0886,0.0887,0.0886,0.0887,1749.18
2026-08-08 23:45:00,0.0887,0.0887,0.0887,0.0887,0.0
2026-08-08 23:50:00,0.0887,0.0889,0.0887,0.0888,92644.23
2026-08-08 23:55:00,0.0888,0.0888,0.0887,0.0888,5428.02
2026-08-09 00:00:00,0.0887,0.089,0.0887,0.0889,287419.98
2026-08-09 00:05:00,0.0889,0.0889,0.0889,0.0889,3098.03
2026-08-09 00:10:00,0.0889,0.0892,0.0889,0.0892,137697.62
2026-08-09 00:15:00,0.0892,0.0893,0.0891,0.0891,17100.86
2026-08-09 00:20:00,0.0891,0.0891,0.089,0.089,23035.67
2026-08-09 00:25:00,0.089,0.089,0.089,0.089,449.43
2026-08-09 00:30:00,0.089,0.089,0.089,0.089,34385.9
2026-08-09 00:35:00,0.089,0.0892,0.089,0.0892,26455.97
2026-08-09 00:40:00,0.0892,0.0892,0.0892,0.0892,6785.93
2026-08-09 00:45:00,0.0892,0.0892,0.0887,0.0888,245097.88
2026-08-09 00:50:00,0.0888,0.0888,0.0888,0.0888,8182.8
2026-08-09 00:55:00,0.0888,0.0889,0.0888,0.0888,14231.77
2026-08-09 01:00:00,0.0888,0.0889,0.0887,0.0889,46492.14
2026-08-09 01:05:00,0.0889,0.089,0.0889,0.089,25554.27
2026-08-09 01:10:00,0.089,0.0891,0.0889,0.0891,37141.21
2026-08-09 01:15:00,0.089,0.089,0.089,0.089,4107.11
2026-08-09 01:20:00,0.0889,0.0892,0.0889,0.0891,473455.76
2026-08-09 01:25:00,0.0892,0.0892,0.0886,0.0887,316499.17
2026-08-09 01:30:00,0.0886,0.0887,0.0886,0.0886,60912.68
2026-08-09 01:35:00,0.0886,0.0886,0.0885,0.0885,57312.59
2026-08-09 01:40:00,0.0886,0.0887,0.0886,0.0886,11772.73
2026-08-09 01:45:00,0.0887,0.0888,0.0887,0.0887,8893.76
2026-08-09 01:50:00,0.0888,0.0888,0.0887,0.0888,6771.59
2026-08-09 01:55:00,0.0889,0.0889,0.0889,0.0889,25205.55
2026-08-09 02:00:00,0.0888,0.089,0.0888,0.089,45469.83
2026-08-09 02:05:00,0.089,0.089,0.0889,0.0889,31791.49
2026-08-09 02:10:00,0.089,0.089,0.089,0.089,60411.47
2026-08-09 02:15:00,0.089,0.0891,0.089,0.0891,12201.31
2026-08-09 02:20:00,0.0891,0.0891,0.0891,0.0891,35911.29
2026-08-09 02:25:00,0.0891,0.0892,0.089,0.089,40836.62
2026-08-09 02:30:00,0.089,0.089,0.089,0.089,8459.6
2026-08-09 02:35:00,0.089,0.089,0.089,0.089,10647.65
2026-08-09 02:40:00,0.0891,0.0891,0.0889,0.0889,65388.48
2026-08-09 02:45:00,0.0889,0.089,0.0889,0.089,48801.95
2026-08-09 02:50:00,0.089,0.089,0.0889,0.0889,94557.09
2026-08-09 02:55:00,0.0889,0.089,0.0889,0.0889,30822.64
2026-08-09 03:00:00,0.089,0.089,0.089,0.089,932.73
2026-08-09 03:05:00,0.0889,0.0889,0.0888,0.0888,36980.21
2026-08-09 03:10:00,0.0888,0.0888,0.0884,0.0884,63650.83
2026-08-09 03:15:00,0.0885,0.0885,0.0884,0.0884,56758.87
2026-08-09 03:20:00,0.0885,0.0887,0.0885,0.0887,40737.23
2026-08-09 03:25:00,0.0887,0.089,0.0887,0.089,126006.61
2026-08-09 03:30:00,0.089,0.0891,0.089,0.089,47460.95
2026-08-09 03:35:00,0.0889,0.089,0.0889,0.089,16740.65
2026-08-09 03:40:00,0.089,0.089,0.089,0.089,1031.18
2026-08-09 03:45:00,0.089,0.0891,0.0888,0.0889,97902.95
2026-08-09 03:50:00,0.0889,0.0889,0.0888,0.0888,62845.05
2026-08-09 03:55:00,0.0888,0.0888,0.0887,0.0887,38484.18
2026-08-09 04:00:00,0.0887,0.0888,0.0887,0.0887,88211.35
2026-08-09 04:05:00,0.0888,0.089,0.0888,0.089,79375.79
2026-08-09 04:10:00,0.089,0.0892,0.089,0.0892,93720.45
2026-08-09 04:15:00,0.0893,0.0897,0.0892,0.0895,144257.85
2026-08-09 04:20:00,0.0896,0.0896,0.0894,0.0894,76169.18
2026-08-09 04:25:00,0.0894,0.0894,0.0893,0.0894,35885.08
2026-08-09 04:30:00,0.0893,0.0895,0.0893,0.0893,15256.2
2026-08-09 04:35:00,0.0893,0.0893,0.0893,0.0893,14585.33
2026-08-09 04:40:00,0.0893,0.0893,0.0893,0.0893,13851.91
2026-08-09 04:45:00,0.0893,0.0893,0.0893,0.0893,0.0
2026-08-09 04:50:00,0.0893,0.0893,0.0892,0.0892,2682.99
2026-08-09 04:55:00,0.0892,0.0892,0.0892,0.0892,3406.95
2026-08-09 05:00:00,0.0891,0.0892,0.0891,0.0892,9804.76
2026-08-09 05:05:00,0.0892,0.0892,0.0891,0.0891,24240.1
2026-08-09 05:10:00,0.089,0.089,0.089,0.089,16309.06
2026-08-09 05:15:00,0.0889,0.089,0.0889,0.0889,46617.2
2026-08-09 05:20:00,0.0888,0.0888,0.0887,0.0887,27649.46
2026-08-09 05:25:00,0.0887,0.0887,0.0884,0.0885,136776.42
2026-08-09 05:30:00,0.0884,0.0885,0.0884,0.0885,61090.25
2026-08-09 05:35:00,0.0884,0.0884,0.0884,0.0884,141717.17
2026-08-09 05:40:00,0.0884,0.0884,0.0882,0.0883,112565.1
2026-08-09 05:45:00,0.0884,0.0884,0.0883,0.0884,17026.19
2026-08-09 05:50:00,0.0884,0.0884,0.0883,0.0883,1863.68
2026-08-09 05:55:00,0.0884,0.0885,0.0884,0.0885,57486.96
2026-08-09 06:00:00,0.0886,0.0886,0.0885,0.0886,18741.85
2026-08-09 06:05:00,0.0886,0.0887,0.0886,0.0886,81531.08
2026-08-09 06:10:00,0.0886,0.0888,0.0886,0.0887,15410.54
2026-08-09 06:15:00,0.0887,0.0888,0.0886,0.0887,73417.47
2026-08-09 06:20:00,0.0888,0.0889,0.0887,0.0889,11197.9
2026-08-09 06:25:00,0.0888,0.0889,0.0887,0.0889,58792.17
2026-08-09 06:30:00,0.0889,0.089,0.0888,0.0889,148976.02
2026-08-09 06:35:00,0.0889,0.0889,0.0888,0.0889,31058.71
2026-08-09 06:40:00,0.089,0.0891,0.089,0.089,111944.08
2026-08-09 06:45:00,0.089,0.089,0.089,0.089,12387.72
2026-08-09 06:50:00,0.089,0.089,0.0889,0.089,58371.52
2026-08-09 06:55:00,0.089,0.089,0.0889,0.0889,21072.25
2026-08-09 07:00:00,0.0889,0.089,0.0888,0.0889,35360.91
2026-08-09 07:05:00,0.0889,0.0889,0.0885,0.0886,227693.11
2026-08-09 07:10:00,0.0886,0.0886,0.0883,0.0886,191660.17
2026-08-09 07:15:00,0.0886,0.0886,0.0885,0.0886,17539.92
2026-08-09 07:20:00,0.0885,0.0885,0.0883,0.0885,56144.55
2026-08-09 07:25:00,0.0884,0.0886,0.0884,0.0886,45087.43
2026-08-09 07:30:00,0.0886,0.0886,0.0885,0.0885,6566.19
2026-08-09 07:35:00,0.0884,0.0885,0.0884,0.0884,33674.6
2026-08-09 07:40:00,0.0884,0.0885,0.0884,0.0885,1063.23
2026-08-09 07:45:00,0.0885,0.0885,0.0883,0.0883,12675.55
2026-08-09 07:50:00,0.0883,0.0884,0.0883,0.0883,21095.07
2026-08-09 07:55:00,0.0883,0.0884,0.0883,0.0883,9317.35
2026-08-09 08:00:00,0.0883,0.0886,0.0883,0.0886,44417.05
2026-08-09 08:05:00,0.0886,0.0886,0.0884,0.0885,5423.02
2026-08-09 08:10:00,0.0886,0.0886,0.0885,0.0886,6866.33
2026-08-09 08:15:00,0.0886,0.0886,0.0886,0.0886,37162.95
2026-08-09 08:20:00,0.0887,0.0887,0.0884,0.0885,25787.29
2026-08-09 08:25:00,0.0885,0.0885,0.0884,0.0884,13412.82
2026-08-09 08:30:00,0.0884,0.0885,0.0883,0.0885,17980.54
2026-08-09 08:35:00,0.0884,0.0885,0.0883,0.0883,30206.65
2026-08-09 08:40:00,0.0882,0.0884,0.0882,0.0883,39898.39
2026-08-09 08:45:00,0.0883,0.0884,0.0883,0.0883,23071.05
2026-08-09 08:50:00,0.0884,0.0884,0.0884,0.0884,8590.13
2026-08-09 08:55:00,0.0885,0.0885,0.0885,0.0885,11839.11
2026-08-09 09:00:00,0.0885,0.0885,0.0884,0.0885,4551.14
2026-08-09 09:05:00,0.0884,0.0885,0.0883,0.0884,18799.95
2026-08-09 09:10:00,0.0884,0.0884,0.0881,0.0882,91860.33
2026-08-09 09:15:00,0.0882,0.0882,0.0882,0.0882,26573.43
2026-08-09 09:20:00,0.0881,0.0882,0.088,0.0881,33903.75
2026-08-09 09:25:00,0.088,0.0881,0.0879,0.0879,73124.15
2026-08-09 09:30:00,0.0879,0.088,0.0878,0.088,31235.35
2026-08-09 09:35:00,0.0881,0.0881,0.088,0.0881,7227.86
2026-08-09 09:40:00,0.0881,0.0881,0.0881,0.0881,4644.27
2026-08-09 09:45:00,0.0881,0.0881,0.0881,0.0881,2067.09
2026-08-09 09:50:00,0.0881,0.0882,0.0881,0.0882,16722.4
2026-08-09 09:55:00,0.0882,0.0882,0.0881,0.0882,49276.03
2026-08-09 10:00:00,0.0881,0.0883,0.088,0.0881,55843.96
2026-08-09 10:05:00,0.0881,0.0882,0.0881,0.0882,225434.92
2026-08-09 10:10:00,0.0883,0.0884,0.0882,0.0883,18256.84
2026-08-09 10:15:00,0.0883,0.0884,0.0883,0.0883,977.08
2026-08-09 10:20:00,0.0884,0.0884,0.0884,0.0884,111.44
2026-08-09 10:25:00,0.0883,0.0883,0.0883,0.0883,4950.77
2026-08-09 10:30:00,0.0883,0.0883,0.0882,0.0882,26490.24
2026-08-09 10:35:00,0.0882,0.0883,0.0881,0.0882,27589.37
2026-08-09 10:40:00,0.0881,0.0883,0.0881,0.0883,21830.5
2026-08-09 10:45:00,0.0882,0.0883,0.0882,0.0883,13016.25
2026-08-09 10:50:00,0.0882,0.0882,0.0882,0.0882,28996.14
2026-08-09 10:55:00,0.0881,0.0881,0.088,0.0881,64812.63
2026-08-09 11:00:00,0.088,0.0881,0.0879,0.0879,21266.72
2026-08-09 11:05:00,0.088,0.088,0.088,0.088,30348.08
2026-08-09 11:10:00,0.088,0.0881,0.088,0.0881,30579.15
2026-08-09 11:15:00,0.0881,0.0881,0.0881,0.0881,11574.58
2026-08-09 11:20:00,0.0881,0.0881,0.0881,0.0881,1482.82
2026-08-09 11:25:00,0.0881,0.0881,0.0881,0.0881,311.0
2026-08-09 11:30:00,0.0881,0.0882,0.0881,0.0882,5679.7
2026-08-09 11:35:00,0.0881,0.0881,0.0881,0.0881,23886.7
2026-08-09 11:40:00,0.0882,0.0883,0.0881,0.0883,39097.43
2026-08-09 11:45:00,0.0882,0.0883,0.0882,0.0883,17906.87
2026-08-09 11:50:00,0.0883,0.0883,0.0882,0.0882,5567.7
2026-08-09 11:55:00,0.0882,0.0882,0.0882,0.0882,1475.36
2026-08-09 12:00:00,0.0882,0.0882,0.0881,0.0881,25621.53
2026-08-09 12:05:00,0.0881,0.0882,0.0881,0.0882,63690.41
2026-08-09 12:10:00,0.0882,0.0882,0.0882,0.0882,35816.85
2026-08-09 12:15:00,0.0883,0.0883,0.0883,0.0883,6157.85
2026-08-09 12:20:00,0.0883,0.0884,0.0883,0.0884,68745.81
2026-08-09 12:25:00,0.0884,0.0886,0.0884,0.0885,128906.72
2026-08-09 12:30:00,0.0885,0.0885,0.0882,0.0882,125782.19
2026-08-09 12:35:00,0.0882,0.0883,0.0881,0.0883,32699.37
2026-08-09 12:40:00,0.0882,0.0882,0.088,0.088,271416.1
2026-08-09 12:45:00,0.0881,0.0881,0.0881,0.0881,11350.14
2026-08-09 12:50:00,0.088,0.088,0.088,0.088,5204.66
2026-08-09 12:55:00,0.0881,0.0882,0.0881,0.0881,11312.45
2026-08-09 13:00:00,0.0882,0.0885,0.0882,0.0884,116341.93
2026-08-09 13:05:00,0.0884,0.0884,0.0884,0.0884,17877.34
2026-08-09 13:10:00,0.0884,0.0885,0.0883,0.0884,16223.67
2026-08-09 13:15:00,0.0885,0.0887,0.0885,0.0887,78020.18
2026-08-09 13:20:00,0.0887,0.0889,0.0887,0.0888,288864.44
2026-08-09 13:25:00,0.0888,0.0888,0.0888,0.0888,38810.14
2026-08-09 13:30:00,0.0889,0.0889,0.0887,0.0887,28209.81
2026-08-09 13:35:00,0.0888,0.0888,0.0886,0.0887,14209.63
2026-08-09 13:40:00,0.0887,0.0887,0.0886,0.0886,9757.81
2026-08-09 13:45:00,0.0886,0.0886,0.0885,0.0885,6033.12
2026-08-09 13:50:00,0.0885,0.0885,0.0885,0.0885,10916.61
2026-08-09 13:55:00,0.0885,0.0885,0.0884,0.0884,4758.24
2026-08-09 14:00:00,0.0884,0.0884,0.0884,0.0884,31024.58
2026-08-09 14:05:00,0.0884,0.0884,0.0884,0.0884,5498.77
2026-08-09 14:10:00,0.0885,0.0885,0.0885,0.0885,7439.13
2026-08-09 14:15:00,0.0885,0.0885,0.0884,0.0884,1837.72
2026-08-09 14:20:00,0.0885,0.0885,0.0884,0.0884,2092.39
2026-08-09 14:25:00,0.0884,0.0884,0.0884,0.0884,8652.4
2026-08-09 14:30:00,0.0883,0.0884,0.0883,0.0884,43410.71
2026-08-09 14:35:00,0.0884,0.0884,0.0884,0.0884,56179.4
2026-08-09 14:40:00,0.0885,0.0885,0.0883,0.0884,18760.51
2026-08-09 14:45:00,0.0883,0.0884,0.0883,0.0884,6134.66
2026-08-09 14:50:00,0.0884,0.0886,0.0884,0.0886,10360.88
2026-08-09 14:55:00,0.0887,0.0887,0.0887,0.0887,6680.87
2026-08-09 15:00:00,0.0888,0.089,0.0887,0.0889,58864.47
2026-08-09 15:05:00,0.089,0.089,0.0889,0.0889,14320.77
2026-08-09 15:10:00,0.089,0.0892,0.0889,0.0891,187302.81
2026-08-09 15:15:00,0.0892,0.0892,0.089,0.0891,40835.09
2026-08-09 15:20:00,0.0891,0.0891,0.089,0.0891,1114.84
2026-08-09 15:25:00,0.0891,0.0891,0.0891,0.0891,585.03
2026-08-09 15:30:00,0.0892,0.0895,0.0892,0.0894,169102.53
2026-08-09 15:35:00,0.0893,0.0893,0.0892,0.0893,12048.27
2026-08-09 15:40:00,0.0893,0.0894,0.0892,0.0892,26123.92
2026-08-09 15:45:00,0.0892,0.0893,0.0891,0.0892,85465.9
2026-08-09 15:50:00,0.0892,0.0893,0.0892,0.0893,24942.38
2026-08-09 15:55:00,0.0893,0.0893,0.0893,0.0893,13156.25
2026-08-09 16:00:00,0.0894,0.0894,0.0893,0.0894,62077.81
2026-08-09 16:05:00,0.0894,0.0895,0.0893,0.0894,30778.43
2026-08-09 16:10:00,0.0894,0.0894,0.0891,0.0892,34869.77
2026-08-09 16:15:00,0.0892,0.0893,0.0892,0.0893,16589.72
2026-08-09 16:20:00,0.0893,0.0894,0.0892,0.0893,62727.39
2026-08-09 16:25:00,0.0893,0.0894,0.0891,0.0894,191072.16
2026-08-09 16:30:00,0.0894,0.0894,0.0892,0.0892,160479.19
2026-08-09 16:35:00,0.0893,0.0894,0.0893,0.0894,20934.52
2026-08-09 16:40:00,0.0894,0.0895,0.0893,0.0893,51558.37
2026-08-09 16:45:00,0.0894,0.0894,0.0893,0.0893,32416.31
2026-08-09 16:50:00,0.0893,0.0893,0.0892,0.0892,51429.66
2026-08-09 16:55:00,0.0892,0.0893,0.0892,0.0893,8777.19
2026-08-09 17:00:00,0.0894,0.0895,0.0893,0.0894,119013.32
2026-08-09 17:05:00,0.0894,0.0894,0.0893,0.0893,34334.07
2026-08-09 17:10:00,0.0894,0.0894,0.0893,0.0893,37434.77
2026-08-09 17:15:00,0.0893,0.0895,0.0892,0.0893,47032.63
2026-08-09 17:20:00,0.0893,0.0894,0.0893,0.0894,6925.24
2026-08-09 17:25:00,0.0893,0.0894,0.0893,0.0894,2885.62
2026-08-09 17:30:00,0.0894,0.0895,0.0894,0.0895,44824.47
2026-08-09 17:35:00,0.0895,0.0895,0.0894,0.0895,11000.24
2026-08-09 17:40:00,0.0896,0.0896,0.0895,0.0895,32344.02
2026-08-09 17:45:00,0.0895,0.0895,0.0894,0.0895,26952.8
2026-08-09 17:50:00,0.0894,0.0894,0.0892,0.0892,21154.03
2026-08-09 17:55:00,0.0892,0.0893,0.0892,0.0893,15186.44
2026-08-09 18:00:00,0.0893,0.0896,0.0893,0.0894,89549.66
2026-08-09 18:05:00,0.0895,0.0896,0.0894,0.0895,49836.45
2026-08-09 18:10:00,0.0896,0.0896,0.0893,0.0893,12290.22
2026-08-09 18:15:00,0.0893,0.0893,0.0892,0.0892,43293.79
2026-08-09 18:20:00,0.0892,0.0894,0.0892,0.0893,22003.73
2026-08-09 18:25:00,0.0893,0.0893,0.0893,0.0893,15048.77
2026-08-09 18:30:00,0.0893,0.0893,0.0893,0.0893,45574.66
2026-08-09 18:35:00,0.0893,0.0893,0.0892,0.0892,8189.75
2026-08-09 18:40:00,0.0892,0.0892,0.0892,0.0892,21626.38
2026-08-09 18:45:00,0.0893,0.0894,0.0893,0.0893,13990.99
2026-08-09 18:50:00,0.0893,0.0893,0.0893,0.0893,6224.92
2026-08-09 18:55:00,0.0893,0.0894,0.0893,0.0894,24225.12
2026-08-09 19:00:00,0.0894,0.0895,0.0894,0.0894,52531.33
2026-08-09 19:05:00,0.0894,0.0894,0.0893,0.0894,8621.81
2026-08-09 19:10:00,0.0894,0.0894,0.0893,0.0893,24379.12
2026-08-09 19:15:00,0.0893,0.0893,0.0893,0.0893,21447.88
2026-08-09 19:20:00,0.0893,0.0893,0.0893,0.0893,183.25
2026-08-09 19:25:00,0.0894,0.0895,0.0894,0.0895,3134.84
2026-08-09 19:30:00,0.0895,0.0895,0.0894,0.0895,44552.58
2026-08-09 19:35:00,0.0896,0.0897,0.0896,0.0896,120797.12
2026-08-09 19:40:00,0.0897,0.0897,0.0896,0.0897,10417.05
2026-08-09 19:45:00,0.0896,0.0897,0.0896,0.0896,16960.57
2026-08-09 19:50:00,0.0896,0.0898,0.0896,0.0897,9425.35
2026-08-09 19:55:00,0.0897,0.0897,0.0897,0.0897,1279.94
2026-08-09 20:00:00,0.0898,0.0899,0.0897,0.0898,113141.27
2026-08-09 20:05:00,0.0898,0.0899,0.0898,0.0898,33582.06
2026-08-09 20:10:00,0.0898,0.0898,0.0895,0.0895,42783.82
2026-08-09 20:15:00,0.0895,0.0896,0.0895,0.0896,5495.67
2026-08-09 20:20:00,0.0895,0.0896,0.0895,0.0896,12220.89
2026-08-09 20:25:00,0.0896,0.0896,0.0896,0.0896,2178.57
2026-08-09 20:30:00,0.0896,0.0896,0.0896,0.0896,12486.03
2026-08-09 20:35:00,0.0895,0.0895,0.0895,0.0895,11014.71
2026-08-09 20:40:00,0.0895,0.0895,0.0895,0.0895,1062.57
2026-08-09 20:45:00,0.0895,0.0895,0.0895,0.0895,2836.37
2026-08-09 20:50:00,0.0895,0.0895,0.0894,0.0894,5857.54
2026-08-09 20:55:00,0.0894,0.0895,0.0894,0.0895,20965.64
2026-08-09 21:00:00,0.0896,0.0896,0.0895,0.0896,64752.6
2026-08-09 21:05:00,0.0897,0.0897,0.0896,0.0896,2533.32
2026-08-09 21:10:00,0.0896,0.0897,0.0896,0.0897,24060.21
2026-08-09 21:15:00,0.0897,0.0898,0.0897,0.0898,6050.3
2026-08-09 21:20:00,0.0898,0.09,0.0898,0.0899,52699.08
2026-08-09 21:25:00,0.0899,0.09,0.0899,0.09,82076.52
2026-08-09 21:30:00,0.09,0.0902,0.09,0.0902,76013.32
2026-08-09 21:35:00,0.0902,0.0903,0.0902,0.0903,79451.88
2026-08-09 21:40:00,0.0903,0.0903,0.0902,0.0902,12812.76
2026-08-09 21:45:00,0.0903,0.0904,0.0903,0.0904,78602.65
2026-08-09 21:50:00,0.0904,0.0904,0.0901,0.0901,68701.4
2026-08-09 21:55:00,0.0901,0.0902,0.0901,0.0902,15275.27
2026-08-09 22:00:00,0.0902,0.0904,0.0902,0.0904,22671.34
2026-08-09 22:05:00,0.0904,0.0905,0.0904,0.0904,72841.79
2026-08-09 22:10:00,0.0904,0.0908,0.0904,0.0906,208128.74
2026-08-09 22:15:00,0.0906,0.0908,0.0904,0.0904,58791.41
2026-08-09 22:20:00,0.0905,0.0905,0.0902,0.0903,46295.85
2026-08-09 22:25:00,0.0903,0.0903,0.0899,0.0899,154853.48
2026-08-09 22:30:00,0.0899,0.0899,0.0896,0.0897,32817.45
2026-08-09 22:35:00,0.0896,0.0896,0.0892,0.0895,113423.91
2026-08-09 22:40:00,0.0894,0.0894,0.0893,0.0893,171894.92
2026-08-09 22:45:00,0.0892,0.0892,0.089,0.0891,121199.42
2026-08-09 22:50:00,0.0891,0.0892,0.0889,0.0891,75743.4
2026-08-09 22:55:00,0.0891,0.0891,0.0891,0.0891,24755.23
2026-08-09 23:00:00,0.089,0.0891,0.089,0.0891,2804.97
2026-08-09 23:05:00,0.0891,0.0891,0.0888,0.0889,102583.89
2026-08-09 23:10:00,0.0888,0.0889,0.0888,0.0889,1829.89
2026-08-09 23:15:00,0.0888,0.0889,0.0887,0.0888,36056.63
2026-08-09 23:20:00,0.0887,0.0887,0.0884,0.0886,169499.69
2026-08-09 23:25:00,0.0886,0.0886,0.0881,0.0883,104431.4
2026-08-09 23:30:00,0.0882,0.0882,0.0878,0.0881,348916.93
2026-08-09 23:35:00,0.088,0.0883,0.088,0.0882,108788.82
2026-08-09 23:40:00,0.0881,0.0881,0.088,0.0881,170127.61
2026-08-09 23:45:00,0.0881,0.0883,0.0881,0.0882,65081.71
2026-08-09 23:50:00,0.0882,0.0882,0.0881,0.0882,118704.69
2026-08-09 23:55:00,0.0881,0.0881,0.088,0.0881,51453.53
2026-08-10 00:00:00,0.088,0.0881,0.0879,0.0881,92398.54
2026-08-10 00:05:00,0.0882,0.0885,0.0882,0.0885,77954.97
2026-08-10 00:10:00,0.0886,0.0892,0.0886,0.0889,185286.13
2026-08-10 00:15:00,0.0888,0.0889,0.0888,0.0888,30013.39
2026-08-10 00:20:00,0.0888,0.0888,0.0886,0.0886,25078.88
2026-08-10 00:25:00,0.0886,0.0888,0.0886,0.0887,40148.4
2026-08-10 00:30:00,0.0886,0.0888,0.0886,0.0886,13795.56
2026-08-10 00:35:00,0.0885,0.0885,0.0884,0.0884,66966.66
2026-08-10 00:40:00,0.0883,0.0885,0.0882,0.0883,41344.01
2026-08-10 00:45:00,0.0884,0.0887,0.0884,0.0887,98335.89
2026-08-10 00:50:00,0.0888,0.0889,0.0887,0.0889,77017.32
2026-08-10 00:55:00,0.0889,0.089,0.0887,0.0887,60465.92
2026-08-10 01:00:00,0.0887,0.0889,0.0887,0.0887,34639.76
2026-08-10 01:05:00,0.0887,0.0887,0.0885,0.0886,21449.63
2026-08-10 01:10:00,0.0887,0.0887,0.0886,0.0887,22642.85
2026-08-10 01:15:00,0.0887,0.0889,0.0887,0.0888,14864.01
2026-08-10 01:20:00,0.0888,0.0888,0.0887,0.0888,10480.71
2026-08-10 01:25:00,0.0889,0.0889,0.0887,0.0887,24337.19
2026-08-10 01:30:00,0.0886,0.0887,0.0885,0.0885,41740.26
2026-08-10 01:35:00,0.0885,0.0885,0.0884,0.0885,11406.27
2026-08-10 01:40:00,0.0885,0.0886,0.0885,0.0886,37961.66
2026-08-10 01:45:00,0.0886,0.0892,0.0886,0.0891,80997.71
2026-08-10 01:50:00,0.0892,0.0894,0.0891,0.0891,89222.68
2026-08-10 01:55:00,0.0891,0.0893,0.0891,0.0893,51451.56
2026-08-10 02:00:00,0.0894,0.0894,0.0891,0.0892,219205.21
2026-08-10 02:05:00,0.0893,0.0895,0.0892,0.0893,220684.86
2026-08-10 02:10:00,0.0893,0.0893,0.0891,0.0891,49569.08
2026-08-10 02:15:00,0.0891,0.0891,0.0887,0.0887,75484.68
2026-08-10 02:20:00,0.0887,0.0887,0.0885,0.0887,123772.33
2026-08-10 02:25:00,0.0886,0.0889,0.0886,0.0889,101180.87
2026-08-10 02:30:00,0.0889,0.089,0.0888,0.0889,34121.13
2026-08-10 02:35:00,0.0889,0.0892,0.0888,0.0892,54385.15
2026-08-10 02:40:00,0.0893,0.0896,0.0893,0.0896,52927.4
2026-08-10 02:45:00,0.0896,0.0899,0.0895,0.0895,237643.9
2026-08-10 02:50:00,0.0895,0.0895,0.0894,0.0895,94788.86
2026-08-10 02:55:00,0.0895,0.0895,0.0894,0.0894,44852.21
2026-08-10 03:00:00,0.0895,0.0896,0.0894,0.0894,59748.77
2026-08-10 03:05:00,0.0894,0.0895,0.0893,0.0895,20770.45
2026-08-10 03:10:00,0.0894,0.0894,0.089,0.089,63940.49
2026-08-10 03:15:00,0.0889,0.0892,0.0889,0.0892,32151.14
2026-08-10 03:20:00,0.0892,0.0894,0.0892,0.0894,70861.3
2026-08-10 03:25:00,0.0895,0.0896,0.0892,0.0892,140257.21
2026-08-10 03:30:00,0.0891,0.0893,0.0891,0.0893,14051.49
2026-08-10 03:35:00,0.0894,0.0894,0.0893,0.0894,36674.92
2026-08-10 03:40:00,0.0894,0.0894,0.0894,0.0894,31815.55
2026-08-10 03:45:00,0.0894,0.0896,0.0894,0.0896,25035.05
2026-08-10 03:50:00,0.0895,0.0896,0.0894,0.0894,91328.51
2026-08-10 03:55:00,0.0894,0.0894,0.0892,0.0893,37508.08
2026-08-10 04:00:00,0.0893,0.0893,0.0892,0.0893,44713.73
2026-08-10 04:05:00,0.0893,0.0894,0.0892,0.0894,53826.8
2026-08-10 04:10:00,0.0894,0.0894,0.0894,0.0894,4298.56
2026-08-10 04:15:00,0.0894,0.0896,0.0894,0.0895,91902.12
2026-08-10 04:20:00,0.0895,0.0895,0.0893,0.0893,25992.3
2026-08-10 04:25:00,0.0893,0.0894,0.0893,0.0894,26789.73
2026-08-10 04:30:00,0.0894,0.0895,0.0894,0.0894,116208.01
2026-08-10 04:35:00,0.0894,0.0896,0.0894,0.0894,22531.91
2026-08-10 04:40:00,0.0893,0.0893,0.0892,0.0893,29797.45
2026-08-10 04:45:00,0.0894,0.0898,0.0894,0.0896,187848.59
2026-08-10 04:50:00,0.0896,0.0896,0.0893,0.0893,115164.21
2026-08-10 04:55:00,0.0892,0.0892,0.0892,0.0892,12298.4
2026-08-10 05:00:00,0.0893,0.0894,0.0892,0.0894,34131.15
2026-08-10 05:05:00,0.0895,0.0897,0.0895,0.0897,38747.06
2026-08-10 05:10:00,0.0897,0.0897,0.0895,0.0895,45357.69
2026-08-10 05:15:00,0.0896,0.0897,0.0896,0.0897,24300.75
2026-08-10 05:20:00,0.0896,0.0897,0.0896,0.0897,38158.74
2026-08-10 05:25:00,0.0898,0.0899,0.0897,0.0899,54429.05
2026-08-10 05:30:00,0.0899,0.0899,0.0898,0.0898,9311.81
2026-08-10 05:35:00,0.0898,0.0898,0.0898,0.0898,9882.26
2026-08-10 05:40:00,0.0898,0.0901,0.0898,0.0901,94596.08
2026-08-10 05:45:00,0.0901,0.0902,0.0901,0.0902,205.92
2026-08-10 05:50:00,0.0902,0.0903,0.0901,0.0903,55059.27
2026-08-10 05:55:00,0.0903,0.0905,0.0903,0.0903,63468.62
2026-08-10 06:00:00,0.0903,0.0905,0.0903,0.0905,99037.57
2026-08-10 06:05:00,0.0905,0.0906,0.0904,0.0904,56685.96
2026-08-10 06:10:00,0.0904,0.0904,0.0904,0.0904,13026.25
2026-08-10 06:15:00,0.0903,0.0906,0.0903,0.0906,155602.77
2026-08-10 06:20:00,0.0906,0.0906,0.0903,0.0904,55213.75
2026-08-10 06:25:00,0.0904,0.0911,0.0904,0.0908,307400.82
2026-08-10 06:30:00,0.0909,0.0912,0.0909,0.0911,354883.64
2026-08-10 06:35:00,0.0912,0.0912,0.0909,0.0909,248077.6
2026-08-10 06:40:00,0.091,0.091,0.0909,0.091,37218.47
2026-08-10 06:45:00,0.0909,0.0914,0.0909,0.0911,405506.49
2026-08-10 06:50:00,0.0911,0.0912,0.0909,0.091,38708.14
2026-08-10 06:55:00,0.0911,0.0913,0.0911,0.0912,49521.68
2026-08-10 07:00:00,0.0913,0.092,0.0912,0.0916,359098.68
2026-08-10 07:05:00,0.0916,0.0917,0.0915,0.0916,151940.77
2026-08-10 07:10:00,0.0916,0.0918,0.0915,0.0917,26935.9
2026-08-10 07:15:00,0.0917,0.0918,0.0914,0.0915,118891.92
2026-08-10 07:20:00,0.0915,0.0916,0.0914,0.0914,202932.87
2026-08-10 07:25:00,0.0914,0.0914,0.0914,0.0914,18383.2
2026-08-10 07:30:00,0.0915,0.0915,0.0913,0.0913,67280.85
2026-08-10 07:35:00,0.0912,0.0914,0.0911,0.0912,68074.71
2026-08-10 07:40:00,0.0912,0.0914,0.0912,0.0913,30577.29
2026-08-10 07:45:00,0.0912,0.0912,0.0911,0.0912,54221.58
2026-08-10 07:50:00,0.0911,0.0915,0.0911,0.0913,19589.97
2026-08-10 07:55:00,0.0914,0.0915,0.0913,0.0913,34792.34
2026-08-10 08:00:00,0.0913,0.0915,0.0911,0.0913,323871.47
2026-08-10 08:05:00,0.0913,0.0913,0.0911,0.0911,46852.1
2026-08-10 08:10:00,0.0911,0.0912,0.091,0.0911,14644.27
2026-08-10 08:15:00,0.091,0.0912,0.091,0.0912,82457.66
2026-08-10 08:20:00,0.0911,0.0912,0.0911,0.0911,27898.08
2026-08-10 08:25:00,0.0911,0.0912,0.091,0.0911,27415.24
2026-08-10 08:30:00,0.091,0.091,0.091,0.091,16447.22
2026-08-10 08:35:00,0.091,0.091,0.0909,0.091,15128.07
2026-08-10 08:40:00,0.0909,0.0909,0.0907,0.0907,74706.34
2026-08-10 08:45:00,0.0907,0.0911,0.0907,0.0911,65816.58
2026-08-10 08:50:00,0.0911,0.0912,0.0911,0.0912,62453.44
2026-08-10 08:55:00,0.0912,0.0913,0.0911,0.0913,18839.84
2026-08-10 09:00:00,0.0913,0.0913,0.0912,0.0913,306544.42
2026-08-10 09:05:00,0.0912,0.0913,0.0911,0.0913,307978.52
2026-08-10 09:10:00,0.0913,0.0913,0.0911,0.0911,36613.69
2026-08-10 09:15:00,0.0912,0.0913,0.0911,0.0911,20874.76
2026-08-10 09:20:00,0.0911,0.0911,0.0909,0.0909,117382.41
2026-08-10 09:25:00,0.0909,0.0909,0.0907,0.0908,33921.7
2026-08-10 09:30:00,0.0907,0.0907,0.0905,0.0907,58649.04
2026-08-10 09:35:00,0.0906,0.0907,0.0905,0.0905,63817.72
2026-08-10 09:40:00,0.0906,0.0906,0.0905,0.0906,56759.51
2026-08-10 09:45:00,0.0906,0.0906,0.0904,0.0905,283136.61
2026-08-10 09:50:00,0.0905,0.0906,0.0905,0.0906,57459.85
2026-08-10 09:55:00,0.0906,0.0906,0.0905,0.0905,26663.04
2026-08-10 10:00:00,0.0904,0.0905,0.0904,0.0905,46766.84
2026-08-10 10:05:00,0.0906,0.0906,0.0903,0.0904,75205.3
2026-08-10 10:10:00,0.0904,0.0905,0.0904,0.0905,62534.85
2026-08-10 10:15:00,0.0906,0.0906,0.0904,0.0905,17527.36
2026-08-10 10:20:00,0.0905,0.0908,0.0905,0.0908,33143.07
2026-08-10 10:25:00,0.0909,0.0909,0.0908,0.0909,58828.87
2026-08-10 10:30:00,0.0909,0.091,0.0908,0.0908,886.09
2026-08-10 10:35:00,0.0908,0.0908,0.0907,0.0908,17653.95
2026-08-10 10:40:00,0.0908,0.0909,0.0908,0.0909,46881.45
2026-08-10 10:45:00,0.091,0.0911,0.0909,0.0911,24589.97
2026-08-10 10:50:00,0.0911,0.0911,0.091,0.091,54271.8
2026-08-10 10:55:00,0.0909,0.091,0.0909,0.0909,26795.92
2026-08-10 11:00:00,0.0908,0.0909,0.0908,0.0908,52810.75
2026-08-10 11:05:00,0.0907,0.0908,0.0904,0.0905,207293.28
2026-08-10 11:10:00,0.0905,0.0907,0.0905,0.0907,38521.42
2026-08-10 11:15:00,0.0907,0.0908,0.0907,0.0907,7425.82
2026-08-10 11:20:00,0.0908,0.0908,0.0907,0.0908,2588.75
2026-08-10 11:25:00,0.0907,0.0909,0.0907,0.0909,45115.63
2026-08-10 11:30:00,0.0909,0.0909,0.0908,0.0908,13968.81
2026-08-10 11:35:00,0.0908,0.0908,0.0907,0.0908,6633.71
2026-08-10 11:40:00,0.0909,0.0911,0.0909,0.091,85814.73
2026-08-10 11:45:00,0.0911,0.0912,0.091,0.0911,65712.71
2026-08-10 11:50:00,0.091,0.0911,0.0909,0.091,49252.38
2026-08-10 11:55:00,0.091,0.0911,0.091,0.091,17219.02
2026-08-10 12:00:00,0.091,0.0912,0.0909,0.0911,58514.95
2026-08-10 12:05:00,0.091,0.091,0.0909,0.0909,18151.77
2026-08-10 12:10:00,0.0909,0.0909,0.0908,0.0909,13070.77
2026-08-10 12:15:00,0.0909,0.0909,0.0909,0.0909,2550.24
2026-08-10 12:20:00,0.0909,0.0909,0.0909,0.0909,41452.8
2026-08-10 12:25:00,0.0908,0.0909,0.0905,0.0905,570629.74
2026-08-10 12:30:00,0.0905,0.0907,0.0904,0.0906,40484.52
2026-08-10 12:35:00,0.0907,0.0908,0.0907,0.0908,23887.91
2026-08-10 12:40:00,0.0909,0.0911,0.0907,0.0911,91564.24
2026-08-10 12:45:00,0.0912,0.0912,0.091,0.091,18455.22
2026-08-10 12:50:00,0.091,0.091,0.0909,0.091,30986.65
2026-08-10 12:55:00,0.0911,0.0911,0.0908,0.0909,53959.65
2026-08-10 13:00:00,0.0909,0.0912,0.0909,0.091,104756.26
2026-08-10 13:05:00,0.0911,0.0912,0.091,0.0911,7612.49
2026-08-10 13:10:00,0.0911,0.0912,0.091,0.091,16042.9
2026-08-10 13:15:00,0.091,0.0911,0.091,0.0911,5263.01
2026-08-10 13:20:00,0.0911,0.0911,0.091,0.0911,31726.44
2026-08-10 13:25:00,0.091,0.0911,0.091,0.0911,24899.11
2026-08-10 13:30:00,0.0911,0.0912,0.0907,0.0908,1038787.1
2026-08-10 13:35:00,0.0907,0.0912,0.0906,0.0912,560132.01
2026-08-10 13:40:00,0.0912,0.0914,0.0911,0.0912,324256.34
2026-08-10 13:45:00,0.0912,0.0913,0.0909,0.091,63343.48
2026-08-10 13:50:00,0.091,0.0911,0.0909,0.0909,146363.12
2026-08-10 13:55:00,0.0909,0.0911,0.0908,0.091,109422.53
2026-08-10 14:00:00,0.0909,0.0914,0.0909,0.0912,319537.81
2026-08-10 14:05:00,0.0911,0.0911,0.091,0.0911,48487.95
2026-08-10 14:10:00,0.091,0.0913,0.0909,0.0913,53540.42
2026-08-10 14:15:00,0.0913,0.0913,0.091,0.091,41613.78
2026-08-10 14:20:00,0.091,0.091,0.0909,0.091,34906.86
2026-08-10 14:25:00,0.091,0.0912,0.091,0.091,52169.71
2026-08-10 14:30:00,0.0909,0.0911,0.0909,0.091,79608.36
2026-08-10 14:35:00,0.0911,0.0911,0.0908,0.0908,63543.06
2026-08-10 14:40:00,0.0908,0.0911,0.0908,0.091,35078.0
2026-08-10 14:45:00,0.0909,0.0912,0.0906,0.0907,869299.81
2026-08-10 14:50:00,0.0906,0.0907,0.0905,0.0906,40764.49
2026-08-10 14:55:00,0.0906,0.0906,0.0905,0.0905,57562.9
2026-08-10 15:00:00,0.0905,0.0908,0.0903,0.0908,128477.99
2026-08-10 15:05:00,0.0907,0.0908,0.0906,0.0906,75549.02
2026-08-10 15:10:00,0.0907,0.0907,0.0901,0.0901,298564.77
2026-08-10 15:15:00,0.0901,0.0906,0.0901,0.0904,64133.81
2026-08-10 15:20:00,0.0905,0.0905,0.0903,0.0903,37185.62
2026-08-10 15:25:00,0.0903,0.0905,0.0901,0.0905,51972.38
2026-08-10 15:30:00,0.0905,0.0905,0.0903,0.0904,48961.05
2026-08-10 15:35:00,0.0904,0.0904,0.0903,0.0904,49993.74
2026-08-10 15:40:00,0.0904,0.0908,0.0904,0.0908,54158.27
2026-08-10 15:45:00,0.0907,0.0908,0.0907,0.0907,28762.37
2026-08-10 15:50:00,0.0907,0.0909,0.0907,0.0908,90275.31
2026-08-10 15:55:00,0.0909,0.0911,0.0908,0.091,159120.66
2026-08-10 16:00:00,0.091,0.091,0.0909,0.0909,162064.17
2026-08-10 16:05:00,0.0909,0.0911,0.0908,0.091,112457.15
2026-08-10 16:10:00,0.091,0.091,0.0909,0.0909,39509.04
2026-08-10 16:15:00,0.0909,0.091,0.0908,0.0908,8298.67
2026-08-10 16:20:00,0.0909,0.091,0.0906,0.091,99938.11
2026-08-10 16:25:00,0.091,0.091,0.0905,0.0906,70174.89
2026-08-10 16:30:00,0.0906,0.0909,0.0905,0.0906,175503.72
2026-08-10 16:35:00,0.0906,0.0911,0.0906,0.0911,97315.42
2026-08-10 16:40:00,0.0911,0.0912,0.091,0.091,50319.51
2026-08-10 16:45:00,0.091,0.091,0.0907,0.0908,42723.34
2026-08-10 16:50:00,0.0908,0.091,0.0908,0.0908,119287.83
2026-08-10 16:55:00,0.0907,0.0908,0.0906,0.0908,73390.14
2026-08-10 17:00:00,0.0908,0.0908,0.0906,0.0907,44573.07
2026-08-10 17:05:00,0.0907,0.0913,0.0907,0.0913,155191.6
2026-08-10 17:10:00,0.0913,0.0917,0.0913,0.0916,148821.08
2026-08-10 17:15:00,0.0917,0.0925,0.0914,0.0919,856083.71
2026-08-10 17:20:00,0.092,0.092,0.0917,0.0919,125945.26
2026-08-10 17:25:00,0.0919,0.0919,0.0917,0.0917,101395.52
2026-08-10 17:30:00,0.0918,0.092,0.0918,0.0919,68622.7
2026-08-10 17:35:00,0.0918,0.0918,0.0915,0.0917,150706.76
2026-08-10 17:40:00,0.0917,0.0917,0.0917,0.0917,13480.26
2026-08-10 17:45:00,0.0917,0.0917,0.0914,0.0915,39197.55
2026-08-10 17:50:00,0.0915,0.0915,0.0915,0.0915,54428.4
2026-08-10 17:55:00,0.0916,0.0917,0.0915,0.0917,77525.83
2026-08-10 18:00:00,0.0917,0.0921,0.0917,0.092,71698.9
2026-08-10 18:05:00,0.092,0.0924,0.092,0.0923,233560.44
2026-08-10 18:10:00,0.0923,0.0926,0.0923,0.0923,259793.84
2026-08-10 18:15:00,0.0924,0.0927,0.0922,0.0926,128956.35
2026-08-10 18:20:00,0.0927,0.0928,0.0927,0.0927,140219.67
2026-08-10 18:25:00,0.0927,0.0929,0.0927,0.0928,105147.29
2026-08-10 18:30:00,0.0928,0.0929,0.0924,0.0924,109398.64
2026-08-10 18:35:00,0.0924,0.0926,0.0922,0.0926,245456.53
2026-08-10 18:40:00,0.0925,0.0928,0.0925,0.0926,170546.46
2026-08-10 18:45:00,0.0926,0.0929,0.0923,0.0929,209495.87
2026-08-10 18:50:00,0.0929,0.093,0.0927,0.0928,66351.46
2026-08-10 18:55:00,0.0928,0.0928,0.0926,0.0926,102427.96
2026-08-10 19:00:00,0.0926,0.0926,0.0924,0.0925,162149.92
2026-08-10 19:05:00,0.0924,0.0924,0.0923,0.0924,48769.13
2026-08-10 19:10:00,0.0924,0.0925,0.0923,0.0924,185378.32
2026-08-10 19:15:00,0.0924,0.0924,0.0922,0.0923,62476.39
2026-08-10 19:20:00,0.0923,0.0924,0.0922,0.0923,92107.19
2026-08-10 19:25:00,0.0923,0.0923,0.0922,0.0923,54467.91
2026-08-10 19:30:00,0.0924,0.0924,0.0923,0.0923,13586.24
2026-08-10 19:35:00,0.0924,0.0924,0.0922,0.0923,136526.23
2026-08-10 19:40:00,0.0922,0.0922,0.0921,0.0921,13539.76
2026-08-10 19:45:00,0.0921,0.0922,0.0921,0.0922,5810.12
2026-08-10 19:50:00,0.0922,0.0922,0.092,0.092,186317.13
2026-08-10 19:55:00,0.092,0.092,0.0917,0.0918,117877.48
2026-08-10 20:00:00,0.0918,0.0919,0.0917,0.0917,27694.72
2026-08-10 20:05:00,0.0918,0.0918,0.0916,0.0918,49771.2
2026-08-10 20:10:00,0.0918,0.0918,0.0917,0.0918,64663.44
2026-08-10 20:15:00,0.0918,0.0919,0.0918,0.0919,20627.8
2026-08-10 20:20:00,0.0919,0.0919,0.0918,0.0918,5231.51
2026-08-10 20:25:00,0.0917,0.0917,0.0916,0.0917,85952.02
2026-08-10 20:30:00,0.0917,0.0919,0.0917,0.0918,14006.35
2026-08-10 20:35:00,0.0917,0.0917,0.0916,0.0916,17335.45
2026-08-10 20:40:00,0.0916,0.0917,0.0916,0.0916,17173.52
2026-08-10 20:45:00,0.0916,0.0916,0.0914,0.0915,105604.02
2026-08-10 20:50:00,0.0915,0.0916,0.0915,0.0915,1655.5
2026-08-10 20:55:00,0.0915,0.0915,0.0915,0.0915,125.0
2026-08-10 21:00:00,0.0914,0.0914,0.0914,0.0914,51631.66
2026-08-10 21:05:00,0.0914,0.0914,0.0913,0.0913,36371.21
2026-08-10 21:10:00,0.0912,0.0913,0.0909,0.091,108964.5
2026-08-10 21:15:00,0.091,0.091,0.0908,0.0909,28376.33
2026-08-10 21:20:00,0.0908,0.0908,0.0906,0.0907,96275.41
2026-08-10 21:25:00,0.0906,0.0907,0.0906,0.0907,27992.49
2026-08-10 21:30:00,0.0907,0.0908,0.0907,0.0908,22463.11
2026-08-10 21:35:00,0.0909,0.0911,0.0909,0.091,82865.49
2026-08-10 21:40:00,0.0909,0.091,0.0909,0.091,25444.27
2026-08-10 21:45:00,0.0909,0.0909,0.0908,0.0908,52420.58
2026-08-10 21:50:00,0.0908,0.091,0.0907,0.0908,146834.59
2026-08-10 21:55:00,0.0908,0.0909,0.0908,0.0909,8877.27
2026-08-10 22:00:00,0.0908,0.091,0.0908,0.0908,8591.49
2026-08-10 22:05:00,0.0908,0.091,0.0906,0.091,18198.78
2026-08-10 22:10:00,0.091,0.0913,0.091,0.0911,92116.32
2026-08-10 22:15:00,0.091,0.0913,0.091,0.0913,24638.33
2026-08-10 22:20:00,0.0912,0.0912,0.0911,0.0912,29617.86
2026-08-10 22:25:00,0.0911,0.0912,0.0911,0.0912,16892.21
2026-08-10 22:30:00,0.0913,0.0914,0.091,0.091,83159.55
2026-08-10 22:35:00,0.091,0.0911,0.091,0.091,6439.87
2026-08-10 22:40:00,0.0911,0.0911,0.0909,0.091,14664.3
2026-08-10 22:45:00,0.091,0.0911,0.091,0.0911,2034.21
2026-08-10 22:50:00,0.0911,0.0912,0.0911,0.0912,20061.41
2026-08-10 22:55:00,0.0912,0.0913,0.0912,0.0912,6998.92
2026-08-10 23:00:00,0.0911,0.0911,0.0911,0.0911,8035.63
2026-08-10 23:05:00,0.091,0.0913,0.091,0.0912,34628.79
2026-08-10 23:10:00,0.0913,0.0914,0.0913,0.0913,18601.72
2026-08-10 23:15:00,0.0913,0.0914,0.0912,0.0914,22001.4
2026-08-10 23:20:00,0.0914,0.0916,0.0912,0.0913,84246.15
2026-08-10 23:25:00,0.0914,0.0914,0.0912,0.0912,37499.43
2026-08-10 23:30:00,0.0913,0.0913,0.0913,0.0913,7077.14
2026-08-10 23:35:00,0.0913,0.0913,0.0912,0.0912,22913.73
2026-08-10 23:40:00,0.0913,0.0914,0.0913,0.0913,34825.43
2026-08-10 23:45:00,0.0913,0.0913,0.0913,0.0913,50156.09
2026-08-10 23:50:00,0.0912,0.0913,0.0912,0.0912,28621.43
2026-08-10 23:55:00,0.0913,0.0915,0.0913,0.0915,56774.03
2026-08-11 00:00:00,0.0914,0.0914,0.0913,0.0914,34880.01
2026-08-11 00:05:00,0.0913,0.0914,0.0913,0.0914,32450.8
2026-08-11 00:10:00,0.0913,0.0914,0.0913,0.0913,22377.32
2026-08-11 00:15:00,0.0914,0.0914,0.0914,0.0914,8002.12
2026-08-11 00:20:00,0.0914,0.0914,0.0912,0.0912,61546.96
2026-08-11 00:25:00,0.0913,0.0916,0.0913,0.0916,66226.39
2026-08-11 00:30:00,0.0916,0.0917,0.0915,0.0915,27048.72
2026-08-11 00:35:00,0.0916,0.0916,0.0913,0.0914,86504.36
2026-08-11 00:40:00,0.0914,0.0915,0.0914,0.0915,1927.66
2026-08-11 00:45:00,0.0915,0.0915,0.0915,0.0915,25618.66
2026-08-11 00:50:00,0.0915,0.0915,0.0914,0.0915,34620.97
2026-08-11 00:55:00,0.0915,0.0915,0.0913,0.0913,42045.39
2026-08-11 01:00:00,0.0913,0.0913,0.0911,0.0911,51958.46
2026-08-11 01:05:00,0.0912,0.0913,0.0912,0.0913,27393.22
2026-08-11 01:10:00,0.0913,0.092,0.0913,0.092,295313.72
2026-08-11 01:15:00,0.092,0.092,0.0917,0.0917,65161.78
2026-08-11 01:20:00,0.0917,0.0918,0.0917,0.0918,31204.19
2026-08-11 01:25:00,0.0917,0.0919,0.0917,0.0919,72079.31
2026-08-11 01:30:00,0.092,0.0921,0.0918,0.0918,27285.93
2026-08-11 01:35:00,0.0917,0.0917,0.0916,0.0916,11063.28
2026-08-11 01:40:00,0.0917,0.0917,0.0915,0.0917,33221.52
2026-08-11 01:45:00,0.0916,0.092,0.0916,0.092,85050.04
2026-08-11 01:50:00,0.092,0.0925,0.092,0.0924,194682.46
2026-08-11 01:55:00,0.0924,0.0924,0.0921,0.0922,22512.83
2026-08-11 02:00:00,0.0922,0.0926,0.0922,0.0926,72118.95
2026-08-11 02:05:00,0.0926,0.0927,0.0925,0.0926,81960.63
2026-08-11 02:10:00,0.0927,0.0927,0.0925,0.0925,36488.44
2026-08-11 02:15:00,0.0924,0.0924,0.0922,0.0922,41959.3
2026-08-11 02:20:00,0.0922,0.0922,0.0921,0.0922,2675.75
2026-08-11 02:25:00,0.0921,0.0922,0.0921,0.0922,18883.88
2026-08-11 02:30:00,0.0922,0.0923,0.0921,0.0921,120536.56
2026-08-11 02:35:00,0.0921,0.0921,0.0917,0.0917,48001.82
2026-08-11 02:40:00,0.0917,0.0918,0.0916,0.0917,15522.88
2026-08-11 02:45:00,0.0918,0.0918,0.0917,0.0917,8631.03
2026-08-11 02:50:00,0.0918,0.0918,0.0916,0.0917,56617.56
2026-08-11 02:55:00,0.0917,0.0917,0.0917,0.0917,5730.47
2026-08-11 03:00:00,0.0917,0.0917,0.0917,0.0917,21105.77
2026-08-11 03:05:00,0.0916,0.0916,0.0915,0.0916,27197.79
2026-08-11 03:10:00,0.0916,0.0916,0.0915,0.0915,81454.55
2026-08-11 03:15:00,0.0915,0.0915,0.0915,0.0915,3309.73
2026-08-11 03:20:00,0.0915,0.0915,0.0914,0.0915,37160.15
2026-08-11 03:25:00,0.0915,0.0915,0.0914,0.0915,554.06
2026-08-11 03:30:00,0.0914,0.0914,0.0913,0.0913,28393.44
2026-08-11 03:35:00,0.0913,0.0913,0.0912,0.0913,27722.65
2026-08-11 03:40:00,0.0913,0.0913,0.0912,0.0912,46837.02
2026-08-11 03:45:00,0.0912,0.0912,0.0912,0.0912,1087.05
2026-08-11 03:50:00,0.0913,0.0913,0.0912,0.0912,19455.17
2026-08-11 03:55:00,0.0912,0.0912,0.0911,0.0912,17728.32
2026-08-11 04:00:00,0.0911,0.0911,0.091,0.091,32419.7
2026-08-11 04:05:00,0.091,0.0911,0.0909,0.091,53119.05
2026-08-11 04:10:00,0.091,0.091,0.0909,0.0909,27646.82
2026-08-11 04:15:00,0.0908,0.0908,0.0908,0.0908,14600.4
2026-08-11 04:20:00,0.0908,0.0908,0.0908,0.0908,36325.34
2026-08-11 04:25:00,0.0908,0.0909,0.0907,0.0907,33398.35
2026-08-11 04:30:00,0.0907,0.0908,0.0907,0.0908,13705.03
2026-08-11 04:35:00,0.0909,0.091,0.0907,0.0909,638527.76
2026-08-11 04:40:00,0.0909,0.0909,0.0909,0.0909,401.85
2026-08-11 04:45:00,0.0908,0.0909,0.0907,0.0907,40405.73
2026-08-11 04:50:00,0.0907,0.0908,0.0906,0.0908,7997.83
2026-08-11 04:55:00,0.0907,0.0908,0.0907,0.0908,11335.44
2026-08-11 05:00:00,0.0909,0.0909,0.0908,0.0908,52946.06
2026-08-11 05:05:00,0.0908,0.0908,0.0907,0.0907,76479.8
2026-08-11 05:10:00,0.0907,0.0907,0.0907,0.0907,14410.94
2026-08-11 05:15:00,0.0907,0.0907,0.0907,0.0907,5718.93
2026-08-11 05:20:00,0.0908,0.0908,0.0906,0.0907,79213.97
2026-08-11 05:25:00,0.0907,0.0908,0.0907,0.0908,10644.15
2026-08-11 05:30:00,0.0908,0.091,0.0908,0.091,31587.52
2026-08-11 05:35:00,0.091,0.0911,0.091,0.0911,31365.38
2026-08-11 05:40:00,0.091,0.091,0.091,0.091,3263.51
2026-08-11 05:45:00,0.0909,0.0909,0.0908,0.0908,44471.69
2026-08-11 05:50:00,0.0909,0.091,0.0909,0.091,26917.17
2026-08-11 05:55:00,0.0909,0.0909,0.0909,0.0909,2385.5
2026-08-11 06:00:00,0.0908,0.0908,0.0907,0.0907,24288.05
2026-08-11 06:05:00,0.0908,0.0908,0.0907,0.0908,62243.34
2026-08-11 06:10:00,0.0909,0.091,0.0909,0.091,5591.71
2026-08-11 06:15:00,0.091,0.0912,0.0909,0.091,161131.95
2026-08-11 06:20:00,0.0909,0.0909,0.0908,0.0909,27652.76
2026-08-11 06:25:00,0.0908,0.0908,0.0907,0.0907,35444.9
2026-08-11 06:30:00,0.0906,0.0906,0.0906,0.0906,81443.19
2026-08-11 06:35:00,0.0906,0.0907,0.0906,0.0907,4350.78
2026-08-11 06:40:00,0.0907,0.0908,0.0907,0.0907,5985.1
2026-08-11 06:45:00,0.0907,0.0907,0.0905,0.0906,98869.03
2026-08-11 06:50:00,0.0906,0.0906,0.0906,0.0906,23068.24
2026-08-11 06:55:00,0.0906,0.0907,0.0906,0.0907,6460.71
2026-08-11 07:00:00,0.0906,0.0906,0.0906,0.0906,19068.77
2026-08-11 07:05:00,0.0906,0.0906,0.0906,0.0906,53565.05
2026-08-11 07:10:00,0.0907,0.0907,0.0906,0.0906,6297.97
2026-08-11 07:15:00,0.0906,0.0906,0.0904,0.0904,50666.63
2026-08-11 07:20:00,0.0904,0.0904,0.0902,0.0903,62411.6
2026-08-11 07:25:00,0.0903,0.0903,0.0901,0.0902,148487.39
2026-08-11 07:30:00,0.0902,0.0902,0.0902,0.0902,17542.41
2026-08-11 07:35:00,0.0903,0.0904,0.0903,0.0904,13554.88
2026-08-11 07:40:00,0.0904,0.0904,0.0904,0.0904,5910.06
2026-08-11 07:45:00,0.0903,0.0903,0.0903,0.0903,41957.86
2026-08-11 07:50:00,0.0903,0.0903,0.0903,0.0903,6203.42
2026-08-11 07:55:00,0.0903,0.0903,0.0901,0.0901,25106.85
2026-08-11 08:00:00,0.0902,0.0903,0.0902,0.0903,37590.48
2026-08-11 08:05:00,0.0904,0.0905,0.0903,0.0903,8145.16
2026-08-11 08:10:00,0.0903,0.0904,0.0902,0.0902,20183.49
2026-08-11 08:15:00,0.0902,0.0903,0.0902,0.0902,62118.98
2026-08-11 08:20:00,0.0902,0.0903,0.0902,0.0902,39676.1
2026-08-11 08:25:00,0.0902,0.0903,0.0902,0.0902,45208.09
2026-08-11 08:30:00,0.0903,0.0903,0.0903,0.0903,7102.37
2026-08-11 08:35:00,0.0903,0.0903,0.0902,0.0903,4992.76
2026-08-11 08:40:00,0.0903,0.0903,0.0903,0.0903,35839.7
2026-08-11 08:45:00,0.0903,0.0903,0.0903,0.0903,495.3
2026-08-11 08:50:00,0.0902,0.0903,0.0902,0.0903,17130.98
2026-08-11 08:55:00,0.0903,0.0904,0.0899,0.0902,246475.0
2026-08-11 09:00:00,0.0903,0.0903,0.09,0.0901,41614.22
2026-08-11 09:05:00,0.0902,0.0903,0.0901,0.0902,51059.16
2026-08-11 09:10:00,0.0902,0.0902,0.0901,0.0902,73586.51
2026-08-11 09:15:00,0.0901,0.0903,0.0901,0.0903,7464.67
2026-08-11 09:20:00,0.0903,0.0904,0.0902,0.0903,63801.2
2026-08-11 09:25:00,0.0904,0.0904,0.0902,0.0902,10094.51
2026-08-11 09:30:00,0.0902,0.0903,0.0902,0.0902,13300.11
2026-08-11 09:35:00,0.0902,0.0903,0.0902,0.0902,21429.87
2026-08-11 09:40:00,0.0903,0.0905,0.0903,0.0905,26204.61
2026-08-11 09:45:00,0.0906,0.0906,0.0905,0.0905,25796.54
2026-08-11 09:50:00,0.0906,0.0907,0.0906,0.0906,87936.11
2026-08-11 09:55:00,0.0906,0.0906,0.0905,0.0906,36359.45
2026-08-11 10:00:00,0.0906,0.0908,0.0906,0.0907,43601.38
2026-08-11 10:05:00,0.0907,0.0908,0.0905,0.0905,78671.99
2026-08-11 10:10:00,0.0906,0.0906,0.0903,0.0903,86184.59
2026-08-11 10:15:00,0.0903,0.0903,0.0902,0.0902,21170.46
2026-08-11 10:20:00,0.0901,0.0901,0.09,0.0901,43328.05
2026-08-11 10:25:00,0.0901,0.0904,0.0901,0.0903,26060.6
2026-08-11 10:30:00,0.0904,0.0904,0.0903,0.0903,5406.67
2026-08-11 10:35:00,0.0903,0.0905,0.0903,0.0904,59290.31
2026-08-11 10:40:00,0.0904,0.0904,0.0903,0.0903,81832.8
2026-08-11 10:45:00,0.0903,0.0905,0.0903,0.0905,24978.4
2026-08-11 10:50:00,0.0905,0.0906,0.0904,0.0904,29014.86
2026-08-11 10:55:00,0.0904,0.0904,0.0904,0.0904,3596.22
2026-08-11 11:00:00,0.0904,0.091,0.0904,0.0909,137710.66
2026-08-11 11:05:00,0.091,0.0911,0.0909,0.0909,42434.2
2026-08-11 11:10:00,0.091,0.0911,0.0909,0.091,193025.62
2026-08-11 11:15:00,0.091,0.091,0.0909,0.091,27393.8
2026-08-11 11:20:00,0.0911,0.0912,0.0911,0.0912,127880.41
2026-08-11 11:25:00,0.0912,0.0914,0.0912,0.0913,52899.69
2026-08-11 11:30:00,0.0912,0.0913,0.091,0.091,27537.21
2026-08-11 11:35:00,0.0911,0.0913,0.0911,0.0912,3443.3
2026-08-11 11:40:00,0.0912,0.0912,0.0911,0.0912,16081.76
2026-08-11 11:45:00,0.0912,0.0913,0.0912,0.0913,28398.26
2026-08-11 11:50:00,0.0913,0.0914,0.0912,0.0913,21548.71
2026-08-11 11:55:00,0.0913,0.0913,0.0912,0.0913,10632.67
2026-08-11 12:00:00,0.0912,0.0913,0.0912,0.0913,9731.28
2026-08-11 12:05:00,0.0913,0.0913,0.0913,0.0913,0.0
2026-08-11 12:10:00,0.0913,0.0913,0.0913,0.0913,22703.44
2026-08-11 12:15:00,0.0912,0.0912,0.0912,0.0912,14124.68
2026-08-11 12:20:00,0.0912,0.0912,0.091,0.0911,177062.96
2026-08-11 12:25:00,0.091,0.091,0.0909,0.0909,21990.4
2026-08-11 12:30:00,0.091,0.0911,0.091,0.0911,12510.11
2026-08-11 12:35:00,0.0912,0.0912,0.091,0.091,44092.44
2026-08-11 12:40:00,0.091,0.091,0.091,0.091,92.25
2026-08-11 12:45:00,0.091,0.091,0.0909,0.0909,23881.19
2026-08-11 12:50:00,0.091,0.0911,0.0909,0.0909,28239.57
2026-08-11 12:55:00,0.091,0.091,0.0909,0.0909,4391.59
2026-08-11 13:00:00,0.0909,0.0911,0.0909,0.091,16506.17
2026-08-11 13:05:00,0.091,0.0911,0.091,0.0911,2911.41
2026-08-11 13:10:00,0.0911,0.0911,0.091,0.091,13565.35
2026-08-11 13:15:00,0.091,0.091,0.0907,0.0907,45738.1
2026-08-11 13:20:00,0.0907,0.0909,0.0907,0.0908,232522.97
2026-08-11 13:25:00,0.0908,0.0911,0.0907,0.0911,60831.63
2026-08-11 13:30:00,0.0912,0.0914,0.0911,0.0911,138961.07
2026-08-11 13:35:00,0.0912,0.0913,0.0911,0.0911,81472.33
2026-08-11 13:40:00,0.0911,0.0912,0.091,0.0911,51674.81
2026-08-11 13:45:00,0.0911,0.0913,0.0909,0.0912,415055.19
2026-08-11 13:50:00,0.0912,0.0912,0.091,0.091,13393.35
2026-08-11 13:55:00,0.0909,0.0911,0.0909,0.091,41930.9
2026-08-11 14:00:00,0.0909,0.091,0.0909,0.091,28716.61
2026-08-11 14:05:00,0.0909,0.0909,0.0907,0.0907,36241.94
2026-08-11 14:10:00,0.0907,0.0907,0.0907,0.0907,7593.08
2026-08-11 14:15:00,0.0908,0.0909,0.0907,0.0908,97350.48
2026-08-11 14:20:00,0.0907,0.0907,0.0904,0.0904,44463.48
2026-08-11 14:25:00,0.0904,0.0907,0.0903,0.0904,362856.52
2026-08-11 14:30:00,0.0904,0.0904,0.0903,0.0903,108568.31
2026-08-11 14:35:00,0.0903,0.0904,0.0901,0.0902,126039.4
2026-08-11 14:40:00,0.0902,0.0903,0.0901,0.0903,95705.97
2026-08-11 14:45:00,0.0903,0.0903,0.0897,0.0898,309474.7
2026-08-11 14:50:00,0.0897,0.0897,0.0892,0.0895,386894.68
2026-08-11 14:55:00,0.0894,0.0894,0.0889,0.0891,532973.6
2026-08-11 15:00:00,0.0891,0.0894,0.0889,0.089,451452.41
2026-08-11 15:05:00,0.089,0.0894,0.089,0.0894,144748.38
2026-08-11 15:10:00,0.0894,0.0894,0.089,0.089,146172.02
2026-08-11 15:15:00,0.0889,0.0894,0.0888,0.0894,161348.4
2026-08-11 15:20:00,0.0893,0.0897,0.0892,0.0895,114586.41
2026-08-11 15:25:00,0.0896,0.0897,0.0896,0.0897,43301.66
2026-08-11 15:30:00,0.0897,0.0897,0.0895,0.0895,13250.85
2026-08-11 15:35:00,0.0895,0.0895,0.0887,0.0887,282651.62
2026-08-11 15:40:00,0.0888,0.0889,0.0883,0.0888,356697.89
2026-08-11 15:45:00,0.0888,0.0888,0.0886,0.0887,109568.91
2026-08-11 15:50:00,0.0887,0.0887,0.0885,0.0885,41286.43
2026-08-11 15:55:00,0.0885,0.0885,0.0883,0.0885,179602.71
2026-08-11 16:00:00,0.0885,0.0885,0.088,0.0883,562869.49
2026-08-11 16:05:00,0.0884,0.0884,0.088,0.0881,772987.06
2026-08-11 16:10:00,0.0881,0.0885,0.088,0.0885,664998.39
2026-08-11 16:15:00,0.0885,0.0887,0.0884,0.0887,120528.1
2026-08-11 16:20:00,0.0887,0.0889,0.0887,0.0889,45136.97
2026-08-11 16:25:00,0.0888,0.0889,0.0887,0.0887,18926.54
2026-08-11 16:30:00,0.0887,0.0892,0.0887,0.0889,230598.54
2026-08-11 16:35:00,0.0889,0.089,0.0887,0.0888,101798.61
2026-08-11 16:40:00,0.0888,0.0888,0.0888,0.0888,23053.43
2026-08-11 16:45:00,0.0888,0.089,0.0888,0.089,58324.06
2026-08-11 16:50:00,0.089,0.089,0.0888,0.0889,14048.45
2026-08-11 16:55:00,0.089,0.089,0.0887,0.0888,167660.59
2026-08-11 17:00:00,0.0888,0.0892,0.0888,0.089,294664.08
2026-08-11 17:05:00,0.089,0.0892,0.089,0.089,74761.31
2026-08-11 17:10:00,0.089,0.0894,0.0889,0.0893,156442.08
2026-08-11 17:15:00,0.0893,0.0893,0.0893,0.0893,34203.61
2026-08-11 17:20:00,0.0893,0.0895,0.0893,0.0895,85484.81
2026-08-11 17:25:00,0.0895,0.0895,0.0891,0.0891,64980.98
2026-08-11 17:30:00,0.0892,0.0892,0.0891,0.0891,5652.78
2026-08-11 17:35:00,0.0891,0.0892,0.089,0.0892,141115.02
2026-08-11 17:40:00,0.0892,0.0892,0.0892,0.0892,8193.34
2026-08-11 17:45:00,0.0892,0.0892,0.089,0.089,21164.95
2026-08-11 17:50:00,0.089,0.0891,0.089,0.089,17244.37
2026-08-11 17:55:00,0.089,0.0891,0.0889,0.089,27868.01
2026-08-11 18:00:00,0.089,0.0891,0.089,0.0891,14551.36
2026-08-11 18:05:00,0.089,0.0891,0.089,0.089,21456.36
2026-08-11 18:10:00,0.089,0.089,0.0889,0.0889,11428.54
2026-08-11 18:15:00,0.089,0.0891,0.089,0.0891,24964.54
2026-08-11 18:20:00,0.0891,0.0891,0.089,0.089,40788.28
2026-08-11 18:25:00,0.089,0.089,0.0889,0.0889,15200.85
2026-08-11 18:30:00,0.0889,0.0891,0.0886,0.089,184641.46
2026-08-11 18:35:00,0.0891,0.0891,0.089,0.089,27341.56
2026-08-11 18:40:00,0.0889,0.089,0.0888,0.089,20645.34
2026-08-11 18:45:00,0.0891,0.0892,0.0891,0.0891,32011.03
2026-08-11 18:50:00,0.0892,0.0892,0.0891,0.0891,34119.0
2026-08-11 18:55:00,0.0891,0.0893,0.0891,0.0892,13764.65
2026-08-11 19:00:00,0.0893,0.0893,0.0892,0.0892,3817.27
2026-08-11 19:05:00,0.0892,0.0892,0.0892,0.0892,5810.6
2026-08-11 19:10:00,0.0891,0.0891,0.089,0.089,12267.0
2026-08-11 19:15:00,0.089,0.0895,0.089,0.0894,33481.26
2026-08-11 19:20:00,0.0895,0.0896,0.0894,0.0896,59314.07
2026-08-11 19:25:00,0.0896,0.0897,0.0895,0.0895,26187.07
2026-08-11 19:30:00,0.0895,0.0896,0.0895,0.0895,48203.62
2026-08-11 19:35:00,0.0895,0.0898,0.0895,0.0897,110329.32
2026-08-11 19:40:00,0.0898,0.0898,0.0897,0.0898,33599.66
2026-08-11 19:45:00,0.0899,0.0901,0.0898,0.09,117429.81
2026-08-11 19:50:00,0.09,0.0902,0.09,0.0901,133332.21
2026-08-11 19:55:00,0.0902,0.0903,0.0902,0.0903,21239.19
2026-08-11 20:00:00,0.0903,0.0906,0.0903,0.0906,144734.23
2026-08-11 20:05:00,0.0906,0.0911,0.0906,0.0909,71630.52
2026-08-11 20:10:00,0.0909,0.0913,0.0908,0.0909,607109.34
2026-08-11 20:15:00,0.0909,0.0909,0.0907,0.0909,289250.36
2026-08-11 20:20:00,0.091,0.091,0.0907,0.0907,34495.4
2026-08-11 20:25:00,0.0907,0.0911,0.0907,0.091,220881.52
2026-08-11 20:30:00,0.0909,0.0911,0.0908,0.0909,112954.87
2026-08-11 20:35:00,0.0908,0.0908,0.0907,0.0907,37042.73
2026-08-11 20:40:00,0.0908,0.0908,0.0906,0.0906,9564.81
2026-08-11 20:45:00,0.0906,0.0907,0.0906,0.0907,35407.19
2026-08-11 20:50:00,0.0907,0.0908,0.0907,0.0908,16369.73
2026-08-11 20:55:00,0.0909,0.091,0.0909,0.091,16617.76
2026-08-11 21:00:00,0.0909,0.091,0.0909,0.091,41064.16
2026-08-11 21:05:00,0.0909,0.0909,0.0909,0.0909,714.43
2026-08-11 21:10:00,0.0909,0.0911,0.0909,0.091,41727.73
2026-08-11 21:15:00,0.0911,0.0913,0.091,0.0912,246363.58
2026-08-11 21:20:00,0.0911,0.0912,0.091,0.091,23906.14
2026-08-11 21:25:00,0.091,0.0912,0.091,0.091,5689.27
2026-08-11 21:30:00,0.0911,0.0911,0.0908,0.0908,4438.75
2026-08-11 21:35:00,0.0908,0.0909,0.0908,0.0908,63317.96
2026-08-11 21:40:00,0.0907,0.0908,0.0907,0.0907,17549.11
2026-08-11 21:45:00,0.0908,0.091,0.0908,0.0909,25328.08
2026-08-11 21:50:00,0.091,0.0913,0.0909,0.0912,128432.87
2026-08-11 21:55:00,0.0912,0.0913,0.0911,0.0912,17456.93
2026-08-11 22:00:00,0.0913,0.0914,0.0912,0.0913,42075.17
2026-08-11 22:05:00,0.0912,0.0912,0.0911,0.0911,2554.48
2026-08-11 22:10:00,0.0911,0.0911,0.0908,0.0908,16910.6
2026-08-11 22:15:00,0.0909,0.0911,0.0909,0.091,19410.77
2026-08-11 22:20:00,0.091,0.091,0.0909,0.091,6645.16
2026-08-11 22:25:00,0.0911,0.0911,0.0911,0.0911,100.0
2026-08-11 22:30:00,0.091,0.091,0.0909,0.0909,29593.19
2026-08-11 22:35:00,0.0909,0.0909,0.0909,0.0909,6410.19
2026-08-11 22:40:00,0.0909,0.0909,0.0908,0.0909,27285.51
2026-08-11 22:45:00,0.0909,0.091,0.0908,0.091,12504.15
2026-08-11 22:50:00,0.091,0.091,0.0909,0.091,23900.71
2026-08-11 22:55:00,0.091,0.091,0.091,0.091,18752.54
2026-08-11 23:00:00,0.091,0.091,0.0909,0.091,19778.72
2026-08-11 23:05:00,0.0909,0.0909,0.0908,0.0909,12034.75
2026-08-11 23:10:00,0.0909,0.0909,0.0909,0.0909,11690.76
2026-08-11 23:15:00,0.0909,0.091,0.0909,0.091,28715.52
2026-08-11 23:20:00,0.0909,0.0909,0.0909,0.0909,3852.05
2026-08-11 23:25:00,0.091,0.091,0.091,0.091,9502.24
2026-08-11 23:30:00,0.091,0.091,0.091,0.091,0.0
2026-08-11 23:35:00,0.091,0.0912,0.091,0.0912,39127.91
2026-08-11 23:40:00,0.0912,0.0913,0.0912,0.0912,4289.99
2026-08-11 23:45:00,0.0913,0.0913,0.0913,0.0913,14807.19
2026-08-11 23:50:00,0.0913,0.0913,0.0912,0.0912,38983.11
2026-08-11 23:55:00,0.0911,0.0913,0.0911,0.0912,16124.89
2026-08-12 00:00:00,0.0912,0.0914,0.0911,0.0914,139135.93
2026-08-12 00:05:00,0.0915,0.0915,0.0914,0.0915,106804.98
2026-08-12 00:10:00,0.0915,0.0916,0.0914,0.0916,51079.32
2026-08-12 00:15:00,0.0916,0.0916,0.0914,0.0915,78279.52
2026-08-12 00:20:00,0.0916,0.0918,0.0916,0.0918,57724.16
2026-08-12 00:25:00,0.0918,0.0918,0.0917,0.0918,58049.4
2026-08-12 00:30:00,0.0918,0.0918,0.0916,0.0916,221612.14
2026-08-12 00:35:00,0.0916,0.0916,0.0915,0.0915,26162.45
2026-08-12 00:40:00,0.0915,0.0915,0.0914,0.0914,9001.36
2026-08-12 00:45:00,0.0914,0.0915,0.0914,0.0914,16911.24
2026-08-12 00:50:00,0.0914,0.0914,0.0914,0.0914,39267.86
2026-08-12 00:55:00,0.0914,0.0914,0.0914,0.0914,9743.23
2026-08-12 01:00:00,0.0914,0.0914,0.0914,0.0914,22035.67
2026-08-12 01:05:00,0.0915,0.0917,0.0915,0.0916,69220.05
2026-08-12 01:10:00,0.0915,0.0917,0.0915,0.0917,12803.69
2026-08-12 01:15:00,0.0917,0.0917,0.0916,0.0916,10671.47
2026-08-12 01:20:00,0.0916,0.0916,0.0915,0.0915,37169.01
2026-08-12 01:25:00,0.0916,0.0917,0.0915,0.0915,9157.9
2026-08-12 01:30:00,0.0914,0.0914,0.0913,0.0913,16318.76
2026-08-12 01:35:00,0.0914,0.0915,0.0914,0.0915,48523.92
2026-08-12 01:40:00,0.0915,0.0917,0.0915,0.0917,32885.72
2026-08-12 01:45:00,0.0917,0.0917,0.0916,0.0917,244191.15
2026-08-12 01:50:00,0.0917,0.0917,0.0915,0.0915,11788.47
2026-08-12 01:55:00,0.0914,0.0914,0.0914,0.0914,18591.35
2026-08-12 02:00:00,0.0913,0.0913,0.0912,0.0912,12265.07
2026-08-12 02:05:00,0.0912,0.0913,0.0912,0.0912,8648.16
2026-08-12 02:10:00,0.0913,0.0913,0.0912,0.0913,214164.15
2026-08-12 02:15:00,0.0914,0.0914,0.0913,0.0913,18114.19
2026-08-12 02:20:00,0.0913,0.0913,0.0913,0.0913,8543.87
2026-08-12 02:25:00,0.0913,0.0917,0.0913,0.0917,86136.34
2026-08-12 02:30:00,0.0917,0.0918,0.0917,0.0918,36047.73
2026-08-12 02:35:00,0.0917,0.0918,0.0916,0.0918,25912.05
2026-08-12 02:40:00,0.0918,0.092,0.0918,0.092,293287.38
2026-08-12 02:45:00,0.0921,0.0922,0.0921,0.0921,26962.51
2026-08-12 02:50:00,0.0921,0.0921,0.092,0.0921,42085.97
2026-08-12 02:55:00,0.092,0.092,0.0919,0.0919,15292.42
2026-08-12 03:00:00,0.0919,0.0919,0.0918,0.0919,26971.78
2026-08-12 03:05:00,0.0919,0.0919,0.0919,0.0919,346.37
2026-08-12 03:10:00,0.0918,0.0918,0.0916,0.0916,25700.18
2026-08-12 03:15:00,0.0916,0.0916,0.0915,0.0915,4967.52
2026-08-12 03:20:00,0.0915,0.0916,0.0915,0.0915,27107.47
2026-08-12 03:25:00,0.0915,0.0915,0.0914,0.0914,22261.0
2026-08-12 03:30:00,0.0914,0.0915,0.0914,0.0915,44085.67
2026-08-12 03:35:00,0.0916,0.0916,0.0915,0.0915,51016.93
2026-08-12 03:40:00,0.0915,0.0915,0.0914,0.0915,54594.25
2026-08-12 03:45:00,0.0914,0.0915,0.0913,0.0913,15772.05
2026-08-12 03:50:00,0.0913,0.0913,0.0912,0.0912,9538.82
2026-08-12 03:55:00,0.0912,0.0912,0.0911,0.0911,106669.95
2026-08-12 04:00:00,0.0911,0.0912,0.0911,0.0912,84712.64
2026-08-12 04:05:00,0.0912,0.0912,0.091,0.091,5275.51
2026-08-12 04:10:00,0.091,0.091,0.0908,0.0909,45900.77
2026-08-12 04:15:00,0.0909,0.0909,0.0908,0.0909,30374.82
2026-08-12 04:20:00,0.0909,0.091,0.0909,0.091,48738.84
2026-08-12 04:25:00,0.0909,0.091,0.0908,0.0908,42858.88
2026-08-12 04:30:00,0.0908,0.0908,0.0907,0.0908,13233.79
2026-08-12 04:35:00,0.0908,0.0908,0.0908,0.0908,4149.97
2026-08-12 04:40:00,0.0908,0.0911,0.0908,0.0908,497515.04
2026-08-12 04:45:00,0.0909,0.091,0.0908,0.0908,130829.41
2026-08-12 04:50:00,0.0908,0.0909,0.0908,0.0909,4672.99
2026-08-12 04:55:00,0.0909,0.091,0.0908,0.0908,34979.4
2026-08-12 05:00:00,0.0909,0.0909,0.0908,0.0909,11463.59
2026-08-12 05:05:00,0.0909,0.0913,0.0909,0.0913,16806.19
2026-08-12 05:10:00,0.0914,0.0919,0.0914,0.0917,172365.77
2026-08-12 05:15:00,0.0917,0.0917,0.0917,0.0917,880.05
2026-08-12 05:20:00,0.0917,0.0917,0.0915,0.0915,31884.72
2026-08-12 05:25:00,0.0915,0.0918,0.0915,0.0918,58792.19
2026-08-12 05:30:00,0.0919,0.0921,0.0918,0.0921,147014.23
2026-08-12 05:35:00,0.092,0.092,0.0917,0.0918,29141.28
2026-08-12 05:40:00,0.0917,0.0917,0.0913,0.0913,145065.68
2026-08-12 05:45:00,0.0914,0.0914,0.0909,0.091,226330.83
2026-08-12 05:50:00,0.0909,0.091,0.0909,0.091,45416.82
2026-08-12 05:55:00,0.0909,0.091,0.0909,0.091,18601.89
2026-08-12 06:00:00,0.0909,0.0909,0.0908,0.0908,26406.51
2026-08-12 06:05:00,0.0908,0.0908,0.0907,0.0907,38223.69
2026-08-12 06:10:00,0.0907,0.0907,0.0906,0.0907,57466.23
2026-08-12 06:15:00,0.0906,0.0908,0.0906,0.0907,68154.87
2026-08-12 06:20:00,0.0907,0.0907,0.0906,0.0906,9340.75
2026-08-12 06:25:00,0.0906,0.0906,0.0905,0.0905,52105.71
2026-08-12 06:30:00,0.0906,0.0906,0.0902,0.0903,86624.99
2026-08-12 06:35:00,0.0902,0.0903,0.0902,0.0903,12156.24
2026-08-12 06:40:00,0.0903,0.0903,0.0902,0.0902,1438.22
2026-08-12 06:45:00,0.0901,0.0903,0.0901,0.0902,16217.6
2026-08-12 06:50:00,0.0902,0.0903,0.0901,0.0901,7992.58
2026-08-12 06:55:00,0.0901,0.0902,0.0901,0.0901,18344.49
2026-08-12 07:00:00,0.0901,0.0902,0.0901,0.0902,2369.59
2026-08-12 07:05:00,0.0902,0.0903,0.0901,0.0901,14587.23
2026-08-12 07:10:00,0.0901,0.0901,0.0901,0.0901,0.0
2026-08-12 07:15:00,0.0901,0.0902,0.09,0.0901,23802.38
2026-08-12 07:20:00,0.0901,0.0902,0.0901,0.0902,11413.56
2026-08-12 07:25:00,0.0902,0.0902,0.0901,0.0901,21230.13
2026-08-12 07:30:00,0.09,0.0902,0.09,0.0901,11033.85
2026-08-12 07:35:00,0.0901,0.0901,0.0898,0.0898,209885.25
2026-08-12 07:40:00,0.0899,0.0899,0.0898,0.0898,252277.78
2026-08-12 07:45:00,0.0898,0.0901,0.0897,0.0901,42547.09
2026-08-12 07:50:00,0.0901,0.0902,0.0901,0.0902,1929.89
2026-08-12 07:55:00,0.0901,0.0901,0.09,0.0901,26457.79
2026-08-12 08:00:00,0.0901,0.0903,0.0901,0.0903,10824.64
2026-08-12 08:05:00,0.0903,0.0904,0.0902,0.0902,33806.39
2026-08-12 08:10:00,0.0901,0.0902,0.09,0.09,47962.95
2026-08-12 08:15:00,0.0901,0.0901,0.0899,0.0901,20687.43
2026-08-12 08:20:00,0.0901,0.0902,0.09,0.0901,2436.81
2026-08-12 08:25:00,0.0901,0.0902,0.0901,0.0902,235.86
2026-08-12 08:30:00,0.0901,0.0903,0.0901,0.0902,13140.35
2026-08-12 08:35:00,0.0902,0.0903,0.0902,0.0902,27399.84
2026-08-12 08:40:00,0.0902,0.0902,0.0901,0.0901,10586.85
2026-08-12 08:45:00,0.0901,0.0901,0.09,0.09,39205.52
2026-08-12 08:50:00,0.09,0.0901,0.0899,0.0901,18780.05
2026-08-12 08:55:00,0.09,0.0901,0.0899,0.09,5834.73
2026-08-12 09:00:00,0.0899,0.09,0.0899,0.09,13546.1
2026-08-12 09:05:00,0.09,0.09,0.09,0.09,5185.85
2026-08-12 09:10:00,0.0901,0.0901,0.09,0.09,672.16
2026-08-12 09:15:00,0.0901,0.0903,0.0901,0.0903,27184.58
2026-08-12 09:20:00,0.0903,0.0903,0.09,0.0903,67419.9
2026-08-12 09:25:00,0.0903,0.0905,0.0903,0.0904,195025.31
2026-08-12 09:30:00,0.0904,0.0905,0.0904,0.0904,51455.3
2026-08-12 09:35:00,0.0903,0.0904,0.0903,0.0903,13523.68
2026-08-12 09:40:00,0.0903,0.0903,0.0903,0.0903,16735.8
2026-08-12 09:45:00,0.0903,0.0903,0.0901,0.0901,76835.35
2026-08-12 09:50:00,0.0902,0.0903,0.0902,0.0902,13247.08
2026-08-12 09:55:00,0.0902,0.0902,0.0902,0.0902,305.0
2026-08-12 10:00:00,0.0903,0.0906,0.0902,0.0904,54513.43
2026-08-12 10:05:00,0.0904,0.0904,0.0902,0.0903,58352.44
2026-08-12 10:10:00,0.0902,0.0904,0.0902,0.0903,33812.52
2026-08-12 10:15:00,0.0903,0.0903,0.0902,0.0903,14583.76
2026-08-12 10:20:00,0.0902,0.0902,0.0901,0.0902,21091.07
2026-08-12 10:25:00,0.0901,0.0902,0.09,0.09,16529.35
2026-08-12 10:30:00,0.09,0.0901,0.09,0.0901,45557.48
2026-08-12 10:35:00,0.0902,0.0902,0.0901,0.0902,9962.57
2026-08-12 10:40:00,0.0903,0.0903,0.0903,0.0903,31990.75
2026-08-12 10:45:00,0.0903,0.0903,0.0902,0.0902,152896.54
2026-08-12 10:50:00,0.0903,0.0903,0.0903,0.0903,3983.77
2026-08-12 10:55:00,0.0903,0.0903,0.0901,0.0901,28275.87
2026-08-12 11:00:00,0.0902,0.0902,0.0901,0.0901,8553.03
2026-08-12 11:05:00,0.0901,0.0901,0.09,0.09,67444.72
2026-08-12 11:10:00,0.0901,0.0902,0.0901,0.0901,107875.47
2026-08-12 11:15:00,0.09,0.0901,0.09,0.0901,33070.18
2026-08-12 11:20:00,0.0901,0.0901,0.0901,0.0901,5395.08
2026-08-12 11:25:00,0.0901,0.0901,0.09,0.0901,13823.24
2026-08-12 11:30:00,0.0901,0.0902,0.0901,0.0902,29643.14
2026-08-12 11:35:00,0.0901,0.0901,0.09,0.09,8873.5
2026-08-12 11:40:00,0.0901,0.0902,0.0901,0.0901,97740.16
2026-08-12 11:45:00,0.0901,0.0901,0.0901,0.0901,28831.83
2026-08-12 11:50:00,0.0902,0.0903,0.0902,0.0903,45712.79
2026-08-12 11:55:00,0.0903,0.0903,0.0902,0.0902,27252.02
2026-08-12 12:00:00,0.0903,0.0904,0.0902,0.0904,38956.19
2026-08-12 12:05:00,0.0904,0.0905,0.0904,0.0905,21170.9
2026-08-12 12:10:00,0.0905,0.0905,0.0904,0.0904,125017.74
2026-08-12 12:15:00,0.0903,0.0905,0.0903,0.0905,37440.06
2026-08-12 12:20:00,0.0905,0.0906,0.0904,0.0904,12322.33
2026-08-12 12:25:00,0.0904,0.0911,0.0904,0.0906,381425.9
2026-08-12 12:30:00,0.0907,0.0909,0.0901,0.0908,581153.4
2026-08-12 12:35:00,0.0908,0.0908,0.0906,0.0906,92708.46
2026-08-12 12:40:00,0.0907,0.0908,0.0905,0.0906,90009.64
2026-08-12 12:45:00,0.0906,0.0906,0.0904,0.0904,43162.77
2026-08-12 12:50:00,0.0904,0.0906,0.0904,0.0906,57476.93
2026-08-12 12:55:00,0.0905,0.0906,0.0905,0.0905,20396.58
2026-08-12 13:00:00,0.0904,0.0904,0.0901,0.0903,379370.64
2026-08-12 13:05:00,0.0903,0.0903,0.0903,0.0903,790.97
2026-08-12 13:10:00,0.0903,0.0903,0.0901,0.0902,19027.88
2026-08-12 13:15:00,0.0902,0.0903,0.0902,0.0903,4776.07
2026-08-12 13:20:00,0.0903,0.0904,0.0903,0.0904,24031.36
2026-08-12 13:25:00,0.0904,0.0904,0.0903,0.0904,29225.45
2026-08-12 13:30:00,0.0905,0.0906,0.0904,0.0904,50298.08
2026-08-12 13:35:00,0.0904,0.0905,0.0903,0.0903,8200.74
2026-08-12 13:40:00,0.0903,0.0904,0.0902,0.0903,27367.75
2026-08-12 13:45:00,0.0903,0.0905,0.0903,0.0904,87948.21
2026-08-12 13:50:00,0.0904,0.0904,0.0903,0.0903,27737.08
2026-08-12 13:55:00,0.0903,0.0904,0.0903,0.0903,100311.53
2026-08-12 14:00:00,0.0903,0.0903,0.09,0.0901,51767.08
2026-08-12 14:05:00,0.0901,0.0901,0.0898,0.0899,260358.78
2026-08-12 14:10:00,0.0899,0.0901,0.0899,0.0899,136746.75
2026-08-12 14:15:00,0.0898,0.0898,0.0896,0.0896,29396.46
2026-08-12 14:20:00,0.0897,0.0897,0.0894,0.0895,98197.69
2026-08-12 14:25:00,0.0894,0.0895,0.0893,0.0893,43839.43
2026-08-12 14:30:00,0.0892,0.0894,0.0889,0.0892,602924.56
2026-08-12 14:35:00,0.0891,0.0891,0.0887,0.0887,204082.52
2026-08-12 14:40:00,0.0887,0.0887,0.0884,0.0887,173774.51
2026-08-12 14:45:00,0.0886,0.0889,0.0886,0.0888,88070.28
2026-08-12 14:50:00,0.0888,0.0888,0.0885,0.0886,52739.01
2026-08-12 14:55:00,0.0886,0.0887,0.0886,0.0886,69885.85
2026-08-12 15:00:00,0.0886,0.0889,0.0885,0.0889,49211.14
2026-08-12 15:05:00,0.0889,0.0892,0.0889,0.0892,115171.83
2026-08-12 15:10:00,0.0892,0.0893,0.0891,0.0892,51111.48
2026-08-12 15:15:00,0.0892,0.0893,0.0891,0.0893,56590.04
2026-08-12 15:20:00,0.0893,0.0893,0.0891,0.0892,23245.18
2026-08-12 15:25:00,0.0892,0.0893,0.0892,0.0893,15719.76
2026-08-12 15:30:00,0.0893,0.0894,0.0892,0.0892,15074.09
2026-08-12 15:35:00,0.0893,0.0894,0.0893,0.0894,58436.42
2026-08-12 15:40:00,0.0894,0.0894,0.0893,0.0894,60070.9
2026-08-12 15:45:00,0.0894,0.0894,0.0892,0.0892,24769.28
2026-08-12 15:50:00,0.0892,0.0893,0.0892,0.0892,51746.29
2026-08-12 15:55:00,0.0893,0.0893,0.0892,0.0892,74466.49
2026-08-12 16:00:00,0.0892,0.0895,0.0891,0.0895,155183.9
2026-08-12 16:05:00,0.0894,0.0894,0.0892,0.0892,22996.83
2026-08-12 16:10:00,0.0892,0.0894,0.0892,0.0894,52060.47
2026-08-12 16:15:00,0.0893,0.0894,0.0892,0.0893,49828.94
2026-08-12 16:20:00,0.0893,0.0893,0.0892,0.0893,7311.83
2026-08-12 16:25:00,0.0894,0.0894,0.0894,0.0894,346274.96
2026-08-12 16:30:00,0.0894,0.0894,0.0893,0.0893,70947.08
2026-08-12 16:35:00,0.0893,0.0893,0.0891,0.0891,31162.41
2026-08-12 16:40:00,0.0891,0.0892,0.0891,0.0891,23183.73
2026-08-12 16:45:00,0.0891,0.0892,0.0889,0.089,112317.76
2026-08-12 16:50:00,0.089,0.0891,0.089,0.089,30056.09
2026-08-12 16:55:00,0.0891,0.0893,0.0891,0.0893,16177.59
2026-08-12 17:00:00,0.0892,0.0893,0.0892,0.0892,10641.97
2026-08-12 17:05:00,0.0893,0.0893,0.0891,0.0891,30964.8
2026-08-12 17:10:00,0.0891,0.0892,0.089,0.0891,55607.53
2026-08-12 17:15:00,0.0891,0.0892,0.089,0.0891,16607.98
2026-08-12 17:20:00,0.0891,0.0892,0.089,0.0891,33078.09
2026-08-12 17:25:00,0.0891,0.0891,0.089,0.0891,37716.9
2026-08-12 17:30:00,0.0892,0.0893,0.0891,0.0892,50519.81
2026-08-12 17:35:00,0.0892,0.0894,0.0892,0.0893,77966.48
2026-08-12 17:40:00,0.0893,0.0894,0.0892,0.0893,28222.35
2026-08-12 17:45:00,0.0893,0.0895,0.0893,0.0894,261476.76
2026-08-12 17:50:00,0.0895,0.0896,0.0895,0.0896,65467.87
2026-08-12 17:55:00,0.0896,0.0896,0.0895,0.0895,24175.58
2026-08-12 18:00:00,0.0896,0.0897,0.0896,0.0897,57302.84
2026-08-12 18:05:00,0.0897,0.0897,0.0896,0.0896,88991.55
2026-08-12 18:10:00,0.0896,0.0898,0.0896,0.0897,77671.72
2026-08-12 18:15:00,0.0897,0.0898,0.0896,0.0896,47190.18
2026-08-12 18:20:00,0.0896,0.0896,0.0895,0.0895,64263.44
2026-08-12 18:25:00,0.0895,0.0896,0.0895,0.0896,62861.75
2026-08-12 18:30:00,0.0896,0.0899,0.0896,0.0898,74961.84
2026-08-12 18:35:00,0.0898,0.0898,0.0897,0.0898,19834.57
2026-08-12 18:40:00,0.0897,0.0897,0.0896,0.0897,23817.35
2026-08-12 18:45:00,0.0898,0.0898,0.0897,0.0898,6229.59
2026-08-12 18:50:00,0.0897,0.0897,0.0896,0.0896,12417.38
2026-08-12 18:55:00,0.0896,0.0897,0.0896,0.0897,271.03
2026-08-12 19:00:00,0.0897,0.0897,0.0896,0.0897,13133.45
2026-08-12 19:05:00,0.0897,0.0897,0.0897,0.0897,1478.67
2026-08-12 19:10:00,0.0897,0.0897,0.0893,0.0893,27021.81
2026-08-12 19:15:00,0.0892,0.0893,0.0891,0.0893,72399.46
2026-08-12 19:20:00,0.0892,0.0892,0.0891,0.0891,12094.63
2026-08-12 19:25:00,0.0891,0.0892,0.0891,0.0892,27262.58
2026-08-12 19:30:00,0.0892,0.0893,0.0892,0.0893,4200.01
2026-08-12 19:35:00,0.0893,0.0893,0.0891,0.0891,212862.12
2026-08-12 19:40:00,0.0891,0.0892,0.089,0.0891,31817.15
2026-08-12 19:45:00,0.0891,0.0892,0.0891,0.0891,25179.52
2026-08-12 19:50:00,0.0891,0.0891,0.0891,0.0891,100180.14
2026-08-12 19:55:00,0.0891,0.0892,0.0891,0.0892,10251.74
2026-08-12 20:00:00,0.0892,0.0894,0.0892,0.0894,34544.66
2026-08-12 20:05:00,0.0894,0.0894,0.0893,0.0893,4260.04
2026-08-12 20:10:00,0.0893,0.0893,0.0893,0.0893,69.36
2026-08-12 20:15:00,0.0892,0.0892,0.0892,0.0892,10478.84
2026-08-12 20:20:00,0.0893,0.0893,0.0891,0.0893,19408.41
2026-08-12 20:25:00,0.0894,0.0896,0.0894,0.0896,27175.12
2026-08-12 20:30:00,0.0896,0.0896,0.0896,0.0896,2994.63
2026-08-12 20:35:00,0.0897,0.0897,0.0897,0.0897,3487.12
2026-08-12 20:40:00,0.0897,0.0898,0.0895,0.0895,144597.24
2026-08-12 20:45:00,0.0895,0.0895,0.0895,0.0895,549.66
2026-08-12 20:50:00,0.0895,0.0896,0.0894,0.0894,23995.25
2026-08-12 20:55:00,0.0893,0.0894,0.0893,0.0894,4067.5
2026-08-12 21:00:00,0.0894,0.0895,0.0894,0.0894,12488.3
2026-08-12 21:05:00,0.0893,0.0893,0.0892,0.0892,5297.64
2026-08-12 21:10:00,0.0893,0.0895,0.0893,0.0893,76259.71
2026-08-12 21:15:00,0.0893,0.0893,0.0892,0.0893,23644.9
2026-08-12 21:20:00,0.0892,0.0893,0.0883,0.0885,730140.04
2026-08-12 21:25:00,0.0885,0.0886,0.0881,0.0883,260368.1
2026-08-12 21:30:00,0.0883,0.0883,0.0875,0.0879,324301.86
2026-08-12 21:35:00,0.088,0.088,0.0878,0.0879,51765.03
2026-08-12 21:40:00,0.0878,0.0878,0.0864,0.0873,897836.37
2026-08-12 21:45:00,0.0874,0.0876,0.0874,0.0875,97194.48
2026-08-12 21:50:00,0.0874,0.0875,0.0874,0.0874,22863.57
2026-08-12 21:55:00,0.0874,0.0874,0.0863,0.0867,465850.26
2026-08-12 22:00:00,0.0867,0.0872,0.0866,0.0869,307951.76
2026-08-12 22:05:00,0.0869,0.087,0.0865,0.0865,187319.98
2026-08-12 22:10:00,0.0865,0.0868,0.0865,0.0866,139790.99
2026-08-12 22:15:00,0.0866,0.087,0.0866,0.087,64800.14
2026-08-12 22:20:00,0.0869,0.0869,0.0867,0.0869,47040.77
2026-08-12 22:25:00,0.0869,0.0869,0.0867,0.0867,49310.0
2026-08-12 22:30:00,0.0867,0.0867,0.0865,0.0865,114623.8
2026-08-12 22:35:00,0.0865,0.0866,0.0865,0.0865,159613.64
2026-08-12 22:40:00,0.0864,0.0865,0.0854,0.0859,455679.92
2026-08-12 22:45:00,0.0858,0.0858,0.0856,0.0856,117403.32
2026-08-12 22:50:00,0.0856,0.0856,0.0855,0.0856,93764.86
2026-08-12 22:55:00,0.0857,0.0857,0.0856,0.0857,54834.71
2026-08-12 23:00:00,0.0857,0.0857,0.0856,0.0856,53968.33
2026-08-12 23:05:00,0.0857,0.0857,0.0853,0.0856,174947.78
2026-08-12 23:10:00,0.0856,0.0859,0.0855,0.0859,370113.09
2026-08-12 23:15:00,0.0859,0.0859,0.0857,0.0858,70835.51
2026-08-12 23:20:00,0.0858,0.0859,0.0856,0.0857,105648.21
2026-08-12 23:25:00,0.0857,0.086,0.0857,0.0859,48305.78
2026-08-12 23:30:00,0.086,0.086,0.0856,0.0857,129231.2
2026-08-12 23:35:00,0.0857,0.0858,0.0857,0.0858,52271.1
2026-08-12 23:40:00,0.0858,0.0859,0.0858,0.0859,43021.59
2026-08-12 23:45:00,0.0859,0.086,0.0859,0.086,20329.74
2026-08-12 23:50:00,0.086,0.0862,0.0859,0.086,89409.58
2026-08-12 23:55:00,0.0861,0.0862,0.0861,0.0861,53856.73
2026-08-13 00:00:00,0.086,0.086,0.0858,0.0859,334840.29
2026-08-13 00:05:00,0.086,0.086,0.0858,0.086,195194.67
2026-08-13 00:10:00,0.086,0.0861,0.086,0.0861,18117.39
2026-08-13 00:15:00,0.0861,0.0862,0.0861,0.0861,51203.6
2026-08-13 00:20:00,0.086,0.0861,0.086,0.0861,31506.64
2026-08-13 00:25:00,0.0861,0.0861,0.086,0.0861,31309.79
2026-08-13 00:30:00,0.0861,0.0862,0.0859,0.0859,63278.53
2026-08-13 00:35:00,0.0859,0.0859,0.0858,0.0858,23504.62
2026-08-13 00:40:00,0.0858,0.0859,0.0857,0.0857,559502.53
2026-08-13 00:45:00,0.0857,0.0859,0.0857,0.0859,65859.05
2026-08-13 00:50:00,0.0859,0.0859,0.0858,0.0858,93655.48
2026-08-13 00:55:00,0.0858,0.0858,0.0846,0.0848,760468.09
2026-08-13 01:00:00,0.0848,0.0848,0.0845,0.0847,409957.94
2026-08-13 01:05:00,0.0848,0.0849,0.0847,0.0849,239910.72
2026-08-13 01:10:00,0.085,0.0852,0.0849,0.0851,405631.82
2026-08-13 01:15:00,0.0851,0.0852,0.085,0.085,138353.52
2026-08-13 01:20:00,0.0851,0.0851,0.0849,0.085,74329.28
2026-08-13 01:25:00,0.0849,0.0849,0.0849,0.0849,78873.64
2026-08-13 01:30:00,0.085,0.0851,0.0848,0.085,79625.06
2026-08-13 01:35:00,0.0851,0.0853,0.0851,0.0852,59520.58
2026-08-13 01:40:00,0.0853,0.0853,0.0851,0.0851,57976.79
2026-08-13 01:45:00,0.0851,0.0852,0.085,0.0852,5328.58
2026-08-13 01:50:00,0.0851,0.0852,0.0851,0.0852,27248.17
2026-08-13 01:55:00,0.0852,0.0852,0.085,0.085,23222.11
2026-08-13 02:00:00,0.085,0.085,0.0849,0.085,61908.67
2026-08-13 02:05:00,0.085,0.085,0.0849,0.0849,81813.65
2026-08-13 02:10:00,0.085,0.085,0.0849,0.0849,30658.66
2026-08-13 02:15:00,0.085,0.085,0.0849,0.0849,1400.96
2026-08-13 02:20:00,0.085,0.0851,0.0849,0.085,41842.07
2026-08-13 02:25:00,0.085,0.085,0.0849,0.0849,26729.3
2026-08-13 02:30:00,0.0849,0.0849,0.0846,0.0848,65907.74
2026-08-13 02:35:00,0.0848,0.0848,0.0842,0.0843,98266.91
2026-08-13 02:40:00,0.0843,0.0846,0.0842,0.0846,71984.52
2026-08-13 02:45:00,0.0847,0.0848,0.0846,0.0848,82301.33
2026-08-13 02:50:00,0.0849,0.0849,0.0848,0.0849,73013.36
2026-08-13 02:55:00,0.0849,0.0853,0.0849,0.0853,523012.83
2026-08-13 03:00:00,0.0853,0.0853,0.0851,0.0852,54844.6
2026-08-13 03:05:00,0.0853,0.0853,0.0852,0.0853,26915.87
2026-08-13 03:10:00,0.0852,0.0855,0.0852,0.0855,119779.13
2026-08-13 03:15:00,0.0855,0.0858,0.0855,0.0857,175772.19
2026-08-13 03:20:00,0.0858,0.0859,0.0857,0.0858,201247.26
2026-08-13 03:25:00,0.0858,0.0858,0.0858,0.0858,56068.8
2026-08-13 03:30:00,0.0859,0.086,0.0858,0.0859,115145.06
2026-08-13 03:35:00,0.0859,0.086,0.0859,0.086,29108.56
2026-08-13 03:40:00,0.086,0.0861,0.0859,0.0861,32344.77
2026-08-13 03:45:00,0.086,0.0861,0.086,0.0861,30198.46
2026-08-13 03:50:00,0.0862,0.0863,0.0861,0.0862,82220.06
2026-08-13 03:55:00,0.0862,0.0863,0.0862,0.0862,26092.4
2026-08-13 04:00:00,0.0862,0.0864,0.0862,0.0863,5978.53
2026-08-13 04:05:00,0.0863,0.0864,0.0861,0.0862,50017.96
2026-08-13 04:10:00,0.0862,0.0863,0.0862,0.0863,34641.08
2026-08-13 04:15:00,0.0862,0.0863,0.0862,0.0862,35267.3
2026-08-13 04:20:00,0.0862,0.0862,0.0861,0.0861,6802.69
2026-08-13 04:25:00,0.0861,0.0861,0.0861,0.0861,7567.17
2026-08-13 04:30:00,0.0861,0.0862,0.0861,0.0862,22019.57
2026-08-13 04:35:00,0.0863,0.0864,0.0863,0.0863,22316.98
2026-08-13 04:40:00,0.0864,0.0864,0.0864,0.0864,57.87
2026-08-13 04:45:00,0.0864,0.0865,0.0863,0.0863,57307.05
2026-08-13 04:50:00,0.0863,0.0863,0.0863,0.0863,63430.78
2026-08-13 04:55:00,0.0864,0.0864,0.0863,0.0863,5388.26
2026-08-13 05:00:00,0.0863,0.0863,0.0862,0.0862,106493.64
2026-08-13 05:05:00,0.0862,0.0863,0.0862,0.0862,34987.44
2026-08-13 05:10:00,0.0863,0.0863,0.0863,0.0863,51945.64
2026-08-13 05:15:00,0.0863,0.0864,0.0862,0.0862,35269.7
2026-08-13 05:20:00,0.0862,0.0863,0.0862,0.0863,103964.47
2026-08-13 05:25:00,0.0863,0.0864,0.0863,0.0864,29436.92
2026-08-13 05:30:00,0.0864,0.0866,0.0863,0.0866,255094.88
2026-08-13 05:35:00,0.0866,0.0867,0.0864,0.0867,66873.44
2026-08-13 05:40:00,0.0867,0.0867,0.0865,0.0866,69139.35
2026-08-13 05:45:00,0.0866,0.0868,0.0866,0.0866,44752.03
2026-08-13 05:50:00,0.0867,0.087,0.0867,0.0867,246099.66
2026-08-13 05:55:00,0.0868,0.0868,0.0867,0.0867,3494.3
2026-08-13 06:00:00,0.0867,0.0867,0.0865,0.0865,167273.01
2026-08-13 06:05:00,0.0865,0.0867,0.0865,0.0865,108042.38
2026-08-13 06:10:00,0.0866,0.0866,0.0865,0.0865,27060.52
2026-08-13 06:15:00,0.0866,0.0867,0.0866,0.0867,32394.35
2026-08-13 06:20:00,0.0868,0.0868,0.0867,0.0868,14510.0
2026-08-13 06:25:00,0.0868,0.0869,0.0868,0.0869,35672.74
2026-08-13 06:30:00,0.0869,0.0869,0.0868,0.0868,66211.21
2026-08-13 06:35:00,0.0868,0.0868,0.0866,0.0866,32400.67
2026-08-13 06:40:00,0.0866,0.0867,0.0866,0.0866,12120.02
2026-08-13 06:45:00,0.0867,0.0868,0.0867,0.0867,21000.57
2026-08-13 06:50:00,0.0868,0.0869,0.0867,0.0869,115874.52
2026-08-13 06:55:00,0.0869,0.087,0.0869,0.087,25920.5
2026-08-13 07:00:00,0.087,0.087,0.0869,0.0869,15832.54
2026-08-13 07:05:00,0.0869,0.0869,0.0868,0.0868,20371.83
2026-08-13 07:10:00,0.0869,0.0871,0.0868,0.0869,162468.46
2026-08-13 07:15:00,0.087,0.0871,0.0869,0.087,48037.83
2026-08-13 07:20:00,0.087,0.087,0.087,0.087,29257.11
2026-08-13 07:25:00,0.087,0.0871,0.0869,0.0871,14857.66
2026-08-13 07:30:00,0.0871,0.0872,0.0871,0.0871,107446.96
2026-08-13 07:35:00,0.0871,0.0872,0.087,0.087,165865.98
2026-08-13 07:40:00,0.0869,0.0869,0.0868,0.0869,128854.2
2026-08-13 07:45:00,0.0869,0.0869,0.0868,0.0868,222862.24
2026-08-13 07:50:00,0.0868,0.0869,0.0868,0.0869,8028.13
2026-08-13 07:55:00,0.0868,0.0868,0.0866,0.0866,24772.37
2026-08-13 08:00:00,0.0867,0.0869,0.0867,0.0868,144550.3
2026-08-13 08:05:00,0.0868,0.0868,0.0867,0.0867,29514.05
2026-08-13 08:10:00,0.0867,0.0868,0.0866,0.0866,27373.36
2026-08-13 08:15:00,0.0866,0.0868,0.0866,0.0868,74643.07
2026-08-13 08:20:00,0.0869,0.0869,0.0868,0.0869,68806.91
2026-08-13 08:25:00,0.0868,0.0868,0.0868,0.0868,7006.58
2026-08-13 08:30:00,0.0867,0.0868,0.0866,0.0866,31159.43
2026-08-13 08:35:00,0.0866,0.0867,0.0865,0.0865,88333.22
2026-08-13 08:40:00,0.0866,0.0866,0.0866,0.0866,6377.16
2026-08-13 08:45:00,0.0866,0.0866,0.0864,0.0865,186879.8
2026-08-13 08:50:00,0.0865,0.0865,0.0863,0.0864,69342.24
2026-08-13 08:55:00,0.0864,0.0864,0.0863,0.0864,66654.34
2026-08-13 09:00:00,0.0864,0.0864,0.0863,0.0863,29460.19
2026-08-13 09:05:00,0.0864,0.0864,0.0862,0.0863,124349.38
2026-08-13 09:10:00,0.0863,0.0863,0.0862,0.0863,67247.01
2026-08-13 09:15:00,0.0862,0.0865,0.0862,0.0865,82832.59
2026-08-13 09:20:00,0.0865,0.0866,0.0865,0.0865,94324.52
2026-08-13 09:25:00,0.0865,0.0865,0.0864,0.0864,71621.82
2026-08-13 09:30:00,0.0864,0.0865,0.0864,0.0865,14868.94
2026-08-13 09:35:00,0.0865,0.0865,0.0863,0.0864,25390.65
2026-08-13 09:40:00,0.0865,0.0865,0.0864,0.0865,101512.72
2026-08-13 09:45:00,0.0866,0.0868,0.0866,0.0868,152066.65
2026-08-13 09:50:00,0.0868,0.087,0.0868,0.087,34547.78
2026-08-13 09:55:00,0.087,0.087,0.0869,0.087,72701.28
2026-08-13 10:00:00,0.0869,0.0869,0.0867,0.0867,107322.72
2026-08-13 10:05:00,0.0868,0.0868,0.0867,0.0867,211175.64
2026-08-13 10:10:00,0.0868,0.087,0.0868,0.0869,117432.98
2026-08-13 10:15:00,0.0869,0.087,0.0869,0.087,28265.74
2026-08-13 10:20:00,0.087,0.087,0.0869,0.087,33286.66
2026-08-13 10:25:00,0.0871,0.0872,0.087,0.087,70042.5
2026-08-13 10:30:00,0.087,0.0871,0.0869,0.0869,65233.76
2026-08-13 10:35:00,0.087,0.0871,0.0869,0.087,88255.51
2026-08-13 10:40:00,0.0871,0.0871,0.0869,0.087,20688.09
2026-08-13 10:45:00,0.0871,0.0871,0.0871,0.0871,17546.57
2026-08-13 10:50:00,0.0871,0.0871,0.0869,0.0869,22751.05
2026-08-13 10:55:00,0.0869,0.0869,0.0868,0.0868,34666.44
2026-08-13 11:00:00,0.0868,0.0869,0.0868,0.0869,21811.81
2026-08-13 11:05:00,0.0869,0.0869,0.0868,0.0868,6362.22
2026-08-13 11:10:00,0.0868,0.0868,0.0868,0.0868,18726.09
2026-08-13 11:15:00,0.0868,0.0868,0.0866,0.0866,25711.15
2026-08-13 11:20:00,0.0866,0.0866,0.0864,0.0865,32489.35
2026-08-13 11:25:00,0.0866,0.0866,0.0865,0.0865,1333.89
2026-08-13 11:30:00,0.0865,0.0865,0.0863,0.0863,51881.32
2026-08-13 11:35:00,0.0863,0.0864,0.0862,0.0864,57726.43
2026-08-13 11:40:00,0.0864,0.0864,0.0863,0.0863,16004.93
2026-08-13 11:45:00,0.0862,0.0862,0.0862,0.0862,41917.24
2026-08-13 11:50:00,0.0861,0.0862,0.086,0.0861,32873.7
2026-08-13 11:55:00,0.0861,0.0861,0.0861,0.0861,1091.77
2026-08-13 12:00:00,0.086,0.0861,0.0858,0.086,275439.04
2026-08-13 12:05:00,0.086,0.0861,0.086,0.0861,14429.04
2026-08-13 12:10:00,0.0862,0.0863,0.0862,0.0863,18843.77
2026-08-13 12:15:00,0.0863,0.0863,0.0862,0.0862,22872.38
2026-08-13 12:20:00,0.0862,0.0863,0.0861,0.0863,31221.81
2026-08-13 12:25:00,0.0863,0.0864,0.0862,0.0864,92125.04
2026-08-13 12:30:00,0.0864,0.0865,0.0862,0.0865,111888.75
2026-08-13 12:35:00,0.0865,0.0865,0.0864,0.0864,25048.7
2026-08-13 12:40:00,0.0863,0.0864,0.0863,0.0863,53145.99
2026-08-13 12:45:00,0.0862,0.0862,0.0862,0.0862,15792.83
2026-08-13 12:50:00,0.0863,0.0863,0.0862,0.0862,20521.87
2026-08-13 12:55:00,0.0863,0.0863,0.0862,0.0862,27222.05
2026-08-13 13:00:00,0.0863,0.0863,0.0862,0.0862,55219.56
2026-08-13 13:05:00,0.0862,0.0863,0.0861,0.0863,89198.07
2026-08-13 13:10:00,0.0863,0.0863,0.0861,0.0861,21797.41
2026-08-13 13:15:00,0.0861,0.0861,0.086,0.0861,100423.79
2026-08-13 13:20:00,0.086,0.086,0.086,0.086,5746.92
2026-08-13 13:25:00,0.0859,0.0859,0.0858,0.0859,62948.28
2026-08-13 13:30:00,0.0859,0.0861,0.0859,0.0861,9156.21
2026-08-13 13:35:00,0.0862,0.0865,0.0862,0.0864,229368.53
2026-08-13 13:40:00,0.0865,0.0868,0.0865,0.0867,99970.92
2026-08-13 13:45:00,0.0867,0.0868,0.0866,0.0868,53318.62
2026-08-13 13:50:00,0.0868,0.0872,0.0868,0.087,738952.22
2026-08-13 13:55:00,0.087,0.0872,0.087,0.0871,75557.6
2026-08-13 14:00:00,0.0872,0.0873,0.0872,0.0872,123208.02
2026-08-13 14:05:00,0.0872,0.0873,0.0872,0.0873,33048.21
2026-08-13 14:10:00,0.0874,0.0876,0.0873,0.0874,105350.51
2026-08-13 14:15:00,0.0875,0.0876,0.0875,0.0876,46454.27
2026-08-13 14:20:00,0.0875,0.0877,0.0874,0.0875,114971.81
2026-08-13 14:25:00,0.0876,0.0876,0.0875,0.0876,51489.56
2026-08-13 14:30:00,0.0876,0.088,0.0876,0.0879,86145.71
2026-08-13 14:35:00,0.088,0.0881,0.088,0.088,130548.99
2026-08-13 14:40:00,0.088,0.0881,0.088,0.088,171204.16
2026-08-13 14:45:00,0.0881,0.0881,0.088,0.0881,102468.41
2026-08-13 14:50:00,0.088,0.0881,0.0877,0.0878,167061.06
2026-08-13 14:55:00,0.0878,0.0879,0.0877,0.0877,101835.27
2026-08-13 15:00:00,0.0878,0.0878,0.0876,0.0876,115657.55
2026-08-13 15:05:00,0.0876,0.0876,0.0873,0.0874,128305.31
2026-08-13 15:10:00,0.0875,0.0876,0.0874,0.0874,48084.31
2026-08-13 15:15:00,0.0873,0.0875,0.0873,0.0875,92419.04
2026-08-13 15:20:00,0.0875,0.0877,0.0874,0.0876,49762.29
2026-08-13 15:25:00,0.0877,0.0877,0.0873,0.0874,254176.06
2026-08-13 15:30:00,0.0874,0.0876,0.0874,0.0875,54024.28
2026-08-13 15:35:00,0.0875,0.0875,0.0874,0.0874,4231.6
2026-08-13 15:40:00,0.0873,0.0873,0.0873,0.0873,61759.4
2026-08-13 15:45:00,0.0873,0.0873,0.0871,0.0872,120322.87
2026-08-13 15:50:00,0.0872,0.0872,0.087,0.087,51437.08
2026-08-13 15:55:00,0.0871,0.0871,0.0867,0.0867,37278.59
2026-08-13 16:00:00,0.0868,0.0869,0.0863,0.0864,401490.26
2026-08-13 16:05:00,0.0864,0.0864,0.086,0.0861,378016.71
2026-08-13 16:10:00,0.0861,0.0861,0.0859,0.086,110483.86
2026-08-13 16:15:00,0.0861,0.0862,0.086,0.0861,111589.01
2026-08-13 16:20:00,0.0861,0.0867,0.0859,0.0864,356768.54
2026-08-13 16:25:00,0.0864,0.0864,0.0859,0.0859,55009.57
2026-08-13 16:30:00,0.086,0.0861,0.086,0.086,31529.05
2026-08-13 16:35:00,0.086,0.0861,0.0854,0.0855,371098.55
2026-08-13 16:40:00,0.0855,0.0857,0.0853,0.0857,296909.81
2026-08-13 16:45:00,0.0857,0.086,0.0856,0.086,173432.7
2026-08-13 16:50:00,0.086,0.0861,0.0859,0.086,94466.97
2026-08-13 16:55:00,0.086,0.0861,0.086,0.086,32032.12
2026-08-13 17:00:00,0.0861,0.0862,0.086,0.0861,44151.58
2026-08-13 17:05:00,0.0862,0.0863,0.0862,0.0863,53727.71
2026-08-13 17:10:00,0.0864,0.0864,0.0863,0.0863,91120.89
2026-08-13 17:15:00,0.0863,0.0864,0.0861,0.0861,31433.91
2026-08-13 17:20:00,0.0862,0.0863,0.0862,0.0863,24006.15
2026-08-13 17:25:00,0.0862,0.0862,0.086,0.086,36209.89
2026-08-13 17:30:00,0.086,0.0861,0.0859,0.0859,92182.1
2026-08-13 17:35:00,0.086,0.086,0.0858,0.0858,48416.52
2026-08-13 17:40:00,0.0859,0.0859,0.0859,0.0859,17085.44
2026-08-13 17:45:00,0.086,0.0861,0.086,0.0861,10375.47
2026-08-13 17:50:00,0.0861,0.0861,0.0859,0.0859,27528.62
2026-08-13 17:55:00,0.086,0.086,0.086,0.086,8612.8
2026-08-13 18:00:00,0.086,0.0862,0.086,0.0862,31953.73
2026-08-13 18:05:00,0.0862,0.0862,0.0861,0.0861,38447.54
2026-08-13 18:10:00,0.0861,0.0862,0.0861,0.0862,9664.93
2026-08-13 18:15:00,0.0862,0.0862,0.0862,0.0862,26967.64
2026-08-13 18:20:00,0.0862,0.0862,0.0861,0.0861,25234.57
2026-08-13 18:25:00,0.086,0.086,0.086,0.086,11683.4
2026-08-13 18:30:00,0.086,0.086,0.086,0.086,5553.02
2026-08-13 18:35:00,0.0859,0.086,0.0859,0.0859,30045.79
2026-08-13 18:40:00,0.0859,0.0862,0.0857,0.0862,289644.75
2026-08-13 18:45:00,0.0862,0.0862,0.0861,0.0861,80331.82
2026-08-13 18:50:00,0.0861,0.0863,0.0861,0.0862,22485.87
2026-08-13 18:55:00,0.0862,0.0862,0.0861,0.0862,109737.95
2026-08-13 19:00:00,0.0862,0.0864,0.0862,0.0863,51609.51
2026-08-13 19:05:00,0.0863,0.0866,0.0863,0.0865,131433.62
2026-08-13 19:10:00,0.0864,0.0864,0.0864,0.0864,2321.46
2026-08-13 19:15:00,0.0864,0.0865,0.0864,0.0865,4519.76
2026-08-13 19:20:00,0.0864,0.0864,0.0863,0.0863,26326.94
2026-08-13 19:25:00,0.0864,0.0865,0.0864,0.0865,26289.53
2026-08-13 19:30:00,0.0865,0.0865,0.0864,0.0865,40947.03
2026-08-13 19:35:00,0.0865,0.0865,0.0863,0.0865,30028.25
2026-08-13 19:40:00,0.0865,0.0865,0.0864,0.0864,19933.61
2026-08-13 19:45:00,0.0864,0.0865,0.0864,0.0864,40112.77
2026-08-13 19:50:00,0.0865,0.0865,0.0864,0.0864,20153.35
2026-08-13 19:55:00,0.0864,0.0864,0.0864,0.0864,9917.15
2026-08-13 20:00:00,0.0864,0.0864,0.0863,0.0863,63784.85
2026-08-13 20:05:00,0.0864,0.0864,0.0863,0.0863,15195.69
2026-08-13 20:10:00,0.0863,0.0864,0.0861,0.0862,25599.14
2026-08-13 20:15:00,0.0863,0.0865,0.0863,0.0865,36961.66
2026-08-13 20:20:00,0.0865,0.0865,0.0865,0.0865,10010.0
2026-08-13 20:25:00,0.0864,0.0864,0.0863,0.0863,3559.35
2026-08-13 20:30:00,0.0863,0.0865,0.0863,0.0864,244745.53
2026-08-13 20:35:00,0.0864,0.0864,0.0863,0.0864,80243.27
2026-08-13 20:40:00,0.0864,0.0864,0.0863,0.0863,70337.91
2026-08-13 20:45:00,0.0864,0.0864,0.0864,0.0864,11915.83
2026-08-13 20:50:00,0.0863,0.0863,0.0862,0.0863,30746.86
2026-08-13 20:55:00,0.0864,0.0864,0.0864,0.0864,39261.58
2026-08-13 21:00:00,0.0864,0.0865,0.0864,0.0865,56843.62
2026-08-13 21:05:00,0.0865,0.0865,0.0864,0.0864,19887.23
2026-08-13 21:10:00,0.0864,0.0865,0.0864,0.0865,54867.08
2026-08-13 21:15:00,0.0865,0.0866,0.0865,0.0866,8271.13
2026-08-13 21:20:00,0.0867,0.0868,0.0866,0.0868,58366.1
2026-08-13 21:25:00,0.0868,0.0869,0.0868,0.0869,81649.39
2026-08-13 21:30:00,0.087,0.0873,0.087,0.0871,101655.28
2026-08-13 21:35:00,0.0871,0.0872,0.0871,0.0872,6196.03
2026-08-13 21:40:00,0.0872,0.0873,0.0872,0.0872,34084.5
2026-08-13 21:45:00,0.0872,0.0873,0.0872,0.0873,12025.43
2026-08-13 21:50:00,0.0873,0.0873,0.0872,0.0872,2182.74
2026-08-13 21:55:00,0.0872,0.0872,0.087,0.087,34176.34
2026-08-13 22:00:00,0.087,0.0872,0.087,0.0872,28799.83
2026-08-13 22:05:00,0.0873,0.0874,0.0873,0.0873,36089.06
2026-08-13 22:10:00,0.0873,0.0874,0.0873,0.0874,86184.64
2026-08-13 22:15:00,0.0874,0.0875,0.0873,0.0873,61511.86
2026-08-13 22:20:00,0.0873,0.0873,0.0873,0.0873,40350.39
2026-08-13 22:25:00,0.0873,0.0875,0.0873,0.0875,98660.22
2026-08-13 22:30:00,0.0875,0.0876,0.0874,0.0875,46047.36
2026-08-13 22:35:00,0.0875,0.0876,0.0875,0.0876,39264.65
2026-08-13 22:40:00,0.0876,0.0877,0.0876,0.0876,59426.69
2026-08-13 22:45:00,0.0876,0.0877,0.0876,0.0877,90038.34
2026-08-13 22:50:00,0.0877,0.0878,0.0876,0.0876,4013.56
2026-08-13 22:55:00,0.0877,0.0878,0.0877,0.0878,15233.63
2026-08-13 23:00:00,0.0878,0.0878,0.0877,0.0878,90899.04
2026-08-13 23:05:00,0.0878,0.0878,0.0878,0.0878,43608.72
2026-08-13 23:10:00,0.0878,0.0878,0.0877,0.0878,13907.1
2026-08-13 23:15:00,0.0878,0.0878,0.0878,0.0878,33877.7
2026-08-13 23:20:00,0.0879,0.0879,0.0878,0.0878,46057.89
2026-08-13 23:25:00,0.0879,0.088,0.0879,0.0879,39036.93
2026-08-13 23:30:00,0.088,0.088,0.0878,0.0878,68723.79
2026-08-13 23:35:00,0.0878,0.0883,0.0878,0.0882,240954.89
2026-08-13 23:40:00,0.0882,0.0883,0.0881,0.0883,102656.64
2026-08-13 23:45:00,0.0884,0.0884,0.0881,0.0881,226565.11
2026-08-13 23:50:00,0.0881,0.0886,0.0881,0.0885,80801.21
2026-08-13 23:55:00,0.0886,0.0888,0.0885,0.0887,138331.86
2026-08-14 00:00:00,0.0887,0.089,0.0887,0.0888,192078.08
2026-08-14 00:05:00,0.0888,0.0889,0.0888,0.0888,123261.04
2026-08-14 00:10:00,0.0888,0.0888,0.0887,0.0887,71271.35
2026-08-14 00:15:00,0.0887,0.0889,0.0887,0.0889,56395.33
2026-08-14 00:20:00,0.0889,0.0892,0.0889,0.0892,114461.8
2026-08-14 00:25:00,0.0893,0.0893,0.089,0.0891,58439.28
2026-08-14 00:30:00,0.089,0.0894,0.0888,0.0893,218003.7
2026-08-14 00:35:00,0.0894,0.0897,0.0892,0.0892,254100.38
2026-08-14 00:40:00,0.0892,0.0892,0.0887,0.0888,325074.03
2026-08-14 00:45:00,0.0888,0.0888,0.0886,0.0888,224004.67
2026-08-14 00:50:00,0.0887,0.0889,0.0887,0.0889,95834.91
2026-08-14 00:55:00,0.0889,0.0892,0.0888,0.0891,97475.45
2026-08-14 01:00:00,0.0892,0.0893,0.0891,0.0892,75945.21
2026-08-14 01:05:00,0.0892,0.0893,0.0891,0.0891,58252.24
2026-08-14 01:10:00,0.0891,0.0891,0.0889,0.0889,267100.23
2026-08-14 01:15:00,0.0889,0.0889,0.0886,0.0887,224153.62
2026-08-14 01:20:00,0.0887,0.0887,0.0886,0.0887,48381.14
2026-08-14 01:25:00,0.0886,0.0888,0.0885,0.0885,106263.92
2026-08-14 01:30:00,0.0885,0.0886,0.0885,0.0885,43430.44
2026-08-14 01:35:00,0.0884,0.0885,0.0883,0.0884,76803.5
2026-08-14 01:40:00,0.0885,0.0889,0.0885,0.0888,157359.35
2026-08-14 01:45:00,0.0888,0.0888,0.0886,0.0886,23415.75
2026-08-14 01:50:00,0.0886,0.0886,0.0885,0.0885,48919.33
2026-08-14 01:55:00,0.0884,0.0885,0.0884,0.0885,18664.21
2026-08-14 02:00:00,0.0885,0.0885,0.0883,0.0884,13788.73
2026-08-14 02:05:00,0.0885,0.0885,0.0885,0.0885,4890.41
2026-08-14 02:10:00,0.0885,0.0886,0.0883,0.0883,56315.59
2026-08-14 02:15:00,0.0883,0.0883,0.0881,0.0881,10141.45
2026-08-14 02:20:00,0.0881,0.0882,0.088,0.0881,22470.83
2026-08-14 02:25:00,0.0881,0.0881,0.0881,0.0881,15734.17
2026-08-14 02:30:00,0.0881,0.0882,0.0881,0.0882,24286.0
2026-08-14 02:35:00,0.0882,0.0882,0.0881,0.0881,28055.44
2026-08-14 02:40:00,0.0881,0.0882,0.0881,0.0882,53915.09
2026-08-14 02:45:00,0.0883,0.0884,0.0881,0.0881,362742.95
2026-08-14 02:50:00,0.0881,0.0881,0.0881,0.0881,24842.22
2026-08-14 02:55:00,0.0882,0.0882,0.088,0.088,22539.96
2026-08-14 03:00:00,0.088,0.088,0.0878,0.0878,46407.79
2026-08-14 03:05:00,0.0879,0.0879,0.0878,0.0878,2388.29
2026-08-14 03:10:00,0.0878,0.088,0.0877,0.0879,181548.97
2026-08-14 03:15:00,0.0879,0.0881,0.0879,0.0881,67104.07
2026-08-14 03:20:00,0.0881,0.0881,0.0879,0.0879,38798.81
2026-08-14 03:25:00,0.0879,0.0879,0.0878,0.0878,12893.28
2026-08-14 03:30:00,0.0878,0.0878,0.0878,0.0878,0.0
2026-08-14 03:35:00,0.0878,0.0878,0.0877,0.0877,7004.0
2026-08-14 03:40:00,0.0878,0.0878,0.0877,0.0877,44259.76
2026-08-14 03:45:00,0.0876,0.0876,0.0875,0.0875,44916.22
2026-08-14 03:50:00,0.0875,0.0876,0.0875,0.0876,2274.09
2026-08-14 03:55:00,0.0876,0.0876,0.0876,0.0876,430.67
2026-08-14 04:00:00,0.0875,0.0878,0.0874,0.0878,404939.57
2026-08-14 04:05:00,0.0878,0.0878,0.0876,0.0877,18980.02
2026-08-14 04:10:00,0.0878,0.0878,0.0876,0.0876,18925.11
2026-08-14 04:15:00,0.0877,0.0879,0.0877,0.0878,5140.01
2026-08-14 04:20:00,0.0879,0.088,0.0879,0.0879,35717.16
2026-08-14 04:25:00,0.0879,0.0882,0.0879,0.088,442196.87
2026-08-14 04:30:00,0.0879,0.0879,0.0878,0.0878,31039.44
2026-08-14 04:35:00,0.0878,0.0878,0.0877,0.0878,17808.39
2026-08-14 04:40:00,0.0877,0.0878,0.0877,0.0877,33757.92
2026-08-14 04:45:00,0.0877,0.0877,0.0877,0.0877,2430.03
2026-08-14 04:50:00,0.0877,0.0877,0.0877,0.0877,23220.05
2026-08-14 04:55:00,0.0877,0.0877,0.0876,0.0876,8468.17
2026-08-14 05:00:00,0.0876,0.0876,0.0876,0.0876,8742.81
2026-08-14 05:05:00,0.0875,0.0876,0.0875,0.0875,43685.79
2026-08-14 05:10:00,0.0875,0.0875,0.0873,0.0873,56876.83
2026-08-14 05:15:00,0.0873,0.0874,0.0873,0.0873,53523.14
2026-08-14 05:20:00,0.0873,0.0873,0.0872,0.0872,38673.53
2026-08-14 05:25:00,0.0872,0.0873,0.0872,0.0873,99585.24
2026-08-14 05:30:00,0.0873,0.0874,0.0873,0.0873,28203.34
2026-08-14 05:35:00,0.0873,0.0873,0.0873,0.0873,22826.5
2026-08-14 05:40:00,0.0873,0.0873,0.0873,0.0873,37487.59
2026-08-14 05:45:00,0.0873,0.0873,0.0873,0.0873,21397.58
2026-08-14 05:50:00,0.0873,0.0873,0.0872,0.0872,104396.04
2026-08-14 05:55:00,0.0873,0.0873,0.0872,0.0872,26177.58
2026-08-14 06:00:00,0.0872,0.0872,0.0871,0.0871,12460.05
2026-08-14 06:05:00,0.0872,0.0872,0.087,0.0871,38402.3
2026-08-14 06:10:00,0.087,0.087,0.0869,0.0869,56426.88
2026-08-14 06:15:00,0.0869,0.0869,0.0867,0.0867,143056.94
2026-08-14 06:20:00,0.0868,0.0868,0.0867,0.0868,160857.45
2026-08-14 06:25:00,0.0867,0.0867,0.0864,0.0865,208301.75
2026-08-14 06:30:00,0.0865,0.0867,0.0865,0.0867,123524.78
2026-08-14 06:35:00,0.0868,0.0869,0.0867,0.0867,47304.33
2026-08-14 06:40:00,0.0868,0.0868,0.0867,0.0867,17007.24
2026-08-14 06:45:00,0.0867,0.0868,0.0867,0.0867,55279.05
2026-08-14 06:50:00,0.0868,0.0868,0.0865,0.0867,79499.5
2026-08-14 06:55:00,0.0867,0.0869,0.0867,0.0867,53588.49
2026-08-14 07:00:00,0.0867,0.0868,0.0866,0.0867,29838.41
2026-08-14 07:05:00,0.0868,0.0868,0.0866,0.0867,19614.57
2026-08-14 07:10:00,0.0868,0.0868,0.0866,0.0867,46222.07
2026-08-14 07:15:00,0.0866,0.0866,0.0866,0.0866,22270.69
2026-08-14 07:20:00,0.0866,0.0866,0.0865,0.0866,41100.22
2026-08-14 07:25:00,0.0866,0.0866,0.0865,0.0865,24475.18
2026-08-14 07:30:00,0.0864,0.0864,0.0863,0.0864,46727.82
2026-08-14 07:35:00,0.0863,0.0864,0.0861,0.0861,67965.73
2026-08-14 07:40:00,0.0861,0.0863,0.0861,0.0862,8574.32
2026-08-14 07:45:00,0.0863,0.0863,0.0862,0.0863,26745.65
2026-08-14 07:50:00,0.0863,0.0863,0.0862,0.0863,11963.29
2026-08-14 07:55:00,0.0862,0.0863,0.0861,0.0861,4659.1
2026-08-14 08:00:00,0.0861,0.0862,0.086,0.0861,32219.77
2026-08-14 08:05:00,0.0861,0.0862,0.0861,0.0862,35647.43
2026-08-14 08:10:00,0.0862,0.0863,0.0861,0.0861,26635.07
2026-08-14 08:15:00,0.0862,0.0863,0.0858,0.0858,398258.26
2026-08-14 08:20:00,0.0859,0.086,0.0858,0.0858,118471.76
2026-08-14 08:25:00,0.0858,0.0859,0.0857,0.0859,47809.7
2026-08-14 08:30:00,0.0859,0.0862,0.0858,0.0862,70700.1
2026-08-14 08:35:00,0.0862,0.0863,0.0862,0.0863,104381.91
2026-08-14 08:40:00,0.0862,0.0863,0.0861,0.0861,11996.23
2026-08-14 08:45:00,0.0862,0.0863,0.0862,0.0863,1657.39
2026-08-14 08:50:00,0.0863,0.0863,0.0861,0.0861,25313.19
2026-08-14 08:55:00,0.0861,0.0862,0.0861,0.0862,16613.56
2026-08-14 09:00:00,0.0863,0.0864,0.0862,0.0863,122038.14
2026-08-14 09:05:00,0.0863,0.0864,0.0863,0.0864,25145.24
2026-08-14 09:10:00,0.0864,0.0865,0.0864,0.0865,132342.99
2026-08-14 09:15:00,0.0865,0.0865,0.0865,0.0865,703.03
2026-08-14 09:20:00,0.0864,0.0864,0.0864,0.0864,8737.61
2026-08-14 09:25:00,0.0864,0.0865,0.0862,0.0862,68248.45
2026-08-14 09:30:00,0.0862,0.0862,0.0861,0.0862,12667.56
2026-08-14 09:35:00,0.0862,0.0862,0.0858,0.0859,53740.55
2026-08-14 09:40:00,0.0859,0.0859,0.0858,0.0859,103050.6
2026-08-14 09:45:00,0.0859,0.086,0.0859,0.0859,13116.88
2026-08-14 09:50:00,0.086,0.086,0.0859,0.0859,24795.08
2026-08-14 09:55:00,0.0859,0.0859,0.0857,0.0858,161965.23
2026-08-14 10:00:00,0.0857,0.0859,0.0856,0.0858,221016.74
2026-08-14 10:05:00,0.0858,0.0858,0.0857,0.0858,30945.01
2026-08-14 10:10:00,0.0859,0.0859,0.0859,0.0859,33664.58
2026-08-14 10:15:00,0.0859,0.086,0.0859,0.0859,33426.28
2026-08-14 10:20:00,0.0858,0.0858,0.0857,0.0857,45517.54
2026-08-14 10:25:00,0.0857,0.0858,0.0857,0.0857,2238.67
2026-08-14 10:30:00,0.0858,0.0858,0.0858,0.0858,7209.96
2026-08-14 10:35:00,0.0858,0.0858,0.0857,0.0857,19430.2
2026-08-14 10:40:00,0.0857,0.0857,0.0856,0.0856,10772.9
2026-08-14 10:45:00,0.0856,0.0856,0.0855,0.0856,117733.06
2026-08-14 10:50:00,0.0857,0.0857,0.0855,0.0855,5924.11
2026-08-14 10:55:00,0.0855,0.0856,0.0855,0.0856,17731.88
2026-08-14 11:00:00,0.0856,0.0858,0.0856,0.0857,83964.17
2026-08-14 11:05:00,0.0857,0.0857,0.0856,0.0856,92904.76
2026-08-14 11:10:00,0.0856,0.0856,0.0855,0.0855,35652.39
2026-08-14 11:15:00,0.0856,0.0857,0.0856,0.0857,107580.94
2026-08-14 11:20:00,0.0857,0.0857,0.0856,0.0856,3882.81
2026-08-14 11:25:00,0.0855,0.0856,0.0855,0.0855,51970.18
2026-08-14 11:30:00,0.0856,0.0856,0.0856,0.0856,12359.57
2026-08-14 11:35:00,0.0856,0.0856,0.0855,0.0855,19236.73
2026-08-14 11:40:00,0.0855,0.0855,0.0855,0.0855,12606.26
2026-08-14 11:45:00,0.0855,0.0856,0.0853,0.0854,45527.26
2026-08-14 11:50:00,0.0854,0.0855,0.0853,0.0854,22627.93
2026-08-14 11:55:00,0.0854,0.0854,0.0852,0.0853,70887.88
2026-08-14 12:00:00,0.0853,0.0855,0.0853,0.0854,35090.93
2026-08-14 12:05:00,0.0854,0.0854,0.0852,0.0852,33041.72
2026-08-14 12:10:00,0.0852,0.0853,0.085,0.0852,97089.08
2026-08-14 12:15:00,0.0852,0.0852,0.0849,0.0849,63082.81
2026-08-14 12:20:00,0.085,0.0853,0.0849,0.0853,59793.11
2026-08-14 12:25:00,0.0852,0.0852,0.0851,0.0852,25515.35
2026-08-14 12:30:00,0.0852,0.0852,0.0852,0.0852,19328.93
2026-08-14 12:35:00,0.0851,0.0852,0.0851,0.0851,41741.33
2026-08-14 12:40:00,0.0851,0.0851,0.085,0.085,6165.17
2026-08-14 12:45:00,0.0851,0.0852,0.085,0.0852,82747.9
2026-08-14 12:50:00,0.0853,0.0853,0.0852,0.0852,51045.61
2026-08-14 12:55:00,0.0853,0.0853,0.0852,0.0853,42926.06
2026-08-14 13:00:00,0.0853,0.0853,0.0851,0.0851,39830.07
2026-08-14 13:05:00,0.0851,0.0852,0.085,0.0851,42368.4
2026-08-14 13:10:00,0.0851,0.0853,0.085,0.0853,73156.44
2026-08-14 13:15:00,0.0853,0.0853,0.0851,0.0851,74803.27
2026-08-14 13:20:00,0.0852,0.0853,0.0852,0.0853,20677.14
2026-08-14 13:25:00,0.0853,0.0855,0.0853,0.0854,74732.44
2026-08-14 13:30:00,0.0854,0.0854,0.0852,0.0853,27262.03
2026-08-14 13:35:00,0.0854,0.0854,0.0852,0.0853,74900.52
2026-08-14 13:40:00,0.0854,0.0856,0.0854,0.0856,48866.49
2026-08-14 13:45:00,0.0855,0.0855,0.0855,0.0855,46336.29
2026-08-14 13:50:00,0.0855,0.0856,0.0854,0.0854,120009.27
2026-08-14 13:55:00,0.0854,0.0855,0.0854,0.0855,18049.32
2026-08-14 14:00:00,0.0855,0.0856,0.0853,0.0855,115010.27
2026-08-14 14:05:00,0.0855,0.0855,0.0854,0.0855,23077.23
2026-08-14 14:10:00,0.0855,0.0855,0.0854,0.0854,35521.06
2026-08-14 14:15:00,0.0854,0.0854,0.0854,0.0854,13545.69
2026-08-14 14:20:00,0.0853,0.0855,0.0853,0.0854,35439.54
2026-08-14 14:25:00,0.0854,0.0855,0.0854,0.0854,49133.25
2026-08-14 14:30:00,0.0853,0.0854,0.0853,0.0854,22999.27
2026-08-14 14:35:00,0.0853,0.0854,0.0853,0.0854,8309.1
2026-08-14 14:40:00,0.0853,0.0853,0.0853,0.0853,739.26
2026-08-14 14:45:00,0.0852,0.0853,0.0852,0.0853,15773.02
2026-08-14 14:50:00,0.0854,0.0854,0.0852,0.0852,5192.62
2026-08-14 14:55:00,0.0852,0.0852,0.0849,0.085,57864.52
2026-08-14 15:00:00,0.085,0.0851,0.0849,0.0849,46119.02
2026-08-14 15:05:00,0.0848,0.0851,0.0848,0.085,52761.23
2026-08-14 15:10:00,0.0851,0.0851,0.085,0.0851,10880.71
2026-08-14 15:15:00,0.0851,0.0851,0.085,0.085,13925.41
2026-08-14 15:20:00,0.0851,0.0852,0.085,0.0852,47977.48
2026-08-14 15:25:00,0.0853,0.0855,0.0851,0.0855,116972.98
2026-08-14 15:30:00,0.0856,0.0856,0.0854,0.0856,55657.94
2026-08-14 15:35:00,0.0857,0.0859,0.0857,0.0859,45583.99
2026-08-14 15:40:00,0.0859,0.0859,0.0857,0.0857,11686.25
2026-08-14 15:45:00,0.0857,0.0858,0.0856,0.0857,44440.41
2026-08-14 15:50:00,0.0857,0.0857,0.0855,0.0857,41755.99
2026-08-14 15:55:00,0.0858,0.0858,0.0858,0.0858,35440.68
2026-08-14 16:00:00,0.0857,0.0859,0.0857,0.0857,60777.04
2026-08-14 16:05:00,0.0856,0.0857,0.0856,0.0857,62618.32
2026-08-14 16:10:00,0.0857,0.0859,0.0857,0.0858,40894.11
2026-08-14 16:15:00,0.0859,0.086,0.0859,0.086,30839.95
2026-08-14 16:20:00,0.0859,0.086,0.0858,0.0859,93302.25
2026-08-14 16:25:00,0.0859,0.086,0.0859,0.0859,46272.45
2026-08-14 16:30:00,0.0859,0.086,0.0859,0.086,5582.22
2026-08-14 16:35:00,0.0861,0.0862,0.0861,0.0862,142252.29
2026-08-14 16:40:00,0.0862,0.0862,0.086,0.086,23798.46
2026-08-14 16:45:00,0.0859,0.0859,0.0858,0.0859,4155.8
2026-08-14 16:50:00,0.0858,0.0859,0.0856,0.0856,40818.01
2026-08-14 16:55:00,0.0857,0.0858,0.0857,0.0858,63990.17
2026-08-14 17:00:00,0.0857,0.0858,0.0857,0.0857,1330.4
2026-08-14 17:05:00,0.0857,0.0857,0.0856,0.0856,6098.44
2026-08-14 17:10:00,0.0856,0.0858,0.0856,0.0857,75732.41
2026-08-14 17:15:00,0.0858,0.086,0.0858,0.086,77997.43
2026-08-14 17:20:00,0.086,0.0861,0.0859,0.0861,61699.11
2026-08-14 17:25:00,0.086,0.086,0.086,0.086,12810.24
2026-08-14 17:30:00,0.0859,0.0859,0.0858,0.0859,13639.78
2026-08-14 17:35:00,0.086,0.0861,0.086,0.086,113103.51
2026-08-14 17:40:00,0.0861,0.0861,0.086,0.086,3034.13
2026-08-14 17:45:00,0.086,0.086,0.086,0.086,905.21
2026-08-14 17:50:00,0.086,0.086,0.0858,0.0858,17425.38
2026-08-14 17:55:00,0.0858,0.0858,0.0857,0.0857,18644.34
2026-08-14 18:00:00,0.0857,0.0858,0.0857,0.0857,11780.68
2026-08-14 18:05:00,0.0858,0.0858,0.0857,0.0857,4064.71
2026-08-14 18:10:00,0.0857,0.0857,0.0856,0.0856,18063.06
2026-08-14 18:15:00,0.0857,0.0858,0.0856,0.0858,84171.54
2026-08-14 18:20:00,0.0858,0.0859,0.0858,0.0859,11349.9
2026-08-14 18:25:00,0.0859,0.0861,0.0859,0.086,47363.19
2026-08-14 18:30:00,0.086,0.086,0.0859,0.0859,12205.61
2026-08-14 18:35:00,0.0859,0.0861,0.0859,0.086,1786.37
2026-08-14 18:40:00,0.086,0.0861,0.086,0.0861,456.46
2026-08-14 18:45:00,0.086,0.0862,0.0859,0.0859,87857.89
2026-08-14 18:50:00,0.086,0.086,0.0859,0.086,5676.29
2026-08-14 18:55:00,0.086,0.086,0.0859,0.0859,18387.01
2026-08-14 19:00:00,0.0858,0.0859,0.0857,0.0858,119233.37
2026-08-14 19:05:00,0.0858,0.0859,0.0857,0.0859,22119.76
2026-08-14 19:10:00,0.0859,0.0859,0.0858,0.0858,23528.27
2026-08-14 19:15:00,0.0858,0.0858,0.0857,0.0857,45921.68
2026-08-14 19:20:00,0.0857,0.0859,0.0857,0.0858,21986.63
2026-08-14 19:25:00,0.0857,0.0858,0.0857,0.0858,40654.31
2026-08-14 19:30:00,0.0858,0.0858,0.0857,0.0858,22768.99
2026-08-14 19:35:00,0.0858,0.0858,0.0857,0.0858,17005.02
2026-08-14 19:40:00,0.0858,0.0862,0.0858,0.0862,41982.91
2026-08-14 19:45:00,0.0861,0.0865,0.0861,0.0864,117876.94
2026-08-14 19:50:00,0.0864,0.0866,0.0863,0.0864,60146.3
2026-08-14 19:55:00,0.0864,0.0865,0.0863,0.0863,43887.92
2026-08-14 20:00:00,0.0863,0.0864,0.0863,0.0864,19213.35
2026-08-14 20:05:00,0.0863,0.0864,0.0861,0.0862,64218.16
2026-08-14 20:10:00,0.0862,0.0862,0.086,0.086,51355.7
2026-08-14 20:15:00,0.0859,0.0861,0.0859,0.086,115093.35
2026-08-14 20:20:00,0.0859,0.0861,0.0859,0.0861,7228.03
2026-08-14 20:25:00,0.0861,0.0861,0.086,0.0861,64185.28
2026-08-14 20:30:00,0.0861,0.0861,0.086,0.086,6750.22
2026-08-14 20:35:00,0.0859,0.0859,0.0859,0.0859,5250.98
2026-08-14 20:40:00,0.086,0.086,0.086,0.086,38468.89
2026-08-14 20:45:00,0.086,0.086,0.0859,0.086,10447.73
2026-08-14 20:50:00,0.086,0.086,0.086,0.086,250.0
2026-08-14 20:55:00,0.086,0.086,0.0859,0.0859,11169.18
2026-08-14 21:00:00,0.0859,0.086,0.0859,0.086,5910.55
2026-08-14 21:05:00,0.086,0.086,0.0859,0.086,45470.96
2026-08-14 21:10:00,0.086,0.086,0.0859,0.0859,20729.31
2026-08-14 21:15:00,0.086,0.086,0.0859,0.0859,9689.09
2026-08-14 21:20:00,0.0858,0.0859,0.0857,0.0858,43256.52
2026-08-14 21:25:00,0.0859,0.0859,0.0859,0.0859,7883.21
2026-08-14 21:30:00,0.0859,0.0859,0.0859,0.0859,12504.37
2026-08-14 21:35:00,0.0859,0.0859,0.0857,0.0857,11348.52
2026-08-14 21:40:00,0.0858,0.0859,0.0857,0.0857,15966.39
2026-08-14 21:45:00,0.0856,0.0857,0.0856,0.0857,1115.39
2026-08-14 21:50:00,0.0856,0.0857,0.0854,0.0855,25559.17
2026-08-14 21:55:00,0.0854,0.0856,0.0854,0.0856,16222.49
2026-08-14 22:00:00,0.0856,0.0857,0.0856,0.0856,17163.49
2026-08-14 22:05:00,0.0856,0.0856,0.0855,0.0855,7589.05
2026-08-14 22:10:00,0.0855,0.0855,0.0854,0.0854,30402.01
2026-08-14 22:15:00,0.0855,0.0855,0.0854,0.0854,11079.05
2026-08-14 22:20:00,0.0854,0.0854,0.0852,0.0852,82868.92
2026-08-14 22:25:00,0.0852,0.0852,0.085,0.085,39314.04
2026-08-14 22:30:00,0.085,0.0852,0.0849,0.0852,67013.58
2026-08-14 22:35:00,0.0851,0.0852,0.0851,0.0852,2930.08
2026-08-14 22:40:00,0.0852,0.0852,0.0852,0.0852,4171.32
2026-08-14 22:45:00,0.0852,0.0853,0.085,0.0852,154761.72
2026-08-14 22:50:00,0.0851,0.0852,0.0851,0.0852,18567.13
2026-08-14 22:55:00,0.0852,0.0852,0.0851,0.0852,9996.02
2026-08-14 23:00:00,0.0852,0.0853,0.0852,0.0853,30764.53
2026-08-14 23:05:00,0.0852,0.0853,0.0852,0.0853,4832.25
2026-08-14 23:10:00,0.0853,0.0856,0.0853,0.0856,28907.97
2026-08-14 23:15:00,0.0857,0.0857,0.0856,0.0857,12775.57
2026-08-14 23:20:00,0.0857,0.0857,0.0857,0.0857,5022.51
2026-08-14 23:25:00,0.0857,0.0859,0.0856,0.0859,49221.78
2026-08-14 23:30:00,0.0859,0.086,0.0859,0.0859,14070.16
2026-08-14 23:35:00,0.0859,0.0863,0.0859,0.0862,49707.68
2026-08-14 23:40:00,0.0862,0.0863,0.0862,0.0863,61073.51
2026-08-14 23:45:00,0.0864,0.0864,0.0862,0.0863,83362.95
2026-08-14 23:50:00,0.0862,0.0864,0.0862,0.0863,15460.64
2026-08-14 23:55:00,0.0862,0.0864,0.0862,0.0864,20096.18
2026-08-15 00:00:00,0.0864,0.0866,0.0863,0.0866,49122.25
2026-08-15 00:05:00,0.0866,0.0867,0.0865,0.0867,99022.77
2026-08-15 00:10:00,0.0867,0.0868,0.0866,0.0866,23995.99
2026-08-15 00:15:00,0.0866,0.0868,0.0866,0.0866,83891.09
2026-08-15 00:20:00,0.0866,0.0866,0.0864,0.0864,44973.76
2026-08-15 00:25:00,0.0864,0.0865,0.0864,0.0865,70113.48
2026-08-15 00:30:00,0.0865,0.0865,0.0865,0.0865,55761.23
2026-08-15 00:35:00,0.0865,0.0866,0.0865,0.0866,114369.93
2026-08-15 00:40:00,0.0865,0.0865,0.0864,0.0865,12376.72
2026-08-15 00:45:00,0.0866,0.0866,0.0865,0.0865,24902.76
2026-08-15 00:50:00,0.0866,0.0868,0.0866,0.0867,76688.39
2026-08-15 00:55:00,0.0867,0.0867,0.0865,0.0866,95754.32
2026-08-15 01:00:00,0.0866,0.0867,0.0866,0.0866,36906.48
2026-08-15 01:05:00,0.0865,0.0865,0.0864,0.0864,14517.1
2026-08-15 01:10:00,0.0863,0.0865,0.0863,0.0865,74512.53
2026-08-15 01:15:00,0.0864,0.0864,0.0864,0.0864,1712.69
2026-08-15 01:20:00,0.0865,0.0866,0.0865,0.0866,24542.61
2026-08-15 01:25:00,0.0866,0.0866,0.0865,0.0865,1531.06
2026-08-15 01:30:00,0.0866,0.0869,0.0865,0.0869,163311.2
2026-08-15 01:35:00,0.0869,0.0869,0.0868,0.0868,37816.28
2026-08-15 01:40:00,0.0867,0.087,0.0866,0.0866,303041.37
2026-08-15 01:45:00,0.0866,0.0867,0.0865,0.0866,103060.32
2026-08-15 01:50:00,0.0866,0.0866,0.0866,0.0866,3885.21
2026-08-15 01:55:00,0.0866,0.0866,0.0866,0.0866,23595.21
2026-08-15 02:00:00,0.0866,0.0868,0.0866,0.0868,76027.94
2026-08-15 02:05:00,0.0868,0.0869,0.0868,0.0869,106065.97
2026-08-15 02:10:00,0.087,0.0871,0.0869,0.087,28318.1
2026-08-15 02:15:00,0.0871,0.0873,0.0871,0.0872,152513.28
2026-08-15 02:20:00,0.0872,0.0873,0.0871,0.0871,83135.85
2026-08-15 02:25:00,0.0872,0.0873,0.0872,0.0872,19779.66
2026-08-15 02:30:00,0.0872,0.0874,0.0872,0.0874,65660.77
2026-08-15 02:35:00,0.0873,0.0873,0.0872,0.0872,47343.41
2026-08-15 02:40:00,0.0873,0.0873,0.0873,0.0873,53707.6
2026-08-15 02:45:00,0.0872,0.0872,0.087,0.0872,252852.36
2026-08-15 02:50:00,0.0872,0.0873,0.0871,0.0872,34787.05
2026-08-15 02:55:00,0.0872,0.0872,0.0871,0.0872,29169.5
2026-08-15 03:00:00,0.0872,0.0872,0.0871,0.0871,5733.44
2026-08-15 03:05:00,0.0871,0.0871,0.0871,0.0871,6326.89
2026-08-15 03:10:00,0.0871,0.0871,0.0871,0.0871,36921.72
2026-08-15 03:15:00,0.0871,0.0872,0.0871,0.0872,49751.9
2026-08-15 03:20:00,0.0872,0.0872,0.087,0.087,22025.14
2026-08-15 03:25:00,0.087,0.0871,0.0868,0.0871,248216.5
2026-08-15 03:30:00,0.0871,0.0872,0.0869,0.0869,22245.53
2026-08-15 03:35:00,0.087,0.087,0.0869,0.087,10743.94
2026-08-15 03:40:00,0.0871,0.0872,0.0871,0.0872,40739.02
2026-08-15 03:45:00,0.0873,0.0873,0.0872,0.0872,13683.48
2026-08-15 03:50:00,0.0873,0.0873,0.0872,0.0872,30683.5
2026-08-15 03:55:00,0.0873,0.0873,0.0871,0.0871,103416.99
2026-08-15 04:00:00,0.0872,0.0873,0.0872,0.0872,84280.88
2026-08-15 04:05:00,0.0872,0.0873,0.0872,0.0872,88977.64
2026-08-15 04:10:00,0.0873,0.0873,0.0872,0.0872,7014.87
2026-08-15 04:15:00,0.0873,0.0874,0.0873,0.0873,48403.93
2026-08-15 04:20:00,0.0874,0.0874,0.0874,0.0874,10047.08
2026-08-15 04:25:00,0.0873,0.0876,0.0873,0.0875,70668.07
2026-08-15 04:30:00,0.0875,0.0875,0.0873,0.0874,154670.76
2026-08-15 04:35:00,0.0874,0.0875,0.0874,0.0875,34530.24
2026-08-15 04:40:00,0.0876,0.0876,0.0873,0.0875,355401.89
2026-08-15 04:45:00,0.0875,0.0875,0.0873,0.0874,71781.84
2026-08-15 04:50:00,0.0874,0.0874,0.0873,0.0873,62652.53
2026-08-15 04:55:00,0.0873,0.0873,0.0873,0.0873,0.0
2026-08-15 05:00:00,0.0873,0.0873,0.0873,0.0873,7590.62
2026-08-15 05:05:00,0.0873,0.0873,0.0873,0.0873,79752.3
2026-08-15 05:10:00,0.0873,0.0874,0.0873,0.0874,10123.55
2026-08-15 05:15:00,0.0874,0.0874,0.0874,0.0874,20702.63
2026-08-15 05:20:00,0.0873,0.0874,0.087,0.0871,89874.54
2026-08-15 05:25:00,0.0871,0.0872,0.0871,0.0871,34958.76
2026-08-15 05:30:00,0.0871,0.0873,0.0871,0.0873,60879.57
2026-08-15 05:35:00,0.0873,0.0874,0.0872,0.0873,41047.92
2026-08-15 05:40:00,0.0873,0.0875,0.0873,0.0875,95467.79
2026-08-15 05:45:00,0.0875,0.0876,0.0875,0.0876,52814.44
2026-08-15 05:50:00,0.0877,0.0877,0.0875,0.0876,154568.79
2026-08-15 05:55:00,0.0876,0.0876,0.0875,0.0875,40993.31
2026-08-15 06:00:00,0.0875,0.0875,0.0874,0.0875,39855.61
2026-08-15 06:05:00,0.0874,0.0875,0.0873,0.0874,48518.77
2026-08-15 06:10:00,0.0875,0.0876,0.0873,0.0873,92141.42
2026-08-15 06:15:00,0.0874,0.0875,0.0874,0.0874,138170.86
2026-08-15 06:20:00,0.0874,0.0875,0.0872,0.0873,160044.44
2026-08-15 06:25:00,0.0872,0.0872,0.087,0.087,87556.27
2026-08-15 06:30:00,0.087,0.087,0.0869,0.0869,44240.31
2026-08-15 06:35:00,0.0869,0.087,0.0869,0.087,75181.79
2026-08-15 06:40:00,0.087,0.087,0.0868,0.087,75751.22
2026-08-15 06:45:00,0.0869,0.0869,0.0869,0.0869,3710.81
2026-08-15 06:50:00,0.087,0.0871,0.087,0.0871,37943.25
2026-08-15 06:55:00,0.087,0.0871,0.0869,0.0869,25351.98
2026-08-15 07:00:00,0.0869,0.0869,0.0869,0.0869,18318.23
2026-08-15 07:05:00,0.0868,0.0869,0.0866,0.0867,167045.61
2026-08-15 07:10:00,0.0868,0.0868,0.0867,0.0867,151965.44
2026-08-15 07:15:00,0.0867,0.0867,0.0866,0.0866,16259.31
2026-08-15 07:20:00,0.0867,0.0867,0.0865,0.0866,95559.03
2026-08-15 07:25:00,0.0866,0.0866,0.0865,0.0866,23651.32
2026-08-15 07:30:00,0.0867,0.0867,0.0866,0.0866,79486.53
2026-08-15 07:35:00,0.0866,0.0866,0.0865,0.0866,10220.76
2026-08-15 07:40:00,0.0866,0.0866,0.0864,0.0865,36577.42
2026-08-15 07:45:00,0.0864,0.0865,0.0864,0.0864,27902.44
2026-08-15 07:50:00,0.0864,0.0865,0.0863,0.0864,27325.64
2026-08-15 07:55:00,0.0864,0.0864,0.0864,0.0864,58599.25
2026-08-15 08:00:00,0.0864,0.0865,0.0863,0.0865,35980.98
2026-08-15 08:05:00,0.0864,0.0864,0.0864,0.0864,2873.87
2026-08-15 08:10:00,0.0865,0.0865,0.0864,0.0865,7167.86
2026-08-15 08:15:00,0.0864,0.0865,0.0864,0.0865,20515.24
2026-08-15 08:20:00,0.0865,0.0867,0.0865,0.0865,57104.66
2026-08-15 08:25:00,0.0866,0.0866,0.0865,0.0865,1914.5
2026-08-15 08:30:00,0.0865,0.0865,0.0863,0.0863,46063.7
2026-08-15 08:35:00,0.0863,0.0863,0.0862,0.0862,635.77
2026-08-15 08:40:00,0.0863,0.0863,0.0862,0.0863,20642.76
2026-08-15 08:45:00,0.0862,0.0863,0.0862,0.0863,54516.67
2026-08-15 08:50:00,0.0862,0.0863,0.0862,0.0862,11715.87
2026-08-15 08:55:00,0.0862,0.0862,0.0861,0.0862,4659.5
2026-08-15 09:00:00,0.0862,0.0862,0.086,0.0861,32233.91
2026-08-15 09:05:00,0.0861,0.0861,0.086,0.0861,48606.49
2026-08-15 09:10:00,0.0862,0.0863,0.086,0.0862,333560.18
2026-08-15 09:15:00,0.0862,0.0862,0.0862,0.0862,2246.35
2026-08-15 09:20:00,0.0862,0.0862,0.0862,0.0862,0.0
2026-08-15 09:25:00,0.0862,0.0866,0.0862,0.0864,219517.55
2026-08-15 09:30:00,0.0865,0.0865,0.0865,0.0865,29172.86
2026-08-15 09:35:00,0.0865,0.0866,0.0864,0.0866,18099.89
2026-08-15 09:40:00,0.0865,0.0865,0.0864,0.0864,81267.98
2026-08-15 09:45:00,0.0865,0.0865,0.0864,0.0864,7814.93
2026-08-15 09:50:00,0.0864,0.0864,0.0864,0.0864,897.58
2026-08-15 09:55:00,0.0863,0.0864,0.0863,0.0864,17954.97
2026-08-15 10:00:00,0.0864,0.0864,0.0863,0.0863,45193.43
2026-08-15 10:05:00,0.0863,0.0863,0.0863,0.0863,3904.29
2026-08-15 10:10:00,0.0863,0.0863,0.0863,0.0863,0.0
2026-08-15 10:15:00,0.0864,0.0864,0.0864,0.0864,6324.13
2026-08-15 10:20:00,0.0864,0.0865,0.0863,0.0863,50340.05
2026-08-15 10:25:00,0.0863,0.0863,0.0862,0.0863,5444.57
2026-08-15 10:30:00,0.0862,0.0864,0.0861,0.0862,528277.44
2026-08-15 10:35:00,0.0862,0.0862,0.086,0.0861,54267.19
2026-08-15 10:40:00,0.0861,0.0861,0.0861,0.0861,13154.84
2026-08-15 10:45:00,0.0862,0.0865,0.0862,0.0864,107131.0
2026-08-15 10:50:00,0.0864,0.0864,0.0863,0.0863,46113.22
2026-08-15 10:55:00,0.0863,0.0863,0.0862,0.0863,9946.76
2026-08-15 11:00:00,0.0863,0.0863,0.0863,0.0863,38886.61
2026-08-15 11:05:00,0.0864,0.0864,0.0864,0.0864,26197.98
2026-08-15 11:10:00,0.0864,0.0864,0.0863,0.0863,26111.56
2026-08-15 11:15:00,0.0863,0.0863,0.0863,0.0863,11279.51
2026-08-15 11:20:00,0.0862,0.0862,0.0862,0.0862,374.89
2026-08-15 11:25:00,0.0862,0.0863,0.0862,0.0863,17128.08
2026-08-15 11:30:00,0.0862,0.0865,0.0862,0.0864,27685.3
2026-08-15 11:35:00,0.0864,0.0866,0.0864,0.0866,35119.58
2026-08-15 11:40:00,0.0866,0.0866,0.0866,0.0866,75983.82
2026-08-15 11:45:00,0.0867,0.0867,0.0864,0.0864,16111.63
2026-08-15 11:50:00,0.0864,0.0865,0.0864,0.0864,23493.1
2026-08-15 11:55:00,0.0864,0.0865,0.0863,0.0864,80409.41
2026-08-15 12:00:00,0.0863,0.0864,0.0862,0.0863,23328.39
2026-08-15 12:05:00,0.0863,0.0864,0.0863,0.0863,890.76
2026-08-15 12:10:00,0.0863,0.0864,0.0863,0.0863,2186.09
2026-08-15 12:15:00,0.0864,0.0865,0.0864,0.0864,28666.27
2026-08-15 12:20:00,0.0864,0.0864,0.0862,0.0863,23793.13
2026-08-15 12:25:00,0.0863,0.0863,0.0863,0.0863,0.0
2026-08-15 12:30:00,0.0863,0.0863,0.0862,0.0862,10370.48
2026-08-15 12:35:00,0.0862,0.0863,0.0862,0.0862,2938.25
2026-08-15 12:40:00,0.0862,0.0862,0.0861,0.0861,38226.71
2026-08-15 12:45:00,0.0861,0.0861,0.086,0.086,34788.92
2026-08-15 12:50:00,0.086,0.0861,0.086,0.0861,2814.72
2026-08-15 12:55:00,0.0861,0.0863,0.086,0.0862,59533.91
2026-08-15 13:00:00,0.0862,0.0862,0.0861,0.0861,38637.45
2026-08-15 13:05:00,0.0861,0.0862,0.0861,0.0861,21507.0
2026-08-15 13:10:00,0.0861,0.0863,0.0861,0.0862,42291.28
2026-08-15 13:15:00,0.0862,0.0863,0.0861,0.0861,22329.48
2026-08-15 13:20:00,0.0861,0.0861,0.086,0.086,5845.86
2026-08-15 13:25:00,0.0861,0.0861,0.0861,0.0861,4006.25
2026-08-15 13:30:00,0.0861,0.0861,0.0861,0.0861,1095.96
2026-08-15 13:35:00,0.0861,0.0861,0.086,0.086,193.42
2026-08-15 13:40:00,0.086,0.0861,0.0859,0.086,96223.49
2026-08-15 13:45:00,0.0859,0.0859,0.0859,0.0859,101664.24
2026-08-15 13:50:00,0.086,0.086,0.0859,0.0859,25553.44
2026-08-15 13:55:00,0.0859,0.086,0.0859,0.086,1408.21
2026-08-15 14:00:00,0.086,0.086,0.0859,0.0859,15574.59
2026-08-15 14:05:00,0.0859,0.086,0.0859,0.086,9143.85
2026-08-15 14:10:00,0.086,0.086,0.0859,0.086,4382.68
2026-08-15 14:15:00,0.086,0.086,0.086,0.086,3726.43
2026-08-15 14:20:00,0.0859,0.0859,0.0859,0.0859,9281.41
2026-08-15 14:25:00,0.0859,0.0859,0.0858,0.0859,18404.16
2026-08-15 14:30:00,0.0858,0.0859,0.0858,0.0859,1438.74
2026-08-15 14:35:00,0.0859,0.0859,0.0859,0.0859,0.0
2026-08-15 14:40:00,0.0859,0.0859,0.0859,0.0859,4034.72
2026-08-15 14:45:00,0.0859,0.0859,0.0859,0.0859,15081.63
2026-08-15 14:50:00,0.086,0.0861,0.086,0.0861,52147.04
2026-08-15 14:55:00,0.0861,0.0861,0.086,0.086,14495.74
2026-08-15 15:00:00,0.0859,0.086,0.0859,0.0859,69044.27
2026-08-15 15:05:00,0.086,0.086,0.0859,0.0859,1783.53
2026-08-15 15:10:00,0.0859,0.0861,0.0859,0.086,4181.12
2026-08-15 15:15:00,0.086,0.086,0.086,0.086,2819.42
2026-08-15 15:20:00,0.086,0.086,0.086,0.086,590.11
2026-08-15 15:25:00,0.086,0.086,0.086,0.086,11153.54
2026-08-15 15:30:00,0.086,0.086,0.086,0.086,13030.04
2026-08-15 15:35:00,0.0861,0.0861,0.0861,0.0861,3133.26
2026-08-15 15:40:00,0.0862,0.0862,0.0861,0.0861,253.71
2026-08-15 15:45:00,0.0861,0.0861,0.0861,0.0861,15399.75
2026-08-15 15:50:00,0.0861,0.0861,0.0861,0.0861,15663.62
2026-08-15 15:55:00,0.086,0.086,0.086,0.086,95.02
2026-08-15 16:00:00,0.086,0.086,0.0859,0.0859,46103.58
2026-08-15 16:05:00,0.086,0.0861,0.086,0.086,20622.42
2026-08-15 16:10:00,0.0861,0.0862,0.0861,0.0861,54608.11
2026-08-15 16:15:00,0.086,0.086,0.086,0.086,16010.34
2026-08-15 16:20:00,0.0861,0.0861,0.0861,0.0861,993.0
2026-08-15 16:25:00,0.0861,0.0861,0.086,0.086,16771.63
2026-08-15 16:30:00,0.086,0.0861,0.0859,0.0859,10338.27
2026-08-15 16:35:00,0.0859,0.086,0.0859,0.086,33183.96
2026-08-15 16:40:00,0.0859,0.086,0.0859,0.0859,9447.9
2026-08-15 16:45:00,0.086,0.086,0.086,0.086,14012.47
2026-08-15 16:50:00,0.086,0.0861,0.086,0.086,95850.03
2026-08-15 16:55:00,0.0859,0.0859,0.0859,0.0859,4074.99
2026-08-15 17:00:00,0.0859,0.0859,0.0858,0.0858,10609.31
2026-08-15 17:05:00,0.0859,0.0859,0.0859,0.0859,12452.8
2026-08-15 17:10:00,0.086,0.086,0.0859,0.086,998.29
2026-08-15 17:15:00,0.0859,0.0859,0.0859,0.0859,99.29
2026-08-15 17:20:00,0.0859,0.0859,0.0858,0.0859,29360.23
2026-08-15 17:25:00,0.0858,0.0858,0.0856,0.0857,44739.53
2026-08-15 17:30:00,0.0857,0.086,0.0857,0.0858,77008.26
2026-08-15 17:35:00,0.0858,0.0858,0.0858,0.0858,0.0
2026-08-15 17:40:00,0.0859,0.0859,0.0859,0.0859,1164.14
2026-08-15 17:45:00,0.0859,0.0859,0.0859,0.0859,687.1
2026-08-15 17:50:00,0.0858,0.0859,0.0858,0.0858,11913.3
2026-08-15 17:55:00,0.0859,0.0859,0.0859,0.0859,11755.71
2026-08-15 18:00:00,0.0859,0.0859,0.0858,0.0858,7595.56
2026-08-15 18:05:00,0.0857,0.0857,0.0857,0.0857,19161.4
2026-08-15 18:10:00,0.0857,0.0858,0.0857,0.0857,22350.26
2026-08-15 18:15:00,0.0856,0.0856,0.0854,0.0854,187351.14
2026-08-15 18:20:00,0.0854,0.0855,0.0854,0.0855,110816.32
2026-08-15 18:25:00,0.0854,0.0854,0.0854,0.0854,20534.21
2026-08-15 18:30:00,0.0854,0.0855,0.0853,0.0855,29430.14
2026-08-15 18:35:00,0.0855,0.0855,0.0854,0.0854,8796.69
2026-08-15 18:40:00,0.0855,0.0855,0.0855,0.0855,4722.65
2026-08-15 18:45:00,0.0855,0.0855,0.0855,0.0855,0.0
2026-08-15 18:50:00,0.0855,0.0857,0.0854,0.0857,54646.89
2026-08-15 18:55:00,0.0857,0.0857,0.0857,0.0857,0.0
2026-08-15 19:00:00,0.0855,0.0855,0.0855,0.0855,631.7
2026-08-15 19:05:00,0.0855,0.0855,0.0855,0.0855,0.0
2026-08-15 19:10:00,0.0855,0.0855,0.0855,0.0855,0.0
2026-08-15 19:15:00,0.0855,0.0855,0.0855,0.0855,130.09
2026-08-15 19:20:00,0.0856,0.0856,0.0856,0.0856,8108.26
2026-08-15 19:25:00,0.0856,0.0856,0.0856,0.0856,9192.48
2026-08-15 19:30:00,0.0856,0.0856,0.0856,0.0856,14104.77
2026-08-15 19:35:00,0.0856,0.0857,0.0855,0.0856,12281.92
2026-08-15 19:40:00,0.0856,0.0856,0.0856,0.0856,18206.98
2026-08-15 19:45:00,0.0856,0.0856,0.0855,0.0856,4086.77
2026-08-15 19:50:00,0.0856,0.0856,0.0856,0.0856,0.0
2026-08-15 19:55:00,0.0857,0.0857,0.0857,0.0857,1645.09
2026-08-15 20:00:00,0.0856,0.0856,0.0855,0.0855,434.19
2026-08-15 20:05:00,0.0856,0.0856,0.0856,0.0856,6507.0
2026-08-15 20:10:00,0.0856,0.0856,0.0856,0.0856,4858.31
2026-08-15 20:15:00,0.0856,0.0856,0.0855,0.0855,15776.13
2026-08-15 20:20:00,0.0855,0.0855,0.0855,0.0855,1012.03
2026-08-15 20:25:00,0.0855,0.0855,0.0854,0.0855,32586.94
2026-08-15 20:30:00,0.0854,0.0854,0.0853,0.0854,14520.35
2026-08-15 20:35:00,0.0854,0.0854,0.0854,0.0854,9038.63
2026-08-15 20:40:00,0.0854,0.0854,0.0854,0.0854,0.0
2026-08-15 20:45:00,0.0854,0.0854,0.0854,0.0854,3516.61
2026-08-15 20:50:00,0.0854,0.0854,0.0854,0.0854,0.0
2026-08-15 20:55:00,0.0854,0.0854,0.0854,0.0854,14828.98
2026-08-15 21:00:00,0.0854,0.0854,0.0853,0.0853,14311.3
2026-08-15 21:05:00,0.0854,0.0854,0.0853,0.0853,43624.99
2026-08-15 21:10:00,0.0853,0.0854,0.0853,0.0854,20584.59
2026-08-15 21:15:00,0.0853,0.0854,0.0853,0.0854,1352.67
2026-08-15 21:20:00,0.0855,0.0856,0.0855,0.0856,3890.58
2026-08-15 21:25:00,0.0856,0.0856,0.0856,0.0856,18723.12
2026-08-15 21:30:00,0.0856,0.0856,0.0855,0.0855,6249.56
2026-08-15 21:35:00,0.0855,0.0855,0.0855,0.0855,0.0
2026-08-15 21:40:00,0.0856,0.0858,0.0856,0.0856,20640.86
2026-08-15 21:45:00,0.0857,0.0858,0.0857,0.0857,26609.32
2026-08-15 21:50:00,0.0857,0.0857,0.0856,0.0857,16094.78
2026-08-15 21:55:00,0.0857,0.0857,0.0856,0.0856,449.36
2026-08-15 22:00:00,0.0856,0.0856,0.0855,0.0856,11108.73
2026-08-15 22:05:00,0.0855,0.0856,0.0855,0.0856,1225.65
2026-08-15 22:10:00,0.0856,0.0856,0.0856,0.0856,7329.69
2026-08-15 22:15:00,0.0856,0.0856,0.0856,0.0856,597.05
2026-08-15 22:20:00,0.0857,0.0857,0.0857,0.0857,16414.42
2026-08-15 22:25:00,0.0857,0.0857,0.0857,0.0857,96.29
2026-08-15 22:30:00,0.0857,0.0857,0.0857,0.0857,0.0
2026-08-15 22:35:00,0.0856,0.0857,0.0856,0.0856,6908.33
2026-08-15 22:40:00,0.0856,0.0856,0.0856,0.0856,0.0
2026-08-15 22:45:00,0.0856,0.0857,0.0856,0.0857,6243.89
2026-08-15 22:50:00,0.0856,0.0856,0.0855,0.0855,10895.9
2026-08-15 22:55:00,0.0855,0.0855,0.0854,0.0854,8319.84
2026-08-15 23:00:00,0.0854,0.0854,0.0853,0.0854,26453.51
2026-08-15 23:05:00,0.0854,0.0854,0.0853,0.0854,3418.78
2026-08-15 23:10:00,0.0854,0.0854,0.0847,0.085,311982.97
2026-08-15 23:15:00,0.0851,0.0851,0.0849,0.085,4919.27
2026-08-15 23:20:00,0.0849,0.0849,0.0847,0.0847,105054.27
2026-08-15 23:25:00,0.0848,0.0849,0.0848,0.0849,16677.67
2026-08-15 23:30:00,0.0848,0.0849,0.0848,0.0849,149573.66
2026-08-15 23:35:00,0.0849,0.085,0.0848,0.085,206891.6
2026-08-15 23:40:00,0.0849,0.085,0.0848,0.085,76951.39
2026-08-15 23:45:00,0.0849,0.0849,0.0849,0.0849,10197.2
2026-08-15 23:50:00,0.0849,0.085,0.0849,0.085,19001.89
2026-08-15 23:55:00,0.085,0.085,0.085,0.085,59.41
2026-08-16 00:00:00,0.0849,0.085,0.0849,0.085,60165.06
2026-08-16 00:05:00,0.0851,0.0852,0.085,0.0852,54152.68
2026-08-16 00:10:00,0.0851,0.0851,0.0851,0.0851,91445.5
2026-08-16 00:15:00,0.0852,0.0852,0.0852,0.0852,28964.55
2026-08-16 00:20:00,0.0852,0.0853,0.0852,0.0852,43992.86
2026-08-16 00:25:00,0.0853,0.0854,0.0853,0.0854,35711.97
2026-08-16 00:30:00,0.0854,0.0854,0.0854,0.0854,25177.36
2026-08-16 00:35:00,0.0853,0.0854,0.0853,0.0854,6153.6
2026-08-16 00:40:00,0.0853,0.0854,0.0853,0.0853,2562.94
2026-08-16 00:45:00,0.0853,0.0853,0.0852,0.0852,125667.94
2026-08-16 00:50:00,0.0852,0.0852,0.0852,0.0852,0.0
2026-08-16 00:55:00,0.0852,0.0853,0.0852,0.0852,5134.18
2026-08-16 01:00:00,0.0851,0.0851,0.0851,0.0851,19483.28
2026-08-16 01:05:00,0.0852,0.0852,0.0851,0.0851,15525.43
2026-08-16 01:10:00,0.0851,0.0851,0.0851,0.0851,0.0
2026-08-16 01:15:00,0.0851,0.0851,0.0851,0.0851,34267.22
2026-08-16 01:20:00,0.0851,0.0852,0.0851,0.0852,9637.6
2026-08-16 01:25:00,0.085,0.085,0.0848,0.0848,65273.35
2026-08-16 01:30:00,0.0848,0.0849,0.0848,0.0848,40945.46
2026-08-16 01:35:00,0.0848,0.0848,0.0846,0.0846,92247.17
2026-08-16 01:40:00,0.0846,0.0848,0.0846,0.0848,167443.31
2026-08-16 01:45:00,0.0848,0.0848,0.0848,0.0848,47880.21
2026-08-16 01:50:00,0.0848,0.0848,0.0847,0.0847,84522.02
2026-08-16 01:55:00,0.0848,0.0848,0.0847,0.0848,84972.52
2026-08-16 02:00:00,0.0849,0.0849,0.0848,0.0848,67836.89
2026-08-16 02:05:00,0.0847,0.0847,0.0847,0.0847,7725.93
2026-08-16 02:10:00,0.0847,0.0847,0.0847,0.0847,45872.76
2026-08-16 02:15:00,0.0847,0.0848,0.0847,0.0848,9883.0
2026-08-16 02:20:00,0.0848,0.085,0.0848,0.085,7498.09
2026-08-16 02:25:00,0.0851,0.0852,0.0851,0.0851,14177.43
2026-08-16 02:30:00,0.0852,0.0853,0.0852,0.0853,7134.15
2026-08-16 02:35:00,0.0853,0.0854,0.0853,0.0853,73092.96
2026-08-16 02:40:00,0.0853,0.0853,0.0852,0.0853,10126.63
2026-08-16 02:45:00,0.0853,0.0853,0.0853,0.0853,5462.82
2026-08-16 02:50:00,0.0852,0.0852,0.0852,0.0852,21858.59
2026-08-16 02:55:00,0.0852,0.0852,0.0852,0.0852,22033.22
2026-08-16 03:00:00,0.0852,0.0853,0.0852,0.0853,34852.04
2026-08-16 03:05:00,0.0852,0.0852,0.0852,0.0852,1453.43
2026-08-16 03:10:00,0.0852,0.0852,0.0852,0.0852,3825.12
2026-08-16 03:15:00,0.0851,0.0851,0.0851,0.0851,635.78
2026-08-16 03:20:00,0.0851,0.0851,0.0851,0.0851,2612.55
2026-08-16 03:25:00,0.0852,0.0852,0.0851,0.0851,4602.29
2026-08-16 03:30:00,0.0852,0.0852,0.0852,0.0852,8613.96
2026-08-16 03:35:00,0.0853,0.0854,0.0852,0.0854,12128.11
2026-08-16 03:40:00,0.0854,0.0854,0.0853,0.0853,43803.52
2026-08-16 03:45:00,0.0853,0.0853,0.0853,0.0853,8908.43
2026-08-16 03:50:00,0.0853,0.0853,0.0852,0.0852,15464.23
2026-08-16 03:55:00,0.0852,0.0852,0.0852,0.0852,218.34
2026-08-16 04:00:00,0.0852,0.0852,0.0852,0.0852,912.54
2026-08-16 04:05:00,0.0851,0.0851,0.0851,0.0851,16710.86
2026-08-16 04:10:00,0.0851,0.0851,0.085,0.085,6051.8
2026-08-16 04:15:00,0.085,0.0851,0.085,0.0851,16257.15
2026-08-16 04:20:00,0.085,0.0851,0.085,0.0851,15291.91
2026-08-16 04:25:00,0.0851,0.0852,0.0851,0.0852,3784.87
2026-08-16 04:30:00,0.0851,0.0851,0.0851,0.0851,3891.85
2026-08-16 04:35:00,0.085,0.085,0.085,0.085,41248.21
2026-08-16 04:40:00,0.085,0.085,0.085,0.085,0.0
2026-08-16 04:45:00,0.0851,0.0851,0.0851,0.0851,200.0
2026-08-16 04:50:00,0.085,0.0851,0.085,0.085,21823.99
2026-08-16 04:55:00,0.085,0.0851,0.0849,0.0849,1893.61
2026-08-16 05:00:00,0.0849,0.0851,0.0849,0.085,77905.48
2026-08-16 05:05:00,0.085,0.0851,0.085,0.085,22750.49
2026-08-16 05:10:00,0.0851,0.0851,0.0851,0.0851,58154.87
2026-08-16 05:15:00,0.085,0.0851,0.0849,0.0849,13965.25
2026-08-16 05:20:00,0.0849,0.085,0.0849,0.0849,15880.61
2026-08-16 05:25:00,0.0849,0.085,0.0849,0.0849,27288.94
2026-08-16 05:30:00,0.0849,0.0849,0.0849,0.0849,7031.35
2026-08-16 05:35:00,0.0849,0.085,0.0849,0.085,22394.19
2026-08-16 05:40:00,0.0851,0.0851,0.085,0.085,6637.23
2026-08-16 05:45:00,0.085,0.0852,0.085,0.085,119669.91
2026-08-16 05:50:00,0.085,0.085,0.0849,0.085,50771.14
2026-08-16 05:55:00,0.0849,0.085,0.0849,0.0849,38200.0
2026-08-16 06:00:00,0.0849,0.0849,0.0849,0.0849,2067.18
2026-08-16 06:05:00,0.0849,0.0849,0.0849,0.0849,35445.02
2026-08-16 06:10:00,0.0848,0.0848,0.0848,0.0848,15072.3
2026-08-16 06:15:00,0.0847,0.0848,0.0847,0.0847,42137.84
2026-08-16 06:20:00,0.0847,0.0847,0.0846,0.0847,16903.55
2026-08-16 06:25:00,0.0847,0.0848,0.0847,0.0848,24863.37
2026-08-16 06:30:00,0.0848,0.0848,0.0848,0.0848,13759.17
2026-08-16 06:35:00,0.0848,0.0849,0.0848,0.0849,4202.58
2026-08-16 06:40:00,0.0848,0.0848,0.0848,0.0848,19480.02
2026-08-16 06:45:00,0.0847,0.0848,0.0847,0.0848,19907.47
2026-08-16 06:50:00,0.0848,0.0848,0.0848,0.0848,0.0
2026-08-16 06:55:00,0.0848,0.0848,0.0847,0.0847,6833.82
2026-08-16 07:00:00,0.0847,0.0847,0.0846,0.0847,7910.69
2026-08-16 07:05:00,0.0847,0.0847,0.0847,0.0847,26188.24
2026-08-16 07:10:00,0.0848,0.0849,0.0848,0.0849,11065.22
2026-08-16 07:15:00,0.0849,0.0849,0.0849,0.0849,3017.79
2026-08-16 07:20:00,0.0849,0.0849,0.0848,0.0848,8416.93
2026-08-16 07:25:00,0.0848,0.0849,0.0848,0.0849,35343.74
2026-08-16 07:30:00,0.0849,0.0849,0.0849,0.0849,19922.21
2026-08-16 07:35:00,0.085,0.085,0.085,0.085,3434.31
2026-08-16 07:40:00,0.085,0.0851,0.085,0.085,31201.99
2026-08-16 07:45:00,0.0851,0.0851,0.0851,0.0851,97.77
2026-08-16 07:50:00,0.0851,0.0851,0.0851,0.0851,17520.02
2026-08-16 07:55:00,0.0851,0.0851,0.0851,0.0851,24031.23
2026-08-16 08:00:00,0.0852,0.0852,0.0851,0.0851,14908.67
2026-08-16 08:05:00,0.0851,0.0851,0.085,0.085,530.31
2026-08-16 08:10:00,0.0851,0.0851,0.0849,0.0849,19665.79
2026-08-16 08:15:00,0.0851,0.0851,0.0851,0.0851,1593.7
2026-08-16 08:20:00,0.0851,0.0851,0.0851,0.0851,3841.87
2026-08-16 08:25:00,0.0851,0.0851,0.085,0.085,627.5
2026-08-16 08:30:00,0.0851,0.0851,0.0851,0.0851,7903.33
2026-08-16 08:35:00,0.0852,0.0853,0.0852,0.0852,67359.93
2026-08-16 08:40:00,0.0853,0.0853,0.0852,0.0852,43224.17
2026-08-16 08:45:00,0.0852,0.0852,0.0852,0.0852,13115.8
2026-08-16 08:50:00,0.0851,0.0851,0.085,0.085,55822.17
2026-08-16 08:55:00,0.085,0.085,0.085,0.085,369.35
2026-08-16 09:00:00,0.0851,0.0852,0.0851,0.0851,77730.19
2026-08-16 09:05:00,0.0851,0.0851,0.0851,0.0851,22386.21
2026-08-16 09:10:00,0.085,0.085,0.085,0.085,3523.2
2026-08-16 09:15:00,0.085,0.0851,0.085,0.085,3700.08
2026-08-16 09:20:00,0.085,0.085,0.085,0.085,0.0
2026-08-16 09:25:00,0.0851,0.0851,0.0851,0.0851,6138.18
2026-08-16 09:30:00,0.0851,0.0851,0.0851,0.0851,93262.84
2026-08-16 09:35:00,0.0852,0.0852,0.0851,0.0851,39778.08
2026-08-16 09:40:00,0.085,0.0851,0.085,0.0851,40643.31
2026-08-16 09:45:00,0.0851,0.0852,0.0851,0.0852,16931.77
2026-08-16 09:50:00,0.0851,0.0851,0.0851,0.0851,18981.12
2026-08-16 09:55:00,0.0851,0.0851,0.0851,0.0851,4082.03
2026-08-16 10:00:00,0.085,0.0851,0.085,0.0851,10415.16
2026-08-16 10:05:00,0.0851,0.0852,0.0851,0.0851,8197.89
2026-08-16 10:10:00,0.0851,0.0851,0.0851,0.0851,7569.25
2026-08-16 10:15:00,0.0851,0.0851,0.085,0.085,12035.2
2026-08-16 10:20:00,0.085,0.085,0.0849,0.0849,67123.15
2026-08-16 10:25:00,0.0849,0.085,0.0849,0.0849,56655.77
2026-08-16 10:30:00,0.0849,0.085,0.0848,0.0848,20330.61
2026-08-16 10:35:00,0.0848,0.0848,0.0847,0.0847,27051.4
2026-08-16 10:40:00,0.0847,0.0848,0.0847,0.0847,5272.39
2026-08-16 10:45:00,0.0847,0.0848,0.0847,0.0847,56370.9
2026-08-16 10:50:00,0.0848,0.0848,0.0848,0.0848,5972.69
2026-08-16 10:55:00,0.0847,0.0847,0.0847,0.0847,286.02
2026-08-16 11:00:00,0.0848,0.0849,0.0847,0.0849,2796.47
2026-08-16 11:05:00,0.0849,0.0849,0.0849,0.0849,0.0
2026-08-16 11:10:00,0.0849,0.085,0.0849,0.0849,17575.98
2026-08-16 11:15:00,0.0849,0.085,0.0849,0.085,11879.43
2026-08-16 11:20:00,0.0849,0.0849,0.0849,0.0849,123.0
2026-08-16 11:25:00,0.0849,0.085,0.0849,0.085,6083.56
2026-08-16 11:30:00,0.085,0.085,0.085,0.085,30805.84
2026-08-16 11:35:00,0.085,0.085,0.085,0.085,225.04
2026-08-16 11:40:00,0.085,0.0852,0.085,0.0851,50522.03
2026-08-16 11:45:00,0.0851,0.0851,0.085,0.085,16747.64
2026-08-16 11:50:00,0.085,0.085,0.085,0.085,6220.05
2026-08-16 11:55:00,0.085,0.085,0.085,0.085,22769.95
2026-08-16 12:00:00,0.085,0.085,0.085,0.085,15612.96
2026-08-16 12:05:00,0.085,0.085,0.0849,0.0849,1494.04
2026-08-16 12:10:00,0.0849,0.085,0.0849,0.085,24070.4
2026-08-16 12:15:00,0.0849,0.085,0.0848,0.0849,27633.37
2026-08-16 12:20:00,0.085,0.0851,0.085,0.0851,168383.68
2026-08-16 12:25:00,0.085,0.085,0.0849,0.0849,24961.19
2026-08-16 12:30:00,0.0849,0.0849,0.0848,0.0849,47400.6
2026-08-16 12:35:00,0.0848,0.0848,0.0848,0.0848,905.95
2026-08-16 12:40:00,0.0848,0.0849,0.0848,0.0849,2430.23
2026-08-16 12:45:00,0.0849,0.0849,0.0849,0.0849,8598.35
2026-08-16 12:50:00,0.0849,0.0849,0.0849,0.0849,0.0
2026-08-16 12:55:00,0.0848,0.0849,0.0848,0.0849,2713.59
2026-08-16 13:00:00,0.0849,0.085,0.0849,0.0849,1407.65
2026-08-16 13:05:00,0.0849,0.0852,0.0849,0.0851,372718.72
2026-08-16 13:10:00,0.0851,0.0851,0.0849,0.0849,5574.94
2026-08-16 13:15:00,0.085,0.085,0.085,0.085,5882.35
2026-08-16 13:20:00,0.085,0.085,0.0849,0.0849,4150.89
2026-08-16 13:25:00,0.0849,0.0849,0.0849,0.0849,5822.1
2026-08-16 13:30:00,0.0849,0.0849,0.0849,0.0849,950.4
2026-08-16 13:35:00,0.085,0.085,0.0848,0.0848,4321.99
2026-08-16 13:40:00,0.0849,0.0849,0.0848,0.0848,4779.36
2026-08-16 13:45:00,0.0849,0.085,0.0849,0.0849,41486.94
2026-08-16 13:50:00,0.085,0.085,0.085,0.085,79.36
2026-08-16 13:55:00,0.085,0.085,0.085,0.085,0.0
2026-08-16 14:00:00,0.0849,0.0849,0.0848,0.0848,3783.67
2026-08-16 14:05:00,0.0848,0.0848,0.0848,0.0848,1125.68
2026-08-16 14:10:00,0.0848,0.0849,0.0848,0.0849,2871.95
2026-08-16 14:15:00,0.0849,0.0852,0.0849,0.0852,65099.8
2026-08-16 14:20:00,0.0853,0.0854,0.0853,0.0854,17313.59
2026-08-16 14:25:00,0.0853,0.0853,0.0852,0.0852,22558.1
2026-08-16 14:30:00,0.0853,0.0853,0.0853,0.0853,675.4
2026-08-16 14:35:00,0.0852,0.0852,0.0852,0.0852,30061.77
2026-08-16 14:40:00,0.0852,0.0852,0.0851,0.0851,9370.32
2026-08-16 14:45:00,0.0851,0.0851,0.0851,0.0851,217.46
2026-08-16 14:50:00,0.0851,0.0851,0.0851,0.0851,0.0
2026-08-16 14:55:00,0.0851,0.0852,0.0851,0.0852,31364.02
2026-08-16 15:00:00,0.0852,0.0852,0.0851,0.0852,7408.2
2026-08-16 15:05:00,0.0852,0.0852,0.0851,0.0852,7256.3
2026-08-16 15:10:00,0.0853,0.0853,0.0852,0.0852,16741.37
2026-08-16 15:15:00,0.0853,0.0853,0.0853,0.0853,20503.3
2026-08-16 15:20:00,0.0853,0.0854,0.0853,0.0853,12634.36
2026-08-16 15:25:00,0.0853,0.0854,0.0853,0.0854,10687.18
2026-08-16 15:30:00,0.0854,0.0856,0.0854,0.0854,79148.23
2026-08-16 15:35:00,0.0854,0.0855,0.0854,0.0855,2552.4
2026-08-16 15:40:00,0.0855,0.0855,0.0853,0.0853,20172.07
2026-08-16 15:45:00,0.0853,0.0854,0.0853,0.0854,16533.87
2026-08-16 15:50:00,0.0855,0.0857,0.0854,0.0855,77567.28
2026-08-16 15:55:00,0.0856,0.0856,0.0856,0.0856,49572.05
2026-08-16 16:00:00,0.0855,0.0855,0.0854,0.0855,18828.5
2026-08-16 16:05:00,0.0854,0.0855,0.0854,0.0854,42960.51
2026-08-16 16:10:00,0.0854,0.0855,0.0854,0.0855,30840.58
2026-08-16 16:15:00,0.0855,0.0857,0.0855,0.0856,127423.04
2026-08-16 16:20:00,0.0855,0.0856,0.0855,0.0855,13256.76
2026-08-16 16:25:00,0.0856,0.0856,0.0855,0.0856,47189.3
2026-08-16 16:30:00,0.0856,0.0856,0.0856,0.0856,12975.13
2026-08-16 16:35:00,0.0857,0.0857,0.0853,0.0853,57150.05
2026-08-16 16:40:00,0.0852,0.0852,0.0851,0.0852,39768.53
2026-08-16 16:45:00,0.0852,0.0852,0.0851,0.0851,10189.32
2026-08-16 16:50:00,0.0851,0.0852,0.0851,0.0852,6269.56
2026-08-16 16:55:00,0.0852,0.0852,0.0852,0.0852,0.0
2026-08-16 17:00:00,0.0852,0.0852,0.0852,0.0852,10682.15
2026-08-16 17:05:00,0.0852,0.0853,0.0852,0.0852,1347.47
2026-08-16 17:10:00,0.0851,0.0851,0.085,0.0851,55604.33
2026-08-16 17:15:00,0.085,0.0851,0.085,0.085,25292.43
2026-08-16 17:20:00,0.085,0.085,0.085,0.085,5369.29
2026-08-16 17:25:00,0.085,0.085,0.085,0.085,101.0
2026-08-16 17:30:00,0.0849,0.085,0.0849,0.0849,33446.54
2026-08-16 17:35:00,0.0849,0.0849,0.0849,0.0849,5184.1
2026-08-16 17:40:00,0.085,0.085,0.0849,0.0849,16605.87
2026-08-16 17:45:00,0.0848,0.0848,0.0848,0.0848,301.02
2026-08-16 17:50:00,0.0848,0.0849,0.0848,0.0848,1359.17
2026-08-16 17:55:00,0.0849,0.0849,0.0849,0.0849,9953.53
2026-08-16 18:00:00,0.0848,0.0849,0.0847,0.0847,79748.51
2026-08-16 18:05:00,0.0847,0.0847,0.0847,0.0847,62353.55
2026-08-16 18:10:00,0.0846,0.0846,0.0846,0.0846,46017.13
2026-08-16 18:15:00,0.0847,0.0847,0.0847,0.0847,572.36
2026-08-16 18:20:00,0.0846,0.0846,0.0845,0.0846,22117.7
2026-08-16 18:25:00,0.0845,0.0845,0.0843,0.0845,285276.0
2026-08-16 18:30:00,0.0845,0.0845,0.0843,0.0843,71240.15
2026-08-16 18:35:00,0.0844,0.0845,0.0844,0.0845,12283.85
2026-08-16 18:40:00,0.0844,0.0845,0.0844,0.0845,22822.45
2026-08-16 18:45:00,0.0845,0.0846,0.0845,0.0846,1017.9
2026-08-16 18:50:00,0.0845,0.0845,0.0845,0.0845,13301.33
2026-08-16 18:55:00,0.0844,0.0844,0.0838,0.0841,658201.02
2026-08-16 19:00:00,0.0841,0.0843,0.0841,0.0843,98042.52
2026-08-16 19:05:00,0.0843,0.0844,0.0843,0.0843,25777.27
2026-08-16 19:10:00,0.0843,0.0843,0.0842,0.0843,24714.57
2026-08-16 19:15:00,0.0842,0.0843,0.0842,0.0842,63735.94
2026-08-16 19:20:00,0.0842,0.0844,0.0842,0.0843,25202.95
2026-08-16 19:25:00,0.0844,0.0844,0.0844,0.0844,18383.37
2026-08-16 19:30:00,0.0844,0.0844,0.0844,0.0844,21611.08
2026-08-16 19:35:00,0.0844,0.0844,0.0844,0.0844,0.0
2026-08-16 19:40:00,0.0844,0.0844,0.0844,0.0844,0.0
2026-08-16 19:45:00,0.0844,0.0844,0.0844,0.0844,1320.31
2026-08-16 19:50:00,0.0844,0.0844,0.0842,0.0842,2642.39
2026-08-16 19:55:00,0.0843,0.0843,0.0843,0.0843,59.31
2026-08-16 20:00:00,0.0843,0.0843,0.0843,0.0843,21700.5
2026-08-16 20:05:00,0.0843,0.0844,0.0843,0.0844,12093.16
2026-08-16 20:10:00,0.0844,0.0844,0.0843,0.0843,1405.88
2026-08-16 20:15:00,0.0844,0.0844,0.0844,0.0844,16687.22
2026-08-16 20:20:00,0.0843,0.0843,0.0843,0.0843,170.87
2026-08-16 20:25:00,0.0844,0.0844,0.0843,0.0843,397.95
2026-08-16 20:30:00,0.0843,0.0843,0.0843,0.0843,1200.0
2026-08-16 20:35:00,0.0843,0.0844,0.0842,0.0842,12832.44
2026-08-16 20:40:00,0.0842,0.0842,0.0842,0.0842,4441.12
2026-08-16 20:45:00,0.0841,0.0842,0.0841,0.0841,28229.42
2026-08-16 20:50:00,0.0841,0.0841,0.0838,0.084,104767.72
2026-08-16 20:55:00,0.0839,0.0839,0.0839,0.0839,357.72
2026-08-16 21:00:00,0.0838,0.0839,0.0838,0.0839,64082.18
2026-08-16 21:05:00,0.0838,0.084,0.0836,0.0839,191324.33
2026-08-16 21:10:00,0.0839,0.0841,0.0839,0.0839,65102.85
2026-08-16 21:15:00,0.0839,0.0839,0.0839,0.0839,35408.65
2026-08-16 21:20:00,0.0839,0.0839,0.0838,0.0838,22458.98
2026-08-16 21:25:00,0.0837,0.0839,0.0832,0.0838,396856.64
2026-08-16 21:30:00,0.0839,0.0839,0.0838,0.0838,40641.81
2026-08-16 21:35:00,0.0839,0.0841,0.0834,0.0835,96498.41
2026-08-16 21:40:00,0.0834,0.0834,0.082,0.0829,1033672.1
2026-08-16 21:45:00,0.0829,0.0831,0.0827,0.083,133381.68
2026-08-16 21:50:00,0.083,0.0833,0.083,0.0832,43857.69
2026-08-16 21:55:00,0.0832,0.0832,0.083,0.083,45087.35
2026-08-16 22:00:00,0.083,0.083,0.0828,0.083,91673.68
2026-08-16 22:05:00,0.083,0.0832,0.083,0.0831,49282.68
2026-08-16 22:10:00,0.0832,0.0833,0.0831,0.0832,50802.17
2026-08-16 22:15:00,0.0832,0.0833,0.0832,0.0833,96628.88
2026-08-16 22:20:00,0.0833,0.0834,0.0832,0.0832,22918.2
2026-08-16 22:25:00,0.0832,0.0833,0.0832,0.0832,10786.72
2026-08-16 22:30:00,0.0832,0.0834,0.0832,0.0833,31151.06
2026-08-16 22:35:00,0.0833,0.0833,0.0831,0.0831,92830.31
2026-08-16 22:40:00,0.0831,0.0831,0.083,0.0831,59432.95
2026-08-16 22:45:00,0.0831,0.0832,0.083,0.0832,67006.35
2026-08-16 22:50:00,0.0832,0.0832,0.0832,0.0832,39022.91
2026-08-16 22:55:00,0.0832,0.0832,0.0832,0.0832,62449.76
2026-08-16 23:00:00,0.0833,0.0836,0.0832,0.0834,298273.32
2026-08-16 23:05:00,0.0834,0.0834,0.0834,0.0834,182.03
2026-08-16 23:10:00,0.0834,0.0834,0.0832,0.0832,44542.44
2026-08-16 23:15:00,0.0832,0.0833,0.0832,0.0832,56010.0
2026-08-16 23:20:00,0.0832,0.0834,0.0832,0.0832,88739.56
2026-08-16 23:25:00,0.0833,0.0833,0.0832,0.0832,19126.07
2026-08-16 23:30:00,0.0833,0.0833,0.0833,0.0833,15484.38
2026-08-16 23:35:00,0.0834,0.0834,0.0832,0.0832,2307.13
2026-08-16 23:40:00,0.0833,0.0834,0.0833,0.0834,10354.77
2026-08-16 23:45:00,0.0834,0.0835,0.0833,0.0835,44824.59
2026-08-16 23:50:00,0.0835,0.0835,0.0834,0.0834,7682.85
2026-08-16 23:55:00,0.0834,0.0835,0.0834,0.0835,13118.91
2026-08-17 00:00:00,0.0834,0.0835,0.0834,0.0835,14382.97
2026-08-17 00:05:00,0.0836,0.0836,0.0834,0.0834,33350.86
2026-08-17 00:10:00,0.0834,0.0834,0.0833,0.0834,21263.19
2026-08-17 00:15:00,0.0834,0.0834,0.0833,0.0834,98671.84
2026-08-17 00:20:00,0.0833,0.0833,0.0833,0.0833,30706.23
2026-08-17 00:25:00,0.0833,0.0835,0.0833,0.0835,12884.15
2026-08-17 00:30:00,0.0836,0.0837,0.0831,0.0832,316889.91
2026-08-17 00:35:00,0.0832,0.0833,0.0832,0.0833,193407.27
2026-08-17 00:40:00,0.0833,0.0835,0.0833,0.0835,36825.12
2026-08-17 00:45:00,0.0835,0.0835,0.0834,0.0834,31953.45
2026-08-17 00:50:00,0.0834,0.0834,0.0834,0.0834,28590.47
2026-08-17 00:55:00,0.0835,0.0836,0.0835,0.0836,3102.53
2026-08-17 01:00:00,0.0836,0.0841,0.0836,0.084,121099.09
2026-08-17 01:05:00,0.0841,0.0843,0.084,0.0841,128940.64
2026-08-17 01:10:00,0.084,0.084,0.0839,0.084,41623.88
2026-08-17 01:15:00,0.084,0.0841,0.084,0.0841,153337.65
2026-08-17 01:20:00,0.0841,0.0841,0.0841,0.0841,1816.77
2026-08-17 01:25:00,0.0842,0.0842,0.0841,0.0842,46088.78
2026-08-17 01:30:00,0.0843,0.0844,0.0843,0.0843,16905.03
2026-08-17 01:35:00,0.0843,0.0843,0.0842,0.0842,6608.57
2026-08-17 01:40:00,0.0842,0.0842,0.0841,0.0842,44440.53
2026-08-17 01:45:00,0.0842,0.0842,0.0841,0.0841,46017.97
2026-08-17 01:50:00,0.0841,0.0841,0.0841,0.0841,5727.46
2026-08-17 01:55:00,0.084,0.084,0.0839,0.0839,6893.54
2026-08-17 02:00:00,0.0839,0.0839,0.0839,0.0839,5605.84
2026-08-17 02:05:00,0.0838,0.0838,0.0838,0.0838,17880.61
2026-08-17 02:10:00,0.0838,0.0838,0.0837,0.0837,5235.44
2026-08-17 02:15:00,0.0837,0.0838,0.0837,0.0838,68004.52
2026-08-17 02:20:00,0.0837,0.0839,0.0836,0.0838,150797.38
2026-08-17 02:25:00,0.0838,0.084,0.0838,0.0839,29661.02
2026-08-17 02:30:00,0.0839,0.0842,0.0839,0.0842,89076.68
2026-08-17 02:35:00,0.0843,0.0843,0.0842,0.0842,17381.47
2026-08-17 02:40:00,0.0842,0.0843,0.0842,0.0843,6214.63
2026-08-17 02:45:00,0.0843,0.0844,0.0843,0.0844,17338.77
2026-08-17 02:50:00,0.0844,0.0848,0.0844,0.0847,52793.64
2026-08-17 02:55:00,0.0846,0.0848,0.0846,0.0847,21991.13
2026-08-17 03:00:00,0.0848,0.0848,0.0846,0.0846,65491.75
2026-08-17 03:05:00,0.0847,0.0847,0.0847,0.0847,5000.0
2026-08-17 03:10:00,0.0846,0.0846,0.0846,0.0846,49277.53
2026-08-17 03:15:00,0.0847,0.0847,0.0845,0.0846,32120.05
2026-08-17 03:20:00,0.0846,0.0846,0.0844,0.0846,26900.87
2026-08-17 03:25:00,0.0845,0.0845,0.0844,0.0844,3038.28
2026-08-17 03:30:00,0.0844,0.0847,0.0844,0.0846,129776.87
2026-08-17 03:35:00,0.0846,0.0846,0.0844,0.0844,409496.09
2026-08-17 03:40:00,0.0843,0.0844,0.0843,0.0844,44822.99
2026-08-17 03:45:00,0.0844,0.0844,0.0844,0.0844,9992.93
2026-08-17 03:50:00,0.0844,0.0846,0.0844,0.0846,26795.04
2026-08-17 03:55:00,0.0846,0.0846,0.0845,0.0845,27950.17
2026-08-17 04:00:00,0.0846,0.0847,0.0846,0.0847,43366.82
2026-08-17 04:05:00,0.0847,0.0849,0.0847,0.0849,36345.82
2026-08-17 04:10:00,0.0849,0.085,0.0849,0.085,1038.01
2026-08-17 04:15:00,0.085,0.085,0.0849,0.085,39330.7
2026-08-17 04:20:00,0.0851,0.0851,0.085,0.085,50753.31
2026-08-17 04:25:00,0.0849,0.0849,0.0849,0.0849,11941.62
2026-08-17 04:30:00,0.085,0.085,0.085,0.085,658.26
2026-08-17 04:35:00,0.085,0.085,0.0849,0.085,99050.51
2026-08-17 04:40:00,0.085,0.085,0.0849,0.0849,45153.21
2026-08-17 04:45:00,0.0849,0.085,0.0849,0.0849,14583.88
2026-08-17 04:50:00,0.085,0.085,0.0849,0.0849,11444.66
2026-08-17 04:55:00,0.0849,0.085,0.0849,0.085,64365.68
2026-08-17 05:00:00,0.085,0.085,0.0849,0.085,30587.11
2026-08-17 05:05:00,0.0849,0.085,0.0848,0.0848,29810.75
2026-08-17 05:10:00,0.0848,0.0849,0.0848,0.0848,45937.74
2026-08-17 05:15:00,0.0849,0.0849,0.0848,0.0848,5445.81
2026-08-17 05:20:00,0.0849,0.0849,0.0848,0.0848,5885.72
2026-08-17 05:25:00,0.0848,0.0848,0.0846,0.0846,10981.81
2026-08-17 05:30:00,0.0846,0.0847,0.0846,0.0847,32104.99
2026-08-17 05:35:00,0.0847,0.0848,0.0847,0.0847,36921.32
2026-08-17 05:40:00,0.0847,0.085,0.0847,0.085,67974.17
2026-08-17 05:45:00,0.0849,0.0849,0.0848,0.0849,69749.93
2026-08-17 05:50:00,0.0849,0.085,0.0849,0.0849,6997.61
2026-08-17 05:55:00,0.0849,0.0849,0.0848,0.0848,14076.78
2026-08-17 06:00:00,0.0848,0.0849,0.0848,0.0849,27984.12
2026-08-17 06:05:00,0.0848,0.085,0.0847,0.085,112621.02
2026-08-17 06:10:00,0.085,0.085,0.085,0.085,4279.78
2026-08-17 06:15:00,0.085,0.0851,0.085,0.085,22232.6
2026-08-17 06:20:00,0.085,0.0851,0.085,0.085,54139.06
2026-08-17 06:25:00,0.085,0.0852,0.085,0.0852,60128.3
2026-08-17 06:30:00,0.0852,0.0855,0.0851,0.0854,102145.92
2026-08-17 06:35:00,0.0855,0.0855,0.0855,0.0855,28808.97
2026-08-17 06:40:00,0.0855,0.0857,0.0854,0.0854,109438.17
2026-08-17 06:45:00,0.0855,0.0856,0.0854,0.0855,41262.06
2026-08-17 06:50:00,0.0855,0.0855,0.0854,0.0854,33340.51
2026-08-17 06:55:00,0.0854,0.0855,0.0854,0.0855,18925.99
2026-08-17 07:00:00,0.0856,0.0856,0.0854,0.0854,7564.35
2026-08-17 07:05:00,0.0853,0.0853,0.0853,0.0853,30213.08
2026-08-17 07:10:00,0.0853,0.0854,0.0852,0.0852,50680.23
2026-08-17 07:15:00,0.0853,0.0853,0.0853,0.0853,27970.06
2026-08-17 07:20:00,0.0854,0.0854,0.0854,0.0854,103048.16
2026-08-17 07:25:00,0.0854,0.0854,0.085,0.0852,397428.6
2026-08-17 07:30:00,0.0851,0.0852,0.0851,0.0851,9045.48
2026-08-17 07:35:00,0.0851,0.0851,0.085,0.085,68167.59
2026-08-17 07:40:00,0.085,0.0851,0.085,0.0851,19205.36
2026-08-17 07:45:00,0.085,0.085,0.085,0.085,266.17
2026-08-17 07:50:00,0.085,0.085,0.085,0.085,121.17
2026-08-17 07:55:00,0.085,0.085,0.085,0.085,0.0
2026-08-17 08:00:00,0.0849,0.0849,0.0848,0.0848,97724.2
2026-08-17 08:05:00,0.0847,0.0848,0.0847,0.0847,50110.54
2026-08-17 08:10:00,0.0847,0.0848,0.0846,0.0848,43875.39
2026-08-17 08:15:00,0.0847,0.0847,0.0846,0.0847,265720.55
2026-08-17 08:20:00,0.0846,0.0846,0.0844,0.0845,43130.76
2026-08-17 08:25:00,0.0845,0.0846,0.0845,0.0846,14394.38
2026-08-17 08:30:00,0.0845,0.0845,0.0845,0.0845,29708.21
2026-08-17 08:35:00,0.0845,0.0845,0.0845,0.0845,125.0
2026-08-17 08:40:00,0.0844,0.0844,0.0843,0.0843,37566.4
2026-08-17 08:45:00,0.0843,0.0844,0.0843,0.0844,17996.45
2026-08-17 08:50:00,0.0843,0.0844,0.0841,0.0843,177957.21
2026-08-17 08:55:00,0.0843,0.0844,0.0843,0.0843,263185.07
2026-08-17 09:00:00,0.0843,0.0843,0.0843,0.0843,28202.48
2026-08-17 09:05:00,0.0843,0.0843,0.0843,0.0843,20613.88
2026-08-17 09:10:00,0.0843,0.0844,0.0843,0.0843,3053.51
2026-08-17 09:15:00,0.0843,0.0843,0.0842,0.0842,26846.61
2026-08-17 09:20:00,0.0842,0.0843,0.0842,0.0842,50362.17
2026-08-17 09:25:00,0.0842,0.0843,0.0842,0.0843,34269.8
2026-08-17 09:30:00,0.0843,0.0843,0.0842,0.0842,154.41
2026-08-17 09:35:00,0.0842,0.0842,0.0842,0.0842,28627.57
2026-08-17 09:40:00,0.0842,0.0843,0.0842,0.0842,10836.07
2026-08-17 09:45:00,0.0842,0.0843,0.0842,0.0842,114845.83
2026-08-17 09:50:00,0.0842,0.0842,0.0842,0.0842,0.0
2026-08-17 09:55:00,0.0842,0.0843,0.0842,0.0842,13228.93
2026-08-17 10:00:00,0.0842,0.0842,0.0842,0.0842,1262.37
2026-08-17 10:05:00,0.0842,0.0842,0.0841,0.0841,65497.93
2026-08-17 10:10:00,0.0841,0.0841,0.0841,0.0841,17156.38
2026-08-17 10:15:00,0.0841,0.0841,0.0841,0.0841,6598.12
2026-08-17 10:20:00,0.0841,0.0841,0.0841,0.0841,1855.74
2026-08-17 10:25:00,0.084,0.0842,0.0839,0.0842,58376.23
2026-08-17 10:30:00,0.0842,0.0843,0.0842,0.0843,12950.7
2026-08-17 10:35:00,0.0843,0.0844,0.0843,0.0843,4585.45
2026-08-17 10:40:00,0.0843,0.0844,0.0842,0.0844,56049.44
2026-08-17 10:45:00,0.0844,0.0844,0.0843,0.0843,31444.25
2026-08-17 10:50:00,0.0843,0.0844,0.0843,0.0843,3744.52
2026-08-17 10:55:00,0.0843,0.0843,0.0842,0.0843,40222.16
2026-08-17 11:00:00,0.0844,0.0844,0.0843,0.0844,3893.92
2026-08-17 11:05:00,0.0844,0.0845,0.0844,0.0845,53097.08
2026-08-17 11:10:00,0.0844,0.0844,0.0843,0.0844,35186.9
2026-08-17 11:15:00,0.0843,0.0843,0.0843,0.0843,5231.52
2026-08-17 11:20:00,0.0843,0.0843,0.0843,0.0843,0.0
2026-08-17 11:25:00,0.0842,0.0842,0.0842,0.0842,21734.64
2026-08-17 11:30:00,0.0842,0.0843,0.0842,0.0842,33880.59
2026-08-17 11:35:00,0.0842,0.0843,0.0842,0.0843,1419.91
2026-08-17 11:40:00,0.0843,0.0843,0.0843,0.0843,23024.29
2026-08-17 11:45:00,0.0843,0.0843,0.0843,0.0843,268.11
2026-08-17 11:50:00,0.0843,0.0843,0.0842,0.0842,110698.46
2026-08-17 11:55:00,0.0842,0.0842,0.084,0.084,48607.91
2026-08-17 12:00:00,0.084,0.0841,0.084,0.084,52647.14
2026-08-17 12:05:00,0.0839,0.0839,0.0838,0.0838,31945.24
2026-08-17 12:10:00,0.0838,0.0838,0.0838,0.0838,17278.09
2026-08-17 12:15:00,0.0838,0.0838,0.0838,0.0838,9028.55
2026-08-17 12:20:00,0.0838,0.084,0.0838,0.084,8163.98
2026-08-17 12:25:00,0.0839,0.0839,0.0838,0.0838,107036.93
2026-08-17 12:30:00,0.0839,0.0839,0.0838,0.0838,6246.96
2026-08-17 12:35:00,0.0838,0.0838,0.0838,0.0838,14661.63
2026-08-17 12:40:00,0.0838,0.0838,0.0837,0.0837,22426.8
2026-08-17 12:45:00,0.0838,0.0838,0.0838,0.0838,17731.93
2026-08-17 12:50:00,0.0837,0.0837,0.0837,0.0837,13035.87
2026-08-17 12:55:00,0.0838,0.0838,0.0838,0.0838,4694.86
2026-08-17 13:00:00,0.0837,0.0838,0.0837,0.0837,3106.64
2026-08-17 13:05:00,0.0836,0.0837,0.0836,0.0837,61543.37
2026-08-17 13:10:00,0.0837,0.0838,0.0836,0.0837,44220.77
2026-08-17 13:15:00,0.0836,0.0836,0.0835,0.0835,18408.3
2026-08-17 13:20:00,0.0835,0.0836,0.0835,0.0836,18789.66
2026-08-17 13:25:00,0.0835,0.0836,0.0835,0.0836,16739.38
2026-08-17 13:30:00,0.0836,0.0842,0.0836,0.0842,93165.83
2026-08-17 13:35:00,0.0841,0.0843,0.0841,0.0842,187008.57
2026-08-17 13:40:00,0.0843,0.0843,0.0842,0.0842,84038.71
2026-08-17 13:45:00,0.0842,0.0842,0.0842,0.0842,12979.84
2026-08-17 13:50:00,0.0842,0.0842,0.084,0.084,16592.85
2026-08-17 13:55:00,0.0839,0.084,0.0839,0.0839,16785.0
2026-08-17 14:00:00,0.0839,0.0839,0.0837,0.0838,55236.48
2026-08-17 14:05:00,0.0838,0.0838,0.0836,0.0837,89736.92
2026-08-17 14:10:00,0.0837,0.0838,0.0837,0.0837,14480.37
2026-08-17 14:15:00,0.0837,0.0837,0.0835,0.0835,52475.05
2026-08-17 14:20:00,0.0835,0.0836,0.0835,0.0835,32184.66
2026-08-17 14:25:00,0.0836,0.0836,0.0834,0.0834,14986.39
2026-08-17 14:30:00,0.0834,0.0835,0.0834,0.0835,70045.48
2026-08-17 14:35:00,0.0835,0.0836,0.0835,0.0836,8852.02
2026-08-17 14:40:00,0.0835,0.0835,0.0835,0.0835,6845.56
2026-08-17 14:45:00,0.0834,0.0836,0.0834,0.0836,33809.08
2026-08-17 14:50:00,0.0836,0.0838,0.0836,0.0837,27763.58
2026-08-17 14:55:00,0.0838,0.0839,0.0837,0.0839,17734.41
2026-08-17 15:00:00,0.0839,0.0839,0.0837,0.0839,31883.28
2026-08-17 15:05:00,0.084,0.084,0.0838,0.0838,65472.47
2026-08-17 15:10:00,0.0839,0.0839,0.0836,0.0836,64609.31
2026-08-17 15:15:00,0.0836,0.0837,0.0834,0.0834,91580.81
2026-08-17 15:20:00,0.0834,0.0834,0.0834,0.0834,4008.18
2026-08-17 15:25:00,0.0835,0.0839,0.0835,0.0839,128264.89
2026-08-17 15:30:00,0.0839,0.0839,0.0838,0.0838,28004.98
2026-08-17 15:35:00,0.0839,0.084,0.0838,0.0839,24464.08
2026-08-17 15:40:00,0.0838,0.084,0.0838,0.0838,71876.68
2026-08-17 15:45:00,0.0839,0.084,0.0839,0.084,19093.68
2026-08-17 15:50:00,0.084,0.0842,0.084,0.0841,18255.97
2026-08-17 15:55:00,0.0841,0.0841,0.084,0.084,124612.17
2026-08-17 16:00:00,0.084,0.084,0.0839,0.0839,11191.19
2026-08-17 16:05:00,0.0839,0.084,0.0839,0.0839,39082.21
2026-08-17 16:10:00,0.0839,0.0839,0.0837,0.0837,98816.82
2026-08-17 16:15:00,0.0838,0.0838,0.0837,0.0838,43064.38
2026-08-17 16:20:00,0.0839,0.084,0.0839,0.084,63543.32
2026-08-17 16:25:00,0.0839,0.084,0.0838,0.0838,19450.26
2026-08-17 16:30:00,0.0839,0.0839,0.0838,0.0839,40344.85
2026-08-17 16:35:00,0.084,0.084,0.0839,0.084,15052.99
2026-08-17 16:40:00,0.0841,0.0841,0.0839,0.0839,18843.25
2026-08-17 16:45:00,0.0839,0.0841,0.0839,0.0841,88848.18
2026-08-17 16:50:00,0.0841,0.0841,0.084,0.084,290232.11
2026-08-17 16:55:00,0.084,0.084,0.084,0.084,55218.51
2026-08-17 17:00:00,0.0839,0.084,0.0839,0.084,33942.4
2026-08-17 17:05:00,0.084,0.0841,0.084,0.084,43412.52
2026-08-17 17:10:00,0.0839,0.0839,0.0838,0.0839,97031.74
2026-08-17 17:15:00,0.0839,0.0843,0.0839,0.0842,113109.84
2026-08-17 17:20:00,0.0843,0.0844,0.0842,0.0843,52620.91
2026-08-17 17:25:00,0.0843,0.0843,0.0841,0.0841,26082.45
2026-08-17 17:30:00,0.084,0.0841,0.0839,0.084,22045.61
2026-08-17 17:35:00,0.084,0.0841,0.0838,0.0841,86105.44
2026-08-17 17:40:00,0.084,0.0842,0.0839,0.084,216683.43
2026-08-17 17:45:00,0.0839,0.084,0.0839,0.0839,116867.14
2026-08-17 17:50:00,0.0839,0.0839,0.0838,0.0838,117917.16
2026-08-17 17:55:00,0.0838,0.0838,0.0837,0.0838,12839.83
2026-08-17 18:00:00,0.0837,0.0838,0.0837,0.0838,76601.19
2026-08-17 18:05:00,0.0838,0.0838,0.0835,0.0837,129461.97
2026-08-17 18:10:00,0.0837,0.084,0.0837,0.0839,187571.59
2026-08-17 18:15:00,0.0839,0.0841,0.0839,0.084,15212.96
2026-08-17 18:20:00,0.0839,0.0841,0.0839,0.0841,141819.37
2026-08-17 18:25:00,0.0841,0.0841,0.084,0.084,23277.88
2026-08-17 18:30:00,0.084,0.084,0.0838,0.0839,28091.54
2026-08-17 18:35:00,0.0839,0.0841,0.0839,0.084,54675.06
2026-08-17 18:40:00,0.084,0.084,0.0839,0.084,9930.06
2026-08-17 18:45:00,0.0841,0.0841,0.0841,0.0841,59.53
2026-08-17 18:50:00,0.0841,0.0841,0.084,0.084,1780.87
2026-08-17 18:55:00,0.084,0.084,0.0839,0.0839,126256.26
2026-08-17 19:00:00,0.0839,0.0839,0.0838,0.0838,14156.62
2026-08-17 19:05:00,0.0838,0.0838,0.0837,0.0837,30507.87
2026-08-17 19:10:00,0.0837,0.0837,0.0837,0.0837,5756.32
2026-08-17 19:15:00,0.0837,0.0838,0.0837,0.0838,26365.64
2026-08-17 19:20:00,0.0838,0.0839,0.0838,0.0838,3845.51
2026-08-17 19:25:00,0.0839,0.0839,0.0839,0.0839,23994.63
2026-08-17 19:30:00,0.0839,0.0839,0.0838,0.0838,5554.86
2026-08-17 19:35:00,0.0838,0.0838,0.0838,0.0838,125.0
2026-08-17 19:40:00,0.0838,0.0838,0.0838,0.0838,125.0
2026-08-17 19:45:00,0.0838,0.0838,0.0837,0.0837,8953.27
2026-08-17 19:50:00,0.0837,0.0837,0.0837,0.0837,23965.38
2026-08-17 19:55:00,0.0837,0.0837,0.0837,0.0837,2441.02
2026-08-17 20:00:00,0.0836,0.0837,0.0836,0.0836,6520.07
2026-08-17 20:05:00,0.0836,0.0836,0.0836,0.0836,2392.34
2026-08-17 20:10:00,0.0836,0.0837,0.0836,0.0837,42180.97
2026-08-17 20:15:00,0.0836,0.0836,0.0836,0.0836,1537.08
2026-08-17 20:20:00,0.0836,0.0837,0.0836,0.0837,21429.07
2026-08-17 20:25:00,0.0837,0.0839,0.0837,0.0839,9097.75
2026-08-17 20:30:00,0.0839,0.0839,0.0837,0.0838,5906.5
2026-08-17 20:35:00,0.0838,0.0838,0.0838,0.0838,11586.34
2026-08-17 20:40:00,0.0838,0.0839,0.0838,0.0839,33952.15
2026-08-17 20:45:00,0.084,0.084,0.0838,0.0838,39471.26
2026-08-17 20:50:00,0.0838,0.0838,0.0838,0.0838,4060.85
2026-08-17 20:55:00,0.0838,0.0838,0.0837,0.0838,22437.47
2026-08-17 21:00:00,0.0839,0.0839,0.0839,0.0839,5276.51
2026-08-17 21:05:00,0.0839,0.0839,0.0838,0.0838,9707.78
2026-08-17 21:10:00,0.0838,0.0839,0.0838,0.0839,25617.63
2026-08-17 21:15:00,0.0838,0.0838,0.0838,0.0838,6173.07
2026-08-17 21:20:00,0.0838,0.0838,0.0838,0.0838,3829.23
2026-08-17 21:25:00,0.0838,0.0838,0.0837,0.0837,24697.98
2026-08-17 21:30:00,0.0837,0.0838,0.0837,0.0838,76106.86
2026-08-17 21:35:00,0.0838,0.0838,0.0838,0.0838,870.39
2026-08-17 21:40:00,0.0837,0.0839,0.0837,0.0839,77299.05
2026-08-17 21:45:00,0.0838,0.0838,0.0838,0.0838,1116.4
2026-08-17 21:50:00,0.0838,0.0838,0.0838,0.0838,719.25
2026-08-17 21:55:00,0.0838,0.0839,0.0838,0.0838,11979.9
2026-08-17 22:00:00,0.0839,0.0839,0.0839,0.0839,9675.87
2026-08-17 22:05:00,0.0839,0.084,0.0839,0.0839,3550.0
2026-08-17 22:10:00,0.0839,0.0839,0.0839,0.0839,80.74
2026-08-17 22:15:00,0.0839,0.0839,0.0838,0.0838,15441.71
2026-08-17 22:20:00,0.0837,0.0838,0.0837,0.0837,51342.56
2026-08-17 22:25:00,0.0838,0.084,0.0836,0.0836,548561.73
2026-08-17 22:30:00,0.0836,0.0837,0.0835,0.0837,513564.36
2026-08-17 22:35:00,0.0836,0.0837,0.0836,0.0836,123023.17
2026-08-17 22:40:00,0.0837,0.0837,0.0837,0.0837,82.54
2026-08-17 22:45:00,0.0837,0.0837,0.0837,0.0837,0.0
2026-08-17 22:50:00,0.0837,0.0837,0.0837,0.0837,0.0
2026-08-17 22:55:00,0.0837,0.0837,0.0837,0.0837,0.0
2026-08-17 23:00:00,0.0836,0.0836,0.0836,0.0836,5371.7
2026-08-17 23:05:00,0.0837,0.0838,0.0837,0.0838,10968.63
2026-08-17 23:10:00,0.0839,0.0842,0.0839,0.0841,69054.63
2026-08-17 23:15:00,0.0841,0.0842,0.0841,0.0842,22533.56
2026-08-17 23:20:00,0.0842,0.0842,0.0841,0.0841,1052.66
2026-08-17 23:25:00,0.0842,0.0843,0.0842,0.0843,5534.78
2026-08-17 23:30:00,0.0843,0.0844,0.0843,0.0844,18527.2
2026-08-17 23:35:00,0.0844,0.0844,0.0843,0.0843,33102.46
2026-08-17 23:40:00,0.0843,0.0843,0.0842,0.0842,35916.93
2026-08-17 23:45:00,0.0842,0.0843,0.0842,0.0843,9604.34
2026-08-17 23:50:00,0.0842,0.0843,0.0842,0.0843,12546.13
2026-08-17 23:55:00,0.0843,0.0843,0.0843,0.0843,17003.42
2026-08-18 00:00:00,0.0843,0.0843,0.0842,0.0843,32356.81
2026-08-18 00:05:00,0.0842,0.0842,0.0842,0.0842,4701.18
2026-08-18 00:10:00,0.0842,0.0842,0.0841,0.0841,411.95
2026-08-18 00:15:00,0.0841,0.0844,0.0841,0.0844,63905.72
2026-08-18 00:20:00,0.0844,0.0845,0.0844,0.0844,26083.2
2026-08-18 00:25:00,0.0844,0.0844,0.0843,0.0843,64900.46
2026-08-18 00:30:00,0.0842,0.0843,0.0842,0.0843,42390.4
2026-08-18 00:35:00,0.0842,0.0842,0.0841,0.0841,9090.97
2026-08-18 00:40:00,0.0841,0.0842,0.084,0.0842,33033.57
2026-08-18 00:45:00,0.0842,0.0842,0.0842,0.0842,3385.81
2026-08-18 00:50:00,0.0842,0.0844,0.0842,0.0843,134588.35
2026-08-18 00:55:00,0.0843,0.0844,0.0843,0.0844,51758.03
2026-08-18 01:00:00,0.0844,0.0844,0.0843,0.0844,30936.91
2026-08-18 01:05:00,0.0844,0.0844,0.0844,0.0844,3135.31
2026-08-18 01:10:00,0.0844,0.0845,0.0843,0.0843,59600.28
2026-08-18 01:15:00,0.0843,0.0843,0.0842,0.0842,7770.63
2026-08-18 01:20:00,0.0842,0.0843,0.0841,0.0841,37531.56
2026-08-18 01:25:00,0.0841,0.0842,0.084,0.084,51461.27
2026-08-18 01:30:00,0.084,0.084,0.0838,0.0838,36775.79
2026-08-18 01:35:00,0.0838,0.0839,0.0837,0.0837,19628.52
2026-08-18 01:40:00,0.0837,0.0838,0.0836,0.0838,92337.87
2026-08-18 01:45:00,0.0838,0.0838,0.0837,0.0837,3684.36
2026-08-18 01:50:00,0.0837,0.0837,0.0834,0.0835,231662.58
2026-08-18 01:55:00,0.0835,0.0835,0.0833,0.0833,191512.9
2026-08-18 02:00:00,0.0832,0.0832,0.0832,0.0832,43212.79
2026-08-18 02:05:00,0.0832,0.0833,0.0831,0.0831,119801.87
2026-08-18 02:10:00,0.0831,0.0831,0.0829,0.083,47887.78
2026-08-18 02:15:00,0.0829,0.083,0.0827,0.083,109705.75
2026-08-18 02:20:00,0.0831,0.0831,0.0831,0.0831,18558.82
2026-08-18 02:25:00,0.083,0.083,0.0829,0.0829,42121.0
2026-08-18 02:30:00,0.0828,0.0829,0.0827,0.0829,46743.14
2026-08-18 02:35:00,0.0828,0.0829,0.0828,0.0829,53296.93
2026-08-18 02:40:00,0.0829,0.0829,0.0821,0.0822,756693.9
2026-08-18 02:45:00,0.0823,0.0823,0.0808,0.0816,1878149.9
2026-08-18 02:50:00,0.0815,0.0816,0.0815,0.0815,145231.0
2026-08-18 02:55:00,0.0814,0.0814,0.0809,0.0812,664118.83
2026-08-18 03:00:00,0.0812,0.0812,0.081,0.081,235168.55
2026-08-18 03:05:00,0.081,0.0811,0.081,0.081,213104.77
2026-08-18 03:10:00,0.081,0.0811,0.0809,0.0809,178758.25
2026-08-18 03:15:00,0.0809,0.0811,0.0808,0.0811,286255.76
2026-08-18 03:20:00,0.0811,0.0812,0.0808,0.081,124294.86
2026-08-18 03:25:00,0.081,0.0811,0.0808,0.0809,167888.09
2026-08-18 03:30:00,0.0808,0.081,0.0807,0.081,140866.19
2026-08-18 03:35:00,0.081,0.0814,0.081,0.0814,151355.29
2026-08-18 03:40:00,0.0815,0.0815,0.0814,0.0815,48826.68
2026-08-18 03:45:00,0.0815,0.0816,0.0814,0.0814,119744.92
2026-08-18 03:50:00,0.0814,0.0815,0.0813,0.0815,52669.36
2026-08-18 03:55:00,0.0814,0.0815,0.0814,0.0815,36461.41
2026-08-18 04:00:00,0.0814,0.0814,0.081,0.0811,647225.69
2026-08-18 04:05:00,0.0811,0.0814,0.0811,0.0813,639520.94
2026-08-18 04:10:00,0.0813,0.0818,0.0811,0.0817,551375.68
2026-08-18 04:15:00,0.0816,0.0816,0.0815,0.0816,83701.29
2026-08-18 04:20:00,0.0816,0.0816,0.0816,0.0816,24709.79
2026-08-18 04:25:00,0.0816,0.0817,0.0815,0.0817,67884.2
2026-08-18 04:30:00,0.0816,0.082,0.0816,0.0819,519658.45
2026-08-18 04:35:00,0.0819,0.0819,0.0818,0.0818,29506.09
2026-08-18 04:40:00,0.0819,0.0819,0.0818,0.0819,7725.03
2026-08-18 04:45:00,0.0818,0.0818,0.0817,0.0817,31931.35
2026-08-18 04:50:00,0.0818,0.0818,0.0817,0.0818,20712.48
2026-08-18 04:55:00,0.0818,0.082,0.0818,0.082,253595.26
2026-08-18 05:00:00,0.0819,0.0821,0.0819,0.082,333776.89
2026-08-18 05:05:00,0.0821,0.0822,0.0821,0.0821,173303.54
2026-08-18 05:10:00,0.0822,0.0823,0.0821,0.0822,125702.88
2026-08-18 05:15:00,0.0822,0.0822,0.0821,0.0821,69689.18
2026-08-18 05:20:00,0.0822,0.0822,0.0822,0.0822,2348.78
2026-08-18 05:25:00,0.0822,0.0824,0.0821,0.0823,599572.18
2026-08-18 05:30:00,0.0823,0.0824,0.0822,0.0823,628724.89
2026-08-18 05:35:00,0.0823,0.0824,0.0822,0.0823,623505.35
2026-08-18 05:40:00,0.0823,0.0823,0.0819,0.082,386919.39
2026-08-18 05:45:00,0.0821,0.0821,0.0818,0.0819,94404.44
2026-08-18 05:50:00,0.0818,0.0818,0.0818,0.0818,38468.65
2026-08-18 05:55:00,0.0818,0.0818,0.0816,0.0818,154753.56
2026-08-18 06:00:00,0.0817,0.0819,0.0816,0.0816,279260.73
2026-08-18 06:05:00,0.0816,0.0817,0.0815,0.0817,478752.29
2026-08-18 06:10:00,0.0817,0.082,0.0817,0.082,73081.75
2026-08-18 06:15:00,0.082,0.0822,0.0819,0.0821,249058.8
2026-08-18 06:20:00,0.0821,0.0824,0.082,0.0821,674882.81
2026-08-18 06:25:00,0.0821,0.0823,0.0821,0.0823,103354.35
2026-08-18 06:30:00,0.0824,0.0824,0.0822,0.0823,192101.71
2026-08-18 06:35:00,0.0823,0.0823,0.0822,0.0822,17872.0
2026-08-18 06:40:00,0.0822,0.0822,0.0822,0.0822,66334.99
2026-08-18 06:45:00,0.0822,0.0822,0.082,0.082,5952.38
2026-08-18 06:50:00,0.082,0.0821,0.082,0.082,65545.4
2026-08-18 06:55:00,0.0819,0.0822,0.0819,0.0822,87585.99
2026-08-18 07:00:00,0.0822,0.0823,0.0822,0.0822,59052.33
2026-08-18 07:05:00,0.0822,0.0822,0.082,0.082,326733.49
2026-08-18 07:10:00,0.082,0.0821,0.082,0.0821,84842.37
2026-08-18 07:15:00,0.0822,0.0822,0.0818,0.082,1301894.09
2026-08-18 07:20:00,0.082,0.0824,0.0818,0.0823,2975258.86
2026-08-18 07:25:00,0.0823,0.0824,0.0821,0.0821,207797.67
2026-08-18 07:30:00,0.0822,0.0824,0.0822,0.0823,53419.43
2026-08-18 07:35:00,0.0824,0.0825,0.0823,0.0825,110499.1
2026-08-18 07:40:00,0.0824,0.0824,0.0824,0.0824,548.15
2026-08-18 07:45:00,0.0825,0.0825,0.0824,0.0824,75533.87
2026-08-18 07:50:00,0.0823,0.0825,0.0823,0.0825,18489.72
2026-08-18 07:55:00,0.0824,0.0827,0.0824,0.0827,55030.87
2026-08-18 08:00:00,0.0827,0.0828,0.0825,0.0826,337621.33
2026-08-18 08:05:00,0.0825,0.0826,0.0824,0.0825,121151.58
2026-08-18 08:10:00,0.0825,0.0828,0.0825,0.0828,55860.42
2026-08-18 08:15:00,0.0829,0.0829,0.0827,0.0828,39893.78
2026-08-18 08:20:00,0.0827,0.0828,0.0826,0.0826,39917.51
2026-08-18 08:25:00,0.0826,0.0827,0.0826,0.0826,47622.56
2026-08-18 08:30:00,0.0826,0.0828,0.0826,0.0828,3702.86
2026-08-18 08:35:00,0.0828,0.083,0.0828,0.0829,17532.91
2026-08-18 08:40:00,0.0829,0.0829,0.0829,0.0829,13909.78
2026-08-18 08:45:00,0.0828,0.0828,0.0828,0.0828,27514.21
2026-08-18 08:50:00,0.0828,0.0828,0.0828,0.0828,13015.01
2026-08-18 08:55:00,0.0828,0.0829,0.0828,0.0828,35272.63
2026-08-18 09:00:00,0.0829,0.0829,0.0828,0.0829,44896.56
2026-08-18 09:05:00,0.0828,0.0828,0.0828,0.0828,63897.8
2026-08-18 09:10:00,0.0828,0.0831,0.0828,0.083,65628.08
2026-08-18 09:15:00,0.083,0.0831,0.083,0.083,192416.41
2026-08-18 09:20:00,0.083,0.0832,0.0829,0.083,163944.71
2026-08-18 09:25:00,0.0829,0.083,0.0828,0.0828,36792.58
2026-08-18 09:30:00,0.0828,0.0829,0.0828,0.0828,4652.66
2026-08-18 09:35:00,0.0829,0.0829,0.0828,0.0828,51744.18
2026-08-18 09:40:00,0.0828,0.0829,0.0828,0.0829,57300.63
2026-08-18 09:45:00,0.0828,0.0829,0.0828,0.0829,4727.62
2026-08-18 09:50:00,0.0828,0.0828,0.0827,0.0827,44214.16
2026-08-18 09:55:00,0.0827,0.0827,0.0827,0.0827,13469.03
2026-08-18 10:00:00,0.0828,0.0828,0.0826,0.0827,64913.65
2026-08-18 10:05:00,0.0827,0.0827,0.0824,0.0824,48624.32
2026-08-18 10:10:00,0.0825,0.0825,0.0825,0.0825,1260.6
2026-08-18 10:15:00,0.0824,0.0825,0.0824,0.0825,52278.05
2026-08-18 10:20:00,0.0825,0.0825,0.0824,0.0824,19339.86
2026-08-18 10:25:00,0.0824,0.0825,0.0824,0.0825,51129.61
2026-08-18 10:30:00,0.0824,0.0825,0.0824,0.0825,90381.54
2026-08-18 10:35:00,0.0824,0.0825,0.0824,0.0825,47641.09
2026-08-18 10:40:00,0.0825,0.0825,0.0825,0.0825,888.62
2026-08-18 10:45:00,0.0825,0.0825,0.0825,0.0825,0.0
2026-08-18 10:50:00,0.0825,0.0825,0.0824,0.0824,66696.83
2026-08-18 10:55:00,0.0824,0.0824,0.0824,0.0824,792.8
2026-08-18 11:00:00,0.0824,0.0825,0.0824,0.0825,151167.32
2026-08-18 11:05:00,0.0825,0.0825,0.0825,0.0825,26015.71
2026-08-18 11:10:00,0.0825,0.0825,0.0824,0.0825,29084.7
2026-08-18 11:15:00,0.0825,0.0826,0.0825,0.0826,50572.28
2026-08-18 11:20:00,0.0827,0.0828,0.0827,0.0828,58230.8
2026-08-18 11:25:00,0.0828,0.0828,0.0828,0.0828,57107.34
2026-08-18 11:30:00,0.0827,0.0827,0.0827,0.0827,28374.69
2026-08-18 11:35:00,0.0828,0.0828,0.0828,0.0828,14647.99
2026-08-18 11:40:00,0.0828,0.0829,0.0828,0.0829,30011.92
2026-08-18 11:45:00,0.0829,0.0829,0.0829,0.0829,13994.66
2026-08-18 11:50:00,0.0828,0.0828,0.0827,0.0827,59967.3
2026-08-18 11:55:00,0.0827,0.0827,0.0827,0.0827,20905.73
2026-08-18 12:00:00,0.0827,0.0827,0.0827,0.0827,13032.29
2026-08-18 12:05:00,0.0828,0.0828,0.0827,0.0827,43124.2
2026-08-18 12:10:00,0.0827,0.0827,0.0827,0.0827,305.01
2026-08-18 12:15:00,0.0827,0.0827,0.0826,0.0826,13190.31
2026-08-18 12:20:00,0.0826,0.0828,0.0826,0.0826,134770.34
2026-08-18 12:25:00,0.0826,0.0826,0.0826,0.0826,0.0
2026-08-18 12:30:00,0.0827,0.0827,0.0827,0.0827,34695.29
2026-08-18 12:35:00,0.0826,0.0826,0.0825,0.0826,173022.92
2026-08-18 12:40:00,0.0825,0.0825,0.0824,0.0824,17778.37
2026-08-18 12:45:00,0.0824,0.0825,0.0824,0.0824,64719.67
2026-08-18 12:50:00,0.0824,0.0824,0.0823,0.0824,36446.53
2026-08-18 12:55:00,0.0823,0.0823,0.0822,0.0822,97147.76
2026-08-18 13:00:00,0.0821,0.0821,0.0821,0.0821,972.0
2026-08-18 13:05:00,0.0822,0.0822,0.0822,0.0822,27256.71
2026-08-18 13:10:00,0.0822,0.0822,0.0822,0.0822,57990.82
2026-08-18 13:15:00,0.0822,0.0822,0.0822,0.0822,1445.67
2026-08-18 13:20:00,0.0822,0.0823,0.0822,0.0822,9976.04
2026-08-18 13:25:00,0.0822,0.0823,0.0822,0.0823,395.54
2026-08-18 13:30:00,0.0822,0.0825,0.0822,0.0824,179574.9
2026-08-18 13:35:00,0.0824,0.0825,0.0824,0.0825,141077.34
2026-08-18 13:40:00,0.0825,0.0825,0.0823,0.0823,58290.38
2026-08-18 13:45:00,0.0823,0.0823,0.0821,0.0821,75254.67
2026-08-18 13:50:00,0.0821,0.0821,0.0819,0.0819,145746.5
2026-08-18 13:55:00,0.082,0.082,0.082,0.082,36251.8
2026-08-18 14:00:00,0.082,0.0822,0.082,0.0822,78503.76
2026-08-18 14:05:00,0.0822,0.0823,0.0821,0.0821,86674.09
2026-08-18 14:10:00,0.0821,0.0821,0.082,0.082,26017.27
2026-08-18 14:15:00,0.082,0.0824,0.082,0.0823,61537.51
2026-08-18 14:20:00,0.0824,0.0827,0.0823,0.0827,76105.83
2026-08-18 14:25:00,0.0827,0.0833,0.0827,0.0833,520466.32
2026-08-18 14:30:00,0.0834,0.0834,0.083,0.0831,292642.14
2026-08-18 14:35:00,0.083,0.0831,0.0827,0.0827,121762.73
2026-08-18 14:40:00,0.0827,0.0828,0.0827,0.0828,44597.16
2026-08-18 14:45:00,0.0827,0.0827,0.0825,0.0826,172560.64
2026-08-18 14:50:00,0.0827,0.0827,0.0825,0.0825,33021.95
2026-08-18 14:55:00,0.0824,0.0824,0.0822,0.0822,82213.05
2026-08-18 15:00:00,0.0821,0.0824,0.0821,0.0824,117560.88
2026-08-18 15:05:00,0.0824,0.0826,0.0823,0.0823,322777.8
2026-08-18 15:10:00,0.0823,0.0825,0.0822,0.0824,144018.45
2026-08-18 15:15:00,0.0825,0.0828,0.0825,0.0828,141775.57
2026-08-18 15:20:00,0.0827,0.083,0.0827,0.0828,97894.92
2026-08-18 15:25:00,0.0828,0.0831,0.0828,0.083,159756.99
2026-08-18 15:30:00,0.083,0.0831,0.0829,0.083,58852.16
2026-08-18 15:35:00,0.083,0.0831,0.083,0.0831,162115.74
2026-08-18 15:40:00,0.083,0.083,0.0829,0.0829,14772.07
2026-08-18 15:45:00,0.083,0.083,0.083,0.083,1326.1
2026-08-18 15:50:00,0.083,0.0831,0.083,0.0831,63287.73
2026-08-18 15:55:00,0.0832,0.0832,0.0831,0.0831,8574.99
2026-08-18 16:00:00,0.0832,0.0832,0.083,0.083,76805.09
2026-08-18 16:05:00,0.083,0.0831,0.083,0.083,123219.67
2026-08-18 16:10:00,0.0829,0.0829,0.0828,0.0829,54401.77
2026-08-18 16:15:00,0.0829,0.0829,0.0827,0.0828,21763.44
2026-08-18 16:20:00,0.0828,0.0828,0.0827,0.0828,7838.32
2026-08-18 16:25:00,0.0828,0.0828,0.0827,0.0827,17538.61
2026-08-18 16:30:00,0.0827,0.0829,0.0826,0.0829,46230.37
2026-08-18 16:35:00,0.0829,0.0829,0.0828,0.0828,13076.6
2026-08-18 16:40:00,0.0828,0.083,0.0828,0.0828,102304.85
2026-08-18 16:45:00,0.0827,0.0828,0.0826,0.0828,46347.73
2026-08-18 16:50:00,0.0827,0.0827,0.0826,0.0826,38200.91
2026-08-18 16:55:00,0.0825,0.0826,0.0825,0.0825,73877.73
2026-08-18 17:00:00,0.0825,0.0825,0.0824,0.0824,36901.37
2026-08-18 17:05:00,0.0825,0.0825,0.0824,0.0825,12910.71
2026-08-18 17:10:00,0.0824,0.0825,0.0824,0.0824,32775.99
2026-08-18 17:15:00,0.0824,0.0824,0.0823,0.0823,11596.43
2026-08-18 17:20:00,0.0824,0.0824,0.0824,0.0824,3014.42
2026-08-18 17:25:00,0.0824,0.0824,0.0824,0.0824,28235.5
2026-08-18 17:30:00,0.0824,0.0825,0.0824,0.0825,34615.49
2026-08-18 17:35:00,0.0825,0.0826,0.0824,0.0826,44241.54
2026-08-18 17:40:00,0.0825,0.0825,0.0824,0.0824,24242.98
2026-08-18 17:45:00,0.0824,0.0825,0.0824,0.0825,2798.46
2026-08-18 17:50:00,0.0824,0.0825,0.0824,0.0825,7947.01
2026-08-18 17:55:00,0.0825,0.0826,0.0824,0.0824,36224.45
2026-08-18 18:00:00,0.0824,0.0824,0.0823,0.0823,22386.44
2026-08-18 18:05:00,0.0823,0.0823,0.0823,0.0823,8507.47
2026-08-18 18:10:00,0.0823,0.0824,0.0823,0.0824,19676.28
2026-08-18 18:15:00,0.0823,0.0825,0.0823,0.0824,32534.15
2026-08-18 18:20:00,0.0824,0.0825,0.0824,0.0824,9470.83
2026-08-18 18:25:00,0.0824,0.0826,0.0823,0.0825,175384.69
2026-08-18 18:30:00,0.0825,0.0826,0.0825,0.0825,74199.5
2026-08-18 18:35:00,0.0826,0.0826,0.0824,0.0825,69049.04
2026-08-18 18:40:00,0.0825,0.0825,0.0825,0.0825,1093.04
2026-08-18 18:45:00,0.0824,0.0826,0.0824,0.0826,17192.9
2026-08-18 18:50:00,0.0825,0.0826,0.0824,0.0825,28717.76
2026-08-18 18:55:00,0.0825,0.0825,0.0825,0.0825,84.59
2026-08-18 19:00:00,0.0825,0.0825,0.0825,0.0825,4627.05
2026-08-18 19:05:00,0.0825,0.0826,0.0825,0.0825,23359.58
2026-08-18 19:10:00,0.0825,0.0825,0.0824,0.0825,13780.82
2026-08-18 19:15:00,0.0825,0.0825,0.0824,0.0824,1695.41
2026-08-18 19:20:00,0.0824,0.0826,0.0824,0.0826,21095.13
2026-08-18 19:25:00,0.0825,0.0827,0.0825,0.0827,37719.12
2026-08-18 19:30:00,0.0826,0.0826,0.0826,0.0826,36477.52
2026-08-18 19:35:00,0.0825,0.0826,0.0825,0.0825,31105.6
2026-08-18 19:40:00,0.0825,0.0825,0.0825,0.0825,21122.62
2026-08-18 19:45:00,0.0824,0.0824,0.0823,0.0823,36852.61
2026-08-18 19:50:00,0.0823,0.0823,0.0822,0.0823,1435.21
2026-08-18 19:55:00,0.0822,0.0822,0.0822,0.0822,18054.06
2026-08-18 20:00:00,0.0821,0.0822,0.0821,0.0821,14830.78
2026-08-18 20:05:00,0.0822,0.0823,0.0822,0.0823,5160.26
2026-08-18 20:10:00,0.0823,0.0823,0.0823,0.0823,20833.62
2026-08-18 20:15:00,0.0824,0.0824,0.0822,0.0822,81469.39
2026-08-18 20:20:00,0.0822,0.0823,0.0822,0.0822,1852.23
2026-08-18 20:25:00,0.0821,0.0822,0.082,0.0821,96752.6
2026-08-18 20:30:00,0.082,0.0822,0.082,0.0822,5437.67
2026-08-18 20:35:00,0.0822,0.0822,0.0821,0.0821,1925.29
2026-08-18 20:40:00,0.0821,0.0821,0.082,0.082,13044.92
2026-08-18 20:45:00,0.0821,0.0821,0.082,0.082,1669.36
2026-08-18 20:50:00,0.0819,0.082,0.0818,0.082,29296.27
2026-08-18 20:55:00,0.0819,0.082,0.0819,0.0819,9697.04
2026-08-18 21:00:00,0.0819,0.082,0.0819,0.082,10378.63
2026-08-18 21:05:00,0.082,0.082,0.082,0.082,10513.52
2026-08-18 21:10:00,0.082,0.0821,0.082,0.082,33387.5
2026-08-18 21:15:00,0.082,0.082,0.0819,0.0819,13374.09
2026-08-18 21:20:00,0.0819,0.0819,0.0819,0.0819,30039.75
2026-08-18 21:25:00,0.082,0.0821,0.0819,0.0819,4748.62
2026-08-18 21:30:00,0.0819,0.0819,0.0817,0.0818,96273.33
2026-08-18 21:35:00,0.0818,0.0818,0.0818,0.0818,14258.55
2026-08-18 21:40:00,0.0818,0.0818,0.0817,0.0817,13885.35
2026-08-18 21:45:00,0.0817,0.0818,0.0816,0.0817,22857.05
2026-08-18 21:50:00,0.0818,0.0818,0.0818,0.0818,15049.82
2026-08-18 21:55:00,0.0819,0.082,0.0819,0.082,9592.09
2026-08-18 22:00:00,0.082,0.082,0.0819,0.0819,104207.31
2026-08-18 22:05:00,0.0819,0.082,0.0819,0.082,33182.95
2026-08-18 22:10:00,0.0821,0.0821,0.082,0.0821,37808.17
2026-08-18 22:15:00,0.082,0.082,0.082,0.082,46517.65
2026-08-18 22:20:00,0.082,0.082,0.082,0.082,14744.7
2026-08-18 22:25:00,0.082,0.082,0.0819,0.0819,1250.0
2026-08-18 22:30:00,0.0819,0.0819,0.0819,0.0819,7565.2
2026-08-18 22:35:00,0.0819,0.0819,0.0818,0.0818,30355.86
2026-08-18 22:40:00,0.0818,0.0819,0.0817,0.0819,105016.9
2026-08-18 22:45:00,0.0819,0.0819,0.0818,0.0818,27039.36
2026-08-18 22:50:00,0.0818,0.0818,0.0817,0.0817,23815.46
2026-08-18 22:55:00,0.0817,0.0818,0.0817,0.0818,85165.07
2026-08-18 23:00:00,0.0817,0.082,0.0817,0.082,32965.38
2026-08-18 23:05:00,0.082,0.082,0.0819,0.0819,41575.79
2026-08-18 23:10:00,0.0819,0.0819,0.0819,0.0819,856.76
2026-08-18 23:15:00,0.0819,0.082,0.0819,0.082,2674.85
2026-08-18 23:20:00,0.0821,0.0822,0.0821,0.0821,12833.34
2026-08-18 23:25:00,0.0821,0.0821,0.0821,0.0821,27823.97
2026-08-18 23:30:00,0.0821,0.0821,0.0821,0.0821,119.65
2026-08-18 23:35:00,0.0822,0.0822,0.0822,0.0822,37525.31
2026-08-18 23:40:00,0.0822,0.0823,0.0822,0.0823,33895.68
2026-08-18 23:45:00,0.0822,0.0822,0.0821,0.0821,69013.72
2026-08-18 23:50:00,0.0821,0.0821,0.0821,0.0821,2702.07
2026-08-18 23:55:00,0.0821,0.0821,0.0821,0.0821,1794.98
2026-08-19 00:00:00,0.0821,0.0821,0.0819,0.0819,160453.0
2026-08-19 00:05:00,0.0819,0.082,0.0818,0.082,139346.71
2026-08-19 00:10:00,0.0819,0.0819,0.0818,0.0818,193931.06
2026-08-19 00:15:00,0.0818,0.0818,0.0818,0.0818,26934.04
2026-08-19 00:20:00,0.0818,0.082,0.0818,0.082,62794.29
2026-08-19 00:25:00,0.0819,0.0819,0.0818,0.0819,67421.19
2026-08-19 00:30:00,0.0818,0.082,0.0818,0.082,22059.08
2026-08-19 00:35:00,0.0819,0.0819,0.0819,0.0819,28228.25
2026-08-19 00:40:00,0.0819,0.0819,0.0818,0.0818,72717.12
2026-08-19 00:45:00,0.0818,0.0818,0.0818,0.0818,38106.19
2026-08-19 00:50:00,0.0818,0.0818,0.0818,0.0818,29471.52
2026-08-19 00:55:00,0.0818,0.0818,0.0818,0.0818,43457.73
2026-08-19 01:00:00,0.0818,0.0818,0.0817,0.0817,79538.76
2026-08-19 01:05:00,0.0817,0.0819,0.0817,0.0819,58661.33
2026-08-19 01:10:00,0.082,0.082,0.0818,0.0818,50645.14
2026-08-19 01:15:00,0.0818,0.0818,0.0818,0.0818,53107.18
2026-08-19 01:20:00,0.0819,0.0819,0.0818,0.0819,94369.11
2026-08-19 01:25:00,0.0819,0.082,0.0819,0.082,73764.64
2026-08-19 01:30:00,0.0821,0.0821,0.082,0.0821,11170.28
2026-08-19 01:35:00,0.0821,0.0822,0.0821,0.0822,30787.39
2026-08-19 01:40:00,0.0822,0.0822,0.0821,0.0822,26803.09
2026-08-19 01:45:00,0.0822,0.0822,0.0822,0.0822,48176.38
2026-08-19 01:50:00,0.0822,0.0822,0.0822,0.0822,7723.07
2026-08-19 01:55:00,0.0822,0.0822,0.0821,0.0821,23882.65
2026-08-19 02:00:00,0.082,0.0821,0.082,0.082,5346.19
2026-08-19 02:05:00,0.082,0.082,0.082,0.082,56246.86
2026-08-19 02:10:00,0.0819,0.082,0.0819,0.0819,8776.25
2026-08-19 02:15:00,0.0819,0.0819,0.0816,0.0816,33451.27
2026-08-19 02:20:00,0.0816,0.0817,0.0814,0.0817,130661.48
2026-08-19 02:25:00,0.0816,0.0817,0.0816,0.0816,40892.06
2026-08-19 02:30:00,0.0816,0.0816,0.0816,0.0816,47106.55
2026-08-19 02:35:00,0.0816,0.0816,0.0816,0.0816,25831.97
2026-08-19 02:40:00,0.0815,0.0815,0.0815,0.0815,42193.18
2026-08-19 02:45:00,0.0815,0.0816,0.0815,0.0815,104875.92
2026-08-19 02:50:00,0.0815,0.0815,0.0813,0.0813,32632.41
2026-08-19 02:55:00,0.0814,0.0817,0.0814,0.0815,159343.95
2026-08-19 03:00:00,0.0815,0.0815,0.0815,0.0815,9207.96
2026-08-19 03:05:00,0.0814,0.0814,0.0812,0.0812,116840.69
2026-08-19 03:10:00,0.0813,0.0817,0.0813,0.0817,51095.54
2026-08-19 03:15:00,0.0817,0.082,0.0817,0.082,26773.11
2026-08-19 03:20:00,0.0821,0.0821,0.0819,0.0819,52408.69
2026-08-19 03:25:00,0.0819,0.0819,0.0819,0.0819,8447.22
2026-08-19 03:30:00,0.0819,0.0819,0.0818,0.0819,25186.56
2026-08-19 03:35:00,0.0819,0.0819,0.0819,0.0819,6254.31
2026-08-19 03:40:00,0.0819,0.082,0.0819,0.082,9949.96
2026-08-19 03:45:00,0.0819,0.0819,0.0819,0.0819,20141.81
2026-08-19 03:50:00,0.0819,0.0819,0.0819,0.0819,12712.34
2026-08-19 03:55:00,0.0819,0.0819,0.0819,0.0819,30445.87
2026-08-19 04:00:00,0.0819,0.0819,0.0818,0.0818,30457.43
2026-08-19 04:05:00,0.0817,0.0817,0.0817,0.0817,14868.1
2026-08-19 04:10:00,0.0817,0.0817,0.0816,0.0816,5808.89
2026-08-19 04:15:00,0.0816,0.0817,0.0815,0.0816,39847.16
2026-08-19 04:20:00,0.0816,0.0816,0.0816,0.0816,25135.57
2026-08-19 04:25:00,0.0816,0.0816,0.0815,0.0815,20553.96
2026-08-19 04:30:00,0.0816,0.0816,0.0814,0.0815,31882.79
2026-08-19 04:35:00,0.0815,0.0815,0.0815,0.0815,25538.66
2026-08-19 04:40:00,0.0815,0.0815,0.0815,0.0815,22421.25
2026-08-19 04:45:00,0.0815,0.0815,0.0814,0.0814,876.06
2026-08-19 04:50:00,0.0814,0.0815,0.0813,0.0814,26798.54
2026-08-19 04:55:00,0.0814,0.0814,0.0813,0.0813,8410.55
2026-08-19 05:00:00,0.0813,0.0816,0.0813,0.0815,72683.99
2026-08-19 05:05:00,0.0816,0.0816,0.0816,0.0816,58317.26
2026-08-19 05:10:00,0.0816,0.0817,0.0816,0.0816,42377.39
2026-08-19 05:15:00,0.0816,0.0816,0.0815,0.0816,8165.9
2026-08-19 05:20:00,0.0815,0.0815,0.0814,0.0814,31396.58
2026-08-19 05:25:00,0.0815,0.0816,0.0815,0.0816,4763.47
2026-08-19 05:30:00,0.0815,0.0815,0.0815,0.0815,16783.45
2026-08-19 05:35:00,0.0815,0.0816,0.0815,0.0815,2815.83
2026-08-19 05:40:00,0.0815,0.0815,0.0815,0.0815,6978.38
2026-08-19 05:45:00,0.0815,0.0815,0.0813,0.0813,19403.98
2026-08-19 05:50:00,0.0814,0.0814,0.0813,0.0814,23492.06
2026-08-19 05:55:00,0.0814,0.0814,0.0814,0.0814,6732.25
2026-08-19 06:00:00,0.0814,0.0814,0.0812,0.0813,95781.66
2026-08-19 06:05:00,0.0812,0.0812,0.0811,0.0812,14004.84
2026-08-19 06:10:00,0.0811,0.0812,0.0811,0.0812,7761.79
2026-08-19 06:15:00,0.0812,0.0816,0.0812,0.0815,101508.46
2026-08-19 06:20:00,0.0815,0.0815,0.0815,0.0815,9236.21
2026-08-19 06:25:00,0.0815,0.0815,0.0813,0.0813,86952.82
2026-08-19 06:30:00,0.0814,0.0814,0.0813,0.0813,31953.14
2026-08-19 06:35:00,0.0814,0.0816,0.0814,0.0816,7566.13
2026-08-19 06:40:00,0.0816,0.0817,0.0815,0.0815,46448.3
2026-08-19 06:45:00,0.0815,0.0816,0.0815,0.0816,37294.49
2026-08-19 06:50:00,0.0816,0.0816,0.0815,0.0816,82609.24
2026-08-19 06:55:00,0.0816,0.0819,0.0816,0.0818,24477.19
2026-08-19 07:00:00,0.0819,0.0819,0.0818,0.0818,13987.29
2026-08-19 07:05:00,0.0817,0.0817,0.0817,0.0817,21204.92
2026-08-19 07:10:00,0.0817,0.0818,0.0817,0.0818,19220.78
2026-08-19 07:15:00,0.0817,0.0817,0.0816,0.0816,21460.99
2026-08-19 07:20:00,0.0816,0.0817,0.0816,0.0817,10567.67
2026-08-19 07:25:00,0.0817,0.0818,0.0817,0.0817,38471.44
2026-08-19 07:30:00,0.0817,0.0818,0.0817,0.0818,48011.1
2026-08-19 07:35:00,0.0819,0.0819,0.0817,0.0817,31829.36
2026-08-19 07:40:00,0.0818,0.0819,0.0818,0.0818,53092.28
2026-08-19 07:45:00,0.0818,0.0818,0.0817,0.0818,8992.15
2026-08-19 07:50:00,0.0818,0.0818,0.0817,0.0817,56130.44
2026-08-19 07:55:00,0.0817,0.0817,0.0816,0.0817,12348.13
2026-08-19 08:00:00,0.0816,0.0816,0.0816,0.0816,122.39
2026-08-19 08:05:00,0.0817,0.0818,0.0817,0.0818,46131.9
2026-08-19 08:10:00,0.0818,0.0818,0.0816,0.0817,15131.8
2026-08-19 08:15:00,0.0817,0.0818,0.0817,0.0818,26952.02
2026-08-19 08:20:00,0.0818,0.0818,0.0818,0.0818,21029.02
2026-08-19 08:25:00,0.0818,0.0819,0.0818,0.0818,16737.17
2026-08-19 08:30:00,0.0819,0.082,0.0818,0.082,19412.82
2026-08-19 08:35:00,0.082,0.0822,0.0819,0.0822,216101.16
2026-08-19 08:40:00,0.0821,0.0822,0.0821,0.0822,10036.05
2026-08-19 08:45:00,0.0822,0.0823,0.0822,0.0822,21963.69
2026-08-19 08:50:00,0.0822,0.0822,0.0821,0.0821,20505.77
2026-08-19 08:55:00,0.0821,0.0821,0.082,0.082,37936.6
2026-08-19 09:00:00,0.082,0.0821,0.082,0.0821,16781.32
2026-08-19 09:05:00,0.0821,0.0821,0.082,0.082,76134.83
2026-08-19 09:10:00,0.082,0.082,0.082,0.082,0.0
2026-08-19 09:15:00,0.0819,0.0819,0.0819,0.0819,22351.41
2026-08-19 09:20:00,0.082,0.082,0.0819,0.0819,8174.14
2026-08-19 09:25:00,0.0819,0.082,0.0819,0.0819,70218.53
2026-08-19 09:30:00,0.0819,0.082,0.0818,0.0818,19423.05
2026-08-19 09:35:00,0.0818,0.0818,0.0817,0.0817,31737.65
2026-08-19 09:40:00,0.0817,0.0817,0.0817,0.0817,0.0
2026-08-19 09:45:00,0.0817,0.0817,0.0817,0.0817,56026.64
2026-08-19 09:50:00,0.0817,0.0818,0.0817,0.0818,56001.95
2026-08-19 09:55:00,0.0818,0.0818,0.0817,0.0817,25581.76
2026-08-19 10:00:00,0.0817,0.0817,0.0817,0.0817,2956.94
2026-08-19 10:05:00,0.0816,0.0817,0.0816,0.0817,119151.25
2026-08-19 10:10:00,0.0817,0.0819,0.0817,0.0818,34405.0
2026-08-19 10:15:00,0.0818,0.0819,0.0817,0.0818,135684.87
2026-08-19 10:20:00,0.0818,0.0819,0.0818,0.0819,4166.86
2026-08-19 10:25:00,0.0818,0.0818,0.0818,0.0818,18465.52
2026-08-19 10:30:00,0.0818,0.0819,0.0818,0.0819,10452.98
2026-08-19 10:35:00,0.0819,0.082,0.0819,0.082,50308.85
2026-08-19 10:40:00,0.0819,0.082,0.0819,0.082,993.3
2026-08-19 10:45:00,0.082,0.082,0.0818,0.0818,27413.63
2026-08-19 10:50:00,0.0819,0.082,0.0819,0.0819,15625.61
2026-08-19 10:55:00,0.0819,0.082,0.0819,0.082,23915.15
2026-08-19 11:00:00,0.082,0.0821,0.082,0.0821,13983.28
2026-08-19 11:05:00,0.0822,0.0823,0.0822,0.0822,58729.56
2026-08-19 11:10:00,0.0822,0.0823,0.0822,0.0822,40975.54
2026-08-19 11:15:00,0.0821,0.0822,0.0821,0.0822,9297.44
2026-08-19 11:20:00,0.0822,0.0822,0.0822,0.0822,2926.49
2026-08-19 11:25:00,0.0823,0.0824,0.0823,0.0823,74000.6
2026-08-19 11:30:00,0.0823,0.0824,0.0823,0.0823,31515.97
2026-08-19 11:35:00,0.0823,0.0823,0.0822,0.0822,1710.7
2026-08-19 11:40:00,0.0822,0.0822,0.0821,0.0822,4710.49
2026-08-19 11:45:00,0.0821,0.0821,0.0821,0.0821,20002.03
2026-08-19 11:50:00,0.0821,0.0823,0.0821,0.0823,31096.88
2026-08-19 11:55:00,0.0823,0.0823,0.0823,0.0823,10455.6
2026-08-19 12:00:00,0.0823,0.0825,0.0823,0.0823,150303.5
2026-08-19 12:05:00,0.0823,0.0824,0.0823,0.0823,41666.49
2026-08-19 12:10:00,0.0823,0.0824,0.0822,0.0823,28582.91
2026-08-19 12:15:00,0.0824,0.0824,0.0824,0.0824,12708.12
2026-08-19 12:20:00,0.0824,0.0825,0.0824,0.0825,14977.32
2026-08-19 12:25:00,0.0825,0.0828,0.0825,0.0828,96972.95
2026-08-19 12:30:00,0.0828,0.0831,0.0828,0.083,70859.87
2026-08-19 12:35:00,0.083,0.083,0.0829,0.0829,12675.09
2026-08-19 12:40:00,0.0829,0.0832,0.0828,0.0831,23181.24
2026-08-19 12:45:00,0.0831,0.0832,0.083,0.0831,70562.42
2026-08-19 12:50:00,0.0831,0.0831,0.083,0.083,25962.66
2026-08-19 12:55:00,0.083,0.083,0.083,0.083,13644.69
2026-08-19 13:00:00,0.083,0.0831,0.083,0.083,37137.27
2026-08-19 13:05:00,0.083,0.0831,0.0829,0.0831,52203.07
2026-08-19 13:10:00,0.0831,0.0831,0.083,0.0831,68914.78
2026-08-19 13:15:00,0.0831,0.0833,0.0831,0.0831,71955.24
2026-08-19 13:20:00,0.0831,0.0831,0.0831,0.0831,32547.92
2026-08-19 13:25:00,0.0831,0.0832,0.0831,0.0831,26053.39
2026-08-19 13:30:00,0.0832,0.0834,0.0832,0.0833,361342.67
2026-08-19 13:35:00,0.0833,0.0833,0.083,0.083,191841.4
2026-08-19 13:40:00,0.083,0.0831,0.0828,0.0829,164597.85
2026-08-19 13:45:00,0.0829,0.0829,0.0827,0.0827,53119.82
2026-08-19 13:50:00,0.0828,0.0828,0.0826,0.0826,28539.85
2026-08-19 13:55:00,0.0826,0.0827,0.0826,0.0827,15221.34
2026-08-19 14:00:00,0.0827,0.0828,0.0827,0.0828,33118.03
2026-08-19 14:05:00,0.0828,0.083,0.0828,0.083,109072.54
2026-08-19 14:10:00,0.083,0.083,0.0829,0.0829,46742.41
2026-08-19 14:15:00,0.0828,0.0829,0.0828,0.0828,20028.85
2026-08-19 14:20:00,0.0828,0.0829,0.0828,0.0828,153067.81
2026-08-19 14:25:00,0.0828,0.0828,0.0827,0.0828,49642.51
2026-08-19 14:30:00,0.0828,0.083,0.0827,0.0829,67348.84
2026-08-19 14:35:00,0.0829,0.0831,0.0829,0.0831,26806.85
2026-08-19 14:40:00,0.0831,0.0831,0.083,0.0831,9325.48
2026-08-19 14:45:00,0.083,0.0831,0.083,0.083,26929.06
2026-08-19 14:50:00,0.0831,0.0835,0.0831,0.0835,85884.72
2026-08-19 14:55:00,0.0835,0.084,0.0835,0.0838,400244.52
2026-08-19 15:00:00,0.0838,0.0839,0.0836,0.0839,110157.03
2026-08-19 15:05:00,0.0839,0.0846,0.0839,0.0844,486537.05
2026-08-19 15:10:00,0.0844,0.0846,0.0843,0.0844,214372.52
2026-08-19 15:15:00,0.0844,0.0845,0.0842,0.0843,86301.89
2026-08-19 15:20:00,0.0844,0.0849,0.0843,0.0848,272219.47
2026-08-19 15:25:00,0.0849,0.0871,0.0848,0.0864,2122141.78
2026-08-19 15:30:00,0.0865,0.0866,0.0859,0.0861,707453.52
2026-08-19 15:35:00,0.0862,0.0865,0.086,0.0865,635028.07
2026-08-19 15:40:00,0.0865,0.0866,0.086,0.086,423157.3
2026-08-19 15:45:00,0.086,0.086,0.0853,0.0855,712638.42
2026-08-19 15:50:00,0.0855,0.0856,0.0849,0.0849,888490.15
2026-08-19 15:55:00,0.0849,0.0851,0.0848,0.0849,195673.1
2026-08-19 16:00:00,0.0849,0.0855,0.0848,0.0854,512866.84
2026-08-19 16:05:00,0.0855,0.0856,0.0852,0.0852,70394.56
2026-08-19 16:10:00,0.0852,0.0854,0.0851,0.0854,187519.78
2026-08-19 16:15:00,0.0854,0.0858,0.0854,0.0857,156350.53
2026-08-19 16:20:00,0.0856,0.086,0.0856,0.086,105519.74
2026-08-19 16:25:00,0.086,0.0862,0.0859,0.0862,194529.03
2026-08-19 16:30:00,0.0861,0.0861,0.0858,0.086,190033.68
2026-08-19 16:35:00,0.086,0.0861,0.0859,0.0859,37713.64
2026-08-19 16:40:00,0.0859,0.086,0.0857,0.0857,285716.17
2026-08-19 16:45:00,0.0857,0.0861,0.0856,0.086,101412.93
2026-08-19 16:50:00,0.086,0.0861,0.0859,0.086,17696.88
2026-08-19 16:55:00,0.086,0.086,0.0856,0.0857,115712.93
2026-08-19 17:00:00,0.0857,0.0858,0.0854,0.0855,428906.57
2026-08-19 17:05:00,0.0856,0.0857,0.0854,0.0855,100932.8
2026-08-19 17:10:00,0.0855,0.0856,0.0853,0.0853,93940.84
2026-08-19 17:15:00,0.0853,0.0855,0.0849,0.085,98029.37
2026-08-19 17:20:00,0.085,0.0851,0.085,0.085,117458.3
2026-08-19 17:25:00,0.085,0.0851,0.085,0.0851,25798.8
2026-08-19 17:30:00,0.0851,0.0851,0.0849,0.085,55812.54
2026-08-19 17:35:00,0.085,0.0852,0.085,0.0851,141380.18
2026-08-19 17:40:00,0.0851,0.0852,0.085,0.0852,83858.13
2026-08-19 17:45:00,0.0852,0.0854,0.0852,0.0854,25436.23
2026-08-19 17:50:00,0.0853,0.0853,0.0853,0.0853,28183.34
2026-08-19 17:55:00,0.0853,0.0854,0.0852,0.0854,92288.57
2026-08-19 18:00:00,0.0853,0.0853,0.0851,0.0851,13314.88
2026-08-19 18:05:00,0.0851,0.0852,0.0848,0.0848,110521.9
2026-08-19 18:10:00,0.0848,0.085,0.0848,0.085,43085.85
2026-08-19 18:15:00,0.085,0.085,0.0849,0.0849,138801.18
2026-08-19 18:20:00,0.0849,0.085,0.0849,0.0849,5990.03
2026-08-19 18:25:00,0.085,0.0852,0.085,0.0852,76150.23
2026-08-19 18:30:00,0.0852,0.0852,0.0851,0.0851,8721.86
2026-08-19 18:35:00,0.0851,0.0852,0.085,0.085,7821.9
2026-08-19 18:40:00,0.0851,0.0852,0.0851,0.0852,3373.45
2026-08-19 18:45:00,0.0853,0.0854,0.0852,0.0853,25114.39
2026-08-19 18:50:00,0.0853,0.0854,0.0852,0.0854,43630.22
2026-08-19 18:55:00,0.0854,0.0854,0.0853,0.0853,55066.16
2026-08-19 19:00:00,0.0853,0.0853,0.0851,0.0852,548592.36
2026-08-19 19:05:00,0.0852,0.0853,0.0852,0.0853,81917.57
2026-08-19 19:10:00,0.0853,0.0856,0.0851,0.0851,128197.8
2026-08-19 19:15:00,0.0852,0.0857,0.0852,0.0856,74714.0
2026-08-19 19:20:00,0.0856,0.0859,0.0856,0.0858,60015.86
2026-08-19 19:25:00,0.0858,0.0859,0.0858,0.0858,32805.39
2026-08-19 19:30:00,0.0857,0.086,0.0857,0.0859,102745.44
2026-08-19 19:35:00,0.086,0.0861,0.0859,0.0861,84465.8
2026-08-19 19:40:00,0.086,0.0863,0.086,0.0863,101572.29
2026-08-19 19:45:00,0.0863,0.0865,0.0862,0.0864,87450.57
2026-08-19 19:50:00,0.0864,0.0865,0.0864,0.0864,70438.57
2026-08-19 19:55:00,0.0864,0.0864,0.0863,0.0864,111597.53
2026-08-19 20:00:00,0.0864,0.0867,0.0864,0.0866,99004.37
2026-08-19 20:05:00,0.0866,0.0868,0.0865,0.0868,127212.54
2026-08-19 20:10:00,0.0868,0.0868,0.0867,0.0868,70771.02
2026-08-19 20:15:00,0.0868,0.0868,0.0866,0.0867,51743.5
2026-08-19 20:20:00,0.0867,0.0869,0.0867,0.0869,55986.24
2026-08-19 20:25:00,0.0868,0.0872,0.0868,0.087,447123.64
2026-08-19 20:30:00,0.087,0.0872,0.087,0.0872,111572.8
2026-08-19 20:35:00,0.0872,0.0873,0.0871,0.0872,50854.18
2026-08-19 20:40:00,0.0872,0.0873,0.0871,0.0872,25183.29
2026-08-19 20:45:00,0.0872,0.0873,0.0872,0.0873,11653.75
2026-08-19 20:50:00,0.0873,0.0889,0.0873,0.0888,2126166.34
2026-08-19 20:55:00,0.0888,0.089,0.0886,0.0889,286074.44
2026-08-19 21:00:00,0.0889,0.0899,0.0888,0.0898,456951.84
2026-08-19 21:05:00,0.0897,0.0907,0.0896,0.0905,1086934.58
2026-08-19 21:10:00,0.0905,0.0907,0.0899,0.0902,725756.57
2026-08-19 21:15:00,0.0902,0.0905,0.0899,0.09,207123.57
2026-08-19 21:20:00,0.0901,0.0905,0.09,0.0905,281534.21
2026-08-19 21:25:00,0.0905,0.0912,0.0905,0.0911,311880.57
2026-08-19 21:30:00,0.0911,0.0912,0.0907,0.091,229724.58
2026-08-19 21:35:00,0.091,0.091,0.09,0.0903,291995.19
2026-08-19 21:40:00,0.0903,0.0907,0.09,0.0907,150431.07
2026-08-19 21:45:00,0.0908,0.092,0.0908,0.0918,892316.99
2026-08-19 21:50:00,0.0918,0.092,0.0917,0.0917,185406.91
2026-08-19 21:55:00,0.0917,0.0919,0.0912,0.0915,191383.26
2026-08-19 22:00:00,0.0916,0.0919,0.0906,0.091,486653.96
2026-08-19 22:05:00,0.0911,0.0912,0.0908,0.0909,317899.17
2026-08-19 22:10:00,0.0909,0.091,0.0904,0.0905,389676.16
2026-08-19 22:15:00,0.0905,0.0909,0.0905,0.0909,145212.61
2026-08-19 22:20:00,0.0909,0.091,0.0907,0.0907,99627.46
2026-08-19 22:25:00,0.0907,0.0907,0.0904,0.0906,143401.73
2026-08-19 22:30:00,0.0905,0.0907,0.0901,0.0903,212797.43
2026-08-19 22:35:00,0.0904,0.0907,0.0902,0.0906,120178.54
2026-08-19 22:40:00,0.0906,0.0907,0.0904,0.0904,188129.98
2026-08-19 22:45:00,0.0903,0.0904,0.0898,0.0899,245929.8
2026-08-19 22:50:00,0.0899,0.0902,0.0899,0.0899,203787.37
2026-08-19 22:55:00,0.0899,0.0902,0.0899,0.0902,145441.2
2026-08-19 23:00:00,0.0901,0.0901,0.0898,0.09,137186.2
2026-08-19 23:05:00,0.09,0.0902,0.09,0.0901,83593.27
2026-08-19 23:10:00,0.0901,0.0904,0.09,0.0903,170488.71
2026-08-19 23:15:00,0.0903,0.0905,0.0903,0.0903,157574.18
2026-08-19 23:20:00,0.0903,0.0903,0.09,0.09,120891.16
2026-08-19 23:25:00,0.09,0.0903,0.0899,0.0903,77901.46
2026-08-19 23:30:00,0.0902,0.0902,0.0899,0.0899,99042.45
2026-08-19 23:35:00,0.0899,0.0901,0.0899,0.0901,60079.47
2026-08-19 23:40:00,0.0901,0.0902,0.0901,0.0901,89239.69
2026-08-19 23:45:00,0.0901,0.0901,0.0898,0.0899,55885.63
2026-08-19 23:50:00,0.0899,0.09,0.0899,0.09,232399.75
2026-08-19 23:55:00,0.09,0.0901,0.09,0.09,69791.69
2026-08-20 00:00:00,0.09,0.0903,0.09,0.0903,184578.36
2026-08-20 00:05:00,0.0903,0.0903,0.0902,0.0902,107484.35
2026-08-20 00:10:00,0.0902,0.0905,0.0901,0.0902,280340.53
2026-08-20 00:15:00,0.0903,0.0903,0.0901,0.0902,214512.36
2026-08-20 00:20:00,0.0902,0.0903,0.0901,0.0902,175017.57
2026-08-20 00:25:00,0.0902,0.0904,0.0902,0.0903,58502.63
2026-08-20 00:30:00,0.0903,0.0906,0.0903,0.0905,144661.66
2026-08-20 00:35:00,0.0904,0.0905,0.0904,0.0905,60467.23
2026-08-20 00:40:00,0.0905,0.0905,0.0901,0.0901,81167.38
2026-08-20 00:45:00,0.0901,0.0903,0.0901,0.0903,54501.26
2026-08-20 00:50:00,0.0903,0.0903,0.0899,0.09,395815.46
2026-08-20 00:55:00,0.09,0.09,0.0894,0.0895,283511.94
2026-08-20 01:00:00,0.0895,0.0897,0.0892,0.0893,254350.43
2026-08-20 01:05:00,0.0893,0.0893,0.089,0.0891,93164.72
2026-08-20 01:10:00,0.089,0.089,0.0888,0.0888,820531.75
2026-08-20 01:15:00,0.0888,0.0888,0.0887,0.0888,125354.27
2026-08-20 01:20:00,0.0888,0.0889,0.0888,0.0889,45073.6
2026-08-20 01:25:00,0.0888,0.0889,0.0888,0.0889,92073.18
2026-08-20 01:30:00,0.0889,0.0889,0.0888,0.0889,69315.44
2026-08-20 01:35:00,0.089,0.0891,0.0889,0.089,398113.61
2026-08-20 01:40:00,0.0889,0.0891,0.0889,0.0891,34554.69
2026-08-20 01:45:00,0.0891,0.0893,0.0891,0.0893,98388.01
2026-08-20 01:50:00,0.0894,0.0894,0.0893,0.0894,44610.24
2026-08-20 01:55:00,0.0894,0.0899,0.0894,0.0896,657538.16
2026-08-20 02:00:00,0.0896,0.0896,0.0894,0.0894,67658.02
2026-08-20 02:05:00,0.0894,0.0894,0.0892,0.0892,63846.56
2026-08-20 02:10:00,0.0891,0.0892,0.089,0.089,47737.43
2026-08-20 02:15:00,0.089,0.089,0.0889,0.089,16763.27
2026-08-20 02:20:00,0.089,0.089,0.0888,0.0888,39421.28
2026-08-20 02:25:00,0.0888,0.0889,0.0888,0.0888,29907.89
2026-08-20 02:30:00,0.0888,0.089,0.0888,0.089,28362.57
2026-08-20 02:35:00,0.0889,0.0889,0.0888,0.0888,25370.57
2026-08-20 02:40:00,0.0888,0.0889,0.0887,0.0888,23341.0
2026-08-20 02:45:00,0.0888,0.0888,0.0887,0.0888,22579.0
2026-08-20 02:50:00,0.0887,0.0887,0.0886,0.0887,30703.75
2026-08-20 02:55:00,0.0887,0.0888,0.0886,0.0887,70361.83
2026-08-20 03:00:00,0.0888,0.0888,0.0884,0.0886,167421.29
2026-08-20 03:05:00,0.0886,0.0886,0.0883,0.0883,61599.21
2026-08-20 03:10:00,0.0882,0.0883,0.088,0.0882,224123.6
2026-08-20 03:15:00,0.0882,0.0884,0.0882,0.0884,78213.66
2026-08-20 03:20:00,0.0884,0.0884,0.0883,0.0884,7676.43
2026-08-20 03:25:00,0.0883,0.0883,0.0881,0.0882,97776.19
2026-08-20 03:30:00,0.0881,0.0883,0.0881,0.0883,67369.81
2026-08-20 03:35:00,0.0882,0.0883,0.0882,0.0883,19544.5
2026-08-20 03:40:00,0.0883,0.0883,0.0882,0.0883,27876.22
2026-08-20 03:45:00,0.0883,0.0884,0.0883,0.0884,49532.28
2026-08-20 03:50:00,0.0885,0.0885,0.0884,0.0884,25358.8
2026-08-20 03:55:00,0.0884,0.0884,0.0882,0.0882,9001.54
2026-08-20 04:00:00,0.0882,0.0883,0.0882,0.0883,45219.63
2026-08-20 04:05:00,0.0883,0.0885,0.0883,0.0885,28487.63
2026-08-20 04:10:00,0.0885,0.0886,0.0885,0.0885,18710.45
2026-08-20 04:15:00,0.0885,0.0885,0.0885,0.0885,1436.49
2026-08-20 04:20:00,0.0884,0.0884,0.0883,0.0883,16128.9
2026-08-20 04:25:00,0.0883,0.0883,0.0883,0.0883,16515.65
2026-08-20 04:30:00,0.0883,0.0883,0.0881,0.0881,16198.68
2026-08-20 04:35:00,0.0881,0.0883,0.0881,0.0882,3668.06
2026-08-20 04:40:00,0.0882,0.0884,0.0882,0.0883,11314.08
2026-08-20 04:45:00,0.0884,0.0886,0.0884,0.0885,228941.51
2026-08-20 04:50:00,0.0885,0.0886,0.0885,0.0885,47994.93
2026-08-20 04:55:00,0.0886,0.0886,0.0885,0.0886,17386.02
2026-08-20 05:00:00,0.0886,0.0886,0.0885,0.0886,82804.13
2026-08-20 05:05:00,0.0886,0.0886,0.0886,0.0886,6734.7
2026-08-20 05:10:00,0.0886,0.0886,0.0884,0.0884,107159.7
2026-08-20 05:15:00,0.0884,0.0886,0.0884,0.0886,32565.43
2026-08-20 05:20:00,0.0886,0.0886,0.0885,0.0886,52512.76
2026-08-20 05:25:00,0.0887,0.0888,0.0886,0.0887,119670.1
2026-08-20 05:30:00,0.0887,0.0888,0.0887,0.0888,7176.13
2026-08-20 05:35:00,0.0888,0.0888,0.0887,0.0888,56565.79
2026-08-20 05:40:00,0.0888,0.0888,0.0887,0.0887,25740.61
2026-08-20 05:45:00,0.0887,0.0888,0.0887,0.0888,26787.33
2026-08-20 05:50:00,0.0888,0.0888,0.0886,0.0886,188045.1
2026-08-20 05:55:00,0.0886,0.0887,0.0886,0.0887,909.76
2026-08-20 06:00:00,0.0886,0.0887,0.0886,0.0887,49245.92
2026-08-20 06:05:00,0.0887,0.0887,0.0886,0.0886,55346.28
2026-08-20 06:10:00,0.0887,0.0887,0.0886,0.0886,1261.1
2026-08-20 06:15:00,0.0886,0.0888,0.0886,0.0888,22803.17
2026-08-20 06:20:00,0.0888,0.0891,0.0888,0.0891,94791.25
2026-08-20 06:25:00,0.0891,0.0891,0.089,0.089,14337.67
2026-08-20 06:30:00,0.0891,0.0894,0.0891,0.0894,237693.94
2026-08-20 06:35:00,0.0894,0.0896,0.0894,0.0896,65560.21
2026-08-20 06:40:00,0.0896,0.0898,0.0896,0.0898,81229.02
2026-08-20 06:45:00,0.0898,0.09,0.0897,0.0899,81551.13
2026-08-20 06:50:00,0.09,0.0901,0.0898,0.0899,32241.13
2026-08-20 06:55:00,0.0899,0.09,0.0899,0.0899,21288.62
2026-08-20 07:00:00,0.0898,0.09,0.0898,0.0899,47164.28
2026-08-20 07:05:00,0.0898,0.0899,0.0898,0.0898,41135.72
2026-08-20 07:10:00,0.0899,0.0901,0.0898,0.09,106036.22
2026-08-20 07:15:00,0.09,0.09,0.0896,0.0897,235809.46
2026-08-20 07:20:00,0.0897,0.0897,0.0896,0.0897,41938.94
2026-08-20 07:25:00,0.0898,0.0898,0.0898,0.0898,26393.73
2026-08-20 07:30:00,0.0897,0.0897,0.0895,0.0896,73718.72
2026-08-20 07:35:00,0.0896,0.0896,0.0895,0.0895,66915.67
2026-08-20 07:40:00,0.0895,0.0895,0.0893,0.0895,515813.72
2026-08-20 07:45:00,0.0895,0.0898,0.0895,0.0898,28805.62
2026-08-20 07:50:00,0.0899,0.0899,0.0898,0.0898,43997.4
2026-08-20 07:55:00,0.0899,0.0899,0.0898,0.0898,21997.7
2026-08-20 08:00:00,0.0899,0.0899,0.0898,0.0899,35216.98
2026-08-20 08:05:00,0.0899,0.0908,0.0898,0.0907,205949.23
2026-08-20 08:10:00,0.0907,0.0915,0.0905,0.0913,392601.36
2026-08-20 08:15:00,0.0913,0.0914,0.0909,0.0913,221167.07
2026-08-20 08:20:00,0.0913,0.0913,0.0905,0.0906,140970.08
2026-08-20 08:25:00,0.0906,0.0909,0.0906,0.0909,151863.46
2026-08-20 08:30:00,0.091,0.0912,0.0907,0.0909,470094.03
2026-08-20 08:35:00,0.0909,0.0911,0.0907,0.0911,157758.78
2026-08-20 08:40:00,0.091,0.0914,0.091,0.0912,169391.12
2026-08-20 08:45:00,0.0912,0.0913,0.0911,0.0911,109881.26
2026-08-20 08:50:00,0.0911,0.0913,0.091,0.0913,43951.84
2026-08-20 08:55:00,0.0913,0.0916,0.0913,0.0915,221771.03
2026-08-20 09:00:00,0.0916,0.0916,0.0914,0.0914,315137.92
2026-08-20 09:05:00,0.0914,0.0917,0.0912,0.0914,134305.81
2026-08-20 09:10:00,0.0914,0.0915,0.0912,0.0913,253717.58
2026-08-20 09:15:00,0.0912,0.0914,0.0911,0.0913,171081.09
2026-08-20 09:20:00,0.0912,0.0912,0.0911,0.0912,188305.61
2026-08-20 09:25:00,0.0912,0.0912,0.0909,0.0909,265959.7
2026-08-20 09:30:00,0.0908,0.0909,0.0906,0.0907,254622.84
2026-08-20 09:35:00,0.0907,0.0908,0.0907,0.0908,70261.34
2026-08-20 09:40:00,0.0908,0.0909,0.0908,0.0908,93503.91
2026-08-20 09:45:00,0.0908,0.0908,0.0907,0.0908,66005.38
2026-08-20 09:50:00,0.0908,0.0908,0.0903,0.0903,77119.85
2026-08-20 09:55:00,0.0904,0.0906,0.0903,0.0906,135032.43
2026-08-20 10:00:00,0.0906,0.0907,0.0905,0.0907,76198.04
2026-08-20 10:05:00,0.0906,0.0907,0.0905,0.0907,360166.26
2026-08-20 10:10:00,0.0907,0.091,0.0907,0.091,51689.05
2026-08-20 10:15:00,0.091,0.0913,0.091,0.0912,87775.57
2026-08-20 10:20:00,0.0913,0.0913,0.091,0.0911,63987.25
2026-08-20 10:25:00,0.0911,0.0912,0.091,0.0912,45796.79
2026-08-20 10:30:00,0.0912,0.0913,0.0911,0.0913,65329.91
2026-08-20 10:35:00,0.0912,0.0913,0.0911,0.0913,50968.44
2026-08-20 10:40:00,0.0913,0.0914,0.0911,0.0911,46200.94
2026-08-20 10:45:00,0.0912,0.0914,0.0912,0.0913,97087.59
2026-08-20 10:50:00,0.0913,0.0914,0.0913,0.0914,56311.6
2026-08-20 10:55:00,0.0914,0.0915,0.0914,0.0914,34137.05
2026-08-20 11:00:00,0.0914,0.0914,0.0913,0.0913,106359.67
2026-08-20 11:05:00,0.0913,0.0913,0.0911,0.0912,93525.71
2026-08-20 11:10:00,0.0911,0.0912,0.091,0.0911,129768.91
2026-08-20 11:15:00,0.0911,0.0911,0.0911,0.0911,21676.09
2026-08-20 11:20:00,0.0911,0.0916,0.091,0.0915,523876.11
2026-08-20 11:25:00,0.0915,0.0916,0.0914,0.0914,65245.69
2026-08-20 11:30:00,0.0914,0.0922,0.0913,0.092,541497.05
2026-08-20 11:35:00,0.0921,0.0925,0.0921,0.0924,126836.85
2026-08-20 11:40:00,0.0924,0.0924,0.0919,0.092,114584.18
2026-08-20 11:45:00,0.092,0.092,0.0918,0.0919,82491.21
2026-08-20 11:50:00,0.0919,0.092,0.0917,0.0917,57434.36
2026-08-20 11:55:00,0.0916,0.0916,0.0913,0.0915,90290.18
2026-08-20 12:00:00,0.0915,0.0918,0.0915,0.0915,133461.45
2026-08-20 12:05:00,0.0915,0.0915,0.0906,0.091,180335.64
2026-08-20 12:10:00,0.091,0.0912,0.091,0.091,107534.98
2026-08-20 12:15:00,0.091,0.0911,0.0909,0.091,68723.65
2026-08-20 12:20:00,0.0911,0.0912,0.091,0.0911,110496.23
2026-08-20 12:25:00,0.0911,0.0911,0.091,0.091,80723.09
2026-08-20 12:30:00,0.091,0.0912,0.0909,0.0909,91761.62
2026-08-20 12:35:00,0.0909,0.0909,0.0906,0.0907,153991.46
2026-08-20 12:40:00,0.0907,0.0908,0.0905,0.0906,163600.95
2026-08-20 12:45:00,0.0906,0.0906,0.0903,0.0905,155358.4
2026-08-20 12:50:00,0.0906,0.0911,0.0905,0.0911,113276.47
2026-08-20 12:55:00,0.0912,0.0913,0.0911,0.0913,54913.17
2026-08-20 13:00:00,0.0913,0.0915,0.0911,0.0914,143160.86
2026-08-20 13:05:00,0.0915,0.0916,0.0914,0.0914,39651.43
2026-08-20 13:10:00,0.0913,0.0914,0.0913,0.0914,16144.89
2026-08-20 13:15:00,0.0914,0.0914,0.0913,0.0914,143031.47
2026-08-20 13:20:00,0.0914,0.0916,0.0912,0.0912,28716.73
2026-08-20 13:25:00,0.0912,0.0915,0.0911,0.0914,83197.06
2026-08-20 13:30:00,0.0913,0.0913,0.0906,0.0909,207210.22
2026-08-20 13:35:00,0.091,0.0912,0.0905,0.0909,282466.98
2026-08-20 13:40:00,0.0908,0.0913,0.0908,0.0913,94983.92
2026-08-20 13:45:00,0.0913,0.0915,0.0911,0.0911,301251.15
2026-08-20 13:50:00,0.0912,0.0916,0.0911,0.0915,160795.0
2026-08-20 13:55:00,0.0915,0.092,0.0915,0.0918,100575.78
2026-08-20 14:00:00,0.0919,0.092,0.0918,0.0919,151808.38
2026-08-20 14:05:00,0.0918,0.0921,0.0918,0.0921,68932.2
2026-08-20 14:10:00,0.0921,0.0925,0.0921,0.0923,173075.56
2026-08-20 14:15:00,0.0923,0.0925,0.0921,0.0922,198567.28
2026-08-20 14:20:00,0.0922,0.0926,0.0922,0.0925,115103.0
2026-08-20 14:25:00,0.0924,0.0926,0.0918,0.092,202582.52
2026-08-20 14:30:00,0.0921,0.0924,0.0921,0.0923,143498.95
2026-08-20 14:35:00,0.0923,0.0929,0.0922,0.0924,351935.17
2026-08-20 14:40:00,0.0923,0.0924,0.0923,0.0924,33658.59
2026-08-20 14:45:00,0.0924,0.0925,0.092,0.0921,66056.54
2026-08-20 14:50:00,0.0922,0.0925,0.0922,0.0924,176585.53
2026-08-20 14:55:00,0.0924,0.0926,0.0924,0.0926,55628.44
2026-08-20 15:00:00,0.0926,0.0937,0.0926,0.0935,286783.35
2026-08-20 15:05:00,0.0935,0.0937,0.0933,0.0935,450456.95
2026-08-20 15:10:00,0.0935,0.0938,0.0934,0.0938,212286.78
2026-08-20 15:15:00,0.0938,0.0943,0.0937,0.0941,585724.12
2026-08-20 15:20:00,0.0941,0.0943,0.0935,0.0937,168208.52
2026-08-20 15:25:00,0.0936,0.0943,0.0936,0.0942,136711.65
2026-08-20 15:30:00,0.0943,0.0947,0.0943,0.0944,265562.81
2026-08-20 15:35:00,0.0945,0.0945,0.0941,0.0941,461100.89
2026-08-20 15:40:00,0.0942,0.0945,0.0942,0.0943,89126.68
2026-08-20 15:45:00,0.0943,0.0948,0.0942,0.0947,219696.48
2026-08-20 15:50:00,0.0947,0.0949,0.0947,0.0948,170461.61
2026-08-20 15:55:00,0.0947,0.095,0.0947,0.0947,132782.22
2026-08-20 16:00:00,0.0948,0.0954,0.0947,0.0947,665994.3
2026-08-20 16:05:00,0.0949,0.0954,0.0948,0.0954,209922.34
2026-08-20 16:10:00,0.0955,0.0955,0.0947,0.0947,147370.14
2026-08-20 16:15:00,0.0947,0.0949,0.0943,0.0947,314664.5
2026-08-20 16:20:00,0.0946,0.0951,0.0945,0.0949,181398.85
2026-08-20 16:25:00,0.0949,0.0957,0.0949,0.0957,151716.36
2026-08-20 16:30:00,0.0957,0.0962,0.0957,0.0961,198565.6
2026-08-20 16:35:00,0.0961,0.0961,0.0956,0.0958,176997.25
2026-08-20 16:40:00,0.0958,0.0963,0.0958,0.0963,492486.82
2026-08-20 16:45:00,0.0962,0.0962,0.096,0.0962,348815.4
2026-08-20 16:50:00,0.0962,0.0964,0.0961,0.0963,192110.2
2026-08-20 16:55:00,0.0962,0.0965,0.0961,0.0963,149255.79
2026-08-20 17:00:00,0.0963,0.0964,0.0961,0.0962,77925.94
2026-08-20 17:05:00,0.0962,0.0963,0.096,0.0961,131895.34
2026-08-20 17:10:00,0.0961,0.0961,0.0959,0.096,54184.76
2026-08-20 17:15:00,0.096,0.0961,0.0958,0.0961,49696.14
2026-08-20 17:20:00,0.0962,0.0965,0.0961,0.0963,253212.39
2026-08-20 17:25:00,0.0962,0.0964,0.0962,0.0964,77141.96
2026-08-20 17:30:00,0.0964,0.0964,0.0963,0.0963,104429.82
2026-08-20 17:35:00,0.0963,0.0967,0.0962,0.0966,181688.28
2026-08-20 17:40:00,0.0965,0.0965,0.0961,0.0961,42411.1
2026-08-20 17:45:00,0.096,0.0961,0.0958,0.0959,85723.98
2026-08-20 17:50:00,0.0958,0.0959,0.0956,0.0958,79526.03
2026-08-20 17:55:00,0.0958,0.0959,0.0956,0.0956,83026.64
2026-08-20 18:00:00,0.0956,0.0957,0.0951,0.0951,257594.08
2026-08-20 18:05:00,0.0951,0.0951,0.0949,0.095,89982.39
2026-08-20 18:10:00,0.0949,0.095,0.0944,0.0945,263047.98
2026-08-20 18:15:00,0.0945,0.0946,0.0943,0.0944,90339.69
2026-08-20 18:20:00,0.0944,0.0945,0.0941,0.0942,68090.14
2026-08-20 18:25:00,0.0943,0.0943,0.0939,0.094,61369.33
2026-08-20 18:30:00,0.094,0.094,0.0933,0.0934,144958.36
2026-08-20 18:35:00,0.0935,0.0938,0.0935,0.0937,92296.05
2026-08-20 18:40:00,0.0936,0.094,0.0935,0.0938,83291.05
2026-08-20 18:45:00,0.0938,0.094,0.0937,0.094,120220.29
2026-08-20 18:50:00,0.0939,0.0941,0.0938,0.0939,65102.13
2026-08-20 18:55:00,0.0939,0.0939,0.0935,0.0935,49319.1
2026-08-20 19:00:00,0.0934,0.0936,0.0934,0.0935,132756.3
2026-08-20 19:05:00,0.0935,0.0937,0.0935,0.0936,34813.85
2026-08-20 19:10:00,0.0936,0.0937,0.0935,0.0936,38849.29
2026-08-20 19:15:00,0.0936,0.0937,0.0935,0.0936,36043.53
2026-08-20 19:20:00,0.0936,0.0938,0.0935,0.0938,10630.02
2026-08-20 19:25:00,0.0938,0.0938,0.0934,0.0934,107165.47
2026-08-20 19:30:00,0.0935,0.0935,0.0932,0.0932,40824.05
2026-08-20 19:35:00,0.0932,0.0935,0.0932,0.0934,195753.44
2026-08-20 19:40:00,0.0934,0.0935,0.0933,0.0933,94530.6
2026-08-20 19:45:00,0.0933,0.0934,0.0931,0.0934,46533.09
2026-08-20 19:50:00,0.0933,0.0934,0.0932,0.0934,30525.3
2026-08-20 19:55:00,0.0933,0.0933,0.0933,0.0933,39580.21
2026-08-20 20:00:00,0.0933,0.0935,0.0933,0.0935,35629.78
2026-08-20 20:05:00,0.0936,0.0939,0.0936,0.0938,70306.74
2026-08-20 20:10:00,0.0939,0.0942,0.0939,0.0942,164525.89
2026-08-20 20:15:00,0.0942,0.0943,0.0941,0.0942,69104.57
2026-08-20 20:20:00,0.0943,0.0944,0.0941,0.0944,123928.63
2026-08-20 20:25:00,0.0943,0.0946,0.0943,0.0944,67098.16
2026-08-20 20:30:00,0.0945,0.0947,0.0945,0.0946,42480.82
2026-08-20 20:35:00,0.0945,0.0946,0.0945,0.0945,64947.55
2026-08-20 20:40:00,0.0945,0.0947,0.0944,0.0946,40882.97
2026-08-20 20:45:00,0.0947,0.0949,0.0947,0.0949,64309.3
2026-08-20 20:50:00,0.0949,0.0949,0.0946,0.0948,44789.18
2026-08-20 20:55:00,0.0947,0.0951,0.0947,0.0949,84209.35
2026-08-20 21:00:00,0.095,0.0951,0.0949,0.095,210543.83
2026-08-20 21:05:00,0.095,0.0955,0.0949,0.0955,1362838.75
2026-08-20 21:10:00,0.0956,0.0956,0.0954,0.0955,153036.9
2026-08-20 21:15:00,0.0955,0.0956,0.0951,0.0953,144674.84
2026-08-20 21:20:00,0.0952,0.0953,0.0949,0.095,135590.9
2026-08-20 21:25:00,0.095,0.095,0.0948,0.0948,15326.47
2026-08-20 21:30:00,0.0949,0.0954,0.0949,0.0954,94804.01
2026-08-20 21:35:00,0.0954,0.0954,0.0952,0.0952,14498.16
2026-08-20 21:40:00,0.0952,0.0952,0.0952,0.0952,16178.43
2026-08-20 21:45:00,0.0951,0.0954,0.0951,0.0954,81161.92
2026-08-20 21:50:00,0.0954,0.0957,0.0954,0.0956,46475.75
2026-08-20 21:55:00,0.0955,0.0956,0.0954,0.0956,11951.35
2026-08-20 22:00:00,0.0956,0.0957,0.0954,0.0954,47277.94
2026-08-20 22:05:00,0.0954,0.0957,0.0954,0.0957,50950.99
2026-08-20 22:10:00,0.0957,0.0959,0.0956,0.0957,43644.99
2026-08-20 22:15:00,0.0957,0.0959,0.0957,0.0957,121459.98
2026-08-20 22:20:00,0.0957,0.0961,0.0957,0.0959,153801.33
2026-08-20 22:25:00,0.096,0.096,0.0958,0.0958,63844.53
2026-08-20 22:30:00,0.0958,0.0961,0.0957,0.096,36069.67
2026-08-20 22:35:00,0.096,0.0963,0.096,0.0962,192636.86
2026-08-20 22:40:00,0.0963,0.0963,0.0962,0.0962,75912.0
2026-08-20 22:45:00,0.0962,0.0966,0.0962,0.0965,162095.36
2026-08-20 22:50:00,0.0965,0.0967,0.0964,0.0965,239850.16
2026-08-20 22:55:00,0.0965,0.0966,0.0964,0.0966,79489.59
2026-08-20 23:00:00,0.0966,0.0971,0.0966,0.0971,179371.71
2026-08-20 23:05:00,0.0971,0.0974,0.097,0.0974,102183.89
2026-08-20 23:10:00,0.0974,0.0976,0.0971,0.0972,136428.4
2026-08-20 23:15:00,0.0972,0.0974,0.097,0.0974,99931.98
2026-08-20 23:20:00,0.0975,0.0976,0.0975,0.0976,65777.56
2026-08-20 23:25:00,0.0977,0.0979,0.0976,0.0977,207018.26
2026-08-20 23:30:00,0.0977,0.0979,0.0976,0.0978,122247.71
2026-08-20 23:35:00,0.0979,0.0979,0.0976,0.0977,96067.51
2026-08-20 23:40:00,0.0978,0.0982,0.0978,0.0981,367836.52
2026-08-20 23:45:00,0.0981,0.0981,0.0979,0.0979,90541.82
2026-08-20 23:50:00,0.098,0.0982,0.098,0.0982,88867.35
2026-08-20 23:55:00,0.0982,0.0983,0.098,0.098,102420.42
2026-08-21 00:00:00,0.098,0.0999,0.0979,0.0985,1660790.68
2026-08-21 00:05:00,0.0985,0.0986,0.0981,0.0981,257185.21
2026-08-21 00:10:00,0.0982,0.0982,0.0975,0.0978,221895.84
2026-08-21 00:15:00,0.0978,0.0983,0.0975,0.0981,147026.28
2026-08-21 00:20:00,0.0981,0.0986,0.098,0.0982,541112.96
2026-08-21 00:25:00,0.0982,0.0982,0.0977,0.0977,160800.52
2026-08-21 00:30:00,0.0978,0.0981,0.0976,0.0976,161063.68
2026-08-21 00:35:00,0.0976,0.0976,0.097,0.0971,547556.86
2026-08-21 00:40:00,0.0972,0.0972,0.0969,0.0971,79779.33
2026-08-21 00:45:00,0.0972,0.0973,0.0969,0.0972,114031.04
2026-08-21 00:50:00,0.0971,0.0972,0.0971,0.0971,33627.98
2026-08-21 00:55:00,0.097,0.0971,0.0969,0.0971,44077.88
2026-08-21 01:00:00,0.0971,0.0975,0.097,0.0975,40829.1
2026-08-21 01:05:00,0.0974,0.0978,0.0974,0.0978,33734.89
2026-08-21 01:10:00,0.0978,0.0978,0.0976,0.0977,453074.73
2026-08-21 01:15:00,0.0976,0.0981,0.0975,0.0978,269746.88
2026-08-21 01:20:00,0.0978,0.0978,0.0969,0.0969,243946.64
2026-08-21 01:25:00,0.0968,0.097,0.0967,0.097,114012.94
2026-08-21 01:30:00,0.0969,0.0973,0.0968,0.0971,148797.48
2026-08-21 01:35:00,0.0972,0.0972,0.0968,0.0968,45274.71
2026-08-21 01:40:00,0.0969,0.0972,0.0968,0.0971,132728.94
2026-08-21 01:45:00,0.0971,0.0979,0.0971,0.0978,179748.51
2026-08-21 01:50:00,0.0978,0.0979,0.0976,0.0978,195489.2
2026-08-21 01:55:00,0.0977,0.0979,0.0976,0.0978,88810.51
2026-08-21 02:00:00,0.0979,0.0979,0.0973,0.0976,354604.14
2026-08-21 02:05:00,0.0975,0.0979,0.0974,0.0974,125856.19
2026-08-21 02:10:00,0.0974,0.0974,0.0968,0.0971,62887.51
2026-08-21 02:15:00,0.097,0.0971,0.0967,0.0971,129081.88
2026-08-21 02:20:00,0.097,0.0975,0.097,0.0972,141083.65
2026-08-21 02:25:00,0.0972,0.0974,0.0972,0.0973,145760.4
2026-08-21 02:30:00,0.0973,0.0975,0.0968,0.0971,201318.86
2026-08-21 02:35:00,0.0972,0.0972,0.097,0.0971,77574.04
2026-08-21 02:40:00,0.0971,0.0978,0.0971,0.0974,469176.99
2026-08-21 02:45:00,0.0974,0.0974,0.0971,0.0971,97344.35
2026-08-21 02:50:00,0.0972,0.0973,0.0971,0.0971,69897.28
2026-08-21 02:55:00,0.0972,0.0972,0.097,0.097,18091.81
2026-08-21 03:00:00,0.097,0.097,0.0967,0.0968,96311.4
2026-08-21 03:05:00,0.0968,0.0968,0.0964,0.0964,231996.58
2026-08-21 03:10:00,0.0965,0.0968,0.0964,0.0967,53432.51
2026-08-21 03:15:00,0.0966,0.0966,0.0964,0.0966,160228.35
2026-08-21 03:20:00,0.0966,0.0968,0.0965,0.0968,58625.73
2026-08-21 03:25:00,0.0968,0.0968,0.0967,0.0967,157030.69
2026-08-21 03:30:00,0.0967,0.0971,0.0967,0.097,42502.72
2026-08-21 03:35:00,0.0971,0.0971,0.0969,0.0969,96445.03
2026-08-21 03:40:00,0.097,0.0972,0.0969,0.0969,72530.01
2026-08-21 03:45:00,0.0969,0.0973,0.0969,0.0971,63260.51
2026-08-21 03:50:00,0.0972,0.0972,0.0969,0.0971,80727.16
2026-08-21 03:55:00,0.0971,0.0972,0.097,0.097,53581.2
2026-08-21 04:00:00,0.097,0.0971,0.0955,0.097,1491466.47
2026-08-21 04:05:00,0.097,0.0971,0.0967,0.0968,185474.62
2026-08-21 04:10:00,0.0968,0.0969,0.0967,0.0967,62668.93
2026-08-21 04:15:00,0.0968,0.0969,0.0967,0.0969,61031.28
2026-08-21 04:20:00,0.0969,0.097,0.0968,0.0968,98510.63
2026-08-21 04:25:00,0.0968,0.0969,0.0967,0.0967,41166.24
2026-08-21 04:30:00,0.0967,0.0971,0.0967,0.0971,47304.14
2026-08-21 04:35:00,0.0971,0.0972,0.0971,0.0971,43201.71
2026-08-21 04:40:00,0.097,0.0971,0.0967,0.0971,116272.3
2026-08-21 04:45:00,0.0971,0.0974,0.0971,0.0974,210496.29
2026-08-21 04:50:00,0.0973,0.0976,0.0973,0.0976,118258.11
2026-08-21 04:55:00,0.0977,0.0977,0.0975,0.0976,131732.81
2026-08-21 05:00:00,0.0976,0.0976,0.0971,0.0972,190924.82
2026-08-21 05:05:00,0.0972,0.0976,0.0971,0.0973,260270.47
2026-08-21 05:10:00,0.0972,0.0975,0.0972,0.0974,69363.61
2026-08-21 05:15:00,0.0974,0.0975,0.0973,0.0973,115733.04
2026-08-21 05:20:00,0.0973,0.0973,0.0969,0.0969,169850.65
2026-08-21 05:25:00,0.0969,0.0971,0.0967,0.0971,43154.99
2026-08-21 05:30:00,0.097,0.0973,0.097,0.0973,34013.46
2026-08-21 05:35:00,0.0973,0.0976,0.0972,0.0974,234488.22
2026-08-21 05:40:00,0.0973,0.0975,0.0973,0.0974,115280.64
2026-08-21 05:45:00,0.0974,0.0976,0.0974,0.0976,73580.3
2026-08-21 05:50:00,0.0976,0.098,0.0975,0.0979,95257.51
2026-08-21 05:55:00,0.098,0.0984,0.0978,0.0979,641614.91
2026-08-21 06:00:00,0.098,0.0991,0.0979,0.0983,811997.29
2026-08-21 06:05:00,0.0984,0.0984,0.0983,0.0983,65534.66
2026-08-21 06:10:00,0.0983,0.0984,0.0981,0.0983,106697.68
2026-08-21 06:15:00,0.0984,0.0989,0.0983,0.0988,265776.08
2026-08-21 06:20:00,0.0987,0.0987,0.0982,0.0985,87310.06
2026-08-21 06:25:00,0.0985,0.0987,0.0984,0.0984,74506.66
2026-08-21 06:30:00,0.0985,0.0986,0.0984,0.0985,142621.26
2026-08-21 06:35:00,0.0984,0.0985,0.0982,0.0983,53532.05
2026-08-21 06:40:00,0.0983,0.0983,0.098,0.0982,164630.93
2026-08-21 06:45:00,0.0981,0.0983,0.0979,0.0982,116425.52
2026-08-21 06:50:00,0.0982,0.0984,0.0982,0.0984,55231.82
2026-08-21 06:55:00,0.0985,0.0986,0.0982,0.0982,68437.71
2026-08-21 07:00:00,0.0982,0.0982,0.0979,0.0982,229202.11
2026-08-21 07:05:00,0.0983,0.0984,0.0981,0.0984,97639.75
2026-08-21 07:10:00,0.0984,0.0985,0.0983,0.0984,205606.56
2026-08-21 07:15:00,0.0984,0.0991,0.0984,0.0987,303120.93
2026-08-21 07:20:00,0.0987,0.0988,0.0983,0.0984,139478.07
2026-08-21 07:25:00,0.0984,0.0987,0.0984,0.0985,209107.15
2026-08-21 07:30:00,0.0985,0.0989,0.0985,0.0988,319623.41
2026-08-21 07:35:00,0.0987,0.0989,0.0987,0.0989,119760.18
2026-08-21 07:40:00,0.0989,0.0993,0.0989,0.0991,200548.25
2026-08-21 07:45:00,0.0991,0.0993,0.0988,0.0988,283866.87
2026-08-21 07:50:00,0.0988,0.0991,0.0988,0.0991,121192.04
2026-08-21 07:55:00,0.099,0.099,0.0987,0.0988,191377.28
2026-08-21 08:00:00,0.0989,0.0992,0.0989,0.0991,97788.28
2026-08-21 08:05:00,0.0991,0.0991,0.0988,0.0989,96448.75
2026-08-21 08:10:00,0.0989,0.099,0.0988,0.0988,87361.62
2026-08-21 08:15:00,0.0989,0.0994,0.0989,0.0992,83353.23
2026-08-21 08:20:00,0.0992,0.0995,0.0992,0.0993,241052.23
2026-08-21 08:25:00,0.0993,0.0996,0.0993,0.0995,588708.32
2026-08-21 08:30:00,0.0994,0.0998,0.0994,0.0997,306213.39
2026-08-21 08:35:00,0.0997,0.0999,0.0996,0.0998,137899.66
2026-08-21 08:40:00,0.0998,0.1003,0.0998,0.1001,267562.4
2026-08-21 08:45:00,0.1001,0.1007,0.1001,0.1007,202097.16
2026-08-21 08:50:00,0.1006,0.1013,0.1005,0.1012,825216.35
2026-08-21 08:55:00,0.1012,0.1017,0.1011,0.1016,361296.74
2026-08-21 09:00:00,0.1015,0.1017,0.0987,0.0993,1540610.96
2026-08-21 09:05:00,0.0993,0.0995,0.0979,0.0991,652881.87
2026-08-21 09:10:00,0.0992,0.0995,0.0989,0.0989,329853.41
2026-08-21 09:15:00,0.0989,0.099,0.0984,0.0985,610411.07
2026-08-21 09:20:00,0.0985,0.0989,0.0983,0.0988,206767.19
2026-08-21 09:25:00,0.0988,0.0997,0.0987,0.0996,271242.01
2026-08-21 09:30:00,0.0997,0.1006,0.0997,0.1005,199983.34
2026-08-21 09:35:00,0.1004,0.101,0.1004,0.101,301619.27
2026-08-21 09:40:00,0.101,0.1012,0.1007,0.1011,214343.0
2026-08-21 09:45:00,0.1011,0.1017,0.1011,0.1015,753212.75
2026-08-21 09:50:00,0.1014,0.1014,0.1008,0.1008,457458.57
2026-08-21 09:55:00,0.1009,0.1009,0.0999,0.1009,238717.62
2026-08-21 10:00:00,0.1009,0.1009,0.1005,0.1006,179973.83
2026-08-21 10:05:00,0.1007,0.1011,0.1007,0.1011,388826.98
2026-08-21 10:10:00,0.1011,0.1014,0.1011,0.1011,183064.87
2026-08-21 10:15:00,0.1011,0.1017,0.1011,0.1016,200455.77
2026-08-21 10:20:00,0.1017,0.1017,0.1011,0.1012,424189.63
2026-08-21 10:25:00,0.1013,0.1013,0.1005,0.101,322299.21
2026-08-21 10:30:00,0.101,0.101,0.1003,0.1005,268318.0
2026-08-21 10:35:00,0.1004,0.1006,0.1003,0.1006,162368.42
2026-08-21 10:40:00,0.1007,0.1009,0.1005,0.1007,212027.09
2026-08-21 10:45:00,0.1008,0.1014,0.1008,0.101,120512.54
2026-08-21 10:50:00,0.101,0.1013,0.101,0.1012,127998.22
2026-08-21 10:55:00,0.1012,0.1012,0.101,0.101,135324.31
2026-08-21 11:00:00,0.101,0.1014,0.1008,0.1014,140563.5
2026-08-21 11:05:00,0.1015,0.1015,0.1012,0.1013,122068.14
2026-08-21 11:10:00,0.1014,0.1019,0.1005,0.1014,524487.67
2026-08-21 11:15:00,0.1014,0.1015,0.101,0.1011,109564.11
2026-08-21 11:20:00,0.1011,0.1019,0.1011,0.1017,277149.0
2026-08-21 11:25:00,0.1016,0.102,0.1016,0.102,217030.08
2026-08-21 11:30:00,0.102,0.1024,0.1002,0.1006,747598.47
2026-08-21 11:35:00,0.1006,0.1013,0.1005,0.1012,184724.1
2026-08-21 11:40:00,0.1012,0.1014,0.1008,0.101,102346.13
2026-08-21 11:45:00,0.101,0.101,0.1003,0.1005,177101.24
2026-08-21 11:50:00,0.1004,0.1015,0.1004,0.1015,151102.01
2026-08-21 11:55:00,0.1015,0.1016,0.101,0.1012,209039.12
2026-08-21 12:00:00,0.1013,0.1015,0.101,0.1013,522300.75
2026-08-21 12:05:00,0.1013,0.1017,0.1013,0.1016,123521.07
2026-08-21 12:10:00,0.1016,0.102,0.1013,0.1019,149573.92
2026-08-21 12:15:00,0.1019,0.1024,0.1018,0.102,123320.7
2026-08-21 12:20:00,0.102,0.1021,0.1015,0.1021,306355.05
2026-08-21 12:25:00,0.102,0.1022,0.1017,0.1021,122191.78
2026-08-21 12:30:00,0.1021,0.1023,0.1019,0.102,192628.49
2026-08-21 12:35:00,0.1021,0.103,0.1021,0.103,204765.28
2026-08-21 12:40:00,0.103,0.103,0.1026,0.1028,241634.18
2026-08-21 12:45:00,0.1028,0.1028,0.1023,0.1024,67384.73
2026-08-21 12:50:00,0.1025,0.1026,0.1018,0.1018,309152.36
2026-08-21 12:55:00,0.1019,0.102,0.1015,0.1015,185521.01
2026-08-21 13:00:00,0.1015,0.1019,0.1013,0.1019,164863.98
2026-08-21 13:05:00,0.102,0.1023,0.1019,0.102,104321.26
2026-08-21 13:10:00,0.102,0.102,0.1017,0.1019,71887.17
2026-08-21 13:15:00,0.102,0.1021,0.1014,0.1017,322274.77
2026-08-21 13:20:00,0.1017,0.1021,0.1015,0.1015,207142.16
2026-08-21 13:25:00,0.1015,0.1016,0.1011,0.1011,176758.1
2026-08-21 13:30:00,0.1011,0.1011,0.1004,0.1009,225104.44
2026-08-21 13:35:00,0.1009,0.1014,0.1004,0.1014,169010.86
2026-08-21 13:40:00,0.1014,0.1021,0.1014,0.1021,95314.58
2026-08-21 13:45:00,0.102,0.1025,0.1018,0.1024,185508.9
2026-08-21 13:50:00,0.1025,0.1027,0.1024,0.1025,157227.75
2026-08-21 13:55:00,0.1025,0.1027,0.1022,0.1025,158280.87
2026-08-21 14:00:00,0.1026,0.1027,0.102,0.1021,312764.33
2026-08-21 14:05:00,0.1021,0.1029,0.1021,0.1027,258126.5
2026-08-21 14:10:00,0.1028,0.1029,0.1022,0.1024,74787.45
2026-08-21 14:15:00,0.1025,0.1027,0.1021,0.1021,96207.22
2026-08-21 14:20:00,0.1021,0.1028,0.102,0.1026,146796.55
2026-08-21 14:25:00,0.1026,0.1032,0.1026,0.103,115406.97
2026-08-21 14:30:00,0.1031,0.1035,0.103,0.1032,128017.53
2026-08-21 14:35:00,0.1033,0.1037,0.1026,0.1026,231842.4
2026-08-21 14:40:00,0.1026,0.1028,0.1025,0.1027,103440.9
2026-08-21 14:45:00,0.1028,0.1038,0.1027,0.1035,442823.27
2026-08-21 14:50:00,0.1036,0.1046,0.1036,0.1039,512200.39
2026-08-21 14:55:00,0.1038,0.1042,0.1037,0.104,197257.09
2026-08-21 15:00:00,0.104,0.1047,0.104,0.1046,234272.73
2026-08-21 15:05:00,0.1046,0.1052,0.1045,0.1052,612505.66
2026-08-21 15:10:00,0.1052,0.1054,0.1048,0.105,162749.64
2026-08-21 15:15:00,0.105,0.1051,0.104,0.1043,308857.79
2026-08-21 15:20:00,0.1042,0.1043,0.1039,0.104,149181.18
2026-08-21 15:25:00,0.104,0.1045,0.104,0.1041,247047.12
2026-08-21 15:30:00,0.1041,0.1047,0.1038,0.1038,348685.45
2026-08-21 15:35:00,0.1038,0.1045,0.1038,0.1045,251290.29
2026-08-21 15:40:00,0.1045,0.1047,0.1043,0.1043,192750.99
2026-08-21 15:45:00,0.1043,0.1048,0.1043,0.1047,105797.83
2026-08-21 15:50:00,0.1046,0.1051,0.1046,0.1047,160720.0
2026-08-21 15:55:00,0.1047,0.1049,0.1045,0.1047,134920.07
2026-08-21 16:00:00,0.1048,0.1052,0.1048,0.1052,440034.21
2026-08-21 16:05:00,0.1052,0.1053,0.1045,0.1047,290390.31
2026-08-21 16:10:00,0.1046,0.1049,0.1039,0.1039,234914.35
2026-08-21 16:15:00,0.1039,0.1045,0.1038,0.1044,97003.54
2026-08-21 16:20:00,0.1045,0.105,0.1044,0.1049,231640.74
2026-08-21 16:25:00,0.1049,0.1055,0.1047,0.1054,447868.2
2026-08-21 16:30:00,0.1054,0.1056,0.1054,0.1055,121038.47
2026-08-21 16:35:00,0.1054,0.1055,0.1051,0.1054,140142.93
2026-08-21 16:40:00,0.1055,0.1056,0.1053,0.1053,157254.34
2026-08-21 16:45:00,0.1053,0.1053,0.1049,0.1049,496068.57
2026-08-21 16:50:00,0.1048,0.105,0.1047,0.1047,249176.62
2026-08-21 16:55:00,0.1046,0.1047,0.1044,0.1044,114878.08
2026-08-21 17:00:00,0.1044,0.1048,0.1042,0.1044,158544.71
2026-08-21 17:05:00,0.1044,0.1048,0.1042,0.1045,148489.56
2026-08-21 17:10:00,0.1046,0.1046,0.104,0.1043,243891.25
2026-08-21 17:15:00,0.1042,0.1042,0.1037,0.1037,144367.24
2026-08-21 17:20:00,0.1037,0.1037,0.1033,0.1033,161529.38
2026-08-21 17:25:00,0.1034,0.1038,0.1033,0.1038,145686.2
2026-08-21 17:30:00,0.1038,0.1041,0.1036,0.104,76233.33
2026-08-21 17:35:00,0.104,0.1041,0.1038,0.104,93309.12
2026-08-21 17:40:00,0.1041,0.1042,0.1039,0.1039,245370.38
2026-08-21 17:45:00,0.104,0.1041,0.1038,0.1039,78667.45
2026-08-21 17:50:00,0.1039,0.1041,0.1038,0.1039,59184.26
2026-08-21 17:55:00,0.1039,0.1041,0.1037,0.1038,121834.66
2026-08-21 18:00:00,0.1038,0.1038,0.1035,0.1036,114769.33
2026-08-21 18:05:00,0.1037,0.1039,0.1035,0.1035,176126.28
2026-08-21 18:10:00,0.1035,0.1037,0.1035,0.1035,114429.77
2026-08-21 18:15:00,0.1036,0.104,0.1036,0.1038,72749.29
2026-08-21 18:20:00,0.1039,0.1039,0.1038,0.1038,20765.06
2026-08-21 18:25:00,0.1038,0.104,0.1038,0.1038,33487.65
2026-08-21 18:30:00,0.1037,0.1039,0.1036,0.1039,67144.34
2026-08-21 18:35:00,0.1038,0.1038,0.102,0.103,838693.93
2026-08-21 18:40:00,0.103,0.103,0.1019,0.102,211983.52
2026-08-21 18:45:00,0.102,0.102,0.1015,0.1017,338082.33
2026-08-21 18:50:00,0.1018,0.1023,0.1018,0.102,118594.88
2026-08-21 18:55:00,0.1019,0.1022,0.1019,0.1022,117030.89
2026-08-21 19:00:00,0.1021,0.1021,0.1003,0.1008,685164.15
2026-08-21 19:05:00,0.1008,0.1014,0.1008,0.1014,233772.12
2026-08-21 19:10:00,0.1014,0.1018,0.1014,0.1016,123307.62
2026-08-21 19:15:00,0.1016,0.1017,0.1012,0.1015,71836.69
2026-08-21 19:20:00,0.1015,0.102,0.1014,0.1019,67250.34
2026-08-21 19:25:00,0.1021,0.1023,0.1021,0.1023,13116.65
2026-08-21 19:30:00,0.1023,0.1023,0.1019,0.1019,192786.03
2026-08-21 19:35:00,0.1019,0.102,0.1018,0.102,138801.46
2026-08-21 19:40:00,0.102,0.1023,0.1019,0.1022,66751.34
2026-08-21 19:45:00,0.1022,0.1026,0.1022,0.1026,141556.66
2026-08-21 19:50:00,0.1026,0.1026,0.1022,0.1024,82710.18
2026-08-21 19:55:00,0.1025,0.1025,0.1023,0.1024,32825.65
2026-08-21 20:00:00,0.1024,0.103,0.102,0.103,195969.84
2026-08-21 20:05:00,0.1031,0.1034,0.1028,0.1033,102783.94
2026-08-21 20:10:00,0.1033,0.1035,0.1033,0.1033,58680.86
2026-08-21 20:15:00,0.1033,0.104,0.1032,0.1039,110112.32
2026-08-21 20:20:00,0.1038,0.104,0.1037,0.1039,63827.87
2026-08-21 20:25:00,0.1039,0.104,0.1037,0.1039,56721.57
2026-08-21 20:30:00,0.1039,0.104,0.1037,0.1037,49959.47
2026-08-21 20:35:00,0.1037,0.1039,0.1035,0.1037,94829.94
2026-08-21 20:40:00,0.1037,0.1045,0.1037,0.1044,155645.18
2026-08-21 20:45:00,0.1044,0.1045,0.1042,0.1045,163570.19
2026-08-21 20:50:00,0.1045,0.1052,0.1045,0.1052,402836.26
2026-08-21 20:55:00,0.1052,0.1054,0.105,0.1053,154672.75
2026-08-21 21:00:00,0.1054,0.1057,0.1051,0.1055,154933.39
2026-08-21 21:05:00,0.1056,0.1056,0.1049,0.1049,111695.75
2026-08-21 21:10:00,0.1049,0.1058,0.1049,0.1054,261624.36
2026-08-21 21:15:00,0.1053,0.1066,0.1053,0.1057,626925.91
2026-08-21 21:20:00,0.1057,0.1062,0.1051,0.1058,352835.75
2026-08-21 21:25:00,0.1058,0.1061,0.1056,0.1057,83568.64
2026-08-21 21:30:00,0.1057,0.1067,0.1057,0.1065,144818.84
2026-08-21 21:35:00,0.1065,0.1065,0.1056,0.106,140935.03
2026-08-21 21:40:00,0.1061,0.1068,0.1061,0.1067,303950.21
2026-08-21 21:45:00,0.1067,0.107,0.1064,0.1066,129797.96
2026-08-21 21:50:00,0.1065,0.1072,0.1064,0.1071,463953.18
2026-08-21 21:55:00,0.1071,0.1071,0.1066,0.1067,188293.05
2026-08-21 22:00:00,0.1068,0.1074,0.1066,0.1072,284591.78
2026-08-21 22:05:00,0.1071,0.1078,0.107,0.1077,273331.65
2026-08-21 22:10:00,0.1077,0.1078,0.1074,0.1077,638165.98
2026-08-21 22:15:00,0.1077,0.108,0.1075,0.1079,311114.55
2026-08-21 22:20:00,0.1079,0.108,0.1074,0.1076,143475.13
2026-08-21 22:25:00,0.1076,0.1077,0.1073,0.1074,96893.05
2026-08-21 22:30:00,0.1075,0.1076,0.1066,0.1073,186631.58
2026-08-21 22:35:00,0.1074,0.108,0.1073,0.1079,54441.44
2026-08-21 22:40:00,0.1079,0.1081,0.1079,0.108,67751.83
2026-08-21 22:45:00,0.1079,0.1081,0.1077,0.1079,69708.24
2026-08-21 22:50:00,0.1079,0.1084,0.1078,0.1082,247364.94
2026-08-21 22:55:00,0.1082,0.1084,0.1079,0.108,175328.11
2026-08-21 23:00:00,0.1081,0.1083,0.1078,0.108,199478.12
2026-08-21 23:05:00,0.1081,0.1082,0.1078,0.1081,113209.8
2026-08-21 23:10:00,0.108,0.1082,0.1078,0.108,51985.94
2026-08-21 23:15:00,0.1081,0.1082,0.1079,0.1081,138301.82
2026-08-21 23:20:00,0.1081,0.1083,0.1079,0.1083,86420.05
2026-08-21 23:25:00,0.1082,0.1084,0.1078,0.1078,388702.16
2026-08-21 23:30:00,0.1079,0.108,0.1074,0.1074,126573.99
2026-08-21 23:35:00,0.1075,0.1075,0.107,0.107,105623.64
2026-08-21 23:40:00,0.1071,0.1073,0.1068,0.1073,87895.9
2026-08-21 23:45:00,0.1073,0.1073,0.107,0.1071,66419.5
2026-08-21 23:50:00,0.1071,0.1071,0.1068,0.1071,215570.23
2026-08-21 23:55:00,0.1071,0.1072,0.1069,0.1072,129681.84
2026-08-22 00:00:00,0.1072,0.1076,0.1066,0.1069,567154.89
2026-08-22 00:05:00,0.1069,0.1069,0.1061,0.1067,427410.62
2026-08-22 00:10:00,0.1068,0.1072,0.1068,0.1071,327490.7
2026-08-22 00:15:00,0.1071,0.1073,0.1069,0.1069,54790.1
2026-08-22 00:20:00,0.107,0.1073,0.107,0.1072,70121.25
2026-08-22 00:25:00,0.1072,0.1076,0.107,0.107,425036.49
2026-08-22 00:30:00,0.107,0.1076,0.107,0.1075,159065.65
2026-08-22 00:35:00,0.1075,0.108,0.1075,0.108,154841.9
2026-08-22 00:40:00,0.1081,0.1082,0.1079,0.108,335040.26
2026-08-22 00:45:00,0.108,0.108,0.1074,0.1079,109771.25
2026-08-22 00:50:00,0.108,0.1088,0.108,0.1087,212599.62
2026-08-22 00:55:00,0.1087,0.1089,0.1085,0.1088,77293.01
2026-08-22 01:00:00,0.1088,0.1092,0.1086,0.1091,232235.99
2026-08-22 01:05:00,0.109,0.1092,0.1088,0.1091,189994.62
2026-08-22 01:10:00,0.1091,0.1091,0.1083,0.1084,188537.63
2026-08-22 01:15:00,0.1085,0.1089,0.1085,0.1088,72165.6
2026-08-22 01:20:00,0.1088,0.1088,0.1083,0.1083,123548.18
2026-08-22 01:25:00,0.1084,0.1085,0.1083,0.1085,91291.44
2026-08-22 01:30:00,0.1085,0.1089,0.1084,0.1088,37438.56
2026-08-22 01:35:00,0.1088,0.1088,0.1085,0.1086,112490.57
2026-08-22 01:40:00,0.1086,0.1087,0.1085,0.1086,34939.36
2026-08-22 01:45:00,0.1086,0.1086,0.1079,0.1079,65094.97
2026-08-22 01:50:00,0.108,0.1084,0.108,0.1081,83366.61
2026-08-22 01:55:00,0.1081,0.109,0.1081,0.1083,199360.64
2026-08-22 02:00:00,0.1083,0.1088,0.1083,0.1088,104557.4
2026-08-22 02:05:00,0.1088,0.1089,0.1087,0.1087,44610.2
2026-08-22 02:10:00,0.1087,0.1093,0.1087,0.1093,140295.28
2026-08-22 02:15:00,0.1092,0.11,0.1092,0.1097,352680.9
2026-08-22 02:20:00,0.1098,0.1102,0.1097,0.1101,215142.33
2026-08-22 02:25:00,0.1102,0.1106,0.1102,0.1106,112287.74
2026-08-22 02:30:00,0.1106,0.111,0.1106,0.1108,198378.21
2026-08-22 02:35:00,0.1107,0.111,0.1102,0.1104,440628.88
2026-08-22 02:40:00,0.1104,0.1107,0.1102,0.1107,323961.34
2026-08-22 02:45:00,0.1108,0.1109,0.1107,0.1108,186671.52
2026-08-22 02:50:00,0.1108,0.1112,0.1107,0.1111,303056.54
2026-08-22 02:55:00,0.1112,0.1121,0.1112,0.112,427121.89
2026-08-22 03:00:00,0.1121,0.1134,0.1117,0.1131,557293.64
2026-08-22 03:05:00,0.1132,0.1133,0.1127,0.1129,210950.66
2026-08-22 03:10:00,0.1129,0.1132,0.1127,0.1131,411137.27
2026-08-22 03:15:00,0.1132,0.1155,0.1131,0.1147,1081133.26
2026-08-22 03:20:00,0.1147,0.1152,0.1143,0.1148,288032.95
2026-08-22 03:25:00,0.1148,0.1151,0.1146,0.115,272910.74
2026-08-22 03:30:00,0.115,0.1156,0.1149,0.1154,169498.9
2026-08-22 03:35:00,0.1155,0.1161,0.1151,0.116,261772.34
2026-08-22 03:40:00,0.1161,0.1162,0.1155,0.116,293037.6
2026-08-22 03:45:00,0.116,0.1162,0.1156,0.1162,214227.93
2026-08-22 03:50:00,0.1162,0.1169,0.1162,0.1167,342871.05
2026-08-22 03:55:00,0.1167,0.1174,0.1165,0.1167,503282.42
2026-08-22 04:00:00,0.1167,0.1185,0.1167,0.1184,447821.77
2026-08-22 04:05:00,0.1185,0.119,0.1176,0.119,653065.37
2026-08-22 04:10:00,0.119,0.1192,0.1184,0.1191,394586.19
2026-08-22 04:15:00,0.119,0.1191,0.1184,0.1188,231357.49
2026-08-22 04:20:00,0.1189,0.1205,0.1188,0.1202,610996.43
2026-08-22 04:25:00,0.1202,0.1209,0.1196,0.1204,354121.74
2026-08-22 04:30:00,0.1205,0.122,0.1205,0.1213,623294.61
2026-08-22 04:35:00,0.1212,0.1221,0.1211,0.1216,518539.7
2026-08-22 04:40:00,0.1216,0.1227,0.1216,0.1225,419991.31
2026-08-22 04:45:00,0.1224,0.1234,0.1211,0.1231,1298444.68
2026-08-22 04:50:00,0.1231,0.1235,0.1212,0.1212,1097805.38
2026-08-22 04:55:00,0.1212,0.1221,0.1211,0.122,890930.93
2026-08-22 05:00:00,0.1219,0.1221,0.1188,0.1197,1423413.31
2026-08-22 05:05:00,0.1196,0.1201,0.1129,0.1131,2818437.63
2026-08-22 05:10:00,0.1131,0.1142,0.1019,0.1098,11183764.56
2026-08-22 05:15:00,0.1097,0.1121,0.1066,0.1098,4118178.45
2026-08-22 05:20:00,0.1097,0.1105,0.1072,0.1097,1726292.9
2026-08-22 05:25:00,0.1098,0.1125,0.1095,0.1106,1095156.82
2026-08-22 05:30:00,0.1105,0.1111,0.1089,0.111,987480.87
2026-08-22 05:35:00,0.111,0.1121,0.1101,0.1102,654227.39
2026-08-22 05:40:00,0.1102,0.1106,0.1093,0.1097,366428.0
2026-08-22 05:45:00,0.1097,0.1123,0.1095,0.1122,517554.93
2026-08-22 05:50:00,0.1123,0.1142,0.1109,0.1114,1519577.0
2026-08-22 05:55:00,0.1115,0.1124,0.1114,0.1122,274578.02
2026-08-22 06:00:00,0.1123,0.1123,0.1113,0.1113,512142.55
2026-08-22 06:05:00,0.1114,0.1115,0.1103,0.1114,408052.3
2026-08-22 06:10:00,0.1114,0.1117,0.111,0.111,209375.73
2026-08-22 06:15:00,0.1111,0.1115,0.111,0.1113,219134.06
2026-08-22 06:20:00,0.1114,0.1122,0.1114,0.1122,166571.16
2026-08-22 06:25:00,0.1122,0.1123,0.1117,0.1117,178344.48
2026-08-22 06:30:00,0.1116,0.1116,0.1104,0.1109,412489.14
2026-08-22 06:35:00,0.111,0.113,0.1106,0.1129,751821.9
2026-08-22 06:40:00,0.1128,0.1129,0.1123,0.1123,117632.22
2026-08-22 06:45:00,0.1122,0.1131,0.1121,0.1123,212332.33
2026-08-22 06:50:00,0.1124,0.1128,0.112,0.1124,98502.99
2026-08-22 06:55:00,0.1122,0.1124,0.1119,0.1123,134956.55
2026-08-22 07:00:00,0.1123,0.1129,0.1121,0.1127,187569.92
2026-08-22 07:05:00,0.1127,0.1129,0.1118,0.1118,183142.8
2026-08-22 07:10:00,0.1119,0.1119,0.1109,0.1113,284264.4
2026-08-22 07:15:00,0.1114,0.1115,0.1111,0.1113,87263.34
2026-08-22 07:20:00,0.1112,0.1122,0.1112,0.1121,142615.53
2026-08-22 07:25:00,0.1121,0.1125,0.1119,0.1124,115334.42
2026-08-22 07:30:00,0.1123,0.1129,0.1121,0.1123,175467.84
2026-08-22 07:35:00,0.1123,0.1123,0.1118,0.112,75420.73
2026-08-22 07:40:00,0.1119,0.1119,0.111,0.1111,233059.0
2026-08-22 07:45:00,0.1111,0.1114,0.1108,0.1109,175165.31
2026-08-22 07:50:00,0.1108,0.112,0.1108,0.1112,695187.56
2026-08-22 07:55:00,0.1113,0.1114,0.1108,0.1112,265451.17
2026-08-22 08:00:00,0.1112,0.1119,0.1109,0.1109,123886.38
2026-08-22 08:05:00,0.1109,0.1118,0.1109,0.1115,148778.03
2026-08-22 08:10:00,0.1115,0.1122,0.1115,0.1119,74763.22
2026-08-22 08:15:00,0.1119,0.112,0.1112,0.1112,95810.83
2026-08-22 08:20:00,0.1112,0.1114,0.1105,0.1107,191576.56
2026-08-22 08:25:00,0.1107,0.111,0.1098,0.1102,438672.39
2026-08-22 08:30:00,0.1101,0.1102,0.1093,0.1095,514694.46
2026-08-22 08:35:00,0.1096,0.1099,0.1092,0.1096,129864.27
2026-08-22 08:40:00,0.1096,0.1103,0.1093,0.1102,145507.25
2026-08-22 08:45:00,0.1101,0.1101,0.1097,0.1101,54264.24
2026-08-22 08:50:00,0.1101,0.1102,0.11,0.1101,42861.1
2026-08-22 08:55:00,0.1101,0.1106,0.11,0.1105,84478.07
2026-08-22 09:00:00,0.1106,0.1106,0.1088,0.1091,530125.5
2026-08-22 09:05:00,0.1092,0.1102,0.1089,0.1102,189709.8
2026-08-22 09:10:00,0.1101,0.1107,0.11,0.1107,121891.37
2026-08-22 09:15:00,0.1108,0.1115,0.1105,0.1112,176468.52
2026-08-22 09:20:00,0.1111,0.1113,0.111,0.111,48979.75
2026-08-22 09:25:00,0.1109,0.111,0.1103,0.1109,98801.07
2026-08-22 09:30:00,0.1109,0.1109,0.1102,0.1102,341915.86
2026-08-22 09:35:00,0.1103,0.1103,0.1097,0.1098,89984.27
2026-08-22 09:40:00,0.1099,0.1112,0.1096,0.1096,1021854.17
2026-08-22 09:45:00,0.1096,0.1097,0.1078,0.1087,1029514.37
2026-08-22 09:50:00,0.1087,0.109,0.1086,0.1088,87342.01
2026-08-22 09:55:00,0.1088,0.109,0.1087,0.109,137652.58
2026-08-22 10:00:00,0.1091,0.1091,0.1075,0.1081,312029.64
2026-08-22 10:05:00,0.1081,0.1081,0.1071,0.1075,449002.44
2026-08-22 10:10:00,0.1075,0.1076,0.1066,0.1067,375380.05
2026-08-22 10:15:00,0.1068,0.107,0.1059,0.1063,834749.2
2026-08-22 10:20:00,0.1063,0.1066,0.1052,0.1056,320601.43
2026-08-22 10:25:00,0.1057,0.1071,0.1054,0.1069,487514.79
2026-08-22 10:30:00,0.1068,0.1074,0.1066,0.1073,260053.4
2026-08-22 10:35:00,0.1074,0.1085,0.1074,0.1084,205695.39
2026-08-22 10:40:00,0.1084,0.1088,0.1084,0.1087,100037.68
2026-08-22 10:45:00,0.1087,0.1088,0.1082,0.1083,122332.4
2026-08-22 10:50:00,0.1084,0.1085,0.1083,0.1083,110864.72
2026-08-22 10:55:00,0.1083,0.1086,0.1079,0.1085,163611.69
2026-08-22 11:00:00,0.1085,0.1085,0.1078,0.1084,114891.8
2026-08-22 11:05:00,0.1084,0.1087,0.1083,0.1083,65040.51
2026-08-22 11:10:00,0.1084,0.1086,0.1083,0.1083,62665.43
2026-08-22 11:15:00,0.1083,0.1084,0.1081,0.1082,81195.39
2026-08-22 11:20:00,0.1082,0.1084,0.1081,0.1081,110144.52
2026-08-22 11:25:00,0.1081,0.1085,0.1081,0.1084,104686.5
2026-08-22 11:30:00,0.1084,0.1094,0.1084,0.1093,289358.59
2026-08-22 11:35:00,0.1094,0.1095,0.1091,0.1092,70657.8
2026-08-22 11:40:00,0.1091,0.1093,0.1091,0.1093,31673.86
2026-08-22 11:45:00,0.1093,0.1093,0.109,0.109,7253.25
2026-08-22 11:50:00,0.109,0.109,0.1088,0.109,136861.01
2026-08-22 11:55:00,0.1089,0.1092,0.1089,0.1092,44568.78
2026-08-22 12:00:00,0.1091,0.1097,0.1089,0.1091,282923.81
2026-08-22 12:05:00,0.1091,0.1096,0.109,0.1095,39987.76
2026-08-22 12:10:00,0.1096,0.1103,0.1096,0.11,115140.09
2026-08-22 12:15:00,0.11,0.1102,0.1098,0.1102,48280.34
2026-08-22 12:20:00,0.1102,0.112,0.1101,0.1107,1352467.1
2026-08-22 12:25:00,0.1107,0.1108,0.1103,0.1104,226508.56
2026-08-22 12:30:00,0.1105,0.1105,0.1098,0.1099,65036.91
2026-08-22 12:35:00,0.1099,0.1099,0.1095,0.1096,78771.43
2026-08-22 12:40:00,0.1097,0.1101,0.1097,0.1101,34253.73
2026-08-22 12:45:00,0.11,0.1101,0.1098,0.11,94327.63
2026-08-22 12:50:00,0.11,0.11,0.1095,0.1095,68323.01
2026-08-22 12:55:00,0.1095,0.1095,0.1092,0.1092,42667.77
2026-08-22 13:00:00,0.1091,0.1093,0.1088,0.1091,196616.47
2026-08-22 13:05:00,0.1092,0.1098,0.1092,0.1098,155744.6
2026-08-22 13:10:00,0.1098,0.11,0.1097,0.1097,46148.15
2026-08-22 13:15:00,0.1097,0.1099,0.1092,0.1092,70161.53
2026-08-22 13:20:00,0.1091,0.1095,0.109,0.1095,50182.03
2026-08-22 13:25:00,0.1096,0.1098,0.1094,0.1095,27711.82
2026-08-22 13:30:00,0.1095,0.1097,0.109,0.109,52403.89
2026-08-22 13:35:00,0.1091,0.1092,0.1087,0.109,333453.83
2026-08-22 13:40:00,0.109,0.109,0.1086,0.1089,325273.4
2026-08-22 13:45:00,0.1088,0.1092,0.1087,0.1091,58392.66
2026-08-22 13:50:00,0.1091,0.1096,0.1091,0.1092,157651.09
2026-08-22 13:55:00,0.1091,0.1093,0.109,0.1092,158340.12
2026-08-22 14:00:00,0.1092,0.1093,0.1086,0.1086,63007.0
2026-08-22 14:05:00,0.1087,0.1087,0.1079,0.1086,478661.51
2026-08-22 14:10:00,0.1086,0.1088,0.1083,0.1085,91646.71
2026-08-22 14:15:00,0.1085,0.1086,0.1078,0.1082,212180.67
2026-08-22 14:20:00,0.1082,0.1085,0.1081,0.1085,166176.53
2026-08-22 14:25:00,0.1084,0.1086,0.1081,0.1086,45608.98
2026-08-22 14:30:00,0.1087,0.1095,0.1085,0.1094,81269.77
2026-08-22 14:35:00,0.1095,0.1095,0.1088,0.1088,143273.71
2026-08-22 14:40:00,0.1089,0.1091,0.1079,0.1084,451733.58
2026-08-22 14:45:00,0.1085,0.1085,0.1079,0.108,95713.07
2026-08-22 14:50:00,0.108,0.1083,0.1077,0.1078,141307.17
2026-08-22 14:55:00,0.1078,0.1085,0.1076,0.1083,396038.2
2026-08-22 15:00:00,0.1083,0.1087,0.1079,0.1082,152674.99
2026-08-22 15:05:00,0.1082,0.1085,0.1081,0.1082,207132.91
2026-08-22 15:10:00,0.1082,0.1085,0.108,0.108,284598.91
2026-08-22 15:15:00,0.108,0.1083,0.1079,0.108,170924.07
2026-08-22 15:20:00,0.1081,0.1084,0.1078,0.1084,124369.64
2026-08-22 15:25:00,0.1084,0.1086,0.1083,0.1083,109679.85
2026-08-22 15:30:00,0.1083,0.1089,0.1082,0.1089,116728.92
2026-08-22 15:35:00,0.109,0.109,0.1085,0.1088,71693.08
2026-08-22 15:40:00,0.1088,0.1088,0.1082,0.1085,175971.1
2026-08-22 15:45:00,0.1085,0.1089,0.1085,0.1086,177443.83
2026-08-22 15:50:00,0.1086,0.1086,0.1083,0.1083,25554.84
2026-08-22 15:55:00,0.1084,0.1086,0.1083,0.1083,51667.1
2026-08-22 16:00:00,0.1083,0.109,0.1083,0.109,105646.31
2026-08-22 16:05:00,0.109,0.1102,0.1089,0.1092,457193.02
2026-08-22 16:10:00,0.1091,0.1092,0.1083,0.1089,371358.47
2026-08-22 16:15:00,0.109,0.1103,0.109,0.1103,261876.28
2026-08-22 16:20:00,0.1103,0.1105,0.1097,0.1098,267191.87
2026-08-22 16:25:00,0.1097,0.1101,0.1097,0.1097,37571.03
2026-08-22 16:30:00,0.1097,0.1102,0.1097,0.1101,113963.34
2026-08-22 16:35:00,0.1101,0.1107,0.1101,0.1107,50997.8
2026-08-22 16:40:00,0.1107,0.1112,0.1107,0.1112,264261.22
2026-08-22 16:45:00,0.1112,0.1113,0.1109,0.111,125032.02
2026-08-22 16:50:00,0.111,0.1112,0.1108,0.1108,110708.25
2026-08-22 16:55:00,0.1108,0.1109,0.1107,0.1107,28331.94
2026-08-22 17:00:00,0.1107,0.1115,0.1107,0.1113,423827.93
2026-08-22 17:05:00,0.1113,0.1113,0.1109,0.111,84741.21
2026-08-22 17:10:00,0.111,0.1111,0.1109,0.1109,11435.89
2026-08-22 17:15:00,0.111,0.1118,0.111,0.1117,104618.91
2026-08-22 17:20:00,0.1117,0.1118,0.1112,0.1112,136753.54
2026-08-22 17:25:00,0.1112,0.1113,0.1103,0.1105,91375.4
2026-08-22 17:30:00,0.1106,0.1117,0.1106,0.1114,69838.17
2026-08-22 17:35:00,0.1114,0.1118,0.1114,0.1116,62611.33
2026-08-22 17:40:00,0.1117,0.1119,0.1115,0.1116,79717.9
2026-08-22 17:45:00,0.1116,0.1119,0.1115,0.1119,39618.39
2026-08-22 17:50:00,0.1119,0.1123,0.1119,0.1121,527808.3
2026-08-22 17:55:00,0.112,0.112,0.1117,0.1118,18654.04
2026-08-22 18:00:00,0.1118,0.112,0.1117,0.1117,88391.37
2026-08-22 18:05:00,0.1118,0.1119,0.1115,0.1116,71048.32
2026-08-22 18:10:00,0.1116,0.1116,0.1114,0.1115,73095.5
2026-08-22 18:15:00,0.1115,0.1119,0.1115,0.1118,31922.77
2026-08-22 18:20:00,0.1117,0.1125,0.1117,0.1121,142052.34
2026-08-22 18:25:00,0.1121,0.1121,0.1118,0.1118,12858.06
2026-08-22 18:30:00,0.1118,0.1119,0.1117,0.1119,200457.77
2026-08-22 18:35:00,0.1118,0.1119,0.1111,0.1113,164545.69
2026-08-22 18:40:00,0.1113,0.1114,0.111,0.111,24742.5
2026-08-22 18:45:00,0.111,0.111,0.1106,0.111,124148.18
2026-08-22 18:50:00,0.1109,0.1109,0.1104,0.1106,72608.39
2026-08-22 18:55:00,0.1106,0.1111,0.1104,0.111,354263.87
2026-08-22 19:00:00,0.1111,0.1111,0.1108,0.1109,63287.24
2026-08-22 19:05:00,0.1109,0.1109,0.1105,0.1107,115285.58
2026-08-22 19:10:00,0.1108,0.1108,0.1107,0.1107,118927.61
2026-08-22 19:15:00,0.1108,0.1109,0.1107,0.1108,37493.56
2026-08-22 19:20:00,0.1107,0.1107,0.1105,0.1105,27728.69
2026-08-22 19:25:00,0.1105,0.1107,0.1104,0.1106,67300.13
2026-08-22 19:30:00,0.1106,0.1111,0.1106,0.1109,227011.21
2026-08-22 19:35:00,0.1108,0.1109,0.1107,0.1108,15760.34
2026-08-22 19:40:00,0.1108,0.1112,0.1108,0.1112,28615.8
2026-08-22 19:45:00,0.1112,0.1115,0.1112,0.1114,72506.29
2026-08-22 19:50:00,0.1114,0.1115,0.1112,0.1112,23779.58
2026-08-22 19:55:00,0.1111,0.1112,0.1111,0.1111,18690.16
2026-08-22 20:00:00,0.1111,0.1113,0.1109,0.1112,102068.8
2026-08-22 20:05:00,0.1113,0.1113,0.1111,0.1112,39277.53
2026-08-22 20:10:00,0.1112,0.1113,0.1112,0.1112,36895.53
2026-08-22 20:15:00,0.1111,0.1114,0.111,0.111,74979.06
2026-08-22 20:20:00,0.111,0.111,0.1107,0.1108,50873.45
2026-08-22 20:25:00,0.1109,0.111,0.1108,0.1108,13669.58
2026-08-22 20:30:00,0.1108,0.1108,0.1104,0.1104,30185.84
2026-08-22 20:35:00,0.1104,0.1107,0.1103,0.1107,24185.49
2026-08-22 20:40:00,0.1108,0.1109,0.1108,0.1108,31614.54
2026-08-22 20:45:00,0.1108,0.1108,0.1106,0.1107,25776.33
2026-08-22 20:50:00,0.1107,0.1108,0.1107,0.1107,36290.27
2026-08-22 20:55:00,0.1106,0.1106,0.1103,0.1105,83140.23
2026-08-22 21:00:00,0.1105,0.1105,0.1092,0.1093,257585.29
2026-08-22 21:05:00,0.1094,0.1097,0.1094,0.1095,81264.84
2026-08-22 21:10:00,0.1095,0.1095,0.1089,0.1092,214466.4
2026-08-22 21:15:00,0.1092,0.1097,0.1092,0.1097,41603.22
2026-08-22 21:20:00,0.1097,0.1098,0.1095,0.1097,59891.08
2026-08-22 21:25:00,0.1096,0.1098,0.1095,0.1098,18064.11
2026-08-22 21:30:00,0.1097,0.1097,0.1087,0.109,120422.59
2026-08-22 21:35:00,0.1089,0.1089,0.1077,0.1081,303570.04
2026-08-22 21:40:00,0.1081,0.1081,0.1077,0.1081,320095.04
2026-08-22 21:45:00,0.1081,0.1081,0.1076,0.1077,88028.14
2026-08-22 21:50:00,0.1077,0.1077,0.1073,0.1075,167014.82
2026-08-22 21:55:00,0.1075,0.1078,0.1071,0.1074,184120.34
2026-08-22 22:00:00,0.1074,0.108,0.1067,0.1076,377074.0
2026-08-22 22:05:00,0.1076,0.1085,0.1076,0.1083,97694.04
2026-08-22 22:10:00,0.1082,0.1089,0.1079,0.1087,167141.57
2026-08-22 22:15:00,0.1087,0.109,0.1086,0.1086,46054.18
2026-08-22 22:20:00,0.1087,0.1092,0.1087,0.1091,50831.62
2026-08-22 22:25:00,0.1092,0.1101,0.1092,0.1099,244962.1
2026-08-22 22:30:00,0.1099,0.1099,0.109,0.1094,120518.51
2026-08-22 22:35:00,0.1095,0.1099,0.1095,0.1096,66292.59
2026-08-22 22:40:00,0.1096,0.1099,0.1095,0.1097,85782.38
2026-08-22 22:45:00,0.1098,0.11,0.1095,0.1099,97447.74
2026-08-22 22:50:00,0.1098,0.1101,0.1097,0.11,32950.39
2026-08-22 22:55:00,0.11,0.11,0.1093,0.1096,120198.45
2026-08-22 23:00:00,0.1097,0.1099,0.1093,0.1098,43236.8
2026-08-22 23:05:00,0.1099,0.1099,0.1096,0.1096,40876.89
2026-08-22 23:10:00,0.1095,0.1096,0.1091,0.1093,73257.33
2026-08-22 23:15:00,0.1093,0.1093,0.109,0.1093,17921.28
2026-08-22 23:20:00,0.1094,0.1096,0.1092,0.1093,26059.46
2026-08-22 23:25:00,0.1092,0.1095,0.109,0.109,47858.2
2026-08-22 23:30:00,0.1091,0.1092,0.1084,0.1084,64632.86
2026-08-22 23:35:00,0.1084,0.1089,0.1083,0.1089,52659.61
2026-08-22 23:40:00,0.1089,0.109,0.1088,0.1088,25411.72
2026-08-22 23:45:00,0.1088,0.1092,0.1088,0.1092,13965.36
2026-08-22 23:50:00,0.1093,0.1094,0.1091,0.1094,24732.79
2026-08-22 23:55:00,0.1094,0.1094,0.1089,0.109,13551.13
2026-08-23 00:00:00,0.109,0.1092,0.1087,0.1089,73415.37
2026-08-23 00:05:00,0.1088,0.1091,0.1086,0.1087,31755.88
2026-08-23 00:10:00,0.1087,0.1088,0.1084,0.1087,60529.66
2026-08-23 00:15:00,0.1087,0.1091,0.1085,0.1091,43305.21
2026-08-23 00:20:00,0.1091,0.1093,0.1088,0.1092,81404.4
2026-08-23 00:25:00,0.1091,0.1099,0.1091,0.1099,136006.88
2026-08-23 00:30:00,0.1099,0.1106,0.1099,0.11,226245.07
2026-08-23 00:35:00,0.11,0.1112,0.11,0.1107,337518.83
2026-08-23 00:40:00,0.1107,0.1108,0.1103,0.1103,86052.35
2026-08-23 00:45:00,0.1103,0.1104,0.11,0.1104,57665.15
2026-08-23 00:50:00,0.1104,0.1105,0.1103,0.1103,66381.95
2026-08-23 00:55:00,0.1103,0.1105,0.1102,0.1103,62433.96
2026-08-23 01:00:00,0.1103,0.1103,0.1095,0.1096,74141.81
2026-08-23 01:05:00,0.1095,0.1098,0.1091,0.1096,347153.91
2026-08-23 01:10:00,0.1096,0.1097,0.108,0.1094,2995886.52
2026-08-23 01:15:00,0.1094,0.1094,0.1087,0.1091,72897.68
2026-08-23 01:20:00,0.109,0.1092,0.1083,0.1089,1741810.57
2026-08-23 01:25:00,0.1089,0.1091,0.1088,0.1091,208395.08
2026-08-23 01:30:00,0.109,0.1091,0.1086,0.109,158654.64
2026-08-23 01:35:00,0.1089,0.1089,0.1086,0.1088,78476.63
2026-08-23 01:40:00,0.1088,0.109,0.108,0.109,234611.93
2026-08-23 01:45:00,0.109,0.1095,0.109,0.1091,110858.82
2026-08-23 01:50:00,0.1091,0.1092,0.1089,0.1091,38927.27
2026-08-23 01:55:00,0.1091,0.1091,0.1086,0.109,231177.82
2026-08-23 02:00:00,0.1089,0.109,0.1087,0.1087,83278.72
2026-08-23 02:05:00,0.1086,0.1086,0.1081,0.1084,85679.54
2026-08-23 02:10:00,0.1084,0.1084,0.1075,0.1076,214105.95
2026-08-23 02:15:00,0.1075,0.108,0.1075,0.1078,336852.87
2026-08-23 02:20:00,0.1078,0.1078,0.1073,0.1074,90433.29
2026-08-23 02:25:00,0.1075,0.1077,0.107,0.1074,89177.47
2026-08-23 02:30:00,0.1073,0.108,0.1072,0.108,49910.28
2026-08-23 02:35:00,0.1081,0.1081,0.1077,0.1078,9293.95
2026-08-23 02:40:00,0.1078,0.1079,0.1076,0.1076,13703.9
2026-08-23 02:45:00,0.1076,0.1081,0.1073,0.108,83672.45
2026-08-23 02:50:00,0.1079,0.1086,0.1076,0.1076,606608.94
2026-08-23 02:55:00,0.1076,0.1076,0.1075,0.1075,270472.22
2026-08-23 03:00:00,0.1075,0.1076,0.1069,0.107,121094.29
2026-08-23 03:05:00,0.1071,0.1071,0.1065,0.1065,95049.93
2026-08-23 03:10:00,0.1065,0.1068,0.1064,0.1067,55843.55
2026-08-23 03:15:00,0.1067,0.107,0.1066,0.1066,105946.32
2026-08-23 03:20:00,0.1065,0.1065,0.1059,0.106,224156.7
2026-08-23 03:25:00,0.1061,0.1063,0.1059,0.106,83273.94
2026-08-23 03:30:00,0.106,0.106,0.1056,0.1057,163513.93
2026-08-23 03:35:00,0.1057,0.1058,0.1055,0.1056,86458.16
2026-08-23 03:40:00,0.1055,0.1057,0.1054,0.1055,67547.92
2026-08-23 03:45:00,0.1056,0.1063,0.1055,0.1063,109040.17
2026-08-23 03:50:00,0.1063,0.1063,0.1061,0.1062,24963.74
2026-08-23 03:55:00,0.1061,0.1061,0.1059,0.1059,42152.34
2026-08-23 04:00:00,0.1059,0.106,0.1044,0.1053,1306800.87
2026-08-23 04:05:00,0.1053,0.1059,0.105,0.1053,336618.27
2026-08-23 04:10:00,0.1053,0.1062,0.1053,0.1062,115662.15
2026-08-23 04:15:00,0.1063,0.1064,0.1059,0.1059,303661.57
2026-08-23 04:20:00,0.1059,0.106,0.1057,0.1058,85497.63
2026-08-23 04:25:00,0.1059,0.1063,0.1059,0.1063,82036.71
2026-08-23 04:30:00,0.1062,0.1062,0.1057,0.1057,63325.1
2026-08-23 04:35:00,0.1057,0.1057,0.1053,0.1056,128164.53
2026-08-23 04:40:00,0.1056,0.1057,0.1055,0.1055,25307.55
2026-08-23 04:45:00,0.1056,0.1056,0.1044,0.1045,334183.03
2026-08-23 04:50:00,0.1044,0.1051,0.1044,0.1051,97111.35
2026-08-23 04:55:00,0.105,0.1051,0.1045,0.1046,84795.38
2026-08-23 05:00:00,0.1046,0.1052,0.1045,0.1049,233663.59
2026-08-23 05:05:00,0.1049,0.1051,0.1044,0.1047,191577.77
2026-08-23 05:10:00,0.1046,0.1052,0.1044,0.1044,110233.45
2026-08-23 05:15:00,0.1044,0.1055,0.1038,0.1055,412039.92
2026-08-23 05:20:00,0.1055,0.1064,0.1052,0.1064,281852.38
2026-08-23 05:25:00,0.1064,0.1067,0.106,0.1062,239673.38
2026-08-23 05:30:00,0.1061,0.1065,0.1059,0.1061,182543.48
2026-08-23 05:35:00,0.1062,0.1062,0.1054,0.1055,132267.0
2026-08-23 05:40:00,0.1056,0.106,0.1055,0.1056,45220.53
2026-08-23 05:45:00,0.1056,0.1056,0.1054,0.1054,27835.22
2026-08-23 05:50:00,0.1054,0.1054,0.1051,0.1052,76582.8
2026-08-23 05:55:00,0.1052,0.1052,0.1049,0.1049,21112.61
2026-08-23 06:00:00,0.1048,0.105,0.1046,0.105,65629.07
2026-08-23 06:05:00,0.105,0.105,0.1047,0.1047,75293.15
2026-08-23 06:10:00,0.1046,0.1056,0.1046,0.1055,92243.8
2026-08-23 06:15:00,0.1055,0.1058,0.1055,0.1057,173474.32
2026-08-23 06:20:00,0.1058,0.1058,0.1055,0.1055,40566.83
2026-08-23 06:25:00,0.1055,0.1056,0.1054,0.1056,26156.69
2026-08-23 06:30:00,0.1056,0.1061,0.1056,0.1061,47077.23
2026-08-23 06:35:00,0.1061,0.1067,0.1059,0.106,429920.53
2026-08-23 06:40:00,0.1061,0.1061,0.1059,0.1059,23144.01
2026-08-23 06:45:00,0.106,0.106,0.1058,0.1058,65320.52
2026-08-23 06:50:00,0.1058,0.1058,0.1057,0.1058,72426.96
2026-08-23 06:55:00,0.1058,0.1058,0.1056,0.1058,67504.97
2026-08-23 07:00:00,0.1058,0.106,0.1057,0.1057,50665.59
2026-08-23 07:05:00,0.1059,0.1065,0.1059,0.1064,37852.6
2026-08-23 07:10:00,0.1065,0.1072,0.1065,0.1067,323498.71
2026-08-23 07:15:00,0.1068,0.107,0.1067,0.1069,86343.28
2026-08-23 07:20:00,0.1069,0.1069,0.1066,0.1067,95973.13
2026-08-23 07:25:00,0.1068,0.1069,0.1066,0.1066,36639.34
2026-08-23 07:30:00,0.1065,0.1065,0.1062,0.1064,44012.12
2026-08-23 07:35:00,0.1063,0.1066,0.1063,0.1065,33050.52
2026-08-23 07:40:00,0.1066,0.1066,0.1064,0.1064,21609.55
2026-08-23 07:45:00,0.1065,0.1066,0.1062,0.1064,40049.98
2026-08-23 07:50:00,0.1064,0.1068,0.1063,0.1067,295738.59
2026-08-23 07:55:00,0.1066,0.1069,0.1065,0.1069,79399.75
2026-08-23 08:00:00,0.1068,0.1069,0.1067,0.1069,53377.48
2026-08-23 08:05:00,0.1069,0.1079,0.1068,0.1076,267665.25
2026-08-23 08:10:00,0.1076,0.1078,0.1075,0.1077,147766.8
2026-08-23 08:15:00,0.1076,0.1077,0.1075,0.1076,134383.43
2026-08-23 08:20:00,0.1075,0.1076,0.1074,0.1076,41410.79
2026-08-23 08:25:00,0.1076,0.1077,0.1075,0.1077,21097.94
2026-08-23 08:30:00,0.1078,0.108,0.1077,0.1079,80591.3
2026-08-23 08:35:00,0.1078,0.1082,0.1078,0.1082,47943.02
2026-08-23 08:40:00,0.1081,0.1083,0.1079,0.1083,176094.58
2026-08-23 08:45:00,0.1083,0.1084,0.1081,0.1081,58149.36
2026-08-23 08:50:00,0.108,0.1081,0.1079,0.108,68368.36
2026-08-23 08:55:00,0.1079,0.108,0.1078,0.108,98601.59
2026-08-23 09:00:00,0.1079,0.1088,0.1079,0.1087,136327.19
2026-08-23 09:05:00,0.1088,0.1088,0.1086,0.1086,54492.3
2026-08-23 09:10:00,0.1086,0.1087,0.1086,0.1087,6623.16
2026-08-23 09:15:00,0.1087,0.1088,0.1085,0.1087,66081.38
2026-08-23 09:20:00,0.1087,0.1087,0.1084,0.1086,100728.43
2026-08-23 09:25:00,0.1087,0.1088,0.1086,0.1087,151262.81
2026-08-23 09:30:00,0.1086,0.1086,0.1084,0.1084,26989.83
2026-08-23 09:35:00,0.1084,0.1085,0.1083,0.1085,33699.23
2026-08-23 09:40:00,0.1086,0.1087,0.1085,0.1087,65230.16
2026-08-23 09:45:00,0.1086,0.1087,0.1085,0.1087,13145.75
2026-08-23 09:50:00,0.1087,0.1091,0.1087,0.1089,46457.01
2026-08-23 09:55:00,0.109,0.1092,0.109,0.1091,23155.32
2026-08-23 10:00:00,0.1092,0.1095,0.1091,0.1093,198070.47
2026-08-23 10:05:00,0.1093,0.11,0.1091,0.1097,875190.16
2026-08-23 10:10:00,0.1096,0.1098,0.1095,0.1097,228508.39
2026-08-23 10:15:00,0.1098,0.1103,0.1097,0.1103,606599.43
2026-08-23 10:20:00,0.1103,0.1108,0.1102,0.1104,255310.73
2026-08-23 10:25:00,0.1104,0.1106,0.11,0.1101,128755.45
2026-08-23 10:30:00,0.1102,0.1104,0.1101,0.1104,41322.36
2026-08-23 10:35:00,0.1103,0.1103,0.1101,0.1102,94629.55
2026-08-23 10:40:00,0.1101,0.1104,0.1101,0.1103,94562.7
2026-08-23 10:45:00,0.1104,0.1104,0.11,0.1101,61929.35
2026-08-23 10:50:00,0.1101,0.1101,0.1099,0.1099,26963.18
2026-08-23 10:55:00,0.11,0.1101,0.11,0.1101,51541.51
2026-08-23 11:00:00,0.1101,0.1103,0.1101,0.1101,57870.19
2026-08-23 11:05:00,0.1101,0.1104,0.1101,0.1101,25413.04
2026-08-23 11:10:00,0.1102,0.1105,0.1102,0.1105,28247.55
2026-08-23 11:15:00,0.1104,0.1106,0.1104,0.1105,65860.39
2026-08-23 11:20:00,0.1106,0.1113,0.1106,0.1113,217902.9
2026-08-23 11:25:00,0.1113,0.1113,0.1106,0.1107,282370.38
2026-08-23 11:30:00,0.1106,0.1108,0.1105,0.1106,49704.37
2026-08-23 11:35:00,0.1106,0.1107,0.1105,0.1107,72941.39
2026-08-23 11:40:00,0.1106,0.1107,0.1104,0.1104,60025.13
2026-08-23 11:45:00,0.1104,0.1105,0.1102,0.1103,26659.96
2026-08-23 11:50:00,0.1103,0.1104,0.1101,0.1103,348372.87
2026-08-23 11:55:00,0.1103,0.1104,0.1098,0.1103,1213170.79
2026-08-23 12:00:00,0.1103,0.1103,0.11,0.11,276455.77
2026-08-23 12:05:00,0.11,0.11,0.1094,0.1098,101683.03
2026-08-23 12:10:00,0.1099,0.1099,0.1095,0.1097,30305.59
2026-08-23 12:15:00,0.1098,0.1102,0.1097,0.1102,44370.76
2026-08-23 12:20:00,0.1103,0.1104,0.1103,0.1103,44487.89
2026-08-23 12:25:00,0.1103,0.1103,0.11,0.1101,35384.94
2026-08-23 12:30:00,0.1101,0.1101,0.11,0.1101,11722.73
2026-08-23 12:35:00,0.1101,0.1105,0.1101,0.1104,74366.89
2026-08-23 12:40:00,0.1105,0.1114,0.1105,0.111,308349.15
2026-08-23 12:45:00,0.111,0.1111,0.1108,0.1109,347889.82
2026-08-23 12:50:00,0.111,0.111,0.1106,0.1107,66927.54
2026-08-23 12:55:00,0.1108,0.1116,0.1108,0.1115,241559.23
2026-08-23 13:00:00,0.1115,0.1115,0.1114,0.1114,47244.4
2026-08-23 13:05:00,0.1114,0.1119,0.1114,0.1118,116917.98
2026-08-23 13:10:00,0.1117,0.1117,0.1114,0.1116,84936.38
2026-08-23 13:15:00,0.1117,0.1134,0.1117,0.1131,483796.38
2026-08-23 13:20:00,0.1131,0.1133,0.1125,0.1129,278865.03
2026-08-23 13:25:00,0.1128,0.1129,0.1125,0.1126,139433.85
2026-08-23 13:30:00,0.1125,0.1131,0.1124,0.1127,104397.06
2026-08-23 13:35:00,0.1126,0.1135,0.1125,0.1134,192255.48
2026-08-23 13:40:00,0.1134,0.1134,0.1128,0.1131,165467.19
2026-08-23 13:45:00,0.1131,0.1135,0.1129,0.1132,118055.11
2026-08-23 13:50:00,0.1133,0.1133,0.1131,0.1132,54537.43
2026-08-23 13:55:00,0.1131,0.1131,0.1126,0.1127,57569.16
2026-08-23 14:00:00,0.1128,0.1131,0.1128,0.1131,77105.99
2026-08-23 14:05:00,0.1131,0.1138,0.1128,0.1136,121739.47
2026-08-23 14:10:00,0.1138,0.1138,0.1133,0.1134,223002.29
2026-08-23 14:15:00,0.1133,0.1134,0.113,0.1131,160359.66
2026-08-23 14:20:00,0.1132,0.1134,0.1131,0.1131,39402.82
2026-08-23 14:25:00,0.1131,0.1133,0.113,0.113,43376.19
2026-08-23 14:30:00,0.113,0.1132,0.1124,0.1124,220498.73
2026-08-23 14:35:00,0.1125,0.1128,0.1125,0.1127,128648.76
2026-08-23 14:40:00,0.1127,0.1128,0.1095,0.1108,1739463.24
2026-08-23 14:45:00,0.1109,0.112,0.1109,0.1119,623506.7
2026-08-23 14:50:00,0.1118,0.1121,0.1116,0.112,194933.47
2026-08-23 14:55:00,0.112,0.1121,0.1117,0.1121,82112.74
2026-08-23 15:00:00,0.1122,0.113,0.1116,0.113,335845.19
2026-08-23 15:05:00,0.113,0.1135,0.1128,0.1132,108970.8
2026-08-23 15:10:00,0.1132,0.1136,0.113,0.113,246115.17
2026-08-23 15:15:00,0.1131,0.1131,0.112,0.1122,191075.72
2026-08-23 15:20:00,0.1123,0.1133,0.1121,0.113,109987.28
2026-08-23 15:25:00,0.1131,0.1133,0.113,0.1132,61941.95
2026-08-23 15:30:00,0.1133,0.1136,0.113,0.113,45136.37
2026-08-23 15:35:00,0.113,0.1134,0.113,0.1133,72501.65
2026-08-23 15:40:00,0.1134,0.1136,0.1132,0.1135,97446.67
2026-08-23 15:45:00,0.1134,0.1141,0.1133,0.1134,289259.27
2026-08-23 15:50:00,0.1133,0.1138,0.1131,0.1131,139631.38
2026-08-23 15:55:00,0.113,0.113,0.1124,0.1125,60596.46
2026-08-23 16:00:00,0.1126,0.1159,0.1126,0.1132,1836296.43
2026-08-23 16:05:00,0.1132,0.1132,0.1125,0.1125,247872.55
2026-08-23 16:10:00,0.1124,0.113,0.1124,0.113,160490.52
2026-08-23 16:15:00,0.113,0.113,0.1122,0.1123,226295.97
2026-08-23 16:20:00,0.1123,0.1128,0.1122,0.1128,343404.82
2026-08-23 16:25:00,0.1128,0.1128,0.1124,0.1128,163558.25
2026-08-23 16:30:00,0.1128,0.1136,0.1127,0.1136,141656.24
2026-08-23 16:35:00,0.1135,0.1136,0.1132,0.1134,217571.11
2026-08-23 16:40:00,0.1133,0.114,0.1133,0.1137,61815.44
2026-08-23 16:45:00,0.1137,0.1137,0.1132,0.1132,64420.57
2026-08-23 16:50:00,0.1133,0.1135,0.1132,0.1133,10102.68
2026-08-23 16:55:00,0.1132,0.1133,0.1131,0.1132,30652.79
2026-08-23 17:00:00,0.1132,0.1132,0.1122,0.1125,191307.03
2026-08-23 17:05:00,0.1126,0.1132,0.1126,0.1132,107352.77
2026-08-23 17:10:00,0.1131,0.1134,0.113,0.1132,58995.45
2026-08-23 17:15:00,0.1131,0.1132,0.1126,0.113,120012.65
2026-08-23 17:20:00,0.113,0.1131,0.1127,0.1127,80691.85
2026-08-23 17:25:00,0.1127,0.1128,0.1125,0.1127,33735.24
2026-08-23 17:30:00,0.1127,0.1127,0.1121,0.1125,71752.0
2026-08-23 17:35:00,0.1126,0.1127,0.1124,0.1124,23038.57
2026-08-23 17:40:00,0.1123,0.1125,0.1122,0.1123,14370.57
2026-08-23 17:45:00,0.1124,0.1126,0.1122,0.1123,14883.11
2026-08-23 17:50:00,0.1122,0.1123,0.1121,0.1122,14836.15
2026-08-23 17:55:00,0.1123,0.1123,0.1121,0.1122,1516.0
2026-08-23 18:00:00,0.1122,0.1123,0.1121,0.1123,13919.74
2026-08-23 18:05:00,0.1124,0.1124,0.1121,0.1124,22259.5
2026-08-23 18:10:00,0.1123,0.1125,0.1122,0.1125,67051.75
2026-08-23 18:15:00,0.1124,0.1124,0.1121,0.1121,55189.28
2026-08-23 18:20:00,0.1121,0.1122,0.1121,0.1122,76351.1
2026-08-23 18:25:00,0.1121,0.1123,0.1121,0.1121,29584.16
2026-08-23 18:30:00,0.1122,0.1122,0.1119,0.1119,160127.34
2026-08-23 18:35:00,0.1119,0.1124,0.1119,0.1123,236860.53
2026-08-23 18:40:00,0.1123,0.1124,0.1121,0.1123,73960.64
2026-08-23 18:45:00,0.1123,0.1123,0.112,0.1122,37213.61
2026-08-23 18:50:00,0.1121,0.1123,0.1121,0.1123,48847.0
2026-08-23 18:55:00,0.1124,0.1129,0.1124,0.1129,78158.48
2026-08-23 19:00:00,0.1128,0.113,0.1126,0.1129,60611.11
2026-08-23 19:05:00,0.1129,0.1129,0.1126,0.1127,31069.59
2026-08-23 19:10:00,0.1127,0.1129,0.1123,0.1129,101655.21
2026-08-23 19:15:00,0.1128,0.113,0.1128,0.1129,70155.4
2026-08-23 19:20:00,0.1129,0.113,0.1129,0.113,45698.87
2026-08-23 19:25:00,0.113,0.1131,0.1129,0.113,44362.62
2026-08-23 19:30:00,0.1128,0.1128,0.1123,0.1127,95651.59
2026-08-23 19:35:00,0.1127,0.1131,0.1127,0.1131,50218.7
2026-08-23 19:40:00,0.1131,0.1132,0.113,0.1132,13958.51
2026-08-23 19:45:00,0.1132,0.1135,0.113,0.113,149291.96
2026-08-23 19:50:00,0.1129,0.1129,0.1128,0.1128,13400.25
2026-08-23 19:55:00,0.1127,0.1128,0.1127,0.1127,23583.87
2026-08-23 20:00:00,0.1126,0.1126,0.1121,0.1123,99492.18
2026-08-23 20:05:00,0.1124,0.1129,0.1124,0.1128,23563.14
2026-08-23 20:10:00,0.1129,0.113,0.1128,0.1128,5373.59
2026-08-23 20:15:00,0.1129,0.1132,0.1129,0.1131,34084.72
2026-08-23 20:20:00,0.1132,0.1133,0.1131,0.1132,36140.14
2026-08-23 20:25:00,0.1131,0.1132,0.1131,0.1131,15446.75
2026-08-23 20:30:00,0.113,0.1134,0.1129,0.1133,38436.74
2026-08-23 20:35:00,0.1132,0.1132,0.1131,0.1132,4514.96
2026-08-23 20:40:00,0.1131,0.1133,0.1131,0.1133,6540.43
2026-08-23 20:45:00,0.1132,0.1134,0.1131,0.1132,37909.85
2026-08-23 20:50:00,0.1132,0.1134,0.1132,0.1133,16624.33
2026-08-23 20:55:00,0.1133,0.1133,0.1127,0.1131,132789.28
2026-08-23 21:00:00,0.113,0.114,0.113,0.114,180512.07
2026-08-23 21:05:00,0.1141,0.1141,0.1139,0.114,66781.58
2026-08-23 21:10:00,0.1139,0.1141,0.1138,0.1141,109693.63
2026-08-23 21:15:00,0.1141,0.1145,0.1141,0.1145,114552.9
2026-08-23 21:20:00,0.1144,0.1147,0.114,0.1141,112332.21
2026-08-23 21:25:00,0.114,0.1145,0.114,0.1145,39430.09
2026-08-23 21:30:00,0.1145,0.1146,0.1143,0.1143,58781.37
2026-08-23 21:35:00,0.1142,0.1142,0.1135,0.1136,119432.09
2026-08-23 21:40:00,0.1136,0.1137,0.1133,0.1134,61069.8
2026-08-23 21:45:00,0.1135,0.1137,0.1135,0.1136,30291.54
2026-08-23 21:50:00,0.1136,0.1139,0.1136,0.1139,28933.79
2026-08-23 21:55:00,0.1138,0.1138,0.1133,0.1133,68648.35
2026-08-23 22:00:00,0.1133,0.1138,0.1126,0.1128,263693.47
2026-08-23 22:05:00,0.113,0.1131,0.1128,0.113,33893.91
2026-08-23 22:10:00,0.1129,0.1132,0.1127,0.1129,51345.26
2026-08-23 22:15:00,0.1128,0.1129,0.1124,0.1127,88951.67
2026-08-23 22:20:00,0.1128,0.113,0.1127,0.1128,12387.79
2026-08-23 22:25:00,0.1129,0.1132,0.1128,0.113,39700.21
2026-08-23 22:30:00,0.113,0.1131,0.1126,0.1128,151473.86
2026-08-23 22:35:00,0.1128,0.1132,0.1127,0.1131,84580.55
2026-08-23 22:40:00,0.113,0.1131,0.1128,0.1128,33439.01
2026-08-23 22:45:00,0.1127,0.1132,0.1126,0.1131,68769.29
2026-08-23 22:50:00,0.1132,0.1134,0.1131,0.1131,45019.99
2026-08-23 22:55:00,0.113,0.1131,0.1129,0.113,36023.4
2026-08-23 23:00:00,0.113,0.1131,0.1126,0.1129,55165.66
2026-08-23 23:05:00,0.1129,0.1129,0.1124,0.1129,29921.23
2026-08-23 23:10:00,0.113,0.1131,0.1123,0.1125,42513.47
2026-08-23 23:15:00,0.1126,0.113,0.1125,0.1128,58742.44
2026-08-23 23:20:00,0.1127,0.1128,0.1121,0.1122,81827.73
2026-08-23 23:25:00,0.1122,0.1125,0.1117,0.1125,160440.14
2026-08-23 23:30:00,0.1125,0.1131,0.1123,0.1124,236947.2
2026-08-23 23:35:00,0.1123,0.1125,0.1119,0.112,84293.31
2026-08-23 23:40:00,0.1119,0.1121,0.1118,0.1121,57103.82
2026-08-23 23:45:00,0.1122,0.1125,0.1121,0.1123,50324.79
2026-08-23 23:50:00,0.1123,0.1125,0.1121,0.1122,130302.99
2026-08-23 23:55:00,0.1123,0.1125,0.1122,0.1122,51274.6
2026-08-24 00:00:00,0.1122,0.1122,0.1071,0.1111,1985476.07
2026-08-24 00:05:00,0.1111,0.1116,0.1107,0.1116,319246.2
2026-08-24 00:10:00,0.1115,0.1115,0.1112,0.1113,61397.2
2026-08-24 00:15:00,0.1113,0.1113,0.1109,0.111,210757.4
2026-08-24 00:20:00,0.1111,0.1111,0.1105,0.1108,145529.89
2026-08-24 00:25:00,0.1108,0.1111,0.1102,0.111,423341.59
2026-08-24 00:30:00,0.1111,0.1116,0.1109,0.1116,43305.13
2026-08-24 00:35:00,0.1114,0.1119,0.1114,0.1115,136098.37
2026-08-24 00:40:00,0.1115,0.1116,0.1108,0.1109,74200.76
2026-08-24 00:45:00,0.111,0.1116,0.1105,0.1113,338718.37
2026-08-24 00:50:00,0.1113,0.1115,0.1111,0.1112,211266.56
2026-08-24 00:55:00,0.1111,0.1115,0.111,0.1115,42776.22
2026-08-24 01:00:00,0.1116,0.1117,0.1111,0.1114,74801.82
2026-08-24 01:05:00,0.1113,0.1114,0.1111,0.1111,40692.22
2026-08-24 01:10:00,0.1112,0.1115,0.111,0.111,80960.09
2026-08-24 01:15:00,0.1109,0.111,0.1106,0.1107,55723.18
2026-08-24 01:20:00,0.1107,0.1107,0.1101,0.1101,71565.58
2026-08-24 01:25:00,0.1101,0.1105,0.1101,0.1104,346615.39
2026-08-24 01:30:00,0.1102,0.1105,0.11,0.1105,120544.85
2026-08-24 01:35:00,0.1105,0.1105,0.1093,0.1101,631780.82
2026-08-24 01:40:00,0.1101,0.1102,0.1097,0.1097,78874.43
2026-08-24 01:45:00,0.1098,0.1098,0.1094,0.1095,167244.14
2026-08-24 01:50:00,0.1095,0.1095,0.1093,0.1095,79270.56
2026-08-24 01:55:00,0.1095,0.1095,0.1086,0.1087,210598.18
2026-08-24 02:00:00,0.1088,0.109,0.1085,0.109,116312.39
2026-08-24 02:05:00,0.1089,0.1091,0.1087,0.1088,36605.21
2026-08-24 02:10:00,0.1087,0.1097,0.1087,0.1097,94738.19
2026-08-24 02:15:00,0.1097,0.1102,0.1097,0.1102,387716.32
2026-08-24 02:20:00,0.1102,0.1104,0.11,0.1102,25622.66
2026-08-24 02:25:00,0.1103,0.1104,0.1102,0.1103,322009.93
2026-08-24 02:30:00,0.1103,0.1107,0.1102,0.1107,59484.87
2026-08-24 02:35:00,0.1107,0.1107,0.1104,0.1104,16407.53
2026-08-24 02:40:00,0.1104,0.1105,0.1104,0.1104,8117.16
2026-08-24 02:45:00,0.1103,0.1103,0.1096,0.1099,173588.12
2026-08-24 02:50:00,0.11,0.1101,0.1096,0.1098,17395.32
2026-08-24 02:55:00,0.1099,0.1101,0.1098,0.1098,28849.73
2026-08-24 03:00:00,0.1099,0.11,0.1096,0.1097,51253.3
2026-08-24 03:05:00,0.1096,0.1097,0.1093,0.1093,46880.58
2026-08-24 03:10:00,0.1094,0.1095,0.1092,0.1092,37302.62
2026-08-24 03:15:00,0.1093,0.1093,0.109,0.1092,64484.24
2026-08-24 03:20:00,0.1092,0.1096,0.1091,0.1096,20841.72
2026-08-24 03:25:00,0.1097,0.1098,0.1092,0.1092,21139.04
2026-08-24 03:30:00,0.1091,0.1093,0.1087,0.1092,227347.16
2026-08-24 03:35:00,0.1093,0.1093,0.1089,0.1092,54608.87
2026-08-24 03:40:00,0.1091,0.1091,0.1089,0.1089,18311.42
2026-08-24 03:45:00,0.109,0.1091,0.1089,0.1091,25254.21
2026-08-24 03:50:00,0.1092,0.1092,0.1088,0.1088,53853.35
2026-08-24 03:55:00,0.1088,0.1089,0.1087,0.1087,18133.42
2026-08-24 04:00:00,0.1087,0.1093,0.1087,0.1093,55892.07
2026-08-24 04:05:00,0.1093,0.1093,0.1091,0.1091,15997.81
2026-08-24 04:10:00,0.1091,0.1093,0.1091,0.1093,21890.23
2026-08-24 04:15:00,0.1094,0.1101,0.1094,0.11,76923.31
2026-08-24 04:20:00,0.1101,0.1103,0.1101,0.1101,62335.97
2026-08-24 04:25:00,0.1101,0.1104,0.1101,0.1104,16027.49
2026-08-24 04:30:00,0.1105,0.1105,0.1103,0.1104,26026.39
2026-08-24 04:35:00,0.1104,0.1104,0.1101,0.1102,22812.9
2026-08-24 04:40:00,0.1102,0.1103,0.11,0.1103,69048.72
2026-08-24 04:45:00,0.1104,0.1104,0.1097,0.1098,42420.09
2026-08-24 04:50:00,0.1098,0.1098,0.1091,0.1095,100189.8
2026-08-24 04:55:00,0.1096,0.1097,0.1093,0.1097,35000.64
2026-08-24 05:00:00,0.1097,0.1099,0.1094,0.1098,36706.2
2026-08-24 05:05:00,0.1097,0.11,0.1095,0.1099,127446.42
2026-08-24 05:10:00,0.1098,0.1108,0.1098,0.1108,190148.71
2026-08-24 05:15:00,0.1108,0.1109,0.1103,0.1105,122157.13
2026-08-24 05:20:00,0.1104,0.1105,0.11,0.11,52184.82
2026-08-24 05:25:00,0.1099,0.1101,0.1099,0.1099,35913.93
2026-08-24 05:30:00,0.1098,0.1099,0.1093,0.1094,50434.52
2026-08-24 05:35:00,0.1094,0.1098,0.1091,0.1097,36317.33
2026-08-24 05:40:00,0.1097,0.1103,0.1097,0.1101,39236.08
2026-08-24 05:45:00,0.1101,0.1103,0.1099,0.1099,49012.56
2026-08-24 05:50:00,0.1099,0.1102,0.1099,0.1102,27338.53
2026-08-24 05:55:00,0.1101,0.1101,0.1099,0.11,13700.22
2026-08-24 06:00:00,0.1099,0.1099,0.1094,0.1094,39529.83
2026-08-24 06:05:00,0.1093,0.1097,0.1092,0.1097,34285.13
2026-08-24 06:10:00,0.1096,0.1101,0.1096,0.1101,57935.78
2026-08-24 06:15:00,0.11,0.1101,0.1098,0.1099,39878.34
2026-08-24 06:20:00,0.1098,0.1099,0.1097,0.1099,23534.02
2026-08-24 06:25:00,0.1099,0.1101,0.1099,0.1099,81864.28
2026-08-24 06:30:00,0.1098,0.1099,0.1095,0.1095,153714.23
2026-08-24 06:35:00,0.1095,0.1096,0.1092,0.1092,127121.61
2026-08-24 06:40:00,0.1092,0.1093,0.1087,0.109,219853.76
2026-08-24 06:45:00,0.109,0.1098,0.109,0.1096,67341.83
2026-08-24 06:50:00,0.1097,0.1097,0.1094,0.1094,3616.4
2026-08-24 06:55:00,0.1094,0.1095,0.1093,0.1095,30594.24
2026-08-24 07:00:00,0.1095,0.1095,0.1093,0.1095,18121.4
2026-08-24 07:05:00,0.1094,0.1096,0.1094,0.1096,124267.77
2026-08-24 07:10:00,0.1097,0.1106,0.1097,0.1104,164281.88
2026-08-24 07:15:00,0.1105,0.1105,0.11,0.1101,38826.29
2026-08-24 07:20:00,0.11,0.11,0.1097,0.1098,132325.98
2026-08-24 07:25:00,0.1099,0.1099,0.1095,0.1096,17187.98
2026-08-24 07:30:00,0.1095,0.1096,0.1092,0.1093,43672.79
2026-08-24 07:35:00,0.1092,0.1093,0.109,0.1091,32408.01
2026-08-24 07:40:00,0.1091,0.1091,0.1086,0.1086,45624.37
2026-08-24 07:45:00,0.1088,0.1091,0.1088,0.1091,21207.51
2026-08-24 07:50:00,0.1091,0.1091,0.1088,0.109,28339.05
2026-08-24 07:55:00,0.109,0.109,0.1087,0.1087,21759.44
2026-08-24 08:00:00,0.1087,0.1088,0.1083,0.1084,83358.48
2026-08-24 08:05:00,0.1085,0.109,0.1085,0.1087,82130.12
2026-08-24 08:10:00,0.1086,0.1086,0.1084,0.1085,14348.61
2026-08-24 08:15:00,0.1084,0.1084,0.1078,0.1082,183290.0
2026-08-24 08:20:00,0.1082,0.1082,0.1079,0.108,53933.18
2026-08-24 08:25:00,0.108,0.108,0.1076,0.1077,72425.73
2026-08-24 08:30:00,0.1078,0.1079,0.1077,0.1079,34044.74
2026-08-24 08:35:00,0.108,0.1083,0.1079,0.1081,24802.67
2026-08-24 08:40:00,0.1081,0.1083,0.1081,0.1083,31887.39
2026-08-24 08:45:00,0.1083,0.1084,0.1081,0.1083,58280.62
2026-08-24 08:50:00,0.1082,0.1086,0.1082,0.1082,227760.45
2026-08-24 08:55:00,0.1083,0.1084,0.1081,0.1083,196673.43
2026-08-24 09:00:00,0.1082,0.1088,0.1082,0.1088,69391.35
2026-08-24 09:05:00,0.1087,0.1094,0.1087,0.1093,78810.14
2026-08-24 09:10:00,0.1092,0.1093,0.1091,0.1093,46395.7
2026-08-24 09:15:00,0.1094,0.1094,0.109,0.1091,46669.54
2026-08-24 09:20:00,0.1092,0.1093,0.1091,0.1091,24015.57
2026-08-24 09:25:00,0.109,0.1092,0.109,0.1092,46500.47
2026-08-24 09:30:00,0.1092,0.1093,0.1092,0.1093,33449.53
2026-08-24 09:35:00,0.1094,0.1094,0.1091,0.1093,775.81
2026-08-24 09:40:00,0.1092,0.1093,0.109,0.109,335575.62
2026-08-24 09:45:00,0.109,0.1091,0.1089,0.109,30918.49
2026-08-24 09:50:00,0.109,0.1091,0.1089,0.1091,49870.52
2026-08-24 09:55:00,0.109,0.109,0.1088,0.1088,3980.42
2026-08-24 10:00:00,0.1088,0.1097,0.1088,0.1094,239766.51
2026-08-24 10:05:00,0.1094,0.1094,0.1089,0.109,102532.79
2026-08-24 10:10:00,0.109,0.1095,0.109,0.1092,149191.27
2026-08-24 10:15:00,0.1092,0.1092,0.1086,0.1089,44669.35
2026-08-24 10:20:00,0.109,0.1093,0.1087,0.1089,241561.94
2026-08-24 10:25:00,0.1088,0.1091,0.1088,0.1089,12693.32
2026-08-24 10:30:00,0.1088,0.109,0.1088,0.109,65385.08
2026-08-24 10:35:00,0.109,0.109,0.1087,0.1088,23868.53
2026-08-24 10:40:00,0.1089,0.1089,0.1084,0.1084,50658.91
2026-08-24 10:45:00,0.1084,0.1086,0.1084,0.1084,30401.06
2026-08-24 10:50:00,0.1085,0.1085,0.108,0.1082,93375.21
2026-08-24 10:55:00,0.1083,0.1083,0.1081,0.1082,22011.78
2026-08-24 11:00:00,0.1083,0.1083,0.1074,0.1081,107711.79
2026-08-24 11:05:00,0.1082,0.1083,0.1081,0.1081,24065.32
2026-08-24 11:10:00,0.1081,0.1085,0.1081,0.1084,30662.09
2026-08-24 11:15:00,0.1083,0.1083,0.1081,0.1082,5969.84
2026-08-24 11:20:00,0.1082,0.1084,0.1082,0.1084,25903.92
2026-08-24 11:25:00,0.1085,0.1087,0.1085,0.1087,32872.11
2026-08-24 11:30:00,0.1085,0.1097,0.1085,0.1096,379663.82
2026-08-24 11:35:00,0.1097,0.1104,0.1096,0.11,328284.7
2026-08-24 11:40:00,0.11,0.1104,0.11,0.1104,106662.97
2026-08-24 11:45:00,0.1103,0.1103,0.1094,0.1094,71556.05
2026-08-24 11:50:00,0.1094,0.1095,0.1092,0.1093,201425.16
2026-08-24 11:55:00,0.1094,0.1098,0.1092,0.1098,37067.42
2026-08-24 12:00:00,0.1098,0.1098,0.1096,0.1097,147930.06
2026-08-24 12:05:00,0.1098,0.1098,0.1094,0.1094,36999.73
2026-08-24 12:10:00,0.1095,0.1097,0.1093,0.1093,207530.23
2026-08-24 12:15:00,0.1094,0.1094,0.1085,0.1093,388564.13
2026-08-24 12:20:00,0.1092,0.1096,0.1091,0.1096,30167.47
2026-08-24 12:25:00,0.1095,0.1101,0.1095,0.1099,72672.3
2026-08-24 12:30:00,0.11,0.1103,0.1094,0.1099,317334.55
2026-08-24 12:35:00,0.11,0.1103,0.11,0.1102,45018.51
2026-08-24 12:40:00,0.1102,0.1104,0.1101,0.1102,87301.59
2026-08-24 12:45:00,0.1101,0.1107,0.11,0.1106,125086.24
2026-08-24 12:50:00,0.1106,0.1111,0.1104,0.1107,173704.06
2026-08-24 12:55:00,0.1107,0.1107,0.11,0.1102,182575.6
2026-08-24 13:00:00,0.1102,0.1102,0.1095,0.1096,81564.05
2026-08-24 13:05:00,0.1097,0.11,0.1097,0.11,45099.58
2026-08-24 13:10:00,0.11,0.1105,0.11,0.1104,43197.6
2026-08-24 13:15:00,0.1104,0.1104,0.1099,0.1102,89196.07
2026-08-24 13:20:00,0.1102,0.1103,0.1099,0.1101,55927.86
2026-08-24 13:25:00,0.11,0.1102,0.1095,0.1096,90877.53
2026-08-24 13:30:00,0.1096,0.1096,0.1083,0.1088,390767.67
2026-08-24 13:35:00,0.1089,0.1089,0.1082,0.1086,273768.11
2026-08-24 13:40:00,0.1086,0.1086,0.1076,0.1079,323775.77
2026-08-24 13:45:00,0.1078,0.1081,0.1071,0.1079,256017.05
2026-08-24 13:50:00,0.1078,0.1081,0.1073,0.1076,123888.9
2026-08-24 13:55:00,0.1075,0.1083,0.1074,0.108,215222.84
2026-08-24 14:00:00,0.108,0.1083,0.1078,0.108,127384.45
2026-08-24 14:05:00,0.108,0.1084,0.1078,0.1083,221645.66
2026-08-24 14:10:00,0.1083,0.1086,0.1082,0.1085,183633.23
2026-08-24 14:15:00,0.1085,0.1086,0.1081,0.1082,58590.18
2026-08-24 14:20:00,0.1081,0.1091,0.108,0.1081,640557.78
2026-08-24 14:25:00,0.1082,0.1088,0.108,0.1088,102069.43
2026-08-24 14:30:00,0.1088,0.1095,0.1087,0.1092,96455.36
2026-08-24 14:35:00,0.1092,0.1098,0.1092,0.1094,120312.1
2026-08-24 14:40:00,0.1093,0.1096,0.1089,0.1092,418771.89
2026-08-24 14:45:00,0.1093,0.1093,0.1089,0.109,108546.78
2026-08-24 14:50:00,0.109,0.109,0.1085,0.1087,74785.69
2026-08-24 14:55:00,0.1087,0.1094,0.1087,0.1092,49029.73
2026-08-24 15:00:00,0.1092,0.1099,0.1091,0.1097,122825.5
2026-08-24 15:05:00,0.1096,0.1099,0.1093,0.1097,37239.09
2026-08-24 15:10:00,0.1096,0.1099,0.1095,0.1096,33786.86
2026-08-24 15:15:00,0.1096,0.1101,0.1096,0.1101,48037.66
2026-08-24 15:20:00,0.1101,0.1106,0.11,0.1106,78492.44
2026-08-24 15:25:00,0.1106,0.1108,0.1102,0.1103,399504.37
2026-08-24 15:30:00,0.1103,0.1106,0.1099,0.11,149774.21
2026-08-24 15:35:00,0.11,0.1102,0.1094,0.1094,133158.24
2026-08-24 15:40:00,0.1095,0.1097,0.1085,0.1089,494764.74
2026-08-24 15:45:00,0.1089,0.1093,0.1085,0.109,95853.13
2026-08-24 15:50:00,0.109,0.1091,0.1087,0.1088,145208.11
2026-08-24 15:55:00,0.1087,0.1087,0.1082,0.1086,110515.81
2026-08-24 16:00:00,0.1087,0.109,0.1086,0.1089,104476.89
2026-08-24 16:05:00,0.1089,0.1095,0.1088,0.1088,168013.47
2026-08-24 16:10:00,0.1088,0.109,0.1087,0.109,58869.39
2026-08-24 16:15:00,0.1089,0.1094,0.1089,0.1093,14730.99
2026-08-24 16:20:00,0.1094,0.1094,0.1092,0.1092,17415.18
2026-08-24 16:25:00,0.1092,0.1092,0.1089,0.1091,33704.52
2026-08-24 16:30:00,0.1091,0.1093,0.109,0.109,13164.49
2026-08-24 16:35:00,0.1091,0.1092,0.1089,0.109,48810.43
2026-08-24 16:40:00,0.1089,0.1093,0.1086,0.1091,63121.43
2026-08-24 16:45:00,0.109,0.1091,0.1088,0.1088,63052.09
2026-08-24 16:50:00,0.1088,0.1089,0.1081,0.1082,95709.97
2026-08-24 16:55:00,0.1083,0.1087,0.1081,0.1084,91737.03
2026-08-24 17:00:00,0.1083,0.1083,0.1075,0.108,496964.58
2026-08-24 17:05:00,0.108,0.1086,0.108,0.1086,85580.0
2026-08-24 17:10:00,0.1086,0.1087,0.1082,0.1084,95161.12
2026-08-24 17:15:00,0.1083,0.1083,0.1074,0.1079,278516.11
2026-08-24 17:20:00,0.1078,0.1079,0.1064,0.1069,708035.0
2026-08-24 17:25:00,0.1069,0.1072,0.1065,0.1066,206140.55
2026-08-24 17:30:00,0.1066,0.1068,0.1064,0.1064,200308.17
2026-08-24 17:35:00,0.1064,0.107,0.1064,0.107,56218.14
2026-08-24 17:40:00,0.1071,0.1073,0.1067,0.1067,58179.84
2026-08-24 17:45:00,0.1067,0.1072,0.1065,0.1072,112257.54
2026-08-24 17:50:00,0.1072,0.1075,0.1071,0.1073,91191.61
2026-08-24 17:55:00,0.1072,0.1074,0.1072,0.1074,6286.15
2026-08-24 18:00:00,0.1075,0.1079,0.1075,0.1079,127087.42
2026-08-24 18:05:00,0.1079,0.1081,0.1078,0.1078,294009.86
2026-08-24 18:10:00,0.1079,0.1079,0.1077,0.1078,54666.75
2026-08-24 18:15:00,0.1079,0.1079,0.1077,0.1077,16072.7
2026-08-24 18:20:00,0.1078,0.1079,0.1077,0.1078,75824.88
2026-08-24 18:25:00,0.1077,0.1082,0.1077,0.1081,35333.74
2026-08-24 18:30:00,0.1081,0.1082,0.1079,0.1079,30084.32
2026-08-24 18:35:00,0.1078,0.108,0.1073,0.1075,157224.44
2026-08-24 18:40:00,0.1076,0.1078,0.1075,0.1076,55254.41
2026-08-24 18:45:00,0.1077,0.1079,0.1076,0.1077,38194.83
2026-08-24 18:50:00,0.1077,0.1077,0.1071,0.1073,62687.53
2026-08-24 18:55:00,0.1073,0.1073,0.1071,0.1072,12832.7
2026-08-24 19:00:00,0.1073,0.1074,0.107,0.107,105912.93
2026-08-24 19:05:00,0.107,0.1071,0.1067,0.1068,117811.11
2026-08-24 19:10:00,0.1068,0.1071,0.1067,0.107,54604.25
2026-08-24 19:15:00,0.1071,0.1072,0.1065,0.1065,107164.31
2026-08-24 19:20:00,0.1066,0.1069,0.1065,0.1069,62936.34
2026-08-24 19:25:00,0.107,0.1074,0.107,0.1073,15975.05
2026-08-24 19:30:00,0.1073,0.1073,0.1071,0.1072,33893.36
2026-08-24 19:35:00,0.1072,0.1076,0.1072,0.1074,50235.47
2026-08-24 19:40:00,0.1075,0.1075,0.1072,0.1073,39831.13
2026-08-24 19:45:00,0.1074,0.1074,0.1071,0.1074,40648.46
2026-08-24 19:50:00,0.1074,0.1074,0.107,0.1071,12989.13
2026-08-24 19:55:00,0.1071,0.1073,0.107,0.1072,39248.95
2026-08-24 20:00:00,0.1073,0.1073,0.1069,0.1069,38701.51
2026-08-24 20:05:00,0.1069,0.1074,0.1069,0.1074,20097.68
2026-08-24 20:10:00,0.1074,0.1075,0.1071,0.1072,9239.98
2026-08-24 20:15:00,0.1071,0.1073,0.1071,0.1072,17512.38
2026-08-24 20:20:00,0.1071,0.1072,0.1071,0.1071,4902.76
2026-08-24 20:25:00,0.107,0.107,0.1066,0.1069,40554.55
2026-08-24 20:30:00,0.1068,0.1072,0.1068,0.1072,11663.64
2026-08-24 20:35:00,0.1073,0.108,0.1072,0.1077,55787.02
2026-08-24 20:40:00,0.1078,0.1078,0.1076,0.1077,10550.1
2026-08-24 20:45:00,0.1078,0.1079,0.1077,0.1077,11268.56
2026-08-24 20:50:00,0.1078,0.1078,0.1077,0.1077,2935.04
2026-08-24 20:55:00,0.1078,0.1079,0.1078,0.1079,4093.69
2026-08-24 21:00:00,0.108,0.1083,0.108,0.1083,32853.41
2026-08-24 21:05:00,0.1084,0.1084,0.1081,0.1081,4639.77
2026-08-24 21:10:00,0.1081,0.1083,0.1081,0.1083,7305.68
2026-08-24 21:15:00,0.1083,0.1084,0.108,0.108,36827.93
2026-08-24 21:20:00,0.1079,0.1081,0.1078,0.1081,57833.46
2026-08-24 21:25:00,0.1081,0.1081,0.108,0.1081,24118.77
2026-08-24 21:30:00,0.1082,0.1084,0.1081,0.1081,47142.31
2026-08-24 21:35:00,0.1081,0.1082,0.108,0.108,33505.83
2026-08-24 21:40:00,0.108,0.108,0.1077,0.1077,16426.55
2026-08-24 21:45:00,0.1078,0.108,0.1078,0.1079,43663.53
2026-08-24 21:50:00,0.1079,0.108,0.1076,0.1076,33259.65
2026-08-24 21:55:00,0.1077,0.108,0.1076,0.108,22650.7
2026-08-24 22:00:00,0.1079,0.108,0.1077,0.1078,22390.64
2026-08-24 22:05:00,0.1078,0.1079,0.1077,0.1077,5632.81
2026-08-24 22:10:00,0.1076,0.1076,0.1074,0.1075,8330.32
2026-08-24 22:15:00,0.1075,0.1075,0.1073,0.1073,18389.05
2026-08-24 22:20:00,0.1073,0.1073,0.1072,0.1072,56852.08
2026-08-24 22:25:00,0.1071,0.1071,0.1068,0.107,82272.99
2026-08-24 22:30:00,0.107,0.1073,0.107,0.1073,17098.9
2026-08-24 22:35:00,0.1072,0.1075,0.1072,0.1075,30444.35
2026-08-24 22:40:00,0.1075,0.1075,0.1072,0.1072,211021.76
2026-08-24 22:45:00,0.1072,0.1072,0.107,0.1071,22393.51
2026-08-24 22:50:00,0.1071,0.1071,0.107,0.107,44508.01
2026-08-24 22:55:00,0.1069,0.107,0.1067,0.1068,29521.55
2026-08-24 23:00:00,0.1069,0.1069,0.1065,0.1067,39228.9
2026-08-24 23:05:00,0.1067,0.107,0.1066,0.1069,27864.79
2026-08-24 23:10:00,0.1071,0.1071,0.1069,0.1069,44176.3
2026-08-24 23:15:00,0.1069,0.107,0.1069,0.1069,50863.64
2026-08-24 23:20:00,0.107,0.1073,0.107,0.1072,15408.06
2026-08-24 23:25:00,0.1074,0.1075,0.1072,0.1072,9957.0
2026-08-24 23:30:00,0.1072,0.1073,0.1071,0.1072,33580.68
2026-08-24 23:35:00,0.1072,0.1077,0.1072,0.1077,57729.04
2026-08-24 23:40:00,0.1076,0.1078,0.1076,0.1076,6935.92
2026-08-24 23:45:00,0.1077,0.1077,0.1075,0.1075,9031.24
2026-08-24 23:50:00,0.1075,0.1076,0.1074,0.1074,14315.47
2026-08-24 23:55:00,0.1075,0.1078,0.1075,0.1077,21948.11
2026-08-25 00:00:00,0.1077,0.1077,0.1076,0.1076,17941.93
2026-08-25 00:05:00,0.1075,0.1083,0.1074,0.1078,240524.71
2026-08-25 00:10:00,0.1078,0.1082,0.1077,0.1078,133758.52
2026-08-25 00:15:00,0.1077,0.1077,0.1073,0.1074,74543.03
2026-08-25 00:20:00,0.1073,0.1078,0.1073,0.1077,50358.07
2026-08-25 00:25:00,0.1077,0.1079,0.1075,0.1076,46070.65
2026-08-25 00:30:00,0.1076,0.1077,0.1074,0.1076,43283.74
2026-08-25 00:35:00,0.1076,0.1079,0.1076,0.1077,49418.18
2026-08-25 00:40:00,0.1077,0.1085,0.1077,0.1084,227729.56
2026-08-25 00:45:00,0.1084,0.1092,0.1084,0.1086,92158.83
2026-08-25 00:50:00,0.1085,0.1088,0.1084,0.1088,55240.2
2026-08-25 00:55:00,0.1088,0.109,0.1088,0.1089,35776.49
2026-08-25 01:00:00,0.1089,0.1092,0.1088,0.1091,53974.19
2026-08-25 01:05:00,0.1091,0.1091,0.1087,0.1089,60158.31
2026-08-25 01:10:00,0.1088,0.1088,0.1082,0.1083,188419.3
2026-08-25 01:15:00,0.1082,0.1084,0.1079,0.1084,109009.5
2026-08-25 01:20:00,0.1084,0.1084,0.1082,0.1082,35504.5
2026-08-25 01:25:00,0.1082,0.1085,0.1082,0.1083,102518.53
2026-08-25 01:30:00,0.1082,0.1083,0.108,0.108,21229.26
2026-08-25 01:35:00,0.108,0.1081,0.1078,0.1081,17019.4
2026-08-25 01:40:00,0.1081,0.1081,0.1077,0.1077,45543.61
2026-08-25 01:45:00,0.1077,0.1079,0.1077,0.1078,43501.09
2026-08-25 01:50:00,0.1078,0.1078,0.1075,0.1078,39358.66
2026-08-25 01:55:00,0.1078,0.1079,0.1078,0.1079,3288.49
2026-08-25 02:00:00,0.1078,0.1078,0.1076,0.1076,34432.56
2026-08-25 02:05:00,0.1075,0.1076,0.1073,0.1073,63869.47
2026-08-25 02:10:00,0.1074,0.1075,0.1072,0.1072,19536.72
2026-08-25 02:15:00,0.1072,0.1089,0.1071,0.1087,324892.21
2026-08-25 02:20:00,0.1088,0.1091,0.1082,0.1088,242875.57
2026-08-25 02:25:00,0.1089,0.1095,0.1088,0.1095,154877.98
2026-08-25 02:30:00,0.1095,0.1095,0.1091,0.1091,59730.26
2026-08-25 02:35:00,0.1091,0.1092,0.1089,0.1092,41246.35
2026-08-25 02:40:00,0.1093,0.1097,0.1092,0.1092,172951.19
2026-08-25 02:45:00,0.1092,0.1093,0.1086,0.1086,268316.05
2026-08-25 02:50:00,0.1085,0.1085,0.1081,0.1083,88431.09
2026-08-25 02:55:00,0.1082,0.1085,0.1082,0.1083,56185.67
2026-08-25 03:00:00,0.1084,0.1086,0.1081,0.1086,112746.77
2026-08-25 03:05:00,0.1087,0.109,0.1087,0.1089,397630.81
2026-08-25 03:10:00,0.1089,0.1089,0.1087,0.1088,47032.57
2026-08-25 03:15:00,0.1087,0.1089,0.1084,0.1086,155208.51
2026-08-25 03:20:00,0.1087,0.1089,0.1085,0.1087,23541.98
2026-08-25 03:25:00,0.1086,0.1088,0.1084,0.1086,28271.57
2026-08-25 03:30:00,0.1086,0.1088,0.1085,0.1087,20998.92
2026-08-25 03:35:00,0.1087,0.1087,0.1085,0.1087,31577.11
2026-08-25 03:40:00,0.1086,0.1086,0.108,0.108,87627.62
2026-08-25 03:45:00,0.108,0.1083,0.1075,0.1076,151651.68
2026-08-25 03:50:00,0.1077,0.1078,0.1075,0.1076,27637.19
2026-08-25 03:55:00,0.1075,0.1076,0.1074,0.1076,36755.56
2026-08-25 04:00:00,0.1076,0.1078,0.1075,0.1075,29620.99
2026-08-25 04:05:00,0.1074,0.1075,0.1072,0.1075,63034.72
2026-08-25 04:10:00,0.1075,0.1078,0.1075,0.1077,28544.43
2026-08-25 04:15:00,0.1078,0.1078,0.1074,0.1075,165525.8
2026-08-25 04:20:00,0.1075,0.1081,0.1075,0.1081,45035.79
2026-08-25 04:25:00,0.108,0.108,0.1077,0.1078,14286.67
2026-08-25 04:30:00,0.1078,0.1081,0.1076,0.1079,32987.21
2026-08-25 04:35:00,0.1079,0.1081,0.1078,0.1079,109717.68
2026-08-25 04:40:00,0.108,0.1083,0.1077,0.1077,197631.2
2026-08-25 04:45:00,0.1077,0.1081,0.1076,0.1081,25605.42
2026-08-25 04:50:00,0.1081,0.1082,0.1081,0.1081,26731.22
2026-08-25 04:55:00,0.1081,0.1082,0.108,0.1082,16562.31
2026-08-25 05:00:00,0.1082,0.1085,0.1081,0.1085,22180.48
2026-08-25 05:05:00,0.1086,0.1087,0.1086,0.1087,45953.03
2026-08-25 05:10:00,0.1088,0.1088,0.1087,0.1087,9331.14
2026-08-25 05:15:00,0.1086,0.1089,0.1086,0.1089,23101.85
2026-08-25 05:20:00,0.1089,0.1091,0.1087,0.1088,48246.9
2026-08-25 05:25:00,0.1088,0.1091,0.1088,0.1091,70392.12
2026-08-25 05:30:00,0.109,0.109,0.1088,0.109,55338.95
2026-08-25 05:35:00,0.1089,0.109,0.1087,0.1087,33690.26
2026-08-25 05:40:00,0.1086,0.1088,0.1085,0.1085,36537.89
2026-08-25 05:45:00,0.1086,0.1086,0.1085,0.1085,57175.61
2026-08-25 05:50:00,0.1085,0.1087,0.1085,0.1085,31716.8
2026-08-25 05:55:00,0.1085,0.1086,0.1082,0.1082,128332.82
2026-08-25 06:00:00,0.1082,0.1082,0.1081,0.1081,20783.45
2026-08-25 06:05:00,0.1081,0.1081,0.108,0.1081,68126.1
2026-08-25 06:10:00,0.108,0.108,0.1078,0.1079,92515.82
2026-08-25 06:15:00,0.1079,0.108,0.1076,0.108,133960.3
2026-08-25 06:20:00,0.108,0.1082,0.1079,0.108,109992.27
2026-08-25 06:25:00,0.1081,0.1081,0.1079,0.1079,12817.9
2026-08-25 06:30:00,0.1079,0.1079,0.1074,0.1077,40318.4
2026-08-25 06:35:00,0.1078,0.1078,0.1072,0.1074,41450.46
2026-08-25 06:40:00,0.1075,0.1076,0.1075,0.1075,13013.04
2026-08-25 06:45:00,0.1075,0.1075,0.1072,0.1072,12591.23
2026-08-25 06:50:00,0.1071,0.1072,0.1069,0.1069,214289.98
2026-08-25 06:55:00,0.1068,0.1068,0.1064,0.1067,123638.84
2026-08-25 07:00:00,0.1067,0.1071,0.1067,0.1071,104981.84
2026-08-25 07:05:00,0.1071,0.1072,0.1067,0.1068,14098.2
2026-08-25 07:10:00,0.1068,0.1068,0.1067,0.1068,15917.08
2026-08-25 07:15:00,0.1067,0.1068,0.1059,0.106,424584.8
2026-08-25 07:20:00,0.1061,0.1063,0.106,0.1062,60185.0
2026-08-25 07:25:00,0.106,0.1062,0.1059,0.1059,214128.2
2026-08-25 07:30:00,0.1058,0.106,0.1056,0.1057,56338.63
2026-08-25 07:35:00,0.1058,0.1059,0.1055,0.1057,93295.59
2026-08-25 07:40:00,0.1057,0.1058,0.1056,0.1057,41601.65
2026-08-25 07:45:00,0.1058,0.1059,0.1041,0.1046,757350.11
2026-08-25 07:50:00,0.1046,0.105,0.1038,0.1048,630324.49
2026-08-25 07:55:00,0.1048,0.1048,0.1045,0.1045,109759.04
2026-08-25 08:00:00,0.1045,0.1048,0.1043,0.1045,240380.27
2026-08-25 08:05:00,0.1045,0.1046,0.1044,0.1045,92355.22
2026-08-25 08:10:00,0.1044,0.1048,0.1043,0.1048,64844.84
2026-08-25 08:15:00,0.1048,0.1055,0.1048,0.1053,356143.88
2026-08-25 08:20:00,0.1054,0.1056,0.1054,0.1054,120006.94
2026-08-25 08:25:00,0.1055,0.1057,0.1054,0.1055,212638.05
2026-08-25 08:30:00,0.1054,0.1054,0.1052,0.1053,101625.58
2026-08-25 08:35:00,0.1054,0.1055,0.1053,0.1053,53525.1
2026-08-25 08:40:00,0.1052,0.1055,0.1052,0.1054,68238.91
2026-08-25 08:45:00,0.1055,0.1056,0.1051,0.1051,153555.02
2026-08-25 08:50:00,0.1051,0.1051,0.1049,0.105,35647.57
2026-08-25 08:55:00,0.1049,0.105,0.1048,0.1049,47776.83
2026-08-25 09:00:00,0.105,0.1051,0.1043,0.1043,369927.37
2026-08-25 09:05:00,0.1043,0.1044,0.1043,0.1043,48194.97
2026-08-25 09:10:00,0.1044,0.1045,0.1041,0.1045,49967.6
2026-08-25 09:15:00,0.1045,0.1048,0.1045,0.1048,67457.02
2026-08-25 09:20:00,0.1048,0.1048,0.1048,0.1048,6828.85
2026-08-25 09:25:00,0.1048,0.1049,0.1046,0.1048,27052.38
2026-08-25 09:30:00,0.1048,0.1051,0.1048,0.105,42568.84
2026-08-25 09:35:00,0.1049,0.105,0.1048,0.105,17741.95
2026-08-25 09:40:00,0.105,0.105,0.1049,0.105,12898.52
2026-08-25 09:45:00,0.1051,0.1053,0.105,0.105,73213.29
2026-08-25 09:50:00,0.105,0.105,0.1037,0.1042,456822.14
2026-08-25 09:55:00,0.1041,0.1044,0.1041,0.1044,14513.41
2026-08-25 10:00:00,0.1044,0.1044,0.1039,0.1042,104480.17
2026-08-25 10:05:00,0.1043,0.1045,0.1042,0.1043,36163.08
2026-08-25 10:10:00,0.1043,0.1043,0.104,0.1041,38844.19
2026-08-25 10:15:00,0.1042,0.1042,0.104,0.1042,27002.55
2026-08-25 10:20:00,0.1043,0.1043,0.104,0.1042,45032.01
2026-08-25 10:25:00,0.1043,0.1043,0.1043,0.1043,29871.62
2026-08-25 10:30:00,0.1042,0.1061,0.1042,0.1049,5602010.77
2026-08-25 10:35:00,0.1049,0.1051,0.1048,0.1049,204058.41
2026-08-25 10:40:00,0.1048,0.1049,0.1046,0.1047,149382.49
2026-08-25 10:45:00,0.1048,0.1051,0.1048,0.1049,88515.54
2026-08-25 10:50:00,0.1049,0.1051,0.1049,0.1051,44991.17
2026-08-25 10:55:00,0.1051,0.1052,0.1049,0.105,83721.79
2026-08-25 11:00:00,0.1049,0.1049,0.1046,0.1046,51997.65
2026-08-25 11:05:00,0.1045,0.1049,0.1045,0.1046,110501.46
2026-08-25 11:10:00,0.1046,0.1047,0.1042,0.1042,139126.89
2026-08-25 11:15:00,0.1042,0.1045,0.1042,0.1045,91137.41
2026-08-25 11:20:00,0.1044,0.1047,0.1044,0.1045,105135.13
2026-08-25 11:25:00,0.1045,0.1045,0.1041,0.1043,61537.42
2026-08-25 11:30:00,0.1043,0.1046,0.1043,0.1046,46420.58
2026-08-25 11:35:00,0.1046,0.1046,0.1043,0.1043,56345.52
2026-08-25 11:40:00,0.1043,0.1043,0.104,0.1041,46373.63
2026-08-25 11:45:00,0.104,0.1042,0.104,0.1041,83722.55
2026-08-25 11:50:00,0.1041,0.1041,0.1035,0.1037,138315.95
2026-08-25 11:55:00,0.1038,0.1041,0.1036,0.1038,31398.05
2026-08-25 12:00:00,0.1038,0.104,0.1036,0.1037,71939.7
2026-08-25 12:05:00,0.1037,0.1037,0.1032,0.1035,328859.37
2026-08-25 12:10:00,0.1035,0.1041,0.1035,0.1041,37439.88
2026-08-25 12:15:00,0.1041,0.1041,0.1038,0.1039,37715.94
2026-08-25 12:20:00,0.1039,0.1039,0.1034,0.1037,111866.73
2026-08-25 12:25:00,0.1038,0.104,0.1034,0.104,149229.11
2026-08-25 12:30:00,0.104,0.1041,0.1038,0.1041,37392.55
2026-08-25 12:35:00,0.1041,0.1042,0.104,0.104,26064.96
2026-08-25 12:40:00,0.1039,0.1043,0.1037,0.1043,62245.13
2026-08-25 12:45:00,0.1044,0.1045,0.1043,0.1045,25893.47
2026-08-25 12:50:00,0.1045,0.1048,0.1044,0.1047,40070.64
2026-08-25 12:55:00,0.1048,0.1056,0.1046,0.1048,949627.28
2026-08-25 13:00:00,0.1047,0.1048,0.1044,0.1045,111791.94
2026-08-25 13:05:00,0.1044,0.1045,0.1041,0.1042,90384.73
2026-08-25 13:10:00,0.1041,0.1042,0.1038,0.104,99915.33
2026-08-25 13:15:00,0.1039,0.1039,0.1033,0.1034,110999.47
2026-08-25 13:20:00,0.1035,0.1037,0.1029,0.1032,315388.07
2026-08-25 13:25:00,0.1033,0.1035,0.103,0.103,195683.41
2026-08-25 13:30:00,0.1029,0.1036,0.1028,0.1036,264961.5
2026-08-25 13:35:00,0.1036,0.1038,0.1034,0.1034,59882.39
2026-08-25 13:40:00,0.1033,0.1037,0.103,0.103,53762.03
2026-08-25 13:45:00,0.103,0.103,0.1025,0.1027,241956.21
2026-08-25 13:50:00,0.1028,0.1028,0.1018,0.1025,356952.99
2026-08-25 13:55:00,0.1025,0.1031,0.1022,0.1031,77820.59
2026-08-25 14:00:00,0.1031,0.1035,0.1028,0.1032,260220.96
2026-08-25 14:05:00,0.1033,0.1037,0.1032,0.1037,66328.83
2026-08-25 14:10:00,0.1037,0.1039,0.1035,0.1035,69477.44
2026-08-25 14:15:00,0.1035,0.1036,0.1032,0.1032,204820.32
2026-08-25 14:20:00,0.1031,0.1035,0.1031,0.1034,24482.79
2026-08-25 14:25:00,0.1035,0.1038,0.1034,0.1036,49994.49
2026-08-25 14:30:00,0.1035,0.1041,0.1031,0.1038,289478.16
2026-08-25 14:35:00,0.1039,0.1039,0.1036,0.1036,46746.5
2026-08-25 14:40:00,0.1036,0.1037,0.1035,0.1036,23186.33
2026-08-25 14:45:00,0.1036,0.1039,0.1036,0.1037,25090.14
2026-08-25 14:50:00,0.1036,0.1038,0.1035,0.1035,5362.0
2026-08-25 14:55:00,0.1036,0.1038,0.1034,0.1035,31776.82
2026-08-25 15:00:00,0.1035,0.1035,0.1031,0.1031,48872.51
2026-08-25 15:05:00,0.1033,0.1034,0.1031,0.1033,23881.65
2026-08-25 15:10:00,0.1032,0.1032,0.103,0.103,223978.83
2026-08-25 15:15:00,0.103,0.1034,0.1029,0.1032,64584.65
2026-08-25 15:20:00,0.1032,0.1034,0.103,0.103,58727.42
2026-08-25 15:25:00,0.103,0.1031,0.1027,0.1029,153724.49
2026-08-25 15:30:00,0.1029,0.1031,0.1029,0.1031,28379.26
2026-08-25 15:35:00,0.1032,0.1035,0.1031,0.1031,177194.46
2026-08-25 15:40:00,0.1031,0.1032,0.1031,0.1032,16948.92
2026-08-25 15:45:00,0.1032,0.1032,0.1031,0.1031,14394.01
2026-08-25 15:50:00,0.103,0.1032,0.103,0.1032,13960.33
2026-08-25 15:55:00,0.1032,0.1037,0.1032,0.1037,10213.03
2026-08-25 16:00:00,0.1037,0.1039,0.1037,0.1037,49595.76
2026-08-25 16:05:00,0.1037,0.1037,0.1034,0.1034,25050.05
2026-08-25 16:10:00,0.1033,0.1033,0.1031,0.1033,29323.73
2026-08-25 16:15:00,0.1032,0.1033,0.1032,0.1033,12329.65
2026-08-25 16:20:00,0.1033,0.1033,0.1029,0.1029,28965.3
2026-08-25 16:25:00,0.103,0.1031,0.1029,0.1031,18475.09
2026-08-25 16:30:00,0.1031,0.1033,0.103,0.1033,106464.44
2026-08-25 16:35:00,0.1032,0.1033,0.1032,0.1033,10681.15
2026-08-25 16:40:00,0.1033,0.1036,0.1033,0.1034,35674.62
2026-08-25 16:45:00,0.1035,0.1035,0.1033,0.1034,32194.99
2026-08-25 16:50:00,0.1032,0.1032,0.1029,0.1029,222839.23
2026-08-25 16:55:00,0.1029,0.1029,0.1028,0.1029,49013.92
2026-08-25 17:00:00,0.1029,0.1029,0.102,0.1023,427578.99
2026-08-25 17:05:00,0.1023,0.1023,0.102,0.1023,272418.11
2026-08-25 17:10:00,0.1022,0.1023,0.102,0.1023,162921.27
2026-08-25 17:15:00,0.1023,0.1024,0.1021,0.1024,48496.79
2026-08-25 17:20:00,0.1024,0.1025,0.102,0.1021,65809.4
2026-08-25 17:25:00,0.1022,0.1023,0.1021,0.1021,22293.19
2026-08-25 17:30:00,0.1022,0.1025,0.1022,0.1024,73798.85
2026-08-25 17:35:00,0.1024,0.1025,0.1023,0.1025,5901.23
2026-08-25 17:40:00,0.1024,0.1027,0.1024,0.1026,37722.97
2026-08-25 17:45:00,0.1026,0.1028,0.1026,0.1028,44183.35
2026-08-25 17:50:00,0.1028,0.1028,0.1025,0.1026,32014.94
2026-08-25 17:55:00,0.1025,0.1027,0.1025,0.1027,71480.85
2026-08-25 18:00:00,0.1027,0.1028,0.1025,0.1026,29200.2
2026-08-25 18:05:00,0.1027,0.1029,0.1027,0.1028,10243.61
2026-08-25 18:10:00,0.1028,0.103,0.1028,0.103,65631.99
2026-08-25 18:15:00,0.103,0.1036,0.103,0.1032,227381.86
2026-08-25 18:20:00,0.1032,0.1034,0.1031,0.1033,31626.6
2026-08-25 18:25:00,0.1032,0.1032,0.1031,0.1032,7528.79
2026-08-25 18:30:00,0.1032,0.1032,0.103,0.103,12398.39
2026-08-25 18:35:00,0.103,0.1032,0.103,0.1031,6145.25
2026-08-25 18:40:00,0.1031,0.1031,0.1031,0.1031,4963.78
2026-08-25 18:45:00,0.1032,0.1033,0.103,0.103,32459.35
2026-08-25 18:50:00,0.1031,0.1031,0.1028,0.1028,43848.75
2026-08-25 18:55:00,0.1028,0.1029,0.1027,0.1028,17759.57
2026-08-25 19:00:00,0.1028,0.1029,0.1026,0.1026,39298.87
2026-08-25 19:05:00,0.1027,0.1029,0.1026,0.1029,166586.61
2026-08-25 19:10:00,0.103,0.103,0.1028,0.1029,16291.08
2026-08-25 19:15:00,0.1029,0.1029,0.1028,0.1029,7679.16
2026-08-25 19:20:00,0.1029,0.1029,0.1028,0.1028,4756.41
2026-08-25 19:25:00,0.1028,0.1028,0.1024,0.1024,24066.43
2026-08-25 19:30:00,0.1024,0.1024,0.1022,0.1022,39323.91
2026-08-25 19:35:00,0.1023,0.1024,0.1022,0.1022,23544.83
2026-08-25 19:40:00,0.1021,0.1022,0.1019,0.1019,59450.95
2026-08-25 19:45:00,0.102,0.1021,0.1019,0.102,42480.37
2026-08-25 19:50:00,0.102,0.1023,0.102,0.1023,13419.98
2026-08-25 19:55:00,0.1022,0.1024,0.1022,0.1023,17811.92
2026-08-25 20:00:00,0.1023,0.1023,0.1012,0.1018,363048.14
2026-08-25 20:05:00,0.1017,0.1019,0.1016,0.1019,46889.41
2026-08-25 20:10:00,0.102,0.1021,0.1018,0.102,13521.22
2026-08-25 20:15:00,0.102,0.1022,0.102,0.1022,34698.77
2026-08-25 20:20:00,0.1022,0.1022,0.102,0.1021,12139.52
2026-08-25 20:25:00,0.1021,0.1021,0.1019,0.1019,45196.84
2026-08-25 20:30:00,0.1019,0.1019,0.1016,0.1017,52274.74
2026-08-25 20:35:00,0.1018,0.1018,0.1013,0.1013,59160.39
2026-08-25 20:40:00,0.1013,0.1015,0.1009,0.1012,158032.38
2026-08-25 20:45:00,0.1012,0.1013,0.1008,0.1009,142223.3
2026-08-25 20:50:00,0.1009,0.1011,0.1008,0.1009,96642.19
2026-08-25 20:55:00,0.1008,0.1009,0.1005,0.1006,128321.59
2026-08-25 21:00:00,0.1006,0.101,0.1004,0.1006,177112.58
2026-08-25 21:05:00,0.1006,0.1009,0.0992,0.1,810225.03
2026-08-25 21:10:00,0.0999,0.1006,0.0998,0.1005,113378.55
2026-08-25 21:15:00,0.1005,0.1008,0.1003,0.1008,56185.54
2026-08-25 21:20:00,0.1008,0.1008,0.1001,0.1002,88463.05
2026-08-25 21:25:00,0.1001,0.1006,0.1001,0.1006,280701.67
2026-08-25 21:30:00,0.1006,0.101,0.1005,0.1008,589299.46
2026-08-25 21:35:00,0.1009,0.101,0.1009,0.101,15596.07
2026-08-25 21:40:00,0.101,0.1011,0.1009,0.1009,10739.24
2026-08-25 21:45:00,0.101,0.1011,0.101,0.101,26866.2
2026-08-25 21:50:00,0.1011,0.1011,0.1008,0.1008,3099.62
2026-08-25 21:55:00,0.1009,0.1011,0.1009,0.101,15817.62
2026-08-25 22:00:00,0.1011,0.1014,0.1011,0.1014,31582.05
2026-08-25 22:05:00,0.1014,0.1017,0.1014,0.1016,31130.45
2026-08-25 22:10:00,0.1016,0.1017,0.1016,0.1017,7410.74
2026-08-25 22:15:00,0.1018,0.1019,0.1017,0.1017,4457.93
2026-08-25 22:20:00,0.1018,0.1018,0.1016,0.1016,36621.19
2026-08-25 22:25:00,0.1016,0.1016,0.1013,0.1013,67689.26
2026-08-25 22:30:00,0.1013,0.1016,0.1012,0.1016,40111.7
2026-08-25 22:35:00,0.1017,0.1017,0.1015,0.1016,28643.78
2026-08-25 22:40:00,0.1015,0.1015,0.1014,0.1014,13986.53
2026-08-25 22:45:00,0.1015,0.1017,0.1015,0.1015,38503.83
2026-08-25 22:50:00,0.1016,0.1016,0.1015,0.1016,31898.18
2026-08-25 22:55:00,0.1016,0.1016,0.1015,0.1015,24151.65
2026-08-25 23:00:00,0.1015,0.1017,0.1015,0.1016,24245.8
2026-08-25 23:05:00,0.1017,0.1017,0.1015,0.1015,9459.85
2026-08-25 23:10:00,0.1014,0.1014,0.1013,0.1014,8934.04
2026-08-25 23:15:00,0.1013,0.1015,0.1012,0.1012,20215.13
2026-08-25 23:20:00,0.1012,0.1012,0.1011,0.1011,9657.85
2026-08-25 23:25:00,0.1011,0.1015,0.1011,0.1015,9816.61
2026-08-25 23:30:00,0.1015,0.1015,0.1013,0.1013,15877.72
2026-08-25 23:35:00,0.1014,0.1018,0.1014,0.1014,406516.37
2026-08-25 23:40:00,0.1014,0.1014,0.1011,0.1012,5244.59
2026-08-25 23:45:00,0.1012,0.1012,0.101,0.101,17270.64
2026-08-25 23:50:00,0.1011,0.1011,0.101,0.1011,7960.22
2026-08-25 23:55:00,0.1012,0.1015,0.1012,0.1015,32650.98
2026-08-26 00:00:00,0.1015,0.1016,0.1012,0.1016,38161.93
2026-08-26 00:05:00,0.1016,0.1016,0.1012,0.1012,77297.9
2026-08-26 00:10:00,0.1011,0.1013,0.101,0.1011,4877.32
2026-08-26 00:15:00,0.101,0.1012,0.101,0.1011,12835.45
2026-08-26 00:20:00,0.1013,0.1013,0.1011,0.1012,12323.79
2026-08-26 00:25:00,0.1012,0.1014,0.1012,0.1014,12683.88
2026-08-26 00:30:00,0.1014,0.1015,0.1013,0.1014,17867.29
2026-08-26 00:35:00,0.1013,0.1014,0.1012,0.1012,9720.67
2026-08-26 00:40:00,0.1011,0.1015,0.1011,0.1015,36247.77
2026-08-26 00:45:00,0.1015,0.1019,0.1015,0.1019,219817.91
2026-08-26 00:50:00,0.102,0.1023,0.1019,0.1023,60795.7
2026-08-26 00:55:00,0.1022,0.1023,0.102,0.1021,54734.12
2026-08-26 01:00:00,0.1021,0.1024,0.1021,0.1024,35159.29
2026-08-26 01:05:00,0.1024,0.1025,0.1023,0.1023,69510.02
2026-08-26 01:10:00,0.1024,0.1025,0.1023,0.1023,24601.95
2026-08-26 01:15:00,0.1023,0.1027,0.1023,0.1026,63382.07
2026-08-26 01:20:00,0.1025,0.1027,0.1025,0.1025,29103.81
2026-08-26 01:25:00,0.1024,0.1024,0.1023,0.1023,21368.56
2026-08-26 01:30:00,0.1023,0.103,0.1023,0.103,32674.63
2026-08-26 01:35:00,0.103,0.1032,0.103,0.1031,131446.37
2026-08-26 01:40:00,0.103,0.103,0.1028,0.1029,13833.49
2026-08-26 01:45:00,0.1028,0.103,0.1028,0.1029,17804.57
2026-08-26 01:50:00,0.1029,0.1029,0.1028,0.1029,14395.78
2026-08-26 01:55:00,0.1029,0.1031,0.1028,0.103,24501.83
2026-08-26 02:00:00,0.1031,0.1032,0.103,0.103,48485.87
2026-08-26 02:05:00,0.103,0.103,0.1027,0.1028,18339.05
2026-08-26 02:10:00,0.1027,0.1031,0.1027,0.1031,33006.57
2026-08-26 02:15:00,0.103,0.1034,0.103,0.1033,38788.08
2026-08-26 02:20:00,0.1033,0.1034,0.1033,0.1034,7565.45
2026-08-26 02:25:00,0.1034,0.1039,0.1034,0.1038,89794.95
2026-08-26 02:30:00,0.1038,0.1038,0.1035,0.1035,21386.53
2026-08-26 02:35:00,0.1035,0.1036,0.1034,0.1035,24920.75
2026-08-26 02:40:00,0.1035,0.1035,0.1035,0.1035,20304.58
2026-08-26 02:45:00,0.1034,0.1036,0.1034,0.1036,9593.93
2026-08-26 02:50:00,0.1036,0.1037,0.1035,0.1035,17219.86
2026-08-26 02:55:00,0.1036,0.1036,0.1035,0.1035,4937.65
2026-08-26 03:00:00,0.1036,0.1036,0.1034,0.1035,17660.68
2026-08-26 03:05:00,0.1034,0.1034,0.1033,0.1033,38235.81
2026-08-26 03:10:00,0.1032,0.1032,0.103,0.103,5876.02
2026-08-26 03:15:00,0.1029,0.103,0.1029,0.1029,5604.54
2026-08-26 03:20:00,0.1029,0.1031,0.1028,0.1031,20376.7
2026-08-26 03:25:00,0.103,0.103,0.1028,0.1028,25251.02
2026-08-26 03:30:00,0.1027,0.1028,0.1025,0.1027,63712.95
2026-08-26 03:35:00,0.1028,0.103,0.1028,0.1028,38112.74
2026-08-26 03:40:00,0.1027,0.1028,0.1027,0.1027,6055.29
2026-08-26 03:45:00,0.1028,0.1028,0.1025,0.1025,12976.83
2026-08-26 03:50:00,0.1025,0.1025,0.1025,0.1025,8899.76
2026-08-26 03:55:00,0.1026,0.1027,0.1025,0.1026,7906.37
2026-08-26 04:00:00,0.1025,0.1025,0.1023,0.1023,25045.43
2026-08-26 04:05:00,0.1024,0.1025,0.1024,0.1025,17613.25
2026-08-26 04:10:00,0.1026,0.1026,0.1021,0.1022,28427.31
2026-08-26 04:15:00,0.1022,0.1024,0.1022,0.1023,7605.44
2026-08-26 04:20:00,0.1024,0.1025,0.1023,0.1025,35597.34
2026-08-26 04:25:00,0.1026,0.1026,0.1023,0.1024,28982.95
2026-08-26 04:30:00,0.1025,0.1025,0.1023,0.1024,98604.1
2026-08-26 04:35:00,0.1023,0.1027,0.1023,0.1025,26581.8
2026-08-26 04:40:00,0.1024,0.1025,0.1023,0.1023,21528.04
2026-08-26 04:45:00,0.1023,0.1023,0.1021,0.1021,24278.13
2026-08-26 04:50:00,0.1022,0.1022,0.1019,0.102,29286.91
2026-08-26 04:55:00,0.1019,0.1019,0.1017,0.1017,39202.37
2026-08-26 05:00:00,0.1018,0.1019,0.1017,0.1018,52584.85
2026-08-26 05:05:00,0.1017,0.1017,0.1015,0.1016,52276.67
2026-08-26 05:10:00,0.1017,0.1018,0.1015,0.1015,48361.2
2026-08-26 05:15:00,0.1015,0.1018,0.1014,0.1014,73683.67
2026-08-26 05:20:00,0.1014,0.102,0.1014,0.102,25039.87
2026-08-26 05:25:00,0.1021,0.1022,0.1019,0.1021,48980.47
2026-08-26 05:30:00,0.1021,0.1025,0.1021,0.1024,38421.12
2026-08-26 05:35:00,0.1023,0.1023,0.1022,0.1022,4746.29
2026-08-26 05:40:00,0.1022,0.1024,0.1022,0.1023,21297.9
2026-08-26 05:45:00,0.1023,0.1023,0.1023,0.1023,13402.93
2026-08-26 05:50:00,0.1023,0.1023,0.1022,0.1022,29188.12
2026-08-26 05:55:00,0.1022,0.1023,0.1022,0.1023,4760.88
2026-08-26 06:00:00,0.1024,0.1024,0.1022,0.1023,5824.56
2026-08-26 06:05:00,0.1023,0.1024,0.1023,0.1023,10527.95
2026-08-26 06:10:00,0.1022,0.1023,0.102,0.102,19138.23
2026-08-26 06:15:00,0.1019,0.102,0.1018,0.1018,23190.26
2026-08-26 06:20:00,0.1018,0.1019,0.1017,0.1017,9750.87
2026-08-26 06:25:00,0.1017,0.1019,0.1017,0.1017,32168.02
2026-08-26 06:30:00,0.1017,0.1019,0.1014,0.1016,130708.97
2026-08-26 06:35:00,0.1017,0.1017,0.1015,0.1016,33616.11
2026-08-26 06:40:00,0.1016,0.1018,0.1016,0.1018,11038.71
2026-08-26 06:45:00,0.1017,0.1018,0.1017,0.1017,8602.58
2026-08-26 06:50:00,0.1018,0.1018,0.1018,0.1018,2834.31
2026-08-26 06:55:00,0.1018,0.1019,0.1018,0.1019,19626.19
2026-08-26 07:00:00,0.1018,0.1019,0.1017,0.1019,145937.28
2026-08-26 07:05:00,0.102,0.1021,0.1018,0.1018,118959.51
2026-08-26 07:10:00,0.1018,0.1019,0.1018,0.1018,91499.79
2026-08-26 07:15:00,0.1019,0.102,0.1018,0.1018,58257.67
2026-08-26 07:20:00,0.1018,0.1019,0.1017,0.1018,77006.39
2026-08-26 07:25:00,0.1019,0.102,0.1019,0.102,71006.0
2026-08-26 07:30:00,0.102,0.102,0.1019,0.102,64359.53
2026-08-26 07:35:00,0.102,0.1021,0.102,0.102,118535.37
2026-08-26 07:40:00,0.102,0.1021,0.1019,0.102,9883.13
2026-08-26 07:45:00,0.102,0.1022,0.1019,0.1021,107524.95
2026-08-26 07:50:00,0.1022,0.1024,0.1021,0.1021,167345.76
2026-08-26 07:55:00,0.1021,0.1022,0.1019,0.1019,17126.43
2026-08-26 08:00:00,0.1019,0.1021,0.1016,0.1017,38830.83
2026-08-26 08:05:00,0.1016,0.102,0.1015,0.102,29000.64
2026-08-26 08:10:00,0.102,0.1022,0.102,0.102,42249.65
2026-08-26 08:15:00,0.102,0.1022,0.1018,0.1019,12093.87
2026-08-26 08:20:00,0.1018,0.1018,0.1017,0.1018,3195.72
2026-08-26 08:25:00,0.1018,0.102,0.1018,0.102,11664.25
2026-08-26 08:30:00,0.1019,0.102,0.1017,0.102,21987.03
2026-08-26 08:35:00,0.102,0.102,0.102,0.102,8036.69
2026-08-26 08:40:00,0.102,0.1022,0.102,0.1022,19055.98
2026-08-26 08:45:00,0.1022,0.1022,0.1021,0.1021,1961.02
2026-08-26 08:50:00,0.1021,0.1021,0.1015,0.1015,89769.67
2026-08-26 08:55:00,0.1014,0.1017,0.1012,0.1016,176520.18
2026-08-26 09:00:00,0.1017,0.1022,0.1016,0.1022,27187.82
2026-08-26 09:05:00,0.1021,0.1021,0.1019,0.1019,37039.21
2026-08-26 09:10:00,0.102,0.1021,0.1019,0.1019,12147.04
2026-08-26 09:15:00,0.1019,0.1019,0.101,0.1012,215026.91
2026-08-26 09:20:00,0.1013,0.1014,0.1011,0.1012,51558.45
2026-08-26 09:25:00,0.1011,0.1013,0.101,0.1011,18144.59
2026-08-26 09:30:00,0.1011,0.1013,0.101,0.1013,27307.53
2026-08-26 09:35:00,0.1012,0.1012,0.101,0.101,30694.23
2026-08-26 09:40:00,0.1009,0.1011,0.1009,0.1009,21196.3
2026-08-26 09:45:00,0.1009,0.1011,0.1006,0.1011,32723.73
2026-08-26 09:50:00,0.101,0.1012,0.1009,0.1009,12450.99
2026-08-26 09:55:00,0.101,0.1013,0.101,0.1013,10432.13
2026-08-26 10:00:00,0.1012,0.1012,0.1009,0.1011,21210.0
2026-08-26 10:05:00,0.1011,0.1013,0.1011,0.1011,9585.9
2026-08-26 10:10:00,0.1012,0.1014,0.1012,0.1014,14256.07
2026-08-26 10:15:00,0.1014,0.1018,0.1014,0.1018,15258.6
2026-08-26 10:20:00,0.1018,0.1022,0.1016,0.1022,29197.63
2026-08-26 10:25:00,0.1022,0.1022,0.1021,0.1022,64817.59
2026-08-26 10:30:00,0.1022,0.1022,0.102,0.1021,46081.09
2026-08-26 10:35:00,0.102,0.1024,0.102,0.1024,58094.77
2026-08-26 10:40:00,0.1023,0.1024,0.1021,0.1023,26858.24
2026-08-26 10:45:00,0.1023,0.1029,0.1023,0.1029,101452.63
2026-08-26 10:50:00,0.1028,0.1028,0.1025,0.1026,5740.81
2026-08-26 10:55:00,0.1025,0.1026,0.1025,0.1025,4609.88
2026-08-26 11:00:00,0.1026,0.1029,0.1025,0.1029,33977.66
2026-08-26 11:05:00,0.1029,0.103,0.1029,0.1029,87570.46
2026-08-26 11:10:00,0.1029,0.103,0.1029,0.103,10747.24
2026-08-26 11:15:00,0.1031,0.1034,0.1028,0.1028,191124.99
2026-08-26 11:20:00,0.1028,0.1028,0.1026,0.1027,25936.66
2026-08-26 11:25:00,0.1026,0.1027,0.1023,0.1024,87380.71
2026-08-26 11:30:00,0.1024,0.1024,0.1023,0.1023,3533.95
2026-08-26 11:35:00,0.1023,0.1023,0.1016,0.1019,50180.33
2026-08-26 11:40:00,0.1019,0.1021,0.1019,0.1021,61031.15
2026-08-26 11:45:00,0.1021,0.1021,0.1019,0.102,25746.34
2026-08-26 11:50:00,0.1019,0.1022,0.1019,0.1022,26756.27
2026-08-26 11:55:00,0.1022,0.1022,0.1021,0.1021,9450.5
2026-08-26 12:00:00,0.1022,0.1023,0.102,0.1021,29139.68
2026-08-26 12:05:00,0.1021,0.1021,0.1018,0.1018,93475.27
2026-08-26 12:10:00,0.1019,0.1019,0.1017,0.1018,10287.21
2026-08-26 12:15:00,0.1017,0.1018,0.1016,0.1017,28437.05
2026-08-26 12:20:00,0.1017,0.1025,0.1017,0.1024,62365.07
2026-08-26 12:25:00,0.1025,0.1027,0.1024,0.1026,27021.53
2026-08-26 12:30:00,0.1027,0.1027,0.101,0.1024,821627.7
2026-08-26 12:35:00,0.1023,0.1024,0.102,0.1021,169735.62
2026-08-26 12:40:00,0.1021,0.1023,0.102,0.102,38924.6
2026-08-26 12:45:00,0.1021,0.1022,0.1019,0.102,51475.92
2026-08-26 12:50:00,0.1021,0.1021,0.1018,0.1018,26100.8
2026-08-26 12:55:00,0.1019,0.1021,0.1019,0.1019,28953.44
2026-08-26 13:00:00,0.1019,0.102,0.1017,0.1017,52472.87
2026-08-26 13:05:00,0.1016,0.1017,0.1013,0.1013,55235.51
2026-08-26 13:10:00,0.1012,0.1014,0.1011,0.1013,125578.67
2026-08-26 13:15:00,0.1014,0.1014,0.101,0.1012,61394.66
2026-08-26 13:20:00,0.1012,0.1013,0.1008,0.1009,72986.44
2026-08-26 13:25:00,0.1008,0.101,0.1007,0.1009,131803.18
2026-08-26 13:30:00,0.1009,0.1015,0.1008,0.1013,225251.21
2026-08-26 13:35:00,0.1012,0.1016,0.1011,0.1015,25164.31
2026-08-26 13:40:00,0.1014,0.1017,0.1014,0.1016,70180.9
2026-08-26 13:45:00,0.1017,0.1018,0.1012,0.1012,34250.56
2026-08-26 13:50:00,0.1011,0.1012,0.1008,0.1008,67980.54
2026-08-26 13:55:00,0.1009,0.1013,0.1009,0.1013,33662.81
2026-08-26 14:00:00,0.1012,0.1016,0.101,0.1015,34088.2
2026-08-26 14:05:00,0.1015,0.1016,0.1013,0.1014,122272.9
2026-08-26 14:10:00,0.1014,0.1014,0.1012,0.1012,33907.93
2026-08-26 14:15:00,0.1012,0.1015,0.1012,0.1014,9590.62
2026-08-26 14:20:00,0.1014,0.1015,0.1012,0.1012,8902.24
2026-08-26 14:25:00,0.1011,0.1012,0.1007,0.1007,91345.67
2026-08-26 14:30:00,0.1007,0.1008,0.1005,0.1006,95857.41
2026-08-26 14:35:00,0.1006,0.1007,0.1002,0.1004,128105.95
2026-08-26 14:40:00,0.1003,0.1005,0.1001,0.1003,80044.1
2026-08-26 14:45:00,0.1003,0.1004,0.1,0.1001,73212.08
2026-08-26 14:50:00,0.1002,0.1003,0.0999,0.0999,50030.97
2026-08-26 14:55:00,0.1,0.1,0.0997,0.0999,95358.29
2026-08-26 15:00:00,0.0998,0.1001,0.099,0.099,358714.47
2026-08-26 15:05:00,0.099,0.1,0.099,0.0999,124101.78
2026-08-26 15:10:00,0.0999,0.0999,0.0995,0.0996,16968.36
2026-08-26 15:15:00,0.0996,0.0998,0.0994,0.0995,40031.74
2026-08-26 15:20:00,0.0996,0.1,0.0996,0.0998,24986.84
2026-08-26 15:25:00,0.0999,0.1004,0.0999,0.1002,48841.58
2026-08-26 15:30:00,0.1003,0.1004,0.0999,0.0999,8646.41
2026-08-26 15:35:00,0.0999,0.1,0.0998,0.0999,82454.46
2026-08-26 15:40:00,0.1,0.1004,0.1,0.1002,23550.43
2026-08-26 15:45:00,0.1002,0.1006,0.1002,0.1005,27428.17
2026-08-26 15:50:00,0.1004,0.1004,0.1,0.1,10803.17
2026-08-26 15:55:00,0.1,0.1001,0.0998,0.0999,23093.07
2026-08-26 16:00:00,0.0999,0.1,0.0997,0.1,146984.43
2026-08-26 16:05:00,0.1,0.1003,0.0999,0.1002,173550.5
2026-08-26 16:10:00,0.1002,0.1002,0.0999,0.1,15272.96
2026-08-26 16:15:00,0.1,0.1,0.0998,0.0998,2876.27
2026-08-26 16:20:00,0.0999,0.1002,0.0998,0.0998,41424.94
2026-08-26 16:25:00,0.0998,0.0999,0.0995,0.0999,10637.39
2026-08-26 16:30:00,0.0999,0.1001,0.0998,0.1,55361.18
2026-08-26 16:35:00,0.1,0.1001,0.0998,0.0998,12117.58
2026-08-26 16:40:00,0.0998,0.0998,0.0996,0.0996,18975.59
2026-08-26 16:45:00,0.0997,0.1004,0.0997,0.1003,63486.66
2026-08-26 16:50:00,0.1002,0.1002,0.0984,0.0991,953683.79
2026-08-26 16:55:00,0.0991,0.0992,0.0986,0.0986,243783.37
2026-08-26 17:00:00,0.0987,0.0992,0.0987,0.0992,139376.43
2026-08-26 17:05:00,0.0993,0.0993,0.0989,0.099,280890.76
2026-08-26 17:10:00,0.099,0.099,0.099,0.099,25709.62
2026-08-26 17:15:00,0.099,0.0993,0.099,0.0993,87724.39
2026-08-26 17:20:00,0.0994,0.0994,0.099,0.099,126146.52
2026-08-26 17:25:00,0.099,0.0992,0.099,0.0991,383755.03
2026-08-26 17:30:00,0.0991,0.0996,0.099,0.0994,463662.01
2026-08-26 17:35:00,0.0995,0.0995,0.0989,0.0989,131804.53
2026-08-26 17:40:00,0.099,0.099,0.0987,0.0987,14588.25
2026-08-26 17:45:00,0.0986,0.0987,0.0984,0.0987,49078.45
2026-08-26 17:50:00,0.0987,0.099,0.0987,0.099,9819.99
2026-08-26 17:55:00,0.099,0.099,0.0988,0.0988,12541.48
2026-08-26 18:00:00,0.0987,0.0989,0.0986,0.0988,24030.08
2026-08-26 18:05:00,0.0988,0.0989,0.0988,0.0989,16484.48
2026-08-26 18:10:00,0.0989,0.0992,0.0987,0.0987,47159.89
2026-08-26 18:15:00,0.0986,0.0988,0.0986,0.0987,29628.22
2026-08-26 18:20:00,0.0987,0.099,0.0987,0.0989,45669.39
2026-08-26 18:25:00,0.0989,0.0989,0.0988,0.0989,32365.98
2026-08-26 18:30:00,0.0989,0.099,0.0988,0.0988,28620.49
2026-08-26 18:35:00,0.0988,0.0988,0.0986,0.0988,60508.52
2026-08-26 18:40:00,0.0987,0.0987,0.0987,0.0987,2559.9
2026-08-26 18:45:00,0.0988,0.0991,0.0988,0.099,14740.98
2026-08-26 18:50:00,0.099,0.0991,0.0988,0.099,22180.85
2026-08-26 18:55:00,0.099,0.0991,0.0989,0.0989,8334.46
2026-08-26 19:00:00,0.099,0.099,0.0988,0.0989,9130.23
2026-08-26 19:05:00,0.0989,0.0989,0.0988,0.0988,12011.67
2026-08-26 19:10:00,0.0989,0.099,0.0988,0.0988,10536.14
2026-08-26 19:15:00,0.0988,0.0989,0.0987,0.0988,4176.34
2026-08-26 19:20:00,0.0988,0.0989,0.0988,0.0989,1466.42
2026-08-26 19:25:00,0.0989,0.0992,0.0988,0.0989,70059.28
2026-08-26 19:30:00,0.099,0.099,0.0989,0.0989,17404.7
2026-08-26 19:35:00,0.0988,0.0988,0.0987,0.0987,11901.66
2026-08-26 19:40:00,0.0987,0.0987,0.0985,0.0986,27729.93
2026-08-26 19:45:00,0.0985,0.0986,0.0984,0.0986,17835.91
2026-08-26 19:50:00,0.0986,0.0986,0.0985,0.0985,10910.62
2026-08-26 19:55:00,0.0985,0.0986,0.0985,0.0985,4311.1
2026-08-26 20:00:00,0.0985,0.0985,0.0967,0.0974,1333762.26
2026-08-26 20:05:00,0.0974,0.0974,0.0969,0.0971,105846.78
2026-08-26 20:10:00,0.097,0.0973,0.097,0.0971,42929.59
2026-08-26 20:15:00,0.0972,0.0972,0.097,0.097,42936.39
2026-08-26 20:20:00,0.097,0.0971,0.0967,0.0971,67555.98
2026-08-26 20:25:00,0.0971,0.0977,0.0971,0.0977,121061.37
2026-08-26 20:30:00,0.0977,0.0978,0.0973,0.0974,86198.17
2026-08-26 20:35:00,0.0973,0.0976,0.0973,0.0976,34189.95
2026-08-26 20:40:00,0.0977,0.0977,0.0977,0.0977,19046.65
2026-08-26 20:45:00,0.0977,0.0978,0.0977,0.0978,13156.76
2026-08-26 20:50:00,0.0977,0.0977,0.0977,0.0977,2586.04
2026-08-26 20:55:00,0.0977,0.0978,0.0977,0.0977,2087.75
2026-08-26 21:00:00,0.0978,0.0981,0.0978,0.0981,42341.9
2026-08-26 21:05:00,0.0981,0.0987,0.0981,0.0986,54972.55
2026-08-26 21:10:00,0.0987,0.099,0.0986,0.0989,40725.92
2026-08-26 21:15:00,0.0988,0.099,0.0987,0.0988,89621.7
2026-08-26 21:20:00,0.0989,0.0989,0.0988,0.0989,21413.54
2026-08-26 21:25:00,0.0989,0.0989,0.0986,0.0988,46775.35
2026-08-26 21:30:00,0.0988,0.0988,0.0984,0.0985,74022.43
2026-08-26 21:35:00,0.0986,0.0988,0.0986,0.0988,20684.66
2026-08-26 21:40:00,0.0988,0.0988,0.0986,0.0986,80118.4
2026-08-26 21:45:00,0.0986,0.0986,0.0983,0.0984,10384.4
2026-08-26 21:50:00,0.0984,0.0987,0.0984,0.0987,15300.37
2026-08-26 21:55:00,0.0987,0.0989,0.0987,0.0989,32605.5
2026-08-26 22:00:00,0.0989,0.099,0.0988,0.099,52827.95
2026-08-26 22:05:00,0.099,0.099,0.0988,0.0988,54990.07
2026-08-26 22:10:00,0.0988,0.0988,0.0988,0.0988,3433.37
2026-08-26 22:15:00,0.0989,0.0992,0.0989,0.0991,77803.84
2026-08-26 22:20:00,0.0991,0.0992,0.099,0.099,42366.82
2026-08-26 22:25:00,0.099,0.0991,0.099,0.099,31877.29
2026-08-26 22:30:00,0.099,0.099,0.0988,0.099,53806.33
2026-08-26 22:35:00,0.0989,0.0989,0.0987,0.0987,16119.56
2026-08-26 22:40:00,0.0988,0.099,0.0986,0.099,34370.99
2026-08-26 22:45:00,0.099,0.099,0.0988,0.0988,6007.24
2026-08-26 22:50:00,0.0987,0.0987,0.0987,0.0987,45984.56
2026-08-26 22:55:00,0.0987,0.0987,0.0987,0.0987,15657.63
2026-08-26 23:00:00,0.0986,0.0986,0.0985,0.0986,28699.56
2026-08-26 23:05:00,0.0985,0.0985,0.0983,0.0983,130635.86
2026-08-26 23:10:00,0.0983,0.0985,0.0983,0.0983,25088.62
2026-08-26 23:15:00,0.0983,0.0985,0.0982,0.0985,17504.04
2026-08-26 23:20:00,0.0985,0.099,0.0985,0.0989,64536.25
2026-08-26 23:25:00,0.0989,0.099,0.0989,0.0989,34112.23
2026-08-26 23:30:00,0.0989,0.0991,0.0989,0.099,65060.97
2026-08-26 23:35:00,0.099,0.0992,0.0989,0.0992,82111.81
2026-08-26 23:40:00,0.0992,0.0992,0.0991,0.0992,27981.52
2026-08-26 23:45:00,0.0992,0.0992,0.099,0.099,70434.66
2026-08-26 23:50:00,0.0991,0.0992,0.099,0.099,49466.57
2026-08-26 23:55:00,0.099,0.0991,0.099,0.099,20293.16
2026-08-27 00:00:00,0.0989,0.099,0.0987,0.0987,101698.25
2026-08-27 00:05:00,0.0987,0.0989,0.0985,0.0989,48826.18
2026-08-27 00:10:00,0.0988,0.0988,0.0985,0.0985,82191.96
2026-08-27 00:15:00,0.0986,0.0986,0.0982,0.0984,99173.51
2026-08-27 00:20:00,0.0984,0.0985,0.0978,0.0978,158368.1
2026-08-27 00:25:00,0.0977,0.0979,0.0975,0.0979,75628.76
2026-08-27 00:30:00,0.0979,0.0979,0.0975,0.0975,104033.15
2026-08-27 00:35:00,0.0975,0.0976,0.0973,0.0975,51535.55
2026-08-27 00:40:00,0.0975,0.0977,0.0975,0.0977,49525.25
2026-08-27 00:45:00,0.0977,0.0978,0.0976,0.0977,10093.68
2026-08-27 00:50:00,0.0978,0.0978,0.0975,0.0976,75957.63
2026-08-27 00:55:00,0.0976,0.0976,0.0974,0.0974,80826.62
2026-08-27 01:00:00,0.0974,0.0975,0.0972,0.0974,84737.15
2026-08-27 01:05:00,0.0975,0.0975,0.0972,0.0972,59621.42
2026-08-27 01:10:00,0.0972,0.0973,0.0969,0.097,174829.11
2026-08-27 01:15:00,0.0969,0.0972,0.0969,0.0972,31009.13
2026-08-27 01:20:00,0.0972,0.0976,0.0972,0.0976,19068.67
2026-08-27 01:25:00,0.0976,0.0979,0.0976,0.0979,16261.18
2026-08-27 01:30:00,0.0978,0.0981,0.0977,0.0977,106992.93
2026-08-27 01:35:00,0.0977,0.0978,0.0975,0.0976,62627.85
2026-08-27 01:40:00,0.0976,0.0976,0.0973,0.0973,19082.96
2026-08-27 01:45:00,0.0973,0.0976,0.0973,0.0975,19229.02
2026-08-27 01:50:00,0.0976,0.0978,0.0976,0.0976,43125.95
2026-08-27 01:55:00,0.0976,0.0976,0.0974,0.0974,22653.5
2026-08-27 02:00:00,0.0973,0.0975,0.0973,0.0975,69504.46
2026-08-27 02:05:00,0.0975,0.0976,0.0975,0.0976,10922.28
2026-08-27 02:10:00,0.0977,0.0978,0.0973,0.0974,34976.82
2026-08-27 02:15:00,0.0974,0.0975,0.0973,0.0974,18746.28
2026-08-27 02:20:00,0.0975,0.0975,0.0972,0.0972,29086.76
2026-08-27 02:25:00,0.0972,0.0972,0.0969,0.0969,29214.07
2026-08-27 02:30:00,0.0968,0.0971,0.0964,0.0971,205050.06
2026-08-27 02:35:00,0.097,0.097,0.0968,0.0968,84570.98
2026-08-27 02:40:00,0.0967,0.0967,0.0966,0.0966,25437.52
2026-08-27 02:45:00,0.0967,0.0968,0.0966,0.0967,69893.23
2026-08-27 02:50:00,0.0967,0.0968,0.0966,0.0966,58276.59
2026-08-27 02:55:00,0.0966,0.0966,0.0962,0.0964,146970.17
2026-08-27 03:00:00,0.0964,0.0965,0.0962,0.0962,30722.22
2026-08-27 03:05:00,0.0962,0.0965,0.0962,0.0963,78250.03
2026-08-27 03:10:00,0.0963,0.0964,0.0959,0.096,77085.34
2026-08-27 03:15:00,0.096,0.0962,0.096,0.0962,45766.56
2026-08-27 03:20:00,0.0963,0.0967,0.0962,0.0966,37105.46
2026-08-27 03:25:00,0.0967,0.0969,0.0966,0.0969,28338.95
2026-08-27 03:30:00,0.0968,0.0968,0.0966,0.0968,127396.64
2026-08-27 03:35:00,0.0967,0.0968,0.0967,0.0967,37736.74
2026-08-27 03:40:00,0.0966,0.0967,0.0966,0.0966,77716.14
2026-08-27 03:45:00,0.0966,0.0967,0.0964,0.0964,15461.45
2026-08-27 03:50:00,0.0963,0.0964,0.096,0.096,150300.1
2026-08-27 03:55:00,0.0961,0.0962,0.0961,0.0962,41071.43
2026-08-27 04:00:00,0.0962,0.0963,0.0961,0.0961,68356.7
2026-08-27 04:05:00,0.0961,0.0964,0.0961,0.0964,161877.94
2026-08-27 04:10:00,0.0964,0.0967,0.0964,0.0967,34454.97
2026-08-27 04:15:00,0.0968,0.0969,0.0967,0.0968,69765.25
2026-08-27 04:20:00,0.0967,0.0967,0.0965,0.0967,81383.28
2026-08-27 04:25:00,0.0967,0.0967,0.0963,0.0963,175381.82
2026-08-27 04:30:00,0.0963,0.0963,0.0959,0.0959,170576.38
2026-08-27 04:35:00,0.0959,0.0962,0.0959,0.0962,89807.99
2026-08-27 04:40:00,0.0962,0.0963,0.0961,0.0963,28896.22
2026-08-27 04:45:00,0.0962,0.0963,0.096,0.0961,205112.22
2026-08-27 04:50:00,0.096,0.0962,0.096,0.0961,73055.72
2026-08-27 04:55:00,0.0962,0.0962,0.0961,0.0962,9113.27
2026-08-27 05:00:00,0.0962,0.0964,0.0962,0.0962,74958.44
2026-08-27 05:05:00,0.0961,0.0962,0.096,0.0962,27881.75
2026-08-27 05:10:00,0.0962,0.0962,0.096,0.096,15286.79
2026-08-27 05:15:00,0.096,0.0961,0.0958,0.0958,53195.85
2026-08-27 05:20:00,0.0959,0.0961,0.0958,0.0961,84570.33
2026-08-27 05:25:00,0.0961,0.0961,0.0958,0.0958,105510.83
2026-08-27 05:30:00,0.0959,0.0959,0.0952,0.0958,619770.04
2026-08-27 05:35:00,0.0957,0.0961,0.0956,0.096,71062.75
2026-08-27 05:40:00,0.0961,0.0964,0.096,0.0961,110995.27
2026-08-27 05:45:00,0.0961,0.0966,0.0961,0.0966,61618.81
2026-08-27 05:50:00,0.0966,0.0968,0.0965,0.0966,106522.82
2026-08-27 05:55:00,0.0965,0.0967,0.0963,0.0966,78019.36
2026-08-27 06:00:00,0.0966,0.0966,0.0964,0.0965,75583.34
2026-08-27 06:05:00,0.0965,0.0966,0.0964,0.0965,52323.29
2026-08-27 06:10:00,0.0964,0.0964,0.0961,0.0962,56885.63
2026-08-27 06:15:00,0.0963,0.0965,0.0961,0.0964,65904.96
2026-08-27 06:20:00,0.0964,0.0965,0.0964,0.0965,30091.98
2026-08-27 06:25:00,0.0966,0.0966,0.0965,0.0965,42037.19
2026-08-27 06:30:00,0.0965,0.0967,0.0965,0.0967,102891.38
2026-08-27 06:35:00,0.0968,0.097,0.0968,0.0969,43556.95
2026-08-27 06:40:00,0.0969,0.0969,0.0968,0.0969,31438.82
2026-08-27 06:45:00,0.0969,0.0971,0.0969,0.0969,98951.87
2026-08-27 06:50:00,0.0969,0.097,0.0968,0.0968,31785.16
2026-08-27 06:55:00,0.0969,0.097,0.0969,0.097,41103.49
2026-08-27 07:00:00,0.097,0.0971,0.0969,0.0969,20758.43
2026-08-27 07:05:00,0.0969,0.097,0.0968,0.0968,22854.97
2026-08-27 07:10:00,0.0968,0.0969,0.0967,0.0968,17973.68
2026-08-27 07:15:00,0.0968,0.0968,0.0967,0.0968,9022.64
2026-08-27 07:20:00,0.0968,0.0968,0.0966,0.0966,63988.64
2026-08-27 07:25:00,0.0965,0.0966,0.0964,0.0965,56301.41
2026-08-27 07:30:00,0.0965,0.0968,0.0965,0.0967,75736.01
2026-08-27 07:35:00,0.0966,0.0968,0.0966,0.0968,59792.87
2026-08-27 07:40:00,0.0969,0.0969,0.0966,0.0968,24102.85
2026-08-27 07:45:00,0.0967,0.0967,0.0966,0.0966,9083.57
2026-08-27 07:50:00,0.0966,0.0968,0.0966,0.0968,76121.72
2026-08-27 07:55:00,0.0969,0.097,0.0969,0.0969,90214.94
2026-08-27 08:00:00,0.0968,0.0976,0.0968,0.0975,249587.89
2026-08-27 08:05:00,0.0974,0.098,0.0973,0.0979,202863.08
2026-08-27 08:10:00,0.0979,0.0981,0.0977,0.0977,144086.95
2026-08-27 08:15:00,0.0977,0.0978,0.0976,0.0977,107962.72
2026-08-27 08:20:00,0.0977,0.0982,0.0977,0.0982,114124.26
2026-08-27 08:25:00,0.0982,0.0986,0.0982,0.0986,143787.34
2026-08-27 08:30:00,0.0987,0.0989,0.0985,0.0987,228619.65
2026-08-27 08:35:00,0.0986,0.0988,0.0985,0.0986,52905.62
2026-08-27 08:40:00,0.0986,0.0988,0.0985,0.0988,94373.22
2026-08-27 08:45:00,0.0988,0.0989,0.0987,0.0988,86528.97
2026-08-27 08:50:00,0.0988,0.0991,0.0987,0.0988,92455.97
2026-08-27 08:55:00,0.0987,0.0991,0.0987,0.0991,50526.6
2026-08-27 09:00:00,0.0989,0.099,0.0988,0.0989,232172.79
2026-08-27 09:05:00,0.0988,0.0988,0.0986,0.0987,60354.05
2026-08-27 09:10:00,0.0987,0.0989,0.0987,0.0988,38995.57
2026-08-27 09:15:00,0.0988,0.099,0.0986,0.099,76558.47
2026-08-27 09:20:00,0.099,0.0991,0.0989,0.099,98756.62
2026-08-27 09:25:00,0.099,0.0995,0.099,0.0995,340842.47
2026-08-27 09:30:00,0.0994,0.0998,0.0992,0.0992,304447.83
2026-08-27 09:35:00,0.0992,0.0993,0.099,0.099,117654.86
2026-08-27 09:40:00,0.099,0.0991,0.0986,0.0987,150274.09
2026-08-27 09:45:00,0.0986,0.0988,0.0986,0.0986,81563.22
2026-08-27 09:50:00,0.0986,0.0987,0.0982,0.0984,124141.81
2026-08-27 09:55:00,0.0983,0.0986,0.098,0.0982,346192.97
2026-08-27 10:00:00,0.0982,0.0982,0.098,0.0981,60592.56
2026-08-27 10:05:00,0.0981,0.0985,0.0981,0.0985,80238.57
2026-08-27 10:10:00,0.0986,0.0987,0.098,0.0983,137266.7
2026-08-27 10:15:00,0.0983,0.0983,0.0981,0.0983,45084.63
2026-08-27 10:20:00,0.0983,0.0983,0.0978,0.098,75274.56
2026-08-27 10:25:00,0.098,0.098,0.0967,0.0973,734236.83
2026-08-27 10:30:00,0.0972,0.0974,0.097,0.097,360468.82
2026-08-27 10:35:00,0.097,0.0972,0.0967,0.0968,100165.29
2026-08-27 10:40:00,0.0968,0.0972,0.0968,0.0972,54086.88
2026-08-27 10:45:00,0.0972,0.0973,0.0969,0.0971,99107.96
2026-08-27 10:50:00,0.0971,0.0974,0.0971,0.0974,53318.66
2026-08-27 10:55:00,0.0974,0.0976,0.0973,0.0976,152434.79
2026-08-27 11:00:00,0.0976,0.098,0.0975,0.0978,124941.75
2026-08-27 11:05:00,0.0977,0.098,0.0977,0.0979,76837.94
2026-08-27 11:10:00,0.0978,0.0979,0.0977,0.0978,30332.34
2026-08-27 11:15:00,0.0978,0.0978,0.0976,0.0978,56174.7
2026-08-27 11:20:00,0.0978,0.0979,0.0977,0.0977,34576.14
2026-08-27 11:25:00,0.0976,0.0976,0.0971,0.0972,106778.03
2026-08-27 11:30:00,0.0971,0.0974,0.0968,0.0973,137234.99
2026-08-27 11:35:00,0.0973,0.0973,0.0971,0.0971,66066.06
2026-08-27 11:40:00,0.0971,0.0973,0.0971,0.0973,41096.31
2026-08-27 11:45:00,0.0972,0.0973,0.097,0.097,167453.83
2026-08-27 11:50:00,0.0969,0.0972,0.0966,0.0972,85926.93
2026-08-27 11:55:00,0.0971,0.0972,0.097,0.0972,35951.87
2026-08-27 12:00:00,0.0971,0.0974,0.0971,0.0974,18266.65
2026-08-27 12:05:00,0.0974,0.0975,0.0971,0.0972,63840.13
2026-08-27 12:10:00,0.0972,0.0974,0.0972,0.0974,25161.46
2026-08-27 12:15:00,0.0973,0.0974,0.0972,0.0972,40077.74
2026-08-27 12:20:00,0.0973,0.0974,0.0971,0.0974,35924.55
2026-08-27 12:25:00,0.0974,0.0974,0.0973,0.0973,103627.11
2026-08-27 12:30:00,0.0973,0.0973,0.0972,0.0972,17268.53
2026-08-27 12:35:00,0.0971,0.0971,0.0968,0.0971,93049.25
2026-08-27 12:40:00,0.0971,0.0972,0.097,0.097,27128.31
2026-08-27 12:45:00,0.0971,0.0972,0.097,0.0972,206378.12
2026-08-27 12:50:00,0.0973,0.0973,0.0971,0.0972,32152.1
2026-08-27 12:55:00,0.0972,0.0972,0.0971,0.0971,58755.43
2026-08-27 13:00:00,0.0971,0.0974,0.0971,0.0973,101299.52
2026-08-27 13:05:00,0.0973,0.0976,0.0973,0.0975,126301.27
2026-08-27 13:10:00,0.0975,0.0976,0.0974,0.0976,141045.06
2026-08-27 13:15:00,0.0976,0.0977,0.0975,0.0975,116450.62
2026-08-27 13:20:00,0.0976,0.0977,0.0976,0.0977,63489.52
2026-08-27 13:25:00,0.0976,0.0978,0.0976,0.0976,71973.93
2026-08-27 13:30:00,0.0975,0.0976,0.0969,0.0971,240897.81
2026-08-27 13:35:00,0.0971,0.0973,0.097,0.0972,82035.09
2026-08-27 13:40:00,0.0972,0.0973,0.097,0.097,115963.25
2026-08-27 13:45:00,0.097,0.0974,0.0963,0.0968,1005987.61
2026-08-27 13:50:00,0.0968,0.0971,0.0968,0.0971,59457.34
2026-08-27 13:55:00,0.0971,0.0978,0.097,0.0978,247188.66
2026-08-27 14:00:00,0.0977,0.098,0.0975,0.0979,196106.28
2026-08-27 14:05:00,0.098,0.0981,0.0977,0.0977,99686.82
2026-08-27 14:10:00,0.0976,0.0977,0.0973,0.0975,54338.37
2026-08-27 14:15:00,0.0975,0.0979,0.0973,0.0978,124730.91
2026-08-27 14:20:00,0.0978,0.0982,0.0978,0.0982,64332.69
2026-08-27 14:25:00,0.0982,0.0982,0.0978,0.0982,244610.58
2026-08-27 14:30:00,0.0981,0.0983,0.0979,0.0983,37219.88
2026-08-27 14:35:00,0.0984,0.0986,0.0983,0.0985,70857.94
2026-08-27 14:40:00,0.0986,0.0989,0.0985,0.0987,80448.3
2026-08-27 14:45:00,0.0987,0.0987,0.0983,0.0983,318218.62
2026-08-27 14:50:00,0.0983,0.0983,0.0976,0.0979,217185.45
2026-08-27 14:55:00,0.0978,0.0981,0.0978,0.0979,97513.57
2026-08-27 15:00:00,0.0979,0.0982,0.0977,0.098,150234.56
2026-08-27 15:05:00,0.098,0.0984,0.098,0.0984,123992.25
2026-08-27 15:10:00,0.0983,0.0988,0.0983,0.0985,365085.87
2026-08-27 15:15:00,0.0984,0.0986,0.0983,0.0985,147757.43
2026-08-27 15:20:00,0.0985,0.0986,0.0982,0.0983,135737.44
2026-08-27 15:25:00,0.0983,0.0987,0.0983,0.0986,55625.83
2026-08-27 15:30:00,0.0985,0.0986,0.098,0.098,150742.48
2026-08-27 15:35:00,0.0979,0.0984,0.0978,0.0982,52749.9
2026-08-27 15:40:00,0.0982,0.0984,0.0979,0.0982,96674.96
2026-08-27 15:45:00,0.0982,0.0982,0.0979,0.0979,126100.88
2026-08-27 15:50:00,0.0979,0.098,0.0979,0.098,81475.53
2026-08-27 15:55:00,0.0979,0.0981,0.0978,0.0979,21370.29
2026-08-27 16:00:00,0.0978,0.0981,0.0975,0.098,102884.09
2026-08-27 16:05:00,0.098,0.098,0.0972,0.0976,100867.77
2026-08-27 16:10:00,0.0976,0.0982,0.0976,0.0978,82774.62
2026-08-27 16:15:00,0.0978,0.0985,0.0977,0.0983,80677.66
2026-08-27 16:20:00,0.0984,0.0985,0.0983,0.0984,108997.04
2026-08-27 16:25:00,0.0985,0.099,0.0984,0.0988,274055.17
2026-08-27 16:30:00,0.0989,0.0989,0.0987,0.0989,190739.67
2026-08-27 16:35:00,0.0988,0.0991,0.0987,0.099,105751.46
2026-08-27 16:40:00,0.099,0.0992,0.0987,0.099,49646.12
2026-08-27 16:45:00,0.099,0.0991,0.0988,0.0988,44583.78
2026-08-27 16:50:00,0.0988,0.0989,0.0986,0.0986,39937.53
2026-08-27 16:55:00,0.0986,0.0986,0.0982,0.0982,148658.8
2026-08-27 17:00:00,0.0982,0.0982,0.0979,0.0981,110392.51
2026-08-27 17:05:00,0.0981,0.0984,0.098,0.0984,48835.69
2026-08-27 17:10:00,0.0983,0.0985,0.0982,0.0984,26528.04
2026-08-27 17:15:00,0.0984,0.0989,0.0984,0.0988,77746.98
2026-08-27 17:20:00,0.0987,0.0988,0.0986,0.0986,104978.49
2026-08-27 17:25:00,0.0986,0.0986,0.0983,0.0983,83267.42
2026-08-27 17:30:00,0.0984,0.0985,0.0982,0.0983,40505.64
2026-08-27 17:35:00,0.0982,0.0984,0.0982,0.0984,67598.54
2026-08-27 17:40:00,0.0984,0.0985,0.098,0.098,104083.4
2026-08-27 17:45:00,0.0981,0.0983,0.098,0.0982,248714.26
2026-08-27 17:50:00,0.0983,0.0983,0.0981,0.0981,47790.85
2026-08-27 17:55:00,0.0982,0.0985,0.0982,0.0982,201999.76
2026-08-27 18:00:00,0.0982,0.0985,0.0982,0.0984,360469.24
2026-08-27 18:05:00,0.0984,0.0985,0.0983,0.0985,97794.08
2026-08-27 18:10:00,0.0985,0.0986,0.0968,0.0974,1024691.4
2026-08-27 18:15:00,0.0975,0.0978,0.0969,0.097,232524.37
2026-08-27 18:20:00,0.097,0.097,0.0965,0.0968,189790.24
2026-08-27 18:25:00,0.0968,0.097,0.0964,0.0965,195944.71
2026-08-27 18:30:00,0.0965,0.0968,0.0964,0.0964,114189.08
2026-08-27 18:35:00,0.0963,0.0968,0.0963,0.0967,56630.93
2026-08-27 18:40:00,0.0967,0.0968,0.0966,0.0967,52891.18
2026-08-27 18:45:00,0.0967,0.0969,0.0967,0.0968,100945.46
2026-08-27 18:50:00,0.0967,0.097,0.0966,0.0969,194533.34
2026-08-27 18:55:00,0.0969,0.0972,0.0968,0.0972,55355.31
2026-08-27 19:00:00,0.0972,0.0975,0.0972,0.0972,105189.52
2026-08-27 19:05:00,0.0971,0.0973,0.0971,0.0971,40703.98
2026-08-27 19:10:00,0.0971,0.0971,0.0969,0.0969,40258.73
2026-08-27 19:15:00,0.0969,0.097,0.0968,0.0969,19049.72
2026-08-27 19:20:00,0.0969,0.097,0.0966,0.0966,23035.39
2026-08-27 19:25:00,0.0966,0.0968,0.0965,0.0967,108846.31
2026-08-27 19:30:00,0.0968,0.097,0.0968,0.0968,26918.67
2026-08-27 19:35:00,0.0968,0.0968,0.0965,0.0968,29652.36
2026-08-27 19:40:00,0.0968,0.0968,0.0967,0.0967,24879.72
2026-08-27 19:45:00,0.0968,0.097,0.0966,0.0966,283489.22
2026-08-27 19:50:00,0.0967,0.0967,0.0966,0.0967,5708.93
2026-08-27 19:55:00,0.0966,0.0966,0.096,0.0963,149264.52
2026-08-27 20:00:00,0.0962,0.0963,0.0958,0.0958,117316.44
2026-08-27 20:05:00,0.0958,0.0961,0.0957,0.0961,52933.43
2026-08-27 20:10:00,0.0961,0.0962,0.0959,0.096,254728.36
2026-08-27 20:15:00,0.096,0.0965,0.096,0.0965,49182.39
2026-08-27 20:20:00,0.0966,0.0969,0.0966,0.0967,29114.32
2026-08-27 20:25:00,0.0967,0.0967,0.0965,0.0965,329570.61
2026-08-27 20:30:00,0.0965,0.0965,0.0964,0.0964,76671.38
2026-08-27 20:35:00,0.0964,0.0964,0.0963,0.0964,36241.78
2026-08-27 20:40:00,0.0965,0.0966,0.0964,0.0965,38989.46
2026-08-27 20:45:00,0.0965,0.0967,0.0965,0.0966,55392.4
2026-08-27 20:50:00,0.0965,0.0965,0.0962,0.0963,13292.51
2026-08-27 20:55:00,0.0961,0.0963,0.096,0.0962,20355.7
2026-08-27 21:00:00,0.0962,0.0963,0.0961,0.0963,67619.1
2026-08-27 21:05:00,0.0963,0.0964,0.0962,0.0963,36184.31
2026-08-27 21:10:00,0.0964,0.0966,0.0963,0.0963,39804.53
2026-08-27 21:15:00,0.0962,0.0963,0.0961,0.0961,35442.6
2026-08-27 21:20:00,0.0961,0.0965,0.0961,0.0964,40963.81
2026-08-27 21:25:00,0.0964,0.0964,0.096,0.096,99290.51
2026-08-27 21:30:00,0.0959,0.0961,0.0959,0.0961,24086.59
2026-08-27 21:35:00,0.096,0.0961,0.0956,0.0961,271625.78
2026-08-27 21:40:00,0.0961,0.0961,0.0957,0.0959,179261.14
2026-08-27 21:45:00,0.0959,0.0961,0.0959,0.0961,36816.23
2026-08-27 21:50:00,0.0961,0.0961,0.096,0.0961,49112.08
2026-08-27 21:55:00,0.0962,0.0963,0.0961,0.0963,22822.19
2026-08-27 22:00:00,0.0963,0.0967,0.0963,0.0967,55758.3
2026-08-27 22:05:00,0.0967,0.0969,0.0967,0.0969,90463.37
2026-08-27 22:10:00,0.0969,0.0985,0.0969,0.0975,1040262.37
2026-08-27 22:15:00,0.0976,0.0979,0.0976,0.0979,167956.09
2026-08-27 22:20:00,0.0978,0.0983,0.0977,0.0982,223319.11
2026-08-27 22:25:00,0.0982,0.0982,0.0979,0.0979,230596.9
2026-08-27 22:30:00,0.0978,0.0981,0.0978,0.0981,40118.47
2026-08-27 22:35:00,0.098,0.0986,0.098,0.0986,245252.91
2026-08-27 22:40:00,0.0985,0.0989,0.0985,0.0985,131093.06
2026-08-27 22:45:00,0.0984,0.0985,0.0981,0.0982,68818.3
2026-08-27 22:50:00,0.0981,0.0985,0.0981,0.0984,95232.18
2026-08-27 22:55:00,0.0983,0.0984,0.0983,0.0984,35522.83
2026-08-27 23:00:00,0.0983,0.0984,0.0981,0.0981,100468.73
2026-08-27 23:05:00,0.0981,0.0981,0.0978,0.0978,42342.24
2026-08-27 23:10:00,0.0977,0.0978,0.0976,0.0976,17473.87
2026-08-27 23:15:00,0.0977,0.0978,0.0976,0.0977,125559.92
2026-08-27 23:20:00,0.0976,0.0978,0.0975,0.0977,33527.6
2026-08-27 23:25:00,0.0976,0.0977,0.0976,0.0976,18169.29
2026-08-27 23:30:00,0.0976,0.0977,0.0974,0.0974,54120.15
2026-08-27 23:35:00,0.0974,0.0975,0.0972,0.0974,26501.89
2026-08-27 23:40:00,0.0974,0.0975,0.0974,0.0975,22551.73
2026-08-27 23:45:00,0.0975,0.0975,0.0972,0.0972,13764.35
2026-08-27 23:50:00,0.0972,0.0974,0.0972,0.0973,43098.92
2026-08-27 23:55:00,0.0972,0.0973,0.0972,0.0973,11629.77
2026-08-28 00:00:00,0.0972,0.0972,0.0969,0.0969,14369.17
2026-08-28 00:05:00,0.097,0.0971,0.0966,0.0967,153814.88
2026-08-28 00:10:00,0.0968,0.097,0.0968,0.0969,56714.56
2026-08-28 00:15:00,0.0968,0.0975,0.0968,0.0974,177149.79
2026-08-28 00:20:00,0.0974,0.0975,0.0972,0.0972,48877.64
2026-08-28 00:25:00,0.0971,0.0974,0.097,0.0974,17351.87
2026-08-28 00:30:00,0.0974,0.0975,0.0972,0.0973,60927.62
2026-08-28 00:35:00,0.0973,0.0974,0.0972,0.0974,21531.22
2026-08-28 00:40:00,0.0974,0.0974,0.0972,0.0973,48070.27
2026-08-28 00:45:00,0.0973,0.0973,0.0972,0.0972,22438.2
2026-08-28 00:50:00,0.0972,0.0973,0.0971,0.0973,40587.9
2026-08-28 00:55:00,0.0973,0.0973,0.0972,0.0972,18900.83
2026-08-28 01:00:00,0.0972,0.0976,0.0972,0.0976,22943.01
2026-08-28 01:05:00,0.0976,0.0978,0.0975,0.0978,81216.54
2026-08-28 01:10:00,0.0977,0.0979,0.0977,0.0977,104306.02
2026-08-28 01:15:00,0.0977,0.0984,0.0977,0.0982,102370.46
2026-08-28 01:20:00,0.0982,0.0986,0.0982,0.0985,79945.54
2026-08-28 01:25:00,0.0985,0.0991,0.0985,0.0989,386180.06
2026-08-28 01:30:00,0.099,0.0995,0.099,0.0991,337118.96
2026-08-28 01:35:00,0.0991,0.0991,0.0982,0.0983,77223.56
2026-08-28 01:40:00,0.0983,0.0985,0.0982,0.0982,116183.24
2026-08-28 01:45:00,0.0981,0.0982,0.0975,0.0975,219714.2
2026-08-28 01:50:00,0.0976,0.0977,0.0975,0.0976,53527.88
2026-08-28 01:55:00,0.0975,0.0975,0.0971,0.0971,93476.19
2026-08-28 02:00:00,0.0971,0.0972,0.097,0.097,65205.35
2026-08-28 02:05:00,0.097,0.097,0.0966,0.0967,64824.35
2026-08-28 02:10:00,0.0967,0.0968,0.096,0.0962,510621.33
2026-08-28 02:15:00,0.0962,0.0963,0.0957,0.096,537490.05
2026-08-28 02:20:00,0.0958,0.0958,0.0946,0.0952,748109.68
2026-08-28 02:25:00,0.0951,0.0951,0.0943,0.0944,663174.93
2026-08-28 02:30:00,0.0944,0.0946,0.0937,0.0945,385977.05
2026-08-28 02:35:00,0.0945,0.0946,0.0942,0.0943,111615.55
2026-08-28 02:40:00,0.0942,0.0943,0.0941,0.0941,137289.31
2026-08-28 02:45:00,0.0942,0.0942,0.0937,0.094,222750.79
2026-08-28 02:50:00,0.0939,0.0939,0.0924,0.0933,1351082.88
2026-08-28 02:55:00,0.0933,0.0935,0.0932,0.0933,264998.67
2026-08-28 03:00:00,0.0934,0.0934,0.0931,0.0933,290518.6
2026-08-28 03:05:00,0.0934,0.0936,0.0929,0.093,345230.55
2026-08-28 03:10:00,0.093,0.0935,0.0929,0.0934,150708.99
2026-08-28 03:15:00,0.0934,0.0937,0.0934,0.0936,266874.83
2026-08-28 03:20:00,0.0937,0.0938,0.0935,0.0935,59479.26
2026-08-28 03:25:00,0.0935,0.0937,0.0935,0.0937,102578.31
2026-08-28 03:30:00,0.0937,0.0937,0.0935,0.0936,49952.26
2026-08-28 03:35:00,0.0936,0.0936,0.0932,0.0932,208071.85
2026-08-28 03:40:00,0.0932,0.0933,0.0929,0.093,85548.23
2026-08-28 03:45:00,0.093,0.0932,0.0928,0.0931,153760.0
2026-08-28 03:50:00,0.0931,0.0932,0.0929,0.0931,80005.39
2026-08-28 03:55:00,0.093,0.093,0.0928,0.0928,25206.04
2026-08-28 04:00:00,0.0928,0.0929,0.0926,0.0926,207463.92
2026-08-28 04:05:00,0.0927,0.0928,0.0923,0.0924,475351.92
2026-08-28 04:10:00,0.0924,0.093,0.0924,0.0929,185090.13
2026-08-28 04:15:00,0.0929,0.0934,0.0929,0.0931,224686.24
2026-08-28 04:20:00,0.093,0.0932,0.093,0.0931,24102.65
2026-08-28 04:25:00,0.0932,0.0935,0.0932,0.0933,92672.47
2026-08-28 04:30:00,0.0932,0.0932,0.093,0.0931,202352.74
2026-08-28 04:35:00,0.093,0.093,0.0927,0.0929,29833.59
2026-08-28 04:40:00,0.093,0.0933,0.093,0.0932,57744.28
2026-08-28 04:45:00,0.0932,0.0932,0.093,0.0932,32384.81
2026-08-28 04:50:00,0.0932,0.0935,0.0932,0.0933,76427.56
2026-08-28 04:55:00,0.0933,0.0935,0.0933,0.0934,79673.37
2026-08-28 05:00:00,0.0934,0.0934,0.0932,0.0933,62973.12
2026-08-28 05:05:00,0.0932,0.0933,0.0931,0.0931,37197.04
2026-08-28 05:10:00,0.0931,0.0932,0.093,0.0932,60210.62
2026-08-28 05:15:00,0.0933,0.0933,0.0929,0.0929,151126.61
2026-08-28 05:20:00,0.0929,0.0929,0.0925,0.0927,112269.47
2026-08-28 05:25:00,0.0927,0.0929,0.0927,0.0929,90647.01
2026-08-28 05:30:00,0.0929,0.0932,0.0928,0.0931,46355.93
2026-08-28 05:35:00,0.0931,0.0932,0.0931,0.0932,149097.06
2026-08-28 05:40:00,0.0931,0.0934,0.0931,0.0933,245020.96
2026-08-28 05:45:00,0.0934,0.0937,0.0934,0.0937,151989.06
2026-08-28 05:50:00,0.0936,0.0936,0.0935,0.0935,94102.17
2026-08-28 05:55:00,0.0934,0.0934,0.0932,0.0933,26805.22
2026-08-28 06:00:00,0.0934,0.0936,0.0934,0.0936,101026.92
2026-08-28 06:05:00,0.0935,0.0937,0.0935,0.0936,37816.5
2026-08-28 06:10:00,0.0936,0.0937,0.0936,0.0937,408723.42
2026-08-28 06:15:00,0.0937,0.0937,0.0935,0.0936,64163.67
2026-08-28 06:20:00,0.0935,0.0937,0.0935,0.0936,172290.69
2026-08-28 06:25:00,0.0936,0.0936,0.0935,0.0935,40243.94
2026-08-28 06:30:00,0.0934,0.0935,0.0934,0.0935,29703.62
2026-08-28 06:35:00,0.0936,0.0936,0.0934,0.0934,35947.66
2026-08-28 06:40:00,0.0935,0.0935,0.0934,0.0934,35379.18
2026-08-28 06:45:00,0.0935,0.0938,0.0935,0.0937,249578.55
2026-08-28 06:50:00,0.0938,0.0939,0.0938,0.0938,22125.56
2026-08-28 06:55:00,0.0938,0.0938,0.0935,0.0935,32413.4
2026-08-28 07:00:00,0.0935,0.0935,0.0932,0.0933,49082.78
2026-08-28 07:05:00,0.0932,0.0933,0.0928,0.0929,68285.23
2026-08-28 07:10:00,0.0929,0.093,0.0925,0.0925,167249.72
2026-08-28 07:15:00,0.0926,0.093,0.0926,0.0928,59972.01
2026-08-28 07:20:00,0.0929,0.0929,0.0928,0.0928,18094.35
2026-08-28 07:25:00,0.0929,0.093,0.0928,0.0928,53551.72
2026-08-28 07:30:00,0.0928,0.0928,0.0927,0.0927,41347.99
2026-08-28 07:35:00,0.0926,0.0927,0.0925,0.0927,125999.8
2026-08-28 07:40:00,0.0927,0.0929,0.0927,0.0927,71536.59
2026-08-28 07:45:00,0.0927,0.0931,0.0927,0.0931,365420.21
2026-08-28 07:50:00,0.0931,0.0931,0.0928,0.093,72617.87
2026-08-28 07:55:00,0.093,0.093,0.0928,0.0929,42720.95
2026-08-28 08:00:00,0.0929,0.0931,0.0928,0.093,36671.12
2026-08-28 08:05:00,0.0929,0.0929,0.0927,0.0929,135178.73
2026-08-28 08:10:00,0.0929,0.093,0.0929,0.0929,49715.68
2026-08-28 08:15:00,0.093,0.0931,0.093,0.0931,10975.26
2026-08-28 08:20:00,0.0932,0.0932,0.093,0.093,69632.24
2026-08-28 08:25:00,0.093,0.0931,0.093,0.0931,65635.56
2026-08-28 08:30:00,0.0931,0.0931,0.0929,0.0929,34038.63
2026-08-28 08:35:00,0.0929,0.093,0.0927,0.0928,123175.87
2026-08-28 08:40:00,0.0928,0.0929,0.0926,0.0926,39805.13
2026-08-28 08:45:00,0.0926,0.0926,0.0923,0.0925,324460.59
2026-08-28 08:50:00,0.0924,0.0925,0.0923,0.0925,75755.78
2026-08-28 08:55:00,0.0924,0.0925,0.0923,0.0924,48904.22
2026-08-28 09:00:00,0.0924,0.0925,0.0921,0.0923,250863.45
2026-08-28 09:05:00,0.0923,0.0928,0.0923,0.0928,73881.74
2026-08-28 09:10:00,0.0928,0.093,0.0927,0.0928,90717.67
2026-08-28 09:15:00,0.0927,0.093,0.0927,0.093,94050.19
2026-08-28 09:20:00,0.093,0.093,0.0928,0.0928,81801.46
2026-08-28 09:25:00,0.0928,0.0929,0.0926,0.0927,66964.17
2026-08-28 09:30:00,0.0928,0.0928,0.0926,0.0928,294760.23
2026-08-28 09:35:00,0.0928,0.0929,0.0925,0.0928,75674.7
2026-08-28 09:40:00,0.0929,0.0929,0.0925,0.0926,95602.9
2026-08-28 09:45:00,0.0925,0.0927,0.0925,0.0926,84630.51
2026-08-28 09:50:00,0.0927,0.0928,0.0926,0.0928,71121.86
2026-08-28 09:55:00,0.0928,0.0929,0.0925,0.0926,33663.0
2026-08-28 10:00:00,0.0926,0.0926,0.0918,0.0921,425745.72
2026-08-28 10:05:00,0.0921,0.0922,0.0919,0.0919,107385.49
2026-08-28 10:10:00,0.092,0.0926,0.092,0.0926,142296.46
2026-08-28 10:15:00,0.0926,0.0927,0.0925,0.0927,5435.74
2026-08-28 10:20:00,0.0927,0.0927,0.0926,0.0927,3205.54
2026-08-28 10:25:00,0.0927,0.093,0.0927,0.093,51418.31
2026-08-28 10:30:00,0.093,0.0932,0.093,0.0932,128275.25
2026-08-28 10:35:00,0.0931,0.0933,0.093,0.0933,28022.51
2026-08-28 10:40:00,0.0933,0.0933,0.0931,0.0932,22090.11
2026-08-28 10:45:00,0.0931,0.0932,0.093,0.0931,31547.55
2026-08-28 10:50:00,0.0931,0.0933,0.093,0.0933,5496.74
2026-08-28 10:55:00,0.0933,0.0935,0.0933,0.0934,67362.25
2026-08-28 11:00:00,0.0934,0.0937,0.0934,0.0937,44512.99
2026-08-28 11:05:00,0.0936,0.0936,0.0935,0.0935,85305.89
2026-08-28 11:10:00,0.0935,0.0936,0.0934,0.0936,96798.7
2026-08-28 11:15:00,0.0936,0.0937,0.0935,0.0935,27629.67
2026-08-28 11:20:00,0.0936,0.0936,0.0934,0.0934,51020.92
2026-08-28 11:25:00,0.0934,0.0934,0.0931,0.0932,33503.35
2026-08-28 11:30:00,0.0932,0.0933,0.0931,0.0933,31953.4
2026-08-28 11:35:00,0.0933,0.0933,0.0929,0.0929,72236.64
2026-08-28 11:40:00,0.0929,0.0931,0.0929,0.093,71074.89
2026-08-28 11:45:00,0.093,0.093,0.0928,0.0928,25938.8
2026-08-28 11:50:00,0.0929,0.0929,0.0928,0.0929,65278.51
2026-08-28 11:55:00,0.093,0.0931,0.0929,0.0929,39449.31
2026-08-28 12:00:00,0.0929,0.0929,0.0929,0.0929,12629.22
2026-08-28 12:05:00,0.0929,0.0929,0.0927,0.0928,32049.43
2026-08-28 12:10:00,0.0927,0.0928,0.0927,0.0927,49446.4
2026-08-28 12:15:00,0.0928,0.0929,0.0928,0.0928,18152.09
2026-08-28 12:20:00,0.0927,0.0928,0.0925,0.0925,23292.48
2026-08-28 12:25:00,0.0926,0.0926,0.0925,0.0925,47052.22
2026-08-28 12:30:00,0.0925,0.0925,0.0923,0.0923,120304.68
2026-08-28 12:35:00,0.0923,0.0923,0.0923,0.0923,38519.04
2026-08-28 12:40:00,0.0923,0.0923,0.092,0.0922,150777.49
2026-08-28 12:45:00,0.0923,0.0924,0.0919,0.092,211318.91
2026-08-28 12:50:00,0.0921,0.0921,0.0918,0.0919,87067.62
2026-08-28 12:55:00,0.0919,0.092,0.0919,0.092,24268.1
2026-08-28 13:00:00,0.092,0.0922,0.0919,0.0921,115688.42
2026-08-28 13:05:00,0.0922,0.0922,0.092,0.092,96960.32
2026-08-28 13:10:00,0.092,0.0921,0.0919,0.092,23522.09
2026-08-28 13:15:00,0.0919,0.092,0.0918,0.0919,130541.89
2026-08-28 13:20:00,0.0919,0.092,0.0917,0.0918,281790.57
2026-08-28 13:25:00,0.0918,0.0922,0.0914,0.0918,458337.05
2026-08-28 13:30:00,0.0918,0.0921,0.0917,0.092,68841.67
2026-08-28 13:35:00,0.0921,0.0921,0.0919,0.0919,82249.44
2026-08-28 13:40:00,0.0919,0.092,0.0918,0.0919,65768.94
2026-08-28 13:45:00,0.0919,0.0924,0.0919,0.0922,89641.37
2026-08-28 13:50:00,0.0922,0.093,0.0922,0.0929,265920.06
2026-08-28 13:55:00,0.0929,0.0929,0.0926,0.0926,255596.6
2026-08-28 14:00:00,0.0925,0.0934,0.0915,0.0916,735885.75
2026-08-28 14:05:00,0.0916,0.0921,0.0909,0.0915,1123278.63
2026-08-28 14:10:00,0.0915,0.0918,0.0908,0.0914,873801.47
2026-08-28 14:15:00,0.0914,0.0922,0.0912,0.0922,276018.1
2026-08-28 14:20:00,0.0923,0.0926,0.0922,0.0923,213418.61
2026-08-28 14:25:00,0.0924,0.0925,0.0919,0.0924,315099.69
2026-08-28 14:30:00,0.0925,0.0929,0.0921,0.0927,170985.18
2026-08-28 14:35:00,0.0927,0.0934,0.0927,0.093,231061.3
2026-08-28 14:40:00,0.093,0.0932,0.0928,0.0929,198828.1
2026-08-28 14:45:00,0.0928,0.0929,0.0924,0.0924,193133.04
2026-08-28 14:50:00,0.0924,0.0927,0.0923,0.0926,93281.84
2026-08-28 14:55:00,0.0926,0.0931,0.0926,0.093,115062.47
2026-08-28 15:00:00,0.0931,0.0933,0.0926,0.0927,224657.54
2026-08-28 15:05:00,0.0927,0.0927,0.0924,0.0924,101420.91
2026-08-28 15:10:00,0.0923,0.0925,0.0923,0.0924,92136.22
2026-08-28 15:15:00,0.0924,0.0931,0.0924,0.093,150417.61
2026-08-28 15:20:00,0.093,0.0931,0.0928,0.0931,30438.19
2026-08-28 15:25:00,0.0932,0.0935,0.093,0.093,266778.05
2026-08-28 15:30:00,0.0931,0.0931,0.0927,0.0928,277489.69
2026-08-28 15:35:00,0.0928,0.0931,0.0927,0.0931,102044.75
2026-08-28 15:40:00,0.0931,0.0931,0.0921,0.0922,155510.9
2026-08-28 15:45:00,0.0923,0.0923,0.0918,0.0918,163964.16
2026-08-28 15:50:00,0.0917,0.0917,0.0913,0.0915,340002.03
2026-08-28 15:55:00,0.0916,0.0916,0.0905,0.0907,460560.98
2026-08-28 16:00:00,0.0907,0.091,0.0902,0.0904,1828616.69
2026-08-28 16:05:00,0.0904,0.0912,0.0904,0.0906,675732.54
2026-08-28 16:10:00,0.0906,0.0907,0.09,0.09,793588.11
2026-08-28 16:15:00,0.09,0.0904,0.0898,0.0903,425765.42
2026-08-28 16:20:00,0.0902,0.0905,0.0893,0.0895,1165714.32
2026-08-28 16:25:00,0.0895,0.0905,0.0886,0.0902,1853927.95
2026-08-28 16:30:00,0.0902,0.0908,0.0902,0.0902,317229.42
2026-08-28 16:35:00,0.0902,0.0908,0.0901,0.0908,266933.82
2026-08-28 16:40:00,0.0909,0.091,0.0904,0.0904,299297.58
2026-08-28 16:45:00,0.0904,0.0908,0.0904,0.0907,149250.71
2026-08-28 16:50:00,0.0906,0.0907,0.0904,0.0906,69945.04
2026-08-28 16:55:00,0.0906,0.0907,0.0904,0.0904,56150.64
2026-08-28 17:00:00,0.0904,0.0905,0.0901,0.0902,87348.5
2026-08-28 17:05:00,0.0902,0.0903,0.09,0.0902,274153.99
2026-08-28 17:10:00,0.0902,0.0904,0.0901,0.0904,77386.16
2026-08-28 17:15:00,0.0903,0.0906,0.0902,0.0905,136600.73
2026-08-28 17:20:00,0.0905,0.0907,0.0902,0.0902,73607.25
2026-08-28 17:25:00,0.0902,0.0904,0.09,0.0903,108941.98
2026-08-28 17:30:00,0.0902,0.0903,0.0901,0.0901,40675.93
2026-08-28 17:35:00,0.09,0.0901,0.0899,0.09,106467.81
2026-08-28 17:40:00,0.09,0.09,0.0898,0.0899,130651.74
2026-08-28 17:45:00,0.0899,0.0904,0.0899,0.0904,150105.16
2026-08-28 17:50:00,0.0903,0.0903,0.0899,0.0901,273604.9
2026-08-28 17:55:00,0.0902,0.0902,0.09,0.09,50304.94
2026-08-28 18:00:00,0.09,0.09,0.0899,0.0899,45641.97
2026-08-28 18:05:00,0.0898,0.0899,0.0895,0.0896,71037.78
2026-08-28 18:10:00,0.0897,0.0898,0.0897,0.0897,31024.69
2026-08-28 18:15:00,0.0897,0.0898,0.0894,0.0895,177685.59
2026-08-28 18:20:00,0.0894,0.0895,0.0893,0.0894,44199.16
2026-08-28 18:25:00,0.0894,0.0895,0.0894,0.0894,74541.01
2026-08-28 18:30:00,0.0894,0.0894,0.089,0.0892,181275.51
2026-08-28 18:35:00,0.0892,0.0892,0.0888,0.0888,91121.84
2026-08-28 18:40:00,0.0889,0.0891,0.0888,0.089,87320.65
2026-08-28 18:45:00,0.0891,0.0892,0.0889,0.0889,50246.1
2026-08-28 18:50:00,0.0889,0.0896,0.0889,0.0895,66013.91
2026-08-28 18:55:00,0.0894,0.0895,0.0893,0.0895,13478.58
2026-08-28 19:00:00,0.0896,0.0897,0.0895,0.0895,24842.27
2026-08-28 19:05:00,0.0896,0.0899,0.0895,0.0899,43284.6
2026-08-28 19:10:00,0.0899,0.0901,0.0899,0.0899,180430.02
2026-08-28 19:15:00,0.0899,0.0901,0.0898,0.09,56447.86
2026-08-28 19:20:00,0.09,0.0901,0.0899,0.09,32358.61
2026-08-28 19:25:00,0.09,0.0901,0.09,0.09,18463.53
2026-08-28 19:30:00,0.09,0.09,0.0898,0.0899,57655.59
2026-08-28 19:35:00,0.0899,0.0901,0.0899,0.09,95608.41
2026-08-28 19:40:00,0.09,0.0901,0.0899,0.0899,25416.08
2026-08-28 19:45:00,0.0899,0.09,0.0897,0.0898,149345.55
2026-08-28 19:50:00,0.0898,0.0901,0.0898,0.0899,69987.96
2026-08-28 19:55:00,0.0899,0.09,0.0898,0.0899,142414.27
2026-08-28 20:00:00,0.0898,0.09,0.0897,0.0897,77080.48
2026-08-28 20:05:00,0.0898,0.0899,0.0896,0.0899,43235.68
2026-08-28 20:10:00,0.0899,0.09,0.0899,0.0899,46758.62
2026-08-28 20:15:00,0.0899,0.0899,0.0898,0.0898,7561.83
2026-08-28 20:20:00,0.0898,0.0901,0.0898,0.09,5455.33
2026-08-28 20:25:00,0.09,0.0902,0.09,0.0901,37866.0
2026-08-28 20:30:00,0.0901,0.0901,0.0897,0.0897,119979.63
2026-08-28 20:35:00,0.0897,0.0899,0.0896,0.0899,172248.14
2026-08-28 20:40:00,0.09,0.09,0.0899,0.09,64110.59
2026-08-28 20:45:00,0.0899,0.09,0.0899,0.0899,20482.17
2026-08-28 20:50:00,0.0899,0.09,0.0898,0.0899,37070.89
2026-08-28 20:55:00,0.0899,0.0899,0.0899,0.0899,1668.52
2026-08-28 21:00:00,0.0898,0.0899,0.0896,0.0896,111212.07
2026-08-28 21:05:00,0.0896,0.0898,0.0896,0.0897,34630.86
2026-08-28 21:10:00,0.0897,0.09,0.0897,0.09,42249.66
2026-08-28 21:15:00,0.0899,0.0899,0.0897,0.0898,33395.52
2026-08-28 21:20:00,0.0897,0.0897,0.0895,0.0897,95200.3
2026-08-28 21:25:00,0.0897,0.0899,0.0897,0.0898,26106.97
2026-08-28 21:30:00,0.0899,0.0899,0.0899,0.0899,3021.1
2026-08-28 21:35:00,0.09,0.0902,0.0899,0.0899,313776.94
2026-08-28 21:40:00,0.0899,0.0899,0.0896,0.0897,176942.06
2026-08-28 21:45:00,0.0897,0.0897,0.0893,0.0894,762365.45
2026-08-28 21:50:00,0.0894,0.0894,0.0892,0.0893,195676.0
2026-08-28 21:55:00,0.0893,0.0894,0.0892,0.0894,89192.76
2026-08-28 22:00:00,0.0894,0.0896,0.0893,0.0895,130158.98
2026-08-28 22:05:00,0.0895,0.0899,0.0895,0.0898,209976.98
2026-08-28 22:10:00,0.0899,0.0901,0.0899,0.09,137351.99
2026-08-28 22:15:00,0.09,0.0901,0.0898,0.0899,115063.38
2026-08-28 22:20:00,0.0899,0.09,0.0898,0.09,170060.24
2026-08-28 22:25:00,0.0901,0.0901,0.0899,0.0899,182204.07
2026-08-28 22:30:00,0.0899,0.0899,0.0897,0.0899,26598.89
2026-08-28 22:35:00,0.0899,0.0899,0.0898,0.0899,14921.55
2026-08-28 22:40:00,0.0899,0.0899,0.0898,0.0899,12946.9
2026-08-28 22:45:00,0.0899,0.09,0.0898,0.0898,3860.84
2026-08-28 22:50:00,0.0899,0.09,0.0899,0.09,49364.49
2026-08-28 22:55:00,0.09,0.09,0.0899,0.09,12415.91
2026-08-28 23:00:00,0.0899,0.09,0.0899,0.09,1324.52
2026-08-28 23:05:00,0.09,0.09,0.09,0.09,25178.59
2026-08-28 23:10:00,0.0899,0.09,0.0899,0.09,7257.79
2026-08-28 23:15:00,0.09,0.0902,0.09,0.0901,81030.89
2026-08-28 23:20:00,0.0901,0.0902,0.0901,0.0902,25709.97
2026-08-28 23:25:00,0.0903,0.0903,0.0903,0.0903,18601.29
2026-08-28 23:30:00,0.0903,0.0903,0.0902,0.0902,6358.33
2026-08-28 23:35:00,0.0902,0.0902,0.0901,0.0901,7858.01
2026-08-28 23:40:00,0.09,0.0902,0.09,0.0902,25608.87
2026-08-28 23:45:00,0.0901,0.0901,0.09,0.0901,9396.26
2026-08-28 23:50:00,0.09,0.0901,0.09,0.0901,63038.06
2026-08-28 23:55:00,0.0902,0.0902,0.0901,0.0901,9414.4
2026-08-29 00:00:00,0.0901,0.0902,0.0901,0.0902,3276.35
2026-08-29 00:05:00,0.0902,0.0902,0.09,0.0901,17752.69
2026-08-29 00:10:00,0.0902,0.0902,0.0901,0.0901,2934.76
2026-08-29 00:15:00,0.0901,0.0902,0.09,0.09,49947.68
2026-08-29 00:20:00,0.0901,0.0901,0.0899,0.09,56688.98
2026-08-29 00:25:00,0.09,0.09,0.09,0.09,905.73
2026-08-29 00:30:00,0.0899,0.0899,0.0898,0.0898,10375.01
2026-08-29 00:35:00,0.0898,0.0899,0.0898,0.0898,35922.65
2026-08-29 00:40:00,0.0899,0.0899,0.0898,0.0898,1360.65
2026-08-29 00:45:00,0.0898,0.0898,0.0896,0.0896,167919.83
2026-08-29 00:50:00,0.0896,0.0896,0.0896,0.0896,7563.78
2026-08-29 00:55:00,0.0896,0.0897,0.0895,0.0896,39802.7
2026-08-29 01:00:00,0.0896,0.0896,0.0895,0.0895,98444.59
2026-08-29 01:05:00,0.0894,0.0894,0.0893,0.0894,121595.07
2026-08-29 01:10:00,0.0894,0.0895,0.0893,0.0895,142062.75
2026-08-29 01:15:00,0.0895,0.0895,0.0894,0.0895,20230.75
2026-08-29 01:20:00,0.0896,0.0897,0.0895,0.0896,12830.23
2026-08-29 01:25:00,0.0897,0.0898,0.0897,0.0898,4285.81
2026-08-29 01:30:00,0.0898,0.0899,0.0897,0.0897,157885.22
2026-08-29 01:35:00,0.0898,0.0898,0.0896,0.0896,12692.84
2026-08-29 01:40:00,0.0897,0.0897,0.0896,0.0896,3489.69
2026-08-29 01:45:00,0.0896,0.0897,0.0895,0.0897,64142.73
2026-08-29 01:50:00,0.0897,0.0899,0.0897,0.0899,42394.85
2026-08-29 01:55:00,0.0899,0.0899,0.0898,0.0898,1964.1
2026-08-29 02:00:00,0.0897,0.0898,0.0897,0.0897,143573.02
2026-08-29 02:05:00,0.0897,0.0898,0.0897,0.0898,20462.14
2026-08-29 02:10:00,0.0898,0.0898,0.0897,0.0897,38033.39
2026-08-29 02:15:00,0.0897,0.0897,0.0894,0.0895,44735.5
2026-08-29 02:20:00,0.0894,0.0894,0.0893,0.0893,53181.39
2026-08-29 02:25:00,0.0894,0.0895,0.0892,0.0892,119003.84
2026-08-29 02:30:00,0.0892,0.0893,0.089,0.089,139752.56
2026-08-29 02:35:00,0.089,0.0892,0.089,0.0892,23129.3
2026-08-29 02:40:00,0.0892,0.0893,0.0892,0.0892,14964.41
2026-08-29 02:45:00,0.0891,0.0891,0.0891,0.0891,44817.17
2026-08-29 02:50:00,0.0891,0.0892,0.0891,0.0892,105903.72
2026-08-29 02:55:00,0.0892,0.0892,0.0892,0.0892,71692.63
2026-08-29 03:00:00,0.0891,0.0893,0.0891,0.0893,22874.79
2026-08-29 03:05:00,0.0893,0.0893,0.0893,0.0893,559.91
2026-08-29 03:10:00,0.0893,0.0893,0.0893,0.0893,10236.33
2026-08-29 03:15:00,0.0893,0.0893,0.0892,0.0893,7613.91
2026-08-29 03:20:00,0.0893,0.0895,0.0893,0.0895,162914.82
2026-08-29 03:25:00,0.0895,0.0896,0.0895,0.0895,22610.87
2026-08-29 03:30:00,0.0895,0.0895,0.0894,0.0894,11636.9
2026-08-29 03:35:00,0.0894,0.0894,0.0892,0.0892,26382.86
2026-08-29 03:40:00,0.0891,0.0893,0.0891,0.0893,3139.39
2026-08-29 03:45:00,0.0892,0.0893,0.0891,0.0892,12666.26
2026-08-29 03:50:00,0.0892,0.0892,0.0892,0.0892,7816.44
2026-08-29 03:55:00,0.0892,0.0892,0.0891,0.0892,4239.62
2026-08-29 04:00:00,0.0892,0.0892,0.0892,0.0892,5666.14
2026-08-29 04:05:00,0.0892,0.0892,0.0892,0.0892,14742.79
2026-08-29 04:10:00,0.0892,0.0893,0.0892,0.0892,6479.41
2026-08-29 04:15:00,0.0892,0.0893,0.0892,0.0893,71837.5
2026-08-29 04:20:00,0.0893,0.0895,0.0893,0.0895,30444.11
2026-08-29 04:25:00,0.0895,0.0896,0.0894,0.0894,35484.68
2026-08-29 04:30:00,0.0893,0.0894,0.0893,0.0893,3581.3
2026-08-29 04:35:00,0.0893,0.0894,0.0893,0.0894,16896.76
2026-08-29 04:40:00,0.0894,0.0894,0.0893,0.0894,10360.56
2026-08-29 04:45:00,0.0894,0.0895,0.0894,0.0895,11864.92
2026-08-29 04:50:00,0.0896,0.0898,0.0896,0.0898,69558.92
2026-08-29 04:55:00,0.0898,0.0898,0.0895,0.0896,196845.29
2026-08-29 05:00:00,0.0895,0.0897,0.0895,0.0897,25754.23
2026-08-29 05:05:00,0.0897,0.0898,0.0897,0.0897,27237.12
2026-08-29 05:10:00,0.0898,0.0899,0.0898,0.0899,3822.69
2026-08-29 05:15:00,0.0899,0.0902,0.0899,0.0899,157717.6
2026-08-29 05:20:00,0.09,0.09,0.0898,0.0898,12598.29
2026-08-29 05:25:00,0.0899,0.0899,0.0899,0.0899,2356.47
2026-08-29 05:30:00,0.09,0.0901,0.09,0.09,33796.83
2026-08-29 05:35:00,0.09,0.09,0.0899,0.0899,19195.09
2026-08-29 05:40:00,0.09,0.09,0.0899,0.09,47427.04
2026-08-29 05:45:00,0.0899,0.09,0.0898,0.0899,10930.33
2026-08-29 05:50:00,0.0899,0.0899,0.0899,0.0899,58027.4
2026-08-29 05:55:00,0.09,0.0901,0.09,0.0901,20135.27
2026-08-29 06:00:00,0.09,0.09,0.0897,0.0897,228715.55
2026-08-29 06:05:00,0.0897,0.0897,0.0895,0.0896,26602.4
2026-08-29 06:10:00,0.0896,0.0896,0.0895,0.0896,16530.99
2026-08-29 06:15:00,0.0895,0.0895,0.0892,0.0892,117996.64
2026-08-29 06:20:00,0.0892,0.0892,0.0889,0.0891,94838.37
2026-08-29 06:25:00,0.089,0.089,0.0888,0.0889,42134.35
2026-08-29 06:30:00,0.0889,0.0889,0.0888,0.0889,7049.87
2026-08-29 06:35:00,0.089,0.089,0.089,0.089,29590.41
2026-08-29 06:40:00,0.0889,0.0891,0.0889,0.089,9809.35
2026-08-29 06:45:00,0.089,0.089,0.089,0.089,6982.16
2026-08-29 06:50:00,0.089,0.089,0.089,0.089,3274.67
2026-08-29 06:55:00,0.089,0.0891,0.089,0.089,14845.1
2026-08-29 07:00:00,0.089,0.0892,0.089,0.0892,9012.87
2026-08-29 07:05:00,0.0893,0.0893,0.0891,0.0891,24944.78
2026-08-29 07:10:00,0.089,0.0891,0.0887,0.0889,206759.9
2026-08-29 07:15:00,0.0888,0.089,0.0888,0.089,13547.33
2026-08-29 07:20:00,0.0891,0.0891,0.0889,0.0889,6536.03
2026-08-29 07:25:00,0.089,0.089,0.0889,0.0889,8845.0
2026-08-29 07:30:00,0.0889,0.089,0.0889,0.089,41423.36
2026-08-29 07:35:00,0.0891,0.0892,0.0891,0.0892,78242.13
2026-08-29 07:40:00,0.0893,0.0893,0.0892,0.0892,39770.14
2026-08-29 07:45:00,0.0891,0.0892,0.0891,0.0892,4659.34
2026-08-29 07:50:00,0.0893,0.0893,0.0891,0.0891,6372.7
2026-08-29 07:55:00,0.0891,0.0891,0.089,0.0891,12126.11
2026-08-29 08:00:00,0.089,0.089,0.0889,0.0889,3639.23
2026-08-29 08:05:00,0.0888,0.0888,0.0885,0.0887,117476.02
2026-08-29 08:10:00,0.0888,0.0888,0.0887,0.0888,13047.5
2026-08-29 08:15:00,0.0888,0.0888,0.0887,0.0888,4186.83
2026-08-29 08:20:00,0.0889,0.089,0.0889,0.089,13453.42
2026-08-29 08:25:00,0.089,0.089,0.089,0.089,23176.5
2026-08-29 08:30:00,0.089,0.089,0.0886,0.0887,27067.93
2026-08-29 08:35:00,0.0887,0.0888,0.0886,0.0887,31833.38
2026-08-29 08:40:00,0.0887,0.0888,0.0886,0.0887,36911.09
2026-08-29 08:45:00,0.0886,0.0886,0.0877,0.0879,974069.62
2026-08-29 08:50:00,0.0879,0.0881,0.0879,0.0881,56248.3
2026-08-29 08:55:00,0.0881,0.0882,0.0881,0.0882,7901.76
2026-08-29 09:00:00,0.0882,0.0883,0.0882,0.0883,113288.54
2026-08-29 09:05:00,0.0883,0.0883,0.0881,0.0882,94713.32
2026-08-29 09:10:00,0.0882,0.0883,0.0881,0.0881,70776.16
2026-08-29 09:15:00,0.0882,0.0882,0.0881,0.0882,18076.26
2026-08-29 09:20:00,0.0882,0.0883,0.0881,0.0882,15739.81
2026-08-29 09:25:00,0.0882,0.0883,0.0882,0.0882,26152.88
2026-08-29 09:30:00,0.0882,0.0884,0.0882,0.0884,40397.8
2026-08-29 09:35:00,0.0884,0.0885,0.0883,0.0884,138952.26
2026-08-29 09:40:00,0.0885,0.0885,0.0883,0.0883,75266.04
2026-08-29 09:45:00,0.0882,0.0883,0.0882,0.0883,25206.08
2026-08-29 09:50:00,0.0883,0.0883,0.0881,0.0881,28548.25
2026-08-29 09:55:00,0.0882,0.0883,0.0879,0.0881,19916.37
2026-08-29 10:00:00,0.088,0.088,0.0875,0.0878,380066.19
2026-08-29 10:05:00,0.0878,0.0879,0.0877,0.0878,16721.73
2026-08-29 10:10:00,0.0878,0.0881,0.0878,0.0881,9826.35
2026-08-29 10:15:00,0.0882,0.0883,0.0882,0.0883,57361.29
2026-08-29 10:20:00,0.0883,0.0883,0.0882,0.0882,44773.68
2026-08-29 10:25:00,0.0882,0.0882,0.0881,0.0881,16490.72
2026-08-29 10:30:00,0.0881,0.0881,0.088,0.088,58878.99
2026-08-29 10:35:00,0.088,0.0881,0.0879,0.088,166624.6
2026-08-29 10:40:00,0.0879,0.088,0.0878,0.0879,50492.07
2026-08-29 10:45:00,0.088,0.0882,0.088,0.0881,98026.48
2026-08-29 10:50:00,0.0881,0.0882,0.088,0.0881,167542.18
2026-08-29 10:55:00,0.088,0.0881,0.0879,0.088,19204.71
2026-08-29 11:00:00,0.088,0.088,0.0879,0.088,45908.17
2026-08-29 11:05:00,0.0879,0.0879,0.0877,0.0878,27224.67
2026-08-29 11:10:00,0.0878,0.0881,0.0878,0.088,71429.35
2026-08-29 11:15:00,0.0881,0.0882,0.0881,0.0881,92114.34
2026-08-29 11:20:00,0.0881,0.0881,0.0881,0.0881,18494.13
2026-08-29 11:25:00,0.0881,0.0881,0.0881,0.0881,1428.89
2026-08-29 11:30:00,0.0881,0.0881,0.088,0.0881,40114.02
2026-08-29 11:35:00,0.0881,0.0881,0.0879,0.0879,23350.18
2026-08-29 11:40:00,0.088,0.088,0.0877,0.0878,14651.99
2026-08-29 11:45:00,0.0878,0.0879,0.0878,0.0878,20835.61
2026-08-29 11:50:00,0.0879,0.0879,0.0878,0.0879,44556.22
2026-08-29 11:55:00,0.0879,0.0879,0.0878,0.0878,2081.94
2026-08-29 12:00:00,0.0877,0.0881,0.0876,0.0878,263471.5
2026-08-29 12:05:00,0.0878,0.0878,0.0877,0.0877,48766.63
2026-08-29 12:10:00,0.0878,0.0879,0.0878,0.0879,41191.1
2026-08-29 12:15:00,0.0879,0.0881,0.0879,0.088,56416.84
2026-08-29 12:20:00,0.0881,0.0881,0.0878,0.0878,89482.25
2026-08-29 12:25:00,0.0877,0.0878,0.0877,0.0878,109042.34
2026-08-29 12:30:00,0.0878,0.0878,0.0876,0.0876,120473.21
2026-08-29 12:35:00,0.0875,0.0878,0.0875,0.0878,119886.41
2026-08-29 12:40:00,0.0879,0.0879,0.0877,0.0877,70035.53
2026-08-29 12:45:00,0.0877,0.0878,0.0877,0.0878,77028.97
2026-08-29 12:50:00,0.0877,0.0877,0.0876,0.0876,22098.38
2026-08-29 12:55:00,0.0877,0.0878,0.0877,0.0877,14141.63
2026-08-29 13:00:00,0.0877,0.0878,0.0876,0.0877,71936.5
2026-08-29 13:05:00,0.0877,0.0878,0.0877,0.0877,77010.44
2026-08-29 13:10:00,0.0877,0.0878,0.0877,0.0878,31696.33
2026-08-29 13:15:00,0.0877,0.088,0.0877,0.0878,163564.04
2026-08-29 13:20:00,0.0879,0.088,0.0878,0.088,44110.75
2026-08-29 13:25:00,0.0881,0.0881,0.0879,0.088,170264.45
2026-08-29 13:30:00,0.088,0.088,0.0879,0.0879,68548.93
2026-08-29 13:35:00,0.0879,0.088,0.0879,0.088,42418.37
2026-08-29 13:40:00,0.088,0.088,0.0879,0.088,5005.32
2026-08-29 13:45:00,0.0879,0.0881,0.0879,0.088,27063.81
2026-08-29 13:50:00,0.0881,0.0881,0.0879,0.088,29714.93
2026-08-29 13:55:00,0.0881,0.0882,0.0881,0.0881,17354.45
2026-08-29 14:00:00,0.0881,0.0882,0.088,0.0881,138349.79
2026-08-29 14:05:00,0.0881,0.0883,0.0881,0.0883,106250.37
2026-08-29 14:10:00,0.0882,0.0882,0.0881,0.0882,16857.55
2026-08-29 14:15:00,0.0882,0.0884,0.0881,0.0882,54333.74
2026-08-29 14:20:00,0.0882,0.0885,0.0881,0.0885,69440.77
2026-08-29 14:25:00,0.0885,0.0888,0.0884,0.0885,340898.59
2026-08-29 14:30:00,0.0885,0.0886,0.0884,0.0885,117006.44
2026-08-29 14:35:00,0.0886,0.0887,0.0885,0.0886,51193.52
2026-08-29 14:40:00,0.0886,0.0891,0.0885,0.089,197753.7
2026-08-29 14:45:00,0.0889,0.0895,0.0889,0.0892,235497.14
2026-08-29 14:50:00,0.0892,0.0892,0.0891,0.0892,124274.92
2026-08-29 14:55:00,0.0892,0.0894,0.0892,0.0893,198034.48
2026-08-29 15:00:00,0.0893,0.0893,0.0889,0.089,144185.11
2026-08-29 15:05:00,0.089,0.0891,0.0889,0.0891,62693.31
2026-08-29 15:10:00,0.0891,0.0891,0.0889,0.0891,105746.48
2026-08-29 15:15:00,0.089,0.0891,0.0888,0.0889,125656.91
2026-08-29 15:20:00,0.089,0.0891,0.0889,0.0891,49704.6
2026-08-29 15:25:00,0.0891,0.0892,0.089,0.089,68308.26
2026-08-29 15:30:00,0.089,0.089,0.0888,0.089,143022.38
2026-08-29 15:35:00,0.089,0.0892,0.089,0.0891,46727.59
2026-08-29 15:40:00,0.0891,0.0892,0.0889,0.0889,69583.04
2026-08-29 15:45:00,0.0889,0.0892,0.0889,0.0891,88816.37
2026-08-29 15:50:00,0.0892,0.0892,0.0891,0.0891,13814.08
2026-08-29 15:55:00,0.0891,0.0892,0.089,0.0892,43050.38
2026-08-29 16:00:00,0.0892,0.0893,0.0892,0.0893,12485.54
2026-08-29 16:05:00,0.0892,0.0894,0.0892,0.0893,148043.63
2026-08-29 16:10:00,0.0893,0.0894,0.089,0.0891,400548.63
2026-08-29 16:15:00,0.0891,0.0893,0.0889,0.0889,283368.62
2026-08-29 16:20:00,0.0889,0.0889,0.0887,0.0887,85437.73
2026-08-29 16:25:00,0.0887,0.0887,0.0884,0.0886,67341.65
2026-08-29 16:30:00,0.0885,0.0888,0.0885,0.0887,94404.67
2026-08-29 16:35:00,0.0887,0.0887,0.0886,0.0886,141372.9
2026-08-29 16:40:00,0.0887,0.089,0.0887,0.0888,183147.01
2026-08-29 16:45:00,0.0889,0.0891,0.0888,0.0891,27294.0
2026-08-29 16:50:00,0.0892,0.0892,0.0889,0.0889,37098.15
2026-08-29 16:55:00,0.0889,0.0889,0.0888,0.0889,15640.75
2026-08-29 17:00:00,0.0888,0.089,0.0888,0.089,30135.33
2026-08-29 17:05:00,0.0891,0.0891,0.0889,0.089,94233.89
2026-08-29 17:10:00,0.089,0.0893,0.089,0.089,178639.26
2026-08-29 17:15:00,0.089,0.0891,0.089,0.089,23220.83
2026-08-29 17:20:00,0.0889,0.0889,0.0889,0.0889,217795.32
2026-08-29 17:25:00,0.0889,0.0889,0.0886,0.0886,116929.03
2026-08-29 17:30:00,0.0887,0.0887,0.0885,0.0886,10712.63
2026-08-29 17:35:00,0.0886,0.0889,0.0884,0.0888,122963.63
2026-08-29 17:40:00,0.0889,0.089,0.0889,0.089,15131.97
2026-08-29 17:45:00,0.089,0.0892,0.089,0.0891,58741.56
2026-08-29 17:50:00,0.0891,0.0891,0.0888,0.0888,8714.79
2026-08-29 17:55:00,0.0889,0.0889,0.0887,0.0888,229787.62
2026-08-29 18:00:00,0.0889,0.0891,0.0889,0.089,49553.55
2026-08-29 18:05:00,0.089,0.089,0.089,0.089,31467.36
2026-08-29 18:10:00,0.0889,0.0891,0.0889,0.0891,24728.71
2026-08-29 18:15:00,0.0892,0.0892,0.089,0.0892,22530.34
2026-08-29 18:20:00,0.0892,0.0893,0.0892,0.0892,65061.61
2026-08-29 18:25:00,0.0893,0.0897,0.0893,0.0896,113802.54
2026-08-29 18:30:00,0.0896,0.0897,0.0894,0.0895,202422.05
2026-08-29 18:35:00,0.0894,0.0895,0.0894,0.0895,35739.31
2026-08-29 18:40:00,0.0896,0.0897,0.0894,0.0895,182085.91
2026-08-29 18:45:00,0.0895,0.0897,0.0895,0.0895,12446.18
2026-08-29 18:50:00,0.0896,0.0896,0.0895,0.0895,39489.35
2026-08-29 18:55:00,0.0894,0.0895,0.0893,0.0893,41416.29
2026-08-29 19:00:00,0.0893,0.0896,0.0893,0.0895,122722.51
2026-08-29 19:05:00,0.0895,0.0896,0.0895,0.0895,3859.69
2026-08-29 19:10:00,0.0896,0.0896,0.0895,0.0895,73666.75
2026-08-29 19:15:00,0.0896,0.0898,0.0896,0.0896,29831.62
2026-08-29 19:20:00,0.0896,0.0897,0.0894,0.0896,54670.1
2026-08-29 19:25:00,0.0895,0.0895,0.0893,0.0894,109170.85
2026-08-29 19:30:00,0.0894,0.0895,0.0893,0.0894,7146.49
2026-08-29 19:35:00,0.0894,0.0894,0.0893,0.0893,43830.83
2026-08-29 19:40:00,0.0893,0.0895,0.0892,0.0895,37324.21
2026-08-29 19:45:00,0.0894,0.0894,0.0893,0.0893,29082.51
2026-08-29 19:50:00,0.0893,0.0894,0.0892,0.0893,56256.0
2026-08-29 19:55:00,0.0892,0.0893,0.0892,0.0893,12502.42
2026-08-29 20:00:00,0.0893,0.0895,0.0892,0.0894,26310.03
2026-08-29 20:05:00,0.0894,0.0895,0.0894,0.0895,25131.89
2026-08-29 20:10:00,0.0895,0.0895,0.0893,0.0893,22638.95
2026-08-29 20:15:00,0.0894,0.0895,0.0894,0.0894,4658.06
2026-08-29 20:20:00,0.0894,0.0894,0.0893,0.0893,37672.43
2026-08-29 20:25:00,0.0893,0.0893,0.0893,0.0893,1074.3
2026-08-29 20:30:00,0.0892,0.0892,0.0891,0.0892,38127.78
2026-08-29 20:35:00,0.0893,0.0893,0.0892,0.0892,69466.35
2026-08-29 20:40:00,0.0893,0.0893,0.0892,0.0892,104249.14
2026-08-29 20:45:00,0.0892,0.0893,0.0892,0.0893,30557.27
2026-08-29 20:50:00,0.0893,0.0893,0.0892,0.0893,38296.58
2026-08-29 20:55:00,0.0893,0.0894,0.0893,0.0893,21231.05
2026-08-29 21:00:00,0.0893,0.0893,0.0892,0.0892,9900.6
2026-08-29 21:05:00,0.0892,0.0893,0.0892,0.0893,47936.89
2026-08-29 21:10:00,0.0894,0.0896,0.0893,0.0894,33414.0
2026-08-29 21:15:00,0.0893,0.0894,0.0893,0.0893,95583.72
2026-08-29 21:20:00,0.0893,0.0893,0.0891,0.0892,100344.59
2026-08-29 21:25:00,0.0891,0.0894,0.0891,0.0893,289643.02
2026-08-29 21:30:00,0.0894,0.0896,0.0893,0.0895,26061.59
2026-08-29 21:35:00,0.0895,0.0895,0.0893,0.0893,34402.29
2026-08-29 21:40:00,0.0893,0.0894,0.0892,0.0893,17457.3
2026-08-29 21:45:00,0.0892,0.0893,0.0892,0.0893,135956.12
2026-08-29 21:50:00,0.0893,0.0895,0.0893,0.0895,87485.93
2026-08-29 21:55:00,0.0894,0.0894,0.0893,0.0893,20155.67
2026-08-29 22:00:00,0.0892,0.0892,0.0891,0.0891,23241.58
2026-08-29 22:05:00,0.0891,0.0891,0.089,0.0891,75673.94
2026-08-29 22:10:00,0.0892,0.0892,0.0889,0.0889,49504.33
2026-08-29 22:15:00,0.0888,0.0888,0.0886,0.0887,72563.62
2026-08-29 22:20:00,0.0887,0.0888,0.0886,0.0888,11290.04
2026-08-29 22:25:00,0.0888,0.0888,0.0887,0.0887,2569.46
2026-08-29 22:30:00,0.0888,0.0889,0.0888,0.0889,13680.96
2026-08-29 22:35:00,0.0888,0.0889,0.0888,0.0889,57653.29
2026-08-29 22:40:00,0.0888,0.0889,0.0888,0.0889,2671.34
2026-08-29 22:45:00,0.0889,0.0891,0.0889,0.089,115963.43
2026-08-29 22:50:00,0.0891,0.0892,0.0891,0.0891,15137.59
2026-08-29 22:55:00,0.0892,0.0892,0.0891,0.0891,49611.88
2026-08-29 23:00:00,0.0891,0.0891,0.089,0.0891,13776.47
2026-08-29 23:05:00,0.0891,0.0891,0.089,0.0891,6951.32
2026-08-29 23:10:00,0.0891,0.0891,0.0889,0.0889,20371.67
2026-08-29 23:15:00,0.0889,0.0889,0.0889,0.0889,437.77
2026-08-29 23:20:00,0.0889,0.0889,0.0888,0.0888,25699.72
2026-08-29 23:25:00,0.0888,0.0889,0.0887,0.0889,9703.32
2026-08-29 23:30:00,0.0889,0.0889,0.0887,0.0887,15023.29
2026-08-29 23:35:00,0.0887,0.0888,0.0886,0.0887,18643.49
2026-08-29 23:40:00,0.0887,0.0888,0.0886,0.0886,67688.3
2026-08-29 23:45:00,0.0887,0.0888,0.0887,0.0887,7340.53
2026-08-29 23:50:00,0.0888,0.0888,0.0886,0.0887,31778.13
2026-08-29 23:55:00,0.0888,0.0888,0.0887,0.0887,28526.35
2026-08-30 00:00:00,0.0887,0.0887,0.0886,0.0887,4244.93
2026-08-30 00:05:00,0.0887,0.0887,0.0885,0.0885,30969.17
2026-08-30 00:10:00,0.0886,0.0886,0.0886,0.0886,19232.46
2026-08-30 00:15:00,0.0886,0.0888,0.0885,0.0887,47092.01
2026-08-30 00:20:00,0.0887,0.0887,0.0886,0.0887,16833.35
2026-08-30 00:25:00,0.0886,0.0887,0.0886,0.0886,21458.42
2026-08-30 00:30:00,0.0887,0.0887,0.0886,0.0886,6644.66
2026-08-30 00:35:00,0.0886,0.0889,0.0886,0.0888,85908.2
2026-08-30 00:40:00,0.0889,0.089,0.0887,0.0889,18057.56
2026-08-30 00:45:00,0.0889,0.089,0.0889,0.089,8764.65
2026-08-30 00:50:00,0.089,0.089,0.0888,0.0888,77553.59
2026-08-30 00:55:00,0.0887,0.0887,0.0886,0.0886,23187.41
2026-08-30 01:00:00,0.0886,0.0886,0.0886,0.0886,31833.2
2026-08-30 01:05:00,0.0887,0.0887,0.0885,0.0885,4841.68
2026-08-30 01:10:00,0.0885,0.0885,0.0883,0.0884,25497.51
2026-08-30 01:15:00,0.0885,0.0885,0.0882,0.0884,31446.47
2026-08-30 01:20:00,0.0885,0.0886,0.0885,0.0885,21055.66
2026-08-30 01:25:00,0.0884,0.0884,0.0883,0.0884,12915.2
2026-08-30 01:30:00,0.0884,0.0884,0.0882,0.0883,239896.59
2026-08-30 01:35:00,0.0883,0.0885,0.0883,0.0884,98161.03
2026-08-30 01:40:00,0.0884,0.0884,0.0883,0.0883,6768.17
2026-08-30 01:45:00,0.0884,0.0885,0.0882,0.0883,35896.89
2026-08-30 01:50:00,0.0883,0.0883,0.0879,0.088,191319.22
2026-08-30 01:55:00,0.088,0.088,0.0878,0.088,52878.68
2026-08-30 02:00:00,0.088,0.0881,0.088,0.0881,28896.55
2026-08-30 02:05:00,0.0881,0.0881,0.0879,0.0881,18841.98
2026-08-30 02:10:00,0.088,0.0883,0.088,0.0882,57152.94
2026-08-30 02:15:00,0.0882,0.0884,0.0882,0.0884,268016.19
2026-08-30 02:20:00,0.0884,0.0885,0.0883,0.0884,57275.75
2026-08-30 02:25:00,0.0884,0.0884,0.0883,0.0884,34604.73
2026-08-30 02:30:00,0.0883,0.0884,0.0882,0.0884,54055.26
2026-08-30 02:35:00,0.0885,0.0887,0.0885,0.0886,13657.42
2026-08-30 02:40:00,0.0887,0.0888,0.0886,0.0886,115031.22
2026-08-30 02:45:00,0.0886,0.0887,0.0886,0.0887,6304.21
2026-08-30 02:50:00,0.0888,0.0888,0.0888,0.0888,33514.99
2026-08-30 02:55:00,0.0889,0.0889,0.0888,0.0888,54181.27
2026-08-30 03:00:00,0.0888,0.0889,0.0888,0.0889,15453.17
2026-08-30 03:05:00,0.0888,0.0889,0.0886,0.0887,70055.4
2026-08-30 03:10:00,0.0887,0.0888,0.0887,0.0888,901.5
2026-08-30 03:15:00,0.0888,0.0888,0.0887,0.0888,22115.38
2026-08-30 03:20:00,0.0887,0.0887,0.0887,0.0887,3412.35
2026-08-30 03:25:00,0.0887,0.089,0.0887,0.089,110445.59
2026-08-30 03:30:00,0.0889,0.089,0.0888,0.089,55239.48
2026-08-30 03:35:00,0.0891,0.0891,0.0888,0.0889,46479.74
2026-08-30 03:40:00,0.0888,0.089,0.0888,0.089,43819.98
2026-08-30 03:45:00,0.089,0.089,0.0888,0.0888,28440.07
2026-08-30 03:50:00,0.0888,0.0888,0.0888,0.0888,35810.74
2026-08-30 03:55:00,0.0887,0.0888,0.0886,0.0887,38318.36
2026-08-30 04:00:00,0.0887,0.089,0.0886,0.089,17869.47
2026-08-30 04:05:00,0.089,0.089,0.0888,0.0888,9828.24
2026-08-30 04:10:00,0.0888,0.0888,0.0887,0.0888,17728.7
2026-08-30 04:15:00,0.0888,0.0889,0.0887,0.0887,119520.1
2026-08-30 04:20:00,0.0888,0.0888,0.0887,0.0887,5725.86
2026-08-30 04:25:00,0.0888,0.0889,0.0888,0.0889,16357.54
2026-08-30 04:30:00,0.0889,0.0889,0.0888,0.0889,44991.85
2026-08-30 04:35:00,0.0888,0.0888,0.0887,0.0887,32003.18
2026-08-30 04:40:00,0.0887,0.0887,0.0886,0.0886,7213.96
2026-08-30 04:45:00,0.0886,0.0886,0.0882,0.0882,110473.14
2026-08-30 04:50:00,0.0882,0.0883,0.0882,0.0883,16798.63
2026-08-30 04:55:00,0.0884,0.0886,0.0884,0.0886,98434.23
2026-08-30 05:00:00,0.0886,0.0888,0.0886,0.0888,54272.74
2026-08-30 05:05:00,0.0889,0.0889,0.0888,0.0888,55869.18
2026-08-30 05:10:00,0.0888,0.0888,0.0886,0.0887,47564.1
2026-08-30 05:15:00,0.0888,0.0888,0.0887,0.0888,9566.07
2026-08-30 05:20:00,0.0887,0.0887,0.0886,0.0887,105388.11
2026-08-30 05:25:00,0.0887,0.0888,0.0887,0.0888,21018.85
2026-08-30 05:30:00,0.0888,0.0888,0.0888,0.0888,437.68
2026-08-30 05:35:00,0.0888,0.0889,0.0888,0.0889,21646.72
2026-08-30 05:40:00,0.089,0.089,0.0889,0.0889,29211.35
2026-08-30 05:45:00,0.0889,0.0891,0.0889,0.089,66889.68
2026-08-30 05:50:00,0.089,0.0891,0.0889,0.0889,10506.72
2026-08-30 05:55:00,0.089,0.089,0.089,0.089,13450.55
2026-08-30 06:00:00,0.089,0.0891,0.089,0.0891,2322.01
2026-08-30 06:05:00,0.0892,0.0892,0.089,0.089,18379.99
2026-08-30 06:10:00,0.0889,0.0889,0.0889,0.0889,3502.86
2026-08-30 06:15:00,0.0889,0.089,0.0888,0.089,1699.71
2026-08-30 06:20:00,0.0889,0.0892,0.0889,0.0892,58808.61
2026-08-30 06:25:00,0.0893,0.0894,0.0893,0.0894,59577.69
2026-08-30 06:30:00,0.0894,0.0894,0.0893,0.0893,57938.48
2026-08-30 06:35:00,0.0894,0.0895,0.0893,0.0894,36814.25
2026-08-30 06:40:00,0.0894,0.0895,0.0893,0.0893,75478.75
2026-08-30 06:45:00,0.0892,0.0893,0.0892,0.0893,32168.9
2026-08-30 06:50:00,0.0893,0.0895,0.0892,0.0895,30607.67
2026-08-30 06:55:00,0.0895,0.0895,0.0895,0.0895,11517.43
2026-08-30 07:00:00,0.0895,0.0895,0.0894,0.0894,11163.86
2026-08-30 07:05:00,0.0893,0.0893,0.0892,0.0893,17130.43
2026-08-30 07:10:00,0.0893,0.0895,0.0893,0.0894,14043.48
2026-08-30 07:15:00,0.0894,0.0894,0.0894,0.0894,17742.71
2026-08-30 07:20:00,0.0894,0.0895,0.0894,0.0894,22997.25
2026-08-30 07:25:00,0.0894,0.0894,0.0893,0.0894,73993.03
2026-08-30 07:30:00,0.0894,0.0895,0.0893,0.0894,31961.03
2026-08-30 07:35:00,0.0894,0.0894,0.0891,0.0891,83105.44
2026-08-30 07:40:00,0.0891,0.0892,0.089,0.089,52986.95
2026-08-30 07:45:00,0.0891,0.0891,0.0889,0.089,6430.55
2026-08-30 07:50:00,0.089,0.0891,0.089,0.0891,33675.7
2026-08-30 07:55:00,0.0891,0.0892,0.0891,0.0892,16269.3
2026-08-30 08:00:00,0.0892,0.0895,0.0892,0.0894,120144.17
2026-08-30 08:05:00,0.0894,0.0894,0.0893,0.0893,10016.38
2026-08-30 08:10:00,0.0893,0.0893,0.089,0.089,40603.8
2026-08-30 08:15:00,0.0891,0.0891,0.0891,0.0891,31275.67
2026-08-30 08:20:00,0.0892,0.0892,0.0892,0.0892,579.84
2026-08-30 08:25:00,0.0891,0.0891,0.089,0.0891,50922.68
2026-08-30 08:30:00,0.0891,0.0891,0.089,0.0891,2190.24
2026-08-30 08:35:00,0.0891,0.0891,0.0887,0.0887,46263.84
2026-08-30 08:40:00,0.0887,0.0887,0.0886,0.0887,89408.41
2026-08-30 08:45:00,0.0887,0.0888,0.0886,0.0887,31323.11
2026-08-30 08:50:00,0.0887,0.0889,0.0886,0.0889,49448.72
2026-08-30 08:55:00,0.0889,0.0891,0.0889,0.0891,25584.03
2026-08-30 09:00:00,0.089,0.0892,0.089,0.0892,75908.22
2026-08-30 09:05:00,0.0892,0.0893,0.0891,0.0893,111286.92
2026-08-30 09:10:00,0.0892,0.0893,0.0891,0.0891,28658.12
2026-08-30 09:15:00,0.0891,0.0891,0.089,0.0891,40058.28
2026-08-30 09:20:00,0.0891,0.0891,0.0889,0.0889,21809.66
2026-08-30 09:25:00,0.0889,0.089,0.0886,0.0887,24905.73
2026-08-30 09:30:00,0.0887,0.089,0.0887,0.0889,28383.7
2026-08-30 09:35:00,0.0889,0.0889,0.0888,0.0888,21539.28
2026-08-30 09:40:00,0.0888,0.0889,0.0887,0.0888,121268.93
2026-08-30 09:45:00,0.0889,0.0889,0.0887,0.0887,27837.84
2026-08-30 09:50:00,0.0888,0.0888,0.0888,0.0888,12780.04
2026-08-30 09:55:00,0.0888,0.0889,0.0888,0.0889,1721.02
2026-08-30 10:00:00,0.089,0.089,0.0889,0.0889,10065.25
2026-08-30 10:05:00,0.089,0.0891,0.089,0.0891,10623.05
2026-08-30 10:10:00,0.0891,0.0891,0.0889,0.089,23910.32
2026-08-30 10:15:00,0.0891,0.0892,0.089,0.0891,53847.88
2026-08-30 10:20:00,0.0892,0.0894,0.0891,0.0894,23200.32
2026-08-30 10:25:00,0.0895,0.0896,0.0893,0.0893,196622.07
2026-08-30 10:30:00,0.0894,0.0896,0.0893,0.0896,39058.5
2026-08-30 10:35:00,0.0896,0.0899,0.0896,0.0898,125330.48
2026-08-30 10:40:00,0.0897,0.0901,0.0897,0.0901,400018.2
2026-08-30 10:45:00,0.0901,0.0902,0.0899,0.09,214816.2
2026-08-30 10:50:00,0.0899,0.0901,0.0898,0.0899,37672.94
2026-08-30 10:55:00,0.0899,0.0901,0.0899,0.09,60378.35
2026-08-30 11:00:00,0.09,0.0903,0.0898,0.0899,173702.41
2026-08-30 11:05:00,0.0897,0.0899,0.0897,0.0898,63064.31
2026-08-30 11:10:00,0.0899,0.09,0.0897,0.09,54379.26
2026-08-30 11:15:00,0.09,0.0901,0.0897,0.0898,20594.71
2026-08-30 11:20:00,0.0899,0.0899,0.0898,0.0898,77325.74
2026-08-30 11:25:00,0.0898,0.0899,0.0897,0.0899,9882.73
2026-08-30 11:30:00,0.0899,0.0899,0.0894,0.0894,198073.34
2026-08-30 11:35:00,0.0894,0.0895,0.0892,0.0893,138141.74
2026-08-30 11:40:00,0.0894,0.0896,0.0894,0.0896,115632.85
2026-08-30 11:45:00,0.0896,0.0896,0.0895,0.0895,87440.18
2026-08-30 11:50:00,0.0894,0.0896,0.0894,0.0896,29554.41
2026-08-30 11:55:00,0.0895,0.0896,0.0895,0.0896,59162.34
2026-08-30 12:00:00,0.0896,0.0899,0.0896,0.0898,63116.57
2026-08-30 12:05:00,0.0898,0.0901,0.0898,0.09,127318.23
2026-08-30 12:10:00,0.0901,0.0901,0.0899,0.09,43386.68
2026-08-30 12:15:00,0.09,0.0901,0.0899,0.0901,200515.74
2026-08-30 12:20:00,0.0901,0.0901,0.0897,0.0899,198461.03
2026-08-30 12:25:00,0.0898,0.0899,0.0898,0.0899,14886.82
2026-08-30 12:30:00,0.0899,0.09,0.0895,0.0896,189364.65
2026-08-30 12:35:00,0.0896,0.0896,0.0895,0.0896,18403.51
2026-08-30 12:40:00,0.0896,0.0898,0.0895,0.0898,52365.89
2026-08-30 12:45:00,0.0898,0.0899,0.0896,0.0896,29688.99
2026-08-30 12:50:00,0.0896,0.0897,0.0895,0.0896,88401.49
2026-08-30 12:55:00,0.0896,0.0899,0.0896,0.0899,210918.52
2026-08-30 13:00:00,0.09,0.0901,0.0898,0.09,54601.52
2026-08-30 13:05:00,0.0899,0.09,0.0899,0.0899,183354.05
2026-08-30 13:10:00,0.0899,0.09,0.0897,0.0898,219155.02
2026-08-30 13:15:00,0.0898,0.0899,0.0897,0.0899,41979.46
2026-08-30 13:20:00,0.0899,0.0899,0.0898,0.0899,70214.68
2026-08-30 13:25:00,0.09,0.0902,0.0899,0.0899,469190.47
2026-08-30 13:30:00,0.0899,0.0899,0.0899,0.0899,44617.75
2026-08-30 13:35:00,0.0899,0.0899,0.0898,0.0898,4622.57
2026-08-30 13:40:00,0.0898,0.09,0.0897,0.0899,54174.43
2026-08-30 13:45:00,0.0899,0.09,0.0899,0.09,80810.68
2026-08-30 13:50:00,0.09,0.09,0.0898,0.0899,137061.24
2026-08-30 13:55:00,0.0899,0.09,0.0898,0.0899,86900.94
2026-08-30 14:00:00,0.0899,0.09,0.0898,0.0898,138920.35
2026-08-30 14:05:00,0.0899,0.09,0.0897,0.0898,248385.99
2026-08-30 14:10:00,0.0899,0.09,0.0899,0.09,67514.6
2026-08-30 14:15:00,0.0899,0.0899,0.0897,0.0897,45315.67
2026-08-30 14:20:00,0.0897,0.0897,0.0896,0.0897,39219.49
2026-08-30 14:25:00,0.0897,0.0898,0.0896,0.0898,113584.03
2026-08-30 14:30:00,0.0897,0.0899,0.0896,0.0897,92779.98
2026-08-30 14:35:00,0.0896,0.0896,0.0894,0.0895,188309.28
2026-08-30 14:40:00,0.0895,0.0896,0.0895,0.0896,8277.74
2026-08-30 14:45:00,0.0895,0.0897,0.0894,0.0896,24766.83
2026-08-30 14:50:00,0.0896,0.0898,0.0896,0.0898,39369.97
2026-08-30 14:55:00,0.0898,0.0898,0.0896,0.0897,25965.26
2026-08-30 15:00:00,0.0896,0.0896,0.0894,0.0895,66578.88
2026-08-30 15:05:00,0.0894,0.0897,0.0894,0.0896,30625.48
2026-08-30 15:10:00,0.0895,0.0895,0.0892,0.0892,46121.45
2026-08-30 15:15:00,0.0892,0.0893,0.0891,0.0893,104602.92
2026-08-30 15:20:00,0.0893,0.0896,0.0893,0.0895,41678.94
2026-08-30 15:25:00,0.0895,0.0895,0.0894,0.0895,46605.81
2026-08-30 15:30:00,0.0895,0.0897,0.0895,0.0897,29670.3
2026-08-30 15:35:00,0.0897,0.0899,0.0897,0.0898,99508.98
2026-08-30 15:40:00,0.0898,0.0899,0.0898,0.0899,5150.83
2026-08-30 15:45:00,0.0898,0.0899,0.0895,0.0896,44826.01
2026-08-30 15:50:00,0.0895,0.0896,0.0894,0.0894,71105.08
2026-08-30 15:55:00,0.0894,0.0896,0.0894,0.0896,171711.14
2026-08-30 16:00:00,0.0897,0.0902,0.0897,0.0901,533478.62
2026-08-30 16:05:00,0.09,0.0903,0.0897,0.0899,1061604.76
2026-08-30 16:10:00,0.0899,0.0903,0.0898,0.0901,360276.65
2026-08-30 16:15:00,0.0902,0.0902,0.0898,0.0899,462608.44
2026-08-30 16:20:00,0.0899,0.0899,0.0898,0.0899,182048.21
2026-08-30 16:25:00,0.0899,0.0899,0.0896,0.0896,151873.26
2026-08-30 16:30:00,0.0896,0.0898,0.0896,0.0898,97247.04
2026-08-30 16:35:00,0.0898,0.0899,0.0896,0.0896,259941.68
2026-08-30 16:40:00,0.0896,0.0898,0.0895,0.0896,397100.29
2026-08-30 16:45:00,0.0896,0.0899,0.0896,0.0898,52177.68
2026-08-30 16:50:00,0.0899,0.0901,0.0899,0.09,165428.29
2026-08-30 16:55:00,0.09,0.0901,0.09,0.09,79107.15
2026-08-30 17:00:00,0.09,0.0901,0.0898,0.0898,98174.1
2026-08-30 17:05:00,0.0899,0.09,0.0897,0.0899,133935.86
2026-08-30 17:10:00,0.0899,0.09,0.0898,0.0899,45136.66
2026-08-30 17:15:00,0.0899,0.0899,0.0896,0.0897,115469.52
2026-08-30 17:20:00,0.0897,0.0897,0.0889,0.0891,179016.34
2026-08-30 17:25:00,0.0891,0.0892,0.0889,0.0892,60728.75
2026-08-30 17:30:00,0.0892,0.0894,0.0891,0.0894,130513.59
2026-08-30 17:35:00,0.0893,0.0895,0.0893,0.0894,26638.4
2026-08-30 17:40:00,0.0894,0.0895,0.0893,0.0895,22936.56
2026-08-30 17:45:00,0.0894,0.0894,0.0894,0.0894,81552.04
2026-08-30 17:50:00,0.0893,0.0895,0.0893,0.0894,43257.55
2026-08-30 17:55:00,0.0894,0.0894,0.0893,0.0893,104807.28
2026-08-30 18:00:00,0.0893,0.0894,0.0892,0.0893,50009.99
2026-08-30 18:05:00,0.0893,0.0893,0.089,0.089,75634.36
2026-08-30 18:10:00,0.0891,0.0891,0.0889,0.089,43091.54
2026-08-30 18:15:00,0.0891,0.0894,0.089,0.0894,67299.34
2026-08-30 18:20:00,0.0894,0.0896,0.0894,0.0894,102785.55
2026-08-30 18:25:00,0.0894,0.0896,0.0894,0.0896,51609.43
2026-08-30 18:30:00,0.0896,0.0898,0.0896,0.0898,43284.6
2026-08-30 18:35:00,0.0899,0.0899,0.0898,0.0898,37768.98
2026-08-30 18:40:00,0.0898,0.0899,0.0897,0.0898,12258.46
2026-08-30 18:45:00,0.0898,0.0899,0.0897,0.0899,11141.9
2026-08-30 18:50:00,0.09,0.09,0.0898,0.0898,38945.88
2026-08-30 18:55:00,0.0898,0.0899,0.0898,0.0899,34279.65
2026-08-30 19:00:00,0.0899,0.0899,0.0896,0.0896,154258.36
2026-08-30 19:05:00,0.0896,0.0898,0.0895,0.0897,54068.8
2026-08-30 19:10:00,0.0897,0.0899,0.0897,0.0898,18796.08
2026-08-30 19:15:00,0.0898,0.0898,0.0896,0.0896,124521.78
2026-08-30 19:20:00,0.0896,0.0896,0.0894,0.0895,22167.85
2026-08-30 19:25:00,0.0896,0.0896,0.0895,0.0895,3562.66
2026-08-30 19:30:00,0.0895,0.0896,0.0894,0.0894,62378.31
2026-08-30 19:35:00,0.0894,0.0895,0.0891,0.0891,44998.11
2026-08-30 19:40:00,0.089,0.0891,0.0888,0.0889,177794.28
2026-08-30 19:45:00,0.0889,0.0889,0.0884,0.0885,320776.31
2026-08-30 19:50:00,0.0886,0.0887,0.0884,0.0884,233248.95
2026-08-30 19:55:00,0.0885,0.0886,0.0885,0.0886,36893.51
2026-08-30 20:00:00,0.0887,0.0888,0.0887,0.0888,91945.21
2026-08-30 20:05:00,0.0887,0.089,0.0887,0.089,89106.01
2026-08-30 20:10:00,0.0891,0.0892,0.0889,0.089,33069.03
2026-08-30 20:15:00,0.0891,0.0892,0.0889,0.089,49953.91
2026-08-30 20:20:00,0.089,0.0892,0.0889,0.0892,35805.94
2026-08-30 20:25:00,0.0891,0.0895,0.0891,0.0891,565888.8
2026-08-30 20:30:00,0.0891,0.0892,0.0888,0.0892,50783.71
2026-08-30 20:35:00,0.0891,0.0894,0.0891,0.0892,91201.7
2026-08-30 20:40:00,0.0892,0.0893,0.0886,0.0887,254797.39
2026-08-30 20:45:00,0.0888,0.0891,0.0887,0.0891,99444.61
2026-08-30 20:50:00,0.0891,0.0893,0.0891,0.0893,74642.24
2026-08-30 20:55:00,0.0893,0.0893,0.089,0.0891,34322.41
2026-08-30 21:00:00,0.089,0.0891,0.0866,0.0882,2748271.37
2026-08-30 21:05:00,0.0881,0.0883,0.0881,0.0882,142812.25
2026-08-30 21:10:00,0.0883,0.0886,0.0881,0.0885,198187.38
2026-08-30 21:15:00,0.0885,0.0886,0.0884,0.0884,72769.9
2026-08-30 21:20:00,0.0885,0.0886,0.0884,0.0885,164500.95
2026-08-30 21:25:00,0.0886,0.0888,0.0884,0.0887,65411.16
2026-08-30 21:30:00,0.0888,0.0891,0.0887,0.089,39827.34
2026-08-30 21:35:00,0.089,0.089,0.0886,0.0887,73417.56
2026-08-30 21:40:00,0.0888,0.0888,0.0886,0.0888,89956.95
2026-08-30 21:45:00,0.0887,0.0887,0.0882,0.0884,205837.92
2026-08-30 21:50:00,0.0884,0.0886,0.0884,0.0886,41286.79
2026-08-30 21:55:00,0.0886,0.089,0.0886,0.089,16639.44
2026-08-30 22:00:00,0.089,0.0893,0.0887,0.0891,112479.48
2026-08-30 22:05:00,0.0891,0.0891,0.0886,0.0886,10878.06
2026-08-30 22:10:00,0.0887,0.0887,0.0885,0.0886,68242.28
2026-08-30 22:15:00,0.0885,0.0888,0.0885,0.0888,35358.63
2026-08-30 22:20:00,0.0888,0.0888,0.0885,0.0885,44113.56
2026-08-30 22:25:00,0.0885,0.0885,0.0884,0.0884,51342.93
2026-08-30 22:30:00,0.0884,0.0884,0.0878,0.0881,343748.81
2026-08-30 22:35:00,0.0881,0.0884,0.088,0.0884,133921.39
2026-08-30 22:40:00,0.0884,0.0887,0.0884,0.0886,47595.95
2026-08-30 22:45:00,0.0886,0.0886,0.0885,0.0886,20146.06
2026-08-30 22:50:00,0.0886,0.0887,0.0885,0.0886,14072.84
2026-08-30 22:55:00,0.0886,0.0889,0.0886,0.0888,13847.59
2026-08-30 23:00:00,0.0888,0.0889,0.0885,0.0885,95212.56
2026-08-30 23:05:00,0.0885,0.0885,0.0882,0.0884,49951.6
2026-08-30 23:10:00,0.0884,0.0886,0.0884,0.0885,20613.94
2026-08-30 23:15:00,0.0884,0.0887,0.0872,0.0881,815503.7
2026-08-30 23:20:00,0.0881,0.0881,0.0866,0.0872,673860.03
2026-08-30 23:25:00,0.0872,0.0874,0.0858,0.0863,1028917.69
2026-08-30 23:30:00,0.0863,0.0869,0.0861,0.0866,588046.08
2026-08-30 23:35:00,0.0866,0.0866,0.0858,0.0859,529414.06
2026-08-30 23:40:00,0.0858,0.0862,0.0857,0.0861,348022.07
2026-08-30 23:45:00,0.0861,0.0861,0.0848,0.0858,973095.13
2026-08-30 23:50:00,0.0858,0.0862,0.0857,0.086,109966.44
2026-08-30 23:55:00,0.0861,0.0866,0.0861,0.0865,98258.27
2026-08-31 00:00:00,0.0864,0.0868,0.0862,0.0868,142876.57
2026-08-31 00:05:00,0.0869,0.087,0.0865,0.0866,242866.31
2026-08-31 00:10:00,0.0867,0.087,0.0867,0.087,74723.0
2026-08-31 00:15:00,0.087,0.0875,0.087,0.0873,235086.99
2026-08-31 00:20:00,0.0874,0.0875,0.0874,0.0875,116040.5
2026-08-31 00:25:00,0.0875,0.0877,0.0874,0.0876,60980.2
2026-08-31 00:30:00,0.0876,0.0878,0.0876,0.0878,29388.77
2026-08-31 00:35:00,0.0877,0.0882,0.0877,0.0878,182281.99
2026-08-31 00:40:00,0.0879,0.0879,0.0878,0.0878,62919.91
2026-08-31 00:45:00,0.0878,0.0878,0.0876,0.0876,87676.61
2026-08-31 00:50:00,0.0877,0.0878,0.0877,0.0878,35591.37
2026-08-31 00:55:00,0.0877,0.0877,0.0876,0.0876,3998.6
2026-08-31 01:00:00,0.0877,0.0878,0.0872,0.0872,76509.13
2026-08-31 01:05:00,0.0873,0.0873,0.087,0.0872,38171.14
2026-08-31 01:10:00,0.0872,0.0874,0.087,0.0872,91245.84
2026-08-31 01:15:00,0.0872,0.0873,0.087,0.0873,20188.11
2026-08-31 01:20:00,0.0873,0.0873,0.0871,0.0872,18612.48
2026-08-31 01:25:00,0.0871,0.0872,0.087,0.0871,21720.99
2026-08-31 01:30:00,0.087,0.0871,0.0868,0.0868,93736.9
2026-08-31 01:35:00,0.0869,0.0874,0.0868,0.0871,91165.82
2026-08-31 01:40:00,0.0871,0.0871,0.0868,0.0869,25834.25
2026-08-31 01:45:00,0.0869,0.087,0.0867,0.0868,66940.44
2026-08-31 01:50:00,0.0868,0.0869,0.0866,0.0866,62978.22
2026-08-31 01:55:00,0.0866,0.0867,0.0865,0.0865,32304.06
2026-08-31 02:00:00,0.0864,0.087,0.0864,0.087,28564.75
2026-08-31 02:05:00,0.087,0.0873,0.087,0.0872,58842.67
2026-08-31 02:10:00,0.0873,0.0876,0.0873,0.0875,86737.06
2026-08-31 02:15:00,0.0875,0.0875,0.0866,0.0866,358792.5
2026-08-31 02:20:00,0.0867,0.087,0.0867,0.0869,49707.55
2026-08-31 02:25:00,0.0869,0.087,0.0869,0.0869,21864.01
2026-08-31 02:30:00,0.0869,0.0869,0.0868,0.0869,21228.63
2026-08-31 02:35:00,0.0868,0.0868,0.0867,0.0867,67064.99
2026-08-31 02:40:00,0.0867,0.0867,0.0863,0.0863,128181.17
2026-08-31 02:45:00,0.0863,0.0865,0.0863,0.0864,165086.89
2026-08-31 02:50:00,0.0863,0.0863,0.086,0.086,39473.58
2026-08-31 02:55:00,0.086,0.0862,0.086,0.0862,37067.58
2026-08-31 03:00:00,0.0862,0.0863,0.0861,0.0863,10439.67
2026-08-31 03:05:00,0.0862,0.0865,0.0862,0.0865,24559.36
2026-08-31 03:10:00,0.0865,0.0867,0.0865,0.0865,57000.5
2026-08-31 03:15:00,0.0867,0.0867,0.0865,0.0865,82054.05
2026-08-31 03:20:00,0.0865,0.0867,0.0865,0.0866,58719.6
2026-08-31 03:25:00,0.0867,0.0867,0.0866,0.0867,5141.4
2026-08-31 03:30:00,0.0866,0.0866,0.0865,0.0865,27967.71
2026-08-31 03:35:00,0.0866,0.0868,0.0866,0.0868,10003.88
2026-08-31 03:40:00,0.0867,0.0869,0.0867,0.0868,18868.51
2026-08-31 03:45:00,0.0869,0.0871,0.0869,0.087,49737.29
2026-08-31 03:50:00,0.0871,0.0871,0.0869,0.087,50193.59
2026-08-31 03:55:00,0.087,0.087,0.0868,0.0869,24290.33
2026-08-31 04:00:00,0.0869,0.0869,0.0866,0.0866,67328.98
2026-08-31 04:05:00,0.0866,0.0869,0.0865,0.0867,48468.03
2026-08-31 04:10:00,0.0867,0.0869,0.0867,0.0867,21834.63
2026-08-31 04:15:00,0.0866,0.0866,0.0865,0.0866,23172.38
2026-08-31 04:20:00,0.0865,0.0865,0.0863,0.0863,20312.62
2026-08-31 04:25:00,0.0863,0.0865,0.0863,0.0865,16669.88
2026-08-31 04:30:00,0.0864,0.0865,0.0864,0.0864,49854.63
2026-08-31 04:35:00,0.0864,0.0866,0.0864,0.0866,33530.41
2026-08-31 04:40:00,0.0867,0.0867,0.0865,0.0866,64541.66
2026-08-31 04:45:00,0.0866,0.0866,0.0865,0.0865,18441.99
2026-08-31 04:50:00,0.0865,0.0868,0.0865,0.0868,24744.06
2026-08-31 04:55:00,0.0868,0.0868,0.0866,0.0866,60325.58
2026-08-31 05:00:00,0.0865,0.0867,0.0865,0.0867,20888.84
2026-08-31 05:05:00,0.0868,0.0868,0.0868,0.0868,68057.08
2026-08-31 05:10:00,0.0868,0.087,0.0868,0.087,21832.59
2026-08-31 05:15:00,0.0869,0.0873,0.0869,0.0873,61513.89
2026-08-31 05:20:00,0.0873,0.0874,0.0865,0.0874,642620.72
2026-08-31 05:25:00,0.0874,0.0876,0.0873,0.0874,49825.52
2026-08-31 05:30:00,0.0874,0.0875,0.0874,0.0874,16714.27
2026-08-31 05:35:00,0.0873,0.0874,0.0873,0.0873,73057.29
2026-08-31 05:40:00,0.0874,0.0875,0.0874,0.0874,23370.12
2026-08-31 05:45:00,0.0874,0.0876,0.0874,0.0876,4844.07
2026-08-31 05:50:00,0.0876,0.0876,0.0875,0.0876,11490.44
2026-08-31 05:55:00,0.0875,0.0875,0.0874,0.0874,32441.5
2026-08-31 06:00:00,0.0873,0.0874,0.0873,0.0874,37472.53
2026-08-31 06:05:00,0.0873,0.0873,0.0872,0.0872,95940.99
2026-08-31 06:10:00,0.0873,0.0874,0.0872,0.0873,25715.38
2026-08-31 06:15:00,0.0874,0.0876,0.0874,0.0875,221686.89
2026-08-31 06:20:00,0.0875,0.0875,0.0872,0.0872,5519.49
2026-08-31 06:25:00,0.0873,0.0875,0.0873,0.0875,45667.8
2026-08-31 06:30:00,0.0876,0.0876,0.0874,0.0874,54068.31
2026-08-31 06:35:00,0.0873,0.0875,0.0873,0.0874,74689.73
2026-08-31 06:40:00,0.0874,0.0874,0.0873,0.0873,6980.49
2026-08-31 06:45:00,0.0872,0.0875,0.0872,0.0874,128819.95
2026-08-31 06:50:00,0.0874,0.0874,0.0873,0.0874,9949.6
2026-08-31 06:55:00,0.0873,0.0874,0.0873,0.0874,16740.39
2026-08-31 07:00:00,0.0873,0.0874,0.0873,0.0873,128806.32
2026-08-31 07:05:00,0.0873,0.0873,0.0873,0.0873,62415.52
2026-08-31 07:10:00,0.0873,0.0874,0.0873,0.0874,18141.6
2026-08-31 07:15:00,0.0874,0.0875,0.0874,0.0875,2187.18
2026-08-31 07:20:00,0.0875,0.0876,0.0875,0.0876,192721.27
2026-08-31 07:25:00,0.0877,0.0877,0.0876,0.0876,95619.55
2026-08-31 07:30:00,0.0877,0.0877,0.0875,0.0875,53909.94
2026-08-31 07:35:00,0.0876,0.0877,0.0876,0.0876,34046.9
2026-08-31 07:40:00,0.0876,0.0876,0.0875,0.0876,48569.98
2026-08-31 07:45:00,0.0875,0.0875,0.0875,0.0875,18292.52
2026-08-31 07:50:00,0.0874,0.0878,0.0874,0.0876,407430.54
2026-08-31 07:55:00,0.0877,0.0877,0.0876,0.0876,12663.05
2026-08-31 08:00:00,0.0876,0.0879,0.0876,0.0877,77709.91
2026-08-31 08:05:00,0.0876,0.0876,0.0874,0.0876,70910.55
2026-08-31 08:10:00,0.0877,0.0879,0.0877,0.0877,35064.36
2026-08-31 08:15:00,0.0877,0.0877,0.0874,0.0874,57059.82
2026-08-31 08:20:00,0.0874,0.0875,0.0873,0.0875,51887.78
2026-08-31 08:25:00,0.0874,0.0876,0.0874,0.0876,10641.36
2026-08-31 08:30:00,0.0877,0.0877,0.0877,0.0877,74218.83
2026-08-31 08:35:00,0.0877,0.0878,0.0875,0.0876,27226.11
2026-08-31 08:40:00,0.0876,0.088,0.0875,0.0878,82955.66
2026-08-31 08:45:00,0.0879,0.0879,0.0873,0.0877,140609.57
2026-08-31 08:50:00,0.0877,0.0877,0.0877,0.0877,12534.58
2026-08-31 08:55:00,0.0876,0.0876,0.0874,0.0875,16338.56
2026-08-31 09:00:00,0.0874,0.0875,0.0873,0.0873,33745.82
2026-08-31 09:05:00,0.0873,0.0878,0.0873,0.0878,42969.18
2026-08-31 09:10:00,0.0877,0.0877,0.0874,0.0874,17807.68
2026-08-31 09:15:00,0.0874,0.0875,0.0873,0.0874,46168.38
2026-08-31 09:20:00,0.0873,0.0876,0.0873,0.0876,72216.73
2026-08-31 09:25:00,0.0876,0.0876,0.0874,0.0875,30180.82
2026-08-31 09:30:00,0.0875,0.0876,0.0875,0.0875,28638.37
2026-08-31 09:35:00,0.0875,0.0875,0.0874,0.0874,159786.91
2026-08-31 09:40:00,0.0874,0.0875,0.0874,0.0874,29212.68
2026-08-31 09:45:00,0.0874,0.0876,0.0874,0.0875,10099.23
2026-08-31 09:50:00,0.0874,0.0874,0.0872,0.0872,80507.56
2026-08-31 09:55:00,0.0872,0.0873,0.0869,0.087,932323.8
2026-08-31 10:00:00,0.087,0.087,0.0869,0.0869,86470.83
2026-08-31 10:05:00,0.0869,0.087,0.0869,0.0869,7531.49
2026-08-31 10:10:00,0.0868,0.0873,0.0868,0.0873,20282.03
2026-08-31 10:15:00,0.0872,0.0872,0.0869,0.0869,43830.08
2026-08-31 10:20:00,0.0868,0.0868,0.0866,0.0867,49729.56
2026-08-31 10:25:00,0.0868,0.087,0.0868,0.0869,66314.23
2026-08-31 10:30:00,0.0869,0.087,0.0868,0.0869,20693.87
2026-08-31 10:35:00,0.0869,0.087,0.0869,0.087,10907.81
2026-08-31 10:40:00,0.087,0.087,0.0869,0.087,17954.62
2026-08-31 10:45:00,0.087,0.0872,0.087,0.0871,45270.15
2026-08-31 10:50:00,0.0871,0.0872,0.0871,0.0871,118708.31
2026-08-31 10:55:00,0.0871,0.0871,0.0869,0.0871,193618.29
2026-08-31 11:00:00,0.087,0.087,0.0869,0.087,13794.71
2026-08-31 11:05:00,0.087,0.087,0.0869,0.0869,37018.65
2026-08-31 11:10:00,0.087,0.0871,0.0869,0.087,76706.99
2026-08-31 11:15:00,0.087,0.0871,0.0869,0.0871,72698.95
2026-08-31 11:20:00,0.0872,0.0872,0.087,0.087,26326.73
2026-08-31 11:25:00,0.087,0.087,0.087,0.087,21008.87
2026-08-31 11:30:00,0.0869,0.0871,0.0868,0.0868,144672.46
2026-08-31 11:35:00,0.0868,0.0868,0.0868,0.0868,22765.61
2026-08-31 11:40:00,0.0869,0.0869,0.0868,0.0869,16845.21
2026-08-31 11:45:00,0.0869,0.0869,0.0867,0.0868,233605.31
2026-08-31 11:50:00,0.0869,0.0869,0.0867,0.0868,14823.83
2026-08-31 11:55:00,0.0869,0.087,0.0868,0.0869,52640.16
2026-08-31 12:00:00,0.087,0.0873,0.0869,0.0873,73238.3
2026-08-31 12:05:00,0.0873,0.0874,0.087,0.0872,231626.74
2026-08-31 12:10:00,0.0872,0.0873,0.0871,0.0871,19431.38
2026-08-31 12:15:00,0.0871,0.0872,0.087,0.0872,279757.61
2026-08-31 12:20:00,0.0872,0.0873,0.0868,0.0868,23513.82
2026-08-31 12:25:00,0.0868,0.0869,0.0866,0.0868,248613.21
2026-08-31 12:30:00,0.0868,0.0868,0.0865,0.0867,400473.43
2026-08-31 12:35:00,0.0867,0.0867,0.0865,0.0865,272580.51
2026-08-31 12:40:00,0.0865,0.0869,0.0863,0.0869,666170.62
2026-08-31 12:45:00,0.0869,0.0869,0.0867,0.0868,216170.28
2026-08-31 12:50:00,0.0868,0.0869,0.0868,0.0868,128465.12
2026-08-31 12:55:00,0.0867,0.0869,0.0867,0.0869,48587.75
2026-08-31 13:00:00,0.0869,0.0871,0.0867,0.0868,32492.34
2026-08-31 13:05:00,0.0868,0.0869,0.0868,0.0869,9115.92
2026-08-31 13:10:00,0.0868,0.0868,0.0867,0.0868,72330.89
2026-08-31 13:15:00,0.0869,0.0869,0.0867,0.0867,13382.85
2026-08-31 13:20:00,0.0868,0.0869,0.0867,0.0869,18416.48
2026-08-31 13:25:00,0.0869,0.0872,0.0868,0.0872,17870.27
2026-08-31 13:30:00,0.0871,0.0875,0.0869,0.0869,65538.53
2026-08-31 13:35:00,0.0869,0.087,0.0868,0.087,60483.28
2026-08-31 13:40:00,0.087,0.0871,0.0868,0.0868,42025.5
2026-08-31 13:45:00,0.0868,0.0869,0.0865,0.0866,179762.73
2026-08-31 13:50:00,0.0866,0.0866,0.0862,0.0864,180676.54
2026-08-31 13:55:00,0.0864,0.0867,0.0864,0.0864,40648.59
2026-08-31 14:00:00,0.0864,0.0866,0.0864,0.0865,110086.67
2026-08-31 14:05:00,0.0865,0.0866,0.0863,0.0865,18118.87
2026-08-31 14:10:00,0.0865,0.0865,0.0862,0.0863,132894.71
2026-08-31 14:15:00,0.0862,0.0865,0.0861,0.0864,207042.66
2026-08-31 14:20:00,0.0864,0.0865,0.0861,0.0861,136393.14
2026-08-31 14:25:00,0.0862,0.0865,0.0862,0.0865,64602.25
2026-08-31 14:30:00,0.0865,0.0868,0.0864,0.0864,41185.98
2026-08-31 14:35:00,0.0864,0.0867,0.0864,0.0867,326598.32
2026-08-31 14:40:00,0.0867,0.0874,0.0867,0.0872,406144.98
2026-08-31 14:45:00,0.0872,0.0873,0.0871,0.0871,22041.56
2026-08-31 14:50:00,0.0871,0.0872,0.087,0.0871,19962.73
2026-08-31 14:55:00,0.087,0.0873,0.087,0.0873,53381.92
2026-08-31 15:00:00,0.0873,0.0873,0.087,0.087,127822.4
2026-08-31 15:05:00,0.087,0.0871,0.087,0.0871,26900.05
2026-08-31 15:10:00,0.0871,0.0871,0.0868,0.0868,31606.63
2026-08-31 15:15:00,0.0868,0.087,0.0865,0.0866,60631.39
2026-08-31 15:20:00,0.0866,0.0869,0.0866,0.0868,24142.39
2026-08-31 15:25:00,0.0869,0.087,0.0868,0.0868,40255.36
2026-08-31 15:30:00,0.0868,0.0869,0.0867,0.0867,73395.29
2026-08-31 15:35:00,0.0867,0.0867,0.0866,0.0866,16738.3
2026-08-31 15:40:00,0.0866,0.087,0.0866,0.087,76447.8
2026-08-31 15:45:00,0.087,0.087,0.0867,0.0867,26984.31
2026-08-31 15:50:00,0.0867,0.0868,0.0866,0.0867,59513.68
2026-08-31 15:55:00,0.0866,0.0866,0.0863,0.0865,222710.9
2026-08-31 16:00:00,0.0864,0.0866,0.0862,0.0864,320159.14
2026-08-31 16:05:00,0.0863,0.0866,0.0861,0.0862,163703.15
2026-08-31 16:10:00,0.0862,0.0865,0.0862,0.0863,117253.36
2026-08-31 16:15:00,0.0864,0.0866,0.0862,0.0866,28593.94
2026-08-31 16:20:00,0.0865,0.0865,0.0864,0.0864,40470.2
2026-08-31 16:25:00,0.0863,0.0864,0.0862,0.0864,53070.81
2026-08-31 16:30:00,0.0864,0.0866,0.0864,0.0865,127675.45
2026-08-31 16:35:00,0.0866,0.0867,0.0866,0.0866,23455.49
2026-08-31 16:40:00,0.0865,0.0869,0.0865,0.0869,126881.37
2026-08-31 16:45:00,0.0869,0.087,0.0868,0.087,35913.6
2026-08-31 16:50:00,0.087,0.0871,0.087,0.0871,21116.24
2026-08-31 16:55:00,0.0871,0.0873,0.087,0.087,91476.82
2026-08-31 17:00:00,0.087,0.087,0.0869,0.087,68437.64
2026-08-31 17:05:00,0.087,0.0871,0.087,0.0871,21125.98
2026-08-31 17:10:00,0.0871,0.0874,0.0871,0.0873,60372.32
2026-08-31 17:15:00,0.0874,0.0874,0.087,0.0871,72052.76
2026-08-31 17:20:00,0.0872,0.0874,0.0871,0.0872,253028.6
2026-08-31 17:25:00,0.0871,0.0871,0.0868,0.0869,84023.33
2026-08-31 17:30:00,0.087,0.0871,0.0869,0.0871,46555.21
2026-08-31 17:35:00,0.0871,0.0875,0.087,0.0875,42504.85
2026-08-31 17:40:00,0.0875,0.0878,0.0875,0.0877,157717.79
2026-08-31 17:45:00,0.0877,0.0883,0.0877,0.0882,254208.43
2026-08-31 17:50:00,0.0882,0.0891,0.0882,0.0891,691637.98
2026-08-31 17:55:00,0.089,0.0893,0.0886,0.0887,488281.58
2026-08-31 18:00:00,0.0887,0.089,0.0884,0.0886,262852.28
2026-08-31 18:05:00,0.0886,0.0887,0.0884,0.0885,112894.72
2026-08-31 18:10:00,0.0884,0.0887,0.0884,0.0887,90515.94
2026-08-31 18:15:00,0.0886,0.0889,0.0885,0.0889,245633.27
2026-08-31 18:20:00,0.0889,0.0893,0.0887,0.0889,381786.42
2026-08-31 18:25:00,0.0889,0.0895,0.0888,0.0891,299347.54
2026-08-31 18:30:00,0.0891,0.0894,0.089,0.089,315972.79
2026-08-31 18:35:00,0.0889,0.0895,0.0889,0.0889,336917.18
2026-08-31 18:40:00,0.0888,0.0889,0.0885,0.0887,556488.61
2026-08-31 18:45:00,0.0887,0.0887,0.0885,0.0885,89419.5
2026-08-31 18:50:00,0.0885,0.0885,0.0882,0.0883,214432.42
2026-08-31 18:55:00,0.0882,0.0885,0.0882,0.0884,94850.22
2026-08-31 19:00:00,0.0884,0.0887,0.0884,0.0886,189334.67
2026-08-31 19:05:00,0.0885,0.0885,0.0883,0.0885,74875.56
2026-08-31 19:10:00,0.0884,0.0885,0.0883,0.0883,62010.47
2026-08-31 19:15:00,0.0883,0.0883,0.0881,0.0881,99985.25
2026-08-31 19:20:00,0.0881,0.0885,0.0881,0.0885,148051.11
2026-08-31 19:25:00,0.0885,0.0885,0.0883,0.0883,67105.15
2026-08-31 19:30:00,0.0883,0.0883,0.0882,0.0883,18455.71
2026-08-31 19:35:00,0.0883,0.0883,0.0881,0.0883,42584.9
2026-08-31 19:40:00,0.0882,0.0883,0.0882,0.0883,93584.13
2026-08-31 19:45:00,0.0883,0.0885,0.0883,0.0885,68803.25
2026-08-31 19:50:00,0.0886,0.0888,0.0885,0.0888,175722.94
2026-08-31 19:55:00,0.0889,0.089,0.0888,0.0889,98624.97
2026-08-31 20:00:00,0.0889,0.0897,0.0888,0.0895,641681.0
2026-08-31 20:05:00,0.0895,0.0899,0.0891,0.0891,1108489.51
2026-08-31 20:10:00,0.0891,0.0896,0.089,0.0896,229060.64
2026-08-31 20:15:00,0.0896,0.0897,0.0894,0.0896,150300.5
2026-08-31 20:20:00,0.0896,0.09,0.0893,0.0893,257875.85
2026-08-31 20:25:00,0.0892,0.0895,0.0891,0.0895,207267.7
2026-08-31 20:30:00,0.0895,0.0898,0.0895,0.0896,312026.22
2026-08-31 20:35:00,0.0895,0.0897,0.0894,0.0895,214865.94
2026-08-31 20:40:00,0.0896,0.0904,0.0896,0.0904,766908.57
2026-08-31 20:45:00,0.0905,0.0913,0.0904,0.0912,750377.6
2026-08-31 20:50:00,0.0913,0.0915,0.0901,0.0901,785149.52
2026-08-31 20:55:00,0.0901,0.0903,0.0897,0.0901,272222.87
2026-08-31 21:00:00,0.0901,0.0902,0.0898,0.0899,184060.9
2026-08-31 21:05:00,0.0899,0.09,0.0895,0.0897,252274.84
2026-08-31 21:10:00,0.0896,0.0897,0.0893,0.0894,192535.14
2026-08-31 21:15:00,0.0894,0.0896,0.0892,0.0892,267298.04
2026-08-31 21:20:00,0.0891,0.0896,0.0891,0.0896,96117.21
2026-08-31 21:25:00,0.0896,0.0896,0.0894,0.0895,183331.18
2026-08-31 21:30:00,0.0896,0.0898,0.0896,0.0896,85922.73
2026-08-31 21:35:00,0.0896,0.0897,0.0895,0.0896,34896.44
2026-08-31 21:40:00,0.0897,0.0904,0.0897,0.0904,383860.5
2026-08-31 21:45:00,0.0904,0.0925,0.0904,0.0918,2666160.21
2026-08-31 21:50:00,0.0919,0.0925,0.0913,0.0915,1605636.47
2026-08-31 21:55:00,0.0916,0.0917,0.0912,0.0915,598103.7
2026-08-31 22:00:00,0.0915,0.0919,0.091,0.0912,1734937.44
2026-08-31 22:05:00,0.0912,0.0919,0.0911,0.0916,759705.19
2026-08-31 22:10:00,0.0916,0.0917,0.0911,0.0912,284339.34
2026-08-31 22:15:00,0.0912,0.0914,0.0906,0.0911,388100.91
2026-08-31 22:20:00,0.091,0.091,0.0907,0.0909,366178.46
2026-08-31 22:25:00,0.0908,0.091,0.0908,0.0909,288410.13
2026-08-31 22:30:00,0.0909,0.0915,0.0905,0.0914,532230.16
2026-08-31 22:35:00,0.0914,0.0923,0.0913,0.0915,2671600.44
2026-08-31 22:40:00,0.0915,0.0916,0.0911,0.0915,430823.81
2026-08-31 22:45:00,0.0914,0.0916,0.091,0.0914,375056.62
2026-08-31 22:50:00,0.0914,0.0914,0.091,0.0912,541446.01
2026-08-31 22:55:00,0.0911,0.092,0.0911,0.092,417746.53
2026-08-31 23:00:00,0.092,0.0923,0.0915,0.0916,528225.92
2026-08-31 23:05:00,0.0916,0.0922,0.0915,0.0921,273117.93
2026-08-31 23:10:00,0.092,0.0921,0.0917,0.0919,209333.78
2026-08-31 23:15:00,0.0919,0.0926,0.0919,0.0924,457682.09
2026-08-31 23:20:00,0.0924,0.0928,0.0922,0.0927,742514.73
2026-08-31 23:25:00,0.0928,0.0928,0.0922,0.0925,616809.97
2026-08-31 23:30:00,0.0926,0.0932,0.0925,0.093,708699.32
2026-08-31 23:35:00,0.0931,0.0933,0.0925,0.0928,609684.26
2026-08-31 23:40:00,0.0928,0.0935,0.0927,0.0934,782656.13
2026-08-31 23:45:00,0.0935,0.0935,0.0929,0.0934,1227921.71
2026-08-31 23:50:00,0.0934,0.0937,0.0932,0.0934,706402.49
2026-08-31 23:55:00,0.0935,0.0941,0.0935,0.0936,1078227.51
2026-09-01 00:00:00,0.0936,0.0958,0.0935,0.094,3825594.65
2026-09-01 00:05:00,0.094,0.0945,0.0938,0.0939,603001.97
2026-09-01 00:10:00,0.0938,0.0948,0.0938,0.0946,735725.4
2026-09-01 00:15:00,0.0946,0.0957,0.0942,0.0956,842983.06
2026-09-01 00:20:00,0.0957,0.0961,0.0955,0.0959,1446339.06
2026-09-01 00:25:00,0.0959,0.096,0.0949,0.095,949308.86
2026-09-01 00:30:00,0.0951,0.0955,0.0947,0.0954,611199.47
2026-09-01 00:35:00,0.0953,0.0972,0.0952,0.0971,2103504.3
2026-09-01 00:40:00,0.097,0.0974,0.0961,0.0962,1987330.56
2026-09-01 00:45:00,0.0963,0.0975,0.0961,0.0974,1238904.81
2026-09-01 00:50:00,0.0973,0.0982,0.0969,0.0976,1946898.38
2026-09-01 00:55:00,0.0975,0.0976,0.0969,0.0974,1288673.72
2026-09-01 01:00:00,0.0974,0.0981,0.0969,0.0979,1064675.32
2026-09-01 01:05:00,0.0978,0.098,0.0973,0.0975,589361.71
2026-09-01 01:10:00,0.0975,0.0982,0.0964,0.0971,2066242.06
2026-09-01 01:15:00,0.0972,0.0975,0.0958,0.0967,1016616.38
2026-09-01 01:20:00,0.0968,0.0968,0.096,0.0964,818393.89
2026-09-01 01:25:00,0.0963,0.0965,0.0953,0.0965,1369581.63
2026-09-01 01:30:00,0.0965,0.0965,0.0956,0.096,955297.9
2026-09-01 01:35:00,0.0959,0.0963,0.0957,0.0961,949031.33
2026-09-01 01:40:00,0.0961,0.0977,0.0958,0.0976,1485075.82
2026-09-01 01:45:00,0.0976,0.0979,0.0965,0.0967,684099.82
2026-09-01 01:50:00,0.0967,0.0976,0.0967,0.0968,798987.75
2026-09-01 01:55:00,0.0967,0.0967,0.0956,0.0958,934297.95
2026-09-01 02:00:00,0.0958,0.0958,0.0944,0.0946,2104121.8
2026-09-01 02:05:00,0.0946,0.0948,0.0937,0.0939,2169486.34
2026-09-01 02:10:00,0.094,0.0946,0.0939,0.0946,751947.32
2026-09-01 02:15:00,0.0946,0.0947,0.0942,0.0944,451158.05
2026-09-01 02:20:00,0.0943,0.0949,0.0941,0.0949,533699.45
2026-09-01 02:25:00,0.0949,0.0966,0.0949,0.0959,2347959.48
2026-09-01 02:30:00,0.0959,0.0961,0.0947,0.0947,784887.82
2026-09-01 02:35:00,0.0948,0.0953,0.0938,0.0939,2528350.23
2026-09-01 02:40:00,0.0939,0.0944,0.0938,0.0939,903211.49
2026-09-01 02:45:00,0.094,0.0948,0.0939,0.0945,500119.65
2026-09-01 02:50:00,0.0945,0.0946,0.0941,0.0942,300794.29
2026-09-01 02:55:00,0.0943,0.0947,0.094,0.0942,477965.89
2026-09-01 03:00:00,0.0941,0.0946,0.0941,0.0943,262352.99
2026-09-01 03:05:00,0.0943,0.0947,0.0942,0.0943,443757.83
2026-09-01 03:10:00,0.0943,0.0947,0.0941,0.0946,292192.15
2026-09-01 03:15:00,0.0946,0.0954,0.0946,0.0951,460220.3
2026-09-01 03:20:00,0.0953,0.0953,0.0944,0.0945,248752.69
2026-09-01 03:25:00,0.0945,0.0951,0.0945,0.0951,371650.71
2026-09-01 03:30:00,0.0951,0.0951,0.0944,0.0946,481710.51
2026-09-01 03:35:00,0.0947,0.0952,0.0947,0.0948,184693.02
2026-09-01 03:40:00,0.0948,0.0949,0.0939,0.0943,3126739.53
2026-09-01 03:45:00,0.0943,0.0943,0.0937,0.094,774400.08
2026-09-01 03:50:00,0.094,0.0946,0.094,0.0946,378572.01
2026-09-01 03:55:00,0.0947,0.0947,0.0942,0.0945,591731.26
2026-09-01 04:00:00,0.0944,0.0948,0.0943,0.0946,766377.01
2026-09-01 04:05:00,0.0946,0.0947,0.0943,0.0945,303020.25
2026-09-01 04:10:00,0.0945,0.0954,0.0944,0.0953,1156851.66
2026-09-01 04:15:00,0.0953,0.097,0.0953,0.0966,3087788.13
2026-09-01 04:20:00,0.0966,0.0978,0.0966,0.0969,1636728.43
2026-09-01 04:25:00,0.0969,0.097,0.0965,0.0966,261048.67
2026-09-01 04:30:00,0.0968,0.0981,0.0968,0.097,1383696.48
2026-09-01 04:35:00,0.097,0.0974,0.0968,0.0969,556503.48
2026-09-01 04:40:00,0.0969,0.0978,0.0969,0.0978,468231.27
2026-09-01 04:45:00,0.0978,0.0979,0.0967,0.0969,1023656.24
2026-09-01 04:50:00,0.0968,0.0971,0.0965,0.0968,423137.42
2026-09-01 04:55:00,0.0967,0.0969,0.0961,0.0963,738291.78
2026-09-01 05:00:00,0.0964,0.0964,0.0957,0.0961,756481.98
2026-09-01 05:05:00,0.0962,0.0963,0.0958,0.0958,485509.07
2026-09-01 05:10:00,0.0957,0.0961,0.0956,0.0957,302519.13
2026-09-01 05:15:00,0.0957,0.0962,0.0956,0.0962,252420.95
2026-09-01 05:20:00,0.0962,0.0962,0.0959,0.0959,209843.24
2026-09-01 05:25:00,0.0958,0.0965,0.0958,0.0963,312468.35
2026-09-01 05:30:00,0.0963,0.0964,0.096,0.096,300832.58
2026-09-01 05:35:00,0.0959,0.0961,0.0958,0.096,342074.67
2026-09-01 05:40:00,0.0959,0.0963,0.0958,0.0961,462936.68
2026-09-01 05:45:00,0.0962,0.0968,0.0961,0.0963,197505.5
2026-09-01 05:50:00,0.0962,0.0963,0.0958,0.0963,427473.06
2026-09-01 05:55:00,0.0963,0.0964,0.0958,0.0958,172894.35
2026-09-01 06:00:00,0.0958,0.0961,0.0956,0.0958,286413.14
2026-09-01 06:05:00,0.0958,0.0962,0.0958,0.096,111056.39
2026-09-01 06:10:00,0.0961,0.0966,0.096,0.0963,475353.68
2026-09-01 06:15:00,0.0962,0.0966,0.096,0.096,228343.34
2026-09-01 06:20:00,0.096,0.0962,0.0958,0.0959,275877.32
2026-09-01 06:25:00,0.0958,0.0972,0.0957,0.0972,1767030.08
2026-09-01 06:30:00,0.0973,0.0974,0.0966,0.0966,1216632.23
2026-09-01 06:35:00,0.0966,0.0969,0.0966,0.0967,210781.76
2026-09-01 06:40:00,0.0966,0.0968,0.0964,0.0966,197114.73
2026-09-01 06:45:00,0.0966,0.0967,0.0964,0.0967,122734.82
2026-09-01 06:50:00,0.0967,0.0967,0.0964,0.0966,103332.75
2026-09-01 06:55:00,0.0966,0.0969,0.0965,0.0968,459708.75
2026-09-01 07:00:00,0.0968,0.0969,0.0961,0.0962,205954.73
2026-09-01 07:05:00,0.0962,0.0965,0.096,0.0964,277500.66
2026-09-01 07:10:00,0.0964,0.0964,0.0961,0.0963,110889.75
2026-09-01 07:15:00,0.0964,0.0969,0.0964,0.0968,136850.33
2026-09-01 07:20:00,0.0968,0.0974,0.0968,0.0969,519416.64
2026-09-01 07:25:00,0.097,0.0971,0.0966,0.0966,285042.8
2026-09-01 07:30:00,0.0967,0.0969,0.0966,0.0967,160290.37
2026-09-01 07:35:00,0.0967,0.0968,0.0964,0.0966,175890.44
2026-09-01 07:40:00,0.0966,0.0969,0.0965,0.0967,166710.45
2026-09-01 07:45:00,0.0967,0.0971,0.0965,0.097,187505.97
2026-09-01 07:50:00,0.0971,0.0972,0.0967,0.0969,667107.23
2026-09-01 07:55:00,0.097,0.097,0.0967,0.0968,161304.47
2026-09-01 08:00:00,0.0968,0.0971,0.0964,0.0965,266614.91
2026-09-01 08:05:00,0.0966,0.097,0.0942,0.0951,4178836.39
2026-09-01 08:10:00,0.0952,0.0955,0.095,0.0954,445587.73
2026-09-01 08:15:00,0.0954,0.0955,0.0948,0.095,684963.77
2026-09-01 08:20:00,0.095,0.0953,0.0947,0.0947,358156.28
2026-09-01 08:25:00,0.0947,0.0949,0.0944,0.0945,737445.61
2026-09-01 08:30:00,0.0946,0.095,0.0942,0.095,696562.88
2026-09-01 08:35:00,0.0949,0.0954,0.0948,0.0953,600702.59
2026-09-01 08:40:00,0.0953,0.0953,0.0945,0.095,594392.06
2026-09-01 08:45:00,0.0951,0.096,0.0951,0.0957,410568.97
2026-09-01 08:50:00,0.0957,0.0959,0.0953,0.0958,828997.94
2026-09-01 08:55:00,0.0958,0.0961,0.0956,0.0958,353581.92
2026-09-01 09:00:00,0.0958,0.096,0.0945,0.0948,704414.82
2026-09-01 09:05:00,0.0948,0.0952,0.0945,0.0951,618031.93
2026-09-01 09:10:00,0.095,0.0952,0.0948,0.0949,615825.09
2026-09-01 09:15:00,0.0949,0.0953,0.0947,0.0947,309825.57
2026-09-01 09:20:00,0.0947,0.0955,0.0946,0.0954,391426.16
2026-09-01 09:25:00,0.0953,0.0953,0.0946,0.0947,793088.93
2026-09-01 09:30:00,0.0948,0.095,0.0946,0.0948,394951.75
2026-09-01 09:35:00,0.0948,0.0949,0.0945,0.0945,448667.99
2026-09-01 09:40:00,0.0945,0.0951,0.0944,0.0951,176034.66
2026-09-01 09:45:00,0.0951,0.0952,0.095,0.0952,327483.48
2026-09-01 09:50:00,0.0952,0.0958,0.0951,0.0957,335704.65
2026-09-01 09:55:00,0.0957,0.096,0.0954,0.0954,431031.96
2026-09-01 10:00:00,0.0954,0.0956,0.0953,0.0954,172030.36
2026-09-01 10:05:00,0.0953,0.0954,0.095,0.0954,368790.4
2026-09-01 10:10:00,0.0954,0.096,0.0952,0.096,362221.85
2026-09-01 10:15:00,0.0959,0.0962,0.0957,0.0961,286272.42
2026-09-01 10:20:00,0.0961,0.0971,0.0961,0.097,494083.48
2026-09-01 10:25:00,0.097,0.0975,0.0969,0.0974,365941.5
2026-09-01 10:30:00,0.0974,0.0985,0.0974,0.0984,796150.63
2026-09-01 10:35:00,0.0984,0.0987,0.0982,0.0986,898100.38
2026-09-01 10:40:00,0.0987,0.0987,0.098,0.098,554217.74
2026-09-01 10:45:00,0.098,0.0989,0.098,0.0987,655760.83
2026-09-01 10:50:00,0.0987,0.0992,0.0983,0.0985,927823.0
2026-09-01 10:55:00,0.0985,0.0987,0.0972,0.0975,981827.52
2026-09-01 11:00:00,0.0976,0.0976,0.0965,0.097,1052850.59
2026-09-01 11:05:00,0.0971,0.0973,0.0969,0.0972,285318.87
2026-09-01 11:10:00,0.0973,0.0978,0.0972,0.0977,285914.34
2026-09-01 11:15:00,0.0977,0.0978,0.0974,0.0974,307221.03
2026-09-01 11:20:00,0.0974,0.0984,0.0974,0.0982,676969.22
2026-09-01 11:25:00,0.0982,0.0983,0.0978,0.0982,206434.35
2026-09-01 11:30:00,0.0982,0.0985,0.0976,0.0983,663908.39
2026-09-01 11:35:00,0.0983,0.0989,0.0982,0.0989,756012.68
2026-09-01 11:40:00,0.0989,0.0993,0.0986,0.0986,750288.26
2026-09-01 11:45:00,0.0986,0.0987,0.0982,0.0984,303083.16
2026-09-01 11:50:00,0.0985,0.0988,0.0985,0.0985,181827.75
2026-09-01 11:55:00,0.0986,0.0986,0.0981,0.0985,277655.14
2026-09-01 12:00:00,0.0985,0.0988,0.0983,0.0985,550278.23
2026-09-01 12:05:00,0.0985,0.099,0.0985,0.0987,382750.41
2026-09-01 12:10:00,0.0987,0.0988,0.0977,0.0977,837347.73
2026-09-01 12:15:00,0.0978,0.0984,0.0974,0.0974,463784.86
2026-09-01 12:20:00,0.0974,0.0976,0.097,0.0976,533058.07
2026-09-01 12:25:00,0.0976,0.0979,0.0976,0.0976,113435.68
2026-09-01 12:30:00,0.0976,0.0984,0.0975,0.0984,597698.03
2026-09-01 12:35:00,0.0983,0.0984,0.097,0.097,967204.74
2026-09-01 12:40:00,0.0971,0.0973,0.0965,0.0973,573260.88
2026-09-01 12:45:00,0.0973,0.0976,0.0972,0.0973,352198.03
2026-09-01 12:50:00,0.0974,0.0974,0.0972,0.0974,268349.14
2026-09-01 12:55:00,0.0973,0.0974,0.0968,0.0972,399812.97
2026-09-01 13:00:00,0.0971,0.0972,0.0965,0.0967,376512.59
2026-09-01 13:05:00,0.0967,0.0973,0.0961,0.097,725700.06
2026-09-01 13:10:00,0.0971,0.0972,0.0967,0.0968,401804.36
2026-09-01 13:15:00,0.0968,0.0975,0.0968,0.0973,354713.86
2026-09-01 13:20:00,0.0974,0.0976,0.0973,0.0974,152260.18
2026-09-01 13:25:00,0.0974,0.098,0.0973,0.0978,405994.87
2026-09-01 13:30:00,0.0978,0.098,0.0976,0.0979,430609.15
2026-09-01 13:35:00,0.098,0.0981,0.0974,0.0976,504544.44
2026-09-01 13:40:00,0.0976,0.0983,0.0972,0.0981,231290.8
2026-09-01 13:45:00,0.0981,0.0984,0.098,0.0984,381978.86
2026-09-01 13:50:00,0.0983,0.0986,0.0982,0.0983,552242.05
2026-09-01 13:55:00,0.0983,0.0985,0.0978,0.0982,393487.06
2026-09-01 14:00:00,0.0984,0.0992,0.0983,0.0991,1782303.39
2026-09-01 14:05:00,0.0992,0.0996,0.0991,0.0993,1054126.74
2026-09-01 14:10:00,0.0993,0.0996,0.099,0.0993,327555.04
2026-09-01 14:15:00,0.0994,0.1,0.0994,0.0999,545422.01
2026-09-01 14:20:00,0.1,0.1006,0.0998,0.1003,1112357.61
2026-09-01 14:25:00,0.1003,0.1005,0.0995,0.0996,1298244.48
2026-09-01 14:30:00,0.0997,0.1012,0.0997,0.101,1361387.84
2026-09-01 14:35:00,0.101,0.1021,0.1009,0.1011,1930891.35
2026-09-01 14:40:00,0.101,0.1013,0.1006,0.1011,535462.47
2026-09-01 14:45:00,0.1011,0.1014,0.1004,0.101,704022.47
2026-09-01 14:50:00,0.101,0.1016,0.1007,0.1008,809542.05
2026-09-01 14:55:00,0.1008,0.1012,0.1005,0.1007,401325.35
2026-09-01 15:00:00,0.1007,0.1007,0.0993,0.0996,1346385.57
2026-09-01 15:05:00,0.0996,0.1,0.0989,0.0989,1371558.05
2026-09-01 15:10:00,0.099,0.0992,0.0983,0.0989,915991.57
2026-09-01 15:15:00,0.0988,0.0992,0.0986,0.0987,543486.68
2026-09-01 15:20:00,0.0987,0.0991,0.0987,0.0988,200972.84
2026-09-01 15:25:00,0.0988,0.0996,0.0988,0.0995,400240.85
2026-09-01 15:30:00,0.0995,0.1001,0.099,0.1,552586.43
2026-09-01 15:35:00,0.1001,0.1011,0.0998,0.1009,607164.85
2026-09-01 15:40:00,0.101,0.1014,0.1006,0.1008,461897.66
2026-09-01 15:45:00,0.1009,0.101,0.1002,0.1003,397804.86
2026-09-01 15:50:00,0.1003,0.1005,0.0997,0.1002,313890.28
2026-09-01 15:55:00,0.1003,0.1004,0.1001,0.1003,244516.7
2026-09-01 16:00:00,0.1003,0.1004,0.0992,0.0995,560836.48
2026-09-01 16:05:00,0.0995,0.0998,0.0995,0.0995,240875.85
2026-09-01 16:10:00,0.0996,0.1003,0.0994,0.1,487590.59
2026-09-01 16:15:00,0.1001,0.1008,0.0998,0.0999,1110636.5
2026-09-01 16:20:00,0.0999,0.1002,0.0994,0.0994,572662.55
2026-09-01 16:25:00,0.0995,0.1004,0.0994,0.0999,1070587.77
2026-09-01 16:30:00,0.0999,0.0999,0.099,0.099,818948.38
2026-09-01 16:35:00,0.099,0.0993,0.0977,0.0991,1058591.72
2026-09-01 16:40:00,0.099,0.0994,0.0987,0.0987,519694.31
2026-09-01 16:45:00,0.0988,0.099,0.0981,0.0983,304364.34
2026-09-01 16:50:00,0.0983,0.0988,0.0983,0.0986,220869.08
2026-09-01 16:55:00,0.0986,0.0988,0.0983,0.0984,295943.47
2026-09-01 17:00:00,0.0985,0.0985,0.098,0.0982,434384.73
2026-09-01 17:05:00,0.0983,0.0983,0.0973,0.0974,1576921.38
2026-09-01 17:10:00,0.0974,0.0979,0.0974,0.0978,211464.62
2026-09-01 17:15:00,0.0977,0.0983,0.0974,0.0983,834291.31
2026-09-01 17:20:00,0.0983,0.0993,0.0983,0.0991,682858.17
2026-09-01 17:25:00,0.0992,0.0996,0.0987,0.0989,566206.97
2026-09-01 17:30:00,0.0988,0.0991,0.0986,0.099,308375.53
2026-09-01 17:35:00,0.0991,0.0997,0.099,0.0991,603025.2
2026-09-01 17:40:00,0.0991,0.0998,0.099,0.0994,686295.36
2026-09-01 17:45:00,0.0994,0.0994,0.0986,0.0991,672952.47
2026-09-01 17:50:00,0.0991,0.0992,0.0986,0.0987,411764.59
2026-09-01 17:55:00,0.0987,0.0989,0.0985,0.0988,460380.85
2026-09-01 18:00:00,0.0989,0.0991,0.0985,0.0986,331429.25
2026-09-01 18:05:00,0.0986,0.0986,0.0968,0.097,1730344.66
2026-09-01 18:10:00,0.0969,0.0971,0.0963,0.0968,1036888.14
2026-09-01 18:15:00,0.0967,0.0969,0.0962,0.0964,490843.62
2026-09-01 18:20:00,0.0964,0.0966,0.095,0.0958,1397845.39
2026-09-01 18:25:00,0.0958,0.0958,0.0949,0.0958,802866.63
2026-09-01 18:30:00,0.0958,0.0961,0.0956,0.0957,283925.7
2026-09-01 18:35:00,0.0956,0.0957,0.0948,0.0952,920417.28
2026-09-01 18:40:00,0.0951,0.0954,0.0951,0.0953,353014.19
2026-09-01 18:45:00,0.0953,0.0961,0.095,0.0961,258844.16
2026-09-01 18:50:00,0.096,0.0966,0.096,0.0964,390100.32
2026-09-01 18:55:00,0.0963,0.0968,0.0963,0.0967,115516.6
2026-09-01 19:00:00,0.0966,0.0968,0.0964,0.0968,237679.4
2026-09-01 19:05:00,0.0968,0.0968,0.0962,0.0964,101914.2
2026-09-01 19:10:00,0.0964,0.0964,0.0959,0.096,143215.38
2026-09-01 19:15:00,0.096,0.0966,0.0959,0.0963,258252.97
2026-09-01 19:20:00,0.0964,0.0969,0.0961,0.0964,430315.68
2026-09-01 19:25:00,0.0965,0.0971,0.0965,0.097,235814.1
2026-09-01 19:30:00,0.0971,0.0971,0.0967,0.0968,120138.14
2026-09-01 19:35:00,0.0969,0.0971,0.0967,0.0967,129603.01
2026-09-01 19:40:00,0.0967,0.097,0.0967,0.0967,90142.87
2026-09-01 19:45:00,0.0968,0.0968,0.0965,0.0967,177704.21
2026-09-01 19:50:00,0.0967,0.097,0.0966,0.0969,200771.64
2026-09-01 19:55:00,0.0969,0.0972,0.0969,0.0969,260173.61
2026-09-01 20:00:00,0.0969,0.0969,0.0959,0.096,282697.23
2026-09-01 20:05:00,0.0961,0.0965,0.0961,0.0962,119020.78
2026-09-01 20:10:00,0.0962,0.0962,0.0959,0.0961,187750.79
2026-09-01 20:15:00,0.0961,0.0962,0.0959,0.0962,366160.17
2026-09-01 20:20:00,0.0962,0.0962,0.0957,0.0957,137414.07
2026-09-01 20:25:00,0.0957,0.0959,0.0956,0.0956,117331.38
2026-09-01 20:30:00,0.0957,0.0958,0.0953,0.0954,435385.44
2026-09-01 20:35:00,0.0953,0.0956,0.0953,0.0955,257541.44
2026-09-01 20:40:00,0.0954,0.0954,0.095,0.0951,243888.29
2026-09-01 20:45:00,0.0951,0.0952,0.0949,0.0949,135939.46
2026-09-01 20:50:00,0.095,0.0951,0.0943,0.095,1104981.33
2026-09-01 20:55:00,0.095,0.0954,0.0949,0.0952,281861.39
2026-09-01 21:00:00,0.0952,0.0955,0.095,0.0953,181069.95
2026-09-01 21:05:00,0.0954,0.0954,0.0948,0.095,272759.04
2026-09-01 21:10:00,0.0949,0.095,0.0946,0.095,163608.1
2026-09-01 21:15:00,0.095,0.095,0.0944,0.0948,439744.05
2026-09-01 21:20:00,0.0948,0.0953,0.0948,0.0953,43356.03
2026-09-01 21:25:00,0.0953,0.0956,0.0953,0.0955,139679.68
2026-09-01 21:30:00,0.0956,0.0956,0.0952,0.0952,108846.64
2026-09-01 21:35:00,0.0952,0.0953,0.0951,0.0953,191139.13
2026-09-01 21:40:00,0.0953,0.0953,0.0952,0.0952,53143.29
2026-09-01 21:45:00,0.0953,0.0957,0.0953,0.0957,217620.77
2026-09-01 21:50:00,0.0957,0.0959,0.0956,0.0959,45561.85
2026-09-01 21:55:00,0.0958,0.096,0.0957,0.0957,96146.62
2026-09-01 22:00:00,0.0957,0.0958,0.0955,0.0957,132947.86
2026-09-01 22:05:00,0.0956,0.0956,0.0955,0.0956,90074.73
2026-09-01 22:10:00,0.0955,0.0955,0.0953,0.0954,34866.54
2026-09-01 22:15:00,0.0954,0.0954,0.0952,0.0952,20639.97
2026-09-01 22:20:00,0.0951,0.0951,0.0949,0.0949,54341.24
2026-09-01 22:25:00,0.0949,0.0949,0.0944,0.0944,151258.81
2026-09-01 22:30:00,0.0944,0.0947,0.0944,0.0945,116756.42
2026-09-01 22:35:00,0.0945,0.0947,0.0944,0.0944,427052.52
2026-09-01 22:40:00,0.0945,0.0945,0.094,0.0941,417839.91
2026-09-01 22:45:00,0.0942,0.0945,0.0941,0.0945,337332.74
2026-09-01 22:50:00,0.0946,0.0946,0.0943,0.0943,27122.5
2026-09-01 22:55:00,0.0943,0.0943,0.0942,0.0942,100842.66
2026-09-01 23:00:00,0.0942,0.0943,0.0942,0.0942,101799.1
2026-09-01 23:05:00,0.0942,0.0946,0.0941,0.0945,148383.35
2026-09-01 23:10:00,0.0945,0.0945,0.0942,0.0943,82474.6
2026-09-01 23:15:00,0.0943,0.0945,0.0943,0.0944,59049.06
2026-09-01 23:20:00,0.0944,0.0944,0.0943,0.0943,43748.91
2026-09-01 23:25:00,0.0944,0.0947,0.0943,0.0947,48273.5
2026-09-01 23:30:00,0.0947,0.0949,0.0946,0.0948,75008.38
2026-09-01 23:35:00,0.0948,0.0951,0.0947,0.095,99625.14
2026-09-01 23:40:00,0.095,0.0951,0.0948,0.0948,305996.95
2026-09-01 23:45:00,0.0949,0.0952,0.0948,0.0952,97479.36
2026-09-01 23:50:00,0.0952,0.0953,0.095,0.0953,258180.7
2026-09-01 23:55:00,0.0954,0.0955,0.0952,0.0952,70884.38
2026-09-02 00:00:00,0.0953,0.0953,0.0948,0.0949,157595.73
2026-09-02 00:05:00,0.0949,0.0953,0.0949,0.0953,58651.15
2026-09-02 00:10:00,0.0953,0.0953,0.0952,0.0953,121327.46
2026-09-02 00:15:00,0.0954,0.0954,0.0951,0.0951,131560.28
2026-09-02 00:20:00,0.0951,0.0953,0.095,0.0953,104978.92
2026-09-02 00:25:00,0.0952,0.0952,0.0947,0.0947,242958.89
2026-09-02 00:30:00,0.0947,0.0953,0.0942,0.0951,1229229.75
2026-09-02 00:35:00,0.0951,0.0952,0.0948,0.0948,219982.47
2026-09-02 00:40:00,0.0947,0.095,0.0945,0.0948,247059.16
2026-09-02 00:45:00,0.0948,0.0949,0.0947,0.0949,87094.98
2026-09-02 00:50:00,0.0949,0.0949,0.0945,0.0945,175347.36
2026-09-02 00:55:00,0.0945,0.0947,0.0944,0.0946,47634.37
2026-09-02 01:00:00,0.0945,0.0948,0.0944,0.0948,304369.11
2026-09-02 01:05:00,0.0948,0.0948,0.0947,0.0948,80037.57
2026-09-02 01:10:00,0.0949,0.0951,0.0948,0.0949,261937.41
2026-09-02 01:15:00,0.0949,0.0952,0.0948,0.0952,182172.09
2026-09-02 01:20:00,0.0952,0.0952,0.0948,0.0951,159299.58
2026-09-02 01:25:00,0.0952,0.0954,0.0948,0.0948,349115.63
2026-09-02 01:30:00,0.0949,0.095,0.0947,0.0949,82352.12
2026-09-02 01:35:00,0.0948,0.0949,0.0944,0.0944,307240.49
2026-09-02 01:40:00,0.0943,0.0943,0.0927,0.0937,1480684.33
2026-09-02 01:45:00,0.0938,0.094,0.0933,0.0934,332651.74
2026-09-02 01:50:00,0.0934,0.0935,0.0931,0.0933,343004.72
2026-09-02 01:55:00,0.0932,0.0935,0.0931,0.0935,259545.5
2026-09-02 02:00:00,0.0935,0.0936,0.0934,0.0934,136225.23
2026-09-02 02:05:00,0.0934,0.0943,0.0934,0.0941,204021.56
2026-09-02 02:10:00,0.094,0.0941,0.0939,0.094,62342.82
2026-09-02 02:15:00,0.094,0.0943,0.094,0.0943,87886.45
2026-09-02 02:20:00,0.0943,0.0946,0.0943,0.0946,109874.92
2026-09-02 02:25:00,0.0947,0.0949,0.0945,0.0946,133146.8
2026-09-02 02:30:00,0.0946,0.0948,0.0945,0.0948,112226.51
2026-09-02 02:35:00,0.0948,0.0949,0.0946,0.0948,186859.82
2026-09-02 02:40:00,0.0949,0.0949,0.0948,0.0949,257793.58
2026-09-02 02:45:00,0.0949,0.095,0.0948,0.0949,37414.66
2026-09-02 02:50:00,0.095,0.0953,0.095,0.0951,475954.9
2026-09-02 02:55:00,0.095,0.0952,0.0949,0.0949,126134.1
2026-09-02 03:00:00,0.0949,0.0955,0.0948,0.0955,523057.92
2026-09-02 03:05:00,0.0955,0.0957,0.0954,0.0955,104755.22
2026-09-02 03:10:00,0.0955,0.096,0.0955,0.0958,253696.34
2026-09-02 03:15:00,0.0958,0.0969,0.0957,0.0967,937653.12
2026-09-02 03:20:00,0.0966,0.0972,0.0966,0.0967,500344.35
2026-09-02 03:25:00,0.0967,0.0969,0.0967,0.0967,131152.04
2026-09-02 03:30:00,0.0967,0.097,0.0966,0.0969,213968.42
2026-09-02 03:35:00,0.0968,0.0969,0.0965,0.0968,272760.35
2026-09-02 03:40:00,0.0968,0.0968,0.0966,0.0967,221852.84
2026-09-02 03:45:00,0.0966,0.0968,0.0963,0.0963,288441.47
2026-09-02 03:50:00,0.0962,0.0962,0.0958,0.0959,486597.62
2026-09-02 03:55:00,0.096,0.096,0.0957,0.096,256153.32
2026-09-02 04:00:00,0.096,0.0965,0.0959,0.0965,429188.8
2026-09-02 04:05:00,0.0965,0.0965,0.0959,0.0959,221742.75
2026-09-02 04:10:00,0.0959,0.0959,0.0956,0.0956,105317.2
2026-09-02 04:15:00,0.0956,0.0957,0.0953,0.0956,106017.79
2026-09-02 04:20:00,0.0957,0.0958,0.0956,0.0956,219023.58
2026-09-02 04:25:00,0.0956,0.0956,0.0954,0.0955,27491.73
2026-09-02 04:30:00,0.0955,0.0958,0.0954,0.0957,217016.44
2026-09-02 04:35:00,0.0957,0.0957,0.0954,0.0956,124321.84
2026-09-02 04:40:00,0.0957,0.0959,0.0956,0.0957,212926.86
2026-09-02 04:45:00,0.0958,0.0965,0.0956,0.0965,192804.15
2026-09-02 04:50:00,0.0966,0.0966,0.0963,0.0963,196285.55
2026-09-02 04:55:00,0.0963,0.0963,0.0961,0.0963,121220.24
2026-09-02 05:00:00,0.0963,0.0963,0.0955,0.0955,358724.07
2026-09-02 05:05:00,0.0956,0.0957,0.0955,0.0957,76869.34
2026-09-02 05:10:00,0.0957,0.0959,0.0954,0.0959,78480.36
2026-09-02 05:15:00,0.0959,0.0968,0.0959,0.0967,244066.97
2026-09-02 05:20:00,0.0968,0.0968,0.0962,0.0966,258279.83
2026-09-02 05:25:00,0.0966,0.097,0.0962,0.0963,327159.77
2026-09-02 05:30:00,0.0963,0.0965,0.0961,0.0961,272983.17
2026-09-02 05:35:00,0.0961,0.0962,0.0959,0.096,128883.08
2026-09-02 05:40:00,0.096,0.0961,0.0959,0.0961,160572.21
2026-09-02 05:45:00,0.0962,0.0964,0.0961,0.0962,31865.66
2026-09-02 05:50:00,0.0962,0.0963,0.0961,0.0962,87402.05
2026-09-02 05:55:00,0.0961,0.0962,0.096,0.0961,206952.95
2026-09-02 06:00:00,0.0961,0.0962,0.0958,0.096,196446.31
2026-09-02 06:05:00,0.096,0.096,0.0956,0.0956,301121.08
2026-09-02 06:10:00,0.0956,0.0957,0.0952,0.0952,307216.3
2026-09-02 06:15:00,0.0952,0.0953,0.0949,0.0949,211145.08
2026-09-02 06:20:00,0.095,0.095,0.0946,0.0948,235341.34
2026-09-02 06:25:00,0.0948,0.0948,0.0944,0.0944,253467.49
2026-09-02 06:30:00,0.0944,0.0945,0.0941,0.0945,262507.67
2026-09-02 06:35:00,0.0945,0.0946,0.0944,0.0945,159992.7
2026-09-02 06:40:00,0.0946,0.095,0.0945,0.0949,211578.33
2026-09-02 06:45:00,0.0948,0.0951,0.0948,0.095,157068.01
2026-09-02 06:50:00,0.0949,0.0951,0.0949,0.095,95812.2
2026-09-02 06:55:00,0.095,0.0953,0.0949,0.095,60161.52
2026-09-02 07:00:00,0.095,0.0954,0.0949,0.0952,349923.08
2026-09-02 07:05:00,0.0952,0.0955,0.0952,0.0954,42480.0
2026-09-02 07:10:00,0.0954,0.0957,0.0954,0.0955,52879.89
2026-09-02 07:15:00,0.0955,0.0955,0.0952,0.0952,105838.41
2026-09-02 07:20:00,0.0953,0.0953,0.0947,0.0948,352263.94
2026-09-02 07:25:00,0.0948,0.0948,0.0941,0.0942,1311073.76
2026-09-02 07:30:00,0.0943,0.0949,0.0943,0.0949,254922.97
2026-09-02 07:35:00,0.0949,0.0951,0.0948,0.0949,198215.21
2026-09-02 07:40:00,0.0949,0.0949,0.0947,0.0947,48237.87
2026-09-02 07:45:00,0.0947,0.095,0.0946,0.0947,212389.68
2026-09-02 07:50:00,0.0947,0.0948,0.0943,0.0944,112885.02
2026-09-02 07:55:00,0.0945,0.0946,0.0944,0.0945,116912.34
2026-09-02 08:00:00,0.0945,0.0947,0.0942,0.0947,138656.12
2026-09-02 08:05:00,0.0948,0.0952,0.0947,0.0952,362907.18
2026-09-02 08:10:00,0.0952,0.0959,0.0952,0.0959,200821.63
2026-09-02 08:15:00,0.096,0.0966,0.0959,0.0963,376301.7
2026-09-02 08:20:00,0.0963,0.0963,0.0958,0.0958,272648.3
2026-09-02 08:25:00,0.0958,0.0958,0.0955,0.0955,83255.14
2026-09-02 08:30:00,0.0954,0.0956,0.0953,0.0954,175771.09
2026-09-02 08:35:00,0.0954,0.096,0.0953,0.0955,200413.29
2026-09-02 08:40:00,0.0955,0.0956,0.0949,0.0949,307283.61
2026-09-02 08:45:00,0.0948,0.0953,0.0947,0.095,148029.74
2026-09-02 08:50:00,0.0951,0.0952,0.0948,0.0949,160323.53
2026-09-02 08:55:00,0.0948,0.0952,0.0948,0.095,423117.5
2026-09-02 09:00:00,0.095,0.0957,0.095,0.0957,238678.65
2026-09-02 09:05:00,0.0956,0.0958,0.0955,0.0955,79202.38
2026-09-02 09:10:00,0.0955,0.0956,0.0949,0.0949,72749.42
2026-09-02 09:15:00,0.0949,0.0951,0.0949,0.0949,41238.18
2026-09-02 09:20:00,0.0948,0.0951,0.0942,0.0948,420846.85
2026-09-02 09:25:00,0.0949,0.0954,0.0949,0.0954,140717.25
2026-09-02 09:30:00,0.0953,0.0953,0.0946,0.0948,179780.22
2026-09-02 09:35:00,0.0947,0.0947,0.0943,0.0944,206427.47
2026-09-02 09:40:00,0.0945,0.0946,0.0944,0.0945,162316.79
2026-09-02 09:45:00,0.0945,0.095,0.0944,0.095,84837.45
2026-09-02 09:50:00,0.095,0.0954,0.0949,0.0949,235317.32
2026-09-02 09:55:00,0.0949,0.0949,0.0946,0.0948,95937.44
2026-09-02 10:00:00,0.0948,0.0949,0.0943,0.0943,309630.84
2026-09-02 10:05:00,0.0943,0.0943,0.094,0.0942,291790.45
2026-09-02 10:10:00,0.0942,0.0945,0.0941,0.0945,405474.1
2026-09-02 10:15:00,0.0945,0.0945,0.0944,0.0945,20605.03
2026-09-02 10:20:00,0.0944,0.0944,0.0942,0.0942,44441.11
2026-09-02 10:25:00,0.0941,0.0943,0.0941,0.0943,116761.39
2026-09-02 10:30:00,0.0944,0.0945,0.0942,0.0944,78306.35
2026-09-02 10:35:00,0.0944,0.0947,0.0944,0.0946,104969.42
2026-09-02 10:40:00,0.0946,0.0948,0.0946,0.0946,82232.37
2026-09-02 10:45:00,0.0948,0.0948,0.0938,0.0939,162026.09
2026-09-02 10:50:00,0.0939,0.094,0.0935,0.094,236687.95
2026-09-02 10:55:00,0.0941,0.0945,0.094,0.0945,172021.42
2026-09-02 11:00:00,0.0944,0.0945,0.0936,0.0938,278054.65
2026-09-02 11:05:00,0.0937,0.0939,0.0935,0.0939,206561.37
2026-09-02 11:10:00,0.0938,0.0939,0.0934,0.0938,287757.82
2026-09-02 11:15:00,0.0937,0.0938,0.0936,0.0938,64383.88
2026-09-02 11:20:00,0.0937,0.0937,0.0936,0.0937,109414.55
2026-09-02 11:25:00,0.0936,0.094,0.0935,0.094,165234.41
2026-09-02 11:30:00,0.094,0.0947,0.094,0.0947,243495.88
2026-09-02 11:35:00,0.0947,0.0954,0.0946,0.0953,127414.71
2026-09-02 11:40:00,0.0954,0.0954,0.0949,0.0949,75001.85
2026-09-02 11:45:00,0.0949,0.0951,0.0948,0.0949,214117.76
2026-09-02 11:50:00,0.0948,0.0951,0.0948,0.0949,128722.41
2026-09-02 11:55:00,0.0949,0.0949,0.0948,0.0949,77229.52
2026-09-02 12:00:00,0.0949,0.0951,0.0948,0.0951,41051.32
2026-09-02 12:05:00,0.095,0.0951,0.0947,0.0948,78672.36
2026-09-02 12:10:00,0.0947,0.0951,0.0945,0.0949,181306.43
2026-09-02 12:15:00,0.0948,0.095,0.0945,0.0947,155998.85
2026-09-02 12:20:00,0.0947,0.0955,0.0947,0.0955,232553.54
2026-09-02 12:25:00,0.0955,0.0955,0.0954,0.0955,55751.43
2026-09-02 12:30:00,0.0955,0.0957,0.0953,0.0957,174038.15
2026-09-02 12:35:00,0.0957,0.0958,0.0955,0.0955,167260.49
2026-09-02 12:40:00,0.0955,0.0957,0.0954,0.0955,184374.89
2026-09-02 12:45:00,0.0955,0.0955,0.0952,0.0952,171670.63
2026-09-02 12:50:00,0.0953,0.0953,0.0949,0.0949,142849.22
2026-09-02 12:55:00,0.0948,0.0951,0.0946,0.0949,163410.97
2026-09-02 13:00:00,0.095,0.0956,0.095,0.0953,110872.79
2026-09-02 13:05:00,0.0954,0.0955,0.0953,0.0954,47824.75
2026-09-02 13:10:00,0.0955,0.0955,0.0952,0.0952,35087.75
2026-09-02 13:15:00,0.0952,0.0954,0.0952,0.0953,173554.26
2026-09-02 13:20:00,0.0953,0.0953,0.0952,0.0953,10768.2
2026-09-02 13:25:00,0.0953,0.0955,0.0952,0.0953,130312.43
2026-09-02 13:30:00,0.0953,0.0953,0.0949,0.095,93109.48
2026-09-02 13:35:00,0.0951,0.0951,0.0948,0.095,52899.12
2026-09-02 13:40:00,0.095,0.0966,0.095,0.0965,281314.52
2026-09-02 13:45:00,0.0965,0.0971,0.0964,0.0969,806746.84
2026-09-02 13:50:00,0.0969,0.0974,0.0968,0.0968,617381.81
2026-09-02 13:55:00,0.0968,0.0971,0.0966,0.0971,236107.48
2026-09-02 14:00:00,0.0972,0.0973,0.0969,0.0971,174308.04
2026-09-02 14:05:00,0.0971,0.0979,0.0971,0.0979,233094.8
2026-09-02 14:10:00,0.0978,0.0982,0.0976,0.0979,593302.5
2026-09-02 14:15:00,0.0979,0.0984,0.0976,0.0984,565766.36
2026-09-02 14:20:00,0.0984,0.0988,0.0982,0.0982,302022.94
2026-09-02 14:25:00,0.0982,0.0989,0.0981,0.0988,348705.11
2026-09-02 14:30:00,0.0987,0.0987,0.098,0.0983,339897.12
2026-09-02 14:35:00,0.0982,0.0982,0.0973,0.0975,259649.81
2026-09-02 14:40:00,0.0975,0.0979,0.097,0.0976,820339.36
2026-09-02 14:45:00,0.0976,0.0976,0.0971,0.0971,545142.38
2026-09-02 14:50:00,0.0971,0.0971,0.0968,0.0969,153169.14
2026-09-02 14:55:00,0.0969,0.0972,0.0964,0.0965,245733.25
2026-09-02 15:00:00,0.0965,0.0971,0.0956,0.0966,899835.19
2026-09-02 15:05:00,0.0966,0.097,0.0964,0.0964,187802.64
2026-09-02 15:10:00,0.0963,0.0964,0.0958,0.0959,217016.68
2026-09-02 15:15:00,0.096,0.0963,0.0959,0.0962,171785.43
2026-09-02 15:20:00,0.0962,0.0963,0.0959,0.096,77078.99
2026-09-02 15:25:00,0.0959,0.096,0.0958,0.0958,103230.4
2026-09-02 15:30:00,0.0959,0.0964,0.0956,0.0964,142532.5
2026-09-02 15:35:00,0.0964,0.0972,0.0964,0.0968,244604.87
2026-09-02 15:40:00,0.0969,0.0972,0.0966,0.0972,150702.51
2026-09-02 15:45:00,0.0972,0.0972,0.0967,0.0968,106890.63
2026-09-02 15:50:00,0.0969,0.0973,0.0968,0.0971,167139.08
2026-09-02 15:55:00,0.0971,0.0973,0.0968,0.0972,203758.79
2026-09-02 16:00:00,0.0972,0.0973,0.0968,0.0971,328017.17
2026-09-02 16:05:00,0.0971,0.0971,0.0968,0.097,74874.61
2026-09-02 16:10:00,0.0972,0.0979,0.0971,0.0977,192211.79
2026-09-02 16:15:00,0.0978,0.0978,0.0972,0.0975,167224.97
2026-09-02 16:20:00,0.0976,0.0978,0.0972,0.0975,128497.18
2026-09-02 16:25:00,0.0974,0.0977,0.0968,0.0969,653420.39
2026-09-02 16:30:00,0.0969,0.0983,0.0968,0.098,861829.77
2026-09-02 16:35:00,0.098,0.0987,0.0977,0.0978,616017.93
2026-09-02 16:40:00,0.0978,0.0979,0.0972,0.0973,160743.98
2026-09-02 16:45:00,0.0973,0.0985,0.0972,0.0985,321627.05
2026-09-02 16:50:00,0.0985,0.0989,0.0982,0.0983,457323.41
2026-09-02 16:55:00,0.0982,0.0984,0.0977,0.0979,273902.74
2026-09-02 17:00:00,0.0979,0.098,0.0973,0.0975,290541.95
2026-09-02 17:05:00,0.0976,0.0976,0.0969,0.0973,145845.64
2026-09-02 17:10:00,0.0972,0.0973,0.0969,0.097,99920.85
2026-09-02 17:15:00,0.0969,0.0972,0.0963,0.0964,220576.56
2026-09-02 17:20:00,0.0964,0.0971,0.0964,0.097,171912.14
2026-09-02 17:25:00,0.0969,0.0976,0.0969,0.0976,234363.37
2026-09-02 17:30:00,0.0976,0.0976,0.0971,0.0972,163782.3
2026-09-02 17:35:00,0.0972,0.0974,0.0969,0.0972,139899.01
2026-09-02 17:40:00,0.0973,0.0973,0.097,0.0972,47087.28
2026-09-02 17:45:00,0.0973,0.0979,0.0973,0.0979,114682.89
2026-09-02 17:50:00,0.098,0.098,0.0976,0.0977,71684.0
2026-09-02 17:55:00,0.0976,0.0977,0.0973,0.0974,71359.24
2026-09-02 18:00:00,0.0973,0.0975,0.0973,0.0975,144419.08
2026-09-02 18:05:00,0.0975,0.0982,0.0975,0.0982,225906.89
2026-09-02 18:10:00,0.0982,0.0985,0.0981,0.0982,251712.48
2026-09-02 18:15:00,0.0983,0.0991,0.0983,0.0986,503166.26
2026-09-02 18:20:00,0.0986,0.0991,0.0986,0.0989,375573.39
2026-09-02 18:25:00,0.0989,0.0991,0.0984,0.0986,678271.93
2026-09-02 18:30:00,0.0985,0.0993,0.0983,0.099,916809.95
2026-09-02 18:35:00,0.099,0.0993,0.099,0.0993,281096.78
2026-09-02 18:40:00,0.0993,0.0995,0.0992,0.0992,259324.3
2026-09-02 18:45:00,0.0991,0.0995,0.0989,0.0995,185687.57
2026-09-02 18:50:00,0.0994,0.1,0.0993,0.0994,229085.0
2026-09-02 18:55:00,0.0993,0.0994,0.0988,0.0988,175705.65
2026-09-02 19:00:00,0.0989,0.0991,0.0989,0.099,83630.6
2026-09-02 19:05:00,0.099,0.0992,0.0989,0.0991,124411.75
2026-09-02 19:10:00,0.0991,0.0994,0.099,0.0992,350198.37
2026-09-02 19:15:00,0.0993,0.0997,0.099,0.0991,66671.23
2026-09-02 19:20:00,0.0991,0.0993,0.099,0.0991,383275.9
2026-09-02 19:25:00,0.099,0.0991,0.0982,0.0986,854737.62
2026-09-02 19:30:00,0.0985,0.0987,0.0983,0.0983,299452.63
2026-09-02 19:35:00,0.0983,0.0984,0.0979,0.0982,191728.91
2026-09-02 19:40:00,0.0982,0.0982,0.0979,0.098,157092.66
2026-09-02 19:45:00,0.098,0.0981,0.0979,0.0979,47464.2
2026-09-02 19:50:00,0.098,0.0982,0.098,0.0981,43610.72
2026-09-02 19:55:00,0.0981,0.0983,0.098,0.0983,214242.65
2026-09-02 20:00:00,0.0983,0.099,0.0982,0.099,118986.58
2026-09-02 20:05:00,0.099,0.0998,0.099,0.0998,164439.41
2026-09-02 20:10:00,0.0999,0.0999,0.0995,0.0997,183406.01
2026-09-02 20:15:00,0.0996,0.0996,0.0991,0.0993,72903.78
2026-09-02 20:20:00,0.0994,0.0995,0.0994,0.0994,72154.25
2026-09-02 20:25:00,0.0994,0.0995,0.0992,0.0992,19584.1
2026-09-02 20:30:00,0.0991,0.0994,0.099,0.0992,153870.31
2026-09-02 20:35:00,0.0992,0.0992,0.0989,0.099,64571.35
2026-09-02 20:40:00,0.0989,0.099,0.0986,0.0987,100411.56
2026-09-02 20:45:00,0.0987,0.0991,0.0986,0.0989,233882.78
2026-09-02 20:50:00,0.0988,0.0994,0.0988,0.0992,166008.76
2026-09-02 20:55:00,0.0991,0.0993,0.0991,0.0992,156974.76
2026-09-02 21:00:00,0.0992,0.0993,0.0988,0.0988,117929.54
2026-09-02 21:05:00,0.0988,0.0988,0.0986,0.0987,86491.63
2026-09-02 21:10:00,0.0986,0.0989,0.0985,0.0987,173460.38
2026-09-02 21:15:00,0.0987,0.0989,0.0987,0.0987,93010.94
2026-09-02 21:20:00,0.0987,0.0995,0.0987,0.0995,220176.69
2026-09-02 21:25:00,0.0995,0.0996,0.099,0.099,114832.35
2026-09-02 21:30:00,0.0989,0.099,0.0985,0.0985,158399.22
2026-09-02 21:35:00,0.0986,0.099,0.0986,0.099,130039.46
2026-09-02 21:40:00,0.099,0.0992,0.0989,0.0991,183020.8
2026-09-02 21:45:00,0.0992,0.0993,0.0988,0.0988,88619.43
2026-09-02 21:50:00,0.0988,0.099,0.0988,0.0989,129296.46
2026-09-02 21:55:00,0.099,0.0992,0.099,0.099,231289.58
2026-09-02 22:00:00,0.099,0.0991,0.0987,0.0988,79653.42
2026-09-02 22:05:00,0.0989,0.0989,0.0983,0.0983,153057.68
2026-09-02 22:10:00,0.0982,0.0982,0.0977,0.098,272265.74
2026-09-02 22:15:00,0.0979,0.0981,0.0978,0.0978,84035.5
2026-09-02 22:20:00,0.0977,0.0977,0.0974,0.0974,112983.35
2026-09-02 22:25:00,0.0974,0.0975,0.0974,0.0974,86448.69
2026-09-02 22:30:00,0.0975,0.0977,0.0974,0.0976,95566.12
2026-09-02 22:35:00,0.0976,0.0979,0.0976,0.0978,82337.51
2026-09-02 22:40:00,0.0978,0.0982,0.0978,0.0981,241044.81
2026-09-02 22:45:00,0.0981,0.0982,0.0978,0.0982,224264.42
2026-09-02 22:50:00,0.0983,0.0983,0.0982,0.0983,109835.8
2026-09-02 22:55:00,0.0983,0.0983,0.0981,0.0982,75226.93
2026-09-02 23:00:00,0.0982,0.0988,0.0981,0.0988,207232.14
2026-09-02 23:05:00,0.0988,0.0997,0.0988,0.0995,354984.93
2026-09-02 23:10:00,0.0996,0.0998,0.099,0.0991,290359.13
2026-09-02 23:15:00,0.0992,0.0992,0.0988,0.0989,198466.32
2026-09-02 23:20:00,0.0989,0.0989,0.0986,0.0986,83635.8
2026-09-02 23:25:00,0.0987,0.0988,0.0987,0.0987,23913.0
2026-09-02 23:30:00,0.0987,0.0989,0.0984,0.0984,158615.07
2026-09-02 23:35:00,0.0983,0.0983,0.0982,0.0982,57831.41
2026-09-02 23:40:00,0.0982,0.0983,0.0982,0.0983,286530.88
2026-09-02 23:45:00,0.0983,0.0987,0.0983,0.0987,64116.84
2026-09-02 23:50:00,0.0987,0.0992,0.0987,0.0989,162925.03
2026-09-02 23:55:00,0.0989,0.0992,0.0989,0.0992,66111.15
2026-09-03 00:00:00,0.0992,0.0993,0.0988,0.0988,192470.88
2026-09-03 00:05:00,0.0988,0.099,0.0986,0.0986,326286.63
2026-09-03 00:10:00,0.0985,0.0988,0.0985,0.0987,97769.13
2026-09-03 00:15:00,0.0988,0.0988,0.0985,0.0985,18852.68
2026-09-03 00:20:00,0.0985,0.0987,0.0983,0.0986,210285.82
2026-09-03 00:25:00,0.0985,0.0985,0.0983,0.0984,15027.61
2026-09-03 00:30:00,0.0983,0.0984,0.0981,0.0981,82932.83
2026-09-03 00:35:00,0.0981,0.0985,0.098,0.0984,117154.06
2026-09-03 00:40:00,0.0985,0.0985,0.098,0.0981,161291.03
2026-09-03 00:45:00,0.0981,0.0982,0.098,0.0981,23937.79
2026-09-03 00:50:00,0.098,0.0981,0.0979,0.098,78549.74
2026-09-03 00:55:00,0.098,0.098,0.0978,0.0978,76912.3
2026-09-03 01:00:00,0.0978,0.0978,0.0971,0.0974,371463.8
2026-09-03 01:05:00,0.0975,0.0981,0.0975,0.0981,91343.06
2026-09-03 01:10:00,0.0981,0.0987,0.098,0.0986,217022.81
2026-09-03 01:15:00,0.0987,0.0991,0.0984,0.099,76171.68
2026-09-03 01:20:00,0.099,0.0991,0.0988,0.0989,311002.18
2026-09-03 01:25:00,0.0989,0.0991,0.0987,0.099,53748.08
2026-09-03 01:30:00,0.099,0.0991,0.0988,0.0991,43367.3
2026-09-03 01:35:00,0.0992,0.0993,0.0988,0.0992,120435.24
2026-09-03 01:40:00,0.0993,0.0997,0.099,0.099,208652.84
2026-09-03 01:45:00,0.0989,0.0989,0.0985,0.0988,172380.72
2026-09-03 01:50:00,0.0987,0.0989,0.0986,0.0987,94315.35
2026-09-03 01:55:00,0.0986,0.0987,0.0978,0.098,694508.24
2026-09-03 02:00:00,0.0979,0.0982,0.0979,0.0981,104465.43
2026-09-03 02:05:00,0.0982,0.0986,0.0981,0.0984,263999.0
2026-09-03 02:10:00,0.0985,0.0989,0.0984,0.0989,136230.97
2026-09-03 02:15:00,0.0989,0.0989,0.0985,0.0987,409622.97
2026-09-03 02:20:00,0.0987,0.0995,0.0978,0.0982,3788422.97
2026-09-03 02:25:00,0.0981,0.0984,0.098,0.0982,437070.26
2026-09-03 02:30:00,0.0982,0.0988,0.098,0.0988,154923.62
2026-09-03 02:35:00,0.0988,0.099,0.0987,0.099,426104.19
2026-09-03 02:40:00,0.0991,0.0996,0.099,0.0994,275876.35
2026-09-03 02:45:00,0.0993,0.1,0.0992,0.0999,673164.03
2026-09-03 02:50:00,0.0999,0.1007,0.0999,0.1005,724288.12
2026-09-03 02:55:00,0.1005,0.1007,0.0997,0.0997,452869.92
2026-09-03 03:00:00,0.0998,0.0998,0.0993,0.0996,491800.92
2026-09-03 03:05:00,0.0996,0.0997,0.0993,0.0996,236452.71
2026-09-03 03:10:00,0.0995,0.0996,0.0994,0.0996,95742.87
2026-09-03 03:15:00,0.0995,0.0995,0.099,0.0992,138778.21
2026-09-03 03:20:00,0.0992,0.0993,0.0986,0.0987,436170.68
2026-09-03 03:25:00,0.0988,0.0991,0.0987,0.0988,161463.15
2026-09-03 03:30:00,0.0988,0.0989,0.0987,0.0988,46595.79
2026-09-03 03:35:00,0.0987,0.0987,0.0982,0.0983,338199.33
2026-09-03 03:40:00,0.0983,0.0983,0.0979,0.0979,220266.05
2026-09-03 03:45:00,0.0979,0.098,0.0978,0.098,48888.81
2026-09-03 03:50:00,0.098,0.0982,0.0979,0.0982,96148.65
2026-09-03 03:55:00,0.0982,0.0982,0.098,0.0982,171434.8
2026-09-03 04:00:00,0.0982,0.0983,0.0971,0.0977,1419509.3
2026-09-03 04:05:00,0.0977,0.0979,0.0977,0.0979,49730.14
2026-09-03 04:10:00,0.0978,0.0979,0.0976,0.0977,140368.73
2026-09-03 04:15:00,0.0976,0.0976,0.0974,0.0974,346494.33
2026-09-03 04:20:00,0.0974,0.0975,0.0972,0.0975,219849.02
2026-09-03 04:25:00,0.0975,0.0975,0.0972,0.0972,77204.42
2026-09-03 04:30:00,0.0973,0.0974,0.0973,0.0974,152662.2
2026-09-03 04:35:00,0.0973,0.0973,0.0969,0.0972,528834.2
2026-09-03 04:40:00,0.0972,0.0972,0.0971,0.0972,32399.9
2026-09-03 04:45:00,0.0972,0.0977,0.0972,0.0977,156777.92
2026-09-03 04:50:00,0.0977,0.098,0.0976,0.098,55012.08
2026-09-03 04:55:00,0.098,0.0981,0.0978,0.0981,36956.85
2026-09-03 05:00:00,0.0981,0.0982,0.0979,0.0981,68773.09
2026-09-03 05:05:00,0.098,0.0983,0.0978,0.0978,126929.94
2026-09-03 05:10:00,0.0978,0.098,0.0978,0.0979,139348.83
2026-09-03 05:15:00,0.098,0.0981,0.0978,0.0978,33121.7
2026-09-03 05:20:00,0.0978,0.0978,0.0969,0.0973,231904.26
2026-09-03 05:25:00,0.0974,0.0975,0.0971,0.0975,163952.17
2026-09-03 05:30:00,0.0975,0.0981,0.0975,0.0981,314100.96
2026-09-03 05:35:00,0.0981,0.0983,0.0981,0.0982,128529.85
2026-09-03 05:40:00,0.0983,0.0983,0.0981,0.0981,109639.91
2026-09-03 05:45:00,0.0981,0.0981,0.0978,0.0981,139925.34
2026-09-03 05:50:00,0.0982,0.0986,0.0981,0.0983,94032.65
2026-09-03 05:55:00,0.0984,0.0986,0.0983,0.0985,35640.16
2026-09-03 06:00:00,0.0985,0.0986,0.0981,0.0981,61910.77
2026-09-03 06:05:00,0.0981,0.0982,0.098,0.0982,64852.21
2026-09-03 06:10:00,0.0983,0.0994,0.0983,0.0991,958645.37
2026-09-03 06:15:00,0.0991,0.0993,0.0987,0.0989,357477.74
2026-09-03 06:20:00,0.0989,0.099,0.0989,0.099,69711.08
2026-09-03 06:25:00,0.0989,0.0991,0.0988,0.099,240666.69
2026-09-03 06:30:00,0.0989,0.0991,0.0987,0.0987,96135.68
2026-09-03 06:35:00,0.0987,0.0988,0.0985,0.0986,161773.81
2026-09-03 06:40:00,0.0987,0.099,0.0987,0.0987,182156.85
2026-09-03 06:45:00,0.0987,0.0989,0.0985,0.0988,410802.76
2026-09-03 06:50:00,0.0988,0.0989,0.0987,0.0987,30646.18
2026-09-03 06:55:00,0.0987,0.0987,0.0984,0.0986,75097.96
2026-09-03 07:00:00,0.0986,0.0994,0.0986,0.0994,160067.55
2026-09-03 07:05:00,0.0994,0.0994,0.099,0.099,157139.09
2026-09-03 07:10:00,0.099,0.0992,0.099,0.099,116698.3
2026-09-03 07:15:00,0.099,0.0992,0.0988,0.0992,215824.85
2026-09-03 07:20:00,0.0991,0.0993,0.0989,0.0989,80786.52
2026-09-03 07:25:00,0.099,0.099,0.0988,0.0988,81293.05
2026-09-03 07:30:00,0.0988,0.0988,0.0985,0.0987,162063.92
2026-09-03 07:35:00,0.0987,0.0988,0.0986,0.0987,55400.88
2026-09-03 07:40:00,0.0986,0.099,0.0986,0.0988,82601.3
2026-09-03 07:45:00,0.0988,0.0988,0.098,0.0981,416802.1
2026-09-03 07:50:00,0.0981,0.0981,0.0979,0.098,75029.0
2026-09-03 07:55:00,0.0979,0.0986,0.0977,0.0984,505825.06
2026-09-03 08:00:00,0.0984,0.0988,0.0983,0.0988,214828.55
2026-09-03 08:05:00,0.0987,0.0994,0.0987,0.0992,202758.39
2026-09-03 08:10:00,0.0993,0.0997,0.0991,0.0994,596055.75
2026-09-03 08:15:00,0.0994,0.0994,0.0988,0.099,117414.72
2026-09-03 08:20:00,0.0991,0.0991,0.0986,0.0987,91642.98
2026-09-03 08:25:00,0.0986,0.0989,0.0985,0.0988,116615.29
2026-09-03 08:30:00,0.0988,0.0988,0.0987,0.0987,26389.03
2026-09-03 08:35:00,0.0986,0.0988,0.0986,0.0987,90413.53
2026-09-03 08:40:00,0.0987,0.0988,0.0987,0.0987,92315.95
2026-09-03 08:45:00,0.0988,0.0989,0.0987,0.0987,85548.86
2026-09-03 08:50:00,0.0987,0.0987,0.0984,0.0985,173704.71
2026-09-03 08:55:00,0.0985,0.0985,0.0982,0.0983,254554.52
2026-09-03 09:00:00,0.0983,0.0984,0.0981,0.0983,241998.97
2026-09-03 09:05:00,0.0983,0.0985,0.0979,0.0984,280511.23
2026-09-03 09:10:00,0.0985,0.0987,0.0984,0.0986,123773.91
2026-09-03 09:15:00,0.0986,0.0988,0.0985,0.0987,118464.6
2026-09-03 09:20:00,0.0986,0.0987,0.0985,0.0986,69186.34
2026-09-03 09:25:00,0.0986,0.0986,0.0984,0.0985,60983.53
2026-09-03 09:30:00,0.0984,0.0986,0.0984,0.0984,13689.25
2026-09-03 09:35:00,0.0983,0.0985,0.0982,0.0985,126748.37
2026-09-03 09:40:00,0.0984,0.0986,0.0981,0.0986,93966.86
2026-09-03 09:45:00,0.0987,0.0991,0.0984,0.0984,288476.23
2026-09-03 09:50:00,0.0984,0.0985,0.0982,0.0983,82465.18
2026-09-03 09:55:00,0.0983,0.0984,0.0983,0.0983,49512.17
2026-09-03 10:00:00,0.0983,0.0988,0.0982,0.0987,164801.72
2026-09-03 10:05:00,0.0988,0.0993,0.0988,0.0993,396499.95
2026-09-03 10:10:00,0.0993,0.0998,0.0993,0.0996,384969.08
2026-09-03 10:15:00,0.0997,0.1003,0.0997,0.1002,680203.36
2026-09-03 10:20:00,0.1004,0.1008,0.1003,0.1005,626727.48
2026-09-03 10:25:00,0.1005,0.1009,0.1002,0.1003,568983.86
2026-09-03 10:30:00,0.1002,0.1003,0.0999,0.0999,526715.08
2026-09-03 10:35:00,0.0999,0.0999,0.099,0.0991,406336.82
2026-09-03 10:40:00,0.0991,0.0992,0.0988,0.0991,221703.35
2026-09-03 10:45:00,0.099,0.099,0.0985,0.0988,318816.94
2026-09-03 10:50:00,0.0987,0.0991,0.0986,0.0991,330046.91
2026-09-03 10:55:00,0.0991,0.0994,0.099,0.0993,290878.41
2026-09-03 11:00:00,0.0994,0.0995,0.0988,0.099,360592.58
2026-09-03 11:05:00,0.099,0.0991,0.099,0.0991,110006.66
2026-09-03 11:10:00,0.0991,0.0992,0.0989,0.0991,124486.93
2026-09-03 11:15:00,0.0992,0.0998,0.0992,0.0996,111312.14
2026-09-03 11:20:00,0.0995,0.0995,0.099,0.0991,291214.14
2026-09-03 11:25:00,0.099,0.0995,0.099,0.0994,426763.8
2026-09-03 11:30:00,0.0993,0.0996,0.099,0.0993,223060.51
2026-09-03 11:35:00,0.0993,0.0996,0.0993,0.0993,116873.0
2026-09-03 11:40:00,0.0993,0.0996,0.0989,0.099,693490.68
2026-09-03 11:45:00,0.099,0.099,0.0988,0.099,206044.44
2026-09-03 11:50:00,0.099,0.0991,0.0989,0.0989,78555.98
2026-09-03 11:55:00,0.099,0.0991,0.0988,0.0989,195101.41
2026-09-03 12:00:00,0.0989,0.0992,0.0988,0.0988,226806.58
2026-09-03 12:05:00,0.0989,0.0992,0.0988,0.0992,224750.82
2026-09-03 12:10:00,0.0993,0.0995,0.0992,0.0993,134095.42
2026-09-03 12:15:00,0.0994,0.0996,0.0994,0.0994,45378.57
2026-09-03 12:20:00,0.0994,0.0994,0.0991,0.0992,31105.0
2026-09-03 12:25:00,0.0992,0.0993,0.0991,0.0992,71614.65
2026-09-03 12:30:00,0.0993,0.0997,0.0991,0.0993,480239.4
2026-09-03 12:35:00,0.0991,0.0993,0.099,0.0993,29127.28
2026-09-03 12:40:00,0.0992,0.0994,0.099,0.099,187756.54
2026-09-03 12:45:00,0.099,0.0993,0.099,0.0992,129751.55
2026-09-03 12:50:00,0.0993,0.0996,0.0992,0.0995,312442.73
2026-09-03 12:55:00,0.0996,0.0998,0.0993,0.0993,517437.69
2026-09-03 13:00:00,0.0994,0.0994,0.0992,0.0993,57115.04
2026-09-03 13:05:00,0.0993,0.0993,0.0989,0.0992,433476.62
2026-09-03 13:10:00,0.0991,0.0993,0.099,0.0993,64014.03
2026-09-03 13:15:00,0.0994,0.0994,0.0992,0.0992,127550.78
2026-09-03 13:20:00,0.0991,0.0992,0.0989,0.0992,92551.5
2026-09-03 13:25:00,0.0991,0.0993,0.0989,0.0992,160623.47
2026-09-03 13:30:00,0.0992,0.0995,0.099,0.0992,275993.5
2026-09-03 13:35:00,0.0991,0.0993,0.0988,0.0992,117519.08
2026-09-03 13:40:00,0.0992,0.0994,0.099,0.0991,183813.72
2026-09-03 13:45:00,0.0991,0.0992,0.0987,0.0988,488084.94
2026-09-03 13:50:00,0.0988,0.0989,0.0983,0.0984,164817.24
2026-09-03 13:55:00,0.0984,0.0985,0.0982,0.0982,94352.19
2026-09-03 14:00:00,0.0982,0.0986,0.098,0.0983,200483.98
2026-09-03 14:05:00,0.0983,0.0985,0.0982,0.0983,105111.37
2026-09-03 14:10:00,0.0982,0.0987,0.0982,0.0987,243713.2
2026-09-03 14:15:00,0.0987,0.099,0.0987,0.099,56366.38
2026-09-03 14:20:00,0.0991,0.0995,0.0991,0.0994,349061.84
2026-09-03 14:25:00,0.0994,0.0996,0.0991,0.0992,225990.34
2026-09-03 14:30:00,0.0991,0.0994,0.099,0.0991,224323.28
2026-09-03 14:35:00,0.0991,0.0995,0.0991,0.0994,179412.98
2026-09-03 14:40:00,0.0995,0.0999,0.0994,0.0997,329354.11
2026-09-03 14:45:00,0.0998,0.1008,0.0998,0.1007,275551.07
2026-09-03 14:50:00,0.1007,0.101,0.1003,0.101,796109.81
2026-09-03 14:55:00,0.1009,0.1015,0.1006,0.1015,905281.22
2026-09-03 15:00:00,0.1014,0.102,0.1009,0.1012,1048460.65
2026-09-03 15:05:00,0.1013,0.1014,0.1007,0.1008,538348.29
2026-09-03 15:10:00,0.1007,0.1009,0.1002,0.1008,918650.94
2026-09-03 15:15:00,0.1008,0.1013,0.1006,0.1013,1031429.97
2026-09-03 15:20:00,0.1013,0.1031,0.1013,0.1024,1924772.5
2026-09-03 15:25:00,0.1024,0.1027,0.1021,0.1024,690584.01
2026-09-03 15:30:00,0.1024,0.1031,0.1022,0.1028,889652.29
2026-09-03 15:35:00,0.1028,0.1031,0.1026,0.1029,543648.16
2026-09-03 15:40:00,0.1029,0.1034,0.1029,0.1034,387391.93
2026-09-03 15:45:00,0.1034,0.1034,0.1026,0.1034,855572.1
2026-09-03 15:50:00,0.1033,0.1037,0.103,0.1033,579227.6
2026-09-03 15:55:00,0.1033,0.1038,0.1032,0.1035,502727.18
2026-09-03 16:00:00,0.1035,0.1039,0.1027,0.1028,787413.79
2026-09-03 16:05:00,0.1028,0.1028,0.1023,0.1024,387513.24
2026-09-03 16:10:00,0.1024,0.1028,0.1023,0.1023,405485.05
2026-09-03 16:15:00,0.1023,0.1023,0.102,0.1022,467979.95
2026-09-03 16:20:00,0.1024,0.1027,0.1023,0.1024,198636.13
2026-09-03 16:25:00,0.1025,0.1029,0.1024,0.1027,162310.93
2026-09-03 16:30:00,0.1027,0.103,0.1026,0.1028,222119.15
2026-09-03 16:35:00,0.1028,0.1029,0.1026,0.1028,134601.02
2026-09-03 16:40:00,0.1029,0.1036,0.1028,0.1035,252073.13
2026-09-03 16:45:00,0.1035,0.1042,0.1035,0.1036,497846.02
2026-09-03 16:50:00,0.1037,0.1042,0.1036,0.1039,394992.91
2026-09-03 16:55:00,0.1039,0.1041,0.1037,0.1038,366478.75
2026-09-03 17:00:00,0.1037,0.1043,0.1036,0.104,672146.79
2026-09-03 17:05:00,0.104,0.1046,0.1038,0.1039,741137.33
2026-09-03 17:10:00,0.1039,0.1042,0.1038,0.1041,207772.89
2026-09-03 17:15:00,0.1041,0.1041,0.1034,0.1034,218257.85
2026-09-03 17:20:00,0.1033,0.1036,0.1032,0.1032,217187.98
2026-09-03 17:25:00,0.1032,0.1034,0.1029,0.1032,210113.84
2026-09-03 17:30:00,0.1031,0.1032,0.1029,0.103,267451.45
2026-09-03 17:35:00,0.103,0.1033,0.1029,0.1033,380859.15
2026-09-03 17:40:00,0.1033,0.1033,0.1032,0.1032,34624.72
2026-09-03 17:45:00,0.1032,0.1035,0.1032,0.1034,196135.07
2026-09-03 17:50:00,0.1034,0.1034,0.1032,0.1033,125872.27
2026-09-03 17:55:00,0.1033,0.1035,0.1032,0.1032,113893.73
2026-09-03 18:00:00,0.1033,0.1038,0.1032,0.1038,507361.93
2026-09-03 18:05:00,0.1038,0.1039,0.1037,0.1038,156344.23
2026-09-03 18:10:00,0.1038,0.1039,0.1036,0.1037,179672.69
2026-09-03 18:15:00,0.1037,0.1038,0.1034,0.1034,247147.94
2026-09-03 18:20:00,0.1034,0.1038,0.1034,0.1037,545882.77
2026-09-03 18:25:00,0.1037,0.1039,0.1035,0.1038,219340.17
2026-09-03 18:30:00,0.1038,0.1043,0.1037,0.1041,200600.94
2026-09-03 18:35:00,0.1042,0.1042,0.1039,0.1039,131594.73
2026-09-03 18:40:00,0.1039,0.1041,0.1038,0.1039,364680.47
2026-09-03 18:45:00,0.104,0.105,0.104,0.1048,509536.09
2026-09-03 18:50:00,0.1047,0.1047,0.1044,0.1044,306002.98
2026-09-03 18:55:00,0.1044,0.1052,0.1043,0.1052,423929.18
2026-09-03 19:00:00,0.1051,0.1052,0.1044,0.1049,240508.25
2026-09-03 19:05:00,0.1049,0.105,0.1044,0.1045,352675.41
2026-09-03 19:10:00,0.1045,0.1048,0.1045,0.1048,101234.76
2026-09-03 19:15:00,0.1048,0.1051,0.1044,0.1049,236813.87
2026-09-03 19:20:00,0.1049,0.1049,0.1043,0.1044,271276.08
2026-09-03 19:25:00,0.1044,0.1045,0.1041,0.1045,102749.3
2026-09-03 19:30:00,0.1045,0.1045,0.1042,0.1044,217438.1
2026-09-03 19:35:00,0.1043,0.1043,0.1041,0.1043,52765.97
2026-09-03 19:40:00,0.1042,0.1046,0.1041,0.1041,949966.75
2026-09-03 19:45:00,0.104,0.104,0.1034,0.1034,218947.87
2026-09-03 19:50:00,0.1035,0.1036,0.1032,0.1032,234597.7
2026-09-03 19:55:00,0.1032,0.1035,0.1032,0.1035,72960.87
2026-09-03 20:00:00,0.1035,0.1035,0.1027,0.1035,420400.83
2026-09-03 20:05:00,0.1034,0.1034,0.1031,0.1031,185446.43
2026-09-03 20:10:00,0.1031,0.1031,0.1024,0.1026,613062.26
2026-09-03 20:15:00,0.1026,0.1029,0.1026,0.1026,97485.24
2026-09-03 20:20:00,0.1027,0.1027,0.1023,0.1026,131323.62
2026-09-03 20:25:00,0.1026,0.1028,0.1026,0.1028,12660.5
2026-09-03 20:30:00,0.1027,0.1027,0.1024,0.1024,102590.72
2026-09-03 20:35:00,0.1024,0.103,0.1023,0.1029,153890.23
2026-09-03 20:40:00,0.1029,0.103,0.1026,0.1027,67658.37
2026-09-03 20:45:00,0.1028,0.1028,0.1026,0.1027,55444.97
2026-09-03 20:50:00,0.1028,0.1028,0.1026,0.1027,96440.1
2026-09-03 20:55:00,0.1027,0.1029,0.1027,0.1029,23251.02
2026-09-03 21:00:00,0.1028,0.1031,0.1028,0.103,134248.57
2026-09-03 21:05:00,0.1031,0.1037,0.1031,0.1036,140703.29
2026-09-03 21:10:00,0.1037,0.1041,0.1036,0.1038,338386.29
2026-09-03 21:15:00,0.1038,0.1042,0.1038,0.1042,91150.04
2026-09-03 21:20:00,0.1042,0.1044,0.1038,0.1038,274171.58
2026-09-03 21:25:00,0.1038,0.1038,0.1037,0.1038,25534.65
2026-09-03 21:30:00,0.1038,0.104,0.1036,0.1038,69466.11
2026-09-03 21:35:00,0.1038,0.104,0.1034,0.1034,149071.52
2026-09-03 21:40:00,0.1034,0.1034,0.103,0.103,210929.15
2026-09-03 21:45:00,0.1031,0.1031,0.103,0.1031,103595.65
2026-09-03 21:50:00,0.1032,0.1033,0.1032,0.1032,28647.49
2026-09-03 21:55:00,0.1031,0.1032,0.1027,0.1027,68678.31
2026-09-03 22:00:00,0.1028,0.1028,0.1023,0.1027,161167.93
2026-09-03 22:05:00,0.1027,0.1027,0.1023,0.1024,31656.45
2026-09-03 22:10:00,0.1023,0.1025,0.1021,0.1024,63188.22
2026-09-03 22:15:00,0.1025,0.1031,0.1025,0.103,80637.71
2026-09-03 22:20:00,0.103,0.1033,0.1028,0.1028,205222.55
2026-09-03 22:25:00,0.1027,0.1027,0.1023,0.1023,149165.65
2026-09-03 22:30:00,0.1023,0.1024,0.1018,0.1022,244575.51
2026-09-03 22:35:00,0.1021,0.1022,0.1019,0.102,114834.17
2026-09-03 22:40:00,0.1019,0.1021,0.1017,0.1019,123122.73
2026-09-03 22:45:00,0.1019,0.102,0.1017,0.1017,72785.03
2026-09-03 22:50:00,0.1017,0.1017,0.1014,0.1016,72415.29
2026-09-03 22:55:00,0.1016,0.1018,0.1016,0.1017,125594.19
2026-09-03 23:00:00,0.1017,0.1018,0.1014,0.1015,91790.48
2026-09-03 23:05:00,0.1015,0.1016,0.1013,0.1014,149625.3
2026-09-03 23:10:00,0.1014,0.1014,0.1009,0.1012,360183.76
2026-09-03 23:15:00,0.1011,0.1012,0.101,0.1012,90878.28
2026-09-03 23:20:00,0.1011,0.1011,0.1008,0.1009,140611.77
2026-09-03 23:25:00,0.1009,0.1013,0.1009,0.1013,72729.89
2026-09-03 23:30:00,0.1013,0.1013,0.101,0.1012,37645.2
2026-09-03 23:35:00,0.1011,0.1014,0.1011,0.1014,38531.89
2026-09-03 23:40:00,0.1013,0.1017,0.1012,0.1012,227132.88
2026-09-03 23:45:00,0.1012,0.1014,0.1012,0.1013,60391.68
2026-09-03 23:50:00,0.1012,0.1013,0.1012,0.1012,19513.73
2026-09-03 23:55:00,0.1012,0.1013,0.1012,0.1012,5372.62
2026-09-04 00:00:00,0.1012,0.1013,0.101,0.101,147936.03
2026-09-04 00:05:00,0.101,0.1011,0.1008,0.1009,89666.08
2026-09-04 00:10:00,0.101,0.101,0.1009,0.101,48073.19
2026-09-04 00:15:00,0.101,0.1012,0.1009,0.1009,61302.9
2026-09-04 00:20:00,0.1009,0.1011,0.1009,0.1011,88631.9
2026-09-04 00:25:00,0.1011,0.1012,0.101,0.1011,141441.0
2026-09-04 00:30:00,0.1011,0.1018,0.101,0.1018,447338.72
2026-09-04 00:35:00,0.1018,0.102,0.1018,0.1018,373692.16
2026-09-04 00:40:00,0.1018,0.1019,0.1011,0.1011,222683.07
2026-09-04 00:45:00,0.1012,0.1012,0.1006,0.1009,452606.38
2026-09-04 00:50:00,0.1008,0.1014,0.1007,0.1014,271173.16
2026-09-04 00:55:00,0.1012,0.1015,0.1006,0.1006,254264.85
2026-09-04 01:00:00,0.1006,0.101,0.0996,0.0999,759808.02
2026-09-04 01:05:00,0.0999,0.1005,0.0999,0.1004,197360.04
2026-09-04 01:10:00,0.1004,0.1008,0.1004,0.1005,425287.28
2026-09-04 01:15:00,0.1005,0.1006,0.1003,0.1006,34972.47
2026-09-04 01:20:00,0.1006,0.1008,0.1003,0.1003,55848.71
2026-09-04 01:25:00,0.1003,0.1004,0.1,0.1002,141388.8
2026-09-04 01:30:00,0.1001,0.1001,0.0998,0.0998,66375.49
2026-09-04 01:35:00,0.0998,0.1,0.0998,0.0998,72723.11
2026-09-04 01:40:00,0.0998,0.1,0.0993,0.0998,293913.11
2026-09-04 01:45:00,0.0998,0.0999,0.0997,0.0999,100998.77
2026-09-04 01:50:00,0.0999,0.1003,0.0999,0.1003,288197.77
2026-09-04 01:55:00,0.1003,0.1005,0.1002,0.1002,42631.61
2026-09-04 02:00:00,0.1002,0.1003,0.0999,0.0999,117124.76
2026-09-04 02:05:00,0.0998,0.0999,0.0997,0.0998,64876.26
2026-09-04 02:10:00,0.0998,0.0999,0.0997,0.0999,69531.38
2026-09-04 02:15:00,0.0999,0.1,0.0996,0.0997,194025.85
2026-09-04 02:20:00,0.0997,0.0997,0.0996,0.0996,149286.76
2026-09-04 02:25:00,0.0997,0.0998,0.0996,0.0997,45622.25
2026-09-04 02:30:00,0.0997,0.0999,0.0997,0.0998,56843.81
2026-09-04 02:35:00,0.0998,0.1,0.0997,0.1,30581.63
2026-09-04 02:40:00,0.1,0.1,0.0999,0.0999,46951.72
2026-09-04 02:45:00,0.0999,0.0999,0.0998,0.0999,141750.02
2026-09-04 02:50:00,0.1,0.1,0.1,0.1,4821.83
2026-09-04 02:55:00,0.0999,0.1002,0.0999,0.1002,42295.23
2026-09-04 03:00:00,0.1002,0.1003,0.1001,0.1002,168151.44
2026-09-04 03:05:00,0.1003,0.1004,0.1003,0.1003,56947.02
2026-09-04 03:10:00,0.1002,0.1002,0.0997,0.0999,95621.28
2026-09-04 03:15:00,0.0998,0.0998,0.0994,0.0995,212526.2
2026-09-04 03:20:00,0.0995,0.0995,0.0994,0.0995,82729.07
2026-09-04 03:25:00,0.0994,0.0995,0.0993,0.0994,21927.69
2026-09-04 03:30:00,0.0993,0.0994,0.099,0.0992,249107.39
2026-09-04 03:35:00,0.0992,0.0994,0.0991,0.0994,299307.41
2026-09-04 03:40:00,0.0994,0.0995,0.0994,0.0995,410603.62
2026-09-04 03:45:00,0.0995,0.0996,0.0994,0.0995,22742.36
2026-09-04 03:50:00,0.0996,0.0997,0.0996,0.0996,122411.08
2026-09-04 03:55:00,0.0997,0.0997,0.0996,0.0997,94715.87
2026-09-04 04:00:00,0.0996,0.0996,0.0994,0.0995,121177.48
2026-09-04 04:05:00,0.0995,0.0997,0.0995,0.0995,77413.97
2026-09-04 04:10:00,0.0996,0.1,0.0996,0.1,185290.56
2026-09-04 04:15:00,0.1,0.1,0.0996,0.0998,113741.13
2026-09-04 04:20:00,0.0999,0.0999,0.0998,0.0998,16144.87
2026-09-04 04:25:00,0.0999,0.1003,0.0998,0.1003,149022.63
2026-09-04 04:30:00,0.1002,0.1005,0.1002,0.1005,147554.73
2026-09-04 04:35:00,0.1004,0.1004,0.1001,0.1001,49212.28
2026-09-04 04:40:00,0.1001,0.1001,0.0997,0.0997,90097.17
2026-09-04 04:45:00,0.0997,0.0999,0.0997,0.0998,57003.43
2026-09-04 04:50:00,0.0997,0.0999,0.0997,0.0999,38962.42
2026-09-04 04:55:00,0.0999,0.1,0.0999,0.0999,84207.74
2026-09-04 05:00:00,0.0998,0.0998,0.0996,0.0997,34136.83
2026-09-04 05:05:00,0.0997,0.0999,0.0997,0.0999,30365.98
2026-09-04 05:10:00,0.0999,0.1,0.0999,0.1,17966.43
2026-09-04 05:15:00,0.0999,0.1001,0.0999,0.1,40588.62
2026-09-04 05:20:00,0.0999,0.1002,0.0999,0.1002,110527.17
2026-09-04 05:25:00,0.1002,0.1003,0.0996,0.0996,182421.12
2026-09-04 05:30:00,0.0996,0.0996,0.0993,0.0995,87579.61
2026-09-04 05:35:00,0.0995,0.0995,0.0992,0.0992,152123.62
2026-09-04 05:40:00,0.0992,0.0993,0.0992,0.0992,18105.74
2026-09-04 05:45:00,0.0992,0.0992,0.0983,0.0983,403518.83
2026-09-04 05:50:00,0.0984,0.0987,0.0984,0.0986,83355.11
2026-09-04 05:55:00,0.0986,0.0987,0.0985,0.0986,219871.9
2026-09-04 06:00:00,0.0986,0.0986,0.0984,0.0984,88752.39
2026-09-04 06:05:00,0.0984,0.0986,0.0984,0.0986,74900.45
2026-09-04 06:10:00,0.0987,0.0988,0.0986,0.0986,65744.1
2026-09-04 06:15:00,0.0986,0.0986,0.0985,0.0985,29216.94
2026-09-04 06:20:00,0.0985,0.0985,0.0982,0.0982,30398.34
2026-09-04 06:25:00,0.0983,0.0983,0.098,0.0981,212891.14
2026-09-04 06:30:00,0.0982,0.0985,0.0981,0.0984,212645.22
2026-09-04 06:35:00,0.0983,0.0984,0.098,0.0983,146997.5
2026-09-04 06:40:00,0.0984,0.0986,0.0984,0.0985,32093.39
2026-09-04 06:45:00,0.0985,0.0988,0.0984,0.0988,97644.83
2026-09-04 06:50:00,0.0988,0.099,0.0987,0.0988,148739.52
2026-09-04 06:55:00,0.0988,0.0988,0.0987,0.0987,44893.66
2026-09-04 07:00:00,0.0988,0.0988,0.0987,0.0987,66983.5
2026-09-04 07:05:00,0.0988,0.0991,0.0988,0.0991,91194.31
2026-09-04 07:10:00,0.0991,0.0992,0.099,0.099,169245.49
2026-09-04 07:15:00,0.0991,0.0993,0.099,0.0991,91304.6
2026-09-04 07:20:00,0.0991,0.0992,0.099,0.0991,27563.35
2026-09-04 07:25:00,0.0992,0.0992,0.0991,0.0991,8363.72
2026-09-04 07:30:00,0.0991,0.0994,0.0991,0.0992,36211.66
2026-09-04 07:35:00,0.0992,0.0992,0.0989,0.099,67413.34
2026-09-04 07:40:00,0.099,0.0991,0.0989,0.0991,50946.88
2026-09-04 07:45:00,0.0991,0.0992,0.099,0.0991,20518.97
2026-09-04 07:50:00,0.0991,0.0991,0.099,0.099,7899.49
2026-09-04 07:55:00,0.0989,0.099,0.0988,0.0989,49200.97
2026-09-04 08:00:00,0.0989,0.0989,0.0988,0.0989,52906.12
2026-09-04 08:05:00,0.0988,0.0989,0.0986,0.0989,85210.98
2026-09-04 08:10:00,0.0988,0.099,0.0988,0.099,83003.59
2026-09-04 08:15:00,0.099,0.099,0.0989,0.099,53083.9
2026-09-04 08:20:00,0.099,0.0992,0.0989,0.0992,54895.51
2026-09-04 08:25:00,0.0991,0.0991,0.099,0.099,13482.87
2026-09-04 08:30:00,0.0991,0.0992,0.0991,0.0991,40752.51
2026-09-04 08:35:00,0.0991,0.0991,0.0989,0.099,104006.42
2026-09-04 08:40:00,0.0991,0.0993,0.0991,0.0993,43454.84
2026-09-04 08:45:00,0.0993,0.0997,0.0991,0.0993,230084.13
2026-09-04 08:50:00,0.0994,0.0997,0.0994,0.0997,130914.08
2026-09-04 08:55:00,0.0997,0.1,0.0996,0.0999,65959.49
2026-09-04 09:00:00,0.0999,0.1003,0.0998,0.1003,151286.77
2026-09-04 09:05:00,0.1003,0.1004,0.1002,0.1002,97851.33
2026-09-04 09:10:00,0.1003,0.1003,0.1,0.1001,113211.8
2026-09-04 09:15:00,0.1001,0.1005,0.1,0.1004,134592.9
2026-09-04 09:20:00,0.1004,0.1004,0.0999,0.1001,125936.84
2026-09-04 09:25:00,0.1001,0.1005,0.1,0.1002,114930.23
2026-09-04 09:30:00,0.1003,0.1003,0.1,0.1002,75958.93
2026-09-04 09:35:00,0.1003,0.1005,0.1003,0.1004,52532.35
2026-09-04 09:40:00,0.1004,0.1006,0.1003,0.1004,85897.52
2026-09-04 09:45:00,0.1003,0.1005,0.1003,0.1003,20416.55
2026-09-04 09:50:00,0.1003,0.1004,0.1001,0.1003,52516.73
2026-09-04 09:55:00,0.1003,0.1003,0.1,0.1,52727.16
2026-09-04 10:00:00,0.0999,0.1003,0.0998,0.0999,180664.81
2026-09-04 10:05:00,0.0999,0.0999,0.0995,0.0995,46264.5
2026-09-04 10:10:00,0.0995,0.0997,0.0994,0.0995,60774.89
2026-09-04 10:15:00,0.0995,0.0995,0.0991,0.0992,77766.68
2026-09-04 10:20:00,0.0993,0.0996,0.0993,0.0996,27990.36
2026-09-04 10:25:00,0.0995,0.0996,0.0993,0.0996,125712.71
2026-09-04 10:30:00,0.0996,0.0999,0.0996,0.0997,22440.44
2026-09-04 10:35:00,0.0996,0.0998,0.0996,0.0997,22741.32
2026-09-04 10:40:00,0.0998,0.0998,0.0996,0.0997,45725.58
2026-09-04 10:45:00,0.0996,0.0999,0.0995,0.0997,74562.92
2026-09-04 10:50:00,0.0997,0.0998,0.0996,0.0998,31734.56
2026-09-04 10:55:00,0.0998,0.0998,0.0997,0.0998,41902.2
2026-09-04 11:00:00,0.0997,0.0998,0.0996,0.0996,111766.48
2026-09-04 11:05:00,0.0997,0.0997,0.0996,0.0996,30180.29
2026-09-04 11:10:00,0.0997,0.0998,0.0996,0.0997,52993.61
2026-09-04 11:15:00,0.0996,0.0997,0.0995,0.0996,51300.11
2026-09-04 11:20:00,0.0996,0.0998,0.0995,0.0998,71425.68
2026-09-04 11:25:00,0.0997,0.0999,0.0997,0.0999,48653.73
2026-09-04 11:30:00,0.0999,0.1,0.0998,0.1,66307.12
2026-09-04 11:35:00,0.1,0.1,0.0999,0.1,306221.83
2026-09-04 11:40:00,0.1,0.1001,0.0999,0.0999,59689.42
2026-09-04 11:45:00,0.0999,0.0999,0.0995,0.0996,26257.82
2026-09-04 11:50:00,0.0996,0.0997,0.0995,0.0995,35977.24
2026-09-04 11:55:00,0.0995,0.0995,0.0993,0.0993,10987.2
2026-09-04 12:00:00,0.0994,0.0994,0.099,0.0991,137437.48
2026-09-04 12:05:00,0.0992,0.0996,0.0991,0.0996,91327.45
2026-09-04 12:10:00,0.0996,0.0996,0.099,0.0992,109209.2
2026-09-04 12:15:00,0.0993,0.0993,0.099,0.0991,73954.08
2026-09-04 12:20:00,0.0992,0.0992,0.0989,0.0991,32117.46
2026-09-04 12:25:00,0.0992,0.0994,0.0991,0.0994,70992.03
2026-09-04 12:30:00,0.0993,0.0993,0.095,0.0967,7297324.39
2026-09-04 12:35:00,0.0967,0.0972,0.0964,0.0972,562033.91
2026-09-04 12:40:00,0.0973,0.0974,0.0965,0.0967,321596.62
2026-09-04 12:45:00,0.0966,0.0967,0.0954,0.0965,955510.25
2026-09-04 12:50:00,0.0964,0.0968,0.0961,0.0967,174091.04
2026-09-04 12:55:00,0.0967,0.0967,0.0961,0.0965,140049.5
2026-09-04 13:00:00,0.0965,0.0967,0.0963,0.0966,122598.99
2026-09-04 13:05:00,0.0965,0.0966,0.0962,0.0963,187462.88
2026-09-04 13:10:00,0.0963,0.0964,0.0962,0.0962,311990.03
2026-09-04 13:15:00,0.0963,0.0966,0.0962,0.0965,104012.55
2026-09-04 13:20:00,0.0965,0.0971,0.0965,0.0969,662961.16
2026-09-04 13:25:00,0.0969,0.097,0.0967,0.0968,129090.88
2026-09-04 13:30:00,0.0969,0.0972,0.0969,0.0971,239173.91
2026-09-04 13:35:00,0.097,0.0973,0.0966,0.0972,148157.04
2026-09-04 13:40:00,0.0972,0.0973,0.0971,0.0972,183462.31
2026-09-04 13:45:00,0.0972,0.0978,0.0971,0.0978,187555.71
2026-09-04 13:50:00,0.0978,0.0978,0.0971,0.0972,138400.74
2026-09-04 13:55:00,0.0972,0.0974,0.0971,0.0973,53054.37
2026-09-04 14:00:00,0.0973,0.0974,0.0972,0.0972,92965.3
2026-09-04 14:05:00,0.0972,0.0973,0.0969,0.097,82617.46
2026-09-04 14:10:00,0.0969,0.0969,0.0966,0.0969,85063.66
2026-09-04 14:15:00,0.0969,0.097,0.0964,0.0964,168506.37
2026-09-04 14:20:00,0.0963,0.0965,0.0961,0.0964,307798.95
2026-09-04 14:25:00,0.0965,0.0966,0.0963,0.0965,88299.17
2026-09-04 14:30:00,0.0966,0.0966,0.0964,0.0965,94726.63
2026-09-04 14:35:00,0.0966,0.0968,0.0963,0.0963,223958.72
2026-09-04 14:40:00,0.0963,0.0964,0.0957,0.0959,333106.36
2026-09-04 14:45:00,0.096,0.0962,0.0954,0.0954,625426.21
2026-09-04 14:50:00,0.0954,0.0958,0.0953,0.0956,175043.25
2026-09-04 14:55:00,0.0957,0.0961,0.0957,0.0957,262866.29
2026-09-04 15:00:00,0.0956,0.0962,0.0953,0.0962,207355.06
2026-09-04 15:05:00,0.0962,0.0964,0.0961,0.0964,55692.32
2026-09-04 15:10:00,0.0964,0.0965,0.0963,0.0964,252081.67
2026-09-04 15:15:00,0.0965,0.0969,0.0964,0.0965,820206.37
2026-09-04 15:20:00,0.0965,0.0965,0.0963,0.0964,36003.55
2026-09-04 15:25:00,0.0965,0.0966,0.0965,0.0966,78200.88
2026-09-04 15:30:00,0.0967,0.0969,0.0965,0.0965,756727.41
2026-09-04 15:35:00,0.0966,0.0967,0.0966,0.0966,211809.98
2026-09-04 15:40:00,0.0966,0.0968,0.0966,0.0968,399847.41
2026-09-04 15:45:00,0.0969,0.0969,0.0965,0.0967,240128.64
2026-09-04 15:50:00,0.0967,0.0969,0.0966,0.0967,55233.09
2026-09-04 15:55:00,0.0968,0.0968,0.0966,0.0966,28709.71
2026-09-04 16:00:00,0.0965,0.0969,0.0965,0.0966,63179.17
2026-09-04 16:05:00,0.0967,0.0971,0.0967,0.097,95340.5
2026-09-04 16:10:00,0.0971,0.0972,0.097,0.0971,33961.34
2026-09-04 16:15:00,0.0971,0.0974,0.0971,0.0974,65886.64
2026-09-04 16:20:00,0.0974,0.0975,0.0973,0.0973,93168.28
2026-09-04 16:25:00,0.0973,0.0975,0.0971,0.0973,633531.52
2026-09-04 16:30:00,0.0974,0.0983,0.0974,0.0978,680742.66
2026-09-04 16:35:00,0.0979,0.0979,0.0976,0.0977,185758.86
2026-09-04 16:40:00,0.0977,0.0979,0.0976,0.0978,144898.66
2026-09-04 16:45:00,0.0978,0.098,0.0977,0.098,52981.8
2026-09-04 16:50:00,0.098,0.0981,0.0978,0.0979,18574.82
2026-09-04 16:55:00,0.0979,0.098,0.0977,0.0977,28946.53
2026-09-04 17:00:00,0.0977,0.0978,0.0975,0.0976,196364.11
2026-09-04 17:05:00,0.0976,0.0977,0.0975,0.0976,170937.42
2026-09-04 17:10:00,0.0976,0.0977,0.0975,0.0975,40635.97
2026-09-04 17:15:00,0.0974,0.0976,0.0973,0.0975,220010.37
2026-09-04 17:20:00,0.0975,0.0976,0.0974,0.0974,44105.11
2026-09-04 17:25:00,0.0974,0.0975,0.0972,0.0972,36546.32
2026-09-04 17:30:00,0.0973,0.0974,0.0973,0.0974,17317.75
2026-09-04 17:35:00,0.0974,0.0974,0.0972,0.0972,86656.62
2026-09-04 17:40:00,0.0971,0.0971,0.097,0.097,90961.01
2026-09-04 17:45:00,0.0969,0.0969,0.0967,0.0968,114777.75
2026-09-04 17:50:00,0.0968,0.0969,0.0966,0.0967,65722.82
2026-09-04 17:55:00,0.0967,0.0968,0.0966,0.0966,25619.78
2026-09-04 18:00:00,0.0967,0.0969,0.0966,0.0968,44817.83
2026-09-04 18:05:00,0.0968,0.097,0.0967,0.0969,98657.29
2026-09-04 18:10:00,0.0969,0.097,0.0965,0.0965,76311.62
2026-09-04 18:15:00,0.0966,0.097,0.0966,0.097,44770.74
2026-09-04 18:20:00,0.0969,0.0971,0.0969,0.097,11250.95
2026-09-04 18:25:00,0.0971,0.0971,0.0968,0.0968,28320.91
2026-09-04 18:30:00,0.0968,0.0971,0.0968,0.0971,24926.04
2026-09-04 18:35:00,0.0971,0.0972,0.097,0.0971,4120.15
2026-09-04 18:40:00,0.0972,0.0973,0.0972,0.0973,28121.27
2026-09-04 18:45:00,0.0974,0.0975,0.0973,0.0974,37521.05
2026-09-04 18:50:00,0.0974,0.0974,0.0972,0.0973,53894.5
2026-09-04 18:55:00,0.0973,0.0974,0.0973,0.0973,22775.74
2026-09-04 19:00:00,0.0973,0.0974,0.0973,0.0974,27955.08
2026-09-04 19:05:00,0.0974,0.0974,0.0973,0.0974,28197.72
2026-09-04 19:10:00,0.0973,0.0974,0.0973,0.0973,20440.11
2026-09-04 19:15:00,0.0974,0.0977,0.0974,0.0977,23378.28
2026-09-04 19:20:00,0.0977,0.0984,0.0977,0.0983,158010.11
2026-09-04 19:25:00,0.0984,0.0995,0.0983,0.0995,592256.85
2026-09-04 19:30:00,0.0994,0.0996,0.0988,0.0989,220543.97
2026-09-04 19:35:00,0.0989,0.0993,0.0989,0.0992,253514.92
2026-09-04 19:40:00,0.0992,0.0992,0.0987,0.0989,98051.78
2026-09-04 19:45:00,0.099,0.0995,0.0988,0.0993,130914.84
2026-09-04 19:50:00,0.0993,0.0993,0.0987,0.0987,51246.79
2026-09-04 19:55:00,0.0987,0.0987,0.0985,0.0985,204284.97
2026-09-04 20:00:00,0.0985,0.0987,0.0985,0.0985,114570.44
2026-09-04 20:05:00,0.0985,0.0986,0.0982,0.0983,129598.44
2026-09-04 20:10:00,0.0983,0.0983,0.0979,0.098,285660.75
2026-09-04 20:15:00,0.0981,0.0986,0.098,0.0984,155304.58
2026-09-04 20:20:00,0.0985,0.0985,0.0982,0.0983,17093.95
2026-09-04 20:25:00,0.0983,0.0984,0.0983,0.0983,5251.99
2026-09-04 20:30:00,0.0983,0.0984,0.0982,0.0982,93682.24
2026-09-04 20:35:00,0.0982,0.0984,0.0982,0.0984,78634.39
2026-09-04 20:40:00,0.0985,0.0986,0.0983,0.0984,166265.79
2026-09-04 20:45:00,0.0983,0.0985,0.0983,0.0984,87424.28
2026-09-04 20:50:00,0.0983,0.0983,0.0982,0.0982,18671.81
2026-09-04 20:55:00,0.0983,0.0983,0.098,0.098,67436.47
2026-09-04 21:00:00,0.098,0.0981,0.0978,0.0981,26407.49
2026-09-04 21:05:00,0.0981,0.0985,0.0981,0.0983,13647.48
2026-09-04 21:10:00,0.0983,0.0988,0.0983,0.0987,45541.51
2026-09-04 21:15:00,0.0988,0.0991,0.0988,0.0988,16434.19
2026-09-04 21:20:00,0.0989,0.099,0.0987,0.0987,77940.61
2026-09-04 21:25:00,0.0986,0.0986,0.0983,0.0984,21644.38
2026-09-04 21:30:00,0.0983,0.0985,0.0983,0.0984,117766.99
2026-09-04 21:35:00,0.0985,0.0988,0.0984,0.0987,206600.29
2026-09-04 21:40:00,0.0986,0.0986,0.0984,0.0984,16560.24
2026-09-04 21:45:00,0.0984,0.0985,0.0983,0.0983,3760.73
2026-09-04 21:50:00,0.0982,0.0982,0.0977,0.0978,135106.23
2026-09-04 21:55:00,0.0978,0.0978,0.0977,0.0977,17805.06
2026-09-04 22:00:00,0.0976,0.098,0.0976,0.0979,95434.03
2026-09-04 22:05:00,0.0978,0.0978,0.0976,0.0976,119199.27
2026-09-04 22:10:00,0.0976,0.0976,0.0975,0.0976,429548.97
2026-09-04 22:15:00,0.0975,0.0975,0.0975,0.0975,6648.07
2026-09-04 22:20:00,0.0975,0.0975,0.0975,0.0975,875.19
2026-09-04 22:25:00,0.0975,0.0976,0.0973,0.0975,69039.5
2026-09-04 22:30:00,0.0974,0.0975,0.0973,0.0973,20661.83
2026-09-04 22:35:00,0.0974,0.0974,0.0973,0.0974,114935.22
2026-09-04 22:40:00,0.0974,0.0975,0.0973,0.0975,68063.46
2026-09-04 22:45:00,0.0974,0.0974,0.0973,0.0973,15013.3
2026-09-04 22:50:00,0.0973,0.0974,0.0973,0.0974,5804.51
2026-09-04 22:55:00,0.0973,0.0973,0.097,0.0971,338076.26
2026-09-04 23:00:00,0.0971,0.0971,0.097,0.0971,27287.65
2026-09-04 23:05:00,0.0971,0.0973,0.0971,0.0973,103238.02
2026-09-04 23:10:00,0.0973,0.0974,0.0971,0.0971,30635.19
2026-09-04 23:15:00,0.0972,0.0973,0.0971,0.0973,33823.04
2026-09-04 23:20:00,0.0973,0.0975,0.0973,0.0975,46948.28
2026-09-04 23:25:00,0.0974,0.0976,0.0974,0.0975,42140.37
2026-09-04 23:30:00,0.0975,0.0975,0.0973,0.0974,310160.07
2026-09-04 23:35:00,0.0974,0.0977,0.0974,0.0977,142038.28
2026-09-04 23:40:00,0.0977,0.0978,0.0977,0.0978,30110.67
2026-09-04 23:45:00,0.0979,0.0979,0.0977,0.0978,48700.93
2026-09-04 23:50:00,0.0978,0.0979,0.0978,0.0979,93229.76
2026-09-04 23:55:00,0.0979,0.0981,0.0979,0.0981,74573.96
2026-09-05 00:00:00,0.0981,0.0981,0.0979,0.098,35035.76
2026-09-05 00:05:00,0.0981,0.0981,0.098,0.0981,70587.45
2026-09-05 00:10:00,0.0982,0.0985,0.0981,0.0981,142571.01
2026-09-05 00:15:00,0.0982,0.0985,0.0981,0.0982,43305.58
2026-09-05 00:20:00,0.0983,0.0985,0.0983,0.0984,24876.19
2026-09-05 00:25:00,0.0984,0.0985,0.0983,0.0985,42994.38
2026-09-05 00:30:00,0.0984,0.0986,0.0981,0.0981,42184.62
2026-09-05 00:35:00,0.0982,0.0984,0.0982,0.0982,23224.09
2026-09-05 00:40:00,0.0982,0.0984,0.0982,0.0983,52178.78
2026-09-05 00:45:00,0.0983,0.0983,0.098,0.0981,63491.13
2026-09-05 00:50:00,0.0981,0.0986,0.0981,0.0985,114472.55
2026-09-05 00:55:00,0.0985,0.0985,0.0981,0.0982,91958.62
2026-09-05 01:00:00,0.0981,0.0982,0.0981,0.0982,101797.04
2026-09-05 01:05:00,0.0982,0.0986,0.0982,0.0986,122734.58
2026-09-05 01:10:00,0.0986,0.0988,0.0985,0.0985,71547.46
2026-09-05 01:15:00,0.0985,0.0988,0.0985,0.0987,77227.27
2026-09-05 01:20:00,0.0987,0.0989,0.0986,0.0986,88395.28
2026-09-05 01:25:00,0.0985,0.0986,0.0984,0.0984,101711.04
2026-09-05 01:30:00,0.0986,0.0987,0.0985,0.0986,34550.44
2026-09-05 01:35:00,0.0986,0.0988,0.0985,0.0987,63031.87
2026-09-05 01:40:00,0.0987,0.0988,0.0985,0.0986,62265.12
2026-09-05 01:45:00,0.0986,0.0988,0.0985,0.0988,188656.09
2026-09-05 01:50:00,0.0987,0.0992,0.0987,0.0992,202841.61
2026-09-05 01:55:00,0.0991,0.0995,0.099,0.099,139750.93
2026-09-05 02:00:00,0.099,0.099,0.0986,0.0987,99136.85
2026-09-05 02:05:00,0.0988,0.0989,0.0985,0.0989,118399.98
2026-09-05 02:10:00,0.0989,0.0989,0.0988,0.0988,9597.71
2026-09-05 02:15:00,0.0989,0.0992,0.0986,0.099,258673.33
2026-09-05 02:20:00,0.0991,0.0997,0.0991,0.0995,77397.26
2026-09-05 02:25:00,0.0997,0.0997,0.0991,0.0992,238547.54
2026-09-05 02:30:00,0.0993,0.0994,0.0992,0.0992,27281.81
2026-09-05 02:35:00,0.0993,0.0997,0.0993,0.0995,337888.25
2026-09-05 02:40:00,0.0995,0.0996,0.0995,0.0995,169106.84
2026-09-05 02:45:00,0.0995,0.0996,0.0994,0.0995,104725.84
2026-09-05 02:50:00,0.0995,0.0998,0.0995,0.0998,55898.2
2026-09-05 02:55:00,0.0997,0.1001,0.0997,0.1,212834.14
2026-09-05 03:00:00,0.1,0.1007,0.0999,0.1002,817451.05
2026-09-05 03:05:00,0.1001,0.1004,0.1001,0.1004,463171.52
2026-09-05 03:10:00,0.1003,0.1007,0.1003,0.1007,91759.22
2026-09-05 03:15:00,0.1008,0.1011,0.1004,0.1005,696201.48
2026-09-05 03:20:00,0.1004,0.1004,0.1,0.1001,198615.06
2026-09-05 03:25:00,0.1001,0.1006,0.1001,0.1005,313945.89
2026-09-05 03:30:00,0.1005,0.1005,0.1002,0.1003,108793.02
2026-09-05 03:35:00,0.1002,0.1003,0.1,0.1002,240299.46
2026-09-05 03:40:00,0.1004,0.1004,0.1002,0.1003,118818.69
2026-09-05 03:45:00,0.1003,0.1003,0.1002,0.1002,115517.39
2026-09-05 03:50:00,0.1002,0.1003,0.1,0.1,47636.86
2026-09-05 03:55:00,0.1,0.1001,0.1,0.1001,49230.13
2026-09-05 04:00:00,0.1002,0.1002,0.0999,0.1,70175.52
2026-09-05 04:05:00,0.1,0.1003,0.0998,0.0999,48435.94
2026-09-05 04:10:00,0.0999,0.1,0.0997,0.0998,124889.26
2026-09-05 04:15:00,0.0998,0.1,0.0998,0.1,150657.85
2026-09-05 04:20:00,0.1,0.1001,0.0996,0.0997,157600.85
2026-09-05 04:25:00,0.0997,0.0998,0.0997,0.0998,41695.28
2026-09-05 04:30:00,0.0999,0.1,0.0999,0.1,21616.81
2026-09-05 04:35:00,0.1,0.1,0.0998,0.0999,34023.46
2026-09-05 04:40:00,0.0999,0.1002,0.0999,0.1,35024.82
2026-09-05 04:45:00,0.0999,0.0999,0.0995,0.0996,136985.18
2026-09-05 04:50:00,0.0997,0.1003,0.0995,0.1003,368830.46
2026-09-05 04:55:00,0.1004,0.1004,0.1001,0.1002,192057.29
2026-09-05 05:00:00,0.1003,0.1003,0.0997,0.0998,110191.07
2026-09-05 05:05:00,0.0997,0.0998,0.0996,0.0998,56961.77
2026-09-05 05:10:00,0.0997,0.1,0.0997,0.1,121296.45
2026-09-05 05:15:00,0.1,0.1006,0.0999,0.1003,197065.44
2026-09-05 05:20:00,0.1003,0.1004,0.1,0.1003,412833.12
2026-09-05 05:25:00,0.1003,0.1003,0.1,0.1001,92675.73
2026-09-05 05:30:00,0.1001,0.1001,0.0999,0.1,16300.92
2026-09-05 05:35:00,0.1,0.1,0.0997,0.0998,80572.77
2026-09-05 05:40:00,0.0997,0.1001,0.0997,0.0999,208680.85
2026-09-05 05:45:00,0.1,0.1001,0.0997,0.0998,211151.19
2026-09-05 05:50:00,0.0998,0.1004,0.0998,0.1004,207726.54
2026-09-05 05:55:00,0.1005,0.1006,0.1004,0.1006,303095.51
2026-09-05 06:00:00,0.1006,0.1009,0.1006,0.1009,174852.35
2026-09-05 06:05:00,0.1009,0.1013,0.1009,0.1011,453155.05
2026-09-05 06:10:00,0.1012,0.1014,0.101,0.1011,160868.67
2026-09-05 06:15:00,0.1011,0.1011,0.1008,0.101,134096.69
2026-09-05 06:20:00,0.101,0.1011,0.1009,0.1011,100434.1
2026-09-05 06:25:00,0.1011,0.1012,0.101,0.1011,44264.93
2026-09-05 06:30:00,0.101,0.1012,0.101,0.1011,89051.72
2026-09-05 06:35:00,0.1012,0.1018,0.1011,0.1017,606789.02
2026-09-05 06:40:00,0.1018,0.1018,0.1013,0.1014,196192.87
2026-09-05 06:45:00,0.1013,0.1016,0.1013,0.1016,255419.44
2026-09-05 06:50:00,0.1015,0.1016,0.1014,0.1016,64605.84
2026-09-05 06:55:00,0.1016,0.1018,0.1015,0.1017,127726.21
2026-09-05 07:00:00,0.1017,0.1018,0.1015,0.1016,391178.26
2026-09-05 07:05:00,0.1016,0.102,0.1015,0.1017,324783.73
2026-09-05 07:10:00,0.1018,0.1018,0.1015,0.1015,151111.49
2026-09-05 07:15:00,0.1015,0.1018,0.1015,0.1016,360434.29
2026-09-05 07:20:00,0.1016,0.1017,0.1015,0.1016,58135.16
2026-09-05 07:25:00,0.1015,0.1015,0.1011,0.1013,308213.12
2026-09-05 07:30:00,0.1012,0.1014,0.1012,0.1012,119383.71
2026-09-05 07:35:00,0.1012,0.1012,0.1011,0.1012,16305.08
2026-09-05 07:40:00,0.1012,0.1013,0.101,0.1011,42015.63
2026-09-05 07:45:00,0.1012,0.1013,0.1011,0.1011,81212.33
2026-09-05 07:50:00,0.1012,0.1015,0.1012,0.1013,168476.57
2026-09-05 07:55:00,0.1011,0.1012,0.1009,0.101,264968.18
2026-09-05 08:00:00,0.1012,0.1052,0.101,0.1011,2928450.34
2026-09-05 08:05:00,0.1012,0.1012,0.1009,0.101,101419.2
2026-09-05 08:10:00,0.101,0.1014,0.101,0.1011,284785.55
2026-09-05 08:15:00,0.1011,0.1014,0.1011,0.1011,66314.58
2026-09-05 08:20:00,0.1011,0.1013,0.1008,0.1009,284850.39
2026-09-05 08:25:00,0.1008,0.1009,0.1007,0.1007,190890.12
2026-09-05 08:30:00,0.1007,0.1007,0.1003,0.1004,389829.82
2026-09-05 08:35:00,0.1004,0.1007,0.1004,0.1005,101962.17
2026-09-05 08:40:00,0.1005,0.1005,0.1004,0.1004,154883.68
2026-09-05 08:45:00,0.1004,0.1004,0.1,0.1,84962.29
2026-09-05 08:50:00,0.1001,0.1002,0.1001,0.1002,59078.34
2026-09-05 08:55:00,0.1001,0.1003,0.1001,0.1002,131111.94
2026-09-05 09:00:00,0.1003,0.1003,0.1002,0.1003,20644.19
2026-09-05 09:05:00,0.1003,0.1007,0.1003,0.1006,26385.28
2026-09-05 09:10:00,0.1005,0.1005,0.1004,0.1004,113939.36
2026-09-05 09:15:00,0.1003,0.1005,0.1002,0.1005,289935.55
2026-09-05 09:20:00,0.1005,0.1006,0.1004,0.1005,226156.01
2026-09-05 09:25:00,0.1005,0.1006,0.1005,0.1005,170653.69
2026-09-05 09:30:00,0.1005,0.101,0.1005,0.1009,150156.54
2026-09-05 09:35:00,0.1009,0.1013,0.1008,0.1013,497103.39
2026-09-05 09:40:00,0.1012,0.1013,0.1009,0.101,302427.89
2026-09-05 09:45:00,0.101,0.1012,0.1009,0.101,114343.95
2026-09-05 09:50:00,0.1008,0.1009,0.1006,0.1007,193772.15
2026-09-05 09:55:00,0.1007,0.101,0.1007,0.1009,586522.82
2026-09-05 10:00:00,0.1009,0.1014,0.1009,0.1013,667186.33
2026-09-05 10:05:00,0.1012,0.1014,0.1011,0.1014,72328.84
2026-09-05 10:10:00,0.1013,0.1016,0.1013,0.1014,297325.63
2026-09-05 10:15:00,0.1014,0.1018,0.1013,0.1017,125460.97
2026-09-05 10:20:00,0.1017,0.1017,0.1013,0.1013,284538.81
2026-09-05 10:25:00,0.1013,0.1013,0.1011,0.1011,50989.02
2026-09-05 10:30:00,0.1011,0.1014,0.1011,0.1014,38926.62
2026-09-05 10:35:00,0.1013,0.1013,0.1011,0.1011,139923.38
2026-09-05 10:40:00,0.1011,0.1013,0.1011,0.1013,46970.5
2026-09-05 10:45:00,0.1012,0.1013,0.1011,0.1011,39458.21
2026-09-05 10:50:00,0.1011,0.1011,0.1008,0.101,53066.27
2026-09-05 10:55:00,0.101,0.102,0.101,0.1015,1403701.12
2026-09-05 11:00:00,0.1016,0.1016,0.1013,0.1015,55001.64
2026-09-05 11:05:00,0.1016,0.1018,0.1016,0.1016,59744.01
2026-09-05 11:10:00,0.1017,0.1017,0.1014,0.1014,119513.7
2026-09-05 11:15:00,0.1013,0.1013,0.101,0.1011,163918.35
2026-09-05 11:20:00,0.1011,0.1012,0.101,0.101,57074.4
2026-09-05 11:25:00,0.101,0.1012,0.101,0.1012,128123.51
2026-09-05 11:30:00,0.1011,0.1012,0.1011,0.1012,14883.32
2026-09-05 11:35:00,0.1011,0.1017,0.1011,0.1016,101073.48
2026-09-05 11:40:00,0.1016,0.1017,0.1011,0.1011,134756.77
2026-09-05 11:45:00,0.1012,0.1013,0.1012,0.1012,55482.3
2026-09-05 11:50:00,0.1012,0.1015,0.1012,0.1013,122338.64
2026-09-05 11:55:00,0.1014,0.1015,0.1013,0.1015,125850.16
2026-09-05 12:00:00,0.1015,0.1016,0.1004,0.1012,1849853.1
2026-09-05 12:05:00,0.1012,0.1015,0.1011,0.1011,120458.38
2026-09-05 12:10:00,0.1011,0.1011,0.101,0.101,24539.73
2026-09-05 12:15:00,0.101,0.1013,0.1009,0.1011,180594.68
2026-09-05 12:20:00,0.1011,0.1014,0.101,0.1012,96613.35
2026-09-05 12:25:00,0.1012,0.1013,0.1011,0.1011,282341.06
2026-09-05 12:30:00,0.1011,0.1015,0.1011,0.1013,174794.0
2026-09-05 12:35:00,0.1014,0.1015,0.1013,0.1015,173009.4
2026-09-05 12:40:00,0.1015,0.1015,0.1013,0.1013,116571.63
2026-09-05 12:45:00,0.1012,0.1012,0.101,0.1012,61961.31
2026-09-05 12:50:00,0.1012,0.1012,0.1009,0.1011,183223.17
2026-09-05 12:55:00,0.1012,0.1013,0.1012,0.1013,190770.24
2026-09-05 13:00:00,0.1012,0.1014,0.1012,0.1014,64611.82
2026-09-05 13:05:00,0.1014,0.1018,0.1014,0.1017,291133.89
2026-09-05 13:10:00,0.1018,0.1019,0.1017,0.1018,69407.53
2026-09-05 13:15:00,0.1018,0.102,0.1017,0.1018,192565.39
2026-09-05 13:20:00,0.1016,0.1017,0.1014,0.1014,86760.33
2026-09-05 13:25:00,0.1013,0.1013,0.1012,0.1012,31722.32
2026-09-05 13:30:00,0.1012,0.1013,0.1009,0.1009,90000.34
2026-09-05 13:35:00,0.1009,0.1009,0.1005,0.1005,75054.8
2026-09-05 13:40:00,0.1005,0.1007,0.1002,0.1002,173113.93
2026-09-05 13:45:00,0.1003,0.1006,0.1003,0.1005,112864.02
2026-09-05 13:50:00,0.1004,0.1005,0.1001,0.1005,106387.09
2026-09-05 13:55:00,0.1006,0.1006,0.1004,0.1004,20905.16
2026-09-05 14:00:00,0.1005,0.1007,0.1004,0.1005,142308.35
2026-09-05 14:05:00,0.1004,0.1005,0.1004,0.1005,3732.65
2026-09-05 14:10:00,0.1004,0.1004,0.1003,0.1003,45833.38
2026-09-05 14:15:00,0.1003,0.1004,0.1002,0.1002,108027.76
2026-09-05 14:20:00,0.1003,0.1005,0.1003,0.1005,119958.53
2026-09-05 14:25:00,0.1004,0.1007,0.1004,0.1007,26674.43
2026-09-05 14:30:00,0.1006,0.1007,0.1005,0.1006,64248.75
2026-09-05 14:35:00,0.1006,0.1009,0.1006,0.1008,44796.19
2026-09-05 14:40:00,0.1008,0.1008,0.1006,0.1007,109936.65
2026-09-05 14:45:00,0.1006,0.1006,0.1004,0.1004,19869.62
2026-09-05 14:50:00,0.1004,0.1005,0.1004,0.1005,79152.86
2026-09-05 14:55:00,0.1005,0.1008,0.1005,0.1007,54546.45
2026-09-05 15:00:00,0.1007,0.1007,0.1005,0.1006,49009.51
2026-09-05 15:05:00,0.1006,0.1006,0.1004,0.1004,53069.72
2026-09-05 15:10:00,0.1003,0.1005,0.1003,0.1004,58025.73
2026-09-05 15:15:00,0.1003,0.1003,0.1001,0.1001,4010.67
2026-09-05 15:20:00,0.1002,0.1003,0.0999,0.1,217818.24
2026-09-05 15:25:00,0.1001,0.1002,0.1001,0.1001,156444.15
2026-09-05 15:30:00,0.1,0.1002,0.0998,0.1,33300.84
2026-09-05 15:35:00,0.1,0.1002,0.0998,0.1002,73861.88
2026-09-05 15:40:00,0.1002,0.1003,0.1,0.1001,198999.23
2026-09-05 15:45:00,0.1001,0.1001,0.1,0.1001,25131.69
2026-09-05 15:50:00,0.1,0.1,0.1,0.1,67539.37
2026-09-05 15:55:00,0.1,0.1002,0.1,0.1,39772.58
2026-09-05 16:00:00,0.1001,0.1002,0.1,0.1,116864.22
2026-09-05 16:05:00,0.1001,0.1002,0.1001,0.1001,23590.24
2026-09-05 16:10:00,0.1001,0.1004,0.1001,0.1004,216786.28
2026-09-05 16:15:00,0.1004,0.1004,0.1001,0.1002,52902.42
2026-09-05 16:20:00,0.1002,0.1002,0.1001,0.1002,89854.21
2026-09-05 16:25:00,0.1002,0.1003,0.1001,0.1001,71232.12
2026-09-05 16:30:00,0.1001,0.1004,0.1,0.1003,251539.05
2026-09-05 16:35:00,0.1002,0.1002,0.1,0.1,98288.96
2026-09-05 16:40:00,0.1,0.1001,0.1,0.1,125240.42
2026-09-05 16:45:00,0.1,0.1002,0.0999,0.1,161546.18
2026-09-05 16:50:00,0.1,0.1001,0.0999,0.1001,57870.48
2026-09-05 16:55:00,0.1002,0.1005,0.1002,0.1003,191740.86
2026-09-05 17:00:00,0.1003,0.1006,0.1002,0.1004,200892.8
2026-09-05 17:05:00,0.1004,0.1007,0.1004,0.1006,218695.29
2026-09-05 17:10:00,0.1006,0.1008,0.1005,0.1005,77720.49
2026-09-05 17:15:00,0.1005,0.1006,0.1004,0.1004,16705.34
2026-09-05 17:20:00,0.1004,0.1004,0.1002,0.1002,71174.12
2026-09-05 17:25:00,0.1003,0.1003,0.1001,0.1002,37479.94
2026-09-05 17:30:00,0.1003,0.1005,0.1002,0.1002,38997.27
2026-09-05 17:35:00,0.1002,0.1004,0.1002,0.1002,111677.83
2026-09-05 17:40:00,0.1002,0.1004,0.1002,0.1004,30660.15
2026-09-05 17:45:00,0.1003,0.1005,0.1003,0.1004,109450.07
2026-09-05 17:50:00,0.1004,0.1008,0.1004,0.1007,27969.09
2026-09-05 17:55:00,0.1007,0.101,0.1007,0.1009,79866.31
2026-09-05 18:00:00,0.1008,0.101,0.1007,0.101,146059.93
2026-09-05 18:05:00,0.1009,0.1011,0.1008,0.1008,145421.3
2026-09-05 18:10:00,0.1008,0.1009,0.1007,0.1008,234826.39
2026-09-05 18:15:00,0.1008,0.1014,0.1008,0.1013,132596.14
2026-09-05 18:20:00,0.1015,0.1017,0.1014,0.1015,99790.88
2026-09-05 18:25:00,0.1015,0.1015,0.1013,0.1014,57889.81
2026-09-05 18:30:00,0.1014,0.1016,0.1014,0.1016,105998.85
2026-09-05 18:35:00,0.1015,0.1015,0.1014,0.1014,134773.79
2026-09-05 18:40:00,0.1014,0.1015,0.1013,0.1015,101643.36
2026-09-05 18:45:00,0.1015,0.1017,0.1015,0.1016,89040.77
2026-09-05 18:50:00,0.1015,0.1015,0.1014,0.1014,35880.8
2026-09-05 18:55:00,0.1015,0.1016,0.1014,0.1015,59600.62
2026-09-05 19:00:00,0.1015,0.1019,0.1014,0.1018,124903.55
2026-09-05 19:05:00,0.1018,0.1027,0.1018,0.1025,940273.91
2026-09-05 19:10:00,0.1025,0.1025,0.102,0.1021,137104.1
2026-09-05 19:15:00,0.1022,0.1029,0.1022,0.1028,352446.67
2026-09-05 19:20:00,0.1029,0.1031,0.1023,0.1023,1103806.91
2026-09-05 19:25:00,0.1023,0.1024,0.1022,0.1024,76598.67
2026-09-05 19:30:00,0.1024,0.1031,0.1024,0.1027,318724.95
2026-09-05 19:35:00,0.1026,0.1029,0.1025,0.1027,155339.61
2026-09-05 19:40:00,0.1028,0.1041,0.1028,0.1041,819774.0
2026-09-05 19:45:00,0.1041,0.1041,0.103,0.1031,258973.44
2026-09-05 19:50:00,0.1031,0.1035,0.1028,0.1029,756769.95
2026-09-05 19:55:00,0.103,0.1033,0.1029,0.1031,197299.22
2026-09-05 20:00:00,0.1032,0.1032,0.1025,0.1026,466668.91
2026-09-05 20:05:00,0.1027,0.1043,0.1027,0.1043,651643.84
2026-09-05 20:10:00,0.1043,0.106,0.1041,0.1059,1796242.75
2026-09-05 20:15:00,0.1058,0.1065,0.1053,0.1055,1687156.79
2026-09-05 20:20:00,0.1055,0.1058,0.1043,0.1049,1507949.84
2026-09-05 20:25:00,0.1048,0.1049,0.1038,0.1041,1506632.96
2026-09-05 20:30:00,0.1041,0.1052,0.1041,0.1052,848342.83
2026-09-05 20:35:00,0.1052,0.1052,0.1041,0.1041,381755.84
2026-09-05 20:40:00,0.1041,0.1043,0.1038,0.1042,596896.22
2026-09-05 20:45:00,0.1042,0.1048,0.104,0.1042,451898.62
2026-09-05 20:50:00,0.1042,0.1044,0.104,0.104,240114.59
2026-09-05 20:55:00,0.104,0.1042,0.1037,0.1037,346750.89
2026-09-05 21:00:00,0.1038,0.1042,0.1034,0.1039,243958.29
2026-09-05 21:05:00,0.104,0.1045,0.1037,0.1043,214081.31
2026-09-05 21:10:00,0.1044,0.105,0.1042,0.1046,945900.94
2026-09-05 21:15:00,0.1046,0.1056,0.1044,0.1052,1165129.68
2026-09-05 21:20:00,0.1052,0.1066,0.1051,0.1064,633196.75
2026-09-05 21:25:00,0.1065,0.1079,0.1062,0.1078,1315050.91
2026-09-05 21:30:00,0.1078,0.1088,0.1076,0.1087,1076780.97
2026-09-05 21:35:00,0.1086,0.1095,0.1075,0.1088,3593869.63
2026-09-05 21:40:00,0.1088,0.1095,0.1083,0.1094,1398235.25
2026-09-05 21:45:00,0.1094,0.1095,0.1088,0.1093,659958.51
2026-09-05 21:50:00,0.1093,0.1104,0.1092,0.1101,1915989.09
2026-09-05 21:55:00,0.1101,0.1116,0.1098,0.1108,1420386.57
2026-09-05 22:00:00,0.1109,0.1116,0.11,0.1104,1442630.55
2026-09-05 22:05:00,0.1104,0.1104,0.1089,0.1091,1332004.23
2026-09-05 22:10:00,0.1092,0.1105,0.1092,0.11,1295545.2
2026-09-05 22:15:00,0.11,0.1119,0.1099,0.1116,1304770.14
2026-09-05 22:20:00,0.1116,0.113,0.1113,0.1122,3482579.02
2026-09-05 22:25:00,0.1122,0.1122,0.11,0.1103,712602.0
2026-09-05 22:30:00,0.1104,0.1112,0.1104,0.111,569202.93
2026-09-05 22:35:00,0.1109,0.1114,0.1106,0.1109,831028.55
2026-09-05 22:40:00,0.111,0.1113,0.1103,0.1111,799430.3
2026-09-05 22:45:00,0.1111,0.1111,0.1101,0.1105,536559.75
2026-09-05 22:50:00,0.1106,0.1113,0.1104,0.1108,535564.96
2026-09-05 22:55:00,0.1108,0.1115,0.1107,0.1111,338205.28
2026-09-05 23:00:00,0.1111,0.1115,0.1105,0.1108,501316.88
2026-09-05 23:05:00,0.1108,0.1115,0.1106,0.1107,610344.47
2026-09-05 23:10:00,0.1107,0.1109,0.1096,0.1099,640726.46
2026-09-05 23:15:00,0.11,0.1105,0.1097,0.1104,382571.83
2026-09-05 23:20:00,0.1105,0.1108,0.1094,0.1096,378717.84
2026-09-05 23:25:00,0.1096,0.1101,0.1096,0.1098,243226.24
2026-09-05 23:30:00,0.1098,0.1099,0.109,0.109,559098.41
2026-09-05 23:35:00,0.109,0.1091,0.1084,0.1089,619750.48
2026-09-05 23:40:00,0.1089,0.1089,0.1082,0.1082,516477.34
2026-09-05 23:45:00,0.1083,0.1086,0.1079,0.1081,449905.06
2026-09-05 23:50:00,0.1081,0.1085,0.1078,0.108,650857.29
2026-09-05 23:55:00,0.1079,0.1079,0.1074,0.1076,664883.27
2026-09-06 00:00:00,0.1076,0.1111,0.1076,0.1087,2856160.28
2026-09-06 00:05:00,0.1087,0.1088,0.1081,0.1081,324966.92
2026-09-06 00:10:00,0.1082,0.1082,0.108,0.108,318194.56
2026-09-06 00:15:00,0.1079,0.109,0.1078,0.1088,470497.41
2026-09-06 00:20:00,0.1087,0.1096,0.1086,0.1096,351096.52
2026-09-06 00:25:00,0.1096,0.1108,0.1096,0.1106,664523.01
2026-09-06 00:30:00,0.1106,0.1118,0.1106,0.1115,955024.48
2026-09-06 00:35:00,0.1115,0.1116,0.1106,0.1108,765079.89
2026-09-06 00:40:00,0.1109,0.1114,0.1107,0.1113,478686.71
2026-09-06 00:45:00,0.1112,0.1132,0.111,0.113,1330925.6
2026-09-06 00:50:00,0.1129,0.1136,0.1128,0.1133,1535590.51
2026-09-06 00:55:00,0.1133,0.1137,0.1126,0.1129,1144767.04
2026-09-06 01:00:00,0.1129,0.1132,0.1122,0.1126,1063201.06
2026-09-06 01:05:00,0.1127,0.1128,0.1112,0.1113,1438485.37
2026-09-06 01:10:00,0.1113,0.1119,0.1108,0.1115,1628122.5
2026-09-06 01:15:00,0.1115,0.1123,0.1115,0.1122,487233.77
2026-09-06 01:20:00,0.1122,0.1129,0.112,0.1127,1207894.27
2026-09-06 01:25:00,0.1128,0.1131,0.1118,0.1118,442307.57
2026-09-06 01:30:00,0.1118,0.1126,0.1118,0.112,667013.52
2026-09-06 01:35:00,0.112,0.1128,0.112,0.1127,399825.99
2026-09-06 01:40:00,0.1127,0.1137,0.1126,0.1133,829068.61
2026-09-06 01:45:00,0.1133,0.1142,0.1131,0.1139,1068387.04
2026-09-06 01:50:00,0.114,0.114,0.1125,0.1125,991953.41
2026-09-06 01:55:00,0.1126,0.1127,0.112,0.1124,463807.33
2026-09-06 02:00:00,0.1124,0.1128,0.1122,0.1126,615850.04
2026-09-06 02:05:00,0.1126,0.1134,0.1125,0.113,537064.17
2026-09-06 02:10:00,0.1131,0.1133,0.1118,0.1121,1409020.37
2026-09-06 02:15:00,0.1121,0.1126,0.1104,0.1111,3786168.01
2026-09-06 02:20:00,0.111,0.1111,0.1104,0.1107,550478.01
2026-09-06 02:25:00,0.1106,0.1115,0.1103,0.1114,466803.57
2026-09-06 02:30:00,0.1115,0.1118,0.1107,0.1109,839332.11
2026-09-06 02:35:00,0.1108,0.1109,0.1104,0.1107,183311.85
2026-09-06 02:40:00,0.1107,0.1107,0.1091,0.1094,1702920.85
2026-09-06 02:45:00,0.1095,0.1098,0.109,0.109,348283.49
2026-09-06 02:50:00,0.1091,0.1093,0.1087,0.1091,589478.73
2026-09-06 02:55:00,0.1091,0.1092,0.1089,0.109,347131.01
2026-09-06 03:00:00,0.109,0.1094,0.109,0.1091,94077.99
2026-09-06 03:05:00,0.1092,0.1092,0.1086,0.1089,311014.12
2026-09-06 03:10:00,0.1089,0.1097,0.1089,0.1096,498593.65
2026-09-06 03:15:00,0.1095,0.1098,0.1094,0.1096,115527.08
2026-09-06 03:20:00,0.1095,0.1097,0.1089,0.1091,383414.81
2026-09-06 03:25:00,0.109,0.1094,0.1089,0.1093,192635.19
2026-09-06 03:30:00,0.1092,0.1094,0.109,0.1093,102557.72
2026-09-06 03:35:00,0.1093,0.1097,0.1093,0.1096,779145.86
2026-09-06 03:40:00,0.1097,0.1103,0.1097,0.11,477060.84
2026-09-06 03:45:00,0.1099,0.11,0.1095,0.1096,1316140.53
2026-09-06 03:50:00,0.1096,0.1101,0.1095,0.11,219089.84
2026-09-06 03:55:00,0.1101,0.1108,0.1101,0.1107,242360.75
2026-09-06 04:00:00,0.1108,0.1116,0.1105,0.1107,868189.22
2026-09-06 04:05:00,0.1107,0.111,0.1099,0.1101,1123097.15
2026-09-06 04:10:00,0.11,0.11,0.109,0.109,663572.86
2026-09-06 04:15:00,0.109,0.1092,0.1087,0.109,414542.88
2026-09-06 04:20:00,0.109,0.109,0.1083,0.1088,798374.75
2026-09-06 04:25:00,0.1088,0.1091,0.1088,0.1089,126187.74
2026-09-06 04:30:00,0.1089,0.1089,0.1083,0.1087,412322.6
2026-09-06 04:35:00,0.1087,0.1097,0.1087,0.1096,986059.75
2026-09-06 04:40:00,0.1096,0.1105,0.1093,0.1104,438093.53
2026-09-06 04:45:00,0.1105,0.1106,0.1098,0.1099,641859.85
2026-09-06 04:50:00,0.11,0.11,0.1093,0.1094,149463.92
2026-09-06 04:55:00,0.1094,0.1098,0.1093,0.1094,390253.07
2026-09-06 05:00:00,0.1094,0.1098,0.1093,0.1097,341022.96
2026-09-06 05:05:00,0.1097,0.1098,0.1092,0.1093,169155.39
2026-09-06 05:10:00,0.1092,0.1093,0.1088,0.1088,120158.32
2026-09-06 05:15:00,0.1088,0.1093,0.1086,0.1093,423383.98
2026-09-06 05:20:00,0.1093,0.1096,0.1093,0.1093,92280.53
2026-09-06 05:25:00,0.1094,0.1099,0.1093,0.1096,284714.97
2026-09-06 05:30:00,0.1096,0.11,0.1093,0.1096,710268.51
2026-09-06 05:35:00,0.1096,0.1099,0.1091,0.1099,269747.14
2026-09-06 05:40:00,0.1098,0.11,0.1095,0.1096,264217.34
2026-09-06 05:45:00,0.1096,0.1098,0.1094,0.1095,438388.48
2026-09-06 05:50:00,0.1095,0.11,0.1095,0.1098,291466.94
2026-09-06 05:55:00,0.1098,0.11,0.1094,0.1098,217181.64
2026-09-06 06:00:00,0.1097,0.1099,0.1094,0.1099,148792.91
2026-09-06 06:05:00,0.1099,0.11,0.1091,0.1091,813615.92
2026-09-06 06:10:00,0.1091,0.1094,0.1091,0.1093,238999.63
2026-09-06 06:15:00,0.1093,0.1097,0.1092,0.1097,244507.94
2026-09-06 06:20:00,0.1097,0.1097,0.1093,0.1094,276367.63
2026-09-06 06:25:00,0.1094,0.1096,0.1093,0.1094,515652.18
2026-09-06 06:30:00,0.1093,0.1093,0.1085,0.1085,524307.32
2026-09-06 06:35:00,0.1085,0.1088,0.1085,0.1086,160183.12
2026-09-06 06:40:00,0.1086,0.1093,0.1085,0.1093,494248.68
2026-09-06 06:45:00,0.1092,0.1092,0.1086,0.1088,201434.21
2026-09-06 06:50:00,0.1088,0.1094,0.1088,0.1094,199915.22
2026-09-06 06:55:00,0.1093,0.1094,0.1091,0.1092,293006.18
2026-09-06 07:00:00,0.1093,0.11,0.1092,0.1099,155876.04
2026-09-06 07:05:00,0.1099,0.1101,0.1092,0.1094,268966.46
2026-09-06 07:10:00,0.1094,0.1094,0.1078,0.1083,875871.17
2026-09-06 07:15:00,0.1084,0.1093,0.1084,0.1089,889630.11
2026-09-06 07:20:00,0.1089,0.1096,0.1088,0.1088,881065.0
2026-09-06 07:25:00,0.1087,0.1089,0.1086,0.1088,71602.06
2026-09-06 07:30:00,0.1089,0.1092,0.1086,0.1087,247194.57
2026-09-06 07:35:00,0.1086,0.1089,0.1084,0.1088,194802.09
2026-09-06 07:40:00,0.1088,0.1093,0.1088,0.1093,113734.45
2026-09-06 07:45:00,0.1092,0.1096,0.109,0.1096,218182.61
2026-09-06 07:50:00,0.1096,0.1112,0.1096,0.1111,1105085.59
2026-09-06 07:55:00,0.1112,0.1116,0.1108,0.1108,1230088.7
2026-09-06 08:00:00,0.1109,0.1118,0.1102,0.1105,926825.05
2026-09-06 08:05:00,0.1105,0.1111,0.1102,0.1107,576137.36
2026-09-06 08:10:00,0.1106,0.1111,0.1106,0.1111,421667.59
2026-09-06 08:15:00,0.111,0.1112,0.1105,0.1107,775124.55
2026-09-06 08:20:00,0.1107,0.1113,0.1106,0.1106,379176.15
2026-09-06 08:25:00,0.1106,0.1108,0.1104,0.1105,360957.73
2026-09-06 08:30:00,0.1106,0.1107,0.1103,0.1104,285916.77
2026-09-06 08:35:00,0.1104,0.1104,0.1099,0.1101,432038.69
2026-09-06 08:40:00,0.1101,0.1103,0.1098,0.1101,359298.29
2026-09-06 08:45:00,0.11,0.1102,0.1099,0.11,81534.97
2026-09-06 08:50:00,0.1099,0.1109,0.1099,0.1109,70618.67
2026-09-06 08:55:00,0.1109,0.111,0.1104,0.1105,241902.84
2026-09-06 09:00:00,0.1105,0.1108,0.1103,0.1105,149489.32
2026-09-06 09:05:00,0.1106,0.1111,0.1104,0.1111,118617.41
2026-09-06 09:10:00,0.111,0.1113,0.1107,0.1111,410460.5
2026-09-06 09:15:00,0.111,0.1115,0.111,0.1112,204670.59
2026-09-06 09:20:00,0.1113,0.1117,0.1112,0.1113,478183.02
2026-09-06 09:25:00,0.1113,0.1113,0.1109,0.1109,354120.87
2026-09-06 09:30:00,0.1109,0.111,0.1106,0.1108,245473.79
2026-09-06 09:35:00,0.1108,0.111,0.1105,0.1108,329154.86
2026-09-06 09:40:00,0.1109,0.1115,0.1107,0.111,223933.5
2026-09-06 09:45:00,0.1109,0.1111,0.1106,0.111,255499.33
2026-09-06 09:50:00,0.1109,0.1114,0.1108,0.1109,145879.05
2026-09-06 09:55:00,0.111,0.1111,0.1107,0.1109,173927.85
2026-09-06 10:00:00,0.1108,0.1113,0.1108,0.1112,189965.48
2026-09-06 10:05:00,0.1112,0.1114,0.1093,0.1095,3109266.99
2026-09-06 10:10:00,0.1096,0.1097,0.1094,0.1095,223905.36
2026-09-06 10:15:00,0.1095,0.11,0.1094,0.1098,142222.65
2026-09-06 10:20:00,0.1097,0.1098,0.1095,0.1098,244856.66
2026-09-06 10:25:00,0.1097,0.1103,0.1095,0.1103,185135.9
2026-09-06 10:30:00,0.1102,0.1102,0.1099,0.1101,184992.11
2026-09-06 10:35:00,0.1102,0.1105,0.1095,0.1099,1502644.24
2026-09-06 10:40:00,0.1098,0.11,0.1097,0.1099,347225.1
2026-09-06 10:45:00,0.1099,0.1102,0.1098,0.1102,245526.62
2026-09-06 10:50:00,0.1102,0.1106,0.11,0.1105,198297.95
2026-09-06 10:55:00,0.1105,0.1105,0.1102,0.1103,81686.77
2026-09-06 11:00:00,0.1103,0.1106,0.1103,0.1105,184448.47
2026-09-06 11:05:00,0.1106,0.1107,0.1101,0.1101,125115.72
2026-09-06 11:10:00,0.1101,0.1102,0.11,0.1102,145842.97
2026-09-06 11:15:00,0.1102,0.1104,0.1101,0.1102,127394.39
2026-09-06 11:20:00,0.1103,0.1107,0.1099,0.1102,1259086.89
2026-09-06 11:25:00,0.1101,0.1101,0.1091,0.1092,844502.78
2026-09-06 11:30:00,0.1092,0.1092,0.1087,0.1089,623807.98
2026-09-06 11:35:00,0.1089,0.1094,0.1088,0.1091,447991.97
2026-09-06 11:40:00,0.1091,0.1092,0.1087,0.1087,255524.53
2026-09-06 11:45:00,0.1087,0.1096,0.1087,0.1094,179042.72
2026-09-06 11:50:00,0.1093,0.1094,0.1091,0.1092,146150.87
2026-09-06 11:55:00,0.1092,0.1094,0.1092,0.1094,109052.21
2026-09-06 12:00:00,0.1094,0.1094,0.1078,0.1083,2449837.35
2026-09-06 12:05:00,0.1084,0.1091,0.1083,0.1091,213175.48
2026-09-06 12:10:00,0.109,0.1091,0.1087,0.1091,393591.39
2026-09-06 12:15:00,0.109,0.1095,0.109,0.1092,153384.12
2026-09-06 12:20:00,0.1092,0.1095,0.1092,0.1093,97628.38
2026-09-06 12:25:00,0.1093,0.1093,0.109,0.1091,109210.82
2026-09-06 12:30:00,0.1091,0.1092,0.1088,0.1089,245262.12
2026-09-06 12:35:00,0.1089,0.1093,0.1086,0.1092,360648.96
2026-09-06 12:40:00,0.1091,0.1091,0.1087,0.1088,147275.28
2026-09-06 12:45:00,0.1089,0.1091,0.1089,0.109,112101.17
2026-09-06 12:50:00,0.1089,0.1091,0.1089,0.1089,105251.7
2026-09-06 12:55:00,0.1088,0.1089,0.1086,0.1088,145200.47
2026-09-06 13:00:00,0.1088,0.1089,0.1084,0.1086,262664.23
2026-09-06 13:05:00,0.1086,0.1087,0.1085,0.1087,105000.28
2026-09-06 13:10:00,0.1088,0.1089,0.1086,0.1087,203861.3
2026-09-06 13:15:00,0.1087,0.1089,0.1083,0.1084,121192.02
2026-09-06 13:20:00,0.1084,0.1086,0.1083,0.1085,192621.09
2026-09-06 13:25:00,0.1084,0.1088,0.1083,0.1085,145644.54
2026-09-06 13:30:00,0.1085,0.1088,0.1084,0.1086,180585.25
2026-09-06 13:35:00,0.1087,0.1091,0.1087,0.1091,111295.88
2026-09-06 13:40:00,0.1091,0.1093,0.109,0.1092,168001.18
2026-09-06 13:45:00,0.1092,0.1093,0.109,0.1091,75230.58
2026-09-06 13:50:00,0.1091,0.1093,0.1091,0.1093,98209.69
2026-09-06 13:55:00,0.1093,0.1098,0.1093,0.1097,398536.21
2026-09-06 14:00:00,0.1097,0.1099,0.1095,0.1096,268462.28
2026-09-06 14:05:00,0.1095,0.1097,0.1094,0.1095,151586.9
2026-09-06 14:10:00,0.1095,0.1096,0.1092,0.1093,305835.57
2026-09-06 14:15:00,0.1094,0.1096,0.1086,0.109,238687.72
2026-09-06 14:20:00,0.109,0.1091,0.1078,0.1079,992667.33
2026-09-06 14:25:00,0.1079,0.1081,0.1075,0.1077,635077.64
2026-09-06 14:30:00,0.1078,0.1078,0.1063,0.1075,1566782.19
2026-09-06 14:35:00,0.1075,0.1079,0.1075,0.1077,263228.65
2026-09-06 14:40:00,0.1077,0.1079,0.1076,0.1078,134521.53
2026-09-06 14:45:00,0.1078,0.1079,0.1073,0.1077,132554.05
2026-09-06 14:50:00,0.1078,0.1083,0.1078,0.1082,123479.7
2026-09-06 14:55:00,0.1082,0.1082,0.108,0.108,129437.4
2026-09-06 15:00:00,0.1081,0.1081,0.1071,0.1079,452409.2
2026-09-06 15:05:00,0.108,0.1082,0.1076,0.1077,125167.27
2026-09-06 15:10:00,0.1077,0.1081,0.1076,0.1079,130465.9
2026-09-06 15:15:00,0.1079,0.1081,0.1078,0.1079,150122.86
2026-09-06 15:20:00,0.108,0.1084,0.108,0.1084,257350.29
2026-09-06 15:25:00,0.1084,0.1086,0.1082,0.1083,118885.34
2026-09-06 15:30:00,0.1082,0.1083,0.108,0.1083,99617.71
2026-09-06 15:35:00,0.1083,0.1088,0.1079,0.1088,226744.31
2026-09-06 15:40:00,0.1088,0.1088,0.1086,0.1088,124767.27
2026-09-06 15:45:00,0.1088,0.1088,0.1085,0.1086,56087.61
2026-09-06 15:50:00,0.1087,0.1093,0.1086,0.1086,573746.57
2026-09-06 15:55:00,0.1086,0.1088,0.1086,0.1088,82678.03
2026-09-06 16:00:00,0.1088,0.1088,0.1085,0.1085,122691.71
2026-09-06 16:05:00,0.1084,0.109,0.1084,0.109,244588.39
2026-09-06 16:10:00,0.109,0.1096,0.109,0.1094,316460.84
2026-09-06 16:15:00,0.1095,0.1096,0.1093,0.1094,124917.89
2026-09-06 16:20:00,0.1094,0.11,0.1093,0.1096,456488.34
2026-09-06 16:25:00,0.1096,0.1105,0.1094,0.1104,942009.87
2026-09-06 16:30:00,0.1105,0.1105,0.1097,0.1103,287441.72
2026-09-06 16:35:00,0.1104,0.1109,0.1104,0.1109,250586.1
2026-09-06 16:40:00,0.1108,0.111,0.1105,0.1107,376481.76
2026-09-06 16:45:00,0.1106,0.1106,0.11,0.11,633661.49
2026-09-06 16:50:00,0.1101,0.1103,0.11,0.1101,193028.31
2026-09-06 16:55:00,0.1101,0.1101,0.1099,0.1101,253950.27
2026-09-06 17:00:00,0.11,0.1101,0.1094,0.1095,456014.66
2026-09-06 17:05:00,0.1095,0.1097,0.109,0.109,328766.74
2026-09-06 17:10:00,0.109,0.1095,0.1088,0.1094,231481.39
2026-09-06 17:15:00,0.1094,0.1096,0.1093,0.1096,66747.39
2026-09-06 17:20:00,0.1096,0.1097,0.1091,0.1092,161934.67
2026-09-06 17:25:00,0.1092,0.1093,0.1087,0.1087,160670.8
2026-09-06 17:30:00,0.1087,0.1092,0.1086,0.1089,654999.17
2026-09-06 17:35:00,0.1089,0.1093,0.1089,0.1091,117198.21
2026-09-06 17:40:00,0.1092,0.1093,0.109,0.1091,52993.48
2026-09-06 17:45:00,0.109,0.1091,0.1088,0.1089,39214.99
2026-09-06 17:50:00,0.1089,0.109,0.1086,0.1087,75488.42
2026-09-06 17:55:00,0.1087,0.109,0.1087,0.1087,58995.95
2026-09-06 18:00:00,0.1088,0.109,0.1087,0.1087,66647.67
2026-09-06 18:05:00,0.1088,0.1091,0.1088,0.109,70343.2
2026-09-06 18:10:00,0.109,0.1091,0.1089,0.1089,57576.83
2026-09-06 18:15:00,0.1088,0.109,0.1088,0.109,105203.94
2026-09-06 18:20:00,0.109,0.109,0.1089,0.109,32663.66
2026-09-06 18:25:00,0.109,0.1091,0.1089,0.109,109424.33
2026-09-06 18:30:00,0.109,0.109,0.1088,0.1089,49036.38
2026-09-06 18:35:00,0.1089,0.109,0.1088,0.1089,11982.46
2026-09-06 18:40:00,0.109,0.1092,0.109,0.1091,56230.61
2026-09-06 18:45:00,0.109,0.109,0.1084,0.1086,850376.79
2026-09-06 18:50:00,0.1086,0.1087,0.1082,0.1084,106676.48
2026-09-06 18:55:00,0.1084,0.1085,0.1081,0.1084,78865.27
2026-09-06 19:00:00,0.1083,0.1084,0.1082,0.1084,109888.06
2026-09-06 19:05:00,0.1084,0.1084,0.1082,0.1083,116804.76
2026-09-06 19:10:00,0.1083,0.1086,0.1083,0.1085,268978.05
2026-09-06 19:15:00,0.1086,0.1087,0.1084,0.1084,43871.05
2026-09-06 19:20:00,0.1084,0.1086,0.1083,0.1086,46420.83
2026-09-06 19:25:00,0.1086,0.1087,0.1084,0.1085,60836.53
2026-09-06 19:30:00,0.1085,0.1088,0.1084,0.1088,117548.42
2026-09-06 19:35:00,0.1089,0.109,0.1088,0.1089,127237.72
2026-09-06 19:40:00,0.1089,0.1091,0.1089,0.1089,117705.58
2026-09-06 19:45:00,0.109,0.1091,0.1089,0.1091,25266.89
2026-09-06 19:50:00,0.1091,0.1091,0.109,0.1091,26517.46
2026-09-06 19:55:00,0.1092,0.1096,0.1092,0.1094,142005.28
2026-09-06 20:00:00,0.1095,0.1096,0.1093,0.1095,62374.9
2026-09-06 20:05:00,0.1094,0.1095,0.1091,0.1092,113097.14
2026-09-06 20:10:00,0.1092,0.1098,0.1092,0.1097,27537.58
2026-09-06 20:15:00,0.1097,0.1099,0.1097,0.1098,80923.88
2026-09-06 20:20:00,0.1099,0.1102,0.1099,0.1101,77954.96
2026-09-06 20:25:00,0.11,0.1101,0.1097,0.1099,234314.68
2026-09-06 20:30:00,0.1099,0.11,0.1098,0.1098,47895.71
2026-09-06 20:35:00,0.1099,0.1099,0.1096,0.1096,63425.46
2026-09-06 20:40:00,0.1096,0.1101,0.1095,0.1096,489873.37
2026-09-06 20:45:00,0.1096,0.1097,0.1094,0.1094,49612.98
2026-09-06 20:50:00,0.1093,0.1093,0.1089,0.1089,154074.16
2026-09-06 20:55:00,0.109,0.1094,0.1087,0.1094,208263.48
2026-09-06 21:00:00,0.1094,0.1098,0.1094,0.1098,179659.2
2026-09-06 21:05:00,0.1099,0.1101,0.1096,0.1097,408095.12
2026-09-06 21:10:00,0.1097,0.1101,0.1097,0.1101,92277.21
2026-09-06 21:15:00,0.1101,0.1106,0.1101,0.1106,140172.46
2026-09-06 21:20:00,0.1106,0.1106,0.1102,0.1104,444953.46
2026-09-06 21:25:00,0.1105,0.1105,0.1103,0.1104,76584.26
2026-09-06 21:30:00,0.1104,0.1107,0.1102,0.1107,187852.52
2026-09-06 21:35:00,0.1107,0.111,0.1106,0.1108,178770.07
2026-09-06 21:40:00,0.1108,0.1109,0.1106,0.1107,64814.64
2026-09-06 21:45:00,0.1107,0.1109,0.1107,0.1109,20544.17
2026-09-06 21:50:00,0.1108,0.1108,0.1105,0.1105,50343.06
2026-09-06 21:55:00,0.1106,0.1106,0.1104,0.1105,89152.83
2026-09-06 22:00:00,0.1104,0.1104,0.1097,0.1099,123148.81
2026-09-06 22:05:00,0.1099,0.1099,0.109,0.1091,106654.83
2026-09-06 22:10:00,0.1091,0.1094,0.109,0.1091,224549.69
2026-09-06 22:15:00,0.1091,0.1093,0.1085,0.1088,118746.18
2026-09-06 22:20:00,0.1088,0.1091,0.1087,0.1091,62236.29
2026-09-06 22:25:00,0.1091,0.1095,0.1091,0.1093,138466.18
2026-09-06 22:30:00,0.1092,0.1096,0.1092,0.1096,362610.54
2026-09-06 22:35:00,0.1095,0.1098,0.1093,0.1097,174853.14
2026-09-06 22:40:00,0.1097,0.1099,0.1097,0.1099,132364.09
2026-09-06 22:45:00,0.1098,0.1098,0.1095,0.1095,119152.06
2026-09-06 22:50:00,0.1094,0.1094,0.1093,0.1093,36974.78
2026-09-06 22:55:00,0.1093,0.1094,0.1092,0.1092,137904.66
2026-09-06 23:00:00,0.1093,0.1099,0.1092,0.1096,69696.99
2026-09-06 23:05:00,0.1097,0.1097,0.1094,0.1095,128375.18
2026-09-06 23:10:00,0.1095,0.1101,0.1095,0.11,90579.48
2026-09-06 23:15:00,0.1099,0.11,0.1097,0.1099,97702.02
2026-09-06 23:20:00,0.11,0.1101,0.1097,0.1098,110505.68
2026-09-06 23:25:00,0.1098,0.11,0.1098,0.11,26324.37
2026-09-06 23:30:00,0.1101,0.1101,0.1099,0.11,85531.44
2026-09-06 23:35:00,0.11,0.1104,0.11,0.1102,78896.57
2026-09-06 23:40:00,0.1101,0.1103,0.11,0.1102,90446.83
2026-09-06 23:45:00,0.1102,0.1103,0.1101,0.1103,185933.74
2026-09-06 23:50:00,0.1101,0.1102,0.1099,0.1101,68251.14
2026-09-06 23:55:00,0.1101,0.1102,0.1099,0.1102,260199.44
2026-09-07 00:00:00,0.1102,0.1105,0.1101,0.1105,252652.32
2026-09-07 00:05:00,0.1105,0.1111,0.1105,0.1107,245661.84
2026-09-07 00:10:00,0.1108,0.1118,0.1107,0.1118,787711.35
2026-09-07 00:15:00,0.1118,0.1124,0.1116,0.1119,808104.93
2026-09-07 00:20:00,0.1118,0.1125,0.1117,0.1123,370396.62
2026-09-07 00:25:00,0.1123,0.1124,0.1116,0.1119,1144187.86
2026-09-07 00:30:00,0.1119,0.1121,0.1117,0.1117,371055.99
2026-09-07 00:35:00,0.1117,0.1123,0.1117,0.1122,144472.36
2026-09-07 00:40:00,0.1123,0.1123,0.1119,0.112,161045.34
2026-09-07 00:45:00,0.112,0.1128,0.1118,0.1126,236718.95
2026-09-07 00:50:00,0.1126,0.1127,0.1119,0.1119,106606.6
2026-09-07 00:55:00,0.112,0.1121,0.1106,0.1113,663202.31
2026-09-07 01:00:00,0.1111,0.1113,0.1104,0.1112,308489.32
2026-09-07 01:05:00,0.1112,0.1112,0.1092,0.1094,808954.49
2026-09-07 01:10:00,0.1095,0.1101,0.1094,0.1098,350476.66
2026-09-07 01:15:00,0.1097,0.1097,0.1091,0.1093,596963.63
2026-09-07 01:20:00,0.1092,0.1094,0.1091,0.1093,102930.29
2026-09-07 01:25:00,0.1092,0.1092,0.1089,0.1091,298964.05
2026-09-07 01:30:00,0.109,0.1094,0.1089,0.109,77522.62
2026-09-07 01:35:00,0.109,0.109,0.1087,0.1088,65618.15
2026-09-07 01:40:00,0.1088,0.1088,0.1082,0.1084,203020.86
2026-09-07 01:45:00,0.1084,0.1086,0.1083,0.1086,105405.81
2026-09-07 01:50:00,0.1086,0.1092,0.1086,0.1091,189572.05
2026-09-07 01:55:00,0.109,0.1091,0.1088,0.1089,84765.39
2026-09-07 02:00:00,0.1089,0.1089,0.1085,0.1085,159670.79
2026-09-07 02:05:00,0.1085,0.1086,0.1078,0.1079,428930.93
2026-09-07 02:10:00,0.108,0.1083,0.1079,0.1082,92943.17
2026-09-07 02:15:00,0.1083,0.1091,0.1083,0.1088,200021.82
2026-09-07 02:20:00,0.1089,0.1093,0.1089,0.1093,151679.69
2026-09-07 02:25:00,0.1093,0.1099,0.1093,0.1098,151238.76
2026-09-07 02:30:00,0.1098,0.11,0.1096,0.1096,188400.97
2026-09-07 02:35:00,0.1096,0.1115,0.1096,0.1111,1147391.67
2026-09-07 02:40:00,0.111,0.1114,0.1108,0.1112,1517102.38
2026-09-07 02:45:00,0.1112,0.1119,0.1111,0.1119,760150.58
2026-09-07 02:50:00,0.1119,0.112,0.1108,0.1109,438514.49
2026-09-07 02:55:00,0.1109,0.1112,0.1104,0.1106,244138.27
2026-09-07 03:00:00,0.1107,0.1109,0.1102,0.1108,398387.16
2026-09-07 03:05:00,0.1109,0.1111,0.1106,0.1107,212563.67
2026-09-07 03:10:00,0.1107,0.1108,0.1105,0.1107,218805.9
2026-09-07 03:15:00,0.1107,0.1107,0.1104,0.1105,342981.99
2026-09-07 03:20:00,0.1104,0.1107,0.1099,0.11,210802.15
2026-09-07 03:25:00,0.11,0.11,0.1093,0.1096,310732.52
2026-09-07 03:30:00,0.1096,0.1099,0.109,0.1092,254270.1
2026-09-07 03:35:00,0.1092,0.1094,0.1088,0.1088,203455.21
2026-09-07 03:40:00,0.1088,0.109,0.1088,0.1088,160905.01
2026-09-07 03:45:00,0.1089,0.1093,0.1088,0.1091,78142.82
2026-09-07 03:50:00,0.1091,0.1092,0.1089,0.1091,100267.69
2026-09-07 03:55:00,0.109,0.1091,0.1087,0.1087,90981.95
2026-09-07 04:00:00,0.1086,0.1089,0.1086,0.1089,138471.38
2026-09-07 04:05:00,0.1087,0.1089,0.1085,0.1089,146758.44
2026-09-07 04:10:00,0.1089,0.1091,0.1087,0.1091,67877.82
2026-09-07 04:15:00,0.1091,0.1096,0.1091,0.1096,53020.85
2026-09-07 04:20:00,0.1095,0.1097,0.1091,0.1092,99150.57
2026-09-07 04:25:00,0.1092,0.1093,0.1089,0.1091,84386.27
2026-09-07 04:30:00,0.109,0.1093,0.109,0.109,105127.36
2026-09-07 04:35:00,0.1089,0.1089,0.1086,0.1089,93158.36
2026-09-07 04:40:00,0.1087,0.1091,0.1087,0.1091,65026.28
2026-09-07 04:45:00,0.1091,0.1091,0.1087,0.1087,20103.5
2026-09-07 04:50:00,0.1088,0.109,0.1088,0.1088,133967.51
2026-09-07 04:55:00,0.1087,0.1089,0.1086,0.1089,89844.43
2026-09-07 05:00:00,0.1089,0.1092,0.1087,0.1092,118836.98
2026-09-07 05:05:00,0.1093,0.1095,0.1092,0.1094,501387.9
2026-09-07 05:10:00,0.1094,0.1094,0.109,0.1092,62601.36
2026-09-07 05:15:00,0.1091,0.1099,0.1091,0.1097,98715.35
2026-09-07 05:20:00,0.1098,0.11,0.1097,0.11,41383.59
2026-09-07 05:25:00,0.1101,0.1104,0.1095,0.1098,207983.99
2026-09-07 05:30:00,0.1097,0.1098,0.1094,0.1098,83602.38
2026-09-07 05:35:00,0.1098,0.1101,0.1097,0.1101,80414.38
2026-09-07 05:40:00,0.11,0.1101,0.1095,0.1095,617783.39
2026-09-07 05:45:00,0.1095,0.1096,0.1093,0.1093,51830.83
2026-09-07 05:50:00,0.1093,0.1093,0.1087,0.1088,126822.86
2026-09-07 05:55:00,0.1088,0.1088,0.1086,0.1087,61894.48
2026-09-07 06:00:00,0.1087,0.109,0.1086,0.109,71769.38
2026-09-07 06:05:00,0.109,0.109,0.1086,0.1088,81727.39
2026-09-07 06:10:00,0.1087,0.1097,0.1087,0.1095,358515.48
2026-09-07 06:15:00,0.1095,0.1099,0.1094,0.1098,292338.16
2026-09-07 06:20:00,0.1098,0.1098,0.1093,0.1093,144134.65
2026-09-07 06:25:00,0.1093,0.1095,0.1092,0.1093,85250.81
2026-09-07 06:30:00,0.1093,0.1095,0.1093,0.1094,84587.67
2026-09-07 06:35:00,0.1093,0.1095,0.109,0.1091,92366.17
2026-09-07 06:40:00,0.109,0.1095,0.1089,0.1089,87595.48
2026-09-07 06:45:00,0.1089,0.109,0.1089,0.109,24980.4
2026-09-07 06:50:00,0.1091,0.1092,0.109,0.1091,45125.26
2026-09-07 06:55:00,0.109,0.1094,0.109,0.1093,137685.02
2026-09-07 07:00:00,0.1093,0.1094,0.1091,0.1092,35557.31
2026-09-07 07:05:00,0.1091,0.1092,0.109,0.1092,93987.42
2026-09-07 07:10:00,0.1092,0.1097,0.1092,0.1094,216067.53
2026-09-07 07:15:00,0.1094,0.11,0.1094,0.1098,188093.26
2026-09-07 07:20:00,0.1098,0.1099,0.109,0.1091,82595.7
2026-09-07 07:25:00,0.109,0.1095,0.1088,0.1088,179198.19
2026-09-07 07:30:00,0.1088,0.1094,0.1081,0.1087,404199.62
2026-09-07 07:35:00,0.1088,0.1088,0.1078,0.1079,266165.19
2026-09-07 07:40:00,0.1079,0.1085,0.1073,0.1085,763249.61
2026-09-07 07:45:00,0.1084,0.1087,0.1082,0.1083,192698.37
2026-09-07 07:50:00,0.1083,0.1083,0.1078,0.1079,435478.98
2026-09-07 07:55:00,0.1078,0.1083,0.1078,0.108,348348.97
2026-09-07 08:00:00,0.108,0.1086,0.1079,0.1084,128055.84
2026-09-07 08:05:00,0.1084,0.1095,0.1084,0.1095,166528.94
2026-09-07 08:10:00,0.1096,0.1101,0.1094,0.1097,294553.28
2026-09-07 08:15:00,0.1097,0.1098,0.1094,0.1094,133624.67
2026-09-07 08:20:00,0.1095,0.1096,0.1091,0.1091,105409.28
2026-09-07 08:25:00,0.1092,0.1094,0.1091,0.1093,54002.87
2026-09-07 08:30:00,0.1095,0.1095,0.1093,0.1093,104087.04
2026-09-07 08:35:00,0.1092,0.1092,0.1088,0.1091,196034.71
2026-09-07 08:40:00,0.1092,0.1096,0.1091,0.1095,221572.53
2026-09-07 08:45:00,0.1095,0.1095,0.1088,0.1089,373424.34
2026-09-07 08:50:00,0.109,0.1093,0.1088,0.1088,364703.57
2026-09-07 08:55:00,0.1088,0.1091,0.1088,0.109,80179.17
2026-09-07 09:00:00,0.109,0.1093,0.1088,0.109,75545.02
2026-09-07 09:05:00,0.109,0.1093,0.1088,0.1093,58785.94
2026-09-07 09:10:00,0.1094,0.1096,0.1093,0.1095,272596.99
2026-09-07 09:15:00,0.1094,0.1095,0.1091,0.1093,568437.64
2026-09-07 09:20:00,0.1092,0.1095,0.1091,0.1093,67794.8
2026-09-07 09:25:00,0.1093,0.1101,0.1093,0.1099,754119.17
2026-09-07 09:30:00,0.1099,0.1099,0.1097,0.1098,186741.87
2026-09-07 09:35:00,0.1098,0.1098,0.1091,0.1093,207194.96
2026-09-07 09:40:00,0.1094,0.1098,0.1094,0.1097,38488.28
2026-09-07 09:45:00,0.1097,0.1097,0.1095,0.1095,42895.0
2026-09-07 09:50:00,0.1095,0.1098,0.109,0.109,61791.42
2026-09-07 09:55:00,0.1091,0.1092,0.109,0.1091,99638.46
2026-09-07 10:00:00,0.109,0.1097,0.109,0.1095,330235.96
2026-09-07 10:05:00,0.1095,0.1095,0.1089,0.1092,371840.15
2026-09-07 10:10:00,0.1092,0.1094,0.1091,0.1094,251494.61
2026-09-07 10:15:00,0.1094,0.1096,0.1092,0.1094,265943.76
2026-09-07 10:20:00,0.1095,0.1095,0.1093,0.1094,160722.61
2026-09-07 10:25:00,0.1093,0.1097,0.1093,0.1095,72925.09
2026-09-07 10:30:00,0.1096,0.1096,0.1093,0.1094,150727.92
2026-09-07 10:35:00,0.1094,0.1096,0.1093,0.1096,135164.95
2026-09-07 10:40:00,0.1096,0.1103,0.1096,0.1102,160704.81
2026-09-07 10:45:00,0.1103,0.1109,0.1102,0.1107,707794.98
2026-09-07 10:50:00,0.1107,0.1109,0.11,0.1103,665152.31
2026-09-07 10:55:00,0.1103,0.1104,0.1098,0.1099,227405.05
2026-09-07 11:00:00,0.11,0.1101,0.1097,0.1098,68316.41
2026-09-07 11:05:00,0.1099,0.11,0.1095,0.1096,162823.77
2026-09-07 11:10:00,0.1095,0.1098,0.1095,0.1098,29762.11
2026-09-07 11:15:00,0.1098,0.1099,0.1096,0.1096,219598.68
2026-09-07 11:20:00,0.1097,0.1098,0.1096,0.1098,59847.56
2026-09-07 11:25:00,0.1096,0.1097,0.1092,0.1093,104350.68
2026-09-07 11:30:00,0.1094,0.1096,0.1092,0.1094,138213.17
2026-09-07 11:35:00,0.1093,0.1093,0.109,0.1092,94793.79
2026-09-07 11:40:00,0.1092,0.1095,0.1091,0.1095,201392.63
2026-09-07 11:45:00,0.1095,0.1095,0.1093,0.1093,139342.06
2026-09-07 11:50:00,0.1093,0.1098,0.1092,0.1096,119185.7
2026-09-07 11:55:00,0.1096,0.1098,0.1096,0.1096,79147.39
2026-09-07 12:00:00,0.1096,0.1099,0.1095,0.1098,94355.98
2026-09-07 12:05:00,0.11,0.1109,0.11,0.1107,148128.39
2026-09-07 12:10:00,0.1108,0.1111,0.1103,0.1103,337981.09
2026-09-07 12:15:00,0.1103,0.111,0.1103,0.111,168861.15
2026-09-07 12:20:00,0.1111,0.1111,0.1107,0.1111,219165.58
2026-09-07 12:25:00,0.1111,0.1112,0.1109,0.111,348540.42
2026-09-07 12:30:00,0.111,0.1113,0.1108,0.1109,334267.54
2026-09-07 12:35:00,0.111,0.112,0.111,0.1113,798024.17
2026-09-07 12:40:00,0.1113,0.1115,0.1111,0.1112,341743.9
2026-09-07 12:45:00,0.1113,0.1115,0.1111,0.1115,146606.2
2026-09-07 12:50:00,0.1115,0.1119,0.1114,0.1118,512238.42
2026-09-07 12:55:00,0.1118,0.1119,0.1116,0.1117,221416.16
2026-09-07 13:00:00,0.1117,0.112,0.1116,0.112,376461.01
2026-09-07 13:05:00,0.1119,0.112,0.1113,0.1115,311661.43
2026-09-07 13:10:00,0.1114,0.1114,0.1111,0.1113,196678.26
2026-09-07 13:15:00,0.1113,0.1114,0.1109,0.1111,416357.16
2026-09-07 13:20:00,0.1111,0.1118,0.111,0.1117,362699.2
2026-09-07 13:25:00,0.1118,0.1124,0.1118,0.1119,947383.79
2026-09-07 13:30:00,0.1119,0.1121,0.1111,0.1112,506917.41
2026-09-07 13:35:00,0.1112,0.1112,0.1104,0.1111,845082.83
2026-09-07 13:40:00,0.1112,0.1114,0.111,0.111,259954.01
2026-09-07 13:45:00,0.111,0.1112,0.1108,0.1112,127952.66
2026-09-07 13:50:00,0.1111,0.1119,0.111,0.1118,394554.13
2026-09-07 13:55:00,0.1119,0.1122,0.1116,0.1116,137892.24
2026-09-07 14:00:00,0.1116,0.1117,0.1112,0.1112,209546.92
2026-09-07 14:05:00,0.1112,0.1113,0.1105,0.1106,401054.0
2026-09-07 14:10:00,0.1107,0.1111,0.1105,0.1111,210339.34
2026-09-07 14:15:00,0.1112,0.1119,0.1111,0.1119,196425.56
2026-09-07 14:20:00,0.1119,0.112,0.1115,0.1117,469066.99
2026-09-07 14:25:00,0.1117,0.1123,0.1116,0.1118,621172.16
2026-09-07 14:30:00,0.1118,0.112,0.1116,0.1118,250017.88
2026-09-07 14:35:00,0.1119,0.1121,0.1115,0.1115,622781.67
2026-09-07 14:40:00,0.1114,0.1118,0.111,0.1118,308450.29
2026-09-07 14:45:00,0.1117,0.1119,0.1114,0.1118,649260.29
2026-09-07 14:50:00,0.1118,0.1136,0.1117,0.1133,1571226.65
2026-09-07 14:55:00,0.1132,0.1137,0.113,0.1132,766698.78
2026-09-07 15:00:00,0.1131,0.1131,0.1119,0.112,746074.13
2026-09-07 15:05:00,0.112,0.1121,0.1115,0.1117,537959.42
2026-09-07 15:10:00,0.1117,0.1118,0.1109,0.1109,668823.61
2026-09-07 15:15:00,0.1109,0.1115,0.1102,0.1114,576092.46
2026-09-07 15:20:00,0.1114,0.1114,0.1108,0.1109,126873.1
2026-09-07 15:25:00,0.1108,0.1111,0.1104,0.1104,334210.1
2026-09-07 15:30:00,0.1104,0.1104,0.1094,0.1096,778954.16
2026-09-07 15:35:00,0.1096,0.1098,0.1089,0.1091,746780.34
2026-09-07 15:40:00,0.109,0.1092,0.1088,0.1092,472470.79
2026-09-07 15:45:00,0.1092,0.1095,0.1088,0.1095,247518.62
2026-09-07 15:50:00,0.1095,0.1096,0.109,0.1091,85846.57
2026-09-07 15:55:00,0.109,0.1094,0.1085,0.1093,334872.38
2026-09-07 16:00:00,0.1093,0.1107,0.1093,0.1104,363799.76
2026-09-07 16:05:00,0.1104,0.1112,0.1104,0.1111,324685.79
2026-09-07 16:10:00,0.1112,0.1112,0.1103,0.1104,889209.06
2026-09-07 16:15:00,0.1103,0.1108,0.1099,0.1107,608361.18
2026-09-07 16:20:00,0.1107,0.1109,0.1102,0.1103,147890.68
2026-09-07 16:25:00,0.1102,0.1103,0.1097,0.11,149762.1
2026-09-07 16:30:00,0.1101,0.1108,0.1098,0.1106,115194.38
2026-09-07 16:35:00,0.1106,0.111,0.1105,0.1109,193615.45
2026-09-07 16:40:00,0.111,0.1116,0.1109,0.1113,300850.17
2026-09-07 16:45:00,0.1114,0.1115,0.1111,0.1112,80518.85
2026-09-07 16:50:00,0.1112,0.1115,0.111,0.1111,187720.55
2026-09-07 16:55:00,0.1111,0.1112,0.111,0.111,75786.66
2026-09-07 17:00:00,0.1111,0.1112,0.1109,0.1112,87128.05
2026-09-07 17:05:00,0.1112,0.1119,0.1112,0.1116,267755.29
2026-09-07 17:10:00,0.1116,0.1116,0.1114,0.1115,158518.38
2026-09-07 17:15:00,0.1115,0.1124,0.1115,0.112,406439.43
2026-09-07 17:20:00,0.1119,0.112,0.1117,0.1117,47841.69
2026-09-07 17:25:00,0.1117,0.1117,0.111,0.1114,354460.33
2026-09-07 17:30:00,0.1113,0.1114,0.111,0.111,86812.43
2026-09-07 17:35:00,0.1109,0.1109,0.1105,0.1107,90816.05
2026-09-07 17:40:00,0.1108,0.1109,0.1106,0.1106,76054.08
2026-09-07 17:45:00,0.1106,0.1108,0.1105,0.1106,62451.47
2026-09-07 17:50:00,0.1107,0.1109,0.1106,0.1106,37628.42
2026-09-07 17:55:00,0.1106,0.1106,0.1103,0.1103,27260.55
2026-09-07 18:00:00,0.1103,0.1105,0.1101,0.1103,31008.42
2026-09-07 18:05:00,0.1104,0.1108,0.1101,0.1101,45661.09
2026-09-07 18:10:00,0.1102,0.1103,0.11,0.11,124864.83
2026-09-07 18:15:00,0.1099,0.11,0.1098,0.1099,283606.5
2026-09-07 18:20:00,0.1099,0.1099,0.1092,0.1093,291059.98
2026-09-07 18:25:00,0.1093,0.1094,0.109,0.1092,58128.18
2026-09-07 18:30:00,0.1092,0.1092,0.1088,0.1088,248182.43
2026-09-07 18:35:00,0.1088,0.1094,0.1088,0.1093,80211.14
2026-09-07 18:40:00,0.1093,0.1095,0.1092,0.1092,70399.23
2026-09-07 18:45:00,0.1092,0.1096,0.1091,0.1096,81365.46
2026-09-07 18:50:00,0.1095,0.1098,0.1094,0.1098,49882.12
2026-09-07 18:55:00,0.1098,0.1098,0.1095,0.1096,40932.2
2026-09-07 19:00:00,0.1095,0.1097,0.1094,0.1097,113258.33
2026-09-07 19:05:00,0.1096,0.1096,0.1092,0.1092,214811.5
2026-09-07 19:10:00,0.1091,0.1096,0.1091,0.1095,77873.07
2026-09-07 19:15:00,0.1095,0.1097,0.1094,0.1095,23127.0
2026-09-07 19:20:00,0.1096,0.1103,0.1096,0.1103,54192.9
2026-09-07 19:25:00,0.1104,0.1106,0.1099,0.1105,56803.15
2026-09-07 19:30:00,0.1106,0.111,0.1105,0.111,123131.78
2026-09-07 19:35:00,0.1109,0.111,0.1108,0.1108,20200.64
2026-09-07 19:40:00,0.1108,0.1109,0.1103,0.1105,558488.61
2026-09-07 19:45:00,0.1105,0.1107,0.1105,0.1106,92511.34
2026-09-07 19:50:00,0.1106,0.1106,0.1103,0.1103,83736.78
2026-09-07 19:55:00,0.1102,0.1103,0.1101,0.1103,80819.85
2026-09-07 20:00:00,0.1104,0.1107,0.1103,0.1105,93138.0
2026-09-07 20:05:00,0.1105,0.1105,0.1097,0.1098,340993.51
2026-09-07 20:10:00,0.1098,0.1099,0.1096,0.1098,107932.89
2026-09-07 20:15:00,0.1098,0.1104,0.1098,0.1104,63013.82
2026-09-07 20:20:00,0.1104,0.1105,0.1102,0.1103,301164.66
2026-09-07 20:25:00,0.1104,0.1104,0.1101,0.1102,92952.39
2026-09-07 20:30:00,0.1102,0.1107,0.1101,0.1107,88502.97
2026-09-07 20:35:00,0.1107,0.1109,0.1106,0.1106,112961.67
2026-09-07 20:40:00,0.1105,0.1107,0.1103,0.1104,80348.57
2026-09-07 20:45:00,0.1104,0.1105,0.1103,0.1104,129552.11
2026-09-07 20:50:00,0.1104,0.1105,0.1103,0.1104,101510.7
2026-09-07 20:55:00,0.1105,0.1105,0.1102,0.1103,30186.75
2026-09-07 21:00:00,0.1103,0.1109,0.1103,0.1109,69039.62
2026-09-07 21:05:00,0.111,0.111,0.1106,0.1106,77667.43
2026-09-07 21:10:00,0.1106,0.1106,0.1103,0.1106,154694.4
2026-09-07 21:15:00,0.1106,0.1107,0.1104,0.1107,138514.94
2026-09-07 21:20:00,0.1108,0.1109,0.1105,0.1105,83521.99
2026-09-07 21:25:00,0.1105,0.1105,0.1101,0.1102,27854.1
2026-09-07 21:30:00,0.1101,0.1102,0.1099,0.11,18362.82
2026-09-07 21:35:00,0.1099,0.1101,0.1098,0.1099,171959.17
2026-09-07 21:40:00,0.1099,0.1099,0.1097,0.1099,84307.78
2026-09-07 21:45:00,0.1099,0.1099,0.1095,0.1095,55148.48
2026-09-07 21:50:00,0.1095,0.1095,0.1093,0.1094,87004.9
2026-09-07 21:55:00,0.1094,0.1097,0.1094,0.1095,55932.26
2026-09-07 22:00:00,0.1095,0.1097,0.1086,0.1093,396023.55
2026-09-07 22:05:00,0.1094,0.1097,0.1093,0.1096,66818.59
2026-09-07 22:10:00,0.1097,0.1098,0.1093,0.1093,69693.97
2026-09-07 22:15:00,0.1092,0.1093,0.1087,0.1091,189772.98
2026-09-07 22:20:00,0.1091,0.1095,0.1091,0.1095,50699.01
2026-09-07 22:25:00,0.1096,0.1098,0.1094,0.1094,100179.1
2026-09-07 22:30:00,0.1093,0.1093,0.1089,0.1089,136518.12
2026-09-07 22:35:00,0.1089,0.1089,0.1082,0.1084,120349.29
2026-09-07 22:40:00,0.1083,0.1088,0.1079,0.1087,711180.75
2026-09-07 22:45:00,0.1086,0.1092,0.1086,0.1089,98142.38
2026-09-07 22:50:00,0.1089,0.1092,0.1089,0.1092,131876.19
2026-09-07 22:55:00,0.1093,0.1094,0.1091,0.1094,59505.05
2026-09-07 23:00:00,0.1094,0.1099,0.1094,0.1099,83383.58
2026-09-07 23:05:00,0.1098,0.1099,0.1095,0.1098,118547.78
2026-09-07 23:10:00,0.1098,0.1102,0.1098,0.1102,76029.96
2026-09-07 23:15:00,0.1102,0.1102,0.1098,0.1099,374649.0
2026-09-07 23:20:00,0.1098,0.1098,0.1094,0.1094,18639.59
2026-09-07 23:25:00,0.1095,0.1098,0.1095,0.1098,20920.28
2026-09-07 23:30:00,0.1099,0.11,0.1097,0.1098,223930.6
2026-09-07 23:35:00,0.1098,0.1099,0.1096,0.1099,544567.8
2026-09-07 23:40:00,0.1099,0.1101,0.1099,0.1101,89755.62
2026-09-07 23:45:00,0.1101,0.1108,0.1101,0.1107,175572.23
2026-09-07 23:50:00,0.1107,0.111,0.1105,0.1105,216525.78
2026-09-07 23:55:00,0.1106,0.1107,0.1104,0.1104,302797.88
2026-09-08 00:00:00,0.1105,0.1106,0.1098,0.1098,222904.56
2026-09-08 00:05:00,0.1099,0.1106,0.1099,0.1104,151723.2
2026-09-08 00:10:00,0.1103,0.1104,0.1101,0.1103,136651.69
2026-09-08 00:15:00,0.1103,0.1112,0.1102,0.1106,253145.67
2026-09-08 00:20:00,0.1106,0.1108,0.1104,0.1107,158240.7
2026-09-08 00:25:00,0.1107,0.1108,0.1104,0.1104,134772.48
2026-09-08 00:30:00,0.1103,0.1107,0.1101,0.1105,85815.33
2026-09-08 00:35:00,0.1106,0.1106,0.1102,0.1102,44311.17
2026-09-08 00:40:00,0.1103,0.1106,0.1103,0.1106,40588.56
2026-09-08 00:45:00,0.1105,0.111,0.1104,0.111,50345.74
2026-09-08 00:50:00,0.111,0.1116,0.1108,0.1115,179279.18
2026-09-08 00:55:00,0.1116,0.1124,0.1115,0.1119,675835.24
2026-09-08 01:00:00,0.1119,0.1121,0.1114,0.1114,274706.66
2026-09-08 01:05:00,0.1115,0.1116,0.1107,0.1112,299436.23
2026-09-08 01:10:00,0.1113,0.1113,0.111,0.111,138014.56
2026-09-08 01:15:00,0.111,0.1116,0.111,0.1113,175460.27
2026-09-08 01:20:00,0.1113,0.1118,0.1113,0.1117,495076.51
2026-09-08 01:25:00,0.1116,0.1121,0.1116,0.112,204893.18
2026-09-08 01:30:00,0.112,0.1121,0.1118,0.1118,289148.29
2026-09-08 01:35:00,0.1119,0.1124,0.1118,0.112,585879.22
2026-09-08 01:40:00,0.1119,0.1124,0.1118,0.1123,436851.01
2026-09-08 01:45:00,0.1122,0.1122,0.1117,0.1117,247087.21
2026-09-08 01:50:00,0.1118,0.112,0.1112,0.1113,425127.36
2026-09-08 01:55:00,0.1113,0.1117,0.1113,0.1117,98034.01
2026-09-08 02:00:00,0.1116,0.1117,0.1113,0.1114,121158.74
2026-09-08 02:05:00,0.1115,0.1116,0.1113,0.1114,124035.85
2026-09-08 02:10:00,0.1115,0.112,0.1114,0.1119,152868.96
2026-09-08 02:15:00,0.1118,0.1123,0.1118,0.1123,192412.22
2026-09-08 02:20:00,0.1123,0.1127,0.1122,0.1125,390664.29
2026-09-08 02:25:00,0.1125,0.1125,0.1109,0.1112,783378.13
2026-09-08 02:30:00,0.1111,0.1112,0.1105,0.1107,195256.05
2026-09-08 02:35:00,0.1107,0.1108,0.11,0.1101,216056.72
2026-09-08 02:40:00,0.11,0.1102,0.1097,0.11,355043.49
2026-09-08 02:45:00,0.1099,0.1101,0.1097,0.11,195867.69
2026-09-08 02:50:00,0.11,0.11,0.109,0.109,649877.53
2026-09-08 02:55:00,0.1091,0.1093,0.1091,0.1091,229810.87
2026-09-08 03:00:00,0.1091,0.1094,0.1088,0.1091,1357024.48
2026-09-08 03:05:00,0.1092,0.1094,0.1089,0.1093,483931.45
2026-09-08 03:10:00,0.1093,0.1093,0.1089,0.1089,248932.28
2026-09-08 03:15:00,0.1089,0.1091,0.1087,0.1087,145919.15
2026-09-08 03:20:00,0.1088,0.1094,0.1087,0.1092,136096.75
2026-09-08 03:25:00,0.1093,0.1094,0.1088,0.109,237317.23
2026-09-08 03:30:00,0.109,0.1096,0.109,0.1096,125019.12
2026-09-08 03:35:00,0.1095,0.1097,0.1095,0.1097,369097.43
2026-09-08 03:40:00,0.1096,0.1097,0.1095,0.1097,54931.87
2026-09-08 03:45:00,0.1097,0.1097,0.1091,0.1092,144699.82
2026-09-08 03:50:00,0.1092,0.1095,0.1092,0.1092,92955.05
2026-09-08 03:55:00,0.1093,0.1095,0.1093,0.1094,56502.26
2026-09-08 04:00:00,0.1094,0.1094,0.109,0.1091,81723.82
2026-09-08 04:05:00,0.1091,0.1092,0.1089,0.1089,142951.39
2026-09-08 04:10:00,0.1089,0.109,0.1086,0.1089,492841.15
2026-09-08 04:15:00,0.1088,0.109,0.1085,0.109,64191.19
2026-09-08 04:20:00,0.109,0.109,0.1085,0.1086,191308.28
2026-09-08 04:25:00,0.1085,0.109,0.1082,0.1087,1331426.96
2026-09-08 04:30:00,0.1086,0.1089,0.1084,0.1087,94738.04
2026-09-08 04:35:00,0.1087,0.109,0.1085,0.109,139135.93
2026-09-08 04:40:00,0.1089,0.1089,0.1087,0.1089,98794.57
2026-09-08 04:45:00,0.1088,0.109,0.1087,0.1089,113725.41
2026-09-08 04:50:00,0.1089,0.1089,0.1087,0.1088,131362.64
2026-09-08 04:55:00,0.1087,0.1087,0.1086,0.1087,109760.18
2026-09-08 05:00:00,0.1087,0.1095,0.1085,0.109,169813.22
2026-09-08 05:05:00,0.1089,0.1093,0.1088,0.1091,96367.43
2026-09-08 05:10:00,0.1092,0.1095,0.1091,0.1091,537697.03
2026-09-08 05:15:00,0.1091,0.1096,0.1091,0.1096,185960.29
2026-09-08 05:20:00,0.1097,0.1097,0.1091,0.1094,130633.86
2026-09-08 05:25:00,0.1094,0.1097,0.1092,0.1093,228622.21
2026-09-08 05:30:00,0.1093,0.1095,0.1092,0.1092,215985.14
2026-09-08 05:35:00,0.1092,0.1094,0.1092,0.1094,112508.47
2026-09-08 05:40:00,0.1094,0.1095,0.1093,0.1093,286238.72
2026-09-08 05:45:00,0.1093,0.1097,0.1093,0.1097,35234.53
2026-09-08 05:50:00,0.1098,0.1098,0.1093,0.1093,84224.51
2026-09-08 05:55:00,0.1093,0.1094,0.1092,0.1092,44173.34
2026-09-08 06:00:00,0.1093,0.1095,0.109,0.1091,213513.69
2026-09-08 06:05:00,0.1091,0.1092,0.1088,0.1092,118187.44
2026-09-08 06:10:00,0.1091,0.1093,0.109,0.109,176441.72
2026-09-08 06:15:00,0.1091,0.1091,0.1084,0.1084,238614.1
2026-09-08 06:20:00,0.1085,0.1087,0.1082,0.1086,451548.77
2026-09-08 06:25:00,0.1086,0.1093,0.1082,0.109,2376392.04
2026-09-08 06:30:00,0.109,0.1091,0.1083,0.1083,1962391.73
2026-09-08 06:35:00,0.1083,0.1087,0.1083,0.1085,120455.84
2026-09-08 06:40:00,0.1085,0.1086,0.1085,0.1086,106775.24
2026-09-08 06:45:00,0.1087,0.1087,0.1084,0.1085,128239.64
2026-09-08 06:50:00,0.1085,0.1086,0.1083,0.1083,172259.36
2026-09-08 06:55:00,0.1084,0.1087,0.1082,0.1086,77367.28
2026-09-08 07:00:00,0.1086,0.1086,0.1084,0.1085,120494.53
2026-09-08 07:05:00,0.1085,0.1088,0.1085,0.1087,200795.28
2026-09-08 07:10:00,0.1087,0.1088,0.1085,0.1085,61873.09
2026-09-08 07:15:00,0.1085,0.1085,0.1084,0.1084,32951.63
2026-09-08 07:20:00,0.1084,0.1091,0.1084,0.109,77204.44
2026-09-08 07:25:00,0.109,0.1097,0.109,0.1095,241549.86
2026-09-08 07:30:00,0.1094,0.1094,0.109,0.1092,410929.96
2026-09-08 07:35:00,0.1093,0.1094,0.1091,0.1093,13852.0
2026-09-08 07:40:00,0.1093,0.1096,0.1086,0.1087,371409.53
2026-09-08 07:45:00,0.1086,0.1088,0.1085,0.1085,70671.03
2026-09-08 07:50:00,0.1085,0.1088,0.1084,0.1087,118925.47
2026-09-08 07:55:00,0.1088,0.1089,0.1085,0.1086,84912.38
2026-09-08 08:00:00,0.1085,0.1085,0.1081,0.1081,351115.12
2026-09-08 08:05:00,0.1082,0.1085,0.108,0.1082,116711.99
2026-09-08 08:10:00,0.1082,0.1082,0.108,0.1081,318142.49
2026-09-08 08:15:00,0.1082,0.1083,0.1079,0.1081,161102.84
2026-09-08 08:20:00,0.108,0.1082,0.1077,0.1082,261998.34
2026-09-08 08:25:00,0.1082,0.1087,0.1081,0.1086,66535.27
2026-09-08 08:30:00,0.1085,0.1091,0.1084,0.1091,262243.03
2026-09-08 08:35:00,0.1092,0.1095,0.1092,0.1094,167239.18
2026-09-08 08:40:00,0.1094,0.1094,0.1087,0.1093,527940.69
2026-09-08 08:45:00,0.1093,0.1095,0.1091,0.1092,168337.94
2026-09-08 08:50:00,0.1093,0.1093,0.1088,0.1088,103811.68
2026-09-08 08:55:00,0.1089,0.1091,0.1089,0.1089,49555.37
2026-09-08 09:00:00,0.1089,0.109,0.1088,0.1089,25624.9
2026-09-08 09:05:00,0.1089,0.1089,0.1087,0.1087,135394.06
2026-09-08 09:10:00,0.1088,0.1091,0.1087,0.1091,60280.89
2026-09-08 09:15:00,0.1092,0.1094,0.1092,0.1092,111303.9
2026-09-08 09:20:00,0.1092,0.1094,0.1092,0.1094,67251.55
2026-09-08 09:25:00,0.1094,0.1095,0.1093,0.1093,31481.83
2026-09-08 09:30:00,0.1092,0.1101,0.1092,0.1101,99782.91
2026-09-08 09:35:00,0.1102,0.1111,0.1102,0.1109,1161945.56
2026-09-08 09:40:00,0.1108,0.1108,0.1103,0.1108,405231.67
2026-09-08 09:45:00,0.1108,0.1113,0.1108,0.1112,704373.7
2026-09-08 09:50:00,0.1112,0.1113,0.1109,0.1109,264502.15
2026-09-08 09:55:00,0.1111,0.1111,0.1108,0.1109,78150.2
2026-09-08 10:00:00,0.1109,0.1109,0.1106,0.1106,248060.66
2026-09-08 10:05:00,0.1107,0.1108,0.1104,0.1107,269868.31
2026-09-08 10:10:00,0.1107,0.1109,0.1105,0.1105,69665.82
2026-09-08 10:15:00,0.1106,0.1107,0.1102,0.1102,121330.03
2026-09-08 10:20:00,0.1103,0.1109,0.11,0.11,338676.76
2026-09-08 10:25:00,0.11,0.11,0.1099,0.1099,66409.31
2026-09-08 10:30:00,0.1099,0.1104,0.1099,0.1101,124777.25
2026-09-08 10:35:00,0.1101,0.1101,0.1099,0.1101,144731.35
2026-09-08 10:40:00,0.1101,0.1101,0.1098,0.1098,77120.92
2026-09-08 10:45:00,0.1098,0.11,0.1096,0.1096,60512.87
2026-09-08 10:50:00,0.1096,0.1098,0.1096,0.1097,153520.8
2026-09-08 10:55:00,0.1098,0.1098,0.1095,0.1097,104720.53
2026-09-08 11:00:00,0.1097,0.1098,0.1094,0.1094,27383.24
2026-09-08 11:05:00,0.1095,0.1095,0.109,0.1091,215514.87
2026-09-08 11:10:00,0.109,0.1092,0.1084,0.1084,521829.99
2026-09-08 11:15:00,0.1084,0.1091,0.1084,0.1089,204294.74
2026-09-08 11:20:00,0.1089,0.1091,0.1087,0.109,64363.06
2026-09-08 11:25:00,0.1089,0.109,0.1087,0.1088,324618.36
2026-09-08 11:30:00,0.1089,0.1089,0.1086,0.1086,77875.28
2026-09-08 11:35:00,0.1085,0.1087,0.1084,0.1085,43592.56
2026-09-08 11:40:00,0.1084,0.1088,0.1084,0.1087,84384.84
2026-09-08 11:45:00,0.1087,0.1087,0.1084,0.1085,115029.78
2026-09-08 11:50:00,0.1085,0.1085,0.1083,0.1084,76494.56
2026-09-08 11:55:00,0.1084,0.1086,0.1084,0.1086,72262.17
2026-09-08 12:00:00,0.1086,0.1086,0.1082,0.1082,186334.09
2026-09-08 12:05:00,0.1083,0.1086,0.1083,0.1086,363676.06
2026-09-08 12:10:00,0.1086,0.1086,0.1082,0.1082,95866.95
2026-09-08 12:15:00,0.1082,0.1083,0.108,0.1082,289865.21
2026-09-08 12:20:00,0.1082,0.1086,0.1081,0.1085,88169.8
2026-09-08 12:25:00,0.1084,0.1087,0.1084,0.1086,44711.07
2026-09-08 12:30:00,0.1086,0.1091,0.1084,0.1089,466602.42
2026-09-08 12:35:00,0.1088,0.109,0.1088,0.1089,135920.5
2026-09-08 12:40:00,0.1088,0.1088,0.1087,0.1087,42866.91
2026-09-08 12:45:00,0.1087,0.1089,0.1085,0.1088,56861.29
2026-09-08 12:50:00,0.1088,0.109,0.1086,0.1089,79632.51
2026-09-08 12:55:00,0.109,0.109,0.1088,0.1088,274204.38
2026-09-08 13:00:00,0.1088,0.1088,0.1083,0.1084,517656.38
2026-09-08 13:05:00,0.1084,0.1085,0.1082,0.1082,42167.99
2026-09-08 13:10:00,0.1081,0.1083,0.1079,0.108,155442.46
2026-09-08 13:15:00,0.1079,0.1081,0.1074,0.1075,362068.32
2026-09-08 13:20:00,0.1075,0.1076,0.107,0.1074,507086.32
2026-09-08 13:25:00,0.1073,0.1074,0.1071,0.1072,168480.08
2026-09-08 13:30:00,0.1072,0.1073,0.1059,0.1063,1409921.36
2026-09-08 13:35:00,0.1063,0.1064,0.1059,0.1062,533201.88
2026-09-08 13:40:00,0.1061,0.1062,0.1053,0.1061,745984.97
2026-09-08 13:45:00,0.1062,0.1067,0.1061,0.1065,343461.38
2026-09-08 13:50:00,0.1065,0.1065,0.106,0.1062,123394.78
2026-09-08 13:55:00,0.1062,0.1071,0.1062,0.1067,229867.53
2026-09-08 14:00:00,0.1067,0.107,0.1067,0.1069,82618.89
2026-09-08 14:05:00,0.107,0.1072,0.107,0.1072,233352.61
2026-09-08 14:10:00,0.1071,0.1076,0.107,0.1075,353733.55
2026-09-08 14:15:00,0.1076,0.108,0.1076,0.1076,124676.39
2026-09-08 14:20:00,0.1077,0.1078,0.1074,0.1075,78937.0
2026-09-08 14:25:00,0.1075,0.1075,0.107,0.1074,87380.39
2026-09-08 14:30:00,0.1073,0.1077,0.1073,0.1076,139782.71
2026-09-08 14:35:00,0.1076,0.1076,0.1073,0.1073,50608.22
2026-09-08 14:40:00,0.1072,0.1074,0.1072,0.1072,117373.5
2026-09-08 14:45:00,0.1072,0.1078,0.1072,0.1076,338928.14
2026-09-08 14:50:00,0.1075,0.1076,0.1072,0.1074,91790.06
2026-09-08 14:55:00,0.1074,0.1075,0.1074,0.1075,75622.78
2026-09-08 15:00:00,0.1074,0.1077,0.1073,0.1075,240241.63
2026-09-08 15:05:00,0.1075,0.1079,0.1074,0.1078,379499.45
2026-09-08 15:10:00,0.1079,0.1086,0.1079,0.1082,692558.1
2026-09-08 15:15:00,0.1083,0.1087,0.1082,0.1086,490997.83
2026-09-08 15:20:00,0.1086,0.1087,0.1084,0.1086,175895.23
2026-09-08 15:25:00,0.1087,0.1087,0.108,0.1081,207975.98
2026-09-08 15:30:00,0.1081,0.1082,0.1076,0.108,362201.16
2026-09-08 15:35:00,0.108,0.1083,0.1076,0.1081,628963.78
2026-09-08 15:40:00,0.1082,0.1083,0.108,0.108,150564.5
2026-09-08 15:45:00,0.108,0.1082,0.1078,0.1081,97605.23
2026-09-08 15:50:00,0.1081,0.1084,0.108,0.1083,145291.9
2026-09-08 15:55:00,0.1083,0.1085,0.1081,0.1085,489046.46
2026-09-08 16:00:00,0.1085,0.1086,0.1082,0.1084,303281.26
2026-09-08 16:05:00,0.1083,0.1084,0.1081,0.1081,232353.7
2026-09-08 16:10:00,0.108,0.108,0.1073,0.1075,315311.44
2026-09-08 16:15:00,0.1076,0.1077,0.1072,0.1075,249549.95
2026-09-08 16:20:00,0.1074,0.1078,0.1074,0.1076,314986.8
2026-09-08 16:25:00,0.1076,0.1077,0.1073,0.1074,69732.34
2026-09-08 16:30:00,0.1074,0.1077,0.1074,0.1076,60775.08
2026-09-08 16:35:00,0.1075,0.1082,0.1075,0.1081,77422.39
2026-09-08 16:40:00,0.1081,0.1084,0.1077,0.1078,128737.8
2026-09-08 16:45:00,0.1077,0.1079,0.1072,0.1076,762391.41
2026-09-08 16:50:00,0.1077,0.1079,0.1075,0.1076,166790.26
2026-09-08 16:55:00,0.1075,0.1075,0.1072,0.1074,337745.02
2026-09-08 17:00:00,0.1074,0.1076,0.1073,0.1074,577269.89
2026-09-08 17:05:00,0.1074,0.1074,0.1069,0.107,177349.34
2026-09-08 17:10:00,0.1071,0.1072,0.1069,0.1071,134425.0
2026-09-08 17:15:00,0.1072,0.1072,0.1068,0.1069,40423.58
2026-09-08 17:20:00,0.1069,0.107,0.1064,0.1065,258071.13
2026-09-08 17:25:00,0.1064,0.1067,0.1064,0.1067,61327.15
2026-09-08 17:30:00,0.1066,0.1067,0.1064,0.1066,52596.3
2026-09-08 17:35:00,0.1067,0.1068,0.1063,0.1064,75197.85
2026-09-08 17:40:00,0.1063,0.1063,0.1056,0.1057,372762.34
2026-09-08 17:45:00,0.1058,0.106,0.1057,0.1059,160426.86
2026-09-08 17:50:00,0.1059,0.1063,0.1059,0.1061,211237.65
2026-09-08 17:55:00,0.1061,0.1062,0.1059,0.1059,42550.73
2026-09-08 18:00:00,0.1059,0.1061,0.1058,0.106,255006.38
2026-09-08 18:05:00,0.106,0.1066,0.106,0.1066,220939.9
2026-09-08 18:10:00,0.1067,0.1068,0.1065,0.1066,116897.11
2026-09-08 18:15:00,0.1066,0.1067,0.1066,0.1066,20913.08
2026-09-08 18:20:00,0.1067,0.1067,0.1065,0.1067,113784.13
2026-09-08 18:25:00,0.1066,0.1066,0.1062,0.1062,124682.47
2026-09-08 18:30:00,0.1062,0.1064,0.1061,0.1062,219926.08
2026-09-08 18:35:00,0.1061,0.1061,0.1059,0.1059,156117.51
2026-09-08 18:40:00,0.1059,0.1062,0.1058,0.1062,75404.68
2026-09-08 18:45:00,0.1063,0.1064,0.1049,0.1051,617356.31
2026-09-08 18:50:00,0.1052,0.1055,0.1047,0.1053,431896.76
2026-09-08 18:55:00,0.1053,0.1054,0.1051,0.1052,97656.42
2026-09-08 19:00:00,0.1053,0.1054,0.105,0.1053,182383.3
2026-09-08 19:05:00,0.1054,0.1055,0.1052,0.1053,259134.53
2026-09-08 19:10:00,0.1053,0.1056,0.1053,0.1054,147365.26
2026-09-08 19:15:00,0.1055,0.1058,0.1055,0.1056,94386.58
2026-09-08 19:20:00,0.1055,0.1056,0.1053,0.1053,82476.34
2026-09-08 19:25:00,0.1052,0.1055,0.1052,0.1055,76473.43
2026-09-08 19:30:00,0.1055,0.1057,0.1053,0.1056,101671.02
2026-09-08 19:35:00,0.1056,0.1057,0.1053,0.1056,87491.56
2026-09-08 19:40:00,0.1055,0.1058,0.1052,0.1053,129748.78
2026-09-08 19:45:00,0.1053,0.1053,0.105,0.1052,209799.65
2026-09-08 19:50:00,0.1051,0.1052,0.1046,0.1049,318235.06
2026-09-08 19:55:00,0.1048,0.105,0.1046,0.105,71065.81
2026-09-08 20:00:00,0.1051,0.1052,0.1049,0.105,45281.1
2026-09-08 20:05:00,0.105,0.106,0.105,0.1056,415435.17
2026-09-08 20:10:00,0.1057,0.106,0.1057,0.106,194272.66
2026-09-08 20:15:00,0.106,0.1061,0.1053,0.1053,141981.34
2026-09-08 20:20:00,0.1053,0.1056,0.1052,0.1055,85247.77
2026-09-08 20:25:00,0.1055,0.1056,0.1053,0.1054,192748.78
2026-09-08 20:30:00,0.1054,0.1054,0.1048,0.1049,206467.61
2026-09-08 20:35:00,0.105,0.1055,0.105,0.1054,114409.21
2026-09-08 20:40:00,0.1053,0.1053,0.1053,0.1053,17070.84
2026-09-08 20:45:00,0.1053,0.1054,0.1052,0.1052,47838.74
2026-09-08 20:50:00,0.1053,0.1053,0.1052,0.1052,27528.01
2026-09-08 20:55:00,0.1053,0.1056,0.1053,0.1054,114303.69
2026-09-08 21:00:00,0.1054,0.1056,0.1053,0.1056,14269.39
2026-09-08 21:05:00,0.1056,0.1058,0.1056,0.1056,80359.8
2026-09-08 21:10:00,0.1056,0.1057,0.1055,0.1056,50577.39
2026-09-08 21:15:00,0.1056,0.1056,0.1054,0.1056,30554.93
2026-09-08 21:20:00,0.1056,0.1056,0.1053,0.1053,32064.21
2026-09-08 21:25:00,0.1054,0.1056,0.1054,0.1054,34247.45
2026-09-08 21:30:00,0.1054,0.1054,0.1052,0.1053,140791.88
2026-09-08 21:35:00,0.1052,0.1053,0.1051,0.1053,18816.8
2026-09-08 21:40:00,0.1053,0.1054,0.1052,0.1054,84348.49
2026-09-08 21:45:00,0.1054,0.1054,0.1048,0.1051,330799.59
2026-09-08 21:50:00,0.105,0.105,0.1047,0.1048,93795.38
2026-09-08 21:55:00,0.1049,0.1051,0.1049,0.1051,28687.84
2026-09-08 22:00:00,0.1052,0.1058,0.1052,0.1057,45992.25
2026-09-08 22:05:00,0.1057,0.1058,0.1052,0.1052,238281.32
2026-09-08 22:10:00,0.1051,0.1053,0.1051,0.1053,59931.55
2026-09-08 22:15:00,0.1054,0.1055,0.1054,0.1055,53077.08
2026-09-08 22:20:00,0.1054,0.1056,0.1054,0.1054,119176.45
2026-09-08 22:25:00,0.1054,0.1054,0.1054,0.1054,33196.74
2026-09-08 22:30:00,0.1055,0.1055,0.1054,0.1054,47295.75
2026-09-08 22:35:00,0.1053,0.1054,0.1053,0.1053,22672.34
2026-09-08 22:40:00,0.1054,0.1057,0.1054,0.1056,41121.96
2026-09-08 22:45:00,0.1056,0.1059,0.1056,0.1059,17272.3
2026-09-08 22:50:00,0.1059,0.1059,0.1058,0.1058,4237.92
2026-09-08 22:55:00,0.1059,0.1059,0.1058,0.1058,71918.66
2026-09-08 23:00:00,0.1058,0.1059,0.1057,0.1057,55613.54
2026-09-08 23:05:00,0.1058,0.1058,0.1056,0.1057,84859.14
2026-09-08 23:10:00,0.1056,0.1056,0.1055,0.1055,68916.34
2026-09-08 23:15:00,0.1054,0.1054,0.1053,0.1054,10913.27
2026-09-08 23:20:00,0.1054,0.1055,0.1053,0.1055,49308.27
2026-09-08 23:25:00,0.1055,0.1056,0.1054,0.1055,25954.52
2026-09-08 23:30:00,0.1055,0.1056,0.1054,0.1054,31274.92
2026-09-08 23:35:00,0.1054,0.1056,0.1054,0.1056,26479.97
2026-09-08 23:40:00,0.1056,0.1058,0.1055,0.1056,127481.21
2026-09-08 23:45:00,0.1056,0.1056,0.1055,0.1055,18125.83
2026-09-08 23:50:00,0.1055,0.1056,0.1053,0.1053,144504.41
2026-09-08 23:55:00,0.1054,0.1055,0.1052,0.1053,131514.1
2026-09-09 00:00:00,0.1053,0.1059,0.1053,0.1059,62025.92
2026-09-09 00:05:00,0.1059,0.106,0.1058,0.1058,18398.09
2026-09-09 00:10:00,0.1058,0.1061,0.1058,0.106,24110.42
2026-09-09 00:15:00,0.106,0.106,0.1057,0.1057,17372.26
2026-09-09 00:20:00,0.1057,0.1059,0.1055,0.1055,49833.07
2026-09-09 00:25:00,0.1056,0.1056,0.1055,0.1056,42588.99
2026-09-09 00:30:00,0.1057,0.1057,0.1052,0.1052,16093.33
2026-09-09 00:35:00,0.1052,0.1053,0.1049,0.1053,20447.49
2026-09-09 00:40:00,0.1053,0.1055,0.1051,0.1055,23815.23
2026-09-09 00:45:00,0.1055,0.1056,0.1054,0.1055,37679.54
2026-09-09 00:50:00,0.1056,0.1056,0.1054,0.1055,16645.68
2026-09-09 00:55:00,0.1055,0.1055,0.1054,0.1054,33389.14
2026-09-09 01:00:00,0.1055,0.1055,0.1053,0.1053,43313.79
2026-09-09 01:05:00,0.1053,0.1055,0.1052,0.1055,58667.12
2026-09-09 01:10:00,0.1056,0.1059,0.1055,0.1056,59273.45
2026-09-09 01:15:00,0.1057,0.1057,0.105,0.105,63921.53
2026-09-09 01:20:00,0.105,0.1052,0.1048,0.105,157803.14
2026-09-09 01:25:00,0.1051,0.1052,0.105,0.1051,58493.97
2026-09-09 01:30:00,0.105,0.105,0.1048,0.105,40358.04
2026-09-09 01:35:00,0.105,0.1055,0.105,0.1053,27619.1
2026-09-09 01:40:00,0.1053,0.1054,0.1049,0.1051,31379.09
2026-09-09 01:45:00,0.105,0.1052,0.105,0.105,69293.13
2026-09-09 01:50:00,0.1051,0.1052,0.1047,0.105,113726.91
2026-09-09 01:55:00,0.1049,0.105,0.1048,0.1049,96723.98
2026-09-09 02:00:00,0.105,0.105,0.1045,0.1047,445040.38
2026-09-09 02:05:00,0.1046,0.105,0.1044,0.105,74317.5
2026-09-09 02:10:00,0.105,0.1051,0.1044,0.1046,105108.29
2026-09-09 02:15:00,0.1045,0.1045,0.1038,0.1041,949078.92
2026-09-09 02:20:00,0.1041,0.1046,0.1039,0.1045,149318.15
2026-09-09 02:25:00,0.1044,0.1044,0.1041,0.1043,141214.49
2026-09-09 02:30:00,0.1042,0.1043,0.104,0.104,64176.58
2026-09-09 02:35:00,0.104,0.1042,0.1038,0.1042,112796.41
2026-09-09 02:40:00,0.1041,0.1042,0.104,0.1042,138179.41
2026-09-09 02:45:00,0.1042,0.1042,0.1039,0.104,130163.71
2026-09-09 02:50:00,0.104,0.1041,0.104,0.104,34982.46
2026-09-09 02:55:00,0.1039,0.104,0.1037,0.1038,207595.51
2026-09-09 03:00:00,0.1039,0.1039,0.1034,0.1036,444295.68
2026-09-09 03:05:00,0.1036,0.1037,0.1033,0.1034,545589.23
2026-09-09 03:10:00,0.1034,0.1036,0.103,0.1032,297804.27
2026-09-09 03:15:00,0.1033,0.1033,0.1031,0.1032,69819.83
2026-09-09 03:20:00,0.1031,0.1033,0.1029,0.1031,536775.99
2026-09-09 03:25:00,0.1031,0.1031,0.1028,0.103,262523.12
2026-09-09 03:30:00,0.1031,0.1031,0.1028,0.1028,165846.67
2026-09-09 03:35:00,0.1029,0.1032,0.1029,0.1032,198334.79
2026-09-09 03:40:00,0.1032,0.1034,0.1032,0.1033,64304.11
2026-09-09 03:45:00,0.1033,0.1036,0.1033,0.1033,90760.74
2026-09-09 03:50:00,0.1033,0.1033,0.1031,0.1032,94293.47
2026-09-09 03:55:00,0.1031,0.1032,0.103,0.103,50877.83
2026-09-09 04:00:00,0.1031,0.1038,0.1031,0.1037,172992.58
2026-09-09 04:05:00,0.1038,0.1041,0.1035,0.1035,75312.11
2026-09-09 04:10:00,0.1035,0.1035,0.1033,0.1034,83910.29
2026-09-09 04:15:00,0.1034,0.1035,0.1032,0.1034,232032.37
2026-09-09 04:20:00,0.1033,0.1039,0.1031,0.1038,164204.23
2026-09-09 04:25:00,0.1039,0.1041,0.1037,0.104,82884.48
2026-09-09 04:30:00,0.104,0.1041,0.104,0.104,20232.15
2026-09-09 04:35:00,0.1041,0.1042,0.1041,0.1041,69180.28
2026-09-09 04:40:00,0.1041,0.1046,0.104,0.1046,92728.49
2026-09-09 04:45:00,0.1046,0.1047,0.1041,0.1043,166832.12
2026-09-09 04:50:00,0.1043,0.1044,0.1042,0.1043,70617.27
2026-09-09 04:55:00,0.1043,0.1044,0.1042,0.1043,120847.97
2026-09-09 05:00:00,0.1043,0.1043,0.104,0.1041,134904.24
2026-09-09 05:05:00,0.1041,0.1042,0.1039,0.104,72791.51
2026-09-09 05:10:00,0.104,0.1041,0.1038,0.104,552618.33
2026-09-09 05:15:00,0.104,0.1043,0.104,0.1042,402997.19
2026-09-09 05:20:00,0.1042,0.1042,0.104,0.1041,45899.46
2026-09-09 05:25:00,0.1041,0.1041,0.104,0.1041,98752.42
2026-09-09 05:30:00,0.1041,0.1041,0.1037,0.1038,727133.72
2026-09-09 05:35:00,0.1038,0.1039,0.1036,0.1037,224150.56
2026-09-09 05:40:00,0.1037,0.1038,0.1034,0.1035,127829.47
2026-09-09 05:45:00,0.1034,0.1035,0.1032,0.1034,121908.94
2026-09-09 05:50:00,0.1035,0.1036,0.1035,0.1036,14763.75
2026-09-09 05:55:00,0.1036,0.1037,0.1036,0.1037,27488.42
2026-09-09 06:00:00,0.1038,0.1039,0.1034,0.1034,71919.04
2026-09-09 06:05:00,0.1034,0.1039,0.1034,0.1039,128822.79
2026-09-09 06:10:00,0.104,0.1047,0.104,0.1047,129538.02
2026-09-09 06:15:00,0.1048,0.1049,0.1045,0.1048,333890.92
2026-09-09 06:20:00,0.1048,0.105,0.1048,0.105,133722.94
2026-09-09 06:25:00,0.105,0.1051,0.1049,0.1049,62789.53
2026-09-09 06:30:00,0.1049,0.1052,0.1048,0.1051,181638.03
2026-09-09 06:35:00,0.1052,0.1054,0.105,0.1054,105354.61
2026-09-09 06:40:00,0.1054,0.1055,0.1053,0.1055,341383.36
2026-09-09 06:45:00,0.1055,0.1055,0.1052,0.1054,168431.84
2026-09-09 06:50:00,0.1054,0.1056,0.1054,0.1054,125024.92
2026-09-09 06:55:00,0.1053,0.1054,0.1053,0.1053,18539.07
2026-09-09 07:00:00,0.1054,0.1055,0.1052,0.1054,90489.5
2026-09-09 07:05:00,0.1055,0.1058,0.1053,0.1055,245714.13
2026-09-09 07:10:00,0.1055,0.1056,0.1052,0.1052,41354.52
2026-09-09 07:15:00,0.1051,0.1055,0.105,0.1052,181504.09
2026-09-09 07:20:00,0.1053,0.1055,0.1053,0.1054,147306.07
2026-09-09 07:25:00,0.1055,0.1055,0.1052,0.1053,182825.71
2026-09-09 07:30:00,0.1053,0.1054,0.1052,0.1053,29143.02
2026-09-09 07:35:00,0.1052,0.1053,0.1051,0.1053,26582.06
2026-09-09 07:40:00,0.1053,0.1053,0.1051,0.1051,101474.15
2026-09-09 07:45:00,0.1051,0.1052,0.105,0.1051,65695.42
2026-09-09 07:50:00,0.1052,0.1053,0.1051,0.1053,71580.69
2026-09-09 07:55:00,0.1053,0.1053,0.1052,0.1053,78417.73
2026-09-09 08:00:00,0.1052,0.1057,0.1052,0.1056,334374.72
2026-09-09 08:05:00,0.1056,0.1057,0.1055,0.1056,265690.61
2026-09-09 08:10:00,0.1056,0.1058,0.1054,0.1055,93394.56
2026-09-09 08:15:00,0.1053,0.1056,0.1053,0.1056,63602.56
2026-09-09 08:20:00,0.1056,0.1057,0.1054,0.1055,189376.4
2026-09-09 08:25:00,0.1055,0.1056,0.1055,0.1056,50344.1
2026-09-09 08:30:00,0.1056,0.1059,0.1056,0.1058,213232.55
2026-09-09 08:35:00,0.1058,0.106,0.1056,0.1058,431591.32
2026-09-09 08:40:00,0.1059,0.1059,0.1057,0.1057,161067.78
2026-09-09 08:45:00,0.1058,0.1058,0.1057,0.1058,117308.91
2026-09-09 08:50:00,0.1057,0.106,0.1057,0.106,49932.84
2026-09-09 08:55:00,0.106,0.1061,0.1059,0.1061,86192.87
2026-09-09 09:00:00,0.106,0.106,0.1059,0.106,60890.83
2026-09-09 09:05:00,0.106,0.106,0.1055,0.1055,82271.1
2026-09-09 09:10:00,0.1055,0.1055,0.1053,0.1055,105031.97
2026-09-09 09:15:00,0.1056,0.1056,0.1054,0.1054,414357.72
2026-09-09 09:20:00,0.1054,0.1054,0.1052,0.1052,62755.0
2026-09-09 09:25:00,0.1052,0.1052,0.1051,0.1052,64437.43
2026-09-09 09:30:00,0.1052,0.1053,0.1051,0.1052,84263.0
2026-09-09 09:35:00,0.1052,0.1052,0.1048,0.1049,374561.11
2026-09-09 09:40:00,0.1049,0.1049,0.1045,0.1045,63865.17
2026-09-09 09:45:00,0.1045,0.1046,0.1042,0.1043,231961.27
2026-09-09 09:50:00,0.1042,0.1044,0.1039,0.1039,183477.88
2026-09-09 09:55:00,0.1039,0.104,0.103,0.1034,586677.06
2026-09-09 10:00:00,0.1034,0.1039,0.1033,0.1038,167887.02
2026-09-09 10:05:00,0.1039,0.1039,0.1033,0.1034,111620.25
2026-09-09 10:10:00,0.1033,0.1036,0.1032,0.1033,154898.09
2026-09-09 10:15:00,0.1033,0.1035,0.103,0.1035,120752.19
2026-09-09 10:20:00,0.1035,0.1037,0.1033,0.1033,90711.02
2026-09-09 10:25:00,0.1032,0.1035,0.1032,0.1034,85044.27
2026-09-09 10:30:00,0.1034,0.1039,0.1034,0.1039,118012.59
2026-09-09 10:35:00,0.1038,0.104,0.1036,0.1039,87135.76
2026-09-09 10:40:00,0.1038,0.1038,0.1037,0.1037,54156.77
2026-09-09 10:45:00,0.1036,0.1037,0.1034,0.1036,56119.27
2026-09-09 10:50:00,0.1036,0.1036,0.1034,0.1036,51612.8
2026-09-09 10:55:00,0.1036,0.1037,0.1035,0.1036,157973.75
2026-09-09 11:00:00,0.1035,0.1036,0.1029,0.1032,268208.84
2026-09-09 11:05:00,0.103,0.1031,0.1027,0.103,643094.63
2026-09-09 11:10:00,0.1031,0.1033,0.1027,0.1028,114209.83
2026-09-09 11:15:00,0.1028,0.1028,0.1025,0.1027,327159.82
2026-09-09 11:20:00,0.1028,0.1035,0.1027,0.1035,445443.4
2026-09-09 11:25:00,0.1036,0.1036,0.1035,0.1035,152593.28
2026-09-09 11:30:00,0.1034,0.1036,0.1032,0.1035,301537.34
2026-09-09 11:35:00,0.1035,0.1035,0.1033,0.1034,103065.9
2026-09-09 11:40:00,0.1034,0.1037,0.1033,0.1034,127974.11
2026-09-09 11:45:00,0.1035,0.1037,0.1034,0.1035,67244.59
2026-09-09 11:50:00,0.1036,0.1041,0.1036,0.1041,138754.86
2026-09-09 11:55:00,0.104,0.1041,0.1039,0.1039,36260.56
2026-09-09 12:00:00,0.1039,0.104,0.1035,0.1036,78707.31
2026-09-09 12:05:00,0.1036,0.1038,0.1035,0.1036,61289.77
2026-09-09 12:10:00,0.1037,0.1037,0.1035,0.1035,64115.06
2026-09-09 12:15:00,0.1035,0.1037,0.1034,0.1034,171670.11
2026-09-09 12:20:00,0.1035,0.1038,0.1035,0.1038,29892.95
2026-09-09 12:25:00,0.1038,0.104,0.1038,0.104,238332.01
2026-09-09 12:30:00,0.104,0.1045,0.104,0.1043,208513.34
2026-09-09 12:35:00,0.1042,0.1046,0.1041,0.1042,230831.87
2026-09-09 12:40:00,0.1043,0.1044,0.1042,0.1042,110005.46
2026-09-09 12:45:00,0.1043,0.1045,0.1043,0.1045,61940.98
2026-09-09 12:50:00,0.1046,0.1046,0.1042,0.1045,336089.83
2026-09-09 12:55:00,0.1044,0.1048,0.1044,0.1045,292469.72
2026-09-09 13:00:00,0.1045,0.1048,0.1043,0.1048,115886.24
2026-09-09 13:05:00,0.1047,0.1048,0.1044,0.1045,74486.23
2026-09-09 13:10:00,0.1045,0.1045,0.1043,0.1045,60083.49
2026-09-09 13:15:00,0.1045,0.1047,0.1044,0.1047,36639.96
2026-09-09 13:20:00,0.1047,0.1047,0.1045,0.1046,104313.0
2026-09-09 13:25:00,0.1046,0.1047,0.1044,0.1044,138373.3
2026-09-09 13:30:00,0.1044,0.1044,0.104,0.1041,525098.87
2026-09-09 13:35:00,0.1041,0.1041,0.1033,0.1036,276141.64
2026-09-09 13:40:00,0.1036,0.1038,0.103,0.1033,135144.04
2026-09-09 13:45:00,0.1034,0.1038,0.1033,0.1036,180813.24
2026-09-09 13:50:00,0.1036,0.1043,0.1036,0.1037,725917.17
2026-09-09 13:55:00,0.1038,0.1039,0.1035,0.1036,119277.25
2026-09-09 14:00:00,0.1036,0.1039,0.1033,0.1039,133093.82
2026-09-09 14:05:00,0.104,0.1044,0.1035,0.1035,133924.25
2026-09-09 14:10:00,0.1035,0.1037,0.1032,0.1037,51646.53
2026-09-09 14:15:00,0.1036,0.1037,0.1034,0.1035,41974.64
2026-09-09 14:20:00,0.1035,0.1037,0.1031,0.1032,153754.86
2026-09-09 14:25:00,0.1033,0.1039,0.103,0.1039,51727.61
2026-09-09 14:30:00,0.104,0.1042,0.1036,0.1037,91859.63
2026-09-09 14:35:00,0.1038,0.1041,0.1038,0.1041,177108.37
2026-09-09 14:40:00,0.104,0.1043,0.1036,0.1036,405041.07
2026-09-09 14:45:00,0.1036,0.104,0.1036,0.1039,111236.47
2026-09-09 14:50:00,0.104,0.104,0.1032,0.1033,75183.36
2026-09-09 14:55:00,0.1033,0.1033,0.1028,0.103,160239.35
2026-09-09 15:00:00,0.1031,0.1038,0.1002,0.1021,3375025.67
2026-09-09 15:05:00,0.1021,0.1024,0.1015,0.1017,584647.91
2026-09-09 15:10:00,0.1018,0.102,0.101,0.1014,742654.87
2026-09-09 15:15:00,0.1014,0.102,0.1014,0.1017,310297.83
2026-09-09 15:20:00,0.1017,0.1019,0.1003,0.1005,719662.77
2026-09-09 15:25:00,0.1005,0.1013,0.1003,0.1012,648211.69
2026-09-09 15:30:00,0.1011,0.1014,0.1008,0.1014,750559.57
2026-09-09 15:35:00,0.1015,0.1017,0.1009,0.1016,293243.12
2026-09-09 15:40:00,0.1016,0.1017,0.1013,0.1014,221019.31
2026-09-09 15:45:00,0.1014,0.1017,0.1013,0.1017,54584.41
2026-09-09 15:50:00,0.1017,0.1019,0.1016,0.1018,66961.06
2026-09-09 15:55:00,0.1018,0.1018,0.1014,0.1016,197815.87
2026-09-09 16:00:00,0.1015,0.102,0.1013,0.1019,284664.57
2026-09-09 16:05:00,0.1019,0.102,0.1011,0.1011,528033.33
2026-09-09 16:10:00,0.1012,0.1015,0.101,0.1015,159001.88
2026-09-09 16:15:00,0.1015,0.1015,0.1009,0.1012,424909.61
2026-09-09 16:20:00,0.1011,0.1016,0.101,0.1012,266026.89
2026-09-09 16:25:00,0.1013,0.1015,0.1011,0.1014,333709.99
2026-09-09 16:30:00,0.1015,0.1023,0.1015,0.1023,410676.78
2026-09-09 16:35:00,0.1023,0.1027,0.1023,0.1024,248255.42
2026-09-09 16:40:00,0.1024,0.1025,0.1022,0.1023,176862.75
2026-09-09 16:45:00,0.1022,0.1023,0.102,0.1021,227618.46
2026-09-09 16:50:00,0.1022,0.1026,0.1021,0.1024,742162.45
2026-09-09 16:55:00,0.1024,0.1026,0.1023,0.1023,149042.4
2026-09-09 17:00:00,0.1023,0.1028,0.1023,0.1025,287004.43
2026-09-09 17:05:00,0.1025,0.1029,0.1024,0.1027,209631.87
2026-09-09 17:10:00,0.1027,0.1033,0.1027,0.103,429987.14
2026-09-09 17:15:00,0.103,0.103,0.1027,0.1029,170871.58
2026-09-09 17:20:00,0.103,0.103,0.1027,0.1029,25533.76
2026-09-09 17:25:00,0.103,0.1031,0.1029,0.1029,119204.83
2026-09-09 17:30:00,0.1029,0.103,0.1027,0.1027,60218.2
2026-09-09 17:35:00,0.1027,0.1029,0.1026,0.1026,87527.15
2026-09-09 17:40:00,0.1026,0.1029,0.1024,0.1028,125710.6
2026-09-09 17:45:00,0.1029,0.103,0.1027,0.1029,30603.34
2026-09-09 17:50:00,0.103,0.1033,0.1029,0.1033,946770.52
2026-09-09 17:55:00,0.1033,0.1033,0.1029,0.1029,149831.42
2026-09-09 18:00:00,0.1029,0.1031,0.1028,0.1029,96646.22
2026-09-09 18:05:00,0.1029,0.1031,0.1026,0.1028,58262.72
2026-09-09 18:10:00,0.1029,0.103,0.1028,0.103,76289.47
2026-09-09 18:15:00,0.1031,0.1031,0.1028,0.1028,33479.93
2026-09-09 18:20:00,0.1029,0.1033,0.1029,0.1033,81173.75
2026-09-09 18:25:00,0.1032,0.1034,0.1032,0.1033,63021.95
2026-09-09 18:30:00,0.1032,0.1037,0.1032,0.1036,158786.41
2026-09-09 18:35:00,0.1035,0.1037,0.1035,0.1035,136200.92
2026-09-09 18:40:00,0.1035,0.1037,0.1035,0.1037,54945.86
2026-09-09 18:45:00,0.1036,0.1037,0.1034,0.1035,163916.51
2026-09-09 18:50:00,0.1035,0.1035,0.103,0.103,175352.76
2026-09-09 18:55:00,0.103,0.1033,0.1029,0.1029,43310.59
2026-09-09 19:00:00,0.103,0.1031,0.1026,0.1026,132138.3
2026-09-09 19:05:00,0.1027,0.1028,0.1024,0.1025,589276.11
2026-09-09 19:10:00,0.1026,0.1026,0.1024,0.1025,50317.23
2026-09-09 19:15:00,0.1026,0.1029,0.1026,0.1028,39869.0
2026-09-09 19:20:00,0.1028,0.1028,0.1026,0.1026,32848.51
2026-09-09 19:25:00,0.1025,0.1025,0.1023,0.1023,11947.64
2026-09-09 19:30:00,0.1023,0.1023,0.102,0.1021,99199.83
2026-09-09 19:35:00,0.102,0.102,0.1015,0.1016,125247.31
2026-09-09 19:40:00,0.1016,0.1017,0.1015,0.1015,29199.05
2026-09-09 19:45:00,0.1015,0.1015,0.1012,0.1013,56438.56
2026-09-09 19:50:00,0.1013,0.1013,0.1005,0.1006,390749.68
2026-09-09 19:55:00,0.1006,0.1008,0.1005,0.1007,119578.16
2026-09-09 20:00:00,0.1008,0.1008,0.1006,0.1006,138429.54
2026-09-09 20:05:00,0.1005,0.101,0.1005,0.1008,205166.83
2026-09-09 20:10:00,0.1008,0.1009,0.1006,0.1007,122951.01
2026-09-09 20:15:00,0.1008,0.1013,0.1007,0.1009,169547.49
2026-09-09 20:20:00,0.1008,0.1009,0.1004,0.1007,214054.28
2026-09-09 20:25:00,0.1008,0.101,0.0995,0.1005,1038739.13
2026-09-09 20:30:00,0.1005,0.1012,0.1005,0.1012,229736.48
2026-09-09 20:35:00,0.1011,0.1014,0.1011,0.1012,187193.99
2026-09-09 20:40:00,0.1011,0.1012,0.101,0.1011,142164.93
2026-09-09 20:45:00,0.101,0.101,0.1007,0.1007,40433.95
2026-09-09 20:50:00,0.1007,0.1011,0.1006,0.1009,171173.09
2026-09-09 20:55:00,0.1009,0.1014,0.1009,0.1014,30801.25
2026-09-09 21:00:00,0.1015,0.1015,0.1009,0.1011,128637.6
2026-09-09 21:05:00,0.1011,0.1012,0.1009,0.101,99205.58
2026-09-09 21:10:00,0.101,0.101,0.1008,0.1009,111862.07
2026-09-09 21:15:00,0.1009,0.101,0.1007,0.1009,43910.69
2026-09-09 21:20:00,0.1008,0.1011,0.1005,0.1011,49118.91
2026-09-09 21:25:00,0.1011,0.1014,0.1011,0.1011,60967.13
2026-09-09 21:30:00,0.1012,0.1012,0.1008,0.1008,52693.52
2026-09-09 21:35:00,0.1007,0.1007,0.1005,0.1006,30803.36
2026-09-09 21:40:00,0.1006,0.1006,0.1003,0.1003,104084.61
2026-09-09 21:45:00,0.1004,0.1005,0.0998,0.0998,177854.75
2026-09-09 21:50:00,0.0998,0.1004,0.0998,0.1004,137062.82
2026-09-09 21:55:00,0.1004,0.1005,0.1001,0.1005,311574.27
2026-09-09 22:00:00,0.1005,0.1007,0.1,0.1002,65468.64
2026-09-09 22:05:00,0.1,0.1001,0.0978,0.0991,1774320.27
2026-09-09 22:10:00,0.0991,0.0997,0.0991,0.0994,615933.24
2026-09-09 22:15:00,0.0993,0.0996,0.0991,0.0996,265629.85
2026-09-09 22:20:00,0.0997,0.0998,0.0994,0.0996,254761.48
2026-09-09 22:25:00,0.0997,0.0998,0.0993,0.0994,225167.98
2026-09-09 22:30:00,0.0993,0.0993,0.0988,0.0989,42428.82
2026-09-09 22:35:00,0.0989,0.0992,0.0988,0.0991,128927.79
2026-09-09 22:40:00,0.0991,0.0992,0.0988,0.0988,197439.81
2026-09-09 22:45:00,0.0988,0.0989,0.0986,0.0986,98161.55
2026-09-09 22:50:00,0.0986,0.0987,0.0985,0.0986,60835.69
2026-09-09 22:55:00,0.0985,0.0985,0.0982,0.0984,137156.11
2026-09-09 23:00:00,0.0984,0.0989,0.0984,0.0989,261924.96
2026-09-09 23:05:00,0.099,0.099,0.0986,0.0987,69773.22
2026-09-09 23:10:00,0.0988,0.0989,0.0987,0.0989,22861.0
2026-09-09 23:15:00,0.0988,0.0991,0.0987,0.0991,62829.25
2026-09-09 23:20:00,0.099,0.0993,0.099,0.0992,211252.33
2026-09-09 23:25:00,0.0991,0.0993,0.0991,0.0993,35701.76
2026-09-09 23:30:00,0.0994,0.0996,0.0993,0.0995,18794.34
2026-09-09 23:35:00,0.0996,0.0997,0.0995,0.0997,22706.53
2026-09-09 23:40:00,0.0996,0.0996,0.0994,0.0994,156925.1
2026-09-09 23:45:00,0.0995,0.0998,0.0995,0.0996,153558.81
2026-09-09 23:50:00,0.0996,0.0996,0.0994,0.0995,47367.13
2026-09-09 23:55:00,0.0995,0.0995,0.0994,0.0995,45461.83
2026-09-10 00:00:00,0.0994,0.0996,0.0994,0.0995,19943.09
2026-09-10 00:05:00,0.0996,0.0998,0.0993,0.0993,162865.03
2026-09-10 00:10:00,0.0993,0.0995,0.0988,0.0989,245690.49
2026-09-10 00:15:00,0.0989,0.099,0.0986,0.0987,417177.05
2026-09-10 00:20:00,0.0987,0.099,0.0986,0.0988,83823.2
2026-09-10 00:25:00,0.0988,0.099,0.0987,0.0988,111078.48
2026-09-10 00:30:00,0.0989,0.0989,0.0985,0.0987,134441.64
2026-09-10 00:35:00,0.0988,0.0989,0.0985,0.0985,129664.63
2026-09-10 00:40:00,0.0985,0.0985,0.0983,0.0983,188764.4
2026-09-10 00:45:00,0.0983,0.0985,0.0981,0.0982,261904.05
2026-09-10 00:50:00,0.0981,0.0983,0.0979,0.0981,178659.72
2026-09-10 00:55:00,0.0981,0.0982,0.0978,0.098,62576.72
2026-09-10 01:00:00,0.0979,0.0987,0.0979,0.0987,456817.66
2026-09-10 01:05:00,0.0988,0.099,0.0986,0.0988,458436.15
2026-09-10 01:10:00,0.0988,0.0988,0.0983,0.0984,33278.32
2026-09-10 01:15:00,0.0984,0.0985,0.098,0.0984,326905.61
2026-09-10 01:20:00,0.0984,0.0985,0.098,0.0983,59388.83
2026-09-10 01:25:00,0.0983,0.0983,0.0979,0.0979,55717.73
2026-09-10 01:30:00,0.0978,0.098,0.0973,0.0975,181961.64
2026-09-10 01:35:00,0.0974,0.0975,0.0969,0.097,368533.99
2026-09-10 01:40:00,0.0971,0.0977,0.0971,0.0974,130966.36
2026-09-10 01:45:00,0.0975,0.0986,0.0973,0.098,5214593.16
2026-09-10 01:50:00,0.098,0.098,0.0974,0.0976,134123.78
2026-09-10 01:55:00,0.0976,0.0979,0.0976,0.0978,86533.68
2026-09-10 02:00:00,0.0978,0.0979,0.0975,0.0977,195489.84
2026-09-10 02:05:00,0.0977,0.0981,0.0977,0.0978,93869.91
2026-09-10 02:10:00,0.0978,0.0978,0.0977,0.0978,47316.15
2026-09-10 02:15:00,0.0978,0.0979,0.0976,0.0978,109587.34
2026-09-10 02:20:00,0.0978,0.0979,0.0975,0.0975,67406.46
2026-09-10 02:25:00,0.0975,0.0977,0.0975,0.0976,133815.21
2026-09-10 02:30:00,0.0976,0.0983,0.0976,0.0983,157669.22
2026-09-10 02:35:00,0.0983,0.0986,0.0983,0.0985,37193.36
2026-09-10 02:40:00,0.0985,0.0987,0.0985,0.0986,364817.41
2026-09-10 02:45:00,0.0986,0.0988,0.0986,0.0988,70652.59
2026-09-10 02:50:00,0.0988,0.0989,0.0988,0.0989,36583.49
2026-09-10 02:55:00,0.0989,0.099,0.0989,0.0989,55419.96
2026-09-10 03:00:00,0.099,0.0992,0.099,0.0992,115361.47
2026-09-10 03:05:00,0.0992,0.0993,0.099,0.0991,201612.81
2026-09-10 03:10:00,0.099,0.099,0.0989,0.0989,31850.3
2026-09-10 03:15:00,0.0989,0.099,0.0989,0.0989,37334.53
2026-09-10 03:20:00,0.0988,0.099,0.0987,0.0987,71130.83
2026-09-10 03:25:00,0.0987,0.0989,0.0985,0.0989,110342.65
2026-09-10 03:30:00,0.0989,0.0991,0.0988,0.0988,183474.42
2026-09-10 03:35:00,0.0988,0.0988,0.0985,0.0986,45653.81
2026-09-10 03:40:00,0.0986,0.0989,0.0986,0.0987,169866.8
2026-09-10 03:45:00,0.0987,0.0991,0.0987,0.099,60224.93
2026-09-10 03:50:00,0.0989,0.099,0.0986,0.0986,267745.43
2026-09-10 03:55:00,0.0986,0.0986,0.0984,0.0986,157538.66
2026-09-10 04:00:00,0.0987,0.0988,0.0987,0.0988,55432.26
2026-09-10 04:05:00,0.0989,0.0991,0.0989,0.099,45980.71
2026-09-10 04:10:00,0.099,0.099,0.0989,0.0989,40625.12
2026-09-10 04:15:00,0.0989,0.0991,0.0989,0.0991,69435.42
2026-09-10 04:20:00,0.0992,0.0992,0.099,0.099,38235.47
2026-09-10 04:25:00,0.099,0.0991,0.099,0.0991,19042.84
2026-09-10 04:30:00,0.099,0.099,0.0987,0.099,78763.71
2026-09-10 04:35:00,0.0989,0.099,0.0989,0.0989,36543.93
2026-09-10 04:40:00,0.099,0.099,0.0987,0.0987,63481.19
2026-09-10 04:45:00,0.0986,0.0987,0.0986,0.0986,75938.99
2026-09-10 04:50:00,0.0987,0.0987,0.0984,0.0986,140482.3
2026-09-10 04:55:00,0.0987,0.0989,0.0986,0.0987,151243.23
2026-09-10 05:00:00,0.0988,0.0989,0.0983,0.0983,67181.83
2026-09-10 05:05:00,0.0983,0.0985,0.0983,0.0984,111988.11
2026-09-10 05:10:00,0.0986,0.0993,0.0986,0.0993,108509.73
2026-09-10 05:15:00,0.0993,0.0993,0.0988,0.0988,213038.95
2026-09-10 05:20:00,0.0989,0.0989,0.0987,0.0988,28235.69
2026-09-10 05:25:00,0.0988,0.0992,0.0987,0.0992,41298.33
2026-09-10 05:30:00,0.0992,0.0994,0.099,0.0994,76924.28
2026-09-10 05:35:00,0.0994,0.0995,0.0992,0.0993,379313.92
2026-09-10 05:40:00,0.0992,0.0993,0.0991,0.0993,94362.13
2026-09-10 05:45:00,0.0993,0.0994,0.0993,0.0993,6138.98
2026-09-10 05:50:00,0.0992,0.0992,0.0991,0.0992,26231.34
2026-09-10 05:55:00,0.0991,0.0991,0.099,0.0991,30971.77
2026-09-10 06:00:00,0.0991,0.0991,0.0989,0.0989,26763.71
2026-09-10 06:05:00,0.0989,0.0989,0.0988,0.0988,14347.27
2026-09-10 06:10:00,0.0987,0.0987,0.0984,0.0985,188279.18
2026-09-10 06:15:00,0.0984,0.0984,0.098,0.0982,214996.69
2026-09-10 06:20:00,0.0983,0.0983,0.098,0.0981,23419.7
2026-09-10 06:25:00,0.0981,0.0982,0.0981,0.0981,26244.39
2026-09-10 06:30:00,0.0982,0.0983,0.0981,0.0981,60692.56
2026-09-10 06:35:00,0.0982,0.0986,0.0981,0.0986,217243.08
2026-09-10 06:40:00,0.0986,0.0987,0.0984,0.0984,24065.43
2026-09-10 06:45:00,0.0983,0.0988,0.0983,0.0988,22711.74
2026-09-10 06:50:00,0.0988,0.099,0.0986,0.0988,110524.4
2026-09-10 06:55:00,0.0987,0.0989,0.0987,0.0988,88298.26
2026-09-10 07:00:00,0.0988,0.0988,0.0982,0.0982,58846.42
2026-09-10 07:05:00,0.0982,0.0984,0.0981,0.0983,259682.8
2026-09-10 07:10:00,0.0983,0.0984,0.0983,0.0984,17677.15
2026-09-10 07:15:00,0.0983,0.0983,0.0981,0.0982,239513.95
2026-09-10 07:20:00,0.0982,0.0982,0.0979,0.098,31745.49
2026-09-10 07:25:00,0.098,0.098,0.0979,0.0979,24561.86
2026-09-10 07:30:00,0.0978,0.0979,0.0978,0.0978,219923.71
2026-09-10 07:35:00,0.0978,0.098,0.0977,0.0977,101339.02
2026-09-10 07:40:00,0.0976,0.0977,0.0975,0.0977,101109.89
2026-09-10 07:45:00,0.0977,0.0979,0.0977,0.0978,28985.72
2026-09-10 07:50:00,0.0978,0.098,0.0978,0.098,64080.58
2026-09-10 07:55:00,0.098,0.0981,0.0978,0.0979,286337.52
2026-09-10 08:00:00,0.0978,0.098,0.0977,0.0977,368249.82
2026-09-10 08:05:00,0.0977,0.0982,0.0977,0.0982,133090.5
2026-09-10 08:10:00,0.0981,0.0982,0.0977,0.0978,148110.53
2026-09-10 08:15:00,0.0977,0.0977,0.0973,0.0976,1026821.15
2026-09-10 08:20:00,0.0976,0.0978,0.0976,0.0977,273571.83
2026-09-10 08:25:00,0.0977,0.0978,0.0976,0.0976,259498.69
2026-09-10 08:30:00,0.0975,0.0976,0.0973,0.0975,237161.74
2026-09-10 08:35:00,0.0975,0.0976,0.0974,0.0976,38940.49
2026-09-10 08:40:00,0.0976,0.0976,0.0974,0.0975,112467.48
2026-09-10 08:45:00,0.0975,0.0976,0.0975,0.0975,23746.56
2026-09-10 08:50:00,0.0974,0.0976,0.0974,0.0975,43985.9
2026-09-10 08:55:00,0.0975,0.0975,0.0974,0.0974,36320.41
2026-09-10 09:00:00,0.0974,0.0976,0.0973,0.0976,93051.76
2026-09-10 09:05:00,0.0976,0.0976,0.0973,0.0973,26428.01
2026-09-10 09:10:00,0.0973,0.0975,0.0973,0.0975,24592.8
2026-09-10 09:15:00,0.0974,0.0977,0.0974,0.0976,14559.29
2026-09-10 09:20:00,0.0977,0.0977,0.0976,0.0976,213078.74
2026-09-10 09:25:00,0.0977,0.0977,0.0976,0.0976,91745.82
2026-09-10 09:30:00,0.0976,0.0977,0.0973,0.0973,260129.2
2026-09-10 09:35:00,0.0974,0.0974,0.0973,0.0973,21595.1
2026-09-10 09:40:00,0.0972,0.0972,0.0969,0.0971,155515.71
2026-09-10 09:45:00,0.0972,0.0974,0.0972,0.0974,342140.29
2026-09-10 09:50:00,0.0974,0.098,0.0974,0.0978,901039.31
2026-09-10 09:55:00,0.0977,0.0979,0.0975,0.0977,146776.93
2026-09-10 10:00:00,0.0976,0.0981,0.0976,0.098,140787.25
2026-09-10 10:05:00,0.098,0.0983,0.098,0.0981,370220.84
2026-09-10 10:10:00,0.0981,0.0981,0.0979,0.098,179695.85
2026-09-10 10:15:00,0.098,0.098,0.0978,0.0978,42309.89
2026-09-10 10:20:00,0.0978,0.098,0.0978,0.0978,44819.14
2026-09-10 10:25:00,0.0977,0.0977,0.0971,0.0975,1595492.19
2026-09-10 10:30:00,0.0975,0.0976,0.0972,0.0973,52984.02
2026-09-10 10:35:00,0.0974,0.0978,0.0974,0.0978,51002.37
2026-09-10 10:40:00,0.0978,0.098,0.0978,0.0978,50621.82
2026-09-10 10:45:00,0.0979,0.098,0.0978,0.0979,14238.33
2026-09-10 10:50:00,0.0979,0.0979,0.0977,0.0977,37726.3
2026-09-10 10:55:00,0.0978,0.0982,0.0977,0.0977,222148.24
2026-09-10 11:00:00,0.0977,0.0977,0.0975,0.0976,87646.23
2026-09-10 11:05:00,0.0976,0.0979,0.0975,0.0977,173424.26
2026-09-10 11:10:00,0.0977,0.0978,0.0976,0.0978,355013.91
2026-09-10 11:15:00,0.0978,0.0981,0.0978,0.098,424281.44
2026-09-10 11:20:00,0.0981,0.0982,0.098,0.0982,60095.05
2026-09-10 11:25:00,0.0983,0.0984,0.0982,0.0984,198009.16
2026-09-10 11:30:00,0.0984,0.0985,0.0983,0.0984,314366.27
2026-09-10 11:35:00,0.0985,0.0986,0.0984,0.0986,97961.78
2026-09-10 11:40:00,0.0986,0.0989,0.0985,0.0985,596782.14
2026-09-10 11:45:00,0.0986,0.0986,0.0982,0.0985,191331.1
2026-09-10 11:50:00,0.0985,0.0985,0.0982,0.0984,181354.78
2026-09-10 11:55:00,0.0983,0.0983,0.098,0.0982,64289.13
2026-09-10 12:00:00,0.0982,0.0986,0.0982,0.0983,47338.1
2026-09-10 12:05:00,0.0984,0.0985,0.0982,0.0982,46591.73
2026-09-10 12:10:00,0.0983,0.0986,0.0982,0.0985,56454.99
2026-09-10 12:15:00,0.0984,0.0984,0.0982,0.0983,197653.86
2026-09-10 12:20:00,0.0983,0.0984,0.0981,0.0981,52212.85
2026-09-10 12:25:00,0.0981,0.0984,0.098,0.0984,70012.23
2026-09-10 12:30:00,0.0983,0.0988,0.0976,0.0979,792585.88
2026-09-10 12:35:00,0.0979,0.0983,0.0971,0.0975,355593.38
2026-09-10 12:40:00,0.0976,0.0979,0.0974,0.0975,202942.76
2026-09-10 12:45:00,0.0976,0.0976,0.0951,0.0968,2958186.66
2026-09-10 12:50:00,0.0968,0.097,0.0963,0.0963,529393.4
2026-09-10 12:55:00,0.0963,0.0967,0.0961,0.0965,239844.04
2026-09-10 13:00:00,0.0965,0.0975,0.0965,0.0971,238868.6
2026-09-10 13:05:00,0.0971,0.0973,0.097,0.0972,82297.07
2026-09-10 13:10:00,0.0973,0.0974,0.0966,0.0969,285662.39
2026-09-10 13:15:00,0.097,0.097,0.0954,0.096,4755756.32
2026-09-10 13:20:00,0.0961,0.0967,0.0959,0.0966,237742.79
2026-09-10 13:25:00,0.0965,0.0966,0.0962,0.0963,276531.2
2026-09-10 13:30:00,0.0963,0.0966,0.0962,0.0966,226753.56
2026-09-10 13:35:00,0.0965,0.097,0.0965,0.0969,217179.76
2026-09-10 13:40:00,0.0969,0.097,0.0968,0.0968,124751.01
2026-09-10 13:45:00,0.0967,0.097,0.0966,0.0969,269552.84
2026-09-10 13:50:00,0.0969,0.0969,0.0964,0.0967,172838.65
2026-09-10 13:55:00,0.0966,0.0968,0.0966,0.0968,82125.11
2026-09-10 14:00:00,0.0969,0.097,0.0967,0.0968,65075.47
2026-09-10 14:05:00,0.0969,0.097,0.0962,0.0964,129205.34
2026-09-10 14:10:00,0.0964,0.0965,0.0962,0.0962,95508.57
2026-09-10 14:15:00,0.0962,0.0962,0.0957,0.0961,309298.67
2026-09-10 14:20:00,0.0961,0.0965,0.0959,0.0962,177203.38
2026-09-10 14:25:00,0.0963,0.0965,0.0961,0.0963,171740.13
2026-09-10 14:30:00,0.0963,0.0965,0.0962,0.0965,196615.57
2026-09-10 14:35:00,0.0964,0.0967,0.0964,0.0965,49235.45
2026-09-10 14:40:00,0.0965,0.0967,0.0964,0.0964,56974.79
2026-09-10 14:45:00,0.0965,0.0967,0.0962,0.0962,50904.02
2026-09-10 14:50:00,0.0961,0.0964,0.0961,0.0964,71905.33
2026-09-10 14:55:00,0.0963,0.0964,0.0962,0.0963,18410.08
2026-09-10 15:00:00,0.0963,0.0963,0.0955,0.0958,231590.15
2026-09-10 15:05:00,0.0959,0.0964,0.0959,0.0963,70077.46
2026-09-10 15:10:00,0.0963,0.0963,0.0962,0.0962,14773.72
2026-09-10 15:15:00,0.0962,0.0963,0.0958,0.0958,35400.24
2026-09-10 15:20:00,0.0958,0.0959,0.0955,0.0957,71569.88
2026-09-10 15:25:00,0.0957,0.0957,0.0956,0.0956,61802.12
2026-09-10 15:30:00,0.0956,0.0961,0.0955,0.0959,194964.47
2026-09-10 15:35:00,0.0958,0.0962,0.0958,0.0959,53191.81
2026-09-10 15:40:00,0.0959,0.0962,0.0957,0.0961,585375.23
2026-09-10 15:45:00,0.0961,0.0966,0.0961,0.0962,868355.74
2026-09-10 15:50:00,0.0963,0.0966,0.0961,0.0961,499417.99
2026-09-10 15:55:00,0.0961,0.0964,0.096,0.0963,295279.43
2026-09-10 16:00:00,0.0963,0.0964,0.0958,0.0958,152042.29
2026-09-10 16:05:00,0.0958,0.0959,0.0954,0.0954,122085.97
2026-09-10 16:10:00,0.0955,0.0958,0.0953,0.0958,301059.73
2026-09-10 16:15:00,0.0957,0.0957,0.0951,0.0953,255210.44
2026-09-10 16:20:00,0.0953,0.0959,0.0953,0.0954,562826.61
2026-09-10 16:25:00,0.0953,0.0954,0.0949,0.0951,744740.99
2026-09-10 16:30:00,0.095,0.0952,0.0949,0.095,700744.22
2026-09-10 16:35:00,0.0949,0.0955,0.0947,0.0955,726367.98
2026-09-10 16:40:00,0.0955,0.0957,0.0953,0.0957,91092.01
2026-09-10 16:45:00,0.0958,0.0964,0.0958,0.0961,214782.52
2026-09-10 16:50:00,0.0961,0.0962,0.0961,0.0962,35032.45
2026-09-10 16:55:00,0.0962,0.0963,0.0962,0.0963,149840.88
2026-09-10 17:00:00,0.0963,0.0964,0.0962,0.0963,105403.96
2026-09-10 17:05:00,0.0964,0.0966,0.0964,0.0965,191192.65
2026-09-10 17:10:00,0.0966,0.0967,0.0965,0.0965,123606.93
2026-09-10 17:15:00,0.0965,0.0965,0.0955,0.096,3643908.59
2026-09-10 17:20:00,0.096,0.0964,0.096,0.0962,380582.13
2026-09-10 17:25:00,0.0961,0.0964,0.0959,0.0962,198969.73
2026-09-10 17:30:00,0.0962,0.0964,0.0961,0.0964,182817.77
2026-09-10 17:35:00,0.0964,0.0964,0.0959,0.0959,63277.81
2026-09-10 17:40:00,0.0958,0.096,0.0958,0.096,80527.3
2026-09-10 17:45:00,0.096,0.0963,0.0956,0.0963,144650.11
2026-09-10 17:50:00,0.0962,0.0968,0.0962,0.0967,74864.2
2026-09-10 17:55:00,0.0966,0.0967,0.0962,0.0963,64338.78
2026-09-10 18:00:00,0.0962,0.0964,0.0957,0.0957,79019.51
2026-09-10 18:05:00,0.0957,0.0959,0.0956,0.0956,249520.29
2026-09-10 18:10:00,0.0956,0.0958,0.0956,0.0956,76020.09
2026-09-10 18:15:00,0.0957,0.0958,0.0955,0.0956,119507.79
2026-09-10 18:20:00,0.0957,0.0961,0.0956,0.096,67811.73
2026-09-10 18:25:00,0.096,0.096,0.0959,0.096,17091.55
2026-09-10 18:30:00,0.096,0.096,0.0957,0.0958,12555.13
2026-09-10 18:35:00,0.0958,0.096,0.0958,0.096,41166.85
2026-09-10 18:40:00,0.096,0.0961,0.096,0.0961,33941.93
2026-09-10 18:45:00,0.0961,0.0961,0.096,0.0961,23165.03
2026-09-10 18:50:00,0.096,0.0967,0.0959,0.0967,73203.31
2026-09-10 18:55:00,0.0968,0.0968,0.0965,0.0965,74373.17
2026-09-10 19:00:00,0.0966,0.0966,0.0962,0.0963,52779.38
2026-09-10 19:05:00,0.0962,0.0963,0.0962,0.0962,33608.38
2026-09-10 19:10:00,0.0962,0.0962,0.096,0.0961,11502.11
2026-09-10 19:15:00,0.0961,0.0961,0.096,0.096,35401.1
2026-09-10 19:20:00,0.096,0.0962,0.096,0.0962,158617.87
2026-09-10 19:25:00,0.0963,0.0963,0.0961,0.0961,41944.75
2026-09-10 19:30:00,0.096,0.096,0.0956,0.0957,109841.82
2026-09-10 19:35:00,0.0957,0.0958,0.0957,0.0957,122129.31
2026-09-10 19:40:00,0.0958,0.0959,0.0958,0.0959,79811.24
2026-09-10 19:45:00,0.0958,0.0958,0.0954,0.0956,60106.91
2026-09-10 19:50:00,0.0956,0.0957,0.0954,0.0955,99150.46
2026-09-10 19:55:00,0.0955,0.0956,0.0955,0.0955,16736.84
2026-09-10 20:00:00,0.0955,0.0956,0.0955,0.0956,53839.42
2026-09-10 20:05:00,0.0956,0.0957,0.0955,0.0956,58229.67
2026-09-10 20:10:00,0.0957,0.0961,0.0956,0.0961,60088.64
2026-09-10 20:15:00,0.096,0.0962,0.096,0.0962,14892.25
2026-09-10 20:20:00,0.0962,0.0962,0.096,0.096,19048.14
2026-09-10 20:25:00,0.096,0.0964,0.096,0.0964,23324.94
2026-09-10 20:30:00,0.0963,0.0964,0.0962,0.0963,280835.5
2026-09-10 20:35:00,0.0962,0.0964,0.0962,0.0962,474288.65
2026-09-10 20:40:00,0.0963,0.0963,0.0962,0.0963,37860.47
2026-09-10 20:45:00,0.0963,0.0963,0.096,0.0962,260414.63
2026-09-10 20:50:00,0.0961,0.0962,0.0961,0.0962,63337.77
2026-09-10 20:55:00,0.0962,0.0962,0.0961,0.0962,10146.99
2026-09-10 21:00:00,0.0962,0.0962,0.096,0.096,9425.21
2026-09-10 21:05:00,0.096,0.0962,0.0959,0.0962,30918.28
2026-09-10 21:10:00,0.0963,0.0965,0.0963,0.0963,48655.07
2026-09-10 21:15:00,0.0963,0.0964,0.0962,0.0962,20736.36
2026-09-10 21:20:00,0.0961,0.0961,0.096,0.0961,30865.88
2026-09-10 21:25:00,0.096,0.0961,0.0959,0.0961,40010.04
2026-09-10 21:30:00,0.0961,0.0961,0.0958,0.0958,33135.35
2026-09-10 21:35:00,0.0957,0.0958,0.0956,0.0957,34064.53
2026-09-10 21:40:00,0.0957,0.0959,0.0956,0.0958,15579.36
2026-09-10 21:45:00,0.0959,0.096,0.0958,0.096,24476.63
2026-09-10 21:50:00,0.096,0.096,0.0957,0.0957,17337.7
2026-09-10 21:55:00,0.0957,0.0957,0.0956,0.0957,8628.99
2026-09-10 22:00:00,0.0958,0.0958,0.0956,0.0958,23472.54
2026-09-10 22:05:00,0.0958,0.0958,0.0955,0.0958,342013.18
2026-09-10 22:10:00,0.0958,0.0958,0.0956,0.0957,30251.3
2026-09-10 22:15:00,0.0957,0.096,0.0957,0.096,80544.97
2026-09-10 22:20:00,0.096,0.096,0.0958,0.0958,163923.84
2026-09-10 22:25:00,0.0958,0.0958,0.0955,0.0955,70943.6
2026-09-10 22:30:00,0.0955,0.0955,0.095,0.0951,100821.97
2026-09-10 22:35:00,0.0952,0.0953,0.0951,0.0951,40828.58
2026-09-10 22:40:00,0.095,0.0951,0.0949,0.0951,75014.12
2026-09-10 22:45:00,0.0951,0.0955,0.0951,0.0955,175686.19
2026-09-10 22:50:00,0.0954,0.0954,0.0952,0.0952,52952.14
2026-09-10 22:55:00,0.0952,0.0952,0.095,0.095,37582.34
2026-09-10 23:00:00,0.095,0.0951,0.0946,0.0947,92611.32
2026-09-10 23:05:00,0.0947,0.0949,0.0944,0.0946,191202.9
2026-09-10 23:10:00,0.0946,0.0948,0.0937,0.094,594727.93
2026-09-10 23:15:00,0.0939,0.0944,0.0938,0.0941,383427.89
2026-09-10 23:20:00,0.0941,0.0944,0.0939,0.094,100768.32
2026-09-10 23:25:00,0.094,0.0943,0.094,0.0942,25789.06
2026-09-10 23:30:00,0.0942,0.0943,0.0941,0.0942,32136.99
2026-09-10 23:35:00,0.0941,0.0942,0.0941,0.0941,25792.08
2026-09-10 23:40:00,0.0941,0.0942,0.0941,0.0941,26837.07
2026-09-10 23:45:00,0.094,0.0941,0.0939,0.094,68672.38
2026-09-10 23:50:00,0.094,0.094,0.0938,0.0938,88983.07
2026-09-10 23:55:00,0.0937,0.0939,0.0936,0.0938,206886.65
2026-09-11 00:00:00,0.0938,0.0944,0.0938,0.0941,80101.42
2026-09-11 00:05:00,0.0941,0.0947,0.0941,0.0946,146459.41
2026-09-11 00:10:00,0.0946,0.0946,0.0945,0.0945,27357.96
2026-09-11 00:15:00,0.0945,0.0946,0.0945,0.0945,27606.6
2026-09-11 00:20:00,0.0945,0.0948,0.0945,0.0948,21872.57
2026-09-11 00:25:00,0.0948,0.0949,0.0947,0.0948,68967.01
2026-09-11 00:30:00,0.0948,0.0948,0.0946,0.0948,304603.74
2026-09-11 00:35:00,0.0947,0.0948,0.0946,0.0948,61737.55
2026-09-11 00:40:00,0.0947,0.0947,0.0945,0.0947,24899.94
2026-09-11 00:45:00,0.0946,0.0947,0.0946,0.0947,15680.24
2026-09-11 00:50:00,0.0946,0.0949,0.0946,0.0949,208992.69
2026-09-11 00:55:00,0.095,0.0952,0.0949,0.0952,72405.78
2026-09-11 01:00:00,0.0952,0.0957,0.0951,0.0957,76541.24
2026-09-11 01:05:00,0.0956,0.0956,0.0954,0.0955,60423.7
2026-09-11 01:10:00,0.0955,0.0955,0.0953,0.0953,101491.96
2026-09-11 01:15:00,0.0953,0.0954,0.0953,0.0953,33300.31
2026-09-11 01:20:00,0.0953,0.0953,0.0949,0.0951,34764.65
2026-09-11 01:25:00,0.0952,0.0952,0.0949,0.0949,31249.84
2026-09-11 01:30:00,0.0949,0.095,0.0948,0.095,74520.64
2026-09-11 01:35:00,0.0951,0.0955,0.0949,0.0949,85749.42
2026-09-11 01:40:00,0.0949,0.095,0.0947,0.095,26687.22
2026-09-11 01:45:00,0.095,0.0953,0.0949,0.0952,40898.44
2026-09-11 01:50:00,0.0952,0.0953,0.0951,0.0951,9453.8
2026-09-11 01:55:00,0.0951,0.0952,0.095,0.0952,25550.92
2026-09-11 02:00:00,0.0952,0.0953,0.0952,0.0953,13652.18
2026-09-11 02:05:00,0.0954,0.0955,0.0952,0.0952,16355.34
2026-09-11 02:10:00,0.0952,0.0954,0.0952,0.0954,24891.06
2026-09-11 02:15:00,0.0954,0.0955,0.0953,0.0953,33966.02
2026-09-11 02:20:00,0.0953,0.0954,0.0951,0.0951,32387.0
2026-09-11 02:25:00,0.0951,0.0951,0.0949,0.095,27807.82
2026-09-11 02:30:00,0.095,0.0951,0.095,0.0951,21777.12
2026-09-11 02:35:00,0.0952,0.0955,0.0951,0.0955,11987.72
2026-09-11 02:40:00,0.0955,0.0955,0.0953,0.0953,9865.05
2026-09-11 02:45:00,0.0953,0.0955,0.0953,0.0955,8275.63
2026-09-11 02:50:00,0.0956,0.0957,0.0953,0.0953,129807.52
2026-09-11 02:55:00,0.0953,0.0955,0.0953,0.0954,90374.93
2026-09-11 03:00:00,0.0954,0.0955,0.0954,0.0954,130617.81
2026-09-11 03:05:00,0.0954,0.0954,0.095,0.095,55610.42
2026-09-11 03:10:00,0.0951,0.0956,0.095,0.0956,83807.89
2026-09-11 03:15:00,0.0956,0.0956,0.0954,0.0954,79880.49
2026-09-11 03:20:00,0.0954,0.0954,0.0951,0.0952,163281.29
2026-09-11 03:25:00,0.0952,0.0955,0.0952,0.0954,11405.5
2026-09-11 03:30:00,0.0953,0.0953,0.0952,0.0952,35380.41
2026-09-11 03:35:00,0.0953,0.0957,0.0953,0.0956,24856.81
2026-09-11 03:40:00,0.0955,0.0957,0.0955,0.0955,31862.51
2026-09-11 03:45:00,0.0956,0.0956,0.0954,0.0954,244996.63
2026-09-11 03:50:00,0.0954,0.0954,0.095,0.0954,573532.36
2026-09-11 03:55:00,0.0954,0.0958,0.0954,0.0957,242453.4
2026-09-11 04:00:00,0.0957,0.0958,0.0955,0.0958,96217.64
2026-09-11 04:05:00,0.0958,0.0959,0.0958,0.0959,18953.41
2026-09-11 04:10:00,0.0959,0.0961,0.0957,0.096,314335.9
2026-09-11 04:15:00,0.096,0.0961,0.0959,0.096,100664.72
2026-09-11 04:20:00,0.096,0.0965,0.096,0.0964,88217.99
2026-09-11 04:25:00,0.0965,0.0965,0.0963,0.0964,14563.77
2026-09-11 04:30:00,0.0963,0.0964,0.096,0.0961,44004.25
2026-09-11 04:35:00,0.0961,0.0964,0.0961,0.0963,378848.94
2026-09-11 04:40:00,0.0963,0.0963,0.096,0.0961,191699.49
2026-09-11 04:45:00,0.0961,0.0963,0.0961,0.0961,167911.05
2026-09-11 04:50:00,0.0961,0.0962,0.0961,0.0961,19485.94
2026-09-11 04:55:00,0.0961,0.0961,0.096,0.096,24255.81
2026-09-11 05:00:00,0.0961,0.0961,0.096,0.0961,19382.66
2026-09-11 05:05:00,0.0961,0.0962,0.0961,0.0961,16437.11
2026-09-11 05:10:00,0.0961,0.0962,0.0959,0.0961,59996.73
2026-09-11 05:15:00,0.0961,0.0962,0.0961,0.0962,205760.87
2026-09-11 05:20:00,0.0961,0.0961,0.096,0.096,50654.59
2026-09-11 05:25:00,0.096,0.096,0.0959,0.096,55421.84
2026-09-11 05:30:00,0.096,0.0961,0.0959,0.096,99672.41
2026-09-11 05:35:00,0.096,0.0961,0.096,0.0961,74448.94
2026-09-11 05:40:00,0.096,0.0961,0.096,0.0961,28501.86
2026-09-11 05:45:00,0.096,0.0962,0.096,0.0961,29442.51
2026-09-11 05:50:00,0.0961,0.0961,0.096,0.0961,9318.85
2026-09-11 05:55:00,0.0961,0.0961,0.096,0.0961,16768.98
2026-09-11 06:00:00,0.0961,0.0961,0.0959,0.096,65584.05
2026-09-11 06:05:00,0.0961,0.0961,0.0959,0.096,98064.8
2026-09-11 06:10:00,0.0959,0.0961,0.0959,0.0961,93906.38
2026-09-11 06:15:00,0.0961,0.0961,0.0958,0.0959,97876.86
2026-09-11 06:20:00,0.0958,0.0958,0.0955,0.0955,122982.47
2026-09-11 06:25:00,0.0955,0.0955,0.0954,0.0954,151408.27
2026-09-11 06:30:00,0.0953,0.0954,0.0952,0.0952,52868.1
2026-09-11 06:35:00,0.0952,0.0953,0.0952,0.0952,35419.44
2026-09-11 06:40:00,0.0952,0.0953,0.095,0.0951,97154.1
2026-09-11 06:45:00,0.0951,0.0952,0.095,0.0952,73307.19
2026-09-11 06:50:00,0.0951,0.0951,0.095,0.095,51873.63
2026-09-11 06:55:00,0.095,0.0952,0.095,0.0951,25998.03
2026-09-11 07:00:00,0.0951,0.0956,0.0951,0.0956,25144.63
2026-09-11 07:05:00,0.0955,0.0955,0.0954,0.0955,33675.73
2026-09-11 07:10:00,0.0955,0.0957,0.0955,0.0955,42393.37
2026-09-11 07:15:00,0.0955,0.0957,0.0955,0.0957,7815.85
2026-09-11 07:20:00,0.0958,0.0959,0.0958,0.0959,28775.8
2026-09-11 07:25:00,0.0958,0.0958,0.0957,0.0958,22936.98
2026-09-11 07:30:00,0.0957,0.0958,0.0957,0.0957,318572.46
2026-09-11 07:35:00,0.0956,0.0957,0.0955,0.0955,77191.22
2026-09-11 07:40:00,0.0956,0.0956,0.0955,0.0955,1443.5
2026-09-11 07:45:00,0.0955,0.0955,0.0954,0.0954,11788.85
2026-09-11 07:50:00,0.0953,0.0954,0.0953,0.0954,74027.58
2026-09-11 07:55:00,0.0954,0.0955,0.0954,0.0955,58892.23
2026-09-11 08:00:00,0.0954,0.0955,0.0954,0.0955,91262.17
2026-09-11 08:05:00,0.0953,0.0953,0.0952,0.0952,14441.84
2026-09-11 08:10:00,0.0953,0.0953,0.0952,0.0953,8356.33
2026-09-11 08:15:00,0.0954,0.0956,0.0953,0.0955,92255.2
2026-09-11 08:20:00,0.0956,0.0959,0.0956,0.0959,95418.71
2026-09-11 08:25:00,0.0959,0.0959,0.0955,0.0956,105731.54
2026-09-11 08:30:00,0.0956,0.0962,0.0956,0.0959,62870.2
2026-09-11 08:35:00,0.096,0.096,0.0958,0.0959,18783.47
2026-09-11 08:40:00,0.0959,0.0959,0.0958,0.0958,877.89
2026-09-11 08:45:00,0.0959,0.096,0.0958,0.0958,39389.64
2026-09-11 08:50:00,0.0958,0.0959,0.0958,0.0958,495048.25
2026-09-11 08:55:00,0.0958,0.0959,0.0958,0.0958,17326.65
2026-09-11 09:00:00,0.0958,0.0958,0.0957,0.0957,50452.86
2026-09-11 09:05:00,0.0956,0.0957,0.0955,0.0955,94501.84
2026-09-11 09:10:00,0.0955,0.0956,0.0955,0.0955,89694.04
2026-09-11 09:15:00,0.0955,0.0955,0.0955,0.0955,1753.27
2026-09-11 09:20:00,0.0955,0.0956,0.0955,0.0955,3331.26
2026-09-11 09:25:00,0.0954,0.0954,0.0954,0.0954,13603.69
2026-09-11 09:30:00,0.0954,0.0955,0.0953,0.0953,15592.84
2026-09-11 09:35:00,0.0953,0.0953,0.0948,0.0948,43004.06
2026-09-11 09:40:00,0.0947,0.0948,0.0946,0.0948,205438.54
2026-09-11 09:45:00,0.0947,0.0948,0.0947,0.0947,18639.24
2026-09-11 09:50:00,0.0948,0.095,0.0948,0.0949,35827.25
2026-09-11 09:55:00,0.0949,0.0949,0.0949,0.0949,9651.92
2026-09-11 10:00:00,0.0949,0.0952,0.0946,0.0952,78694.49
2026-09-11 10:05:00,0.0952,0.0952,0.095,0.095,132660.14
2026-09-11 10:10:00,0.095,0.095,0.0947,0.0949,190599.87
2026-09-11 10:15:00,0.0949,0.0951,0.0947,0.0948,83995.63
2026-09-11 10:20:00,0.0948,0.0949,0.0946,0.0946,78494.29
2026-09-11 10:25:00,0.0946,0.0946,0.0943,0.0945,203009.34
2026-09-11 10:30:00,0.0944,0.0945,0.0942,0.0945,70007.87
2026-09-11 10:35:00,0.0945,0.0945,0.0944,0.0944,18838.13
2026-09-11 10:40:00,0.0943,0.0943,0.0941,0.0942,60137.9
2026-09-11 10:45:00,0.0942,0.0943,0.0941,0.0941,38568.5
2026-09-11 10:50:00,0.0941,0.0942,0.0941,0.0942,154638.59
2026-09-11 10:55:00,0.0941,0.0942,0.0939,0.0939,78532.19
2026-09-11 11:00:00,0.094,0.094,0.093,0.0933,1300969.26
2026-09-11 11:05:00,0.0933,0.0934,0.0926,0.0928,507644.13
2026-09-11 11:10:00,0.0928,0.093,0.0927,0.0929,82761.92
2026-09-11 11:15:00,0.0928,0.0932,0.0928,0.0931,43730.06
2026-09-11 11:20:00,0.0932,0.0933,0.0932,0.0933,20016.59
2026-09-11 11:25:00,0.0933,0.0935,0.0933,0.0933,41090.53
2026-09-11 11:30:00,0.0933,0.0935,0.0932,0.0934,18420.97
2026-09-11 11:35:00,0.0934,0.0938,0.0934,0.0936,22245.22
2026-09-11 11:40:00,0.0937,0.0938,0.0937,0.0938,27462.13
2026-09-11 11:45:00,0.0939,0.0939,0.0938,0.0938,41037.92
2026-09-11 11:50:00,0.0937,0.094,0.0937,0.0939,62804.05
2026-09-11 11:55:00,0.0938,0.0939,0.0937,0.0939,33009.93
2026-09-11 12:00:00,0.0938,0.0941,0.0938,0.0939,111563.83
2026-09-11 12:05:00,0.0938,0.0938,0.0934,0.0934,59775.11
2026-09-11 12:10:00,0.0935,0.0937,0.0933,0.0933,154474.51
2026-09-11 12:15:00,0.0932,0.0936,0.0932,0.0933,37031.11
2026-09-11 12:20:00,0.0933,0.0936,0.0932,0.0932,114705.57
2026-09-11 12:25:00,0.0932,0.0943,0.0931,0.0938,460829.6
2026-09-11 12:30:00,0.0938,0.0953,0.0925,0.095,1631287.98
2026-09-11 12:35:00,0.095,0.0961,0.0948,0.0959,1001521.89
2026-09-11 12:40:00,0.096,0.0961,0.0953,0.0954,173750.6
2026-09-11 12:45:00,0.0954,0.0958,0.0953,0.0956,804243.25
2026-09-11 12:50:00,0.0955,0.0961,0.0955,0.0959,881483.6
2026-09-11 12:55:00,0.0959,0.096,0.0957,0.096,263408.57
2026-09-11 13:00:00,0.0959,0.0959,0.0955,0.0958,87350.98
2026-09-11 13:05:00,0.0958,0.0964,0.0958,0.096,327156.87
2026-09-11 13:10:00,0.0959,0.0961,0.0956,0.0959,80973.0
2026-09-11 13:15:00,0.0959,0.0961,0.0957,0.096,65811.53
2026-09-11 13:20:00,0.0961,0.0965,0.0959,0.0963,280172.67
2026-09-11 13:25:00,0.0963,0.0965,0.0958,0.0959,547241.17
2026-09-11 13:30:00,0.0958,0.0964,0.0954,0.0958,300021.72
2026-09-11 13:35:00,0.0959,0.096,0.0953,0.096,140944.55
2026-09-11 13:40:00,0.096,0.0967,0.0958,0.0967,665149.79
2026-09-11 13:45:00,0.0967,0.0978,0.0965,0.0977,713406.07
2026-09-11 13:50:00,0.0977,0.0986,0.0975,0.0982,497671.69
2026-09-11 13:55:00,0.0983,0.0997,0.0983,0.0992,925421.55
2026-09-11 14:00:00,0.0993,0.1006,0.0991,0.0997,1213581.96
2026-09-11 14:05:00,0.0997,0.0998,0.0986,0.0987,693683.1
2026-09-11 14:10:00,0.0988,0.0991,0.0984,0.099,178748.56
2026-09-11 14:15:00,0.099,0.0992,0.0983,0.0985,483289.85
2026-09-11 14:20:00,0.0986,0.0992,0.0984,0.0991,297136.41
2026-09-11 14:25:00,0.0993,0.0993,0.0988,0.0993,362453.18
2026-09-11 14:30:00,0.0992,0.0996,0.0988,0.0989,272535.89
2026-09-11 14:35:00,0.0989,0.0991,0.0985,0.0989,83798.77
2026-09-11 14:40:00,0.0989,0.099,0.0982,0.0985,122743.45
2026-09-11 14:45:00,0.0985,0.0989,0.0981,0.0986,221175.15
2026-09-11 14:50:00,0.0985,0.0993,0.0983,0.0991,89072.4
2026-09-11 14:55:00,0.0991,0.0991,0.0988,0.099,230083.21
2026-09-11 15:00:00,0.0989,0.0991,0.0985,0.0987,130177.47
2026-09-11 15:05:00,0.0989,0.099,0.0987,0.0988,58881.93
2026-09-11 15:10:00,0.0988,0.0988,0.0984,0.0984,100407.42
2026-09-11 15:15:00,0.0984,0.0988,0.0984,0.0988,48659.17
2026-09-11 15:20:00,0.0988,0.0996,0.0988,0.0994,166201.37
2026-09-11 15:25:00,0.0995,0.1,0.0995,0.0999,94391.03
2026-09-11 15:30:00,0.1,0.1002,0.0999,0.1002,470924.08
2026-09-11 15:35:00,0.1002,0.1003,0.0999,0.1,132430.25
2026-09-11 15:40:00,0.1,0.1004,0.0999,0.0999,843999.94
2026-09-11 15:45:00,0.0998,0.1,0.0995,0.0996,178085.1
2026-09-11 15:50:00,0.0997,0.0997,0.0972,0.0974,814461.81
2026-09-11 15:55:00,0.0972,0.0978,0.0967,0.0973,793420.8
2026-09-11 16:00:00,0.0972,0.0981,0.0972,0.0978,117088.57
2026-09-11 16:05:00,0.0978,0.0982,0.0977,0.098,115923.83
2026-09-11 16:10:00,0.0979,0.098,0.0973,0.0974,377140.19
2026-09-11 16:15:00,0.0973,0.0975,0.0967,0.097,660827.78
2026-09-11 16:20:00,0.0969,0.0969,0.0964,0.0967,563156.32
2026-09-11 16:25:00,0.0967,0.0973,0.0967,0.0972,447714.18
2026-09-11 16:30:00,0.0972,0.098,0.0971,0.098,285779.14
2026-09-11 16:35:00,0.0979,0.0981,0.0976,0.0976,31345.8
2026-09-11 16:40:00,0.0975,0.0981,0.0975,0.0981,79151.15
2026-09-11 16:45:00,0.0981,0.0983,0.098,0.0982,146670.8
2026-09-11 16:50:00,0.0981,0.0983,0.098,0.0981,13903.36
2026-09-11 16:55:00,0.0981,0.0983,0.0981,0.0982,15191.85
2026-09-11 17:00:00,0.0982,0.0983,0.098,0.098,403785.2
2026-09-11 17:05:00,0.0981,0.0981,0.0976,0.0976,32302.81
2026-09-11 17:10:00,0.0976,0.0976,0.0972,0.0972,276922.02
2026-09-11 17:15:00,0.0971,0.0976,0.0971,0.0975,70042.21
2026-09-11 17:20:00,0.0975,0.0977,0.0971,0.0976,33842.56
2026-09-11 17:25:00,0.0976,0.0976,0.0974,0.0974,9640.71
2026-09-11 17:30:00,0.0973,0.0975,0.0973,0.0975,13302.43
2026-09-11 17:35:00,0.0975,0.0975,0.0969,0.0969,36123.31
2026-09-11 17:40:00,0.097,0.0972,0.0968,0.0971,20847.57
2026-09-11 17:45:00,0.097,0.0971,0.0969,0.097,45644.24
2026-09-11 17:50:00,0.0969,0.0969,0.0966,0.0966,34853.74
2026-09-11 17:55:00,0.0966,0.097,0.0964,0.0968,91128.95
2026-09-11 18:00:00,0.0967,0.0968,0.0958,0.096,197457.02
2026-09-11 18:05:00,0.0961,0.0961,0.0952,0.0957,193694.88
2026-09-11 18:10:00,0.0957,0.0959,0.0956,0.0958,138578.92
2026-09-11 18:15:00,0.0958,0.0964,0.0957,0.0963,69297.8
2026-09-11 18:20:00,0.0964,0.0964,0.096,0.0961,146942.79
2026-09-11 18:25:00,0.096,0.0961,0.0958,0.0961,80442.2
2026-09-11 18:30:00,0.096,0.096,0.0957,0.096,22628.81
2026-09-11 18:35:00,0.0959,0.0961,0.0958,0.0959,15532.25
2026-09-11 18:40:00,0.096,0.096,0.0957,0.0957,48062.17
2026-09-11 18:45:00,0.0958,0.0961,0.0955,0.0956,324250.01
2026-09-11 18:50:00,0.0956,0.0956,0.0948,0.0948,278526.23
2026-09-11 18:55:00,0.0948,0.0951,0.0948,0.0951,73248.07
2026-09-11 19:00:00,0.0951,0.0951,0.0947,0.0951,80975.69
2026-09-11 19:05:00,0.0952,0.0954,0.095,0.0952,65239.36
2026-09-11 19:10:00,0.0951,0.0953,0.095,0.0953,27868.83
2026-09-11 19:15:00,0.0952,0.0953,0.0949,0.0952,115864.33
2026-09-11 19:20:00,0.0951,0.0954,0.0949,0.0954,123872.31
2026-09-11 19:25:00,0.0955,0.0958,0.0955,0.0955,26806.35
2026-09-11 19:30:00,0.0955,0.0955,0.0952,0.0953,30994.65
2026-09-11 19:35:00,0.0953,0.0954,0.095,0.0954,229020.16
2026-09-11 19:40:00,0.0954,0.0956,0.0954,0.0956,5248.2
2026-09-11 19:45:00,0.0956,0.0958,0.0955,0.0957,72348.52
2026-09-11 19:50:00,0.0956,0.0959,0.0956,0.0959,83168.9
2026-09-11 19:55:00,0.0959,0.0959,0.0958,0.0959,22102.27
2026-09-11 20:00:00,0.0959,0.0963,0.0959,0.0963,64862.6
2026-09-11 20:05:00,0.0964,0.0965,0.0963,0.0963,18853.04
2026-09-11 20:10:00,0.0963,0.0964,0.0962,0.0962,78252.64
2026-09-11 20:15:00,0.0962,0.0962,0.0957,0.0958,11344.09
2026-09-11 20:20:00,0.0958,0.096,0.0958,0.0959,13180.62
2026-09-11 20:25:00,0.0959,0.0959,0.0956,0.0956,28619.45
2026-09-11 20:30:00,0.0956,0.0957,0.0953,0.0957,105940.49
2026-09-11 20:35:00,0.0958,0.0962,0.0958,0.0961,44174.83
2026-09-11 20:40:00,0.0961,0.0961,0.0958,0.0959,65445.99
2026-09-11 20:45:00,0.0959,0.0959,0.0956,0.0956,12489.19
2026-09-11 20:50:00,0.0956,0.0957,0.095,0.0952,235491.17
2026-09-11 20:55:00,0.0952,0.0954,0.0951,0.0954,48402.42
2026-09-11 21:00:00,0.0954,0.0955,0.0953,0.0953,15948.03
2026-09-11 21:05:00,0.0953,0.0959,0.0953,0.0959,20042.29
2026-09-11 21:10:00,0.0959,0.0961,0.0958,0.0959,66186.82
2026-09-11 21:15:00,0.096,0.096,0.0959,0.0959,9371.45
2026-09-11 21:20:00,0.0959,0.096,0.0958,0.0959,5514.5
2026-09-11 21:25:00,0.0959,0.0959,0.0955,0.0955,42908.54
2026-09-11 21:30:00,0.0955,0.0957,0.0955,0.0957,10328.03
2026-09-11 21:35:00,0.0957,0.0957,0.0954,0.0956,41496.86
2026-09-11 21:40:00,0.0956,0.0956,0.0954,0.0955,29331.03
2026-09-11 21:45:00,0.0955,0.0955,0.095,0.095,57771.44
2026-09-11 21:50:00,0.0949,0.095,0.0946,0.0946,71535.48
2026-09-11 21:55:00,0.0946,0.0946,0.0943,0.0945,71275.41
2026-09-11 22:00:00,0.0945,0.0949,0.0941,0.0948,114625.8
2026-09-11 22:05:00,0.0949,0.0949,0.0945,0.0945,52557.57
2026-09-11 22:10:00,0.0945,0.0949,0.0945,0.0949,27680.21
2026-09-11 22:15:00,0.0949,0.095,0.0946,0.0949,148706.06
2026-09-11 22:20:00,0.095,0.0951,0.0948,0.095,186398.22
2026-09-11 22:25:00,0.095,0.095,0.0946,0.0946,91947.97
2026-09-11 22:30:00,0.0945,0.0946,0.0942,0.0942,27847.55
2026-09-11 22:35:00,0.0942,0.0946,0.0942,0.0946,115060.3
2026-09-11 22:40:00,0.0946,0.0947,0.0944,0.0944,196445.27
2026-09-11 22:45:00,0.0944,0.0946,0.0944,0.0944,44505.44
2026-09-11 22:50:00,0.0944,0.0945,0.0942,0.0944,94972.77
2026-09-11 22:55:00,0.0944,0.0946,0.0943,0.0945,64358.24
2026-09-11 23:00:00,0.0944,0.0948,0.0944,0.0948,52575.65
2026-09-11 23:05:00,0.0949,0.095,0.0947,0.095,38490.58
2026-09-11 23:10:00,0.095,0.0952,0.0949,0.095,40838.3
2026-09-11 23:15:00,0.095,0.0953,0.095,0.0952,25751.99
2026-09-11 23:20:00,0.0952,0.0952,0.095,0.095,19164.81
2026-09-11 23:25:00,0.0951,0.0952,0.095,0.095,11855.33
2026-09-11 23:30:00,0.095,0.0951,0.095,0.0951,18317.73
2026-09-11 23:35:00,0.0951,0.0952,0.0951,0.0952,11090.14
2026-09-11 23:40:00,0.0953,0.0953,0.0951,0.0952,11161.77
2026-09-11 23:45:00,0.0952,0.0954,0.0951,0.0954,22471.2
2026-09-11 23:50:00,0.0954,0.0956,0.0954,0.0955,9727.5
2026-09-11 23:55:00,0.0955,0.0955,0.0955,0.0955,267.7
2026-09-12 00:00:00,0.0956,0.0957,0.0955,0.0956,49054.44
2026-09-12 00:05:00,0.0956,0.0956,0.0954,0.0956,27940.21
2026-09-12 00:10:00,0.0955,0.0956,0.0954,0.0956,3189.36
2026-09-12 00:15:00,0.0956,0.0958,0.0956,0.0957,26101.71
2026-09-12 00:20:00,0.0957,0.0957,0.0957,0.0957,1128.31
2026-09-12 00:25:00,0.0957,0.0958,0.0956,0.0957,52591.43
2026-09-12 00:30:00,0.0958,0.0959,0.0957,0.0959,12334.05
2026-09-12 00:35:00,0.0959,0.096,0.0959,0.096,43443.91
2026-09-12 00:40:00,0.0959,0.0959,0.0958,0.0959,9433.83
2026-09-12 00:45:00,0.0959,0.096,0.0958,0.096,62691.16
2026-09-12 00:50:00,0.096,0.096,0.0958,0.096,21363.2
2026-09-12 00:55:00,0.096,0.0961,0.0959,0.0961,14448.32
2026-09-12 01:00:00,0.096,0.096,0.0959,0.0959,174392.08
2026-09-12 01:05:00,0.096,0.0961,0.096,0.0961,8519.3
2026-09-12 01:10:00,0.0962,0.0964,0.0962,0.0963,24177.77
2026-09-12 01:15:00,0.0963,0.0963,0.0962,0.0962,6196.79
2026-09-12 01:20:00,0.0963,0.0963,0.0963,0.0963,6360.65
2026-09-12 01:25:00,0.0962,0.0963,0.0961,0.0961,79703.43
2026-09-12 01:30:00,0.0962,0.0962,0.096,0.0961,4292.73
2026-09-12 01:35:00,0.096,0.096,0.0958,0.096,46336.04
2026-09-12 01:40:00,0.096,0.0962,0.096,0.0961,22430.77
2026-09-12 01:45:00,0.0962,0.0965,0.0962,0.0964,4860.55
2026-09-12 01:50:00,0.0964,0.0964,0.0962,0.0962,40014.63
2026-09-12 01:55:00,0.0961,0.0962,0.0961,0.0962,17806.14
2026-09-12 02:00:00,0.0961,0.0964,0.0961,0.0962,17511.37
2026-09-12 02:05:00,0.0962,0.0965,0.0962,0.0965,44481.59
2026-09-12 02:10:00,0.0964,0.0966,0.0964,0.0964,38713.51
2026-09-12 02:15:00,0.0963,0.0964,0.0963,0.0964,15565.67
2026-09-12 02:20:00,0.0963,0.0965,0.0963,0.0965,11507.17
2026-09-12 02:25:00,0.0965,0.0965,0.0964,0.0964,14680.37
2026-09-12 02:30:00,0.0964,0.0964,0.0963,0.0963,23418.9
2026-09-12 02:35:00,0.0962,0.0963,0.0962,0.0963,19222.39
2026-09-12 02:40:00,0.0963,0.0963,0.0962,0.0962,50388.27
2026-09-12 02:45:00,0.0962,0.0964,0.0961,0.0963,111921.34
2026-09-12 02:50:00,0.0963,0.0963,0.0961,0.0961,75848.56
2026-09-12 02:55:00,0.0961,0.0962,0.096,0.0962,168159.24
2026-09-12 03:00:00,0.0962,0.0964,0.096,0.0964,80128.02
2026-09-12 03:05:00,0.0965,0.0965,0.0962,0.0963,117058.31
2026-09-12 03:10:00,0.0964,0.0965,0.0962,0.0963,19051.12
2026-09-12 03:15:00,0.0962,0.0963,0.0962,0.0963,105734.67
2026-09-12 03:20:00,0.0963,0.0964,0.0961,0.0961,90466.86
2026-09-12 03:25:00,0.0961,0.0964,0.096,0.0964,18007.77
2026-09-12 03:30:00,0.0964,0.0964,0.0962,0.0963,12567.66
2026-09-12 03:35:00,0.0962,0.0962,0.0962,0.0962,6783.18
2026-09-12 03:40:00,0.0962,0.0963,0.0962,0.0963,9439.07
2026-09-12 03:45:00,0.0962,0.0962,0.0962,0.0962,197.7
2026-09-12 03:50:00,0.0962,0.0963,0.0961,0.0963,11364.12
2026-09-12 03:55:00,0.0963,0.0963,0.0963,0.0963,7034.36
2026-09-12 04:00:00,0.0963,0.0965,0.0963,0.0964,92377.88
2026-09-12 04:05:00,0.0964,0.0964,0.0963,0.0963,4561.55
2026-09-12 04:10:00,0.0963,0.0964,0.0963,0.0964,27693.16
2026-09-12 04:15:00,0.0964,0.0964,0.096,0.096,51971.36
2026-09-12 04:20:00,0.0961,0.0961,0.0959,0.0959,62417.71
2026-09-12 04:25:00,0.0959,0.0961,0.0959,0.0961,9045.44
2026-09-12 04:30:00,0.0961,0.0962,0.0961,0.0962,10480.86
2026-09-12 04:35:00,0.0961,0.0961,0.096,0.0961,7192.84
2026-09-12 04:40:00,0.096,0.0961,0.096,0.096,22759.21
2026-09-12 04:45:00,0.096,0.096,0.0957,0.0958,62673.28
2026-09-12 04:50:00,0.0959,0.0959,0.0958,0.0958,1329.09
2026-09-12 04:55:00,0.0958,0.0958,0.0957,0.0958,31680.16
2026-09-12 05:00:00,0.0957,0.0958,0.0957,0.0958,8341.68
2026-09-12 05:05:00,0.0957,0.0957,0.0957,0.0957,4098.01
2026-09-12 05:10:00,0.0957,0.0957,0.0956,0.0957,6799.7
2026-09-12 05:15:00,0.0956,0.0956,0.0955,0.0956,19582.31
2026-09-12 05:20:00,0.0956,0.0956,0.0955,0.0956,100696.89
2026-09-12 05:25:00,0.0956,0.0956,0.0955,0.0955,45619.56
2026-09-12 05:30:00,0.0955,0.0958,0.0955,0.0958,48925.38
2026-09-12 05:35:00,0.0959,0.0972,0.0959,0.0961,1518398.91
2026-09-12 05:40:00,0.096,0.0963,0.096,0.096,145130.37
2026-09-12 05:45:00,0.096,0.0961,0.096,0.096,6056.54
2026-09-12 05:50:00,0.096,0.0961,0.0958,0.0958,221040.57
2026-09-12 05:55:00,0.0958,0.0958,0.0957,0.0957,27336.77
2026-09-12 06:00:00,0.0958,0.0958,0.0955,0.0956,28859.59
2026-09-12 06:05:00,0.0957,0.0958,0.0957,0.0957,10172.56
2026-09-12 06:10:00,0.0958,0.0959,0.0956,0.0959,3760.72
2026-09-12 06:15:00,0.0959,0.0961,0.0959,0.0959,225942.95
2026-09-12 06:20:00,0.096,0.0961,0.096,0.096,52380.12
2026-09-12 06:25:00,0.0961,0.0961,0.096,0.096,27065.44
2026-09-12 06:30:00,0.096,0.0962,0.096,0.0961,72310.09
2026-09-12 06:35:00,0.096,0.0961,0.096,0.096,5489.6
2026-09-12 06:40:00,0.096,0.0961,0.096,0.096,151049.46
2026-09-12 06:45:00,0.0961,0.0961,0.096,0.096,17918.68
2026-09-12 06:50:00,0.096,0.0961,0.096,0.096,9270.85
2026-09-12 06:55:00,0.096,0.096,0.096,0.096,2149.75
2026-09-12 07:00:00,0.096,0.0961,0.096,0.0961,228481.66
2026-09-12 07:05:00,0.0961,0.0964,0.0961,0.0964,131377.94
2026-09-12 07:10:00,0.0964,0.0967,0.0964,0.0967,23082.27
2026-09-12 07:15:00,0.0967,0.0967,0.0966,0.0967,52354.46
2026-09-12 07:20:00,0.0967,0.0968,0.0967,0.0967,216194.89
2026-09-12 07:25:00,0.0968,0.0968,0.0965,0.0965,53390.96
2026-09-12 07:30:00,0.0966,0.0966,0.0965,0.0966,28723.39
2026-09-12 07:35:00,0.0965,0.0966,0.0965,0.0966,3732.76
2026-09-12 07:40:00,0.0967,0.0967,0.0967,0.0967,51356.32
2026-09-12 07:45:00,0.0967,0.0968,0.0967,0.0968,136124.95
2026-09-12 07:50:00,0.0968,0.0968,0.0968,0.0968,2220.04
2026-09-12 07:55:00,0.0967,0.0968,0.0967,0.0968,42571.41
2026-09-12 08:00:00,0.0968,0.0968,0.0967,0.0968,33744.48
2026-09-12 08:05:00,0.0968,0.097,0.0968,0.0969,38318.57
2026-09-12 08:10:00,0.097,0.097,0.0969,0.0969,36158.11
2026-09-12 08:15:00,0.0969,0.0971,0.0969,0.0969,30239.72
2026-09-12 08:20:00,0.0969,0.0969,0.0967,0.0967,162296.59
2026-09-12 08:25:00,0.0967,0.0967,0.0964,0.0966,250625.62
2026-09-12 08:30:00,0.0965,0.0965,0.0964,0.0964,24524.89
2026-09-12 08:35:00,0.0963,0.0966,0.0963,0.0966,22119.7
2026-09-12 08:40:00,0.0966,0.0966,0.0965,0.0966,5389.67
2026-09-12 08:45:00,0.0966,0.0967,0.0966,0.0966,5617.42
2026-09-12 08:50:00,0.0965,0.0965,0.0964,0.0965,13106.21
2026-09-12 08:55:00,0.0964,0.0968,0.0964,0.0967,216603.19
2026-09-12 09:00:00,0.0966,0.0967,0.0965,0.0967,12296.09
2026-09-12 09:05:00,0.0967,0.0967,0.0967,0.0967,7592.36
2026-09-12 09:10:00,0.0966,0.0967,0.0965,0.0966,32377.78
2026-09-12 09:15:00,0.0965,0.0966,0.0965,0.0966,32827.75
2026-09-12 09:20:00,0.0965,0.0973,0.0964,0.0967,860373.73
2026-09-12 09:25:00,0.0967,0.0972,0.0967,0.0969,324051.77
2026-09-12 09:30:00,0.0968,0.097,0.0968,0.0968,18308.63
2026-09-12 09:35:00,0.0967,0.0969,0.0967,0.0969,23639.2
2026-09-12 09:40:00,0.0969,0.0969,0.0968,0.0968,78434.71
2026-09-12 09:45:00,0.0967,0.0971,0.0967,0.0971,371317.74
2026-09-12 09:50:00,0.0971,0.0975,0.0971,0.0974,315630.94
2026-09-12 09:55:00,0.0974,0.0976,0.0972,0.0974,100251.06
2026-09-12 10:00:00,0.0974,0.0976,0.0973,0.0973,70968.45
2026-09-12 10:05:00,0.0974,0.0974,0.0972,0.0972,198687.15
2026-09-12 10:10:00,0.0972,0.0974,0.0972,0.0974,54609.7
2026-09-12 10:15:00,0.0974,0.0974,0.0973,0.0973,8838.64
2026-09-12 10:20:00,0.0974,0.0975,0.0973,0.0974,50465.22
2026-09-12 10:25:00,0.0974,0.0974,0.0973,0.0973,3346.08
2026-09-12 10:30:00,0.0973,0.0973,0.0972,0.0973,18407.37
2026-09-12 10:35:00,0.0972,0.0973,0.0972,0.0973,11988.69
2026-09-12 10:40:00,0.0974,0.0975,0.0974,0.0975,12304.95
2026-09-12 10:45:00,0.0974,0.0974,0.0972,0.0972,33533.28
2026-09-12 10:50:00,0.0972,0.0973,0.0972,0.0972,43544.95
2026-09-12 10:55:00,0.0972,0.0973,0.0972,0.0973,21597.85
2026-09-12 11:00:00,0.0973,0.0975,0.0973,0.0975,129604.4
2026-09-12 11:05:00,0.0975,0.0976,0.0974,0.0976,11533.16
2026-09-12 11:10:00,0.0976,0.0979,0.0975,0.0979,171130.81
2026-09-12 11:15:00,0.0979,0.0979,0.0976,0.0976,53907.33
2026-09-12 11:20:00,0.0975,0.0977,0.0975,0.0977,37061.38
2026-09-12 11:25:00,0.0977,0.0978,0.0976,0.0976,11172.8
2026-09-12 11:30:00,0.0977,0.0979,0.0976,0.0978,134949.94
2026-09-12 11:35:00,0.0978,0.098,0.0978,0.0978,60757.54
2026-09-12 11:40:00,0.0977,0.0981,0.0977,0.0981,265487.95
2026-09-12 11:45:00,0.0982,0.0982,0.0977,0.0978,98367.44
2026-09-12 11:50:00,0.0977,0.0978,0.0977,0.0978,31387.77
2026-09-12 11:55:00,0.0977,0.0977,0.0977,0.0977,39298.24
2026-09-12 12:00:00,0.0977,0.0977,0.0976,0.0976,56893.36
2026-09-12 12:05:00,0.0977,0.0979,0.0976,0.0979,68078.08
2026-09-12 12:10:00,0.0978,0.0979,0.0977,0.0978,442658.71
2026-09-12 12:15:00,0.0978,0.0978,0.0976,0.0976,52049.06
2026-09-12 12:20:00,0.0975,0.0977,0.0975,0.0975,64978.72
2026-09-12 12:25:00,0.0975,0.0977,0.0975,0.0976,31648.68
2026-09-12 12:30:00,0.0976,0.0977,0.0976,0.0976,34934.47
2026-09-12 12:35:00,0.0977,0.0978,0.0976,0.0976,124253.96
2026-09-12 12:40:00,0.0976,0.0977,0.0976,0.0976,8557.28
2026-09-12 12:45:00,0.0975,0.0977,0.0975,0.0976,54475.63
2026-09-12 12:50:00,0.0976,0.0976,0.0971,0.0972,32510.08
2026-09-12 12:55:00,0.0972,0.0973,0.0972,0.0973,75906.66
2026-09-12 13:00:00,0.0973,0.0973,0.0971,0.0973,113731.68
2026-09-12 13:05:00,0.0973,0.0976,0.0972,0.0973,92321.77
2026-09-12 13:10:00,0.0973,0.0973,0.0971,0.0972,24085.97
2026-09-12 13:15:00,0.0971,0.0973,0.0971,0.0972,293819.38
2026-09-12 13:20:00,0.0972,0.0972,0.0971,0.0971,6840.8
2026-09-12 13:25:00,0.0972,0.0973,0.0971,0.0973,45824.0
2026-09-12 13:30:00,0.0973,0.0974,0.0972,0.0974,118190.46
2026-09-12 13:35:00,0.0974,0.0974,0.0974,0.0974,2880.86
2026-09-12 13:40:00,0.0974,0.0976,0.0974,0.0976,14719.7
2026-09-12 13:45:00,0.0976,0.0976,0.0973,0.0973,94254.99
2026-09-12 13:50:00,0.0974,0.0974,0.0973,0.0973,137560.49
2026-09-12 13:55:00,0.0973,0.0974,0.0973,0.0974,15843.8
2026-09-12 14:00:00,0.0973,0.0975,0.0973,0.0975,16259.09
2026-09-12 14:05:00,0.0975,0.0977,0.0975,0.0977,32814.58
2026-09-12 14:10:00,0.0976,0.0976,0.0972,0.0972,41633.99
2026-09-12 14:15:00,0.0972,0.0974,0.0972,0.0973,129529.3
2026-09-12 14:20:00,0.0973,0.0974,0.0973,0.0974,42333.79
2026-09-12 14:25:00,0.0975,0.0975,0.0973,0.0973,141517.46
2026-09-12 14:30:00,0.0973,0.0974,0.0973,0.0974,1929.69
2026-09-12 14:35:00,0.0974,0.0976,0.0974,0.0976,90470.94
2026-09-12 14:40:00,0.0976,0.0978,0.0976,0.0977,70105.87
2026-09-12 14:45:00,0.0977,0.0978,0.0976,0.0977,42356.25
2026-09-12 14:50:00,0.0976,0.0976,0.0975,0.0976,49974.63
2026-09-12 14:55:00,0.0976,0.0976,0.0976,0.0976,15855.71
2026-09-12 15:00:00,0.0975,0.0976,0.0975,0.0975,1240.79
2026-09-12 15:05:00,0.0975,0.0976,0.0975,0.0975,19661.64
2026-09-12 15:10:00,0.0975,0.0977,0.0975,0.0976,16078.04
2026-09-12 15:15:00,0.0975,0.0975,0.0975,0.0975,10512.24
2026-09-12 15:20:00,0.0975,0.0975,0.0975,0.0975,6531.37
2026-09-12 15:25:00,0.0974,0.0975,0.0974,0.0975,101440.59
2026-09-12 15:30:00,0.0976,0.0977,0.0975,0.0976,174965.41
2026-09-12 15:35:00,0.0976,0.0978,0.0976,0.0978,67168.1
2026-09-12 15:40:00,0.0978,0.0979,0.0978,0.0979,2577.05
2026-09-12 15:45:00,0.0978,0.0978,0.0974,0.0976,644634.28
2026-09-12 15:50:00,0.0975,0.0975,0.0974,0.0975,128849.44
2026-09-12 15:55:00,0.0976,0.0977,0.0975,0.0975,30129.12
2026-09-12 16:00:00,0.0975,0.0977,0.0975,0.0976,69831.35
2026-09-12 16:05:00,0.0976,0.0976,0.0975,0.0976,56546.99
2026-09-12 16:10:00,0.0975,0.0975,0.0975,0.0975,9534.97
2026-09-12 16:15:00,0.0975,0.0975,0.0973,0.0974,40491.58
2026-09-12 16:20:00,0.0974,0.0975,0.0973,0.0974,81471.62
2026-09-12 16:25:00,0.0974,0.0975,0.0974,0.0975,18652.94
2026-09-12 16:30:00,0.0976,0.0976,0.0975,0.0975,14399.4
2026-09-12 16:35:00,0.0975,0.0975,0.0972,0.0972,28587.92
2026-09-12 16:40:00,0.0973,0.0973,0.0971,0.0971,69622.13
2026-09-12 16:45:00,0.0972,0.0973,0.0971,0.0972,34139.47
2026-09-12 16:50:00,0.0971,0.0973,0.0971,0.0973,32658.57
2026-09-12 16:55:00,0.0973,0.0973,0.0973,0.0973,30592.81
2026-09-12 17:00:00,0.0973,0.0974,0.0972,0.0973,38229.48
2026-09-12 17:05:00,0.0973,0.0973,0.0972,0.0972,34814.14
2026-09-12 17:10:00,0.0971,0.0971,0.0971,0.0971,9830.77
2026-09-12 17:15:00,0.0972,0.0972,0.097,0.0971,255112.69
2026-09-12 17:20:00,0.0971,0.0971,0.0968,0.0968,95245.78
2026-09-12 17:25:00,0.0968,0.0968,0.0966,0.0966,31018.1
2026-09-12 17:30:00,0.0967,0.0968,0.0966,0.0968,89668.04
2026-09-12 17:35:00,0.0967,0.0968,0.0967,0.0967,55161.52
2026-09-12 17:40:00,0.0967,0.0968,0.0967,0.0968,16913.68
2026-09-12 17:45:00,0.0968,0.0968,0.0967,0.0967,7427.11
2026-09-12 17:50:00,0.0967,0.0967,0.0966,0.0967,135904.68
2026-09-12 17:55:00,0.0967,0.0967,0.0966,0.0966,22627.95
2026-09-12 18:00:00,0.0967,0.0967,0.0964,0.0965,39227.69
2026-09-12 18:05:00,0.0964,0.0966,0.0964,0.0964,50746.72
2026-09-12 18:10:00,0.0964,0.0966,0.0964,0.0966,263323.93
2026-09-12 18:15:00,0.0967,0.0967,0.0966,0.0967,30906.68
2026-09-12 18:20:00,0.0967,0.0967,0.0967,0.0967,34678.65
2026-09-12 18:25:00,0.0967,0.0967,0.0966,0.0966,7914.37
2026-09-12 18:30:00,0.0966,0.0967,0.0966,0.0966,231341.94
2026-09-12 18:35:00,0.0966,0.0966,0.0964,0.0966,194917.12
2026-09-12 18:40:00,0.0966,0.0966,0.0964,0.0964,11376.91
2026-09-12 18:45:00,0.0964,0.0964,0.0964,0.0964,20684.08
2026-09-12 18:50:00,0.0964,0.0964,0.0962,0.0962,43115.03
2026-09-12 18:55:00,0.0962,0.0962,0.0961,0.0962,36498.01
2026-09-12 19:00:00,0.0962,0.0963,0.0962,0.0962,13683.15
2026-09-12 19:05:00,0.0963,0.0964,0.0962,0.0962,14098.21
2026-09-12 19:10:00,0.0963,0.0964,0.0963,0.0964,23131.07
2026-09-12 19:15:00,0.0963,0.0963,0.0962,0.0962,13366.38
2026-09-12 19:20:00,0.0962,0.0963,0.0962,0.0962,49064.88
2026-09-12 19:25:00,0.0963,0.0963,0.0962,0.0962,16884.83
2026-09-12 19:30:00,0.0962,0.0962,0.096,0.0961,39000.34
2026-09-12 19:35:00,0.0961,0.0961,0.0959,0.096,8963.26
2026-09-12 19:40:00,0.0959,0.096,0.0959,0.096,26121.45
2026-09-12 19:45:00,0.096,0.096,0.0959,0.096,13793.74
2026-09-12 19:50:00,0.0961,0.0961,0.096,0.096,1879.67
2026-09-12 19:55:00,0.096,0.096,0.096,0.096,13692.87
2026-09-12 20:00:00,0.0961,0.0962,0.0961,0.0962,30010.66
2026-09-12 20:05:00,0.0962,0.0964,0.0962,0.0964,1974.85
2026-09-12 20:10:00,0.0964,0.0965,0.0964,0.0964,42060.05
2026-09-12 20:15:00,0.0964,0.0965,0.0964,0.0964,44894.21
2026-09-12 20:20:00,0.0964,0.0964,0.0964,0.0964,44628.56
2026-09-12 20:25:00,0.0964,0.0964,0.0964,0.0964,15200.12
2026-09-12 20:30:00,0.0964,0.0964,0.0963,0.0963,34190.7
2026-09-12 20:35:00,0.0962,0.0962,0.0962,0.0962,5527.91
2026-09-12 20:40:00,0.0962,0.0963,0.0962,0.0963,59593.12
2026-09-12 20:45:00,0.0962,0.0962,0.0962,0.0962,32064.59
2026-09-12 20:50:00,0.0962,0.0962,0.096,0.0961,27529.52
2026-09-12 20:55:00,0.096,0.0961,0.096,0.0961,95274.13
2026-09-12 21:00:00,0.0961,0.0962,0.096,0.096,72450.82
2026-09-12 21:05:00,0.0961,0.0962,0.096,0.0962,43917.52
2026-09-12 21:10:00,0.0962,0.0962,0.096,0.096,30840.49
2026-09-12 21:15:00,0.0959,0.0959,0.0957,0.0958,122496.99
2026-09-12 21:20:00,0.0958,0.0958,0.0958,0.0958,11316.2
2026-09-12 21:25:00,0.0958,0.0958,0.0958,0.0958,10072.87
2026-09-12 21:30:00,0.0958,0.0958,0.0958,0.0958,298.88
2026-09-12 21:35:00,0.0958,0.0958,0.0958,0.0958,8899.28
2026-09-12 21:40:00,0.0958,0.0959,0.0958,0.0959,135874.99
2026-09-12 21:45:00,0.0959,0.0959,0.0958,0.0958,20912.26
2026-09-12 21:50:00,0.0957,0.0958,0.0957,0.0958,11974.81
2026-09-12 21:55:00,0.0958,0.0958,0.0958,0.0958,5272.2
2026-09-12 22:00:00,0.0957,0.0958,0.0957,0.0957,22698.8
2026-09-12 22:05:00,0.0958,0.0958,0.0958,0.0958,57166.81
2026-09-12 22:10:00,0.0958,0.0958,0.0957,0.0958,20600.68
2026-09-12 22:15:00,0.0958,0.0958,0.0957,0.0957,25713.5
2026-09-12 22:20:00,0.0958,0.0961,0.0958,0.096,49368.96
2026-09-12 22:25:00,0.096,0.096,0.0955,0.0956,200983.53
2026-09-12 22:30:00,0.0955,0.0956,0.0953,0.0954,142096.72
2026-09-12 22:35:00,0.0954,0.0955,0.0954,0.0955,97560.0
2026-09-12 22:40:00,0.0955,0.0955,0.0955,0.0955,47143.96
2026-09-12 22:45:00,0.0955,0.0955,0.0955,0.0955,37780.3
2026-09-12 22:50:00,0.0955,0.0955,0.0954,0.0954,17810.12
2026-09-12 22:55:00,0.0955,0.0955,0.0955,0.0955,2428.39
2026-09-12 23:00:00,0.0955,0.0955,0.0954,0.0954,1685.68
2026-09-12 23:05:00,0.0955,0.0955,0.0953,0.0953,7352.4
2026-09-12 23:10:00,0.0954,0.0955,0.0954,0.0955,3824.34
2026-09-12 23:15:00,0.0955,0.0955,0.0955,0.0955,3039.98
2026-09-12 23:20:00,0.0954,0.0954,0.0954,0.0954,31538.38
2026-09-12 23:25:00,0.0955,0.0955,0.0954,0.0955,7260.09
2026-09-12 23:30:00,0.0955,0.0956,0.0954,0.0955,6667.53
2026-09-12 23:35:00,0.0955,0.0956,0.0954,0.0956,22065.82
2026-09-12 23:40:00,0.0956,0.0957,0.0956,0.0957,26121.58
2026-09-12 23:45:00,0.0957,0.0957,0.0957,0.0957,10199.45
2026-09-12 23:50:00,0.0958,0.0958,0.0957,0.0958,108036.71
2026-09-12 23:55:00,0.0958,0.0959,0.0958,0.0958,2249.43
2026-09-13 00:00:00,0.0957,0.0958,0.0956,0.0958,75818.61
2026-09-13 00:05:00,0.0957,0.096,0.0957,0.096,22860.51
2026-09-13 00:10:00,0.096,0.096,0.0958,0.0958,4950.85
2026-09-13 00:15:00,0.0958,0.0958,0.0958,0.0958,14352.6
2026-09-13 00:20:00,0.0959,0.096,0.0959,0.096,11070.5
2026-09-13 00:25:00,0.096,0.0961,0.096,0.0961,33055.3
2026-09-13 00:30:00,0.096,0.096,0.0959,0.096,42481.27
2026-09-13 00:35:00,0.096,0.0962,0.096,0.0961,36013.73
2026-09-13 00:40:00,0.0961,0.0961,0.0959,0.0959,32319.76
2026-09-13 00:45:00,0.0959,0.0959,0.0959,0.0959,27345.63
2026-09-13 00:50:00,0.0959,0.096,0.0959,0.096,20297.91
2026-09-13 00:55:00,0.096,0.0961,0.0959,0.0959,41224.95
2026-09-13 01:00:00,0.096,0.096,0.0957,0.0957,5992.23
2026-09-13 01:05:00,0.0957,0.0958,0.0957,0.0958,54877.22
2026-09-13 01:10:00,0.0959,0.0959,0.0957,0.0958,34611.3
2026-09-13 01:15:00,0.0958,0.0958,0.0956,0.0958,35455.36
2026-09-13 01:20:00,0.0958,0.0962,0.0958,0.0962,105892.98
2026-09-13 01:25:00,0.0961,0.0961,0.0959,0.0959,160549.02
2026-09-13 01:30:00,0.0959,0.0959,0.0957,0.0957,43381.05
2026-09-13 01:35:00,0.0957,0.096,0.0957,0.096,190838.78
2026-09-13 01:40:00,0.0959,0.0959,0.0958,0.0958,3712.4
2026-09-13 01:45:00,0.0959,0.0959,0.0957,0.0958,58983.35
2026-09-13 01:50:00,0.0958,0.096,0.0958,0.0958,86623.35
2026-09-13 01:55:00,0.0958,0.0959,0.0958,0.0959,20565.23
2026-09-13 02:00:00,0.0959,0.096,0.0958,0.0958,77327.2
2026-09-13 02:05:00,0.0958,0.0959,0.0957,0.0957,38199.68
2026-09-13 02:10:00,0.0958,0.0958,0.0956,0.0956,12961.59
2026-09-13 02:15:00,0.0957,0.0958,0.0956,0.0957,37929.44
2026-09-13 02:20:00,0.0957,0.0957,0.0955,0.0956,30648.24
2026-09-13 02:25:00,0.0955,0.0955,0.0955,0.0955,90921.19
2026-09-13 02:30:00,0.0955,0.0957,0.0955,0.0956,212252.43
2026-09-13 02:35:00,0.0956,0.0957,0.0955,0.0955,60453.21
2026-09-13 02:40:00,0.0954,0.0956,0.0953,0.0956,70302.92
2026-09-13 02:45:00,0.0957,0.0957,0.0956,0.0956,33183.32
2026-09-13 02:50:00,0.0957,0.0958,0.0956,0.0957,85082.43
2026-09-13 02:55:00,0.0956,0.0956,0.0954,0.0955,9862.54
2026-09-13 03:00:00,0.0955,0.0957,0.0955,0.0957,169133.02
2026-09-13 03:05:00,0.0956,0.0956,0.0954,0.0956,28750.11
2026-09-13 03:10:00,0.0956,0.0956,0.0954,0.0954,48343.02
2026-09-13 03:15:00,0.0954,0.0954,0.0951,0.0953,207083.33
2026-09-13 03:20:00,0.0953,0.0955,0.0953,0.0954,104678.51
2026-09-13 03:25:00,0.0954,0.0956,0.0951,0.0952,75791.65
2026-09-13 03:30:00,0.0952,0.0952,0.095,0.0952,26812.28
2026-09-13 03:35:00,0.0952,0.0952,0.095,0.0951,59910.03
2026-09-13 03:40:00,0.0951,0.0953,0.095,0.0953,67465.99
2026-09-13 03:45:00,0.0952,0.0952,0.0951,0.0951,55420.96
2026-09-13 03:50:00,0.0951,0.0952,0.095,0.0951,165712.39
2026-09-13 03:55:00,0.0952,0.0953,0.0951,0.0951,75328.66
2026-09-13 04:00:00,0.0952,0.0952,0.0949,0.0951,203006.65
2026-09-13 04:05:00,0.0951,0.0952,0.095,0.0952,207473.9
2026-09-13 04:10:00,0.0952,0.0956,0.0952,0.0953,214749.12
2026-09-13 04:15:00,0.0953,0.0953,0.0953,0.0953,16158.96
2026-09-13 04:20:00,0.0952,0.0953,0.0952,0.0953,76504.28
2026-09-13 04:25:00,0.0954,0.0954,0.0953,0.0953,80909.21
2026-09-13 04:30:00,0.0953,0.0955,0.0953,0.0955,110596.9
2026-09-13 04:35:00,0.0955,0.0955,0.0953,0.0953,16510.23
2026-09-13 04:40:00,0.0953,0.0954,0.0953,0.0954,21562.13
2026-09-13 04:45:00,0.0955,0.0955,0.0954,0.0954,47450.9
2026-09-13 04:50:00,0.0953,0.0954,0.0953,0.0954,26639.13
2026-09-13 04:55:00,0.0955,0.0955,0.0955,0.0955,6659.89
2026-09-13 05:00:00,0.0955,0.0955,0.0954,0.0955,29562.47
2026-09-13 05:05:00,0.0955,0.0956,0.0954,0.0955,72739.74
2026-09-13 05:10:00,0.0956,0.0961,0.0956,0.0959,301998.5
2026-09-13 05:15:00,0.0958,0.096,0.0957,0.0959,272802.72
2026-09-13 05:20:00,0.096,0.0961,0.0959,0.0959,21553.1
2026-09-13 05:25:00,0.0959,0.0959,0.0957,0.0957,32997.22
2026-09-13 05:30:00,0.0957,0.0959,0.0957,0.0958,38884.76
2026-09-13 05:35:00,0.0959,0.096,0.0959,0.096,71364.1
2026-09-13 05:40:00,0.0959,0.0961,0.0959,0.096,9732.76
2026-09-13 05:45:00,0.096,0.0962,0.096,0.0962,76788.32
2026-09-13 05:50:00,0.0962,0.0963,0.0962,0.0962,60928.94
2026-09-13 05:55:00,0.0962,0.0963,0.0962,0.0962,25814.93
2026-09-13 06:00:00,0.0963,0.0964,0.0963,0.0963,17457.43
2026-09-13 06:05:00,0.0963,0.0963,0.0961,0.0962,14047.2
2026-09-13 06:10:00,0.0962,0.0962,0.0961,0.0962,13159.81
2026-09-13 06:15:00,0.0962,0.0963,0.0961,0.0962,59172.1
2026-09-13 06:20:00,0.0962,0.0962,0.0959,0.0961,54831.03
2026-09-13 06:25:00,0.0961,0.0963,0.0961,0.0963,33281.54
2026-09-13 06:30:00,0.0963,0.0964,0.0962,0.0962,9153.33
2026-09-13 06:35:00,0.0961,0.0962,0.0961,0.0961,14380.31
2026-09-13 06:40:00,0.0961,0.0962,0.0961,0.0961,21758.99
2026-09-13 06:45:00,0.0961,0.0962,0.096,0.096,53340.04
2026-09-13 06:50:00,0.096,0.096,0.0956,0.0957,69772.09
2026-09-13 06:55:00,0.0958,0.0958,0.0956,0.0956,37644.1
2026-09-13 07:00:00,0.0957,0.096,0.0957,0.0959,56962.72
2026-09-13 07:05:00,0.0959,0.0959,0.0958,0.0959,86596.28
2026-09-13 07:10:00,0.096,0.096,0.0959,0.096,3355.19
2026-09-13 07:15:00,0.0959,0.0961,0.0959,0.0959,34931.87
2026-09-13 07:20:00,0.0959,0.0963,0.0959,0.0963,53175.21
2026-09-13 07:25:00,0.0963,0.0966,0.0963,0.0965,89826.96
2026-09-13 07:30:00,0.0966,0.0967,0.0964,0.0965,223906.82
2026-09-13 07:35:00,0.0964,0.0965,0.0964,0.0965,91748.65
2026-09-13 07:40:00,0.0965,0.0966,0.0965,0.0966,32690.3
2026-09-13 07:45:00,0.0965,0.0965,0.096,0.0962,87693.46
2026-09-13 07:50:00,0.0961,0.0961,0.0959,0.096,21051.48
2026-09-13 07:55:00,0.096,0.096,0.0959,0.0959,96472.76
2026-09-13 08:00:00,0.096,0.0962,0.0959,0.0961,102509.42
2026-09-13 08:05:00,0.0961,0.0963,0.096,0.0962,53899.02
2026-09-13 08:10:00,0.0961,0.0961,0.096,0.0961,51227.03
2026-09-13 08:15:00,0.0961,0.0961,0.0957,0.0957,112409.15
2026-09-13 08:20:00,0.0958,0.0958,0.0957,0.0957,49055.37
2026-09-13 08:25:00,0.0956,0.0956,0.0951,0.0951,195968.52
2026-09-13 08:30:00,0.0952,0.0952,0.0946,0.0948,277529.18
2026-09-13 08:35:00,0.0948,0.095,0.0947,0.0947,250274.0
2026-09-13 08:40:00,0.0947,0.0949,0.0945,0.0946,58777.99
2026-09-13 08:45:00,0.0946,0.0948,0.0946,0.0948,27179.53
2026-09-13 08:50:00,0.0948,0.095,0.0947,0.0947,119707.3
2026-09-13 08:55:00,0.0948,0.0948,0.0947,0.0948,20679.61
2026-09-13 09:00:00,0.0948,0.0949,0.0948,0.0949,67566.07
2026-09-13 09:05:00,0.095,0.0952,0.095,0.0952,123261.94
2026-09-13 09:10:00,0.0952,0.0952,0.095,0.0951,31535.24
2026-09-13 09:15:00,0.0951,0.0952,0.0951,0.0951,69342.58
2026-09-13 09:20:00,0.0951,0.0952,0.0947,0.0947,158582.21
2026-09-13 09:25:00,0.0947,0.0949,0.0945,0.0949,50372.1
2026-09-13 09:30:00,0.0949,0.0949,0.0945,0.0946,29867.36
2026-09-13 09:35:00,0.0946,0.0955,0.0946,0.0954,288189.45
2026-09-13 09:40:00,0.0954,0.0954,0.0951,0.0951,46794.65
2026-09-13 09:45:00,0.095,0.0953,0.095,0.0953,30311.01
2026-09-13 09:50:00,0.0953,0.0954,0.0953,0.0954,73115.6
2026-09-13 09:55:00,0.0954,0.0954,0.0953,0.0954,19904.56
2026-09-13 10:00:00,0.0954,0.0956,0.0954,0.0954,94026.85
2026-09-13 10:05:00,0.0954,0.0954,0.0952,0.0953,124501.75
2026-09-13 10:10:00,0.0954,0.0954,0.0952,0.0953,40242.32
2026-09-13 10:15:00,0.0953,0.0953,0.0952,0.0952,36269.04
2026-09-13 10:20:00,0.0953,0.0953,0.0952,0.0952,26078.0
2026-09-13 10:25:00,0.0951,0.0955,0.0951,0.0955,68677.0
2026-09-13 10:30:00,0.0955,0.0955,0.0953,0.0954,52999.05
2026-09-13 10:35:00,0.0954,0.0955,0.0954,0.0954,7792.67
2026-09-13 10:40:00,0.0953,0.0953,0.095,0.095,11624.9
2026-09-13 10:45:00,0.0949,0.095,0.0949,0.095,14418.89
2026-09-13 10:50:00,0.0949,0.0949,0.0946,0.0947,44199.82
2026-09-13 10:55:00,0.0947,0.0948,0.0946,0.0947,75281.43
2026-09-13 11:00:00,0.0948,0.095,0.0946,0.095,52533.84
2026-09-13 11:05:00,0.095,0.095,0.0948,0.0948,8798.86
2026-09-13 11:10:00,0.0948,0.0948,0.0944,0.0945,596318.39
2026-09-13 11:15:00,0.0945,0.0947,0.0945,0.0947,37964.27
2026-09-13 11:20:00,0.0947,0.0949,0.0947,0.0949,15228.75
2026-09-13 11:25:00,0.0949,0.0949,0.0949,0.0949,238406.97
2026-09-13 11:30:00,0.0948,0.0949,0.0947,0.0949,253286.34
2026-09-13 11:35:00,0.095,0.0951,0.0949,0.0951,9280.32
2026-09-13 11:40:00,0.0951,0.0951,0.095,0.095,11438.39
2026-09-13 11:45:00,0.0952,0.0952,0.095,0.095,31251.72
2026-09-13 11:50:00,0.0951,0.0952,0.0951,0.0952,154919.43
2026-09-13 11:55:00,0.0952,0.0952,0.0952,0.0952,1121.92
2026-09-13 12:00:00,0.0952,0.0952,0.095,0.095,14626.9
2026-09-13 12:05:00,0.0949,0.095,0.0949,0.0949,11074.04
2026-09-13 12:10:00,0.0949,0.095,0.0949,0.095,19165.18
2026-09-13 12:15:00,0.0951,0.0953,0.095,0.0953,37386.41
2026-09-13 12:20:00,0.0953,0.0956,0.0953,0.0956,57208.76
2026-09-13 12:25:00,0.0956,0.0958,0.0956,0.0957,80275.78
2026-09-13 12:30:00,0.0957,0.0958,0.0955,0.0955,109897.37
2026-09-13 12:35:00,0.0955,0.0955,0.0952,0.0954,21209.95
2026-09-13 12:40:00,0.0954,0.0955,0.0954,0.0954,29112.7
2026-09-13 12:45:00,0.0954,0.0955,0.0954,0.0954,13412.1
2026-09-13 12:50:00,0.0954,0.0955,0.0954,0.0955,26571.8
2026-09-13 12:55:00,0.0955,0.0957,0.0954,0.0957,28579.58
2026-09-13 13:00:00,0.0956,0.0957,0.0953,0.0954,97984.47
2026-09-13 13:05:00,0.0953,0.0956,0.0952,0.0955,120826.83
2026-09-13 13:10:00,0.0956,0.0956,0.0955,0.0956,3545.84
2026-09-13 13:15:00,0.0955,0.0955,0.0953,0.0953,11347.67
2026-09-13 13:20:00,0.0952,0.0952,0.0949,0.095,63194.35
2026-09-13 13:25:00,0.095,0.095,0.0947,0.0949,242861.52
2026-09-13 13:30:00,0.0949,0.0953,0.0948,0.0953,304640.09
2026-09-13 13:35:00,0.0952,0.0954,0.0952,0.0954,38991.44
2026-09-13 13:40:00,0.0953,0.0956,0.0952,0.0956,37631.09
2026-09-13 13:45:00,0.0956,0.0961,0.0956,0.096,88880.3
2026-09-13 13:50:00,0.0961,0.0963,0.096,0.0962,158512.22
2026-09-13 13:55:00,0.0963,0.0967,0.0963,0.0966,107358.3
2026-09-13 14:00:00,0.0967,0.0972,0.0966,0.0971,359463.9
2026-09-13 14:05:00,0.0971,0.0976,0.0971,0.0975,493375.44
2026-09-13 14:10:00,0.0974,0.0976,0.0974,0.0976,136768.15
2026-09-13 14:15:00,0.0976,0.0977,0.0973,0.0974,115618.06
2026-09-13 14:20:00,0.0975,0.0975,0.0972,0.0974,79135.94
2026-09-13 14:25:00,0.0974,0.0975,0.0973,0.0973,24945.21
2026-09-13 14:30:00,0.0972,0.0973,0.0972,0.0973,79843.1
2026-09-13 14:35:00,0.0973,0.0976,0.0971,0.0975,150128.13
2026-09-13 14:40:00,0.0975,0.0976,0.0973,0.0974,92496.98
2026-09-13 14:45:00,0.0975,0.0975,0.0971,0.0975,32541.17
2026-09-13 14:50:00,0.0974,0.0974,0.0972,0.0973,34052.89
2026-09-13 14:55:00,0.0973,0.0975,0.0973,0.0973,236669.88
2026-09-13 15:00:00,0.0974,0.0974,0.0967,0.0967,76419.06
2026-09-13 15:05:00,0.0967,0.0969,0.0966,0.0969,147391.94
2026-09-13 15:10:00,0.0969,0.0972,0.0968,0.0968,29968.32
2026-09-13 15:15:00,0.0969,0.0971,0.0969,0.097,21407.45
2026-09-13 15:20:00,0.097,0.0974,0.097,0.0974,142478.37
2026-09-13 15:25:00,0.0974,0.0974,0.0968,0.0968,89893.63
2026-09-13 15:30:00,0.0968,0.0968,0.0965,0.0967,35029.09
2026-09-13 15:35:00,0.0967,0.0967,0.0965,0.0967,20633.34
2026-09-13 15:40:00,0.0967,0.097,0.0966,0.0969,24815.75
2026-09-13 15:45:00,0.0968,0.097,0.0968,0.0969,39135.36
2026-09-13 15:50:00,0.0969,0.0969,0.0966,0.0967,140281.04
2026-09-13 15:55:00,0.0967,0.0967,0.0963,0.0965,110856.62
2026-09-13 16:00:00,0.0965,0.0968,0.0964,0.0967,65315.19
2026-09-13 16:05:00,0.0966,0.0969,0.0966,0.0969,69710.7
2026-09-13 16:10:00,0.0969,0.0971,0.0966,0.0966,568689.38
2026-09-13 16:15:00,0.0966,0.0967,0.0965,0.0967,233493.11
2026-09-13 16:20:00,0.0967,0.0968,0.0965,0.0966,35004.21
2026-09-13 16:25:00,0.0965,0.0968,0.0965,0.0968,44142.01
2026-09-13 16:30:00,0.0968,0.0969,0.0966,0.0968,31572.4
2026-09-13 16:35:00,0.0968,0.0969,0.0966,0.0969,70263.58
2026-09-13 16:40:00,0.0968,0.0969,0.0967,0.0968,33749.93
2026-09-13 16:45:00,0.0969,0.097,0.0967,0.097,80929.41
2026-09-13 16:50:00,0.0969,0.097,0.0969,0.0969,24111.27
2026-09-13 16:55:00,0.0969,0.0973,0.0969,0.0973,26226.23
2026-09-13 17:00:00,0.0972,0.0977,0.0972,0.0976,186017.01
2026-09-13 17:05:00,0.0977,0.0978,0.0977,0.0977,46515.76
